locus_tag	ftype	length_bp	gene	EC_number	COG	product
OGCOPLJJ_00001	CDS	879				hypothetical protein
OGCOPLJJ_00002	CDS	267				hypothetical protein
OGCOPLJJ_00003	CDS	300				hypothetical protein
OGCOPLJJ_00004	CDS	444				hypothetical protein
OGCOPLJJ_00005	CDS	225				hypothetical protein
OGCOPLJJ_00006	CDS	132				hypothetical protein
OGCOPLJJ_00007	CDS	258				hypothetical protein
OGCOPLJJ_00008	CDS	1041				hypothetical protein
OGCOPLJJ_00009	CDS	1092				hypothetical protein
OGCOPLJJ_00010	CDS	897				hypothetical protein
OGCOPLJJ_00011	CDS	408	merR1_1			Mercuric resistance operon regulatory protein
OGCOPLJJ_00012	CDS	897	zitB_1			Zinc transporter ZitB
OGCOPLJJ_00013	CDS	513	lspA_1	3.4.23.36	COG0597	Lipoprotein signal peptidase
OGCOPLJJ_00014	CDS	249				hypothetical protein
OGCOPLJJ_00015	CDS	363				hypothetical protein
OGCOPLJJ_00016	CDS	351	merT_1			Mercuric transport protein MerT
OGCOPLJJ_00017	CDS	336				hypothetical protein
OGCOPLJJ_00018	CDS	426	merC_1			Mercuric transport protein MerC
OGCOPLJJ_00019	CDS	1686	merA_1	1.16.1.1		Mercuric reductase
OGCOPLJJ_00020	CDS	264				hypothetical protein
OGCOPLJJ_00021	CDS	360				hypothetical protein
OGCOPLJJ_00022	CDS	597	fic_1	2.7.7.-	COG2184	putative protein adenylyltransferase Fic
OGCOPLJJ_00023	CDS	171				hypothetical protein
OGCOPLJJ_00024	CDS	2286				hypothetical protein
OGCOPLJJ_00025	CDS	1407				hypothetical protein
OGCOPLJJ_00026	CDS	3252				hypothetical protein
OGCOPLJJ_00027	CDS	1170				hypothetical protein
OGCOPLJJ_00028	CDS	897				hypothetical protein
OGCOPLJJ_00029	CDS	591				hypothetical protein
OGCOPLJJ_00030	CDS	2367				hypothetical protein
OGCOPLJJ_00031	CDS	2367				hypothetical protein
OGCOPLJJ_00032	CDS	591				hypothetical protein
OGCOPLJJ_00033	CDS	897				hypothetical protein
OGCOPLJJ_00034	CDS	1170				hypothetical protein
OGCOPLJJ_00035	CDS	3252				hypothetical protein
OGCOPLJJ_00036	CDS	1407				hypothetical protein
OGCOPLJJ_00037	CDS	2286				hypothetical protein
OGCOPLJJ_00038	CDS	171				hypothetical protein
OGCOPLJJ_00039	CDS	597	fic_2	2.7.7.-	COG2184	putative protein adenylyltransferase Fic
OGCOPLJJ_00040	CDS	360				hypothetical protein
OGCOPLJJ_00041	CDS	264				hypothetical protein
OGCOPLJJ_00042	CDS	1686	merA_2	1.16.1.1		Mercuric reductase
OGCOPLJJ_00043	CDS	426	merC_2			Mercuric transport protein MerC
OGCOPLJJ_00044	CDS	336				hypothetical protein
OGCOPLJJ_00045	CDS	351	merT_2			Mercuric transport protein MerT
OGCOPLJJ_00046	CDS	363				hypothetical protein
OGCOPLJJ_00047	CDS	249				hypothetical protein
OGCOPLJJ_00048	CDS	513	lspA_2	3.4.23.36	COG0597	Lipoprotein signal peptidase
OGCOPLJJ_00049	CDS	897	zitB_2			Zinc transporter ZitB
OGCOPLJJ_00050	CDS	408	merR1_2			Mercuric resistance operon regulatory protein
OGCOPLJJ_00051	CDS	897				hypothetical protein
OGCOPLJJ_00052	CDS	1092				hypothetical protein
OGCOPLJJ_00053	CDS	1041				hypothetical protein
OGCOPLJJ_00054	CDS	258				hypothetical protein
OGCOPLJJ_00055	CDS	132				hypothetical protein
OGCOPLJJ_00056	CDS	225				hypothetical protein
OGCOPLJJ_00057	CDS	444				hypothetical protein
OGCOPLJJ_00058	CDS	300				hypothetical protein
OGCOPLJJ_00059	CDS	267				hypothetical protein
OGCOPLJJ_00060	CDS	879				hypothetical protein
OGCOPLJJ_00061	CDS	966				hypothetical protein
OGCOPLJJ_00062	CDS	915				hypothetical protein
OGCOPLJJ_00063	CDS	531				hypothetical protein
OGCOPLJJ_00064	CDS	1809	uvrC_1		COG0322	UvrABC system protein C
OGCOPLJJ_00065	CDS	795				hypothetical protein
OGCOPLJJ_00066	CDS	588	pgsA_1	2.7.8.5	COG0558	CDP-diacylglycerol--glycerol-3-phosphate 3-phosphatidyltransferase
OGCOPLJJ_00067	CDS	855	ada_1		COG0350	Bifunctional transcriptional activator/DNA repair enzyme Ada
OGCOPLJJ_00068	CDS	612				hypothetical protein
OGCOPLJJ_00069	CDS	774				hypothetical protein
OGCOPLJJ_00070	CDS	2100	aaeB_1		COG1289	p-hydroxybenzoic acid efflux pump subunit AaeB
OGCOPLJJ_00071	CDS	207				hypothetical protein
OGCOPLJJ_00072	CDS	1002	aaeA_1		COG1566	p-hydroxybenzoic acid efflux pump subunit AaeA
OGCOPLJJ_00073	CDS	441	yqgF_1	3.1.-.-	COG0816	Putative pre-16S rRNA nuclease
OGCOPLJJ_00074	CDS	555				hypothetical protein
OGCOPLJJ_00075	CDS	1668	recN_1		COG0497	DNA repair protein RecN
OGCOPLJJ_00076	CDS	1311				hypothetical protein
OGCOPLJJ_00077	CDS	327	ppnP_1	2.4.2.2	COG3123	Pyrimidine/purine nucleoside phosphorylase
OGCOPLJJ_00078	CDS	750	rlmB_1	2.1.1.185	COG0566	23S rRNA (guanosine-2'-O-)-methyltransferase RlmB
OGCOPLJJ_00079	CDS	915				hypothetical protein
OGCOPLJJ_00080	CDS	597	coaE_1	2.7.1.24	COG0237	Dephospho-CoA kinase
OGCOPLJJ_00081	CDS	861	outO_1			Type 4 prepilin-like proteins leader peptide-processing enzyme
OGCOPLJJ_00082	CDS	1227	epsF_1		COG1459	Type II secretion system protein F
OGCOPLJJ_00083	CDS	1713				hypothetical protein
OGCOPLJJ_00084	CDS	795	tpiA_1	5.3.1.1		Triosephosphate isomerase
OGCOPLJJ_00085	CDS	330	secG_1		COG1314	Protein-export membrane protein SecG
OGCOPLJJ_00086	tRNA	85				tRNA-Leu(gag)
OGCOPLJJ_00087	tRNA	77				tRNA-Met(cat)
OGCOPLJJ_00088	tRNA	77				tRNA-Met(cat)
OGCOPLJJ_00089	CDS	525	rimP_1		COG0779	Ribosome maturation factor RimP
OGCOPLJJ_00090	CDS	525	rimP_2		COG0779	Ribosome maturation factor RimP
OGCOPLJJ_00091	tRNA	77				tRNA-Met(cat)
OGCOPLJJ_00092	tRNA	77				tRNA-Met(cat)
OGCOPLJJ_00093	tRNA	85				tRNA-Leu(gag)
OGCOPLJJ_00094	CDS	330	secG_2		COG1314	Protein-export membrane protein SecG
OGCOPLJJ_00095	CDS	795	tpiA_2	5.3.1.1		Triosephosphate isomerase
OGCOPLJJ_00096	CDS	1713				hypothetical protein
OGCOPLJJ_00097	CDS	1227	epsF_2		COG1459	Type II secretion system protein F
OGCOPLJJ_00098	CDS	861	outO_2			Type 4 prepilin-like proteins leader peptide-processing enzyme
OGCOPLJJ_00099	CDS	597	coaE_2	2.7.1.24	COG0237	Dephospho-CoA kinase
OGCOPLJJ_00100	CDS	915				hypothetical protein
OGCOPLJJ_00101	CDS	750	rlmB_2	2.1.1.185	COG0566	23S rRNA (guanosine-2'-O-)-methyltransferase RlmB
OGCOPLJJ_00102	CDS	327	ppnP_2	2.4.2.2	COG3123	Pyrimidine/purine nucleoside phosphorylase
OGCOPLJJ_00103	CDS	1311				hypothetical protein
OGCOPLJJ_00104	CDS	1668	recN_2		COG0497	DNA repair protein RecN
OGCOPLJJ_00105	CDS	555				hypothetical protein
OGCOPLJJ_00106	CDS	441	yqgF_2	3.1.-.-	COG0816	Putative pre-16S rRNA nuclease
OGCOPLJJ_00107	CDS	1002	aaeA_2		COG1566	p-hydroxybenzoic acid efflux pump subunit AaeA
OGCOPLJJ_00108	CDS	207				hypothetical protein
OGCOPLJJ_00109	CDS	2100	aaeB_2		COG1289	p-hydroxybenzoic acid efflux pump subunit AaeB
OGCOPLJJ_00110	CDS	774				hypothetical protein
OGCOPLJJ_00111	CDS	612				hypothetical protein
OGCOPLJJ_00112	CDS	855	ada_2		COG0350	Bifunctional transcriptional activator/DNA repair enzyme Ada
OGCOPLJJ_00113	CDS	588	pgsA_2	2.7.8.5	COG0558	CDP-diacylglycerol--glycerol-3-phosphate 3-phosphatidyltransferase
OGCOPLJJ_00114	CDS	795				hypothetical protein
OGCOPLJJ_00115	CDS	1809	uvrC_2		COG0322	UvrABC system protein C
OGCOPLJJ_00116	CDS	531				hypothetical protein
OGCOPLJJ_00117	CDS	915				hypothetical protein
OGCOPLJJ_00118	CDS	966				hypothetical protein
OGCOPLJJ_00119	CDS	213	cspG_1		COG1278	Cold shock-like protein CspG
OGCOPLJJ_00120	CDS	246	tusA_1			Sulfur carrier protein TusA
OGCOPLJJ_00121	CDS	867	rpoH_1		COG0568	RNA polymerase sigma factor RpoH
OGCOPLJJ_00122	CDS	366				hypothetical protein
OGCOPLJJ_00123	CDS	198				hypothetical protein
OGCOPLJJ_00124	CDS	786	thiG_1	2.8.1.10	COG2022	Thiazole synthase
OGCOPLJJ_00125	CDS	624				hypothetical protein
OGCOPLJJ_00126	CDS	774	yaaA_1		COG3022	Peroxide stress resistance protein YaaA
OGCOPLJJ_00127	CDS	633				hypothetical protein
OGCOPLJJ_00128	CDS	957	rbn_1	3.1.-.-	COG1234	Ribonuclease BN
OGCOPLJJ_00129	CDS	1461	pepD_1	3.4.13.18	COG2195	Cytosol non-specific dipeptidase
OGCOPLJJ_00130	CDS	384				hypothetical protein
OGCOPLJJ_00131	CDS	2247	aroA_1	2.5.1.19		3-phosphoshikimate 1-carboxyvinyltransferase
OGCOPLJJ_00132	CDS	1110	pheA_1			Bifunctional chorismate mutase/prephenate dehydratase
OGCOPLJJ_00133	CDS	945	besA_1	3.1.-.-	COG2819	Ferri-bacillibactin esterase BesA
OGCOPLJJ_00134	CDS	1146	mmgC_1	1.3.99.-	COG1960	Acyl-CoA dehydrogenase
OGCOPLJJ_00135	CDS	1359	dctA_1		COG1301	Aerobic C4-dicarboxylate transport protein
OGCOPLJJ_00136	CDS	1014	trpD_1	2.4.2.18		Anthranilate phosphoribosyltransferase
OGCOPLJJ_00137	CDS	273				hypothetical protein
OGCOPLJJ_00138	CDS	909	nadK_1	2.7.1.23	COG0061	NAD kinase
OGCOPLJJ_00139	CDS	2397	mrcB_1		COG0744	Penicillin-binding protein 1B
OGCOPLJJ_00140	CDS	552				hypothetical protein
OGCOPLJJ_00141	CDS	648	thiE_1	2.5.1.3		Thiamine-phosphate synthase
OGCOPLJJ_00142	CDS	648	thiE_2	2.5.1.3		Thiamine-phosphate synthase
OGCOPLJJ_00143	CDS	552				hypothetical protein
OGCOPLJJ_00144	CDS	2397	mrcB_2		COG0744	Penicillin-binding protein 1B
OGCOPLJJ_00145	CDS	909	nadK_2	2.7.1.23	COG0061	NAD kinase
OGCOPLJJ_00146	CDS	273				hypothetical protein
OGCOPLJJ_00147	CDS	1014	trpD_2	2.4.2.18		Anthranilate phosphoribosyltransferase
OGCOPLJJ_00148	CDS	1359	dctA_2		COG1301	Aerobic C4-dicarboxylate transport protein
OGCOPLJJ_00149	CDS	1146	mmgC_2	1.3.99.-	COG1960	Acyl-CoA dehydrogenase
OGCOPLJJ_00150	CDS	945	besA_2	3.1.-.-	COG2819	Ferri-bacillibactin esterase BesA
OGCOPLJJ_00151	CDS	1110	pheA_2			Bifunctional chorismate mutase/prephenate dehydratase
OGCOPLJJ_00152	CDS	2247	aroA_2	2.5.1.19		3-phosphoshikimate 1-carboxyvinyltransferase
OGCOPLJJ_00153	CDS	384				hypothetical protein
OGCOPLJJ_00154	CDS	1461	pepD_2	3.4.13.18	COG2195	Cytosol non-specific dipeptidase
OGCOPLJJ_00155	CDS	957	rbn_2	3.1.-.-	COG1234	Ribonuclease BN
OGCOPLJJ_00156	CDS	633				hypothetical protein
OGCOPLJJ_00157	CDS	774	yaaA_2		COG3022	Peroxide stress resistance protein YaaA
OGCOPLJJ_00158	CDS	624				hypothetical protein
OGCOPLJJ_00159	CDS	786	thiG_2	2.8.1.10	COG2022	Thiazole synthase
OGCOPLJJ_00160	CDS	198				hypothetical protein
OGCOPLJJ_00161	CDS	366				hypothetical protein
OGCOPLJJ_00162	CDS	867	rpoH_2		COG0568	RNA polymerase sigma factor RpoH
OGCOPLJJ_00163	CDS	246	tusA_2			Sulfur carrier protein TusA
OGCOPLJJ_00164	CDS	213	cspG_2		COG1278	Cold shock-like protein CspG
OGCOPLJJ_00165	CDS	1842	kefC_1		COG0475	Glutathione-regulated potassium-efflux system protein KefC
OGCOPLJJ_00166	CDS	2229	priA_1	3.6.4.-	COG1198	Primosomal protein N'
OGCOPLJJ_00167	CDS	1206	epsF_3		COG1459	Type II secretion system protein F
OGCOPLJJ_00168	CDS	582				hypothetical protein
OGCOPLJJ_00169	CDS	345				hypothetical protein
OGCOPLJJ_00170	CDS	339	csaA		COG0073	putative chaperone CsaA
OGCOPLJJ_00171	CDS	1560	lnt	2.3.1.269	COG0815	Apolipoprotein N-acyltransferase
OGCOPLJJ_00172	CDS	840	corC		COG4535	Magnesium and cobalt efflux protein CorC
OGCOPLJJ_00173	CDS	258	tusA_3		COG0425	Sulfur carrier protein TusA
OGCOPLJJ_00174	CDS	381				hypothetical protein
OGCOPLJJ_00175	CDS	1713		1.5.5.1	COG0644	Electron transfer flavoprotein-ubiquinone oxidoreductase
OGCOPLJJ_00176	CDS	612				hypothetical protein
OGCOPLJJ_00177	CDS	867	murI	5.1.1.3		Glutamate racemase
OGCOPLJJ_00178	CDS	1005				hypothetical protein
OGCOPLJJ_00179	CDS	1017	hemH	4.99.1.1	COG0276	Ferrochelatase
OGCOPLJJ_00180	CDS	645	gloC	3.1.2.6	COG0491	Hydroxyacylglutathione hydrolase GloC
OGCOPLJJ_00181	CDS	195	yacG			DNA gyrase inhibitor YacG
OGCOPLJJ_00182	CDS	633	trmB_1	2.1.1.33		tRNA (guanine-N(7)-)-methyltransferase
OGCOPLJJ_00183	CDS	1206	baiN	1.3.1.114	COG2081	3-dehydro-bile acid delta(4,6)-reductase
OGCOPLJJ_00184	CDS	411				hypothetical protein
OGCOPLJJ_00185	CDS	381	crcB		COG0239	Putative fluoride ion transporter CrcB
OGCOPLJJ_00186	CDS	333				hypothetical protein
OGCOPLJJ_00187	CDS	255	rpmE2		COG0254	50S ribosomal protein L31 type B
OGCOPLJJ_00188	CDS	1299	ubiB_1	2.7.-.-		protein kinase UbiB
OGCOPLJJ_00189	CDS	1248	sfnC_1	1.14.14.-		putative FMNH2-dependent monooxygenase SfnC
OGCOPLJJ_00190	CDS	1251	sfnC_2	1.14.14.-		putative FMNH2-dependent monooxygenase SfnC
OGCOPLJJ_00191	CDS	1347	norM_1		COG0534	Multidrug resistance protein NorM
OGCOPLJJ_00192	CDS	459				hypothetical protein
OGCOPLJJ_00193	CDS	1155	hemW		COG0635	Heme chaperone HemW
OGCOPLJJ_00194	CDS	756	fabG_1	1.1.1.100		3-oxoacyl-[acyl-carrier-protein] reductase FabG
OGCOPLJJ_00195	CDS	897	pgrR_1			HTH-type transcriptional regulator PgrR
OGCOPLJJ_00196	tRNA	76				tRNA-Lys(ttt)
OGCOPLJJ_00197	tRNA	76				tRNA-Lys(ttt)
OGCOPLJJ_00198	CDS	1842		6.2.1.3	COG0318	Long-chain-fatty-acid--CoA ligase FadD17
OGCOPLJJ_00199	CDS	3333	rne	3.1.26.12		Ribonuclease E
OGCOPLJJ_00200	CDS	933	rluC	5.4.99.24	COG0564	Ribosomal large subunit pseudouridine synthase C
OGCOPLJJ_00201	CDS	675		3.1.3.5	COG0546	5'-nucleotidase
OGCOPLJJ_00202	CDS	696				hypothetical protein
OGCOPLJJ_00203	CDS	606				hypothetical protein
OGCOPLJJ_00204	CDS	678				hypothetical protein
OGCOPLJJ_00205	CDS	144				hypothetical protein
OGCOPLJJ_00206	CDS	837				hypothetical protein
OGCOPLJJ_00207	CDS	519				hypothetical protein
OGCOPLJJ_00208	CDS	1431				hypothetical protein
OGCOPLJJ_00209	CDS	1116				hypothetical protein
OGCOPLJJ_00210	CDS	222				hypothetical protein
OGCOPLJJ_00211	CDS	381				hypothetical protein
OGCOPLJJ_00212	CDS	462				hypothetical protein
OGCOPLJJ_00213	CDS	360				hypothetical protein
OGCOPLJJ_00214	CDS	2202	recA_1			Protein RecA
OGCOPLJJ_00215	CDS	1038	xni	3.1.-.-		Flap endonuclease Xni
OGCOPLJJ_00216	CDS	861				hypothetical protein
OGCOPLJJ_00217	CDS	1089				hypothetical protein
OGCOPLJJ_00218	CDS	3456	dnaE_1	2.7.7.7	COG0587	DNA polymerase III subunit alpha
OGCOPLJJ_00219	CDS	681				hypothetical protein
OGCOPLJJ_00220	CDS	666				hypothetical protein
OGCOPLJJ_00221	CDS	1245				hypothetical protein
OGCOPLJJ_00222	CDS	1923				hypothetical protein
OGCOPLJJ_00223	CDS	195				hypothetical protein
OGCOPLJJ_00224	CDS	420				hypothetical protein
OGCOPLJJ_00225	CDS	585	xerD_1		COG4974	Tyrosine recombinase XerD
OGCOPLJJ_00226	CDS	417				hypothetical protein
OGCOPLJJ_00227	CDS	678				hypothetical protein
OGCOPLJJ_00228	CDS	429				hypothetical protein
OGCOPLJJ_00229	CDS	621				hypothetical protein
OGCOPLJJ_00230	CDS	573	gmk_1	2.7.4.8	COG0194	Guanylate kinase
OGCOPLJJ_00231	CDS	462				hypothetical protein
OGCOPLJJ_00232	CDS	1416				hypothetical protein
OGCOPLJJ_00233	CDS	510				hypothetical protein
OGCOPLJJ_00234	CDS	609				hypothetical protein
OGCOPLJJ_00235	CDS	492				hypothetical protein
OGCOPLJJ_00236	CDS	555				hypothetical protein
OGCOPLJJ_00237	CDS	1095	dnaG_1	2.7.7.-		DNA primase
OGCOPLJJ_00238	CDS	1404				hypothetical protein
OGCOPLJJ_00239	CDS	432				hypothetical protein
OGCOPLJJ_00240	CDS	732				hypothetical protein
OGCOPLJJ_00241	CDS	1122				hypothetical protein
OGCOPLJJ_00242	CDS	114				hypothetical protein
OGCOPLJJ_00243	CDS	639				hypothetical protein
OGCOPLJJ_00244	CDS	393				hypothetical protein
OGCOPLJJ_00245	CDS	204				hypothetical protein
OGCOPLJJ_00246	CDS	732				hypothetical protein
OGCOPLJJ_00247	CDS	372				hypothetical protein
OGCOPLJJ_00248	CDS	4014	slyX_1			Protein SlyX
OGCOPLJJ_00249	CDS	132				hypothetical protein
OGCOPLJJ_00250	CDS	609				hypothetical protein
OGCOPLJJ_00251	CDS	309				hypothetical protein
OGCOPLJJ_00252	CDS	1005	RBKS_1	2.7.1.15		Ribokinase
OGCOPLJJ_00253	CDS	2097	cntO_1		COG1629	Metal-pseudopaline receptor CntO
OGCOPLJJ_00254	CDS	90				hypothetical protein
OGCOPLJJ_00255	CDS	2940				hypothetical protein
OGCOPLJJ_00256	CDS	1152		3.1.1.32	COG2829	Putative phospholipase A1
OGCOPLJJ_00257	CDS	1338	ktrB_1		COG0168	Ktr system potassium uptake protein B
OGCOPLJJ_00258	CDS	651	ktrA_1		COG0569	Ktr system potassium uptake protein A
OGCOPLJJ_00259	CDS	1542	ilvA_1	4.3.1.19	COG1171	L-threonine dehydratase biosynthetic IlvA
OGCOPLJJ_00260	CDS	672	rpiA_1	5.3.1.6	COG0120	Ribose-5-phosphate isomerase A
OGCOPLJJ_00261	CDS	681				hypothetical protein
OGCOPLJJ_00262	CDS	1521				hypothetical protein
OGCOPLJJ_00263	CDS	1050	argC_1	1.2.1.38	COG0002	N-acetyl-gamma-glutamyl-phosphate reductase
OGCOPLJJ_00264	CDS	753				hypothetical protein
OGCOPLJJ_00265	CDS	414	clpS_1			ATP-dependent Clp protease adapter protein ClpS
OGCOPLJJ_00266	CDS	2277	clpA_1		COG0542	ATP-dependent Clp protease ATP-binding subunit ClpA
OGCOPLJJ_00267	CDS	363				hypothetical protein
OGCOPLJJ_00268	CDS	363				hypothetical protein
OGCOPLJJ_00269	CDS	2277	clpA_2		COG0542	ATP-dependent Clp protease ATP-binding subunit ClpA
OGCOPLJJ_00270	CDS	414	clpS_2			ATP-dependent Clp protease adapter protein ClpS
OGCOPLJJ_00271	CDS	753				hypothetical protein
OGCOPLJJ_00272	CDS	1050	argC_2	1.2.1.38	COG0002	N-acetyl-gamma-glutamyl-phosphate reductase
OGCOPLJJ_00273	CDS	1521				hypothetical protein
OGCOPLJJ_00274	CDS	681				hypothetical protein
OGCOPLJJ_00275	CDS	672	rpiA_2	5.3.1.6	COG0120	Ribose-5-phosphate isomerase A
OGCOPLJJ_00276	CDS	1542	ilvA_2	4.3.1.19	COG1171	L-threonine dehydratase biosynthetic IlvA
OGCOPLJJ_00277	CDS	651	ktrA_2		COG0569	Ktr system potassium uptake protein A
OGCOPLJJ_00278	CDS	1338	ktrB_2		COG0168	Ktr system potassium uptake protein B
OGCOPLJJ_00279	CDS	1152		3.1.1.32	COG2829	Putative phospholipase A1
OGCOPLJJ_00280	CDS	2940				hypothetical protein
OGCOPLJJ_00281	CDS	90				hypothetical protein
OGCOPLJJ_00282	CDS	2097	cntO_2		COG1629	Metal-pseudopaline receptor CntO
OGCOPLJJ_00283	CDS	1005	RBKS_2	2.7.1.15		Ribokinase
OGCOPLJJ_00284	CDS	309				hypothetical protein
OGCOPLJJ_00285	CDS	609				hypothetical protein
OGCOPLJJ_00286	CDS	144				hypothetical protein
OGCOPLJJ_00287	CDS	1485	nusA_1		COG0195	Transcription termination/antitermination protein NusA
OGCOPLJJ_00288	CDS	2700	infB_1		COG0532	Translation initiation factor IF-2
OGCOPLJJ_00289	CDS	402	rbfA		COG0858	30S ribosome-binding factor
OGCOPLJJ_00290	CDS	405				hypothetical protein
OGCOPLJJ_00291	CDS	276	mrpF		COG2212	Na(+)/H(+) antiporter subunit F
OGCOPLJJ_00292	CDS	528	mnhE1		COG1863	Na(+)/H(+) antiporter subunit E1
OGCOPLJJ_00293	CDS	1812	mrpD		COG0651	Na(+)/H(+) antiporter subunit D
OGCOPLJJ_00294	CDS	369	mnhC1		COG1006	Na(+)/H(+) antiporter subunit C1
OGCOPLJJ_00295	CDS	2838	ndhB	7.1.1.-		NAD(P)H-quinone oxidoreductase subunit 2, chloroplastic
OGCOPLJJ_00296	CDS	1383				hypothetical protein
OGCOPLJJ_00297	CDS	1503	rep_1	3.6.4.12		ATP-dependent DNA helicase Rep
OGCOPLJJ_00298	CDS	774	hisI	3.5.4.19		Histidine biosynthesis bifunctional protein HisIE
OGCOPLJJ_00299	CDS	1314			COG0654	putative protein
OGCOPLJJ_00300	CDS	1620	ubiB_2	2.7.-.-	COG0661	putative protein kinase UbiB
OGCOPLJJ_00301	CDS	669	ubiJ			Ubiquinone biosynthesis accessory factor UbiJ
OGCOPLJJ_00302	CDS	948	COQ5_1	2.1.1.163		2-methoxy-6-polyprenyl-1,4-benzoquinol methylase, mitochondrial
OGCOPLJJ_00303	CDS	708				hypothetical protein
OGCOPLJJ_00304	CDS	1419	pap	2.7.4.-	COG2326	Polyphosphate:AMP phosphotransferase
OGCOPLJJ_00305	CDS	507				hypothetical protein
OGCOPLJJ_00306	CDS	3636	recC	3.1.11.5	COG1330	RecBCD enzyme subunit RecC
OGCOPLJJ_00307	CDS	3699	recB_1	3.1.11.5	COG1074	RecBCD enzyme subunit RecB
OGCOPLJJ_00308	CDS	1764	recD	3.1.11.5		RecBCD enzyme subunit RecD
OGCOPLJJ_00309	CDS	1299	amiE	3.5.1.28		N-acetylmuramyl-L-alanine amidase
OGCOPLJJ_00310	CDS	270	rpsO		COG0184	30S ribosomal protein S15
OGCOPLJJ_00311	CDS	2094	pnp_1	2.7.7.8		Polyribonucleotide nucleotidyltransferase
OGCOPLJJ_00312	CDS	1212				hypothetical protein
OGCOPLJJ_00313	CDS	330	cbpM			Chaperone modulatory protein CbpM
OGCOPLJJ_00314	CDS	957	cbpA		COG2214	Curved DNA-binding protein
OGCOPLJJ_00315	CDS	357				hypothetical protein
OGCOPLJJ_00316	CDS	1854	edd_1	4.2.1.12	COG0129	Phosphogluconate dehydratase
OGCOPLJJ_00317	CDS	621	eda			KHG/KDPG aldolase
OGCOPLJJ_00318	CDS	1359	gntT		COG2610	High-affinity gluconate transporter
OGCOPLJJ_00319	CDS	513	gntK	2.7.1.12	COG3265	Thermoresistant gluconokinase
OGCOPLJJ_00320	CDS	1629	gapN	1.2.1.9	COG1012	NADP-dependent glyceraldehyde-3-phosphate dehydrogenase
OGCOPLJJ_00321	CDS	1266	proA	1.2.1.41		Gamma-glutamyl phosphate reductase
OGCOPLJJ_00322	CDS	1314	menH_1	4.2.99.20		2-succinyl-6-hydroxy-2,4-cyclohexadiene-1-carboxylate synthase
OGCOPLJJ_00323	CDS	843				hypothetical protein
OGCOPLJJ_00324	CDS	1020	nagZ	3.2.1.52	COG1472	Beta-hexosaminidase
OGCOPLJJ_00325	CDS	2184	prc	3.4.21.102	COG0793	Tail-specific protease
OGCOPLJJ_00326	CDS	1287	mshA_1	2.4.1.250		D-inositol-3-phosphate glycosyltransferase
OGCOPLJJ_00327	CDS	552				hypothetical protein
OGCOPLJJ_00328	CDS	201	iscX		COG2975	Protein IscX
OGCOPLJJ_00329	CDS	432	ndk_1	2.7.4.6		Nucleoside diphosphate kinase
OGCOPLJJ_00330	CDS	1233	rlmN	2.1.1.192	COG0820	Dual-specificity RNA methyltransferase RlmN
OGCOPLJJ_00331	CDS	777	lapB			Lipopolysaccharide assembly protein B
OGCOPLJJ_00332	CDS	792	rodZ			Cytoskeleton protein RodZ
OGCOPLJJ_00333	CDS	1116	ispG_1	1.17.7.3	COG0821	4-hydroxy-3-methylbut-2-en-1-yl diphosphate synthase (flavodoxin)
OGCOPLJJ_00334	CDS	1293	hisS	6.1.1.21		Histidine--tRNA ligase
OGCOPLJJ_00335	CDS	699				hypothetical protein
OGCOPLJJ_00336	CDS	1146	bamB		COG1520	Outer membrane protein assembly factor BamB
OGCOPLJJ_00337	CDS	1410	der		COG1160	GTPase Der
OGCOPLJJ_00338	CDS	657				hypothetical protein
OGCOPLJJ_00339	CDS	459	secB		COG1952	Protein-export protein SecB
OGCOPLJJ_00340	CDS	258	grxC		COG0695	Glutaredoxin 3
OGCOPLJJ_00341	CDS	417	yibN		COG0607	putative protein YibN
OGCOPLJJ_00342	CDS	1059	rsgA	3.6.1.-	COG1162	Small ribosomal subunit biogenesis GTPase RsgA
OGCOPLJJ_00343	CDS	567	orn_1	3.1.-.-	COG1949	Oligoribonuclease
OGCOPLJJ_00344	CDS	732				hypothetical protein
OGCOPLJJ_00345	CDS	867	fabI	1.3.1.9	COG0623	Enoyl-[acyl-carrier-protein] reductase [NADH] FabI
OGCOPLJJ_00346	CDS	1407	tdeA		COG1538	Toxin and drug export protein A
OGCOPLJJ_00347	CDS	1995	macB_1	3.6.3.-	COG0577	Macrolide export ATP-binding/permease protein MacB
OGCOPLJJ_00348	CDS	1107	macA		COG0845	Macrolide export protein MacA
OGCOPLJJ_00349	CDS	990	holA	2.7.7.7	COG1466	DNA polymerase III subunit delta
OGCOPLJJ_00350	CDS	510	lptE			LPS-assembly lipoprotein LptE
OGCOPLJJ_00351	CDS	2625	leuS_1	6.1.1.4		Leucine--tRNA ligase
OGCOPLJJ_00352	CDS	135				hypothetical protein
OGCOPLJJ_00353	CDS	2835				hypothetical protein
OGCOPLJJ_00354	CDS	717	rstA		COG0745	Transcriptional regulatory protein RstA
OGCOPLJJ_00355	CDS	1650	sasA	2.7.-.-		Adaptive-response sensory-kinase SasA
OGCOPLJJ_00356	CDS	354				hypothetical protein
OGCOPLJJ_00357	CDS	1422				hypothetical protein
OGCOPLJJ_00358	CDS	552	ndhC	7.1.1.-		NAD(P)H-quinone oxidoreductase subunit 3, chloroplastic
OGCOPLJJ_00359	CDS	678	nuoB	7.1.1.-	COG0377	NADH-quinone oxidoreductase subunit B
OGCOPLJJ_00360	CDS	1788	nuoC	7.1.1.-	COG0649	NADH-quinone oxidoreductase subunit C/D
OGCOPLJJ_00361	CDS	510	nuoE	7.1.1.-	COG1905	NADH-quinone oxidoreductase subunit E
OGCOPLJJ_00362	CDS	1332	nuoF_1	7.1.1.-	COG1894	NADH-quinone oxidoreductase subunit F
OGCOPLJJ_00363	CDS	2685	nuoG	7.1.1.-	COG1034	NADH-quinone oxidoreductase subunit G
OGCOPLJJ_00364	CDS	1017	nuoH	7.1.1.-	COG1005	NADH-quinone oxidoreductase subunit H
OGCOPLJJ_00365	CDS	543	nuoI	7.1.1.-	COG1143	NADH-quinone oxidoreductase subunit I
OGCOPLJJ_00366	CDS	522	nuoJ	7.1.1.-	COG0839	NADH-quinone oxidoreductase subunit J
OGCOPLJJ_00367	CDS	309	nuoK	7.1.1.-	COG0713	NADH-quinone oxidoreductase subunit K
OGCOPLJJ_00368	CDS	1890	nuoL	7.1.1.-	COG1009	NADH-quinone oxidoreductase subunit L
OGCOPLJJ_00369	CDS	1599	nuoM	7.1.1.-	COG1008	NADH-quinone oxidoreductase subunit M
OGCOPLJJ_00370	CDS	1497	nuoN	7.1.1.-	COG1007	NADH-quinone oxidoreductase subunit N
OGCOPLJJ_00371	CDS	636	upp	2.4.2.9	COG0035	Uracil phosphoribosyltransferase
OGCOPLJJ_00372	CDS	294				hypothetical protein
OGCOPLJJ_00373	CDS	888	cmpR_1			HTH-type transcriptional activator CmpR
OGCOPLJJ_00374	CDS	762	fpr_1	1.18.1.2	COG1018	Flavodoxin/ferredoxin--NADP reductase
OGCOPLJJ_00375	CDS	423				hypothetical protein
OGCOPLJJ_00376	CDS	228				hypothetical protein
OGCOPLJJ_00377	CDS	1677				hypothetical protein
OGCOPLJJ_00378	CDS	171				hypothetical protein
OGCOPLJJ_00379	CDS	1200			COG2081	putative protein
OGCOPLJJ_00380	CDS	912	dcyD	4.4.1.15	COG2515	D-cysteine desulfhydrase
OGCOPLJJ_00381	CDS	1146	emrA_1			Colistin resistance protein EmrA
OGCOPLJJ_00382	CDS	1644				hypothetical protein
OGCOPLJJ_00383	CDS	570				hypothetical protein
OGCOPLJJ_00384	CDS	624	rhtC_1		COG1280	Threonine efflux protein
OGCOPLJJ_00385	CDS	189				hypothetical protein
OGCOPLJJ_00386	CDS	1674	metG_1	6.1.1.10	COG0073	Methionine--tRNA ligase
OGCOPLJJ_00387	CDS	453				hypothetical protein
OGCOPLJJ_00388	CDS	618	rlpA	4.2.2.-		Endolytic peptidoglycan transglycosylase RlpA
OGCOPLJJ_00389	CDS	1002	mltB	4.2.2.-	COG2951	Membrane-bound lytic murein transglycosylase B
OGCOPLJJ_00390	CDS	1143	mrdB	2.4.1.129	COG0772	Peptidoglycan glycosyltransferase MrdB
OGCOPLJJ_00391	CDS	651				hypothetical protein
OGCOPLJJ_00392	CDS	813	queF	1.7.1.13	COG0780	NADPH-dependent 7-cyano-7-deazaguanine reductase
OGCOPLJJ_00393	CDS	774	yadH		COG0842	Inner membrane transport permease YadH
OGCOPLJJ_00394	CDS	936	yadG		COG1131	putative ABC transporter ATP-binding protein YadG
OGCOPLJJ_00395	CDS	987	xerC_1			Tyrosine recombinase XerC
OGCOPLJJ_00396	CDS	270				hypothetical protein
OGCOPLJJ_00397	CDS	216				hypothetical protein
OGCOPLJJ_00398	CDS	210				hypothetical protein
OGCOPLJJ_00399	CDS	537				hypothetical protein
OGCOPLJJ_00400	CDS	264				hypothetical protein
OGCOPLJJ_00401	CDS	660				hypothetical protein
OGCOPLJJ_00402	CDS	939				hypothetical protein
OGCOPLJJ_00403	CDS	207				hypothetical protein
OGCOPLJJ_00404	CDS	387				hypothetical protein
OGCOPLJJ_00405	CDS	402				hypothetical protein
OGCOPLJJ_00406	CDS	597				hypothetical protein
OGCOPLJJ_00407	CDS	252				hypothetical protein
OGCOPLJJ_00408	CDS	192				hypothetical protein
OGCOPLJJ_00409	CDS	192				hypothetical protein
OGCOPLJJ_00410	CDS	270				hypothetical protein
OGCOPLJJ_00411	CDS	348				hypothetical protein
OGCOPLJJ_00412	CDS	210				hypothetical protein
OGCOPLJJ_00413	CDS	747	lexA_1	3.4.21.88		LexA repressor
OGCOPLJJ_00414	CDS	231				hypothetical protein
OGCOPLJJ_00415	CDS	267				hypothetical protein
OGCOPLJJ_00416	CDS	159				hypothetical protein
OGCOPLJJ_00417	CDS	837				hypothetical protein
OGCOPLJJ_00418	CDS	1317	dnaB_1	3.6.4.12	COG0305	Replicative DNA helicase
OGCOPLJJ_00419	CDS	258				hypothetical protein
OGCOPLJJ_00420	CDS	168				hypothetical protein
OGCOPLJJ_00421	CDS	603				hypothetical protein
OGCOPLJJ_00422	CDS	309				hypothetical protein
OGCOPLJJ_00423	CDS	351				hypothetical protein
OGCOPLJJ_00424	CDS	522				hypothetical protein
OGCOPLJJ_00425	CDS	453				hypothetical protein
OGCOPLJJ_00426	CDS	270				hypothetical protein
OGCOPLJJ_00427	CDS	480				hypothetical protein
OGCOPLJJ_00428	CDS	297				hypothetical protein
OGCOPLJJ_00429	CDS	153				hypothetical protein
OGCOPLJJ_00430	CDS	216				hypothetical protein
OGCOPLJJ_00431	CDS	279				hypothetical protein
OGCOPLJJ_00432	CDS	282				hypothetical protein
OGCOPLJJ_00433	CDS	465				hypothetical protein
OGCOPLJJ_00434	CDS	483				hypothetical protein
OGCOPLJJ_00435	CDS	204				hypothetical protein
OGCOPLJJ_00436	CDS	510				hypothetical protein
OGCOPLJJ_00437	CDS	1284				hypothetical protein
OGCOPLJJ_00438	CDS	1407				hypothetical protein
OGCOPLJJ_00439	CDS	1086				hypothetical protein
OGCOPLJJ_00440	CDS	213				hypothetical protein
OGCOPLJJ_00441	CDS	195				hypothetical protein
OGCOPLJJ_00442	CDS	726				hypothetical protein
OGCOPLJJ_00443	CDS	1017				hypothetical protein
OGCOPLJJ_00444	CDS	186				hypothetical protein
OGCOPLJJ_00445	CDS	387				hypothetical protein
OGCOPLJJ_00446	CDS	393				hypothetical protein
OGCOPLJJ_00447	CDS	291				hypothetical protein
OGCOPLJJ_00448	CDS	456				hypothetical protein
OGCOPLJJ_00449	CDS	396				hypothetical protein
OGCOPLJJ_00450	CDS	543				hypothetical protein
OGCOPLJJ_00451	CDS	264				hypothetical protein
OGCOPLJJ_00452	CDS	354				hypothetical protein
OGCOPLJJ_00453	CDS	1149				hypothetical protein
OGCOPLJJ_00454	CDS	918				hypothetical protein
OGCOPLJJ_00455	CDS	516				hypothetical protein
OGCOPLJJ_00456	CDS	735	benM_1			HTH-type transcriptional regulator BenM
OGCOPLJJ_00457	CDS	510				hypothetical protein
OGCOPLJJ_00458	CDS	1005	dusA_1	1.3.1.-	COG0042	tRNA-dihydrouridine(20/20a) synthase
OGCOPLJJ_00459	CDS	1185				hypothetical protein
OGCOPLJJ_00460	CDS	408				hypothetical protein
OGCOPLJJ_00461	CDS	927				hypothetical protein
OGCOPLJJ_00462	CDS	1128	pntAA	7.1.1.1	COG3288	NAD(P) transhydrogenase subunit alpha part 1
OGCOPLJJ_00463	CDS	315	pntA	7.1.1.1	COG3288	NAD(P) transhydrogenase subunit alpha
OGCOPLJJ_00464	CDS	1455	pntB	7.1.1.1	COG1282	NAD(P) transhydrogenase subunit beta
OGCOPLJJ_00465	CDS	822	hcaB_1	1.3.1.87		3-phenylpropionate-dihydrodiol/cinnamic acid-dihydrodiol dehydrogenase
OGCOPLJJ_00466	CDS	402	rsfS			Ribosomal silencing factor RsfS
OGCOPLJJ_00467	CDS	795	hyi	5.3.1.22	COG3622	Hydroxypyruvate isomerase
OGCOPLJJ_00468	CDS	867	glxR_1	1.1.1.60	COG2084	2-hydroxy-3-oxopropionate reductase
OGCOPLJJ_00469	CDS	789	crt	4.2.1.150	COG1024	Short-chain-enoyl-CoA hydratase
OGCOPLJJ_00470	CDS	2808	rcsC_1	2.7.13.3		Sensor histidine kinase RcsC
OGCOPLJJ_00471	CDS	915	cysM	2.5.1.47	COG0031	Cysteine synthase B
OGCOPLJJ_00472	CDS	819				hypothetical protein
OGCOPLJJ_00473	CDS	1392	rlmD	2.1.1.190	COG2265	23S rRNA (uracil(1939)-C(5))-methyltransferase RlmD
OGCOPLJJ_00474	CDS	2307	relA_1	2.7.6.5	COG0317	GTP pyrophosphokinase
OGCOPLJJ_00475	CDS	774	linX	1.1.1.-		2,5-dichloro-2,5-cyclohexadiene-1,4-diol dehydrogenase LinX
OGCOPLJJ_00476	CDS	807	mazG	3.6.1.8	COG1694	Nucleoside triphosphate pyrophosphohydrolase
OGCOPLJJ_00477	CDS	411				hypothetical protein
OGCOPLJJ_00478	CDS	1464	pcnB	2.7.7.19	COG0617	Poly(A) polymerase I
OGCOPLJJ_00479	CDS	483	folK	2.7.6.3	COG0801	2-amino-4-hydroxy-6-hydroxymethyldihydropteridine pyrophosphokinase
OGCOPLJJ_00480	CDS	810	panB	2.1.2.11	COG0413	3-methyl-2-oxobutanoate hydroxymethyltransferase
OGCOPLJJ_00481	CDS	849	panC	6.3.2.1	COG0414	Pantothenate synthetase
OGCOPLJJ_00482	CDS	852	rapZ		COG1660	RNase adapter protein RapZ
OGCOPLJJ_00483	CDS	312	ptsO		COG1925	Phosphocarrier protein NPr
OGCOPLJJ_00484	CDS	537				hypothetical protein
OGCOPLJJ_00485	CDS	1629		6.2.1.3	COG0318	Long-chain-fatty-acid--CoA ligase
OGCOPLJJ_00486	CDS	1923	thrS	6.1.1.3	COG0441	Threonine--tRNA ligase
OGCOPLJJ_00487	CDS	339	infC		COG0290	Translation initiation factor IF-3
OGCOPLJJ_00488	CDS	621	yfcG_1	1.8.4.-	COG0625	Disulfide-bond oxidoreductase YfcG
OGCOPLJJ_00489	CDS	429	yqaA		COG1238	Inner membrane protein YqaA
OGCOPLJJ_00490	CDS	1251	entS			Enterobactin exporter EntS
OGCOPLJJ_00491	CDS	195	rpmI		COG0291	50S ribosomal protein L35
OGCOPLJJ_00492	CDS	360	rplT		COG0292	50S ribosomal protein L20
OGCOPLJJ_00493	CDS	213				hypothetical protein
OGCOPLJJ_00494	CDS	186				hypothetical protein
OGCOPLJJ_00495	CDS	819	mlaF	3.6.3.-	COG1127	Intermembrane phospholipid transport system ATP-binding protein MlaF
OGCOPLJJ_00496	CDS	777	mlaE		COG0767	Intermembrane phospholipid transport system permease protein MlaE
OGCOPLJJ_00497	CDS	681	mlaD		COG1463	Intermembrane phospholipid transport system binding protein MlaD
OGCOPLJJ_00498	CDS	642	mlaC		COG2854	Intermembrane phospholipid transport system binding protein MlaC
OGCOPLJJ_00499	CDS	288				hypothetical protein
OGCOPLJJ_00500	CDS	1014	corA		COG0598	Magnesium transport protein CorA
OGCOPLJJ_00501	CDS	582		3.2.2.-	COG1611	Putative cytokinin riboside 5'-monophosphate phosphoribohydrolase
OGCOPLJJ_00502	CDS	402				hypothetical protein
OGCOPLJJ_00503	CDS	636				hypothetical protein
OGCOPLJJ_00504	CDS	2046	recG	3.6.4.12	COG1200	ATP-dependent DNA helicase RecG
OGCOPLJJ_00505	CDS	816				hypothetical protein
OGCOPLJJ_00506	CDS	987				hypothetical protein
OGCOPLJJ_00507	CDS	2574	plsB	2.3.1.15	COG2937	Glycerol-3-phosphate acyltransferase
OGCOPLJJ_00508	CDS	873	tesB	3.1.2.-	COG1946	Acyl-CoA thioesterase 2
OGCOPLJJ_00509	CDS	1320	gltP_1		COG1301	Proton/glutamate-aspartate symporter
OGCOPLJJ_00510	CDS	948				hypothetical protein
OGCOPLJJ_00511	CDS	777	engB			GTP-binding protein EngB
OGCOPLJJ_00512	CDS	438	nsrR		COG1959	HTH-type transcriptional repressor NsrR
OGCOPLJJ_00513	CDS	765	hmp	1.14.12.17		Flavohemoprotein
OGCOPLJJ_00514	CDS	1548				hypothetical protein
OGCOPLJJ_00515	CDS	1191	metC	4.4.1.13	COG0626	Cystathionine beta-lyase
OGCOPLJJ_00516	CDS	729				hypothetical protein
OGCOPLJJ_00517	CDS	312	rpsJ		COG0051	30S ribosomal protein S10
OGCOPLJJ_00518	CDS	639	rplC		COG0087	50S ribosomal protein L3
OGCOPLJJ_00519	CDS	603	rplD_1		COG0088	50S ribosomal protein L4
OGCOPLJJ_00520	CDS	321	rplW_1		COG0089	50S ribosomal protein L23
OGCOPLJJ_00521	CDS	825	rplB		COG0090	50S ribosomal protein L2
OGCOPLJJ_00522	CDS	276	rpsS_1		COG0185	30S ribosomal protein S19
OGCOPLJJ_00523	CDS	330	rplV		COG0091	50S ribosomal protein L22
OGCOPLJJ_00524	CDS	753	rpsC_1		COG0092	30S ribosomal protein S3
OGCOPLJJ_00525	CDS	414	rplP		COG0197	50S ribosomal protein L16
OGCOPLJJ_00526	CDS	198	rpmC_1		COG0255	50S ribosomal protein L29
OGCOPLJJ_00527	CDS	258	rpsQ		COG0186	30S ribosomal protein S17
OGCOPLJJ_00528	CDS	369	rplN_1		COG0093	50S ribosomal protein L14
OGCOPLJJ_00529	CDS	318	rplX_1		COG0198	50S ribosomal protein L24
OGCOPLJJ_00530	CDS	537	rplE		COG0094	50S ribosomal protein L5
OGCOPLJJ_00531	CDS	306	rpsN		COG0199	30S ribosomal protein S14
OGCOPLJJ_00532	CDS	396	rpsH_1		COG0096	30S ribosomal protein S8
OGCOPLJJ_00533	CDS	534	rplF_1		COG0097	50S ribosomal protein L6
OGCOPLJJ_00534	CDS	351	rplR		COG0256	50S ribosomal protein L18
OGCOPLJJ_00535	CDS	498	rpsE		COG0098	30S ribosomal protein S5
OGCOPLJJ_00536	CDS	177	rpmD_1		COG1841	50S ribosomal protein L30
OGCOPLJJ_00537	CDS	441	rplO		COG0200	50S ribosomal protein L15
OGCOPLJJ_00538	CDS	1359	secY_1		COG0201	Protein translocase subunit SecY
OGCOPLJJ_00539	CDS	117	rpmJ		COG0257	50S ribosomal protein L36
OGCOPLJJ_00540	CDS	357	rpsM		COG0099	30S ribosomal protein S13
OGCOPLJJ_00541	CDS	387	rpsK		COG0100	30S ribosomal protein S11
OGCOPLJJ_00542	CDS	627	rpsD_1		COG0522	30S ribosomal protein S4
OGCOPLJJ_00543	CDS	1008	rpoA_1	2.7.7.6	COG0202	DNA-directed RNA polymerase subunit alpha
OGCOPLJJ_00544	CDS	432				hypothetical protein
OGCOPLJJ_00545	CDS	885				hypothetical protein
OGCOPLJJ_00546	CDS	1419	rocC		COG0833	Amino-acid permease RocC
OGCOPLJJ_00547	tRNA	76				tRNA-Glu(ttc)
OGCOPLJJ_00548	tRNA	76				tRNA-Ala(ggc)
OGCOPLJJ_00549	CDS	1509	gltX	6.1.1.17	COG0008	Glutamate--tRNA ligase
OGCOPLJJ_00550	CDS	300				hypothetical protein
OGCOPLJJ_00551	CDS	1002	sbp_1		COG1613	Sulfate-binding protein
OGCOPLJJ_00552	CDS	924	rsmH	2.1.1.199	COG0275	Ribosomal RNA small subunit methyltransferase H
OGCOPLJJ_00553	CDS	333	ftsL			Cell division protein FtsL
OGCOPLJJ_00554	CDS	1833	ftsI_1	3.4.16.4	COG0768	Peptidoglycan D,D-transpeptidase FtsI
OGCOPLJJ_00555	CDS	1500	murE	6.3.2.13	COG0769	UDP-N-acetylmuramoyl-L-alanyl-D-glutamate--2,6-diaminopimelate ligase
OGCOPLJJ_00556	CDS	1401	murF_1	6.3.2.10	COG0770	UDP-N-acetylmuramoyl-tripeptide--D-alanyl-D-alanine ligase
OGCOPLJJ_00557	CDS	1119	mraY_1	2.7.8.13	COG0472	Phospho-N-acetylmuramoyl-pentapeptide-transferase
OGCOPLJJ_00558	CDS	333				hypothetical protein
OGCOPLJJ_00559	CDS	825	rlmA	2.1.1.187	COG0500	23S rRNA (guanine(745)-N(1))-methyltransferase
OGCOPLJJ_00560	CDS	2556	mrcA_1		COG5009	Penicillin-binding protein 1A
OGCOPLJJ_00561	CDS	1059	ftsA_1			Cell division protein FtsA
OGCOPLJJ_00562	CDS	642				hypothetical protein
OGCOPLJJ_00563	CDS	741				hypothetical protein
OGCOPLJJ_00564	CDS	528				hypothetical protein
OGCOPLJJ_00565	CDS	2166	pilQ			Type IV pilus biogenesis and competence protein PilQ
OGCOPLJJ_00566	CDS	570	aroK	2.7.1.71	COG0703	Shikimate kinase 1
OGCOPLJJ_00567	CDS	1083	aroB_1	4.2.3.4	COG0337	3-dehydroquinate synthase
OGCOPLJJ_00568	CDS	876				hypothetical protein
OGCOPLJJ_00569	CDS	4482	gltB	1.4.1.13	COG0067	Glutamate synthase [NADPH] large chain
OGCOPLJJ_00570	CDS	1422	gltD	1.4.1.13	COG0493	Glutamate synthase [NADPH] small chain
OGCOPLJJ_00571	CDS	888				hypothetical protein
OGCOPLJJ_00572	CDS	591	lemA		COG1704	Protein LemA
OGCOPLJJ_00573	CDS	1083				hypothetical protein
OGCOPLJJ_00574	CDS	561				hypothetical protein
OGCOPLJJ_00575	CDS	273				hypothetical protein
OGCOPLJJ_00576	CDS	750	yebC_1		COG0217	putative transcriptional regulatory protein YebC
OGCOPLJJ_00577	CDS	198				hypothetical protein
OGCOPLJJ_00578	CDS	363				hypothetical protein
OGCOPLJJ_00579	CDS	513				hypothetical protein
OGCOPLJJ_00580	CDS	276				hypothetical protein
OGCOPLJJ_00581	CDS	546				hypothetical protein
OGCOPLJJ_00582	CDS	6000				hypothetical protein
OGCOPLJJ_00583	CDS	657				hypothetical protein
OGCOPLJJ_00584	CDS	756				hypothetical protein
OGCOPLJJ_00585	CDS	810				hypothetical protein
OGCOPLJJ_00586	CDS	933				hypothetical protein
OGCOPLJJ_00587	CDS	342				hypothetical protein
OGCOPLJJ_00588	CDS	330				hypothetical protein
OGCOPLJJ_00589	CDS	3672				hypothetical protein
OGCOPLJJ_00590	CDS	381				hypothetical protein
OGCOPLJJ_00591	CDS	216				hypothetical protein
OGCOPLJJ_00592	CDS	516				hypothetical protein
OGCOPLJJ_00593	CDS	474				hypothetical protein
OGCOPLJJ_00594	CDS	372				hypothetical protein
OGCOPLJJ_00595	CDS	486				hypothetical protein
OGCOPLJJ_00596	CDS	357				hypothetical protein
OGCOPLJJ_00597	CDS	294				hypothetical protein
OGCOPLJJ_00598	CDS	1434				hypothetical protein
OGCOPLJJ_00599	CDS	168				hypothetical protein
OGCOPLJJ_00600	CDS	1320				hypothetical protein
OGCOPLJJ_00601	CDS	594				hypothetical protein
OGCOPLJJ_00602	CDS	1677				hypothetical protein
OGCOPLJJ_00603	CDS	468				hypothetical protein
OGCOPLJJ_00604	CDS	303				hypothetical protein
OGCOPLJJ_00605	CDS	249				hypothetical protein
OGCOPLJJ_00606	CDS	531				hypothetical protein
OGCOPLJJ_00607	CDS	141				hypothetical protein
OGCOPLJJ_00608	CDS	387				hypothetical protein
OGCOPLJJ_00609	CDS	276				hypothetical protein
OGCOPLJJ_00610	CDS	171				hypothetical protein
OGCOPLJJ_00611	CDS	303				hypothetical protein
OGCOPLJJ_00612	CDS	498				hypothetical protein
OGCOPLJJ_00613	CDS	270				hypothetical protein
OGCOPLJJ_00614	CDS	285				hypothetical protein
OGCOPLJJ_00615	CDS	513				hypothetical protein
OGCOPLJJ_00616	CDS	474				hypothetical protein
OGCOPLJJ_00617	CDS	279				hypothetical protein
OGCOPLJJ_00618	CDS	1332	dnaB_2	3.6.4.12	COG0305	Replicative DNA helicase
OGCOPLJJ_00619	CDS	885				hypothetical protein
OGCOPLJJ_00620	CDS	297				hypothetical protein
OGCOPLJJ_00621	CDS	945	gshB	6.3.2.3	COG0189	Glutathione synthetase
OGCOPLJJ_00622	CDS	1098	murG	2.4.1.227	COG0707	UDP-N-acetylglucosamine--N-acetylmuramyl-(pentapeptide) pyrophosphoryl-undecaprenol N-acetylglucosamine transferase
OGCOPLJJ_00623	CDS	1449	murC	6.3.2.8		UDP-N-acetylmuramate--L-alanine ligase
OGCOPLJJ_00624	CDS	927	ddl	6.3.2.4		D-alanine--D-alanine ligase
OGCOPLJJ_00625	CDS	855	ftsQ			Cell division protein FtsQ
OGCOPLJJ_00626	CDS	1263	ftsA_2		COG0849	Cell division protein FtsA
OGCOPLJJ_00627	CDS	1176	ftsZ_1			Cell division protein FtsZ
OGCOPLJJ_00628	CDS	903	lpxC	3.5.1.108	COG0774	UDP-3-O-acyl-N-acetylglucosamine deacetylase
OGCOPLJJ_00629	CDS	441				hypothetical protein
OGCOPLJJ_00630	CDS	693				hypothetical protein
OGCOPLJJ_00631	CDS	2718	aceE	1.2.4.1	COG2609	Pyruvate dehydrogenase E1 component
OGCOPLJJ_00632	CDS	1983		2.3.1.12	COG0508	Dihydrolipoyllysine-residue acetyltransferase component of pyruvate dehydrogenase complex
OGCOPLJJ_00633	CDS	273				hypothetical protein
OGCOPLJJ_00634	CDS	576	mneA			Putative manganese exporter
OGCOPLJJ_00635	CDS	2166	fhuA		COG1629	Ferrichrome outer membrane transporter/phage receptor
OGCOPLJJ_00636	CDS	798				hypothetical protein
OGCOPLJJ_00637	CDS	270				hypothetical protein
OGCOPLJJ_00638	CDS	1467	guaB	1.1.1.205	COG0516	Inosine-5'-monophosphate dehydrogenase
OGCOPLJJ_00639	CDS	1338	glmM_1	5.4.2.10	COG1109	Phosphoglucosamine mutase
OGCOPLJJ_00640	CDS	657	pdxH	1.4.3.5	COG0259	Pyridoxine/pyridoxamine 5'-phosphate oxidase
OGCOPLJJ_00641	CDS	1701	recJ	3.1.-.-	COG0608	Single-stranded-DNA-specific exonuclease RecJ
OGCOPLJJ_00642	CDS	768				hypothetical protein
OGCOPLJJ_00643	CDS	933	prfB		COG1186	Peptide chain release factor RF2
OGCOPLJJ_00644	CDS	132				hypothetical protein
OGCOPLJJ_00645	CDS	303				hypothetical protein
OGCOPLJJ_00646	CDS	1059	nemA	1.3.1.-	COG1902	N-ethylmaleimide reductase
OGCOPLJJ_00647	CDS	1293	waaA	2.4.99.12	COG1519	3-deoxy-D-manno-octulosonic acid transferase
OGCOPLJJ_00648	CDS	708	rsmE_1	2.1.1.193	COG1385	Ribosomal RNA small subunit methyltransferase E
OGCOPLJJ_00649	CDS	981				hypothetical protein
OGCOPLJJ_00650	CDS	447				hypothetical protein
OGCOPLJJ_00651	CDS	522	msrA	1.8.4.11	COG0225	Peptide methionine sulfoxide reductase MsrA
OGCOPLJJ_00652	CDS	1056				hypothetical protein
OGCOPLJJ_00653	CDS	510	dhfrIII	1.5.1.3		Dihydrofolate reductase type 3
OGCOPLJJ_00654	CDS	843	thyA_1	2.1.1.45	COG0207	Thymidylate synthase
OGCOPLJJ_00655	CDS	366				hypothetical protein
OGCOPLJJ_00656	CDS	360				hypothetical protein
OGCOPLJJ_00657	CDS	819	lgt	2.5.1.145	COG0682	Phosphatidylglycerol--prolipoprotein diacylglyceryl transferase
OGCOPLJJ_00658	CDS	780				hypothetical protein
OGCOPLJJ_00659	CDS	2193				hypothetical protein
OGCOPLJJ_00660	CDS	2181				hypothetical protein
OGCOPLJJ_00661	CDS	771	tatC_1		COG0805	Sec-independent protein translocase protein TatC
OGCOPLJJ_00662	CDS	438	tatB			Sec-independent protein translocase protein TatB
OGCOPLJJ_00663	CDS	219	tatA		COG1826	Sec-independent protein translocase protein TatA
OGCOPLJJ_00664	CDS	876				hypothetical protein
OGCOPLJJ_00665	CDS	627	rdgB	3.6.1.66	COG0127	dITP/XTP pyrophosphatase
OGCOPLJJ_00666	CDS	543				hypothetical protein
OGCOPLJJ_00667	CDS	594	metXA		COG0500	Bifunctional methionine biosynthesis protein MetXA/MetW
OGCOPLJJ_00668	CDS	1212	metXS	2.3.1.46	COG2021	Homoserine O-succinyltransferase
OGCOPLJJ_00669	CDS	1698	leuA	2.3.3.13	COG0119	2-isopropylmalate synthase
OGCOPLJJ_00670	CDS	684		1.14.11.-	COG3128	PKHD-type hydroxylase
OGCOPLJJ_00671	CDS	2301	bfrD		COG4774	putative TonB-dependent receptor BfrD
OGCOPLJJ_00672	CDS	1335	tig	5.2.1.8	COG0544	Trigger factor
OGCOPLJJ_00673	CDS	606	clpP	3.4.21.92	COG0740	ATP-dependent Clp protease proteolytic subunit
OGCOPLJJ_00674	CDS	1314	clpX_1		COG1219	ATP-dependent Clp protease ATP-binding subunit ClpX
OGCOPLJJ_00675	CDS	717				hypothetical protein
OGCOPLJJ_00676	CDS	555				hypothetical protein
OGCOPLJJ_00677	CDS	1527	fumB	4.2.1.2	COG1838	Fumarate hydratase class I, anaerobic
OGCOPLJJ_00678	CDS	2145	pta	2.3.1.8	COG0280	Phosphate acetyltransferase
OGCOPLJJ_00679	CDS	828	ackA	2.7.2.1	COG0282	Acetate kinase
OGCOPLJJ_00680	CDS	135	rpmH		COG0230	50S ribosomal protein L34
OGCOPLJJ_00681	CDS	393	rnpA	3.1.26.5	COG0594	Ribonuclease P protein component
OGCOPLJJ_00682	CDS	321	yidD			Putative membrane protein insertion efficiency factor
OGCOPLJJ_00683	CDS	1761	yidC_1			Membrane protein insertase YidC
OGCOPLJJ_00684	CDS	1356	mnmE_1	3.6.-.-	COG0486	tRNA modification GTPase MnmE
OGCOPLJJ_00685	CDS	1257	intA_1		COG0582	Prophage integrase IntA
OGCOPLJJ_00686	CDS	861				hypothetical protein
OGCOPLJJ_00687	CDS	237				hypothetical protein
OGCOPLJJ_00688	CDS	210				hypothetical protein
OGCOPLJJ_00689	CDS	510				hypothetical protein
OGCOPLJJ_00690	CDS	369				hypothetical protein
OGCOPLJJ_00691	CDS	324				hypothetical protein
OGCOPLJJ_00692	CDS	402				hypothetical protein
OGCOPLJJ_00693	CDS	294				hypothetical protein
OGCOPLJJ_00694	CDS	2430				hypothetical protein
OGCOPLJJ_00695	CDS	327	ssb		COG0629	Single-stranded DNA-binding protein
OGCOPLJJ_00696	CDS	264	rcnR		COG1937	Transcriptional repressor RcnR
OGCOPLJJ_00697	CDS	969	czcD_1		COG1230	Cadmium, cobalt and zinc/H(+)-K(+) antiporter
OGCOPLJJ_00698	CDS	699	dsbC_1		COG1651	putative thiol:disulfide interchange protein DsbC
OGCOPLJJ_00699	CDS	252				hypothetical protein
OGCOPLJJ_00700	CDS	528	hpt_1	2.4.2.8	COG0634	Hypoxanthine phosphoribosyltransferase
OGCOPLJJ_00701	CDS	150				hypothetical protein
OGCOPLJJ_00702	CDS	1326	guaD_1	3.5.4.3	COG0402	Guanine deaminase
OGCOPLJJ_00703	CDS	1056	ndmA	1.14.13.178		Methylxanthine N1-demethylase NdmA
OGCOPLJJ_00704	CDS	1161	ygiC	6.3.1.-	COG0754	Putative acid--amine ligase YgiC
OGCOPLJJ_00705	CDS	366				hypothetical protein
OGCOPLJJ_00706	CDS	987	alx		COG0861	Putative membrane-bound redox modulator Alx
OGCOPLJJ_00707	CDS	507	ybjG	3.6.1.27	COG0671	Putative undecaprenyl-diphosphatase YbjG
OGCOPLJJ_00708	CDS	570			COG3385	IS4 family transposase ISAba33
OGCOPLJJ_00709	CDS	435			COG3385	IS4 family transposase ISAba1
OGCOPLJJ_00710	CDS	1008				hypothetical protein
OGCOPLJJ_00711	CDS	1551			COG2308	putative protein
OGCOPLJJ_00712	CDS	597				hypothetical protein
OGCOPLJJ_00713	CDS	780			COG1305	putative protein
OGCOPLJJ_00714	CDS	735				hypothetical protein
OGCOPLJJ_00715	CDS	1071	alr1	5.1.1.1	COG0787	Alanine racemase
OGCOPLJJ_00716	CDS	1311	dnaB_3	3.6.4.12	COG0305	Replicative DNA helicase
OGCOPLJJ_00717	CDS	2547				hypothetical protein
OGCOPLJJ_00718	CDS	576				hypothetical protein
OGCOPLJJ_00719	CDS	2175	yccS_1		COG1289	Inner membrane protein YccS
OGCOPLJJ_00720	CDS	1203	bcr_1			Bicyclomycin resistance protein
OGCOPLJJ_00721	CDS	705	cnbA	1.7.1.16		Chloronitrobenzene nitroreductase
OGCOPLJJ_00722	CDS	204				hypothetical protein
OGCOPLJJ_00723	CDS	198				hypothetical protein
OGCOPLJJ_00724	CDS	1476	alsT_1		COG1115	Amino-acid carrier protein AlsT
OGCOPLJJ_00725	CDS	972				hypothetical protein
OGCOPLJJ_00726	CDS	1236	tdcB	4.3.1.19	COG1171	L-threonine ammonia-lyase
OGCOPLJJ_00727	CDS	1197	sbmA		COG1133	Peptide antibiotic transporter SbmA
OGCOPLJJ_00728	CDS	750				hypothetical protein
OGCOPLJJ_00729	CDS	1068				hypothetical protein
OGCOPLJJ_00730	CDS	519				hypothetical protein
OGCOPLJJ_00731	CDS	579	yhbO	3.1.2.-	COG0693	Protein/nucleic acid deglycase 2
OGCOPLJJ_00732	CDS	1470	gatB	6.3.5.-	COG0064	Aspartyl/glutamyl-tRNA(Asn/Gln) amidotransferase subunit B
OGCOPLJJ_00733	CDS	1479	gatA_1	6.3.5.7	COG0154	Glutamyl-tRNA(Gln) amidotransferase subunit A
OGCOPLJJ_00734	CDS	315	gatC	6.3.5.-	COG0721	Glutamyl-tRNA(Gln) amidotransferase subunit C
OGCOPLJJ_00735	CDS	1041	mreB		COG1077	Cell shape-determining protein MreB
OGCOPLJJ_00736	CDS	858	mreC		COG1792	Cell shape-determining protein MreC
OGCOPLJJ_00737	CDS	492				hypothetical protein
OGCOPLJJ_00738	CDS	561	yhdE	3.6.1.9	COG0424	dTTP/UTP pyrophosphatase
OGCOPLJJ_00739	CDS	1455	rng_1	3.1.26.-	COG1530	Ribonuclease G
OGCOPLJJ_00740	CDS	174				hypothetical protein
OGCOPLJJ_00741	CDS	1386	wax-dgaT	2.3.1.20		O-acyltransferase WSD
OGCOPLJJ_00742	CDS	735	cysH	1.8.4.8	COG0175	Phosphoadenosine phosphosulfate reductase
OGCOPLJJ_00743	CDS	618	thrH	3.1.3.3	COG0560	Phosphoserine phosphatase ThrH
OGCOPLJJ_00744	CDS	1059				hypothetical protein
OGCOPLJJ_00745	CDS	1068				hypothetical protein
OGCOPLJJ_00746	CDS	561				hypothetical protein
OGCOPLJJ_00747	CDS	381	panD	4.1.1.11	COG0853	Aspartate 1-decarboxylase
OGCOPLJJ_00748	CDS	582	pth_1	3.1.1.29	COG0193	Peptidyl-tRNA hydrolase
OGCOPLJJ_00749	CDS	297	rplY_1			50S ribosomal protein L25
OGCOPLJJ_00750	CDS	951	prs	2.7.6.1	COG0462	Ribose-phosphate pyrophosphokinase
OGCOPLJJ_00751	tRNA	75				tRNA-Gln(ttg)
OGCOPLJJ_00752	tRNA	75				tRNA-Gln(ttg)
OGCOPLJJ_00753	tRNA	75				tRNA-Gln(ttg)
OGCOPLJJ_00754	tRNA	75				tRNA-Gln(ttg)
OGCOPLJJ_00755	CDS	579	lolB		COG3017	Outer-membrane lipoprotein LolB
OGCOPLJJ_00756	CDS	1710	bepA_1	3.4.-.-		Beta-barrel assembly-enhancing protease
OGCOPLJJ_00757	CDS	1284	hemA	1.2.1.70	COG0373	Glutamyl-tRNA reductase
OGCOPLJJ_00758	CDS	1866	dnaG_2	2.7.7.-		DNA primase
OGCOPLJJ_00759	CDS	1158	bamD			Outer membrane protein assembly factor BamD
OGCOPLJJ_00760	CDS	1053	rluD	5.4.99.23	COG0564	Ribosomal large subunit pseudouridine synthase D
OGCOPLJJ_00761	CDS	738	yfiH_1	1.10.3.-	COG1496	Polyphenol oxidase
OGCOPLJJ_00762	CDS	552	fldP_1			Flavodoxin FldP
OGCOPLJJ_00763	CDS	477	smpB		COG0691	SsrA-binding protein
OGCOPLJJ_00764	CDS	492	coaD	2.7.7.3		Phosphopantetheine adenylyltransferase
OGCOPLJJ_00765	CDS	264	fdx_1		COG1145	Ferredoxin
OGCOPLJJ_00766	tRNA	77				tRNA-Met(cat)
OGCOPLJJ_00767	CDS	1185				hypothetical protein
OGCOPLJJ_00768	CDS	981	dmlR_1			HTH-type transcriptional regulator DmlR
OGCOPLJJ_00769	CDS	1113	dmlA	1.1.1.83	COG0473	D-malate dehydrogenase [decarboxylating]
OGCOPLJJ_00770	CDS	1647	caiT			L-carnitine/gamma-butyrobetaine antiporter
OGCOPLJJ_00771	CDS	975	nlhH_1	3.1.1.1	COG0657	Carboxylesterase NlhH
OGCOPLJJ_00772	CDS	1116	cntA	1.14.13.239	COG4638	Carnitine monooxygenase oxygenase subunit
OGCOPLJJ_00773	CDS	1452	gabD_1	1.2.1.79	COG1012	Succinate-semialdehyde dehydrogenase [NADP(+)] GabD
OGCOPLJJ_00774	CDS	957	cntB	1.14.13.239	COG1018	Carnitine monooxygenase reductase subunit
OGCOPLJJ_00775	tRNA	77				tRNA-Met(cat)
OGCOPLJJ_00776	CDS	1029				hypothetical protein
OGCOPLJJ_00777	CDS	1626	nadE	6.3.5.1	COG0171	Glutamine-dependent NAD(+) synthetase
OGCOPLJJ_00778	CDS	1398				hypothetical protein
OGCOPLJJ_00779	CDS	480				hypothetical protein
OGCOPLJJ_00780	CDS	261				hypothetical protein
OGCOPLJJ_00781	CDS	264				hypothetical protein
OGCOPLJJ_00782	CDS	333				hypothetical protein
OGCOPLJJ_00783	CDS	579				hypothetical protein
OGCOPLJJ_00784	CDS	2067				hypothetical protein
OGCOPLJJ_00785	CDS	849				hypothetical protein
OGCOPLJJ_00786	CDS	327				hypothetical protein
OGCOPLJJ_00787	CDS	564				hypothetical protein
OGCOPLJJ_00788	CDS	1293				hypothetical protein
OGCOPLJJ_00789	CDS	135				hypothetical protein
OGCOPLJJ_00790	CDS	471				hypothetical protein
OGCOPLJJ_00791	CDS	666	lexA_2	3.4.21.88		LexA repressor
OGCOPLJJ_00792	CDS	252				hypothetical protein
OGCOPLJJ_00793	CDS	405				hypothetical protein
OGCOPLJJ_00794	CDS	2610				hypothetical protein
OGCOPLJJ_00795	CDS	210				hypothetical protein
OGCOPLJJ_00796	CDS	732				hypothetical protein
OGCOPLJJ_00797	CDS	210				hypothetical protein
OGCOPLJJ_00798	CDS	336				hypothetical protein
OGCOPLJJ_00799	CDS	1623				hypothetical protein
OGCOPLJJ_00800	CDS	255				hypothetical protein
OGCOPLJJ_00801	CDS	1692				hypothetical protein
OGCOPLJJ_00802	CDS	333				hypothetical protein
OGCOPLJJ_00803	CDS	663				hypothetical protein
OGCOPLJJ_00804	CDS	996				hypothetical protein
OGCOPLJJ_00805	CDS	405				hypothetical protein
OGCOPLJJ_00806	CDS	258				hypothetical protein
OGCOPLJJ_00807	CDS	366				hypothetical protein
OGCOPLJJ_00808	CDS	555				hypothetical protein
OGCOPLJJ_00809	CDS	2037				hypothetical protein
OGCOPLJJ_00810	CDS	471				hypothetical protein
OGCOPLJJ_00811	CDS	630				hypothetical protein
OGCOPLJJ_00812	CDS	2295				hypothetical protein
OGCOPLJJ_00813	CDS	768	sbp_2		COG1613	Sulfate-binding protein
OGCOPLJJ_00814	CDS	609				hypothetical protein
OGCOPLJJ_00815	CDS	834	cysT		COG0555	Sulfate transport system permease protein CysT
OGCOPLJJ_00816	CDS	885	cysW		COG4208	Sulfate transport system permease protein CysW
OGCOPLJJ_00817	CDS	1062	cysA_1	7.3.2.3	COG1118	Sulfate/thiosulfate import ATP-binding protein CysA
OGCOPLJJ_00818	CDS	924	ssuR			HTH-type transcriptional regulator SsuR
OGCOPLJJ_00819	CDS	744				hypothetical protein
OGCOPLJJ_00820	CDS	822	dapD	2.3.1.117	COG2171	2,3,4,5-tetrahydropyridine-2,6-dicarboxylate N-succinyltransferase
OGCOPLJJ_00821	CDS	711	queE	4.3.99.3		7-carboxy-7-deazaguanine synthase
OGCOPLJJ_00822	CDS	672	queC	6.3.4.20	COG0603	7-cyano-7-deazaguanine synthase
OGCOPLJJ_00823	CDS	417				hypothetical protein
OGCOPLJJ_00824	CDS	687				hypothetical protein
OGCOPLJJ_00825	CDS	462	bcp	1.11.1.15	COG1225	Peroxiredoxin Bcp
OGCOPLJJ_00826	CDS	570				hypothetical protein
OGCOPLJJ_00827	CDS	633				Bifunctional NMN adenylyltransferase/Nudix hydrolase
OGCOPLJJ_00828	CDS	801	paaF_1	4.2.1.17	COG1024	2,3-dehydroadipyl-CoA hydratase
OGCOPLJJ_00829	CDS	318			COG0327	GTP cyclohydrolase 1 type 2 
OGCOPLJJ_00830	CDS	1206	bcr_2			Bicyclomycin resistance protein
OGCOPLJJ_00831	CDS	3834	purL_1	6.3.5.3	COG0046	Phosphoribosylformylglycinamidine synthase
OGCOPLJJ_00832	CDS	1341	dgt_1	3.1.5.1	COG0232	Deoxyguanosinetriphosphate triphosphohydrolase
OGCOPLJJ_00833	CDS	600	ruvA	3.6.4.12	COG0632	Holliday junction ATP-dependent DNA helicase RuvA
OGCOPLJJ_00834	CDS	1005	ruvB	3.6.4.12	COG2255	Holliday junction ATP-dependent DNA helicase RuvB
OGCOPLJJ_00835	CDS	1335	hipO	3.5.1.32	COG1473	Hippurate hydrolase
OGCOPLJJ_00836	CDS	408	ybgC	3.1.2.-	COG0824	Acyl-CoA thioesterase YbgC
OGCOPLJJ_00837	CDS	699	tolQ_1		COG0811	Tol-Pal system protein TolQ
OGCOPLJJ_00838	CDS	453	exbD_1		COG0848	Biopolymer transport protein ExbD
OGCOPLJJ_00839	CDS	906				hypothetical protein
OGCOPLJJ_00840	CDS	1017				hypothetical protein
OGCOPLJJ_00841	CDS	585				hypothetical protein
OGCOPLJJ_00842	CDS	2880	valS	6.1.1.9	COG0525	Valine--tRNA ligase
OGCOPLJJ_00843	CDS	678				hypothetical protein
OGCOPLJJ_00844	CDS	807	hcaB_2	1.3.1.87		3-phenylpropionate-dihydrodiol/cinnamic acid-dihydrodiol dehydrogenase
OGCOPLJJ_00845	CDS	435				hypothetical protein
OGCOPLJJ_00846	CDS	435				hypothetical protein
OGCOPLJJ_00847	CDS	351				hypothetical protein
OGCOPLJJ_00848	CDS	1458	oprM		COG1538	Outer membrane protein OprM
OGCOPLJJ_00849	CDS	3177	mexB_1		COG0841	Multidrug resistance protein MexB
OGCOPLJJ_00850	CDS	1251	acrA			Multidrug efflux pump subunit AcrA
OGCOPLJJ_00851	CDS	627				hypothetical protein
OGCOPLJJ_00852	CDS	2061				hypothetical protein
OGCOPLJJ_00853	CDS	978	sdsA	2.5.1.84		All-trans-nonaprenyl-diphosphate synthase (geranyl-diphosphate specific)
OGCOPLJJ_00854	CDS	312	rplU		COG0261	50S ribosomal protein L21
OGCOPLJJ_00855	CDS	258	rpmA_1		COG0211	50S ribosomal protein L27
OGCOPLJJ_00856	CDS	696	lolA		COG2834	Outer-membrane lipoprotein carrier protein
OGCOPLJJ_00857	CDS	789				hypothetical protein
OGCOPLJJ_00858	CDS	1272	serS	6.1.1.11	COG0172	Serine--tRNA ligase
OGCOPLJJ_00859	CDS	1374	cysG		COG0007	Siroheme synthase
OGCOPLJJ_00860	CDS	474	trmL	2.1.1.207	COG0219	tRNA (cytidine(34)-2'-O)-methyltransferase
OGCOPLJJ_00861	CDS	270		1.11.1.15	COG0450	Peroxiredoxin
OGCOPLJJ_00862	CDS	813		3.-.-.-		putative metallo-hydrolase
OGCOPLJJ_00863	CDS	579				hypothetical protein
OGCOPLJJ_00864	CDS	1065				hypothetical protein
OGCOPLJJ_00865	CDS	1287	folC	6.3.2.12	COG0285	Dihydrofolate synthase/folylpolyglutamate synthase
OGCOPLJJ_00866	CDS	897	accD	2.1.3.15	COG0777	Acetyl-coenzyme A carboxylase carboxyl transferase subunit beta
OGCOPLJJ_00867	CDS	804	trpA_1	4.2.1.20	COG0159	Tryptophan synthase alpha chain
OGCOPLJJ_00868	CDS	1050				hypothetical protein
OGCOPLJJ_00869	CDS	876				hypothetical protein
OGCOPLJJ_00870	CDS	996				hypothetical protein
OGCOPLJJ_00871	CDS	513				hypothetical protein
OGCOPLJJ_00872	CDS	1230	trpB_1	4.2.1.20	COG0133	Tryptophan synthase beta chain
OGCOPLJJ_00873	CDS	669	trpF	5.3.1.24	COG0135	N-(5'-phosphoribosyl)anthranilate isomerase
OGCOPLJJ_00874	CDS	1839	btuB_1		COG4206	Vitamin B12 transporter BtuB
OGCOPLJJ_00875	CDS	579	cobO	2.5.1.-	COG2096	Cobalamin adenosyltransferase
OGCOPLJJ_00876	CDS	714	ugpQ	3.1.4.46	COG0584	Glycerophosphodiester phosphodiesterase, cytoplasmic
OGCOPLJJ_00877	CDS	531				hypothetical protein
OGCOPLJJ_00878	CDS	1173				hypothetical protein
OGCOPLJJ_00879	CDS	1443	selO_1	2.7.7.-	COG0397	Protein adenylyltransferase SelO
OGCOPLJJ_00880	CDS	687	baeR		COG0745	Transcriptional regulatory protein BaeR
OGCOPLJJ_00881	CDS	1665	rcsC_2	2.7.13.3		Sensor histidine kinase RcsC
OGCOPLJJ_00882	CDS	381				hypothetical protein
OGCOPLJJ_00883	CDS	1803	dmdC_1	1.3.8.-	COG1960	3-methylmercaptopropionyl-CoA dehydrogenase
OGCOPLJJ_00884	CDS	240				Bacteriohemerythrin
OGCOPLJJ_00885	CDS	1068				hypothetical protein
OGCOPLJJ_00886	CDS	324	rnfH			Protein RnfH
OGCOPLJJ_00887	CDS	399	bamE			Outer membrane protein assembly factor BamE
OGCOPLJJ_00888	CDS	438	fur		COG0735	Ferric uptake regulation protein
OGCOPLJJ_00889	CDS	1119	pilT_1		COG2805	Twitching mobility protein
OGCOPLJJ_00890	CDS	1068	pilT_2		COG2805	Twitching mobility protein
OGCOPLJJ_00891	CDS	693	yggS		COG0325	Pyridoxal phosphate homeostasis protein
OGCOPLJJ_00892	CDS	3597				hypothetical protein
OGCOPLJJ_00893	CDS	1269	cpdA_1	3.1.4.53		3',5'-cyclic adenosine monophosphate phosphodiesterase CpdA
OGCOPLJJ_00894	CDS	492				hypothetical protein
OGCOPLJJ_00895	CDS	378				hypothetical protein
OGCOPLJJ_00896	CDS	453				hypothetical protein
OGCOPLJJ_00897	CDS	906				Epimerase family protein
OGCOPLJJ_00898	CDS	1116	thiO	1.4.3.19		Glycine oxidase
OGCOPLJJ_00899	CDS	1098	hemB_1	4.2.1.24	COG0113	Delta-aminolevulinic acid dehydratase
OGCOPLJJ_00900	CDS	555				hypothetical protein
OGCOPLJJ_00901	CDS	1152	emrK		COG1566	putative multidrug resistance protein EmrK
OGCOPLJJ_00902	CDS	1524	emrB_1			Multidrug export protein EmrB
OGCOPLJJ_00903	CDS	1986	ggt	3.4.19.13	COG0405	Glutathione hydrolase proenzyme
OGCOPLJJ_00904	tmRNA	360	ssrA			transfer-messenger RNA, SsrA
OGCOPLJJ_00905	CDS	1284	intS		COG0582	Prophage integrase IntS
OGCOPLJJ_00906	CDS	798				hypothetical protein
OGCOPLJJ_00907	CDS	639	prsE			Type I secretion system membrane fusion protein PrsE
OGCOPLJJ_00908	CDS	2142	ltxB	7.4.2.5	COG2274	Leukotoxin export ATP-binding protein LtxB
OGCOPLJJ_00909	CDS	1467				hypothetical protein
OGCOPLJJ_00910	CDS	747	lptB	3.6.3.-	COG1137	Lipopolysaccharide export system ATP-binding protein LptB
OGCOPLJJ_00911	CDS	549	lptA		COG1934	Lipopolysaccharide export system protein LptA
OGCOPLJJ_00912	CDS	549	lptC			Lipopolysaccharide export system protein LptC
OGCOPLJJ_00913	CDS	540	kdsC	3.1.3.45	COG1778	3-deoxy-D-manno-octulosonate 8-phosphate phosphatase KdsC
OGCOPLJJ_00914	CDS	978	kdsD	5.3.1.13	COG0517	Arabinose 5-phosphate isomerase KdsD
OGCOPLJJ_00915	CDS	1422	cysS	6.1.1.16	COG0215	Cysteine--tRNA ligase
OGCOPLJJ_00916	tRNA	76				tRNA-Gly(gcc)
OGCOPLJJ_00917	CDS	1014	xerC_2			Tyrosine recombinase XerC
OGCOPLJJ_00918	CDS	198				hypothetical protein
OGCOPLJJ_00919	CDS	543				hypothetical protein
OGCOPLJJ_00920	CDS	372				hypothetical protein
OGCOPLJJ_00921	CDS	228				hypothetical protein
OGCOPLJJ_00922	CDS	2286				hypothetical protein
OGCOPLJJ_00923	CDS	294				hypothetical protein
OGCOPLJJ_00924	CDS	240				hypothetical protein
OGCOPLJJ_00925	CDS	6825				hypothetical protein
OGCOPLJJ_00926	CDS	873				hypothetical protein
OGCOPLJJ_00927	CDS	144				hypothetical protein
OGCOPLJJ_00928	CDS	231				hypothetical protein
OGCOPLJJ_00929	CDS	480	psaB	1.97.1.12		Photosystem I P700 chlorophyll a apoprotein A2
OGCOPLJJ_00930	CDS	1011	cpdA_2	3.1.4.53		3',5'-cyclic adenosine monophosphate phosphodiesterase CpdA
OGCOPLJJ_00931	CDS	1626	clsC_1	2.7.8.-	COG1502	Cardiolipin synthase C
OGCOPLJJ_00932	CDS	810				hypothetical protein
OGCOPLJJ_00933	CDS	1335	hflX_1		COG2262	GTPase HflX
OGCOPLJJ_00934	CDS	372				hypothetical protein
OGCOPLJJ_00935	CDS	675	cidB_1		COG1346	Holin-like protein CidB
OGCOPLJJ_00936	CDS	444				hypothetical protein
OGCOPLJJ_00937	CDS	840	apaH	3.6.1.41	COG0639	Bis(5'-nucleosyl)-tetraphosphatase, symmetrical
OGCOPLJJ_00938	CDS	813	rsmA_1	2.1.1.182	COG0030	Ribosomal RNA small subunit methyltransferase A
OGCOPLJJ_00939	CDS	975	pdxA_1	1.1.1.262	COG1995	4-hydroxythreonine-4-phosphate dehydrogenase
OGCOPLJJ_00940	CDS	429	rplM_1		COG0102	50S ribosomal protein L13
OGCOPLJJ_00941	CDS	387	rpsI		COG0103	30S ribosomal protein S9
OGCOPLJJ_00942	CDS	654	sspA		COG0625	Stringent starvation protein A
OGCOPLJJ_00943	CDS	429				hypothetical protein
OGCOPLJJ_00944	CDS	657				hypothetical protein
OGCOPLJJ_00945	CDS	1941	accA1_1		COG4770	Acetyl-/propionyl-coenzyme A carboxylase alpha chain
OGCOPLJJ_00946	CDS	837	echA8_1	4.2.1.17	COG1024	putative enoyl-CoA hydratase echA8
OGCOPLJJ_00947	CDS	1158	mmgC_3	1.3.99.-	COG1960	Acyl-CoA dehydrogenase
OGCOPLJJ_00948	CDS	1614	pccB	6.4.1.3	COG4799	Propionyl-CoA carboxylase beta chain
OGCOPLJJ_00949	CDS	912	fadH_1	1.3.1.34	COG1028	putative 2,4-dienoyl-CoA reductase
OGCOPLJJ_00950	CDS	1806				hypothetical protein
OGCOPLJJ_00951	CDS	600	kstR2			HTH-type transcriptional repressor KstR2
OGCOPLJJ_00952	CDS	1164	mmgC_4	1.3.99.-	COG1960	Acyl-CoA dehydrogenase
OGCOPLJJ_00953	CDS	564				hypothetical protein
OGCOPLJJ_00954	CDS	351				hypothetical protein
OGCOPLJJ_00955	CDS	168				hypothetical protein
OGCOPLJJ_00956	CDS	570				hypothetical protein
OGCOPLJJ_00957	CDS	927	gltC_1			HTH-type transcriptional regulator GltC
OGCOPLJJ_00958	CDS	1194	smtB	2.8.3.22	COG1804	Succinyl-CoA--L-malate CoA-transferase beta subunit
OGCOPLJJ_00959	CDS	939	yngG	4.1.3.4	COG0119	Hydroxymethylglutaryl-CoA lyase YngG
OGCOPLJJ_00960	CDS	1317	ttuB_1			Putative tartrate transporter
OGCOPLJJ_00961	CDS	1065	srpA	1.11.1.-	COG0753	Catalase-related peroxidase
OGCOPLJJ_00962	CDS	573	yceJ_1		COG3038	Cytochrome b561 
OGCOPLJJ_00963	CDS	285				hypothetical protein
OGCOPLJJ_00964	CDS	663				hypothetical protein
OGCOPLJJ_00965	CDS	603				hypothetical protein
OGCOPLJJ_00966	CDS	792	tgnD	3.5.1.-		(E)-2-((N-methylformamido)methylene)succinate hydrolase
OGCOPLJJ_00967	CDS	933	tgnA	1.5.1.36	COG1853	Flavin-dependent trigonelline monooxygenase, reductase component
OGCOPLJJ_00968	CDS	1038	tgnB	1.14.14.-	COG2141	Flavin-dependent trigonelline monooxygenase, oxygenase component
OGCOPLJJ_00969	CDS	1470	tgnC	1.2.1.-	COG1012	(Z)-2-((N-methylformamido)methylene)-5-hydroxybutyrolactone dehydrogenase
OGCOPLJJ_00970	CDS	1407				hypothetical protein
OGCOPLJJ_00971	CDS	1170				hypothetical protein
OGCOPLJJ_00972	CDS	1458	tgnE	1.2.1.24	COG1012	Succinate semialdehyde dehydrogenase
OGCOPLJJ_00973	CDS	384				hypothetical protein
OGCOPLJJ_00974	CDS	912	dmlR_2			HTH-type transcriptional regulator DmlR
OGCOPLJJ_00975	CDS	597	azoR	1.7.1.17	COG1182	FMN-dependent NADH-azoreductase
OGCOPLJJ_00976	CDS	816	pobR		COG1414	p-hydroxybenzoate hydroxylase transcriptional activator
OGCOPLJJ_00977	CDS	1215	pobA	1.14.13.2		p-hydroxybenzoate hydroxylase
OGCOPLJJ_00978	CDS	1065	argR_1	5.1.1.10		Broad specificity amino-acid racemase
OGCOPLJJ_00979	CDS	366				hypothetical protein
OGCOPLJJ_00980	CDS	552	anoI	2.3.1.184		Acyl-homoserine-lactone synthase
OGCOPLJJ_00981	CDS	1353	abaF_1			Fosfomycin resistance protein AbaF
OGCOPLJJ_00982	CDS	1026	fadJ_1	5.1.2.3		Fatty acid oxidation complex subunit alpha
OGCOPLJJ_00983	CDS	774	echA8_2	4.2.1.17	COG1024	putative enoyl-CoA hydratase echA8
OGCOPLJJ_00984	CDS	1128	mmgC_5	1.3.99.-	COG1960	Acyl-CoA dehydrogenase
OGCOPLJJ_00985	CDS	1650	acsA_1	6.2.1.1	COG0365	Acetyl-coenzyme A synthetase
OGCOPLJJ_00986	CDS	891	mmsB	1.1.1.31	COG2084	3-hydroxyisobutyrate dehydrogenase
OGCOPLJJ_00987	CDS	1518	mmsA	1.2.1.27	COG1012	Methylmalonate-semialdehyde dehydrogenase [acylating]
OGCOPLJJ_00988	CDS	882	hdfR_1			HTH-type transcriptional regulator HdfR
OGCOPLJJ_00989	CDS	1431	cycA_1		COG1113	D-serine/D-alanine/glycine transporter
OGCOPLJJ_00990	CDS	1440	cycA_2		COG1113	D-serine/D-alanine/glycine transporter
OGCOPLJJ_00991	CDS	360	rutC	1.-.-.-		Putative aminoacrylate peracid reductase RutC
OGCOPLJJ_00992	CDS	1104	dadX	5.1.1.1	COG0787	Alanine racemase, catabolic
OGCOPLJJ_00993	CDS	1266	dadA1	1.4.99.-	COG0665	D-amino acid dehydrogenase 1
OGCOPLJJ_00994	CDS	468	lrp_1		COG1522	Leucine-responsive regulatory protein
OGCOPLJJ_00995	CDS	1146				hypothetical protein
OGCOPLJJ_00996	CDS	2091	cntO_3			Metal-pseudopaline receptor CntO
OGCOPLJJ_00997	CDS	381				hypothetical protein
OGCOPLJJ_00998	CDS	375				hypothetical protein
OGCOPLJJ_00999	CDS	666	rluA_1	5.4.99.28	COG0564	Dual-specificity RNA pseudouridine synthase RluA
OGCOPLJJ_01000	CDS	702				hypothetical protein
OGCOPLJJ_01001	CDS	1164		1.14.11.-	COG2850	putative ribosomal oxygenase
OGCOPLJJ_01002	CDS	594	yceF_1	3.6.1.-	COG0424	7-methyl-GTP pyrophosphatase
OGCOPLJJ_01003	CDS	384				hypothetical protein
OGCOPLJJ_01004	CDS	1188	pgk	2.7.2.3	COG0126	Phosphoglycerate kinase
OGCOPLJJ_01005	CDS	243				hypothetical protein
OGCOPLJJ_01006	CDS	1038	cbbA	4.1.2.13		Fructose-bisphosphate aldolase
OGCOPLJJ_01007	CDS	1311	surA	5.2.1.8	COG0760	Chaperone SurA
OGCOPLJJ_01008	CDS	2442	lptD		COG1452	LPS-assembly protein LptD
OGCOPLJJ_01009	CDS	1014	amgK	2.7.1.221	COG3178	N-acetylmuramate/N-acetylglucosamine kinase
OGCOPLJJ_01010	CDS	690	murU	2.7.7.99	COG1208	N-acetylmuramate alpha-1-phosphate uridylyltransferase
OGCOPLJJ_01011	CDS	633	rsmG	2.1.1.170	COG0357	Ribosomal RNA small subunit methyltransferase G
OGCOPLJJ_01012	CDS	783	soj_1	3.6.-.-	COG1192	Sporulation initiation inhibitor protein Soj
OGCOPLJJ_01013	CDS	888	parB		COG1475	putative chromosome-partitioning protein ParB
OGCOPLJJ_01014	CDS	636	tolQ_2			Tol-Pal system protein TolQ
OGCOPLJJ_01015	CDS	429	tolR			Tol-Pal system protein TolR
OGCOPLJJ_01016	CDS	1728	msbA_1	7.5.2.6	COG1132	Lipid A export ATP-binding/permease protein MsbA
OGCOPLJJ_01017	CDS	1011	lpxK	2.7.1.130	COG1663	Tetraacyldisaccharide 4'-kinase
OGCOPLJJ_01018	CDS	762	kdsB_1	2.7.7.38		3-deoxy-manno-octulosonate cytidylyltransferase
OGCOPLJJ_01019	CDS	981				hypothetical protein
OGCOPLJJ_01020	CDS	342				hypothetical protein
OGCOPLJJ_01021	CDS	774	ycfH	3.1.-.-	COG0084	putative metal-dependent hydrolase YcfH
OGCOPLJJ_01022	CDS	609				hypothetical protein
OGCOPLJJ_01023	CDS	555				hypothetical protein
OGCOPLJJ_01024	CDS	381				hypothetical protein
OGCOPLJJ_01025	CDS	702				hypothetical protein
OGCOPLJJ_01026	CDS	933	xcpX		COG3156	Type II secretion system protein K
OGCOPLJJ_01027	CDS	1374	pdhD	1.8.1.4		Dihydrolipoyl dehydrogenase
OGCOPLJJ_01028	CDS	1467				hypothetical protein
OGCOPLJJ_01029	CDS	336	blh_1	3.-.-.-	COG0491	Beta-lactamase hydrolase-like protein
OGCOPLJJ_01030	CDS	897	aidA_1			Quorum-quenching protein AidA
OGCOPLJJ_01031	CDS	438	trxC	1.8.1.8	COG0526	Thioredoxin 2
OGCOPLJJ_01032	CDS	423		3.1.2.-	COG1607	putative acyl-CoA thioester hydrolase
OGCOPLJJ_01033	CDS	495				hypothetical protein
OGCOPLJJ_01034	CDS	489				hypothetical protein
OGCOPLJJ_01035	CDS	315				hypothetical protein
OGCOPLJJ_01036	CDS	1872	mnmC_1		COG0665	tRNA 5-methylaminomethyl-2-thiouridine biosynthesis bifunctional protein MnmC
OGCOPLJJ_01037	CDS	480				hypothetical protein
OGCOPLJJ_01038	CDS	303	yciI		COG2350	Protein YciI
OGCOPLJJ_01039	CDS	615	yciB		COG2917	Intracellular septation protein
OGCOPLJJ_01040	CDS	852	yciV	3.1.13.-	COG0613	5'-3' exoribonuclease
OGCOPLJJ_01041	CDS	912				hypothetical protein
OGCOPLJJ_01042	CDS	708				hypothetical protein
OGCOPLJJ_01043	CDS	1254	coaBC_1		COG0452	Coenzyme A biosynthesis bifunctional protein CoaBC
OGCOPLJJ_01044	CDS	963	secF_1		COG0341	Protein translocase subunit SecF
OGCOPLJJ_01045	CDS	1902	secD		COG0342	Protein translocase subunit SecD
OGCOPLJJ_01046	CDS	330	yajC		COG1862	Sec translocon accessory complex subunit YajC
OGCOPLJJ_01047	CDS	1134	tgt	2.4.2.29	COG0343	Queuine tRNA-ribosyltransferase
OGCOPLJJ_01048	CDS	570				hypothetical protein
OGCOPLJJ_01049	CDS	1029				hypothetical protein
OGCOPLJJ_01050	CDS	1038	queA_1	2.4.99.17	COG0809	S-adenosylmethionine:tRNA ribosyltransferase-isomerase
OGCOPLJJ_01051	tRNA	87				tRNA-Leu(caa)
OGCOPLJJ_01052	CDS	1575	mqo	1.1.5.4	COG0579	Malate:quinone oxidoreductase
OGCOPLJJ_01053	CDS	471				hypothetical protein
OGCOPLJJ_01054	CDS	879	mmuM	2.1.1.10	COG2040	Homocysteine S-methyltransferase
OGCOPLJJ_01055	CDS	1335	ydgI		COG0531	Putative arginine/ornithine antiporter
OGCOPLJJ_01056	CDS	1914				hypothetical protein
OGCOPLJJ_01057	CDS	708				hypothetical protein
OGCOPLJJ_01058	CDS	276				hypothetical protein
OGCOPLJJ_01059	CDS	441				hypothetical protein
OGCOPLJJ_01060	CDS	597	pigA	1.14.99.58	COG3230	Heme oxygenase PigA
OGCOPLJJ_01061	CDS	921				hypothetical protein
OGCOPLJJ_01062	CDS	1491				TPR repeat-containing protein
OGCOPLJJ_01063	CDS	792				hypothetical protein
OGCOPLJJ_01064	CDS	3174				hypothetical protein
OGCOPLJJ_01065	CDS	1017				hypothetical protein
OGCOPLJJ_01066	CDS	522	fecI		COG1595	putative RNA polymerase sigma factor FecI
OGCOPLJJ_01067	CDS	891	cynR_1			HTH-type transcriptional regulator CynR
OGCOPLJJ_01068	CDS	945	dapA_1	4.3.3.7		4-hydroxy-tetrahydrodipicolinate synthase
OGCOPLJJ_01069	CDS	1386	naiP_1			Putative niacin/nicotinamide transporter NaiP
OGCOPLJJ_01070	CDS	1272				hypothetical protein
OGCOPLJJ_01071	CDS	627				hypothetical protein
OGCOPLJJ_01072	CDS	1332				hypothetical protein
OGCOPLJJ_01073	CDS	339				hypothetical protein
OGCOPLJJ_01074	CDS	1266				hypothetical protein
OGCOPLJJ_01075	CDS	288				hypothetical protein
OGCOPLJJ_01076	CDS	162				hypothetical protein
OGCOPLJJ_01077	CDS	225				hypothetical protein
OGCOPLJJ_01078	CDS	357				hypothetical protein
OGCOPLJJ_01079	CDS	456				hypothetical protein
OGCOPLJJ_01080	CDS	366				hypothetical protein
OGCOPLJJ_01081	CDS	480				hypothetical protein
OGCOPLJJ_01082	CDS	528				hypothetical protein
OGCOPLJJ_01083	CDS	462				hypothetical protein
OGCOPLJJ_01084	CDS	3651				hypothetical protein
OGCOPLJJ_01085	CDS	462				hypothetical protein
OGCOPLJJ_01086	CDS	543				hypothetical protein
OGCOPLJJ_01087	CDS	369				hypothetical protein
OGCOPLJJ_01088	CDS	2838				hypothetical protein
OGCOPLJJ_01089	CDS	1872				hypothetical protein
OGCOPLJJ_01090	CDS	780				hypothetical protein
OGCOPLJJ_01091	CDS	240				hypothetical protein
OGCOPLJJ_01092	CDS	513				hypothetical protein
OGCOPLJJ_01093	CDS	363				hypothetical protein
OGCOPLJJ_01094	CDS	144				hypothetical protein
OGCOPLJJ_01095	CDS	228				hypothetical protein
OGCOPLJJ_01096	CDS	1293	umuC_1		COG0389	Protein UmuC
OGCOPLJJ_01097	CDS	1443				hypothetical protein
OGCOPLJJ_01098	CDS	660				hypothetical protein
OGCOPLJJ_01099	CDS	1977				hypothetical protein
OGCOPLJJ_01100	CDS	225				hypothetical protein
OGCOPLJJ_01101	CDS	2136				hypothetical protein
OGCOPLJJ_01102	CDS	270				hypothetical protein
OGCOPLJJ_01103	CDS	1446				hypothetical protein
OGCOPLJJ_01104	CDS	375	traJ			Protein TraJ
OGCOPLJJ_01105	CDS	303				hypothetical protein
OGCOPLJJ_01106	CDS	726	traL			Protein TraL
OGCOPLJJ_01107	CDS	648				hypothetical protein
OGCOPLJJ_01108	CDS	654				hypothetical protein
OGCOPLJJ_01109	CDS	348	traB			Protein TraB
OGCOPLJJ_01110	CDS	1032	smc_1			Chromosome partition protein Smc
OGCOPLJJ_01111	CDS	1131				hypothetical protein
OGCOPLJJ_01112	CDS	822				hypothetical protein
OGCOPLJJ_01113	CDS	228				hypothetical protein
OGCOPLJJ_01114	CDS	507				hypothetical protein
OGCOPLJJ_01115	CDS	198				hypothetical protein
OGCOPLJJ_01116	CDS	363				hypothetical protein
OGCOPLJJ_01117	CDS	231				hypothetical protein
OGCOPLJJ_01118	CDS	288				hypothetical protein
OGCOPLJJ_01119	CDS	1602				hypothetical protein
OGCOPLJJ_01120	CDS	270				hypothetical protein
OGCOPLJJ_01121	CDS	384				hypothetical protein
OGCOPLJJ_01122	CDS	450				hypothetical protein
OGCOPLJJ_01123	CDS	813	kdgR		COG1414	Transcriptional regulator KdgR
OGCOPLJJ_01124	CDS	171				hypothetical protein
OGCOPLJJ_01125	CDS	582	pnuC		COG3201	Nicotinamide riboside transporter PnuC
OGCOPLJJ_01126	CDS	789	paaF_2	4.2.1.17	COG1024	2,3-dehydroadipyl-CoA hydratase
OGCOPLJJ_01127	CDS	420				hypothetical protein
OGCOPLJJ_01128	CDS	1260	pgaC_1	2.4.1.-	COG1215	Poly-beta-1,6-N-acetyl-D-glucosamine synthase
OGCOPLJJ_01129	CDS	1995	pgaB	3.5.1.-	COG0726	Poly-beta-1,6-N-acetyl-D-glucosamine N-deacetylase
OGCOPLJJ_01130	CDS	342	fbp_1	5.2.1.8	COG0545	FK506-binding protein
OGCOPLJJ_01131	CDS	531	yaeQ		COG4681	putative protein YaeQ
OGCOPLJJ_01132	CDS	1263	dctA_3		COG1301	Aerobic C4-dicarboxylate transport protein
OGCOPLJJ_01133	CDS	999	yeiR	3.6.-.-	COG0523	Zinc-binding GTPase YeiR
OGCOPLJJ_01134	CDS	201				hypothetical protein
OGCOPLJJ_01135	CDS	516				hypothetical protein
OGCOPLJJ_01136	CDS	615				hypothetical protein
OGCOPLJJ_01137	CDS	2067	betT2		COG1292	Osmo-dependent choline transporter BetT2
OGCOPLJJ_01138	CDS	1623	betT1		COG1292	Osmo-independent choline transporter BetT1
OGCOPLJJ_01139	CDS	624	betI_1		COG1309	HTH-type transcriptional regulator BetI
OGCOPLJJ_01140	CDS	1473	betB_1	1.2.1.8	COG1012	NAD/NADP-dependent betaine aldehyde dehydrogenase
OGCOPLJJ_01141	CDS	1659	betA	1.1.99.1	COG2303	Oxygen-dependent choline dehydrogenase
OGCOPLJJ_01142	CDS	465				hypothetical protein
OGCOPLJJ_01143	CDS	1080	wbpE	2.6.1.98	COG0399	UDP-2-acetamido-2-deoxy-3-oxo-D-glucuronate aminotransferase
OGCOPLJJ_01144	CDS	579	wbpD	2.3.1.201	COG0110	UDP-2-acetamido-3-amino-2,3-dideoxy-D-glucuronate N-acetyltransferase
OGCOPLJJ_01145	CDS	951	wbpB	1.1.1.335	COG0673	UDP-N-acetyl-2-amino-2-deoxy-D-glucuronate oxidase
OGCOPLJJ_01146	CDS	1296	wbpA	1.1.1.136	COG0677	UDP-N-acetyl-D-glucosamine 6-dehydrogenase
OGCOPLJJ_01147	CDS	1101				hypothetical protein
OGCOPLJJ_01148	CDS	429	ptp	3.1.3.48		Low molecular weight protein-tyrosine-phosphatase Ptp
OGCOPLJJ_01149	CDS	2187	ptk	2.7.10.-	COG0489	Tyrosine-protein kinase ptk
OGCOPLJJ_01150	CDS	723	fkpA_1	5.2.1.8	COG0545	putative FKBP-type peptidyl-prolyl cis-trans isomerase FkpA
OGCOPLJJ_01151	CDS	696	fkpA_2	5.2.1.8	COG0545	putative FKBP-type peptidyl-prolyl cis-trans isomerase FkpA
OGCOPLJJ_01152	CDS	1542	murJ		COG0728	putative lipid II flippase MurJ
OGCOPLJJ_01153	CDS	570	ampD	3.5.1.28	COG3023	1,6-anhydro-N-acetylmuramyl-L-alanine amidase AmpD
OGCOPLJJ_01154	CDS	846	nadC_1	2.4.2.19	COG0157	Nicotinate-nucleotide pyrophosphorylase [carboxylating]
OGCOPLJJ_01155	CDS	168				hypothetical protein
OGCOPLJJ_01156	CDS	2169	plcN_1	3.1.4.3	COG3511	Non-hemolytic phospholipase C
OGCOPLJJ_01157	CDS	717	rph_1	2.7.7.56	COG0689	Ribonuclease PH
OGCOPLJJ_01158	CDS	1149	desA3_1	1.14.19.-	COG3239	NADPH-dependent stearoyl-CoA 9-desaturase
OGCOPLJJ_01159	CDS	1026		1.-.-.-	COG1018	NADPH oxidoreductase
OGCOPLJJ_01160	CDS	639	fabR_1			HTH-type transcriptional repressor FabR
OGCOPLJJ_01161	CDS	270				hypothetical protein
OGCOPLJJ_01162	CDS	834				hypothetical protein
OGCOPLJJ_01163	CDS	858	rlmJ	2.1.1.266	COG2961	Ribosomal RNA large subunit methyltransferase J
OGCOPLJJ_01164	CDS	606				hypothetical protein
OGCOPLJJ_01165	CDS	528				hypothetical protein
OGCOPLJJ_01166	CDS	246				hypothetical protein
OGCOPLJJ_01167	CDS	987	mdh_1	1.1.1.37		Malate dehydrogenase
OGCOPLJJ_01168	CDS	663				hypothetical protein
OGCOPLJJ_01169	CDS	1944	slt	4.2.2.-	COG0741	Soluble lytic murein transglycosylase
OGCOPLJJ_01170	CDS	1452	miaB	2.8.4.3	COG0621	tRNA-2-methylthio-N(6)-dimethylallyladenosine synthase
OGCOPLJJ_01171	CDS	1089	ybeZ		COG1702	PhoH-like protein
OGCOPLJJ_01172	CDS	477	ybeY	3.1.-.-		Endoribonuclease YbeY
OGCOPLJJ_01173	CDS	885				hypothetical protein
OGCOPLJJ_01174	CDS	672				hypothetical protein
OGCOPLJJ_01175	CDS	714				hypothetical protein
OGCOPLJJ_01176	CDS	576	xpt	2.4.2.22	COG0503	Xanthine phosphoribosyltransferase
OGCOPLJJ_01177	CDS	594		1.6.5.2	COG0655	NAD(P)H dehydrogenase (quinone)
OGCOPLJJ_01178	CDS	1248				hypothetical protein
OGCOPLJJ_01179	CDS	915				hypothetical protein
OGCOPLJJ_01180	CDS	795	nimR_1			HTH-type transcriptional regulator NimR
OGCOPLJJ_01181	CDS	642	ycgM		COG0179	putative protein YcgM
OGCOPLJJ_01182	CDS	498				hypothetical protein
OGCOPLJJ_01183	CDS	693				hypothetical protein
OGCOPLJJ_01184	CDS	576	ydjA	1.-.-.-	COG0778	Putative NAD(P)H nitroreductase YdjA
OGCOPLJJ_01185	CDS	1074	gpsA	1.1.1.94		Glycerol-3-phosphate dehydrogenase [NAD(P)+]
OGCOPLJJ_01186	CDS	456				hypothetical protein
OGCOPLJJ_01187	CDS	1140				hypothetical protein
OGCOPLJJ_01188	CDS	480				hypothetical protein
OGCOPLJJ_01189	CDS	1005	pyrD	1.3.5.2	COG0167	Dihydroorotate dehydrogenase (quinone)
OGCOPLJJ_01190	CDS	588				hypothetical protein
OGCOPLJJ_01191	CDS	1542	purF_1	2.4.2.14	COG0034	Amidophosphoribosyltransferase
OGCOPLJJ_01192	CDS	1890	htpX_1	3.4.24.-		Protease HtpX
OGCOPLJJ_01193	CDS	651				hypothetical protein
OGCOPLJJ_01194	CDS	966	ghrB	1.1.1.79	COG1052	Glyoxylate/hydroxypyruvate reductase B
OGCOPLJJ_01195	CDS	1437	bepA_2	3.4.-.-	COG4783	Beta-barrel assembly-enhancing protease
OGCOPLJJ_01196	CDS	447	yqeY		COG1610	putative protein YqeY
OGCOPLJJ_01197	CDS	216	rpsU		COG0828	30S ribosomal protein S21
OGCOPLJJ_01198	CDS	1011	tsaD	2.3.1.234	COG0533	tRNA N6-adenosine threonylcarbamoyltransferase
OGCOPLJJ_01199	CDS	1104				hypothetical protein
OGCOPLJJ_01200	CDS	882				hypothetical protein
OGCOPLJJ_01201	CDS	1509				hypothetical protein
OGCOPLJJ_01202	CDS	804	pknD	2.7.11.1		Serine/threonine-protein kinase PknD
OGCOPLJJ_01203	tRNA	85				tRNA-Leu(tag)
OGCOPLJJ_01204	tRNA	74				tRNA-Trp(cca)
OGCOPLJJ_01205	tRNA	85				tRNA-Leu(tag)
OGCOPLJJ_01206	tRNA	74				tRNA-Trp(cca)
OGCOPLJJ_01207	CDS	780				hypothetical protein
OGCOPLJJ_01208	CDS	1176	degS_1	3.4.21.107	COG0265	Serine endoprotease DegS
OGCOPLJJ_01209	CDS	1239	cca		COG0617	Multifunctional CCA protein
OGCOPLJJ_01210	CDS	2271	maeB	1.1.1.40	COG0280	NADP-dependent malic enzyme
OGCOPLJJ_01211	CDS	2850				hypothetical protein
OGCOPLJJ_01212	CDS	723	rsmE_2	2.1.1.193	COG1385	Ribosomal RNA small subunit methyltransferase E
OGCOPLJJ_01213	CDS	837	metF	1.5.1.20	COG0685	5,10-methylenetetrahydrofolate reductase
OGCOPLJJ_01214	CDS	1383	ahcY	3.3.1.1	COG0499	Adenosylhomocysteinase
OGCOPLJJ_01215	CDS	537				hypothetical protein
OGCOPLJJ_01216	CDS	384				hypothetical protein
OGCOPLJJ_01217	CDS	2466	fadE	1.3.8.7	COG1960	Acyl-coenzyme A dehydrogenase
OGCOPLJJ_01218	CDS	1014	lipA_1	2.8.1.8	COG0320	Lipoyl synthase
OGCOPLJJ_01219	CDS	1413	sthA	1.6.1.1	COG1249	Soluble pyridine nucleotide transhydrogenase
OGCOPLJJ_01220	CDS	135				hypothetical protein
OGCOPLJJ_01221	CDS	1215				L-lactate transporter
OGCOPLJJ_01222	CDS	918	cynR_2			HTH-type transcriptional regulator CynR
OGCOPLJJ_01223	CDS	765				hypothetical protein
OGCOPLJJ_01224	CDS	420				hypothetical protein
OGCOPLJJ_01225	CDS	939	fabD_1	2.3.1.39	COG0331	Malonyl CoA-acyl carrier protein transacylase
OGCOPLJJ_01226	CDS	603	mdcG	2.7.7.66		Phosphoribosyl-dephospho-CoA transferase
OGCOPLJJ_01227	CDS	828				hypothetical protein
OGCOPLJJ_01228	CDS	852	madC	2.1.3.10		Malonyl-S-ACP:biotin-protein carboxyltransferase MADC
OGCOPLJJ_01229	CDS	300	mdcC			Malonate decarboxylase acyl carrier protein
OGCOPLJJ_01230	CDS	885	citG	2.4.2.52	COG1767	2-(5''-triphosphoribosyl)-3'-dephosphocoenzyme-A synthase
OGCOPLJJ_01231	CDS	1680	madA	2.3.1.187		Acetyl-S-ACP:malonate ACP transferase
OGCOPLJJ_01232	CDS	915	gcvA_1			Glycine cleavage system transcriptional activator
OGCOPLJJ_01233	CDS	675				hypothetical protein
OGCOPLJJ_01234	CDS	1188	rfnT			Riboflavin transporter RfnT
OGCOPLJJ_01235	CDS	594				hypothetical protein
OGCOPLJJ_01236	CDS	636	paiB		COG2808	Protease synthase and sporulation protein PAI 2
OGCOPLJJ_01237	CDS	1491	gabR_1		COG1167	HTH-type transcriptional regulatory protein GabR
OGCOPLJJ_01238	CDS	690	cidB_2		COG1346	Holin-like protein CidB
OGCOPLJJ_01239	CDS	432	cidA			Holin-like protein CidA
OGCOPLJJ_01240	CDS	906	gltC_2			HTH-type transcriptional regulator GltC
OGCOPLJJ_01241	CDS	627	yfcF	2.5.1.18	COG0625	Glutathione S-transferase YfcF
OGCOPLJJ_01242	CDS	861	yghU	1.8.4.-	COG0625	Disulfide-bond oxidoreductase YghU
OGCOPLJJ_01243	CDS	921	dmlR_3			HTH-type transcriptional regulator DmlR
OGCOPLJJ_01244	CDS	738	fabG_2	1.1.1.100		3-oxoacyl-[acyl-carrier-protein] reductase FabG
OGCOPLJJ_01245	CDS	1392	vgrG1	6.3.2.-		Actin cross-linking toxin VgrG1
OGCOPLJJ_01246	CDS	1833				hypothetical protein
OGCOPLJJ_01247	CDS	4773				hypothetical protein
OGCOPLJJ_01248	CDS	4773				hypothetical protein
OGCOPLJJ_01249	CDS	3051				hypothetical protein
OGCOPLJJ_01250	CDS	3024				hypothetical protein
OGCOPLJJ_01251	CDS	480	ogt_1	2.1.1.63	COG0350	Methylated-DNA--protein-cysteine methyltransferase
OGCOPLJJ_01252	CDS	1221	argJ			Arginine biosynthesis bifunctional protein ArgJ
OGCOPLJJ_01253	CDS	1065	nadA_1	2.5.1.72	COG0379	Quinolinate synthase A
OGCOPLJJ_01254	tRNA	77				tRNA-Pro(tgg)
OGCOPLJJ_01255	tRNA	77				tRNA-Arg(tct)
OGCOPLJJ_01256	tRNA	76				tRNA-His(gtg)
OGCOPLJJ_01257	tRNA	77				tRNA-Pro(tgg)
OGCOPLJJ_01258	CDS	1188	add	3.5.4.4	COG1816	Adenosine deaminase
OGCOPLJJ_01259	CDS	1176	tdh_1	1.1.1.103		L-threonine 3-dehydrogenase
OGCOPLJJ_01260	CDS	948	gcvA_2			Glycine cleavage system transcriptional activator
OGCOPLJJ_01261	CDS	1221	mmgC_6	1.3.99.-	COG1960	Acyl-CoA dehydrogenase
OGCOPLJJ_01262	CDS	1323	yjhB_1			Putative metabolite transport protein YjhB
OGCOPLJJ_01263	CDS	1230	uctC_1	2.8.3.19		Acetyl-CoA:oxalate CoA-transferase
OGCOPLJJ_01264	CDS	1134				hypothetical protein
OGCOPLJJ_01265	CDS	1407				hypothetical protein
OGCOPLJJ_01266	CDS	930				hypothetical protein
OGCOPLJJ_01267	CDS	795	ais	5.3.3.7		Aconitate isomerase
OGCOPLJJ_01268	CDS	1311	proP_1			Proline/betaine transporter
OGCOPLJJ_01269	CDS	930	hdfR_2			HTH-type transcriptional regulator HdfR
OGCOPLJJ_01270	CDS	180				hypothetical protein
OGCOPLJJ_01271	CDS	1122	ribBA_1		COG0108	Riboflavin biosynthesis protein RibBA
OGCOPLJJ_01272	CDS	471	ribH_1	2.5.1.78		6,7-dimethyl-8-ribityllumazine synthase
OGCOPLJJ_01273	CDS	450	nusB_1			Transcription antitermination protein NusB
OGCOPLJJ_01274	CDS	918	thiL_1	2.7.4.16	COG0611	Thiamine-monophosphate kinase
OGCOPLJJ_01275	CDS	516	pgpA_1	3.1.3.27	COG1267	Phosphatidylglycerophosphatase A
OGCOPLJJ_01276	CDS	1365	glmU_1			Bifunctional protein GlmU
OGCOPLJJ_01277	CDS	1839	glmS_1	2.6.1.16	COG0449	Glutamine--fructose-6-phosphate aminotransferase [isomerizing]
OGCOPLJJ_01278	CDS	801	racE_1	5.1.1.3	COG0796	Glutamate racemase 1
OGCOPLJJ_01279	CDS	639			COG0546	putative protein
OGCOPLJJ_01280	CDS	1464				hypothetical protein
OGCOPLJJ_01281	CDS	1392				hypothetical protein
OGCOPLJJ_01282	CDS	639			COG0546	putative protein
OGCOPLJJ_01283	CDS	801	racE_2	5.1.1.3	COG0796	Glutamate racemase 1
OGCOPLJJ_01284	CDS	1839	glmS_2	2.6.1.16	COG0449	Glutamine--fructose-6-phosphate aminotransferase [isomerizing]
OGCOPLJJ_01285	CDS	1365	glmU_2			Bifunctional protein GlmU
OGCOPLJJ_01286	CDS	516	pgpA_2	3.1.3.27	COG1267	Phosphatidylglycerophosphatase A
OGCOPLJJ_01287	CDS	918	thiL_2	2.7.4.16	COG0611	Thiamine-monophosphate kinase
OGCOPLJJ_01288	CDS	450	nusB_2			Transcription antitermination protein NusB
OGCOPLJJ_01289	CDS	471	ribH_2	2.5.1.78		6,7-dimethyl-8-ribityllumazine synthase
OGCOPLJJ_01290	CDS	1122	ribBA_2		COG0108	Riboflavin biosynthesis protein RibBA
OGCOPLJJ_01291	CDS	753	nagR_1		COG2188	HTH-type transcriptional repressor NagR
OGCOPLJJ_01292	CDS	576	ves_1		COG3758	Protein Ves
OGCOPLJJ_01293	CDS	1677	hutU_1	4.2.1.49	COG2987	Urocanate hydratase
OGCOPLJJ_01294	CDS	1539	hutH_1	4.3.1.3	COG2986	Histidine ammonia-lyase
OGCOPLJJ_01295	CDS	1413	proY_1		COG1113	Proline-specific permease ProY
OGCOPLJJ_01296	CDS	1206	hutI_1	3.5.2.7	COG1228	Imidazolonepropionase
OGCOPLJJ_01297	CDS	954	hutG_1	3.5.3.8	COG0010	Formimidoylglutamase
OGCOPLJJ_01298	CDS	552				hypothetical protein
OGCOPLJJ_01299	CDS	258				hypothetical protein
OGCOPLJJ_01300	CDS	186				hypothetical protein
OGCOPLJJ_01301	CDS	552				hypothetical protein
OGCOPLJJ_01302	CDS	954	hutG_2	3.5.3.8	COG0010	Formimidoylglutamase
OGCOPLJJ_01303	CDS	1206	hutI_2	3.5.2.7	COG1228	Imidazolonepropionase
OGCOPLJJ_01304	CDS	1413	proY_2		COG1113	Proline-specific permease ProY
OGCOPLJJ_01305	CDS	1539	hutH_2	4.3.1.3	COG2986	Histidine ammonia-lyase
OGCOPLJJ_01306	CDS	1677	hutU_2	4.2.1.49	COG2987	Urocanate hydratase
OGCOPLJJ_01307	CDS	576	ves_2		COG3758	Protein Ves
OGCOPLJJ_01308	CDS	753	nagR_2		COG2188	HTH-type transcriptional repressor NagR
OGCOPLJJ_01309	CDS	1308	astC_1	2.6.1.81	COG4992	Succinylornithine transaminase
OGCOPLJJ_01310	CDS	1032	astA_1	2.3.1.109	COG3138	Arginine N-succinyltransferase
OGCOPLJJ_01311	CDS	1470	astD_1	1.2.1.71	COG1012	N-succinylglutamate 5-semialdehyde dehydrogenase
OGCOPLJJ_01312	CDS	1344	astB_1	3.5.3.23	COG3724	N-succinylarginine dihydrolase
OGCOPLJJ_01313	CDS	975	astE_1	3.5.1.96	COG2988	Succinylglutamate desuccinylase
OGCOPLJJ_01314	CDS	762				hypothetical protein
OGCOPLJJ_01315	CDS	762				hypothetical protein
OGCOPLJJ_01316	CDS	975	astE_2	3.5.1.96	COG2988	Succinylglutamate desuccinylase
OGCOPLJJ_01317	CDS	1344	astB_2	3.5.3.23	COG3724	N-succinylarginine dihydrolase
OGCOPLJJ_01318	CDS	1470	astD_2	1.2.1.71	COG1012	N-succinylglutamate 5-semialdehyde dehydrogenase
OGCOPLJJ_01319	CDS	1032	astA_2	2.3.1.109	COG3138	Arginine N-succinyltransferase
OGCOPLJJ_01320	CDS	1215	astC_2	2.6.1.81	COG4992	Succinylornithine transaminase
OGCOPLJJ_01321	CDS	1272	gdhA_1	1.4.1.3	COG0334	Glutamate dehydrogenase
OGCOPLJJ_01322	CDS	1272	gdhA_2	1.4.1.3	COG0334	Glutamate dehydrogenase
OGCOPLJJ_01323	CDS	1641	dmdC_2	1.3.8.-	COG1960	3-methylmercaptopropionyl-CoA dehydrogenase
OGCOPLJJ_01324	CDS	804				hypothetical protein
OGCOPLJJ_01325	CDS	3483				hypothetical protein
OGCOPLJJ_01326	CDS	942	dmlR_4			HTH-type transcriptional regulator DmlR
OGCOPLJJ_01327	CDS	903	liuE	4.1.3.26	COG0119	3-hydroxy-3-isohexenylglutaryl-CoA/hydroxy-methylglutaryl-CoA lyase
OGCOPLJJ_01328	CDS	1992	accA1_2		COG4770	Acetyl-/propionyl-coenzyme A carboxylase alpha chain
OGCOPLJJ_01329	CDS	804	dpgD	4.2.1.17		Enoyl-CoA-hydratase
OGCOPLJJ_01330	CDS	1602		2.1.3.1	COG4799	Methylmalonyl-CoA carboxyltransferase 12S subunit
OGCOPLJJ_01331	CDS	1173	mmgC_7	1.3.99.-	COG1960	Acyl-CoA dehydrogenase
OGCOPLJJ_01332	CDS	618	betI_2			HTH-type transcriptional regulator BetI
OGCOPLJJ_01333	CDS	1695	fadD3	6.2.1.41	COG0318	3-[(3aS,4S,7aS)-7a-methyl-1,5-dioxo-octahydro-1H-inden-4-yl]propanoyl:CoA ligase
OGCOPLJJ_01334	CDS	672	cmoA	2.1.3.-		Carboxy-S-adenosyl-L-methionine synthase
OGCOPLJJ_01335	CDS	1287				hypothetical protein
OGCOPLJJ_01336	CDS	414				hypothetical protein
OGCOPLJJ_01337	CDS	723	ygfZ_1			tRNA-modifying protein YgfZ
OGCOPLJJ_01338	CDS	711	dsbC_2		COG1651	putative thiol:disulfide interchange protein DsbC
OGCOPLJJ_01339	CDS	825				hypothetical protein
OGCOPLJJ_01340	CDS	924				hypothetical protein
OGCOPLJJ_01341	CDS	1110	namA_1	1.6.99.1	COG1902	NADPH dehydrogenase
OGCOPLJJ_01342	CDS	2130	cntO_4			Metal-pseudopaline receptor CntO
OGCOPLJJ_01343	CDS	567		3.2.2.-		Putative 3-methyladenine DNA glycosylase
OGCOPLJJ_01344	CDS	825	mutM	3.2.2.23	COG0266	Formamidopyrimidine-DNA glycosylase
OGCOPLJJ_01345	CDS	291	ppiC	5.2.1.8	COG0760	Peptidyl-prolyl cis-trans isomerase C
OGCOPLJJ_01346	CDS	354				hypothetical protein
OGCOPLJJ_01347	CDS	432	mscL		COG1970	Large-conductance mechanosensitive channel
OGCOPLJJ_01348	CDS	1836	typA_1		COG1217	GTP-binding protein TypA/BipA
OGCOPLJJ_01349	CDS	1359	xanP		COG2233	Xanthine permease XanP
OGCOPLJJ_01350	CDS	1014	rsmC	2.1.1.172	COG2813	Ribosomal RNA small subunit methyltransferase C
OGCOPLJJ_01351	CDS	1461	lysP		COG0833	Lysine-specific permease
OGCOPLJJ_01352	CDS	1206	rtcB	6.5.1.-	COG1690	RNA-splicing ligase RtcB
OGCOPLJJ_01353	CDS	159				hypothetical protein
OGCOPLJJ_01354	CDS	1071			COG2885	Outer membrane protein Omp38
OGCOPLJJ_01355	CDS	432				hypothetical protein
OGCOPLJJ_01356	CDS	306				hypothetical protein
OGCOPLJJ_01357	CDS	1437				hypothetical protein
OGCOPLJJ_01358	CDS	924				hypothetical protein
OGCOPLJJ_01359	CDS	534				hypothetical protein
OGCOPLJJ_01360	CDS	318				hypothetical protein
OGCOPLJJ_01361	CDS	828		3.5.2.6	COG2602	Beta-lactamase OXA-133
OGCOPLJJ_01362	CDS	828		3.5.2.6	COG2602	Beta-lactamase OXA-133
OGCOPLJJ_01363	CDS	273	higA-2_1		COG2944	Antitoxin HigA-2
OGCOPLJJ_01364	CDS	321	higB-2_1		COG2026	Toxin HigB-2
OGCOPLJJ_01365	CDS	198				hypothetical protein
OGCOPLJJ_01366	CDS	228				hypothetical protein
OGCOPLJJ_01367	CDS	216	cspE_1			Cold shock-like protein CspE
OGCOPLJJ_01368	CDS	216	cspE_2			Cold shock-like protein CspE
OGCOPLJJ_01369	CDS	228				hypothetical protein
OGCOPLJJ_01370	CDS	198				hypothetical protein
OGCOPLJJ_01371	CDS	321	higB-2_2		COG2026	Toxin HigB-2
OGCOPLJJ_01372	CDS	273	higA-2_2		COG2944	Antitoxin HigA-2
OGCOPLJJ_01373	CDS	828		3.5.2.6	COG2602	Beta-lactamase OXA-133
OGCOPLJJ_01374	CDS	828		3.5.2.6	COG2602	Beta-lactamase OXA-133
OGCOPLJJ_01375	CDS	318				hypothetical protein
OGCOPLJJ_01376	CDS	534				hypothetical protein
OGCOPLJJ_01377	CDS	924				hypothetical protein
OGCOPLJJ_01378	CDS	1437				hypothetical protein
OGCOPLJJ_01379	CDS	306				hypothetical protein
OGCOPLJJ_01380	CDS	432				hypothetical protein
OGCOPLJJ_01381	CDS	114				hypothetical protein
OGCOPLJJ_01382	CDS	387				hypothetical protein
OGCOPLJJ_01383	CDS	843	parA			Chromosome partitioning protein ParA
OGCOPLJJ_01384	CDS	393				hypothetical protein
OGCOPLJJ_01385	CDS	309	bolA		COG0271	DNA-binding transcriptional regulator BolA
OGCOPLJJ_01386	tRNA	76				tRNA-Gly(gcc)
OGCOPLJJ_01387	tRNA	76				tRNA-Gly(gcc)
OGCOPLJJ_01388	CDS	765				hypothetical protein
OGCOPLJJ_01389	CDS	1866	menH_2	4.2.99.20		2-succinyl-6-hydroxy-2,4-cyclohexadiene-1-carboxylate synthase
OGCOPLJJ_01390	CDS	1275				hypothetical protein
OGCOPLJJ_01391	CDS	3651				hypothetical protein
OGCOPLJJ_01392	CDS	3960	dhbF_1		COG1020	Dimodular nonribosomal peptide synthase
OGCOPLJJ_01393	CDS	261	pksN	2.3.1.-	COG1020	Polyketide synthase PksN
OGCOPLJJ_01394	CDS	1794				hypothetical protein
OGCOPLJJ_01395	CDS	1890		6.2.1.-	COG0318	Long-chain-fatty-acid--AMP ligase FadD32
OGCOPLJJ_01396	CDS	402				hypothetical protein
OGCOPLJJ_01397	CDS	708				hypothetical protein
OGCOPLJJ_01398	CDS	864	aes	3.1.1.-		Acetyl esterase
OGCOPLJJ_01399	CDS	744	nudC_1	3.6.1.22		NADH pyrophosphatase
OGCOPLJJ_01400	CDS	1644				hypothetical protein
OGCOPLJJ_01401	CDS	1380	rnhA	3.1.26.4		Ribonuclease H
OGCOPLJJ_01402	CDS	3216				hypothetical protein
OGCOPLJJ_01403	CDS	1836				hypothetical protein
OGCOPLJJ_01404	CDS	1053	yejB		COG4174	Inner membrane ABC transporter permease protein YejB
OGCOPLJJ_01405	CDS	1011	yejE		COG4239	Inner membrane ABC transporter permease protein YejE
OGCOPLJJ_01406	CDS	1590	yejF		COG4172	putative ABC transporter ATP-binding protein YejF
OGCOPLJJ_01407	CDS	1245	namA_2	1.6.99.1		NADPH dehydrogenase
OGCOPLJJ_01408	CDS	2115	cntO_5			Metal-pseudopaline receptor CntO
OGCOPLJJ_01409	CDS	1530	leuC_1	4.2.1.33	COG0065	3-isopropylmalate dehydratase large subunit
OGCOPLJJ_01410	CDS	648	leuD	4.2.1.33	COG0066	3-isopropylmalate dehydratase small subunit
OGCOPLJJ_01411	CDS	591				hypothetical protein
OGCOPLJJ_01412	CDS	1080	leuB_1	1.1.1.85	COG0473	3-isopropylmalate dehydrogenase
OGCOPLJJ_01413	CDS	408				hypothetical protein
OGCOPLJJ_01414	CDS	222	infA		COG0361	Translation initiation factor IF-1
OGCOPLJJ_01415	CDS	1011				putative HTH-type transcriptional regulator
OGCOPLJJ_01416	CDS	798	truA	5.4.99.12	COG0101	tRNA pseudouridine synthase A
OGCOPLJJ_01417	CDS	948	ansA	3.5.1.1	COG0252	L-asparaginase 1
OGCOPLJJ_01418	CDS	1260				hypothetical protein
OGCOPLJJ_01419	CDS	1365				hypothetical protein
OGCOPLJJ_01420	CDS	1119	asd	1.2.1.11	COG0136	Aspartate-semialdehyde dehydrogenase
OGCOPLJJ_01421	CDS	1122				hypothetical protein
OGCOPLJJ_01422	CDS	1287	gltP_2		COG1301	Proton/glutamate-aspartate symporter
OGCOPLJJ_01423	CDS	1101	mshA_2	2.4.1.250		D-inositol-3-phosphate glycosyltransferase
OGCOPLJJ_01424	CDS	936	lpxL_1	2.3.1.241	COG1560	Lipid A biosynthesis lauroyltransferase
OGCOPLJJ_01425	CDS	471				hypothetical protein
OGCOPLJJ_01426	CDS	795	COQ5_2	2.1.1.163		2-methoxy-6-polyprenyl-1,4-benzoquinol methylase, mitochondrial
OGCOPLJJ_01427	CDS	534				hypothetical protein
OGCOPLJJ_01428	CDS	564				hypothetical protein
OGCOPLJJ_01429	CDS	468				hypothetical protein
OGCOPLJJ_01430	CDS	597				hypothetical protein
OGCOPLJJ_01431	CDS	141				hypothetical protein
OGCOPLJJ_01432	CDS	141				hypothetical protein
OGCOPLJJ_01433	CDS	597				hypothetical protein
OGCOPLJJ_01434	CDS	468				hypothetical protein
OGCOPLJJ_01435	CDS	564				hypothetical protein
OGCOPLJJ_01436	CDS	534				hypothetical protein
OGCOPLJJ_01437	CDS	795	COQ5_3	2.1.1.163		2-methoxy-6-polyprenyl-1,4-benzoquinol methylase, mitochondrial
OGCOPLJJ_01438	CDS	1344				hypothetical protein
OGCOPLJJ_01439	CDS	639				hypothetical protein
OGCOPLJJ_01440	CDS	795	COQ5_4	2.1.1.163		2-methoxy-6-polyprenyl-1,4-benzoquinol methylase, mitochondrial
OGCOPLJJ_01441	CDS	534				hypothetical protein
OGCOPLJJ_01442	CDS	564				hypothetical protein
OGCOPLJJ_01443	CDS	468				hypothetical protein
OGCOPLJJ_01444	CDS	597				hypothetical protein
OGCOPLJJ_01445	CDS	141				hypothetical protein
OGCOPLJJ_01446	CDS	141				hypothetical protein
OGCOPLJJ_01447	CDS	597				hypothetical protein
OGCOPLJJ_01448	CDS	468				hypothetical protein
OGCOPLJJ_01449	CDS	564				hypothetical protein
OGCOPLJJ_01450	CDS	534				hypothetical protein
OGCOPLJJ_01451	CDS	795	COQ5_5	2.1.1.163		2-methoxy-6-polyprenyl-1,4-benzoquinol methylase, mitochondrial
OGCOPLJJ_01452	CDS	273				hypothetical protein
OGCOPLJJ_01453	CDS	681				hypothetical protein
OGCOPLJJ_01454	CDS	117				hypothetical protein
OGCOPLJJ_01455	CDS	123				hypothetical protein
OGCOPLJJ_01456	CDS	1395				hypothetical protein
OGCOPLJJ_01457	CDS	768				hypothetical protein
OGCOPLJJ_01458	CDS	1494				hypothetical protein
OGCOPLJJ_01459	CDS	885	prs2	2.7.6.1		Putative ribose-phosphate pyrophosphokinase 2
OGCOPLJJ_01460	CDS	807				hypothetical protein
OGCOPLJJ_01461	CDS	789	nimR_2			HTH-type transcriptional regulator NimR
OGCOPLJJ_01462	CDS	492				hypothetical protein
OGCOPLJJ_01463	CDS	765	fepC		COG1120	Ferric enterobactin transport ATP-binding protein FepC
OGCOPLJJ_01464	CDS	966			COG0609	putative ABC transporter permease protein
OGCOPLJJ_01465	CDS	1020	btuF_1			Vitamin B12-binding protein
OGCOPLJJ_01466	CDS	1053	adhA	1.1.1.-	COG1064	putative formaldehyde dehydrogenase AdhA
OGCOPLJJ_01467	CDS	885	rhaS_1			HTH-type transcriptional activator RhaS
OGCOPLJJ_01468	CDS	873	glxR_2	1.1.1.60	COG2084	2-hydroxy-3-oxopropionate reductase
OGCOPLJJ_01469	CDS	1377	ttuB_2			Putative tartrate transporter
OGCOPLJJ_01470	CDS	972	denD	1.1.1.410	COG0451	D-erythronate dehydrogenase
OGCOPLJJ_01471	CDS	1158	atoC_1		COG2204	Regulatory protein AtoC
OGCOPLJJ_01472	CDS	1185		3.4.21.-		putative CtpA-like serine protease
OGCOPLJJ_01473	CDS	1548	gpmI_1	5.4.2.12	COG0696	2,3-bisphosphoglycerate-independent phosphoglycerate mutase
OGCOPLJJ_01474	CDS	1071	lptG_1		COG0795	Lipopolysaccharide export system permease protein LptG
OGCOPLJJ_01475	CDS	1101	lptF_1		COG0795	Lipopolysaccharide export system permease protein LptF
OGCOPLJJ_01476	CDS	1449	pepA_1	3.4.11.10		cytosol aminopeptidase
OGCOPLJJ_01477	CDS	408				hypothetical protein
OGCOPLJJ_01478	CDS	636				hypothetical protein
OGCOPLJJ_01479	CDS	636				hypothetical protein
OGCOPLJJ_01480	CDS	408				hypothetical protein
OGCOPLJJ_01481	CDS	1449	pepA_2	3.4.11.10		cytosol aminopeptidase
OGCOPLJJ_01482	CDS	1101	lptF_2		COG0795	Lipopolysaccharide export system permease protein LptF
OGCOPLJJ_01483	CDS	1071	lptG_2		COG0795	Lipopolysaccharide export system permease protein LptG
OGCOPLJJ_01484	CDS	1548	gpmI_2	5.4.2.12	COG0696	2,3-bisphosphoglycerate-independent phosphoglycerate mutase
OGCOPLJJ_01485	CDS	1185		3.4.21.-		putative CtpA-like serine protease
OGCOPLJJ_01486	CDS	1158	atoC_2		COG2204	Regulatory protein AtoC
OGCOPLJJ_01487	CDS	1101	mdtA_1			Multidrug resistance protein MdtA
OGCOPLJJ_01488	CDS	3126	czcA_1			Cobalt-zinc-cadmium resistance protein CzcA
OGCOPLJJ_01489	CDS	378				hypothetical protein
OGCOPLJJ_01490	CDS	1113	dnaJ_1		COG0484	Chaperone protein DnaJ
OGCOPLJJ_01491	CDS	351				hypothetical protein
OGCOPLJJ_01492	CDS	822	dapB_1	1.17.1.8	COG0289	4-hydroxy-tetrahydrodipicolinate reductase
OGCOPLJJ_01493	CDS	654				hypothetical protein
OGCOPLJJ_01494	CDS	1191	ydhP_1		COG2814	Inner membrane transport protein YdhP
OGCOPLJJ_01495	CDS	804	dkgB	1.1.1.346	COG0656	2,5-diketo-D-gluconic acid reductase B
OGCOPLJJ_01496	CDS	903	dmlR_5			HTH-type transcriptional regulator DmlR
OGCOPLJJ_01497	CDS	375				hypothetical protein
OGCOPLJJ_01498	CDS	1425	norG_1		COG1167	HTH-type transcriptional regulator NorG
OGCOPLJJ_01499	CDS	1029	ahr	1.1.1.2	COG1064	Aldehyde reductase Ahr
OGCOPLJJ_01500	CDS	561	tag	3.2.2.20	COG2818	DNA-3-methyladenine glycosylase 1
OGCOPLJJ_01501	CDS	246				hypothetical protein
OGCOPLJJ_01502	CDS	537				hypothetical protein
OGCOPLJJ_01503	CDS	1035	mutY	3.2.2.31	COG1194	Adenine DNA glycosylase
OGCOPLJJ_01504	CDS	363				hypothetical protein
OGCOPLJJ_01505	CDS	537				hypothetical protein
OGCOPLJJ_01506	CDS	726				hypothetical protein
OGCOPLJJ_01507	CDS	309				hypothetical protein
OGCOPLJJ_01508	CDS	222				hypothetical protein
OGCOPLJJ_01509	CDS	360				hypothetical protein
OGCOPLJJ_01510	CDS	465				hypothetical protein
OGCOPLJJ_01511	CDS	390				hypothetical protein
OGCOPLJJ_01512	CDS	2751				hypothetical protein
OGCOPLJJ_01513	CDS	891				hypothetical protein
OGCOPLJJ_01514	CDS	498				hypothetical protein
OGCOPLJJ_01515	CDS	294				hypothetical protein
OGCOPLJJ_01516	CDS	720				hypothetical protein
OGCOPLJJ_01517	CDS	240				hypothetical protein
OGCOPLJJ_01518	CDS	162				hypothetical protein
OGCOPLJJ_01519	CDS	441				hypothetical protein
OGCOPLJJ_01520	CDS	426				hypothetical protein
OGCOPLJJ_01521	CDS	459				hypothetical protein
OGCOPLJJ_01522	CDS	630				hypothetical protein
OGCOPLJJ_01523	CDS	315				hypothetical protein
OGCOPLJJ_01524	CDS	252				hypothetical protein
OGCOPLJJ_01525	CDS	282				hypothetical protein
OGCOPLJJ_01526	CDS	1020				hypothetical protein
OGCOPLJJ_01527	tRNA	77				tRNA-Val(gac)
OGCOPLJJ_01528	CDS	303				hypothetical protein
OGCOPLJJ_01529	CDS	2097	cstA		COG1966	Peptide transporter CstA
OGCOPLJJ_01530	CDS	570	efp_1		COG0231	Elongation factor P
OGCOPLJJ_01531	CDS	1017	epmB	5.4.3.-	COG1509	L-lysine 2,3-aminomutase
OGCOPLJJ_01532	CDS	447				hypothetical protein
OGCOPLJJ_01533	CDS	1014	oprD	3.4.21.-		Porin D
OGCOPLJJ_01534	CDS	528	ppa	3.6.1.1	COG0221	Inorganic pyrophosphatase
OGCOPLJJ_01535	CDS	399				hypothetical protein
OGCOPLJJ_01536	CDS	384				hypothetical protein
OGCOPLJJ_01537	CDS	1680	fadD	6.2.1.3	COG0318	Long-chain-fatty-acid--CoA ligase
OGCOPLJJ_01538	CDS	2220	parC	5.6.2.2	COG0188	DNA topoisomerase 4 subunit A
OGCOPLJJ_01539	CDS	1320	naiP_2			Putative niacin/nicotinamide transporter NaiP
OGCOPLJJ_01540	CDS	645				hypothetical protein
OGCOPLJJ_01541	CDS	468				hypothetical protein
OGCOPLJJ_01542	CDS	1593				hypothetical protein
OGCOPLJJ_01543	CDS	624				hypothetical protein
OGCOPLJJ_01544	CDS	1392	hsrA_1			putative transport protein HsrA
OGCOPLJJ_01545	CDS	759				hypothetical protein
OGCOPLJJ_01546	CDS	1056	dinB_1	2.7.7.7	COG0389	DNA polymerase IV
OGCOPLJJ_01547	CDS	354			COG0251	RutC family protein
OGCOPLJJ_01548	CDS	501				hypothetical protein
OGCOPLJJ_01549	CDS	1149	puuA_1	6.3.1.11	COG0174	Gamma-glutamylputrescine synthetase PuuA
OGCOPLJJ_01550	CDS	717	kdpE		COG0745	KDP operon transcriptional regulatory protein KdpE
OGCOPLJJ_01551	CDS	2655	kdpD	2.7.13.3	COG2205	Sensor protein KdpD
OGCOPLJJ_01552	CDS	606	kdpC		COG2156	Potassium-transporting ATPase KdpC subunit
OGCOPLJJ_01553	CDS	2034	kdpB_1	7.2.2.6	COG2216	Potassium-transporting ATPase ATP-binding subunit
OGCOPLJJ_01554	CDS	1710	kdpA		COG2060	Potassium-transporting ATPase potassium-binding subunit
OGCOPLJJ_01555	CDS	135				hypothetical protein
OGCOPLJJ_01556	CDS	438				hypothetical protein
OGCOPLJJ_01557	CDS	381	folB	4.1.2.25	COG1539	Dihydroneopterin aldolase
OGCOPLJJ_01558	CDS	1299			COG0661	putative protein
OGCOPLJJ_01559	CDS	777	moeB	2.7.7.80	COG0476	Molybdopterin-synthase adenylyltransferase
OGCOPLJJ_01560	CDS	579				hypothetical protein
OGCOPLJJ_01561	CDS	1644	acsA_2	6.2.1.1	COG0365	Acetyl-coenzyme A synthetase
OGCOPLJJ_01562	CDS	1137	mmgC_8	1.3.99.-	COG1960	Acyl-CoA dehydrogenase
OGCOPLJJ_01563	CDS	771		1.-.-.-		putative oxidoreductase
OGCOPLJJ_01564	CDS	216				hypothetical protein
OGCOPLJJ_01565	CDS	582	cysQ	3.1.3.7	COG1218	3'(2'),5'-bisphosphate nucleotidase CysQ
OGCOPLJJ_01566	CDS	735				hypothetical protein
OGCOPLJJ_01567	CDS	267	rpsT		COG0268	30S ribosomal protein S20
OGCOPLJJ_01568	CDS	666				hypothetical protein
OGCOPLJJ_01569	CDS	507		4.1.3.17	COG0684	Putative 4-hydroxy-4-methyl-2-oxoglutarate aldolase
OGCOPLJJ_01570	CDS	780				hypothetical protein
OGCOPLJJ_01571	CDS	942	yfeX_1	1.11.1.-	COG2837	Dye-decolorizing peroxidase YfeX
OGCOPLJJ_01572	CDS	357				hypothetical protein
OGCOPLJJ_01573	CDS	3462	mfd_1	3.6.4.-	COG1197	Transcription-repair-coupling factor
OGCOPLJJ_01574	CDS	435				hypothetical protein
OGCOPLJJ_01575	CDS	1470				hypothetical protein
OGCOPLJJ_01576	CDS	339	fdx_2		COG0633	2Fe-2S ferredoxin
OGCOPLJJ_01577	CDS	1860	hscA		COG0443	Chaperone protein HscA
OGCOPLJJ_01578	CDS	519	hscB		COG1076	Co-chaperone protein HscB 
OGCOPLJJ_01579	CDS	321	iscA		COG0316	Iron-binding protein IscA
OGCOPLJJ_01580	CDS	387	iscU		COG0822	Iron-sulfur cluster assembly scaffold protein IscU
OGCOPLJJ_01581	CDS	1218	iscS_1	2.8.1.7	COG1104	Cysteine desulfurase IscS
OGCOPLJJ_01582	CDS	474	iscR_1		COG1959	HTH-type transcriptional regulator IscR
OGCOPLJJ_01583	CDS	180				hypothetical protein
OGCOPLJJ_01584	CDS	501				hypothetical protein
OGCOPLJJ_01585	CDS	1230				Iron-sulfur cluster carrier protein
OGCOPLJJ_01586	CDS	228				hypothetical protein
OGCOPLJJ_01587	CDS	873	mtnN_1	3.2.2.9	COG0775	5'-methylthioadenosine/S-adenosylhomocysteine nucleosidase
OGCOPLJJ_01588	CDS	567				hypothetical protein
OGCOPLJJ_01589	CDS	594				hypothetical protein
OGCOPLJJ_01590	CDS	570	dcd	3.5.4.13		dCTP deaminase
OGCOPLJJ_01591	CDS	1350				hypothetical protein
OGCOPLJJ_01592	CDS	2094				hypothetical protein
OGCOPLJJ_01593	CDS	726				hypothetical protein
OGCOPLJJ_01594	CDS	2412				hypothetical protein
OGCOPLJJ_01595	CDS	954				hypothetical protein
OGCOPLJJ_01596	CDS	945	dusC	1.3.1.-	COG0042	tRNA-dihydrouridine(16) synthase
OGCOPLJJ_01597	CDS	810	ypjD		COG4137	Inner membrane protein YpjD
OGCOPLJJ_01598	CDS	192				hypothetical protein
OGCOPLJJ_01599	CDS	582				hypothetical protein
OGCOPLJJ_01600	CDS	1884	parE_1	5.6.2.2	COG0187	DNA topoisomerase 4 subunit B
OGCOPLJJ_01601	CDS	795	fabG_3	1.1.1.100		3-oxoacyl-[acyl-carrier-protein] reductase FabG
OGCOPLJJ_01602	CDS	504	allA	4.3.2.3	COG3194	Ureidoglycolate lyase
OGCOPLJJ_01603	CDS	1011	alc	3.5.3.4		allantoicase
OGCOPLJJ_01604	CDS	1158	hpxO	1.14.13.113	COG0654	FAD-dependent urate hydroxylase
OGCOPLJJ_01605	CDS	726				hypothetical protein
OGCOPLJJ_01606	CDS	1368	pucK		COG2233	Uric acid permease PucK
OGCOPLJJ_01607	CDS	324	hiuH	3.5.2.17		5-hydroxyisourate hydrolase
OGCOPLJJ_01608	CDS	504	uao			Uric acid degradation bifunctional protein
OGCOPLJJ_01609	CDS	966				hypothetical protein
OGCOPLJJ_01610	CDS	351				hypothetical protein
OGCOPLJJ_01611	CDS	546				hypothetical protein
OGCOPLJJ_01612	CDS	768				hypothetical protein
OGCOPLJJ_01613	CDS	1815	dsbD	1.8.1.8	COG4232	Thiol:disulfide interchange protein DsbD
OGCOPLJJ_01614	CDS	333	dgcQ_1	2.7.7.65		putative diguanylate cyclase DgcQ
OGCOPLJJ_01615	CDS	327				Thioredoxin C-2
OGCOPLJJ_01616	CDS	1521	ppx	3.6.1.11	COG0248	Exopolyphosphatase
OGCOPLJJ_01617	CDS	822	accA_1	2.1.3.15	COG0825	Acetyl-coenzyme A carboxylase carboxyl transferase subunit alpha
OGCOPLJJ_01618	CDS	1284	tilS	6.3.4.19	COG0037	tRNA(Ile)-lysidine synthase
OGCOPLJJ_01619	CDS	783	proC	1.5.1.2	COG0345	Pyrroline-5-carboxylate reductase
OGCOPLJJ_01620	CDS	570				hypothetical protein
OGCOPLJJ_01621	CDS	2772	polA	2.7.7.7	COG0258	DNA polymerase I
OGCOPLJJ_01622	CDS	2808				hypothetical protein
OGCOPLJJ_01623	CDS	918	mscS		COG0668	Small-conductance mechanosensitive channel
OGCOPLJJ_01624	CDS	822				hypothetical protein
OGCOPLJJ_01625	CDS	1491	epsE		COG2804	Type II secretion system protein E
OGCOPLJJ_01626	CDS	318	ohrB		COG1764	Organic hydroperoxide resistance protein OhrB
OGCOPLJJ_01627	CDS	2763				hypothetical protein
OGCOPLJJ_01628	CDS	384				hypothetical protein
OGCOPLJJ_01629	CDS	633				hypothetical protein
OGCOPLJJ_01630	CDS	1464				hypothetical protein
OGCOPLJJ_01631	CDS	378				hypothetical protein
OGCOPLJJ_01632	CDS	612	thiE_3	2.5.1.3	COG0352	Thiamine-phosphate synthase
OGCOPLJJ_01633	CDS	1299	hemL	5.4.3.8	COG0001	Glutamate-1-semialdehyde 2,1-aminomutase
OGCOPLJJ_01634	CDS	705				hypothetical protein
OGCOPLJJ_01635	CDS	639	rluA_2	5.4.99.28	COG0564	Dual-specificity RNA pseudouridine synthase RluA
OGCOPLJJ_01636	CDS	2838	rapA_1	3.6.4.-	COG0553	RNA polymerase-associated protein RapA
OGCOPLJJ_01637	CDS	1017				hypothetical protein
OGCOPLJJ_01638	CDS	696	fabR_2		COG1309	HTH-type transcriptional repressor FabR
OGCOPLJJ_01639	CDS	1071		1.-.-.-	COG1018	NADPH oxidoreductase
OGCOPLJJ_01640	CDS	213				hypothetical protein
OGCOPLJJ_01641	CDS	873	ephD	1.-.-.-	COG1028	putative oxidoreductase EphD
OGCOPLJJ_01642	CDS	498				hypothetical protein
OGCOPLJJ_01643	CDS	357				hypothetical protein
OGCOPLJJ_01644	CDS	366				hypothetical protein
OGCOPLJJ_01645	CDS	4194	rpoC_1	2.7.7.6	COG0086	DNA-directed RNA polymerase subunit beta'
OGCOPLJJ_01646	CDS	4089	rpoB	2.7.7.6	COG0085	DNA-directed RNA polymerase subunit beta
OGCOPLJJ_01647	CDS	372	rplL			50S ribosomal protein L7/L12
OGCOPLJJ_01648	CDS	507	rplJ		COG0244	50S ribosomal protein L10
OGCOPLJJ_01649	CDS	696	rplA		COG0081	50S ribosomal protein L1
OGCOPLJJ_01650	CDS	429	rplK_1		COG0080	50S ribosomal protein L11
OGCOPLJJ_01651	CDS	534	nusG_1		COG0250	Transcription termination/antitermination protein NusG
OGCOPLJJ_01652	CDS	441	secE			Protein translocase subunit SecE
OGCOPLJJ_01653	tRNA	76				tRNA-Trp(cca)
OGCOPLJJ_01654	CDS	111	tufB_1		COG0050	Elongation factor Tu 2
OGCOPLJJ_01655	CDS	285	vfr		COG0664	Cyclic AMP receptor-like protein
OGCOPLJJ_01656	CDS	1050	tas		COG0667	Protein tas
OGCOPLJJ_01657	CDS	786	loiP	3.4.24.-	COG0501	Metalloprotease LoiP
OGCOPLJJ_01658	CDS	318				hypothetical protein
OGCOPLJJ_01659	CDS	1320	purA	6.3.4.4	COG0104	Adenylosuccinate synthetase
OGCOPLJJ_01660	CDS	1167	hisZ		COG3705	ATP phosphoribosyltransferase regulatory subunit
OGCOPLJJ_01661	CDS	1026	epd	1.2.1.72	COG0057	D-erythrose-4-phosphate dehydrogenase
OGCOPLJJ_01662	CDS	2637	alaS_1	6.1.1.7	COG0013	Alanine--tRNA ligase
OGCOPLJJ_01663	CDS	1281		2.7.2.4	COG0527	Aspartate kinase
OGCOPLJJ_01664	CDS	255	csrA			Translational regulator CsrA
OGCOPLJJ_01665	CDS	567	rnhB	3.1.26.4	COG0164	Ribonuclease HII
OGCOPLJJ_01666	CDS	390				hypothetical protein
OGCOPLJJ_01667	CDS	558	yceJ_2		COG3038	Cytochrome b561 
OGCOPLJJ_01668	CDS	999		3.5.4.2	COG1816	Adenine deaminase
OGCOPLJJ_01669	CDS	1320	adeP		COG2252	Adenine permease AdeP
OGCOPLJJ_01670	CDS	3687	metH	2.1.1.13	COG0646	Methionine synthase
OGCOPLJJ_01671	CDS	1005	aptB	2.2.1.-	COG3958	Apulose-4-phosphate transketolase subunit B
OGCOPLJJ_01672	CDS	852	aptA	2.2.1.-	COG3959	Apulose-4-phosphate transketolase subunit A
OGCOPLJJ_01673	CDS	1329	nicT			Putative metabolite transport protein NicT
OGCOPLJJ_01674	CDS	750	fabG_4	1.1.1.100		3-oxoacyl-[acyl-carrier-protein] reductase FabG
OGCOPLJJ_01675	CDS	906	perR			HTH-type transcriptional regulator PerR
OGCOPLJJ_01676	CDS	447				hypothetical protein
OGCOPLJJ_01677	CDS	1146	mro	5.1.3.3	COG2017	Aldose 1-epimerase
OGCOPLJJ_01678	CDS	1221	fsr			Fosmidomycin resistance protein
OGCOPLJJ_01679	CDS	789	nimR_3			HTH-type transcriptional regulator NimR
OGCOPLJJ_01680	CDS	1323	glsA	3.5.1.2		Glutaminase
OGCOPLJJ_01681	CDS	477	def_1	3.5.1.88	COG0242	Peptide deformylase
OGCOPLJJ_01682	CDS	1341	fimW			Cyclic-di-GMP receptor FimW
OGCOPLJJ_01683	CDS	2109				hypothetical protein
OGCOPLJJ_01684	CDS	225	rpmE		COG0254	50S ribosomal protein L31
OGCOPLJJ_01685	CDS	966				hypothetical protein
OGCOPLJJ_01686	CDS	402	gloA	4.4.1.5	COG0346	Lactoylglutathione lyase
OGCOPLJJ_01687	CDS	2190				hypothetical protein
OGCOPLJJ_01688	CDS	2619	lon	3.4.21.53		Lon protease
OGCOPLJJ_01689	CDS	930	dmlR_6			HTH-type transcriptional regulator DmlR
OGCOPLJJ_01690	CDS	831	nlpD			Murein hydrolase activator NlpD
OGCOPLJJ_01691	CDS	768	surE_1	3.1.3.5	COG0496	5'-nucleotidase SurE
OGCOPLJJ_01692	CDS	372				hypothetical protein
OGCOPLJJ_01693	CDS	423				hypothetical protein
OGCOPLJJ_01694	CDS	1149	dacA	3.4.16.4	COG1686	D-alanyl-D-alanine carboxypeptidase DacA
OGCOPLJJ_01695	CDS	516	dsbB			Disulfide bond formation protein B
OGCOPLJJ_01696	CDS	1578	gshA	6.3.2.2	COG2918	Glutamate--cysteine ligase
OGCOPLJJ_01697	CDS	540				hypothetical protein
OGCOPLJJ_01698	CDS	564				hypothetical protein
OGCOPLJJ_01699	CDS	1311				hypothetical protein
OGCOPLJJ_01700	CDS	1155	ybdL	2.6.1.88	COG0436	Methionine aminotransferase
OGCOPLJJ_01701	CDS	1368	mepA_1			Multidrug export protein MepA
OGCOPLJJ_01702	CDS	834	sadH_1	1.-.-.-		Putative oxidoreductase SadH
OGCOPLJJ_01703	CDS	672				hypothetical protein
OGCOPLJJ_01704	CDS	711	phoB		COG0745	Phosphate regulon transcriptional regulatory protein PhoB
OGCOPLJJ_01705	CDS	1359	phoR_1	2.7.13.3		Phosphate regulon sensor protein PhoR
OGCOPLJJ_01706	CDS	1197				hypothetical protein
OGCOPLJJ_01707	CDS	1122	yliI	1.1.5.-	COG2133	Aldose sugar dehydrogenase YliI
OGCOPLJJ_01708	CDS	1266	rarA		COG2256	Replication-associated recombination protein A
OGCOPLJJ_01709	CDS	840	yfdC		COG2116	Inner membrane protein YfdC
OGCOPLJJ_01710	CDS	204				hypothetical protein
OGCOPLJJ_01711	CDS	720	purC_1	6.3.2.6	COG0152	Phosphoribosylaminoimidazole-succinocarboxamide synthase
OGCOPLJJ_01712	CDS	606				hypothetical protein
OGCOPLJJ_01713	CDS	894	dapA_2	4.3.3.7	COG0329	4-hydroxy-tetrahydrodipicolinate synthase
OGCOPLJJ_01714	CDS	645	pncA	3.5.1.19	COG1335	Nicotinamidase
OGCOPLJJ_01715	CDS	939	panS		COG0385	Pantothenate precursors transporter PanS
OGCOPLJJ_01716	CDS	1344	norM_2		COG0534	Multidrug resistance protein NorM
OGCOPLJJ_01717	CDS	474				hypothetical protein
OGCOPLJJ_01718	CDS	1056	hpd	1.13.11.27		4-hydroxyphenylpyruvate dioxygenase
OGCOPLJJ_01719	CDS	780				hypothetical protein
OGCOPLJJ_01720	CDS	549	fosB	2.5.1.-		Metallothiol transferase FosB
OGCOPLJJ_01721	CDS	633	nagL	5.2.1.4		Maleylpyruvate isomerase
OGCOPLJJ_01722	CDS	1308				hypothetical protein
OGCOPLJJ_01723	CDS	1236	moeA	2.10.1.1		Molybdopterin molybdenumtransferase
OGCOPLJJ_01724	CDS	924	moaC_1			Cyclic pyranopterin monophosphate synthase
OGCOPLJJ_01725	CDS	489	moaE1	2.8.1.12	COG0314	Molybdopterin synthase catalytic subunit 1
OGCOPLJJ_01726	CDS	255				hypothetical protein
OGCOPLJJ_01727	CDS	1035	moaA_1	4.1.99.22	COG2896	GTP 3',8-cyclase
OGCOPLJJ_01728	CDS	2022	napA_1	1.9.6.1		Periplasmic nitrate reductase
OGCOPLJJ_01729	CDS	408	napA_2	1.9.6.1		Periplasmic nitrate reductase
OGCOPLJJ_01730	CDS	630	mobA	2.7.7.77	COG0746	Molybdenum cofactor guanylyltransferase
OGCOPLJJ_01731	CDS	2781	nasA	1.7.-.-		Nitrate reductase
OGCOPLJJ_01732	CDS	1623	norW	1.18.1.-		Nitric oxide reductase FlRd-NAD(+) reductase
OGCOPLJJ_01733	CDS	2547	nasD_1	1.7.1.4	COG1251	Nitrite reductase [NAD(P)H]
OGCOPLJJ_01734	CDS	342				hypothetical protein
OGCOPLJJ_01735	CDS	438	pheA2_1	5.4.99.5	COG1605	Secreted chorismate mutase
OGCOPLJJ_01736	CDS	684				hypothetical protein
OGCOPLJJ_01737	CDS	762				hypothetical protein
OGCOPLJJ_01738	CDS	687				hypothetical protein
OGCOPLJJ_01739	CDS	1020				hypothetical protein
OGCOPLJJ_01740	CDS	1866	yehB_1		COG3188	Outer membrane usher protein YehB
OGCOPLJJ_01741	CDS	471				hypothetical protein
OGCOPLJJ_01742	CDS	705				hypothetical protein
OGCOPLJJ_01743	CDS	444				hypothetical protein
OGCOPLJJ_01744	CDS	444				hypothetical protein
OGCOPLJJ_01745	CDS	705				hypothetical protein
OGCOPLJJ_01746	CDS	471				hypothetical protein
OGCOPLJJ_01747	CDS	1866	yehB_2		COG3188	Outer membrane usher protein YehB
OGCOPLJJ_01748	CDS	1020				hypothetical protein
OGCOPLJJ_01749	CDS	687				hypothetical protein
OGCOPLJJ_01750	CDS	762				hypothetical protein
OGCOPLJJ_01751	CDS	684				hypothetical protein
OGCOPLJJ_01752	CDS	438	pheA2_2	5.4.99.5	COG1605	Secreted chorismate mutase
OGCOPLJJ_01753	CDS	219				hypothetical protein
OGCOPLJJ_01754	CDS	660	ribE_1	2.5.1.9		Riboflavin synthase
OGCOPLJJ_01755	CDS	1293				hypothetical protein
OGCOPLJJ_01756	CDS	1086	ribD_1		COG0117	Riboflavin biosynthesis protein RibD
OGCOPLJJ_01757	CDS	459	nrdR_1		COG1327	Transcriptional repressor NrdR
OGCOPLJJ_01758	CDS	1398	amtB_1			Ammonia channel
OGCOPLJJ_01759	CDS	339	glnK_1		COG0347	Nitrogen regulatory protein P-II 2
OGCOPLJJ_01760	CDS	228	ubiK_1			Ubiquinone biosynthesis accessory factor UbiK
OGCOPLJJ_01761	CDS	858	comM_1		COG0606	Competence protein ComM
OGCOPLJJ_01762	CDS	858	comM_2		COG0606	Competence protein ComM
OGCOPLJJ_01763	CDS	228	ubiK_2			Ubiquinone biosynthesis accessory factor UbiK
OGCOPLJJ_01764	CDS	339	glnK_2		COG0347	Nitrogen regulatory protein P-II 2
OGCOPLJJ_01765	CDS	1398	amtB_2			Ammonia channel
OGCOPLJJ_01766	CDS	459	nrdR_2		COG1327	Transcriptional repressor NrdR
OGCOPLJJ_01767	CDS	1086	ribD_2		COG0117	Riboflavin biosynthesis protein RibD
OGCOPLJJ_01768	CDS	1293				hypothetical protein
OGCOPLJJ_01769	CDS	660	ribE_2	2.5.1.9		Riboflavin synthase
OGCOPLJJ_01770	CDS	219				hypothetical protein
OGCOPLJJ_01771	CDS	1302	hom	1.1.1.3	COG0460	Homoserine dehydrogenase
OGCOPLJJ_01772	CDS	816				hypothetical protein
OGCOPLJJ_01773	CDS	921	xerD_2		COG4974	Tyrosine recombinase XerD
OGCOPLJJ_01774	CDS	300				hypothetical protein
OGCOPLJJ_01775	CDS	1854	feoB		COG0370	Fe(2+) transporter FeoB
OGCOPLJJ_01776	CDS	252				hypothetical protein
OGCOPLJJ_01777	CDS	1347	murD_1	6.3.2.9	COG0771	UDP-N-acetylmuramoylalanine--D-glutamate ligase
OGCOPLJJ_01778	CDS	1197	ftsW	2.4.1.129	COG0772	putative peptidoglycan glycosyltransferase FtsW
OGCOPLJJ_01779	CDS	933	gluQ	6.1.1.-	COG0008	Glutamyl-Q tRNA(Asp) synthetase
OGCOPLJJ_01780	CDS	537	dksA		COG1734	RNA polymerase-binding transcription factor DksA
OGCOPLJJ_01781	CDS	813	cpdA_3	3.1.4.53	COG1409	3',5'-cyclic adenosine monophosphate phosphodiesterase CpdA
OGCOPLJJ_01782	CDS	627	nudF	3.6.1.13		ADP-ribose pyrophosphatase
OGCOPLJJ_01783	CDS	1878	thiC	4.1.99.17	COG0422	Phosphomethylpyrimidine synthase
OGCOPLJJ_01784	CDS	903	mhbT_1			3-hydroxybenzoate transporter MhbT
OGCOPLJJ_01785	CDS	1281	nicP_1			Porin-like protein NicP
OGCOPLJJ_01786	CDS	1671	choD	1.1.3.6	COG2303	Cholesterol oxidase
OGCOPLJJ_01787	CDS	894	lipR_1	3.1.1.-	COG0657	Putative acetyl-hydrolase LipR
OGCOPLJJ_01788	CDS	855	sadH_2	1.-.-.-		Putative oxidoreductase SadH
OGCOPLJJ_01789	CDS	1488		1.14.13.-	COG2072	Baeyer-Villiger monooxygenase
OGCOPLJJ_01790	CDS	1014				putative HTH-type transcriptional regulator
OGCOPLJJ_01791	CDS	609	ttdB	4.2.1.32	COG1838	L(+)-tartrate dehydratase subunit beta
OGCOPLJJ_01792	CDS	900	ttdA	4.2.1.32	COG1951	L(+)-tartrate dehydratase subunit alpha
OGCOPLJJ_01793	CDS	1299	ttuB_3			Putative tartrate transporter
OGCOPLJJ_01794	CDS	921	dmlR_7			HTH-type transcriptional regulator DmlR
OGCOPLJJ_01795	CDS	879				hypothetical protein
OGCOPLJJ_01796	CDS	1536		1.14.13.-	COG2072	Baeyer-Villiger monooxygenase
OGCOPLJJ_01797	CDS	357				hypothetical protein
OGCOPLJJ_01798	CDS	621	rhtC_2		COG1280	Threonine efflux protein
OGCOPLJJ_01799	CDS	3033				hypothetical protein
OGCOPLJJ_01800	CDS	948		4.3.1.9	COG0492	Glucosaminate ammonia-lyase
OGCOPLJJ_01801	CDS	732	aat_1	2.3.2.6	COG2360	Leucyl/phenylalanyl-tRNA--protein transferase
OGCOPLJJ_01802	CDS	816	bpt_1	2.3.2.29	COG2935	Aspartate/glutamate leucyltransferase
OGCOPLJJ_01803	CDS	315	rimI_1	2.3.1.266	COG0456	[Ribosomal protein S18]-alanine N-acetyltransferase
OGCOPLJJ_01804	CDS	315	rimI_2	2.3.1.266	COG0456	[Ribosomal protein S18]-alanine N-acetyltransferase
OGCOPLJJ_01805	CDS	816	bpt_2	2.3.2.29	COG2935	Aspartate/glutamate leucyltransferase
OGCOPLJJ_01806	CDS	732	aat_2	2.3.2.6	COG2360	Leucyl/phenylalanyl-tRNA--protein transferase
OGCOPLJJ_01807	CDS	948		4.3.1.9	COG0492	Glucosaminate ammonia-lyase
OGCOPLJJ_01808	CDS	3033				hypothetical protein
OGCOPLJJ_01809	CDS	621	rhtC_3		COG1280	Threonine efflux protein
OGCOPLJJ_01810	CDS	357				hypothetical protein
OGCOPLJJ_01811	CDS	645				hypothetical protein
OGCOPLJJ_01812	CDS	726	pdxJ_1	2.6.99.2	COG0854	Pyridoxine 5'-phosphate synthase
OGCOPLJJ_01813	CDS	714	recO		COG1381	DNA repair protein RecO
OGCOPLJJ_01814	CDS	201				hypothetical protein
OGCOPLJJ_01815	CDS	1029	era		COG1159	GTPase Era
OGCOPLJJ_01816	CDS	693	rnc	3.1.26.3	COG0571	Ribonuclease 3
OGCOPLJJ_01817	CDS	375				hypothetical protein
OGCOPLJJ_01818	CDS	828	lepB	3.4.21.89	COG0681	Signal peptidase I
OGCOPLJJ_01819	CDS	1818	lepA	3.6.5.-	COG0481	Elongation factor 4
OGCOPLJJ_01820	CDS	450				hypothetical protein
OGCOPLJJ_01821	CDS	1377	degQ	3.4.21.107	COG0265	Periplasmic pH-dependent serine endoprotease DegQ
OGCOPLJJ_01822	CDS	1650	nadB	1.4.3.16	COG0029	L-aspartate oxidase
OGCOPLJJ_01823	CDS	417				hypothetical protein
OGCOPLJJ_01824	CDS	600	tmk	2.7.4.9	COG0125	Thymidylate kinase
OGCOPLJJ_01825	CDS	1071	mltG	4.2.2.-		Endolytic murein transglycosylase
OGCOPLJJ_01826	CDS	813	pabC	4.1.3.38	COG0115	Aminodeoxychorismate lyase
OGCOPLJJ_01827	CDS	114				hypothetical protein
OGCOPLJJ_01828	CDS	1251				hypothetical protein
OGCOPLJJ_01829	CDS	786	bacC_1	1.1.1.385		Dihydroanticapsin 7-dehydrogenase
OGCOPLJJ_01830	CDS	1239	styA	1.14.14.11		Styrene monooxygenase StyA
OGCOPLJJ_01831	CDS	531	C1-hpah_1	1.5.1.36		p-hydroxyphenylacetate 3-hydroxylase, reductase component
OGCOPLJJ_01832	CDS	948				hypothetical protein
OGCOPLJJ_01833	CDS	1059	rhaS_2			HTH-type transcriptional activator RhaS
OGCOPLJJ_01834	CDS	1029	antC		COG0543	Anthranilate 1,2-dioxygenase electron transfer component
OGCOPLJJ_01835	CDS	492	antB	1.14.12.1	COG5517	Anthranilate 1,2-dioxygenase small subunit
OGCOPLJJ_01836	CDS	1416	antA_1	1.14.12.1	COG4638	Anthranilate 1,2-dioxygenase large subunit
OGCOPLJJ_01837	CDS	351	mopA		COG2005	Molybdenum-pterin-binding protein MopA
OGCOPLJJ_01838	CDS	786	modA		COG0725	Molybdate-binding protein ModA
OGCOPLJJ_01839	CDS	693	modB		COG4149	Molybdenum transport system permease protein ModB
OGCOPLJJ_01840	CDS	621	cysA_2	7.3.2.3	COG1118	Sulfate/thiosulfate import ATP-binding protein CysA
OGCOPLJJ_01841	CDS	771	dhbA	1.3.1.28	COG1028	2,3-dihydro-2,3-dihydroxybenzoate dehydrogenase
OGCOPLJJ_01842	CDS	642	vibB	3.3.2.1	COG1535	Vibriobactin-specific isochorismatase
OGCOPLJJ_01843	CDS	876	ureD		COG0829	Urease accessory protein UreD
OGCOPLJJ_01844	CDS	303	ureA	3.5.1.5		Urease subunit gamma
OGCOPLJJ_01845	CDS	309	ureB	3.5.1.5		Urease subunit beta
OGCOPLJJ_01846	CDS	1701	ureC	3.5.1.5		Urease subunit alpha
OGCOPLJJ_01847	CDS	483	ureE			Urease accessory protein UreE
OGCOPLJJ_01848	CDS	666	ureF		COG0830	Urease accessory protein UreF
OGCOPLJJ_01849	CDS	615	ureG			Urease accessory protein UreG
OGCOPLJJ_01850	CDS	570				hypothetical protein
OGCOPLJJ_01851	CDS	552	rsmD	2.1.1.171	COG0742	Ribosomal RNA small subunit methyltransferase D
OGCOPLJJ_01852	CDS	2019	mrdA	3.4.16.4	COG0768	Peptidoglycan D,D-transpeptidase MrdA
OGCOPLJJ_01853	CDS	519				hypothetical protein
OGCOPLJJ_01854	CDS	1314				hypothetical protein
OGCOPLJJ_01855	CDS	654	adk	2.7.4.3	COG0563	Adenylate kinase
OGCOPLJJ_01856	CDS	693	nth	4.2.99.18	COG0177	Endonuclease III
OGCOPLJJ_01857	CDS	792	rsxB	7.-.-.-		Ion-translocating oxidoreductase complex subunit B
OGCOPLJJ_01858	CDS	1404	gdhA_3	1.4.1.4	COG0334	NADP-specific glutamate dehydrogenase
OGCOPLJJ_01859	CDS	597	ssuA_1			Putative aliphatic sulfonates-binding protein
OGCOPLJJ_01860	CDS	984	ssuA_2			Putative aliphatic sulfonates-binding protein
OGCOPLJJ_01861	CDS	1176	ssuD_1	1.14.14.5	COG2141	Alkanesulfonate monooxygenase
OGCOPLJJ_01862	CDS	798	ssuC_1		COG0600	Putative aliphatic sulfonates transport permease protein SsuC
OGCOPLJJ_01863	CDS	801	ssuB_1	3.6.3.-	COG1116	Aliphatic sulfonates import ATP-binding protein SsuB
OGCOPLJJ_01864	CDS	621	rutR_1		COG1309	HTH-type transcriptional regulator RutR
OGCOPLJJ_01865	CDS	567	mtnN_2	3.2.2.9	COG0775	5'-methylthioadenosine/S-adenosylhomocysteine nucleosidase
OGCOPLJJ_01866	CDS	1134				hypothetical protein
OGCOPLJJ_01867	CDS	1134				hypothetical protein
OGCOPLJJ_01868	CDS	567	mtnN_3	3.2.2.9	COG0775	5'-methylthioadenosine/S-adenosylhomocysteine nucleosidase
OGCOPLJJ_01869	CDS	621	rutR_2		COG1309	HTH-type transcriptional regulator RutR
OGCOPLJJ_01870	CDS	801	ssuB_2	3.6.3.-	COG1116	Aliphatic sulfonates import ATP-binding protein SsuB
OGCOPLJJ_01871	CDS	798	ssuC_2		COG0600	Putative aliphatic sulfonates transport permease protein SsuC
OGCOPLJJ_01872	CDS	1176	ssuD_2	1.14.14.5	COG2141	Alkanesulfonate monooxygenase
OGCOPLJJ_01873	CDS	984	ssuA_3			Putative aliphatic sulfonates-binding protein
OGCOPLJJ_01874	CDS	597	ssuA_4			Putative aliphatic sulfonates-binding protein
OGCOPLJJ_01875	CDS	825		3.5.2.6	COG2602	Beta-lactamase OXA-133
OGCOPLJJ_01876	CDS	621				hypothetical protein
OGCOPLJJ_01877	CDS	594	sutR_1		COG1396	HTH-type transcriptional regulator SutR
OGCOPLJJ_01878	CDS	546	ruvC_1	3.1.22.4	COG0817	Crossover junction endodeoxyribonuclease RuvC
OGCOPLJJ_01879	CDS	1461	nnr_1		COG0062	Bifunctional NAD(P)H-hydrate repair enzyme Nnr
OGCOPLJJ_01880	CDS	1089	queG_1	1.17.99.6		Epoxyqueuosine reductase
OGCOPLJJ_01881	CDS	990	bioB_1	2.8.1.6	COG0502	Biotin synthase
OGCOPLJJ_01882	CDS	213				hypothetical protein
OGCOPLJJ_01883	CDS	213				hypothetical protein
OGCOPLJJ_01884	CDS	990	bioB_2	2.8.1.6	COG0502	Biotin synthase
OGCOPLJJ_01885	CDS	1089	queG_2	1.17.99.6		Epoxyqueuosine reductase
OGCOPLJJ_01886	CDS	1461	nnr_2		COG0062	Bifunctional NAD(P)H-hydrate repair enzyme Nnr
OGCOPLJJ_01887	CDS	546	ruvC_2	3.1.22.4	COG0817	Crossover junction endodeoxyribonuclease RuvC
OGCOPLJJ_01888	CDS	594	sutR_2		COG1396	HTH-type transcriptional regulator SutR
OGCOPLJJ_01889	CDS	621				hypothetical protein
OGCOPLJJ_01890	CDS	825		3.5.2.6	COG2602	Beta-lactamase OXA-133
OGCOPLJJ_01891	CDS	225				hypothetical protein
OGCOPLJJ_01892	CDS	1044				hypothetical protein
OGCOPLJJ_01893	CDS	96				hypothetical protein
OGCOPLJJ_01894	CDS	2229	plcN_2	3.1.4.3	COG3511	Non-hemolytic phospholipase C
OGCOPLJJ_01895	CDS	435				hypothetical protein
OGCOPLJJ_01896	CDS	1158	adh1	1.1.1.192	COG1454	Long-chain-alcohol dehydrogenase 1
OGCOPLJJ_01897	CDS	1245	pgl	3.1.1.31		6-phosphogluconolactonase
OGCOPLJJ_01898	CDS	504		3.1.3.48		Putative low molecular weight protein-tyrosine-phosphatase
OGCOPLJJ_01899	CDS	1035	murB_1	1.3.1.98	COG0812	UDP-N-acetylenolpyruvoylglucosamine reductase
OGCOPLJJ_01900	CDS	1131				hypothetical protein
OGCOPLJJ_01901	CDS	1029	menH_3	4.2.99.20		2-succinyl-6-hydroxy-2,4-cyclohexadiene-1-carboxylate synthase
OGCOPLJJ_01902	CDS	1674				hypothetical protein
OGCOPLJJ_01903	CDS	1341				hypothetical protein
OGCOPLJJ_01904	CDS	1518				hypothetical protein
OGCOPLJJ_01905	CDS	960				hypothetical protein
OGCOPLJJ_01906	CDS	768	ompA_1			Outer membrane protein A
OGCOPLJJ_01907	CDS	264				hypothetical protein
OGCOPLJJ_01908	CDS	2679	clpV1		COG0542	Protein ClpV1
OGCOPLJJ_01909	CDS	1095				hypothetical protein
OGCOPLJJ_01910	CDS	1365				hypothetical protein
OGCOPLJJ_01911	CDS	807				hypothetical protein
OGCOPLJJ_01912	CDS	603				hypothetical protein
OGCOPLJJ_01913	CDS	954				hypothetical protein
OGCOPLJJ_01914	CDS	852	gltC_3			HTH-type transcriptional regulator GltC
OGCOPLJJ_01915	CDS	669				hypothetical protein
OGCOPLJJ_01916	CDS	483	guaD_2	3.5.4.3	COG0590	Guanine deaminase
OGCOPLJJ_01917	CDS	735				hypothetical protein
OGCOPLJJ_01918	CDS	1281	bioA_1	2.6.1.62	COG0161	Adenosylmethionine-8-amino-7-oxononanoate aminotransferase
OGCOPLJJ_01919	CDS	1164	bioF_1	2.3.1.47		8-amino-7-oxononanoate synthase
OGCOPLJJ_01920	CDS	750	tam_1	2.1.1.144		Trans-aconitate 2-methyltransferase
OGCOPLJJ_01921	CDS	657	bioD_1	6.3.3.3		ATP-dependent dethiobiotin synthetase BioD
OGCOPLJJ_01922	CDS	924	rluB_1	5.4.99.22	COG1187	Ribosomal large subunit pseudouridine synthase B
OGCOPLJJ_01923	CDS	597	scpB_1		COG1386	Segregation and condensation protein B 
OGCOPLJJ_01924	CDS	768	scpA_1		COG1354	Segregation and condensation protein A
OGCOPLJJ_01925	CDS	768	scpA_2		COG1354	Segregation and condensation protein A
OGCOPLJJ_01926	CDS	597	scpB_2		COG1386	Segregation and condensation protein B 
OGCOPLJJ_01927	CDS	924	rluB_2	5.4.99.22	COG1187	Ribosomal large subunit pseudouridine synthase B
OGCOPLJJ_01928	CDS	657	bioD_2	6.3.3.3		ATP-dependent dethiobiotin synthetase BioD
OGCOPLJJ_01929	CDS	750	tam_2	2.1.1.144		Trans-aconitate 2-methyltransferase
OGCOPLJJ_01930	CDS	1164	bioF_2	2.3.1.47		8-amino-7-oxononanoate synthase
OGCOPLJJ_01931	CDS	1281	bioA_2	2.6.1.62	COG0161	Adenosylmethionine-8-amino-7-oxononanoate aminotransferase
OGCOPLJJ_01932	CDS	735				hypothetical protein
OGCOPLJJ_01933	CDS	375				hypothetical protein
OGCOPLJJ_01934	CDS	345				hypothetical protein
OGCOPLJJ_01935	CDS	189				hypothetical protein
OGCOPLJJ_01936	CDS	2271	iutA_1			Ferric aerobactin receptor
OGCOPLJJ_01937	CDS	1236	ybdG_1		COG0668	Miniconductance mechanosensitive channel YbdG
OGCOPLJJ_01938	CDS	252				hypothetical protein
OGCOPLJJ_01939	CDS	252				hypothetical protein
OGCOPLJJ_01940	CDS	1236	ybdG_2		COG0668	Miniconductance mechanosensitive channel YbdG
OGCOPLJJ_01941	CDS	2271	iutA_2			Ferric aerobactin receptor
OGCOPLJJ_01942	CDS	189				hypothetical protein
OGCOPLJJ_01943	CDS	345				hypothetical protein
OGCOPLJJ_01944	CDS	375				hypothetical protein
OGCOPLJJ_01945	CDS	1302				hypothetical protein
OGCOPLJJ_01946	CDS	282				hypothetical protein
OGCOPLJJ_01947	CDS	285				hypothetical protein
OGCOPLJJ_01948	CDS	348				hypothetical protein
OGCOPLJJ_01949	CDS	1134	dapE_1	3.5.1.18	COG0624	Succinyl-diaminopimelate desuccinylase
OGCOPLJJ_01950	CDS	141				hypothetical protein
OGCOPLJJ_01951	CDS	909				hypothetical protein
OGCOPLJJ_01952	CDS	369	ybaN_1		COG2832	Inner membrane protein YbaN
OGCOPLJJ_01953	CDS	504				hypothetical protein
OGCOPLJJ_01954	tRNA	74				tRNA-Asp(gtc)
OGCOPLJJ_01955	tRNA	76				tRNA-Val(tac)
OGCOPLJJ_01956	tRNA	76				tRNA-Val(tac)
OGCOPLJJ_01957	tRNA	77				tRNA-Asp(gtc)
OGCOPLJJ_01958	tRNA	76				tRNA-Val(tac)
OGCOPLJJ_01959	CDS	153				hypothetical protein
OGCOPLJJ_01960	tRNA	76				tRNA-Val(tac)
OGCOPLJJ_01961	tRNA	77				tRNA-Asp(gtc)
OGCOPLJJ_01962	tRNA	76				tRNA-Val(tac)
OGCOPLJJ_01963	tRNA	76				tRNA-Val(tac)
OGCOPLJJ_01964	tRNA	74				tRNA-Asp(gtc)
OGCOPLJJ_01965	CDS	504				hypothetical protein
OGCOPLJJ_01966	CDS	369	ybaN_2		COG2832	Inner membrane protein YbaN
OGCOPLJJ_01967	CDS	909				hypothetical protein
OGCOPLJJ_01968	CDS	141				hypothetical protein
OGCOPLJJ_01969	CDS	1134	dapE_2	3.5.1.18	COG0624	Succinyl-diaminopimelate desuccinylase
OGCOPLJJ_01970	CDS	348				hypothetical protein
OGCOPLJJ_01971	CDS	285				hypothetical protein
OGCOPLJJ_01972	CDS	282				hypothetical protein
OGCOPLJJ_01973	CDS	1302				hypothetical protein
OGCOPLJJ_01974	CDS	1083				hypothetical protein
OGCOPLJJ_01975	CDS	1365	yajR		COG0477	Inner membrane transport protein YajR
OGCOPLJJ_01976	CDS	582				Single-stranded DNA-binding protein
OGCOPLJJ_01977	CDS	324				hypothetical protein
OGCOPLJJ_01978	CDS	696				hypothetical protein
OGCOPLJJ_01979	CDS	549	sutR_3		COG1396	HTH-type transcriptional regulator SutR
OGCOPLJJ_01980	CDS	1443	gabP_1		COG1113	GABA permease
OGCOPLJJ_01981	CDS	1545	gabR_2		COG1167	HTH-type transcriptional regulatory protein GabR
OGCOPLJJ_01982	CDS	1293	puuE	2.6.1.19	COG0160	4-aminobutyrate aminotransferase PuuE
OGCOPLJJ_01983	CDS	1449	gabD_2	1.2.1.79	COG1012	Succinate-semialdehyde dehydrogenase [NADP(+)] GabD
OGCOPLJJ_01984	CDS	975	dmlR_8			HTH-type transcriptional regulator DmlR
OGCOPLJJ_01985	CDS	627	ycaC_1	4.-.-.-	COG1335	putative hydrolase YcaC
OGCOPLJJ_01986	CDS	873				hypothetical protein
OGCOPLJJ_01987	CDS	306	doxA			Naphthalene 1,2-dioxygenase system, ferredoxin component
OGCOPLJJ_01988	CDS	300				hypothetical protein
OGCOPLJJ_01989	CDS	1068				hypothetical protein
OGCOPLJJ_01990	CDS	765	cpnA	1.1.1.163		Cyclopentanol dehydrogenase
OGCOPLJJ_01991	CDS	930				hypothetical protein
OGCOPLJJ_01992	CDS	777	andAa	1.18.1.3		Anthranilate 1,2-dioxygenase system ferredoxin--NAD(+) reductase component
OGCOPLJJ_01993	CDS	1224	gudP_1			putative glucarate transporter
OGCOPLJJ_01994	CDS	522				hypothetical protein
OGCOPLJJ_01995	CDS	825	catD_1	3.1.1.24	COG0596	3-oxoadipate enol-lactonase 2
OGCOPLJJ_01996	CDS	795	baiA	1.1.1.392		3-alpha-hydroxycholanate dehydrogenase (NADP(+))
OGCOPLJJ_01997	CDS	792	nadX	1.4.1.21	COG1712	L-aspartate dehydrogenase
OGCOPLJJ_01998	CDS	1467	betB_2	1.2.1.8	COG1012	NAD/NADP-dependent betaine aldehyde dehydrogenase
OGCOPLJJ_01999	CDS	1641	ilvB	2.2.1.6	COG0028	Acetolactate synthase isozyme 1 large subunit
OGCOPLJJ_02000	CDS	1197				hypothetical protein
OGCOPLJJ_02001	CDS	858	emrA_2			Colistin resistance protein EmrA
OGCOPLJJ_02002	CDS	1548	emrB_2			Colistin resistance protein EmrB
OGCOPLJJ_02003	CDS	822				hypothetical protein
OGCOPLJJ_02004	CDS	1587				hypothetical protein
OGCOPLJJ_02005	CDS	1329	bepC			Outer membrane efflux protein BepC
OGCOPLJJ_02006	CDS	1164				hypothetical protein
OGCOPLJJ_02007	CDS	969	surE_2	3.1.3.5		5'/3'-nucleotidase SurE
OGCOPLJJ_02008	CDS	645				hypothetical protein
OGCOPLJJ_02009	CDS	441				hypothetical protein
OGCOPLJJ_02010	CDS	1332				hypothetical protein
OGCOPLJJ_02011	CDS	309				hypothetical protein
OGCOPLJJ_02012	CDS	549				hypothetical protein
OGCOPLJJ_02013	CDS	642				hypothetical protein
OGCOPLJJ_02014	CDS	2076	ppk_1	2.7.4.1		Polyphosphate kinase
OGCOPLJJ_02015	CDS	912	pqqB_1		COG1235	Coenzyme PQQ synthesis protein B
OGCOPLJJ_02016	CDS	759	pqqC_1	1.3.3.11	COG5424	Pyrroloquinoline-quinone synthase
OGCOPLJJ_02017	CDS	285	pqqD_1			PqqA binding protein
OGCOPLJJ_02018	CDS	1155	pqqE_1	1.21.98.4	COG0535	PqqA peptide cyclase
OGCOPLJJ_02019	CDS	1077				hypothetical protein
OGCOPLJJ_02020	CDS	1077				hypothetical protein
OGCOPLJJ_02021	CDS	1155	pqqE_2	1.21.98.4	COG0535	PqqA peptide cyclase
OGCOPLJJ_02022	CDS	285	pqqD_2			PqqA binding protein
OGCOPLJJ_02023	CDS	759	pqqC_2	1.3.3.11	COG5424	Pyrroloquinoline-quinone synthase
OGCOPLJJ_02024	CDS	912	pqqB_2		COG1235	Coenzyme PQQ synthesis protein B
OGCOPLJJ_02025	CDS	2076	ppk_2	2.7.4.1		Polyphosphate kinase
OGCOPLJJ_02026	CDS	582	bepF_1			Efflux pump periplasmic linker BepF
OGCOPLJJ_02027	CDS	3180	oqxB7_1			multidrug efflux RND transporter permease subunit OqxB7
OGCOPLJJ_02028	CDS	1449	ttgC_1		COG1538	putative efflux pump outer membrane protein TtgC
OGCOPLJJ_02029	CDS	1254	glyA_1	2.1.2.1	COG0112	Serine hydroxymethyltransferase
OGCOPLJJ_02030	CDS	1254	glyA_2	2.1.2.1	COG0112	Serine hydroxymethyltransferase
OGCOPLJJ_02031	CDS	1449	ttgC_2		COG1538	putative efflux pump outer membrane protein TtgC
OGCOPLJJ_02032	CDS	3180	oqxB7_2			multidrug efflux RND transporter permease subunit OqxB7
OGCOPLJJ_02033	CDS	582	bepF_2			Efflux pump periplasmic linker BepF
OGCOPLJJ_02034	CDS	549				hypothetical protein
OGCOPLJJ_02035	CDS	636	coq7	1.14.99.60	COG2941	3-demethoxyubiquinol 3-hydroxylase
OGCOPLJJ_02036	CDS	1323	lplT			Lysophospholipid transporter LplT
OGCOPLJJ_02037	CDS	2721	bamA_1			Outer membrane protein assembly factor BamA
OGCOPLJJ_02038	CDS	4506				hypothetical protein
OGCOPLJJ_02039	CDS	360				hypothetical protein
OGCOPLJJ_02040	CDS	231				hypothetical protein
OGCOPLJJ_02041	CDS	2640	acnB	4.2.1.3	COG1049	Aconitate hydratase B
OGCOPLJJ_02042	CDS	879	ubiA	2.5.1.39	COG0382	4-hydroxybenzoate octaprenyltransferase
OGCOPLJJ_02043	CDS	510	ubiC	4.1.3.40	COG3161	Chorismate pyruvate-lyase
OGCOPLJJ_02044	CDS	1410		5.4.4.3	COG0174	3-hydroxylaminophenol mutase
OGCOPLJJ_02045	CDS	1332	dtpT		COG3104	Di-/tripeptide transporter
OGCOPLJJ_02046	CDS	1803				hypothetical protein
OGCOPLJJ_02047	CDS	585	trpG_1	4.1.3.27	COG0512	Anthranilate synthase component 2
OGCOPLJJ_02048	CDS	2700	pepN	3.4.11.2		Aminopeptidase N
OGCOPLJJ_02049	CDS	2733	btuB_2			Vitamin B12 transporter BtuB
OGCOPLJJ_02050	CDS	1650	eptA_1	2.7.-.-	COG2194	Phosphoethanolamine transferase EptA
OGCOPLJJ_02051	CDS	675	qseB_1			Transcriptional regulatory protein QseB
OGCOPLJJ_02052	CDS	1335	qseC_1	2.7.13.3		Sensor protein QseC
OGCOPLJJ_02053	CDS	699				hypothetical protein
OGCOPLJJ_02054	CDS	1188	amtB_3			Ammonia channel
OGCOPLJJ_02055	CDS	1188	amtB_4			Ammonia channel
OGCOPLJJ_02056	CDS	699				hypothetical protein
OGCOPLJJ_02057	CDS	1335	qseC_2	2.7.13.3		Sensor protein QseC
OGCOPLJJ_02058	CDS	675	qseB_2			Transcriptional regulatory protein QseB
OGCOPLJJ_02059	CDS	1650	eptA_2	2.7.-.-	COG2194	Phosphoethanolamine transferase EptA
OGCOPLJJ_02060	CDS	474				hypothetical protein
OGCOPLJJ_02061	CDS	555				hypothetical protein
OGCOPLJJ_02062	CDS	1002				hypothetical protein
OGCOPLJJ_02063	CDS	819				hypothetical protein
OGCOPLJJ_02064	CDS	3867				hypothetical protein
OGCOPLJJ_02065	CDS	483				hypothetical protein
OGCOPLJJ_02066	CDS	426				hypothetical protein
OGCOPLJJ_02067	CDS	252	rpsP		COG0228	30S ribosomal protein S16
OGCOPLJJ_02068	CDS	549	rimM		COG0806	Ribosome maturation factor RimM
OGCOPLJJ_02069	CDS	741	trmD_1	2.1.1.228	COG0336	tRNA (guanine-N(1)-)-methyltransferase
OGCOPLJJ_02070	CDS	369	rplS_1		COG0335	50S ribosomal protein L19
OGCOPLJJ_02071	CDS	975	lip	3.1.1.3	COG1075	Triacylglycerol lipase
OGCOPLJJ_02072	CDS	1035	lifO		COG5380	Lipase chaperone
OGCOPLJJ_02073	CDS	906	truB	5.4.99.25	COG0130	tRNA pseudouridine synthase B
OGCOPLJJ_02074	CDS	657				hypothetical protein
OGCOPLJJ_02075	CDS	1020				putative HTH-type transcriptional regulator
OGCOPLJJ_02076	CDS	1041	auaH	1.1.1.394		Aurachin B dehydrogenase
OGCOPLJJ_02077	CDS	948				hypothetical protein
OGCOPLJJ_02078	CDS	921	ephA_1	3.3.2.10		Epoxide hydrolase A
OGCOPLJJ_02079	CDS	1506		1.14.13.-	COG2072	Baeyer-Villiger monooxygenase
OGCOPLJJ_02080	CDS	924				hypothetical protein
OGCOPLJJ_02081	CDS	921	dmlR_9			HTH-type transcriptional regulator DmlR
OGCOPLJJ_02082	CDS	681	ycaC_2	4.-.-.-	COG1335	putative hydrolase YcaC
OGCOPLJJ_02083	CDS	831				hypothetical protein
OGCOPLJJ_02084	CDS	993				hypothetical protein
OGCOPLJJ_02085	CDS	1020				hypothetical protein
OGCOPLJJ_02086	CDS	498				hypothetical protein
OGCOPLJJ_02087	CDS	333				hypothetical protein
OGCOPLJJ_02088	CDS	399				hypothetical protein
OGCOPLJJ_02089	CDS	507				hypothetical protein
OGCOPLJJ_02090	CDS	363				hypothetical protein
OGCOPLJJ_02091	CDS	3426				hypothetical protein
OGCOPLJJ_02092	CDS	390				hypothetical protein
OGCOPLJJ_02093	CDS	579				hypothetical protein
OGCOPLJJ_02094	CDS	237				hypothetical protein
OGCOPLJJ_02095	CDS	237				hypothetical protein
OGCOPLJJ_02096	CDS	579				hypothetical protein
OGCOPLJJ_02097	CDS	390				hypothetical protein
OGCOPLJJ_02098	CDS	3447				hypothetical protein
OGCOPLJJ_02099	CDS	363				hypothetical protein
OGCOPLJJ_02100	CDS	507				hypothetical protein
OGCOPLJJ_02101	CDS	399				hypothetical protein
OGCOPLJJ_02102	CDS	246				hypothetical protein
OGCOPLJJ_02103	CDS	306				hypothetical protein
OGCOPLJJ_02104	CDS	306				hypothetical protein
OGCOPLJJ_02105	CDS	486	gpx1	1.11.1.22		Hydroperoxy fatty acid reductase gpx1
OGCOPLJJ_02106	CDS	420	msrB	1.8.4.12		Peptide methionine sulfoxide reductase MsrB
OGCOPLJJ_02107	CDS	1431	alaA_1	2.6.1.2	COG0436	Glutamate-pyruvate aminotransferase AlaA
OGCOPLJJ_02108	CDS	1308	gltT			Proton/sodium-glutamate symport protein
OGCOPLJJ_02109	CDS	1068	ansB	3.5.1.38		Glutaminase-asparaginase
OGCOPLJJ_02110	CDS	3564	dnaE_2	2.7.7.7	COG0587	DNA polymerase III subunit alpha
OGCOPLJJ_02111	CDS	840	trmJ	2.1.1.-		tRNA (cytidine/uridine/adenosine-2'-O-)-methyltransferase TrmJ
OGCOPLJJ_02112	CDS	816	cysE	2.3.1.30	COG1045	Serine acetyltransferase
OGCOPLJJ_02113	CDS	942				hypothetical protein
OGCOPLJJ_02114	CDS	288				hypothetical protein
OGCOPLJJ_02115	CDS	510				hypothetical protein
OGCOPLJJ_02116	CDS	969				hypothetical protein
OGCOPLJJ_02117	CDS	165				hypothetical protein
OGCOPLJJ_02118	CDS	378				hypothetical protein
OGCOPLJJ_02119	CDS	378				hypothetical protein
OGCOPLJJ_02120	CDS	165				hypothetical protein
OGCOPLJJ_02121	CDS	969				hypothetical protein
OGCOPLJJ_02122	CDS	510				hypothetical protein
OGCOPLJJ_02123	CDS	288				hypothetical protein
OGCOPLJJ_02124	CDS	897	yjiE_1			HTH-type transcriptional regulator YjiE
OGCOPLJJ_02125	CDS	897	pcpR_1			PCP degradation transcriptional activation protein
OGCOPLJJ_02126	CDS	1173	thlA_1	2.3.1.9	COG0183	Acetyl-CoA acetyltransferase
OGCOPLJJ_02127	CDS	1410	atoE_1		COG2031	Putative short-chain fatty acid transporter
OGCOPLJJ_02128	CDS	642	scoB_1	2.8.3.5	COG2057	putative succinyl-CoA:3-ketoacid coenzyme A transferase subunit B
OGCOPLJJ_02129	CDS	705	scoA_1	2.8.3.5	COG1788	putative succinyl-CoA:3-ketoacid coenzyme A transferase subunit A
OGCOPLJJ_02130	CDS	705	scoA_2	2.8.3.5	COG1788	putative succinyl-CoA:3-ketoacid coenzyme A transferase subunit A
OGCOPLJJ_02131	CDS	642	scoB_2	2.8.3.5	COG2057	putative succinyl-CoA:3-ketoacid coenzyme A transferase subunit B
OGCOPLJJ_02132	CDS	1410	atoE_2		COG2031	Putative short-chain fatty acid transporter
OGCOPLJJ_02133	CDS	1173	thlA_2	2.3.1.9	COG0183	Acetyl-CoA acetyltransferase
OGCOPLJJ_02134	CDS	897	pcpR_2			PCP degradation transcriptional activation protein
OGCOPLJJ_02135	CDS	897	yjiE_2			HTH-type transcriptional regulator YjiE
OGCOPLJJ_02136	CDS	648				hypothetical protein
OGCOPLJJ_02137	CDS	1629				hypothetical protein
OGCOPLJJ_02138	CDS	465	bfr_1	1.16.3.1	COG2193	Bacterioferritin
OGCOPLJJ_02139	CDS	195	bfd_1		COG2906	Bacterioferritin-associated ferredoxin
OGCOPLJJ_02140	CDS	384	yabJ_1	3.5.99.10	COG0251	2-iminobutanoate/2-iminopropanoate deaminase
OGCOPLJJ_02141	CDS	2106	spoT_1		COG0317	Bifunctional (p)ppGpp synthase/hydrolase SpoT
OGCOPLJJ_02142	CDS	2106	spoT_2		COG0317	Bifunctional (p)ppGpp synthase/hydrolase SpoT
OGCOPLJJ_02143	CDS	384	yabJ_2	3.5.99.10	COG0251	2-iminobutanoate/2-iminopropanoate deaminase
OGCOPLJJ_02144	CDS	195	bfd_2		COG2906	Bacterioferritin-associated ferredoxin
OGCOPLJJ_02145	CDS	465	bfr_2	1.16.3.1	COG2193	Bacterioferritin
OGCOPLJJ_02146	CDS	1629				hypothetical protein
OGCOPLJJ_02147	CDS	648				hypothetical protein
OGCOPLJJ_02148	CDS	849	yafJ	2.4.2.-	COG0121	Putative glutamine amidotransferase YafJ
OGCOPLJJ_02149	CDS	783				hypothetical protein
OGCOPLJJ_02150	CDS	909	argB	2.7.2.8	COG0548	Acetylglutamate kinase
OGCOPLJJ_02151	CDS	1419	algC_1	5.4.2.2	COG1109	Phosphomannomutase/phosphoglucomutase
OGCOPLJJ_02152	CDS	453	dut	3.6.1.23	COG0756	Deoxyuridine 5'-triphosphate nucleotidohydrolase
OGCOPLJJ_02153	CDS	2040	rep_2	3.6.4.12	COG0210	ATP-dependent DNA helicase Rep
OGCOPLJJ_02154	CDS	120				hypothetical protein
OGCOPLJJ_02155	CDS	654	yiaD		COG2885	putative lipoprotein YiaD
OGCOPLJJ_02156	CDS	927	yihG	2.3.-.-	COG0204	putative acyltransferase YihG
OGCOPLJJ_02157	CDS	1047				hypothetical protein
OGCOPLJJ_02158	CDS	723	minC		COG0850	Septum site-determining protein MinC
OGCOPLJJ_02159	CDS	813	minD		COG2894	Septum site-determining protein MinD
OGCOPLJJ_02160	CDS	273	minE			Cell division topological specificity factor
OGCOPLJJ_02161	CDS	288				hypothetical protein
OGCOPLJJ_02162	CDS	921	argF_1	2.1.3.3	COG0078	Ornithine carbamoyltransferase, anabolic
OGCOPLJJ_02163	CDS	654				hypothetical protein
OGCOPLJJ_02164	CDS	1494	glnG		COG2204	DNA-binding transcriptional regulator NtrC
OGCOPLJJ_02165	CDS	1110	glnL	2.7.13.3	COG3852	Sensory histidine kinase/phosphatase NtrB
OGCOPLJJ_02166	CDS	1344	rimO	2.8.4.4	COG0621	Ribosomal protein S12 methylthiotransferase RimO
OGCOPLJJ_02167	CDS	729	pyrH	2.7.4.22	COG0528	Uridylate kinase
OGCOPLJJ_02168	CDS	555	frr_1		COG0233	Ribosome-recycling factor
OGCOPLJJ_02169	CDS	753	ispU_1	2.5.1.31	COG0020	Ditrans,polycis-undecaprenyl-diphosphate synthase ((2E,6E)-farnesyl-diphosphate specific)
OGCOPLJJ_02170	CDS	825				hypothetical protein
OGCOPLJJ_02171	CDS	1197	dxr_1	1.1.1.267		1-deoxy-D-xylulose 5-phosphate reductoisomerase
OGCOPLJJ_02172	CDS	1356	rseP	3.4.24.-	COG0750	Regulator of sigma-E protease RseP
OGCOPLJJ_02173	CDS	717	bamA_2		COG4775	Outer membrane protein assembly factor BamA
OGCOPLJJ_02174	CDS	2406	gcd	1.1.5.2	COG4993	Quinoprotein glucose dehydrogenase
OGCOPLJJ_02175	CDS	1254	oprB_1		COG3659	Porin B
OGCOPLJJ_02176	CDS	1119	yfdE	2.8.3.19	COG1804	Acetyl-CoA:oxalate CoA-transferase
OGCOPLJJ_02177	CDS	1011				putative HTH-type transcriptional regulator
OGCOPLJJ_02178	CDS	1206	fadA_1	2.3.1.-	COG0183	Putative acyltransferase
OGCOPLJJ_02179	CDS	2136	fadJ_2		COG1024	Fatty acid oxidation complex subunit alpha
OGCOPLJJ_02180	CDS	255				hypothetical protein
OGCOPLJJ_02181	CDS	861				hypothetical protein
OGCOPLJJ_02182	CDS	420		2.3.1.-		Acetyltransferase
OGCOPLJJ_02183	CDS	888				hypothetical protein
OGCOPLJJ_02184	CDS	672				hypothetical protein
OGCOPLJJ_02185	CDS	525				hypothetical protein
OGCOPLJJ_02186	CDS	297				hypothetical protein
OGCOPLJJ_02187	CDS	102				hypothetical protein
OGCOPLJJ_02188	CDS	1146	cydB_1	7.1.1.7	COG1294	Cytochrome bd-I ubiquinol oxidase subunit 2
OGCOPLJJ_02189	CDS	1587	cydA_1	1.10.3.-	COG1271	Cytochrome bd ubiquinol oxidase subunit 1
OGCOPLJJ_02190	CDS	195				hypothetical protein
OGCOPLJJ_02191	CDS	195				hypothetical protein
OGCOPLJJ_02192	CDS	1587	cydA_2	1.10.3.-	COG1271	Cytochrome bd ubiquinol oxidase subunit 1
OGCOPLJJ_02193	CDS	1146	cydB_2	7.1.1.7	COG1294	Cytochrome bd-I ubiquinol oxidase subunit 2
OGCOPLJJ_02194	CDS	102				hypothetical protein
OGCOPLJJ_02195	CDS	297				hypothetical protein
OGCOPLJJ_02196	CDS	525				hypothetical protein
OGCOPLJJ_02197	CDS	672				hypothetical protein
OGCOPLJJ_02198	CDS	171				hypothetical protein
OGCOPLJJ_02199	CDS	597				hypothetical protein
OGCOPLJJ_02200	CDS	1107	ftsY		COG0552	Signal recognition particle receptor FtsY
OGCOPLJJ_02201	CDS	327				hypothetical protein
OGCOPLJJ_02202	CDS	1656				hypothetical protein
OGCOPLJJ_02203	CDS	696	blh_2	3.-.-.-	COG0491	Beta-lactamase hydrolase-like protein
OGCOPLJJ_02204	CDS	1272	norR_1			Anaerobic nitric oxide reductase transcription regulator NorR
OGCOPLJJ_02205	CDS	912				hypothetical protein
OGCOPLJJ_02206	CDS	1059	gutB	1.1.1.-	COG1063	Sorbitol dehydrogenase
OGCOPLJJ_02207	CDS	786	budC	1.1.1.304		Diacetyl reductase [(S)-acetoin forming]
OGCOPLJJ_02208	CDS	1404		1.8.1.4	COG1249	Dihydrolipoyl dehydrogenase
OGCOPLJJ_02209	CDS	1536	pdhC	2.3.1.12		Dihydrolipoyllysine-residue acetyltransferase component of pyruvate dehydrogenase complex
OGCOPLJJ_02210	CDS	1020	acoB	1.1.1.-	COG0022	Acetoin:2,6-dichlorophenolindophenol oxidoreductase subunit beta
OGCOPLJJ_02211	CDS	963	acoA	1.1.1.-	COG1071	Acetoin:2,6-dichlorophenolindophenol oxidoreductase subunit alpha
OGCOPLJJ_02212	CDS	177				hypothetical protein
OGCOPLJJ_02213	CDS	2859				hypothetical protein
OGCOPLJJ_02214	CDS	948	lacC_1	2.7.1.144	COG1105	Tagatose-6-phosphate kinase
OGCOPLJJ_02215	CDS	1719	fruA_1		COG1299	PTS system fructose-specific EIIB'BC component
OGCOPLJJ_02216	CDS	1719	fruA_2		COG1299	PTS system fructose-specific EIIB'BC component
OGCOPLJJ_02217	CDS	948	lacC_2	2.7.1.144	COG1105	Tagatose-6-phosphate kinase
OGCOPLJJ_02218	CDS	2859				hypothetical protein
OGCOPLJJ_02219	CDS	177				hypothetical protein
OGCOPLJJ_02220	CDS	507				hypothetical protein
OGCOPLJJ_02221	CDS	573				hypothetical protein
OGCOPLJJ_02222	CDS	2067	pcrA	3.6.4.12	COG0210	ATP-dependent DNA helicase PcrA
OGCOPLJJ_02223	CDS	261				hypothetical protein
OGCOPLJJ_02224	CDS	168				hypothetical protein
OGCOPLJJ_02225	CDS	534				hypothetical protein
OGCOPLJJ_02226	CDS	279				hypothetical protein
OGCOPLJJ_02227	CDS	1710	ybaL		COG1226	Putative cation/proton antiporter YbaL
OGCOPLJJ_02228	CDS	156	rpmG		COG0267	50S ribosomal protein L33
OGCOPLJJ_02229	CDS	237	rpmB		COG0227	50S ribosomal protein L28
OGCOPLJJ_02230	CDS	1449	calB_1	1.2.1.68		Coniferyl aldehyde dehydrogenase
OGCOPLJJ_02231	CDS	693				hypothetical protein
OGCOPLJJ_02232	CDS	864	purU	3.5.1.10	COG0788	Formyltetrahydrofolate deformylase
OGCOPLJJ_02233	CDS	756				hypothetical protein
OGCOPLJJ_02234	CDS	621	tolQ_3			Tol-Pal system protein TolQ
OGCOPLJJ_02235	CDS	186	dgkA	2.7.1.107	COG0818	Diacylglycerol kinase
OGCOPLJJ_02236	CDS	1635	groL_1		COG0459	60 kDa chaperonin
OGCOPLJJ_02237	CDS	291	groS		COG0234	10 kDa chaperonin
OGCOPLJJ_02238	CDS	9549				hypothetical protein
OGCOPLJJ_02239	CDS	432				hypothetical protein
OGCOPLJJ_02240	CDS	150				hypothetical protein
OGCOPLJJ_02241	CDS	2103	mtlD_1	1.1.1.17		Mannitol-1-phosphate 5-dehydrogenase
OGCOPLJJ_02242	CDS	627				hypothetical protein
OGCOPLJJ_02243	CDS	519	cobP_1	2.7.1.156		Bifunctional adenosylcobalamin biosynthesis protein CobP
OGCOPLJJ_02244	CDS	1056	cobT_1	2.4.2.21		Nicotinate-nucleotide--dimethylbenzimidazole phosphoribosyltransferase
OGCOPLJJ_02245	CDS	579	pspB_1	3.1.3.3	COG0406	Putative phosphoserine phosphatase 2
OGCOPLJJ_02246	CDS	177				hypothetical protein
OGCOPLJJ_02247	CDS	177				hypothetical protein
OGCOPLJJ_02248	CDS	579	pspB_2	3.1.3.3	COG0406	Putative phosphoserine phosphatase 2
OGCOPLJJ_02249	CDS	1056	cobT_2	2.4.2.21		Nicotinate-nucleotide--dimethylbenzimidazole phosphoribosyltransferase
OGCOPLJJ_02250	CDS	519	cobP_2	2.7.1.156		Bifunctional adenosylcobalamin biosynthesis protein CobP
OGCOPLJJ_02251	CDS	627				hypothetical protein
OGCOPLJJ_02252	CDS	2103	mtlD_2	1.1.1.17		Mannitol-1-phosphate 5-dehydrogenase
OGCOPLJJ_02253	CDS	150				hypothetical protein
OGCOPLJJ_02254	CDS	432				hypothetical protein
OGCOPLJJ_02255	CDS	1008				hypothetical protein
OGCOPLJJ_02256	CDS	1005				hypothetical protein
OGCOPLJJ_02257	CDS	1932	yheS_1		COG0488	putative ABC transporter ATP-binding protein YheS
OGCOPLJJ_02258	CDS	558	dedA_1		COG0586	Protein DedA
OGCOPLJJ_02259	CDS	393	cybC		COG3783	Soluble cytochrome b562
OGCOPLJJ_02260	CDS	2469	gyrB	5.6.2.2	COG0187	DNA gyrase subunit B
OGCOPLJJ_02261	CDS	1083	recF_1		COG1195	DNA replication and repair protein RecF
OGCOPLJJ_02262	CDS	1149	dnaN		COG0592	Beta sliding clamp
OGCOPLJJ_02263	CDS	1398	dnaA_1		COG0593	Chromosomal replication initiator protein DnaA
OGCOPLJJ_02264	CDS	171				hypothetical protein
OGCOPLJJ_02265	CDS	1335	gudD	4.2.1.40	COG4948	Glucarate dehydratase
OGCOPLJJ_02266	CDS	1359	gudP_2			putative glucarate transporter
OGCOPLJJ_02267	CDS	1548	garD	4.2.1.42	COG2721	Galactarate dehydratase (L-threo-forming)
OGCOPLJJ_02268	CDS	897	cntI			Pseudopaline exporter CntI
OGCOPLJJ_02269	CDS	1071				putative HTH-type transcriptional regulator
OGCOPLJJ_02270	CDS	1461	calB_2	1.2.1.68		Coniferyl aldehyde dehydrogenase
OGCOPLJJ_02271	CDS	1464	cycA_3		COG1113	D-serine/D-alanine/glycine transporter
OGCOPLJJ_02272	CDS	1095	astA_3	2.3.1.109	COG3138	Arginine N-succinyltransferase
OGCOPLJJ_02273	CDS	519	aruC	2.6.1.11	COG4992	Succinylornithine transaminase/acetylornithine aminotransferase
OGCOPLJJ_02274	CDS	1320	oprB_2		COG3659	Porin B
OGCOPLJJ_02275	CDS	1452	quiC	4.2.1.118		3-dehydroshikimate dehydratase
OGCOPLJJ_02276	CDS	834	quiB	4.2.1.10	COG0710	Catabolic 3-dehydroquinate dehydratase
OGCOPLJJ_02277	CDS	630	pcaG	1.13.11.3	COG3485	Protocatechuate 3,4-dioxygenase alpha chain
OGCOPLJJ_02278	CDS	726	pcaH	1.13.11.3	COG3485	Protocatechuate 3,4-dioxygenase beta chain
OGCOPLJJ_02279	CDS	414				hypothetical protein
OGCOPLJJ_02280	CDS	1356	pcaK		COG0477	4-hydroxybenzoate transporter PcaK
OGCOPLJJ_02281	CDS	786	catD_2	3.1.1.24	COG0596	3-oxoadipate enol-lactonase 2
OGCOPLJJ_02282	CDS	1356	pcaB	5.5.1.2	COG0015	3-carboxy-cis,cis-muconate cycloisomerase
OGCOPLJJ_02283	CDS	828	pcaF_1	2.3.1.174	COG0183	Beta-ketoadipyl-CoA thiolase
OGCOPLJJ_02284	CDS	1395	atpD1	7.1.2.2		ATP synthase subunit beta 1
OGCOPLJJ_02285	CDS	870	atpG		COG0224	ATP synthase gamma chain
OGCOPLJJ_02286	CDS	1545	atpA_1	7.1.2.2	COG0056	ATP synthase subunit alpha
OGCOPLJJ_02287	CDS	537	atpH		COG0712	ATP synthase subunit delta
OGCOPLJJ_02288	CDS	471	atpF		COG0711	ATP synthase subunit b
OGCOPLJJ_02289	CDS	246	atpE		COG0636	ATP synthase subunit c
OGCOPLJJ_02290	CDS	876	atpB		COG0356	ATP synthase subunit a
OGCOPLJJ_02291	CDS	399				hypothetical protein
OGCOPLJJ_02292	CDS	840	znuA		COG4531	High-affinity zinc uptake system protein ZnuA
OGCOPLJJ_02293	CDS	498	zur		COG0735	Zinc uptake regulation protein
OGCOPLJJ_02294	CDS	780	znuC	7.2.2.-	COG1121	Zinc import ATP-binding protein ZnuC
OGCOPLJJ_02295	CDS	810	znuB_1		COG1108	High-affinity zinc uptake system membrane protein ZnuB
OGCOPLJJ_02296	CDS	627	rhtB_1		COG1280	Homoserine/homoserine lactone efflux protein
OGCOPLJJ_02297	CDS	921	yfeX_2	1.11.1.-	COG2837	Dye-decolorizing peroxidase YfeX
OGCOPLJJ_02298	CDS	279				hypothetical protein
OGCOPLJJ_02299	CDS	378				hypothetical protein
OGCOPLJJ_02300	CDS	741	ygaZ		COG1296	Inner membrane protein YgaZ
OGCOPLJJ_02301	CDS	471				hypothetical protein
OGCOPLJJ_02302	CDS	336				hypothetical protein
OGCOPLJJ_02303	CDS	708	cmr		COG0664	HTH-type transcriptional regulator Cmr
OGCOPLJJ_02304	CDS	522				hypothetical protein
OGCOPLJJ_02305	CDS	1092	ychF		COG0012	Ribosome-binding ATPase YchF
OGCOPLJJ_02306	CDS	660	metI		COG2011	D-methionine transport system permease protein MetI
OGCOPLJJ_02307	CDS	1071	metN_1	3.6.3.-	COG1135	Methionine import ATP-binding protein MetN
OGCOPLJJ_02308	CDS	834	metQ_1		COG1464	D-methionine-binding lipoprotein MetQ
OGCOPLJJ_02309	CDS	831				hypothetical protein
OGCOPLJJ_02310	CDS	1413	dmoA_1	1.14.13.131		Dimethyl-sulfide monooxygenase
OGCOPLJJ_02311	CDS	1224	soxC_1			Dibenzothiophene desulfurization enzyme C
OGCOPLJJ_02312	CDS	1212	soxC_2			Dibenzothiophene desulfurization enzyme C
OGCOPLJJ_02313	CDS	1260				hypothetical protein
OGCOPLJJ_02314	CDS	405	cueR_1		COG0789	HTH-type transcriptional regulator CueR
OGCOPLJJ_02315	CDS	486				hypothetical protein
OGCOPLJJ_02316	CDS	567	fldP_2			Flavodoxin FldP
OGCOPLJJ_02317	CDS	489				hypothetical protein
OGCOPLJJ_02318	CDS	999	srpG_1	2.5.1.47	COG0031	Cysteine synthase
OGCOPLJJ_02319	CDS	543	aac_1	2.3.1.-		Aminoglycoside 2'-N-acetyltransferase
OGCOPLJJ_02320	CDS	543	aac_2	2.3.1.-		Aminoglycoside 2'-N-acetyltransferase
OGCOPLJJ_02321	CDS	999	srpG_2	2.5.1.47	COG0031	Cysteine synthase
OGCOPLJJ_02322	CDS	489				hypothetical protein
OGCOPLJJ_02323	CDS	567	fldP_3			Flavodoxin FldP
OGCOPLJJ_02324	CDS	486				hypothetical protein
OGCOPLJJ_02325	CDS	405	cueR_2		COG0789	HTH-type transcriptional regulator CueR
OGCOPLJJ_02326	CDS	1260				hypothetical protein
OGCOPLJJ_02327	CDS	3816	dltA_1	6.2.1.54		D-alanine--D-alanyl carrier protein ligase
OGCOPLJJ_02328	CDS	507				hypothetical protein
OGCOPLJJ_02329	CDS	258				hypothetical protein
OGCOPLJJ_02330	CDS	321				hypothetical protein
OGCOPLJJ_02331	CDS	321				hypothetical protein
OGCOPLJJ_02332	CDS	258				hypothetical protein
OGCOPLJJ_02333	CDS	507				hypothetical protein
OGCOPLJJ_02334	CDS	3816	dltA_2	6.2.1.54		D-alanine--D-alanyl carrier protein ligase
OGCOPLJJ_02335	tRNA	86				tRNA-Leu(taa)
OGCOPLJJ_02336	CDS	333				hypothetical protein
OGCOPLJJ_02337	CDS	315				hypothetical protein
OGCOPLJJ_02338	CDS	852	folP_1	2.5.1.15	COG0294	Dihydropteroate synthase
OGCOPLJJ_02339	CDS	1896	ftsH	3.4.24.-	COG0465	ATP-dependent zinc metalloprotease FtsH
OGCOPLJJ_02340	CDS	651	rlmE	2.1.1.166	COG0293	Ribosomal RNA large subunit methyltransferase E
OGCOPLJJ_02341	CDS	324			COG1534	RNA-binding protein
OGCOPLJJ_02342	CDS	537				hypothetical protein
OGCOPLJJ_02343	CDS	588				hypothetical protein
OGCOPLJJ_02344	CDS	1140	carA	6.3.5.5	COG0505	Carbamoyl-phosphate synthase small chain
OGCOPLJJ_02345	CDS	3231	carB_1	6.3.5.5	COG0458	Carbamoyl-phosphate synthase large chain
OGCOPLJJ_02346	CDS	477	greA		COG0782	Transcription elongation factor GreA
OGCOPLJJ_02347	CDS	891	sucD	6.2.1.5	COG0074	Succinate--CoA ligase [ADP-forming] subunit alpha
OGCOPLJJ_02348	CDS	1167	sucC	6.2.1.5	COG0045	Succinate--CoA ligase [ADP-forming] subunit beta
OGCOPLJJ_02349	CDS	1434	lpdG	1.8.1.4	COG1249	Dihydrolipoyl dehydrogenase
OGCOPLJJ_02350	CDS	1197	sucB_1	2.3.1.61	COG0508	Dihydrolipoyllysine-residue succinyltransferase component of 2-oxoglutarate dehydrogenase complex
OGCOPLJJ_02351	CDS	2841	sucA_1	1.2.4.2	COG0567	2-oxoglutarate dehydrogenase E1 component
OGCOPLJJ_02352	CDS	711	sdhB	1.3.5.1	COG0479	Succinate dehydrogenase iron-sulfur subunit
OGCOPLJJ_02353	CDS	1836	sdhA	1.3.5.1		Succinate dehydrogenase flavoprotein subunit
OGCOPLJJ_02354	CDS	366	sdhD		COG2142	Succinate dehydrogenase hydrophobic membrane anchor subunit
OGCOPLJJ_02355	CDS	327	sdhC		COG2009	Succinate dehydrogenase cytochrome b556 subunit
OGCOPLJJ_02356	CDS	1713	recD2	3.6.4.12		ATP-dependent RecD-like DNA helicase
OGCOPLJJ_02357	CDS	1173	dhaT_1	1.1.1.202	COG1454	1,3-propanediol dehydrogenase
OGCOPLJJ_02358	CDS	969				hypothetical protein
OGCOPLJJ_02359	CDS	1191				hypothetical protein
OGCOPLJJ_02360	CDS	1512	ald1	1.2.1.48		Long-chain-aldehyde dehydrogenase
OGCOPLJJ_02361	CDS	1437	potE			Putrescine transporter PotE
OGCOPLJJ_02362	CDS	1386	eutB	4.3.1.7	COG4303	Ethanolamine ammonia-lyase heavy chain
OGCOPLJJ_02363	CDS	816	eutC	4.3.1.7	COG4302	Ethanolamine ammonia-lyase light chain
OGCOPLJJ_02364	CDS	1215				hypothetical protein
OGCOPLJJ_02365	CDS	207				hypothetical protein
OGCOPLJJ_02366	CDS	2115	btuB_3			Vitamin B12 transporter BtuB
OGCOPLJJ_02367	CDS	429				hypothetical protein
OGCOPLJJ_02368	CDS	531	def_2	3.5.1.88	COG0242	Peptide deformylase
OGCOPLJJ_02369	CDS	1155				hypothetical protein
OGCOPLJJ_02370	CDS	1152				hypothetical protein
OGCOPLJJ_02371	CDS	570	tsaC	2.7.7.87	COG0009	Threonylcarbamoyl-AMP synthase
OGCOPLJJ_02372	CDS	909				hypothetical protein
OGCOPLJJ_02373	CDS	642	comR			HTH-type transcriptional repressor ComR
OGCOPLJJ_02374	CDS	1215	nepI		COG2814	Purine ribonucleoside efflux pump NepI
OGCOPLJJ_02375	CDS	687	ycaC_3	4.-.-.-	COG1335	putative hydrolase YcaC
OGCOPLJJ_02376	CDS	120				hypothetical protein
OGCOPLJJ_02377	CDS	1875	nfdA	3.5.1.91		N-substituted formamide deformylase
OGCOPLJJ_02378	CDS	162				hypothetical protein
OGCOPLJJ_02379	CDS	429	arsC	1.20.4.1		Arsenate reductase
OGCOPLJJ_02380	CDS	330				hypothetical protein
OGCOPLJJ_02381	CDS	1035	acr3		COG0798	Arsenical-resistance protein Acr3
OGCOPLJJ_02382	CDS	903	benM_2			HTH-type transcriptional regulator BenM
OGCOPLJJ_02383	CDS	561				hypothetical protein
OGCOPLJJ_02384	CDS	522				hypothetical protein
OGCOPLJJ_02385	CDS	1566	ahpF_1	1.8.1.-	COG3634	Alkyl hydroperoxide reductase subunit F
OGCOPLJJ_02386	CDS	1830				hypothetical protein
OGCOPLJJ_02387	CDS	2724	secA_1		COG0653	Protein translocase subunit SecA
OGCOPLJJ_02388	CDS	444				hypothetical protein
OGCOPLJJ_02389	CDS	1311	yhjE_1			Inner membrane metabolite transport protein YhjE
OGCOPLJJ_02390	CDS	630				hypothetical protein
OGCOPLJJ_02391	CDS	630				hypothetical protein
OGCOPLJJ_02392	CDS	1311	yhjE_2			Inner membrane metabolite transport protein YhjE
OGCOPLJJ_02393	CDS	444				hypothetical protein
OGCOPLJJ_02394	CDS	2724	secA_2		COG0653	Protein translocase subunit SecA
OGCOPLJJ_02395	CDS	162				hypothetical protein
OGCOPLJJ_02396	CDS	2205	rlmL		COG0116	Ribosomal RNA large subunit methyltransferase K/L
OGCOPLJJ_02397	CDS	345				hypothetical protein
OGCOPLJJ_02398	CDS	1017	pyrB_1	2.1.3.2		Aspartate carbamoyltransferase
OGCOPLJJ_02399	CDS	1236	pyrC'		COG0044	Dihydroorotase-like protein
OGCOPLJJ_02400	CDS	1416	pal_1			Peptidoglycan-associated lipoprotein
OGCOPLJJ_02401	CDS	780				hypothetical protein
OGCOPLJJ_02402	CDS	627	gstB_1	2.5.1.18	COG0625	Glutathione S-transferase GstB
OGCOPLJJ_02403	CDS	717	trmB_2	2.1.1.33	COG0220	tRNA (guanine-N(7)-)-methyltransferase
OGCOPLJJ_02404	CDS	978				hypothetical protein
OGCOPLJJ_02405	CDS	975	epmA	6.3.1.-	COG2269	Elongation factor P--(R)-beta-lysine ligase
OGCOPLJJ_02406	CDS	1068	pdxB_1	1.1.1.290	COG0111	Erythronate-4-phosphate dehydrogenase
OGCOPLJJ_02407	CDS	393				hypothetical protein
OGCOPLJJ_02408	CDS	792	fdhD_1		COG1526	Sulfur carrier protein FdhD
OGCOPLJJ_02409	CDS	2409	ydeP		COG0243	Protein YdeP
OGCOPLJJ_02410	CDS	1158	garK	2.7.1.165	COG1929	Glycerate 2-kinase
OGCOPLJJ_02411	CDS	687				hypothetical protein
OGCOPLJJ_02412	CDS	783				hypothetical protein
OGCOPLJJ_02413	CDS	606	drgA			Protein DrgA
OGCOPLJJ_02414	CDS	537				hypothetical protein
OGCOPLJJ_02415	CDS	2055	prlC_1	3.4.24.70	COG0339	Oligopeptidase A
OGCOPLJJ_02416	CDS	210				hypothetical protein
OGCOPLJJ_02417	CDS	387				hypothetical protein
OGCOPLJJ_02418	CDS	2196				hypothetical protein
OGCOPLJJ_02419	CDS	567				hypothetical protein
OGCOPLJJ_02420	CDS	1086				hypothetical protein
OGCOPLJJ_02421	CDS	102				hypothetical protein
OGCOPLJJ_02422	CDS	291				hypothetical protein
OGCOPLJJ_02423	CDS	258				hypothetical protein
OGCOPLJJ_02424	CDS	1173	mmgC_9	1.3.99.-	COG1960	Acyl-CoA dehydrogenase
OGCOPLJJ_02425	CDS	1491	mymA	1.14.13.-	COG2072	Putative FAD-containing monooxygenase MymA
OGCOPLJJ_02426	CDS	159				hypothetical protein
OGCOPLJJ_02427	CDS	1350	nanT			Sialic acid transporter NanT
OGCOPLJJ_02428	CDS	1257	nicP_2			Porin-like protein NicP
OGCOPLJJ_02429	CDS	744		1.-.-.-	COG1028	putative oxidoreductase
OGCOPLJJ_02430	CDS	699				hypothetical protein
OGCOPLJJ_02431	CDS	1122				hypothetical protein
OGCOPLJJ_02432	CDS	1242	bbsG	1.3.8.3		(R)-benzylsuccinyl-CoA dehydrogenase
OGCOPLJJ_02433	CDS	921	pcpR_3			PCP degradation transcriptional activation protein
OGCOPLJJ_02434	CDS	813	pcaU		COG1414	Pca operon regulatory protein
OGCOPLJJ_02435	CDS	867		3.-.-.-		putative metallo-hydrolase
OGCOPLJJ_02436	CDS	414				hypothetical protein
OGCOPLJJ_02437	CDS	414				hypothetical protein
OGCOPLJJ_02438	CDS	468				hypothetical protein
OGCOPLJJ_02439	CDS	1518				hypothetical protein
OGCOPLJJ_02440	CDS	276				hypothetical protein
OGCOPLJJ_02441	CDS	2136	fhuE_1		COG4773	FhuE receptor
OGCOPLJJ_02442	CDS	1176	lpxB	2.4.1.182	COG0763	Lipid-A-disaccharide synthase
OGCOPLJJ_02443	CDS	648				hypothetical protein
OGCOPLJJ_02444	CDS	1023				hypothetical protein
OGCOPLJJ_02445	CDS	1758	ybhF		COG1131	putative multidrug ABC transporter ATP-binding protein YbhF
OGCOPLJJ_02446	CDS	1125	ybhS		COG0842	putative multidrug ABC transporter permease YbhS
OGCOPLJJ_02447	CDS	1119	ybhR_1		COG0842	putative multidrug ABC transporter permease YbhR
OGCOPLJJ_02448	CDS	237				hypothetical protein
OGCOPLJJ_02449	CDS	1020				hypothetical protein
OGCOPLJJ_02450	CDS	2499				hypothetical protein
OGCOPLJJ_02451	CDS	822				hypothetical protein
OGCOPLJJ_02452	CDS	519				hypothetical protein
OGCOPLJJ_02453	CDS	519				hypothetical protein
OGCOPLJJ_02454	CDS	822				hypothetical protein
OGCOPLJJ_02455	CDS	2499				hypothetical protein
OGCOPLJJ_02456	CDS	1020				hypothetical protein
OGCOPLJJ_02457	CDS	237				hypothetical protein
OGCOPLJJ_02458	CDS	1158	paaH_1	1.1.1.-	COG1250	3-hydroxyadipyl-CoA dehydrogenase
OGCOPLJJ_02459	CDS	1209	paaJ	2.3.1.174	COG0183	3-oxoadipyl-CoA/3-oxo-5,6-dehydrosuberyl-CoA thiolase
OGCOPLJJ_02460	CDS	1290	paaK	6.2.1.30	COG1541	Phenylacetate-coenzyme A ligase
OGCOPLJJ_02461	CDS	966	paaX		COG3327	Transcriptional repressor PaaX
OGCOPLJJ_02462	CDS	606	yrdA_1		COG0663	Protein YrdA
OGCOPLJJ_02463	CDS	384				hypothetical protein
OGCOPLJJ_02464	CDS	267				hypothetical protein
OGCOPLJJ_02465	CDS	180				hypothetical protein
OGCOPLJJ_02466	CDS	375				hypothetical protein
OGCOPLJJ_02467	CDS	171				hypothetical protein
OGCOPLJJ_02468	CDS	444				hypothetical protein
OGCOPLJJ_02469	CDS	861	rhtA_1		COG5006	Threonine/homoserine exporter RhtA
OGCOPLJJ_02470	CDS	885	rhtA_2		COG5006	Threonine/homoserine exporter RhtA
OGCOPLJJ_02471	CDS	1233	serA	1.1.1.95	COG0111	D-3-phosphoglycerate dehydrogenase
OGCOPLJJ_02472	CDS	1410		1.-.-.-	COG0277	putative FAD-linked oxidoreductase
OGCOPLJJ_02473	CDS	369				hypothetical protein
OGCOPLJJ_02474	CDS	315	ygiN	1.-.-.-	COG1359	putative quinol monooxygenase YgiN
OGCOPLJJ_02475	CDS	588	mdaB	1.6.5.10	COG2249	NADPH:quinone oxidoreductase MdaB
OGCOPLJJ_02476	CDS	366				hypothetical protein
OGCOPLJJ_02477	CDS	1230	craA			Chloramphenicol resistance protein CraA
OGCOPLJJ_02478	CDS	2046	yccS_2		COG1289	Inner membrane protein YccS
OGCOPLJJ_02479	CDS	630				hypothetical protein
OGCOPLJJ_02480	CDS	951	thrB_1	2.7.1.39	COG2334	Homoserine kinase
OGCOPLJJ_02481	CDS	537	hisF	4.3.2.10	COG0107	Imidazole glycerol phosphate synthase subunit HisF
OGCOPLJJ_02482	CDS	639				hypothetical protein
OGCOPLJJ_02483	CDS	1005	virS			HTH-type transcriptional regulator VirS
OGCOPLJJ_02484	CDS	690	aqpZ2			Aquaporin Z 2
OGCOPLJJ_02485	CDS	165				hypothetical protein
OGCOPLJJ_02486	CDS	243				hypothetical protein
OGCOPLJJ_02487	CDS	600				hypothetical protein
OGCOPLJJ_02488	CDS	1104				hypothetical protein
OGCOPLJJ_02489	CDS	444				hypothetical protein
OGCOPLJJ_02490	CDS	1878	kup			Low affinity potassium transport system protein kup
OGCOPLJJ_02491	tRNA	90				tRNA-Ser(gga)
OGCOPLJJ_02492	CDS	342				hypothetical protein
OGCOPLJJ_02493	CDS	723	phnR_1		COG2188	Putative transcriptional regulator of 2-aminoethylphosphonate degradation operons
OGCOPLJJ_02494	CDS	1038			COG1840	putative protein
OGCOPLJJ_02495	CDS	1203	btuD_1	7.6.2.8		Vitamin B12 import ATP-binding protein BtuD
OGCOPLJJ_02496	CDS	1710				hypothetical protein
OGCOPLJJ_02497	CDS	1155	soxA	1.5.3.1		Monomeric sarcosine oxidase
OGCOPLJJ_02498	CDS	1188	phnW_1	2.6.1.37	COG0075	2-aminoethylphosphonate--pyruvate transaminase
OGCOPLJJ_02499	CDS	816	phnX	3.11.1.1	COG0637	Phosphonoacetaldehyde hydrolase
OGCOPLJJ_02500	CDS	1251	yjhB_2			Putative metabolite transport protein YjhB
OGCOPLJJ_02501	CDS	1152	carC_1	1.3.1.108	COG1960	Caffeyl-CoA reductase-Etf complex subunit CarC
OGCOPLJJ_02502	CDS	243				hypothetical protein
OGCOPLJJ_02503	CDS	192				hypothetical protein
OGCOPLJJ_02504	CDS	768				hypothetical protein
OGCOPLJJ_02505	CDS	957				hypothetical protein
OGCOPLJJ_02506	CDS	666				hypothetical protein
OGCOPLJJ_02507	CDS	390				hypothetical protein
OGCOPLJJ_02508	CDS	414				hypothetical protein
OGCOPLJJ_02509	CDS	405				hypothetical protein
OGCOPLJJ_02510	CDS	369				hypothetical protein
OGCOPLJJ_02511	CDS	444				hypothetical protein
OGCOPLJJ_02512	CDS	219				hypothetical protein
OGCOPLJJ_02513	CDS	354				hypothetical protein
OGCOPLJJ_02514	CDS	972				hypothetical protein
OGCOPLJJ_02515	CDS	918				hypothetical protein
OGCOPLJJ_02516	CDS	516				hypothetical protein
OGCOPLJJ_02517	CDS	183				hypothetical protein
OGCOPLJJ_02518	CDS	405				hypothetical protein
OGCOPLJJ_02519	CDS	324				hypothetical protein
OGCOPLJJ_02520	CDS	684				hypothetical protein
OGCOPLJJ_02521	CDS	333	pyrF_1	4.1.1.23	COG0284	Orotidine 5'-phosphate decarboxylase
OGCOPLJJ_02522	CDS	912				hypothetical protein
OGCOPLJJ_02523	CDS	1509		1.14.13.-	COG2072	Baeyer-Villiger monooxygenase
OGCOPLJJ_02524	CDS	1020				putative HTH-type transcriptional regulator
OGCOPLJJ_02525	CDS	1143	zapE_1		COG1485	Cell division protein ZapE
OGCOPLJJ_02526	CDS	1143	zapE_2		COG1485	Cell division protein ZapE
OGCOPLJJ_02527	CDS	1020				putative HTH-type transcriptional regulator
OGCOPLJJ_02528	CDS	1509		1.14.13.-	COG2072	Baeyer-Villiger monooxygenase
OGCOPLJJ_02529	CDS	912				hypothetical protein
OGCOPLJJ_02530	CDS	333	pyrF_2	4.1.1.23	COG0284	Orotidine 5'-phosphate decarboxylase
OGCOPLJJ_02531	CDS	369				hypothetical protein
OGCOPLJJ_02532	CDS	735				hypothetical protein
OGCOPLJJ_02533	CDS	1731	gsiA	7.4.2.10	COG1123	Glutathione import ATP-binding protein GsiA
OGCOPLJJ_02534	CDS	1143				hypothetical protein
OGCOPLJJ_02535	CDS	939	gsiC		COG0601	Glutathione transport system permease protein GsiC
OGCOPLJJ_02536	CDS	2013	prlC_2	3.4.24.70	COG0339	Oligopeptidase A
OGCOPLJJ_02537	CDS	1821	oppA		COG4166	Oligopeptide-binding protein OppA
OGCOPLJJ_02538	CDS	1785	hbpA		COG0747	Heme-binding protein A
OGCOPLJJ_02539	CDS	1479	smvA_1			Methyl viologen resistance protein SmvA
OGCOPLJJ_02540	CDS	579				hypothetical protein
OGCOPLJJ_02541	CDS	1260				hypothetical protein
OGCOPLJJ_02542	CDS	615				hypothetical protein
OGCOPLJJ_02543	CDS	420				hypothetical protein
OGCOPLJJ_02544	CDS	1260				hypothetical protein
OGCOPLJJ_02545	CDS	579				hypothetical protein
OGCOPLJJ_02546	CDS	1479	smvA_2			Methyl viologen resistance protein SmvA
OGCOPLJJ_02547	CDS	936	dmlR_10			HTH-type transcriptional regulator DmlR
OGCOPLJJ_02548	CDS	639	rhtC_4		COG1280	Threonine efflux protein
OGCOPLJJ_02549	CDS	1962	sufS_1	4.4.1.16		Cysteine desulfurase
OGCOPLJJ_02550	CDS	933	mmpI_1			Major membrane protein I
OGCOPLJJ_02551	CDS	933	mmpI_2			Major membrane protein I
OGCOPLJJ_02552	CDS	1962	sufS_2	4.4.1.16		Cysteine desulfurase
OGCOPLJJ_02553	CDS	639	rhtC_5		COG1280	Threonine efflux protein
OGCOPLJJ_02554	CDS	936	dmlR_11			HTH-type transcriptional regulator DmlR
OGCOPLJJ_02555	CDS	213	ppsR_1	2.7.11.33	COG1806	Phosphoenolpyruvate synthase regulatory protein
OGCOPLJJ_02556	CDS	528	ppsR_2	2.7.11.33	COG1806	Phosphoenolpyruvate synthase regulatory protein
OGCOPLJJ_02557	CDS	2379	ppsA_1	2.7.9.2		Phosphoenolpyruvate synthase
OGCOPLJJ_02558	CDS	756				hypothetical protein
OGCOPLJJ_02559	CDS	1053	cyoA		COG1622	Cytochrome bo(3) ubiquinol oxidase subunit 2
OGCOPLJJ_02560	CDS	1992	cyoB_1	7.1.1.3	COG0843	Cytochrome bo(3) ubiquinol oxidase subunit 1
OGCOPLJJ_02561	CDS	621	cyoC		COG1845	Cytochrome bo(3) ubiquinol oxidase subunit 3
OGCOPLJJ_02562	CDS	330	cyoD		COG3125	Cytochrome bo(3) ubiquinol oxidase subunit 4
OGCOPLJJ_02563	CDS	879	cyoE	2.5.1.141	COG0109	Protoheme IX farnesyltransferase
OGCOPLJJ_02564	CDS	384	rpsF		COG0360	30S ribosomal protein S6
OGCOPLJJ_02565	CDS	228	rpsR		COG0238	30S ribosomal protein S18
OGCOPLJJ_02566	CDS	447	rplI		COG0359	50S ribosomal protein L9
OGCOPLJJ_02567	CDS	903	pgrR_2			HTH-type transcriptional regulator PgrR
OGCOPLJJ_02568	CDS	423				hypothetical protein
OGCOPLJJ_02569	CDS	504				hypothetical protein
OGCOPLJJ_02570	CDS	1005	fgd	1.1.98.2		F420-dependent glucose-6-phosphate dehydrogenase
OGCOPLJJ_02571	CDS	564		1.14.13.-	COG2072	Baeyer-Villiger monooxygenase
OGCOPLJJ_02572	CDS	465				hypothetical protein
OGCOPLJJ_02573	CDS	1248	pgaC_2	2.4.1.-	COG1215	Poly-beta-1,6-N-acetyl-D-glucosamine synthase
OGCOPLJJ_02574	CDS	1830				hypothetical protein
OGCOPLJJ_02575	CDS	2439	pgaA			Poly-beta-1,6-N-acetyl-D-glucosamine export protein
OGCOPLJJ_02576	CDS	285	yjdJ		COG2388	putative protein YjdJ
OGCOPLJJ_02577	CDS	960	rcsC_3	2.7.13.3		Sensor histidine kinase RcsC
OGCOPLJJ_02578	CDS	3474	rcsC_4	2.7.13.3		Sensor histidine kinase RcsC
OGCOPLJJ_02579	CDS	1617				hypothetical protein
OGCOPLJJ_02580	CDS	456	lrp_2		COG1522	Leucine-responsive regulatory protein
OGCOPLJJ_02581	CDS	612	rhtB_2		COG1280	Homoserine/homoserine lactone efflux protein
OGCOPLJJ_02582	CDS	612	lexA_3	3.4.21.88		LexA repressor
OGCOPLJJ_02583	CDS	237				hypothetical protein
OGCOPLJJ_02584	CDS	606				hypothetical protein
OGCOPLJJ_02585	CDS	807				hypothetical protein
OGCOPLJJ_02586	CDS	936	gbpR			HTH-type transcriptional regulator GbpR
OGCOPLJJ_02587	CDS	1176				hypothetical protein
OGCOPLJJ_02588	CDS	1788	araC_1	4.2.1.25		L-arabonate dehydratase
OGCOPLJJ_02589	CDS	369	astD_3	1.2.1.71		N-succinylglutamate 5-semialdehyde dehydrogenase
OGCOPLJJ_02590	CDS	1251		1.2.1.26		Alpha-ketoglutaric semialdehyde dehydrogenase
OGCOPLJJ_02591	CDS	621	slmA			Nucleoid occlusion factor SlmA
OGCOPLJJ_02592	CDS	1578	emrY			putative multidrug resistance protein EmrY
OGCOPLJJ_02593	CDS	1089	emrA_3			Colistin resistance protein EmrA
OGCOPLJJ_02594	CDS	1227				hypothetical protein
OGCOPLJJ_02595	CDS	1788	ilvD	4.2.1.9	COG0129	Dihydroxy-acid dehydratase
OGCOPLJJ_02596	CDS	1290				hypothetical protein
OGCOPLJJ_02597	CDS	732				hypothetical protein
OGCOPLJJ_02598	CDS	891	hcaR_1			Hca operon transcriptional activator HcaR
OGCOPLJJ_02599	CDS	1296	rutG		COG2233	Putative pyrimidine permease RutG
OGCOPLJJ_02600	CDS	2685	ppc_1	4.1.1.31	COG2352	Phosphoenolpyruvate carboxylase
OGCOPLJJ_02601	CDS	624				hypothetical protein
OGCOPLJJ_02602	CDS	687	hepA		COG1132	Heterocyst differentiation ATP-binding protein HepA
OGCOPLJJ_02603	CDS	732	hisA	5.3.1.16	COG0106	1-(5-phosphoribosyl)-5-[(5-phosphoribosylamino)methylideneamino] imidazole-4-carboxamide isomerase
OGCOPLJJ_02604	CDS	642	rnd_1	3.1.13.5		Ribonuclease D
OGCOPLJJ_02605	CDS	549				hypothetical protein
OGCOPLJJ_02606	CDS	219	hisH	4.3.2.10	COG0118	Imidazole glycerol phosphate synthase subunit HisH
OGCOPLJJ_02607	CDS	594	hisB		COG0131	Histidine biosynthesis bifunctional protein HisB
OGCOPLJJ_02608	CDS	384	panZ			PanD regulatory factor
OGCOPLJJ_02609	tRNA	76				tRNA-Phe(gaa)
OGCOPLJJ_02610	tRNA	76				tRNA-Phe(gaa)
OGCOPLJJ_02611	CDS	432	ypeA	2.3.1.-	COG0456	Acetyltransferase YpeA
OGCOPLJJ_02612	CDS	1515	cat1	2.8.3.-	COG0427	Succinyl-CoA:coenzyme A transferase
OGCOPLJJ_02613	CDS	1458	envZ	2.7.13.3		Osmolarity sensor protein EnvZ
OGCOPLJJ_02614	CDS	765	ompR			Transcriptional regulatory protein OmpR
OGCOPLJJ_02615	CDS	312				hypothetical protein
OGCOPLJJ_02616	CDS	1317				hypothetical protein
OGCOPLJJ_02617	CDS	1986				hypothetical protein
OGCOPLJJ_02618	CDS	294				hypothetical protein
OGCOPLJJ_02619	CDS	615				hypothetical protein
OGCOPLJJ_02620	CDS	1077				hypothetical protein
OGCOPLJJ_02621	CDS	231				hypothetical protein
OGCOPLJJ_02622	CDS	798				hypothetical protein
OGCOPLJJ_02623	CDS	585				hypothetical protein
OGCOPLJJ_02624	CDS	1512				hypothetical protein
OGCOPLJJ_02625	CDS	837				hypothetical protein
OGCOPLJJ_02626	CDS	738				hypothetical protein
OGCOPLJJ_02627	CDS	1497	pitA_1		COG0306	Low-affinity inorganic phosphate transporter 1
OGCOPLJJ_02628	CDS	678				hypothetical protein
OGCOPLJJ_02629	CDS	1335	dsdA_1	4.3.1.18	COG3048	D-serine dehydratase
OGCOPLJJ_02630	CDS	1548				hypothetical protein
OGCOPLJJ_02631	CDS	165				hypothetical protein
OGCOPLJJ_02632	CDS	1008	egtB	1.14.99.50		Hercynine oxygenase
OGCOPLJJ_02633	CDS	1677	atsA_1	3.1.6.1	COG3119	Arylsulfatase
OGCOPLJJ_02634	CDS	618	glpG	3.4.21.105		Rhomboid protease GlpG
OGCOPLJJ_02635	CDS	1758				hypothetical protein
OGCOPLJJ_02636	CDS	360				hypothetical protein
OGCOPLJJ_02637	CDS	663	qseB_3			Transcriptional regulatory protein QseB
OGCOPLJJ_02638	CDS	1359	qseC_3	2.7.13.3		Sensor protein QseC
OGCOPLJJ_02639	CDS	171				hypothetical protein
OGCOPLJJ_02640	CDS	339	rppH_1	3.6.1.-		RNA pyrophosphohydrolase
OGCOPLJJ_02641	CDS	339	rppH_2	3.6.1.-		RNA pyrophosphohydrolase
OGCOPLJJ_02642	CDS	171				hypothetical protein
OGCOPLJJ_02643	CDS	1359	qseC_4	2.7.13.3		Sensor protein QseC
OGCOPLJJ_02644	CDS	663	qseB_4			Transcriptional regulatory protein QseB
OGCOPLJJ_02645	CDS	360				hypothetical protein
OGCOPLJJ_02646	CDS	1758				hypothetical protein
OGCOPLJJ_02647	CDS	132	bfr_3	1.16.3.1		Bacterioferritin
OGCOPLJJ_02648	CDS	2037	ligA	6.5.1.2	COG0272	DNA ligase
OGCOPLJJ_02649	CDS	1038	zipA			Cell division protein ZipA
OGCOPLJJ_02650	CDS	3450	smc_2		COG1196	Chromosome partition protein Smc
OGCOPLJJ_02651	CDS	696				hypothetical protein
OGCOPLJJ_02652	CDS	804				hypothetical protein
OGCOPLJJ_02653	CDS	753	birA	6.3.4.15	COG0340	Bifunctional ligase/repressor BirA
OGCOPLJJ_02654	CDS	735	coaX	2.7.1.33	COG1521	Type III pantothenate kinase
OGCOPLJJ_02655	CDS	900				hypothetical protein
OGCOPLJJ_02656	CDS	1968			COG1292	Glycine betaine transporter
OGCOPLJJ_02657	CDS	693				hypothetical protein
OGCOPLJJ_02658	CDS	1716	actP_1		COG4147	Cation/acetate symporter ActP
OGCOPLJJ_02659	CDS	333	yjcH		COG3162	Inner membrane protein YjcH
OGCOPLJJ_02660	CDS	3498	rcsC_5	2.7.13.3		Sensor histidine kinase RcsC
OGCOPLJJ_02661	CDS	864				hypothetical protein
OGCOPLJJ_02662	CDS	1593	prfC		COG4108	Peptide chain release factor RF3
OGCOPLJJ_02663	CDS	843				hypothetical protein
OGCOPLJJ_02664	CDS	942				hypothetical protein
OGCOPLJJ_02665	CDS	549	yjjV	3.1.-.-	COG0084	putative metal-dependent hydrolase YjjV
OGCOPLJJ_02666	CDS	2757	acnA	4.2.1.3	COG1048	Aconitate hydratase A
OGCOPLJJ_02667	CDS	762	tcdA	6.1.-.-	COG1179	tRNA threonylcarbamoyladenosine dehydratase
OGCOPLJJ_02668	CDS	261	benM_3			HTH-type transcriptional regulator BenM
OGCOPLJJ_02669	CDS	870	entB	6.3.2.14	COG1535	Enterobactin synthase component B
OGCOPLJJ_02670	CDS	1629	entE	6.3.2.14	COG1021	Enterobactin synthase component E
OGCOPLJJ_02671	CDS	2943				hypothetical protein
OGCOPLJJ_02672	CDS	1311	iucD_1	1.14.13.59	COG3486	L-lysine N6-monooxygenase
OGCOPLJJ_02673	CDS	1974	fatA_1			Ferric-anguibactin receptor FatA
OGCOPLJJ_02674	CDS	1026				hypothetical protein
OGCOPLJJ_02675	CDS	1041	aidA_2			Quorum-quenching protein AidA
OGCOPLJJ_02676	CDS	861	hcaB_3	1.3.1.87		3-phenylpropionate-dihydrodiol/cinnamic acid-dihydrodiol dehydrogenase
OGCOPLJJ_02677	CDS	843	hcaB_4	1.3.1.87		3-phenylpropionate-dihydrodiol/cinnamic acid-dihydrodiol dehydrogenase
OGCOPLJJ_02678	CDS	783				hypothetical protein
OGCOPLJJ_02679	CDS	783				hypothetical protein
OGCOPLJJ_02680	CDS	843	hcaB_5	1.3.1.87		3-phenylpropionate-dihydrodiol/cinnamic acid-dihydrodiol dehydrogenase
OGCOPLJJ_02681	CDS	861	hcaB_6	1.3.1.87		3-phenylpropionate-dihydrodiol/cinnamic acid-dihydrodiol dehydrogenase
OGCOPLJJ_02682	CDS	1041	aidA_3			Quorum-quenching protein AidA
OGCOPLJJ_02683	CDS	1026				hypothetical protein
OGCOPLJJ_02684	CDS	1290				hypothetical protein
OGCOPLJJ_02685	CDS	1224	serB2	3.1.3.3	COG0560	Phosphoserine phosphatase SerB2
OGCOPLJJ_02686	CDS	336				hypothetical protein
OGCOPLJJ_02687	CDS	486				hypothetical protein
OGCOPLJJ_02688	CDS	444	dtd	3.1.1.96	COG1490	D-aminoacyl-tRNA deacylase
OGCOPLJJ_02689	CDS	1524	katB	1.11.1.6	COG0753	Catalase
OGCOPLJJ_02690	CDS	486				hypothetical protein
OGCOPLJJ_02691	CDS	1215	pncB2	6.3.4.21	COG1488	Nicotinate phosphoribosyltransferase 2
OGCOPLJJ_02692	CDS	849	rhdA	2.8.1.1	COG2897	Thiosulfate sulfurtransferase
OGCOPLJJ_02693	CDS	852	psd	4.1.1.65	COG0688	Phosphatidylserine decarboxylase proenzyme
OGCOPLJJ_02694	CDS	2073				hypothetical protein
OGCOPLJJ_02695	CDS	1854				hypothetical protein
OGCOPLJJ_02696	CDS	699	hda		COG0593	DnaA regulatory inactivator Hda
OGCOPLJJ_02697	CDS	1194			COG0628	Putative transport protein
OGCOPLJJ_02698	CDS	1071	purM_1	6.3.3.1	COG0150	Phosphoribosylformylglycinamidine cyclo-ligase
OGCOPLJJ_02699	CDS	630	purN	2.1.2.2	COG0299	Phosphoribosylglycinamide formyltransferase
OGCOPLJJ_02700	CDS	810				hypothetical protein
OGCOPLJJ_02701	CDS	1098				hypothetical protein
OGCOPLJJ_02702	CDS	1569				hypothetical protein
OGCOPLJJ_02703	CDS	744	cobS_1	2.7.8.26	COG0368	Adenosylcobinamide-GDP ribazoletransferase
OGCOPLJJ_02704	CDS	1143	aroF_1	2.5.1.54	COG0722	Phospho-2-dehydro-3-deoxyheptonate aldolase, Tyr-sensitive
OGCOPLJJ_02705	CDS	888				hypothetical protein
OGCOPLJJ_02706	CDS	297				hypothetical protein
OGCOPLJJ_02707	CDS	297				hypothetical protein
OGCOPLJJ_02708	CDS	888				hypothetical protein
OGCOPLJJ_02709	CDS	1143	aroF_2	2.5.1.54	COG0722	Phospho-2-dehydro-3-deoxyheptonate aldolase, Tyr-sensitive
OGCOPLJJ_02710	CDS	744	cobS_2	2.7.8.26	COG0368	Adenosylcobinamide-GDP ribazoletransferase
OGCOPLJJ_02711	CDS	1569				hypothetical protein
OGCOPLJJ_02712	CDS	483	psiE			Protein PsiE
OGCOPLJJ_02713	CDS	384				hypothetical protein
OGCOPLJJ_02714	CDS	447				hypothetical protein
OGCOPLJJ_02715	CDS	1464	clsA	2.7.8.-		Cardiolipin synthase A
OGCOPLJJ_02716	CDS	2076			COG1629	putative TonB-dependent receptor
OGCOPLJJ_02717	CDS	765				hypothetical protein
OGCOPLJJ_02718	CDS	1779	aspS	6.1.1.23	COG0173	Aspartate--tRNA(Asp/Asn) ligase
OGCOPLJJ_02719	CDS	219				hypothetical protein
OGCOPLJJ_02720	CDS	1095				hypothetical protein
OGCOPLJJ_02721	CDS	2535				hypothetical protein
OGCOPLJJ_02722	CDS	2379				hypothetical protein
OGCOPLJJ_02723	CDS	414				hypothetical protein
OGCOPLJJ_02724	CDS	1824	dmdC_3	1.3.8.-	COG1960	3-methylmercaptopropionyl-CoA dehydrogenase
OGCOPLJJ_02725	CDS	657				hypothetical protein
OGCOPLJJ_02726	CDS	255				hypothetical protein
OGCOPLJJ_02727	CDS	1101				hypothetical protein
OGCOPLJJ_02728	CDS	1101				hypothetical protein
OGCOPLJJ_02729	CDS	255				hypothetical protein
OGCOPLJJ_02730	CDS	657				hypothetical protein
OGCOPLJJ_02731	CDS	1824	dmdC_4	1.3.8.-	COG1960	3-methylmercaptopropionyl-CoA dehydrogenase
OGCOPLJJ_02732	CDS	414				hypothetical protein
OGCOPLJJ_02733	CDS	1857				hypothetical protein
OGCOPLJJ_02734	CDS	789	aroE	1.1.1.25	COG0169	Shikimate dehydrogenase (NADP(+))
OGCOPLJJ_02735	CDS	951	hemF	1.3.3.3	COG0408	Oxygen-dependent coproporphyrinogen-III oxidase
OGCOPLJJ_02736	CDS	603	ribA	3.5.4.25	COG0807	GTP cyclohydrolase-2
OGCOPLJJ_02737	CDS	1905	dxs	2.2.1.7	COG1154	1-deoxy-D-xylulose-5-phosphate synthase
OGCOPLJJ_02738	CDS	882	suhB	3.1.3.25	COG0483	Inositol-1-monophosphatase
OGCOPLJJ_02739	CDS	1602	deaD_1	3.6.4.13		ATP-dependent RNA helicase DeaD
OGCOPLJJ_02740	CDS	567	paaF_3	4.2.1.17	COG1024	2,3-dehydroadipyl-CoA hydratase
OGCOPLJJ_02741	CDS	762	bacC_2	1.1.1.385		Dihydroanticapsin 7-dehydrogenase
OGCOPLJJ_02742	CDS	1524	paaH_2	1.1.1.-	COG1250	3-hydroxyadipyl-CoA dehydrogenase
OGCOPLJJ_02743	CDS	1206	pcaF_2	2.3.1.174	COG0183	Beta-ketoadipyl-CoA thiolase
OGCOPLJJ_02744	CDS	843	tsaQ1_1			HTH-type transcriptional regulator TsaQ1/TsaQ2
OGCOPLJJ_02745	CDS	1185				putative transporter
OGCOPLJJ_02746	CDS	972		1.6.5.11	COG2070	NADH:quinone reductase
OGCOPLJJ_02747	CDS	810	paaF_4	4.2.1.17	COG1024	2,3-dehydroadipyl-CoA hydratase
OGCOPLJJ_02748	CDS	852	tsaQ1_2			HTH-type transcriptional regulator TsaQ1/TsaQ2
OGCOPLJJ_02749	CDS	411	frc	2.8.3.16		Formyl-CoA:oxalate CoA-transferase
OGCOPLJJ_02750	CDS	471	rsmI	2.1.1.198	COG0313	Ribosomal RNA small subunit methyltransferase I
OGCOPLJJ_02751	CDS	387				hypothetical protein
OGCOPLJJ_02752	CDS	891			COG0583	putative HTH-type transcriptional regulator
OGCOPLJJ_02753	CDS	609	argO		COG1279	Arginine exporter protein ArgO
OGCOPLJJ_02754	CDS	642	zitB_3			Zinc transporter ZitB
OGCOPLJJ_02755	CDS	402	zntR		COG0789	HTH-type transcriptional regulator ZntR
OGCOPLJJ_02756	CDS	252				hypothetical protein
OGCOPLJJ_02757	CDS	1233	ubiI	1.14.13.240	COG0654	2-octaprenylphenol hydroxylase
OGCOPLJJ_02758	CDS	1209	ubiH	1.14.13.-	COG0654	2-octaprenyl-6-methoxyphenol hydroxylase
OGCOPLJJ_02759	CDS	1323	pepP	3.4.11.9	COG0006	Xaa-Pro aminopeptidase
OGCOPLJJ_02760	CDS	633				hypothetical protein
OGCOPLJJ_02761	CDS	561				hypothetical protein
OGCOPLJJ_02762	CDS	285				hypothetical protein
OGCOPLJJ_02763	CDS	837	pcaF_3	2.3.1.174	COG0183	Beta-ketoadipyl-CoA thiolase
OGCOPLJJ_02764	CDS	780	catD_3	3.1.1.24	COG0596	3-oxoadipate enol-lactonase 2
OGCOPLJJ_02765	CDS	2475	pac	3.5.1.11		Penicillin G acylase
OGCOPLJJ_02766	CDS	1488	feaB	1.2.1.39	COG1012	Phenylacetaldehyde dehydrogenase
OGCOPLJJ_02767	CDS	360				hypothetical protein
OGCOPLJJ_02768	CDS	747				hypothetical protein
OGCOPLJJ_02769	CDS	2307	tynA	1.4.3.21	COG3733	Primary amine oxidase
OGCOPLJJ_02770	CDS	1572	yveA_1		COG0531	Aspartate-proton symporter
OGCOPLJJ_02771	CDS	1581		1.2.1.26		Alpha-ketoglutaric semialdehyde dehydrogenase
OGCOPLJJ_02772	CDS	1290	abaF_2			Fosfomycin resistance protein AbaF
OGCOPLJJ_02773	CDS	1290	abaF_3			Fosfomycin resistance protein AbaF
OGCOPLJJ_02774	CDS	1581		1.2.1.26		Alpha-ketoglutaric semialdehyde dehydrogenase
OGCOPLJJ_02775	CDS	1572	yveA_2		COG0531	Aspartate-proton symporter
OGCOPLJJ_02776	CDS	408		4.4.1.22		Putative glutathione-dependent formaldehyde-activating enzyme
OGCOPLJJ_02777	CDS	402	hmrR_1			HTH-type transcriptional regulator HmrR
OGCOPLJJ_02778	CDS	2472	actP_2	7.2.2.9		Copper-transporting P-type ATPase
OGCOPLJJ_02779	CDS	195				hypothetical protein
OGCOPLJJ_02780	CDS	960	benM_4			HTH-type transcriptional regulator BenM
OGCOPLJJ_02781	CDS	1476	cbdA	1.14.12.13		2-halobenzoate 1,2-dioxygenase large subunit
OGCOPLJJ_02782	CDS	501	cbdB	1.14.12.13		2-halobenzoate 1,2-dioxygenase small subunit
OGCOPLJJ_02783	CDS	1017	benC		COG0543	Benzoate 1,2-dioxygenase electron transfer component
OGCOPLJJ_02784	CDS	786	lvr	1.1.1.-		Levodione reductase
OGCOPLJJ_02785	CDS	1728	glnS_1	6.1.1.18	COG0008	Glutamine--tRNA ligase
OGCOPLJJ_02786	CDS	510		5.2.1.8		Peptidyl-prolyl cis-trans isomerase cyp18
OGCOPLJJ_02787	CDS	720	lpxH_1	3.6.1.54	COG2908	UDP-2,3-diacylglucosamine hydrolase
OGCOPLJJ_02788	CDS	249				hypothetical protein
OGCOPLJJ_02789	CDS	654	nfsB_1	1.-.-.-	COG0778	Oxygen-insensitive NAD(P)H nitroreductase
OGCOPLJJ_02790	CDS	654	nfsB_2	1.-.-.-	COG0778	Oxygen-insensitive NAD(P)H nitroreductase
OGCOPLJJ_02791	CDS	249				hypothetical protein
OGCOPLJJ_02792	CDS	720	lpxH_2	3.6.1.54	COG2908	UDP-2,3-diacylglucosamine hydrolase
OGCOPLJJ_02793	CDS	510		5.2.1.8		Peptidyl-prolyl cis-trans isomerase cyp18
OGCOPLJJ_02794	CDS	1728	glnS_2	6.1.1.18	COG0008	Glutamine--tRNA ligase
OGCOPLJJ_02795	CDS	1380	sdaA	4.3.1.17	COG1760	L-serine dehydratase 1
OGCOPLJJ_02796	CDS	2103	paaZ		COG2030	Bifunctional protein PaaZ
OGCOPLJJ_02797	CDS	939	paaA	1.14.13.149	COG3396	1,2-phenylacetyl-CoA epoxidase, subunit A
OGCOPLJJ_02798	CDS	291	paaB		COG3460	1,2-phenylacetyl-CoA epoxidase, subunit B
OGCOPLJJ_02799	CDS	756	paaC		COG3396	1,2-phenylacetyl-CoA epoxidase, subunit C
OGCOPLJJ_02800	CDS	501	paaD		COG2151	Putative 1,2-phenylacetyl-CoA epoxidase, subunit D
OGCOPLJJ_02801	CDS	1062	paaE	1.-.-.-	COG1018	1,2-phenylacetyl-CoA epoxidase, subunit E
OGCOPLJJ_02802	CDS	774	paaF_5	4.2.1.17	COG1024	2,3-dehydroadipyl-CoA hydratase
OGCOPLJJ_02803	CDS	792	paaG	5.3.3.18	COG1024	1,2-epoxyphenylacetyl-CoA isomerase
OGCOPLJJ_02804	CDS	387	paaH_3	1.1.1.-	COG1250	3-hydroxyadipyl-CoA dehydrogenase
OGCOPLJJ_02805	rRNA	111				5S ribosomal RNA
OGCOPLJJ_02806	rRNA	2890				23S ribosomal RNA
OGCOPLJJ_02807	tRNA	76				tRNA-Ala(tgc)
OGCOPLJJ_02808	tRNA	77				tRNA-Ile(gat)
OGCOPLJJ_02809	rRNA	1012				16S ribosomal RNA (partial)
OGCOPLJJ_02810	rRNA	1012				16S ribosomal RNA (partial)
OGCOPLJJ_02811	tRNA	77				tRNA-Ile(gat)
OGCOPLJJ_02812	tRNA	76				tRNA-Ala(tgc)
OGCOPLJJ_02813	rRNA	2890				23S ribosomal RNA
OGCOPLJJ_02814	rRNA	111				5S ribosomal RNA
OGCOPLJJ_02815	CDS	1026	lip1	3.1.1.3		Lipase 1
OGCOPLJJ_02816	CDS	615	mtcA2	4.2.1.1	COG0288	Carbonic anhydrase 2
OGCOPLJJ_02817	CDS	561	tesA	3.1.1.1	COG2755	Esterase TesA
OGCOPLJJ_02818	CDS	693	ytrE		COG1136	ABC transporter ATP-binding protein YtrE
OGCOPLJJ_02819	CDS	2460				hypothetical protein
OGCOPLJJ_02820	CDS	810	aarA	3.4.21.105	COG0705	Rhomboid protease AarA
OGCOPLJJ_02821	CDS	678	mtgA_1	2.4.1.129		Biosynthetic peptidoglycan transglycosylase
OGCOPLJJ_02822	CDS	1074	rcsC_6	2.7.13.3		Sensor histidine kinase RcsC
OGCOPLJJ_02823	CDS	744	srrA_1		COG0745	Transcriptional regulatory protein SrrA
OGCOPLJJ_02824	CDS	1191	mexA			Multidrug resistance protein MexA
OGCOPLJJ_02825	CDS	3111	acrB		COG0841	Multidrug efflux pump subunit AcrB
OGCOPLJJ_02826	CDS	2262	uvrA_1			UvrABC system protein A
OGCOPLJJ_02827	CDS	384	phoP		COG0745	Alkaline phosphatase synthesis transcriptional regulatory protein PhoP
OGCOPLJJ_02828	CDS	363	pleD			Response regulator PleD
OGCOPLJJ_02829	CDS	537				hypothetical protein
OGCOPLJJ_02830	CDS	2079				hypothetical protein
OGCOPLJJ_02831	CDS	4521	rcsC_7	2.7.13.3		Sensor histidine kinase RcsC
OGCOPLJJ_02832	CDS	465				hypothetical protein
OGCOPLJJ_02833	CDS	123				hypothetical protein
OGCOPLJJ_02834	CDS	132				hypothetical protein
OGCOPLJJ_02835	CDS	339				hypothetical protein
OGCOPLJJ_02836	CDS	1524				hypothetical protein
OGCOPLJJ_02837	CDS	294				hypothetical protein
OGCOPLJJ_02838	CDS	2319	iutA_3			Ferric aerobactin receptor
OGCOPLJJ_02839	CDS	618				hypothetical protein
OGCOPLJJ_02840	CDS	771				hypothetical protein
OGCOPLJJ_02841	CDS	1911				hypothetical protein
OGCOPLJJ_02842	CDS	1113	sbnF	6.3.2.55	COG4264	2-[(L-alanin-3-ylcarbamoyl)methyl]-3-(2-aminoethylcarbamoyl)-2-hydroxypropanoate synthase
OGCOPLJJ_02843	CDS	492	rutF	1.5.1.42	COG1853	FMN reductase (NADH) RutF
OGCOPLJJ_02844	CDS	1044	xecA1	4.4.1.23		2-hydroxypropyl-CoM lyase
OGCOPLJJ_02845	CDS	987				hypothetical protein
OGCOPLJJ_02846	CDS	1056				hypothetical protein
OGCOPLJJ_02847	CDS	1008				putative HTH-type transcriptional regulator
OGCOPLJJ_02848	CDS	1368		3.5.1.47		N-acetyldiaminopimelate deacetylase
OGCOPLJJ_02849	CDS	1128				hypothetical protein
OGCOPLJJ_02850	tRNA	76				tRNA-Glu(ttc)
OGCOPLJJ_02851	tRNA	76				tRNA-Glu(ttc)
OGCOPLJJ_02852	CDS	948				hypothetical protein
OGCOPLJJ_02853	CDS	339				hypothetical protein
OGCOPLJJ_02854	CDS	957	czcD_2			Metal cation efflux system protein CzcD
OGCOPLJJ_02855	CDS	3159	czcA_2			Cobalt-zinc-cadmium resistance protein CzcA
OGCOPLJJ_02856	CDS	1209	czcB			Cobalt-zinc-cadmium resistance protein CzcB
OGCOPLJJ_02857	CDS	1230				hypothetical protein
OGCOPLJJ_02858	CDS	294				hypothetical protein
OGCOPLJJ_02859	CDS	687	yrfG	3.1.3.5	COG1011	GMP/IMP nucleotidase YrfG
OGCOPLJJ_02860	CDS	441	hslR		COG1188	Heat shock protein 15
OGCOPLJJ_02861	CDS	1050	recA_2		COG0468	Protein RecA
OGCOPLJJ_02862	CDS	483	recX_1		COG2137	Regulatory protein RecX
OGCOPLJJ_02863	CDS	885	cpoB			Cell division coordinator CpoB
OGCOPLJJ_02864	CDS	789	lpxA	2.3.1.129	COG1043	Acyl-[acyl-carrier-protein]--UDP-N-acetylglucosamine O-acyltransferase
OGCOPLJJ_02865	CDS	486	fabZ	4.2.1.59	COG0764	3-hydroxyacyl-[acyl-carrier-protein] dehydratase FabZ
OGCOPLJJ_02866	CDS	1071	lpxD	2.3.1.-		UDP-3-O-acylglucosamine N-acyltransferase
OGCOPLJJ_02867	CDS	504				hypothetical protein
OGCOPLJJ_02868	CDS	1818	bamA_3		COG4775	Outer membrane protein assembly factor BamA
OGCOPLJJ_02869	CDS	165				hypothetical protein
OGCOPLJJ_02870	CDS	564	ahpC	1.11.1.15	COG0450	Alkyl hydroperoxide reductase C
OGCOPLJJ_02871	CDS	3858				hypothetical protein
OGCOPLJJ_02872	CDS	1107		2.3.1.207	COG0332	Beta-ketodecanoyl-[acyl-carrier-protein] synthase
OGCOPLJJ_02873	CDS	1263				hypothetical protein
OGCOPLJJ_02874	CDS	1212	genK		COG0477	Gentisate transporter
OGCOPLJJ_02875	CDS	648				hypothetical protein
OGCOPLJJ_02876	CDS	417				hypothetical protein
OGCOPLJJ_02877	CDS	474				hypothetical protein
OGCOPLJJ_02878	CDS	369				hypothetical protein
OGCOPLJJ_02879	CDS	762				hypothetical protein
OGCOPLJJ_02880	CDS	288				hypothetical protein
OGCOPLJJ_02881	CDS	252				hypothetical protein
OGCOPLJJ_02882	CDS	792	xerC_3			Tyrosine recombinase XerC
OGCOPLJJ_02883	CDS	300				hypothetical protein
OGCOPLJJ_02884	CDS	300				hypothetical protein
OGCOPLJJ_02885	CDS	792	xerC_4			Tyrosine recombinase XerC
OGCOPLJJ_02886	CDS	252				hypothetical protein
OGCOPLJJ_02887	CDS	288				hypothetical protein
OGCOPLJJ_02888	CDS	762				hypothetical protein
OGCOPLJJ_02889	CDS	369				hypothetical protein
OGCOPLJJ_02890	CDS	474				hypothetical protein
OGCOPLJJ_02891	CDS	417				hypothetical protein
OGCOPLJJ_02892	CDS	648				hypothetical protein
OGCOPLJJ_02893	CDS	855	qmcA_1		COG0330	Protein QmcA
OGCOPLJJ_02894	CDS	462				hypothetical protein
OGCOPLJJ_02895	CDS	918				hypothetical protein
OGCOPLJJ_02896	CDS	408				hypothetical protein
OGCOPLJJ_02897	CDS	168				hypothetical protein
OGCOPLJJ_02898	CDS	1248	ampG_1		COG0477	Anhydromuropeptide permease
OGCOPLJJ_02899	CDS	1248	ampG_2		COG0477	Anhydromuropeptide permease
OGCOPLJJ_02900	CDS	168				hypothetical protein
OGCOPLJJ_02901	CDS	408				hypothetical protein
OGCOPLJJ_02902	CDS	918				hypothetical protein
OGCOPLJJ_02903	CDS	462				hypothetical protein
OGCOPLJJ_02904	CDS	855	qmcA_2		COG0330	Protein QmcA
OGCOPLJJ_02905	CDS	618	yciO		COG0009	putative protein YciO
OGCOPLJJ_02906	CDS	663				hypothetical protein
OGCOPLJJ_02907	CDS	561	yceD_1		COG1399	Large ribosomal RNA subunit accumulation protein YceD
OGCOPLJJ_02908	CDS	186	rpmF		COG0333	50S ribosomal protein L32
OGCOPLJJ_02909	CDS	987	fabD_2	2.3.1.39	COG0331	Malonyl CoA-acyl carrier protein transacylase
OGCOPLJJ_02910	CDS	735	fabG_5	1.1.1.100		3-oxoacyl-[acyl-carrier-protein] reductase FabG
OGCOPLJJ_02911	CDS	237	acpP		COG0236	Acyl carrier protein
OGCOPLJJ_02912	CDS	474	kbp		COG1652	Potassium binding protein Kbp
OGCOPLJJ_02913	CDS	768	thiD	2.7.1.49		Hydroxymethylpyrimidine/phosphomethylpyrimidine kinase
OGCOPLJJ_02914	CDS	675		3.1.3.5	COG0546	5'-nucleotidase
OGCOPLJJ_02915	CDS	660	ribB	4.1.99.12	COG0108	3,4-dihydroxy-2-butanone 4-phosphate synthase
OGCOPLJJ_02916	CDS	780				hypothetical protein
OGCOPLJJ_02917	CDS	1440	putP		COG0591	Sodium/proline symporter
OGCOPLJJ_02918	CDS	489	lrp_3		COG1522	Leucine-responsive regulatory protein
OGCOPLJJ_02919	CDS	3753	putA		COG0506	Bifunctional protein PutA
OGCOPLJJ_02920	CDS	474				hypothetical protein
OGCOPLJJ_02921	CDS	1086	trmA_1	2.1.1.-	COG2265	tRNA/tmRNA (uracil-C(5))-methyltransferase
OGCOPLJJ_02922	CDS	231				hypothetical protein
OGCOPLJJ_02923	CDS	747				hypothetical protein
OGCOPLJJ_02924	CDS	96				hypothetical protein
OGCOPLJJ_02925	rRNA	648				16S ribosomal RNA (partial)
OGCOPLJJ_02926	CDS	558	ppiA	5.2.1.8	COG0652	Peptidyl-prolyl cis-trans isomerase A
OGCOPLJJ_02927	CDS	1071	nlhH_2	3.1.1.1	COG0657	Carboxylesterase NlhH
OGCOPLJJ_02928	CDS	327				hypothetical protein
OGCOPLJJ_02929	CDS	231				hypothetical protein
OGCOPLJJ_02930	CDS	867				hypothetical protein
OGCOPLJJ_02931	CDS	894	dmlR_12			HTH-type transcriptional regulator DmlR
OGCOPLJJ_02932	CDS	555	grpE		COG0576	Protein GrpE
OGCOPLJJ_02933	CDS	1941	dnaK		COG0443	Chaperone protein DnaK
OGCOPLJJ_02934	CDS	648	tauA_1		COG4521	Taurine-binding periplasmic protein
OGCOPLJJ_02935	CDS	795	tauB_1	7.6.2.7	COG4525	Taurine import ATP-binding protein TauB
OGCOPLJJ_02936	CDS	870	ssuC_3		COG0600	Putative aliphatic sulfonates transport permease protein SsuC
OGCOPLJJ_02937	CDS	882	tauD_1	1.14.11.17	COG2175	Alpha-ketoglutarate-dependent taurine dioxygenase
OGCOPLJJ_02938	CDS	735	hyuE_1	5.1.99.5		Hydantoin racemase
OGCOPLJJ_02939	CDS	252				hypothetical protein
OGCOPLJJ_02940	CDS	735	hyuE_2	5.1.99.5		Hydantoin racemase
OGCOPLJJ_02941	CDS	882	tauD_2	1.14.11.17	COG2175	Alpha-ketoglutarate-dependent taurine dioxygenase
OGCOPLJJ_02942	CDS	870	ssuC_4		COG0600	Putative aliphatic sulfonates transport permease protein SsuC
OGCOPLJJ_02943	CDS	795	tauB_2	7.6.2.7	COG4525	Taurine import ATP-binding protein TauB
OGCOPLJJ_02944	CDS	648	tauA_2		COG4521	Taurine-binding periplasmic protein
OGCOPLJJ_02945	CDS	1107				hypothetical protein
OGCOPLJJ_02946	CDS	318				hypothetical protein
OGCOPLJJ_02947	CDS	417				hypothetical protein
OGCOPLJJ_02948	CDS	393				hypothetical protein
OGCOPLJJ_02949	CDS	612				hypothetical protein
OGCOPLJJ_02950	CDS	270				hypothetical protein
OGCOPLJJ_02951	CDS	336				hypothetical protein
OGCOPLJJ_02952	CDS	396				hypothetical protein
OGCOPLJJ_02953	CDS	414				hypothetical protein
OGCOPLJJ_02954	CDS	333				hypothetical protein
OGCOPLJJ_02955	CDS	252				hypothetical protein
OGCOPLJJ_02956	CDS	963				hypothetical protein
OGCOPLJJ_02957	CDS	1122				hypothetical protein
OGCOPLJJ_02958	CDS	327				hypothetical protein
OGCOPLJJ_02959	CDS	291				hypothetical protein
OGCOPLJJ_02960	CDS	441				hypothetical protein
OGCOPLJJ_02961	CDS	171				hypothetical protein
OGCOPLJJ_02962	CDS	2139	fusA_1		COG0480	Elongation factor G
OGCOPLJJ_02963	CDS	471	rpsG		COG0049	30S ribosomal protein S7
OGCOPLJJ_02964	CDS	375	rpsL		COG0048	30S ribosomal protein S12
OGCOPLJJ_02965	CDS	1326				hypothetical protein
OGCOPLJJ_02966	CDS	1230	fabB_1	2.3.1.41		3-oxoacyl-[acyl-carrier-protein] synthase 1
OGCOPLJJ_02967	CDS	453				hypothetical protein
OGCOPLJJ_02968	CDS	861				hypothetical protein
OGCOPLJJ_02969	CDS	561				hypothetical protein
OGCOPLJJ_02970	CDS	963	fmt_1	2.1.2.9	COG0223	Methionyl-tRNA formyltransferase
OGCOPLJJ_02971	CDS	1305	rsmB_1	2.1.1.176	COG0144	Ribosomal RNA small subunit methyltransferase B
OGCOPLJJ_02972	CDS	144				hypothetical protein
OGCOPLJJ_02973	CDS	1479				hypothetical protein
OGCOPLJJ_02974	CDS	1479				hypothetical protein
OGCOPLJJ_02975	CDS	144				hypothetical protein
OGCOPLJJ_02976	CDS	1305	rsmB_2	2.1.1.176	COG0144	Ribosomal RNA small subunit methyltransferase B
OGCOPLJJ_02977	CDS	963	fmt_2	2.1.2.9	COG0223	Methionyl-tRNA formyltransferase
OGCOPLJJ_02978	CDS	1110	gatA_2	6.3.5.7	COG0154	Glutamyl-tRNA(Gln) amidotransferase subunit A
OGCOPLJJ_02979	CDS	1167	hsaA	1.14.14.12		Flavin-dependent monooxygenase, oxygenase subunit HsaA
OGCOPLJJ_02980	CDS	360				hypothetical protein
OGCOPLJJ_02981	CDS	528				hypothetical protein
OGCOPLJJ_02982	CDS	1278	antA_2	1.14.12.1	COG4638	Anthranilate 1,2-dioxygenase large subunit
OGCOPLJJ_02983	CDS	486				hypothetical protein
OGCOPLJJ_02984	CDS	738	fabG_6	1.1.1.100		3-oxoacyl-[acyl-carrier-protein] reductase FabG
OGCOPLJJ_02985	CDS	954	yeaX	1.14.13.239	COG1018	Carnitine monooxygenase reductase subunit
OGCOPLJJ_02986	CDS	954	C1-hpah_2	1.5.1.36		p-hydroxyphenylacetate 3-hydroxylase, reductase component
OGCOPLJJ_02987	CDS	750	feaR		COG2207	Transcriptional activator FeaR
OGCOPLJJ_02988	CDS	1239	namA_3	1.6.99.1		NADPH dehydrogenase
OGCOPLJJ_02989	CDS	1068				hypothetical protein
OGCOPLJJ_02990	CDS	807				hypothetical protein
OGCOPLJJ_02991	CDS	417	hmrR_2			HTH-type transcriptional regulator HmrR
OGCOPLJJ_02992	CDS	693				hypothetical protein
OGCOPLJJ_02993	CDS	1206		1.6.-.-		NADH dehydrogenase-like protein
OGCOPLJJ_02994	CDS	549	iscR_2			HTH-type transcriptional regulator IscR
OGCOPLJJ_02995	CDS	1020			COG2220	putative protein
OGCOPLJJ_02996	CDS	570				hypothetical protein
OGCOPLJJ_02997	CDS	1221	eriC		COG0038	Chloride/fluoride channel protein
OGCOPLJJ_02998	CDS	1719	carB_2			Carbamoyl-phosphate synthase large chain
OGCOPLJJ_02999	CDS	1209				hypothetical protein
OGCOPLJJ_03000	CDS	807		4.2.1.-	COG4336	Putative hydro-lyase
OGCOPLJJ_03001	CDS	765	pxpA	3.5.2.9		5-oxoprolinase subunit A
OGCOPLJJ_03002	CDS	1233				hypothetical protein
OGCOPLJJ_03003	CDS	549	folE_1	3.5.4.16	COG0302	GTP cyclohydrolase 1
OGCOPLJJ_03004	CDS	1500				hypothetical protein
OGCOPLJJ_03005	CDS	2376	pucD	1.17.1.4	COG1529	putative xanthine dehydrogenase subunit D
OGCOPLJJ_03006	CDS	984				hypothetical protein
OGCOPLJJ_03007	CDS	696	mutS2	3.1.-.-		Endonuclease MutS2
OGCOPLJJ_03008	CDS	807	trpC	4.1.1.48		Indole-3-glycerol phosphate synthase
OGCOPLJJ_03009	CDS	1056	trpD_3	2.4.2.18	COG0547	Anthranilate phosphoribosyltransferase
OGCOPLJJ_03010	CDS	1392	ubiB_3	2.7.-.-		protein kinase UbiB
OGCOPLJJ_03011	CDS	303				hypothetical protein
OGCOPLJJ_03012	CDS	465	ybaK	4.2.-.-	COG2606	Cys-tRNA(Pro)/Cys-tRNA(Cys) deacylase YbaK
OGCOPLJJ_03013	CDS	1785	iucA	6.3.2.38	COG4264	N(2)-citryl-N(6)-acetyl-N(6)-hydroxylysine synthase
OGCOPLJJ_03014	CDS	1434	iucD_2	1.14.13.59	COG3486	L-lysine N6-monooxygenase
OGCOPLJJ_03015	CDS	1242	farB			Fatty acid resistance protein FarB
OGCOPLJJ_03016	CDS	564				hypothetical protein
OGCOPLJJ_03017	CDS	1686	atsA_2	3.1.6.1	COG3119	Arylsulfatase
OGCOPLJJ_03018	CDS	969		1.8.3.7	COG1262	Formylglycine-generating enzyme
OGCOPLJJ_03019	CDS	1188	nicP_3			Porin-like protein NicP
OGCOPLJJ_03020	CDS	153				hypothetical protein
OGCOPLJJ_03021	CDS	1077	tsaM1	1.14.14.-		Toluene-4-sulfonate monooxygenase system iron-sulfur subunit TsaM1
OGCOPLJJ_03022	CDS	945	pcpD	1.1.1.404	COG1018	Tetrachlorobenzoquinone reductase
OGCOPLJJ_03023	CDS	681				hypothetical protein
OGCOPLJJ_03024	CDS	459				hypothetical protein
OGCOPLJJ_03025	CDS	963	mhpT			3-(3-hydroxy-phenyl)propionate transporter
OGCOPLJJ_03026	CDS	675	tenA	3.5.99.2	COG0819	Aminopyrimidine aminohydrolase
OGCOPLJJ_03027	CDS	342	ydgC		COG3136	Inner membrane protein YdgC
OGCOPLJJ_03028	CDS	354				hypothetical protein
OGCOPLJJ_03029	CDS	978	tdh_2	1.1.1.103		L-threonine 3-dehydrogenase
OGCOPLJJ_03030	CDS	603	nemR			HTH-type transcriptional repressor NemR
OGCOPLJJ_03031	CDS	2835	uvrA_2		COG0178	UvrABC system protein A
OGCOPLJJ_03032	CDS	1707				hypothetical protein
OGCOPLJJ_03033	CDS	147				hypothetical protein
OGCOPLJJ_03034	CDS	525				hypothetical protein
OGCOPLJJ_03035	CDS	930				hypothetical protein
OGCOPLJJ_03036	CDS	930				hypothetical protein
OGCOPLJJ_03037	CDS	525				hypothetical protein
OGCOPLJJ_03038	CDS	147				hypothetical protein
OGCOPLJJ_03039	CDS	519	esiB_1			Secretory immunoglobulin A-binding protein EsiB
OGCOPLJJ_03040	CDS	519	esiB_2			Secretory immunoglobulin A-binding protein EsiB
OGCOPLJJ_03041	CDS	147				hypothetical protein
OGCOPLJJ_03042	CDS	525				hypothetical protein
OGCOPLJJ_03043	tRNA	75				tRNA-Thr(ggt)
OGCOPLJJ_03044	tRNA	76				tRNA-Gly(tcc)
OGCOPLJJ_03045	tRNA	84				tRNA-Tyr(gta)
OGCOPLJJ_03046	tRNA	76				tRNA-Thr(tgt)
OGCOPLJJ_03047	CDS	1494	trpE	4.1.3.27	COG0147	Anthranilate synthase component 1
OGCOPLJJ_03048	CDS	669	gph_1	3.1.3.18	COG0546	Phosphoglycolate phosphatase
OGCOPLJJ_03049	CDS	630				hypothetical protein
OGCOPLJJ_03050	CDS	2277	xcpQ		COG1450	Secretin XcpQ
OGCOPLJJ_03051	CDS	837				hypothetical protein
OGCOPLJJ_03052	CDS	744				hypothetical protein
OGCOPLJJ_03053	CDS	468				hypothetical protein
OGCOPLJJ_03054	CDS	258	ygfA	6.3.3.2	COG0212	5-formyltetrahydrofolate cyclo-ligase
OGCOPLJJ_03055	CDS	780	ompA_2			Outer membrane protein A
OGCOPLJJ_03056	CDS	3363	ata_1			Adhesin Ata autotransporter
OGCOPLJJ_03057	CDS	3054	ata_2			Adhesin Ata autotransporter
OGCOPLJJ_03058	CDS	1284	aroP_1		COG1113	Aromatic amino acid transport protein AroP
OGCOPLJJ_03059	CDS	1446	puuB	1.4.3.-		Gamma-glutamylputrescine oxidoreductase
OGCOPLJJ_03060	CDS	1332	puuP		COG0531	Putrescine importer PuuP
OGCOPLJJ_03061	CDS	708				hypothetical protein
OGCOPLJJ_03062	CDS	720				hypothetical protein
OGCOPLJJ_03063	CDS	771				hypothetical protein
OGCOPLJJ_03064	CDS	1212	prr_1	1.2.1.19	COG1012	Gamma-aminobutyraldehyde dehydrogenase
OGCOPLJJ_03065	CDS	747				hypothetical protein
OGCOPLJJ_03066	CDS	1407	pheP_1		COG1113	Phenylalanine-specific permease
OGCOPLJJ_03067	CDS	1251	kynU_1	3.7.1.3		Kynureninase
OGCOPLJJ_03068	CDS	1251	kynU_2	3.7.1.3		Kynureninase
OGCOPLJJ_03069	CDS	1407	pheP_2		COG1113	Phenylalanine-specific permease
OGCOPLJJ_03070	CDS	747				hypothetical protein
OGCOPLJJ_03071	CDS	534	mltF_1	4.2.2.-		Membrane-bound lytic murein transglycosylase F
OGCOPLJJ_03072	CDS	906	htpX_2	3.4.24.-	COG0501	Protease HtpX
OGCOPLJJ_03073	CDS	576				hypothetical protein
OGCOPLJJ_03074	CDS	3096	mexB_2		COG0841	Multidrug resistance protein MexB
OGCOPLJJ_03075	CDS	1143	glpQ	3.1.4.46	COG0584	Glycerophosphodiester phosphodiesterase, periplasmic
OGCOPLJJ_03076	CDS	963	gloB_1	3.1.2.6		Hydroxyacylglutathione hydrolase
OGCOPLJJ_03077	CDS	741				hypothetical protein
OGCOPLJJ_03078	CDS	294				hypothetical protein
OGCOPLJJ_03079	CDS	216				hypothetical protein
OGCOPLJJ_03080	CDS	765				hypothetical protein
OGCOPLJJ_03081	CDS	186				hypothetical protein
OGCOPLJJ_03082	CDS	357				hypothetical protein
OGCOPLJJ_03083	CDS	375				hypothetical protein
OGCOPLJJ_03084	CDS	297				hypothetical protein
OGCOPLJJ_03085	CDS	363				hypothetical protein
OGCOPLJJ_03086	CDS	456				hypothetical protein
OGCOPLJJ_03087	CDS	456				hypothetical protein
OGCOPLJJ_03088	CDS	363				hypothetical protein
OGCOPLJJ_03089	CDS	297				hypothetical protein
OGCOPLJJ_03090	CDS	375				hypothetical protein
OGCOPLJJ_03091	CDS	357				hypothetical protein
OGCOPLJJ_03092	CDS	186				hypothetical protein
OGCOPLJJ_03093	CDS	765				hypothetical protein
OGCOPLJJ_03094	CDS	216				hypothetical protein
OGCOPLJJ_03095	CDS	294				hypothetical protein
OGCOPLJJ_03096	CDS	741				hypothetical protein
OGCOPLJJ_03097	CDS	1488				hypothetical protein
OGCOPLJJ_03098	CDS	1122				hypothetical protein
OGCOPLJJ_03099	CDS	1071				hypothetical protein
OGCOPLJJ_03100	CDS	1092	ybhR_2		COG0842	putative multidrug ABC transporter permease YbhR
OGCOPLJJ_03101	CDS	795	chbG	3.5.1.105		Chitooligosaccharide deacetylase
OGCOPLJJ_03102	CDS	981		2.4.-.-		putative glycosyltransferase
OGCOPLJJ_03103	CDS	381				hypothetical protein
OGCOPLJJ_03104	CDS	912	arnT	2.4.2.43	COG1807	Undecaprenyl phosphate-alpha-4-amino-4-deoxy-L-arabinose arabinosyl transferase
OGCOPLJJ_03105	CDS	537	nagR_3		COG2188	HTH-type transcriptional repressor NagR
OGCOPLJJ_03106	CDS	1734	aprA	1.8.99.2		Adenylylsulfate reductase subunit alpha
OGCOPLJJ_03107	CDS	246				hypothetical protein
OGCOPLJJ_03108	CDS	1431				hypothetical protein
OGCOPLJJ_03109	CDS	855				hypothetical protein
OGCOPLJJ_03110	CDS	840	tauB_3	7.6.2.7	COG4525	Taurine import ATP-binding protein TauB
OGCOPLJJ_03111	CDS	999				hypothetical protein
OGCOPLJJ_03112	CDS	282				hypothetical protein
OGCOPLJJ_03113	CDS	975	kgtP_1			Alpha-ketoglutarate permease
OGCOPLJJ_03114	CDS	672	pcaI_1	2.8.3.6	COG1788	3-oxoadipate CoA-transferase subunit A
OGCOPLJJ_03115	CDS	921	catA	1.13.11.1		Catechol 1,2-dioxygenase
OGCOPLJJ_03116	CDS	291	catC	5.3.3.4	COG4829	Muconolactone Delta-isomerase
OGCOPLJJ_03117	CDS	1107	catB	5.5.1.1	COG4948	Muconate cycloisomerase 1
OGCOPLJJ_03118	CDS	915	catM			HTH-type transcriptional regulator CatM
OGCOPLJJ_03119	CDS	795				hypothetical protein
OGCOPLJJ_03120	CDS	717	pdhR		COG2186	Pyruvate dehydrogenase complex repressor
OGCOPLJJ_03121	CDS	1734	araC_2	4.2.1.25		L-arabonate dehydratase
OGCOPLJJ_03122	CDS	252				hypothetical protein
OGCOPLJJ_03123	CDS	909				hypothetical protein
OGCOPLJJ_03124	CDS	2658				hypothetical protein
OGCOPLJJ_03125	CDS	2658				hypothetical protein
OGCOPLJJ_03126	CDS	909				hypothetical protein
OGCOPLJJ_03127	CDS	252				hypothetical protein
OGCOPLJJ_03128	CDS	387				hypothetical protein
OGCOPLJJ_03129	CDS	537				hypothetical protein
OGCOPLJJ_03130	CDS	1251	nicP_4			Porin-like protein NicP
OGCOPLJJ_03131	CDS	1140	mmgC_10	1.3.99.-	COG1960	Acyl-CoA dehydrogenase
OGCOPLJJ_03132	CDS	1878	menE_1	6.2.1.26		2-succinylbenzoate--CoA ligase
OGCOPLJJ_03133	CDS	1452	vdh	1.2.1.67		Vanillin dehydrogenase
OGCOPLJJ_03134	CDS	741		4.1.2.41		Hydroxycinnamoyl-CoA hydratase-lyase
OGCOPLJJ_03135	CDS	576				hypothetical protein
OGCOPLJJ_03136	CDS	669				hypothetical protein
OGCOPLJJ_03137	CDS	216				hypothetical protein
OGCOPLJJ_03138	CDS	417				hypothetical protein
OGCOPLJJ_03139	CDS	474				hypothetical protein
OGCOPLJJ_03140	CDS	501				hypothetical protein
OGCOPLJJ_03141	CDS	501				hypothetical protein
OGCOPLJJ_03142	CDS	474				hypothetical protein
OGCOPLJJ_03143	CDS	417				hypothetical protein
OGCOPLJJ_03144	CDS	216				hypothetical protein
OGCOPLJJ_03145	CDS	669				hypothetical protein
OGCOPLJJ_03146	CDS	576				hypothetical protein
OGCOPLJJ_03147	CDS	702				hypothetical protein
OGCOPLJJ_03148	CDS	1047		1.13.12.-	COG2070	Nitronate monooxygenase
OGCOPLJJ_03149	CDS	1026	dusB	1.3.1.-	COG0042	tRNA-dihydrouridine synthase B
OGCOPLJJ_03150	CDS	1275				hypothetical protein
OGCOPLJJ_03151	CDS	657				hypothetical protein
OGCOPLJJ_03152	CDS	1134	proB	2.7.2.11		Glutamate 5-kinase
OGCOPLJJ_03153	CDS	1221	obg	3.6.5.-		GTPase Obg
OGCOPLJJ_03154	CDS	633	tetR			Tetracycline repressor protein class E
OGCOPLJJ_03155	CDS	1218	tetA			Tetracycline resistance protein, class B
OGCOPLJJ_03156	CDS	243				hypothetical protein
OGCOPLJJ_03157	CDS	156				hypothetical protein
OGCOPLJJ_03158	CDS	216				hypothetical protein
OGCOPLJJ_03159	CDS	468				hypothetical protein
OGCOPLJJ_03160	CDS	630	soj_2	3.6.-.-	COG1192	Chromosome-partitioning ATPase Soj
OGCOPLJJ_03161	CDS	285				hypothetical protein
OGCOPLJJ_03162	CDS	240				hypothetical protein
OGCOPLJJ_03163	CDS	849				hypothetical protein
OGCOPLJJ_03164	CDS	192				hypothetical protein
OGCOPLJJ_03165	CDS	1008				hypothetical protein
OGCOPLJJ_03166	CDS	696				hypothetical protein
OGCOPLJJ_03167	CDS	3081				hypothetical protein
OGCOPLJJ_03168	CDS	141				hypothetical protein
OGCOPLJJ_03169	CDS	978				hypothetical protein
OGCOPLJJ_03170	CDS	810	icaB	3.5.1.-	COG0726	Poly-beta-1,6-N-acetyl-D-glucosamine N-deacetylase
OGCOPLJJ_03171	CDS	888				hypothetical protein
OGCOPLJJ_03172	CDS	927	ilvE_1	2.6.1.42	COG0115	Branched-chain-amino-acid aminotransferase
OGCOPLJJ_03173	CDS	2751	glnE		COG1391	Bifunctional glutamine synthetase adenylyltransferase/adenylyl-removing enzyme
OGCOPLJJ_03174	CDS	1017	rcsC_8	2.7.13.3		Sensor histidine kinase RcsC
OGCOPLJJ_03175	CDS	2448	btuB_4			Vitamin B12 transporter BtuB
OGCOPLJJ_03176	CDS	717				hypothetical protein
OGCOPLJJ_03177	CDS	879	tolQ_4			Tol-Pal system protein TolQ
OGCOPLJJ_03178	CDS	423	exbD_2		COG0848	Biopolymer transport protein ExbD
OGCOPLJJ_03179	CDS	414	exbD_3		COG0848	Biopolymer transport protein ExbD
OGCOPLJJ_03180	CDS	450				hypothetical protein
OGCOPLJJ_03181	CDS	1821	glcB	2.3.3.9	COG2225	Malate synthase G
OGCOPLJJ_03182	CDS	1725	ilvI_1	2.2.1.6	COG0028	Acetolactate synthase isozyme 3 large subunit
OGCOPLJJ_03183	CDS	492	ilvH_1	2.2.1.6	COG0440	Acetolactate synthase isozyme 3 small subunit
OGCOPLJJ_03184	CDS	1017	ilvC_1	1.1.1.86	COG0059	Ketol-acid reductoisomerase (NADP(+))
OGCOPLJJ_03185	CDS	1017	ilvC_2	1.1.1.86	COG0059	Ketol-acid reductoisomerase (NADP(+))
OGCOPLJJ_03186	CDS	492	ilvH_2	2.2.1.6	COG0440	Acetolactate synthase isozyme 3 small subunit
OGCOPLJJ_03187	CDS	1725	ilvI_2	2.2.1.6	COG0028	Acetolactate synthase isozyme 3 large subunit
OGCOPLJJ_03188	CDS	852				hypothetical protein
OGCOPLJJ_03189	CDS	1137	sacA	5.1.3.14		UDP-N-acetylglucosamine 2-epimerase
OGCOPLJJ_03190	CDS	906				hypothetical protein
OGCOPLJJ_03191	CDS	1845				hypothetical protein
OGCOPLJJ_03192	CDS	1251	arnC_1	2.4.2.53		Undecaprenyl-phosphate 4-deoxy-4-formamido-L-arabinose transferase
OGCOPLJJ_03193	CDS	897				hypothetical protein
OGCOPLJJ_03194	CDS	681				hypothetical protein
OGCOPLJJ_03195	CDS	477	yrdA_2		COG0663	Protein YrdA
OGCOPLJJ_03196	CDS	489	nudJ	3.6.1.-	COG0494	Phosphatase NudJ
OGCOPLJJ_03197	CDS	1134	mnmA	2.8.1.13	COG0482	tRNA-specific 2-thiouridylase MnmA
OGCOPLJJ_03198	CDS	735	hflD		COG2915	High frequency lysogenization protein HflD
OGCOPLJJ_03199	CDS	1389	purB	4.3.2.2	COG0015	Adenylosuccinate lyase
OGCOPLJJ_03200	CDS	642	yjdF		COG3647	Inner membrane protein YjdF
OGCOPLJJ_03201	CDS	2187				hypothetical protein
OGCOPLJJ_03202	CDS	1044	acdA_1	1.3.99.-	COG1960	Acyl-CoA dehydrogenase
OGCOPLJJ_03203	CDS	1206	caiA_1	1.3.8.13		Crotonobetainyl-CoA reductase
OGCOPLJJ_03204	CDS	1224	alkB_1	1.14.15.3		Alkane 1-monooxygenase
OGCOPLJJ_03205	CDS	1224	alkB_2	1.14.15.3		Alkane 1-monooxygenase
OGCOPLJJ_03206	CDS	1206	caiA_2	1.3.8.13		Crotonobetainyl-CoA reductase
OGCOPLJJ_03207	CDS	1044	acdA_2	1.3.99.-	COG1960	Acyl-CoA dehydrogenase
OGCOPLJJ_03208	CDS	816				hypothetical protein
OGCOPLJJ_03209	CDS	1092	aroC_1	4.2.3.5		Chorismate synthase
OGCOPLJJ_03210	CDS	1005	prmB	2.1.1.298	COG2890	50S ribosomal protein L3 glutamine methyltransferase
OGCOPLJJ_03211	CDS	1206	trpB_2	4.2.1.20	COG0133	Tryptophan synthase beta chain
OGCOPLJJ_03212	CDS	1188				hypothetical protein
OGCOPLJJ_03213	CDS	852				hypothetical protein
OGCOPLJJ_03214	CDS	390				hypothetical protein
OGCOPLJJ_03215	CDS	306	ycgL		COG3100	Protein YcgL
OGCOPLJJ_03216	CDS	2538	htrE_1		COG3188	Outer membrane usher protein HtrE
OGCOPLJJ_03217	CDS	2538	htrE_2		COG3188	Outer membrane usher protein HtrE
OGCOPLJJ_03218	CDS	915				hypothetical protein
OGCOPLJJ_03219	CDS	912	lipR_2	3.1.1.-	COG0657	Putative acetyl-hydrolase LipR
OGCOPLJJ_03220	CDS	438				hypothetical protein
OGCOPLJJ_03221	CDS	351	yffB		COG1393	Protein YffB
OGCOPLJJ_03222	CDS	825	exoA	3.1.11.2	COG0708	Exodeoxyribonuclease
OGCOPLJJ_03223	CDS	651	pyrE_1	2.4.2.10	COG0461	Orotate phosphoribosyltransferase
OGCOPLJJ_03224	CDS	2190	cntO_6			Metal-pseudopaline receptor CntO
OGCOPLJJ_03225	CDS	483	slyD_1	5.2.1.8	COG1047	FKBP-type peptidyl-prolyl cis-trans isomerase SlyD
OGCOPLJJ_03226	CDS	1287	ndh	1.6.99.3	COG1252	NADH dehydrogenase
OGCOPLJJ_03227	CDS	1320	dacD	3.4.16.4	COG1686	D-alanyl-D-alanine carboxypeptidase DacD
OGCOPLJJ_03228	CDS	1704				hypothetical protein
OGCOPLJJ_03229	CDS	2646	mutS_1		COG0249	DNA mismatch repair protein MutS
OGCOPLJJ_03230	CDS	468	lrp_4		COG1522	Leucine-responsive regulatory protein
OGCOPLJJ_03231	CDS	468	lrp_5		COG1522	Leucine-responsive regulatory protein
OGCOPLJJ_03232	CDS	2646	mutS_2		COG0249	DNA mismatch repair protein MutS
OGCOPLJJ_03233	CDS	732	gloB_2	3.1.2.6	COG0491	Hydroxyacylglutathione hydrolase GloB
OGCOPLJJ_03234	CDS	696				hypothetical protein
OGCOPLJJ_03235	CDS	1026	metN_2	3.6.3.-	COG1135	Methionine import ATP-binding protein MetN
OGCOPLJJ_03236	CDS	867	metQ_2		COG1464	Methionine-binding lipoprotein MetQ
OGCOPLJJ_03237	CDS	1287	purD	6.3.4.13	COG0151	Phosphoribosylamine--glycine ligase
OGCOPLJJ_03238	CDS	1575	purH		COG0138	Bifunctional purine biosynthesis protein PurH
OGCOPLJJ_03239	CDS	270	fis		COG2901	DNA-binding protein Fis
OGCOPLJJ_03240	CDS	1119	ydiK_1		COG0628	Putative transport protein YdiK
OGCOPLJJ_03241	CDS	1119	ydiK_2		COG0628	Putative transport protein YdiK
OGCOPLJJ_03242	CDS	411				hypothetical protein
OGCOPLJJ_03243	CDS	576				hypothetical protein
OGCOPLJJ_03244	CDS	1119	ydiK_3		COG0628	Putative transport protein YdiK
OGCOPLJJ_03245	CDS	1119	ydiK_4		COG0628	Putative transport protein YdiK
OGCOPLJJ_03246	CDS	258				hypothetical protein
OGCOPLJJ_03247	CDS	1119	mdtA_2			Multidrug resistance protein MdtA
OGCOPLJJ_03248	CDS	3099	mdtC_1			Multidrug resistance protein MdtC
OGCOPLJJ_03249	CDS	1716	proS_1	6.1.1.15	COG0442	Proline--tRNA ligase
OGCOPLJJ_03250	CDS	342				hypothetical protein
OGCOPLJJ_03251	CDS	345				hypothetical protein
OGCOPLJJ_03252	CDS	2022	uvrB_1		COG0556	UvrABC system protein B
OGCOPLJJ_03253	CDS	588	blc		COG3040	Outer membrane lipoprotein Blc
OGCOPLJJ_03254	CDS	945	rarD		COG2962	Protein RarD
OGCOPLJJ_03255	CDS	1458	gap2	1.2.1.-		Glyceraldehyde-3-phosphate dehydrogenase-like protein
OGCOPLJJ_03256	CDS	735				hypothetical protein
OGCOPLJJ_03257	CDS	1122				IS256 family transposase ISAba42
OGCOPLJJ_03258	CDS	513				hypothetical protein
OGCOPLJJ_03259	CDS	564				hypothetical protein
OGCOPLJJ_03260	CDS	687	yhhW_1	1.13.11.24	COG1741	Quercetin 2,3-dioxygenase
OGCOPLJJ_03261	CDS	969	thadh	4.3.1.16		L-threo-3-hydroxyaspartate ammonia-lyase
OGCOPLJJ_03262	CDS	624	dauR		COG2964	Transcriptional regulator DauR
OGCOPLJJ_03263	CDS	543				hypothetical protein
OGCOPLJJ_03264	CDS	1068	carC_2	1.3.1.108	COG1960	Caffeyl-CoA reductase-Etf complex subunit CarC
OGCOPLJJ_03265	CDS	1314	yjhB_3			Putative metabolite transport protein YjhB
OGCOPLJJ_03266	CDS	669	pcaI_2	2.8.3.6	COG1788	3-oxoadipate CoA-transferase subunit A
OGCOPLJJ_03267	CDS	654	pcaJ	2.8.3.6	COG2057	3-oxoadipate CoA-transferase subunit B
OGCOPLJJ_03268	CDS	1317				hypothetical protein
OGCOPLJJ_03269	CDS	1218				putative transporter
OGCOPLJJ_03270	CDS	435				hypothetical protein
OGCOPLJJ_03271	CDS	1752				hypothetical protein
OGCOPLJJ_03272	CDS	1110	frmA	1.1.1.284	COG1062	S-(hydroxymethyl)glutathione dehydrogenase
OGCOPLJJ_03273	CDS	954				hypothetical protein
OGCOPLJJ_03274	CDS	1017	mrkD			Fimbria adhesin protein
OGCOPLJJ_03275	CDS	354	lpfC'		COG3188	putative outer membrane usher protein LpfC'
OGCOPLJJ_03276	CDS	936				hypothetical protein
OGCOPLJJ_03277	CDS	303				hypothetical protein
OGCOPLJJ_03278	CDS	144				hypothetical protein
OGCOPLJJ_03279	CDS	276				hypothetical protein
OGCOPLJJ_03280	CDS	486				hypothetical protein
OGCOPLJJ_03281	CDS	933	glpE_1	2.8.1.1		Thiosulfate sulfurtransferase GlpE
OGCOPLJJ_03282	CDS	525				hypothetical protein
OGCOPLJJ_03283	CDS	207				hypothetical protein
OGCOPLJJ_03284	CDS	483	rpoD_1			RNA polymerase sigma factor RpoD
OGCOPLJJ_03285	CDS	207				hypothetical protein
OGCOPLJJ_03286	CDS	525				hypothetical protein
OGCOPLJJ_03287	CDS	933	glpE_2	2.8.1.1		Thiosulfate sulfurtransferase GlpE
OGCOPLJJ_03288	CDS	486				hypothetical protein
OGCOPLJJ_03289	CDS	276				hypothetical protein
OGCOPLJJ_03290	CDS	597				hypothetical protein
OGCOPLJJ_03291	CDS	714	ung	3.2.2.27	COG0692	Uracil-DNA glycosylase
OGCOPLJJ_03292	CDS	1122	caiD	4.2.1.149		Carnitinyl-CoA dehydratase
OGCOPLJJ_03293	CDS	477	tadA	3.5.4.33	COG0590	tRNA-specific adenosine deaminase
OGCOPLJJ_03294	CDS	444				hypothetical protein
OGCOPLJJ_03295	CDS	687	cmk	2.7.4.25	COG0283	Cytidylate kinase
OGCOPLJJ_03296	CDS	1674	rpsA		COG0539	30S ribosomal protein S1
OGCOPLJJ_03297	CDS	303	ihfB		COG0776	Integration host factor subunit beta
OGCOPLJJ_03298	CDS	366				hypothetical protein
OGCOPLJJ_03299	CDS	1296	sfnC_3	1.14.14.-		putative FMNH2-dependent monooxygenase SfnC
OGCOPLJJ_03300	CDS	819				hypothetical protein
OGCOPLJJ_03301	CDS	267				hypothetical protein
OGCOPLJJ_03302	CDS	1446				hypothetical protein
OGCOPLJJ_03303	CDS	1005	cydB_3	7.1.1.7	COG1294	Cytochrome bd-I ubiquinol oxidase subunit 2
OGCOPLJJ_03304	CDS	135				hypothetical protein
OGCOPLJJ_03305	CDS	1341	norG_2		COG1167	HTH-type transcriptional regulator NorG
OGCOPLJJ_03306	CDS	123				hypothetical protein
OGCOPLJJ_03307	CDS	510				hypothetical protein
OGCOPLJJ_03308	CDS	1209	argD_1	2.6.1.11	COG4992	Acetylornithine aminotransferase
OGCOPLJJ_03309	CDS	432	IMPDH_1	1.1.1.205		Inosine-5'-monophosphate dehydrogenase
OGCOPLJJ_03310	CDS	426				hypothetical protein
OGCOPLJJ_03311	CDS	198				hypothetical protein
OGCOPLJJ_03312	CDS	198				hypothetical protein
OGCOPLJJ_03313	CDS	426				hypothetical protein
OGCOPLJJ_03314	CDS	432	IMPDH_2	1.1.1.205		Inosine-5'-monophosphate dehydrogenase
OGCOPLJJ_03315	CDS	1209	argD_2	2.6.1.11	COG4992	Acetylornithine aminotransferase
OGCOPLJJ_03316	CDS	510				hypothetical protein
OGCOPLJJ_03317	CDS	246	slyX_2			Protein SlyX
OGCOPLJJ_03318	CDS	1011				Zinc-type alcohol dehydrogenase-like protein
OGCOPLJJ_03319	CDS	378				hypothetical protein
OGCOPLJJ_03320	CDS	450				hypothetical protein
OGCOPLJJ_03321	CDS	2637	topA	5.6.2.1	COG0550	DNA topoisomerase 1
OGCOPLJJ_03322	CDS	2580	clpB_1		COG0542	Chaperone protein ClpB
OGCOPLJJ_03323	CDS	489	cinA_1			Putative competence-damage inducible protein
OGCOPLJJ_03324	CDS	489	cinA_2			Putative competence-damage inducible protein
OGCOPLJJ_03325	CDS	2580	clpB_2		COG0542	Chaperone protein ClpB
OGCOPLJJ_03326	CDS	624	rhtB_3		COG1280	Homoserine/homoserine lactone efflux protein
OGCOPLJJ_03327	CDS	846	dapF_1	5.1.1.7		Diaminopimelate epimerase
OGCOPLJJ_03328	CDS	1251	lysA_1	4.1.1.20	COG0019	Diaminopimelate decarboxylase
OGCOPLJJ_03329	CDS	225				hypothetical protein
OGCOPLJJ_03330	CDS	1479	cycA_4		COG1113	D-serine/D-alanine/glycine transporter
OGCOPLJJ_03331	CDS	1371	ahpF_2	1.6.99.3		NADH dehydrogenase
OGCOPLJJ_03332	CDS	345				hypothetical protein
OGCOPLJJ_03333	CDS	612	gstB_2	2.5.1.18	COG0625	Glutathione S-transferase GST-6.0
OGCOPLJJ_03334	CDS	612	gstB_3	2.5.1.18	COG0625	Glutathione S-transferase GST-6.0
OGCOPLJJ_03335	CDS	345				hypothetical protein
OGCOPLJJ_03336	CDS	1587	ahpF_3	1.8.1.-	COG3634	Alkyl hydroperoxide reductase subunit F
OGCOPLJJ_03337	CDS	219				hypothetical protein
OGCOPLJJ_03338	CDS	390				hypothetical protein
OGCOPLJJ_03339	CDS	321				hypothetical protein
OGCOPLJJ_03340	CDS	636				hypothetical protein
OGCOPLJJ_03341	CDS	777	rlmB_3	2.1.1.185		23S rRNA (guanosine-2'-O-)-methyltransferase RlmB
OGCOPLJJ_03342	CDS	972	fbp_2	3.1.3.11	COG0158	Fructose-1,6-bisphosphatase class 1
OGCOPLJJ_03343	CDS	189				hypothetical protein
OGCOPLJJ_03344	CDS	564	pal_2		COG2885	Peptidoglycan-associated lipoprotein
OGCOPLJJ_03345	CDS	1281	tolB		COG0823	Tol-Pal system protein TolB
OGCOPLJJ_03346	CDS	714				hypothetical protein
OGCOPLJJ_03347	CDS	633				hypothetical protein
OGCOPLJJ_03348	CDS	1227	dapL	2.6.1.83	COG0436	LL-diaminopimelate aminotransferase
OGCOPLJJ_03349	CDS	2664	glnD_1		COG2844	Bifunctional uridylyltransferase/uridylyl-removing enzyme
OGCOPLJJ_03350	CDS	1209	purT	2.1.2.-	COG0027	Formate-dependent phosphoribosylglycinamide formyltransferase
OGCOPLJJ_03351	CDS	390				putative protein.1
OGCOPLJJ_03352	CDS	1440	norG_3		COG1167	HTH-type transcriptional regulator NorG
OGCOPLJJ_03353	CDS	483			COG1733	putative HTH-type transcriptional regulator
OGCOPLJJ_03354	CDS	483			COG1733	putative HTH-type transcriptional regulator
OGCOPLJJ_03355	CDS	1440	norG_4		COG1167	HTH-type transcriptional regulator NorG
OGCOPLJJ_03356	CDS	864				hypothetical protein
OGCOPLJJ_03357	CDS	405				hypothetical protein
OGCOPLJJ_03358	CDS	1893				hypothetical protein
OGCOPLJJ_03359	CDS	1152	ampC_1	3.5.2.6	COG1680	Beta-lactamase
OGCOPLJJ_03360	CDS	1152	ampC_2	3.5.2.6	COG1680	Beta-lactamase
OGCOPLJJ_03361	CDS	1893				hypothetical protein
OGCOPLJJ_03362	CDS	711	dmlR_13			HTH-type transcriptional regulator DmlR
OGCOPLJJ_03363	CDS	1485	gdhB_1	1.1.5.2	COG2133	Quinoprotein glucose dehydrogenase B
OGCOPLJJ_03364	CDS	1839	kefC_2		COG0475	Glutathione-regulated potassium-efflux system protein KefC
OGCOPLJJ_03365	CDS	582				hypothetical protein
OGCOPLJJ_03366	CDS	1194	scmP	3.5.1.-	COG1473	N-acetylcysteine deacetylase
OGCOPLJJ_03367	CDS	1167	tyrB	2.6.1.57	COG1448	Aromatic-amino-acid aminotransferase
OGCOPLJJ_03368	CDS	1707	dld	1.1.5.12	COG0277	Quinone-dependent D-lactate dehydrogenase
OGCOPLJJ_03369	CDS	1152	lldD	1.1.-.-	COG1304	L-lactate dehydrogenase
OGCOPLJJ_03370	CDS	753	lldR		COG2186	Putative L-lactate dehydrogenase operon regulatory protein
OGCOPLJJ_03371	CDS	1482	lldP		COG1620	L-lactate permease
OGCOPLJJ_03372	CDS	1188	prpF	5.3.3.-	COG2828	2-methyl-aconitate isomerase
OGCOPLJJ_03373	CDS	1356	aroP_2		COG1113	Aromatic amino acid transport protein AroP
OGCOPLJJ_03374	tRNA	74				tRNA-Arg(cct)
OGCOPLJJ_03375	CDS	876	hchA	3.1.2.-		Protein/nucleic acid deglycase HchA
OGCOPLJJ_03376	CDS	999	ppsC_1	2.3.1.41		Phthiocerol synthesis polyketide synthase type I PpsC
OGCOPLJJ_03377	CDS	612	rhaS_3			HTH-type transcriptional activator RhaS
OGCOPLJJ_03378	CDS	588				hypothetical protein
OGCOPLJJ_03379	CDS	1926				hypothetical protein
OGCOPLJJ_03380	CDS	558	nudC_2	3.6.1.22		NADH pyrophosphatase
OGCOPLJJ_03381	CDS	618	nudL	3.6.1.-		putative Nudix hydrolase NudL
OGCOPLJJ_03382	CDS	531	yrdA_3		COG0663	Protein YrdA
OGCOPLJJ_03383	CDS	666	tsaB		COG1214	tRNA threonylcarbamoyladenosine biosynthesis protein TsaB
OGCOPLJJ_03384	CDS	792	rsmJ_1	2.1.1.242		Ribosomal RNA small subunit methyltransferase J
OGCOPLJJ_03385	CDS	729				hypothetical protein
OGCOPLJJ_03386	CDS	429				hypothetical protein
OGCOPLJJ_03387	CDS	390				hypothetical protein
OGCOPLJJ_03388	CDS	879				hypothetical protein
OGCOPLJJ_03389	CDS	810				hypothetical protein
OGCOPLJJ_03390	CDS	1644				hypothetical protein
OGCOPLJJ_03391	CDS	801				hypothetical protein
OGCOPLJJ_03392	CDS	771				hypothetical protein
OGCOPLJJ_03393	CDS	1140				hypothetical protein
OGCOPLJJ_03394	CDS	741	btsR		COG3279	Transcriptional regulatory protein BtsR
OGCOPLJJ_03395	CDS	930	hemC_1	2.5.1.61	COG0181	Porphobilinogen deaminase
OGCOPLJJ_03396	CDS	768				hypothetical protein
OGCOPLJJ_03397	CDS	840				hypothetical protein
OGCOPLJJ_03398	CDS	801				hypothetical protein
OGCOPLJJ_03399	CDS	1911				hypothetical protein
OGCOPLJJ_03400	CDS	921				hypothetical protein
OGCOPLJJ_03401	CDS	1116				hypothetical protein
OGCOPLJJ_03402	CDS	1431				hypothetical protein
OGCOPLJJ_03403	CDS	702				hypothetical protein
OGCOPLJJ_03404	CDS	1230	fabB_2	2.3.1.41		3-oxoacyl-[acyl-carrier-protein] synthase 1
OGCOPLJJ_03405	CDS	1230	fabB_3	2.3.1.41		3-oxoacyl-[acyl-carrier-protein] synthase 1
OGCOPLJJ_03406	CDS	702				hypothetical protein
OGCOPLJJ_03407	CDS	1236	gltS_1		COG0786	Sodium/glutamate symporter
OGCOPLJJ_03408	CDS	903				hypothetical protein
OGCOPLJJ_03409	CDS	699				hypothetical protein
OGCOPLJJ_03410	CDS	201				hypothetical protein
OGCOPLJJ_03411	CDS	201				hypothetical protein
OGCOPLJJ_03412	CDS	699				hypothetical protein
OGCOPLJJ_03413	CDS	903				hypothetical protein
OGCOPLJJ_03414	CDS	1236	gltS_2		COG0786	Sodium/glutamate symporter
OGCOPLJJ_03415	CDS	831				hypothetical protein
OGCOPLJJ_03416	CDS	2070	glyS	6.1.1.14	COG0751	Glycine--tRNA ligase beta subunit
OGCOPLJJ_03417	CDS	978	glyQ	6.1.1.14	COG0752	Glycine--tRNA ligase alpha subunit
OGCOPLJJ_03418	CDS	426				hypothetical protein
OGCOPLJJ_03419	CDS	417				hypothetical protein
OGCOPLJJ_03420	CDS	471	decR		COG1522	DNA-binding transcriptional activator DecR
OGCOPLJJ_03421	CDS	1362				hypothetical protein
OGCOPLJJ_03422	CDS	744	glnQ_1			Glutamine transport ATP-binding protein GlnQ
OGCOPLJJ_03423	CDS	678	gltK		COG0765	Glutamate/aspartate import permease protein GltK
OGCOPLJJ_03424	CDS	843	gltJ		COG0765	Glutamate/aspartate import permease protein GltJ
OGCOPLJJ_03425	CDS	894	gltI		COG0834	Glutamate/aspartate import solute-binding protein
OGCOPLJJ_03426	CDS	1320	kgtP_2			Alpha-ketoglutarate permease
OGCOPLJJ_03427	CDS	423				hypothetical protein
OGCOPLJJ_03428	CDS	669				hypothetical protein
OGCOPLJJ_03429	CDS	849	folD			Bifunctional protein FolD protein
OGCOPLJJ_03430	tRNA	74				tRNA-Cys(gca)
OGCOPLJJ_03431	tRNA	86				tRNA-Leu(taa)
OGCOPLJJ_03432	CDS	1764				hypothetical protein
OGCOPLJJ_03433	CDS	1413	cysN	2.7.7.4	COG2895	Sulfate adenylyltransferase subunit 1
OGCOPLJJ_03434	CDS	909	cysD	2.7.7.4	COG0175	Sulfate adenylyltransferase subunit 2
OGCOPLJJ_03435	CDS	99				hypothetical protein
OGCOPLJJ_03436	CDS	1170				hypothetical protein
OGCOPLJJ_03437	CDS	216				hypothetical protein
OGCOPLJJ_03438	CDS	1530	lysS_1	6.1.1.6	COG1190	Lysine--tRNA ligase
OGCOPLJJ_03439	CDS	354				hypothetical protein
OGCOPLJJ_03440	CDS	1209	intA_2		COG0582	Prophage integrase IntA
OGCOPLJJ_03441	tRNA	88				tRNA-Ser(tga)
OGCOPLJJ_03442	CDS	2031	fadH_2	1.3.1.34	COG0446	2,4-dienoyl-CoA reductase
OGCOPLJJ_03443	CDS	1344	argG	6.3.4.5	COG0137	Argininosuccinate synthase
OGCOPLJJ_03444	CDS	423	wbbD	2.4.1.303	COG0463	UDP-Gal:alpha-D-GlcNAc-diphosphoundecaprenol beta-1,3-galactosyltransferase
OGCOPLJJ_03445	CDS	621	epsL	2.-.-.-	COG2148	putative sugar transferase EpsL
OGCOPLJJ_03446	CDS	876	galU	2.7.7.9	COG1210	UTP--glucose-1-phosphate uridylyltransferase
OGCOPLJJ_03447	CDS	1263				hypothetical protein
OGCOPLJJ_03448	CDS	1671	pgi	5.3.1.9	COG0166	Glucose-6-phosphate isomerase
OGCOPLJJ_03449	CDS	1020	galE_1	5.1.3.2	COG1087	UDP-glucose 4-epimerase
OGCOPLJJ_03450	CDS	852	rhaS_4			HTH-type transcriptional activator RhaS
OGCOPLJJ_03451	CDS	831	thiM	2.7.1.50	COG2145	Hydroxyethylthiazole kinase
OGCOPLJJ_03452	CDS	1185				hypothetical protein
OGCOPLJJ_03453	CDS	258				hypothetical protein
OGCOPLJJ_03454	CDS	1371	accC_1	6.3.4.14	COG0439	Biotin carboxylase
OGCOPLJJ_03455	CDS	420	accB_1		COG0511	Biotin carboxyl carrier protein of acetyl-CoA carboxylase
OGCOPLJJ_03456	CDS	456	aroQ	4.2.1.10		3-dehydroquinate dehydratase
OGCOPLJJ_03457	CDS	1329	umuC_2		COG0389	Protein UmuC
OGCOPLJJ_03458	CDS	192				hypothetical protein
OGCOPLJJ_03459	CDS	1011				hypothetical protein
OGCOPLJJ_03460	CDS	591	pdtaR		COG3707	putative transcriptional regulatory protein pdtaR
OGCOPLJJ_03461	CDS	1290				hypothetical protein
OGCOPLJJ_03462	CDS	180				hypothetical protein
OGCOPLJJ_03463	CDS	1236	aatA	2.6.1.1	COG0436	Aspartate/prephenate aminotransferase
OGCOPLJJ_03464	CDS	222				hypothetical protein
OGCOPLJJ_03465	CDS	438				hypothetical protein
OGCOPLJJ_03466	CDS	429				hypothetical protein
OGCOPLJJ_03467	tRNA	76				tRNA-Asn(gtt)
OGCOPLJJ_03468	CDS	759	ydfG	1.1.1.381	COG4221	NADP-dependent 3-hydroxy acid dehydrogenase YdfG
OGCOPLJJ_03469	CDS	981				hypothetical protein
OGCOPLJJ_03470	CDS	1035				putative HTH-type transcriptional regulator
OGCOPLJJ_03471	CDS	699	kefF_1	1.6.5.2	COG2249	Glutathione-regulated potassium-efflux system ancillary protein KefF
OGCOPLJJ_03472	CDS	699	kefF_2	1.6.5.2	COG2249	Glutathione-regulated potassium-efflux system ancillary protein KefF
OGCOPLJJ_03473	CDS	1035				putative HTH-type transcriptional regulator
OGCOPLJJ_03474	CDS	981				hypothetical protein
OGCOPLJJ_03475	CDS	186				hypothetical protein
OGCOPLJJ_03476	CDS	1185				hypothetical protein
OGCOPLJJ_03477	CDS	1374	mpl	6.3.2.45	COG0773	UDP-N-acetylmuramate--L-alanyl-gamma-D-glutamyl-meso-2,6-diaminoheptandioate ligase
OGCOPLJJ_03478	CDS	366				hypothetical protein
OGCOPLJJ_03479	CDS	513	purE	5.4.99.18	COG0041	N5-carboxyaminoimidazole ribonucleotide mutase
OGCOPLJJ_03480	CDS	1122	purK	6.3.4.18		N5-carboxyaminoimidazole ribonucleotide synthase
OGCOPLJJ_03481	CDS	267				hypothetical protein
OGCOPLJJ_03482	CDS	135				hypothetical protein
OGCOPLJJ_03483	CDS	576				hypothetical protein
OGCOPLJJ_03484	CDS	501				hypothetical protein
OGCOPLJJ_03485	CDS	243				hypothetical protein
OGCOPLJJ_03486	CDS	243				hypothetical protein
OGCOPLJJ_03487	CDS	501				hypothetical protein
OGCOPLJJ_03488	CDS	576				hypothetical protein
OGCOPLJJ_03489	CDS	135				hypothetical protein
OGCOPLJJ_03490	CDS	267				hypothetical protein
OGCOPLJJ_03491	CDS	1647	argS_1	6.1.1.19		Arginine--tRNA ligase
OGCOPLJJ_03492	CDS	627	ftsN			Cell division protein FtsN
OGCOPLJJ_03493	CDS	669				hypothetical protein
OGCOPLJJ_03494	CDS	408				hypothetical protein
OGCOPLJJ_03495	CDS	948				hypothetical protein
OGCOPLJJ_03496	CDS	306				hypothetical protein
OGCOPLJJ_03497	CDS	528	yqjI		COG1695	Transcriptional regulator YqjI
OGCOPLJJ_03498	CDS	963				hypothetical protein
OGCOPLJJ_03499	CDS	903	pstB	7.3.2.1		Phosphate import ATP-binding protein PstB
OGCOPLJJ_03500	CDS	1398				hypothetical protein
OGCOPLJJ_03501	CDS	1380				hypothetical protein
OGCOPLJJ_03502	CDS	630	pstS			Phosphate-binding protein PstS
OGCOPLJJ_03503	CDS	543	pabB	2.6.1.85	COG0147	Aminodeoxychorismate synthase component 1
OGCOPLJJ_03504	CDS	1086	hisC_1	2.6.1.9	COG0079	Histidinol-phosphate aminotransferase
OGCOPLJJ_03505	CDS	1323	hisD	1.1.1.23	COG0141	Histidinol dehydrogenase
OGCOPLJJ_03506	CDS	684	hisG	2.4.2.17	COG0040	ATP phosphoribosyltransferase
OGCOPLJJ_03507	CDS	1257	murA	2.5.1.7	COG0766	UDP-N-acetylglucosamine 1-carboxyvinyltransferase
OGCOPLJJ_03508	CDS	252			COG5007	putative protein
OGCOPLJJ_03509	CDS	231				hypothetical protein
OGCOPLJJ_03510	CDS	672	pcaI_3	2.8.3.6	COG1788	3-oxoadipate CoA-transferase subunit A
OGCOPLJJ_03511	CDS	717	ispD_1	2.7.7.60	COG1211	2-C-methyl-D-erythritol 4-phosphate cytidylyltransferase
OGCOPLJJ_03512	CDS	390	ftsB_1			Cell division protein FtsB
OGCOPLJJ_03513	CDS	390	ftsB_2			Cell division protein FtsB
OGCOPLJJ_03514	CDS	717	ispD_2	2.7.7.60	COG1211	2-C-methyl-D-erythritol 4-phosphate cytidylyltransferase
OGCOPLJJ_03515	CDS	672	pcaI_4	2.8.3.6	COG1788	3-oxoadipate CoA-transferase subunit A
OGCOPLJJ_03516	CDS	765	nimR_4			HTH-type transcriptional regulator NimR
OGCOPLJJ_03517	CDS	546	btuE_1	1.11.1.15	COG0386	Thioredoxin/glutathione peroxidase BtuE
OGCOPLJJ_03518	CDS	600				hypothetical protein
OGCOPLJJ_03519	CDS	483				hypothetical protein
OGCOPLJJ_03520	CDS	483				hypothetical protein
OGCOPLJJ_03521	CDS	600				hypothetical protein
OGCOPLJJ_03522	CDS	546	btuE_2	1.11.1.15	COG0386	Thioredoxin/glutathione peroxidase BtuE
OGCOPLJJ_03523	CDS	765	nimR_5			HTH-type transcriptional regulator NimR
OGCOPLJJ_03524	CDS	864				hypothetical protein
OGCOPLJJ_03525	CDS	264			COG1145	putative ferredoxin-like protein
OGCOPLJJ_03526	CDS	330	emrE		COG2076	Multidrug transporter EmrE
OGCOPLJJ_03527	CDS	777	hisP		COG4598	Histidine transport ATP-binding protein HisP
OGCOPLJJ_03528	CDS	714	hisM		COG4160	Histidine transport system permease protein HisM
OGCOPLJJ_03529	CDS	690	hisQ		COG4215	Histidine transport system permease protein HisQ
OGCOPLJJ_03530	CDS	786	argT		COG0834	Lysine/arginine/ornithine-binding periplasmic protein
OGCOPLJJ_03531	CDS	633				hypothetical protein
OGCOPLJJ_03532	CDS	699				hypothetical protein
OGCOPLJJ_03533	CDS	951	lcdH	1.1.1.108		L-carnitine dehydrogenase
OGCOPLJJ_03534	CDS	135				hypothetical protein
OGCOPLJJ_03535	CDS	429				hypothetical protein
OGCOPLJJ_03536	CDS	1248				hypothetical protein
OGCOPLJJ_03537	CDS	210				hypothetical protein
OGCOPLJJ_03538	CDS	996				hypothetical protein
OGCOPLJJ_03539	CDS	756				hypothetical protein
OGCOPLJJ_03540	CDS	1935	copA			Copper resistance protein A
OGCOPLJJ_03541	CDS	399				hypothetical protein
OGCOPLJJ_03542	CDS	822	ybiV	3.1.3.23	COG0561	Sugar phosphatase YbiV
OGCOPLJJ_03543	CDS	1989	tktA_1	2.2.1.1	COG0021	Transketolase 1
OGCOPLJJ_03544	CDS	1989	tktA_2	2.2.1.1	COG0021	Transketolase 1
OGCOPLJJ_03545	CDS	408				hypothetical protein
OGCOPLJJ_03546	CDS	408				hypothetical protein
OGCOPLJJ_03547	CDS	1569	guaA_1	6.3.5.2	COG0518	GMP synthase [glutamine-hydrolyzing]
OGCOPLJJ_03548	CDS	1230				hypothetical protein
OGCOPLJJ_03549	CDS	438	yqjF		COG2259	Inner membrane protein YqjF
OGCOPLJJ_03550	CDS	642	dedA_2		COG0586	Protein DedA
OGCOPLJJ_03551	CDS	591				hypothetical protein
OGCOPLJJ_03552	CDS	825				hypothetical protein
OGCOPLJJ_03553	CDS	906	dmlR_14			HTH-type transcriptional regulator DmlR
OGCOPLJJ_03554	CDS	291				hypothetical protein
OGCOPLJJ_03555	CDS	147				hypothetical protein
OGCOPLJJ_03556	CDS	147				hypothetical protein
OGCOPLJJ_03557	CDS	291				hypothetical protein
OGCOPLJJ_03558	CDS	906	dmlR_15			HTH-type transcriptional regulator DmlR
OGCOPLJJ_03559	CDS	825				hypothetical protein
OGCOPLJJ_03560	CDS	1314				hypothetical protein
OGCOPLJJ_03561	CDS	609	azoR1	1.7.1.17	COG1182	FMN-dependent NADH-azoreductase 1
OGCOPLJJ_03562	CDS	396	hxlR_1		COG1733	HTH-type transcriptional activator HxlR
OGCOPLJJ_03563	CDS	855	rhaS_5			HTH-type transcriptional activator RhaS
OGCOPLJJ_03564	CDS	918				hypothetical protein
OGCOPLJJ_03565	CDS	1005				hypothetical protein
OGCOPLJJ_03566	CDS	2607	acnD	4.2.1.117	COG1048	2-methylcitrate dehydratase (2-methyl-trans-aconitate forming)
OGCOPLJJ_03567	CDS	1158	prpC	2.3.3.5	COG0372	2-methylcitrate synthase
OGCOPLJJ_03568	CDS	885	prpB_1	4.1.3.30	COG2513	2-methylisocitrate lyase
OGCOPLJJ_03569	CDS	618	gntR			putative D-xylose utilization operon transcriptional repressor
OGCOPLJJ_03570	CDS	834	acr1	1.2.1.-	COG3320	Fatty acyl-CoA reductase
OGCOPLJJ_03571	CDS	2202				hypothetical protein
OGCOPLJJ_03572	CDS	2127	yhgF		COG2183	Protein YhgF
OGCOPLJJ_03573	CDS	189				hypothetical protein
OGCOPLJJ_03574	CDS	162				hypothetical protein
OGCOPLJJ_03575	CDS	2757	mgtA	7.2.2.14	COG0474	Magnesium-transporting ATPase, P-type 1
OGCOPLJJ_03576	CDS	720				hypothetical protein
OGCOPLJJ_03577	CDS	231	ydcO_1		COG3135	Inner membrane protein YdcO
OGCOPLJJ_03578	CDS	915	ydcO_2		COG3135	Inner membrane protein YdcO
OGCOPLJJ_03579	CDS	255	araC_3	4.2.1.25		L-arabonate dehydratase
OGCOPLJJ_03580	CDS	1305	abaQ			Quinolone resistance transporter
OGCOPLJJ_03581	CDS	999				hypothetical protein
OGCOPLJJ_03582	CDS	1575		1.2.1.26		Alpha-ketoglutaric semialdehyde dehydrogenase
OGCOPLJJ_03583	CDS	897				hypothetical protein
OGCOPLJJ_03584	CDS	507				hypothetical protein
OGCOPLJJ_03585	CDS	2157	fhuE_2		COG4773	FhuE receptor
OGCOPLJJ_03586	CDS	1113				hypothetical protein
OGCOPLJJ_03587	CDS	132				hypothetical protein
OGCOPLJJ_03588	CDS	828	map_1	3.4.11.18	COG0024	Methionine aminopeptidase
OGCOPLJJ_03589	CDS	753	rpsB		COG0052	30S ribosomal protein S2
OGCOPLJJ_03590	CDS	876	tsf		COG0264	Elongation factor Ts
OGCOPLJJ_03591	CDS	486				hypothetical protein
OGCOPLJJ_03592	CDS	825	rhaS_6			HTH-type transcriptional activator RhaS
OGCOPLJJ_03593	CDS	717				hypothetical protein
OGCOPLJJ_03594	CDS	543				hypothetical protein
OGCOPLJJ_03595	CDS	483	fkpB	5.2.1.8	COG1047	FKBP-type 16 kDa peptidyl-prolyl cis-trans isomerase
OGCOPLJJ_03596	CDS	531	lspA_3	3.4.23.36	COG0597	Lipoprotein signal peptidase
OGCOPLJJ_03597	CDS	2838	ileS_1	6.1.1.5	COG0060	Isoleucine--tRNA ligase
OGCOPLJJ_03598	CDS	744	ribF		COG0196	Bifunctional riboflavin kinase/FMN adenylyltransferase
OGCOPLJJ_03599	CDS	2673				hypothetical protein
OGCOPLJJ_03600	CDS	894	yddE_1	5.1.-.-	COG0384	putative isomerase YddE
OGCOPLJJ_03601	CDS	864	hdfR_3			HTH-type transcriptional regulator HdfR
OGCOPLJJ_03602	CDS	1431	styD	1.2.1.39		Phenylacetaldehyde dehydrogenase
OGCOPLJJ_03603	CDS	1533	ddc	4.1.1.86	COG0076	L-2,4-diaminobutyrate decarboxylase
OGCOPLJJ_03604	CDS	1374	dat	2.6.1.76	COG0160	Diaminobutyrate--2-oxoglutarate aminotransferase
OGCOPLJJ_03605	CDS	1179				hypothetical protein
OGCOPLJJ_03606	CDS	126				hypothetical protein
OGCOPLJJ_03607	CDS	411				hypothetical protein
OGCOPLJJ_03608	CDS	492				hypothetical protein
OGCOPLJJ_03609	CDS	1257	icd_1	1.1.1.42		Isocitrate dehydrogenase [NADP]
OGCOPLJJ_03610	CDS	372				hypothetical protein
OGCOPLJJ_03611	CDS	300				hypothetical protein
OGCOPLJJ_03612	CDS	852				hypothetical protein
OGCOPLJJ_03613	CDS	1488	bicA_1		COG0659	Bicarbonate transporter BicA
OGCOPLJJ_03614	CDS	1668				hypothetical protein
OGCOPLJJ_03615	CDS	177				hypothetical protein
OGCOPLJJ_03616	CDS	909				hypothetical protein
OGCOPLJJ_03617	CDS	456				hypothetical protein
OGCOPLJJ_03618	CDS	1953	mutL			DNA mismatch repair protein MutL
OGCOPLJJ_03619	CDS	945	miaA	2.5.1.75	COG0324	tRNA dimethylallyltransferase
OGCOPLJJ_03620	CDS	363	hfq			RNA-binding protein Hfq
OGCOPLJJ_03621	rRNA	1541				16S ribosomal RNA
OGCOPLJJ_03622	tRNA	76				tRNA-Glu(ttc)
OGCOPLJJ_03623	rRNA	2886				23S ribosomal RNA
OGCOPLJJ_03624	rRNA	109				5S ribosomal RNA
OGCOPLJJ_03625	CDS	516				hypothetical protein
OGCOPLJJ_03626	CDS	1176	thlA_3	2.3.1.9	COG0183	Acetyl-CoA acetyltransferase
OGCOPLJJ_03627	CDS	444				hypothetical protein
OGCOPLJJ_03628	CDS	354				hypothetical protein
OGCOPLJJ_03629	CDS	486				hypothetical protein
OGCOPLJJ_03630	CDS	1644	sir	1.8.7.1	COG0155	Sulfite reductase [ferredoxin]
OGCOPLJJ_03631	CDS	768				hypothetical protein
OGCOPLJJ_03632	CDS	147				hypothetical protein
OGCOPLJJ_03633	CDS	1080	serC_1	2.6.1.52	COG1932	Phosphoserine aminotransferase
OGCOPLJJ_03634	CDS	1080	serC_2	2.6.1.52	COG1932	Phosphoserine aminotransferase
OGCOPLJJ_03635	CDS	147				hypothetical protein
OGCOPLJJ_03636	CDS	942				hypothetical protein
OGCOPLJJ_03637	CDS	171				hypothetical protein
OGCOPLJJ_03638	CDS	813				hypothetical protein
OGCOPLJJ_03639	CDS	879	dapA_3	4.3.3.7	COG0329	4-hydroxy-tetrahydrodipicolinate synthase
OGCOPLJJ_03640	CDS	777	fucA	4.1.2.17		L-fuculose phosphate aldolase
OGCOPLJJ_03641	CDS	1434	gabR_3		COG1167	HTH-type transcriptional regulatory protein GabR
OGCOPLJJ_03642	CDS	465	comM_3		COG0606	Competence protein ComM
OGCOPLJJ_03643	CDS	1263	hcnB	1.4.99.5		Hydrogen cyanide synthase subunit HcnB
OGCOPLJJ_03644	CDS	231				hypothetical protein
OGCOPLJJ_03645	CDS	1107	hcnC	1.4.99.5	COG0665	Hydrogen cyanide synthase subunit HcnC
OGCOPLJJ_03646	CDS	933		5.1.1.8		4-hydroxyproline 2-epimerase
OGCOPLJJ_03647	CDS	684	glaR		COG1802	HTH-type transcriptional repressor GlaR
OGCOPLJJ_03648	CDS	1215	tyrS	6.1.1.1	COG0162	Tyrosine--tRNA ligase
OGCOPLJJ_03649	CDS	1128	anmK	2.7.1.170	COG2377	Anhydro-N-acetylmuramic acid kinase
OGCOPLJJ_03650	CDS	846	ephA_2	3.3.2.10		Epoxide hydrolase A
OGCOPLJJ_03651	CDS	336	erpA		COG0316	Iron-sulfur cluster insertion protein ErpA
OGCOPLJJ_03652	CDS	1005				hypothetical protein
OGCOPLJJ_03653	CDS	1356	aprE	3.4.21.62	COG1404	Subtilisin E
OGCOPLJJ_03654	CDS	432				hypothetical protein
OGCOPLJJ_03655	CDS	420				hypothetical protein
OGCOPLJJ_03656	CDS	867	gltR_1		COG0583	HTH-type transcriptional regulator GltR
OGCOPLJJ_03657	CDS	270				hypothetical protein
OGCOPLJJ_03658	CDS	633				hypothetical protein
OGCOPLJJ_03659	CDS	711	srmB	3.6.4.13		ATP-dependent RNA helicase SrmB
OGCOPLJJ_03660	CDS	294				hypothetical protein
OGCOPLJJ_03661	CDS	249				hypothetical protein
OGCOPLJJ_03662	CDS	570				hypothetical protein
OGCOPLJJ_03663	CDS	801				hypothetical protein
OGCOPLJJ_03664	CDS	522				hypothetical protein
OGCOPLJJ_03665	CDS	261				hypothetical protein
OGCOPLJJ_03666	CDS	270	mhbT_2			3-hydroxybenzoate transporter MhbT
OGCOPLJJ_03667	CDS	744		5.1.1.13		Aspartate racemase
OGCOPLJJ_03668	CDS	1023	cuyA	4.4.1.25	COG2515	L-cysteate sulfo-lyase
OGCOPLJJ_03669	CDS	792	nrtD	7.3.2.4	COG1116	Nitrate import ATP-binding protein NrtD
OGCOPLJJ_03670	CDS	780	ssuC_5		COG0600	Putative aliphatic sulfonates transport permease protein SsuC
OGCOPLJJ_03671	CDS	1080	tauA_3		COG4521	Taurine-binding periplasmic protein
OGCOPLJJ_03672	CDS	717				hypothetical protein
OGCOPLJJ_03673	CDS	408				hypothetical protein
OGCOPLJJ_03674	CDS	2025	fadH_3	1.3.1.34	COG0446	2,4-dienoyl-CoA reductase
OGCOPLJJ_03675	CDS	561				hypothetical protein
OGCOPLJJ_03676	CDS	468				hypothetical protein
OGCOPLJJ_03677	CDS	909				hypothetical protein
OGCOPLJJ_03678	CDS	1257	lolE		COG4591	Lipoprotein-releasing system transmembrane protein LolE
OGCOPLJJ_03679	CDS	687	lolD	3.6.3.-	COG1136	Lipoprotein-releasing system ATP-binding protein LolD
OGCOPLJJ_03680	CDS	1056				hypothetical protein
OGCOPLJJ_03681	CDS	624				hypothetical protein
OGCOPLJJ_03682	CDS	981	pheS	6.1.1.20	COG0016	Phenylalanine--tRNA ligase alpha subunit
OGCOPLJJ_03683	CDS	2382	pheT	6.1.1.20	COG0072	Phenylalanine--tRNA ligase beta subunit
OGCOPLJJ_03684	CDS	297	ihfA		COG0776	Integration host factor subunit alpha
OGCOPLJJ_03685	CDS	252				hypothetical protein
OGCOPLJJ_03686	CDS	852	hdfR_4			HTH-type transcriptional regulator HdfR
OGCOPLJJ_03687	CDS	930				hypothetical protein
OGCOPLJJ_03688	CDS	465				hypothetical protein
OGCOPLJJ_03689	CDS	1416				hypothetical protein
OGCOPLJJ_03690	CDS	438				hypothetical protein
OGCOPLJJ_03691	CDS	2466				hypothetical protein
OGCOPLJJ_03692	CDS	279				hypothetical protein
OGCOPLJJ_03693	CDS	117				hypothetical protein
OGCOPLJJ_03694	CDS	306				hypothetical protein
OGCOPLJJ_03695	CDS	381				hypothetical protein
OGCOPLJJ_03696	CDS	555				hypothetical protein
OGCOPLJJ_03697	CDS	210				hypothetical protein
OGCOPLJJ_03698	CDS	228				hypothetical protein
OGCOPLJJ_03699	CDS	714	ubiG	2.1.1.222	COG2227	Ubiquinone biosynthesis O-methyltransferase
OGCOPLJJ_03700	CDS	699	mupP	3.1.3.105	COG0546	N-acetylmuramic acid 6-phosphate phosphatase
OGCOPLJJ_03701	CDS	747	yciK	1.-.-.-	COG1028	putative oxidoreductase YciK
OGCOPLJJ_03702	CDS	411				hypothetical protein
OGCOPLJJ_03703	CDS	321				hypothetical protein
OGCOPLJJ_03704	CDS	174				hypothetical protein
OGCOPLJJ_03705	CDS	738				hypothetical protein
OGCOPLJJ_03706	CDS	1113	sfnG	1.14.14.35		FMNH(2)-dependent dimethylsulfone monooxygenase
OGCOPLJJ_03707	CDS	414	lrpC		COG1522	HTH-type transcriptional regulator LrpC
OGCOPLJJ_03708	CDS	543	sttH	3.5.2.19		Streptothricin hydrolase
OGCOPLJJ_03709	CDS	1713	acsA_3	6.2.1.1	COG0365	Acetyl-coenzyme A synthetase
OGCOPLJJ_03710	CDS	906	ttcA	2.8.1.-	COG0037	tRNA-cytidine(32) 2-sulfurtransferase
OGCOPLJJ_03711	CDS	384				hypothetical protein
OGCOPLJJ_03712	CDS	1113	mltF_2	4.2.2.-		Membrane-bound lytic murein transglycosylase F
OGCOPLJJ_03713	CDS	495	greB		COG0782	Transcription elongation factor GreB
OGCOPLJJ_03714	tRNA	90				tRNA-Ser(tga)
OGCOPLJJ_03715	CDS	555				hypothetical protein
OGCOPLJJ_03716	CDS	705	phoU		COG0704	Phosphate-specific transport system accessory protein PhoU 
OGCOPLJJ_03717	CDS	1347	tolC		COG1538	Outer membrane protein TolC
OGCOPLJJ_03718	CDS	906				hypothetical protein
OGCOPLJJ_03719	CDS	582				hypothetical protein
OGCOPLJJ_03720	CDS	900				hypothetical protein
OGCOPLJJ_03721	CDS	969				hypothetical protein
OGCOPLJJ_03722	CDS	561				hypothetical protein
OGCOPLJJ_03723	CDS	825	nit1	3.5.1.128		Deaminated glutathione amidase
OGCOPLJJ_03724	CDS	378				hypothetical protein
OGCOPLJJ_03725	CDS	579	lipB	2.3.1.181	COG0321	Octanoyltransferase
OGCOPLJJ_03726	CDS	534				hypothetical protein
OGCOPLJJ_03727	CDS	1185	dhaT_2	1.1.1.202	COG1454	1,3-propanediol dehydrogenase
OGCOPLJJ_03728	CDS	1401	plaP		COG0531	Low-affinity putrescine importer PlaP
OGCOPLJJ_03729	CDS	561	fldP_4			Flavodoxin FldP
OGCOPLJJ_03730	CDS	1881	mnmG		COG0445	tRNA uridine 5-carboxymethylaminomethyl modification enzyme MnmG
OGCOPLJJ_03731	CDS	231				hypothetical protein
OGCOPLJJ_03732	CDS	906	prmA	2.1.1.-	COG2264	Ribosomal protein L11 methyltransferase
OGCOPLJJ_03733	CDS	843				hypothetical protein
OGCOPLJJ_03734	CDS	1284	bauA	2.6.1.18	COG0161	Beta-alanine--pyruvate aminotransferase
OGCOPLJJ_03735	CDS	1569	bauC	1.2.1.-	COG1012	Putative 3-oxopropanoate dehydrogenase
OGCOPLJJ_03736	CDS	1398	gabP_2		COG1113	GABA permease
OGCOPLJJ_03737	CDS	252				hypothetical protein
OGCOPLJJ_03738	CDS	3930	rhsC	3.1.-.-	COG3209	Putative deoxyribonuclease RhsC
OGCOPLJJ_03739	CDS	492				hypothetical protein
OGCOPLJJ_03740	CDS	906				hypothetical protein
OGCOPLJJ_03741	CDS	573	ywrO_1	1.6.99.-	COG2249	General stress protein 14
OGCOPLJJ_03742	CDS	423	ywrO_2	1.6.99.-	COG2249	General stress protein 14
OGCOPLJJ_03743	CDS	906				hypothetical protein
OGCOPLJJ_03744	CDS	414				hypothetical protein
OGCOPLJJ_03745	CDS	393	yjgH		COG0251	RutC family protein YjgH
OGCOPLJJ_03746	CDS	633	cat	2.3.1.28	COG0110	Chloramphenicol acetyltransferase
OGCOPLJJ_03747	CDS	438	teaD		COG0589	TRAP-T-associated universal stress protein TeaD
OGCOPLJJ_03748	CDS	330				DNA base-flipping protein
OGCOPLJJ_03749	CDS	717				hypothetical protein
OGCOPLJJ_03750	CDS	1080				hypothetical protein
OGCOPLJJ_03751	CDS	126		4.1.3.1	COG2224	Isocitrate lyase
OGCOPLJJ_03752	CDS	1605		4.1.3.1	COG2224	Isocitrate lyase
OGCOPLJJ_03753	CDS	1605		4.1.3.1	COG2224	Isocitrate lyase
OGCOPLJJ_03754	CDS	126		4.1.3.1	COG2224	Isocitrate lyase
OGCOPLJJ_03755	CDS	861	cmpR_2			HTH-type transcriptional activator CmpR
OGCOPLJJ_03756	CDS	651		3.1.3.-	COG0560	putative phosphatase
OGCOPLJJ_03757	CDS	486	rppH_3	3.6.1.-	COG0494	RNA pyrophosphohydrolase
OGCOPLJJ_03758	CDS	924				IS91 family transposase ISVsa3
OGCOPLJJ_03759	CDS	303	glmM_2			Phosphoglucosamine mutase
OGCOPLJJ_03760	CDS	816	folP_2	2.5.1.15	COG0294	Dihydropteroate synthase
OGCOPLJJ_03761	CDS	876				hypothetical protein
OGCOPLJJ_03762	CDS	471				hypothetical protein
OGCOPLJJ_03763	CDS	393				hypothetical protein
OGCOPLJJ_03764	CDS	1443				hypothetical protein
OGCOPLJJ_03765	CDS	267				hypothetical protein
OGCOPLJJ_03766	CDS	267				hypothetical protein
OGCOPLJJ_03767	CDS	1947				hypothetical protein
OGCOPLJJ_03768	CDS	741				hypothetical protein
OGCOPLJJ_03769	CDS	405				hypothetical protein
OGCOPLJJ_03770	CDS	471	rhaS_7			HTH-type transcriptional activator RhaS
OGCOPLJJ_03771	CDS	1002	iolS	1.1.1.-	COG0667	Aldo-keto reductase IolS
OGCOPLJJ_03772	CDS	303				hypothetical protein
OGCOPLJJ_03773	CDS	687	dhbC	5.4.4.2	COG1169	Isochorismate synthase DhbC
OGCOPLJJ_03774	CDS	1248				hypothetical protein
OGCOPLJJ_03775	CDS	1074	hemE	4.1.1.37	COG0407	Uroporphyrinogen decarboxylase
OGCOPLJJ_03776	CDS	693				hypothetical protein
OGCOPLJJ_03777	CDS	879	ydaD	1.-.-.-		General stress protein 39
OGCOPLJJ_03778	CDS	2139	katE	1.11.1.6	COG0753	Catalase HPII
OGCOPLJJ_03779	CDS	1251				hypothetical protein
OGCOPLJJ_03780	CDS	756				hypothetical protein
OGCOPLJJ_03781	CDS	903				hypothetical protein
OGCOPLJJ_03782	CDS	1920	htpG		COG0326	Chaperone protein HtpG
OGCOPLJJ_03783	CDS	357				hypothetical protein
OGCOPLJJ_03784	CDS	1158	glpK	2.7.1.30	COG0554	Glycerol kinase
OGCOPLJJ_03785	CDS	1518	glpD_1	1.1.5.3	COG0578	Aerobic glycerol-3-phosphate dehydrogenase
OGCOPLJJ_03786	CDS	1524	pckG	4.1.1.32	COG1274	Phosphoenolpyruvate carboxykinase [GTP]
OGCOPLJJ_03787	CDS	357				hypothetical protein
OGCOPLJJ_03788	CDS	219				hypothetical protein
OGCOPLJJ_03789	CDS	555				hypothetical protein
OGCOPLJJ_03790	CDS	192				hypothetical protein
OGCOPLJJ_03791	tRNA	77				tRNA-Arg(ccg)
OGCOPLJJ_03792	CDS	633				hypothetical protein
OGCOPLJJ_03793	CDS	687				hypothetical protein
OGCOPLJJ_03794	CDS	147				hypothetical protein
OGCOPLJJ_03795	CDS	969	fatB			Ferric-anguibactin-binding protein FatB
OGCOPLJJ_03796	CDS	771	yclP	7.2.2.-	COG4604	Petrobactin import ATP-binding protein YclP
OGCOPLJJ_03797	CDS	948	fatC			Ferric-anguibactin transport system permease protein FatC
OGCOPLJJ_03798	CDS	942	fatD			Ferric-anguibactin transport system permease protein FatD
OGCOPLJJ_03799	CDS	858	kdsA	2.5.1.55		2-dehydro-3-deoxyphosphooctonate aldolase
OGCOPLJJ_03800	CDS	1638	pyrG	6.3.4.2	COG0504	CTP synthase
OGCOPLJJ_03801	CDS	204				hypothetical protein
OGCOPLJJ_03802	CDS	1395	fumC	4.2.1.2	COG0114	Fumarate hydratase class II
OGCOPLJJ_03803	CDS	1008	galE_2	5.1.3.2	COG1087	UDP-glucose 4-epimerase
OGCOPLJJ_03804	CDS	369	tusD	2.8.1.-	COG1553	Sulfurtransferase TusD
OGCOPLJJ_03805	CDS	351				hypothetical protein
OGCOPLJJ_03806	CDS	285				hypothetical protein
OGCOPLJJ_03807	CDS	309				hypothetical protein
OGCOPLJJ_03808	CDS	237				hypothetical protein
OGCOPLJJ_03809	CDS	909	oxyR			Hydrogen peroxide-inducible genes activator
OGCOPLJJ_03810	CDS	945	rdmC	3.1.1.95		Aclacinomycin methylesterase RdmC
OGCOPLJJ_03811	CDS	1182	rubB	1.18.1.1	COG1251	Rubredoxin-NAD(+) reductase
OGCOPLJJ_03812	CDS	165	rubA		COG1773	Rubredoxin
OGCOPLJJ_03813	CDS	105				hypothetical protein
OGCOPLJJ_03814	CDS	864				hypothetical protein
OGCOPLJJ_03815	CDS	519				hypothetical protein
OGCOPLJJ_03816	CDS	519				hypothetical protein
OGCOPLJJ_03817	CDS	864				hypothetical protein
OGCOPLJJ_03818	CDS	375	gcvH_1		COG0509	Glycine cleavage system H protein
OGCOPLJJ_03819	CDS	1026				putative HTH-type transcriptional regulator
OGCOPLJJ_03820	CDS	441				hypothetical protein
OGCOPLJJ_03821	CDS	1848		3.6.3.-	COG1132	Putative multidrug export ATP-binding/permease protein
OGCOPLJJ_03822	CDS	552	kipR		COG1414	HTH-type transcriptional regulator KipR
OGCOPLJJ_03823	CDS	1320	ttuB_4			Putative tartrate transporter
OGCOPLJJ_03824	CDS	1011		1.1.1.81	COG0111	Hydroxypyruvate reductase
OGCOPLJJ_03825	CDS	678	rraA			Regulator of ribonuclease activity A
OGCOPLJJ_03826	CDS	183				hypothetical protein
OGCOPLJJ_03827	CDS	1092				hypothetical protein
OGCOPLJJ_03828	CDS	717				hypothetical protein
OGCOPLJJ_03829	CDS	717				hypothetical protein
OGCOPLJJ_03830	CDS	1092				hypothetical protein
OGCOPLJJ_03831	CDS	306				hypothetical protein
OGCOPLJJ_03832	CDS	1569	fadI	2.3.1.16		3-ketoacyl-CoA thiolase
OGCOPLJJ_03833	CDS	1392				hypothetical protein
OGCOPLJJ_03834	CDS	435				hypothetical protein
OGCOPLJJ_03835	CDS	390				hypothetical protein
OGCOPLJJ_03836	CDS	1173	fadA_2	2.3.1.16		3-ketoacyl-CoA thiolase
OGCOPLJJ_03837	CDS	2154	fadB			Fatty acid oxidation complex subunit alpha
OGCOPLJJ_03838	CDS	669				hypothetical protein
OGCOPLJJ_03839	CDS	576				hypothetical protein
OGCOPLJJ_03840	CDS	144				hypothetical protein
OGCOPLJJ_03841	CDS	1476	msr(E)			ABC-F type ribosomal protection protein Msr(E)
OGCOPLJJ_03842	CDS	648				hypothetical protein
OGCOPLJJ_03843	CDS	456				hypothetical protein
OGCOPLJJ_03844	CDS	273	hupB		COG0776	DNA-binding protein HU-beta
OGCOPLJJ_03845	CDS	1866	ppiD	5.2.1.8	COG0760	Peptidyl-prolyl cis-trans isomerase D
OGCOPLJJ_03846	CDS	1290				hypothetical protein
OGCOPLJJ_03847	CDS	813		3.1.1.92		4-sulfomuconolactone hydrolase
OGCOPLJJ_03848	CDS	1341	ttuB_5			Putative tartrate transporter
OGCOPLJJ_03849	CDS	975	ssuA_5			Putative aliphatic sulfonates-binding protein
OGCOPLJJ_03850	CDS	840	ssuC_6		COG0600	Putative aliphatic sulfonates transport permease protein SsuC
OGCOPLJJ_03851	CDS	816	prmC	2.1.1.297	COG2890	Release factor glutamine methyltransferase
OGCOPLJJ_03852	CDS	1089	prfA_1		COG0216	Peptide chain release factor RF1
OGCOPLJJ_03853	CDS	1842				hypothetical protein
OGCOPLJJ_03854	CDS	444				Putative universal stress protein
OGCOPLJJ_03855	CDS	1389	gdhB_2	1.1.5.2	COG2133	Quinoprotein glucose dehydrogenase B
OGCOPLJJ_03856	CDS	429	bfr_4	1.16.3.1	COG2193	Bacterioferritin
OGCOPLJJ_03857	CDS	1248	ybjJ			Inner membrane protein YbjJ
OGCOPLJJ_03858	CDS	1431	otsA	2.4.1.15	COG0380	Trehalose-6-phosphate synthase
OGCOPLJJ_03859	CDS	363				hypothetical protein
OGCOPLJJ_03860	CDS	963				hypothetical protein
OGCOPLJJ_03861	CDS	831				hypothetical protein
OGCOPLJJ_03862	CDS	1551		1.14.13.-	COG2072	Baeyer-Villiger monooxygenase
OGCOPLJJ_03863	CDS	1416	aspA_1	4.3.1.1	COG1027	Aspartate ammonia-lyase
OGCOPLJJ_03864	CDS	2208	fatA_2			Ferric-anguibactin receptor FatA
OGCOPLJJ_03865	CDS	282	ygeA_1	5.1.1.13		L-aspartate/glutamate-specific racemase
OGCOPLJJ_03866	CDS	711				hypothetical protein
OGCOPLJJ_03867	CDS	1701	pqiB_1		COG3008	Intermembrane transport protein PqiB
OGCOPLJJ_03868	CDS	807				hypothetical protein
OGCOPLJJ_03869	CDS	186				hypothetical protein
OGCOPLJJ_03870	CDS	570			COG2220	putative protein
OGCOPLJJ_03871	CDS	2157	katG_1	1.11.1.21	COG0376	Catalase-peroxidase
OGCOPLJJ_03872	CDS	1293				Tn3 family transposase TnXax1
OGCOPLJJ_03873	CDS	132				hypothetical protein
OGCOPLJJ_03874	CDS	540				hypothetical protein
OGCOPLJJ_03875	CDS	315				hypothetical protein
OGCOPLJJ_03876	CDS	336				hypothetical protein
OGCOPLJJ_03877	CDS	996	gapA_1	1.2.1.12	COG0057	Glyceraldehyde-3-phosphate dehydrogenase A
OGCOPLJJ_03878	CDS	996	gapA_2	1.2.1.12	COG0057	Glyceraldehyde-3-phosphate dehydrogenase A
OGCOPLJJ_03879	CDS	336				hypothetical protein
OGCOPLJJ_03880	CDS	315				hypothetical protein
OGCOPLJJ_03881	CDS	336	hxlR_2		COG1733	HTH-type transcriptional activator HxlR
OGCOPLJJ_03882	CDS	558	ywrO_3	1.6.99.-	COG2249	General stress protein 14
OGCOPLJJ_03883	CDS	315				hypothetical protein
OGCOPLJJ_03884	CDS	315				hypothetical protein
OGCOPLJJ_03885	CDS	558	ywrO_4	1.6.99.-	COG2249	General stress protein 14
OGCOPLJJ_03886	CDS	336	hxlR_3		COG1733	HTH-type transcriptional activator HxlR
OGCOPLJJ_03887	CDS	219				hypothetical protein
OGCOPLJJ_03888	CDS	219				hypothetical protein
OGCOPLJJ_03889	CDS	903				hypothetical protein
OGCOPLJJ_03890	CDS	312				hypothetical protein
OGCOPLJJ_03891	CDS	258				hypothetical protein
OGCOPLJJ_03892	CDS	258				hypothetical protein
OGCOPLJJ_03893	CDS	312				hypothetical protein
OGCOPLJJ_03894	CDS	903				hypothetical protein
OGCOPLJJ_03895	CDS	1722	ipdC	4.1.1.74	COG3961	Indole-3-pyruvate decarboxylase
OGCOPLJJ_03896	CDS	1380	aroP_3		COG1113	Aromatic amino acid transport protein AroP
OGCOPLJJ_03897	CDS	660	glnM		COG0765	putative glutamine ABC transporter permease protein GlnM
OGCOPLJJ_03898	CDS	666	glnP		COG0765	putative glutamine ABC transporter permease protein GlnP
OGCOPLJJ_03899	CDS	732	glnQ_2			Glutamine transport ATP-binding protein GlnQ
OGCOPLJJ_03900	CDS	861	glnH		COG0834	ABC transporter glutamine-binding protein GlnH
OGCOPLJJ_03901	CDS	174				hypothetical protein
OGCOPLJJ_03902	CDS	516				hypothetical protein
OGCOPLJJ_03903	CDS	249				hypothetical protein
OGCOPLJJ_03904	CDS	219				hypothetical protein
OGCOPLJJ_03905	CDS	336				hypothetical protein
OGCOPLJJ_03906	CDS	270				hypothetical protein
OGCOPLJJ_03907	CDS	1245	dadA	1.4.99.-	COG0665	D-amino acid dehydrogenase
OGCOPLJJ_03908	CDS	645				hypothetical protein
OGCOPLJJ_03909	CDS	483	ispF_1	4.6.1.12	COG0245	2-C-methyl-D-erythritol 2,4-cyclodiphosphate synthase
OGCOPLJJ_03910	CDS	186				hypothetical protein
OGCOPLJJ_03911	CDS	759				hypothetical protein
OGCOPLJJ_03912	CDS	297	pyrB_2	2.1.3.2	COG0540	Aspartate carbamoyltransferase
OGCOPLJJ_03913	CDS	210	pyrI			Aspartate carbamoyltransferase regulatory chain
OGCOPLJJ_03914	CDS	936	argR_2			Arginine repressor
OGCOPLJJ_03915	CDS	471				hypothetical protein
OGCOPLJJ_03916	CDS	894				hypothetical protein
OGCOPLJJ_03917	CDS	1452				hypothetical protein
OGCOPLJJ_03918	CDS	1104				hypothetical protein
OGCOPLJJ_03919	CDS	510				hypothetical protein
OGCOPLJJ_03920	CDS	759				hypothetical protein
OGCOPLJJ_03921	CDS	621				hypothetical protein
OGCOPLJJ_03922	CDS	1605	dhbF_2		COG1020	Dimodular nonribosomal peptide synthase
OGCOPLJJ_03923	CDS	1584	angR			Anguibactin system regulator
OGCOPLJJ_03924	CDS	1218				hypothetical protein
OGCOPLJJ_03925	CDS	1218				hypothetical protein
OGCOPLJJ_03926	CDS	156				hypothetical protein
OGCOPLJJ_03927	CDS	1179				hypothetical protein
OGCOPLJJ_03928	CDS	1035	pyrC	3.5.2.3	COG0418	Dihydroorotase
OGCOPLJJ_03929	CDS	663	rnt	3.1.13.-	COG0847	Ribonuclease T
OGCOPLJJ_03930	tRNA	76				tRNA-Glu(ttc)
OGCOPLJJ_03931	CDS	1368				hypothetical protein
OGCOPLJJ_03932	CDS	912	yddG		COG0697	Aromatic amino acid exporter YddG
OGCOPLJJ_03933	CDS	474	ygeA_2	5.1.1.13		L-aspartate/glutamate-specific racemase
OGCOPLJJ_03934	CDS	459				hypothetical protein
OGCOPLJJ_03935	CDS	435				hypothetical protein
OGCOPLJJ_03936	CDS	933	dmlR_16			HTH-type transcriptional regulator DmlR
OGCOPLJJ_03937	CDS	1281	sauU			putative sulfoacetate transporter SauU
OGCOPLJJ_03938	CDS	1056	tarM	2.4.1.70		Poly(ribitol-phosphate) alpha-N-acetylglucosaminyltransferase
OGCOPLJJ_03939	CDS	732				hypothetical protein
OGCOPLJJ_03940	CDS	672				hypothetical protein
OGCOPLJJ_03941	CDS	381				hypothetical protein
OGCOPLJJ_03942	CDS	1662	ettA		COG0488	Energy-dependent translational throttle protein EttA
OGCOPLJJ_03943	CDS	1611			COG1132	putative ABC transporter ATP-binding/permease protein
OGCOPLJJ_03944	CDS	1596	lagD	3.4.22.-		Lactococcin-G-processing and transport ATP-binding protein LagD
OGCOPLJJ_03945	CDS	1047				hypothetical protein
OGCOPLJJ_03946	CDS	636	gacA			Response regulator GacA
OGCOPLJJ_03947	CDS	906				hypothetical protein
OGCOPLJJ_03948	CDS	795	mshB	3.5.1.103		1D-myo-inositol 2-acetamido-2-deoxy-alpha-D-glucopyranoside deacetylase
OGCOPLJJ_03949	CDS	600	COQ3	2.1.1.222		Ubiquinone biosynthesis O-methyltransferase, mitochondrial
OGCOPLJJ_03950	CDS	645				hypothetical protein
OGCOPLJJ_03951	CDS	138				hypothetical protein
OGCOPLJJ_03952	CDS	444				hypothetical protein
OGCOPLJJ_03953	CDS	705	rsuA_1	5.4.99.19	COG1187	Ribosomal small subunit pseudouridine synthase A
OGCOPLJJ_03954	CDS	219				hypothetical protein
OGCOPLJJ_03955	CDS	219				hypothetical protein
OGCOPLJJ_03956	CDS	705	rsuA_2	5.4.99.19	COG1187	Ribosomal small subunit pseudouridine synthase A
OGCOPLJJ_03957	CDS	444				hypothetical protein
OGCOPLJJ_03958	CDS	138				hypothetical protein
OGCOPLJJ_03959	CDS	453				hypothetical protein
OGCOPLJJ_03960	CDS	921	metR			HTH-type transcriptional regulator MetR
OGCOPLJJ_03961	CDS	795				hypothetical protein
OGCOPLJJ_03962	CDS	426				hypothetical protein
OGCOPLJJ_03963	CDS	1179		3.4.21.-		Extracellular serine proteinase
OGCOPLJJ_03964	CDS	1455	bicA_2		COG0659	Bicarbonate transporter BicA
OGCOPLJJ_03965	CDS	171				hypothetical protein
OGCOPLJJ_03966	CDS	1203	sstT_1		COG3633	Serine/threonine transporter SstT
OGCOPLJJ_03967	CDS	279				hypothetical protein
OGCOPLJJ_03968	CDS	126				hypothetical protein
OGCOPLJJ_03969	CDS	390				hypothetical protein
OGCOPLJJ_03970	CDS	546				hypothetical protein
OGCOPLJJ_03971	CDS	312	rhtB_4		COG1280	Homoserine/homoserine lactone efflux protein
OGCOPLJJ_03972	CDS	546				hypothetical protein
OGCOPLJJ_03973	CDS	390				hypothetical protein
OGCOPLJJ_03974	CDS	126				hypothetical protein
OGCOPLJJ_03975	CDS	1107				hypothetical protein
OGCOPLJJ_03976	CDS	591				hypothetical protein
OGCOPLJJ_03977	CDS	462				hypothetical protein
OGCOPLJJ_03978	CDS	879				hypothetical protein
OGCOPLJJ_03979	CDS	765	yddE_2	5.1.-.-	COG0384	putative isomerase YddE
OGCOPLJJ_03980	CDS	780	fpr_2	1.18.1.2	COG1018	Ferredoxin--NADP reductase
OGCOPLJJ_03981	CDS	729	trmO	2.1.1.-	COG1720	tRNA (adenine(37)-N6)-methyltransferase
OGCOPLJJ_03982	CDS	867				hypothetical protein
OGCOPLJJ_03983	CDS	372				hypothetical protein
OGCOPLJJ_03984	CDS	1239			COG2200	putative signaling protein
OGCOPLJJ_03985	CDS	210				hypothetical protein
OGCOPLJJ_03986	CDS	318				hypothetical protein
OGCOPLJJ_03987	CDS	3078				hypothetical protein
OGCOPLJJ_03988	CDS	171				hypothetical protein
OGCOPLJJ_03989	CDS	654	yedI		COG2354	Inner membrane protein YedI
OGCOPLJJ_03990	CDS	900				hypothetical protein
OGCOPLJJ_03991	CDS	1035	ynfM_1			Inner membrane transport protein YnfM
OGCOPLJJ_03992	tRNA	76				tRNA-Thr(tgt)
OGCOPLJJ_03993	tRNA	76				tRNA-Thr(tgt)
OGCOPLJJ_03994	CDS	1035	ynfM_2			Inner membrane transport protein YnfM
OGCOPLJJ_03995	tRNA	86				tRNA-Ser(gct)
OGCOPLJJ_03996	tRNA	77				tRNA-Arg(acg)
OGCOPLJJ_03997	tRNA	77				tRNA-Arg(acg)
OGCOPLJJ_03998	CDS	351				hypothetical protein
OGCOPLJJ_03999	CDS	1719				hypothetical protein
OGCOPLJJ_04000	CDS	591				hypothetical protein
OGCOPLJJ_04001	CDS	591	yceI_1		COG2353	Protein YceI
OGCOPLJJ_04002	CDS	591	yceI_2		COG2353	Protein YceI
OGCOPLJJ_04003	CDS	591				hypothetical protein
OGCOPLJJ_04004	CDS	837	rhaS_8			HTH-type transcriptional activator RhaS
OGCOPLJJ_04005	CDS	1152	phaC_1	2.3.1.-	COG3243	Poly(3-hydroxyalkanoate) polymerase subunit PhaC
OGCOPLJJ_04006	CDS	753				hypothetical protein
OGCOPLJJ_04007	CDS	1140				hypothetical protein
OGCOPLJJ_04008	CDS	735	lipA_2	2.8.1.8	COG0320	Lipoyl synthase
OGCOPLJJ_04009	CDS	705				hypothetical protein
OGCOPLJJ_04010	CDS	759				hypothetical protein
OGCOPLJJ_04011	CDS	408	hmrR_3			HTH-type transcriptional regulator HmrR
OGCOPLJJ_04012	CDS	558	ydeN	3.-.-.-	COG3545	Putative hydrolase YdeN
OGCOPLJJ_04013	CDS	2823				hypothetical protein
OGCOPLJJ_04014	CDS	1113	oatA	2.3.1.-		O-acetyltransferase OatA
OGCOPLJJ_04015	CDS	1266	yciC		COG0523	Putative metal chaperone YciC
OGCOPLJJ_04016	CDS	504				hypothetical protein
OGCOPLJJ_04017	CDS	789				hypothetical protein
OGCOPLJJ_04018	CDS	990	tal	2.2.1.2	COG0176	Transaldolase
OGCOPLJJ_04019	CDS	651	leuE		COG1280	Leucine efflux protein
OGCOPLJJ_04020	CDS	429	lrp_6		COG1522	Leucine-responsive regulatory protein
OGCOPLJJ_04021	CDS	306				hypothetical protein
OGCOPLJJ_04022	CDS	501				hypothetical protein
OGCOPLJJ_04023	CDS	336				hypothetical protein
OGCOPLJJ_04024	CDS	315				hypothetical protein
OGCOPLJJ_04025	CDS	300				hypothetical protein
OGCOPLJJ_04026	CDS	288				hypothetical protein
OGCOPLJJ_04027	CDS	147				hypothetical protein
OGCOPLJJ_04028	CDS	165				hypothetical protein
OGCOPLJJ_04029	CDS	342				hypothetical protein
OGCOPLJJ_04030	CDS	267				hypothetical protein
OGCOPLJJ_04031	CDS	267				hypothetical protein
OGCOPLJJ_04032	CDS	342				hypothetical protein
OGCOPLJJ_04033	CDS	165				hypothetical protein
OGCOPLJJ_04034	CDS	147				hypothetical protein
OGCOPLJJ_04035	CDS	639				hypothetical protein
OGCOPLJJ_04036	CDS	1215	sotB_1			sugar efflux transporter
OGCOPLJJ_04037	CDS	447				hypothetical protein
OGCOPLJJ_04038	CDS	330				hypothetical protein
OGCOPLJJ_04039	CDS	162				hypothetical protein
OGCOPLJJ_04040	CDS	225				hypothetical protein
OGCOPLJJ_04041	CDS	633				hypothetical protein
OGCOPLJJ_04042	CDS	633				hypothetical protein
OGCOPLJJ_04043	CDS	225				hypothetical protein
OGCOPLJJ_04044	CDS	870				hypothetical protein
OGCOPLJJ_04045	CDS	420				hypothetical protein
OGCOPLJJ_04046	CDS	129				hypothetical protein
OGCOPLJJ_04047	CDS	558				hypothetical protein
OGCOPLJJ_04048	CDS	675				hypothetical protein
OGCOPLJJ_04049	CDS	675				hypothetical protein
OGCOPLJJ_04050	CDS	675				hypothetical protein
OGCOPLJJ_04051	CDS	357				hypothetical protein
OGCOPLJJ_04052	CDS	315				hypothetical protein
OGCOPLJJ_04053	CDS	288				hypothetical protein
OGCOPLJJ_04054	CDS	288				hypothetical protein
OGCOPLJJ_04055	CDS	315				hypothetical protein
OGCOPLJJ_04056	CDS	729				hypothetical protein
OGCOPLJJ_04057	CDS	1371	algC_2	5.4.2.2	COG1109	Phosphomannomutase/phosphoglucomutase
OGCOPLJJ_04058	CDS	801				hypothetical protein
OGCOPLJJ_04059	CDS	339				hypothetical protein
OGCOPLJJ_04060	CDS	402				hypothetical protein
OGCOPLJJ_04061	CDS	405				hypothetical protein
OGCOPLJJ_04062	CDS	477				hypothetical protein
OGCOPLJJ_04063	CDS	219				hypothetical protein
OGCOPLJJ_04064	CDS	1191				hypothetical protein
OGCOPLJJ_04065	CDS	855				hypothetical protein
OGCOPLJJ_04066	CDS	423				hypothetical protein
OGCOPLJJ_04067	CDS	171				hypothetical protein
OGCOPLJJ_04068	CDS	909				hypothetical protein
OGCOPLJJ_04069	CDS	936	dapA_4	4.3.3.7	COG0329	4-hydroxy-tetrahydrodipicolinate synthase
OGCOPLJJ_04070	CDS	99				hypothetical protein
OGCOPLJJ_04071	CDS	765	tatC_2			Sec-independent protein translocase protein TatC
OGCOPLJJ_04072	CDS	369				hypothetical protein
OGCOPLJJ_04073	CDS	606	tatE			Sec-independent protein translocase protein TatE
OGCOPLJJ_04074	CDS	234				hypothetical protein
OGCOPLJJ_04075	CDS	765	tatC_3			Sec-independent protein translocase protein TatC
OGCOPLJJ_04076	CDS	471				hypothetical protein
OGCOPLJJ_04077	CDS	471				hypothetical protein
OGCOPLJJ_04078	CDS	282				hypothetical protein
OGCOPLJJ_04079	CDS	282				hypothetical protein
OGCOPLJJ_04080	CDS	681				hypothetical protein
OGCOPLJJ_04081	CDS	882				hypothetical protein
OGCOPLJJ_04082	CDS	135				hypothetical protein
OGCOPLJJ_04083	CDS	135				hypothetical protein
OGCOPLJJ_04084	CDS	261				hypothetical protein
OGCOPLJJ_04085	CDS	588				hypothetical protein
OGCOPLJJ_04086	CDS	594				hypothetical protein
OGCOPLJJ_04087	CDS	261				hypothetical protein
OGCOPLJJ_04088	CDS	465				hypothetical protein
OGCOPLJJ_04089	CDS	1086	phaC_2	2.3.1.-	COG3243	Poly(3-hydroxyalkanoate) polymerase subunit PhaC
OGCOPLJJ_04090	CDS	1212	metZ	2.5.1.-	COG0626	O-succinylhomoserine sulfhydrylase
OGCOPLJJ_04091	CDS	1743	yhcR	3.1.31.-	COG0737	Endonuclease YhcR
OGCOPLJJ_04092	CDS	402				hypothetical protein
OGCOPLJJ_04093	CDS	480	rlmH_1	2.1.1.177	COG1576	Ribosomal RNA large subunit methyltransferase H
OGCOPLJJ_04094	CDS	480	rlmH_2	2.1.1.177	COG1576	Ribosomal RNA large subunit methyltransferase H
OGCOPLJJ_04095	CDS	246				hypothetical protein
OGCOPLJJ_04096	CDS	1026				hypothetical protein
OGCOPLJJ_04097	CDS	1089	ydhP_2		COG2814	Inner membrane transport protein YdhP
OGCOPLJJ_04098	CDS	1305				hypothetical protein
OGCOPLJJ_04099	CDS	933	lpxP	2.3.1.242	COG1560	Lipid A biosynthesis palmitoleoyltransferase
OGCOPLJJ_04100	CDS	882	yejK_1		COG3081	Nucleoid-associated protein YejK
OGCOPLJJ_04101	CDS	882	yejK_2		COG3081	Nucleoid-associated protein YejK
OGCOPLJJ_04102	CDS	282				hypothetical protein
OGCOPLJJ_04103	CDS	237				hypothetical protein
OGCOPLJJ_04104	CDS	1587		1.2.1.26		Alpha-ketoglutaric semialdehyde dehydrogenase
OGCOPLJJ_04105	CDS	582		4.2.1.41	COG0329	putative 5-dehydro-4-deoxyglucarate dehydratase
OGCOPLJJ_04106	CDS	360				hypothetical protein
OGCOPLJJ_04107	CDS	549				hypothetical protein
OGCOPLJJ_04108	CDS	549				hypothetical protein
OGCOPLJJ_04109	CDS	360				hypothetical protein
OGCOPLJJ_04110	CDS	870				hypothetical protein
OGCOPLJJ_04111	CDS	978				hypothetical protein
OGCOPLJJ_04112	CDS	291				hypothetical protein
OGCOPLJJ_04113	CDS	105				hypothetical protein
OGCOPLJJ_04114	CDS	879				hypothetical protein
OGCOPLJJ_04115	CDS	651				hypothetical protein
OGCOPLJJ_04116	CDS	243				hypothetical protein
OGCOPLJJ_04117	CDS	348				hypothetical protein
OGCOPLJJ_04118	CDS	597				hypothetical protein
OGCOPLJJ_04119	CDS	312				hypothetical protein
OGCOPLJJ_04120	CDS	768				hypothetical protein
OGCOPLJJ_04121	CDS	273				hypothetical protein
OGCOPLJJ_04122	CDS	846	fghA	3.1.2.12	COG0627	S-formylglutathione hydrolase
OGCOPLJJ_04123	CDS	747				hypothetical protein
OGCOPLJJ_04124	CDS	951				hypothetical protein
OGCOPLJJ_04125	CDS	297				hypothetical protein
OGCOPLJJ_04126	CDS	297				hypothetical protein
OGCOPLJJ_04127	CDS	444				Putative universal stress protein
OGCOPLJJ_04128	CDS	1584	yheS_2		COG0488	putative ABC transporter ATP-binding protein YheS
OGCOPLJJ_04129	CDS	453				hypothetical protein
OGCOPLJJ_04130	CDS	321				hypothetical protein
OGCOPLJJ_04131	CDS	384				hypothetical protein
OGCOPLJJ_04132	CDS	348				hypothetical protein
OGCOPLJJ_04133	CDS	375				hypothetical protein
OGCOPLJJ_04134	tRNA	77				tRNA-Met(cat)
OGCOPLJJ_04135	CDS	1263	xseA	3.1.11.6	COG1570	Exodeoxyribonuclease 7 large subunit
OGCOPLJJ_04136	CDS	195				hypothetical protein
OGCOPLJJ_04137	CDS	225				hypothetical protein
OGCOPLJJ_04138	CDS	129				hypothetical protein
OGCOPLJJ_04139	CDS	183	queH_1	1.17.99.6	COG1636	Epoxyqueuosine reductase QueH
OGCOPLJJ_04140	CDS	459				hypothetical protein
OGCOPLJJ_04141	CDS	1158				hypothetical protein
OGCOPLJJ_04142	CDS	177				hypothetical protein
OGCOPLJJ_04143	CDS	1038				hypothetical protein
OGCOPLJJ_04144	CDS	558				hypothetical protein
OGCOPLJJ_04145	CDS	417				hypothetical protein
OGCOPLJJ_04146	CDS	270				hypothetical protein
OGCOPLJJ_04147	CDS	561				hypothetical protein
OGCOPLJJ_04148	CDS	795				hypothetical protein
OGCOPLJJ_04149	CDS	243				hypothetical protein
OGCOPLJJ_04150	CDS	363				hypothetical protein
OGCOPLJJ_04151	CDS	117				hypothetical protein
OGCOPLJJ_04152	CDS	1005	rhaR			HTH-type transcriptional activator RhaR
OGCOPLJJ_04153	CDS	612	rclR		COG2207	RCS-specific HTH-type transcriptional activator RclR
OGCOPLJJ_04154	CDS	246				hypothetical protein
OGCOPLJJ_04155	CDS	504				hypothetical protein
OGCOPLJJ_04156	CDS	813				hypothetical protein
OGCOPLJJ_04157	CDS	849				hypothetical protein
OGCOPLJJ_04158	CDS	1086	hisC_2	2.6.1.9		Histidinol-phosphate aminotransferase
OGCOPLJJ_04159	CDS	276				hypothetical protein
OGCOPLJJ_04160	CDS	630				hypothetical protein
OGCOPLJJ_04161	CDS	267				hypothetical protein
OGCOPLJJ_04162	CDS	948				hypothetical protein
OGCOPLJJ_04163	CDS	561				hypothetical protein
OGCOPLJJ_04164	CDS	471				hypothetical protein
OGCOPLJJ_04165	CDS	642				hypothetical protein
OGCOPLJJ_04166	CDS	429				hypothetical protein
OGCOPLJJ_04167	CDS	1395	tcyP		COG1823	L-cystine uptake protein TcyP
OGCOPLJJ_04168	CDS	816	yddE_3	5.1.-.-	COG0384	putative isomerase YddE
OGCOPLJJ_04169	CDS	375				hypothetical protein
OGCOPLJJ_04170	CDS	729				hypothetical protein
OGCOPLJJ_04171	CDS	498				hypothetical protein
OGCOPLJJ_04172	CDS	1161	citN		COG2851	Citrate transporter
OGCOPLJJ_04173	CDS	513				hypothetical protein
OGCOPLJJ_04174	CDS	375				hypothetical protein
OGCOPLJJ_04175	CDS	201				hypothetical protein
OGCOPLJJ_04176	CDS	1173				hypothetical protein
OGCOPLJJ_04177	CDS	420				hypothetical protein
OGCOPLJJ_04178	CDS	846				hypothetical protein
OGCOPLJJ_04179	CDS	690				hypothetical protein
OGCOPLJJ_04180	CDS	285				hypothetical protein
OGCOPLJJ_04181	CDS	255				hypothetical protein
OGCOPLJJ_04182	CDS	495				hypothetical protein
OGCOPLJJ_04183	CDS	303				hypothetical protein
OGCOPLJJ_04184	CDS	207				hypothetical protein
OGCOPLJJ_04185	CDS	207				hypothetical protein
OGCOPLJJ_04186	CDS	303				hypothetical protein
OGCOPLJJ_04187	CDS	1071				hypothetical protein
OGCOPLJJ_04188	CDS	1071				hypothetical protein
OGCOPLJJ_04189	CDS	309				hypothetical protein
OGCOPLJJ_04190	CDS	282				hypothetical protein
OGCOPLJJ_04191	CDS	279				hypothetical protein
OGCOPLJJ_04192	CDS	231				hypothetical protein
OGCOPLJJ_04193	CDS	282				hypothetical protein
OGCOPLJJ_04194	CDS	591				hypothetical protein
OGCOPLJJ_04195	CDS	642	ycaC_4	4.-.-.-	COG1335	putative hydrolase YcaC
OGCOPLJJ_04196	CDS	450				hypothetical protein
OGCOPLJJ_04197	CDS	642	ycaC_5	4.-.-.-	COG1335	putative hydrolase YcaC
OGCOPLJJ_04198	CDS	438				hypothetical protein
OGCOPLJJ_04199	CDS	309				hypothetical protein
OGCOPLJJ_04200	CDS	660				hypothetical protein
OGCOPLJJ_04201	CDS	366				hypothetical protein
OGCOPLJJ_04202	CDS	447				hypothetical protein
OGCOPLJJ_04203	CDS	1257	pncB	6.3.4.21		Nicotinate phosphoribosyltransferase
OGCOPLJJ_04204	CDS	558				hypothetical protein
OGCOPLJJ_04205	CDS	729	queH_2	1.17.99.6	COG1636	Epoxyqueuosine reductase QueH
OGCOPLJJ_04206	CDS	603	queH_3	1.17.99.6	COG1636	Epoxyqueuosine reductase QueH
OGCOPLJJ_04207	CDS	1143	uctC_2	2.8.3.19		Acetyl-CoA:oxalate CoA-transferase
OGCOPLJJ_04208	CDS	1143	uctC_3	2.8.3.19		Acetyl-CoA:oxalate CoA-transferase
OGCOPLJJ_04209	CDS	474				hypothetical protein
OGCOPLJJ_04210	CDS	474				hypothetical protein
OGCOPLJJ_04211	CDS	648				hypothetical protein
OGCOPLJJ_04212	CDS	1299	dctA_4			C4-dicarboxylate transport protein
OGCOPLJJ_04213	CDS	204				hypothetical protein
OGCOPLJJ_04214	CDS	207				hypothetical protein
OGCOPLJJ_04215	CDS	300				hypothetical protein
OGCOPLJJ_04216	CDS	507				hypothetical protein
OGCOPLJJ_04217	CDS	714	nqrF_1	7.2.1.1		Na(+)-translocating NADH-quinone reductase subunit F
OGCOPLJJ_04218	CDS	945				hypothetical protein
OGCOPLJJ_04219	CDS	597				hypothetical protein
OGCOPLJJ_04220	CDS	570				hypothetical protein
OGCOPLJJ_04221	CDS	216				hypothetical protein
OGCOPLJJ_04222	CDS	288	rplY_2		COG1825	50S ribosomal protein L25
OGCOPLJJ_04223	CDS	426				hypothetical protein
OGCOPLJJ_04224	CDS	216				hypothetical protein
OGCOPLJJ_04225	CDS	111	tufB_2		COG0050	Elongation factor Tu 2
OGCOPLJJ_04226	CDS	882				hypothetical protein
OGCOPLJJ_04227	CDS	876				hypothetical protein
OGCOPLJJ_04228	CDS	669		2.1.1.6	COG4122	Catechol O-methyltransferase
OGCOPLJJ_04229	CDS	702				hypothetical protein
OGCOPLJJ_04230	CDS	324			COG1146	Ferredoxin 1
OGCOPLJJ_04231	CDS	231				hypothetical protein
OGCOPLJJ_04232	CDS	438				hypothetical protein
OGCOPLJJ_04233	CDS	1029				hypothetical protein
OGCOPLJJ_04234	CDS	1056	aroF_3	2.5.1.54	COG0722	Phospho-2-dehydro-3-deoxyheptonate aldolase, Tyr-sensitive
OGCOPLJJ_04235	CDS	390				hypothetical protein
OGCOPLJJ_04236	CDS	195	clpS_3		COG2127	ATP-dependent Clp protease adapter protein ClpS
OGCOPLJJ_04237	CDS	186				hypothetical protein
OGCOPLJJ_04238	CDS	672				hypothetical protein
OGCOPLJJ_04239	CDS	360				hypothetical protein
OGCOPLJJ_04240	CDS	1458				hypothetical protein
OGCOPLJJ_04241	CDS	246				hypothetical protein
OGCOPLJJ_04242	CDS	444				hypothetical protein
OGCOPLJJ_04243	CDS	735				hypothetical protein
OGCOPLJJ_04244	CDS	429				hypothetical protein
OGCOPLJJ_04245	CDS	402				hypothetical protein
OGCOPLJJ_04246	CDS	1935	pfeA		COG4771	Ferric enterobactin receptor
OGCOPLJJ_04247	CDS	579	rnb_1	3.1.13.1		Exoribonuclease 2
OGCOPLJJ_04248	CDS	276	rnb_2	3.1.13.1	COG4776	Exoribonuclease 2
OGCOPLJJ_04249	CDS	264				hypothetical protein
OGCOPLJJ_04250	CDS	264				hypothetical protein
OGCOPLJJ_04251	CDS	276	rnb_3	3.1.13.1	COG4776	Exoribonuclease 2
OGCOPLJJ_04252	CDS	579	rnb_4	3.1.13.1		Exoribonuclease 2
OGCOPLJJ_04253	CDS	921	hcaR_2			Hca operon transcriptional activator HcaR
OGCOPLJJ_04254	CDS	888				hypothetical protein
OGCOPLJJ_04255	CDS	432				hypothetical protein
OGCOPLJJ_04256	CDS	522				hypothetical protein
OGCOPLJJ_04257	CDS	522				hypothetical protein
OGCOPLJJ_04258	CDS	432				hypothetical protein
OGCOPLJJ_04259	CDS	648				hypothetical protein
OGCOPLJJ_04260	CDS	1017				hypothetical protein
OGCOPLJJ_04261	CDS	1413	infB_2			Translation initiation factor IF-2
OGCOPLJJ_04262	CDS	1599		3.1.1.102		Mono(2-hydroxyethyl) terephthalate hydrolase
OGCOPLJJ_04263	CDS	333				hypothetical protein
OGCOPLJJ_04264	CDS	600	lpxL_2	2.3.1.241		Lipid A biosynthesis lauroyltransferase
OGCOPLJJ_04265	CDS	1329	comEC		COG0658	ComE operon protein 3
OGCOPLJJ_04266	CDS	888				hypothetical protein
OGCOPLJJ_04267	CDS	606				hypothetical protein
OGCOPLJJ_04268	CDS	186				hypothetical protein
OGCOPLJJ_04269	CDS	246				hypothetical protein
OGCOPLJJ_04270	CDS	246				hypothetical protein
OGCOPLJJ_04271	CDS	615				hypothetical protein
OGCOPLJJ_04272	CDS	525	purR			HTH-type transcriptional repressor PurR
OGCOPLJJ_04273	CDS	570				hypothetical protein
OGCOPLJJ_04274	CDS	570				hypothetical protein
OGCOPLJJ_04275	CDS	1029				hypothetical protein
OGCOPLJJ_04276	CDS	1029				hypothetical protein
OGCOPLJJ_04277	CDS	519				hypothetical protein
OGCOPLJJ_04278	CDS	444				hypothetical protein
OGCOPLJJ_04279	CDS	600				hypothetical protein
OGCOPLJJ_04280	CDS	321	acs	6.2.1.1		Acetyl-coenzyme A synthetase
OGCOPLJJ_04281	CDS	159				hypothetical protein
OGCOPLJJ_04282	CDS	459				hypothetical protein
OGCOPLJJ_04283	CDS	459				hypothetical protein
OGCOPLJJ_04284	CDS	159				hypothetical protein
OGCOPLJJ_04285	CDS	1095	mscK		COG3264	Mechanosensitive channel MscK
OGCOPLJJ_04286	CDS	333				hypothetical protein
OGCOPLJJ_04287	CDS	255				hypothetical protein
OGCOPLJJ_04288	CDS	372				hypothetical protein
OGCOPLJJ_04289	CDS	174				hypothetical protein
OGCOPLJJ_04290	CDS	1344				hypothetical protein
OGCOPLJJ_04291	CDS	564				hypothetical protein
OGCOPLJJ_04292	CDS	1449				hypothetical protein
OGCOPLJJ_04293	CDS	1065				hypothetical protein
OGCOPLJJ_04294	CDS	528				hypothetical protein
OGCOPLJJ_04295	CDS	960				hypothetical protein
OGCOPLJJ_04296	CDS	678				hypothetical protein
OGCOPLJJ_04297	CDS	816				hypothetical protein
OGCOPLJJ_04298	CDS	1359				hypothetical protein
OGCOPLJJ_04299	CDS	663				hypothetical protein
OGCOPLJJ_04300	CDS	1449	rpoN		COG1508	RNA polymerase sigma-54 factor
OGCOPLJJ_04301	CDS	246				hypothetical protein
OGCOPLJJ_04302	CDS	243				hypothetical protein
OGCOPLJJ_04303	CDS	438				hypothetical protein
OGCOPLJJ_04304	CDS	723	trpS2_1	6.1.1.2	COG0180	Tryptophan--tRNA ligase 2
OGCOPLJJ_04305	CDS	723	trpS2_2	6.1.1.2	COG0180	Tryptophan--tRNA ligase 2
OGCOPLJJ_04306	CDS	588				hypothetical protein
OGCOPLJJ_04307	CDS	255				hypothetical protein
OGCOPLJJ_04308	CDS	609				hypothetical protein
OGCOPLJJ_04309	CDS	237				hypothetical protein
OGCOPLJJ_04310	CDS	372				hypothetical protein
OGCOPLJJ_04311	CDS	528	mdtB_1			Multidrug resistance protein MdtB
OGCOPLJJ_04312	CDS	216				hypothetical protein
OGCOPLJJ_04313	CDS	882	pcpR_4			PCP degradation transcriptional activation protein
OGCOPLJJ_04314	CDS	1275	clsC_2	2.7.8.-	COG1502	Cardiolipin synthase C
OGCOPLJJ_04315	CDS	588				hypothetical protein
OGCOPLJJ_04316	CDS	1053	dgcN	2.7.7.65	COG2199	Diguanylate cyclase DgcN
OGCOPLJJ_04317	CDS	504				hypothetical protein
OGCOPLJJ_04318	CDS	630				hypothetical protein
OGCOPLJJ_04319	CDS	312				hypothetical protein
OGCOPLJJ_04320	CDS	927				hypothetical protein
OGCOPLJJ_04321	CDS	186				hypothetical protein
OGCOPLJJ_04322	CDS	249				hypothetical protein
OGCOPLJJ_04323	CDS	1167	metK	2.5.1.6	COG0192	S-adenosylmethionine synthase
OGCOPLJJ_04324	CDS	249				hypothetical protein
OGCOPLJJ_04325	CDS	186				hypothetical protein
OGCOPLJJ_04326	CDS	222				hypothetical protein
OGCOPLJJ_04327	CDS	318				hypothetical protein
OGCOPLJJ_04328	CDS	222				hypothetical protein
OGCOPLJJ_04329	CDS	312				hypothetical protein
OGCOPLJJ_04330	CDS	276				hypothetical protein
OGCOPLJJ_04331	CDS	1074				hypothetical protein
OGCOPLJJ_04332	CDS	684	prtR_1		COG2932	HTH-type transcriptional regulator PrtR
OGCOPLJJ_04333	CDS	684	prtR_2		COG2932	HTH-type transcriptional regulator PrtR
OGCOPLJJ_04334	CDS	819				hypothetical protein
OGCOPLJJ_04335	CDS	153				hypothetical protein
OGCOPLJJ_04336	CDS	903	dmlR_17			HTH-type transcriptional regulator DmlR
OGCOPLJJ_04337	CDS	795	map_2	3.4.11.18	COG0024	Methionine aminopeptidase
OGCOPLJJ_04338	CDS	345				hypothetical protein
OGCOPLJJ_04339	CDS	243				hypothetical protein
OGCOPLJJ_04340	CDS	240				hypothetical protein
OGCOPLJJ_04341	CDS	207	thrB_2	2.7.1.39	COG0083	Homoserine kinase
OGCOPLJJ_04342	CDS	444	thrA		COG0460	Bifunctional aspartokinase/homoserine dehydrogenase 1
OGCOPLJJ_04343	CDS	711				hypothetical protein
OGCOPLJJ_04344	CDS	228				hypothetical protein
OGCOPLJJ_04345	CDS	456				hypothetical protein
OGCOPLJJ_04346	CDS	192				hypothetical protein
OGCOPLJJ_04347	CDS	192				hypothetical protein
OGCOPLJJ_04348	CDS	456				hypothetical protein
OGCOPLJJ_04349	CDS	1497				hypothetical protein
OGCOPLJJ_04350	CDS	288				hypothetical protein
OGCOPLJJ_04351	CDS	174				hypothetical protein
OGCOPLJJ_04352	CDS	612				hypothetical protein
OGCOPLJJ_04353	CDS	195				hypothetical protein
OGCOPLJJ_04354	CDS	378				hypothetical protein
OGCOPLJJ_04355	CDS	330				hypothetical protein
OGCOPLJJ_04356	CDS	255				hypothetical protein
OGCOPLJJ_04357	CDS	672				hypothetical protein
OGCOPLJJ_04358	CDS	291				hypothetical protein
OGCOPLJJ_04359	CDS	318				hypothetical protein
OGCOPLJJ_04360	tRNA	76				tRNA-Asn(gtt)
OGCOPLJJ_04361	CDS	612			COG3039	IS5 family transposase ISAha3
OGCOPLJJ_04362	CDS	138				hypothetical protein
OGCOPLJJ_04363	CDS	330				hypothetical protein
OGCOPLJJ_04364	CDS	249	hdfR_5			HTH-type transcriptional regulator HdfR
OGCOPLJJ_04365	CDS	741				hypothetical protein
OGCOPLJJ_04366	CDS	588				hypothetical protein
OGCOPLJJ_04367	CDS	399	fabH1	2.3.1.180	COG0332	3-oxoacyl-[acyl-carrier-protein] synthase 3 protein 1
OGCOPLJJ_04368	CDS	534				hypothetical protein
OGCOPLJJ_04369	CDS	273				hypothetical protein
OGCOPLJJ_04370	CDS	585				hypothetical protein
OGCOPLJJ_04371	CDS	912				hypothetical protein
OGCOPLJJ_04372	CDS	849				hypothetical protein
OGCOPLJJ_04373	CDS	1215				hypothetical protein
OGCOPLJJ_04374	CDS	564				hypothetical protein
OGCOPLJJ_04375	CDS	564				hypothetical protein
OGCOPLJJ_04376	CDS	330				hypothetical protein
OGCOPLJJ_04377	CDS	1218				hypothetical protein
OGCOPLJJ_04378	CDS	675				hypothetical protein
OGCOPLJJ_04379	CDS	612				hypothetical protein
OGCOPLJJ_04380	CDS	432				hypothetical protein
OGCOPLJJ_04381	CDS	579				hypothetical protein
OGCOPLJJ_04382	CDS	336				hypothetical protein
OGCOPLJJ_04383	CDS	504	coaBC_2		COG0452	Coenzyme A biosynthesis bifunctional protein CoaBC
OGCOPLJJ_04384	CDS	216				hypothetical protein
OGCOPLJJ_04385	CDS	423	yhfA_1		COG1765	Protein YhfA
OGCOPLJJ_04386	CDS	426	phnO	2.3.1.280		Aminoalkylphosphonate N-acetyltransferase
OGCOPLJJ_04387	CDS	174	mepM	3.4.24.-	COG0739	Murein DD-endopeptidase MepM
OGCOPLJJ_04388	CDS	522				hypothetical protein
OGCOPLJJ_04389	CDS	276				hypothetical protein
OGCOPLJJ_04390	CDS	867				hypothetical protein
OGCOPLJJ_04391	CDS	402				hypothetical protein
OGCOPLJJ_04392	CDS	456	mnmC_2	2.1.1.61		tRNA 5-methylaminomethyl-2-thiouridine biosynthesis bifunctional protein MnmC
OGCOPLJJ_04393	CDS	588				hypothetical protein
OGCOPLJJ_04394	CDS	258				hypothetical protein
OGCOPLJJ_04395	CDS	858	gspF		COG1459	Putative type II secretion system protein F
OGCOPLJJ_04396	CDS	279				hypothetical protein
OGCOPLJJ_04397	CDS	234				hypothetical protein
OGCOPLJJ_04398	CDS	1305	kdpB_2	7.2.2.6		Potassium-transporting ATPase ATP-binding subunit
OGCOPLJJ_04399	CDS	204				hypothetical protein
OGCOPLJJ_04400	CDS	699	hemB_2	4.2.1.24	COG0113	Delta-aminolevulinic acid dehydratase
OGCOPLJJ_04401	CDS	741				hypothetical protein
OGCOPLJJ_04402	CDS	597				hypothetical protein
OGCOPLJJ_04403	CDS	1233				hypothetical protein
OGCOPLJJ_04404	CDS	258	moaA_2			GTP 3',8-cyclase
OGCOPLJJ_04405	CDS	258	moaA_3			GTP 3',8-cyclase
OGCOPLJJ_04406	CDS	153				hypothetical protein
OGCOPLJJ_04407	CDS	153				hypothetical protein
OGCOPLJJ_04408	CDS	750	etfB			Electron transfer flavoprotein subunit beta
OGCOPLJJ_04409	CDS	333				hypothetical protein
OGCOPLJJ_04410	CDS	327	yfhM		COG2373	Alpha-2-macroglobulin
OGCOPLJJ_04411	CDS	867				hypothetical protein
OGCOPLJJ_04412	CDS	1347	nrtP		COG2223	Nitrate/nitrite transporter NrtP
OGCOPLJJ_04413	CDS	969				hypothetical protein
OGCOPLJJ_04414	CDS	384	pikAV_1	3.1.2.-		Thioesterase PikA5
OGCOPLJJ_04415	CDS	441				hypothetical protein
OGCOPLJJ_04416	CDS	441				hypothetical protein
OGCOPLJJ_04417	CDS	384	pikAV_2	3.1.2.-		Thioesterase PikA5
OGCOPLJJ_04418	CDS	426				hypothetical protein
OGCOPLJJ_04419	CDS	264				hypothetical protein
OGCOPLJJ_04420	CDS	657				hypothetical protein
OGCOPLJJ_04421	CDS	1080	rpoD_2		COG0568	RNA polymerase sigma factor RpoD
OGCOPLJJ_04422	CDS	288				hypothetical protein
OGCOPLJJ_04423	CDS	468				hypothetical protein
OGCOPLJJ_04424	CDS	264				hypothetical protein
OGCOPLJJ_04425	CDS	333				hypothetical protein
OGCOPLJJ_04426	CDS	1125	rnd_2	3.1.13.5	COG0349	Ribonuclease D
OGCOPLJJ_04427	CDS	1050				hypothetical protein
OGCOPLJJ_04428	CDS	432				hypothetical protein
OGCOPLJJ_04429	CDS	549				hypothetical protein
OGCOPLJJ_04430	CDS	246				hypothetical protein
OGCOPLJJ_04431	CDS	549				hypothetical protein
OGCOPLJJ_04432	tRNA	77				tRNA-Met(cat)
OGCOPLJJ_04433	CDS	864				hypothetical protein
OGCOPLJJ_04434	CDS	657				hypothetical protein
OGCOPLJJ_04435	CDS	549				hypothetical protein
OGCOPLJJ_04436	CDS	534				hypothetical protein
OGCOPLJJ_04437	CDS	186				hypothetical protein
OGCOPLJJ_04438	CDS	438	fadR		COG2186	Fatty acid metabolism regulator protein
OGCOPLJJ_04439	CDS	288				hypothetical protein
OGCOPLJJ_04440	CDS	702				hypothetical protein
OGCOPLJJ_04441	CDS	225				hypothetical protein
OGCOPLJJ_04442	CDS	342				hypothetical protein
OGCOPLJJ_04443	CDS	342				hypothetical protein
OGCOPLJJ_04444	CDS	705				hypothetical protein
OGCOPLJJ_04445	CDS	141				hypothetical protein
OGCOPLJJ_04446	CDS	750				hypothetical protein
OGCOPLJJ_04447	CDS	450				hypothetical protein
OGCOPLJJ_04448	CDS	513	lacZ_1	3.2.1.23		Beta-galactosidase
OGCOPLJJ_04449	CDS	192				hypothetical protein
OGCOPLJJ_04450	CDS	345	ebgA	3.2.1.23	COG3250	Evolved beta-galactosidase subunit alpha
OGCOPLJJ_04451	CDS	387				hypothetical protein
OGCOPLJJ_04452	CDS	1164				hypothetical protein
OGCOPLJJ_04453	CDS	336				hypothetical protein
OGCOPLJJ_04454	CDS	510				hypothetical protein
OGCOPLJJ_04455	CDS	249				hypothetical protein
OGCOPLJJ_04456	CDS	180				hypothetical protein
OGCOPLJJ_04457	CDS	378				hypothetical protein
OGCOPLJJ_04458	CDS	411	ccoP1			Cbb3-type cytochrome c oxidase subunit CcoP1
OGCOPLJJ_04459	CDS	1380				hypothetical protein
OGCOPLJJ_04460	CDS	852	bmrU	2.7.1.-	COG1597	Putative lipid kinase BmrU
OGCOPLJJ_04461	CDS	759	cpdA_4	3.1.4.53		3',5'-cyclic adenosine monophosphate phosphodiesterase CpdA
OGCOPLJJ_04462	CDS	1026				hypothetical protein
OGCOPLJJ_04463	CDS	813				hypothetical protein
OGCOPLJJ_04464	CDS	366				hypothetical protein
OGCOPLJJ_04465	CDS	426				hypothetical protein
OGCOPLJJ_04466	CDS	507				hypothetical protein
OGCOPLJJ_04467	CDS	624				hypothetical protein
OGCOPLJJ_04468	CDS	843				hypothetical protein
OGCOPLJJ_04469	CDS	633				hypothetical protein
OGCOPLJJ_04470	CDS	372				hypothetical protein
OGCOPLJJ_04471	CDS	168				hypothetical protein
OGCOPLJJ_04472	CDS	471				hypothetical protein
OGCOPLJJ_04473	CDS	303				hypothetical protein
OGCOPLJJ_04474	CDS	177				hypothetical protein
OGCOPLJJ_04475	CDS	174				hypothetical protein
OGCOPLJJ_04476	CDS	393	pal_3			Peptidoglycan-associated lipoprotein
OGCOPLJJ_04477	CDS	162				hypothetical protein
OGCOPLJJ_04478	CDS	402				hypothetical protein
OGCOPLJJ_04479	CDS	303				hypothetical protein
OGCOPLJJ_04480	CDS	438				hypothetical protein
OGCOPLJJ_04481	CDS	498	zapE_3			Cell division protein ZapE
OGCOPLJJ_04482	CDS	429				hypothetical protein
OGCOPLJJ_04483	CDS	144				hypothetical protein
OGCOPLJJ_04484	CDS	309	yhcB		COG3105	Inner membrane protein YhcB
OGCOPLJJ_04485	CDS	555				hypothetical protein
OGCOPLJJ_04486	CDS	264	rplK_2		COG0080	50S ribosomal protein L11
OGCOPLJJ_04487	CDS	552	nusG_2		COG0250	Transcription termination/antitermination protein NusG
OGCOPLJJ_04488	CDS	294				hypothetical protein
OGCOPLJJ_04489	CDS	315				hypothetical protein
OGCOPLJJ_04490	CDS	429				hypothetical protein
OGCOPLJJ_04491	CDS	267				hypothetical protein
OGCOPLJJ_04492	CDS	222				hypothetical protein
OGCOPLJJ_04493	CDS	993				hypothetical protein
OGCOPLJJ_04494	CDS	624				hypothetical protein
OGCOPLJJ_04495	CDS	624				hypothetical protein
OGCOPLJJ_04496	CDS	450				hypothetical protein
OGCOPLJJ_04497	CDS	273				hypothetical protein
OGCOPLJJ_04498	CDS	258				hypothetical protein
OGCOPLJJ_04499	CDS	321				hypothetical protein
OGCOPLJJ_04500	CDS	684				hypothetical protein
OGCOPLJJ_04501	CDS	552				hypothetical protein
OGCOPLJJ_04502	CDS	372				hypothetical protein
OGCOPLJJ_04503	CDS	516				hypothetical protein
OGCOPLJJ_04504	CDS	696		1.17.1.9		Formate dehydrogenase, mitochondrial
OGCOPLJJ_04505	CDS	603	rpiA_3	5.3.1.6		Ribose-5-phosphate isomerase A
OGCOPLJJ_04506	CDS	630				hypothetical protein
OGCOPLJJ_04507	CDS	504				hypothetical protein
OGCOPLJJ_04508	CDS	282				hypothetical protein
OGCOPLJJ_04509	CDS	198				hypothetical protein
OGCOPLJJ_04510	CDS	276				hypothetical protein
OGCOPLJJ_04511	CDS	678				hypothetical protein
OGCOPLJJ_04512	CDS	249				hypothetical protein
OGCOPLJJ_04513	CDS	372				hypothetical protein
OGCOPLJJ_04514	CDS	339				hypothetical protein
OGCOPLJJ_04515	CDS	447				hypothetical protein
OGCOPLJJ_04516	CDS	651	exaE			Transcriptional activator protein ExaE
OGCOPLJJ_04517	CDS	768				hypothetical protein
OGCOPLJJ_04518	CDS	483				hypothetical protein
OGCOPLJJ_04519	CDS	600	yfcG_2	1.8.4.-	COG0625	Disulfide-bond oxidoreductase YfcG
OGCOPLJJ_04520	CDS	282				hypothetical protein
OGCOPLJJ_04521	CDS	930				hypothetical protein
OGCOPLJJ_04522	CDS	621				hypothetical protein
OGCOPLJJ_04523	CDS	315				hypothetical protein
OGCOPLJJ_04524	CDS	198				hypothetical protein
OGCOPLJJ_04525	CDS	573	gph_2	3.1.3.18		Phosphoglycolate phosphatase
OGCOPLJJ_04526	CDS	357	yceF_2	3.6.1.-	COG0424	7-methyl-GTP pyrophosphatase
OGCOPLJJ_04527	CDS	1182				hypothetical protein
OGCOPLJJ_04528	CDS	891				hypothetical protein
OGCOPLJJ_04529	CDS	693				hypothetical protein
OGCOPLJJ_04530	CDS	192				hypothetical protein
OGCOPLJJ_04531	CDS	993				hypothetical protein
OGCOPLJJ_04532	CDS	414				hypothetical protein
OGCOPLJJ_04533	CDS	246				hypothetical protein
OGCOPLJJ_04534	CDS	228				hypothetical protein
OGCOPLJJ_04535	CDS	276				hypothetical protein
OGCOPLJJ_04536	CDS	225				hypothetical protein
OGCOPLJJ_04537	CDS	321				hypothetical protein
OGCOPLJJ_04538	CDS	531				hypothetical protein
OGCOPLJJ_04539	CDS	222				hypothetical protein
OGCOPLJJ_04540	CDS	357				hypothetical protein
OGCOPLJJ_04541	CDS	603				hypothetical protein
OGCOPLJJ_04542	CDS	618				hypothetical protein
OGCOPLJJ_04543	CDS	432				hypothetical protein
OGCOPLJJ_04544	CDS	213				hypothetical protein
OGCOPLJJ_04545	CDS	246				hypothetical protein
OGCOPLJJ_04546	CDS	390				hypothetical protein
OGCOPLJJ_04547	CDS	264				hypothetical protein
OGCOPLJJ_04548	CDS	750				hypothetical protein
OGCOPLJJ_04549	CDS	198				hypothetical protein
OGCOPLJJ_04550	CDS	582				hypothetical protein
OGCOPLJJ_04551	CDS	252				hypothetical protein
OGCOPLJJ_04552	CDS	186				hypothetical protein
OGCOPLJJ_04553	CDS	423				hypothetical protein
OGCOPLJJ_04554	CDS	309				hypothetical protein
OGCOPLJJ_04555	CDS	579				hypothetical protein
OGCOPLJJ_04556	CDS	318				hypothetical protein
OGCOPLJJ_04557	CDS	912	gltR_2		COG0583	HTH-type transcriptional regulator GltR
OGCOPLJJ_04558	CDS	441				hypothetical protein
OGCOPLJJ_04559	CDS	261				hypothetical protein
OGCOPLJJ_04560	CDS	591				hypothetical protein
OGCOPLJJ_04561	CDS	588				hypothetical protein
OGCOPLJJ_04562	CDS	444				hypothetical protein
OGCOPLJJ_04563	CDS	681				hypothetical protein
OGCOPLJJ_04564	CDS	1035	purC_2	6.3.2.6		Phosphoribosylaminoimidazole-succinocarboxamide synthase
OGCOPLJJ_04565	CDS	393	rlmG	2.1.1.174		Ribosomal RNA large subunit methyltransferase G
OGCOPLJJ_04566	CDS	315				hypothetical protein
OGCOPLJJ_04567	CDS	564				hypothetical protein
OGCOPLJJ_04568	CDS	399				hypothetical protein
OGCOPLJJ_04569	CDS	900	mdtB_2			Multidrug resistance protein MdtB
OGCOPLJJ_04570	CDS	225				hypothetical protein
OGCOPLJJ_04571	CDS	498				hypothetical protein
OGCOPLJJ_04572	CDS	495				hypothetical protein
OGCOPLJJ_04573	CDS	240				hypothetical protein
OGCOPLJJ_04574	CDS	1227				hypothetical protein
OGCOPLJJ_04575	CDS	243	ileS_2	6.1.1.5	COG0060	Isoleucine--tRNA ligase
OGCOPLJJ_04576	CDS	261				hypothetical protein
OGCOPLJJ_04577	CDS	393				hypothetical protein
OGCOPLJJ_04578	CDS	207				hypothetical protein
OGCOPLJJ_04579	CDS	942	pckA	4.1.1.49		Phosphoenolpyruvate carboxykinase (ATP)
OGCOPLJJ_04580	CDS	543				hypothetical protein
OGCOPLJJ_04581	CDS	291				hypothetical protein
OGCOPLJJ_04582	CDS	543	pdxJ_2	2.6.99.2		Pyridoxine 5'-phosphate synthase
OGCOPLJJ_04583	CDS	474	gatY	4.1.2.40		D-tagatose-1,6-bisphosphate aldolase subunit GatY
OGCOPLJJ_04584	CDS	120				hypothetical protein
OGCOPLJJ_04585	CDS	339	hns			DNA-binding protein H-NS
OGCOPLJJ_04586	CDS	459				hypothetical protein
OGCOPLJJ_04587	CDS	615				hypothetical protein
OGCOPLJJ_04588	CDS	954	selO_2	2.7.7.-		Protein adenylyltransferase SelO
OGCOPLJJ_04589	CDS	240				hypothetical protein
OGCOPLJJ_04590	CDS	300				hypothetical protein
OGCOPLJJ_04591	CDS	1056				hypothetical protein
OGCOPLJJ_04592	CDS	1257	deoD	2.4.2.1		Purine nucleoside phosphorylase DeoD-type
OGCOPLJJ_04593	CDS	333				hypothetical protein
OGCOPLJJ_04594	CDS	855				hypothetical protein
OGCOPLJJ_04595	CDS	1179				hypothetical protein
OGCOPLJJ_04596	CDS	177				hypothetical protein
OGCOPLJJ_04597	CDS	450				hypothetical protein
OGCOPLJJ_04598	CDS	450				hypothetical protein
OGCOPLJJ_04599	CDS	630	gmk_2	2.7.4.8	COG0194	Guanylate kinase
OGCOPLJJ_04600	CDS	543				hypothetical protein
OGCOPLJJ_04601	CDS	552				hypothetical protein
OGCOPLJJ_04602	CDS	315				hypothetical protein
OGCOPLJJ_04603	CDS	651				hypothetical protein
OGCOPLJJ_04604	CDS	1131				hypothetical protein
OGCOPLJJ_04605	CDS	759				hypothetical protein
OGCOPLJJ_04606	CDS	198				hypothetical protein
OGCOPLJJ_04607	CDS	951				hypothetical protein
OGCOPLJJ_04608	CDS	543				hypothetical protein
OGCOPLJJ_04609	CDS	723	yhhW_2	1.13.11.24	COG1741	Quercetin 2,3-dioxygenase
OGCOPLJJ_04610	CDS	465				hypothetical protein
OGCOPLJJ_04611	CDS	246				hypothetical protein
OGCOPLJJ_04612	CDS	702				hypothetical protein
OGCOPLJJ_04613	CDS	252				hypothetical protein
OGCOPLJJ_04614	CDS	405				hypothetical protein
OGCOPLJJ_04615	CDS	288				hypothetical protein
OGCOPLJJ_04616	CDS	1347	proP_2			Proline/betaine transporter
OGCOPLJJ_04617	CDS	192				hypothetical protein
OGCOPLJJ_04618	CDS	330	ybaB		COG0718	Nucleoid-associated protein YbaB
OGCOPLJJ_04619	CDS	597	recR_1		COG0353	Recombination protein RecR
OGCOPLJJ_04620	CDS	435				hypothetical protein
OGCOPLJJ_04621	CDS	261	hybD	3.4.23.-	COG0680	Hydrogenase 2 maturation protease
OGCOPLJJ_04622	CDS	429				hypothetical protein
OGCOPLJJ_04623	CDS	357	yhjQ		COG1145	putative cysteine-rich protein YhjQ
OGCOPLJJ_04624	CDS	330				hypothetical protein
OGCOPLJJ_04625	CDS	537				hypothetical protein
OGCOPLJJ_04626	CDS	876				hypothetical protein
OGCOPLJJ_04627	CDS	906				hypothetical protein
OGCOPLJJ_04628	CDS	216	dhaR		COG3284	PTS-dependent dihydroxyacetone kinase operon regulatory protein
OGCOPLJJ_04629	CDS	201				hypothetical protein
OGCOPLJJ_04630	CDS	1155	norG_5		COG1167	HTH-type transcriptional regulator NorG
OGCOPLJJ_04631	CDS	267				hypothetical protein
OGCOPLJJ_04632	CDS	573				hypothetical protein
OGCOPLJJ_04633	CDS	300				hypothetical protein
OGCOPLJJ_04634	CDS	321				hypothetical protein
OGCOPLJJ_04635	CDS	708				hypothetical protein
OGCOPLJJ_04636	CDS	462				hypothetical protein
OGCOPLJJ_04637	CDS	405			COG1629	putative TonB-dependent receptor
OGCOPLJJ_04638	CDS	564				hypothetical protein
OGCOPLJJ_04639	CDS	669				hypothetical protein
OGCOPLJJ_04640	CDS	279				hypothetical protein
OGCOPLJJ_04641	CDS	501	hypD		COG0409	Hydrogenase maturation factor HypD
OGCOPLJJ_04642	CDS	444	hypE	4.2.1.-	COG0309	Carbamoyl dehydratase HypE
OGCOPLJJ_04643	CDS	135				hypothetical protein
OGCOPLJJ_04644	CDS	345				hypothetical protein
OGCOPLJJ_04645	CDS	846	edd_2	4.2.1.12		Phosphogluconate dehydratase
OGCOPLJJ_04646	CDS	309				hypothetical protein
OGCOPLJJ_04647	CDS	513				hypothetical protein
OGCOPLJJ_04648	CDS	555				hypothetical protein
OGCOPLJJ_04649	CDS	333				hypothetical protein
OGCOPLJJ_04650	CDS	213				hypothetical protein
OGCOPLJJ_04651	CDS	189				hypothetical protein
OGCOPLJJ_04652	CDS	297				hypothetical protein
OGCOPLJJ_04653	CDS	207				hypothetical protein
OGCOPLJJ_04654	CDS	621				hypothetical protein
OGCOPLJJ_04655	CDS	204				hypothetical protein
OGCOPLJJ_04656	CDS	327				hypothetical protein
OGCOPLJJ_04657	CDS	282				hypothetical protein
OGCOPLJJ_04658	CDS	768				hypothetical protein
OGCOPLJJ_04659	CDS	306	flgI_1			Flagellar P-ring protein
OGCOPLJJ_04660	CDS	768	flgI_2			Flagellar P-ring protein
OGCOPLJJ_04661	CDS	492				hypothetical protein
OGCOPLJJ_04662	CDS	597				hypothetical protein
OGCOPLJJ_04663	CDS	792	pepQ_1	3.4.13.9		Xaa-Pro dipeptidase
OGCOPLJJ_04664	CDS	705	pepQ_2	3.4.13.9		Xaa-Pro dipeptidase
OGCOPLJJ_04665	CDS	444				hypothetical protein
OGCOPLJJ_04666	CDS	177				hypothetical protein
OGCOPLJJ_04667	CDS	357				hypothetical protein
OGCOPLJJ_04668	CDS	657				hypothetical protein
OGCOPLJJ_04669	CDS	276				hypothetical protein
OGCOPLJJ_04670	CDS	582				hypothetical protein
OGCOPLJJ_04671	CDS	318				hypothetical protein
OGCOPLJJ_04672	CDS	354				hypothetical protein
OGCOPLJJ_04673	CDS	609				hypothetical protein
OGCOPLJJ_04674	CDS	294	pctA		COG0840	Methyl-accepting chemotaxis protein PctA
OGCOPLJJ_04675	CDS	453				hypothetical protein
OGCOPLJJ_04676	CDS	519	katG_2	1.11.1.21		Catalase-peroxidase
OGCOPLJJ_04677	CDS	405				hypothetical protein
OGCOPLJJ_04678	CDS	300				hypothetical protein
OGCOPLJJ_04679	CDS	120				hypothetical protein
OGCOPLJJ_04680	CDS	339				hypothetical protein
OGCOPLJJ_04681	CDS	150				hypothetical protein
OGCOPLJJ_04682	CDS	600				hypothetical protein
OGCOPLJJ_04683	CDS	225				hypothetical protein
OGCOPLJJ_04684	CDS	696				hypothetical protein
OGCOPLJJ_04685	CDS	267				hypothetical protein
OGCOPLJJ_04686	CDS	1350	uvrD	3.6.4.12	COG0210	DNA helicase II
OGCOPLJJ_04687	CDS	534	creD		COG4452	Inner membrane protein CreD
OGCOPLJJ_04688	CDS	609	glmU_3			Bifunctional protein GlmU
OGCOPLJJ_04689	CDS	303				hypothetical protein
OGCOPLJJ_04690	CDS	468	lptG_3		COG0795	Lipopolysaccharide export system permease protein LptG
OGCOPLJJ_04691	CDS	372				hypothetical protein
OGCOPLJJ_04692	CDS	828				hypothetical protein
OGCOPLJJ_04693	CDS	240				hypothetical protein
OGCOPLJJ_04694	CDS	348				hypothetical protein
OGCOPLJJ_04695	CDS	393				hypothetical protein
OGCOPLJJ_04696	CDS	318				hypothetical protein
OGCOPLJJ_04697	CDS	345				hypothetical protein
OGCOPLJJ_04698	CDS	111				hypothetical protein
OGCOPLJJ_04699	CDS	792				hypothetical protein
OGCOPLJJ_04700	CDS	303	murD_2	6.3.2.9		UDP-N-acetylmuramoylalanine--D-glutamate ligase
OGCOPLJJ_04701	CDS	939				hypothetical protein
OGCOPLJJ_04702	CDS	570	lexA_4	3.4.21.88		LexA repressor
OGCOPLJJ_04703	CDS	420				hypothetical protein
OGCOPLJJ_04704	CDS	450				hypothetical protein
OGCOPLJJ_04705	CDS	270				hypothetical protein
OGCOPLJJ_04706	CDS	738				hypothetical protein
OGCOPLJJ_04707	CDS	333				hypothetical protein
OGCOPLJJ_04708	CDS	312				hypothetical protein
OGCOPLJJ_04709	CDS	249				hypothetical protein
OGCOPLJJ_04710	CDS	684				hypothetical protein
OGCOPLJJ_04711	CDS	477				hypothetical protein
OGCOPLJJ_04712	CDS	534	rbsB		COG1879	Ribose import binding protein RbsB
OGCOPLJJ_04713	CDS	597	rbsC		COG1172	Ribose import permease protein RbsC
OGCOPLJJ_04714	CDS	318				hypothetical protein
OGCOPLJJ_04715	CDS	459				hypothetical protein
OGCOPLJJ_04716	CDS	729	pepA_3	3.4.11.10		cytosol aminopeptidase
OGCOPLJJ_04717	CDS	450				hypothetical protein
OGCOPLJJ_04718	CDS	531				hypothetical protein
OGCOPLJJ_04719	CDS	711				hypothetical protein
OGCOPLJJ_04720	CDS	156				hypothetical protein
OGCOPLJJ_04721	CDS	156				hypothetical protein
OGCOPLJJ_04722	CDS	378				hypothetical protein
OGCOPLJJ_04723	CDS	357				hypothetical protein
OGCOPLJJ_04724	CDS	171				hypothetical protein
OGCOPLJJ_04725	CDS	270				hypothetical protein
OGCOPLJJ_04726	CDS	195				hypothetical protein
OGCOPLJJ_04727	CDS	663				hypothetical protein
OGCOPLJJ_04728	CDS	207				hypothetical protein
OGCOPLJJ_04729	CDS	744				hypothetical protein
OGCOPLJJ_04730	CDS	318				hypothetical protein
OGCOPLJJ_04731	CDS	504				hypothetical protein
OGCOPLJJ_04732	CDS	930				hypothetical protein
OGCOPLJJ_04733	CDS	255	cysI_1	1.8.1.2	COG0155	Sulfite reductase [NADPH] hemoprotein beta-component
OGCOPLJJ_04734	CDS	438				hypothetical protein
OGCOPLJJ_04735	CDS	273				hypothetical protein
OGCOPLJJ_04736	CDS	270				hypothetical protein
OGCOPLJJ_04737	CDS	306	diaA			DnaA initiator-associating protein DiaA
OGCOPLJJ_04738	CDS	336				hypothetical protein
OGCOPLJJ_04739	CDS	201				hypothetical protein
OGCOPLJJ_04740	CDS	297				hypothetical protein
OGCOPLJJ_04741	CDS	267				hypothetical protein
OGCOPLJJ_04742	CDS	900				hypothetical protein
OGCOPLJJ_04743	CDS	186				hypothetical protein
OGCOPLJJ_04744	CDS	828				hypothetical protein
OGCOPLJJ_04745	CDS	201	fadL		COG2067	Long-chain fatty acid transport protein
OGCOPLJJ_04746	CDS	243				hypothetical protein
OGCOPLJJ_04747	CDS	369				hypothetical protein
OGCOPLJJ_04748	CDS	354				hypothetical protein
OGCOPLJJ_04749	CDS	354				hypothetical protein
OGCOPLJJ_04750	CDS	300				hypothetical protein
OGCOPLJJ_04751	CDS	156				hypothetical protein
OGCOPLJJ_04752	CDS	321				hypothetical protein
OGCOPLJJ_04753	CDS	492				hypothetical protein
OGCOPLJJ_04754	CDS	441				hypothetical protein
OGCOPLJJ_04755	CDS	357				hypothetical protein
OGCOPLJJ_04756	CDS	381				hypothetical protein
OGCOPLJJ_04757	CDS	426				hypothetical protein
OGCOPLJJ_04758	CDS	240				hypothetical protein
OGCOPLJJ_04759	CDS	297				hypothetical protein
OGCOPLJJ_04760	CDS	735	secY_2			Protein translocase subunit SecY
OGCOPLJJ_04761	CDS	306	secY_3		COG0201	Protein translocase subunit SecY
OGCOPLJJ_04762	CDS	180	rpmD_2		COG1841	50S ribosomal protein L30
OGCOPLJJ_04763	CDS	378				IS3 family transposase ISAve4
OGCOPLJJ_04764	CDS	189				IS3 family transposase ISAs6
OGCOPLJJ_04765	CDS	231				hypothetical protein
OGCOPLJJ_04766	CDS	510	glpE_3	2.8.1.1		Thiosulfate sulfurtransferase GlpE
OGCOPLJJ_04767	CDS	531				hypothetical protein
OGCOPLJJ_04768	CDS	438				hypothetical protein
OGCOPLJJ_04769	CDS	258				hypothetical protein
OGCOPLJJ_04770	CDS	813				hypothetical protein
OGCOPLJJ_04771	CDS	525				hypothetical protein
OGCOPLJJ_04772	CDS	327	ydaF	2.3.1.-	COG1670	Putative ribosomal N-acetyltransferase YdaF
OGCOPLJJ_04773	CDS	231				hypothetical protein
OGCOPLJJ_04774	CDS	246	rlmB_4	2.1.1.185		23S rRNA (guanosine-2'-O-)-methyltransferase RlmB
OGCOPLJJ_04775	CDS	612	ygfZ_2			tRNA-modifying protein YgfZ
OGCOPLJJ_04776	CDS	429				hypothetical protein
OGCOPLJJ_04777	CDS	594	glpD_2	1.1.5.3	COG0578	Aerobic glycerol-3-phosphate dehydrogenase
OGCOPLJJ_04778	CDS	228				hypothetical protein
OGCOPLJJ_04779	CDS	399	mnmC_3	2.1.1.61		tRNA 5-methylaminomethyl-2-thiouridine biosynthesis bifunctional protein MnmC
OGCOPLJJ_04780	CDS	273				hypothetical protein
OGCOPLJJ_04781	CDS	186				hypothetical protein
OGCOPLJJ_04782	CDS	270				hypothetical protein
OGCOPLJJ_04783	CDS	516				hypothetical protein
OGCOPLJJ_04784	CDS	684				hypothetical protein
OGCOPLJJ_04785	CDS	354				hypothetical protein
OGCOPLJJ_04786	CDS	750	aaeA_3			p-hydroxybenzoic acid efflux pump subunit AaeA
OGCOPLJJ_04787	CDS	336				hypothetical protein
OGCOPLJJ_04788	CDS	906				hypothetical protein
OGCOPLJJ_04789	CDS	408				hypothetical protein
OGCOPLJJ_04790	CDS	534				hypothetical protein
OGCOPLJJ_04791	CDS	183				hypothetical protein
OGCOPLJJ_04792	CDS	447				hypothetical protein
OGCOPLJJ_04793	CDS	1035				hypothetical protein
OGCOPLJJ_04794	CDS	561				hypothetical protein
OGCOPLJJ_04795	CDS	288				hypothetical protein
OGCOPLJJ_04796	CDS	324				hypothetical protein
OGCOPLJJ_04797	CDS	708				hypothetical protein
OGCOPLJJ_04798	CDS	234				hypothetical protein
OGCOPLJJ_04799	CDS	429	rpoC_2	2.7.7.6	COG0086	DNA-directed RNA polymerase subunit beta'
OGCOPLJJ_04800	CDS	363				hypothetical protein
OGCOPLJJ_04801	CDS	609				hypothetical protein
OGCOPLJJ_04802	CDS	282	aspA_2	4.3.1.1	COG1027	Aspartate ammonia-lyase
OGCOPLJJ_04803	CDS	177				hypothetical protein
OGCOPLJJ_04804	CDS	531				hypothetical protein
OGCOPLJJ_04805	CDS	228				hypothetical protein
OGCOPLJJ_04806	CDS	564				hypothetical protein
OGCOPLJJ_04807	CDS	222				hypothetical protein
OGCOPLJJ_04808	CDS	261				hypothetical protein
OGCOPLJJ_04809	CDS	258				hypothetical protein
OGCOPLJJ_04810	CDS	192				hypothetical protein
OGCOPLJJ_04811	CDS	198				hypothetical protein
OGCOPLJJ_04812	CDS	867				hypothetical protein
OGCOPLJJ_04813	CDS	228	selB		COG3276	Selenocysteine-specific elongation factor
OGCOPLJJ_04814	CDS	582				hypothetical protein
OGCOPLJJ_04815	CDS	351				hypothetical protein
OGCOPLJJ_04816	CDS	504				hypothetical protein
OGCOPLJJ_04817	CDS	165				hypothetical protein
OGCOPLJJ_04818	CDS	438				hypothetical protein
OGCOPLJJ_04819	CDS	288				hypothetical protein
OGCOPLJJ_04820	CDS	276				hypothetical protein
OGCOPLJJ_04821	CDS	456				hypothetical protein
OGCOPLJJ_04822	CDS	501				hypothetical protein
OGCOPLJJ_04823	CDS	228				hypothetical protein
OGCOPLJJ_04824	CDS	1065				hypothetical protein
OGCOPLJJ_04825	CDS	648				hypothetical protein
OGCOPLJJ_04826	CDS	702				hypothetical protein
OGCOPLJJ_04827	CDS	465				hypothetical protein
OGCOPLJJ_04828	CDS	282				hypothetical protein
OGCOPLJJ_04829	CDS	294	glnA	6.3.1.2	COG0174	Glutamine synthetase
OGCOPLJJ_04830	CDS	243				hypothetical protein
OGCOPLJJ_04831	CDS	234				hypothetical protein
OGCOPLJJ_04832	CDS	762				hypothetical protein
OGCOPLJJ_04833	CDS	1164	hcaT			putative 3-phenylpropionic acid transporter
OGCOPLJJ_04834	CDS	246	glpR		COG1349	Glycerol-3-phosphate regulon repressor
OGCOPLJJ_04835	CDS	330				hypothetical protein
OGCOPLJJ_04836	CDS	453				hypothetical protein
OGCOPLJJ_04837	CDS	189	ispH_1	1.17.7.4	COG0761	4-hydroxy-3-methylbut-2-enyl diphosphate reductase
OGCOPLJJ_04838	CDS	420				hypothetical protein
OGCOPLJJ_04839	CDS	282				hypothetical protein
OGCOPLJJ_04840	CDS	963				hypothetical protein
OGCOPLJJ_04841	CDS	258	rpmA_2		COG0211	50S ribosomal protein L27
OGCOPLJJ_04842	CDS	666				hypothetical protein
OGCOPLJJ_04843	CDS	855				hypothetical protein
OGCOPLJJ_04844	CDS	348				hypothetical protein
OGCOPLJJ_04845	CDS	162				hypothetical protein
OGCOPLJJ_04846	CDS	159	rkpK	1.1.1.22	COG1004	UDP-glucose 6-dehydrogenase
OGCOPLJJ_04847	CDS	564	arnB	2.6.1.87		UDP-4-amino-4-deoxy-L-arabinose--oxoglutarate aminotransferase
OGCOPLJJ_04848	CDS	696	mgtB	7.2.2.14	COG0474	Magnesium-transporting ATPase, P-type 1
OGCOPLJJ_04849	CDS	372				hypothetical protein
OGCOPLJJ_04850	CDS	291				hypothetical protein
OGCOPLJJ_04851	CDS	492				hypothetical protein
OGCOPLJJ_04852	CDS	561				hypothetical protein
OGCOPLJJ_04853	CDS	1245	pdxB_2	1.1.1.290		Erythronate-4-phosphate dehydrogenase
OGCOPLJJ_04854	CDS	525				hypothetical protein
OGCOPLJJ_04855	CDS	258				hypothetical protein
OGCOPLJJ_04856	CDS	414				hypothetical protein
OGCOPLJJ_04857	CDS	462	purF_2	2.4.2.14		Amidophosphoribosyltransferase
OGCOPLJJ_04858	CDS	510	purF_3	2.4.2.14		Amidophosphoribosyltransferase
OGCOPLJJ_04859	CDS	462	purF_4	2.4.2.14		Amidophosphoribosyltransferase
OGCOPLJJ_04860	CDS	294				hypothetical protein
OGCOPLJJ_04861	CDS	294			COG1534	RNA-binding protein
OGCOPLJJ_04862	CDS	447				hypothetical protein
OGCOPLJJ_04863	CDS	942				hypothetical protein
OGCOPLJJ_04864	CDS	450				hypothetical protein
OGCOPLJJ_04865	CDS	606				hypothetical protein
OGCOPLJJ_04866	CDS	378				hypothetical protein
OGCOPLJJ_04867	CDS	513				hypothetical protein
OGCOPLJJ_04868	CDS	150				hypothetical protein
OGCOPLJJ_04869	CDS	309		3.9.1.-	COG0537	Purine nucleoside phosphoramidase
OGCOPLJJ_04870	CDS	189	hinT	3.9.1.-	COG0537	Purine nucleoside phosphoramidase
OGCOPLJJ_04871	CDS	192				hypothetical protein
OGCOPLJJ_04872	CDS	204	parE_2	5.6.2.2	COG0187	DNA topoisomerase 4 subunit B
OGCOPLJJ_04873	CDS	477				hypothetical protein
OGCOPLJJ_04874	CDS	147				hypothetical protein
OGCOPLJJ_04875	CDS	462				hypothetical protein
OGCOPLJJ_04876	CDS	462				hypothetical protein
OGCOPLJJ_04877	CDS	513				hypothetical protein
OGCOPLJJ_04878	CDS	591	pitA_2		COG0306	Low-affinity inorganic phosphate transporter 1
OGCOPLJJ_04879	CDS	180				hypothetical protein
OGCOPLJJ_04880	CDS	777				hypothetical protein
OGCOPLJJ_04881	CDS	366	rfbD	1.1.1.133	COG1091	dTDP-4-dehydrorhamnose reductase
OGCOPLJJ_04882	CDS	243	rmlA	2.7.7.24	COG1209	Glucose-1-phosphate thymidylyltransferase
OGCOPLJJ_04883	tRNA	90				tRNA-Ser(cga)
OGCOPLJJ_04884	CDS	330				hypothetical protein
OGCOPLJJ_04885	CDS	993	pflD	4.2.1.172	COG1882	Trans-4-hydroxy-L-proline dehydratase
OGCOPLJJ_04886	CDS	540				hypothetical protein
OGCOPLJJ_04887	CDS	726	betB_3	1.2.1.8		NAD/NADP-dependent betaine aldehyde dehydrogenase
OGCOPLJJ_04888	CDS	294				hypothetical protein
OGCOPLJJ_04889	CDS	279				hypothetical protein
OGCOPLJJ_04890	CDS	291				hypothetical protein
OGCOPLJJ_04891	CDS	474				hypothetical protein
OGCOPLJJ_04892	CDS	444				hypothetical protein
OGCOPLJJ_04893	CDS	462				hypothetical protein
OGCOPLJJ_04894	CDS	693				hypothetical protein
OGCOPLJJ_04895	CDS	294				hypothetical protein
OGCOPLJJ_04896	CDS	747				hypothetical protein
OGCOPLJJ_04897	CDS	249				hypothetical protein
OGCOPLJJ_04898	CDS	945				hypothetical protein
OGCOPLJJ_04899	CDS	258				hypothetical protein
OGCOPLJJ_04900	CDS	237				hypothetical protein
OGCOPLJJ_04901	CDS	423				hypothetical protein
OGCOPLJJ_04902	CDS	474				hypothetical protein
OGCOPLJJ_04903	CDS	474				hypothetical protein
OGCOPLJJ_04904	CDS	195				hypothetical protein
OGCOPLJJ_04905	CDS	774				hypothetical protein
OGCOPLJJ_04906	CDS	189				hypothetical protein
OGCOPLJJ_04907	CDS	960				hypothetical protein
OGCOPLJJ_04908	CDS	906				hypothetical protein
OGCOPLJJ_04909	CDS	450				hypothetical protein
OGCOPLJJ_04910	CDS	534	galK	2.7.1.6		Galactokinase
OGCOPLJJ_04911	CDS	336				hypothetical protein
OGCOPLJJ_04912	CDS	501				hypothetical protein
OGCOPLJJ_04913	CDS	228				hypothetical protein
OGCOPLJJ_04914	CDS	327	hemN	1.3.98.3	COG0635	Oxygen-independent coproporphyrinogen III oxidase
OGCOPLJJ_04915	CDS	822				hypothetical protein
OGCOPLJJ_04916	CDS	807	dltA_3	6.2.1.54		D-alanine--D-alanyl carrier protein ligase
OGCOPLJJ_04917	CDS	246				hypothetical protein
OGCOPLJJ_04918	CDS	282				hypothetical protein
OGCOPLJJ_04919	CDS	366				hypothetical protein
OGCOPLJJ_04920	CDS	225				hypothetical protein
OGCOPLJJ_04921	CDS	867				hypothetical protein
OGCOPLJJ_04922	CDS	432				hypothetical protein
OGCOPLJJ_04923	CDS	195				hypothetical protein
OGCOPLJJ_04924	CDS	279				hypothetical protein
OGCOPLJJ_04925	CDS	345				hypothetical protein
OGCOPLJJ_04926	CDS	342				hypothetical protein
OGCOPLJJ_04927	CDS	264				hypothetical protein
OGCOPLJJ_04928	CDS	558				hypothetical protein
OGCOPLJJ_04929	CDS	228	pspA		COG1842	Phage shock protein A
OGCOPLJJ_04930	CDS	903				hypothetical protein
OGCOPLJJ_04931	CDS	462				hypothetical protein
OGCOPLJJ_04932	CDS	507				hypothetical protein
OGCOPLJJ_04933	CDS	324				hypothetical protein
OGCOPLJJ_04934	CDS	393				hypothetical protein
OGCOPLJJ_04935	CDS	411	dgcQ_2	2.7.7.65		putative diguanylate cyclase DgcQ
OGCOPLJJ_04936	CDS	780				hypothetical protein
OGCOPLJJ_04937	CDS	723				hypothetical protein
OGCOPLJJ_04938	CDS	441				hypothetical protein
OGCOPLJJ_04939	CDS	324				hypothetical protein
OGCOPLJJ_04940	CDS	1014				hypothetical protein
OGCOPLJJ_04941	CDS	378				hypothetical protein
OGCOPLJJ_04942	CDS	444	lysA_2	4.1.1.20		Diaminopimelate decarboxylase
OGCOPLJJ_04943	CDS	333				hypothetical protein
OGCOPLJJ_04944	CDS	300				hypothetical protein
OGCOPLJJ_04945	CDS	729	recB_2	3.1.11.5		RecBCD enzyme subunit RecB
OGCOPLJJ_04946	CDS	240				hypothetical protein
OGCOPLJJ_04947	CDS	333	yjcS	3.1.6.-	COG2015	Putative alkyl/aryl-sulfatase YjcS
OGCOPLJJ_04948	CDS	219				hypothetical protein
OGCOPLJJ_04949	CDS	528				hypothetical protein
OGCOPLJJ_04950	CDS	333				hypothetical protein
OGCOPLJJ_04951	CDS	324				hypothetical protein
OGCOPLJJ_04952	CDS	441				hypothetical protein
OGCOPLJJ_04953	CDS	144				hypothetical protein
OGCOPLJJ_04954	CDS	432				hypothetical protein
OGCOPLJJ_04955	CDS	447				hypothetical protein
OGCOPLJJ_04956	CDS	810				hypothetical protein
OGCOPLJJ_04957	CDS	402				hypothetical protein
OGCOPLJJ_04958	CDS	231				hypothetical protein
OGCOPLJJ_04959	CDS	897				hypothetical protein
OGCOPLJJ_04960	CDS	447				hypothetical protein
OGCOPLJJ_04961	CDS	414				hypothetical protein
OGCOPLJJ_04962	CDS	150				hypothetical protein
OGCOPLJJ_04963	CDS	270				hypothetical protein
OGCOPLJJ_04964	CDS	279				hypothetical protein
OGCOPLJJ_04965	CDS	165				hypothetical protein
OGCOPLJJ_04966	CDS	435				hypothetical protein
OGCOPLJJ_04967	CDS	501				hypothetical protein
OGCOPLJJ_04968	CDS	291				hypothetical protein
OGCOPLJJ_04969	CDS	552	btuF_2		COG0614	Vitamin B12-binding protein
OGCOPLJJ_04970	CDS	285				hypothetical protein
OGCOPLJJ_04971	CDS	714				hypothetical protein
OGCOPLJJ_04972	CDS	321				hypothetical protein
OGCOPLJJ_04973	CDS	579				hypothetical protein
OGCOPLJJ_04974	CDS	414				hypothetical protein
OGCOPLJJ_04975	CDS	846	atzE	3.5.1.131		1-carboxybiuret hydrolase subunit AtzE
OGCOPLJJ_04976	CDS	276				hypothetical protein
OGCOPLJJ_04977	CDS	300				hypothetical protein
OGCOPLJJ_04978	CDS	312				hypothetical protein
OGCOPLJJ_04979	CDS	426				hypothetical protein
OGCOPLJJ_04980	CDS	762				hypothetical protein
OGCOPLJJ_04981	CDS	297				hypothetical protein
OGCOPLJJ_04982	CDS	219				hypothetical protein
OGCOPLJJ_04983	CDS	441				hypothetical protein
OGCOPLJJ_04984	CDS	465				hypothetical protein
OGCOPLJJ_04985	CDS	288				hypothetical protein
OGCOPLJJ_04986	CDS	603				hypothetical protein
OGCOPLJJ_04987	CDS	399				hypothetical protein
OGCOPLJJ_04988	CDS	558	lamB		COG4580	Maltoporin
OGCOPLJJ_04989	CDS	252				hypothetical protein
OGCOPLJJ_04990	CDS	576	aroC_2	4.2.3.5		Chorismate synthase
OGCOPLJJ_04991	CDS	225				hypothetical protein
OGCOPLJJ_04992	CDS	543				hypothetical protein
OGCOPLJJ_04993	CDS	627				hypothetical protein
OGCOPLJJ_04994	CDS	270				hypothetical protein
OGCOPLJJ_04995	CDS	303				hypothetical protein
OGCOPLJJ_04996	CDS	150				hypothetical protein
OGCOPLJJ_04997	CDS	702	mdtL			Multidrug resistance protein MdtL
OGCOPLJJ_04998	CDS	246				hypothetical protein
OGCOPLJJ_04999	CDS	258				hypothetical protein
OGCOPLJJ_05000	CDS	708				hypothetical protein
OGCOPLJJ_05001	CDS	186				hypothetical protein
OGCOPLJJ_05002	CDS	360				hypothetical protein
OGCOPLJJ_05003	CDS	615				hypothetical protein
OGCOPLJJ_05004	CDS	303				hypothetical protein
OGCOPLJJ_05005	CDS	813				hypothetical protein
OGCOPLJJ_05006	CDS	303	ppnN	3.2.2.-	COG1611	Pyrimidine/purine nucleotide 5'-monophosphate nucleosidase
OGCOPLJJ_05007	CDS	504				hypothetical protein
OGCOPLJJ_05008	CDS	831				hypothetical protein
OGCOPLJJ_05009	CDS	591				hypothetical protein
OGCOPLJJ_05010	CDS	1212	aroP_4		COG1113	Aromatic amino acid transport protein AroP
OGCOPLJJ_05011	CDS	168				hypothetical protein
OGCOPLJJ_05012	CDS	699				hypothetical protein
OGCOPLJJ_05013	CDS	489				hypothetical protein
OGCOPLJJ_05014	CDS	675				hypothetical protein
OGCOPLJJ_05015	CDS	369				hypothetical protein
OGCOPLJJ_05016	CDS	279	pepB_1	3.4.11.23	COG0260	Peptidase B
OGCOPLJJ_05017	CDS	300	pepB_2	3.4.11.23	COG0260	Peptidase B
OGCOPLJJ_05018	CDS	294	ybiT		COG0488	putative ABC transporter ATP-binding protein YbiT
OGCOPLJJ_05019	CDS	1251				hypothetical protein
OGCOPLJJ_05020	CDS	177				hypothetical protein
OGCOPLJJ_05021	CDS	291				hypothetical protein
OGCOPLJJ_05022	CDS	558				hypothetical protein
OGCOPLJJ_05023	CDS	270				hypothetical protein
OGCOPLJJ_05024	CDS	450				hypothetical protein
OGCOPLJJ_05025	CDS	666				hypothetical protein
OGCOPLJJ_05026	CDS	483				hypothetical protein
OGCOPLJJ_05027	CDS	324				hypothetical protein
OGCOPLJJ_05028	CDS	300				hypothetical protein
OGCOPLJJ_05029	CDS	309	murB_2	1.3.1.98	COG0812	UDP-N-acetylenolpyruvoylglucosamine reductase
OGCOPLJJ_05030	CDS	291				hypothetical protein
OGCOPLJJ_05031	CDS	822				hypothetical protein
OGCOPLJJ_05032	CDS	432				hypothetical protein
OGCOPLJJ_05033	CDS	600				hypothetical protein
OGCOPLJJ_05034	CDS	306				hypothetical protein
OGCOPLJJ_05035	CDS	702				hypothetical protein
OGCOPLJJ_05036	CDS	705				hypothetical protein
OGCOPLJJ_05037	CDS	279				hypothetical protein
OGCOPLJJ_05038	CDS	228				hypothetical protein
OGCOPLJJ_05039	CDS	465				hypothetical protein
OGCOPLJJ_05040	CDS	969	dcuA		COG2704	Anaerobic C4-dicarboxylate transporter DcuA
OGCOPLJJ_05041	CDS	207				hypothetical protein
OGCOPLJJ_05042	CDS	249				hypothetical protein
OGCOPLJJ_05043	CDS	207	yybH		COG4319	putative protein YybH
OGCOPLJJ_05044	CDS	426				hypothetical protein
OGCOPLJJ_05045	CDS	228				hypothetical protein
OGCOPLJJ_05046	CDS	171				hypothetical protein
OGCOPLJJ_05047	CDS	468				hypothetical protein
OGCOPLJJ_05048	CDS	267				hypothetical protein
OGCOPLJJ_05049	CDS	1059	murF_2	6.3.2.10		UDP-N-acetylmuramoyl-tripeptide--D-alanyl-D-alanine ligase
OGCOPLJJ_05050	CDS	471				hypothetical protein
OGCOPLJJ_05051	CDS	219				hypothetical protein
OGCOPLJJ_05052	CDS	324				hypothetical protein
OGCOPLJJ_05053	CDS	765				hypothetical protein
OGCOPLJJ_05054	CDS	777				hypothetical protein
OGCOPLJJ_05055	CDS	465				hypothetical protein
OGCOPLJJ_05056	CDS	462				hypothetical protein
OGCOPLJJ_05057	CDS	465				hypothetical protein
OGCOPLJJ_05058	CDS	210				hypothetical protein
OGCOPLJJ_05059	CDS	318				hypothetical protein
OGCOPLJJ_05060	CDS	567				hypothetical protein
OGCOPLJJ_05061	CDS	468				hypothetical protein
OGCOPLJJ_05062	CDS	1038				hypothetical protein
OGCOPLJJ_05063	CDS	282				hypothetical protein
OGCOPLJJ_05064	CDS	384				hypothetical protein
OGCOPLJJ_05065	CDS	147	ubiF	1.14.99.60	COG0654	3-demethoxyubiquinol 3-hydroxylase
OGCOPLJJ_05066	CDS	396				hypothetical protein
OGCOPLJJ_05067	CDS	231			COG1136	putative ABC transporter ATP-binding protein
OGCOPLJJ_05068	CDS	510				hypothetical protein
OGCOPLJJ_05069	CDS	366				hypothetical protein
OGCOPLJJ_05070	CDS	513				hypothetical protein
OGCOPLJJ_05071	CDS	249				hypothetical protein
OGCOPLJJ_05072	CDS	378				hypothetical protein
OGCOPLJJ_05073	CDS	477				hypothetical protein
OGCOPLJJ_05074	CDS	579				hypothetical protein
OGCOPLJJ_05075	CDS	747				hypothetical protein
OGCOPLJJ_05076	CDS	192				hypothetical protein
OGCOPLJJ_05077	CDS	282				hypothetical protein
OGCOPLJJ_05078	CDS	180	rmf		COG3130	Ribosome modulation factor
OGCOPLJJ_05079	CDS	282				hypothetical protein
OGCOPLJJ_05080	CDS	663	fabF	2.3.1.179	COG0304	3-oxoacyl-[acyl-carrier-protein] synthase 2
OGCOPLJJ_05081	CDS	291				hypothetical protein
OGCOPLJJ_05082	CDS	576				hypothetical protein
OGCOPLJJ_05083	CDS	423				hypothetical protein
OGCOPLJJ_05084	CDS	321				hypothetical protein
OGCOPLJJ_05085	CDS	348				hypothetical protein
OGCOPLJJ_05086	CDS	582				hypothetical protein
OGCOPLJJ_05087	CDS	681				hypothetical protein
OGCOPLJJ_05088	CDS	729	hdc	4.1.1.22		Histidine decarboxylase
OGCOPLJJ_05089	CDS	297				hypothetical protein
OGCOPLJJ_05090	CDS	297				hypothetical protein
OGCOPLJJ_05091	CDS	195				hypothetical protein
OGCOPLJJ_05092	CDS	339				hypothetical protein
OGCOPLJJ_05093	CDS	294				hypothetical protein
OGCOPLJJ_05094	CDS	492				hypothetical protein
OGCOPLJJ_05095	CDS	147				hypothetical protein
OGCOPLJJ_05096	CDS	648				hypothetical protein
OGCOPLJJ_05097	CDS	309				hypothetical protein
OGCOPLJJ_05098	CDS	360				hypothetical protein
OGCOPLJJ_05099	CDS	366				hypothetical protein
OGCOPLJJ_05100	CDS	195				hypothetical protein
OGCOPLJJ_05101	CDS	423				hypothetical protein
OGCOPLJJ_05102	CDS	207				hypothetical protein
OGCOPLJJ_05103	CDS	312	dcuD		COG3069	Putative cryptic C4-dicarboxylate transporter DcuD
OGCOPLJJ_05104	CDS	261				hypothetical protein
OGCOPLJJ_05105	CDS	324	bamA_4		COG4775	Outer membrane protein assembly factor BamA
OGCOPLJJ_05106	CDS	447				hypothetical protein
OGCOPLJJ_05107	CDS	333				hypothetical protein
OGCOPLJJ_05108	CDS	387	hutH_3	4.3.1.3	COG2986	Histidine ammonia-lyase
OGCOPLJJ_05109	CDS	579	dhaK	2.7.1.121	COG2376	PEP-dependent dihydroxyacetone kinase, dihydroxyacetone-binding subunit DhaK
OGCOPLJJ_05110	CDS	384				hypothetical protein
OGCOPLJJ_05111	CDS	234				hypothetical protein
OGCOPLJJ_05112	CDS	408				hypothetical protein
OGCOPLJJ_05113	CDS	273				hypothetical protein
OGCOPLJJ_05114	CDS	615				hypothetical protein
OGCOPLJJ_05115	CDS	216	guaA_2	6.3.5.2	COG0518	GMP synthase [glutamine-hydrolyzing]
OGCOPLJJ_05116	CDS	462				hypothetical protein
OGCOPLJJ_05117	CDS	537				hypothetical protein
OGCOPLJJ_05118	CDS	207	pmbA	3.4.-.-	COG0312	Metalloprotease PmbA
OGCOPLJJ_05119	CDS	855				hypothetical protein
OGCOPLJJ_05120	CDS	270				hypothetical protein
OGCOPLJJ_05121	CDS	276				hypothetical protein
OGCOPLJJ_05122	CDS	183				hypothetical protein
OGCOPLJJ_05123	CDS	342				hypothetical protein
OGCOPLJJ_05124	CDS	621				hypothetical protein
OGCOPLJJ_05125	CDS	237				hypothetical protein
OGCOPLJJ_05126	CDS	450				hypothetical protein
OGCOPLJJ_05127	CDS	459				hypothetical protein
OGCOPLJJ_05128	CDS	417				hypothetical protein
OGCOPLJJ_05129	CDS	243				hypothetical protein
OGCOPLJJ_05130	CDS	225				hypothetical protein
OGCOPLJJ_05131	CDS	234				hypothetical protein
OGCOPLJJ_05132	CDS	360				hypothetical protein
OGCOPLJJ_05133	CDS	366				hypothetical protein
OGCOPLJJ_05134	CDS	183				hypothetical protein
OGCOPLJJ_05135	CDS	438	thiI	2.8.1.4	COG0301	tRNA sulfurtransferase
OGCOPLJJ_05136	CDS	879		3.1.1.99		6-deoxy-6-sulfogluconolactonase
OGCOPLJJ_05137	CDS	342				hypothetical protein
OGCOPLJJ_05138	CDS	618				hypothetical protein
OGCOPLJJ_05139	CDS	315				hypothetical protein
OGCOPLJJ_05140	CDS	669	leuC_2	4.2.1.33		3-isopropylmalate dehydratase large subunit
OGCOPLJJ_05141	CDS	312				hypothetical protein
OGCOPLJJ_05142	CDS	474				hypothetical protein
OGCOPLJJ_05143	CDS	363				hypothetical protein
OGCOPLJJ_05144	CDS	210				hypothetical protein
OGCOPLJJ_05145	CDS	687				hypothetical protein
OGCOPLJJ_05146	CDS	222				hypothetical protein
OGCOPLJJ_05147	CDS	252				hypothetical protein
OGCOPLJJ_05148	CDS	624				hypothetical protein
OGCOPLJJ_05149	CDS	144				hypothetical protein
OGCOPLJJ_05150	CDS	465				hypothetical protein
OGCOPLJJ_05151	CDS	522	mrcA_2		COG5009	Penicillin-binding protein 1A
OGCOPLJJ_05152	CDS	435				hypothetical protein
OGCOPLJJ_05153	CDS	381	aqpZ			Aquaporin Z
OGCOPLJJ_05154	CDS	990	dmoA_2	1.14.13.131		Dimethyl-sulfide monooxygenase
OGCOPLJJ_05155	CDS	234				hypothetical protein
OGCOPLJJ_05156	CDS	228				hypothetical protein
OGCOPLJJ_05157	CDS	255	mukB_1		COG3096	Chromosome partition protein MukB
OGCOPLJJ_05158	CDS	852	mukB_2			Chromosome partition protein MukB
OGCOPLJJ_05159	CDS	870				hypothetical protein
OGCOPLJJ_05160	CDS	165				hypothetical protein
OGCOPLJJ_05161	CDS	381				hypothetical protein
OGCOPLJJ_05162	CDS	132				hypothetical protein
OGCOPLJJ_05163	CDS	540				hypothetical protein
OGCOPLJJ_05164	CDS	285				hypothetical protein
OGCOPLJJ_05165	CDS	642				hypothetical protein
OGCOPLJJ_05166	CDS	198				hypothetical protein
OGCOPLJJ_05167	CDS	642				hypothetical protein
OGCOPLJJ_05168	CDS	417				hypothetical protein
OGCOPLJJ_05169	CDS	426				hypothetical protein
OGCOPLJJ_05170	CDS	369	secF_2			Protein-export membrane protein SecF
OGCOPLJJ_05171	CDS	231				hypothetical protein
OGCOPLJJ_05172	CDS	291				hypothetical protein
OGCOPLJJ_05173	CDS	261				hypothetical protein
OGCOPLJJ_05174	CDS	210				hypothetical protein
OGCOPLJJ_05175	CDS	774				hypothetical protein
OGCOPLJJ_05176	CDS	573				hypothetical protein
OGCOPLJJ_05177	CDS	426	fusA_2		COG0480	Elongation factor G
OGCOPLJJ_05178	CDS	579				hypothetical protein
OGCOPLJJ_05179	CDS	288				hypothetical protein
OGCOPLJJ_05180	CDS	237				hypothetical protein
OGCOPLJJ_05181	CDS	549				hypothetical protein
OGCOPLJJ_05182	CDS	270				hypothetical protein
OGCOPLJJ_05183	CDS	519				hypothetical protein
OGCOPLJJ_05184	CDS	201				hypothetical protein
OGCOPLJJ_05185	CDS	753				hypothetical protein
OGCOPLJJ_05186	CDS	270	gyrA	5.6.2.2		DNA gyrase subunit A
OGCOPLJJ_05187	CDS	219				hypothetical protein
OGCOPLJJ_05188	CDS	627	ttgB			Toluene efflux pump membrane transporter TtgB
OGCOPLJJ_05189	CDS	609				hypothetical protein
OGCOPLJJ_05190	CDS	588			COG1292	Glycine betaine transporter
OGCOPLJJ_05191	CDS	402				hypothetical protein
OGCOPLJJ_05192	CDS	261				hypothetical protein
OGCOPLJJ_05193	CDS	423				hypothetical protein
OGCOPLJJ_05194	CDS	480				hypothetical protein
OGCOPLJJ_05195	CDS	573				hypothetical protein
OGCOPLJJ_05196	CDS	552				hypothetical protein
OGCOPLJJ_05197	CDS	294				hypothetical protein
OGCOPLJJ_05198	CDS	408				hypothetical protein
OGCOPLJJ_05199	CDS	345	yhhW_3	1.13.11.24	COG1741	Quercetin 2,3-dioxygenase
OGCOPLJJ_05200	CDS	1191	tufA		COG0050	Elongation factor Tu
OGCOPLJJ_05201	CDS	414				hypothetical protein
OGCOPLJJ_05202	CDS	168				hypothetical protein
OGCOPLJJ_05203	CDS	402				hypothetical protein
OGCOPLJJ_05204	CDS	1041	sctC			Type 3 secretion system secretin
OGCOPLJJ_05205	CDS	678				hypothetical protein
OGCOPLJJ_05206	CDS	585				hypothetical protein
OGCOPLJJ_05207	CDS	168				hypothetical protein
OGCOPLJJ_05208	CDS	561				hypothetical protein
OGCOPLJJ_05209	CDS	669				hypothetical protein
OGCOPLJJ_05210	CDS	438				hypothetical protein
OGCOPLJJ_05211	CDS	321	bepE_1			Efflux pump membrane transporter BepE
OGCOPLJJ_05212	CDS	489	bepE_2			Efflux pump membrane transporter BepE
OGCOPLJJ_05213	CDS	246	bepE_3			Efflux pump membrane transporter BepE
OGCOPLJJ_05214	CDS	378				hypothetical protein
OGCOPLJJ_05215	CDS	369				hypothetical protein
OGCOPLJJ_05216	CDS	603				hypothetical protein
OGCOPLJJ_05217	CDS	258				hypothetical protein
OGCOPLJJ_05218	CDS	711				hypothetical protein
OGCOPLJJ_05219	CDS	690				hypothetical protein
OGCOPLJJ_05220	CDS	591				hypothetical protein
OGCOPLJJ_05221	CDS	597				hypothetical protein
OGCOPLJJ_05222	CDS	315				hypothetical protein
OGCOPLJJ_05223	CDS	648				hypothetical protein
OGCOPLJJ_05224	CDS	303				hypothetical protein
OGCOPLJJ_05225	CDS	222				hypothetical protein
OGCOPLJJ_05226	CDS	684				hypothetical protein
OGCOPLJJ_05227	CDS	675				hypothetical protein
OGCOPLJJ_05228	CDS	582				hypothetical protein
OGCOPLJJ_05229	CDS	585				hypothetical protein
OGCOPLJJ_05230	CDS	309				hypothetical protein
OGCOPLJJ_05231	CDS	378				hypothetical protein
OGCOPLJJ_05232	CDS	228				hypothetical protein
OGCOPLJJ_05233	CDS	450	trpA_2	4.2.1.20		Tryptophan synthase alpha chain
OGCOPLJJ_05234	CDS	324	trpA_3	4.2.1.20	COG0159	Tryptophan synthase alpha chain
OGCOPLJJ_05235	CDS	219	trpA_4	4.2.1.20	COG0159	Tryptophan synthase alpha chain
OGCOPLJJ_05236	CDS	429				hypothetical protein
OGCOPLJJ_05237	CDS	300	recE	3.1.11.-		Exodeoxyribonuclease 8
OGCOPLJJ_05238	CDS	543	agaA	3.5.1.-	COG1820	N-acetylgalactosamine-6-phosphate deacetylase
OGCOPLJJ_05239	CDS	408				hypothetical protein
OGCOPLJJ_05240	CDS	474				hypothetical protein
OGCOPLJJ_05241	CDS	1062				hypothetical protein
OGCOPLJJ_05242	CDS	711				hypothetical protein
OGCOPLJJ_05243	CDS	588				hypothetical protein
OGCOPLJJ_05244	CDS	411				hypothetical protein
OGCOPLJJ_05245	CDS	369				hypothetical protein
OGCOPLJJ_05246	CDS	876				hypothetical protein
OGCOPLJJ_05247	CDS	438				hypothetical protein
OGCOPLJJ_05248	CDS	234				hypothetical protein
OGCOPLJJ_05249	CDS	258				hypothetical protein
OGCOPLJJ_05250	CDS	300				hypothetical protein
OGCOPLJJ_05251	CDS	456				hypothetical protein
OGCOPLJJ_05252	CDS	309	rplD_2		COG0088	50S ribosomal protein L4
OGCOPLJJ_05253	CDS	90	rplD_3		COG0088	50S ribosomal protein L4
OGCOPLJJ_05254	CDS	720				hypothetical protein
OGCOPLJJ_05255	CDS	513				hypothetical protein
OGCOPLJJ_05256	CDS	423				hypothetical protein
OGCOPLJJ_05257	CDS	324				hypothetical protein
OGCOPLJJ_05258	CDS	459				hypothetical protein
OGCOPLJJ_05259	CDS	606	menI	3.1.2.28		1,4-dihydroxy-2-naphthoyl-CoA hydrolase
OGCOPLJJ_05260	CDS	237				hypothetical protein
OGCOPLJJ_05261	CDS	321				hypothetical protein
OGCOPLJJ_05262	CDS	201				hypothetical protein
OGCOPLJJ_05263	CDS	450	nadC_2	2.4.2.19	COG0157	Nicotinate-nucleotide pyrophosphorylase [carboxylating]
OGCOPLJJ_05264	CDS	648				hypothetical protein
OGCOPLJJ_05265	CDS	708				hypothetical protein
OGCOPLJJ_05266	CDS	288				hypothetical protein
OGCOPLJJ_05267	CDS	453				hypothetical protein
OGCOPLJJ_05268	CDS	360				hypothetical protein
OGCOPLJJ_05269	CDS	648				hypothetical protein
OGCOPLJJ_05270	CDS	660				hypothetical protein
OGCOPLJJ_05271	CDS	360				hypothetical protein
OGCOPLJJ_05272	CDS	198				hypothetical protein
OGCOPLJJ_05273	CDS	468				hypothetical protein
OGCOPLJJ_05274	CDS	252				hypothetical protein
OGCOPLJJ_05275	CDS	180				hypothetical protein
OGCOPLJJ_05276	CDS	528	sotB_2			sugar efflux transporter
OGCOPLJJ_05277	CDS	237				hypothetical protein
OGCOPLJJ_05278	CDS	819				hypothetical protein
OGCOPLJJ_05279	CDS	495	COQ2	2.5.1.39		4-hydroxybenzoate polyprenyltransferase, mitochondrial
OGCOPLJJ_05280	CDS	237				hypothetical protein
OGCOPLJJ_05281	CDS	402	yidE			Putative transport protein YidE
OGCOPLJJ_05282	CDS	339				hypothetical protein
OGCOPLJJ_05283	CDS	294				hypothetical protein
OGCOPLJJ_05284	CDS	396	dctA_5		COG1301	Aerobic C4-dicarboxylate transport protein
OGCOPLJJ_05285	CDS	483				hypothetical protein
OGCOPLJJ_05286	CDS	279	prpB_2	4.1.3.30	COG2513	2-methylisocitrate lyase
OGCOPLJJ_05287	CDS	345				hypothetical protein
OGCOPLJJ_05288	CDS	453				hypothetical protein
OGCOPLJJ_05289	CDS	639				hypothetical protein
OGCOPLJJ_05290	CDS	342				hypothetical protein
OGCOPLJJ_05291	CDS	447				hypothetical protein
OGCOPLJJ_05292	CDS	507	gcvH_2			Glycine cleavage system H protein
OGCOPLJJ_05293	CDS	258				hypothetical protein
OGCOPLJJ_05294	CDS	300				hypothetical protein
OGCOPLJJ_05295	CDS	465				hypothetical protein
OGCOPLJJ_05296	CDS	375				hypothetical protein
OGCOPLJJ_05297	CDS	180				hypothetical protein
OGCOPLJJ_05298	CDS	507				hypothetical protein
OGCOPLJJ_05299	CDS	312				hypothetical protein
OGCOPLJJ_05300	CDS	276				hypothetical protein
OGCOPLJJ_05301	CDS	384				hypothetical protein
OGCOPLJJ_05302	CDS	315				hypothetical protein
OGCOPLJJ_05303	CDS	636				hypothetical protein
OGCOPLJJ_05304	CDS	216				hypothetical protein
OGCOPLJJ_05305	CDS	351				hypothetical protein
OGCOPLJJ_05306	CDS	375				hypothetical protein
OGCOPLJJ_05307	CDS	363				hypothetical protein
OGCOPLJJ_05308	CDS	351				hypothetical protein
OGCOPLJJ_05309	CDS	129				hypothetical protein
OGCOPLJJ_05310	CDS	594				hypothetical protein
OGCOPLJJ_05311	CDS	339				hypothetical protein
OGCOPLJJ_05312	CDS	339				hypothetical protein
OGCOPLJJ_05313	CDS	552				hypothetical protein
OGCOPLJJ_05314	CDS	234	ppnP_3	2.4.2.3		Pyrimidine/purine nucleoside phosphorylase
OGCOPLJJ_05315	CDS	192				hypothetical protein
OGCOPLJJ_05316	CDS	198				hypothetical protein
OGCOPLJJ_05317	CDS	333	leuO			HTH-type transcriptional regulator LeuO
OGCOPLJJ_05318	CDS	453				hypothetical protein
OGCOPLJJ_05319	CDS	591	ndhK	7.1.1.-		NAD(P)H-quinone oxidoreductase subunit K, chloroplastic
OGCOPLJJ_05320	CDS	585				hypothetical protein
OGCOPLJJ_05321	CDS	264				hypothetical protein
OGCOPLJJ_05322	CDS	183				hypothetical protein
OGCOPLJJ_05323	CDS	450				hypothetical protein
OGCOPLJJ_05324	CDS	531				hypothetical protein
OGCOPLJJ_05325	CDS	207				hypothetical protein
OGCOPLJJ_05326	CDS	153				hypothetical protein
OGCOPLJJ_05327	CDS	417	hflX_2		COG2262	GTPase HflX
OGCOPLJJ_05328	CDS	288				hypothetical protein
OGCOPLJJ_05329	tRNA	76				tRNA-Asn(gtt)
OGCOPLJJ_05330	tRNA	76				tRNA-Asn(gtt)
OGCOPLJJ_05331	CDS	627	sodB	1.15.1.1		Superoxide dismutase [Fe]
OGCOPLJJ_05332	CDS	513				hypothetical protein
OGCOPLJJ_05333	CDS	624				hypothetical protein
OGCOPLJJ_05334	CDS	642				hypothetical protein
OGCOPLJJ_05335	CDS	327				hypothetical protein
OGCOPLJJ_05336	CDS	129				hypothetical protein
OGCOPLJJ_05337	CDS	534				hypothetical protein
OGCOPLJJ_05338	CDS	330				hypothetical protein
OGCOPLJJ_05339	CDS	195				hypothetical protein
OGCOPLJJ_05340	CDS	246				hypothetical protein
OGCOPLJJ_05341	CDS	567				hypothetical protein
OGCOPLJJ_05342	CDS	618				hypothetical protein
OGCOPLJJ_05343	CDS	1059				hypothetical protein
OGCOPLJJ_05344	CDS	405				hypothetical protein
OGCOPLJJ_05345	CDS	303				hypothetical protein
OGCOPLJJ_05346	CDS	315				hypothetical protein
OGCOPLJJ_05347	CDS	315				hypothetical protein
OGCOPLJJ_05348	CDS	471				hypothetical protein
OGCOPLJJ_05349	CDS	471				hypothetical protein
OGCOPLJJ_05350	CDS	465				hypothetical protein
OGCOPLJJ_05351	CDS	357				hypothetical protein
OGCOPLJJ_05352	CDS	276				hypothetical protein
OGCOPLJJ_05353	CDS	348				hypothetical protein
OGCOPLJJ_05354	CDS	465				hypothetical protein
OGCOPLJJ_05355	CDS	204				hypothetical protein
OGCOPLJJ_05356	CDS	153				hypothetical protein
OGCOPLJJ_05357	CDS	705				hypothetical protein
OGCOPLJJ_05358	CDS	588				hypothetical protein
OGCOPLJJ_05359	CDS	408				hypothetical protein
OGCOPLJJ_05360	CDS	870				hypothetical protein
OGCOPLJJ_05361	CDS	429				hypothetical protein
OGCOPLJJ_05362	CDS	588				hypothetical protein
OGCOPLJJ_05363	CDS	714				hypothetical protein
OGCOPLJJ_05364	CDS	342				hypothetical protein
OGCOPLJJ_05365	CDS	393				hypothetical protein
OGCOPLJJ_05366	CDS	447				hypothetical protein
OGCOPLJJ_05367	CDS	900				hypothetical protein
OGCOPLJJ_05368	CDS	282				hypothetical protein
OGCOPLJJ_05369	CDS	357				hypothetical protein
OGCOPLJJ_05370	CDS	279				hypothetical protein
OGCOPLJJ_05371	CDS	252				hypothetical protein
OGCOPLJJ_05372	CDS	396				hypothetical protein
OGCOPLJJ_05373	CDS	294				hypothetical protein
OGCOPLJJ_05374	CDS	153	sucB_2	2.3.1.61	COG0508	Dihydrolipoyllysine-residue succinyltransferase component of 2-oxoglutarate dehydrogenase complex
OGCOPLJJ_05375	CDS	339				hypothetical protein
OGCOPLJJ_05376	CDS	897	glgB_1	2.4.1.18		1,4-alpha-glucan branching enzyme GlgB
OGCOPLJJ_05377	CDS	300				hypothetical protein
OGCOPLJJ_05378	CDS	468				hypothetical protein
OGCOPLJJ_05379	CDS	324				hypothetical protein
OGCOPLJJ_05380	CDS	267				hypothetical protein
OGCOPLJJ_05381	CDS	291				hypothetical protein
OGCOPLJJ_05382	CDS	450				hypothetical protein
OGCOPLJJ_05383	CDS	396				hypothetical protein
OGCOPLJJ_05384	CDS	231				hypothetical protein
OGCOPLJJ_05385	CDS	978				hypothetical protein
OGCOPLJJ_05386	CDS	204				hypothetical protein
OGCOPLJJ_05387	CDS	264				hypothetical protein
OGCOPLJJ_05388	CDS	183				hypothetical protein
OGCOPLJJ_05389	CDS	366	trkA		COG0569	Trk system potassium uptake protein TrkA
OGCOPLJJ_05390	CDS	489				hypothetical protein
OGCOPLJJ_05391	CDS	330				hypothetical protein
OGCOPLJJ_05392	CDS	516				hypothetical protein
OGCOPLJJ_05393	CDS	774				hypothetical protein
OGCOPLJJ_05394	CDS	543	ispG_2	1.17.7.3		4-hydroxy-3-methylbut-2-en-1-yl diphosphate synthase (ferredoxin)
OGCOPLJJ_05395	CDS	297				hypothetical protein
OGCOPLJJ_05396	CDS	336	bamC_1			Outer membrane protein assembly factor BamC
OGCOPLJJ_05397	CDS	234				hypothetical protein
OGCOPLJJ_05398	CDS	459	bamC_2			Outer membrane protein assembly factor BamC
OGCOPLJJ_05399	CDS	441				hypothetical protein
OGCOPLJJ_05400	CDS	405				hypothetical protein
OGCOPLJJ_05401	CDS	282				hypothetical protein
OGCOPLJJ_05402	CDS	579	sstT_2			Serine/threonine transporter SstT
OGCOPLJJ_05403	CDS	282	sstT_3			Serine/threonine transporter SstT
OGCOPLJJ_05404	CDS	246	efp_2		COG0231	Elongation factor P
OGCOPLJJ_05405	CDS	417				hypothetical protein
OGCOPLJJ_05406	CDS	441				hypothetical protein
OGCOPLJJ_05407	CDS	285				hypothetical protein
OGCOPLJJ_05408	CDS	300				hypothetical protein
OGCOPLJJ_05409	CDS	552				hypothetical protein
OGCOPLJJ_05410	CDS	327				hypothetical protein
OGCOPLJJ_05411	CDS	342				hypothetical protein
OGCOPLJJ_05412	CDS	411				hypothetical protein
OGCOPLJJ_05413	CDS	396				hypothetical protein
OGCOPLJJ_05414	CDS	198				hypothetical protein
OGCOPLJJ_05415	CDS	762				hypothetical protein
OGCOPLJJ_05416	CDS	228				hypothetical protein
OGCOPLJJ_05417	CDS	339				hypothetical protein
OGCOPLJJ_05418	CDS	228				hypothetical protein
OGCOPLJJ_05419	CDS	306				hypothetical protein
OGCOPLJJ_05420	CDS	477				hypothetical protein
OGCOPLJJ_05421	CDS	261	msbA_2	7.5.2.6	COG1132	Lipid A export ATP-binding/permease protein MsbA
OGCOPLJJ_05422	CDS	219				hypothetical protein
OGCOPLJJ_05423	CDS	570				hypothetical protein
OGCOPLJJ_05424	CDS	867	hyuA	3.5.2.-		D-phenylhydantoinase
OGCOPLJJ_05425	CDS	303				hypothetical protein
OGCOPLJJ_05426	CDS	312				hypothetical protein
OGCOPLJJ_05427	CDS	495				hypothetical protein
OGCOPLJJ_05428	CDS	840				hypothetical protein
OGCOPLJJ_05429	CDS	201				hypothetical protein
OGCOPLJJ_05430	CDS	636	dtpD			Dipeptide permease D
OGCOPLJJ_05431	CDS	219				hypothetical protein
OGCOPLJJ_05432	CDS	354				hypothetical protein
OGCOPLJJ_05433	CDS	408				hypothetical protein
OGCOPLJJ_05434	CDS	528	dmlR_18			HTH-type transcriptional regulator DmlR
OGCOPLJJ_05435	CDS	606				hypothetical protein
OGCOPLJJ_05436	CDS	726				hypothetical protein
OGCOPLJJ_05437	CDS	435				hypothetical protein
OGCOPLJJ_05438	CDS	354				hypothetical protein
OGCOPLJJ_05439	CDS	264				hypothetical protein
OGCOPLJJ_05440	CDS	486				hypothetical protein
OGCOPLJJ_05441	CDS	252				hypothetical protein
OGCOPLJJ_05442	CDS	303				hypothetical protein
OGCOPLJJ_05443	CDS	684				hypothetical protein
OGCOPLJJ_05444	CDS	858	namA_4	1.6.99.1		NADPH dehydrogenase
OGCOPLJJ_05445	CDS	576	ftsI_2	3.4.16.4		Peptidoglycan D,D-transpeptidase FtsI
OGCOPLJJ_05446	CDS	489				hypothetical protein
OGCOPLJJ_05447	CDS	225				hypothetical protein
OGCOPLJJ_05448	CDS	507				hypothetical protein
OGCOPLJJ_05449	CDS	720				hypothetical protein
OGCOPLJJ_05450	CDS	456				hypothetical protein
OGCOPLJJ_05451	CDS	567				hypothetical protein
OGCOPLJJ_05452	CDS	855				hypothetical protein
OGCOPLJJ_05453	CDS	210				hypothetical protein
OGCOPLJJ_05454	CDS	297				hypothetical protein
OGCOPLJJ_05455	CDS	603				hypothetical protein
OGCOPLJJ_05456	CDS	495				hypothetical protein
OGCOPLJJ_05457	CDS	588				hypothetical protein
OGCOPLJJ_05458	CDS	276				hypothetical protein
OGCOPLJJ_05459	CDS	177				hypothetical protein
OGCOPLJJ_05460	CDS	237				hypothetical protein
OGCOPLJJ_05461	CDS	255	rdgC_1		COG2974	Recombination-associated protein RdgC
OGCOPLJJ_05462	CDS	672				hypothetical protein
OGCOPLJJ_05463	CDS	354				hypothetical protein
OGCOPLJJ_05464	CDS	480	rfaF	2.-.-.-	COG0859	ADP-heptose--LPS heptosyltransferase 2
OGCOPLJJ_05465	CDS	342				hypothetical protein
OGCOPLJJ_05466	CDS	666				hypothetical protein
OGCOPLJJ_05467	CDS	300				hypothetical protein
OGCOPLJJ_05468	CDS	309				hypothetical protein
OGCOPLJJ_05469	CDS	528				hypothetical protein
OGCOPLJJ_05470	CDS	381				hypothetical protein
OGCOPLJJ_05471	CDS	516	phnC	7.3.2.1	COG3638	Phosphate-import ATP-binding protein PhnC
OGCOPLJJ_05472	CDS	537	malY		COG1168	Protein MalY
OGCOPLJJ_05473	CDS	123				hypothetical protein
OGCOPLJJ_05474	CDS	249				hypothetical protein
OGCOPLJJ_05475	CDS	372				hypothetical protein
OGCOPLJJ_05476	CDS	261				hypothetical protein
OGCOPLJJ_05477	CDS	429				hypothetical protein
OGCOPLJJ_05478	CDS	741	groL_2			60 kDa chaperonin
OGCOPLJJ_05479	CDS	300				hypothetical protein
OGCOPLJJ_05480	CDS	324				hypothetical protein
OGCOPLJJ_05481	CDS	147				hypothetical protein
OGCOPLJJ_05482	CDS	333				hypothetical protein
OGCOPLJJ_05483	CDS	216				hypothetical protein
OGCOPLJJ_05484	CDS	201	proS_2	6.1.1.15	COG0442	Proline--tRNA ligase
OGCOPLJJ_05485	CDS	576				hypothetical protein
OGCOPLJJ_05486	CDS	390	bsr	5.1.1.10	COG0787	Broad specificity amino-acid racemase
OGCOPLJJ_05487	CDS	270				hypothetical protein
OGCOPLJJ_05488	CDS	303				hypothetical protein
OGCOPLJJ_05489	CDS	366				hypothetical protein
OGCOPLJJ_05490	CDS	654	glmU_4	2.7.7.23		Bifunctional protein GlmU
OGCOPLJJ_05491	CDS	558				hypothetical protein
OGCOPLJJ_05492	CDS	228				hypothetical protein
OGCOPLJJ_05493	CDS	255				hypothetical protein
OGCOPLJJ_05494	CDS	702				hypothetical protein
OGCOPLJJ_05495	CDS	357				hypothetical protein
OGCOPLJJ_05496	CDS	279				hypothetical protein
OGCOPLJJ_05497	CDS	393				hypothetical protein
OGCOPLJJ_05498	CDS	303				hypothetical protein
OGCOPLJJ_05499	CDS	231				hypothetical protein
OGCOPLJJ_05500	CDS	621				hypothetical protein
OGCOPLJJ_05501	CDS	714				hypothetical protein
OGCOPLJJ_05502	CDS	192				hypothetical protein
OGCOPLJJ_05503	CDS	213				hypothetical protein
OGCOPLJJ_05504	CDS	288				hypothetical protein
OGCOPLJJ_05505	CDS	222				hypothetical protein
OGCOPLJJ_05506	CDS	531		3.4.17.19	COG2317	Thermostable carboxypeptidase 1
OGCOPLJJ_05507	CDS	615				hypothetical protein
OGCOPLJJ_05508	CDS	327	ispU_2	2.5.1.31	COG0020	Ditrans,polycis-undecaprenyl-diphosphate synthase ((2E,6E)-farnesyl-diphosphate specific)
OGCOPLJJ_05509	CDS	588	frr_2		COG0233	Ribosome-recycling factor
OGCOPLJJ_05510	CDS	339				hypothetical protein
OGCOPLJJ_05511	CDS	465				hypothetical protein
OGCOPLJJ_05512	CDS	543				hypothetical protein
OGCOPLJJ_05513	CDS	549				hypothetical protein
OGCOPLJJ_05514	CDS	183	hldE		COG2870	Bifunctional protein HldE
OGCOPLJJ_05515	CDS	417				hypothetical protein
OGCOPLJJ_05516	CDS	876				hypothetical protein
OGCOPLJJ_05517	CDS	282				hypothetical protein
OGCOPLJJ_05518	CDS	189				hypothetical protein
OGCOPLJJ_05519	CDS	387				hypothetical protein
OGCOPLJJ_05520	CDS	207				hypothetical protein
OGCOPLJJ_05521	CDS	504				hypothetical protein
OGCOPLJJ_05522	CDS	423				hypothetical protein
OGCOPLJJ_05523	CDS	117				hypothetical protein
OGCOPLJJ_05524	CDS	651				hypothetical protein
OGCOPLJJ_05525	CDS	195				hypothetical protein
OGCOPLJJ_05526	CDS	357				hypothetical protein
OGCOPLJJ_05527	CDS	330				hypothetical protein
OGCOPLJJ_05528	CDS	255				hypothetical protein
OGCOPLJJ_05529	CDS	228				hypothetical protein
OGCOPLJJ_05530	CDS	213				hypothetical protein
OGCOPLJJ_05531	CDS	384				hypothetical protein
OGCOPLJJ_05532	CDS	129				hypothetical protein
OGCOPLJJ_05533	CDS	252				hypothetical protein
OGCOPLJJ_05534	CDS	291				hypothetical protein
OGCOPLJJ_05535	CDS	291				hypothetical protein
OGCOPLJJ_05536	CDS	801				hypothetical protein
OGCOPLJJ_05537	CDS	423				hypothetical protein
OGCOPLJJ_05538	CDS	642				hypothetical protein
OGCOPLJJ_05539	CDS	135				hypothetical protein
OGCOPLJJ_05540	CDS	576				hypothetical protein
OGCOPLJJ_05541	CDS	804				hypothetical protein
OGCOPLJJ_05542	CDS	831				hypothetical protein
OGCOPLJJ_05543	CDS	225				hypothetical protein
OGCOPLJJ_05544	CDS	825				hypothetical protein
OGCOPLJJ_05545	CDS	216	thyA_2	2.1.1.45	COG0207	Thymidylate synthase
OGCOPLJJ_05546	CDS	267				hypothetical protein
OGCOPLJJ_05547	CDS	240				hypothetical protein
OGCOPLJJ_05548	CDS	570				hypothetical protein
OGCOPLJJ_05549	CDS	474				hypothetical protein
OGCOPLJJ_05550	CDS	783				hypothetical protein
OGCOPLJJ_05551	CDS	297				hypothetical protein
OGCOPLJJ_05552	tRNA	86				tRNA-Leu(cag)
OGCOPLJJ_05553	tRNA	86				tRNA-Leu(cag)
OGCOPLJJ_05554	tRNA	86				tRNA-Leu(cag)
OGCOPLJJ_05555	CDS	219				hypothetical protein
OGCOPLJJ_05556	CDS	231				hypothetical protein
OGCOPLJJ_05557	CDS	246				hypothetical protein
OGCOPLJJ_05558	CDS	375				hypothetical protein
OGCOPLJJ_05559	CDS	369				hypothetical protein
OGCOPLJJ_05560	CDS	210				hypothetical protein
OGCOPLJJ_05561	CDS	210				hypothetical protein
OGCOPLJJ_05562	CDS	282				hypothetical protein
OGCOPLJJ_05563	CDS	309				hypothetical protein
OGCOPLJJ_05564	CDS	273				hypothetical protein
OGCOPLJJ_05565	CDS	273				hypothetical protein
OGCOPLJJ_05566	CDS	768	rph_2	2.7.7.56		Ribonuclease PH
OGCOPLJJ_05567	CDS	555	tolQ_5			Tol-Pal system protein TolQ
OGCOPLJJ_05568	CDS	195				hypothetical protein
OGCOPLJJ_05569	CDS	306				hypothetical protein
OGCOPLJJ_05570	CDS	768				hypothetical protein
OGCOPLJJ_05571	CDS	741				hypothetical protein
OGCOPLJJ_05572	CDS	261				hypothetical protein
OGCOPLJJ_05573	CDS	183				hypothetical protein
OGCOPLJJ_05574	CDS	120				hypothetical protein
OGCOPLJJ_05575	CDS	825				hypothetical protein
OGCOPLJJ_05576	CDS	345				hypothetical protein
OGCOPLJJ_05577	CDS	198				hypothetical protein
OGCOPLJJ_05578	CDS	234				hypothetical protein
OGCOPLJJ_05579	CDS	294				hypothetical protein
OGCOPLJJ_05580	CDS	561				hypothetical protein
OGCOPLJJ_05581	CDS	222				hypothetical protein
OGCOPLJJ_05582	CDS	333				hypothetical protein
OGCOPLJJ_05583	CDS	441				hypothetical protein
OGCOPLJJ_05584	CDS	288				hypothetical protein
OGCOPLJJ_05585	CDS	234				hypothetical protein
OGCOPLJJ_05586	CDS	303	argF_2	2.1.3.3		Ornithine carbamoyltransferase
OGCOPLJJ_05587	CDS	375				hypothetical protein
OGCOPLJJ_05588	CDS	321	xylG	7.5.2.10	COG1129	Xylose import ATP-binding protein XylG
OGCOPLJJ_05589	CDS	180				hypothetical protein
OGCOPLJJ_05590	CDS	195				hypothetical protein
OGCOPLJJ_05591	CDS	114				hypothetical protein
OGCOPLJJ_05592	CDS	483				hypothetical protein
OGCOPLJJ_05593	CDS	243				hypothetical protein
OGCOPLJJ_05594	CDS	540				hypothetical protein
OGCOPLJJ_05595	CDS	390				hypothetical protein
OGCOPLJJ_05596	CDS	216				hypothetical protein
OGCOPLJJ_05597	CDS	198				hypothetical protein
OGCOPLJJ_05598	CDS	543				hypothetical protein
OGCOPLJJ_05599	CDS	315				hypothetical protein
OGCOPLJJ_05600	CDS	1011				hypothetical protein
OGCOPLJJ_05601	CDS	498				hypothetical protein
OGCOPLJJ_05602	CDS	516				hypothetical protein
OGCOPLJJ_05603	CDS	348				hypothetical protein
OGCOPLJJ_05604	CDS	567				hypothetical protein
OGCOPLJJ_05605	CDS	300	ptsI_1	2.7.3.9	COG1080	Phosphoenolpyruvate-protein phosphotransferase
OGCOPLJJ_05606	CDS	333	ptsI_2	2.7.3.9	COG1080	Phosphoenolpyruvate-protein phosphotransferase
OGCOPLJJ_05607	CDS	291				hypothetical protein
OGCOPLJJ_05608	CDS	384		1.2.1.69	COG1012	Fluoroacetaldehyde dehydrogenase
OGCOPLJJ_05609	CDS	873				hypothetical protein
OGCOPLJJ_05610	CDS	621				hypothetical protein
OGCOPLJJ_05611	CDS	603	pyrE_2	2.4.2.10		Orotate phosphoribosyltransferase
OGCOPLJJ_05612	CDS	474				hypothetical protein
OGCOPLJJ_05613	CDS	417				hypothetical protein
OGCOPLJJ_05614	CDS	282				hypothetical protein
OGCOPLJJ_05615	CDS	456				hypothetical protein
OGCOPLJJ_05616	CDS	417				hypothetical protein
OGCOPLJJ_05617	CDS	636				hypothetical protein
OGCOPLJJ_05618	CDS	300				hypothetical protein
OGCOPLJJ_05619	CDS	774				hypothetical protein
OGCOPLJJ_05620	CDS	189	pflB_1	2.3.1.54	COG1882	Formate acetyltransferase 1
OGCOPLJJ_05621	CDS	453				hypothetical protein
OGCOPLJJ_05622	CDS	354				hypothetical protein
OGCOPLJJ_05623	CDS	729				hypothetical protein
OGCOPLJJ_05624	CDS	477				hypothetical protein
OGCOPLJJ_05625	CDS	549				hypothetical protein
OGCOPLJJ_05626	CDS	759				hypothetical protein
OGCOPLJJ_05627	CDS	312	clpX_2			ATP-dependent Clp protease ATP-binding subunit ClpX
OGCOPLJJ_05628	CDS	420				hypothetical protein
OGCOPLJJ_05629	CDS	675				hypothetical protein
OGCOPLJJ_05630	CDS	261				hypothetical protein
OGCOPLJJ_05631	CDS	267	ogt_2	2.1.1.63	COG0350	Methylated-DNA--protein-cysteine methyltransferase
OGCOPLJJ_05632	CDS	228				hypothetical protein
OGCOPLJJ_05633	CDS	615	btuB_5			Vitamin B12 transporter BtuB
OGCOPLJJ_05634	CDS	384				hypothetical protein
OGCOPLJJ_05635	CDS	519				hypothetical protein
OGCOPLJJ_05636	CDS	216				hypothetical protein
OGCOPLJJ_05637	CDS	378				hypothetical protein
OGCOPLJJ_05638	CDS	195				hypothetical protein
OGCOPLJJ_05639	CDS	411				hypothetical protein
OGCOPLJJ_05640	CDS	429	menE_2	6.2.1.26		2-succinylbenzoate--CoA ligase
OGCOPLJJ_05641	CDS	639				hypothetical protein
OGCOPLJJ_05642	CDS	762				hypothetical protein
OGCOPLJJ_05643	CDS	492				hypothetical protein
OGCOPLJJ_05644	CDS	291				hypothetical protein
OGCOPLJJ_05645	CDS	366				hypothetical protein
OGCOPLJJ_05646	CDS	372				hypothetical protein
OGCOPLJJ_05647	CDS	327				hypothetical protein
OGCOPLJJ_05648	CDS	585				hypothetical protein
OGCOPLJJ_05649	CDS	201				hypothetical protein
OGCOPLJJ_05650	CDS	573				hypothetical protein
OGCOPLJJ_05651	CDS	393				hypothetical protein
OGCOPLJJ_05652	CDS	249				hypothetical protein
OGCOPLJJ_05653	CDS	243				hypothetical protein
OGCOPLJJ_05654	CDS	336				hypothetical protein
OGCOPLJJ_05655	CDS	162				hypothetical protein
OGCOPLJJ_05656	CDS	498				hypothetical protein
OGCOPLJJ_05657	CDS	396	rnk		COG0782	Regulator of nucleoside diphosphate kinase
OGCOPLJJ_05658	CDS	489				hypothetical protein
OGCOPLJJ_05659	CDS	285				hypothetical protein
OGCOPLJJ_05660	CDS	273				hypothetical protein
OGCOPLJJ_05661	CDS	345				hypothetical protein
OGCOPLJJ_05662	CDS	231				hypothetical protein
OGCOPLJJ_05663	CDS	96				hypothetical protein
OGCOPLJJ_05664	CDS	636				hypothetical protein
OGCOPLJJ_05665	CDS	246				hypothetical protein
OGCOPLJJ_05666	CDS	246				hypothetical protein
OGCOPLJJ_05667	CDS	684				hypothetical protein
OGCOPLJJ_05668	CDS	609				hypothetical protein
OGCOPLJJ_05669	CDS	129				hypothetical protein
OGCOPLJJ_05670	CDS	282				hypothetical protein
OGCOPLJJ_05671	CDS	291				hypothetical protein
OGCOPLJJ_05672	CDS	285	napD			Chaperone NapD
OGCOPLJJ_05673	CDS	816				hypothetical protein
OGCOPLJJ_05674	CDS	300	rseA_1		COG3073	Anti-sigma-E factor RseA
OGCOPLJJ_05675	CDS	300	rseA_2		COG3073	Anti-sigma-E factor RseA
OGCOPLJJ_05676	CDS	246				hypothetical protein
OGCOPLJJ_05677	CDS	627				hypothetical protein
OGCOPLJJ_05678	CDS	414				hypothetical protein
OGCOPLJJ_05679	CDS	264				hypothetical protein
OGCOPLJJ_05680	CDS	702				hypothetical protein
OGCOPLJJ_05681	CDS	465				hypothetical protein
OGCOPLJJ_05682	CDS	531	sapF		COG4167	Putrescine export system ATP-binding protein SapF
OGCOPLJJ_05683	CDS	252				hypothetical protein
OGCOPLJJ_05684	CDS	747				hypothetical protein
OGCOPLJJ_05685	CDS	969				hypothetical protein
OGCOPLJJ_05686	CDS	717				hypothetical protein
OGCOPLJJ_05687	CDS	519				hypothetical protein
OGCOPLJJ_05688	CDS	171	rlmB_5	2.1.1.185	COG0566	23S rRNA (guanosine-2'-O-)-methyltransferase RlmB
OGCOPLJJ_05689	CDS	705				hypothetical protein
OGCOPLJJ_05690	CDS	762				hypothetical protein
OGCOPLJJ_05691	CDS	573				hypothetical protein
OGCOPLJJ_05692	CDS	147				hypothetical protein
OGCOPLJJ_05693	CDS	297				hypothetical protein
OGCOPLJJ_05694	CDS	471				hypothetical protein
OGCOPLJJ_05695	CDS	222				hypothetical protein
OGCOPLJJ_05696	CDS	312				hypothetical protein
OGCOPLJJ_05697	CDS	183				hypothetical protein
OGCOPLJJ_05698	CDS	366				hypothetical protein
OGCOPLJJ_05699	CDS	228				hypothetical protein
OGCOPLJJ_05700	CDS	435				hypothetical protein
OGCOPLJJ_05701	CDS	441	mioC		COG0716	Protein MioC
OGCOPLJJ_05702	CDS	414				hypothetical protein
OGCOPLJJ_05703	CDS	906				hypothetical protein
OGCOPLJJ_05704	CDS	483				hypothetical protein
OGCOPLJJ_05705	CDS	450				hypothetical protein
OGCOPLJJ_05706	CDS	216				hypothetical protein
OGCOPLJJ_05707	CDS	699				hypothetical protein
OGCOPLJJ_05708	CDS	555				hypothetical protein
OGCOPLJJ_05709	CDS	627				hypothetical protein
OGCOPLJJ_05710	CDS	273				hypothetical protein
OGCOPLJJ_05711	CDS	342				hypothetical protein
OGCOPLJJ_05712	CDS	462				hypothetical protein
OGCOPLJJ_05713	CDS	270				hypothetical protein
OGCOPLJJ_05714	CDS	294				hypothetical protein
OGCOPLJJ_05715	CDS	309				hypothetical protein
OGCOPLJJ_05716	CDS	396				hypothetical protein
OGCOPLJJ_05717	CDS	357	lysS_2	6.1.1.6	COG1190	Lysine--tRNA ligase
OGCOPLJJ_05718	CDS	195				hypothetical protein
OGCOPLJJ_05719	CDS	309	cheB	3.1.1.61	COG2201	Protein-glutamate methylesterase/protein-glutamine glutaminase
OGCOPLJJ_05720	CDS	372				hypothetical protein
OGCOPLJJ_05721	CDS	564				hypothetical protein
OGCOPLJJ_05722	CDS	435				hypothetical protein
OGCOPLJJ_05723	CDS	507				hypothetical protein
OGCOPLJJ_05724	CDS	318				hypothetical protein
OGCOPLJJ_05725	CDS	780				hypothetical protein
OGCOPLJJ_05726	CDS	354				hypothetical protein
OGCOPLJJ_05727	CDS	342				hypothetical protein
OGCOPLJJ_05728	CDS	546				hypothetical protein
OGCOPLJJ_05729	CDS	363				hypothetical protein
OGCOPLJJ_05730	CDS	150				hypothetical protein
OGCOPLJJ_05731	CDS	270				hypothetical protein
OGCOPLJJ_05732	CDS	735				hypothetical protein
OGCOPLJJ_05733	CDS	228				hypothetical protein
OGCOPLJJ_05734	CDS	558				hypothetical protein
OGCOPLJJ_05735	CDS	396				hypothetical protein
OGCOPLJJ_05736	CDS	429				hypothetical protein
OGCOPLJJ_05737	CDS	270				hypothetical protein
OGCOPLJJ_05738	CDS	300				hypothetical protein
OGCOPLJJ_05739	CDS	360				hypothetical protein
OGCOPLJJ_05740	CDS	654				hypothetical protein
OGCOPLJJ_05741	CDS	402				hypothetical protein
OGCOPLJJ_05742	CDS	228				hypothetical protein
OGCOPLJJ_05743	CDS	462	asnC_1		COG1522	Regulatory protein AsnC
OGCOPLJJ_05744	CDS	285				hypothetical protein
OGCOPLJJ_05745	CDS	222				hypothetical protein
OGCOPLJJ_05746	CDS	294				hypothetical protein
OGCOPLJJ_05747	CDS	594				hypothetical protein
OGCOPLJJ_05748	CDS	435	lrp_7		COG1522	Leucine-responsive regulatory protein
OGCOPLJJ_05749	CDS	366				hypothetical protein
OGCOPLJJ_05750	CDS	567				hypothetical protein
OGCOPLJJ_05751	CDS	804				hypothetical protein
OGCOPLJJ_05752	CDS	444				hypothetical protein
OGCOPLJJ_05753	CDS	207	hsrA_2			putative transport protein HsrA
OGCOPLJJ_05754	CDS	312	hsrA_3			putative transport protein HsrA
OGCOPLJJ_05755	CDS	390	GFM1_1			Elongation factor G, mitochondrial
OGCOPLJJ_05756	CDS	306				hypothetical protein
OGCOPLJJ_05757	CDS	252				hypothetical protein
OGCOPLJJ_05758	CDS	201				hypothetical protein
OGCOPLJJ_05759	CDS	546				hypothetical protein
OGCOPLJJ_05760	CDS	510				hypothetical protein
OGCOPLJJ_05761	CDS	315				hypothetical protein
OGCOPLJJ_05762	CDS	579				hypothetical protein
OGCOPLJJ_05763	CDS	267	secY_4		COG0201	Protein translocase subunit SecY
OGCOPLJJ_05764	CDS	414	secY_5		COG0201	Protein translocase subunit SecY
OGCOPLJJ_05765	CDS	291				hypothetical protein
OGCOPLJJ_05766	CDS	663	wecA_1	2.7.8.40		UDP-N-acetylgalactosamine-undecaprenyl-phosphate N-acetylgalactosaminephosphotransferase
OGCOPLJJ_05767	CDS	297				hypothetical protein
OGCOPLJJ_05768	CDS	489				hypothetical protein
OGCOPLJJ_05769	CDS	264				hypothetical protein
OGCOPLJJ_05770	CDS	426				hypothetical protein
OGCOPLJJ_05771	CDS	201				hypothetical protein
OGCOPLJJ_05772	CDS	627				hypothetical protein
OGCOPLJJ_05773	CDS	207				hypothetical protein
OGCOPLJJ_05774	CDS	135				hypothetical protein
OGCOPLJJ_05775	CDS	438				hypothetical protein
OGCOPLJJ_05776	CDS	486				hypothetical protein
OGCOPLJJ_05777	CDS	528				hypothetical protein
OGCOPLJJ_05778	CDS	417				hypothetical protein
OGCOPLJJ_05779	CDS	279				hypothetical protein
OGCOPLJJ_05780	CDS	303	rstB	2.7.13.3		Sensor protein RstB
OGCOPLJJ_05781	CDS	396				hypothetical protein
OGCOPLJJ_05782	CDS	231	hemC_2	2.5.1.61	COG0181	Porphobilinogen deaminase
OGCOPLJJ_05783	CDS	156				hypothetical protein
OGCOPLJJ_05784	CDS	156				hypothetical protein
OGCOPLJJ_05785	CDS	279	xdhA	1.17.1.4	COG1529	Putative xanthine dehydrogenase molybdenum-binding subunit XdhA
OGCOPLJJ_05786	CDS	621				hypothetical protein
OGCOPLJJ_05787	CDS	174				hypothetical protein
OGCOPLJJ_05788	CDS	282				hypothetical protein
OGCOPLJJ_05789	CDS	261				hypothetical protein
OGCOPLJJ_05790	CDS	258				hypothetical protein
OGCOPLJJ_05791	CDS	240				hypothetical protein
OGCOPLJJ_05792	CDS	228	caiE			Carnitine operon protein CaiE
OGCOPLJJ_05793	CDS	459	typA_2		COG1217	GTP-binding protein TypA/BipA
OGCOPLJJ_05794	CDS	567	typA_3		COG1217	GTP-binding protein TypA/BipA
OGCOPLJJ_05795	CDS	249				hypothetical protein
OGCOPLJJ_05796	CDS	267	otnC	4.1.1.104	COG0235	3-oxo-tetronate 4-phosphate decarboxylase
OGCOPLJJ_05797	CDS	444				hypothetical protein
OGCOPLJJ_05798	CDS	801	lacZ_2	3.2.1.23		Beta-galactosidase
OGCOPLJJ_05799	CDS	621				hypothetical protein
OGCOPLJJ_05800	CDS	183				hypothetical protein
OGCOPLJJ_05801	CDS	210				hypothetical protein
OGCOPLJJ_05802	CDS	225				hypothetical protein
OGCOPLJJ_05803	CDS	294				hypothetical protein
OGCOPLJJ_05804	tRNA	76				tRNA-Gly(gcc)
OGCOPLJJ_05805	CDS	423				hypothetical protein
OGCOPLJJ_05806	CDS	534				hypothetical protein
OGCOPLJJ_05807	CDS	471	cutD	1.97.1.-		Choline trimethylamine-lyase activating enzyme
OGCOPLJJ_05808	CDS	246				hypothetical protein
OGCOPLJJ_05809	CDS	273				hypothetical protein
OGCOPLJJ_05810	CDS	333				hypothetical protein
OGCOPLJJ_05811	CDS	627				hypothetical protein
OGCOPLJJ_05812	CDS	336				hypothetical protein
OGCOPLJJ_05813	CDS	528				hypothetical protein
OGCOPLJJ_05814	CDS	204				hypothetical protein
OGCOPLJJ_05815	CDS	252				hypothetical protein
OGCOPLJJ_05816	CDS	168				hypothetical protein
OGCOPLJJ_05817	CDS	270				hypothetical protein
OGCOPLJJ_05818	CDS	402				hypothetical protein
OGCOPLJJ_05819	CDS	186				hypothetical protein
OGCOPLJJ_05820	tRNA	86				tRNA-Leu(cag)
OGCOPLJJ_05821	tRNA	86				tRNA-Leu(cag)
OGCOPLJJ_05822	CDS	192				hypothetical protein
OGCOPLJJ_05823	CDS	315				hypothetical protein
OGCOPLJJ_05824	CDS	996				hypothetical protein
OGCOPLJJ_05825	CDS	642				hypothetical protein
OGCOPLJJ_05826	CDS	804				hypothetical protein
OGCOPLJJ_05827	CDS	588	gntU		COG2610	Low-affinity gluconate transporter
OGCOPLJJ_05828	CDS	249				hypothetical protein
OGCOPLJJ_05829	CDS	276				hypothetical protein
OGCOPLJJ_05830	CDS	315	degS_2	3.4.21.107	COG0265	Serine endoprotease DegS
OGCOPLJJ_05831	CDS	441				hypothetical protein
OGCOPLJJ_05832	CDS	468				hypothetical protein
OGCOPLJJ_05833	CDS	462				hypothetical protein
OGCOPLJJ_05834	CDS	252				hypothetical protein
OGCOPLJJ_05835	CDS	861				hypothetical protein
OGCOPLJJ_05836	CDS	444				hypothetical protein
OGCOPLJJ_05837	CDS	291				hypothetical protein
OGCOPLJJ_05838	CDS	498				hypothetical protein
OGCOPLJJ_05839	CDS	246				hypothetical protein
OGCOPLJJ_05840	CDS	432				hypothetical protein
OGCOPLJJ_05841	CDS	252				hypothetical protein
OGCOPLJJ_05842	CDS	306				hypothetical protein
OGCOPLJJ_05843	CDS	264				hypothetical protein
OGCOPLJJ_05844	CDS	660				hypothetical protein
OGCOPLJJ_05845	CDS	558				hypothetical protein
OGCOPLJJ_05846	CDS	189				hypothetical protein
OGCOPLJJ_05847	CDS	150				hypothetical protein
OGCOPLJJ_05848	CDS	453				hypothetical protein
OGCOPLJJ_05849	CDS	396				hypothetical protein
OGCOPLJJ_05850	CDS	252				hypothetical protein
OGCOPLJJ_05851	CDS	471				hypothetical protein
OGCOPLJJ_05852	CDS	330				hypothetical protein
OGCOPLJJ_05853	CDS	444				hypothetical protein
OGCOPLJJ_05854	CDS	288	menD	2.2.1.9	COG1165	2-succinyl-5-enolpyruvyl-6-hydroxy-3-cyclohexene-1-carboxylate synthase
OGCOPLJJ_05855	CDS	411				hypothetical protein
OGCOPLJJ_05856	CDS	504				hypothetical protein
OGCOPLJJ_05857	CDS	543				hypothetical protein
OGCOPLJJ_05858	CDS	594				hypothetical protein
OGCOPLJJ_05859	CDS	522				hypothetical protein
OGCOPLJJ_05860	CDS	399				hypothetical protein
OGCOPLJJ_05861	CDS	708				hypothetical protein
OGCOPLJJ_05862	CDS	567				hypothetical protein
OGCOPLJJ_05863	CDS	195				hypothetical protein
OGCOPLJJ_05864	CDS	282				hypothetical protein
OGCOPLJJ_05865	CDS	390				hypothetical protein
OGCOPLJJ_05866	CDS	288				hypothetical protein
OGCOPLJJ_05867	CDS	270				hypothetical protein
OGCOPLJJ_05868	CDS	843				hypothetical protein
OGCOPLJJ_05869	CDS	525				hypothetical protein
OGCOPLJJ_05870	CDS	435				hypothetical protein
OGCOPLJJ_05871	CDS	714				hypothetical protein
OGCOPLJJ_05872	CDS	369				hypothetical protein
OGCOPLJJ_05873	CDS	906				hypothetical protein
OGCOPLJJ_05874	CDS	189				hypothetical protein
OGCOPLJJ_05875	CDS	372	dinB_2	2.7.7.7	COG0389	DNA polymerase IV
OGCOPLJJ_05876	CDS	570				hypothetical protein
OGCOPLJJ_05877	CDS	558				hypothetical protein
OGCOPLJJ_05878	CDS	303	cinA_3			Putative competence-damage inducible protein
OGCOPLJJ_05879	CDS	519				hypothetical protein
OGCOPLJJ_05880	CDS	534				hypothetical protein
OGCOPLJJ_05881	CDS	468				hypothetical protein
OGCOPLJJ_05882	CDS	138				hypothetical protein
OGCOPLJJ_05883	CDS	603				hypothetical protein
OGCOPLJJ_05884	CDS	267				hypothetical protein
OGCOPLJJ_05885	CDS	429	rsmA_2	2.1.1.182	COG0030	Ribosomal RNA small subunit methyltransferase A
OGCOPLJJ_05886	CDS	204	apaG		COG2967	Protein ApaG
OGCOPLJJ_05887	CDS	396		2.7.2.1		acetate kinase
OGCOPLJJ_05888	CDS	546				hypothetical protein
OGCOPLJJ_05889	CDS	222				hypothetical protein
OGCOPLJJ_05890	CDS	468				hypothetical protein
OGCOPLJJ_05891	CDS	201				hypothetical protein
OGCOPLJJ_05892	CDS	267				hypothetical protein
OGCOPLJJ_05893	CDS	720				hypothetical protein
OGCOPLJJ_05894	CDS	225				hypothetical protein
OGCOPLJJ_05895	CDS	399	norR_2			Anaerobic nitric oxide reductase transcription regulator NorR
OGCOPLJJ_05896	CDS	294	hyfR		COG3604	DNA-binding transcriptional activator HyfR
OGCOPLJJ_05897	CDS	294				hypothetical protein
OGCOPLJJ_05898	CDS	957				hypothetical protein
OGCOPLJJ_05899	CDS	600				hypothetical protein
OGCOPLJJ_05900	CDS	882				hypothetical protein
OGCOPLJJ_05901	CDS	747	prr_2	1.2.1.19		Gamma-aminobutyraldehyde dehydrogenase
OGCOPLJJ_05902	CDS	219				hypothetical protein
OGCOPLJJ_05903	CDS	375				hypothetical protein
OGCOPLJJ_05904	CDS	411				hypothetical protein
OGCOPLJJ_05905	CDS	834	deaD_2	3.6.4.13		ATP-dependent RNA helicase DeaD
OGCOPLJJ_05906	CDS	573	ubiD	4.1.1.98		3-octaprenyl-4-hydroxybenzoate carboxy-lyase
OGCOPLJJ_05907	CDS	378				hypothetical protein
OGCOPLJJ_05908	CDS	366				hypothetical protein
OGCOPLJJ_05909	CDS	327				hypothetical protein
OGCOPLJJ_05910	CDS	519				hypothetical protein
OGCOPLJJ_05911	CDS	522				hypothetical protein
OGCOPLJJ_05912	CDS	183				hypothetical protein
OGCOPLJJ_05913	CDS	345	prfA_2			Peptide chain release factor 1
OGCOPLJJ_05914	CDS	354				hypothetical protein
OGCOPLJJ_05915	CDS	687				hypothetical protein
OGCOPLJJ_05916	CDS	129				hypothetical protein
OGCOPLJJ_05917	CDS	243				hypothetical protein
OGCOPLJJ_05918	CDS	375				hypothetical protein
OGCOPLJJ_05919	CDS	453				hypothetical protein
OGCOPLJJ_05920	CDS	549				hypothetical protein
OGCOPLJJ_05921	CDS	669				hypothetical protein
OGCOPLJJ_05922	CDS	267				hypothetical protein
OGCOPLJJ_05923	CDS	105				hypothetical protein
OGCOPLJJ_05924	CDS	813				hypothetical protein
OGCOPLJJ_05925	CDS	192				hypothetical protein
OGCOPLJJ_05926	CDS	357				hypothetical protein
OGCOPLJJ_05927	CDS	288				hypothetical protein
OGCOPLJJ_05928	CDS	216	rplF_2		COG0097	50S ribosomal protein L6
OGCOPLJJ_05929	CDS	231	rpsH_2		COG0096	30S ribosomal protein S8
OGCOPLJJ_05930	CDS	189				hypothetical protein
OGCOPLJJ_05931	CDS	354				hypothetical protein
OGCOPLJJ_05932	CDS	204				hypothetical protein
OGCOPLJJ_05933	CDS	267	yiaV		COG1566	Inner membrane protein YiaV
OGCOPLJJ_05934	CDS	831	leuB_2	1.1.1.85		3-isopropylmalate dehydrogenase
OGCOPLJJ_05935	CDS	162				hypothetical protein
OGCOPLJJ_05936	CDS	165				hypothetical protein
OGCOPLJJ_05937	CDS	453				hypothetical protein
OGCOPLJJ_05938	CDS	198	kdsB_2	2.7.7.38	COG1212	3-deoxy-manno-octulosonate cytidylyltransferase
OGCOPLJJ_05939	CDS	219	kdsB_3	2.7.7.38	COG1212	3-deoxy-manno-octulosonate cytidylyltransferase
OGCOPLJJ_05940	CDS	738				hypothetical protein
OGCOPLJJ_05941	CDS	330				hypothetical protein
OGCOPLJJ_05942	CDS	639				hypothetical protein
OGCOPLJJ_05943	CDS	111				hypothetical protein
OGCOPLJJ_05944	CDS	477				hypothetical protein
OGCOPLJJ_05945	CDS	918				hypothetical protein
OGCOPLJJ_05946	CDS	246				hypothetical protein
OGCOPLJJ_05947	CDS	261				hypothetical protein
OGCOPLJJ_05948	CDS	537				hypothetical protein
OGCOPLJJ_05949	CDS	411				hypothetical protein
OGCOPLJJ_05950	CDS	354	topB_1	5.6.2.1		DNA topoisomerase 3
OGCOPLJJ_05951	CDS	489				hypothetical protein
OGCOPLJJ_05952	CDS	210				hypothetical protein
OGCOPLJJ_05953	CDS	639				hypothetical protein
OGCOPLJJ_05954	CDS	564				hypothetical protein
OGCOPLJJ_05955	CDS	261				hypothetical protein
OGCOPLJJ_05956	CDS	213	lexA_5	3.4.21.88	COG1974	LexA repressor
OGCOPLJJ_05957	CDS	312	lexA_6	3.4.21.88	COG1974	LexA repressor
OGCOPLJJ_05958	CDS	426				hypothetical protein
OGCOPLJJ_05959	CDS	219				hypothetical protein
OGCOPLJJ_05960	CDS	276	topB_2	5.6.2.1	COG0550	DNA topoisomerase 3
OGCOPLJJ_05961	CDS	237				hypothetical protein
OGCOPLJJ_05962	CDS	399				hypothetical protein
OGCOPLJJ_05963	CDS	162				hypothetical protein
OGCOPLJJ_05964	CDS	480				hypothetical protein
OGCOPLJJ_05965	CDS	204	arnD	3.5.1.-		4-deoxy-4-formamido-L-arabinose-phosphoundecaprenol deformylase ArnD
OGCOPLJJ_05966	CDS	609				hypothetical protein
OGCOPLJJ_05967	CDS	594				hypothetical protein
OGCOPLJJ_05968	CDS	318	rplX_2		COG0198	50S ribosomal protein L24
OGCOPLJJ_05969	CDS	231	rplN_2		COG0093	50S ribosomal protein L14
OGCOPLJJ_05970	CDS	291				hypothetical protein
OGCOPLJJ_05971	CDS	141				hypothetical protein
OGCOPLJJ_05972	CDS	129				hypothetical protein
OGCOPLJJ_05973	CDS	201				hypothetical protein
OGCOPLJJ_05974	CDS	273				hypothetical protein
OGCOPLJJ_05975	CDS	279				hypothetical protein
OGCOPLJJ_05976	CDS	615	pqiB_2		COG3008	Intermembrane transport protein PqiB
OGCOPLJJ_05977	CDS	267				hypothetical protein
OGCOPLJJ_05978	CDS	399				hypothetical protein
OGCOPLJJ_05979	CDS	333				hypothetical protein
OGCOPLJJ_05980	CDS	237				hypothetical protein
OGCOPLJJ_05981	CDS	771	allS			HTH-type transcriptional activator AllS
OGCOPLJJ_05982	CDS	312				hypothetical protein
OGCOPLJJ_05983	CDS	378				hypothetical protein
OGCOPLJJ_05984	CDS	414	slyD_2	5.2.1.8	COG1047	FKBP-type peptidyl-prolyl cis-trans isomerase SlyD
OGCOPLJJ_05985	CDS	318				hypothetical protein
OGCOPLJJ_05986	CDS	534				hypothetical protein
OGCOPLJJ_05987	CDS	534	dusA_2	1.3.1.-	COG0042	tRNA-dihydrouridine(20/20a) synthase
OGCOPLJJ_05988	CDS	234				hypothetical protein
OGCOPLJJ_05989	CDS	261				hypothetical protein
OGCOPLJJ_05990	CDS	252	ilvE_2	2.6.1.42	COG0115	Branched-chain-amino-acid aminotransferase
OGCOPLJJ_05991	CDS	288				hypothetical protein
OGCOPLJJ_05992	CDS	438				hypothetical protein
OGCOPLJJ_05993	CDS	366				hypothetical protein
OGCOPLJJ_05994	CDS	423				hypothetical protein
OGCOPLJJ_05995	CDS	459				hypothetical protein
OGCOPLJJ_05996	CDS	720				hypothetical protein
OGCOPLJJ_05997	CDS	336				hypothetical protein
OGCOPLJJ_05998	CDS	135				hypothetical protein
OGCOPLJJ_05999	CDS	579				hypothetical protein
OGCOPLJJ_06000	CDS	372				hypothetical protein
OGCOPLJJ_06001	CDS	534	kbl_1	2.3.1.29		2-amino-3-ketobutyrate coenzyme A ligase
OGCOPLJJ_06002	CDS	285	kbl_2	2.3.1.29	COG0156	2-amino-3-ketobutyrate coenzyme A ligase
OGCOPLJJ_06003	CDS	384				hypothetical protein
OGCOPLJJ_06004	CDS	498				hypothetical protein
OGCOPLJJ_06005	CDS	396				hypothetical protein
OGCOPLJJ_06006	CDS	723				hypothetical protein
OGCOPLJJ_06007	CDS	678				hypothetical protein
OGCOPLJJ_06008	CDS	321				hypothetical protein
OGCOPLJJ_06009	CDS	264				hypothetical protein
OGCOPLJJ_06010	CDS	366				hypothetical protein
OGCOPLJJ_06011	CDS	672				hypothetical protein
OGCOPLJJ_06012	CDS	264				hypothetical protein
OGCOPLJJ_06013	CDS	507				hypothetical protein
OGCOPLJJ_06014	CDS	648				hypothetical protein
OGCOPLJJ_06015	CDS	219				hypothetical protein
OGCOPLJJ_06016	CDS	324				hypothetical protein
OGCOPLJJ_06017	CDS	192				hypothetical protein
OGCOPLJJ_06018	CDS	315				hypothetical protein
OGCOPLJJ_06019	CDS	288		2.7.4.1	COG2326	Polyphosphate:ADP phosphotransferase
OGCOPLJJ_06020	CDS	231				hypothetical protein
OGCOPLJJ_06021	CDS	516				hypothetical protein
OGCOPLJJ_06022	CDS	357				hypothetical protein
OGCOPLJJ_06023	CDS	852				hypothetical protein
OGCOPLJJ_06024	CDS	276				hypothetical protein
OGCOPLJJ_06025	CDS	117				hypothetical protein
OGCOPLJJ_06026	CDS	246				hypothetical protein
OGCOPLJJ_06027	CDS	498	uup_1		COG0488	ABC transporter ATP-binding protein uup
OGCOPLJJ_06028	CDS	390				hypothetical protein
OGCOPLJJ_06029	CDS	576	mukB_3			Chromosome partition protein MukB
OGCOPLJJ_06030	tRNA	78				tRNA-Val(gac)
OGCOPLJJ_06031	CDS	498				hypothetical protein
OGCOPLJJ_06032	CDS	276				hypothetical protein
OGCOPLJJ_06033	CDS	543				hypothetical protein
OGCOPLJJ_06034	CDS	303				hypothetical protein
OGCOPLJJ_06035	CDS	135				hypothetical protein
OGCOPLJJ_06036	CDS	672				hypothetical protein
OGCOPLJJ_06037	CDS	258				hypothetical protein
OGCOPLJJ_06038	CDS	285				hypothetical protein
OGCOPLJJ_06039	CDS	411				hypothetical protein
OGCOPLJJ_06040	CDS	534				hypothetical protein
OGCOPLJJ_06041	CDS	207	mnmE_2	3.6.-.-	COG0486	tRNA modification GTPase MnmE
OGCOPLJJ_06042	CDS	471				hypothetical protein
OGCOPLJJ_06043	CDS	423				hypothetical protein
OGCOPLJJ_06044	CDS	153				hypothetical protein
OGCOPLJJ_06045	CDS	189				hypothetical protein
OGCOPLJJ_06046	CDS	360				hypothetical protein
OGCOPLJJ_06047	CDS	306				hypothetical protein
OGCOPLJJ_06048	CDS	474				hypothetical protein
OGCOPLJJ_06049	CDS	585				hypothetical protein
OGCOPLJJ_06050	CDS	930				hypothetical protein
OGCOPLJJ_06051	CDS	717	yfiZ		COG0609	putative siderophore transport system permease protein YfiZ
OGCOPLJJ_06052	CDS	282	dxr_2	1.1.1.267		1-deoxy-D-xylulose 5-phosphate reductoisomerase
OGCOPLJJ_06053	CDS	231				hypothetical protein
OGCOPLJJ_06054	CDS	378				hypothetical protein
OGCOPLJJ_06055	CDS	327				hypothetical protein
OGCOPLJJ_06056	CDS	366				hypothetical protein
OGCOPLJJ_06057	CDS	183				hypothetical protein
OGCOPLJJ_06058	CDS	582				hypothetical protein
OGCOPLJJ_06059	CDS	201				hypothetical protein
OGCOPLJJ_06060	CDS	555	mdtC_2			Multidrug resistance protein MdtC
OGCOPLJJ_06061	CDS	333				hypothetical protein
OGCOPLJJ_06062	CDS	120				hypothetical protein
OGCOPLJJ_06063	CDS	435				hypothetical protein
OGCOPLJJ_06064	CDS	381				hypothetical protein
OGCOPLJJ_06065	CDS	255				hypothetical protein
OGCOPLJJ_06066	CDS	426	accC_2	6.3.4.14	COG0439	Biotin carboxylase
OGCOPLJJ_06067	CDS	210				hypothetical protein
OGCOPLJJ_06068	CDS	543				hypothetical protein
OGCOPLJJ_06069	CDS	582	purF_5	2.4.2.14		Amidophosphoribosyltransferase
OGCOPLJJ_06070	CDS	237				hypothetical protein
OGCOPLJJ_06071	CDS	804				hypothetical protein
OGCOPLJJ_06072	CDS	246				hypothetical protein
OGCOPLJJ_06073	CDS	924				hypothetical protein
OGCOPLJJ_06074	CDS	333				hypothetical protein
OGCOPLJJ_06075	CDS	231				hypothetical protein
OGCOPLJJ_06076	CDS	825				hypothetical protein
OGCOPLJJ_06077	CDS	636				hypothetical protein
OGCOPLJJ_06078	CDS	615				hypothetical protein
OGCOPLJJ_06079	CDS	333				hypothetical protein
OGCOPLJJ_06080	CDS	501				hypothetical protein
OGCOPLJJ_06081	CDS	498				hypothetical protein
OGCOPLJJ_06082	CDS	228				hypothetical protein
OGCOPLJJ_06083	CDS	561	nqrA	7.2.1.1	COG1726	Na(+)-translocating NADH-quinone reductase subunit A
OGCOPLJJ_06084	CDS	468				hypothetical protein
OGCOPLJJ_06085	CDS	771				hypothetical protein
OGCOPLJJ_06086	CDS	153				hypothetical protein
OGCOPLJJ_06087	CDS	750				hypothetical protein
OGCOPLJJ_06088	CDS	675				hypothetical protein
OGCOPLJJ_06089	CDS	537				hypothetical protein
OGCOPLJJ_06090	CDS	636				hypothetical protein
OGCOPLJJ_06091	CDS	123				hypothetical protein
OGCOPLJJ_06092	CDS	453				hypothetical protein
OGCOPLJJ_06093	CDS	285				hypothetical protein
OGCOPLJJ_06094	CDS	234				hypothetical protein
OGCOPLJJ_06095	CDS	255	lnpD	5.1.3.2		UDP-glucose 4-epimerase
OGCOPLJJ_06096	CDS	315				hypothetical protein
OGCOPLJJ_06097	CDS	459				hypothetical protein
OGCOPLJJ_06098	CDS	324	pth_2	3.1.1.29	COG0193	Peptidyl-tRNA hydrolase
OGCOPLJJ_06099	CDS	483				hypothetical protein
OGCOPLJJ_06100	CDS	909	priA_2	3.6.4.-		primosomal protein N'
OGCOPLJJ_06101	CDS	489				hypothetical protein
OGCOPLJJ_06102	CDS	540				hypothetical protein
OGCOPLJJ_06103	CDS	186				hypothetical protein
OGCOPLJJ_06104	CDS	855	metAS	2.3.1.30		Homoserine O-succinyltransferase
OGCOPLJJ_06105	CDS	285				hypothetical protein
OGCOPLJJ_06106	CDS	339				hypothetical protein
OGCOPLJJ_06107	CDS	174				hypothetical protein
OGCOPLJJ_06108	CDS	219				hypothetical protein
OGCOPLJJ_06109	CDS	204	mrcA_3		COG5009	Penicillin-binding protein 1A
OGCOPLJJ_06110	CDS	441				hypothetical protein
OGCOPLJJ_06111	CDS	561				hypothetical protein
OGCOPLJJ_06112	CDS	414				hypothetical protein
OGCOPLJJ_06113	CDS	675				hypothetical protein
OGCOPLJJ_06114	CDS	402				hypothetical protein
OGCOPLJJ_06115	CDS	588				hypothetical protein
OGCOPLJJ_06116	CDS	315	prr_3	1.2.1.19	COG1012	Gamma-aminobutyraldehyde dehydrogenase
OGCOPLJJ_06117	CDS	354				hypothetical protein
OGCOPLJJ_06118	CDS	759	mtgA_2	2.4.1.129		Biosynthetic peptidoglycan transglycosylase
OGCOPLJJ_06119	CDS	663				hypothetical protein
OGCOPLJJ_06120	CDS	588				hypothetical protein
OGCOPLJJ_06121	CDS	102				hypothetical protein
OGCOPLJJ_06122	CDS	522				hypothetical protein
OGCOPLJJ_06123	CDS	282				hypothetical protein
OGCOPLJJ_06124	CDS	264				hypothetical protein
OGCOPLJJ_06125	CDS	204				hypothetical protein
OGCOPLJJ_06126	CDS	411				hypothetical protein
OGCOPLJJ_06127	CDS	411				hypothetical protein
OGCOPLJJ_06128	CDS	492				hypothetical protein
OGCOPLJJ_06129	CDS	627				hypothetical protein
OGCOPLJJ_06130	CDS	390				hypothetical protein
OGCOPLJJ_06131	CDS	204				hypothetical protein
OGCOPLJJ_06132	CDS	357	arcA		COG0745	Aerobic respiration control protein ArcA
OGCOPLJJ_06133	tRNA	74				tRNA-Gly(ccc)
OGCOPLJJ_06134	CDS	267				hypothetical protein
OGCOPLJJ_06135	CDS	282				hypothetical protein
OGCOPLJJ_06136	CDS	411				hypothetical protein
OGCOPLJJ_06137	CDS	471				hypothetical protein
OGCOPLJJ_06138	CDS	258				hypothetical protein
OGCOPLJJ_06139	CDS	264				hypothetical protein
OGCOPLJJ_06140	CDS	288				hypothetical protein
OGCOPLJJ_06141	CDS	399				hypothetical protein
OGCOPLJJ_06142	CDS	444				hypothetical protein
OGCOPLJJ_06143	CDS	351				hypothetical protein
OGCOPLJJ_06144	CDS	240				hypothetical protein
OGCOPLJJ_06145	CDS	198	cydB_4	7.1.1.7	COG1294	Cytochrome bd-I ubiquinol oxidase subunit 2
OGCOPLJJ_06146	CDS	765				hypothetical protein
OGCOPLJJ_06147	CDS	480				hypothetical protein
OGCOPLJJ_06148	CDS	405				hypothetical protein
OGCOPLJJ_06149	CDS	258				hypothetical protein
OGCOPLJJ_06150	CDS	501				hypothetical protein
OGCOPLJJ_06151	CDS	270				hypothetical protein
OGCOPLJJ_06152	CDS	465				hypothetical protein
OGCOPLJJ_06153	CDS	198				hypothetical protein
OGCOPLJJ_06154	CDS	249				hypothetical protein
OGCOPLJJ_06155	CDS	168				hypothetical protein
OGCOPLJJ_06156	CDS	519				hypothetical protein
OGCOPLJJ_06157	CDS	297				hypothetical protein
OGCOPLJJ_06158	CDS	432				hypothetical protein
OGCOPLJJ_06159	CDS	579				hypothetical protein
OGCOPLJJ_06160	CDS	261				hypothetical protein
OGCOPLJJ_06161	CDS	555				hypothetical protein
OGCOPLJJ_06162	CDS	456				hypothetical protein
OGCOPLJJ_06163	CDS	399				hypothetical protein
OGCOPLJJ_06164	CDS	309				hypothetical protein
OGCOPLJJ_06165	CDS	267				hypothetical protein
OGCOPLJJ_06166	CDS	261				hypothetical protein
OGCOPLJJ_06167	CDS	201				hypothetical protein
OGCOPLJJ_06168	CDS	396	bioA_3	2.6.1.62		Adenosylmethionine-8-amino-7-oxononanoate aminotransferase
OGCOPLJJ_06169	CDS	201				hypothetical protein
OGCOPLJJ_06170	CDS	498				hypothetical protein
OGCOPLJJ_06171	CDS	432				hypothetical protein
OGCOPLJJ_06172	CDS	387				hypothetical protein
OGCOPLJJ_06173	CDS	309				hypothetical protein
OGCOPLJJ_06174	CDS	411				hypothetical protein
OGCOPLJJ_06175	CDS	393				hypothetical protein
OGCOPLJJ_06176	CDS	213				hypothetical protein
OGCOPLJJ_06177	CDS	300				hypothetical protein
OGCOPLJJ_06178	CDS	744				hypothetical protein
OGCOPLJJ_06179	CDS	246				hypothetical protein
OGCOPLJJ_06180	CDS	621				hypothetical protein
OGCOPLJJ_06181	CDS	147				hypothetical protein
OGCOPLJJ_06182	CDS	837				hypothetical protein
OGCOPLJJ_06183	CDS	345				hypothetical protein
OGCOPLJJ_06184	CDS	420				hypothetical protein
OGCOPLJJ_06185	CDS	336				hypothetical protein
OGCOPLJJ_06186	CDS	630				hypothetical protein
OGCOPLJJ_06187	CDS	237	creC	2.7.13.3	COG0642	Sensor protein CreC
OGCOPLJJ_06188	CDS	372				hypothetical protein
OGCOPLJJ_06189	CDS	744				hypothetical protein
OGCOPLJJ_06190	CDS	468				hypothetical protein
OGCOPLJJ_06191	CDS	222				hypothetical protein
OGCOPLJJ_06192	CDS	372				hypothetical protein
OGCOPLJJ_06193	CDS	357	rhtB_5		COG1280	Homoserine/homoserine lactone efflux protein
OGCOPLJJ_06194	CDS	249				hypothetical protein
OGCOPLJJ_06195	CDS	177				hypothetical protein
OGCOPLJJ_06196	CDS	300				hypothetical protein
OGCOPLJJ_06197	CDS	309				hypothetical protein
OGCOPLJJ_06198	CDS	444				hypothetical protein
OGCOPLJJ_06199	CDS	195				hypothetical protein
OGCOPLJJ_06200	CDS	264				hypothetical protein
OGCOPLJJ_06201	CDS	438				hypothetical protein
OGCOPLJJ_06202	CDS	228				hypothetical protein
OGCOPLJJ_06203	CDS	429				hypothetical protein
OGCOPLJJ_06204	CDS	336				hypothetical protein
OGCOPLJJ_06205	CDS	438				hypothetical protein
OGCOPLJJ_06206	CDS	273				hypothetical protein
OGCOPLJJ_06207	CDS	243				hypothetical protein
OGCOPLJJ_06208	CDS	264				hypothetical protein
OGCOPLJJ_06209	CDS	750				hypothetical protein
OGCOPLJJ_06210	CDS	582				hypothetical protein
OGCOPLJJ_06211	CDS	582				hypothetical protein
OGCOPLJJ_06212	CDS	129				hypothetical protein
OGCOPLJJ_06213	CDS	291	yebT		COG3008	Intermembrane transport protein YebT
OGCOPLJJ_06214	CDS	330				hypothetical protein
OGCOPLJJ_06215	CDS	309				hypothetical protein
OGCOPLJJ_06216	CDS	468				hypothetical protein
OGCOPLJJ_06217	CDS	903				hypothetical protein
OGCOPLJJ_06218	CDS	258				hypothetical protein
OGCOPLJJ_06219	CDS	435				hypothetical protein
OGCOPLJJ_06220	CDS	780				hypothetical protein
OGCOPLJJ_06221	CDS	615	rhtA_3		COG5006	Threonine/homoserine exporter RhtA
OGCOPLJJ_06222	CDS	426				hypothetical protein
OGCOPLJJ_06223	CDS	204				hypothetical protein
OGCOPLJJ_06224	CDS	444	maeA_1	1.1.1.38		NAD-dependent malic enzyme
OGCOPLJJ_06225	CDS	648	maeA_2	1.1.1.38		NAD-dependent malic enzyme
OGCOPLJJ_06226	CDS	435				hypothetical protein
OGCOPLJJ_06227	CDS	330				hypothetical protein
OGCOPLJJ_06228	CDS	366				hypothetical protein
OGCOPLJJ_06229	CDS	405				hypothetical protein
OGCOPLJJ_06230	CDS	177				hypothetical protein
OGCOPLJJ_06231	CDS	279	rpsS_2		COG0185	30S ribosomal protein S19
OGCOPLJJ_06232	CDS	237	rpsC_2		COG0092	30S ribosomal protein S3
OGCOPLJJ_06233	CDS	195				hypothetical protein
OGCOPLJJ_06234	CDS	564				hypothetical protein
OGCOPLJJ_06235	CDS	225	qutE	4.2.1.10		Catabolic 3-dehydroquinase
OGCOPLJJ_06236	CDS	267				hypothetical protein
OGCOPLJJ_06237	CDS	165	accB_2		COG0511	Biotin carboxyl carrier protein of acetyl-CoA carboxylase
OGCOPLJJ_06238	CDS	360				hypothetical protein
OGCOPLJJ_06239	CDS	357				hypothetical protein
OGCOPLJJ_06240	CDS	675				hypothetical protein
OGCOPLJJ_06241	CDS	246				hypothetical protein
OGCOPLJJ_06242	CDS	480				hypothetical protein
OGCOPLJJ_06243	CDS	432				hypothetical protein
OGCOPLJJ_06244	CDS	351				hypothetical protein
OGCOPLJJ_06245	CDS	411				hypothetical protein
OGCOPLJJ_06246	CDS	156				hypothetical protein
OGCOPLJJ_06247	CDS	585				hypothetical protein
OGCOPLJJ_06248	CDS	528				hypothetical protein
OGCOPLJJ_06249	CDS	609				hypothetical protein
OGCOPLJJ_06250	CDS	522				hypothetical protein
OGCOPLJJ_06251	CDS	276	pflB_2	2.3.1.54	COG1882	Formate acetyltransferase 1
OGCOPLJJ_06252	CDS	285	yebC_2		COG0217	putative transcriptional regulatory protein YebC
OGCOPLJJ_06253	CDS	312				hypothetical protein
OGCOPLJJ_06254	CDS	432				hypothetical protein
OGCOPLJJ_06255	CDS	210				hypothetical protein
OGCOPLJJ_06256	CDS	438				hypothetical protein
OGCOPLJJ_06257	CDS	225				hypothetical protein
OGCOPLJJ_06258	CDS	225				hypothetical protein
OGCOPLJJ_06259	CDS	588				hypothetical protein
OGCOPLJJ_06260	CDS	549				hypothetical protein
OGCOPLJJ_06261	CDS	210				hypothetical protein
OGCOPLJJ_06262	CDS	672	fdhD_2			Sulfur carrier protein FdhD
OGCOPLJJ_06263	CDS	573				hypothetical protein
OGCOPLJJ_06264	CDS	360				hypothetical protein
OGCOPLJJ_06265	CDS	618				hypothetical protein
OGCOPLJJ_06266	CDS	555				hypothetical protein
OGCOPLJJ_06267	CDS	228				hypothetical protein
OGCOPLJJ_06268	tRNA	88				tRNA-Ser(tga)
OGCOPLJJ_06269	CDS	177				hypothetical protein
OGCOPLJJ_06270	CDS	453				hypothetical protein
OGCOPLJJ_06271	CDS	699				hypothetical protein
OGCOPLJJ_06272	CDS	540				hypothetical protein
OGCOPLJJ_06273	CDS	711				hypothetical protein
OGCOPLJJ_06274	CDS	345				hypothetical protein
OGCOPLJJ_06275	CDS	315	zapC_1			Cell division protein ZapC
OGCOPLJJ_06276	CDS	246	zapC_2			Cell division protein ZapC
OGCOPLJJ_06277	CDS	465				hypothetical protein
OGCOPLJJ_06278	CDS	660				hypothetical protein
OGCOPLJJ_06279	CDS	351				hypothetical protein
OGCOPLJJ_06280	CDS	309				hypothetical protein
OGCOPLJJ_06281	CDS	411				hypothetical protein
OGCOPLJJ_06282	CDS	243				hypothetical protein
OGCOPLJJ_06283	CDS	564				hypothetical protein
OGCOPLJJ_06284	CDS	687				hypothetical protein
OGCOPLJJ_06285	CDS	405				hypothetical protein
OGCOPLJJ_06286	CDS	651	malG		COG3833	Maltose/maltodextrin transport system permease protein MalG
OGCOPLJJ_06287	CDS	666				hypothetical protein
OGCOPLJJ_06288	CDS	615				hypothetical protein
OGCOPLJJ_06289	CDS	483				hypothetical protein
OGCOPLJJ_06290	CDS	528				hypothetical protein
OGCOPLJJ_06291	CDS	330				hypothetical protein
OGCOPLJJ_06292	CDS	189				hypothetical protein
OGCOPLJJ_06293	CDS	714				hypothetical protein
OGCOPLJJ_06294	CDS	609				hypothetical protein
OGCOPLJJ_06295	CDS	321				hypothetical protein
OGCOPLJJ_06296	CDS	477				hypothetical protein
OGCOPLJJ_06297	CDS	228				hypothetical protein
OGCOPLJJ_06298	CDS	372				hypothetical protein
OGCOPLJJ_06299	CDS	426	leuS_2	6.1.1.4	COG0495	Leucine--tRNA ligase
OGCOPLJJ_06300	CDS	366				hypothetical protein
OGCOPLJJ_06301	CDS	501				hypothetical protein
OGCOPLJJ_06302	CDS	501				hypothetical protein
OGCOPLJJ_06303	CDS	450				hypothetical protein
OGCOPLJJ_06304	CDS	369				hypothetical protein
OGCOPLJJ_06305	CDS	564				hypothetical protein
OGCOPLJJ_06306	CDS	225	rlmI	2.1.1.191	COG1092	Ribosomal RNA large subunit methyltransferase I
OGCOPLJJ_06307	CDS	417				hypothetical protein
OGCOPLJJ_06308	CDS	261	ilvI_3	2.2.1.6	COG0028	Acetolactate synthase isozyme 3 large subunit
OGCOPLJJ_06309	CDS	315				hypothetical protein
OGCOPLJJ_06310	CDS	306	ilvH_3	2.2.1.6	COG0440	Acetolactate synthase isozyme 3 small subunit
OGCOPLJJ_06311	CDS	534				hypothetical protein
OGCOPLJJ_06312	CDS	378	bepA_3	3.4.-.-		Beta-barrel assembly-enhancing protease
OGCOPLJJ_06313	CDS	243				hypothetical protein
OGCOPLJJ_06314	CDS	285				hypothetical protein
OGCOPLJJ_06315	CDS	621				hypothetical protein
OGCOPLJJ_06316	CDS	492				hypothetical protein
OGCOPLJJ_06317	CDS	492				hypothetical protein
OGCOPLJJ_06318	CDS	642				hypothetical protein
OGCOPLJJ_06319	CDS	153				hypothetical protein
OGCOPLJJ_06320	CDS	240				hypothetical protein
OGCOPLJJ_06321	CDS	444				hypothetical protein
OGCOPLJJ_06322	CDS	237	mscM		COG3264	Miniconductance mechanosensitive channel MscM
OGCOPLJJ_06323	CDS	375				hypothetical protein
OGCOPLJJ_06324	CDS	561				hypothetical protein
OGCOPLJJ_06325	CDS	477				hypothetical protein
OGCOPLJJ_06326	CDS	159				hypothetical protein
OGCOPLJJ_06327	CDS	234	folE_2	3.5.4.16	COG0302	GTP cyclohydrolase 1
OGCOPLJJ_06328	CDS	381				hypothetical protein
OGCOPLJJ_06329	CDS	165				hypothetical protein
OGCOPLJJ_06330	CDS	285				hypothetical protein
OGCOPLJJ_06331	CDS	405				hypothetical protein
OGCOPLJJ_06332	CDS	348				hypothetical protein
OGCOPLJJ_06333	CDS	426				hypothetical protein
OGCOPLJJ_06334	CDS	210				hypothetical protein
OGCOPLJJ_06335	CDS	564	queA_2	2.4.99.17		S-adenosylmethionine:tRNA ribosyltransferase-isomerase
OGCOPLJJ_06336	CDS	297				hypothetical protein
OGCOPLJJ_06337	CDS	237				hypothetical protein
OGCOPLJJ_06338	CDS	366				hypothetical protein
OGCOPLJJ_06339	CDS	447				hypothetical protein
OGCOPLJJ_06340	CDS	465				hypothetical protein
OGCOPLJJ_06341	CDS	438				hypothetical protein
OGCOPLJJ_06342	CDS	417				hypothetical protein
OGCOPLJJ_06343	CDS	624	gbpA			GlcNAc-binding protein A
OGCOPLJJ_06344	CDS	339				hypothetical protein
OGCOPLJJ_06345	CDS	702	aat_3	2.3.2.6		Leucyl/phenylalanyl-tRNA--protein transferase
OGCOPLJJ_06346	CDS	228				hypothetical protein
OGCOPLJJ_06347	CDS	432				hypothetical protein
OGCOPLJJ_06348	CDS	312	srrA_2		COG0745	Transcriptional regulatory protein SrrA
OGCOPLJJ_06349	CDS	354				hypothetical protein
OGCOPLJJ_06350	CDS	534				hypothetical protein
OGCOPLJJ_06351	CDS	693				hypothetical protein
OGCOPLJJ_06352	CDS	819				hypothetical protein
OGCOPLJJ_06353	CDS	204				hypothetical protein
OGCOPLJJ_06354	CDS	429				hypothetical protein
OGCOPLJJ_06355	CDS	414				hypothetical protein
OGCOPLJJ_06356	CDS	618				hypothetical protein
OGCOPLJJ_06357	CDS	474				hypothetical protein
OGCOPLJJ_06358	CDS	300				hypothetical protein
OGCOPLJJ_06359	CDS	219				hypothetical protein
OGCOPLJJ_06360	CDS	189				hypothetical protein
OGCOPLJJ_06361	CDS	414				hypothetical protein
OGCOPLJJ_06362	CDS	279	phnR_2		COG2188	Putative transcriptional regulator of 2-aminoethylphosphonate degradation operons
OGCOPLJJ_06363	CDS	201				hypothetical protein
OGCOPLJJ_06364	CDS	138	glnB		COG0347	Nitrogen regulatory protein P-II
OGCOPLJJ_06365	CDS	459				hypothetical protein
OGCOPLJJ_06366	CDS	636				hypothetical protein
OGCOPLJJ_06367	CDS	294				hypothetical protein
OGCOPLJJ_06368	CDS	195				hypothetical protein
OGCOPLJJ_06369	CDS	504				hypothetical protein
OGCOPLJJ_06370	CDS	165				hypothetical protein
OGCOPLJJ_06371	CDS	285				hypothetical protein
OGCOPLJJ_06372	CDS	729				hypothetical protein
OGCOPLJJ_06373	CDS	507				hypothetical protein
OGCOPLJJ_06374	CDS	135				hypothetical protein
OGCOPLJJ_06375	CDS	459	relA_2	2.7.6.5	COG0317	GTP pyrophosphokinase
OGCOPLJJ_06376	CDS	687				hypothetical protein
OGCOPLJJ_06377	CDS	258				hypothetical protein
OGCOPLJJ_06378	CDS	342				hypothetical protein
OGCOPLJJ_06379	CDS	273				hypothetical protein
OGCOPLJJ_06380	CDS	270				hypothetical protein
OGCOPLJJ_06381	CDS	597				hypothetical protein
OGCOPLJJ_06382	CDS	276		3.4.17.19	COG2317	Thermostable carboxypeptidase 1
OGCOPLJJ_06383	CDS	435				hypothetical protein
OGCOPLJJ_06384	CDS	414				hypothetical protein
OGCOPLJJ_06385	CDS	312	ppsC_2	2.3.1.-	COG1020	Plipastatin synthase subunit C
OGCOPLJJ_06386	CDS	576				hypothetical protein
OGCOPLJJ_06387	CDS	594				hypothetical protein
OGCOPLJJ_06388	CDS	252				hypothetical protein
OGCOPLJJ_06389	CDS	288				hypothetical protein
OGCOPLJJ_06390	CDS	468				hypothetical protein
OGCOPLJJ_06391	CDS	201				hypothetical protein
OGCOPLJJ_06392	CDS	261				hypothetical protein
OGCOPLJJ_06393	CDS	453				hypothetical protein
OGCOPLJJ_06394	CDS	447	rsxD	7.-.-.-		Ion-translocating oxidoreductase complex subunit D
OGCOPLJJ_06395	CDS	288	rnfD	7.-.-.-	COG4658	Ion-translocating oxidoreductase complex subunit D
OGCOPLJJ_06396	CDS	195				hypothetical protein
OGCOPLJJ_06397	CDS	606				hypothetical protein
OGCOPLJJ_06398	CDS	258	dsdA_2	4.3.1.18		D-serine dehydratase
OGCOPLJJ_06399	CDS	408				hypothetical protein
OGCOPLJJ_06400	CDS	396				hypothetical protein
OGCOPLJJ_06401	CDS	603				hypothetical protein
OGCOPLJJ_06402	CDS	279				hypothetical protein
OGCOPLJJ_06403	CDS	315				hypothetical protein
OGCOPLJJ_06404	CDS	486				hypothetical protein
OGCOPLJJ_06405	CDS	282				hypothetical protein
OGCOPLJJ_06406	CDS	240				hypothetical protein
OGCOPLJJ_06407	CDS	282				hypothetical protein
OGCOPLJJ_06408	CDS	333				hypothetical protein
OGCOPLJJ_06409	CDS	558	arnC_2	2.4.2.53		Undecaprenyl-phosphate 4-deoxy-4-formamido-L-arabinose transferase
OGCOPLJJ_06410	CDS	225	nqrF_2	7.2.1.1	COG2871	Na(+)-translocating NADH-quinone reductase subunit F
OGCOPLJJ_06411	CDS	195				hypothetical protein
OGCOPLJJ_06412	CDS	267				hypothetical protein
OGCOPLJJ_06413	CDS	597				hypothetical protein
OGCOPLJJ_06414	CDS	288				hypothetical protein
OGCOPLJJ_06415	CDS	546				hypothetical protein
OGCOPLJJ_06416	CDS	192				hypothetical protein
OGCOPLJJ_06417	CDS	453				hypothetical protein
OGCOPLJJ_06418	CDS	240	ravA	3.6.3.-		ATPase RavA
OGCOPLJJ_06419	CDS	474				hypothetical protein
OGCOPLJJ_06420	CDS	615				hypothetical protein
OGCOPLJJ_06421	CDS	477				hypothetical protein
OGCOPLJJ_06422	CDS	252				hypothetical protein
OGCOPLJJ_06423	CDS	441	glsA2	3.5.1.2	COG2066	Glutaminase 2
OGCOPLJJ_06424	CDS	426	rdgC_2			Recombination-associated protein RdgC
OGCOPLJJ_06425	CDS	312				hypothetical protein
OGCOPLJJ_06426	CDS	456				hypothetical protein
OGCOPLJJ_06427	CDS	237	rhlE	3.6.4.13	COG0513	ATP-dependent RNA helicase RhlE
OGCOPLJJ_06428	CDS	231				hypothetical protein
OGCOPLJJ_06429	CDS	414				hypothetical protein
OGCOPLJJ_06430	CDS	462				hypothetical protein
OGCOPLJJ_06431	CDS	615				hypothetical protein
OGCOPLJJ_06432	CDS	351				hypothetical protein
OGCOPLJJ_06433	CDS	366				hypothetical protein
OGCOPLJJ_06434	CDS	489				hypothetical protein
OGCOPLJJ_06435	CDS	261				hypothetical protein
OGCOPLJJ_06436	CDS	402	argH	4.3.2.1		Argininosuccinate lyase
OGCOPLJJ_06437	CDS	237				hypothetical protein
OGCOPLJJ_06438	CDS	228				hypothetical protein
OGCOPLJJ_06439	CDS	432				hypothetical protein
OGCOPLJJ_06440	CDS	150				hypothetical protein
OGCOPLJJ_06441	CDS	219				hypothetical protein
OGCOPLJJ_06442	CDS	195				hypothetical protein
OGCOPLJJ_06443	CDS	180				hypothetical protein
OGCOPLJJ_06444	CDS	519				hypothetical protein
OGCOPLJJ_06445	CDS	387				hypothetical protein
OGCOPLJJ_06446	CDS	324				hypothetical protein
OGCOPLJJ_06447	CDS	429	sfsA			Sugar fermentation stimulation protein A
OGCOPLJJ_06448	CDS	600	nagC		COG1940	N-acetylglucosamine repressor
OGCOPLJJ_06449	CDS	222				hypothetical protein
OGCOPLJJ_06450	CDS	303				hypothetical protein
OGCOPLJJ_06451	CDS	252				hypothetical protein
OGCOPLJJ_06452	CDS	723				hypothetical protein
OGCOPLJJ_06453	CDS	423				hypothetical protein
OGCOPLJJ_06454	CDS	303				hypothetical protein
OGCOPLJJ_06455	CDS	444				hypothetical protein
OGCOPLJJ_06456	CDS	678				hypothetical protein
OGCOPLJJ_06457	tRNA	77				tRNA-Met(cat)
OGCOPLJJ_06458	tRNA	77				tRNA-Met(cat)
OGCOPLJJ_06459	CDS	183				hypothetical protein
OGCOPLJJ_06460	CDS	498				hypothetical protein
OGCOPLJJ_06461	CDS	213				hypothetical protein
OGCOPLJJ_06462	CDS	321				hypothetical protein
OGCOPLJJ_06463	CDS	546				hypothetical protein
OGCOPLJJ_06464	CDS	318				hypothetical protein
OGCOPLJJ_06465	CDS	150	glmM_3	5.4.2.10	COG1109	Phosphoglucosamine mutase
OGCOPLJJ_06466	CDS	540	tpiA_3	5.3.1.1	COG0149	Triosephosphate isomerase
OGCOPLJJ_06467	CDS	435				hypothetical protein
OGCOPLJJ_06468	CDS	135				hypothetical protein
OGCOPLJJ_06469	CDS	756				hypothetical protein
OGCOPLJJ_06470	CDS	246				hypothetical protein
OGCOPLJJ_06471	CDS	330				hypothetical protein
OGCOPLJJ_06472	CDS	252	pdxA_2	1.1.1.262	COG1995	4-hydroxythreonine-4-phosphate dehydrogenase
OGCOPLJJ_06473	CDS	315				hypothetical protein
OGCOPLJJ_06474	CDS	489				hypothetical protein
OGCOPLJJ_06475	CDS	735	ftsZ_2			Cell division protein FtsZ
OGCOPLJJ_06476	CDS	588	menE_3	6.2.1.26		2-succinylbenzoate--CoA ligase
OGCOPLJJ_06477	CDS	426				hypothetical protein
OGCOPLJJ_06478	CDS	366				hypothetical protein
OGCOPLJJ_06479	CDS	249				hypothetical protein
OGCOPLJJ_06480	CDS	342				hypothetical protein
OGCOPLJJ_06481	CDS	300				hypothetical protein
OGCOPLJJ_06482	CDS	168				hypothetical protein
OGCOPLJJ_06483	CDS	516				hypothetical protein
OGCOPLJJ_06484	CDS	726				hypothetical protein
OGCOPLJJ_06485	CDS	660				hypothetical protein
OGCOPLJJ_06486	CDS	363				hypothetical protein
OGCOPLJJ_06487	CDS	480				hypothetical protein
OGCOPLJJ_06488	CDS	252				hypothetical protein
OGCOPLJJ_06489	CDS	285				hypothetical protein
OGCOPLJJ_06490	CDS	456				hypothetical protein
OGCOPLJJ_06491	CDS	735				hypothetical protein
OGCOPLJJ_06492	CDS	381				hypothetical protein
OGCOPLJJ_06493	CDS	558				hypothetical protein
OGCOPLJJ_06494	CDS	360				hypothetical protein
OGCOPLJJ_06495	CDS	465				hypothetical protein
OGCOPLJJ_06496	CDS	177				hypothetical protein
OGCOPLJJ_06497	CDS	279				hypothetical protein
OGCOPLJJ_06498	CDS	447				hypothetical protein
OGCOPLJJ_06499	CDS	261				hypothetical protein
OGCOPLJJ_06500	CDS	414				hypothetical protein
OGCOPLJJ_06501	CDS	498				hypothetical protein
OGCOPLJJ_06502	CDS	279				hypothetical protein
OGCOPLJJ_06503	CDS	267	recX_2			Regulatory protein RecX
OGCOPLJJ_06504	CDS	438				hypothetical protein
OGCOPLJJ_06505	CDS	486	recF_2		COG1195	DNA replication and repair protein RecF
OGCOPLJJ_06506	CDS	819	GFM1_2			Elongation factor G, mitochondrial
OGCOPLJJ_06507	CDS	435				hypothetical protein
OGCOPLJJ_06508	CDS	435				hypothetical protein
OGCOPLJJ_06509	CDS	324				hypothetical protein
OGCOPLJJ_06510	CDS	531				hypothetical protein
OGCOPLJJ_06511	CDS	213				hypothetical protein
OGCOPLJJ_06512	CDS	393				hypothetical protein
OGCOPLJJ_06513	CDS	747				hypothetical protein
OGCOPLJJ_06514	CDS	432	ghxQ		COG2252	Guanine/hypoxanthine permease GhxQ
OGCOPLJJ_06515	CDS	558	dapB_2	1.17.1.8		4-hydroxy-tetrahydrodipicolinate reductase
OGCOPLJJ_06516	CDS	441				hypothetical protein
OGCOPLJJ_06517	CDS	633				hypothetical protein
OGCOPLJJ_06518	CDS	273	nifJ	1.2.7.-	COG0674	Pyruvate-flavodoxin oxidoreductase
OGCOPLJJ_06519	CDS	741				hypothetical protein
OGCOPLJJ_06520	CDS	369				hypothetical protein
OGCOPLJJ_06521	CDS	531				hypothetical protein
OGCOPLJJ_06522	CDS	324	mtfA			Protein MtfA
OGCOPLJJ_06523	CDS	405				hypothetical protein
OGCOPLJJ_06524	CDS	291				hypothetical protein
OGCOPLJJ_06525	CDS	369				hypothetical protein
OGCOPLJJ_06526	CDS	240				hypothetical protein
OGCOPLJJ_06527	CDS	402				hypothetical protein
OGCOPLJJ_06528	CDS	297				hypothetical protein
OGCOPLJJ_06529	CDS	420				hypothetical protein
OGCOPLJJ_06530	CDS	327				hypothetical protein
OGCOPLJJ_06531	CDS	333				hypothetical protein
OGCOPLJJ_06532	CDS	324				hypothetical protein
OGCOPLJJ_06533	CDS	255				hypothetical protein
OGCOPLJJ_06534	CDS	624				hypothetical protein
OGCOPLJJ_06535	CDS	315				hypothetical protein
OGCOPLJJ_06536	CDS	231				hypothetical protein
OGCOPLJJ_06537	CDS	255				hypothetical protein
OGCOPLJJ_06538	CDS	255				hypothetical protein
OGCOPLJJ_06539	CDS	189				hypothetical protein
OGCOPLJJ_06540	CDS	504	dnaA_2			Chromosomal replication initiator protein DnaA
OGCOPLJJ_06541	CDS	204			COG0247	putative protein
OGCOPLJJ_06542	CDS	183				hypothetical protein
OGCOPLJJ_06543	CDS	123				hypothetical protein
OGCOPLJJ_06544	CDS	282	rsd		COG3160	Regulator of sigma D
OGCOPLJJ_06545	CDS	459				hypothetical protein
OGCOPLJJ_06546	CDS	426				hypothetical protein
OGCOPLJJ_06547	CDS	225				hypothetical protein
OGCOPLJJ_06548	CDS	270	pdxY	2.7.1.35	COG2240	Pyridoxal kinase PdxY
OGCOPLJJ_06549	CDS	279				hypothetical protein
OGCOPLJJ_06550	CDS	459				hypothetical protein
OGCOPLJJ_06551	CDS	249				hypothetical protein
OGCOPLJJ_06552	CDS	252				hypothetical protein
OGCOPLJJ_06553	CDS	336				hypothetical protein
OGCOPLJJ_06554	CDS	423				hypothetical protein
OGCOPLJJ_06555	CDS	297				hypothetical protein
OGCOPLJJ_06556	CDS	678	hutG_3	3.5.3.8		Formimidoylglutamase
OGCOPLJJ_06557	CDS	213	hutG_4	3.5.3.8		Formimidoylglutamase
OGCOPLJJ_06558	CDS	657			COG1974	putative HTH-type transcriptional regulator
OGCOPLJJ_06559	CDS	150				hypothetical protein
OGCOPLJJ_06560	CDS	276				hypothetical protein
OGCOPLJJ_06561	CDS	501				hypothetical protein
OGCOPLJJ_06562	CDS	276				hypothetical protein
OGCOPLJJ_06563	CDS	744				hypothetical protein
OGCOPLJJ_06564	CDS	219	dsdA_3	4.3.1.18		D-serine dehydratase
OGCOPLJJ_06565	CDS	555	purL_2	6.3.5.3		Phosphoribosylformylglycinamidine synthase
OGCOPLJJ_06566	CDS	360				hypothetical protein
OGCOPLJJ_06567	CDS	396				hypothetical protein
OGCOPLJJ_06568	CDS	345				hypothetical protein
OGCOPLJJ_06569	CDS	288				hypothetical protein
OGCOPLJJ_06570	CDS	339				hypothetical protein
OGCOPLJJ_06571	CDS	201				hypothetical protein
OGCOPLJJ_06572	CDS	213				hypothetical protein
OGCOPLJJ_06573	CDS	243				hypothetical protein
OGCOPLJJ_06574	CDS	483				hypothetical protein
OGCOPLJJ_06575	CDS	375				hypothetical protein
OGCOPLJJ_06576	CDS	252				hypothetical protein
OGCOPLJJ_06577	CDS	294				hypothetical protein
OGCOPLJJ_06578	CDS	201				hypothetical protein
OGCOPLJJ_06579	CDS	180				hypothetical protein
OGCOPLJJ_06580	CDS	393	rpoA_2	2.7.7.6		DNA-directed RNA polymerase subunit alpha
OGCOPLJJ_06581	CDS	270				hypothetical protein
OGCOPLJJ_06582	CDS	585				hypothetical protein
OGCOPLJJ_06583	CDS	279				hypothetical protein
OGCOPLJJ_06584	CDS	300	todT			Response regulator protein TodT
OGCOPLJJ_06585	CDS	255	ndk_2	2.7.4.6	COG0105	Nucleoside diphosphate kinase
OGCOPLJJ_06586	CDS	306				hypothetical protein
OGCOPLJJ_06587	CDS	438				hypothetical protein
OGCOPLJJ_06588	CDS	465				hypothetical protein
OGCOPLJJ_06589	CDS	273	lpxH_3	3.6.1.54	COG2908	UDP-2,3-diacylglucosamine hydrolase
OGCOPLJJ_06590	CDS	537				hypothetical protein
OGCOPLJJ_06591	CDS	573				hypothetical protein
OGCOPLJJ_06592	CDS	747			COG3039	IS5 family transposase ISAba31
OGCOPLJJ_06593	CDS	387				hypothetical protein
OGCOPLJJ_06594	CDS	504				hypothetical protein
OGCOPLJJ_06595	CDS	333				hypothetical protein
OGCOPLJJ_06596	CDS	186				hypothetical protein
OGCOPLJJ_06597	CDS	525				hypothetical protein
OGCOPLJJ_06598	CDS	288				hypothetical protein
OGCOPLJJ_06599	CDS	294				hypothetical protein
OGCOPLJJ_06600	CDS	600				hypothetical protein
OGCOPLJJ_06601	CDS	339				hypothetical protein
OGCOPLJJ_06602	CDS	102				hypothetical protein
OGCOPLJJ_06603	CDS	186	cyoB_2	7.1.1.3	COG0843	Cytochrome bo(3) ubiquinol oxidase subunit 1
OGCOPLJJ_06604	CDS	312				hypothetical protein
OGCOPLJJ_06605	CDS	465	mraY_2	2.7.8.13		Phospho-N-acetylmuramoyl-pentapeptide-transferase
OGCOPLJJ_06606	CDS	357	aroB_2	4.2.3.4		3-dehydroquinate synthase
OGCOPLJJ_06607	CDS	429				hypothetical protein
OGCOPLJJ_06608	CDS	342				hypothetical protein
OGCOPLJJ_06609	CDS	414	mutT	3.6.1.55	COG0494	8-oxo-dGTP diphosphatase
OGCOPLJJ_06610	CDS	324				hypothetical protein
OGCOPLJJ_06611	CDS	294				hypothetical protein
OGCOPLJJ_06612	CDS	210				hypothetical protein
OGCOPLJJ_06613	CDS	309				hypothetical protein
OGCOPLJJ_06614	CDS	282				hypothetical protein
OGCOPLJJ_06615	CDS	456				hypothetical protein
OGCOPLJJ_06616	CDS	276				hypothetical protein
OGCOPLJJ_06617	CDS	276				hypothetical protein
OGCOPLJJ_06618	CDS	648	trxB	1.8.1.9	COG0492	Thioredoxin reductase
OGCOPLJJ_06619	CDS	549				hypothetical protein
OGCOPLJJ_06620	CDS	363				hypothetical protein
OGCOPLJJ_06621	CDS	333	glmS_3	2.6.1.16	COG0449	Glutamine--fructose-6-phosphate aminotransferase [isomerizing]
OGCOPLJJ_06622	CDS	378				hypothetical protein
OGCOPLJJ_06623	CDS	336				hypothetical protein
OGCOPLJJ_06624	CDS	291				hypothetical protein
OGCOPLJJ_06625	CDS	483				hypothetical protein
OGCOPLJJ_06626	CDS	282	smg			Protein Smg
OGCOPLJJ_06627	CDS	441				hypothetical protein
OGCOPLJJ_06628	CDS	357				hypothetical protein
OGCOPLJJ_06629	CDS	270				hypothetical protein
OGCOPLJJ_06630	CDS	543				hypothetical protein
OGCOPLJJ_06631	CDS	288				hypothetical protein
OGCOPLJJ_06632	CDS	357	hipA	2.7.11.1	COG3550	Serine/threonine-protein kinase toxin HipA
OGCOPLJJ_06633	CDS	816				hypothetical protein
OGCOPLJJ_06634	CDS	693				hypothetical protein
OGCOPLJJ_06635	CDS	348				hypothetical protein
OGCOPLJJ_06636	CDS	651				hypothetical protein
OGCOPLJJ_06637	CDS	294				hypothetical protein
OGCOPLJJ_06638	CDS	399				hypothetical protein
OGCOPLJJ_06639	CDS	321				hypothetical protein
OGCOPLJJ_06640	CDS	270				hypothetical protein
OGCOPLJJ_06641	CDS	204				hypothetical protein
OGCOPLJJ_06642	CDS	243				hypothetical protein
OGCOPLJJ_06643	CDS	243				hypothetical protein
OGCOPLJJ_06644	CDS	621				hypothetical protein
OGCOPLJJ_06645	CDS	426				hypothetical protein
OGCOPLJJ_06646	CDS	267				hypothetical protein
OGCOPLJJ_06647	CDS	387				hypothetical protein
OGCOPLJJ_06648	CDS	438	rapA_2	3.6.4.-	COG0553	RNA polymerase-associated protein RapA
OGCOPLJJ_06649	CDS	648				hypothetical protein
OGCOPLJJ_06650	CDS	258				hypothetical protein
OGCOPLJJ_06651	CDS	231				hypothetical protein
OGCOPLJJ_06652	CDS	366				hypothetical protein
OGCOPLJJ_06653	CDS	273				hypothetical protein
OGCOPLJJ_06654	CDS	150				hypothetical protein
OGCOPLJJ_06655	CDS	330				hypothetical protein
OGCOPLJJ_06656	CDS	189				hypothetical protein
OGCOPLJJ_06657	CDS	255				hypothetical protein
OGCOPLJJ_06658	CDS	303				hypothetical protein
OGCOPLJJ_06659	CDS	702				hypothetical protein
OGCOPLJJ_06660	CDS	489				hypothetical protein
OGCOPLJJ_06661	CDS	558				hypothetical protein
OGCOPLJJ_06662	CDS	495				hypothetical protein
OGCOPLJJ_06663	CDS	477				hypothetical protein
OGCOPLJJ_06664	CDS	288				hypothetical protein
OGCOPLJJ_06665	CDS	204				hypothetical protein
OGCOPLJJ_06666	CDS	393				hypothetical protein
OGCOPLJJ_06667	CDS	339				hypothetical protein
OGCOPLJJ_06668	CDS	639				hypothetical protein
OGCOPLJJ_06669	CDS	276				hypothetical protein
OGCOPLJJ_06670	CDS	477				hypothetical protein
OGCOPLJJ_06671	CDS	555				hypothetical protein
OGCOPLJJ_06672	CDS	462				hypothetical protein
OGCOPLJJ_06673	CDS	669	nasD_2	1.7.1.4	COG1251	Nitrite reductase [NAD(P)H]
OGCOPLJJ_06674	CDS	357				hypothetical protein
OGCOPLJJ_06675	CDS	348				hypothetical protein
OGCOPLJJ_06676	CDS	210				hypothetical protein
OGCOPLJJ_06677	CDS	222	cysI_2	1.8.1.2	COG0155	Sulfite reductase [NADPH] hemoprotein beta-component
OGCOPLJJ_06678	CDS	555				hypothetical protein
OGCOPLJJ_06679	CDS	348				hypothetical protein
OGCOPLJJ_06680	CDS	648				hypothetical protein
OGCOPLJJ_06681	CDS	273				hypothetical protein
OGCOPLJJ_06682	CDS	423				hypothetical protein
OGCOPLJJ_06683	CDS	627				hypothetical protein
OGCOPLJJ_06684	CDS	483				hypothetical protein
OGCOPLJJ_06685	CDS	567				hypothetical protein
OGCOPLJJ_06686	CDS	543				hypothetical protein
OGCOPLJJ_06687	CDS	609				hypothetical protein
OGCOPLJJ_06688	CDS	261				hypothetical protein
OGCOPLJJ_06689	CDS	525				hypothetical protein
OGCOPLJJ_06690	CDS	399				hypothetical protein
OGCOPLJJ_06691	CDS	636				hypothetical protein
OGCOPLJJ_06692	CDS	219				hypothetical protein
OGCOPLJJ_06693	CDS	249				hypothetical protein
OGCOPLJJ_06694	CDS	174				hypothetical protein
OGCOPLJJ_06695	CDS	192				hypothetical protein
OGCOPLJJ_06696	CDS	588				hypothetical protein
OGCOPLJJ_06697	CDS	432	metG_2	6.1.1.10	COG0073	Methionine--tRNA ligase
OGCOPLJJ_06698	CDS	252				hypothetical protein
OGCOPLJJ_06699	CDS	225				hypothetical protein
OGCOPLJJ_06700	CDS	534				hypothetical protein
OGCOPLJJ_06701	CDS	267				hypothetical protein
OGCOPLJJ_06702	CDS	240				hypothetical protein
OGCOPLJJ_06703	CDS	621				hypothetical protein
OGCOPLJJ_06704	CDS	246				hypothetical protein
OGCOPLJJ_06705	CDS	303				hypothetical protein
OGCOPLJJ_06706	CDS	150				hypothetical protein
OGCOPLJJ_06707	CDS	522	coaA	2.7.1.33		Pantothenate kinase
OGCOPLJJ_06708	CDS	426				hypothetical protein
OGCOPLJJ_06709	CDS	369				hypothetical protein
OGCOPLJJ_06710	CDS	288				hypothetical protein
OGCOPLJJ_06711	CDS	270				hypothetical protein
OGCOPLJJ_06712	CDS	297				hypothetical protein
OGCOPLJJ_06713	CDS	177	tusA_4		COG0425	Sulfur carrier protein TusA
OGCOPLJJ_06714	CDS	522				hypothetical protein
OGCOPLJJ_06715	CDS	285				hypothetical protein
OGCOPLJJ_06716	CDS	162				hypothetical protein
OGCOPLJJ_06717	CDS	522				hypothetical protein
OGCOPLJJ_06718	CDS	504				hypothetical protein
OGCOPLJJ_06719	CDS	342				hypothetical protein
OGCOPLJJ_06720	CDS	315				hypothetical protein
OGCOPLJJ_06721	CDS	159	ygeW	2.1.3.-	COG0078	Putative carbamoyltransferase YgeW
OGCOPLJJ_06722	CDS	201				hypothetical protein
OGCOPLJJ_06723	CDS	441				hypothetical protein
OGCOPLJJ_06724	CDS	666				hypothetical protein
OGCOPLJJ_06725	CDS	468				hypothetical protein
OGCOPLJJ_06726	CDS	612				hypothetical protein
OGCOPLJJ_06727	CDS	189				hypothetical protein
OGCOPLJJ_06728	CDS	249	ribE_3	2.5.1.9		Riboflavin synthase
OGCOPLJJ_06729	CDS	240				hypothetical protein
OGCOPLJJ_06730	CDS	366				hypothetical protein
OGCOPLJJ_06731	CDS	618				hypothetical protein
OGCOPLJJ_06732	CDS	291				hypothetical protein
OGCOPLJJ_06733	CDS	174				hypothetical protein
OGCOPLJJ_06734	CDS	318				hypothetical protein
OGCOPLJJ_06735	CDS	306	glgB_2	2.4.1.18		1,4-alpha-glucan branching enzyme GlgB
OGCOPLJJ_06736	CDS	474				hypothetical protein
OGCOPLJJ_06737	CDS	531				hypothetical protein
OGCOPLJJ_06738	CDS	207				hypothetical protein
OGCOPLJJ_06739	CDS	780				hypothetical protein
OGCOPLJJ_06740	CDS	534				hypothetical protein
OGCOPLJJ_06741	CDS	468				hypothetical protein
OGCOPLJJ_06742	CDS	252				hypothetical protein
OGCOPLJJ_06743	CDS	252				hypothetical protein
OGCOPLJJ_06744	CDS	348				hypothetical protein
OGCOPLJJ_06745	CDS	534				hypothetical protein
OGCOPLJJ_06746	CDS	327				hypothetical protein
OGCOPLJJ_06747	CDS	468				hypothetical protein
OGCOPLJJ_06748	CDS	651				hypothetical protein
OGCOPLJJ_06749	CDS	111				hypothetical protein
OGCOPLJJ_06750	CDS	192	rpmC_2		COG0255	50S ribosomal protein L29
OGCOPLJJ_06751	CDS	189				hypothetical protein
OGCOPLJJ_06752	CDS	348				hypothetical protein
OGCOPLJJ_06753	CDS	255				hypothetical protein
OGCOPLJJ_06754	CDS	510	trmA_2	2.1.1.35		tRNA/tmRNA (uracil-C(5))-methyltransferase
OGCOPLJJ_06755	CDS	489				hypothetical protein
OGCOPLJJ_06756	CDS	327				hypothetical protein
OGCOPLJJ_06757	CDS	237				hypothetical protein
OGCOPLJJ_06758	CDS	261				hypothetical protein
OGCOPLJJ_06759	CDS	492				hypothetical protein
OGCOPLJJ_06760	CDS	489				hypothetical protein
OGCOPLJJ_06761	CDS	360	ptsP	2.7.3.9	COG3605	Phosphoenolpyruvate-dependent phosphotransferase system
OGCOPLJJ_06762	CDS	351				hypothetical protein
OGCOPLJJ_06763	CDS	288				hypothetical protein
OGCOPLJJ_06764	CDS	330				putative sugar-binding periplasmic protein
OGCOPLJJ_06765	CDS	516	pepT	3.4.11.4		Peptidase T
OGCOPLJJ_06766	CDS	651	pdeL	3.1.4.52	COG2200	Cyclic di-GMP phosphodiesterase PdeL
OGCOPLJJ_06767	CDS	420				hypothetical protein
OGCOPLJJ_06768	CDS	615				hypothetical protein
OGCOPLJJ_06769	CDS	462	IMPDH_3	1.1.1.205		Inosine-5'-monophosphate dehydrogenase
OGCOPLJJ_06770	CDS	531				hypothetical protein
OGCOPLJJ_06771	CDS	120				hypothetical protein
OGCOPLJJ_06772	CDS	213	pscE			Type III export protein PscE
OGCOPLJJ_06773	CDS	747				hypothetical protein
OGCOPLJJ_06774	CDS	309				hypothetical protein
OGCOPLJJ_06775	CDS	192				hypothetical protein
OGCOPLJJ_06776	CDS	339				hypothetical protein
OGCOPLJJ_06777	CDS	330				hypothetical protein
OGCOPLJJ_06778	CDS	246				hypothetical protein
OGCOPLJJ_06779	CDS	459	mglA	7.5.2.11	COG1129	Galactose/methyl galactoside import ATP-binding protein MglA
OGCOPLJJ_06780	CDS	327				hypothetical protein
OGCOPLJJ_06781	CDS	201				hypothetical protein
OGCOPLJJ_06782	CDS	588				hypothetical protein
OGCOPLJJ_06783	CDS	264				hypothetical protein
OGCOPLJJ_06784	CDS	243				hypothetical protein
OGCOPLJJ_06785	CDS	510				hypothetical protein
OGCOPLJJ_06786	CDS	612				hypothetical protein
OGCOPLJJ_06787	CDS	327				hypothetical protein
OGCOPLJJ_06788	CDS	249				hypothetical protein
OGCOPLJJ_06789	CDS	156				hypothetical protein
OGCOPLJJ_06790	CDS	498				hypothetical protein
OGCOPLJJ_06791	CDS	237				hypothetical protein
OGCOPLJJ_06792	CDS	498				hypothetical protein
OGCOPLJJ_06793	CDS	204				hypothetical protein
OGCOPLJJ_06794	CDS	639				hypothetical protein
OGCOPLJJ_06795	CDS	537				hypothetical protein
OGCOPLJJ_06796	CDS	456				hypothetical protein
OGCOPLJJ_06797	CDS	324				hypothetical protein
OGCOPLJJ_06798	CDS	303				hypothetical protein
OGCOPLJJ_06799	CDS	306				hypothetical protein
OGCOPLJJ_06800	CDS	372				hypothetical protein
OGCOPLJJ_06801	CDS	702				hypothetical protein
OGCOPLJJ_06802	CDS	399				hypothetical protein
OGCOPLJJ_06803	CDS	255				hypothetical protein
OGCOPLJJ_06804	CDS	384				hypothetical protein
OGCOPLJJ_06805	CDS	168				hypothetical protein
OGCOPLJJ_06806	CDS	198				hypothetical protein
OGCOPLJJ_06807	CDS	621				hypothetical protein
OGCOPLJJ_06808	CDS	429				hypothetical protein
OGCOPLJJ_06809	CDS	174	yceD_2		COG1399	Large ribosomal RNA subunit accumulation protein YceD
OGCOPLJJ_06810	CDS	216	plsX	2.3.1.274		Phosphate acyltransferase
OGCOPLJJ_06811	CDS	612				hypothetical protein
OGCOPLJJ_06812	CDS	435	glgA	2.4.1.21		Glycogen synthase
OGCOPLJJ_06813	CDS	519	tdk	2.7.1.21		Thymidine kinase
OGCOPLJJ_06814	CDS	438				hypothetical protein
OGCOPLJJ_06815	CDS	222				hypothetical protein
OGCOPLJJ_06816	CDS	423				hypothetical protein
OGCOPLJJ_06817	CDS	267				hypothetical protein
OGCOPLJJ_06818	CDS	237				hypothetical protein
OGCOPLJJ_06819	CDS	237	intA_3		COG0582	Prophage integrase IntA
OGCOPLJJ_06820	CDS	720	sucA_2	1.2.4.2	COG0567	2-oxoglutarate dehydrogenase E1 component
OGCOPLJJ_06821	CDS	279				hypothetical protein
OGCOPLJJ_06822	CDS	276				hypothetical protein
OGCOPLJJ_06823	CDS	495				hypothetical protein
OGCOPLJJ_06824	CDS	414				hypothetical protein
OGCOPLJJ_06825	CDS	249				hypothetical protein
OGCOPLJJ_06826	CDS	231				hypothetical protein
OGCOPLJJ_06827	CDS	333				hypothetical protein
OGCOPLJJ_06828	CDS	195				hypothetical protein
OGCOPLJJ_06829	CDS	348				hypothetical protein
OGCOPLJJ_06830	CDS	300	mdh_2	1.1.1.37	COG0039	Malate dehydrogenase
OGCOPLJJ_06831	CDS	474				hypothetical protein
OGCOPLJJ_06832	CDS	243				hypothetical protein
OGCOPLJJ_06833	CDS	423				hypothetical protein
OGCOPLJJ_06834	CDS	234				hypothetical protein
OGCOPLJJ_06835	CDS	279				hypothetical protein
OGCOPLJJ_06836	CDS	318	purM_2	6.3.3.1	COG0150	Phosphoribosylformylglycinamidine cyclo-ligase
OGCOPLJJ_06837	CDS	351	purM_3	6.3.3.1	COG0150	Phosphoribosylformylglycinamidine cyclo-ligase
OGCOPLJJ_06838	CDS	354				hypothetical protein
OGCOPLJJ_06839	CDS	495	uvrB_2			UvrABC system protein B
OGCOPLJJ_06840	CDS	315				hypothetical protein
OGCOPLJJ_06841	CDS	345				hypothetical protein
OGCOPLJJ_06842	CDS	264				hypothetical protein
OGCOPLJJ_06843	CDS	495				hypothetical protein
OGCOPLJJ_06844	CDS	510				hypothetical protein
OGCOPLJJ_06845	CDS	300				hypothetical protein
OGCOPLJJ_06846	CDS	483				hypothetical protein
OGCOPLJJ_06847	CDS	438	treA	3.2.1.93	COG0366	Trehalose-6-phosphate hydrolase
OGCOPLJJ_06848	CDS	276				hypothetical protein
OGCOPLJJ_06849	CDS	675				hypothetical protein
OGCOPLJJ_06850	CDS	222				hypothetical protein
OGCOPLJJ_06851	CDS	549				hypothetical protein
OGCOPLJJ_06852	CDS	372				hypothetical protein
OGCOPLJJ_06853	CDS	279				hypothetical protein
OGCOPLJJ_06854	CDS	243				hypothetical protein
OGCOPLJJ_06855	CDS	321				hypothetical protein
OGCOPLJJ_06856	CDS	198				hypothetical protein
OGCOPLJJ_06857	CDS	402				hypothetical protein
OGCOPLJJ_06858	CDS	528				hypothetical protein
OGCOPLJJ_06859	CDS	573				hypothetical protein
OGCOPLJJ_06860	CDS	243				hypothetical protein
OGCOPLJJ_06861	CDS	267				hypothetical protein
OGCOPLJJ_06862	CDS	390				hypothetical protein
OGCOPLJJ_06863	CDS	153				hypothetical protein
OGCOPLJJ_06864	CDS	477				hypothetical protein
OGCOPLJJ_06865	CDS	504				hypothetical protein
OGCOPLJJ_06866	CDS	456	mdh_3	1.1.1.37		Malate dehydrogenase
OGCOPLJJ_06867	CDS	366	deoB	5.4.2.7	COG1015	Phosphopentomutase
OGCOPLJJ_06868	CDS	432	leuB_3	1.1.1.85		3-isopropylmalate dehydrogenase
OGCOPLJJ_06869	CDS	351				hypothetical protein
OGCOPLJJ_06870	CDS	513				hypothetical protein
OGCOPLJJ_06871	CDS	216				hypothetical protein
OGCOPLJJ_06872	CDS	483	yidC_2			Membrane protein insertase YidC
OGCOPLJJ_06873	CDS	342				hypothetical protein
OGCOPLJJ_06874	CDS	453				hypothetical protein
OGCOPLJJ_06875	CDS	246	rpoD_3		COG0568	RNA polymerase sigma factor RpoD
OGCOPLJJ_06876	CDS	330				hypothetical protein
OGCOPLJJ_06877	CDS	240				hypothetical protein
OGCOPLJJ_06878	CDS	276				hypothetical protein
OGCOPLJJ_06879	CDS	678				hypothetical protein
OGCOPLJJ_06880	CDS	519				hypothetical protein
OGCOPLJJ_06881	CDS	543				hypothetical protein
OGCOPLJJ_06882	CDS	489				hypothetical protein
OGCOPLJJ_06883	CDS	417				hypothetical protein
OGCOPLJJ_06884	CDS	297				hypothetical protein
OGCOPLJJ_06885	CDS	273				hypothetical protein
OGCOPLJJ_06886	CDS	195				hypothetical protein
OGCOPLJJ_06887	CDS	414				hypothetical protein
OGCOPLJJ_06888	CDS	180	nusB_3		COG0781	Transcription antitermination protein NusB
OGCOPLJJ_06889	CDS	228	grxD		COG0278	Glutaredoxin 4
OGCOPLJJ_06890	CDS	309			COG2200	putative signaling protein
OGCOPLJJ_06891	CDS	201				hypothetical protein
OGCOPLJJ_06892	CDS	489				hypothetical protein
OGCOPLJJ_06893	CDS	423				hypothetical protein
OGCOPLJJ_06894	CDS	483				hypothetical protein
OGCOPLJJ_06895	CDS	441				hypothetical protein
OGCOPLJJ_06896	CDS	240				hypothetical protein
OGCOPLJJ_06897	CDS	306				hypothetical protein
OGCOPLJJ_06898	CDS	312				hypothetical protein
OGCOPLJJ_06899	CDS	276				hypothetical protein
OGCOPLJJ_06900	CDS	291				hypothetical protein
OGCOPLJJ_06901	CDS	252				hypothetical protein
OGCOPLJJ_06902	CDS	342				hypothetical protein
OGCOPLJJ_06903	CDS	273				hypothetical protein
OGCOPLJJ_06904	CDS	285				hypothetical protein
OGCOPLJJ_06905	CDS	189				hypothetical protein
OGCOPLJJ_06906	CDS	291				hypothetical protein
OGCOPLJJ_06907	CDS	186				hypothetical protein
OGCOPLJJ_06908	CDS	213				hypothetical protein
OGCOPLJJ_06909	CDS	531				hypothetical protein
OGCOPLJJ_06910	CDS	303				hypothetical protein
OGCOPLJJ_06911	CDS	321				hypothetical protein
OGCOPLJJ_06912	CDS	555				hypothetical protein
OGCOPLJJ_06913	CDS	333				hypothetical protein
OGCOPLJJ_06914	CDS	219				hypothetical protein
OGCOPLJJ_06915	CDS	306				hypothetical protein
OGCOPLJJ_06916	CDS	513	dapF_2	5.1.1.7		Diaminopimelate epimerase
OGCOPLJJ_06917	CDS	249				hypothetical protein
OGCOPLJJ_06918	CDS	285				hypothetical protein
OGCOPLJJ_06919	CDS	192				hypothetical protein
OGCOPLJJ_06920	CDS	213	rplM_2		COG0102	50S ribosomal protein L13
OGCOPLJJ_06921	CDS	600				hypothetical protein
OGCOPLJJ_06922	CDS	141				hypothetical protein
OGCOPLJJ_06923	CDS	141				hypothetical protein
OGCOPLJJ_06924	CDS	564	aaeA_4			p-hydroxybenzoic acid efflux pump subunit AaeA
OGCOPLJJ_06925	CDS	519	asnC_2		COG1522	Regulatory protein AsnC
OGCOPLJJ_06926	CDS	96				hypothetical protein
OGCOPLJJ_06927	CDS	411				hypothetical protein
OGCOPLJJ_06928	CDS	582				hypothetical protein
OGCOPLJJ_06929	CDS	429				hypothetical protein
OGCOPLJJ_06930	CDS	570				hypothetical protein
OGCOPLJJ_06931	CDS	585				hypothetical protein
OGCOPLJJ_06932	CDS	336				hypothetical protein
OGCOPLJJ_06933	CDS	411				hypothetical protein
OGCOPLJJ_06934	CDS	237				hypothetical protein
OGCOPLJJ_06935	CDS	516	rpoD_4			RNA polymerase sigma factor RpoD
OGCOPLJJ_06936	CDS	537				hypothetical protein
OGCOPLJJ_06937	CDS	309				hypothetical protein
OGCOPLJJ_06938	CDS	174				hypothetical protein
OGCOPLJJ_06939	CDS	330				hypothetical protein
OGCOPLJJ_06940	CDS	495				hypothetical protein
OGCOPLJJ_06941	CDS	327	arcC1_1	2.7.2.2		Carbamate kinase 1
OGCOPLJJ_06942	CDS	480	arcC1_2	2.7.2.2		Carbamate kinase 1
OGCOPLJJ_06943	CDS	228				hypothetical protein
OGCOPLJJ_06944	CDS	423				hypothetical protein
OGCOPLJJ_06945	CDS	303				hypothetical protein
OGCOPLJJ_06946	CDS	330				hypothetical protein
OGCOPLJJ_06947	CDS	564				hypothetical protein
OGCOPLJJ_06948	CDS	273				hypothetical protein
OGCOPLJJ_06949	CDS	516				hypothetical protein
OGCOPLJJ_06950	CDS	369				hypothetical protein
OGCOPLJJ_06951	CDS	288				hypothetical protein
OGCOPLJJ_06952	CDS	435				hypothetical protein
OGCOPLJJ_06953	CDS	150				hypothetical protein
OGCOPLJJ_06954	CDS	369				hypothetical protein
OGCOPLJJ_06955	CDS	378	lacZ_3	3.2.1.23		Beta-galactosidase
OGCOPLJJ_06956	CDS	543				hypothetical protein
OGCOPLJJ_06957	CDS	219	tyrR			Transcriptional regulatory protein TyrR
OGCOPLJJ_06958	CDS	318				hypothetical protein
OGCOPLJJ_06959	CDS	318				hypothetical protein
OGCOPLJJ_06960	CDS	468				hypothetical protein
OGCOPLJJ_06961	CDS	558				hypothetical protein
OGCOPLJJ_06962	CDS	363	alsT_2		COG1115	Amino-acid carrier protein AlsT
OGCOPLJJ_06963	CDS	282				hypothetical protein
OGCOPLJJ_06964	CDS	255				hypothetical protein
OGCOPLJJ_06965	CDS	483				hypothetical protein
OGCOPLJJ_06966	CDS	288				hypothetical protein
OGCOPLJJ_06967	CDS	474				hypothetical protein
OGCOPLJJ_06968	CDS	330				hypothetical protein
OGCOPLJJ_06969	CDS	411				hypothetical protein
OGCOPLJJ_06970	CDS	291				hypothetical protein
OGCOPLJJ_06971	CDS	342				hypothetical protein
OGCOPLJJ_06972	CDS	387				hypothetical protein
OGCOPLJJ_06973	CDS	429				hypothetical protein
OGCOPLJJ_06974	CDS	660	hcaR_3			Hca operon transcriptional activator HcaR
OGCOPLJJ_06975	CDS	426				hypothetical protein
OGCOPLJJ_06976	CDS	384				hypothetical protein
OGCOPLJJ_06977	CDS	351				hypothetical protein
OGCOPLJJ_06978	CDS	258				hypothetical protein
OGCOPLJJ_06979	CDS	753				hypothetical protein
OGCOPLJJ_06980	CDS	477				hypothetical protein
OGCOPLJJ_06981	CDS	504	yigZ		COG1739	IMPACT family member YigZ
OGCOPLJJ_06982	CDS	618	wbgU	5.1.3.7		UDP-N-acetylglucosamine 4-epimerase
OGCOPLJJ_06983	CDS	249				hypothetical protein
OGCOPLJJ_06984	CDS	330				hypothetical protein
OGCOPLJJ_06985	CDS	507	btuD_2	7.6.2.8		Vitamin B12 import ATP-binding protein BtuD
OGCOPLJJ_06986	CDS	219				hypothetical protein
OGCOPLJJ_06987	CDS	273				hypothetical protein
OGCOPLJJ_06988	CDS	279				hypothetical protein
OGCOPLJJ_06989	CDS	441				hypothetical protein
OGCOPLJJ_06990	CDS	153				hypothetical protein
OGCOPLJJ_06991	CDS	363	eptA_3	2.7.-.-	COG2194	Phosphoethanolamine transferase EptA
OGCOPLJJ_06992	CDS	189				hypothetical protein
OGCOPLJJ_06993	CDS	258				hypothetical protein
OGCOPLJJ_06994	CDS	177				hypothetical protein
OGCOPLJJ_06995	CDS	297				hypothetical protein
OGCOPLJJ_06996	CDS	297				hypothetical protein
OGCOPLJJ_06997	CDS	357				hypothetical protein
OGCOPLJJ_06998	CDS	357				hypothetical protein
OGCOPLJJ_06999	CDS	291				hypothetical protein
OGCOPLJJ_07000	CDS	171				hypothetical protein
OGCOPLJJ_07001	CDS	618				hypothetical protein
OGCOPLJJ_07002	CDS	447				hypothetical protein
OGCOPLJJ_07003	CDS	153				hypothetical protein
OGCOPLJJ_07004	CDS	333	dgt_2	3.1.5.1		Deoxyguanosinetriphosphate triphosphohydrolase
OGCOPLJJ_07005	CDS	477				hypothetical protein
OGCOPLJJ_07006	CDS	513				hypothetical protein
OGCOPLJJ_07007	CDS	336				hypothetical protein
OGCOPLJJ_07008	CDS	399				hypothetical protein
OGCOPLJJ_07009	CDS	516				hypothetical protein
OGCOPLJJ_07010	CDS	504				hypothetical protein
OGCOPLJJ_07011	CDS	321				hypothetical protein
OGCOPLJJ_07012	CDS	471				hypothetical protein
OGCOPLJJ_07013	CDS	486				hypothetical protein
OGCOPLJJ_07014	CDS	102				hypothetical protein
OGCOPLJJ_07015	CDS	273				hypothetical protein
OGCOPLJJ_07016	CDS	525	ycjY		COG1073	putative protein YcjY
OGCOPLJJ_07017	CDS	243				hypothetical protein
OGCOPLJJ_07018	CDS	384				hypothetical protein
OGCOPLJJ_07019	CDS	222	yhfA_2		COG1765	Protein YhfA
OGCOPLJJ_07020	CDS	531				hypothetical protein
OGCOPLJJ_07021	CDS	480				hypothetical protein
OGCOPLJJ_07022	CDS	201				hypothetical protein
OGCOPLJJ_07023	CDS	252				hypothetical protein
OGCOPLJJ_07024	CDS	177				hypothetical protein
OGCOPLJJ_07025	CDS	357				hypothetical protein
OGCOPLJJ_07026	CDS	264				hypothetical protein
OGCOPLJJ_07027	CDS	411				hypothetical protein
OGCOPLJJ_07028	CDS	243				hypothetical protein
OGCOPLJJ_07029	CDS	498	nuoF_2	7.1.1.-	COG1894	NADH-quinone oxidoreductase subunit F
OGCOPLJJ_07030	CDS	570				hypothetical protein
OGCOPLJJ_07031	CDS	498				hypothetical protein
OGCOPLJJ_07032	CDS	438				hypothetical protein
OGCOPLJJ_07033	CDS	597				hypothetical protein
OGCOPLJJ_07034	CDS	243	alaA_2	2.6.1.2	COG0436	Glutamate-pyruvate aminotransferase AlaA
OGCOPLJJ_07035	CDS	351				hypothetical protein
OGCOPLJJ_07036	CDS	300	cysK	2.5.1.47	COG0031	Cysteine synthase A
OGCOPLJJ_07037	CDS	276				hypothetical protein
OGCOPLJJ_07038	CDS	552	clpX_3			ATP-dependent Clp protease ATP-binding subunit ClpX
OGCOPLJJ_07039	CDS	498				hypothetical protein
OGCOPLJJ_07040	CDS	408				hypothetical protein
OGCOPLJJ_07041	CDS	210				hypothetical protein
OGCOPLJJ_07042	CDS	618				hypothetical protein
OGCOPLJJ_07043	CDS	192				hypothetical protein
OGCOPLJJ_07044	CDS	444				hypothetical protein
OGCOPLJJ_07045	CDS	228				hypothetical protein
OGCOPLJJ_07046	CDS	291				hypothetical protein
OGCOPLJJ_07047	CDS	591				hypothetical protein
OGCOPLJJ_07048	CDS	333	flhA		COG1298	Flagellar biosynthesis protein FlhA
OGCOPLJJ_07049	CDS	339				hypothetical protein
OGCOPLJJ_07050	CDS	324				hypothetical protein
OGCOPLJJ_07051	CDS	372				hypothetical protein
OGCOPLJJ_07052	CDS	528				hypothetical protein
OGCOPLJJ_07053	CDS	237				hypothetical protein
OGCOPLJJ_07054	CDS	348	rsmJ_2	2.1.1.242		Ribosomal RNA small subunit methyltransferase J
OGCOPLJJ_07055	CDS	318				hypothetical protein
OGCOPLJJ_07056	CDS	240				hypothetical protein
OGCOPLJJ_07057	CDS	423				hypothetical protein
OGCOPLJJ_07058	CDS	300				hypothetical protein
OGCOPLJJ_07059	CDS	381				hypothetical protein
OGCOPLJJ_07060	CDS	312				hypothetical protein
OGCOPLJJ_07061	CDS	402	sppA	3.4.21.-	COG0616	Protease 4
OGCOPLJJ_07062	CDS	321				hypothetical protein
OGCOPLJJ_07063	CDS	213				hypothetical protein
OGCOPLJJ_07064	CDS	651				hypothetical protein
OGCOPLJJ_07065	CDS	246				hypothetical protein
OGCOPLJJ_07066	CDS	267				hypothetical protein
OGCOPLJJ_07067	CDS	576				hypothetical protein
OGCOPLJJ_07068	CDS	441				hypothetical protein
OGCOPLJJ_07069	CDS	144				hypothetical protein
OGCOPLJJ_07070	CDS	459				hypothetical protein
OGCOPLJJ_07071	CDS	303	dnaB_4	3.6.4.12	COG0305	Replicative DNA helicase
OGCOPLJJ_07072	CDS	642				hypothetical protein
OGCOPLJJ_07073	CDS	333				hypothetical protein
OGCOPLJJ_07074	CDS	372				hypothetical protein
OGCOPLJJ_07075	CDS	459				hypothetical protein
OGCOPLJJ_07076	CDS	393				hypothetical protein
OGCOPLJJ_07077	CDS	291				hypothetical protein
OGCOPLJJ_07078	CDS	246	atpD	7.1.2.2	COG0055	ATP synthase subunit beta
OGCOPLJJ_07079	CDS	225				hypothetical protein
OGCOPLJJ_07080	CDS	429				hypothetical protein
OGCOPLJJ_07081	CDS	237				hypothetical protein
OGCOPLJJ_07082	CDS	492				hypothetical protein
OGCOPLJJ_07083	CDS	261				hypothetical protein
OGCOPLJJ_07084	CDS	423	rpoE		COG1595	ECF RNA polymerase sigma factor RpoE
OGCOPLJJ_07085	CDS	348	lrp_8		COG1522	Leucine-responsive regulatory protein
OGCOPLJJ_07086	CDS	333				hypothetical protein
OGCOPLJJ_07087	CDS	297				hypothetical protein
OGCOPLJJ_07088	CDS	615	glnD_2	2.7.7.59		Bifunctional uridylyltransferase/uridylyl-removing enzyme
OGCOPLJJ_07089	CDS	486				hypothetical protein
OGCOPLJJ_07090	CDS	258				hypothetical protein
OGCOPLJJ_07091	CDS	303				hypothetical protein
OGCOPLJJ_07092	CDS	357				hypothetical protein
OGCOPLJJ_07093	CDS	384				hypothetical protein
OGCOPLJJ_07094	CDS	486				hypothetical protein
OGCOPLJJ_07095	CDS	534				hypothetical protein
OGCOPLJJ_07096	CDS	378				hypothetical protein
OGCOPLJJ_07097	CDS	270				hypothetical protein
OGCOPLJJ_07098	CDS	339				hypothetical protein
OGCOPLJJ_07099	CDS	297				hypothetical protein
OGCOPLJJ_07100	CDS	477	ppc_2	4.1.1.31		Phosphoenolpyruvate carboxylase
OGCOPLJJ_07101	CDS	459		3.1.4.-	COG3437	putative cyclic di-GMP phosphodiesterase
OGCOPLJJ_07102	CDS	369				hypothetical protein
OGCOPLJJ_07103	CDS	405				hypothetical protein
OGCOPLJJ_07104	CDS	510				hypothetical protein
OGCOPLJJ_07105	CDS	570				hypothetical protein
OGCOPLJJ_07106	CDS	444				hypothetical protein
OGCOPLJJ_07107	CDS	168				hypothetical protein
OGCOPLJJ_07108	CDS	216				hypothetical protein
OGCOPLJJ_07109	CDS	633				hypothetical protein
OGCOPLJJ_07110	CDS	525				hypothetical protein
OGCOPLJJ_07111	CDS	237				hypothetical protein
OGCOPLJJ_07112	CDS	324				hypothetical protein
OGCOPLJJ_07113	CDS	366				hypothetical protein
OGCOPLJJ_07114	CDS	336				hypothetical protein
OGCOPLJJ_07115	CDS	150				hypothetical protein
OGCOPLJJ_07116	CDS	183				hypothetical protein
OGCOPLJJ_07117	CDS	435				hypothetical protein
OGCOPLJJ_07118	CDS	639				hypothetical protein
OGCOPLJJ_07119	CDS	306				hypothetical protein
OGCOPLJJ_07120	CDS	480				hypothetical protein
OGCOPLJJ_07121	CDS	615				hypothetical protein
OGCOPLJJ_07122	CDS	510				hypothetical protein
OGCOPLJJ_07123	CDS	192				hypothetical protein
OGCOPLJJ_07124	CDS	315				hypothetical protein
OGCOPLJJ_07125	CDS	447				hypothetical protein
OGCOPLJJ_07126	CDS	633				hypothetical protein
OGCOPLJJ_07127	CDS	444				hypothetical protein
OGCOPLJJ_07128	CDS	198				hypothetical protein
OGCOPLJJ_07129	CDS	603				hypothetical protein
OGCOPLJJ_07130	CDS	219				hypothetical protein
OGCOPLJJ_07131	CDS	261	uup_2		COG0488	ABC transporter ATP-binding protein uup
OGCOPLJJ_07132	CDS	252				hypothetical protein
OGCOPLJJ_07133	CDS	633				hypothetical protein
OGCOPLJJ_07134	CDS	663				hypothetical protein
OGCOPLJJ_07135	CDS	543				hypothetical protein
OGCOPLJJ_07136	CDS	363	dnaJ_2		COG0484	Chaperone protein DnaJ
OGCOPLJJ_07137	CDS	153	fabR_3			HTH-type transcriptional repressor FabR
OGCOPLJJ_07138	CDS	183				hypothetical protein
OGCOPLJJ_07139	CDS	282				hypothetical protein
OGCOPLJJ_07140	CDS	309				hypothetical protein
OGCOPLJJ_07141	CDS	255				hypothetical protein
OGCOPLJJ_07142	CDS	252	recR_2		COG0353	Recombination protein RecR
OGCOPLJJ_07143	CDS	258				hypothetical protein
OGCOPLJJ_07144	CDS	291				hypothetical protein
OGCOPLJJ_07145	CDS	534				hypothetical protein
OGCOPLJJ_07146	CDS	315				hypothetical protein
OGCOPLJJ_07147	CDS	477				hypothetical protein
OGCOPLJJ_07148	CDS	363				hypothetical protein
OGCOPLJJ_07149	CDS	258				Bacteriohemerythrin
OGCOPLJJ_07150	CDS	510				hypothetical protein
OGCOPLJJ_07151	CDS	309	talB	2.2.1.2	COG0176	Transaldolase B
OGCOPLJJ_07152	CDS	504				hypothetical protein
OGCOPLJJ_07153	CDS	369				hypothetical protein
OGCOPLJJ_07154	CDS	483				hypothetical protein
OGCOPLJJ_07155	CDS	207				hypothetical protein
OGCOPLJJ_07156	CDS	267				hypothetical protein
OGCOPLJJ_07157	CDS	135				hypothetical protein
OGCOPLJJ_07158	CDS	405				hypothetical protein
OGCOPLJJ_07159	CDS	315	ppsA_2	2.7.9.2	COG0574	Phosphoenolpyruvate synthase
OGCOPLJJ_07160	CDS	729				hypothetical protein
OGCOPLJJ_07161	CDS	405				hypothetical protein
OGCOPLJJ_07162	CDS	270	yigL	3.1.3.74	COG0561	Pyridoxal phosphate phosphatase YigL
OGCOPLJJ_07163	CDS	636				hypothetical protein
OGCOPLJJ_07164	CDS	336				hypothetical protein
OGCOPLJJ_07165	CDS	309				hypothetical protein
OGCOPLJJ_07166	CDS	228				hypothetical protein
OGCOPLJJ_07167	CDS	351				hypothetical protein
OGCOPLJJ_07168	CDS	354				hypothetical protein
OGCOPLJJ_07169	CDS	228				hypothetical protein
OGCOPLJJ_07170	CDS	195	fliN		COG1886	Flagellar motor switch protein FliN
OGCOPLJJ_07171	CDS	264				hypothetical protein
OGCOPLJJ_07172	CDS	315				hypothetical protein
OGCOPLJJ_07173	CDS	387				hypothetical protein
OGCOPLJJ_07174	CDS	444				hypothetical protein
OGCOPLJJ_07175	CDS	315				hypothetical protein
OGCOPLJJ_07176	CDS	234				hypothetical protein
OGCOPLJJ_07177	CDS	429				hypothetical protein
OGCOPLJJ_07178	CDS	426				hypothetical protein
OGCOPLJJ_07179	CDS	447				hypothetical protein
OGCOPLJJ_07180	CDS	420				hypothetical protein
OGCOPLJJ_07181	CDS	180				hypothetical protein
OGCOPLJJ_07182	CDS	102	ptrB	3.4.21.83	COG1770	Protease 2
OGCOPLJJ_07183	CDS	705				hypothetical protein
OGCOPLJJ_07184	CDS	324				hypothetical protein
OGCOPLJJ_07185	CDS	393				hypothetical protein
OGCOPLJJ_07186	CDS	207				hypothetical protein
OGCOPLJJ_07187	CDS	417				hypothetical protein
OGCOPLJJ_07188	CDS	372				hypothetical protein
OGCOPLJJ_07189	CDS	501				hypothetical protein
OGCOPLJJ_07190	CDS	165				hypothetical protein
OGCOPLJJ_07191	CDS	582				hypothetical protein
OGCOPLJJ_07192	CDS	279				hypothetical protein
OGCOPLJJ_07193	CDS	204				hypothetical protein
OGCOPLJJ_07194	CDS	240				hypothetical protein
OGCOPLJJ_07195	CDS	603				hypothetical protein
OGCOPLJJ_07196	CDS	393				hypothetical protein
OGCOPLJJ_07197	CDS	393				hypothetical protein
OGCOPLJJ_07198	CDS	426				hypothetical protein
OGCOPLJJ_07199	CDS	294				hypothetical protein
OGCOPLJJ_07200	CDS	486				hypothetical protein
OGCOPLJJ_07201	CDS	183				hypothetical protein
OGCOPLJJ_07202	CDS	228				hypothetical protein
OGCOPLJJ_07203	CDS	405				hypothetical protein
OGCOPLJJ_07204	CDS	480				hypothetical protein
OGCOPLJJ_07205	CDS	531	hpt_2	2.4.2.8	COG0634	Hypoxanthine phosphoribosyltransferase
OGCOPLJJ_07206	CDS	348				hypothetical protein
OGCOPLJJ_07207	CDS	273				hypothetical protein
OGCOPLJJ_07208	CDS	522				hypothetical protein
OGCOPLJJ_07209	CDS	420				hypothetical protein
OGCOPLJJ_07210	CDS	432				hypothetical protein
OGCOPLJJ_07211	CDS	291	macB_2	3.6.3.-	COG0577	Macrolide export ATP-binding/permease protein MacB
OGCOPLJJ_07212	CDS	243	macB_3	3.6.3.-	COG0577	Macrolide export ATP-binding/permease protein MacB
OGCOPLJJ_07213	CDS	420				hypothetical protein
OGCOPLJJ_07214	CDS	282	rplS_2		COG0335	50S ribosomal protein L19
OGCOPLJJ_07215	CDS	315	trmD_2	2.1.1.228	COG0336	tRNA (guanine-N(1)-)-methyltransferase
OGCOPLJJ_07216	CDS	375	pulA	3.2.1.41		Pullulanase
OGCOPLJJ_07217	CDS	384	rng_2	3.1.26.-	COG1530	Ribonuclease G
OGCOPLJJ_07218	CDS	138				hypothetical protein
OGCOPLJJ_07219	CDS	228				hypothetical protein
OGCOPLJJ_07220	CDS	690	iscS_2	2.8.1.7		Cysteine desulfurase IscS
OGCOPLJJ_07221	CDS	177				hypothetical protein
OGCOPLJJ_07222	CDS	456	exeD			Secretin ExeD
OGCOPLJJ_07223	CDS	393	prlC_3	3.4.24.70	COG0339	Oligopeptidase A
OGCOPLJJ_07224	CDS	546				hypothetical protein
OGCOPLJJ_07225	CDS	171				hypothetical protein
OGCOPLJJ_07226	CDS	684				hypothetical protein
OGCOPLJJ_07227	CDS	453	mukF		COG3006	Chromosome partition protein MukF
OGCOPLJJ_07228	CDS	477				hypothetical protein
OGCOPLJJ_07229	CDS	531				hypothetical protein
OGCOPLJJ_07230	CDS	123				hypothetical protein
OGCOPLJJ_07231	CDS	315				hypothetical protein
OGCOPLJJ_07232	CDS	180				hypothetical protein
OGCOPLJJ_07233	CDS	513				hypothetical protein
OGCOPLJJ_07234	CDS	171				hypothetical protein
OGCOPLJJ_07235	CDS	339				hypothetical protein
OGCOPLJJ_07236	CDS	225				hypothetical protein
OGCOPLJJ_07237	CDS	249				hypothetical protein
OGCOPLJJ_07238	CDS	624				hypothetical protein
OGCOPLJJ_07239	CDS	336				hypothetical protein
OGCOPLJJ_07240	CDS	612				hypothetical protein
OGCOPLJJ_07241	CDS	387	ispF_2	4.6.1.12	COG0245	2-C-methyl-D-erythritol 2,4-cyclodiphosphate synthase
OGCOPLJJ_07242	CDS	312				hypothetical protein
OGCOPLJJ_07243	CDS	249				hypothetical protein
OGCOPLJJ_07244	CDS	213	alaS_2	6.1.1.7	COG0013	Alanine--tRNA ligase
OGCOPLJJ_07245	CDS	321	alaS_3	6.1.1.7	COG0013	Alanine--tRNA ligase
OGCOPLJJ_07246	CDS	336	moaC_2	4.6.1.17	COG0315	Cyclic pyranopterin monophosphate synthase
OGCOPLJJ_07247	CDS	282				hypothetical protein
OGCOPLJJ_07248	CDS	294				hypothetical protein
OGCOPLJJ_07249	CDS	234	argS_2	6.1.1.19	COG0018	Arginine--tRNA ligase
OGCOPLJJ_07250	CDS	351				hypothetical protein
OGCOPLJJ_07251	CDS	513				hypothetical protein
OGCOPLJJ_07252	CDS	675				hypothetical protein
OGCOPLJJ_07253	CDS	189				hypothetical protein
OGCOPLJJ_07254	CDS	462				hypothetical protein
OGCOPLJJ_07255	CDS	531				hypothetical protein
OGCOPLJJ_07256	CDS	327				hypothetical protein
OGCOPLJJ_07257	CDS	483				hypothetical protein
OGCOPLJJ_07258	CDS	297				hypothetical protein
OGCOPLJJ_07259	CDS	303	pnp_2	2.7.7.8		Polyribonucleotide nucleotidyltransferase
OGCOPLJJ_07260	CDS	663				hypothetical protein
OGCOPLJJ_07261	CDS	276	rpoZ	2.7.7.6	COG1758	DNA-directed RNA polymerase subunit omega
OGCOPLJJ_07262	CDS	102				hypothetical protein
OGCOPLJJ_07263	CDS	582				hypothetical protein
OGCOPLJJ_07264	CDS	222				hypothetical protein
OGCOPLJJ_07265	CDS	198				hypothetical protein
OGCOPLJJ_07266	CDS	237				hypothetical protein
OGCOPLJJ_07267	CDS	372				hypothetical protein
OGCOPLJJ_07268	CDS	321				hypothetical protein
OGCOPLJJ_07269	CDS	399				hypothetical protein
OGCOPLJJ_07270	CDS	312				hypothetical protein
OGCOPLJJ_07271	CDS	189				hypothetical protein
OGCOPLJJ_07272	CDS	201				hypothetical protein
OGCOPLJJ_07273	CDS	330				hypothetical protein
OGCOPLJJ_07274	CDS	267				hypothetical protein
OGCOPLJJ_07275	CDS	543				hypothetical protein
OGCOPLJJ_07276	CDS	459				hypothetical protein
OGCOPLJJ_07277	CDS	597				hypothetical protein
OGCOPLJJ_07278	CDS	477				hypothetical protein
OGCOPLJJ_07279	CDS	384				hypothetical protein
OGCOPLJJ_07280	CDS	255				hypothetical protein
OGCOPLJJ_07281	CDS	288				hypothetical protein
OGCOPLJJ_07282	CDS	648				hypothetical protein
OGCOPLJJ_07283	CDS	135				hypothetical protein
OGCOPLJJ_07284	CDS	360				hypothetical protein
OGCOPLJJ_07285	CDS	459				hypothetical protein
OGCOPLJJ_07286	CDS	498				hypothetical protein
OGCOPLJJ_07287	CDS	294				hypothetical protein
OGCOPLJJ_07288	CDS	360				hypothetical protein
OGCOPLJJ_07289	CDS	204				hypothetical protein
OGCOPLJJ_07290	CDS	294				hypothetical protein
OGCOPLJJ_07291	CDS	606				hypothetical protein
OGCOPLJJ_07292	CDS	477				hypothetical protein
OGCOPLJJ_07293	CDS	243				hypothetical protein
OGCOPLJJ_07294	CDS	360				hypothetical protein
OGCOPLJJ_07295	CDS	408	malQ	2.4.1.25	COG1640	4-alpha-glucanotransferase
OGCOPLJJ_07296	CDS	408				hypothetical protein
OGCOPLJJ_07297	CDS	339				hypothetical protein
OGCOPLJJ_07298	CDS	231				hypothetical protein
OGCOPLJJ_07299	CDS	258				hypothetical protein
OGCOPLJJ_07300	CDS	423				hypothetical protein
OGCOPLJJ_07301	CDS	426				hypothetical protein
OGCOPLJJ_07302	CDS	213				hypothetical protein
OGCOPLJJ_07303	CDS	441				hypothetical protein
OGCOPLJJ_07304	CDS	171	groL_3		COG0459	60 kDa chaperonin
OGCOPLJJ_07305	CDS	354				hypothetical protein
OGCOPLJJ_07306	CDS	249				hypothetical protein
OGCOPLJJ_07307	CDS	411				hypothetical protein
OGCOPLJJ_07308	CDS	357				hypothetical protein
OGCOPLJJ_07309	CDS	549	bepA_4	3.4.-.-		Beta-barrel assembly-enhancing protease
OGCOPLJJ_07310	CDS	438				hypothetical protein
OGCOPLJJ_07311	CDS	372	accA_2	2.1.3.15	COG0825	Acetyl-coenzyme A carboxylase carboxyl transferase subunit alpha
OGCOPLJJ_07312	CDS	678				hypothetical protein
OGCOPLJJ_07313	CDS	303				hypothetical protein
OGCOPLJJ_07314	CDS	372	mfd_2	3.6.4.-		Transcription-repair-coupling factor
OGCOPLJJ_07315	CDS	435				hypothetical protein
OGCOPLJJ_07316	CDS	339				hypothetical protein
OGCOPLJJ_07317	CDS	327	bioC	2.1.1.197		Malonyl-[acyl-carrier protein] O-methyltransferase
OGCOPLJJ_07318	CDS	204				hypothetical protein
OGCOPLJJ_07319	CDS	111				hypothetical protein
OGCOPLJJ_07320	CDS	510				hypothetical protein
OGCOPLJJ_07321	CDS	204				hypothetical protein
OGCOPLJJ_07322	CDS	306				hypothetical protein
OGCOPLJJ_07323	CDS	306				hypothetical protein
OGCOPLJJ_07324	CDS	186				hypothetical protein
OGCOPLJJ_07325	CDS	507	gmk_3	2.7.4.8		Guanylate kinase
OGCOPLJJ_07326	CDS	114				hypothetical protein
OGCOPLJJ_07327	CDS	114				hypothetical protein
OGCOPLJJ_07328	CDS	483	fadA_3	2.3.1.16		3-ketoacyl-CoA thiolase
OGCOPLJJ_07329	CDS	393				hypothetical protein
OGCOPLJJ_07330	CDS	582				hypothetical protein
OGCOPLJJ_07331	CDS	294				hypothetical protein
OGCOPLJJ_07332	CDS	255				hypothetical protein
OGCOPLJJ_07333	CDS	525				hypothetical protein
OGCOPLJJ_07334	CDS	510				hypothetical protein
OGCOPLJJ_07335	CDS	657	atpA_2	7.1.2.2		ATP synthase subunit alpha
OGCOPLJJ_07336	CDS	345				hypothetical protein
OGCOPLJJ_07337	CDS	423				hypothetical protein
OGCOPLJJ_07338	CDS	279				hypothetical protein
OGCOPLJJ_07339	CDS	339				hypothetical protein
OGCOPLJJ_07340	CDS	378				hypothetical protein
OGCOPLJJ_07341	CDS	285				hypothetical protein
OGCOPLJJ_07342	CDS	237				hypothetical protein
OGCOPLJJ_07343	CDS	195				hypothetical protein
OGCOPLJJ_07344	CDS	291				hypothetical protein
OGCOPLJJ_07345	CDS	327				hypothetical protein
OGCOPLJJ_07346	CDS	345				hypothetical protein
OGCOPLJJ_07347	CDS	198				hypothetical protein
OGCOPLJJ_07348	CDS	645				hypothetical protein
OGCOPLJJ_07349	CDS	189				hypothetical protein
OGCOPLJJ_07350	CDS	189				hypothetical protein
OGCOPLJJ_07351	CDS	174				hypothetical protein
OGCOPLJJ_07352	CDS	300				hypothetical protein
OGCOPLJJ_07353	CDS	339				hypothetical protein
OGCOPLJJ_07354	CDS	435				hypothetical protein
OGCOPLJJ_07355	CDS	474	brnQ		COG1114	Branched-chain amino acid transport system 2 carrier protein
OGCOPLJJ_07356	CDS	162				hypothetical protein
OGCOPLJJ_07357	CDS	492				hypothetical protein
OGCOPLJJ_07358	CDS	435				hypothetical protein
OGCOPLJJ_07359	CDS	309				hypothetical protein
OGCOPLJJ_07360	CDS	408				hypothetical protein
OGCOPLJJ_07361	CDS	216				hypothetical protein
OGCOPLJJ_07362	CDS	279				hypothetical protein
OGCOPLJJ_07363	CDS	231				hypothetical protein
OGCOPLJJ_07364	CDS	561				hypothetical protein
OGCOPLJJ_07365	CDS	210				hypothetical protein
OGCOPLJJ_07366	CDS	561				hypothetical protein
OGCOPLJJ_07367	CDS	561	ppk_3	2.7.4.1		Polyphosphate kinase
OGCOPLJJ_07368	CDS	474				hypothetical protein
OGCOPLJJ_07369	CDS	345				hypothetical protein
OGCOPLJJ_07370	CDS	369				hypothetical protein
OGCOPLJJ_07371	CDS	306				hypothetical protein
OGCOPLJJ_07372	CDS	351				hypothetical protein
OGCOPLJJ_07373	CDS	240				hypothetical protein
OGCOPLJJ_07374	CDS	240				hypothetical protein
OGCOPLJJ_07375	CDS	303	rplW_2		COG0089	50S ribosomal protein L23
OGCOPLJJ_07376	CDS	498				hypothetical protein
OGCOPLJJ_07377	CDS	342				hypothetical protein
OGCOPLJJ_07378	CDS	312				hypothetical protein
OGCOPLJJ_07379	CDS	171				hypothetical protein
OGCOPLJJ_07380	CDS	423	rnr	3.1.13.1		Ribonuclease R
OGCOPLJJ_07381	CDS	453				hypothetical protein
OGCOPLJJ_07382	CDS	270				hypothetical protein
OGCOPLJJ_07383	CDS	195				hypothetical protein
OGCOPLJJ_07384	CDS	126				hypothetical protein
OGCOPLJJ_07385	CDS	171				hypothetical protein
OGCOPLJJ_07386	CDS	522				hypothetical protein
OGCOPLJJ_07387	CDS	354				hypothetical protein
OGCOPLJJ_07388	CDS	387				hypothetical protein
OGCOPLJJ_07389	CDS	207	hscC_1		COG0443	Chaperone protein HscC
OGCOPLJJ_07390	CDS	285	hscC_2		COG0443	Chaperone protein HscC
OGCOPLJJ_07391	CDS	207	phnW_2	2.6.1.37		2-aminoethylphosphonate--pyruvate transaminase
OGCOPLJJ_07392	CDS	339				hypothetical protein
OGCOPLJJ_07393	CDS	177				hypothetical protein
OGCOPLJJ_07394	CDS	384				hypothetical protein
OGCOPLJJ_07395	CDS	489				hypothetical protein
OGCOPLJJ_07396	CDS	150				hypothetical protein
OGCOPLJJ_07397	CDS	264				hypothetical protein
OGCOPLJJ_07398	CDS	252	rpsD_2		COG0522	30S ribosomal protein S4
OGCOPLJJ_07399	CDS	267	rpoA_3	2.7.7.6		DNA-directed RNA polymerase subunit alpha
OGCOPLJJ_07400	CDS	327				hypothetical protein
OGCOPLJJ_07401	CDS	456				hypothetical protein
OGCOPLJJ_07402	CDS	261				hypothetical protein
OGCOPLJJ_07403	CDS	522				hypothetical protein
OGCOPLJJ_07404	CDS	423				hypothetical protein
OGCOPLJJ_07405	CDS	189				hypothetical protein
OGCOPLJJ_07406	CDS	189				hypothetical protein
OGCOPLJJ_07407	CDS	213				hypothetical protein
OGCOPLJJ_07408	CDS	168				hypothetical protein
OGCOPLJJ_07409	CDS	210	cheW		COG0835	Chemotaxis protein CheW
OGCOPLJJ_07410	CDS	339				hypothetical protein
OGCOPLJJ_07411	CDS	246				hypothetical protein
OGCOPLJJ_07412	CDS	411				hypothetical protein
OGCOPLJJ_07413	CDS	330	zntB		COG0598	Zinc transport protein ZntB
OGCOPLJJ_07414	CDS	219				hypothetical protein
OGCOPLJJ_07415	CDS	474				hypothetical protein
OGCOPLJJ_07416	CDS	204				hypothetical protein
OGCOPLJJ_07417	CDS	420	nusA_2			Transcription termination/antitermination protein NusA
OGCOPLJJ_07418	CDS	270				hypothetical protein
OGCOPLJJ_07419	CDS	507	btuD_3	7.6.2.8		Vitamin B12 import ATP-binding protein BtuD
OGCOPLJJ_07420	CDS	279				hypothetical protein
OGCOPLJJ_07421	CDS	225	yfiH_2	1.10.3.-	COG1496	Polyphenol oxidase
OGCOPLJJ_07422	CDS	276				hypothetical protein
OGCOPLJJ_07423	CDS	426	znuB_2		COG1108	High-affinity zinc uptake system membrane protein ZnuB
OGCOPLJJ_07424	CDS	507				hypothetical protein
OGCOPLJJ_07425	CDS	423				hypothetical protein
OGCOPLJJ_07426	CDS	267	rpoS			RNA polymerase sigma factor RpoS
OGCOPLJJ_07427	CDS	420				hypothetical protein
OGCOPLJJ_07428	CDS	225				hypothetical protein
OGCOPLJJ_07429	CDS	378				hypothetical protein
OGCOPLJJ_07430	CDS	306				hypothetical protein
OGCOPLJJ_07431	CDS	315				hypothetical protein
OGCOPLJJ_07432	CDS	300	puuA_2	6.3.1.11	COG0174	Gamma-glutamylputrescine synthetase PuuA
OGCOPLJJ_07433	CDS	483				hypothetical protein
OGCOPLJJ_07434	CDS	213				hypothetical protein
OGCOPLJJ_07435	CDS	309				hypothetical protein
OGCOPLJJ_07436	CDS	429				hypothetical protein
OGCOPLJJ_07437	CDS	594				hypothetical protein
OGCOPLJJ_07438	CDS	276	trpG_2	4.1.3.27		Anthranilate synthase component 2
OGCOPLJJ_07439	CDS	372				hypothetical protein
OGCOPLJJ_07440	CDS	405				hypothetical protein
OGCOPLJJ_07441	CDS	318				hypothetical protein
OGCOPLJJ_07442	CDS	309				hypothetical protein
OGCOPLJJ_07443	CDS	255	uppP	3.6.1.27	COG1968	Undecaprenyl-diphosphatase
OGCOPLJJ_07444	CDS	201				hypothetical protein
OGCOPLJJ_07445	CDS	417				hypothetical protein
OGCOPLJJ_07446	CDS	363				hypothetical protein
OGCOPLJJ_07447	CDS	351				hypothetical protein
OGCOPLJJ_07448	CDS	354				hypothetical protein
OGCOPLJJ_07449	CDS	186				hypothetical protein
OGCOPLJJ_07450	CDS	591	mgsA	4.2.3.3		Methylglyoxal synthase
OGCOPLJJ_07451	CDS	210				hypothetical protein
OGCOPLJJ_07452	CDS	516				hypothetical protein
OGCOPLJJ_07453	CDS	186				hypothetical protein
OGCOPLJJ_07454	CDS	453	rhaS_9			HTH-type transcriptional activator RhaS
OGCOPLJJ_07455	CDS	213				hypothetical protein
OGCOPLJJ_07456	CDS	114				hypothetical protein
OGCOPLJJ_07457	CDS	147				hypothetical protein
OGCOPLJJ_07458	CDS	168				hypothetical protein
OGCOPLJJ_07459	CDS	459				hypothetical protein
OGCOPLJJ_07460	CDS	243	hldD	5.1.3.20	COG0451	ADP-L-glycero-D-manno-heptose-6-epimerase
OGCOPLJJ_07461	CDS	306				hypothetical protein
OGCOPLJJ_07462	CDS	177				hypothetical protein
OGCOPLJJ_07463	CDS	168				hypothetical protein
OGCOPLJJ_07464	CDS	351				hypothetical protein
OGCOPLJJ_07465	CDS	441				hypothetical protein
OGCOPLJJ_07466	CDS	384				hypothetical protein
OGCOPLJJ_07467	CDS	246				hypothetical protein
OGCOPLJJ_07468	CDS	222				hypothetical protein
OGCOPLJJ_07469	CDS	459				hypothetical protein
OGCOPLJJ_07470	CDS	372				hypothetical protein
OGCOPLJJ_07471	CDS	519				hypothetical protein
OGCOPLJJ_07472	CDS	447				hypothetical protein
OGCOPLJJ_07473	CDS	462				hypothetical protein
OGCOPLJJ_07474	CDS	204				hypothetical protein
OGCOPLJJ_07475	CDS	339	nadA_2	2.5.1.72		Quinolinate synthase A
OGCOPLJJ_07476	CDS	282				hypothetical protein
OGCOPLJJ_07477	CDS	126				hypothetical protein
OGCOPLJJ_07478	CDS	216	dapH	2.3.1.89		2,3,4,5-tetrahydropyridine-2,6-dicarboxylate N-acetyltransferase
OGCOPLJJ_07479	CDS	438				hypothetical protein
OGCOPLJJ_07480	CDS	273				hypothetical protein
OGCOPLJJ_07481	CDS	342				hypothetical protein
OGCOPLJJ_07482	CDS	492	yfcA		COG0730	putative membrane transporter protein YfcA
OGCOPLJJ_07483	CDS	525				hypothetical protein
OGCOPLJJ_07484	CDS	429				hypothetical protein
OGCOPLJJ_07485	CDS	336				hypothetical protein
OGCOPLJJ_07486	CDS	372				hypothetical protein
OGCOPLJJ_07487	CDS	315				hypothetical protein
OGCOPLJJ_07488	CDS	231				hypothetical protein
OGCOPLJJ_07489	CDS	339				hypothetical protein
OGCOPLJJ_07490	CDS	321				hypothetical protein
OGCOPLJJ_07491	CDS	396				hypothetical protein
OGCOPLJJ_07492	CDS	303				hypothetical protein
OGCOPLJJ_07493	CDS	336				hypothetical protein
OGCOPLJJ_07494	CDS	399				hypothetical protein
OGCOPLJJ_07495	CDS	261				hypothetical protein
OGCOPLJJ_07496	CDS	261				hypothetical protein
OGCOPLJJ_07497	CDS	453				hypothetical protein
OGCOPLJJ_07498	CDS	489				hypothetical protein
OGCOPLJJ_07499	CDS	300	mepA_2	3.4.24.-		Penicillin-insensitive murein endopeptidase
OGCOPLJJ_07500	CDS	129				hypothetical protein
OGCOPLJJ_07501	CDS	243				hypothetical protein
OGCOPLJJ_07502	CDS	210				hypothetical protein
OGCOPLJJ_07503	CDS	288				hypothetical protein
OGCOPLJJ_07504	CDS	477				hypothetical protein
OGCOPLJJ_07505	CDS	309				hypothetical protein
OGCOPLJJ_07506	CDS	99				hypothetical protein
OGCOPLJJ_07507	CDS	204				hypothetical protein
OGCOPLJJ_07508	CDS	135				hypothetical protein
OGCOPLJJ_07509	CDS	249				hypothetical protein
OGCOPLJJ_07510	CDS	147				hypothetical protein
OGCOPLJJ_07511	CDS	342				hypothetical protein
OGCOPLJJ_07512	CDS	279				hypothetical protein
OGCOPLJJ_07513	CDS	462				hypothetical protein
OGCOPLJJ_07514	CDS	147				hypothetical protein
OGCOPLJJ_07515	CDS	429				hypothetical protein
OGCOPLJJ_07516	CDS	288				hypothetical protein
OGCOPLJJ_07517	CDS	216				hypothetical protein
OGCOPLJJ_07518	CDS	246				hypothetical protein
OGCOPLJJ_07519	CDS	186				hypothetical protein
OGCOPLJJ_07520	CDS	417	argA	2.3.1.1	COG0548	Amino-acid acetyltransferase
OGCOPLJJ_07521	tRNA	76				tRNA-Val(tac)
OGCOPLJJ_07522	tRNA	77				tRNA-Asp(gtc)
OGCOPLJJ_07523	tRNA	77				tRNA-Asp(gtc)
OGCOPLJJ_07524	tRNA	76				tRNA-Val(tac)
OGCOPLJJ_07525	CDS	264				hypothetical protein
OGCOPLJJ_07526	CDS	318				hypothetical protein
OGCOPLJJ_07527	CDS	96				hypothetical protein
OGCOPLJJ_07528	CDS	255				hypothetical protein
OGCOPLJJ_07529	CDS	186				hypothetical protein
OGCOPLJJ_07530	CDS	393				hypothetical protein
OGCOPLJJ_07531	CDS	357				hypothetical protein
OGCOPLJJ_07532	CDS	339				hypothetical protein
OGCOPLJJ_07533	CDS	150				hypothetical protein
OGCOPLJJ_07534	CDS	240				hypothetical protein
OGCOPLJJ_07535	CDS	432				hypothetical protein
OGCOPLJJ_07536	CDS	303				hypothetical protein
OGCOPLJJ_07537	CDS	450	radA			DNA repair protein RadA
OGCOPLJJ_07538	CDS	255				hypothetical protein
OGCOPLJJ_07539	CDS	225				hypothetical protein
OGCOPLJJ_07540	CDS	267				hypothetical protein
OGCOPLJJ_07541	CDS	261				hypothetical protein
OGCOPLJJ_07542	CDS	288				hypothetical protein
OGCOPLJJ_07543	CDS	168				hypothetical protein
OGCOPLJJ_07544	CDS	150	gltA	2.3.3.16	COG0372	Citrate synthase
OGCOPLJJ_07545	CDS	192	wecA_2	2.7.8.40		UDP-N-acetylgalactosamine-undecaprenyl-phosphate N-acetylgalactosaminephosphotransferase
OGCOPLJJ_07546	CDS	195				hypothetical protein
OGCOPLJJ_07547	CDS	195				hypothetical protein
OGCOPLJJ_07548	CDS	243	phoR_2	2.7.13.3		Phosphate regulon sensor protein PhoR
OGCOPLJJ_07549	CDS	276				hypothetical protein
OGCOPLJJ_07550	CDS	462	hutH_4	4.3.1.3		Histidine ammonia-lyase
OGCOPLJJ_07551	CDS	168				hypothetical protein
OGCOPLJJ_07552	CDS	270				hypothetical protein
OGCOPLJJ_07553	CDS	297				hypothetical protein
OGCOPLJJ_07554	CDS	381	icd_2	1.1.1.42	COG2838	Isocitrate dehydrogenase [NADP]
OGCOPLJJ_07555	CDS	381				hypothetical protein
OGCOPLJJ_07556	CDS	162				hypothetical protein
OGCOPLJJ_07557	CDS	162				hypothetical protein
OGCOPLJJ_07558	CDS	162				hypothetical protein
OGCOPLJJ_07559	CDS	165				hypothetical protein
OGCOPLJJ_07560	CDS	228				hypothetical protein
OGCOPLJJ_07561	CDS	267	gpmI_3	5.4.2.12	COG0696	2,3-bisphosphoglycerate-independent phosphoglycerate mutase
OGCOPLJJ_07562	CDS	207	ousW		COG4176	Glycine betaine/choline transport system permease protein OusW
OGCOPLJJ_07563	CDS	273	rocE		COG0833	Amino-acid permease RocE
OGCOPLJJ_07564	CDS	201				hypothetical protein
OGCOPLJJ_07565	CDS	162	orn_2	3.1.-.-		Oligoribonuclease
OGCOPLJJ_07566	CDS	267	nrdB	1.17.4.1	COG0208	Ribonucleoside-diphosphate reductase subunit beta
OGCOPLJJ_07567	CDS	333				hypothetical protein
OGCOPLJJ_07568	CDS	318				hypothetical protein
OGCOPLJJ_07569	CDS	192				hypothetical protein
OGCOPLJJ_07570	CDS	180				hypothetical protein
OGCOPLJJ_07571	CDS	216				hypothetical protein
OGCOPLJJ_07572	CDS	147				hypothetical protein
OGCOPLJJ_07573	CDS	270			COG2924	putative Fe(2+)-trafficking protein
OGCOPLJJ_07574	CDS	258				hypothetical protein
OGCOPLJJ_07575	CDS	144				hypothetical protein
OGCOPLJJ_07576	CDS	255				hypothetical protein
OGCOPLJJ_07577	CDS	213				hypothetical protein
OGCOPLJJ_07578	CDS	375				hypothetical protein
OGCOPLJJ_07579	CDS	282				hypothetical protein
OGCOPLJJ_07580	CDS	300	ispH_2	1.17.7.4	COG0761	4-hydroxy-3-methylbut-2-enyl diphosphate reductase
OGCOPLJJ_07581	CDS	120				hypothetical protein
OGCOPLJJ_07582	CDS	336				hypothetical protein
OGCOPLJJ_07583	CDS	219				hypothetical protein
OGCOPLJJ_07584	tRNA	77				tRNA-Asp(gtc)
OGCOPLJJ_07585	tRNA	77				tRNA-Asp(gtc)
OGCOPLJJ_07586	CDS	237				hypothetical protein
OGCOPLJJ_07587	CDS	240				hypothetical protein
OGCOPLJJ_07588	CDS	177				hypothetical protein
OGCOPLJJ_07589	CDS	216				hypothetical protein
OGCOPLJJ_07590	CDS	156				hypothetical protein
OGCOPLJJ_07591	CDS	174				hypothetical protein
OGCOPLJJ_07592	CDS	246				hypothetical protein
OGCOPLJJ_07593	CDS	300				hypothetical protein
OGCOPLJJ_07594	CDS	180				hypothetical protein
OGCOPLJJ_07595	CDS	207				hypothetical protein
OGCOPLJJ_07596	CDS	288			COG2826	IS30 family transposase ISAba125
OGCOPLJJ_07597	CDS	285				hypothetical protein
OGCOPLJJ_07598	tRNA	73				tRNA-Val(tac)
OGCOPLJJ_07599	tRNA	76				tRNA-Lys(ttt)
OGCOPLJJ_07600	tRNA	76				tRNA-Val(tac)
OGCOPLJJ_07601	CDS	162				hypothetical protein
OGCOPLJJ_07602	CDS	252	desA3_2	1.14.19.-	COG3239	NADPH-dependent stearoyl-CoA 9-desaturase
OGCOPLJJ_07603	CDS	252				hypothetical protein
OGCOPLJJ_07604	CDS	99				hypothetical protein
OGCOPLJJ_07605	CDS	243				hypothetical protein
OGCOPLJJ_07606	CDS	144				hypothetical protein
OGCOPLJJ_07607	CDS	132				hypothetical protein
OGCOPLJJ_07608	CDS	219	ydcO_3		COG3135	Inner membrane protein YdcO
OGCOPLJJ_07609	CDS	231	cpo	1.11.1.10		Non-heme chloroperoxidase
OGCOPLJJ_07610	CDS	129				hypothetical protein
OGCOPLJJ_07611	CDS	129				hypothetical protein
OGCOPLJJ_07612	CDS	153				hypothetical protein
OGCOPLJJ_07613	CDS	186				hypothetical protein
