qname,qid,qstart,qend
ERR1417339,1,4364,601
ERR1417339,2,4365,830
ERR1417339,3,4382,847
ERR1417339,4,4481,667
ERR1417339,5,4,2822
ERR1417339,6,5,4604
ERR1417339,7,6,5778
ERR1417339,8,86,10316
ERR1417339,9,87,14111
ERR1417339,10,88,17750
ERR1417339,11,89,17922
ERR1417339,12,90,19869
ERR1417339,13,91,20077
ERR1417339,14,92,20933
ERR1417339,15,93,21892
ERR1417339,16,94,22573
ERR1417339,17,95,24317
ERR1417339,18,96,25785
ERR1417339,19,97,26568
ERR1417339,20,98,28094
ERR1417339,21,99,29803
ERR1417339,22,100,32637
ERR1417339,23,101,33005
ERR1417339,24,102,34819
ERR1417339,25,103,35343
ERR1417339,26,104,35631
ERR1417339,27,105,36493
ERR1417339,28,106,39192
ERR1417339,29,107,40687
ERR1417339,30,108,41249
ERR1417339,31,109,42220
ERR1417339,32,110,43027
ERR1417339,33,111,43318
ERR1417339,34,112,45060
ERR1417339,35,113,46286
ERR1417339,36,114,47148
ERR1417339,37,115,48655
ERR1417339,38,116,49440
ERR1417339,39,117,49868
ERR1417339,40,118,51255
ERR1417339,41,119,51370
ERR1417339,42,120,53164
ERR1417339,43,121,53718
ERR1417339,44,122,55216
ERR1417339,45,123,55462
ERR1417339,46,124,57554
ERR1417339,47,125,58050
ERR1417339,48,126,59629
ERR1417339,49,127,60480
ERR1417339,50,128,61191
ERR1417339,51,129,62104
ERR1417339,52,130,64033
ERR1417339,53,131,64688
ERR1417339,54,132,65775
ERR1417339,55,201,59261
ERR1417339,56,134,67357
ERR1417339,57,135,69523
ERR1417339,58,136,71230
ERR1417339,59,137,71506
ERR1417339,60,138,72848
ERR1417339,61,139,72966
ERR1417339,62,140,74153
ERR1417339,63,141,74331
ERR1417339,64,142,75394
ERR1417339,65,143,76655
ERR1417339,66,144,79560
ERR1417339,67,145,80019
ERR1417339,68,146,80761
ERR1946991,69,2326,74631
ERR1946991,1,8368,7994
ERR1946991,2,8368,7994
ERR1946991,1,64113,63739
ERR1946991,2,64113,63739
ERR1946991,1,80887,80423
ERR1946991,2,80232,80017
ERR1946991,1,107376,106897
ERR1946991,2,106612,106391
ERR1946991,3,106285,105968
ERR1946991,1,71039,70560
ERR1946991,2,70479,70339
ERR1946991,3,70168,69407
ERR1946991,1,140723,140046
ERR1946991,2,140723,140046
ERR1946991,1,25732,25139
ERR1946991,2,25732,25139
ERR1946991,1,56762,56496
ERR1946991,2,56365,56024
ERR1946991,3,55787,55951
ERR1946991,1,36508,37629
ERR1946991,2,36508,37629
ERR1946991,1,65137,65430
ERR1946991,2,65137,65430
ERR1946991,1,47096,47656
ERR1946991,2,47096,47656
ERR1946991,1,31474,30422
ERR1946991,2,31474,30422
ERR1946991,1,140723,140046
ERR1946991,2,140723,140046
ERR1946991,1,105146,105574
ERR1946991,2,104733,104876
ERR1946991,1,65771,65346
ERR1946991,2,65215,65015
ERR1946991,1,141637,141404
ERR1946991,2,141637,141404
ERR1946991,1,64328,64687
ERR1946991,2,64328,64687
ERR1946991,1,28793,24273
ERR1946991,2,28793,24273
ERR1946991,3,28793,24273
ERR1946991,1,27870,28106
ERR1946991,2,27870,28106
ERR1946991,1,47096,47656
ERR1946991,2,47096,47656
ERR1946991,3,47096,47656
ERR1946991,4,47096,47656
ERR1946991,1,1084,1653
ERR1946991,2,1084,1653
ERR1946991,1,9515,8760
ERR1946991,2,9515,8760
ERR1946991,1,7054,6500
ERR1946991,2,7054,6500
ERR1946991,1,8368,7994
ERR1946991,2,8368,7994
ERR1946991,1,127306,127710
ERR1946991,2,127306,127710
ERR1946991,1,76,1284
ERR1946991,2,76,1284
ERR1946991,1,15244,15966
ERR1946991,2,15244,15966
ERR1946991,1,64786,65022
ERR1946991,2,64786,65022
ERR1946991,1,112791,112567
ERR1946991,2,112791,112567
ERR1946991,1,76,1284
ERR1946991,2,76,1284
ERR1946991,1,75289,74864
ERR1946991,2,75289,74864
ERR1946991,1,17252,16260
ERR1946991,1,15019,14321
ERR1946991,1,143461,144114
ERR1946991,2,144127,145338
ERR1946991,1,76,1284
ERR1946991,2,76,1284
ERR1946991,1,404,96
ERR1946991,2,404,96
ERR1946991,1,3,1007
ERR1946991,1,3,1007
ERR1946991,1,8368,7994
ERR1946991,2,8368,7994
ERR1946991,1,76,1284
ERR1946991,2,76,1284
ERR1946991,1,6336,7286
ERR1946991,2,6336,7286
ERR1946991,1,1,135
ERR1946991,2,1,135
ERR1946991,1,16021,13337
ERR1946991,2,16021,13337
ERR1946991,1,5059,4310
ERR1946991,2,5059,4310
ERR1946991,1,37703,39418
ERR1946991,2,37703,39418
ERR1946991,1,76,1284
ERR1946991,1,76,1284
ERR1946991,1,132396,130297
ERR1946991,2,132396,130297
ERR1946991,1,1,594
ERR1946991,1,1,594
ERR1946991,1,1,594
ERR1946991,1,1,594
ERR1946991,1,1,594
ERR1946991,1,1,594
ERR1946991,1,3,236
ERR1946991,1,3,236
ERR1946999,1,-41139,-40783
ERR1946999,2,-41731,-41282
ERR1946999,3,-41948,-42670
ERR1946999,4,-42816,-43526
ERR1946999,5,-43709,-44533
ERR1946999,6,-45491,-44568
ERR1946999,7,-46665,-45556
ERR1946999,1,97349,96738
ERR1946999,2,96587,95631
ERR1946999,3,95619,95290
ERR1946999,4,93832,95043
ERR1946999,5,91654,93747
ERR1946999,6,91133,91402
ERR1946999,7,90920,89622
ERR1946999,8,87142,88905
ERR1946999,9,83347,87045
ERR1946999,10,79708,83343
ERR1946999,11,79536,79030
ERR1946999,12,77589,79007
ERR1946999,13,77381,76674
ERR1946999,14,76525,75578
ERR1946999,15,75566,74898
ERR1946999,16,74885,73266
ERR1946999,17,73141,71828
ERR1946999,18,71674,70901
ERR1946999,19,70891,69389
ERR1946999,20,69365,67983
ERR1946999,21,67656,64819
ERR1946999,22,64822,64454
ERR1946999,23,64454,62643
ERR1946999,24,62640,62113
ERR1946999,25,62116,61841
ERR1946999,26,61828,61424
ERR1946999,27,60966,61367
ERR1946999,28,58267,60966
ERR1946999,29,56772,58256
ERR1946999,30,56210,56734
ERR1946999,31,55239,55568
ERR1946999,32,54432,55226
ERR1946999,33,54140,52428
ERR1946999,34,52398,51172
ERR1946999,35,51172,50312
ERR1946999,36,50310,49714
ERR1946999,37,48803,49717
ERR1946999,38,48018,48767
ERR1946999,39,47590,47916
ERR1946999,40,46203,47513
ERR1946999,41,46088,44421
ERR1946999,42,44294,43740
ERR1946999,43,43740,43300
ERR1946999,44,42242,43243
ERR1946999,45,41996,42202
ERR1946999,46,39904,42003
ERR1946999,47,39408,38635
ERR1946999,48,37829,38440
ERR1946999,49,36978,37832
ERR1946999,50,36268,36855
ERR1946999,51,35355,36149
ERR1946999,52,33426,35234
ERR1946999,53,32771,33301
ERR1946999,54,30997,31911
ERR1946999,56,30425,28272
ERR1946999,57,28259,27087
ERR1946999,58,26551,27042
ERR1946999,59,26275,25559
ERR1946999,60,24933,25490
ERR1946999,61,24815,24408
ERR1946999,62,23629,24387
ERR1946999,63,23451,22747
ERR1946999,64,22388,21249
ERR1946999,65,21127,20225
ERR1946999,66,18222,20141
ERR1946999,67,17763,18119
ERR1946999,68,17000,17581
ERR1946999,1,50282,49455
ERR1946999,2,50492,51244
ERR1946999,3,51382,52257
ERR1946999,4,52323,52808
ERR1946999,5,52907,53731
ERR1946999,6,53825,54541
ERR1946999,7,54543,54860
ERR1946999,8,55353,54901
ERR1946999,9,56527,55910
ERR1946999,10,57819,56818
ERR1946999,11,58981,57839
ERR1946999,12,59760,59110
ERR1946999,13,60596,59784
ERR1946999,14,61366,60593
ERR1946999,15,62298,61363
ERR1946999,16,63224,62592
ERR1946999,17,64058,63372
ERR1946999,18,64308,65537
ERR1946999,19,66584,67837
ERR1946999,20,69326,67878
ERR1946999,21,72518,69339
ERR1946999,22,73745,72525
ERR1946999,23,73943,74974
ERR1946999,24,75149,75934
ERR1946999,25,76026,76715
ERR1946999,26,76712,77425
ERR1946999,27,77435,78211
ERR1946999,28,78612,78283
ERR1946999,29,79112,78849
ERR1946999,30,80485,79115
ERR1946999,31,82005,80542
ERR1946999,32,82240,83109
ERR1946999,33,83943,83164
ERR1946999,34,84048,84776
ERR1946999,35,86054,84786
ERR1946999,36,86342,88099
ERR1946999,37,88181,88540
ERR1946999,38,88648,89310
ERR1946999,39,89307,90665
ERR1946999,40,90901,90731
ERR1946999,41,91038,91937
ERR1946999,42,92510,91959
ERR1946999,43,94927,92531
ERR1946999,44,95113,96021
ERR1946999,45,96018,96290
ERR1946999,46,97505,96492
ERR1946999,47,98005,99363
ERR1946999,48,99527,100672
ERR1946999,49,101660,100716
ERR1946999,50,101846,102955
ERR1946999,51,103064,105310
ERR1946999,52,105438,105821
ERR1946999,53,105992,107452
ERR1946999,54,108480,107524
ERR1946999,55,109309,108677
ERR1946999,56,109437,110210
ERR1946999,57,110230,110853
ERR1946999,58,111777,110992
ERR1946999,59,111988,111791
ERR1946999,60,112367,112002
ERR1946999,61,113345,112479
ERR1946999,62,113724,113479
ERR1946999,1,86121,86444
ERR1946999,2,86595,87296
ERR1946999,3,87436,88104
ERR1946999,4,89063,88221
ERR1946999,5,89830,89219
ERR1946999,6,90422,89823
ERR1946999,7,91705,90515
ERR1946999,8,91705,90515
ERR1946999,9,93843,91702
ERR1946999,10,95306,93840
ERR1946999,11,96327,95581
ERR1946999,12,96875,96327
ERR1946999,13,97407,96859
ERR1946999,14,97984,97445
ERR1946999,15,98965,97988
ERR1946999,16,99179,100600
ERR1946999,1,33676,35277
ERR1946999,2,35292,35966
ERR1946999,3,35992,37326
ERR1946999,4,37926,37327
ERR1946999,5,39365,38178
ERR1946999,6,40552,39668
ERR1946999,7,40669,41574
ERR1946999,8,41669,42685
ERR1946999,9,42823,43407
ERR1946999,10,46343,43464
ERR1946999,11,46540,47217
ERR1946999,12,47243,48049
ERR1946999,13,48104,48538
ERR1946999,14,48969,48535
ERR1946999,15,49324,48977
ERR1946999,16,50888,49434
ERR1946999,17,54064,50888
ERR1946999,18,55327,54077
ERR1946999,19,55978,55352
ERR1946999,20,58223,56163
ERR1946999,21,59215,58238
ERR1946999,22,59659,59970
ERR1946999,23,59989,60246
ERR1946999,24,60487,61182
ERR1946999,25,61310,62098
ERR1946999,26,62217,63488
ERR1946999,27,63556,64929
ERR1946999,28,65006,65479
ERR1946999,29,65909,65529
ERR1946999,30,66026,66586
ERR1946999,31,68026,66626
ERR1946999,32,69461,68277
ERR1946999,33,69912,69463
ERR1946999,34,70730,70077
ERR1946999,35,71201,70914
ERR1946999,36,73185,71299
ERR1946999,37,73544,73750
ERR1946999,38,73826,74350
ERR1946999,39,76669,75737
ERR1946999,40,76781,77266
ERR1946999,41,78611,77337
ERR1946999,42,79575,79967
ERR1946999,43,79967,80332
ERR1946999,44,80345,82180
ERR1946999,45,82195,82905
ERR1946999,46,83476,86316
ERR1946999,47,86316,87512
ERR1946999,48,87575,89008
ERR1946999,49,89156,90322
ERR1946999,50,90337,91227
ERR1946999,1,39453,37222
ERR1946999,2,37117,36434
ERR1946999,3,35975,34278
ERR1946999,4,34194,33034
ERR1946999,5,33034,32441
ERR1946999,6,32399,31857
ERR1946999,7,31688,31062
ERR1946999,8,29994,30869
ERR1946999,9,29741,29523
ERR1946999,10,29511,29074
ERR1946999,11,29077,28307
ERR1946999,12,28134,25954
ERR1946999,13,25745,23412
ERR1946999,14,22584,23363
ERR1946999,15,22490,21672
ERR1946999,16,21598,21239
ERR1946999,17,21228,20866
ERR1946999,18,20744,19902
ERR1946999,19,19857,19348
ERR1946999,20,19333,18278
ERR1946999,21,18177,17656
ERR1946999,22,17191,17595
ERR1946999,23,16571,17191
ERR1946999,24,15771,16526
ERR1946999,25,14516,15379
ERR1946999,26,13749,14441
ERR1946999,27,13636,12188
ERR1946999,28,12020,11784
ERR1946999,29,11771,11616
ERR1946999,30,11468,9759
ERR1946999,31,9443,9721
ERR1946999,32,8827,9330
ERR1946999,33,8543,8710
ERR1946999,34,8296,8535
ERR1946999,35,6243,8222
ERR1946999,36,5554,6126
ERR1946999,37,4658,5416
ERR1946999,38,1934,4570
ERR1946999,39,1449,1898
ERR1946999,40,924,1301
ERR1946999,1,1639,1073
ERR1946999,2,3140,1977
ERR1946999,3,3764,3171
ERR1946999,4,4147,3764
ERR1946999,5,4286,5473
ERR1946999,6,5598,5840
ERR1946999,7,5962,6999
ERR1946999,8,8428,7118
ERR1946999,9,10869,8428
ERR1946999,10,10990,12003
ERR1946999,11,12003,12692
ERR1946999,12,12780,13412
ERR1946999,13,13434,14216
ERR1946999,14,14213,15100
ERR1946999,15,15150,15785
ERR1946999,16,15801,16229
ERR1946999,17,16226,17953
ERR1946999,18,17956,18966
ERR1946999,19,18976,19737
ERR1946999,20,19749,20729
ERR1946999,21,20741,21082
ERR1946999,22,21100,21873
ERR1946999,23,21911,22519
ERR1946999,24,22529,23083
ERR1946999,25,23073,23453
ERR1946999,26,23453,24154
ERR1946999,27,24154,25113
ERR1946999,28,24154,25113
ERR1946999,1,87355,85052
ERR1946999,2,84218,85006
ERR1946999,3,83094,84044
ERR1946999,4,82364,82966
ERR1946999,5,82060,80156
ERR1946999,6,80084,79203
ERR1946999,7,78793,76973
ERR1946999,9,76569,75751
ERR1946999,10,75754,74978
ERR1946999,11,74978,74298
ERR1946999,12,74271,73630
ERR1946999,13,73618,73331
ERR1946999,14,72248,73261
ERR1946999,15,72090,71509
ERR1946999,16,71494,71093
ERR1946999,17,70455,71090
ERR1946999,18,68417,70462
ERR1946999,19,68396,67581
ERR1946999,20,67501,66515
ERR1946999,21,63901,66471
ERR1946999,22,63625,62753
ERR1946999,23,62700,61381
ERR1946999,24,60391,61338
ERR1946999,25,59488,60264
ERR1946999,26,58942,59379
ERR1946999,27,58092,58856
ERR1946999,28,56399,57946
ERR1946999,29,55165,56355
ERR1946999,30,54997,54269
ERR1946999,31,54017,53706
ERR1946999,32,53648,53010
ERR1946999,33,52998,52396
ERR1946999,34,52399,52079
ERR1946999,35,52067,51243
ERR1946999,36,51229,50954
ERR1946999,37,50942,50613
ERR1946999,38,50611,49859
ERR1946999,39,49855,49442
ERR1946999,40,49442,49245
ERR1946999,41,49248,48991
ERR1946999,42,48898,48530
ERR1946999,43,48520,48203
ERR1946999,44,48187,47651
ERR1946999,45,47641,47336
ERR1946999,46,47324,46929
ERR1946999,47,46915,46382
ERR1946999,48,46367,46017
ERR1946999,49,46014,45517
ERR1946999,50,45510,45334
ERR1946999,51,45330,44890
ERR1946999,52,44877,43525
ERR1946999,53,43504,43388
ERR1946999,54,43280,42924
ERR1946999,55,42904,42518
ERR1946999,56,42505,41879
ERR1946999,57,41861,40854
ERR1946999,58,40835,40458
ERR1946999,59,40276,38786
ERR1946999,1,39978,39775
ERR1946999,2,39489,38650
ERR1946999,3,37369,38634
ERR1946999,4,36091,37263
ERR1946999,5,35523,35981
ERR1946999,6,35328,35170
ERR1946999,7,34998,34261
ERR1946999,8,34075,33713
ERR1946999,9,33572,32538
ERR1946999,10,32490,31954
ERR1946999,11,31944,31699
ERR1946999,12,31668,31108
ERR1946999,13,31069,30041
ERR1946999,14,28614,30038
ERR1946999,15,28523,28149
ERR1946999,16,27263,28165
ERR1946999,17,27142,26339
ERR1946999,18,26334,25144
ERR1946999,19,24450,25103
ERR1946999,20,23577,24398
ERR1946999,21,23392,23042
ERR1946999,22,21815,22927
ERR1946999,23,21333,21710
ERR1946999,24,18068,21193
ERR1946999,25,16965,18065
ERR1946999,26,16965,18065
ERR1946999,1,130389,128536
ERR1946999,2,128515,127895
ERR1946999,3,127699,126341
ERR1946999,4,126323,125811
ERR1946999,5,125638,124010
ERR1946999,6,122638,123903
ERR1946999,7,122338,121025
ERR1946999,8,120128,120970
ERR1946999,9,119024,120043
ERR1946999,10,118831,116648
ERR1946999,11,116497,115211
ERR1946999,12,115186,114635
ERR1946999,13,114535,114335
ERR1946999,14,114221,113790
ERR1946999,15,113667,112435
ERR1946999,16,112419,111619
ERR1946999,17,111628,110837
ERR1946999,18,110815,109700
ERR1946999,19,109703,108411
ERR1946999,20,108382,107684
ERR1946999,21,107684,106539
ERR1946999,22,106351,104942
ERR1946999,1,55448,54684
ERR1946999,2,54396,53503
ERR1946999,3,52986,53495
ERR1946999,4,51646,52650
ERR1946999,5,50313,51497
ERR1946999,6,49887,50294
ERR1946999,7,48893,49819
ERR1946999,8,48653,47526
ERR1946999,9,47514,47200
ERR1946999,10,47187,45733
ERR1946999,11,44859,45680
ERR1946999,12,44206,44607
ERR1946999,13,43330,44124
ERR1946999,14,42447,43313
ERR1946999,15,41648,42436
ERR1946999,16,38744,41551
ERR1946999,17,38571,37657
ERR1946999,18,37634,36816
ERR1946999,19,36806,35415
ERR1946999,20,35384,33078
ERR1946999,21,32260,33033
ERR1946999,22,32148,31342
ERR1946999,23,31373,30963
ERR1946999,24,30838,29375
ERR1946999,25,29378,28896
ERR1946999,26,28850,28041
ERR1946999,27,28037,27189
ERR1946999,28,27166,26315
ERR1946999,29,26360,26049
ERR1946999,30,26046,25510
ERR1946999,31,23820,25448
ERR1946999,32,23408,21486
ERR1946999,33,21249,20929
ERR1946999,34,20723,20103
ERR1946999,35,20050,19622
ERR1946999,36,18332,19582
ERR1946999,37,18083,17889
ERR1946999,38,17877,17518
ERR1946999,39,17427,16870
ERR1946999,40,16811,16308
ERR1946999,1,245160,245447
ERR1946999,2,244804,245076
ERR1946999,3,243965,244801
ERR1946999,4,243196,243918
ERR1946999,5,242028,243074
ERR1946999,6,241085,242011
ERR1946999,7,240840,240187
ERR1946999,9,239993,237954
ERR1946999,10,237929,237477
ERR1946999,11,237277,235859
ERR1946999,12,235844,234936
ERR1946999,13,234815,234033
ERR1946999,14,233906,233076
ERR1946999,15,232823,232368
ERR1946999,16,232215,231148
ERR1946999,17,231148,230825
ERR1946999,18,230372,230770
ERR1946999,19,230260,229823
ERR1946999,20,228635,229753
ERR1946999,21,227540,228607
ERR1946999,22,227443,226751
ERR1946999,23,222953,226549
ERR1946999,24,221675,222943
ERR1946999,25,221529,221038
ERR1946999,26,220593,220970
ERR1946999,27,220213,219761
ERR1946999,28,219671,218766
ERR1946999,29,217659,218774
ERR1946999,30,216536,217633
ERR1946999,31,216477,215980
ERR1946999,32,215710,214559
ERR1946999,33,214552,213029
ERR1946999,34,212726,210741
ERR1946999,1,78883,79845
ERR1946999,2,77834,78736
ERR1946999,3,76423,77820
ERR1946999,4,75047,76426
ERR1946999,5,73915,74946
ERR1946999,6,72080,73459
ERR1946999,7,70218,71939
ERR1946999,8,70083,69598
ERR1946999,9,68096,69526
ERR1946999,10,66287,67819
ERR1946999,11,64911,66284
ERR1946999,12,64443,63742
ERR1946999,15,61343,62437
ERR1946999,16,60260,61330
ERR1946999,17,60119,59424
ERR1946999,18,59257,58241
ERR1946999,19,55347,58184
ERR1946999,20,54564,55202
ERR1946999,21,53727,54431
ERR1946999,22,52367,53665
ERR1946999,23,51713,52324
ERR1946999,24,51219,51596
ERR1946999,25,51047,49584
ERR1946999,26,48916,49548
ERR1946999,27,48812,48429
ERR1946999,28,45609,48371
ERR1946999,29,44671,45486
ERR1946999,30,43128,44522
ERR1946999,1,172242,172886
ERR1946999,2,171510,172235
ERR1946999,3,170783,171496
ERR1946999,4,170573,170773
ERR1946999,5,169526,170554
ERR1946999,6,168828,169520
ERR1946999,7,168482,168856
ERR1946999,8,167631,168458
ERR1946999,9,165743,167560
ERR1946999,10,165116,165568
ERR1946999,11,163619,164995
ERR1946999,12,163394,161745
ERR1946999,13,161274,161690
ERR1946999,14,160537,161136
ERR1946999,15,159457,160527
ERR1946999,16,158643,159455
ERR1946999,17,158379,157372
ERR1946999,18,157341,156733
ERR1946999,19,156652,155819
ERR1946999,20,155822,154938
ERR1946999,21,154926,153865
ERR1946999,22,153793,152870
ERR1946999,23,152041,152781
ERR1946999,24,151746,150925
ERR1946999,25,150846,150136
ERR1946999,26,150095,149424
ERR1946999,27,149410,148994
ERR1946999,28,148902,148216
ERR1946999,29,148198,147737
ERR1946999,30,147615,147046
ERR1946999,31,146343,146975
ERR1946999,32,146275,145475
ERR1946999,33,145161,145478
ERR1946999,34,143561,144766
ERR1946999,35,139645,143478
ERR1946999,36,139335,137995
ERR1946999,37,137903,137304
ERR1946999,38,137295,136291
ERR1946999,39,136086,134752
ERR1946999,1,206888,207001
ERR1946999,2,204655,206793
ERR1946999,3,204006,204476
ERR1946999,4,203472,203846
ERR1946999,5,201946,203271
ERR1946999,6,201649,200420
ERR1946999,7,200401,199949
ERR1946999,8,199778,198918
ERR1946999,9,198827,198267
ERR1946999,10,197882,196257
ERR1946999,11,196264,195236
ERR1946999,12,194002,194958
ERR1946999,13,192503,193954
ERR1946999,14,191323,192438
ERR1946999,15,190306,191280
ERR1946999,16,188648,190294
ERR1946999,17,187509,188621
ERR1946999,18,187405,186425
ERR1946999,19,185188,186372
ERR1946999,20,184252,184515
ERR1946999,21,183759,184250
ERR1946999,22,183623,183147
ERR1946999,23,182554,183105
ERR1946999,24,181596,182333
ERR1946999,25,180533,181585
ERR1946999,26,180461,179304
ERR1946999,27,179145,177280
ERR1946999,28,176000,177283
ERR1946999,29,175911,174202
ERR1946999,30,174197,173619
ERR1946999,31,173599,172766
ERR1946999,1,17193,15391
ERR1946999,2,18731,17190
ERR1946999,3,19472,20881
ERR1946999,4,21007,21516
ERR1946999,5,21513,22391
ERR1946999,6,22502,23947
ERR1946999,7,24059,24259
ERR1946999,8,24712,24269
ERR1946999,9,25958,25332
ERR1946999,10,26862,26104
ERR1946999,11,27056,28231
ERR1946999,12,29519,28281
ERR1946999,13,31881,29611
ERR1946999,14,34967,32118
ERR1946999,15,35824,35102
ERR1946999,16,36679,35843
ERR1946999,17,38133,36751
ERR1946999,18,38355,38891
ERR1946999,19,39313,38930
ERR1946999,20,41882,39417
ERR1946999,21,43179,42166
ERR1946999,22,43376,44788
ERR1946999,23,45042,44908
ERR1946999,24,46246,45032
ERR1946999,25,47767,46421
ERR1946999,26,49250,48180
ERR1946999,1,147344,146871
ERR1946999,2,146871,146317
ERR1946999,3,146316,145315
ERR1946999,4,145318,144500
ERR1946999,5,144500,140634
ERR1946999,6,140621,140139
ERR1946999,7,140142,139717
ERR1946999,8,139570,139319
ERR1946999,9,139299,138751
ERR1946999,10,138705,137965
ERR1946999,11,137756,137388
ERR1946999,12,136361,137335
ERR1946999,13,135245,136279
ERR1946999,14,135091,134186
ERR1946999,15,134166,133390
ERR1946999,16,133180,132737
ERR1946999,17,131869,132729
ERR1946999,18,130893,131777
ERR1946999,19,129562,130794
ERR1946999,20,129182,127773
ERR1946999,21,127678,127310
ERR1946999,22,126950,127264
ERR1946999,23,126349,126936
ERR1946999,24,126124,125759
ERR1946999,25,125389,124160
ERR1946999,26,121973,124123
ERR1946999,27,121204,121779
ERR1946999,28,119970,121088
ERR1946999,29,119251,119847
ERR1946999,30,119044,118577
ERR1946999,31,118437,117874
ERR1946999,32,117291,117824
ERR1946999,33,116481,117275
ERR1946999,34,116353,115076
ERR1946999,35,114662,113229
ERR1946999,1,132969,131179
ERR1946999,2,131025,130399
ERR1946999,3,129687,130355
ERR1946999,4,129167,129574
ERR1946999,5,128223,129170
ERR1946999,6,127761,128066
ERR1946999,7,127173,127700
ERR1946999,8,126163,126951
ERR1946999,9,124529,126097
ERR1946999,10,124153,122924
ERR1946999,11,122427,122864
ERR1946999,12,122233,121592
ERR1946999,13,120994,121584
ERR1946999,14,120392,120778
ERR1946999,15,119539,120381
ERR1946999,16,119070,119462
ERR1946999,17,118743,119051
ERR1946999,19,117457,118221
ERR1946999,20,115599,117464
ERR1946999,21,114270,115544
ERR1946999,22,110623,114273
ERR1946999,24,106382,106642
ERR1946999,25,104592,106385
ERR1946999,26,102670,104559
ERR1946999,1,187388,186387
ERR1946999,2,186164,185241
ERR1946999,3,185241,184909
ERR1946999,4,184897,183065
ERR1946999,5,183061,181562
ERR1946999,6,181553,180153
ERR1946999,7,180152,179034
ERR1946999,8,178973,178641
ERR1946999,9,178638,177814
ERR1946999,10,175241,177796
ERR1946999,11,175078,174020
ERR1946999,12,174020,173379
ERR1946999,13,173382,172642
ERR1946999,14,172631,172104
ERR1946999,15,172036,169871
ERR1946999,16,169859,169290
ERR1946999,17,169261,168179
ERR1946999,18,168163,167288
ERR1946999,19,166833,162352
ERR1946999,20,162282,160861
ERR1946999,21,160685,159798
ERR1946999,22,159667,159077
ERR1946999,23,159055,157973
ERR1946999,1,108414,108533
ERR1946999,2,106737,105631
ERR1946999,3,104422,105636
ERR1946999,4,104310,103864
ERR1946999,5,103777,103448
ERR1946999,6,103434,103288
ERR1946999,7,103434,103288
ERR1946999,1,90145,90696
ERR1946999,2,90703,91380
ERR1946999,3,91465,93252
ERR1946999,4,93266,93775
ERR1946999,5,93772,95103
ERR1946999,6,95115,97799
ERR1946999,7,97803,98819
ERR1946999,8,98838,99380
ERR1946999,9,99377,99898
ERR1946999,10,99898,100206
ERR1946999,11,100203,102092
ERR1946999,12,102094,103692
ERR1946999,13,103695,105191
ERR1946999,14,105292,105927
ERR1946999,15,106044,106337
ERR1946999,16,107244,106357
ERR1946999,17,107331,108092
ERR1946999,18,108562,108140
ERR1946999,19,108852,109079
ERR1946999,20,109307,110983
ERR1946999,21,111112,111282
ERR1946999,22,112494,111295
ERR1946999,23,113493,112612
ERR1946999,24,114693,113560
ERR1946999,25,116377,114734
ERR1946999,26,116943,116374
ERR1946999,27,117122,117745
ERR1946999,1,106821,106213
ERR1946999,2,107155,106847
ERR1946999,3,108176,107172
ERR1946999,4,108414,110510
ERR1946999,6,110762,113701
ERR1946999,7,113722,114873
ERR1946999,8,116251,114914
ERR1946999,9,116920,116270
ERR1946999,10,118606,117065
ERR1946999,11,118714,119385
ERR1946999,12,119385,120065
ERR1946999,13,121582,120062
ERR1946999,14,121771,122820
ERR1946999,15,122902,123654
ERR1946999,16,123664,124077
ERR1946999,17,124087,126363
ERR1946999,18,126367,126729
ERR1946999,19,127157,128212
ERR1946999,20,129177,128260
ERR1946999,21,129740,129180
ERR1946999,22,129876,131900
ERR1946999,23,131971,132378
ERR1946999,24,132421,133137
ERR1946999,25,133157,134251
ERR1946999,1,8553,7498
ERR1946999,2,7488,6682
ERR1946999,3,6672,5977
ERR1946999,4,4983,5966
ERR1946999,5,2601,4976
ERR1946999,6,1100,2599
ERR1946999,7,843,289
ERR1946999,1,18568,18702
ERR1946999,2,18732,19124
ERR1946999,3,19135,19455
ERR1946999,4,19461,21221
ERR1946999,5,21312,22667
ERR1417339,1,1503,1078
ERR1417339,2,916,476
ERR1417339,3,273,175
ERR1417339,1,11647,14418
ERR1417339,2,15048,14479
ERR1417339,3,15900,15070
ERR1417339,4,17161,15878
ERR1417339,5,18039,17218
ERR1417339,6,19578,18058
ERR1417339,7,19858,20184
ERR1417339,8,20506,21774
ERR1417339,9,22188,22439
ERR1417339,10,22906,22610
ERR1417339,11,25284,22903
ERR1417339,12,26298,25318
ERR1417339,1,5536,6297
ERR1417339,2,4842,5528
ERR1417339,1,20571,21923
ERR1417339,2,21920,22486
ERR1417339,1,9322,8888
ERR1417339,1,944,2146
ERR1417339,2,2152,2832
ERR1417339,3,2836,3372
ERR1417339,1,7917,5788
ERR1417339,2,8616,8050
ERR1417339,3,8692,9516
ERR1417339,4,9536,9826
ERR1417339,6,10764,10333
ERR1417339,7,12856,11021
ERR1417339,8,13035,14393
ERR1417339,9,14456,15469
ERR1417339,10,15491,16951
ERR1417339,11,17228,18433
ERR1417339,12,18437,18595
ERR1417339,13,19790,18720
ERR1417339,14,20172,20687
ERR1417339,15,20796,21971
ERR1417339,16,22097,22540
ERR1417339,17,22936,22583
ERR1417339,18,23504,23019
ERR1417339,19,25140,23497
ERR1417339,20,27712,25307
ERR1417339,21,29139,27886
ERR1417339,22,30393,29275
ERR1417339,23,30604,31614
ERR1417339,24,31786,32991
ERR1417339,25,33012,35147
ERR1417339,26,35312,35566
ERR1417339,27,35582,36442
ERR1417339,28,36891,36472
ERR1417339,29,37791,36904
ERR1417339,30,38141,37761
ERR1417339,31,38253,38882
ERR1417339,32,39017,40327
ERR1417339,33,40835,40392
ERR1417339,34,43689,40966
ERR1417339,35,44098,44739
ERR1417339,36,45081,45857
ERR1417339,37,45854,46432
ERR1417339,38,47522,46452
ERR1417339,39,48799,47513
ERR1417339,40,49692,48796
ERR1417339,41,50492,49689
ERR1417339,42,51786,50737
ERR1417339,43,51907,52782
ERR1417339,44,53786,52791
ERR1417339,45,54336,53824
ERR1417339,46,55575,54346
ERR1417339,47,56218,55550
ERR1417339,48,56587,58425
ERR1417339,49,58523,59101
ERR1417339,50,59174,59887
ERR1417339,51,60446,59916
ERR1417339,52,60655,61827
ERR1417339,53,61941,63383
ERR1417339,54,64133,63447
ERR1417339,55,65811,64153
ERR1417339,56,65943,66323
ERR1417339,57,66613,68415
ERR1417339,58,68583,70364
ERR1417339,61,70484,70966
ERR1417339,62,71387,71004
ERR1417339,63,71552,71998
ERR1417339,64,73656,72193
ERR1417339,65,75807,73732
ERR1417339,66,75943,76707
ERR1417339,67,76877,78655
ERR1417339,69,78794,79012
ERR1417339,1,10059,11210
ERR1417339,2,13159,11276
ERR1417339,3,13700,13230
ERR1946991,1,366,653
ERR1946991,2,640,954
ERR1946991,3,1082,3493
ERR1946991,4,1082,3493
ERR1946991,6,366,653
ERR1946991,9,366,653
ERR1946991,1,9515,8760
ERR1946991,2,10260,9526
ERR1946991,3,11928,10333
ERR1946991,4,13535,11925
ERR1946991,5,13683,13528
ERR1946991,6,14931,13780
ERR1946991,7,15918,15049
ERR1946991,8,17564,15936
ERR1946991,9,17726,20668
ERR1946991,10,20716,22026
ERR1946991,11,24347,22092
ERR1946991,12,25428,24460
ERR1946991,13,26205,25435
ERR1946991,14,27149,26202
ERR1946991,15,28090,27149
ERR1946991,16,28221,28090
ERR1946991,1,106318,106653
ERR1946991,2,106125,105229
ERR1946991,3,105228,104791
ERR1946991,4,104789,104367
ERR1946991,5,103833,104327
ERR1946991,6,103309,103797
ERR1946991,7,103217,102903
ERR1946991,8,100980,102851
ERR1946991,9,100477,100956
ERR1946991,10,100170,100472
ERR1946991,11,99521,100135
ERR1946991,12,99476,98625
ERR1946991,13,97706,98617
ERR1946991,14,96937,97644
ERR1946991,15,96824,95571
ERR1946991,16,94545,95507
ERR1946991,17,92632,94533
ERR1946991,18,92251,92580
ERR1946991,19,91019,92152
ERR1946991,20,90274,90843
ERR1946991,21,89158,90186
ERR1946991,22,87967,89004
ERR1946991,1,51864,52754
ERR1946991,2,50335,51852
ERR1946991,3,50169,49288
ERR1946991,4,47800,49230
ERR1946991,5,45990,47429
ERR1946991,6,45469,45828
ERR1946991,7,44355,45458
ERR1946991,8,43069,44334
ERR1946991,9,42932,42465
ERR1946991,10,41279,42424
ERR1946991,11,41203,39113
ERR1946991,12,38688,39068
ERR1946991,13,38285,38659
ERR1946991,14,37509,38174
ERR1946991,15,36697,37398
ERR1946991,16,34252,33551
ERR1946991,17,32227,33456
ERR1946991,1,17898,16501
ERR1946991,2,16403,15255
ERR1946991,3,15240,14158
ERR1946991,4,14105,11637
ERR1946991,5,11599,11207
ERR1946991,6,10566,11123
ERR1946991,7,8384,10315
ERR1946991,8,8127,7123
ERR1946991,9,6867,5860
ERR1946991,10,6867,5860
ERR1946991,11,5517,4513
ERR1946991,12,4388,4053
ERR1946991,13,3151,3996
ERR1946991,14,1896,3023
ERR1946991,15,1816,602
ERR1946991,1,43895,42933
ERR1946991,2,42919,41900
ERR1946991,3,41898,40363
ERR1946991,4,40352,38949
ERR1946991,5,38922,38137
ERR1946991,6,38107,37049
ERR1946991,7,36090,37001
ERR1946991,8,34749,36020
ERR1946991,9,34557,33862
ERR1946991,10,33852,32197
ERR1946991,11,31925,31134
ERR1946991,12,31024,30020
ERR1946991,13,29070,29987
ERR1946991,14,28903,28049
ERR1946991,15,27657,28052
ERR1946991,16,27561,26953
ERR1946991,17,25520,26869
ERR1946991,1,31222,32331
ERR1946991,2,33789,32386
ERR1946991,3,34061,34852
ERR1946991,4,34853,35545
ERR1946991,5,36437,35784
ERR1946991,6,37837,36524
ERR1946991,7,38417,37899
ERR1946991,8,38654,40672
ERR1946991,9,40672,41223
ERR1946991,10,41835,41266
ERR1946991,11,42459,41845
ERR1946991,12,43148,42483
ERR1946991,13,43617,43135
ERR1946991,14,45388,43688
ERR1946991,15,45733,45425
ERR1946991,16,46047,45745
ERR1946991,17,47024,46149
ERR1946991,18,47219,47542
ERR1946991,19,47746,48225
ERR1946991,20,49892,48288
ERR1946991,1,9873,8398
ERR1946991,2,10499,10296
ERR1946991,3,11010,11714
ERR1946991,4,12956,11742
ERR1946991,5,13180,15258
ERR1946991,6,15359,15934
ERR1946991,7,16092,18638
ERR1946991,8,18765,19550
ERR1946991,9,20801,20298
ERR1946991,10,21259,20891
ERR1946991,11,21364,22272
ERR1946991,12,22374,22514
ERR1946991,13,22640,23776
ERR1946991,1,53736,51640
ERR1946991,2,55388,53910
ERR1946991,3,55514,56092
ERR1946991,4,57399,56140
ERR1946991,5,58325,57471
ERR1946991,6,59791,58400
ERR1946991,7,60027,61595
ERR1946991,8,62173,61661
ERR1946991,9,62186,63079
ERR1946991,10,63210,64199
ERR1946991,11,64272,64922
ERR1946991,12,65432,64959
ERR1946991,13,65619,66791
ERR1946991,14,65619,66791
ERR1946991,15,67584,66865
ERR1946991,16,70356,67600
ERR1946991,17,70618,70457
ERR1946991,18,71363,70920
ERR1946991,1,66665,63489
ERR1946991,2,66665,63489
ERR1946991,3,63479,58572
ERR1946991,6,63479,58572
ERR1946991,7,66665,63489
ERR1946991,8,66665,63489
ERR1946991,1,51446,52744
ERR1946991,2,52845,53099
ERR1946991,3,53352,53684
ERR1946991,4,54493,54113
ERR1946991,5,55139,54729
ERR1946991,6,56422,55217
ERR1946991,7,57044,56412
ERR1946991,8,57138,57332
ERR1946991,9,57973,57329
ERR1946991,10,59013,57997
ERR1946991,11,60091,59087
ERR1946991,12,61078,60212
ERR1946991,13,61738,61127
ERR1946991,14,61925,63637
ERR1946991,16,63990,63733
ERR1946991,17,64175,65014
ERR1946991,18,65011,66570
ERR1946991,19,66910,66572
ERR1946991,20,67399,67055
ERR1946991,21,68247,67666
ERR1946991,22,69476,68271
ERR1946991,1,39978,39775
ERR1946991,2,40890,40171
ERR1946991,3,41532,40927
ERR1946991,4,42438,41545
ERR1946991,5,42768,43412
ERR1946991,6,43467,44402
ERR1946991,7,44584,45927
ERR1946991,8,46418,45948
ERR1946991,9,46941,47996
ERR1946991,10,48840,48061
ERR1946991,11,49688,49140
ERR1946991,12,50338,49706
ERR1946991,13,51632,50325
ERR1946991,14,51991,53379
ERR1946991,15,53539,54222
ERR1946991,16,54365,55630
ERR1946991,17,56776,55664
ERR1946991,1,37203,38570
ERR1946991,2,35784,37169
ERR1946991,3,35484,34555
ERR1946991,4,34276,32966
ERR1946991,5,32873,32079
ERR1946991,6,31946,31017
ERR1946991,7,30913,29507
ERR1946991,8,29517,28384
ERR1946991,9,27050,28279
ERR1946991,10,25675,26997
ERR1946991,11,24229,25449
ERR1946991,12,23983,23036
ERR1946991,13,21756,22931
ERR1946991,14,21378,20359
ERR1946991,1,18631,19569
ERR1946991,2,19602,19892
ERR1946991,3,19905,20660
ERR1946991,4,20677,21177
ERR1946991,5,21201,22262
ERR1946991,6,22271,23044
ERR1946991,7,23044,23835
ERR1946991,8,23838,25376
ERR1946991,9,25389,26597
ERR1946991,10,26638,27927
ERR1946991,11,27981,28946
ERR1946991,12,28933,29538
ERR1946991,13,29616,29999
ERR1946991,1,40370,40026
ERR1946991,2,39814,39473
ERR1946991,3,37703,39418
ERR1946991,4,34546,37644
ERR1946991,5,33412,34530
ERR1946991,6,32714,33352
ERR1946991,7,32431,32048
ERR1946991,8,32024,31662
ERR1946991,9,31601,31065
ERR1946991,10,31018,28940
ERR1946991,11,28793,24273
ERR1946991,12,24276,23812
ERR1946991,1,44368,42428
ERR1946991,2,45076,44522
ERR1946991,3,46133,45240
ERR1946991,4,46241,47107
ERR1946991,5,47500,47730
ERR1946991,6,48232,47906
ERR1946991,7,48443,49513
ERR1946991,8,49657,50214
ERR1946991,9,49657,50214
ERR1946991,1,10519,9491
ERR1946991,2,11022,10531
ERR1946991,3,12440,11025
ERR1946991,4,12663,13013
ERR1946991,5,13204,13989
ERR1946991,6,13986,14678
ERR1946991,7,14683,15303
ERR1946991,8,15663,16433
ERR1946991,9,16506,17147
ERR1946991,10,16506,17147
ERR1946991,1,8234,9724
ERR1946991,2,10245,9757
ERR1946991,3,10370,14122
ERR1946991,4,14228,14701
ERR1946991,5,14805,15890
ERR1946991,6,16139,16369
ERR1946991,7,17151,16405
ERR1946991,8,17337,17927
ERR1946991,9,18563,17973
ERR1946991,10,18778,19185
ERR1946991,11,21228,19240
ERR1946991,12,21752,22918
ERR1946991,13,23290,23042
ERR1946991,1,63080,63781
ERR1946991,2,63892,64938
ERR1946991,3,66007,64982
ERR1946991,4,66091,67299
ERR1946991,5,67266,67922
ERR1946991,6,69082,67949
ERR1946991,7,70318,69098
ERR1946991,8,71157,70483
ERR1946991,9,71903,71169
ERR1946991,10,73510,72053
ERR1946991,11,74671,73727
ERR1946991,12,75370,74783
ERR1946991,13,77485,75464
ERR1946991,14,77665,78456
ERR1946991,1,224763,224212
ERR1946991,2,224862,225764
ERR1946991,3,226101,225790
ERR1946991,4,226497,226108
ERR1946991,5,227163,226534
ERR1946991,6,228126,227176
ERR1946991,7,228239,228997
ERR1946991,8,229677,229039
ERR1946991,9,229787,230791
ERR1946991,10,230924,231613
ERR1946991,12,232034,231792
ERR1946991,13,232679,232080
ERR1946991,14,233879,232776
ERR1946991,15,234111,234554
ERR1946991,16,236487,234610
ERR1946991,18,237222,236764
ERR1946991,20,238904,238347
ERR1946991,1,20080,17672
ERR1946991,2,17593,16802
ERR1946991,3,16682,16290
ERR1946991,4,16185,15118
ERR1946991,5,15121,14147
ERR1946991,6,13111,14088
ERR1946991,7,11640,13028
ERR1946991,8,11222,9744
ERR1946991,9,9603,9379
ERR1946991,10,9356,8106
ERR1946991,11,8100,7255
ERR1946991,12,6545,7168
ERR1946991,13,6421,5495
ERR1946991,1,30332,30814
ERR1946991,2,32250,30811
ERR1946991,3,32337,33200
ERR1946991,4,33516,33205
ERR1946991,5,33820,33536
ERR1946991,6,34188,33838
ERR1946991,7,34601,34233
ERR1946991,8,34667,35674
ERR1946991,9,35789,37183
ERR1946991,10,37613,37317
ERR1946991,11,38256,37795
ERR1946991,12,38256,37795
ERR1946991,1,59483,58725
ERR1946991,2,60402,59464
ERR1946991,3,60794,62626
ERR1946991,4,64185,62668
ERR1946991,5,65848,64340
ERR1946991,6,65848,64340
ERR1946991,1,15621,15890
ERR1946991,2,15902,18448
ERR1946991,3,18461,20083
ERR1946991,4,20102,22882
ERR1946991,5,22879,23508
ERR1946991,6,23658,25931
ERR1946991,7,26163,27197
ERR1946991,8,27198,27452
ERR1946991,9,27456,27941
ERR1946991,10,27965,28888
ERR1946991,11,28888,30123
ERR1946991,1,24096,24749
ERR1946991,2,22999,23718
ERR1946991,3,22474,22983
ERR1946991,4,22305,20578
ERR1946991,5,19430,20152
ERR1946991,6,18451,19266
ERR1946991,7,17055,18440
ERR1946991,8,15602,17038
ERR1946991,9,13869,15380
ERR1946991,10,13725,12535
ERR1946991,11,11570,12538
ERR1946991,12,10203,11375
ERR1946991,1,26722,27090
ERR1946991,2,28012,27158
ERR1946991,3,28502,28041
ERR1946991,4,29525,28608
ERR1946991,5,30219,29593
ERR1946991,6,30219,29593
ERR1946991,7,30347,31594
ERR1946991,8,32140,33444
ERR1946991,9,32140,33444
ERR1946991,1,5059,4310
ERR1946991,2,4292,3360
ERR1946991,3,2994,280
ERR1946991,1,40716,40222
ERR1946991,2,39634,40176
ERR1946991,3,39017,39499
ERR1946991,4,38485,39015
ERR1946991,5,35655,38492
ERR1946991,6,34592,35593
ERR1946991,7,34592,35593
ERR1946991,1,25278,24535
ERR1946991,2,24506,22773
ERR1946991,3,22752,22507
ERR1946991,4,22487,21057
ERR1946991,5,21022,20168
ERR1946991,6,20166,19327
ERR1946991,7,19330,18332
ERR1946991,8,18348,18067
ERR1946991,9,16741,18027
ERR1946991,10,16195,14018
ERR1946991,11,16195,14018
ERR1946991,12,12542,13960
ERR1946991,13,12128,11943
ERR1946991,14,11857,11630
ERR1946991,1,253554,252217
ERR1946991,2,252239,251385
ERR1946991,3,251376,250954
ERR1946991,4,250780,250950
ERR1946991,5,248868,250112
ERR1946991,6,248729,247809
ERR1946991,7,246925,247812
ERR1946991,8,246925,247812
ERR1946991,1,52604,51360
ERR1946991,2,51351,50284
ERR1946991,4,48936,49352
ERR1946991,5,48783,48091
ERR1946991,6,46794,47999
ERR1946991,7,46087,46635
ERR1946991,8,46087,46635
ERR1946991,1,13116,11527
ERR1946991,2,11341,10097
ERR1946991,3,7924,10038
ERR1946991,4,6984,7646
ERR1946991,5,5965,6999
ERR1946991,6,5815,4553
ERR1946991,7,3151,4494
ERR1946991,8,2870,840
ERR1946991,1,120587,120021
ERR1946991,2,120725,121927
ERR1946991,1,208675,209565
ERR1946991,2,211822,209633
ERR1946991,3,214473,212125
ERR1946991,4,214473,212125
ERR1946991,6,208675,209565
ERR1946991,1,26380,28812
ERR1946991,2,28946,31000
ERR1946991,3,31041,31250
ERR1946991,4,31262,31693
ERR1946991,5,34037,31842
ERR1946991,6,34791,34225
ERR1946991,7,35954,34869
ERR1946991,8,36288,36187
ERR1946991,9,37014,36724
ERR1946991,10,37377,37120
ERR1946991,11,37565,38737
ERR1946991,1,87400,88596
ERR1946991,2,90024,88666
ERR1946991,3,90744,90034
ERR1946991,4,91671,91000
ERR1946991,5,91868,92701
ERR1946991,6,94125,92758
ERR1946991,7,95386,94232
ERR1946991,8,96724,95414
ERR1946991,9,97301,96738
ERR1946991,10,97900,97361
ERR1946991,11,98069,99646
ERR1946991,12,99661,100176
ERR1946991,1,22106,19842
ERR1946991,2,22106,19842
ERR1946991,3,22914,22276
ERR1946991,4,23072,23689
ERR1946991,5,23860,25536
ERR1946991,6,25533,26540
ERR1946991,7,26650,26814
ERR1946991,8,27351,28898
ERR1946991,9,30276,28942
ERR1946991,10,32074,30443
ERR1946991,1,1968,2426
ERR1946991,2,3663,2506
ERR1946991,3,4975,3797
ERR1946991,4,5457,4975
ERR1946991,5,6141,5473
ERR1946991,6,6293,7144
ERR1946991,7,8100,7147
ERR1946991,8,8710,8108
ERR1946991,9,9529,8723
ERR1946991,10,10911,9547
ERR1946991,11,12022,10928
ERR1946991,12,14724,12046
ERR1946991,1,107141,107560
ERR1946991,2,105729,107123
ERR1946991,3,104829,105698
ERR1946991,4,103207,104751
ERR1946991,5,102624,103160
ERR1946991,6,102141,102611
ERR1946991,7,101857,102102
ERR1946991,8,100897,101772
ERR1946991,9,100394,100792
ERR1946991,10,99385,100224
ERR1946991,11,99257,98760
ERR1946991,12,98778,97999
ERR1946991,13,97995,97186
ERR1946991,14,96558,97184
ERR1946991,15,96399,95479
ERR1946991,16,94896,95339
ERR1946991,1,37491,38171
ERR1946991,2,40054,38216
ERR1946991,3,41732,40290
ERR1946991,4,42846,41920
ERR1946991,5,42999,43640
ERR1946991,6,43680,43976
ERR1946991,7,43680,43976
ERR1946991,1,44088,45131
ERR1946991,2,43080,44066
ERR1946991,3,39820,40875
ERR1946991,4,39634,38627
ERR1946991,5,37203,38570
ERR1946991,6,37203,38570
ERR1946991,1,56453,57664
ERR1946991,2,57677,58900
ERR1946991,3,58900,60312
ERR1946991,4,60327,61157
ERR1946991,5,61171,62004
ERR1946991,6,62016,63086
ERR1946991,7,63067,63726
ERR1946991,8,63820,64911
ERR1946991,9,65477,64956
ERR1946991,10,65570,66277
ERR1946991,11,66450,66785
ERR1946991,12,67328,66858
ERR1946991,13,67430,68170
ERR1946991,14,68172,68513
ERR1946991,1,4651,5355
ERR1946991,2,5357,5998
ERR1946991,3,6115,7524
ERR1946991,4,7590,8762
ERR1946991,5,9718,8822
ERR1946991,6,10852,9956
ERR1946991,7,10852,9956
ERR1946991,1,124075,123509
ERR1946991,2,122606,123478
ERR1946991,4,121231,122460
ERR1946991,5,120585,121085
ERR1946991,6,120298,118235
ERR1946991,7,117917,118105
ERR1946991,8,117917,118105
ERR1946991,1,73202,74230
ERR1946991,2,72294,72992
ERR1946991,3,72042,71092
ERR1946991,4,70487,70029
ERR1946991,5,69503,69934
ERR1946991,6,67288,68532
ERR1946991,7,67288,68532
ERR1946991,1,154514,156943
ERR1946991,2,153112,154431
ERR1946991,3,151601,153052
ERR1946991,4,150748,151581
ERR1946991,5,150056,150685
ERR1946991,6,149316,150041
ERR1946991,7,148892,149305
ERR1946991,8,147521,148876
ERR1946991,9,146693,147478
ERR1946991,10,145341,146696
ERR1946991,11,144127,145338
ERR1946991,1,128382,129575
ERR1946991,2,127539,128324
ERR1946991,3,126501,127517
ERR1946991,4,125930,126430
ERR1946991,5,124551,125933
ERR1946991,6,124268,123309
ERR1946991,7,123065,123259
ERR1946991,8,122892,120421
ERR1946991,9,120345,119944
ERR1946991,10,119916,119509
ERR1946991,11,118560,118916
ERR1946991,1,86205,86669
ERR1946991,2,87042,88826
ERR1946991,3,88819,90252
ERR1946991,4,90273,91712
ERR1946991,5,91724,93565
ERR1946991,6,93575,95485
ERR1946991,7,95498,96268
ERR1946991,8,96255,96872
ERR1946991,9,96967,99276
ERR1946991,1,58389,57265
ERR1946991,2,59291,58695
ERR1946991,3,59630,59301
ERR1946991,4,60132,59896
ERR1946991,5,61497,60310
ERR1946991,6,61631,62716
ERR1946991,7,63564,62797
ERR1946991,8,63564,62797
ERR1946991,1,107597,106557
ERR1946991,2,105756,104887
ERR1946991,1,19458,20336
ERR1946991,2,21160,20429
ERR1946991,3,21272,22561
ERR1946991,4,22569,23381
ERR1946991,5,23391,24731
ERR1946991,6,23391,24731
ERR1946991,1,22976,22713
ERR1946991,2,23034,24020
ERR1946991,3,24116,24814
ERR1946991,4,25118,24867
ERR1946991,5,25818,25291
ERR1946991,6,26070,25921
ERR1946991,7,27358,26033
ERR1946991,8,28470,27415
ERR1946991,9,28470,27415
ERR1946991,1,3336,4271
ERR1946991,2,3224,2049
ERR1946991,3,1961,174
ERR1946991,1,16865,17749
ERR1946991,2,17761,19254
ERR1946991,3,19315,20082
ERR1946991,4,20198,21550
ERR1946991,5,21717,21839
ERR1946991,8,21717,21839
ERR1946991,1,87355,85052
ERR1946991,2,87613,89436
ERR1946991,3,90165,89509
ERR1946991,4,90410,90664
ERR1946991,5,91834,90734
ERR1946991,6,92764,91967
ERR1946991,7,94029,92767
ERR1946991,8,94555,94139
ERR1946991,9,94585,95007
ERR1946991,10,95102,96079
ERR1946991,11,96079,98148
ERR1946991,1,37781,38644
ERR1946991,2,37277,36372
ERR1946991,3,36165,35782
ERR1946991,4,34578,35690
ERR1946991,5,34205,33711
ERR1946991,6,32898,33452
ERR1946991,7,32314,28316
ERR1946991,1,52650,52102
ERR1946991,2,51420,52055
ERR1946991,3,50094,51416
ERR1946991,4,49928,47208
ERR1946991,5,49928,47208
ERR1946991,8,52650,52102
ERR1946991,1,76311,75472
ERR1946991,2,76311,75472
ERR1946991,3,76431,77333
ERR1946991,4,77531,77953
ERR1946991,5,78188,78691
ERR1946991,6,78826,79830
ERR1946991,7,79977,80540
ERR1946991,8,81038,80574
ERR1946991,9,82282,81035
ERR1946991,10,84111,82282
ERR1946991,11,86549,84111
ERR1946991,1,39512,40846
ERR1946991,2,41057,41464
ERR1946991,3,41488,42186
ERR1946991,4,42186,42638
ERR1946991,5,42642,43988
ERR1946991,6,44082,45362
ERR1946991,7,45390,45953
ERR1946991,8,46196,46008
ERR1946991,9,46379,47350
ERR1946991,10,47407,48183
ERR1946991,11,48343,48957
ERR1946991,12,48947,49267
ERR1946991,13,49257,49646
ERR1946991,14,52172,49737
ERR1946991,1,4482,5453
ERR1946991,2,5487,6863
ERR1946991,3,6863,7735
ERR1946991,4,8715,7831
ERR1946991,5,10225,11277
ERR1946991,6,11708,12727
ERR1946991,7,12724,13740
ERR1946991,8,13737,14501
ERR1946991,9,14504,14992
ERR1946991,10,15775,14987
ERR1946991,11,15871,16683
ERR1946999,1,117466,116261
ERR1946999,2,117466,116261
ERR1946999,3,118515,117469
ERR1946999,1,250,849
ERR1946999,2,1599,907
ERR1946999,3,1599,907
ERR1946999,4,250,849
ERR1946999,1,141921,142910
ERR1946999,2,142898,143692
ERR1946999,3,143667,144266
ERR1946999,4,144263,144907
ERR1946999,1,57129,57881
ERR1946999,2,57878,58453
ERR1946999,3,57878,58453
ERR1946999,4,57129,57881
ERR1946999,1,86126,86554
ERR1946999,2,86712,87506
ERR1946999,3,86712,87506
ERR1946999,4,86126,86554
ERR1946999,5,86126,86554
ERR1946999,1,3326,4342
ERR1946999,2,771,3329
ERR1946999,1,41382,40798
ERR1946999,2,41624,41965
ERR1946999,3,41624,41965
ERR1946999,4,41382,40798
ERR1946999,5,41382,40798
ERR1946999,1,117309,116716
ERR1946999,2,116665,116441
ERR1946999,3,116022,116216
ERR1946999,4,114767,116029
ERR1946999,1,33064,33924
ERR1946999,2,34544,33921
ERR1946999,3,34544,33921
ERR1946999,4,33064,33924
ERR1946999,1,96967,99276
ERR1946999,2,99361,99654
ERR1946999,3,99655,101178
ERR1946999,4,101175,101513
ERR1946999,1,145194,145556
ERR1946999,2,145720,146190
ERR1946999,3,145720,146190
ERR1946999,4,145194,145556
ERR1946999,2,148573,147737
ERR1946999,1,114261,114028
ERR1946999,2,113205,113876
ERR1946999,3,112897,112772
ERR1946999,4,112604,112215
ERR1946999,5,112177,111632
ERR1946999,1,10285,10566
ERR1946999,2,9626,10096
ERR1946999,3,9626,10096
ERR1946999,4,10285,10566
ERR1946999,5,10285,10566
ERR1946999,1,42286,41300
ERR1946999,2,42286,41300
ERR1946999,3,42286,41300
ERR1946999,1,70746,71324
ERR1946999,2,72267,71404
ERR1946999,3,72376,72993
ERR1946999,1,46691,45570
ERR1946999,3,44639,44388
ERR1946999,6,43983,43261
ERR1946999,1,22335,21040
ERR1946999,2,23272,22454
ERR1946999,1,105919,106998
ERR1946999,2,105919,106998
ERR1946999,1,83689,84672
ERR1946999,2,85897,84698
ERR1946999,1,24405,25592
ERR1946999,2,25751,26662
ERR1946999,1,58937,58401
ERR1946999,2,58937,58401
ERR1946999,3,58937,58401
ERR1946999,4,58937,58401
ERR1946999,5,58937,58401
ERR1946999,6,58937,58401
ERR1946999,1,151162,149927
ERR1946999,2,152191,151175
ERR1946999,3,152659,152315
ERR1946999,1,43983,43261
ERR1946999,3,44639,44388
ERR1946999,1,154726,155262
ERR1946999,2,155337,155885
ERR1946999,3,155337,155885
ERR1946999,4,154726,155262
ERR1946999,5,154726,155262
ERR1946999,1,58666,58902
ERR1946999,2,58113,58457
ERR1946999,3,58113,58457
ERR1946999,4,58666,58902
ERR1946999,1,90240,89821
ERR1946999,2,91733,90432
ERR1946999,1,43452,42907
ERR1946999,2,42744,41995
ERR1946999,3,41494,41964
ERR1946999,1,110948,111565
ERR1946999,2,110948,111565
ERR1946999,1,35211,35975
ERR1946999,2,35211,35975
ERR1946999,1,318,821
ERR1946999,2,827,2050
ERR1946999,1,921,136
ERR1946999,2,2376,955
ERR1946999,1,4076,4207
ERR1946999,2,2784,3896
ERR1946999,1,45308,45799
ERR1946999,2,46377,47036
ERR1946999,1,38568,39059
ERR1946999,2,38256,37795
ERR1946999,3,38256,37795
ERR1946999,4,38568,39059
ERR1946999,1,45768,47000
ERR1946999,2,44473,45336
ERR1946999,1,93824,92967
ERR1946999,2,92086,92880
ERR1946999,1,42097,41180
ERR1946999,2,42097,41180
ERR1946999,1,43995,45086
ERR1946999,2,43995,45086
ERR1946999,3,43995,45086
ERR1946999,1,134786,134277
ERR1946999,2,134240,133317
ERR1946999,1,7060,5825
ERR1946999,2,7060,5825
ERR1946999,1,1419,1517
ERR1946999,2,784,1218
ERR1946999,3,170,622
ERR1946999,1,30399,29830
ERR1946999,2,29691,28672
ERR1946999,1,2777,3151
ERR1946999,2,2777,3151
ERR1946999,1,64113,63739
ERR1946999,2,64113,63739
ERR1946999,1,80896,80432
ERR1946999,2,80241,80026
ERR1946999,1,107376,106897
ERR1946999,2,106612,106391
ERR1946999,3,106285,105968
ERR1946999,1,71040,70561
ERR1946999,2,70480,70340
ERR1946999,3,70169,69408
ERR1946999,1,140732,140055
ERR1946999,2,140732,140055
ERR1946999,1,25732,25139
ERR1946999,2,25732,25139
ERR1946999,1,56762,56496
ERR1946999,2,56365,56024
ERR1946999,3,55787,55951
ERR1946999,1,36508,37629
ERR1946999,2,36508,37629
ERR1946999,1,65146,65439
ERR1946999,2,65146,65439
ERR1946999,1,44198,43638
ERR1946999,2,44198,43638
ERR1946999,1,140826,141878
ERR1946999,2,140826,141878
ERR1946999,1,140732,140055
ERR1946999,2,140732,140055
ERR1946999,1,105146,105574
ERR1946999,2,104733,104876
ERR1946999,1,65771,65346
ERR1946999,2,65215,65015
ERR1946999,1,141637,141404
ERR1946999,2,141637,141404
ERR1946999,1,64337,64696
ERR1946999,2,64337,64696
ERR1946999,1,29115,24595
ERR1946999,2,29115,24595
ERR1946999,3,29115,24595
ERR1946999,1,14733,14497
ERR1946999,2,14733,14497
ERR1946999,1,44198,43638
ERR1946999,2,44198,43638
ERR1946999,3,44198,43638
ERR1946999,4,44198,43638
ERR1946999,1,1084,1653
ERR1946999,2,1084,1653
ERR1946999,1,9516,8761
ERR1946999,2,9516,8761
ERR1946999,1,4091,4645
ERR1946999,2,4091,4645
ERR1946999,1,2777,3151
ERR1946999,2,2777,3151
ERR1946999,1,245860,246264
ERR1946999,2,245860,246264
ERR1946999,1,1243,35
ERR1946999,2,1243,35
ERR1946999,1,43983,43261
ERR1946999,2,43983,43261
ERR1946999,1,64795,65031
ERR1946999,2,64795,65031
ERR1946999,1,112791,112567
ERR1946999,2,112791,112567
ERR1946999,1,1243,35
ERR1946999,2,1243,35
ERR1946999,1,4629,5054
ERR1946999,2,4629,5054
ERR1946999,1,17252,16260
ERR1946999,1,15019,14321
ERR1946999,1,143470,144123
ERR1946999,2,144136,145347
ERR1946999,1,1243,35
ERR1946999,2,1243,35
ERR1946999,1,10741,11124
ERR1946999,2,10741,11124
ERR1946999,1,3,7016
ERR1946999,1,3,7016
ERR1946999,1,2777,3151
ERR1946999,2,2777,3151
ERR1946999,1,1243,35
ERR1946999,2,1243,35
ERR1946999,1,6407,5457
ERR1946999,2,6407,5457
ERR1946999,1,136,2
ERR1946999,2,136,2
ERR1946999,1,16021,13337
ERR1946999,2,16021,13337
ERR1946999,1,91793,92542
ERR1946999,2,91793,92542
ERR1946999,1,38025,39740
ERR1946999,2,38025,39740
ERR1946999,1,1243,35
ERR1946999,1,1243,35
ERR1946999,1,39904,42003
ERR1946999,2,39904,42003
ERR1946999,1,1,414
ERR1946999,1,1,414
ERR1946999,1,1,414
ERR1946999,1,1,414
ERR1946999,1,1,414
ERR1946999,1,1,414
ERR1946999,1,2,241
ERR1946999,1,2,241
ERR1417339,1,1255,188
ERR1417339,2,2107,1274
ERR1417339,3,3006,2149
ERR1417339,4,3124,3729
ERR1417339,5,3797,4324
ERR1417339,6,4618,4373
ERR1417339,7,5767,4781
ERR1417339,8,6641,5979
ERR1417339,9,8684,6699
ERR1417339,10,8931,10382
ERR1417339,11,10420,11508
ERR1417339,12,11518,11994
ERR1417339,13,12968,12084
ERR1417339,14,13199,13870
ERR1417339,15,14028,14741
ERR1417339,16,14814,15389
ERR1417339,17,16035,15442
ERR1417339,18,16322,17569
ERR1417339,19,18504,17590
ERR1417339,20,18610,19404
ERR1417339,21,20122,19481
ERR1417339,22,20659,20162
ERR1417339,23,20883,21575
ERR1417339,1,11647,14418
ERR1417339,2,15048,14479
ERR1417339,3,15900,15070
ERR1417339,4,17161,15878
ERR1417339,5,18039,17218
ERR1417339,6,19578,18058
ERR1417339,7,19858,20184
ERR1417339,8,20506,21774
ERR1417339,9,22188,22439
ERR1417339,10,22906,22610
ERR1417339,11,25284,22903
ERR1417339,12,26298,25318
ERR1417339,1,706,1908
ERR1417339,2,568,2
ERR1417339,1,1669,296
ERR1417339,2,1825,3291
ERR1417339,1,10059,11210
ERR1417339,2,13159,11276
ERR1417339,3,13700,13230
ERR1417339,1,11419,9854
ERR1417339,2,7794,9800
ERR1417339,3,6736,7677
ERR1417339,4,5817,6632
ERR1417339,5,4985,5824
ERR1417339,6,1407,4970
ERR1417339,7,124,1191
ERR1946999,1,1574,2140
ERR1946999,2,1436,234
ERR1946999,1,208675,209565
ERR1946999,2,211822,209633
ERR1946999,3,214473,212125
ERR1946999,4,214473,212125
ERR1946999,6,208675,209565
ERR1946999,1,26380,28812
ERR1946999,2,28946,31000
ERR1946999,3,31041,31250
ERR1946999,4,31262,31693
ERR1946999,5,34037,31842
ERR1946999,6,34791,34225
ERR1946999,7,35954,34869
ERR1946999,8,36288,36187
ERR1946999,9,37014,36724
ERR1946999,10,37377,37120
ERR1946999,11,37565,38737
ERR1946999,1,87400,88596
ERR1946999,2,90024,88666
ERR1946999,3,90744,90034
ERR1946999,4,91671,91000
ERR1946999,5,91868,92701
ERR1946999,6,94125,92758
ERR1946999,7,95386,94232
ERR1946999,8,96724,95414
ERR1946999,9,97301,96738
ERR1946999,10,97900,97361
ERR1946999,11,98069,99646
ERR1946999,12,99661,100176
ERR1946999,1,22152,19888
ERR1946999,2,22152,19888
ERR1946999,3,22960,22322
ERR1946999,4,23118,23735
ERR1946999,5,23906,25582
ERR1946999,6,25579,26586
ERR1946999,7,26696,26860
ERR1946999,8,27397,28944
ERR1946999,9,30322,28988
ERR1946999,10,32120,30489
ERR1946999,1,1968,2426
ERR1946999,2,3663,2506
ERR1946999,3,4975,3797
ERR1946999,4,5457,4975
ERR1946999,5,6141,5473
ERR1946999,6,6293,7144
ERR1946999,7,8100,7147
ERR1946999,8,8710,8108
ERR1946999,9,9529,8723
ERR1946999,10,10911,9547
ERR1946999,11,12022,10928
ERR1946999,12,14724,12046
ERR1946999,1,147651,148070
ERR1946999,2,146239,147633
ERR1946999,3,145339,146208
ERR1946999,4,143717,145261
ERR1946999,5,143134,143670
ERR1946999,6,142651,143121
ERR1946999,7,142367,142612
ERR1946999,8,141407,142282
ERR1946999,9,140904,141302
ERR1946999,10,139895,140734
ERR1946999,11,139767,139270
ERR1946999,12,139288,138509
ERR1946999,13,138505,137696
ERR1946999,14,137068,137694
ERR1946999,15,136909,135989
ERR1946999,16,135406,135849
ERR1946999,1,37069,36389
ERR1946999,2,34506,36344
ERR1946999,3,32828,34270
ERR1946999,4,31714,32640
ERR1946999,5,31561,30920
ERR1946999,6,30880,30584
ERR1946999,7,30880,30584
ERR1946999,1,44079,45122
ERR1946999,2,43071,44057
ERR1946999,3,39811,40866
ERR1946999,4,39625,38618
ERR1946999,5,37194,38561
ERR1946999,6,37194,38561
ERR1946999,1,34841,33630
ERR1946999,2,33617,32394
ERR1946999,3,32394,30982
ERR1946999,4,30967,30137
ERR1946999,5,30123,29290
ERR1946999,6,29278,28208
ERR1946999,7,28227,27568
ERR1946999,8,27474,26383
ERR1946999,9,25817,26338
ERR1946999,10,25724,25017
ERR1946999,11,24844,24509
ERR1946999,12,23966,24436
ERR1946999,13,23864,23124
ERR1946999,14,23122,22781
ERR1946999,1,4651,5355
ERR1946999,2,5357,5998
ERR1946999,3,6115,7524
ERR1946999,4,7590,8762
ERR1946999,5,9718,8822
ERR1946999,6,10852,9956
ERR1946999,7,10852,9956
ERR1946999,1,124066,123500
ERR1946999,2,122597,123469
ERR1946999,4,121222,122451
ERR1946999,5,120576,121076
ERR1946999,6,120289,118226
ERR1946999,7,117908,118096
ERR1946999,8,117908,118096
ERR1946999,1,73202,74230
ERR1946999,2,72294,72992
ERR1946999,3,72042,71092
ERR1946999,4,70487,70029
ERR1946999,5,69503,69934
ERR1946999,6,67288,68532
ERR1946999,7,67288,68532
ERR1946999,1,154523,156952
ERR1946999,2,153121,154440
ERR1946999,3,151610,153061
ERR1946999,4,150757,151590
ERR1946999,5,150065,150694
ERR1946999,6,149325,150050
ERR1946999,7,148901,149314
ERR1946999,8,147530,148885
ERR1946999,9,146702,147487
ERR1946999,10,145350,146705
ERR1946999,11,144136,145347
ERR1946999,1,128382,129575
ERR1946999,2,127539,128324
ERR1946999,3,126501,127517
ERR1946999,4,125930,126430
ERR1946999,5,124551,125933
ERR1946999,6,124268,123309
ERR1946999,7,123065,123259
ERR1946999,8,122892,120421
ERR1946999,9,120345,119944
ERR1946999,10,119916,119509
ERR1946999,11,118560,118916
ERR1946999,1,86205,86669
ERR1946999,2,87042,88826
ERR1946999,3,88819,90252
ERR1946999,4,90273,91712
ERR1946999,5,91724,93565
ERR1946999,6,93575,95485
ERR1946999,7,95498,96268
ERR1946999,8,96255,96872
ERR1946999,9,96967,99276
ERR1946999,1,58389,57265
ERR1946999,2,59291,58695
ERR1946999,3,59630,59301
ERR1946999,4,60132,59896
ERR1946999,5,61497,60310
ERR1946999,6,61631,62716
ERR1946999,7,63564,62797
ERR1946999,8,63564,62797
ERR1946999,1,16121,15081
ERR1946999,2,14280,13411
ERR1946999,1,55102,54224
ERR1946999,2,53400,54131
ERR1946999,3,53288,51999
ERR1946999,4,51991,51179
ERR1946999,5,51169,49829
ERR1946999,6,51169,49829
ERR1946999,1,22976,22713
ERR1946999,2,23034,24020
ERR1946999,3,24116,24814
ERR1946999,4,25118,24867
ERR1946999,5,25818,25291
ERR1946999,6,26070,25921
ERR1946999,7,27358,26033
ERR1946999,8,28470,27415
ERR1946999,9,28470,27415
ERR1946999,1,69598,68663
ERR1946999,2,69710,70885
ERR1946999,3,70973,72760
ERR1946999,1,56069,55185
ERR1946999,2,55173,53680
ERR1946999,3,53619,52852
ERR1946999,4,52736,51384
ERR1946999,5,51217,51095
ERR1946999,8,51217,51095
ERR1946999,1,87355,85052
ERR1946999,2,87613,89436
ERR1946999,3,90165,89509
ERR1946999,4,90410,90664
ERR1946999,5,91834,90734
ERR1946999,6,92764,91967
ERR1946999,7,94029,92767
ERR1946999,8,94555,94139
ERR1946999,9,94585,95007
ERR1946999,10,95102,96079
ERR1946999,11,96079,98148
ERR1946999,1,59071,58208
ERR1946999,2,59575,60480
ERR1946999,3,60687,61070
ERR1946999,4,62274,61162
ERR1946999,5,62647,63141
ERR1946999,6,63954,63400
ERR1946999,7,64538,68536
ERR1946999,1,69511,70059
ERR1946999,2,70741,70106
ERR1946999,3,72067,70745
ERR1946999,4,72233,74953
ERR1946999,5,72233,74953
ERR1946999,8,69511,70059
ERR1946999,1,45850,46689
ERR1946999,2,45850,46689
ERR1946999,3,45730,44828
ERR1946999,4,44630,44208
ERR1946999,5,43973,43470
ERR1946999,6,43335,42331
ERR1946999,7,42184,41621
ERR1946999,8,41123,41587
ERR1946999,9,39879,41126
ERR1946999,10,38050,39879
ERR1946999,11,35612,38050
ERR1946999,1,136086,134752
ERR1946999,2,134541,134134
ERR1946999,3,134110,133412
ERR1946999,4,133412,132960
ERR1946999,5,132956,131610
ERR1946999,6,131516,130236
ERR1946999,7,130208,129645
ERR1946999,8,129402,129590
ERR1946999,9,129219,128248
ERR1946999,10,128191,127415
ERR1946999,11,127255,126641
ERR1946999,12,126651,126331
ERR1946999,13,126341,125952
ERR1946999,14,123426,125861
ERR1946999,1,68452,67481
ERR1946999,2,67447,66071
ERR1946999,3,66071,65199
ERR1946999,4,64219,65103
ERR1946999,5,62709,61657
ERR1946999,6,61226,60207
ERR1946999,7,60210,59194
ERR1946999,8,59197,58433
ERR1946999,9,58430,57942
ERR1946999,10,57159,57947
ERR1946999,11,57063,56251
ERR1946999,1,44260,45246
ERR1946999,2,45404,46543
ERR1946999,3,47342,46590
ERR1946999,4,47663,48892
ERR1946999,5,50080,48989
ERR1946999,6,51097,50093
ERR1946999,7,52539,51334
ERR1946999,8,53763,52576
ERR1946999,9,54630,53779
ERR1946999,10,55049,54660
ERR1946999,11,55344,55039
ERR1946999,1,120809,120693
ERR1946999,2,123608,121143
ERR1946999,3,123899,123621
ERR1946999,4,124018,123902
ERR1946999,5,124326,124021
ERR1946999,6,124704,124336
ERR1946999,7,125251,124697
ERR1946999,8,125457,125248
ERR1946999,9,125687,125460
ERR1946999,10,125687,125460
ERR1946999,1,57819,57451
ERR1946999,2,56663,57397
ERR1946999,3,54900,56630
ERR1946999,4,53745,54887
ERR1946999,5,52799,53737
ERR1946999,6,50774,52786
ERR1946999,7,48932,50752
ERR1946999,8,47129,48913
ERR1946999,1,107692,109101
ERR1946999,2,109162,111300
ERR1946999,3,112235,111357
ERR1946999,6,112235,111357
ERR1946999,8,107692,109101
ERR1946999,1,112086,114518
ERR1946999,2,111314,112000
ERR1946999,3,110041,111321
ERR1946999,4,108930,109838
ERR1946999,5,108452,108919
ERR1946999,6,108177,107236
ERR1946999,7,108177,107236
ERR1946999,1,57593,57276
ERR1946999,2,56992,56081
ERR1946999,3,55715,54483
ERR1946999,4,54448,53684
ERR1946999,5,53672,52866
ERR1946999,6,52833,51250
ERR1946999,7,51253,49532
ERR1946999,8,49230,48010
ERR1946999,1,16815,16192
ERR1946999,2,16021,13337
ERR1946999,3,13036,11741
ERR1946999,4,11661,10771
ERR1946999,5,10031,10762
ERR1946999,6,8663,9952
ERR1946999,7,6562,8349
ERR1946999,1,11381,9303
ERR1946999,2,12163,11486
ERR1946999,3,12240,13049
ERR1946999,4,15510,13051
ERR1946999,5,16206,15514
ERR1946999,6,16314,16874
ERR1946999,7,17521,16907
ERR1946999,8,17806,18831
ERR1946999,9,18858,19865
ERR1946999,1,26182,28278
ERR1946999,2,28559,28464
ERR1946999,3,28602,30830
ERR1946999,4,31313,30879
ERR1946999,5,32470,31313
ERR1946999,6,32470,31313
ERR1946999,1,162102,163088
ERR1946999,2,163085,163819
ERR1946999,3,163904,164140
ERR1946999,4,164331,164804
ERR1946999,5,165617,164850
ERR1946999,6,165715,166389
ERR1946999,7,167113,166454
ERR1946999,8,167531,169312
ERR1946999,9,169312,169872
ERR1946999,10,170308,169928
ERR1946999,11,171021,170440
ERR1946999,12,171338,171042
ERR1946999,13,172388,171438
ERR1946999,1,135762,135025
ERR1946999,2,135888,136808
ERR1946999,3,137706,136846
ERR1946999,4,138366,137740
ERR1946999,5,139391,138486
ERR1946999,6,139502,139933
ERR1946999,7,139947,140636
ERR1946999,8,142134,140644
ERR1946999,9,142250,142885
ERR1946999,10,142928,143521
ERR1946999,11,144716,143529
ERR1946999,1,98065,97412
ERR1946999,2,96516,97373
ERR1946999,4,94839,95783
ERR1946999,5,92880,94832
ERR1946999,6,92432,92887
ERR1946999,7,92293,91385
ERR1946999,8,91273,90965
ERR1946999,9,90867,90424
ERR1946999,10,89727,90431
ERR1946999,11,89408,89626
ERR1946999,12,89154,88702
ERR1946999,13,87731,88651
ERR1946999,1,6407,5457
ERR1946999,3,4019,4537
ERR1946999,1,4719,3925
ERR1946999,2,5799,4726
ERR1946999,3,6099,7346
ERR1946999,4,8636,7467
ERR1946999,5,8636,7467
ERR1946999,8,4719,3925
ERR1946999,1,41237,40176
ERR1946999,2,40151,38604
ERR1946999,3,38449,37628
ERR1946999,4,37631,36045
ERR1946999,5,36048,34720
ERR1946999,6,34727,33564
ERR1946999,7,33434,32466
ERR1946999,8,32454,31810
ERR1946999,9,31335,31775
ERR1946999,1,86205,86669
ERR1946999,2,86014,85712
ERR1946999,3,85475,84102
ERR1946999,4,85475,84102
ERR1946999,6,86205,86669
ERR1946999,7,86205,86669
ERR1946999,9,85475,84102
ERR1946999,10,85475,84102
ERR1946999,12,86205,86669
ERR1946999,1,69373,70119
ERR1946999,2,67959,69365
ERR1946999,3,66668,67918
ERR1946999,4,66521,66072
ERR1946999,5,66027,65491
ERR1946999,7,66027,65491
ERR1946999,1,41873,41427
ERR1946999,2,40510,41415
ERR1946999,3,40355,39606
ERR1946999,4,39557,38229
ERR1946999,5,38209,37364
ERR1946999,6,37353,36349
ERR1946999,7,32582,36268
ERR1946999,1,83881,82589
ERR1946999,2,82567,81362
ERR1946999,3,80019,81242
ERR1946999,4,79847,78882
ERR1946999,5,79847,78882
ERR1946999,8,83881,82589
ERR1946999,1,152366,153100
ERR1946999,2,153191,154471
ERR1946999,3,154473,155630
ERR1946999,4,155627,156376
ERR1946999,5,156377,157021
ERR1946999,6,158008,157085
ERR1946999,7,158646,158050
ERR1946999,8,159410,158643
ERR1946999,9,160280,159663
ERR1946999,10,161032,160370
ERR1946999,11,161129,161689
ERR1946999,12,161764,161949
ERR1946999,1,58923,56167
ERR1946999,2,59860,59048
ERR1946999,3,60804,59860
ERR1946999,4,61731,60889
ERR1946999,5,63393,61801
ERR1946999,6,64461,63598
ERR1946999,7,64777,65364
ERR1946999,1,58704,60380
ERR1946999,3,60468,62006
ERR1946999,4,62071,63483
ERR1946999,5,63535,64740
ERR1946999,6,64718,65671
ERR1946999,7,65925,67751
ERR1946999,1,24928,24527
ERR1946999,2,22678,24459
ERR1946999,3,22372,20297
ERR1946999,4,19923,19012
ERR1946999,5,19003,18245
ERR1946999,6,18248,17964
ERR1946999,7,17967,16813
ERR1946999,8,16796,15744
ERR1946999,1,24025,22670
ERR1946999,2,21632,22507
ERR1946999,3,20431,21429
ERR1946999,4,19491,20384
ERR1946999,5,18514,19332
ERR1946999,6,18158,17358
ERR1946999,7,17252,16260
ERR1946999,8,15183,16217
ERR1946999,9,15019,14321
ERR1946999,1,77309,76668
ERR1946999,2,78828,77896
ERR1946999,3,80164,78959
ERR1946999,4,81675,80815
ERR1946999,5,81794,82261
ERR1946999,6,82536,85181
ERR1946999,7,85201,85776
ERR1946999,1,155131,154724
ERR1946999,2,153591,154670
ERR1946999,3,152969,153559
ERR1946999,4,152209,152856
ERR1946999,5,150772,152190
ERR1946999,6,150772,152190
ERR1946999,1,9842,9105
ERR1946999,2,8175,9065
ERR1946999,3,7979,7293
ERR1946999,4,7182,5308
ERR1946999,5,5250,5089
ERR1946999,6,4592,5020
ERR1946999,7,4507,4178
ERR1946999,8,4073,3039
ERR1946999,9,2046,2948
ERR1946999,10,1944,1384
ERR1946999,11,1384,863
ERR1946999,12,685,2
ERR1946999,1,150534,150280
ERR1946999,2,150162,149302
ERR1946999,3,147663,148313
ERR1946999,4,147480,146995
ERR1946999,5,146909,144615
ERR1946999,6,144101,141945
ERR1946999,7,140826,141878
ERR1946999,1,58330,57590
ERR1946999,2,57538,55001
ERR1946999,3,55004,53985
ERR1946999,4,55004,53985
ERR1946999,6,58330,57590
ERR1946999,1,19275,17809
ERR1946999,3,16121,15081
ERR1946999,4,15071,14277
ERR1946999,5,14280,13411
ERR1946999,6,13402,12521
ERR1946999,7,11719,12453
ERR1946999,8,10253,11722
ERR1946999,1,36508,37629
ERR1946999,2,35986,36498
ERR1946999,3,35437,35802
ERR1946999,4,35198,33825
ERR1946999,5,32505,33755
ERR1946999,6,32369,31773
ERR1946999,7,31454,30498
ERR1946999,8,30309,29944
ERR1946999,9,29922,28762
ERR1946999,1,58937,58401
ERR1946999,2,59383,59733
ERR1946999,3,59797,60009
ERR1946999,4,61045,60056
ERR1946999,5,62233,61145
ERR1946999,6,62262,63722
ERR1946999,7,64279,63734
ERR1946999,8,64509,65102
ERR1946999,9,65099,65644
ERR1946999,10,66537,65713
ERR1946999,11,66936,67496
ERR1946999,12,67745,67560
ERR1946999,1,120545,121243
ERR1946999,2,119331,120524
ERR1946999,3,119195,118125
ERR1946999,4,118128,117499
ERR1946999,5,116626,117435
ERR1946999,6,115510,116607
ERR1946999,7,115454,114471
ERR1946999,8,112086,114518
ERR1946999,1,41178,39841
ERR1946999,2,39676,38003
ERR1946999,3,36933,37961
ERR1946999,4,35803,36933
ERR1946999,5,34764,35798
ERR1946999,6,34241,34744
ERR1946999,7,32696,33940
ERR1946999,1,32274,29845
ERR1946999,2,29543,29064
ERR1946999,3,28951,28175
ERR1946999,4,28951,28175
ERR1946999,6,32274,29845
ERR1946999,1,75259,76701
ERR1946999,2,77199,76756
ERR1946999,3,79418,77325
ERR1946999,4,79418,77325
ERR1946999,6,75259,76701
ERR1946999,1,74980,79485
ERR1946999,2,79630,79989
ERR1946999,3,80248,82887
ERR1946999,4,80248,82887
ERR1946999,5,83116,83550
ERR1946999,1,322,909
ERR1946999,2,1002,1400
ERR1946999,3,1400,1906
ERR1946999,4,1903,2265
ERR1946999,1,112189,113901
ERR1946999,2,113945,114304
ERR1946999,3,114368,115237
ERR1946999,4,116093,115266
ERR1946999,5,117284,116127
ERR1946999,6,117693,117436
ERR1946999,7,118012,120618
ERR1946999,1,8672,6801
ERR1946999,2,6571,5462
ERR1946999,3,4456,5406
ERR1946999,4,4456,5406
ERR1946999,6,8672,6801
ERR1417339,1,339,1238
ERR1417339,2,1354,2322
ERR1417339,3,2425,2946
ERR1417339,4,2973,3797
ERR1417339,5,3812,4189
ERR1417339,6,4349,4786
ERR1417339,7,4874,5305
ERR1417339,8,6850,5360
ERR1417339,9,6947,7768
ERR1417339,10,7778,8695
ERR1417339,11,11492,8685
ERR1417339,1,349,636
ERR1417339,2,623,937
ERR1417339,3,1065,3476
ERR1417339,1,4737,436
ERR1417339,1,4737,436
ERR1417339,1,1191,1
ERR1417339,2,9978,9409
ERR1417339,1,2830,3645
ERR1417339,2,4298,3702
ERR1417339,1,1,237
ERR1417339,1,1,237
ERR1417339,1,230,3
ERR1417339,1,230,3
ERR1417339,1,3,254
ERR1417339,1,3,254
ERR1417339,1,3,254
ERR1417339,1,3,254
ERR1417339,1,3,254
ERR1946999,1,1483,416
ERR1946999,2,2335,1502
ERR1946999,3,3234,2377
ERR1946999,4,3352,3957
ERR1946999,5,4025,4552
ERR1946999,6,4846,4601
ERR1946999,7,5995,5009
ERR1946999,8,6869,6207
ERR1946999,9,8912,6927
ERR1946999,10,9159,10610
ERR1946999,11,10648,11736
ERR1946999,12,11746,12222
ERR1946999,13,13196,12312
ERR1946999,14,13427,14098
ERR1946999,15,14256,14969
ERR1946999,16,15042,15617
ERR1946999,17,16263,15670
ERR1946999,18,16551,17798
ERR1946999,19,18733,17819
ERR1946999,20,18839,19633
ERR1946999,21,20351,19710
ERR1946999,22,20888,20391
ERR1946999,23,21113,21805
ERR1946999,1,2,109
ERR1946999,2,843,289
ERR1946999,3,1100,2599
ERR1946999,4,2601,4976
ERR1946999,5,4983,5966
ERR1946999,6,6672,5977
ERR1946999,7,7488,6682
ERR1946999,8,8553,7498
ERR1946999,1,250,849
ERR1946999,2,1599,907
ERR1946999,1,170,622
ERR1946999,2,784,1218
ERR1946999,3,1419,1517
ERR1946999,1,498,3269
ERR1946999,2,3898,3329
ERR1946999,3,4750,3920
ERR1946999,4,6011,4728
ERR1946999,5,6889,6068
ERR1946999,6,8428,6908
ERR1946999,7,8708,9034
ERR1946999,8,9356,10624
ERR1946999,9,11039,11284
ERR1946999,10,11750,11454
ERR1946999,11,14128,11747
ERR1946999,12,15142,14162
ERR1946999,1,121502,122074
ERR1946999,2,120808,121494
ERR1946999,1,40648,42000
ERR1946999,2,41997,42563
ERR1946999,1,3,104
ERR1946999,1,90906,89704
ERR1946999,2,89698,89018
ERR1946999,3,89014,88478
ERR1946999,1,109397,110110
ERR1946999,2,108698,109264
ERR1946999,3,108622,107798
ERR1946999,4,107778,107488
ERR1946999,6,106551,106982
ERR1946999,7,104460,106295
ERR1946999,8,104281,102923
ERR1946999,9,102860,101847
ERR1946999,10,101825,100365
ERR1946999,11,100088,98883
ERR1946999,12,98879,98721
ERR1946999,13,97526,98596
ERR1946999,14,97144,96629
ERR1946999,15,96520,95345
ERR1946999,16,95218,94775
ERR1946999,17,94379,94732
ERR1946999,18,93811,94296
ERR1946999,19,92175,93818
ERR1946999,20,89603,92008
ERR1946999,21,88176,89429
ERR1946999,22,86923,88041
ERR1946999,23,86712,85702
ERR1946999,24,85530,84325
ERR1946999,25,84304,82169
ERR1946999,26,82004,81750
ERR1946999,27,81734,80874
ERR1946999,28,80425,80844
ERR1946999,29,79444,80412
ERR1946999,30,79175,79450
ERR1946999,31,79063,78434
ERR1946999,32,78299,76989
ERR1946999,33,76481,76924
ERR1946999,34,73626,76349
ERR1946999,35,73218,72577
ERR1946999,36,72405,71503
ERR1946999,37,71506,70928
ERR1946999,38,69839,70909
ERR1946999,39,68562,69848
ERR1946999,40,67669,68565
ERR1946999,41,66869,67672
ERR1946999,42,65575,66624
ERR1946999,43,65454,64579
ERR1946999,44,63575,64570
ERR1946999,45,63025,63537
ERR1946999,46,61786,63015
ERR1946999,47,61143,61802
ERR1946999,48,60773,58902
ERR1946999,49,58805,58227
ERR1946999,50,58154,57441
ERR1946999,51,56882,57412
ERR1946999,52,56673,55501
ERR1946999,53,55387,53945
ERR1946999,54,53195,53881
ERR1946999,55,51619,53175
ERR1946999,56,51385,51005
ERR1946999,57,50715,48913
ERR1946999,58,48745,46964
ERR1946999,61,45019,44537
ERR1946999,62,44115,44498
ERR1946999,63,43950,43504
ERR1946999,64,41846,43309
ERR1946999,65,39713,41770
ERR1946999,66,39577,38813
ERR1946999,67,38643,36865
ERR1946999,69,35581,35363
ERR1946999,1,136,1287
ERR1946999,2,3238,1355
ERR1946999,3,3779,3309
ERR1946999,1,98270,96624
ERR1946999,2,93858,96572
ERR1946999,3,92560,93492
ERR1946999,4,91793,92542
ERR1946999,1,175312,174875
ERR1946999,2,174432,174860
ERR1946999,3,173180,173938
ERR1946999,1,72777,72932
ERR1946999,2,70973,72760
ERR1946999,3,69710,70885
ERR1946999,4,69598,68663
ERR1946999,1,1816,602
ERR1946999,2,1896,3023
ERR1946999,3,3151,3996
ERR1946999,4,4388,4053
ERR1946999,5,5517,4513
ERR1946999,6,6867,5860
ERR1946999,7,8127,7123
ERR1946999,8,8384,10315
ERR1946999,9,10566,11123
ERR1946999,10,11599,11207
ERR1946999,11,14105,11637
ERR1946999,12,15240,14158
ERR1946999,13,16403,15255
ERR1946999,14,17898,16501
ERR1946999,1,824,48
ERR1946999,2,924,1301
ERR1946999,3,1449,1898
ERR1946999,4,1934,4570
ERR1946999,5,4658,5416
ERR1946999,6,5554,6126
ERR1946999,7,6243,8222
ERR1946999,8,8296,8535
ERR1946999,9,8543,8710
ERR1946999,10,8827,9330
ERR1946999,11,9443,9721
ERR1946999,12,11468,9759
ERR1946999,13,11771,11616
ERR1946999,14,12020,11784
ERR1946999,15,13636,12188
ERR1946999,16,13749,14441
ERR1946999,17,14516,15379
ERR1946999,18,15771,16526
ERR1946999,19,16571,17191
ERR1946999,20,17191,17595
ERR1946999,21,18177,17656
ERR1946999,22,19333,18278
ERR1946999,23,19857,19348
ERR1946999,24,20744,19902
ERR1946999,25,21228,20866
ERR1946999,26,21598,21239
ERR1946999,27,22490,21672
ERR1946999,28,22584,23363
ERR1946999,29,25745,23412
ERR1946999,30,28134,25954
ERR1946999,31,29077,28307
ERR1946999,32,29511,29074
ERR1946999,33,29741,29523
ERR1946999,34,29994,30869
ERR1946999,35,31688,31062
ERR1946999,36,32399,31857
ERR1946999,37,33034,32441
ERR1946999,38,34194,33034
ERR1946999,39,35975,34278
ERR1946999,40,37117,36434
ERR1946999,41,39453,37222
ERR1946999,1,318,821
ERR1946999,2,827,2050
ERR1946999,1,11073,10174
ERR1946999,2,10058,9090
ERR1946999,3,8987,8466
ERR1946999,4,8439,7615
ERR1946999,5,7600,7223
ERR1946999,6,7062,6625
ERR1946999,7,6537,6106
ERR1946999,8,4561,6051
ERR1946999,9,4464,3643
ERR1946999,10,3633,2716
ERR1946999,11,105,2726
ERR1946999,1,3646,3359
ERR1946999,2,3372,3058
ERR1946999,3,2930,519
ERR1946999,1,1,1296
ERR1946999,1,1297,2
ERR1946999,1,13,1152
ERR1946999,2,2,529
ERR1946999,1,50975,50160
ERR1946999,2,49507,50103
ERR1946999,1,235,2
ERR1946999,1,226,2
ERR1946999,1,221,3
ERR1946999,1,212,3
ERR1946999,1,166,2
ERR1946999,1,166,2
ERR1946999,1,166,2
ERR1946999,1,157,2
ERR1946999,1,157,2
ERR1417339,1,1255,188
ERR1417339,2,2107,1274
ERR1417339,3,3006,2149
ERR1417339,4,3124,3729
ERR1417339,5,3797,4324
ERR1417339,6,4618,4373
ERR1417339,7,5767,4781
ERR1417339,8,6641,5979
ERR1417339,9,8684,6699
ERR1417339,10,8931,10382
ERR1417339,11,10420,11508
ERR1417339,12,11518,11994
ERR1417339,13,12968,12084
ERR1417339,14,13199,13870
ERR1417339,15,14028,14741
ERR1417339,16,14814,15389
ERR1417339,17,16035,15442
ERR1417339,18,16322,17569
ERR1417339,19,18504,17590
ERR1417339,20,18610,19404
ERR1417339,21,20122,19481
ERR1417339,22,20659,20162
ERR1417339,23,20883,21575
ERR1946991,1,-40817,-40461
ERR1946991,2,-41409,-40960
ERR1946991,3,-41626,-42348
ERR1946991,4,-42494,-43204
ERR1946991,5,-43387,-44211
ERR1946991,6,-45169,-44246
ERR1946991,7,-46343,-45234
ERR1946991,1,74951,75562
ERR1946991,2,75713,76669
ERR1946991,3,76681,77010
ERR1946991,4,78468,77257
ERR1946991,5,80646,78553
ERR1946991,6,81167,80898
ERR1946991,7,81380,82678
ERR1946991,8,85158,83395
ERR1946991,9,88953,85255
ERR1946991,10,92592,88957
ERR1946991,11,92764,93270
ERR1946991,12,94711,93293
ERR1946991,13,94919,95626
ERR1946991,14,95775,96722
ERR1946991,15,96734,97402
ERR1946991,16,97415,99034
ERR1946991,17,99159,100472
ERR1946991,18,100626,101399
ERR1946991,19,101409,102911
ERR1946991,20,102935,104317
ERR1946991,21,104644,107481
ERR1946991,22,107478,107846
ERR1946991,23,107846,109657
ERR1946991,24,109660,110187
ERR1946991,25,110184,110459
ERR1946991,26,110472,110876
ERR1946991,27,111334,110933
ERR1946991,28,114033,111334
ERR1946991,29,115528,114044
ERR1946991,30,116090,115566
ERR1946991,31,117061,116732
ERR1946991,32,117868,117074
ERR1946991,33,118160,119872
ERR1946991,34,119902,121128
ERR1946991,35,121128,121988
ERR1946991,36,121990,122586
ERR1946991,37,123497,122583
ERR1946991,38,124282,123533
ERR1946991,39,124710,124384
ERR1946991,40,126097,124787
ERR1946991,41,126212,127879
ERR1946991,42,128006,128560
ERR1946991,43,128560,129000
ERR1946991,44,130058,129057
ERR1946991,45,130304,130098
ERR1946991,46,132396,130297
ERR1946991,47,132892,133665
ERR1946991,48,134471,133860
ERR1946991,49,135322,134468
ERR1946991,50,136032,135445
ERR1946991,51,136945,136151
ERR1946991,52,138874,137066
ERR1946991,53,139529,138999
ERR1946991,54,141303,140389
ERR1946991,56,141875,144028
ERR1946991,57,144041,145213
ERR1946991,58,145749,145258
ERR1946991,59,146025,146741
ERR1946991,60,147367,146810
ERR1946991,61,147485,147892
ERR1946991,62,148671,147913
ERR1946991,63,148849,149553
ERR1946991,64,149912,151051
ERR1946991,65,151173,152075
ERR1946991,66,154078,152159
ERR1946991,67,154537,154181
ERR1946991,68,155300,154719
ERR1946991,1,50282,49455
ERR1946991,2,50492,51244
ERR1946991,3,51382,52257
ERR1946991,4,52323,52808
ERR1946991,5,52907,53731
ERR1946991,6,53825,54541
ERR1946991,7,54543,54860
ERR1946991,8,55353,54901
ERR1946991,9,56527,55910
ERR1946991,10,57819,56818
ERR1946991,11,58981,57839
ERR1946991,12,59760,59110
ERR1946991,13,60596,59784
ERR1946991,14,61366,60593
ERR1946991,15,62298,61363
ERR1946991,16,63224,62592
ERR1946991,17,64058,63372
ERR1946991,18,64308,65537
ERR1946991,19,66584,67837
ERR1946991,20,69326,67878
ERR1946991,21,72518,69339
ERR1946991,22,73745,72525
ERR1946991,23,73943,74974
ERR1946991,24,75149,75934
ERR1946991,25,76026,76715
ERR1946991,26,76712,77425
ERR1946991,27,77435,78211
ERR1946991,28,78612,78283
ERR1946991,29,79112,78849
ERR1946991,30,80485,79115
ERR1946991,31,82005,80542
ERR1946991,32,82240,83109
ERR1946991,33,83943,83164
ERR1946991,34,84048,84776
ERR1946991,35,86054,84786
ERR1946991,36,86342,88099
ERR1946991,37,88181,88540
ERR1946991,38,88648,89310
ERR1946991,39,89307,90665
ERR1946991,40,90901,90731
ERR1946991,41,91038,91937
ERR1946991,42,92510,91959
ERR1946991,43,94927,92531
ERR1946991,44,95113,96021
ERR1946991,45,96018,96290
ERR1946991,46,97505,96492
ERR1946991,47,98005,99363
ERR1946991,48,99527,100672
ERR1946991,49,101660,100716
ERR1946991,50,101846,102955
ERR1946991,51,103064,105310
ERR1946991,52,105438,105821
ERR1946991,53,105992,107452
ERR1946991,54,108480,107524
ERR1946991,55,109309,108677
ERR1946991,56,109437,110210
ERR1946991,57,110230,110853
ERR1946991,58,111777,110992
ERR1946991,59,111988,111791
ERR1946991,60,112367,112002
ERR1946991,61,113345,112479
ERR1946991,62,113724,113479
ERR1946991,1,86121,86444
ERR1946991,2,86595,87296
ERR1946991,3,87436,88104
ERR1946991,4,89063,88221
ERR1946991,5,89830,89219
ERR1946991,6,90422,89823
ERR1946991,7,91705,90515
ERR1946991,8,91705,90515
ERR1946991,9,93843,91702
ERR1946991,10,95306,93840
ERR1946991,11,96327,95581
ERR1946991,12,96875,96327
ERR1946991,13,97407,96859
ERR1946991,14,97984,97445
ERR1946991,15,98965,97988
ERR1946991,16,99179,100600
ERR1946991,1,33676,35277
ERR1946991,2,35292,35966
ERR1946991,3,35992,37326
ERR1946991,4,37926,37327
ERR1946991,5,39365,38178
ERR1946991,6,40552,39668
ERR1946991,7,40669,41574
ERR1946991,8,41669,42685
ERR1946991,9,42823,43407
ERR1946991,10,46343,43464
ERR1946991,11,46540,47217
ERR1946991,12,47243,48049
ERR1946991,13,48104,48538
ERR1946991,14,48969,48535
ERR1946991,15,49324,48977
ERR1946991,16,50888,49434
ERR1946991,17,54064,50888
ERR1946991,18,55327,54077
ERR1946991,19,55978,55352
ERR1946991,20,58223,56163
ERR1946991,21,59215,58238
ERR1946991,22,59659,59970
ERR1946991,23,59989,60246
ERR1946991,24,60487,61182
ERR1946991,25,61310,62098
ERR1946991,26,62217,63488
ERR1946991,27,63556,64929
ERR1946991,28,65006,65479
ERR1946991,29,65909,65529
ERR1946991,30,66026,66586
ERR1946991,31,68026,66626
ERR1946991,32,69461,68277
ERR1946991,33,69996,69463
ERR1946991,34,70730,70077
ERR1946991,35,71201,70914
ERR1946991,36,73185,71299
ERR1946991,37,73544,73750
ERR1946991,38,73826,74350
ERR1946991,39,76669,75737
ERR1946991,40,76781,77266
ERR1946991,41,78611,77337
ERR1946991,42,79575,79967
ERR1946991,43,79967,80332
ERR1946991,44,80345,82180
ERR1946991,45,82195,82905
ERR1946991,46,83476,86316
ERR1946991,47,86316,87512
ERR1946991,48,87575,89008
ERR1946991,49,89156,90322
ERR1946991,50,90337,91227
ERR1946991,1,39453,37222
ERR1946991,2,37117,36434
ERR1946991,3,35975,34278
ERR1946991,4,34194,33034
ERR1946991,5,33034,32441
ERR1946991,6,32399,31857
ERR1946991,7,31688,31062
ERR1946991,8,29994,30869
ERR1946991,9,29741,29523
ERR1946991,10,29511,29074
ERR1946991,11,29077,28307
ERR1946991,12,28134,25954
ERR1946991,13,25745,23412
ERR1946991,14,22584,23363
ERR1946991,15,22490,21672
ERR1946991,16,21598,21239
ERR1946991,17,21228,20866
ERR1946991,18,20744,19902
ERR1946991,19,19857,19348
ERR1946991,20,19333,18278
ERR1946991,21,18177,17656
ERR1946991,22,17191,17595
ERR1946991,23,16571,17191
ERR1946991,24,15771,16526
ERR1946991,25,14516,15379
ERR1946991,26,13749,14441
ERR1946991,27,13636,12188
ERR1946991,28,12020,11784
ERR1946991,29,11771,11616
ERR1946991,30,11468,9759
ERR1946991,31,9443,9721
ERR1946991,32,8827,9330
ERR1946991,33,8543,8710
ERR1946991,34,8296,8535
ERR1946991,35,6243,8222
ERR1946991,36,5554,6126
ERR1946991,37,4658,5416
ERR1946991,38,1934,4570
ERR1946991,39,1449,1898
ERR1946991,40,924,1301
ERR1946991,1,1639,1073
ERR1946991,2,3140,1977
ERR1946991,3,3764,3171
ERR1946991,4,4147,3764
ERR1946991,5,4286,5473
ERR1946991,6,5598,5840
ERR1946991,7,5962,6999
ERR1946991,8,8428,7118
ERR1946991,9,10869,8428
ERR1946991,10,10990,12003
ERR1946991,11,12003,12692
ERR1946991,12,12780,13412
ERR1946991,13,13434,14216
ERR1946991,14,14213,15100
ERR1946991,15,15150,15785
ERR1946991,16,15801,16229
ERR1946991,17,16226,17953
ERR1946991,18,17956,18966
ERR1946991,19,18976,19737
ERR1946991,20,19749,20729
ERR1946991,21,20741,21082
ERR1946991,22,21100,21873
ERR1946991,23,21911,22519
ERR1946991,24,22529,23083
ERR1946991,25,23073,23453
ERR1946991,26,23453,24154
ERR1946991,27,24154,25113
ERR1946991,28,24154,25113
ERR1946991,1,87355,85052
ERR1946991,2,84218,85006
ERR1946991,3,83094,84044
ERR1946991,4,82364,82966
ERR1946991,5,82060,80156
ERR1946991,6,80084,79203
ERR1946991,7,78793,76973
ERR1946991,9,76569,75751
ERR1946991,10,75754,74978
ERR1946991,11,74978,74298
ERR1946991,12,74271,73630
ERR1946991,13,73618,73331
ERR1946991,14,72248,73261
ERR1946991,15,72090,71509
ERR1946991,16,71494,71093
ERR1946991,17,70455,71090
ERR1946991,18,68417,70462
ERR1946991,19,68396,67581
ERR1946991,20,67501,66515
ERR1946991,21,63901,66471
ERR1946991,22,63625,62753
ERR1946991,23,62700,61381
ERR1946991,24,60391,61338
ERR1946991,25,59488,60264
ERR1946991,26,58942,59379
ERR1946991,27,58092,58856
ERR1946991,28,56399,57946
ERR1946991,29,55165,56355
ERR1946991,30,54997,54269
ERR1946991,31,54017,53706
ERR1946991,32,53648,53010
ERR1946991,33,52998,52396
ERR1946991,34,52399,52079
ERR1946991,35,52067,51243
ERR1946991,36,51229,50954
ERR1946991,37,50942,50613
ERR1946991,38,50611,49859
ERR1946991,39,49855,49442
ERR1946991,40,49442,49245
ERR1946991,41,49248,48991
ERR1946991,42,48898,48530
ERR1946991,43,48520,48203
ERR1946991,44,48187,47651
ERR1946991,45,47641,47336
ERR1946991,46,47324,46929
ERR1946991,47,46915,46382
ERR1946991,48,46367,46017
ERR1946991,49,46014,45517
ERR1946991,50,45510,45334
ERR1946991,51,45330,44890
ERR1946991,52,44877,43525
ERR1946991,53,43504,43388
ERR1946991,54,43280,42924
ERR1946991,55,42904,42518
ERR1946991,56,42505,41879
ERR1946991,57,41861,40854
ERR1946991,58,40835,40458
ERR1946991,59,40276,38786
ERR1946991,1,39978,39775
ERR1946991,2,39489,38650
ERR1946991,3,37369,38634
ERR1946991,4,36091,37263
ERR1946991,5,35523,35981
ERR1946991,6,35328,35170
ERR1946991,7,34998,34261
ERR1946991,8,34075,33713
ERR1946991,9,33572,32538
ERR1946991,10,32490,31954
ERR1946991,11,31944,31699
ERR1946991,12,31668,31108
ERR1946991,13,31069,30041
ERR1946991,14,28614,30038
ERR1946991,15,28523,28149
ERR1946991,16,27263,28165
ERR1946991,17,27142,26339
ERR1946991,18,26334,25144
ERR1946991,19,24450,25103
ERR1946991,20,23577,24398
ERR1946991,21,23392,23042
ERR1946991,22,21815,22927
ERR1946991,23,21333,21710
ERR1946991,24,18068,21193
ERR1946991,25,16965,18065
ERR1946991,26,16965,18065
ERR1946991,1,130389,128536
ERR1946991,2,128515,127895
ERR1946991,3,127699,126341
ERR1946991,4,126323,125811
ERR1946991,5,125638,124010
ERR1946991,6,122638,123903
ERR1946991,7,122338,121025
ERR1946991,8,120128,120970
ERR1946991,9,119024,120043
ERR1946991,10,118831,116648
ERR1946991,11,116497,115211
ERR1946991,12,115186,114635
ERR1946991,13,114535,114335
ERR1946991,14,114221,113790
ERR1946991,15,113667,112435
ERR1946991,16,112395,111619
ERR1946991,17,111628,110837
ERR1946991,18,110815,109700
ERR1946991,19,109703,108411
ERR1946991,20,108382,107684
ERR1946991,21,107684,106539
ERR1946991,22,106351,104942
ERR1946991,1,55448,54684
ERR1946991,2,54396,53503
ERR1946991,3,52986,53495
ERR1946991,4,51646,52650
ERR1946991,5,50313,51497
ERR1946991,6,49887,50294
ERR1946991,7,48893,49819
ERR1946991,8,48653,47526
ERR1946991,9,47514,47200
ERR1946991,10,47187,45733
ERR1946991,11,44859,45680
ERR1946991,12,44206,44607
ERR1946991,13,43330,44124
ERR1946991,14,42447,43313
ERR1946991,15,41648,42436
ERR1946991,16,38744,41551
ERR1946991,17,38571,37657
ERR1946991,18,37634,36816
ERR1946991,19,36806,35415
ERR1946991,20,35384,33078
ERR1946991,21,32260,33033
ERR1946991,22,32148,31342
ERR1946991,23,31373,30963
ERR1946991,24,30838,29375
ERR1946991,25,29378,28896
ERR1946991,26,28850,28041
ERR1946991,27,28037,27189
ERR1946991,28,27166,26315
ERR1946991,29,26360,26049
ERR1946991,30,26046,25510
ERR1946991,31,23820,25448
ERR1946991,32,23408,21486
ERR1946991,33,21249,20929
ERR1946991,34,20723,20103
ERR1946991,35,20050,19622
ERR1946991,36,18332,19582
ERR1946991,37,18083,17889
ERR1946991,38,17877,17518
ERR1946991,39,17427,16870
ERR1946991,40,16811,16308
ERR1946991,1,126671,126958
ERR1946991,2,126315,126587
ERR1946991,3,125476,126312
ERR1946991,4,124707,125429
ERR1946991,5,123539,124585
ERR1946991,6,122596,123522
ERR1946991,7,122351,121698
ERR1946991,9,121504,119465
ERR1946991,10,119440,118988
ERR1946991,11,118788,117370
ERR1946991,12,117355,116447
ERR1946991,13,116326,115544
ERR1946991,14,115417,114587
ERR1946991,15,114334,113879
ERR1946991,16,113726,112659
ERR1946991,17,112659,112336
ERR1946991,18,111883,112281
ERR1946991,19,111771,111334
ERR1946991,20,110146,111264
ERR1946991,21,109051,110118
ERR1946991,22,108954,108262
ERR1946991,23,104464,108060
ERR1946991,24,103186,104454
ERR1946991,25,103040,102549
ERR1946991,26,102104,102481
ERR1946991,27,101724,101272
ERR1946991,28,101182,100277
ERR1946991,29,99170,100285
ERR1946991,30,98047,99144
ERR1946991,31,97988,97491
ERR1946991,32,97221,96070
ERR1946991,33,96063,94540
ERR1946991,34,94237,92252
ERR1946991,1,3458,2496
ERR1946991,2,4507,3605
ERR1946991,3,5918,4521
ERR1946991,4,7294,5915
ERR1946991,5,8426,7395
ERR1946991,6,10261,8882
ERR1946991,7,12123,10402
ERR1946991,8,12258,12743
ERR1946991,9,14245,12815
ERR1946991,10,16054,14522
ERR1946991,11,17430,16057
ERR1946991,12,17898,18599
ERR1946991,15,20998,19904
ERR1946991,16,22081,21011
ERR1946991,17,22222,22917
ERR1946991,18,23084,24100
ERR1946991,19,26994,24157
ERR1946991,20,27777,27139
ERR1946991,21,28614,27910
ERR1946991,22,29974,28676
ERR1946991,23,30628,30017
ERR1946991,24,31122,30745
ERR1946991,25,31294,32757
ERR1946991,26,33425,32793
ERR1946991,27,33529,33912
ERR1946991,28,36732,33970
ERR1946991,29,37670,36855
ERR1946991,30,39213,37819
ERR1946991,1,3356,2712
ERR1946991,2,4088,3363
ERR1946991,3,4815,4102
ERR1946991,4,5025,4825
ERR1946991,5,6072,5044
ERR1946991,6,6770,6078
ERR1946991,7,7116,6742
ERR1946991,8,7967,7140
ERR1946991,9,9855,8038
ERR1946991,10,10482,10030
ERR1946991,11,11979,10603
ERR1946991,12,12204,13853
ERR1946991,13,14324,13908
ERR1946991,14,15061,14462
ERR1946991,15,16141,15071
ERR1946991,16,16955,16143
ERR1946991,17,17219,18226
ERR1946991,18,18257,18865
ERR1946991,19,18946,19779
ERR1946991,20,19776,20660
ERR1946991,21,20672,21733
ERR1946991,22,21805,22728
ERR1946991,23,23557,22817
ERR1946991,24,23852,24673
ERR1946991,25,24752,25462
ERR1946991,26,25503,26174
ERR1946991,27,26188,26604
ERR1946991,28,26696,27382
ERR1946991,29,27400,27861
ERR1946991,30,27983,28552
ERR1946991,31,29255,28623
ERR1946991,32,29323,30123
ERR1946991,33,30437,30120
ERR1946991,34,32037,30832
ERR1946991,35,35953,32120
ERR1946991,36,36263,37603
ERR1946991,37,37695,38294
ERR1946991,38,38303,39307
ERR1946991,39,39512,40846
ERR1946991,1,206897,207010
ERR1946991,2,204664,206802
ERR1946991,3,204015,204485
ERR1946991,4,203481,203855
ERR1946991,5,201955,203280
ERR1946991,6,201658,200429
ERR1946991,7,200410,199958
ERR1946991,8,199787,198927
ERR1946991,9,198836,198276
ERR1946991,10,197891,196266
ERR1946991,11,196273,195245
ERR1946991,12,194011,194967
ERR1946991,13,192512,193963
ERR1946991,14,191332,192447
ERR1946991,15,190315,191289
ERR1946991,16,188657,190303
ERR1946991,17,187518,188630
ERR1946991,18,187414,186434
ERR1946991,19,185197,186381
ERR1946991,20,184261,184524
ERR1946991,21,183768,184259
ERR1946991,22,183632,183156
ERR1946991,23,182563,183114
ERR1946991,24,181605,182342
ERR1946991,25,180542,181594
ERR1946991,26,180470,179313
ERR1946991,27,179154,177289
ERR1946991,28,176009,177292
ERR1946991,29,175920,174211
ERR1946991,30,174206,173628
ERR1946991,31,173608,172775
ERR1946991,1,17193,15391
ERR1946991,2,18731,17190
ERR1946991,3,19472,20881
ERR1946991,4,21007,21516
ERR1946991,5,21513,22391
ERR1946991,6,22502,23947
ERR1946991,7,24059,24259
ERR1946991,8,24712,24269
ERR1946991,9,25958,25332
ERR1946991,10,26862,26104
ERR1946991,11,27056,28231
ERR1946991,12,29519,28281
ERR1946991,13,31881,29611
ERR1946991,14,34967,32118
ERR1946991,15,35824,35102
ERR1946991,16,36679,35843
ERR1946991,17,38133,36751
ERR1946991,18,38355,38891
ERR1946991,19,39313,38930
ERR1946991,20,41882,39417
ERR1946991,21,43179,42166
ERR1946991,22,43376,44788
ERR1946991,23,45042,44908
ERR1946991,24,46246,45032
ERR1946991,25,47767,46421
ERR1946991,26,49250,48180
ERR1946991,1,147344,146871
ERR1946991,2,146871,146317
ERR1946991,3,146316,145315
ERR1946991,4,145318,144500
ERR1946991,5,144500,140634
ERR1946991,6,140621,140139
ERR1946991,7,140142,139717
ERR1946991,8,139570,139319
ERR1946991,9,139299,138751
ERR1946991,10,138705,137965
ERR1946991,11,137756,137388
ERR1946991,12,136361,137335
ERR1946991,13,135245,136279
ERR1946991,14,135091,134186
ERR1946991,15,134166,133390
ERR1946991,16,133180,132737
ERR1946991,17,131869,132729
ERR1946991,18,130893,131777
ERR1946991,19,129562,130794
ERR1946991,20,129182,127773
ERR1946991,21,127678,127310
ERR1946991,22,126950,127264
ERR1946991,23,126349,126936
ERR1946991,24,126124,125759
ERR1946991,25,125389,124160
ERR1946991,26,121973,124123
ERR1946991,27,121204,121779
ERR1946991,28,119970,121088
ERR1946991,29,119251,119847
ERR1946991,30,119044,118577
ERR1946991,31,118437,117874
ERR1946991,32,117291,117824
ERR1946991,33,116481,117275
ERR1946991,34,116353,115076
ERR1946991,35,114662,113229
ERR1946991,1,92459,90669
ERR1946991,2,90515,89889
ERR1946991,3,89177,89845
ERR1946991,4,88657,89064
ERR1946991,5,87713,88660
ERR1946991,6,87251,87556
ERR1946991,7,86663,87190
ERR1946991,8,85653,86441
ERR1946991,9,84019,85587
ERR1946991,10,83643,82414
ERR1946991,11,81917,82354
ERR1946991,12,81723,81082
ERR1946991,13,80484,81074
ERR1946991,14,79882,80268
ERR1946991,15,79029,79871
ERR1946991,16,78560,78952
ERR1946991,17,78233,78541
ERR1946991,19,76947,77711
ERR1946991,20,75089,76954
ERR1946991,21,73760,75034
ERR1946991,22,70113,73763
ERR1946991,24,65872,66132
ERR1946991,25,64082,65875
ERR1946991,26,62160,64049
ERR1946991,1,187388,186387
ERR1946991,2,186164,185241
ERR1946991,3,185241,184909
ERR1946991,4,184897,183065
ERR1946991,5,183061,181562
ERR1946991,6,181553,180153
ERR1946991,7,180152,179034
ERR1946991,8,178973,178641
ERR1946991,9,178638,177814
ERR1946991,10,175241,177796
ERR1946991,11,175078,174020
ERR1946991,12,174020,173379
ERR1946991,13,173382,172642
ERR1946991,14,172631,172104
ERR1946991,15,172036,169871
ERR1946991,16,169859,169290
ERR1946991,17,169261,168179
ERR1946991,18,168163,167288
ERR1946991,19,166833,162352
ERR1946991,20,162282,160861
ERR1946991,21,160685,159798
ERR1946991,22,159667,159077
ERR1946991,23,159055,157973
ERR1946991,1,108414,108533
ERR1946991,2,106737,105631
ERR1946991,3,104422,105636
ERR1946991,4,104310,103864
ERR1946991,5,103777,103448
ERR1946991,6,103434,103288
ERR1946991,7,103434,103288
ERR1946991,1,90154,90705
ERR1946991,2,90712,91389
ERR1946991,3,91474,93261
ERR1946991,4,93275,93784
ERR1946991,5,93781,95112
ERR1946991,6,95124,97808
ERR1946991,7,97812,98828
ERR1946991,8,98847,99389
ERR1946991,9,99386,99907
ERR1946991,10,99907,100215
ERR1946991,11,100212,102101
ERR1946991,12,102103,103701
ERR1946991,13,103704,105200
ERR1946991,14,105301,105936
ERR1946991,15,106053,106346
ERR1946991,16,107253,106366
ERR1946991,17,107340,108101
ERR1946991,18,108571,108149
ERR1946991,19,108861,109088
ERR1946991,20,109316,110992
ERR1946991,21,111121,111291
ERR1946991,22,112503,111304
ERR1946991,23,113502,112621
ERR1946991,24,114702,113569
ERR1946991,25,116386,114743
ERR1946991,26,116952,116383
ERR1946991,27,117131,117754
ERR1946991,1,106812,106204
ERR1946991,2,107146,106838
ERR1946991,3,108167,107163
ERR1946991,4,108405,110501
ERR1946991,6,110753,113692
ERR1946991,7,113713,114864
ERR1946991,8,116242,114905
ERR1946991,9,116911,116261
ERR1946991,10,118597,117056
ERR1946991,11,118705,119376
ERR1946991,12,119376,120056
ERR1946991,13,121573,120053
ERR1946991,14,121762,122811
ERR1946991,15,122893,123645
ERR1946991,16,123655,124068
ERR1946991,17,124078,126354
ERR1946991,18,126358,126720
ERR1946991,19,127148,128203
ERR1946991,20,129168,128251
ERR1946991,21,129731,129171
ERR1946991,22,129867,131891
ERR1946991,23,131962,132369
ERR1946991,24,132412,133128
ERR1946991,25,133148,134242
ERR1946991,1,8553,7498
ERR1946991,2,7488,6682
ERR1946991,3,6672,5977
ERR1946991,4,4983,5966
ERR1946991,5,2601,4976
ERR1946991,6,1100,2599
ERR1946991,7,843,289
ERR1946991,1,18568,18702
ERR1946991,2,18732,19124
ERR1946991,3,19135,19455
ERR1946991,4,19461,21221
ERR1946991,5,21312,22667
ERR1946991,1,102454,101216
ERR1946991,2,99884,101170
ERR1946991,3,98972,99643
ERR1946991,4,97207,98901
ERR1946991,5,96478,97095
ERR1946991,6,96333,95161
ERR1946991,7,95136,93535
ERR1946991,8,93525,92722
ERR1946991,9,92710,90719
ERR1946991,10,90722,89820
ERR1946991,11,88627,89568
ERR1946991,12,88422,84940
ERR1946991,13,84075,84878
ERR1946991,14,82076,83878
ERR1946991,15,81756,81322
ERR1946991,16,80084,81301
ERR1946991,17,78749,80065
ERR1946991,18,78059,78712
ERR1946991,19,77391,78059
ERR1946991,20,76030,77343
ERR1946991,21,74847,76001
ERR1946991,1,390,1289
ERR1946991,2,1405,2373
ERR1946991,3,2476,2997
ERR1946991,4,3024,3848
ERR1946991,5,3863,4240
ERR1946991,6,4401,4838
ERR1946991,7,4926,5357
ERR1946991,8,6902,5412
ERR1946991,9,6999,7820
ERR1946991,10,7830,8747
ERR1946991,11,11358,8737
ERR1946991,1,5703,6737
ERR1946991,2,6744,7571
ERR1946991,3,7584,8204
ERR1946991,4,8230,9105
ERR1946991,5,9221,10483
ERR1946991,6,10480,12150
ERR1946991,7,12143,13159
ERR1946991,9,14573,13203
ERR1946991,10,14948,16609
ERR1946991,11,16629,17381
ERR1946991,12,17378,18529
ERR1946991,13,18821,20527
ERR1946991,14,21790,20576
ERR1946991,15,22306,23016
ERR1946991,16,23009,23893
ERR1946991,17,24153,25310
ERR1946991,18,25310,27916
ERR1946991,19,28075,28341
ERR1946991,20,28931,29506
ERR1946991,22,31560,31276
ERR1946991,1,151180,149750
ERR1946991,2,148435,149682
ERR1946991,3,147730,148194
ERR1946991,4,145440,147476
ERR1946991,5,144308,145345
ERR1946991,6,140857,144306
ERR1946991,7,140151,140846
ERR1946991,8,139099,139902
ERR1946991,9,139068,138316
ERR1946991,10,138300,137566
ERR1946991,11,136107,137516
ERR1946991,12,135966,135157
ERR1946991,13,135072,134128
ERR1946991,14,133095,134048
ERR1946991,15,130522,132933
ERR1946991,16,129764,130489
ERR1946991,17,127717,129750
ERR1946991,18,126006,127484
ERR1946991,19,125140,125709
ERR1946991,20,124432,125025
ERR1946991,1,130876,131820
ERR1946991,2,132058,133155
ERR1946991,3,133167,134615
ERR1946991,4,134653,135579
ERR1946991,5,135582,136436
ERR1946991,6,136497,137759
ERR1946991,7,137924,139099
ERR1946991,8,139210,140112
ERR1946991,9,140650,140210
ERR1946991,10,140758,141450
ERR1946991,11,141701,144418
ERR1946991,12,144421,146400
ERR1946991,13,146549,146821
ERR1946991,14,147070,147645
ERR1946991,15,149861,147705
ERR1946991,16,150089,150886
ERR1946991,17,150978,151343
ERR1946991,18,151479,152945
ERR1946991,19,153095,154432
ERR1946991,20,154443,155099
ERR1946991,21,155100,156800
ERR1946991,22,157612,156845
ERR1946991,1,38637,38095
ERR1946991,2,37888,36890
ERR1946991,3,36346,36834
ERR1946991,4,35354,35920
ERR1946991,5,34852,35337
ERR1946991,6,34770,34366
ERR1946991,7,34218,32959
ERR1946991,8,32744,30366
ERR1946991,9,30052,29552
ERR1946991,10,29053,29406
ERR1946991,11,27677,28732
ERR1946991,12,26917,27675
ERR1946991,13,25448,26839
ERR1946991,14,24616,25239
ERR1946991,15,24289,22697
ERR1946991,16,22625,22158
ERR1946991,17,22112,21468
ERR1946991,18,21385,20066
ERR1946991,19,19912,17693
ERR1946991,20,17395,15716
ERR1946991,21,15294,15677
ERR1946991,22,15187,14789
ERR1946991,23,14661,14134
ERR1946991,24,12711,14027
ERR1946991,1,188494,187280
ERR1946991,2,187269,186490
ERR1946991,3,186229,183767
ERR1946991,4,182208,183695
ERR1946991,5,180899,182176
ERR1946991,6,180899,182176
ERR1946991,7,178510,180816
ERR1946991,8,177378,178292
ERR1946991,9,176226,177179
ERR1946991,10,175224,176177
ERR1946991,11,174452,175189
ERR1946991,12,173956,174441
ERR1946991,13,172668,173945
ERR1946991,14,172111,172638
ERR1946991,15,171741,172100
ERR1946991,16,170546,171712
ERR1946991,17,169418,170527
ERR1946991,18,169343,168801
ERR1946991,19,168388,167039
ERR1946991,20,166922,165666
ERR1946991,21,164887,165630
ERR1946991,22,164173,164871
ERR1946991,23,163055,164176
ERR1946991,24,161796,163037
ERR1946991,1,80867,81934
ERR1946991,2,82149,85712
ERR1946991,3,85727,86566
ERR1946991,4,86559,87374
ERR1946991,5,87478,88419
ERR1946991,6,88536,90542
ERR1946991,15,140096,139878
ERR1946991,17,142097,142441
ERR1946991,18,143116,142505
ERR1946991,19,145762,143324
ERR1946991,20,145908,146624
ERR1946991,21,146795,147421
ERR1946991,22,148211,147432
ERR1946991,23,149713,148298
ERR1946991,1,152659,152315
ERR1946991,2,152898,155102
ERR1946991,3,155547,155128
ERR1946991,4,155813,156301
ERR1946991,5,158937,156358
ERR1946991,6,159239,160045
ERR1946991,7,160467,160042
ERR1946991,8,160981,160559
ERR1946991,9,161420,162085
ERR1946991,1,112415,113701
ERR1946991,2,110715,112289
ERR1946991,3,110356,110625
ERR1946991,4,109137,109979
ERR1946991,5,108218,109123
ERR1946991,6,107831,108061
ERR1946991,7,107598,105718
ERR1946991,8,104324,105331
ERR1946991,9,104098,102548
ERR1946991,10,102525,101929
ERR1946991,11,101926,101147
ERR1946991,12,101130,100396
ERR1946991,13,99267,100343
ERR1946991,14,97795,99240
ERR1946991,15,97148,97594
ERR1946991,16,96912,97139
ERR1946991,17,96517,96900
ERR1946991,18,95454,96332
ERR1946991,19,95114,95443
ERR1946991,20,94494,95114
ERR1946991,21,92498,94489
ERR1946991,22,91442,92494
ERR1946991,23,90370,91125
ERR1946991,24,87927,90305
ERR1946991,1,36370,36654
ERR1946991,2,35813,36373
ERR1946991,3,35748,35119
ERR1946991,4,35051,33729
ERR1946991,5,33697,32489
ERR1946991,6,32492,31260
ERR1946991,7,31050,30799
ERR1946991,8,30343,30744
ERR1946991,9,30277,29636
ERR1946991,10,28969,29577
ERR1946991,11,28867,27977
ERR1946991,12,27588,27974
ERR1946991,13,26658,27494
ERR1946991,14,26464,26063
ERR1946991,15,25982,25275
ERR1946991,16,25271,24408
ERR1946991,17,23642,24385
ERR1946991,18,21999,23642
ERR1946991,19,20485,21864
ERR1946991,20,20252,17037
ERR1946991,21,17021,15186
ERR1946991,22,15156,14104
ERR1946991,23,14104,13094
ERR1946991,24,13116,11527
ERR1946991,1,827,2050
ERR1946991,2,2065,2544
ERR1946991,3,3602,2592
ERR1946991,4,3709,5334
ERR1946991,5,6144,5335
ERR1946991,6,6348,7682
ERR1946991,7,7725,8096
ERR1946991,8,8107,8781
ERR1946991,9,8866,9309
ERR1946991,10,10190,9351
ERR1946991,11,11003,10191
ERR1946991,12,12001,11027
ERR1946991,13,12183,12611
ERR1946991,14,12624,13010
ERR1946991,15,13181,13834
ERR1946991,16,13841,14269
ERR1946991,17,14287,14943
ERR1946991,18,16986,15046
ERR1946991,19,17841,17005
ERR1946991,20,19009,17852
ERR1946991,21,20665,19052
ERR1946991,22,21555,20668
ERR1946991,23,23381,21576
ERR1946991,24,23568,24167
ERR1946991,25,25362,24199
ERR1946991,26,26062,25499
ERR1946991,1,278899,279798
ERR1946991,2,281824,279857
ERR1946991,3,282682,281990
ERR1946991,1,75281,74193
ERR1946991,2,74193,73378
ERR1946991,3,72536,73375
ERR1946991,4,71558,72532
ERR1946991,5,70286,71314
ERR1946991,6,70119,69349
ERR1946991,7,69330,68194
ERR1946991,8,67973,66330
ERR1946991,9,65707,66285
ERR1946991,10,65537,64761
ERR1946991,11,64702,63404
ERR1946991,12,63388,63008
ERR1946991,13,63051,62614
ERR1946991,15,62355,60646
ERR1946991,16,60631,58598
ERR1946991,17,58584,57979
ERR1946991,18,57940,55286
ERR1946991,19,55274,54558
ERR1946991,20,53058,54479
ERR1946991,1,277906,276200
ERR1946991,2,271616,274447
ERR1946991,3,271319,270717
ERR1946991,4,270713,269736
ERR1946991,5,269671,269318
ERR1946991,6,269265,268924
ERR1946991,7,268200,268874
ERR1946991,8,267937,266855
ERR1946991,9,266708,265344
ERR1946991,10,265292,264711
ERR1946991,11,264347,264670
ERR1946991,12,263655,264350
ERR1946991,13,263586,263038
ERR1946991,14,262732,261290
ERR1946991,15,259681,261225
ERR1946991,16,259569,258277
ERR1946991,17,258280,256832
ERR1946991,18,255752,256726
ERR1946991,19,255105,255731
ERR1946991,20,254827,253955
ERR1946991,1,20126,20773
ERR1946991,2,19351,19989
ERR1946991,3,19177,18152
ERR1946991,4,18127,16979
ERR1946991,5,16820,16104
ERR1946991,6,15814,13646
ERR1946991,7,13268,13101
ERR1946991,8,12259,13104
ERR1946991,9,12087,11518
ERR1946991,10,11436,9895
ERR1946991,11,9155,9850
ERR1946991,12,8381,9103
ERR1946991,13,6003,8189
ERR1946991,14,5555,5983
ERR1946991,15,4450,5550
ERR1946991,16,4089,2794
ERR1946991,17,2763,1813
ERR1946991,18,1816,1238
ERR1946991,19,1236,157
ERR1946991,1,101648,102268
ERR1946991,2,102600,104747
ERR1946991,3,104852,105478
ERR1946991,4,105466,105984
ERR1946991,5,105987,107042
ERR1946991,6,107056,107634
ERR1946991,7,107759,109327
ERR1946991,8,109434,110177
ERR1946991,9,111395,110253
ERR1946991,10,112343,111459
ERR1946991,11,112778,112476
ERR1946991,12,114331,112775
ERR1946991,13,114599,114324
ERR1946991,1,74535,73747
ERR1946991,2,73717,72956
ERR1946991,3,72894,71371
ERR1946991,4,71356,70151
ERR1946991,5,70041,69199
ERR1946991,6,69147,67963
ERR1946991,7,66956,67927
ERR1946991,8,66734,65925
ERR1946991,9,65006,65857
ERR1946991,10,63608,64825
ERR1946991,11,63276,62125
ERR1946991,12,62063,60813
ERR1946991,13,59783,60598
ERR1946991,14,58569,59756
ERR1946991,15,57388,58542
ERR1946991,16,55577,57286
ERR1946991,17,54381,55583
ERR1946991,18,53321,54358
ERR1946991,19,52507,53229
ERR1946991,1,110789,109575
ERR1946991,2,109556,108525
ERR1946991,3,108525,107056
ERR1946991,4,107038,105695
ERR1946991,5,105682,104708
ERR1946991,6,103883,104644
ERR1946991,7,103883,104644
ERR1946991,1,1483,416
ERR1946991,2,2335,1502
ERR1946991,3,3234,2377
ERR1946991,4,3352,3957
ERR1946991,5,4025,4552
ERR1946991,6,4846,4601
ERR1946991,7,5995,5009
ERR1946991,8,6869,6207
ERR1946991,9,8912,6927
ERR1946991,10,9159,10610
ERR1946991,11,10648,11736
ERR1946991,12,11746,12222
ERR1946991,13,13196,12312
ERR1946991,14,13427,14098
ERR1946991,15,14256,14969
ERR1946991,16,15042,15617
ERR1946991,17,16263,15670
ERR1946991,18,16551,17798
ERR1946991,19,18733,17819
ERR1946991,20,18839,19633
ERR1946991,21,20351,19710
ERR1946991,22,20888,20391
ERR1946991,23,21113,21805
ERR1946991,1,187785,188084
ERR1946991,2,188201,189709
ERR1946991,3,190075,191493
ERR1946991,4,191612,192496
ERR1946991,5,193850,192903
ERR1946991,6,194124,194462
ERR1946991,7,195437,194481
ERR1946991,8,198728,195570
ERR1946991,9,199926,198718
ERR1946991,10,201335,199926
ERR1946991,11,201764,201393
ERR1946991,12,202912,202301
ERR1946991,13,203103,202909
ERR1946991,14,203593,203159
ERR1946991,15,203706,204398
ERR1946991,16,204741,205121
ERR1946991,17,206825,205164
ERR1946991,18,207124,208401
ERR1946991,1,79847,78882
ERR1946991,2,76977,78842
ERR1946991,3,76573,76845
ERR1946991,4,75948,76403
ERR1946991,5,75737,75090
ERR1946991,6,74979,74506
ERR1946991,7,74504,73287
ERR1946991,8,73220,72834
ERR1946991,9,72803,72483
ERR1946991,10,72397,71879
ERR1946991,11,71840,69981
ERR1946991,12,69962,69624
ERR1946991,13,68108,69577
ERR1946991,14,67621,68055
ERR1946991,15,63959,67420
ERR1946991,16,63468,63824
ERR1946991,17,62446,63387
ERR1946991,18,61522,62301
ERR1946991,19,60992,61498
ERR1946991,20,60314,60979
ERR1946991,21,60101,59835
ERR1946991,22,59044,59778
ERR1946991,23,58129,58986
ERR1946991,1,67851,68489
ERR1946991,2,68513,69313
ERR1946991,3,71237,69399
ERR1946991,4,72614,71250
ERR1946991,5,73146,72631
ERR1946991,6,74041,73124
ERR1946991,7,74506,74057
ERR1946991,8,74980,74510
ERR1946991,9,76113,74992
ERR1946991,10,77642,76353
ERR1946991,11,77720,78943
ERR1946991,12,79353,79688
ERR1946991,13,79936,80421
ERR1946991,14,80904,80461
ERR1946991,17,81073,82287
ERR1946991,18,82432,83286
ERR1946991,19,83283,84134
ERR1946991,20,84563,85783
ERR1946991,21,87162,86404
ERR1946991,1,81433,83091
ERR1946991,2,79865,81337
ERR1946991,3,79249,79872
ERR1946991,4,78983,77361
ERR1946991,5,77243,75177
ERR1946991,6,75165,74551
ERR1946991,7,74289,73774
ERR1946991,8,73463,73663
ERR1946991,9,72964,71966
ERR1946991,10,70666,71928
ERR1946991,11,70477,69947
ERR1946991,12,69860,69519
ERR1946991,13,69282,67288
ERR1946991,14,67274,66015
ERR1946991,15,65932,65513
ERR1946991,16,64622,65410
ERR1946991,17,64374,63793
ERR1946991,18,63778,63479
ERR1946991,19,62621,63433
ERR1946991,1,8193,7258
ERR1946991,2,7060,5825
ERR1946991,3,5588,4392
ERR1946991,4,3603,4352
ERR1946991,5,3478,2411
ERR1946991,6,2327,1809
ERR1946991,7,1152,1730
ERR1946991,1,62347,62042
ERR1946991,2,62014,61715
ERR1946991,3,61698,60631
ERR1946991,4,60638,59874
ERR1946991,5,59862,58933
ERR1946991,6,58903,57692
ERR1946991,7,57649,56426
ERR1946991,8,56402,55881
ERR1946991,9,55845,55021
ERR1946991,10,55005,54211
ERR1946991,11,54195,53404
ERR1946991,12,53390,51924
ERR1946991,13,51885,50245
ERR1946991,14,50089,48893
ERR1946991,15,47532,48830
ERR1946991,16,47297,46815
ERR1946991,17,46636,45314
ERR1946991,18,44559,45347
ERR1946991,19,44452,43232
ERR1946991,20,42019,43164
ERR1946991,1,320,1651
ERR1946991,3,320,1651
ERR1946991,4,1671,3620
ERR1946991,5,4233,3676
ERR1946991,6,4348,4965
ERR1946991,7,4985,5515
ERR1946991,8,5648,6313
ERR1946991,9,6325,7116
ERR1946991,10,7253,8704
ERR1946991,11,8673,9518
ERR1946991,12,9796,9524
ERR1946991,13,9981,10667
ERR1946991,14,11024,11845
ERR1946991,15,11944,12342
ERR1946991,16,12383,14317
ERR1946991,17,14304,15059
ERR1946991,18,15088,16083
ERR1946991,19,16233,16553
ERR1946991,20,16565,17044
ERR1946991,21,17181,18401
ERR1946991,22,18548,19612
ERR1946991,1,44174,42918
ERR1946991,2,44375,45163
ERR1946991,3,47518,45281
ERR1946991,4,49622,47919
ERR1946991,5,49795,51114
ERR1946991,6,51214,52500
ERR1946991,7,52636,53118
ERR1946991,8,53222,54664
ERR1946991,9,54859,55599
ERR1946991,10,55599,56495
ERR1946991,11,56482,57732
ERR1946991,12,57733,59577
ERR1946991,13,59555,60460
ERR1946991,14,61604,60468
ERR1946991,15,62827,61607
ERR1946991,1,133076,132144
ERR1946991,2,132169,130208
ERR1946991,3,129103,129741
ERR1946991,4,129011,128076
ERR1946991,5,126962,127828
ERR1946991,6,126019,126879
ERR1946991,7,125257,125988
ERR1946991,8,124589,125254
ERR1946991,9,123940,124599
ERR1946991,10,123368,123652
ERR1946991,11,122265,123224
ERR1946991,12,118804,122268
ERR1946991,13,118608,116992
ERR1946991,14,116478,116933
ERR1946991,15,116321,115710
ERR1946991,16,115028,115639
ERR1946991,17,114745,114509
ERR1946991,18,113276,114448
ERR1946991,1,32209,33108
ERR1946991,2,33372,34049
ERR1946991,3,34713,34108
ERR1946991,4,35458,34763
ERR1946991,5,36206,35532
ERR1946991,6,37135,36203
ERR1946991,7,37858,41190
ERR1946991,8,41383,43224
ERR1946991,9,44590,43694
ERR1946991,10,44703,45458
ERR1946991,11,46663,45509
ERR1946991,12,46781,47242
ERR1946991,13,47276,48622
ERR1946991,14,49907,48657
ERR1946991,15,51188,49941
ERR1946991,1,46152,44659
ERR1946991,2,47248,46139
ERR1946991,3,47590,48933
ERR1946991,4,48985,49713
ERR1946991,5,49799,50353
ERR1946991,6,50359,51111
ERR1946991,7,51111,51935
ERR1946991,8,51936,53132
ERR1946991,9,53134,54489
ERR1946991,10,54527,57052
ERR1946991,11,57094,57597
ERR1946991,12,57602,58672
ERR1946991,13,58679,59164
ERR1946991,14,59161,59949
ERR1946991,15,60887,60003
ERR1946991,16,61797,61315
ERR1946991,17,62900,61851
ERR1946991,18,63486,63046
ERR1946991,19,64156,63470
ERR1946991,1,83939,84571
ERR1946991,4,83384,83860
ERR1946991,5,80066,83296
ERR1946991,6,78912,80051
ERR1946991,7,78598,78011
ERR1946991,8,77415,77951
ERR1946991,9,77077,77400
ERR1946991,10,76877,76227
ERR1946991,11,76092,74197
ERR1946991,12,74065,73214
ERR1946991,13,73079,72765
ERR1946991,14,72399,72764
ERR1946991,15,72062,70299
ERR1946991,16,69873,69025
ERR1946991,17,68784,68116
ERR1946991,18,67671,68093
ERR1946991,19,66235,67554
ERR1946991,1,1,234
ERR1946991,1,1,225
ERR1946991,1,221,3
ERR1946991,1,3,212
ERR1946991,1,3,212
ERR1946991,1,1,216
ERR1946991,1,172,2
ERR1946991,1,166,2
ERR1946991,1,166,2
ERR1946991,1,3,158
ERR1946991,1,3,158
ERR1946991,1,145,2
ERR1946991,1,145,2
ERR1417339,1,5397,5299
ERR1417339,2,5306,4398
ERR1417339,3,4367,2754
ERR1417339,4,2154,2702
ERR1417339,5,1931,1419
ERR1417339,6,34,1371
ERR1417339,1,17178,18392
ERR1417339,2,17098,15971
ERR1417339,3,15843,14998
ERR1417339,4,14606,14941
ERR1417339,5,13477,14481
ERR1417339,6,12202,13134
ERR1417339,7,10295,11299
ERR1417339,8,10038,8107
ERR1417339,9,7856,7299
ERR1417339,10,6821,7213
ERR1417339,11,4315,6783
ERR1417339,12,3180,4262
ERR1417339,13,2017,3165
ERR1417339,14,522,1919
ERR1417339,1,38610,39620
ERR1417339,2,38510,38133
ERR1417339,3,37985,37536
ERR1417339,4,37500,34864
ERR1417339,5,34776,34018
ERR1417339,6,33880,33308
ERR1417339,7,33191,31212
ERR1417339,8,31138,30899
ERR1417339,9,30891,30724
ERR1417339,10,30607,30104
ERR1417339,11,29991,29713
ERR1417339,12,27966,29675
ERR1417339,13,27662,27817
ERR1417339,14,27413,27649
ERR1417339,15,25797,27245
ERR1417339,16,25684,24992
ERR1417339,17,24917,24054
ERR1417339,18,23662,22907
ERR1417339,19,22862,22242
ERR1417339,20,22242,21838
ERR1417339,21,21256,21777
ERR1417339,22,20100,21155
ERR1417339,23,19576,20085
ERR1417339,24,18689,19531
ERR1417339,25,18157,18522
ERR1417339,26,17787,18146
ERR1417339,27,16895,17713
ERR1417339,28,16801,16022
ERR1417339,29,13786,15978
ERR1417339,30,11397,13577
ERR1417339,31,10454,11224
ERR1417339,32,10020,10457
ERR1417339,33,9790,10008
ERR1417339,34,9537,8662
ERR1417339,35,7840,8466
ERR1417339,36,7128,7670
ERR1417339,37,6493,7086
ERR1417339,38,5333,6493
ERR1417339,39,3552,5249
ERR1417339,40,2410,3093
ERR1417339,41,1,2304
ERR1417339,1,189,929
ERR1417339,2,981,3518
ERR1417339,1,403,906
ERR1417339,2,912,1964
ERR1417339,1,3,1478
ERR1417339,2,1647,1985
ERR1417339,3,2124,2375
ERR1417339,4,2382,3638
ERR1417339,5,3638,4321
ERR1417339,6,4394,5716
ERR1417339,7,5786,6871
ERR1417339,1,4737,436
ERR1417339,1,4737,436
ERR1417339,1,9978,9409
ERR1417339,1,40757,41107
ERR1417339,2,40209,40742
ERR1417339,1,1,237
ERR1417339,1,1,237
ERR1417339,1,230,3
ERR1417339,1,230,3
ERR1417339,1,230,3
ERR1417339,1,447,118
ERR1417339,1,1,237
ERR1417339,1,3,254
ERR1417339,1,3,254
ERR1417339,1,3,254
ERR1417339,1,3,254
ERR1417339,1,1294,2
ERR1417339,1,1294,2
ERR1946991,1,1483,416
ERR1946991,2,2335,1502
ERR1946991,3,3234,2377
ERR1946991,4,3352,3957
ERR1946991,5,4025,4552
ERR1946991,6,4846,4601
ERR1946991,7,5995,5009
ERR1946991,8,6869,6207
ERR1946991,9,8912,6927
ERR1946991,10,9159,10610
ERR1946991,11,10648,11736
ERR1946991,12,11746,12222
ERR1946991,13,13196,12312
ERR1946991,14,13427,14098
ERR1946991,15,14256,14969
ERR1946991,16,15042,15617
ERR1946991,17,16263,15670
ERR1946991,18,16551,17798
ERR1946991,19,18733,17819
ERR1946991,20,18839,19633
ERR1946991,21,20351,19710
ERR1946991,22,20888,20391
ERR1946991,23,21113,21805
ERR1946991,1,2,109
ERR1946991,2,843,289
ERR1946991,3,1100,2599
ERR1946991,4,2601,4976
ERR1946991,5,4983,5966
ERR1946991,6,6672,5977
ERR1946991,7,7488,6682
ERR1946991,8,8553,7498
ERR1946991,1,250,849
ERR1946991,2,1599,907
ERR1946991,1,170,622
ERR1946991,2,784,1218
ERR1946991,3,1419,1517
ERR1946991,1,498,3269
ERR1946991,2,3898,3329
ERR1946991,3,4750,3920
ERR1946991,4,6011,4728
ERR1946991,5,6889,6068
ERR1946991,6,8428,6908
ERR1946991,7,8708,9034
ERR1946991,8,9356,10624
ERR1946991,9,11039,11284
ERR1946991,10,11750,11454
ERR1946991,11,14128,11747
ERR1946991,12,15142,14162
ERR1946991,1,120725,121927
ERR1946991,2,120587,120021
ERR1946991,1,108558,109931
ERR1946991,2,108410,106935
ERR1946991,1,135,1286
ERR1946991,2,3237,1354
ERR1946991,3,3778,3308
ERR1946991,1,92161,90596
ERR1946991,2,88536,90542
ERR1946991,3,87478,88419
ERR1946991,4,86559,87374
ERR1946991,5,85727,86566
ERR1946991,6,82149,85712
ERR1946991,7,80867,81934
ERR1946991,1,58864,58766
ERR1946991,2,58773,57865
ERR1946991,3,57834,56221
ERR1946991,4,55620,56168
ERR1946991,5,55398,54886
ERR1946991,6,53475,54812
ERR1946991,1,1816,602
ERR1946991,2,1896,3023
ERR1946991,3,3151,3996
ERR1946991,4,4388,4053
ERR1946991,5,5517,4513
ERR1946991,6,6867,5860
ERR1946991,7,8127,7123
ERR1946991,8,8384,10315
ERR1946991,9,10566,11123
ERR1946991,10,11599,11207
ERR1946991,11,14105,11637
ERR1946991,12,15240,14158
ERR1946991,13,16403,15255
ERR1946991,14,17898,16501
ERR1946991,1,824,48
ERR1946991,2,924,1301
ERR1946991,3,1449,1898
ERR1946991,4,1934,4570
ERR1946991,5,4658,5416
ERR1946991,6,5554,6126
ERR1946991,7,6243,8222
ERR1946991,8,8296,8535
ERR1946991,9,8543,8710
ERR1946991,10,8827,9330
ERR1946991,11,9443,9721
ERR1946991,12,11468,9759
ERR1946991,13,11771,11616
ERR1946991,14,12020,11784
ERR1946991,15,13636,12188
ERR1946991,16,13749,14441
ERR1946991,17,14516,15379
ERR1946991,18,15771,16526
ERR1946991,19,16571,17191
ERR1946991,20,17191,17595
ERR1946991,21,18177,17656
ERR1946991,22,19333,18278
ERR1946991,23,19857,19348
ERR1946991,24,20744,19902
ERR1946991,25,21228,20866
ERR1946991,26,21598,21239
ERR1946991,27,22490,21672
ERR1946991,28,22584,23363
ERR1946991,29,25745,23412
ERR1946991,30,28134,25954
ERR1946991,31,29077,28307
ERR1946991,32,29511,29074
ERR1946991,33,29741,29523
ERR1946991,34,29994,30869
ERR1946991,35,31688,31062
ERR1946991,36,32399,31857
ERR1946991,37,33034,32441
ERR1946991,38,34194,33034
ERR1946991,39,35975,34278
ERR1946991,40,37117,36434
ERR1946991,41,39453,37222
ERR1946991,1,42600,41890
ERR1946991,2,41832,39274
ERR1946991,1,318,821
ERR1946991,2,827,2050
ERR1946991,1,13482,12034
ERR1946991,2,11865,11527
ERR1946991,3,11387,11136
ERR1946991,4,11129,9873
ERR1946991,5,9873,9190
ERR1946991,6,9117,7795
ERR1946991,7,7725,6640
ERR1946991,1,1,1296
ERR1946991,1,1,1296
ERR1946991,1,1024,497
ERR1946991,1,46367,46017
ERR1946991,2,46915,46382
ERR1946999,1,102454,101216
ERR1946999,2,99884,101170
ERR1946999,3,98972,99643
ERR1946999,4,97207,98901
ERR1946999,5,96478,97095
ERR1946999,6,96333,95161
ERR1946999,7,95136,93535
ERR1946999,8,93525,92722
ERR1946999,9,92710,90719
ERR1946999,10,90722,89820
ERR1946999,11,88627,89568
ERR1946999,12,88422,84940
ERR1946999,13,84075,84878
ERR1946999,14,82076,83878
ERR1946999,15,81756,81322
ERR1946999,16,80084,81301
ERR1946999,17,78749,80065
ERR1946999,18,78059,78712
ERR1946999,19,77391,78059
ERR1946999,20,76030,77343
ERR1946999,21,74847,76001
ERR1946999,1,11073,10174
ERR1946999,2,10058,9090
ERR1946999,3,8987,8466
ERR1946999,4,8439,7615
ERR1946999,5,7600,7223
ERR1946999,6,7062,6625
ERR1946999,7,6537,6106
ERR1946999,8,4561,6051
ERR1946999,9,4464,3643
ERR1946999,10,3633,2716
ERR1946999,11,105,2726
ERR1946999,1,46213,47247
ERR1946999,2,47254,48081
ERR1946999,3,48094,48714
ERR1946999,4,48740,49615
ERR1946999,5,49731,50993
ERR1946999,6,50990,52660
ERR1946999,7,52653,53669
ERR1946999,9,55083,53713
ERR1946999,10,55458,57119
ERR1946999,11,57139,57891
ERR1946999,12,57888,59039
ERR1946999,13,59331,61037
ERR1946999,14,62300,61086
ERR1946999,15,62816,63526
ERR1946999,16,63519,64403
ERR1946999,17,64663,65820
ERR1946999,18,65820,68426
ERR1946999,19,68585,68851
ERR1946999,20,69441,70016
ERR1946999,22,72070,71786
ERR1946999,1,151171,149741
ERR1946999,2,148426,149673
ERR1946999,3,147721,148185
ERR1946999,4,145431,147467
ERR1946999,5,144299,145336
ERR1946999,6,140848,144297
ERR1946999,7,140142,140837
ERR1946999,8,139090,139893
ERR1946999,9,139059,138307
ERR1946999,10,138291,137557
ERR1946999,11,136098,137507
ERR1946999,12,135957,135148
ERR1946999,13,135063,134119
ERR1946999,14,133086,134039
ERR1946999,15,130513,132924
ERR1946999,16,129755,130480
ERR1946999,17,127708,129741
ERR1946999,18,125997,127475
ERR1946999,19,125131,125700
ERR1946999,20,124423,125016
ERR1946999,1,130876,131820
ERR1946999,2,132058,133155
ERR1946999,3,133167,134615
ERR1946999,4,134653,135579
ERR1946999,5,135582,136436
ERR1946999,6,136497,137759
ERR1946999,7,137924,139099
ERR1946999,8,139210,140112
ERR1946999,9,140650,140210
ERR1946999,10,140758,141450
ERR1946999,11,141701,144418
ERR1946999,12,144421,146400
ERR1946999,13,146549,146821
ERR1946999,14,147070,147645
ERR1946999,15,149861,147705
ERR1946999,16,150089,150886
ERR1946999,17,150978,151343
ERR1946999,18,151479,152945
ERR1946999,19,153095,154432
ERR1946999,20,154443,155099
ERR1946999,21,155100,156800
ERR1946999,22,157612,156845
ERR1946999,1,38638,38096
ERR1946999,2,37889,36891
ERR1946999,3,36347,36835
ERR1946999,4,35355,35921
ERR1946999,5,34853,35338
ERR1946999,6,34771,34367
ERR1946999,7,34219,32960
ERR1946999,8,32745,30367
ERR1946999,9,30053,29553
ERR1946999,10,29054,29407
ERR1946999,11,27678,28733
ERR1946999,12,26918,27676
ERR1946999,13,25449,26840
ERR1946999,14,24617,25240
ERR1946999,15,24290,22698
ERR1946999,16,22626,22159
ERR1946999,17,22113,21469
ERR1946999,18,21386,20067
ERR1946999,19,19913,17694
ERR1946999,20,17396,15717
ERR1946999,21,15295,15678
ERR1946999,22,15188,14790
ERR1946999,23,14662,14135
ERR1946999,24,12712,14028
ERR1946999,1,188503,187289
ERR1946999,2,187278,186499
ERR1946999,3,186238,183776
ERR1946999,4,182217,183704
ERR1946999,5,180908,182185
ERR1946999,6,180908,182185
ERR1946999,7,178519,180825
ERR1946999,8,177387,178301
ERR1946999,9,176235,177188
ERR1946999,10,175233,176186
ERR1946999,11,174461,175198
ERR1946999,12,173965,174450
ERR1946999,13,172677,173954
ERR1946999,14,172120,172647
ERR1946999,15,171750,172109
ERR1946999,16,170555,171721
ERR1946999,17,169427,170536
ERR1946999,18,169352,168810
ERR1946999,19,168397,167048
ERR1946999,20,166931,165675
ERR1946999,21,164896,165639
ERR1946999,22,164182,164880
ERR1946999,23,163064,164185
ERR1946999,24,161805,163046
ERR1946999,1,10427,9360
ERR1946999,2,9145,5582
ERR1946999,3,5567,4728
ERR1946999,4,4735,3920
ERR1946999,5,3816,2875
ERR1946999,6,2758,752
ERR1946999,15,140096,139878
ERR1946999,17,142097,142441
ERR1946999,18,143116,142505
ERR1946999,19,145762,143324
ERR1946999,20,145908,146624
ERR1946999,21,146795,147421
ERR1946999,22,148211,147432
ERR1946999,23,149713,148298
ERR1946999,1,152659,152315
ERR1946999,2,152898,155102
ERR1946999,3,155547,155128
ERR1946999,4,155813,156301
ERR1946999,5,158937,156358
ERR1946999,6,159239,160045
ERR1946999,7,160467,160042
ERR1946999,8,160981,160559
ERR1946999,9,161420,162085
ERR1946999,1,9746,8460
ERR1946999,2,11446,9872
ERR1946999,3,11805,11536
ERR1946999,4,13024,12182
ERR1946999,5,13943,13038
ERR1946999,6,14330,14100
ERR1946999,7,14563,16443
ERR1946999,8,17837,16830
ERR1946999,9,18063,19613
ERR1946999,10,19636,20232
ERR1946999,11,20235,21014
ERR1946999,12,21031,21765
ERR1946999,13,22894,21818
ERR1946999,14,24366,22921
ERR1946999,15,25013,24567
ERR1946999,16,25249,25022
ERR1946999,17,25644,25261
ERR1946999,18,26707,25829
ERR1946999,19,27047,26718
ERR1946999,20,27667,27047
ERR1946999,21,29663,27672
ERR1946999,22,30719,29667
ERR1946999,23,31791,31036
ERR1946999,24,34234,31856
ERR1946999,1,11040,10756
ERR1946999,2,11597,11037
ERR1946999,3,11662,12291
ERR1946999,4,12359,13681
ERR1946999,5,13713,14921
ERR1946999,6,14918,16150
ERR1946999,7,16360,16611
ERR1946999,8,17067,16666
ERR1946999,9,17133,17774
ERR1946999,10,18441,17833
ERR1946999,11,18543,19433
ERR1946999,12,19822,19436
ERR1946999,13,20752,19916
ERR1946999,14,20946,21347
ERR1946999,15,21428,22135
ERR1946999,16,22139,23002
ERR1946999,17,23768,23025
ERR1946999,18,25411,23768
ERR1946999,19,26925,25546
ERR1946999,20,27158,30373
ERR1946999,21,30389,32224
ERR1946999,22,32254,33306
ERR1946999,23,33306,34316
ERR1946999,24,34294,35883
ERR1946999,1,827,2050
ERR1946999,2,2065,2544
ERR1946999,3,3602,2592
ERR1946999,4,3709,5334
ERR1946999,5,6144,5335
ERR1946999,6,6348,7682
ERR1946999,7,7725,8096
ERR1946999,8,8107,8781
ERR1946999,9,8866,9309
ERR1946999,10,10190,9351
ERR1946999,11,11003,10191
ERR1946999,12,12001,11027
ERR1946999,13,12183,12611
ERR1946999,14,12624,13010
ERR1946999,15,13181,13834
ERR1946999,16,13841,14269
ERR1946999,17,14287,14943
ERR1946999,18,16986,15046
ERR1946999,19,17841,17005
ERR1946999,20,19009,17852
ERR1946999,21,20665,19052
ERR1946999,22,21555,20668
ERR1946999,23,23381,21576
ERR1946999,24,23568,24167
ERR1946999,25,25362,24199
ERR1946999,26,26062,25499
ERR1946999,1,278899,279798
ERR1946999,2,281824,279857
ERR1946999,3,282682,281990
ERR1946999,1,46880,47968
ERR1946999,2,47968,48783
ERR1946999,3,49625,48786
ERR1946999,4,50603,49629
ERR1946999,5,51875,50847
ERR1946999,6,52042,52812
ERR1946999,7,52831,53967
ERR1946999,8,54188,55831
ERR1946999,9,56454,55876
ERR1946999,10,56624,57400
ERR1946999,11,57459,58757
ERR1946999,12,58773,59153
ERR1946999,13,59110,59547
ERR1946999,15,59806,61515
ERR1946999,16,61530,63563
ERR1946999,17,63577,64182
ERR1946999,18,64221,66875
ERR1946999,19,66887,67603
ERR1946999,20,69103,67682
ERR1946999,1,277906,276200
ERR1946999,2,271616,274447
ERR1946999,3,271319,270717
ERR1946999,4,270713,269736
ERR1946999,5,269671,269318
ERR1946999,6,269265,268924
ERR1946999,7,268200,268874
ERR1946999,8,267937,266855
ERR1946999,9,266708,265344
ERR1946999,10,265292,264711
ERR1946999,11,264347,264670
ERR1946999,12,263655,264350
ERR1946999,13,263586,263038
ERR1946999,14,262732,261290
ERR1946999,15,259681,261225
ERR1946999,16,259569,258277
ERR1946999,17,258280,256832
ERR1946999,18,255752,256726
ERR1946999,19,255105,255731
ERR1946999,20,254827,253955
ERR1946999,1,20644,19997
ERR1946999,2,21419,20781
ERR1946999,3,21593,22618
ERR1946999,4,22643,23791
ERR1946999,5,23950,24666
ERR1946999,6,24956,27124
ERR1946999,7,27502,27669
ERR1946999,8,28511,27666
ERR1946999,9,28683,29252
ERR1946999,10,29334,30875
ERR1946999,11,31615,30920
ERR1946999,12,32389,31667
ERR1946999,13,34767,32581
ERR1946999,14,35215,34787
ERR1946999,15,36320,35220
ERR1946999,16,36681,37976
ERR1946999,17,38007,38957
ERR1946999,18,38954,39532
ERR1946999,19,39534,40613
ERR1946999,1,101648,102268
ERR1946999,2,102600,104747
ERR1946999,3,104852,105478
ERR1946999,4,105466,105984
ERR1946999,5,105987,107042
ERR1946999,6,107056,107634
ERR1946999,7,107759,109327
ERR1946999,8,109434,110177
ERR1946999,9,111362,110253
ERR1946999,10,112343,111459
ERR1946999,11,112778,112476
ERR1946999,12,114331,112775
ERR1946999,13,114599,114324
ERR1946999,1,74535,73747
ERR1946999,2,73717,72956
ERR1946999,3,72894,71371
ERR1946999,4,71356,70151
ERR1946999,5,70041,69199
ERR1946999,6,69147,67963
ERR1946999,7,66956,67927
ERR1946999,8,66734,65925
ERR1946999,9,65006,65857
ERR1946999,10,63608,64825
ERR1946999,11,63276,62125
ERR1946999,12,62063,60813
ERR1946999,13,59783,60598
ERR1946999,14,58569,59756
ERR1946999,15,57388,58542
ERR1946999,16,55577,57286
ERR1946999,17,54381,55583
ERR1946999,18,53321,54358
ERR1946999,19,52507,53229
ERR1946999,1,110789,109575
ERR1946999,2,109556,108525
ERR1946999,3,108525,107056
ERR1946999,4,107038,105695
ERR1946999,5,105682,104708
ERR1946999,6,103883,104644
ERR1946999,7,103883,104644
ERR1946999,1,1483,416
ERR1946999,2,2335,1502
ERR1946999,3,3234,2377
ERR1946999,4,3352,3957
ERR1946999,5,4025,4552
ERR1946999,6,4846,4601
ERR1946999,7,5995,5009
ERR1946999,8,6869,6207
ERR1946999,9,8912,6927
ERR1946999,10,9159,10610
ERR1946999,11,10648,11736
ERR1946999,12,11746,12222
ERR1946999,13,13196,12312
ERR1946999,14,13427,14098
ERR1946999,15,14256,14969
ERR1946999,16,15042,15617
ERR1946999,17,16263,15670
ERR1946999,18,16551,17798
ERR1946999,19,18733,17819
ERR1946999,20,18839,19633
ERR1946999,21,20351,19710
ERR1946999,22,20888,20391
ERR1946999,23,21113,21805
ERR1946999,1,187785,188084
ERR1946999,2,188201,189709
ERR1946999,3,190075,191493
ERR1946999,4,191612,192496
ERR1946999,5,193850,192903
ERR1946999,6,194124,194462
ERR1946999,7,195437,194481
ERR1946999,8,198728,195570
ERR1946999,9,199926,198718
ERR1946999,10,201335,199926
ERR1946999,11,201764,201393
ERR1946999,12,202912,202301
ERR1946999,13,203103,202909
ERR1946999,14,203593,203159
ERR1946999,15,203706,204398
ERR1946999,16,204741,205121
ERR1946999,17,206825,205164
ERR1946999,18,207124,208401
ERR1946999,1,79847,78882
ERR1946999,2,76977,78842
ERR1946999,3,76573,76845
ERR1946999,4,75948,76403
ERR1946999,5,75737,75090
ERR1946999,6,74979,74506
ERR1946999,7,74504,73287
ERR1946999,8,73220,72834
ERR1946999,9,72803,72483
ERR1946999,10,72397,71879
ERR1946999,11,71840,69981
ERR1946999,12,69962,69624
ERR1946999,13,68108,69577
ERR1946999,14,67621,68055
ERR1946999,15,63959,67420
ERR1946999,16,63468,63824
ERR1946999,17,62446,63387
ERR1946999,18,61522,62301
ERR1946999,19,60992,61498
ERR1946999,20,60314,60979
ERR1946999,21,60101,59835
ERR1946999,22,59044,59778
ERR1946999,23,58129,58986
ERR1946999,1,67851,68489
ERR1946999,2,68513,69313
ERR1946999,3,71237,69399
ERR1946999,4,72614,71250
ERR1946999,5,73146,72631
ERR1946999,6,74041,73124
ERR1946999,7,74506,74057
ERR1946999,8,74980,74510
ERR1946999,9,76113,74992
ERR1946999,10,77642,76353
ERR1946999,11,77720,78943
ERR1946999,12,79353,79688
ERR1946999,13,79936,80421
ERR1946999,14,80904,80461
ERR1946999,17,81073,82287
ERR1946999,18,82432,83286
ERR1946999,19,83283,84134
ERR1946999,20,84563,85783
ERR1946999,21,87162,86404
ERR1946999,1,81479,83137
ERR1946999,2,79911,81383
ERR1946999,3,79295,79918
ERR1946999,4,79029,77407
ERR1946999,5,77289,75223
ERR1946999,6,75211,74597
ERR1946999,7,74335,73820
ERR1946999,8,73509,73709
ERR1946999,9,73010,72012
ERR1946999,10,70712,71974
ERR1946999,11,70523,69993
ERR1946999,12,69906,69565
ERR1946999,13,69328,67334
ERR1946999,14,67320,66061
ERR1946999,15,65978,65559
ERR1946999,16,64668,65456
ERR1946999,17,64420,63839
ERR1946999,18,63824,63525
ERR1946999,19,62667,63479
ERR1946999,1,8193,7258
ERR1946999,2,7060,5825
ERR1946999,3,5588,4392
ERR1946999,4,3603,4352
ERR1946999,5,3478,2411
ERR1946999,6,2327,1809
ERR1946999,7,1152,1730
ERR1946999,1,62393,62088
ERR1946999,2,62060,61761
ERR1946999,3,61744,60677
ERR1946999,4,60684,59920
ERR1946999,5,59908,58979
ERR1946999,6,58949,57738
ERR1946999,7,57695,56472
ERR1946999,8,56448,55927
ERR1946999,9,55891,55067
ERR1946999,10,55051,54257
ERR1946999,11,54241,53450
ERR1946999,12,53436,51970
ERR1946999,13,51931,50291
ERR1946999,14,50135,48939
ERR1946999,15,47578,48876
ERR1946999,16,47343,46861
ERR1946999,17,46682,45360
ERR1946999,18,44605,45393
ERR1946999,19,44498,43278
ERR1946999,20,42065,43210
ERR1946999,1,320,1642
ERR1946999,3,320,1642
ERR1946999,4,1662,3611
ERR1946999,5,4224,3667
ERR1946999,6,4339,4956
ERR1946999,7,4976,5506
ERR1946999,8,5639,6304
ERR1946999,9,6316,7107
ERR1946999,10,7244,8695
ERR1946999,11,8664,9509
ERR1946999,12,9787,9515
ERR1946999,13,9972,10658
ERR1946999,14,11015,11836
ERR1946999,15,11935,12333
ERR1946999,16,12374,14308
ERR1946999,17,14295,15050
ERR1946999,18,15079,16074
ERR1946999,19,16224,16544
ERR1946999,20,16556,17035
ERR1946999,21,17172,18392
ERR1946999,22,18539,19603
ERR1946999,1,38167,39423
ERR1946999,2,37966,37178
ERR1946999,3,34823,37060
ERR1946999,4,32719,34422
ERR1946999,5,32546,31227
ERR1946999,6,31127,29841
ERR1946999,7,29705,29223
ERR1946999,8,29119,27677
ERR1946999,9,27482,26742
ERR1946999,10,26742,25846
ERR1946999,11,25859,24609
ERR1946999,12,24608,22764
ERR1946999,13,22786,21881
ERR1946999,14,20737,21873
ERR1946999,15,19514,20734
ERR1946999,1,133076,132144
ERR1946999,2,132169,130208
ERR1946999,3,129103,129741
ERR1946999,4,129011,128076
ERR1946999,5,126962,127828
ERR1946999,6,126019,126879
ERR1946999,7,125257,125988
ERR1946999,8,124589,125254
ERR1946999,9,123940,124599
ERR1946999,10,123368,123652
ERR1946999,11,122265,123224
ERR1946999,12,118804,122268
ERR1946999,13,118608,116992
ERR1946999,14,116478,116933
ERR1946999,15,116321,115710
ERR1946999,16,115028,115639
ERR1946999,17,114745,114509
ERR1946999,18,113276,114448
ERR1946999,1,140091,139192
ERR1946999,2,138928,138251
ERR1946999,3,137587,138192
ERR1946999,4,136842,137537
ERR1946999,5,136094,136768
ERR1946999,6,135165,136097
ERR1946999,7,134442,131110
ERR1946999,8,130917,129076
ERR1946999,9,127710,128606
ERR1946999,10,127597,126842
ERR1946999,11,125637,126791
ERR1946999,12,125519,125058
ERR1946999,13,125024,123678
ERR1946999,14,122393,123643
ERR1946999,15,121112,122359
ERR1946999,1,46161,44668
ERR1946999,2,47257,46148
ERR1946999,3,47599,48942
ERR1946999,4,48994,49722
ERR1946999,5,49808,50362
ERR1946999,6,50368,51120
ERR1946999,7,51120,51944
ERR1946999,8,51945,53141
ERR1946999,9,53143,54498
ERR1946999,10,54536,57061
ERR1946999,11,57103,57606
ERR1946999,12,57611,58681
ERR1946999,13,58688,59173
ERR1946999,14,59170,59958
ERR1946999,15,60896,60012
ERR1946999,16,61806,61324
ERR1946999,17,62909,61860
ERR1946999,18,63495,63055
ERR1946999,19,64165,63479
ERR1946999,1,12913,12281
ERR1946999,4,13468,12992
ERR1946999,5,16786,13556
ERR1946999,6,17940,16801
ERR1946999,7,18254,18841
ERR1946999,8,19437,18901
ERR1946999,9,19775,19452
ERR1946999,10,19975,20625
ERR1946999,11,20760,22655
ERR1946999,12,22787,23638
ERR1946999,13,23773,24087
ERR1946999,14,24453,24088
ERR1946999,15,24790,26553
ERR1946999,16,26979,27827
ERR1946999,17,28068,28736
ERR1946999,18,29181,28759
ERR1946999,19,30617,29298
ERR1946999,1,3646,3359
ERR1946999,2,3372,3058
ERR1946999,3,2930,519
ERR1946999,4,2930,519
ERR1946999,6,3646,3359
ERR1946999,9,3646,3359
ERR1946999,1,9516,8761
ERR1946999,2,10261,9527
ERR1946999,3,11929,10334
ERR1946999,4,13536,11926
ERR1946999,5,13684,13529
ERR1946999,6,14932,13781
ERR1946999,7,15919,15050
ERR1946999,8,17565,15937
ERR1946999,9,17727,20669
ERR1946999,10,20717,22027
ERR1946999,11,24348,22093
ERR1946999,12,25429,24461
ERR1946999,13,26206,25436
ERR1946999,14,27150,26203
ERR1946999,15,28091,27150
ERR1946999,16,28222,28091
ERR1946999,1,3894,3559
ERR1946999,2,4087,4983
ERR1946999,3,4984,5421
ERR1946999,4,5423,5845
ERR1946999,5,6379,5885
ERR1946999,6,6903,6415
ERR1946999,7,6995,7309
ERR1946999,8,9232,7361
ERR1946999,9,9735,9256
ERR1946999,10,10042,9740
ERR1946999,11,10691,10077
ERR1946999,12,10736,11587
ERR1946999,13,12506,11595
ERR1946999,14,13275,12568
ERR1946999,15,13388,14641
ERR1946999,16,15667,14705
ERR1946999,17,17580,15679
ERR1946999,18,17961,17632
ERR1946999,19,19193,18060
ERR1946999,20,19938,19369
ERR1946999,21,21054,20026
ERR1946999,22,22245,21208
ERR1946999,1,92374,93264
ERR1946999,2,90845,92362
ERR1946999,3,90679,89798
ERR1946999,4,88310,89740
ERR1946999,5,86500,87939
ERR1946999,6,85979,86338
ERR1946999,7,84865,85968
ERR1946999,8,83579,84844
ERR1946999,9,83442,82975
ERR1946999,10,81789,82934
ERR1946999,11,81713,79623
ERR1946999,12,79198,79578
ERR1946999,13,78795,79169
ERR1946999,14,78019,78684
ERR1946999,15,77207,77908
ERR1946999,16,74762,74061
ERR1946999,17,72737,73966
ERR1946999,1,17898,16501
ERR1946999,2,16403,15255
ERR1946999,3,15240,14158
ERR1946999,4,14105,11637
ERR1946999,5,11599,11207
ERR1946999,6,10566,11123
ERR1946999,7,8384,10315
ERR1946999,8,8127,7123
ERR1946999,9,6867,5860
ERR1946999,10,6867,5860
ERR1946999,11,5517,4513
ERR1946999,12,4388,4053
ERR1946999,13,3151,3996
ERR1946999,14,1896,3023
ERR1946999,15,1816,602
ERR1946999,1,43895,42933
ERR1946999,2,42919,41900
ERR1946999,3,41898,40363
ERR1946999,4,40352,38949
ERR1946999,5,38922,38137
ERR1946999,6,38107,37049
ERR1946999,7,36090,37001
ERR1946999,8,34749,36020
ERR1946999,9,34557,33862
ERR1946999,10,33852,32197
ERR1946999,11,31925,31134
ERR1946999,12,31024,30020
ERR1946999,13,29070,29987
ERR1946999,14,28903,28049
ERR1946999,15,27657,28052
ERR1946999,16,27561,26953
ERR1946999,17,25520,26869
ERR1946999,1,28005,26896
ERR1946999,2,25438,26841
ERR1946999,3,25166,24375
ERR1946999,4,24374,23682
ERR1946999,5,22790,23443
ERR1946999,6,21390,22703
ERR1946999,7,20810,21328
ERR1946999,8,20573,18555
ERR1946999,9,18555,18004
ERR1946999,10,17392,17961
ERR1946999,11,16768,17382
ERR1946999,12,16079,16744
ERR1946999,13,15610,16092
ERR1946999,14,13839,15539
ERR1946999,15,13494,13802
ERR1946999,16,13180,13482
ERR1946999,17,12203,13078
ERR1946999,18,12008,11685
ERR1946999,19,11481,11002
ERR1946999,20,9335,10939
ERR1946999,1,9873,8398
ERR1946999,2,10499,10296
ERR1946999,3,11010,11714
ERR1946999,4,12956,11742
ERR1946999,5,13180,15258
ERR1946999,6,15359,15934
ERR1946999,7,16092,18638
ERR1946999,8,18765,19550
ERR1946999,9,21123,20620
ERR1946999,10,21581,21213
ERR1946999,11,21686,22594
ERR1946999,12,22696,22836
ERR1946999,13,22962,24098
ERR1946999,1,26182,28278
ERR1946999,2,24530,26008
ERR1946999,3,24404,23826
ERR1946999,4,22519,23778
ERR1946999,5,21593,22447
ERR1946999,6,20127,21518
ERR1946999,7,19891,18323
ERR1946999,8,17745,18257
ERR1946999,9,17732,16839
ERR1946999,10,16708,15719
ERR1946999,11,15646,14996
ERR1946999,12,14486,14959
ERR1946999,13,14299,13127
ERR1946999,14,14299,13127
ERR1946999,15,12334,13053
ERR1946999,16,9562,12318
ERR1946999,17,9300,9461
ERR1946999,18,8555,8998
ERR1946999,1,66665,63489
ERR1946999,2,66665,63489
ERR1946999,3,63479,58572
ERR1946999,6,63479,58572
ERR1946999,7,66665,63489
ERR1946999,8,66665,63489
ERR1946999,1,120854,119556
ERR1946999,2,119455,119201
ERR1946999,3,118948,118616
ERR1946999,4,117807,118187
ERR1946999,5,117161,117571
ERR1946999,6,115878,117083
ERR1946999,7,115256,115888
ERR1946999,8,115162,114968
ERR1946999,9,114327,114971
ERR1946999,10,113287,114303
ERR1946999,11,112209,113213
ERR1946999,12,111222,112088
ERR1946999,13,110562,111173
ERR1946999,14,110375,108663
ERR1946999,16,108310,108567
ERR1946999,17,108125,107286
ERR1946999,18,107289,105730
ERR1946999,19,105390,105728
ERR1946999,20,104901,105245
ERR1946999,21,104053,104634
ERR1946999,22,102824,104029
ERR1946999,1,39978,39775
ERR1946999,2,40890,40171
ERR1946999,3,41532,40927
ERR1946999,4,42438,41545
ERR1946999,5,42768,43412
ERR1946999,6,43467,44402
ERR1946999,7,44584,45927
ERR1946999,8,46418,45948
ERR1946999,9,46941,47996
ERR1946999,10,48840,48061
ERR1946999,11,49688,49140
ERR1946999,12,50338,49706
ERR1946999,13,51632,50325
ERR1946999,14,51991,53379
ERR1946999,15,53539,54222
ERR1946999,16,54365,55630
ERR1946999,17,56776,55664
ERR1946999,1,37194,38561
ERR1946999,2,35775,37160
ERR1946999,3,35475,34546
ERR1946999,4,34267,32957
ERR1946999,5,32864,32070
ERR1946999,6,31937,31008
ERR1946999,7,30904,29498
ERR1946999,8,29508,28375
ERR1946999,9,27041,28270
ERR1946999,10,25666,26988
ERR1946999,11,24220,25440
ERR1946999,12,23974,23027
ERR1946999,13,21747,22922
ERR1946999,14,21369,20350
ERR1946999,1,18631,19569
ERR1946999,2,19602,19892
ERR1946999,3,19905,20660
ERR1946999,4,20677,21177
ERR1946999,5,21201,22262
ERR1946999,6,22271,23044
ERR1946999,7,23044,23835
ERR1946999,8,23838,25376
ERR1946999,9,25389,26597
ERR1946999,10,26638,27927
ERR1946999,11,27981,28946
ERR1946999,12,28933,29538
ERR1946999,13,29616,29999
ERR1946999,1,40692,40348
ERR1946999,2,40136,39795
ERR1946999,3,38025,39740
ERR1946999,4,34868,37966
ERR1946999,5,33734,34852
ERR1946999,6,33036,33674
ERR1946999,7,32753,32370
ERR1946999,8,32346,31984
ERR1946999,9,31923,31387
ERR1946999,10,31340,29262
ERR1946999,11,29115,24595
ERR1946999,12,24598,24134
ERR1946999,1,44368,42428
ERR1946999,2,45076,44522
ERR1946999,3,46133,45240
ERR1946999,4,46241,47107
ERR1946999,5,47500,47730
ERR1946999,6,48232,47906
ERR1946999,7,48443,49513
ERR1946999,8,49657,50214
ERR1946999,9,49657,50214
ERR1946999,1,32084,33112
ERR1946999,2,31581,32072
ERR1946999,3,30163,31578
ERR1946999,4,29940,29590
ERR1946999,5,29399,28614
ERR1946999,6,28617,27925
ERR1946999,7,27920,27300
ERR1946999,8,26940,26170
ERR1946999,9,26097,25456
ERR1946999,10,26097,25456
ERR1946999,1,83060,81570
ERR1946999,2,81049,81537
ERR1946999,3,80924,77172
ERR1946999,4,77066,76593
ERR1946999,5,76489,75404
ERR1946999,6,75155,74925
ERR1946999,7,74143,74889
ERR1946999,8,73957,73367
ERR1946999,9,72731,73321
ERR1946999,10,72516,72109
ERR1946999,11,70066,72054
ERR1946999,12,69542,68376
ERR1946999,13,68004,68252
ERR1946999,1,19261,18560
ERR1946999,2,18449,17403
ERR1946999,3,16334,17359
ERR1946999,4,16250,15042
ERR1946999,5,15075,14419
ERR1946999,6,13259,14392
ERR1946999,7,12023,13243
ERR1946999,8,11184,11858
ERR1946999,9,10438,11172
ERR1946999,10,8831,10288
ERR1946999,11,7670,8614
ERR1946999,12,6971,7558
ERR1946999,13,4856,6877
ERR1946999,14,4676,3885
ERR1946999,1,224763,224212
ERR1946999,2,224862,225764
ERR1946999,3,226101,225790
ERR1946999,4,226497,226108
ERR1946999,5,227163,226534
ERR1946999,6,228126,227176
ERR1946999,7,228239,228997
ERR1946999,8,229677,229039
ERR1946999,9,229787,230791
ERR1946999,10,230924,231613
ERR1946999,12,232034,231792
ERR1946999,13,232679,232080
ERR1946999,14,233879,232776
ERR1946999,15,234111,234554
ERR1946999,16,236487,234610
ERR1946999,18,237222,236764
ERR1946999,20,238904,238347
ERR1946999,1,76772,79180
ERR1946999,2,79259,80050
ERR1946999,3,80170,80562
ERR1946999,4,80667,81734
ERR1946999,5,81731,82705
ERR1946999,6,83741,82764
ERR1946999,7,85212,83824
ERR1946999,8,85630,87108
ERR1946999,9,87249,87473
ERR1946999,10,87496,88746
ERR1946999,11,88752,89597
ERR1946999,12,90307,89684
ERR1946999,13,90431,91357
ERR1946999,1,30332,30814
ERR1946999,2,32250,30811
ERR1946999,3,32337,33200
ERR1946999,4,33516,33205
ERR1946999,5,33820,33536
ERR1946999,6,34188,33838
ERR1946999,7,34601,34233
ERR1946999,8,34667,35674
ERR1946999,9,35789,37183
ERR1946999,10,37613,37317
ERR1946999,11,38256,37795
ERR1946999,12,38256,37795
ERR1946999,1,37369,38127
ERR1946999,2,36450,37388
ERR1946999,3,36058,34226
ERR1946999,4,32667,34184
ERR1946999,5,31004,32512
ERR1946999,6,31004,32512
ERR1946999,1,15621,15890
ERR1946999,2,15902,18448
ERR1946999,3,18461,20083
ERR1946999,4,20102,22882
ERR1946999,5,22879,23508
ERR1946999,6,23658,25931
ERR1946999,7,26163,27197
ERR1946999,8,27198,27452
ERR1946999,9,27456,27941
ERR1946999,10,27965,28888
ERR1946999,11,28888,30123
ERR1946999,1,98065,97412
ERR1946999,2,99162,98443
ERR1946999,3,99687,99178
ERR1946999,4,99856,101583
ERR1946999,5,102731,102009
ERR1946999,6,103710,102895
ERR1946999,7,105106,103721
ERR1946999,8,106559,105123
ERR1946999,9,108292,106781
ERR1946999,10,108436,109626
ERR1946999,11,110591,109623
ERR1946999,12,111958,110786
ERR1946999,1,26722,27090
ERR1946999,2,28012,27158
ERR1946999,3,28502,28041
ERR1946999,4,29525,28608
ERR1946999,5,30219,29593
ERR1946999,6,30219,29593
ERR1946999,7,30347,31594
ERR1946999,8,32140,33444
ERR1946999,9,32140,33444
ERR1946999,1,91793,92542
ERR1946999,2,92560,93492
ERR1946999,3,93858,96572
ERR1946999,1,54,548
ERR1946999,2,1136,594
ERR1946999,3,1753,1271
ERR1946999,4,2285,1755
ERR1946999,5,5115,2278
ERR1946999,6,6178,5177
ERR1946999,7,6178,5177
ERR1946999,1,25278,24535
ERR1946999,2,24506,22773
ERR1946999,3,22752,22507
ERR1946999,4,22487,21057
ERR1946999,5,21022,20168
ERR1946999,6,20166,19327
ERR1946999,7,19330,18332
ERR1946999,8,18348,18067
ERR1946999,9,16741,18027
ERR1946999,10,16195,14018
ERR1946999,11,16195,14018
ERR1946999,12,12542,13960
ERR1946999,13,12128,11943
ERR1946999,14,11857,11630
ERR1946999,1,253554,252217
ERR1946999,2,252239,251385
ERR1946999,3,251376,250954
ERR1946999,4,250780,250950
ERR1946999,5,248868,250112
ERR1946999,6,248729,247809
ERR1946999,7,246925,247812
ERR1946999,8,246925,247812
ERR1946999,1,21956,23200
ERR1946999,2,23209,24276
ERR1946999,4,25624,25208
ERR1946999,5,25777,26469
ERR1946999,6,27766,26561
ERR1946999,7,28473,27925
ERR1946999,8,28473,27925
ERR1946999,1,34294,35883
ERR1946999,2,36069,37313
ERR1946999,3,39486,37372
ERR1946999,4,40426,39764
ERR1946999,5,41445,40411
ERR1946999,6,41595,42857
ERR1946999,7,44259,42916
ERR1946999,8,44540,46570
ERR1946991,1,25165,26520
ERR1946991,2,24724,25044
ERR1946991,3,24090,24500
ERR1946991,4,23126,23872
ERR1946991,5,22362,23060
ERR1946991,6,21649,22362
ERR1946991,7,21469,20852
ERR1946991,1,143461,144114
ERR1946991,2,142771,143442
ERR1946991,3,141706,142422
ERR1946991,4,141351,141740
ERR1946991,5,141351,141740
ERR1946991,8,143461,144114
ERR1946991,1,155891,156409
ERR1946991,2,156403,157236
ERR1946991,3,157233,159731
ERR1946991,4,159728,160747
ERR1946991,5,161041,160805
ERR1946991,1,138660,139949
ERR1946991,2,137757,138614
ERR1946991,3,136088,137725
ERR1946991,4,135864,135376
ERR1946991,5,135140,134295
ERR1946991,1,215911,217368
ERR1946991,2,215129,215893
ERR1946991,3,215129,215893
ERR1946991,4,215911,217368
ERR1946991,1,51594,52919
ERR1946991,2,50481,51470
ERR1946991,3,50481,51470
ERR1946991,4,51594,52919
ERR1946991,5,51594,52919
ERR1946991,1,18379,16952
ERR1946991,2,18839,18369
ERR1946991,3,19539,18898
ERR1946991,4,19936,19508
ERR1946991,7,19936,19508
ERR1946991,10,18379,16952
ERR1946991,1,44383,43739
ERR1946991,2,43626,42706
ERR1946991,3,42512,41988
ERR1946991,4,41509,41991
ERR1946991,5,41405,40761
ERR1946991,6,39470,40714
ERR1946991,1,50131,51462
ERR1946991,2,52257,51514
ERR1946991,3,52948,52271
ERR1946991,4,53793,52951
ERR1946991,5,54781,53888
ERR1946991,1,152001,152384
ERR1946991,2,149775,151880
ERR1946991,3,149289,149567
ERR1946991,4,148587,149216
ERR1946991,5,148464,147514
ERR1946991,1,37233,36370
ERR1946991,2,35869,34607
ERR1946991,5,34332,34601
ERR1946991,1,96913,99129
ERR1946991,2,96913,99129
ERR1946991,3,96913,99129
ERR1946991,4,96913,99129
ERR1946991,5,96913,99129
ERR1946991,6,96913,99129
ERR1946991,1,84905,82071
ERR1946991,2,82015,81881
ERR1946991,3,81743,80460
ERR1946991,1,73207,74790
ERR1946991,2,72504,72947
ERR1946991,3,72504,72947
ERR1946991,4,73207,74790
ERR1946991,5,73207,74790
ERR1946991,1,1832,1212
ERR1946991,2,1999,3576
ERR1946991,3,3573,4661
ERR1946991,4,11401,10133
ERR1946991,1,94951,96453
ERR1946991,2,93814,94713
ERR1946991,3,92861,93784
ERR1946991,4,92653,91640
ERR1946991,1,2183,1932
ERR1946991,2,3717,2482
ERR1946991,3,4167,6437
ERR1946991,4,7054,6500
ERR1946991,1,6171,5209
ERR1946991,2,5212,3908
ERR1946991,3,3722,3865
ERR1946991,4,2231,3709
ERR1946991,1,85438,86154
ERR1946991,2,86187,87836
ERR1946991,3,88212,87859
ERR1946991,4,89726,88305
ERR1946991,1,192994,193908
ERR1946991,2,192893,191787
ERR1946991,3,191763,191473
ERR1946991,4,191312,190392
ERR1946991,1,119592,118294
ERR1946991,2,117855,118058
ERR1946991,3,117855,118058
ERR1946991,4,119592,118294
ERR1946991,1,286,723
ERR1946991,2,1166,738
ERR1946991,3,2418,1660
ERR1946991,4,2418,1660
ERR1946991,6,286,723
ERR1946991,1,14390,12819
ERR1946991,2,12666,11086
ERR1946991,3,10927,9638
ERR1946991,1,11222,9744
ERR1946991,2,11222,9744
ERR1946991,1,161707,160787
ERR1946991,2,160744,159932
ERR1946991,3,159012,159878
ERR1946991,4,158594,159007
ERR1946991,5,158176,158589
ERR1946991,6,157573,158040
ERR1946991,1,36763,37905
ERR1946991,2,35660,36679
ERR1946991,3,35499,33991
ERR1946991,1,32670,30823
ERR1946991,2,28656,30752
ERR1946991,1,7517,8680
ERR1946991,2,7517,8680
ERR1946991,1,13229,11901
ERR1946991,2,13229,11901
ERR1946991,3,13229,11901
ERR1946991,1,154143,153505
ERR1946991,2,153236,153436
ERR1946991,3,152526,153239
ERR1946991,4,152429,151527
ERR1946991,5,150240,151475
ERR1946991,1,58421,48894
ERR1946991,2,48653,48363
ERR1946991,3,48304,46670
ERR1946991,4,46120,46494
ERR1946991,1,72399,70675
ERR1946991,2,70675,70184
ERR1946991,3,70151,69135
ERR1946991,1,24476,23859
ERR1946991,2,23138,23743
ERR1946991,3,22318,23100
ERR1946991,4,22195,21629
ERR1946991,5,20475,21632
ERR1946991,1,20818,16994
ERR1946991,2,16992,15997
ERR1946991,3,15994,15227
ERR1946991,4,15210,14947
ERR1946991,1,52172,49737
ERR1946991,2,54038,52188
ERR1946991,1,30862,31329
ERR1946991,2,30396,28870
ERR1946991,3,28274,28861
ERR1946991,1,116767,117498
ERR1946991,2,115914,116609
ERR1946991,3,114892,115917
ERR1946991,4,113950,114816
ERR1946991,1,246696,245953
ERR1946991,2,245928,245536
ERR1946991,3,244488,245489
ERR1946991,4,243474,244376
ERR1946991,5,243474,244376
ERR1946991,1,14840,16219
ERR1946991,2,18365,16263
ERR1946991,1,40292,39411
ERR1946991,2,40389,41567
ERR1946991,4,41915,42325
ERR1946991,5,42326,42817
ERR1946991,1,36009,36695
ERR1946991,2,37693,37130
ERR1946991,1,76979,78409
ERR1946991,2,76738,76319
ERR1946991,3,76322,75837
ERR1946991,4,75837,74992
ERR1946991,5,75837,74992
ERR1946991,1,43838,43740
ERR1946991,2,45526,44294
ERR1946991,3,45526,44294
ERR1946991,4,43838,43740
ERR1946991,1,117420,116215
ERR1946991,2,117420,116215
ERR1946991,3,118469,117423
ERR1946991,1,250,849
ERR1946991,2,1599,907
ERR1946991,3,1599,907
ERR1946991,4,250,849
ERR1946991,1,141921,142910
ERR1946991,2,142898,143692
ERR1946991,3,143667,144266
ERR1946991,4,144263,144907
ERR1946991,1,57129,57881
ERR1946991,2,57878,58453
ERR1946991,3,57878,58453
ERR1946991,4,57129,57881
ERR1946991,1,36035,35607
ERR1946991,2,35449,34655
ERR1946991,3,35449,34655
ERR1946991,4,36035,35607
ERR1946991,5,36035,35607
ERR1946991,1,39277,38261
ERR1946991,2,41832,39274
ERR1946991,1,17845,18429
ERR1946991,2,17603,17262
ERR1946991,3,17603,17262
ERR1946991,4,17845,18429
ERR1946991,5,17845,18429
ERR1946991,1,117309,116716
ERR1946991,2,116665,116441
ERR1946991,3,116022,116216
ERR1946991,4,114767,116029
ERR1946991,1,33063,33923
ERR1946991,2,34543,33920
ERR1946991,3,34543,33920
ERR1946991,4,33063,33923
ERR1946991,1,96967,99276
ERR1946991,2,99361,99654
ERR1946991,3,99655,101178
ERR1946991,4,101175,101513
ERR1946991,1,145194,145556
ERR1946991,2,145720,146190
ERR1946991,3,145720,146190
ERR1946991,4,145194,145556
ERR1946991,2,148573,147737
ERR1946991,1,114261,114028
ERR1946991,2,113205,113876
ERR1946991,3,112897,112772
ERR1946991,4,112604,112215
ERR1946991,5,112177,111632
ERR1946991,1,860,579
ERR1946991,2,1519,1049
ERR1946991,3,1519,1049
ERR1946991,4,860,579
ERR1946991,5,860,579
ERR1946991,1,317,1303
ERR1946991,2,317,1303
ERR1946991,3,317,1303
ERR1946991,1,26106,25528
ERR1946991,2,24585,25448
ERR1946991,3,24476,23859
ERR1946991,1,12536,13657
ERR1946991,3,14588,14839
ERR1946991,6,15244,15966
ERR1946991,1,113811,112516
ERR1946991,2,114748,113930
ERR1946991,1,69679,68600
ERR1946991,2,69679,68600
ERR1946991,1,38472,37489
ERR1946991,2,36264,37463
ERR1946991,1,24405,25592
ERR1946991,2,25751,26662
ERR1946991,1,32357,32893
ERR1946991,2,32357,32893
ERR1946991,3,32357,32893
ERR1946991,4,32357,32893
ERR1946991,5,32357,32893
ERR1946991,6,32357,32893
ERR1946991,1,151162,149927
ERR1946991,2,152191,151175
ERR1946991,3,152659,152315
ERR1946991,1,15244,15966
ERR1946991,3,14588,14839
ERR1946991,1,154726,155262
ERR1946991,2,155337,155885
ERR1946991,3,155337,155885
ERR1946991,4,154726,155262
ERR1946991,5,154726,155262
ERR1946991,1,561,325
ERR1946991,2,1114,770
ERR1946991,3,1114,770
ERR1946991,4,561,325
ERR1946991,1,90231,89812
ERR1946991,2,91724,90423
ERR1946991,1,47842,48387
ERR1946991,2,48550,49299
ERR1946991,3,49800,49330
ERR1946991,1,110948,111565
ERR1946991,2,110948,111565
ERR1946991,1,56083,55319
ERR1946991,2,56083,55319
ERR1946991,1,318,821
ERR1946991,2,827,2050
ERR1946991,1,921,136
ERR1946991,2,2376,955
ERR1946991,1,75842,75711
ERR1946991,2,77134,76022
ERR1946991,1,45317,45808
ERR1946991,2,46386,47045
ERR1946991,1,38568,39059
ERR1946991,2,38256,37795
ERR1946991,3,38256,37795
ERR1946991,4,38568,39059
ERR1946991,1,45526,44294
ERR1946991,2,46821,45958
ERR1946991,1,93815,92958
ERR1946991,2,92077,92871
ERR1946991,1,42097,41180
ERR1946991,2,42097,41180
ERR1946991,1,3485,4576
ERR1946991,2,3485,4576
ERR1946991,3,3485,4576
ERR1946991,1,134786,134277
ERR1946991,2,134240,133317
ERR1946991,1,7060,5825
ERR1946991,2,7060,5825
ERR1946991,1,1419,1517
ERR1946991,2,784,1218
ERR1946991,3,170,622
ERR1946991,1,44161,44730
ERR1946991,2,44869,45888
ERR1946991,1,44260,45246
ERR1946991,2,45404,46543
ERR1946991,3,47342,46590
ERR1946991,4,47663,48892
ERR1946991,5,50080,48989
ERR1946991,6,51097,50093
ERR1946991,7,52539,51334
ERR1946991,8,53763,52576
ERR1946991,9,54630,53779
ERR1946991,10,55049,54660
ERR1946991,11,55344,55039
ERR1946991,1,2320,2204
ERR1946991,2,5119,2654
ERR1946991,3,5410,5132
ERR1946991,4,5529,5413
ERR1946991,5,5837,5532
ERR1946991,6,6215,5847
ERR1946991,7,6762,6208
ERR1946991,8,6968,6759
ERR1946991,9,7198,6971
ERR1946991,10,7198,6971
ERR1946991,1,57819,57451
ERR1946991,2,56663,57397
ERR1946991,3,54900,56630
ERR1946991,4,53745,54887
ERR1946991,5,52799,53737
ERR1946991,6,50774,52786
ERR1946991,7,48932,50752
ERR1946991,8,47129,48913
ERR1946991,1,107692,109101
ERR1946991,2,109162,111300
ERR1946991,3,112235,111357
ERR1946991,6,112235,111357
ERR1946991,8,107692,109101
ERR1946991,1,63512,61080
ERR1946991,2,64284,63598
ERR1946991,3,65557,64277
ERR1946991,4,66668,65760
ERR1946991,5,67146,66679
ERR1946991,6,67421,68362
ERR1946991,7,67421,68362
ERR1946991,1,57593,57276
ERR1946991,2,56992,56081
ERR1946991,3,55715,54483
ERR1946991,4,54448,53684
ERR1946991,5,53672,52866
ERR1946991,6,52833,51250
ERR1946991,7,51253,49532
ERR1946991,8,49230,48010
ERR1946991,1,16815,16192
ERR1946991,2,16021,13337
ERR1946991,3,13036,11741
ERR1946991,4,11661,10771
ERR1946991,5,10031,10762
ERR1946991,6,8663,9952
ERR1946991,7,6562,8349
ERR1946991,1,11335,9257
ERR1946991,2,12117,11440
ERR1946991,3,12194,13003
ERR1946991,4,15464,13005
ERR1946991,5,16160,15468
ERR1946991,6,16268,16828
ERR1946991,7,17475,16861
ERR1946991,8,17760,18785
ERR1946991,9,18812,19819
ERR1946991,1,53736,51640
ERR1946991,2,51359,51454
ERR1946991,3,51316,49088
ERR1946991,4,48605,49039
ERR1946991,5,47448,48605
ERR1946991,6,47448,48605
ERR1946991,1,162111,163097
ERR1946991,2,163094,163828
ERR1946991,3,163913,164149
ERR1946991,4,164340,164813
ERR1946991,5,165626,164859
ERR1946991,6,165724,166398
ERR1946991,7,167122,166463
ERR1946991,8,167540,169321
ERR1946991,9,169321,169881
ERR1946991,10,170317,169937
ERR1946991,11,171030,170449
ERR1946991,12,171347,171051
ERR1946991,13,172397,171447
ERR1946991,1,135762,135025
ERR1946991,2,135888,136808
ERR1946991,3,137706,136846
ERR1946991,4,138366,137740
ERR1946991,5,139391,138486
ERR1946991,6,139502,139933
ERR1946991,7,139947,140636
ERR1946991,8,142134,140644
ERR1946991,9,142250,142885
ERR1946991,10,142928,143521
ERR1946991,11,144716,143529
ERR1946991,1,24096,24749
ERR1946991,2,25645,24788
ERR1946991,4,27322,26378
ERR1946991,5,29281,27329
ERR1946991,6,29729,29274
ERR1946991,7,29868,30776
ERR1946991,8,30888,31196
ERR1946991,9,31294,31737
ERR1946991,10,32434,31730
ERR1946991,11,32753,32535
ERR1946991,12,33007,33459
ERR1946991,13,34430,33510
ERR1946991,1,6336,7286
ERR1946991,3,8724,8206
ERR1946991,1,4718,3924
ERR1946991,2,5798,4725
ERR1946991,3,6098,7345
ERR1946991,4,8635,7466
ERR1946991,5,8635,7466
ERR1946991,8,4718,3924
ERR1946991,1,31697,32758
ERR1946991,2,32783,34330
ERR1946991,3,34485,35306
ERR1946991,4,35303,36889
ERR1946991,5,36886,38214
ERR1946991,6,38207,39370
ERR1946991,7,39500,40468
ERR1946991,8,40480,41124
ERR1946991,9,41599,41159
ERR1946991,1,86205,86669
ERR1946991,2,86014,85712
ERR1946991,3,85475,84102
ERR1946991,4,85475,84102
ERR1946991,6,86205,86669
ERR1946991,7,86205,86669
ERR1946991,9,85475,84102
ERR1946991,10,85475,84102
ERR1946991,12,86205,86669
ERR1946991,1,69364,70110
ERR1946991,2,67950,69356
ERR1946991,3,66659,67909
ERR1946991,4,66512,66063
ERR1946991,5,66018,65482
ERR1946991,7,66018,65482
ERR1946991,1,41827,41381
ERR1946991,2,40464,41369
ERR1946991,3,40309,39560
ERR1946991,4,39511,38183
ERR1946991,5,38163,37318
ERR1946991,6,37307,36303
ERR1946991,7,32536,36222
ERR1946991,1,83881,82589
ERR1946991,2,82567,81362
ERR1946991,3,80019,81242
ERR1946991,4,79847,78882
ERR1946991,5,79847,78882
ERR1946991,8,83881,82589
ERR1946991,1,152375,153109
ERR1946991,2,153200,154480
ERR1946991,3,154482,155639
ERR1946991,4,155636,156385
ERR1946991,5,156386,157030
ERR1946991,6,158017,157094
ERR1946991,7,158655,158059
ERR1946991,8,159419,158652
ERR1946991,9,160289,159672
ERR1946991,10,161041,160379
ERR1946991,11,161138,161698
ERR1946991,12,161773,161958
ERR1946991,1,58923,56167
ERR1946991,2,59860,59048
ERR1946991,3,60804,59860
ERR1946991,4,61731,60889
ERR1946991,5,63393,61801
ERR1946991,6,64461,63598
ERR1946991,7,64777,65364
ERR1946991,1,58704,60380
ERR1946991,3,60468,62006
ERR1946991,4,62071,63483
ERR1946991,5,63535,64740
ERR1946991,6,64718,65671
ERR1946991,7,65925,67751
ERR1946991,1,17675,18076
ERR1946991,2,19925,18144
ERR1946991,3,20231,22306
ERR1946991,4,22680,23591
ERR1946991,5,23600,24358
ERR1946991,6,24355,24639
ERR1946991,7,24636,25790
ERR1946991,8,25807,26859
ERR1946991,1,24025,22670
ERR1946991,2,21632,22507
ERR1946991,3,20431,21429
ERR1946991,4,19491,20384
ERR1946991,5,18514,19332
ERR1946991,6,18158,17358
ERR1946991,7,17252,16260
ERR1946991,8,15183,16217
ERR1946991,9,15019,14321
ERR1946991,1,77309,76668
ERR1946991,2,78828,77896
ERR1946991,3,80164,78959
ERR1946991,4,81675,80815
ERR1946991,5,81794,82261
ERR1946991,6,82536,85181
ERR1946991,7,85201,85776
ERR1946991,1,17169,17576
ERR1946991,2,18709,17630
ERR1946991,3,19331,18741
ERR1946991,4,20091,19444
ERR1946991,5,21528,20110
ERR1946991,6,21528,20110
ERR1946991,1,101318,100581
ERR1946991,2,99651,100541
ERR1946991,3,99455,98769
ERR1946991,4,98658,96784
ERR1946991,5,96726,96565
ERR1946991,6,96068,96496
ERR1946991,7,95983,95654
ERR1946991,8,95549,94515
ERR1946991,9,93522,94424
ERR1946991,10,93420,92860
ERR1946991,11,92860,92339
ERR1946991,12,92161,90596
ERR1946991,1,21766,22020
ERR1946991,2,22138,22998
ERR1946991,3,24637,23987
ERR1946991,4,24820,25305
ERR1946991,5,25391,27685
ERR1946991,6,28199,30355
ERR1946991,7,31474,30422
ERR1946991,1,32964,33704
ERR1946991,2,33756,36293
ERR1946991,3,36290,37309
ERR1946991,4,36290,37309
ERR1946991,6,32964,33704
ERR1946991,1,110751,109285
ERR1946991,3,107597,106557
ERR1946991,4,106547,105753
ERR1946991,5,105756,104887
ERR1946991,6,104878,103997
ERR1946991,7,103195,103929
ERR1946991,8,101729,103198
ERR1946991,1,36508,37629
ERR1946991,2,35986,36498
ERR1946991,3,35437,35802
ERR1946991,4,35198,33825
ERR1946991,5,32505,33755
ERR1946991,6,32369,31773
ERR1946991,7,31454,30498
ERR1946991,8,30309,29944
ERR1946991,9,29922,28762
ERR1946991,1,32357,32893
ERR1946991,2,31911,31561
ERR1946991,3,31497,31285
ERR1946991,4,30249,31238
ERR1946991,5,29061,30149
ERR1946991,6,29032,27572
ERR1946991,7,27015,27560
ERR1946991,8,26785,26192
ERR1946991,9,26195,25650
ERR1946991,10,24757,25581
ERR1946991,11,24358,23798
ERR1946991,12,23549,23734
ERR1946991,1,55053,54355
ERR1946991,2,56267,55074
ERR1946991,3,56403,57473
ERR1946991,4,57470,58099
ERR1946991,5,58972,58163
ERR1946991,6,60088,58991
ERR1946991,7,60168,61127
ERR1946991,8,63512,61080
ERR1946991,1,38740,40077
ERR1946991,2,40242,41915
ERR1946991,3,42985,41957
ERR1946991,4,44115,42985
ERR1946991,5,45154,44120
ERR1946991,6,45677,45174
ERR1946991,7,47222,45978
ERR1946991,1,26953,29382
ERR1946991,2,29684,30163
ERR1946991,3,30276,31052
ERR1946991,4,30276,31052
ERR1946991,6,26953,29382
ERR1946991,1,75250,76692
ERR1946991,2,77190,76747
ERR1946991,3,79409,77316
ERR1946991,4,79409,77316
ERR1946991,6,75250,76692
ERR1946991,1,47181,42676
ERR1946991,2,42531,42172
ERR1946991,3,41913,39274
ERR1946991,4,41913,39274
ERR1946991,5,39045,38611
ERR1946991,1,322,909
ERR1946991,2,1002,1400
ERR1946991,3,1400,1906
ERR1946991,4,1903,2265
ERR1946991,1,9972,8260
ERR1946991,2,8216,7857
ERR1946991,3,7793,6924
ERR1946991,4,6068,6895
ERR1946991,5,4877,6034
ERR1946991,6,4468,4725
ERR1946991,7,4149,1543
ERR1946991,1,33931,35802
ERR1946991,2,36032,37141
ERR1946991,3,38147,37197
ERR1946991,4,38147,37197
ERR1946991,6,33931,35802
ERR1946991,1,46347,43678
ERR1946991,2,43568,42852
ERR1946991,3,42808,41930
ERR1946991,4,41914,41492
ERR1946991,5,41472,41059
ERR1946991,6,40543,40992
ERR1946991,7,38275,40440
ERR1946991,1,84694,85131
ERR1946991,2,85516,85187
ERR1946991,3,85598,86314
ERR1946991,4,88035,86311
ERR1946991,5,89687,88032
ERR1946991,6,89687,88032
ERR1946991,1,78591,77557
ERR1946991,2,80119,79364
ERR1946991,3,82057,81167
ERR1946991,4,83051,82125
ERR1946991,5,85826,83076
ERR1946991,6,87163,85895
ERR1946991,1,130041,131399
ERR1946991,2,131444,132706
ERR1946991,3,133913,132807
ERR1946991,4,137865,134008
ERR1946991,1,105626,104040
ERR1946991,2,104043,102898
ERR1946991,3,102884,102783
ERR1946991,4,102779,102483
ERR1946991,5,101946,102470
ERR1946991,6,101202,101873
ERR1946991,7,100380,100976
ERR1946991,8,99084,100190
ERR1946991,9,98650,98976
ERR1946991,10,98190,98549
ERR1946991,11,97974,97741
ERR1946991,1,12235,11558
ERR1946991,2,12446,13423
ERR1946991,3,13495,14814
ERR1946991,4,15579,14881
ERR1946991,5,16241,15783
ERR1946991,6,16685,16251
ERR1946991,7,16785,17717
ERR1946991,8,19161,17818
ERR1946991,9,19458,20336
ERR1946991,1,17845,18429
ERR1946991,2,19320,18541
ERR1946991,3,26175,19378
ERR1946991,4,26175,19378
ERR1946991,1,9053,7995
ERR1946991,2,6988,7935
ERR1946991,3,6404,6934
ERR1946991,4,5137,6375
ERR1946991,5,4308,5093
ERR1946991,6,3045,4295
ERR1946991,1,69393,70262
ERR1946991,2,69353,68892
ERR1946991,3,68792,68202
ERR1946991,4,66992,68098
ERR1946991,5,66324,66737
ERR1946991,6,66036,66305
ERR1946991,7,66036,66305
ERR1946991,1,66145,65582
ERR1946991,2,66145,65582
ERR1946991,3,68804,66750
ERR1946991,4,68804,66750
ERR1946991,5,68804,66750
ERR1946991,6,68804,66750
ERR1946991,7,66145,65582
ERR1946991,8,66145,65582
ERR1946991,1,2079,3014
ERR1946991,2,3980,3072
ERR1946991,3,4398,5081
ERR1946991,4,5250,6182
ERR1946991,5,6179,7282
ERR1946991,6,7283,7513
ERR1946991,7,7513,8775
ERR1946991,8,8820,9572
ERR1946991,1,89552,89307
ERR1946991,2,88809,89273
ERR1946991,3,88680,87820
ERR1946991,4,87595,84737
ERR1946991,5,84722,83775
ERR1946991,6,83788,82070
ERR1946991,1,34383,33250
ERR1946991,2,33169,32603
ERR1946991,3,31948,32568
ERR1946991,4,30887,31687
ERR1946991,5,30076,30873
ERR1946991,6,28904,30079
ERR1946991,7,27894,28877
ERR1946991,8,26854,27822
ERR1946991,1,130715,130503
ERR1946991,2,130273,128084
ERR1946991,3,127384,128034
ERR1946991,4,127345,126521
ERR1946991,5,126065,125715
ERR1946991,6,125240,125677
ERR1946991,7,125090,124179
ERR1946991,8,124003,122810
ERR1946991,1,3191,5038
ERR1946991,2,5038,5478
ERR1946991,3,5587,6612
ERR1946991,4,6651,7025
ERR1946991,5,6651,7025
ERR1946991,8,3191,5038
ERR1946991,1,97254,96829
ERR1946991,2,96688,96257
ERR1946991,3,94998,96206
ERR1946991,4,94770,94429
ERR1946991,5,94059,94382
ERR1946991,6,94059,94382
ERR1946991,1,13482,12034
ERR1946991,2,11865,11527
ERR1946991,3,11387,11136
ERR1946991,4,11129,9873
ERR1946991,5,9873,9190
ERR1946991,6,9117,7795
ERR1946991,7,7725,6640
ERR1946991,8,5248,6636
ERR1946991,1,56841,57584
ERR1946991,2,57584,58420
ERR1946991,3,58462,60738
ERR1946991,4,60779,61408
ERR1946991,5,61474,62142
ERR1946991,6,62251,63744
ERR1946991,7,64141,63749
ERR1946991,1,60068,59652
ERR1946991,2,59573,59022
ERR1946991,3,57577,58929
ERR1946991,4,56432,57457
ERR1946991,5,55646,56419
ERR1946991,6,54497,55624
ERR1946991,7,52836,54485
ERR1946991,8,51864,52754
ERR1946991,1,53475,54812
ERR1946991,2,55398,54886
ERR1946991,3,55620,56168
ERR1946991,4,57834,56221
ERR1946991,5,58773,57865
ERR1946991,6,58864,58766
ERR1946991,7,1630,188
ERR1946991,1,9017,8427
ERR1946991,2,7489,8397
ERR1946991,3,6538,7482
ERR1946991,4,5302,6483
ERR1946991,5,5045,5209
ERR1946991,6,4601,4164
ERR1946991,7,3606,4094
ERR1946991,8,3349,1820
ERR1946991,1,96771,89836
ERR1946991,2,89687,88032
ERR1946991,1,38902,39807
ERR1946991,2,40432,39857
ERR1946991,3,43600,40505
ERR1946991,4,43864,45006
ERR1946991,5,45980,45051
ERR1946991,1,108558,109931
ERR1946991,2,108410,106935
ERR1946991,3,108410,106935
ERR1946991,4,108558,109931
ERR1946991,1,74927,74295
ERR1946991,2,73011,74237
ERR1946991,3,70379,73042
ERR1946991,4,69143,70351
ERR1946991,5,68642,69031
ERR1946991,1,41098,40088
ERR1946991,2,39974,39600
ERR1946991,3,38258,39550
ERR1946991,4,38258,39550
ERR1946991,6,41098,40088
ERR1946991,1,8903,11635
ERR1946991,2,11715,14414
ERR1946991,3,15094,14510
ERR1946991,1,74019,72565
ERR1946991,2,71339,72517
ERR1946991,3,71339,72517
ERR1946991,4,74019,72565
ERR1946991,1,8828,9331
ERR1946991,2,10756,9386
ERR1946991,3,11192,10773
ERR1946991,4,11665,11210
ERR1946991,5,13229,11901
ERR1946991,6,14573,13563
ERR1946991,7,15164,14574
ERR1946991,1,73937,74812
ERR1946991,2,71930,73771
ERR1946991,3,69625,71853
ERR1946991,4,69476,68271
ERR1946991,1,78625,80061
ERR1946991,2,80275,80096
ERR1946991,3,80483,81718
ERR1946991,5,78625,80061
ERR1946999,1,46347,43678
ERR1946999,2,43568,42852
ERR1946999,3,42808,41930
ERR1946999,4,41914,41492
ERR1946999,5,41472,41059
ERR1946999,6,40543,40992
ERR1946999,7,38275,40440
ERR1946999,1,12158,11721
ERR1946999,2,11336,11665
ERR1946999,3,11254,10538
ERR1946999,4,8817,10541
ERR1946999,5,7165,8820
ERR1946999,6,7165,8820
ERR1946999,1,31621,32655
ERR1946999,2,30093,30848
ERR1946999,3,28155,29045
ERR1946999,4,27161,28087
ERR1946999,5,24386,27136
ERR1946999,6,23049,24317
ERR1946999,1,130041,131399
ERR1946999,2,131444,132706
ERR1946999,3,133913,132807
ERR1946999,4,137865,134008
ERR1946999,1,105635,104049
ERR1946999,2,104052,102907
ERR1946999,3,102893,102792
ERR1946999,4,102788,102492
ERR1946999,5,101955,102479
ERR1946999,6,101211,101882
ERR1946999,7,100389,100985
ERR1946999,8,99093,100199
ERR1946999,9,98659,98985
ERR1946999,10,98199,98558
ERR1946999,11,97983,97750
ERR1946999,1,62325,63002
ERR1946999,2,62114,61137
ERR1946999,3,61065,59746
ERR1946999,4,58981,59679
ERR1946999,5,58319,58777
ERR1946999,6,57875,58309
ERR1946999,7,57775,56843
ERR1946999,8,55399,56742
ERR1946999,9,55102,54224
ERR1946999,1,41382,40798
ERR1946999,2,39907,40686
ERR1946999,3,33052,39849
ERR1946999,4,33052,39849
ERR1946999,1,33550,34608
ERR1946999,2,35615,34668
ERR1946999,3,36199,35669
ERR1946999,4,37466,36228
ERR1946999,5,38295,37510
ERR1946999,6,39558,38308
ERR1946999,1,69393,70262
ERR1946999,2,69353,68892
ERR1946999,3,68792,68202
ERR1946999,4,66992,68098
ERR1946999,5,66324,66737
ERR1946999,6,66036,66305
ERR1946999,7,66036,66305
ERR1946999,1,66145,65582
ERR1946999,2,66145,65582
ERR1946999,3,68804,66750
ERR1946999,4,68804,66750
ERR1946999,5,68804,66750
ERR1946999,6,68804,66750
ERR1946999,7,66145,65582
ERR1946999,8,66145,65582
ERR1946999,1,2079,3014
ERR1946999,2,3980,3072
ERR1946999,3,4398,5081
ERR1946999,4,5250,6182
ERR1946999,5,6179,7282
ERR1946999,6,7283,7513
ERR1946999,7,7513,8775
ERR1946999,8,8820,9572
ERR1946999,1,89561,89316
ERR1946999,2,88818,89282
ERR1946999,3,88689,87829
ERR1946999,4,87604,84746
ERR1946999,5,84731,83784
ERR1946999,6,83797,82079
ERR1946999,1,6387,7520
ERR1946999,2,7601,8167
ERR1946999,3,8822,8202
ERR1946999,4,9883,9083
ERR1946999,5,10694,9897
ERR1946999,6,11866,10691
ERR1946999,7,12876,11893
ERR1946999,8,13916,12948
ERR1946999,1,130715,130503
ERR1946999,2,130273,128084
ERR1946999,3,127384,128034
ERR1946999,4,127345,126521
ERR1946999,5,126065,125715
ERR1946999,6,125240,125677
ERR1946999,7,125090,124179
ERR1946999,8,124003,122810
ERR1946999,1,88103,86256
ERR1946999,2,86256,85816
ERR1946999,3,85707,84682
ERR1946999,4,84643,84269
ERR1946999,5,84643,84269
ERR1946999,8,88103,86256
ERR1946999,1,97263,96838
ERR1946999,2,96697,96266
ERR1946999,3,95007,96215
ERR1946999,4,94779,94438
ERR1946999,5,94068,94391
ERR1946999,6,94068,94391
ERR1946999,1,359,1807
ERR1946999,2,1976,2314
ERR1946999,3,2454,2705
ERR1946999,4,2712,3968
ERR1946999,5,3968,4651
ERR1946999,6,4724,6046
ERR1946999,7,6116,7201
ERR1946999,8,8593,7205
ERR1946999,1,7698,6955
ERR1946999,2,6955,6119
ERR1946999,3,6077,3801
ERR1946999,4,3760,3131
ERR1946999,5,3065,2397
ERR1946999,6,2288,795
ERR1946999,7,398,790
ERR1946999,1,100578,100162
ERR1946999,2,100083,99532
ERR1946999,3,98087,99439
ERR1946999,4,96942,97967
ERR1946999,5,96156,96929
ERR1946999,6,95007,96134
ERR1946999,7,93346,94995
ERR1946999,8,92374,93264
ERR1946999,1,5752,4415
ERR1946999,2,3829,4341
ERR1946999,3,3607,3059
ERR1946999,4,1393,3006
ERR1946999,5,454,1362
ERR1946999,6,363,461
ERR1946999,7,1676,234
ERR1946999,1,9063,8473
ERR1946999,2,7535,8443
ERR1946999,3,6584,7528
ERR1946999,4,5348,6529
ERR1946999,5,5091,5255
ERR1946999,6,4647,4210
ERR1946999,7,3652,4140
ERR1946999,8,3395,1866
ERR1946999,1,3,7016
ERR1946999,2,7165,8820
ERR1946999,1,57950,57045
ERR1946999,2,56420,56995
ERR1946999,3,53252,56347
ERR1946999,4,52988,51846
ERR1946999,5,50872,51801
ERR1946999,1,1654,281
ERR1946999,2,1802,3277
ERR1946999,3,1802,3277
ERR1946999,4,1654,281
ERR1946999,1,16367,16999
ERR1946999,2,18283,17057
ERR1946999,3,20915,18252
ERR1946999,4,22151,20943
ERR1946999,5,22652,22263
ERR1946999,1,41098,40088
ERR1946999,2,39974,39600
ERR1946999,3,38258,39550
ERR1946999,4,38258,39550
ERR1946999,6,41098,40088
ERR1946999,1,8903,11635
ERR1946999,2,11715,14414
ERR1946999,3,15094,14510
ERR1946999,1,74028,72574
ERR1946999,2,71348,72526
ERR1946999,3,71348,72526
ERR1946999,4,74028,72574
ERR1946999,1,8828,9331
ERR1946999,2,10756,9386
ERR1946999,3,11192,10773
ERR1946999,4,11665,11210
ERR1946999,5,13229,11901
ERR1946999,6,14573,13563
ERR1946999,7,15164,14574
ERR1946999,1,98363,97488
ERR1946999,2,100370,98529
ERR1946999,3,102675,100447
ERR1946999,4,102824,104029
ERR1946999,1,3716,2280
ERR1946999,2,2066,2245
ERR1946999,3,1858,623
ERR1946999,5,3716,2280
ERR1946999,1,15605,14250
ERR1946999,2,16046,15726
ERR1946999,3,16680,16270
ERR1946999,4,17644,16898
ERR1946999,5,18408,17710
ERR1946999,6,19121,18408
ERR1946999,7,19301,19918
ERR1946999,1,143470,144123
ERR1946999,2,142780,143451
ERR1946999,3,141715,142431
ERR1946999,4,141360,141749
ERR1946999,5,141360,141749
ERR1946999,8,143470,144123
ERR1946999,1,155891,156409
ERR1946999,2,156403,157236
ERR1946999,3,157233,159731
ERR1946999,4,159728,160747
ERR1946999,5,161041,160805
ERR1946999,1,138669,139958
ERR1946999,2,137766,138623
ERR1946999,3,136097,137734
ERR1946999,4,135873,135385
ERR1946999,5,135149,134304
ERR1946999,1,215911,217368
ERR1946999,2,215129,215893
ERR1946999,3,215129,215893
ERR1946999,4,215911,217368
ERR1946999,1,7633,6308
ERR1946999,2,8746,7757
ERR1946999,3,8746,7757
ERR1946999,4,7633,6308
ERR1946999,5,7633,6308
ERR1946999,1,61539,62966
ERR1946999,2,61079,61549
ERR1946999,3,60379,61020
ERR1946999,4,59982,60410
ERR1946999,7,59982,60410
ERR1946999,10,61539,62966
ERR1946999,1,44392,43739
ERR1946999,2,43626,42706
ERR1946999,3,42512,41988
ERR1946999,4,41509,41991
ERR1946999,5,41405,40761
ERR1946999,6,39470,40714
ERR1946999,1,41163,39832
ERR1946999,2,39037,39780
ERR1946999,3,38346,39023
ERR1946999,4,37501,38343
ERR1946999,5,36513,37406
ERR1946999,1,152001,152384
ERR1946999,2,149775,151880
ERR1946999,3,149289,149567
ERR1946999,4,148587,149216
ERR1946999,5,148464,147514
ERR1946999,1,42685,43548
ERR1946999,2,44049,45311
ERR1946999,5,45586,45317
ERR1946999,1,96913,99129
ERR1946999,2,96913,99129
ERR1946999,3,96913,99129
ERR1946999,4,96913,99129
ERR1946999,5,96913,99129
ERR1946999,6,96913,99129
ERR1946999,1,84896,82062
ERR1946999,2,82006,81872
ERR1946999,3,81734,80451
ERR1946999,1,6711,5128
ERR1946999,2,7414,6971
ERR1946999,3,7414,6971
ERR1946999,4,6711,5128
ERR1946999,5,6711,5128
ERR1946999,1,72728,73348
ERR1946999,2,72561,70984
ERR1946999,3,70987,69899
ERR1946999,4,63159,64427
ERR1946999,1,94951,96453
ERR1946999,2,93814,94713
ERR1946999,3,92861,93784
ERR1946999,4,92653,91640
ERR1946999,1,8962,9213
ERR1946999,2,7428,8663
ERR1946999,3,6978,4708
ERR1946999,4,4091,4645
ERR1946999,1,6171,5209
ERR1946999,2,5212,3908
ERR1946999,3,3722,3865
ERR1946999,4,2231,3709
ERR1946999,1,85429,86145
ERR1946999,2,86178,87827
ERR1946999,3,88203,87850
ERR1946999,4,89717,88296
ERR1946999,1,193003,193917
ERR1946999,2,192902,191796
ERR1946999,3,191772,191482
ERR1946999,4,191321,190401
ERR1946999,1,2569,3867
ERR1946999,2,4306,4103
ERR1946999,3,4306,4103
ERR1946999,4,2569,3867
ERR1946999,1,175312,174875
ERR1946999,2,174432,174860
ERR1946999,3,173180,173938
ERR1946999,4,173180,173938
ERR1946999,6,175312,174875
ERR1946999,1,14390,12819
ERR1946999,2,12666,11086
ERR1946999,3,10927,9638
ERR1946999,1,85630,87108
ERR1946999,2,85630,87108
ERR1946999,1,161716,160796
ERR1946999,2,160753,159941
ERR1946999,3,159021,159887
ERR1946999,4,158603,159016
ERR1946999,5,158185,158598
ERR1946999,6,157582,158049
ERR1946999,1,36763,37905
ERR1946999,2,35660,36679
ERR1946999,3,35499,33991
ERR1946999,1,32671,30824
ERR1946999,2,28657,30753
ERR1946999,1,7517,8680
ERR1946999,2,7517,8680
ERR1946999,1,13229,11901
ERR1946999,2,13229,11901
ERR1946999,3,13229,11901
ERR1946999,1,154143,153505
ERR1946999,2,153236,153436
ERR1946999,3,152526,153239
ERR1946999,4,152429,151527
ERR1946999,5,150240,151475
ERR1946999,1,38431,47958
ERR1946999,2,48199,48489
ERR1946999,3,48548,50182
ERR1946999,4,50732,50358
ERR1946999,1,72399,70675
ERR1946999,2,70675,70184
ERR1946999,3,70151,69135
ERR1946999,1,72376,72993
ERR1946999,2,73714,73109
ERR1946999,3,74534,73752
ERR1946999,4,74657,75223
ERR1946999,5,76377,75220
ERR1946999,1,20818,16994
ERR1946999,2,16992,15997
ERR1946999,3,15994,15227
ERR1946999,4,15210,14947
ERR1946999,1,123426,125861
ERR1946999,2,121560,123410
ERR1946999,1,11741,11274
ERR1946999,2,12207,13733
ERR1946999,3,14329,13742
ERR1946999,1,5394,4663
ERR1946999,2,6247,5552
ERR1946999,3,7269,6244
ERR1946999,4,8211,7345
ERR1946999,1,246696,245953
ERR1946999,2,245928,245536
ERR1946999,3,244488,245489
ERR1946999,4,243474,244376
ERR1946999,5,243474,244376
ERR1946999,1,14840,16219
ERR1946999,2,18365,16263
ERR1946999,1,42049,42930
ERR1946999,2,41952,40774
ERR1946999,4,40426,40016
ERR1946999,5,40015,39524
ERR1946999,1,36010,36696
ERR1946999,2,37694,37131
ERR1946999,1,14315,12885
ERR1946999,2,14556,14975
ERR1946999,3,14972,15457
ERR1946999,4,15457,16302
ERR1946999,5,15457,16302
ERR1946999,1,47456,47554
ERR1946999,2,45768,47000
ERR1946999,3,45768,47000
ERR1946999,4,47456,47554
ERR1417339,1,6755,5109
ERR1417339,2,2342,5056
ERR1417339,3,1044,1976
ERR1417339,4,277,1026
ERR1417339,1,3,407
ERR1417339,2,850,422
ERR1417339,3,2102,1344
ERR1417339,1,4127,4495
ERR1417339,2,2323,4110
ERR1417339,3,1060,2235
ERR1417339,4,948,10
ERR1417339,1,17178,18392
ERR1417339,2,17098,15971
ERR1417339,3,15843,14998
ERR1417339,4,14606,14941
ERR1417339,5,13477,14481
ERR1417339,6,12202,13134
ERR1417339,7,10295,11299
ERR1417339,8,10038,8107
ERR1417339,9,7856,7299
ERR1417339,10,6821,7213
ERR1417339,11,4315,6783
ERR1417339,12,3180,4262
ERR1417339,13,2017,3165
ERR1417339,14,522,1919
ERR1417339,1,38610,39620
ERR1417339,2,38510,38133
ERR1417339,3,37985,37536
ERR1417339,4,37500,34864
ERR1417339,5,34776,34018
ERR1417339,6,33880,33308
ERR1417339,7,33191,31212
ERR1417339,8,31138,30899
ERR1417339,9,30891,30724
ERR1417339,10,30607,30104
ERR1417339,11,29991,29713
ERR1417339,12,27966,29675
ERR1417339,13,27662,27817
ERR1417339,14,27413,27649
ERR1417339,15,25797,27245
ERR1417339,16,25684,24992
ERR1417339,17,24917,24054
ERR1417339,18,23662,22907
ERR1417339,19,22862,22242
ERR1417339,20,22242,21838
ERR1417339,21,21256,21777
ERR1417339,22,20100,21155
ERR1417339,23,19576,20085
ERR1417339,24,18689,19531
ERR1417339,25,18157,18522
ERR1417339,26,17787,18146
ERR1417339,27,16895,17713
ERR1417339,28,16801,16022
ERR1417339,29,13786,15978
ERR1417339,30,11397,13577
ERR1417339,31,10454,11224
ERR1417339,32,10020,10457
ERR1417339,33,9790,10008
ERR1417339,34,9537,8662
ERR1417339,35,7840,8466
ERR1417339,36,7128,7670
ERR1417339,37,6493,7086
ERR1417339,38,5333,6493
ERR1417339,39,3552,5249
ERR1417339,40,2410,3093
ERR1417339,41,1,2304
ERR1417339,1,403,906
ERR1417339,2,912,1964
ERR1417339,1,9322,8888
ERR1417339,2,8154,8708
ERR1417339,3,7897,6398
ERR1417339,4,6396,4021
ERR1417339,5,4014,3031
ERR1417339,6,2325,3020
ERR1417339,7,1509,2315
ERR1417339,8,444,1499
ERR1417339,1,215,814
ERR1417339,2,1564,872
ERR1417339,1,9322,8888
ERR1417339,2,8154,8708
ERR1417339,3,7897,6398
ERR1417339,4,6396,4021
ERR1417339,5,4014,3031
ERR1417339,6,2325,3020
ERR1417339,7,1509,2315
ERR1417339,8,444,1499
ERR1417339,1,215,814
ERR1417339,2,1564,872
ERR1417339,1,1503,1078
ERR1417339,2,916,476
ERR1417339,3,273,175
