4693	1770	-5.705E+02	0.994	1.692E-248	0	354	356	0	354	356	355M
4693	4693	-5.727E+02	1.00	1.864E-249	0	355	356	0	355	356	356M
4693	8492	-5.730E+02	1.00	1.360E-249	0	354	356	0	354	356	355M
4694	1771	-3.989E+02	1.00	5.525E-174	0	276	278	0	276	278	277M
4694	4694	-3.986E+02	1.00	7.572E-174	0	277	278	0	277	278	278M
4694	8493	-3.989E+02	1.00	5.525E-174	0	276	278	0	276	278	277M
4695	1772	-4.550E+02	1.00	2.514E-198	0	284	286	0	284	286	285M
4695	4695	-4.547E+02	1.00	3.446E-198	0	285	286	0	285	286	286M
4695	8494	-4.550E+02	1.00	2.514E-198	0	284	286	0	284	286	285M
4696	1773	-3.183E+02	0.980	5.578E-139	0	200	202	0	200	202	201M
4696	4696	-3.243E+02	1.00	1.392E-141	0	201	202	0	201	202	202M
4696	8495	-3.246E+02	1.00	1.015E-141	0	200	202	0	200	202	201M
4697	1774	-2.492E+02	0.988	5.789E-109	0	174	176	0	174	176	175M
4697	4697	-2.518E+02	1.00	4.638E-110	0	175	176	0	175	176	176M
4697	8496	-2.521E+02	1.00	3.383E-110	0	174	176	0	174	176	175M
4698	1775	-1.154E+02	1.00	7.447E-51	0	80	82	0	80	82	81M
4698	4698	-1.151E+02	1.00	1.022E-50	0	81	82	0	81	82	82M
4698	8497	-1.154E+02	1.00	7.447E-51	0	80	82	0	80	82	81M
4699	1776	-4.936E+02	1.00	4.175E-215	0	327	329	0	327	329	328M
4699	4699	-4.933E+02	1.00	5.722E-215	0	328	329	0	328	329	329M
4699	8498	-4.936E+02	1.00	4.175E-215	0	327	329	0	327	329	328M
4700	1777	-3.345E+02	1.00	5.523E-146	0	219	221	0	219	221	220M
4700	4700	-3.342E+02	1.00	7.570E-146	0	220	221	0	220	221	221M
4700	8499	-3.345E+02	1.00	5.523E-146	0	219	221	0	219	221	220M
4701	1778	-7.084E+02	0.998	0.000E+00	0	660	662	0	660	662	661M
4701	4701	-7.084E+02	1.00	0.000E+00	0	661	662	0	661	662	662M
4701	8500	-7.084E+02	1.00	0.000E+00	0	660	662	0	660	662	661M
4702	1779	-7.084E+02	0.997	0.000E+00	0	482	484	0	482	484	483M
4702	4702	-7.084E+02	1.00	0.000E+00	0	483	484	0	483	484	484M
4702	8501	-7.084E+02	1.00	0.000E+00	0	482	484	0	482	484	483M
4703	1780	-5.343E+02	1.00	9.382E-233	0	361	363	0	361	363	362M
4703	4703	-5.339E+02	1.00	1.286E-232	0	362	363	0	362	363	363M
4703	8502	-5.343E+02	1.00	9.382E-233	0	361	363	0	361	363	362M
4704	1781	-2.270E+02	0.993	2.604E-99	0	157	159	0	157	159	158M
4704	4704	-2.283E+02	1.00	7.367E-100	0	158	159	0	158	159	159M
4704	8503	-2.286E+02	1.00	5.373E-100	0	157	159	0	157	159	158M
4705	1782	-4.101E+02	0.986	7.682E-179	0	293	295	0	293	295	294M
4705	4705	-4.161E+02	1.00	1.927E-181	0	294	295	0	294	295	295M
4705	8504	-4.164E+02	1.00	1.406E-181	0	293	295	0	293	295	294M
4706	1783	-3.299E+02	1.00	5.264E-144	0	222	224	0	222	224	223M
4706	4706	-3.296E+02	1.00	7.215E-144	0	223	224	0	223	224	224M
4706	8505	-3.299E+02	1.00	5.264E-144	0	222	224	0	222	224	223M
4707	1784	-3.415E+02	0.995	4.646E-149	0	236	238	0	236	238	237M
4707	4707	-3.425E+02	1.00	1.804E-149	0	237	238	0	237	238	238M
4707	8506	-3.428E+02	1.00	1.316E-149	0	236	238	0	236	238	237M
4708	1785	-2.724E+02	1.00	4.774E-119	0	190	192	0	190	192	191M
4708	4708	-2.721E+02	1.00	6.545E-119	0	191	192	0	191	192	192M
4708	8507	-2.724E+02	1.00	4.774E-119	0	190	192	0	190	192	191M
4709	1786	-2.977E+02	0.984	5.076E-130	0	196	198	0	196	198	197M
4709	4709	-3.015E+02	1.00	1.152E-131	0	197	198	0	197	198	198M
4709	8508	-3.018E+02	1.00	8.405E-132	0	196	198	0	196	198	197M
4710	1787	-6.087E+02	1.00	4.547E-265	0	414	416	0	414	416	415M
4710	4710	-6.084E+02	1.00	6.231E-265	0	415	416	0	415	416	416M
4710	8509	-6.087E+02	1.00	4.547E-265	0	414	416	0	414	416	415M
4711	1788	-4.213E+02	0.986	1.055E-183	0	303	305	0	303	305	304M
4711	4711	-4.254E+02	1.00	1.755E-185	0	304	305	0	304	305	305M
4711	8510	-4.257E+02	1.00	1.281E-185	0	303	305	0	303	305	304M
4712	1789	-4.036E+02	0.988	4.980E-176	0	263	265	0	263	265	264M
4712	4712	-4.084E+02	1.00	4.400E-178	0	264	265	0	264	265	265M
4712	8511	-4.087E+02	1.00	3.210E-178	0	263	265	0	263	265	264M
4713	1790	-3.342E+02	0.995	7.441E-146	0	212	214	0	212	214	213M
4713	4713	-3.354E+02	1.00	2.107E-146	0	213	214	0	213	214	214M
4713	8512	-3.357E+02	1.00	1.537E-146	0	212	214	0	212	214	213M
4714	1791	-2.364E+02	1.00	2.050E-103	0	164	166	0	164	166	165M
4714	4714	-2.361E+02	1.00	2.810E-103	0	165	166	0	165	166	166M
4714	8513	-2.364E+02	1.00	2.050E-103	0	164	166	0	164	166	165M
4715	1792	-3.378E+02	0.991	2.014E-147	0	229	231	0	229	231	230M
4715	4715	-3.390E+02	1.00	5.706E-148	0	230	231	0	230	231	231M
4715	8514	-3.394E+02	1.00	4.162E-148	0	229	231	0	229	231	230M
4716	4222	-7.084E+02	0.970	0.000E+00	0	826	828	0	806	808	448M20I359M
4716	4716	-7.084E+02	1.00	0.000E+00	0	827	828	0	827	828	828M
4716	8515	-7.084E+02	1.00	0.000E+00	0	826	828	0	826	828	827M
4717	2397	-8.660E+01	0.389	2.455E-38	1	185	198	12	195	219	83M1I101M
4717	4717	-3.069E+02	1.00	5.402E-134	0	197	198	0	197	198	198M
4717	8516	-3.072E+02	1.00	3.940E-134	0	196	198	0	196	198	197M
4718	2714	-7.084E+02	0.996	0.000E+00	0	809	811	0	809	811	810M
4718	4718	-7.084E+02	1.00	0.000E+00	0	810	811	0	810	811	811M
4718	8517	-7.084E+02	1.00	0.000E+00	0	809	811	0	809	811	810M
4719	2715	-7.084E+02	0.994	0.000E+00	0	683	685	0	683	685	684M
4719	4719	-7.084E+02	1.00	0.000E+00	0	684	685	0	684	685	685M
4719	8518	-7.084E+02	1.00	0.000E+00	0	683	685	0	683	685	684M
4720	2716	-9.988E+01	0.985	4.174E-44	0	68	70	0	68	70	69M
4720	4720	-1.008E+02	1.00	1.615E-44	0	69	70	0	69	70	70M
4720	8519	-1.012E+02	1.00	1.177E-44	0	68	70	0	68	70	69M
4721	2717	-1.554E+02	0.991	3.177E-68	0	119	144	0	119	129	120M
4721	4721	-1.870E+02	1.00	6.165E-82	0	143	144	0	143	144	144M
4721	8520	-1.873E+02	1.00	4.496E-82	0	142	144	0	142	144	143M
4722	2718	-7.084E+02	0.997	0.000E+00	0	730	732	0	730	732	731M
4722	4722	-7.084E+02	1.00	0.000E+00	0	731	732	0	731	732	732M
4722	8521	-7.084E+02	1.00	0.000E+00	0	730	732	0	730	732	731M
4723	2719	-2.906E+02	0.994	6.418E-127	0	187	189	0	187	189	188M
4723	4723	-2.915E+02	1.00	2.491E-127	0	188	189	0	188	189	189M
4723	8522	-2.918E+02	1.00	1.817E-127	0	187	189	0	187	189	188M
4724	2720	-5.406E+02	1.00	1.641E-235	0	360	362	0	360	362	361M
4724	4724	-5.403E+02	1.00	2.249E-235	0	361	362	0	361	362	362M
4724	8523	-5.406E+02	1.00	1.641E-235	0	360	362	0	360	362	361M
4725	2721	-3.259E+01	1.00	7.030E-15	0	32	34	0	32	34	33M
4725	4725	-3.227E+01	1.00	9.667E-15	0	33	34	0	33	34	34M
4725	8524	-3.259E+01	1.00	7.030E-15	0	32	34	0	32	34	33M
4726	2722	-1.239E+02	0.947	1.621E-54	0	95	97	0	95	97	96M
4726	4726	-1.321E+02	1.00	4.357E-58	0	96	97	0	96	97	97M
4726	8525	-1.324E+02	1.00	3.176E-58	0	95	97	0	95	97	96M
4727	2723	-1.219E+02	1.00	1.183E-53	0	84	86	0	84	86	85M
4727	4727	-1.216E+02	1.00	1.624E-53	0	85	86	0	85	86	86M
4727	8526	-1.219E+02	1.00	1.183E-53	0	84	86	0	84	86	85M
4728	2724	-6.016E+02	0.997	5.118E-262	0	389	391	0	389	391	390M
4728	4728	-6.023E+02	1.00	2.725E-262	0	390	391	0	390	391	391M
4728	8527	-6.026E+02	1.00	1.989E-262	0	389	391	0	389	391	390M
4729	590	-7.084E+02	0.991	0.000E+00	0	495	497	0	495	497	496M
4729	4729	-7.084E+02	1.00	0.000E+00	0	496	497	0	496	497	497M
4729	8528	-7.084E+02	1.00	0.000E+00	0	495	497	0	495	497	496M
4730	589	-1.736E+02	1.00	3.861E-76	0	124	126	0	124	126	125M
4730	4730	-1.733E+02	1.00	5.295E-76	0	125	126	0	125	126	126M
4730	8529	-1.736E+02	1.00	3.861E-76	0	124	126	0	124	126	125M
4731	588	-4.924E+02	1.00	1.491E-214	0	334	336	0	334	336	335M
4731	4731	-4.920E+02	1.00	2.043E-214	0	335	336	0	335	336	336M
4731	8530	-4.924E+02	1.00	1.491E-214	0	334	336	0	334	336	335M
4732	587	-3.003E+02	1.00	3.649E-131	0	207	209	0	207	209	208M
4732	4732	-3.000E+02	1.00	5.003E-131	0	208	209	0	208	209	209M
4732	8531	-3.003E+02	1.00	3.649E-131	0	207	209	0	207	209	208M
4733	586	-1.801E+02	1.00	5.874E-79	0	127	129	0	127	129	128M
4733	4733	-1.798E+02	1.00	8.056E-79	0	128	129	0	128	129	129M
4733	8532	-1.801E+02	1.00	5.874E-79	0	127	129	0	127	129	128M
4734	585	-1.636E+02	1.00	9.270E-72	0	117	119	0	117	119	118M
4734	4734	-1.632E+02	1.00	1.271E-71	0	118	119	0	118	119	119M
4734	8533	-1.636E+02	1.00	9.270E-72	0	117	119	0	117	119	118M
4735	584	-4.441E+01	1.00	5.178E-20	0	37	39	0	37	39	38M
4735	4735	-4.409E+01	1.00	7.116E-20	0	38	39	0	38	39	39M
4735	8534	-4.441E+01	1.00	5.178E-20	0	37	39	0	37	39	38M
4736	583	-6.625E+02	1.00	1.930E-288	0	449	451	0	449	451	450M
4736	4736	-6.622E+02	1.00	2.644E-288	0	450	451	0	450	451	451M
4736	8535	-6.625E+02	1.00	1.930E-288	0	449	451	0	449	451	450M
4737	582	-1.951E+02	1.00	1.937E-85	0	145	147	0	145	147	146M
4737	4737	-1.947E+02	1.00	2.656E-85	0	146	147	0	146	147	147M
4737	8536	-1.951E+02	1.00	1.937E-85	0	145	147	0	145	147	146M
4738	581	-7.573E+01	1.00	1.285E-33	0	57	59	0	57	59	58M
4738	4738	-7.542E+01	1.00	1.764E-33	0	58	59	0	58	59	59M
4738	8537	-7.573E+01	1.00	1.285E-33	0	57	59	0	57	59	58M
4739	580	-2.276E+02	1.00	1.410E-99	0	164	166	0	164	166	165M
4739	4739	-2.273E+02	1.00	1.934E-99	0	165	166	0	165	166	166M
4739	8538	-2.276E+02	1.00	1.410E-99	0	164	166	0	164	166	165M
4740	579	-1.526E+02	1.00	5.341E-67	0	115	117	0	115	117	116M
4740	4740	-1.523E+02	1.00	7.326E-67	0	116	117	0	116	117	117M
4740	8539	-1.526E+02	1.00	5.341E-67	0	115	117	0	115	117	116M
4741	578	-2.532E+02	1.00	1.053E-110	0	176	178	0	176	178	177M
4741	4741	-2.529E+02	1.00	1.444E-110	0	177	178	0	177	178	178M
4741	8540	-2.532E+02	1.00	1.053E-110	0	176	178	0	176	178	177M
4742	577	-1.727E+02	0.992	9.692E-76	0	130	132	0	130	132	131M
4742	4742	-1.737E+02	1.00	3.758E-76	0	131	132	0	131	132	132M
4742	8541	-1.740E+02	1.00	2.740E-76	0	130	132	0	130	132	131M
4743	576	-1.401E+02	1.00	1.499E-61	0	100	102	0	100	102	101M
4743	4743	-1.397E+02	1.00	2.056E-61	0	101	102	0	101	102	102M
4743	8542	-1.401E+02	1.00	1.499E-61	0	100	102	0	100	102	101M
4744	575	-2.598E+02	1.00	1.464E-113	0	177	179	0	177	179	178M
4744	4744	-2.595E+02	1.00	2.007E-113	0	178	179	0	178	179	179M
4744	8543	-2.598E+02	1.00	1.464E-113	0	177	179	0	177	179	178M
4745	574	-1.414E+02	1.00	3.751E-62	0	104	106	0	104	106	105M
4745	4745	-1.411E+02	1.00	5.145E-62	0	105	106	0	105	106	106M
4745	8544	-1.414E+02	1.00	3.751E-62	0	104	106	0	104	106	105M
4746	573	-1.719E+02	1.00	2.222E-75	0	121	123	0	121	123	122M
4746	4746	-1.716E+02	1.00	3.048E-75	0	122	123	0	122	123	123M
4746	8545	-1.719E+02	1.00	2.222E-75	0	121	123	0	121	123	122M
4747	572	-1.130E+02	1.00	8.319E-50	0	84	86	0	84	86	85M
4747	4747	-1.127E+02	1.00	1.141E-49	0	85	86	0	85	86	86M
4747	8546	-1.130E+02	1.00	8.319E-50	0	84	86	0	84	86	85M
4748	571	-7.665E+01	1.00	5.161E-34	0	64	66	0	64	66	65M
4748	4748	-7.633E+01	1.00	7.086E-34	0	65	66	0	65	66	66M
4748	8547	-7.665E+01	1.00	5.161E-34	0	64	66	0	64	66	65M
4749	570	-1.958E+02	1.00	9.177E-86	0	136	138	0	136	138	137M
4749	4749	-1.955E+02	1.00	1.258E-85	0	137	138	0	137	138	138M
4749	8548	-1.958E+02	1.00	9.177E-86	0	136	138	0	136	138	137M
4750	569	-3.643E+02	1.00	6.306E-159	0	249	251	0	249	251	250M
4750	4750	-3.640E+02	1.00	8.644E-159	0	250	251	0	250	251	251M
4750	8549	-3.643E+02	1.00	6.306E-159	0	249	251	0	249	251	250M
4751	568	-1.457E+02	1.00	5.456E-64	0	108	110	0	108	110	109M
4751	4751	-1.454E+02	1.00	7.484E-64	0	109	110	0	109	110	110M
4751	8550	-1.457E+02	1.00	5.456E-64	0	108	110	0	108	110	109M
4752	567	-1.320E+02	1.00	4.672E-58	0	90	92	0	90	92	91M
4752	4752	-1.317E+02	1.00	6.410E-58	0	91	92	0	91	92	92M
4752	8551	-1.320E+02	1.00	4.672E-58	0	90	92	0	90	92	91M
4753	566	-4.249E+02	1.00	2.851E-185	0	273	275	0	273	275	274M
4753	4753	-4.246E+02	1.00	3.907E-185	0	274	275	0	274	275	275M
4753	8552	-4.249E+02	1.00	2.851E-185	0	273	275	0	273	275	274M
4754	565	-1.408E+02	1.00	7.410E-62	0	105	107	0	105	107	106M
4754	4754	-1.404E+02	1.00	1.016E-61	0	106	107	0	106	107	107M
4754	8553	-1.408E+02	1.00	7.410E-62	0	105	107	0	105	107	106M
4755	564	-2.821E+02	1.00	3.020E-123	0	199	201	0	199	201	200M
4755	4755	-2.818E+02	1.00	4.139E-123	0	200	201	0	200	201	201M
4755	8554	-2.821E+02	1.00	3.020E-123	0	199	201	0	199	201	200M
4756	563	-3.121E+02	1.00	2.750E-136	0	211	213	0	211	213	212M
4756	4756	-3.118E+02	1.00	3.770E-136	0	212	213	0	212	213	213M
4756	8555	-3.121E+02	1.00	2.750E-136	0	211	213	0	211	213	212M
4757	562	-1.441E+02	1.00	2.713E-63	0	102	104	0	102	104	103M
4757	4757	-1.437E+02	1.00	3.722E-63	0	103	104	0	103	104	104M
4757	8556	-1.441E+02	1.00	2.713E-63	0	102	104	0	102	104	103M
4758	561	-3.757E+02	1.00	6.969E-164	0	241	243	0	241	243	242M
4758	4758	-3.754E+02	1.00	9.552E-164	0	242	243	0	242	243	243M
4758	8557	-3.757E+02	1.00	6.969E-164	0	241	243	0	241	243	242M
4759	560	-6.165E+02	0.984	1.831E-268	0	395	397	0	395	397	396M
4759	4759	-6.228E+02	1.00	3.357E-271	0	396	397	0	396	397	397M
4759	8558	-6.231E+02	1.00	2.450E-271	0	395	397	0	395	397	396M
4760	559	-7.084E+02	0.998	0.000E+00	0	514	516	0	514	516	515M
4760	4760	-7.084E+02	1.00	0.000E+00	0	515	516	0	515	516	516M
4760	8559	-7.084E+02	1.00	0.000E+00	0	514	516	0	514	516	515M
4761	558	-3.814E+02	1.00	2.243E-166	0	253	255	0	253	255	254M
4761	4761	-3.811E+02	1.00	3.074E-166	0	254	255	0	254	255	255M
4761	8560	-3.814E+02	1.00	2.243E-166	0	253	255	0	253	255	254M
4762	557	-2.150E+02	0.986	4.250E-94	0	144	146	0	144	146	145M
4762	4762	-2.166E+02	1.00	8.768E-95	0	145	146	0	145	146	146M
4762	8561	-2.169E+02	1.00	6.394E-95	0	144	146	0	144	146	145M
4763	556	-3.734E+02	0.996	7.169E-163	0	257	259	0	257	259	258M
4763	4763	-3.746E+02	1.00	2.031E-163	0	258	259	0	258	259	259M
4763	8562	-3.749E+02	1.00	1.482E-163	0	257	259	0	257	259	258M
4764	555	-4.993E+02	0.996	1.463E-217	0	314	316	0	314	316	315M
4764	4764	-5.002E+02	1.00	5.685E-218	0	315	316	0	315	316	316M
4764	8563	-5.005E+02	1.00	4.148E-218	0	314	316	0	314	316	315M
4765	554	-6.337E+02	1.00	6.114E-276	0	438	440	0	438	440	439M
4765	4765	-6.334E+02	1.00	8.378E-276	0	439	440	0	439	440	440M
4765	8564	-6.337E+02	1.00	6.114E-276	0	438	440	0	438	440	439M
4766	553	-4.450E+02	1.00	5.582E-194	0	289	291	0	289	291	290M
4766	4766	-4.447E+02	1.00	7.651E-194	0	290	291	0	290	291	291M
4766	8565	-4.450E+02	1.00	5.582E-194	0	289	291	0	289	291	290M
4767	552	-7.084E+02	0.998	0.000E+00	0	855	857	0	856	858	36M1D820M
4767	4767	-7.084E+02	1.00	0.000E+00	0	856	857	0	856	857	857M
4767	8566	-7.084E+02	1.00	0.000E+00	0	855	857	0	855	857	856M
4768	551	-5.069E+02	0.987	7.450E-221	0	327	329	0	327	329	328M
4768	4768	-5.122E+02	1.00	3.510E-223	0	328	329	0	328	329	329M
4768	8567	-5.125E+02	1.00	2.561E-223	0	327	329	0	327	329	328M
4769	550	-4.266E+02	1.00	5.115E-186	0	270	272	0	270	272	271M
4769	4769	-4.263E+02	1.00	7.011E-186	0	271	272	0	271	272	272M
4769	8568	-4.266E+02	1.00	5.115E-186	0	270	272	0	270	272	271M
4770	549	-7.084E+02	0.998	0.000E+00	0	680	682	0	680	682	681M
4770	4770	-7.084E+02	1.00	0.000E+00	0	681	682	0	681	682	682M
4770	8569	-7.084E+02	1.00	0.000E+00	0	680	682	0	680	682	681M
4771	548	-3.065E+02	0.990	7.662E-134	0	210	212	0	210	212	211M
4771	4771	-3.081E+02	1.00	1.583E-134	0	211	212	0	211	212	212M
4771	8570	-3.084E+02	1.00	1.155E-134	0	210	212	0	210	212	211M
4772	547	-1.853E+02	0.977	3.483E-81	0	132	134	0	132	134	133M
4772	4772	-1.881E+02	1.00	2.030E-82	0	133	134	0	133	134	134M
4772	8571	-1.884E+02	1.00	1.481E-82	0	132	134	0	132	134	133M
4773	546	-2.884E+02	1.00	5.407E-126	0	192	194	0	192	194	193M
4773	4773	-2.881E+02	1.00	7.412E-126	0	193	194	0	193	194	194M
4773	8572	-2.884E+02	1.00	5.407E-126	0	192	194	0	192	194	193M
4774	545	-5.112E+02	1.00	1.006E-222	0	336	338	0	336	338	337M
4774	4774	-5.109E+02	1.00	1.378E-222	0	337	338	0	337	338	338M
4774	8573	-5.112E+02	1.00	1.006E-222	0	336	338	0	336	338	337M
4775	544	-1.340E+02	1.00	6.222E-59	0	94	96	0	94	96	95M
4775	4775	-1.337E+02	1.00	8.535E-59	0	95	96	0	95	96	96M
4775	8574	-1.340E+02	1.00	6.222E-59	0	94	96	0	94	96	95M
4776	543	-3.143E+02	1.00	3.170E-137	0	212	214	0	212	214	213M
4776	4776	-3.140E+02	1.00	4.346E-137	0	213	214	0	213	214	214M
4776	8575	-3.143E+02	1.00	3.170E-137	0	212	214	0	212	214	213M
4777	542	-3.153E+02	1.00	1.209E-137	0	225	227	0	225	227	226M
4777	4777	-3.149E+02	1.00	1.657E-137	0	226	227	0	226	227	227M
4777	8576	-3.153E+02	1.00	1.209E-137	0	225	227	0	225	227	226M
4778	541	-3.639E+02	0.996	9.178E-159	0	257	259	0	257	259	258M
4778	4778	-3.645E+02	1.00	4.886E-159	0	258	259	0	258	259	259M
4778	8577	-3.648E+02	1.00	3.565E-159	0	257	259	0	257	259	258M
4779	540	-3.998E+02	1.00	2.327E-174	0	271	273	0	271	273	272M
4779	4779	-3.995E+02	1.00	3.189E-174	0	272	273	0	272	273	273M
4779	8578	-3.998E+02	1.00	2.327E-174	0	271	273	0	271	273	272M
4780	538	-7.084E+02	0.980	0.000E+00	0	605	607	0	614	616	407M9D199M
4780	4780	-7.084E+02	1.00	0.000E+00	0	606	607	0	606	607	607M
4780	8579	-7.084E+02	1.00	0.000E+00	0	605	607	0	605	607	606M
4781	537	-4.458E+02	0.996	2.497E-194	0	292	294	0	292	294	293M
4781	4781	-4.474E+02	1.00	5.164E-195	0	293	294	0	293	294	294M
4781	8580	-4.477E+02	1.00	3.768E-195	0	292	294	0	292	294	293M
4782	536	-7.084E+02	0.998	0.000E+00	0	633	635	0	633	635	634M
4782	4782	-7.084E+02	1.00	0.000E+00	0	634	635	0	634	635	635M
4782	8581	-7.084E+02	1.00	0.000E+00	0	633	635	0	633	635	634M
4783	535	-3.039E+02	1.00	1.066E-132	0	199	201	0	199	201	200M
4783	4783	-3.036E+02	1.00	1.461E-132	0	200	201	0	200	201	201M
4783	8582	-3.039E+02	1.00	1.066E-132	0	199	201	0	199	201	200M
4784	534	-5.166E+02	0.996	4.539E-225	0	315	317	0	315	317	316M
4784	4784	-5.188E+02	1.00	4.997E-226	0	316	317	0	316	317	317M
4784	8583	-5.191E+02	1.00	3.646E-226	0	315	317	0	315	317	316M
4785	533	-3.911E+02	0.988	1.358E-170	0	261	263	0	261	263	262M
4785	4785	-3.952E+02	1.00	2.254E-172	0	262	263	0	262	263	263M
4785	8584	-3.955E+02	1.00	1.645E-172	0	261	263	0	261	263	262M
4786	532	-7.084E+02	0.990	0.000E+00	149	766	768	0	617	619	618M
4786	4786	-7.084E+02	1.00	0.000E+00	0	767	768	0	767	768	768M
4786	8585	-7.084E+02	1.00	0.000E+00	0	766	768	0	766	768	767M
4787	3008	-7.084E+02	0.998	0.000E+00	0	606	608	0	606	608	607M
4787	4787	-7.084E+02	1.00	0.000E+00	0	607	608	0	607	608	608M
4787	8586	-7.084E+02	1.00	0.000E+00	0	606	608	0	606	608	607M
4788	3009	-3.346E+02	1.00	5.023E-146	0	217	219	0	217	219	218M
4788	4788	-3.342E+02	1.00	6.885E-146	0	218	219	0	218	219	219M
4788	8587	-3.346E+02	1.00	5.023E-146	0	217	219	0	217	219	218M
4789	3010	-1.105E+02	0.988	9.950E-49	0	83	85	0	83	85	84M
4789	4789	-1.115E+02	1.00	3.851E-49	0	84	85	0	84	85	85M
4789	8588	-1.118E+02	1.00	2.807E-49	0	83	85	0	83	85	84M
4790	3011	-5.558E+02	0.997	4.085E-242	0	365	367	0	365	367	366M
4790	4790	-5.574E+02	1.00	8.452E-243	0	366	367	0	366	367	367M
4790	8589	-5.577E+02	1.00	6.167E-243	0	365	367	0	365	367	366M
4791	3012	-3.932E+02	0.984	1.721E-171	0	264	266	0	264	266	265M
4791	4791	-3.986E+02	1.00	8.097E-174	0	265	266	0	265	266	266M
4791	8590	-3.989E+02	1.00	5.908E-174	0	264	266	0	264	266	265M
4792	3013	-6.444E+02	1.00	1.450E-280	0	419	421	0	419	421	420M
4792	4792	-6.440E+02	1.00	1.987E-280	0	420	421	0	420	421	421M
4792	8591	-6.444E+02	1.00	1.450E-280	0	419	421	0	419	421	420M
4793	3014	-1.945E+02	0.963	3.405E-85	0	137	139	0	137	139	138M
4793	4793	-2.027E+02	1.00	9.262E-89	0	138	139	0	138	139	139M
4793	8592	-2.030E+02	1.00	6.754E-89	0	137	139	0	137	139	138M
4794	3015	-1.704E+02	0.856	9.900E-75	0	138	141	0	138	142	139M
4794	4794	-1.979E+02	1.00	1.163E-86	0	140	141	0	140	141	141M
4794	8593	-1.982E+02	1.00	8.478E-87	0	139	141	0	139	141	140M
4795	3016	-5.020E+02	0.996	1.002E-218	0	324	326	0	324	326	325M
4795	4795	-5.039E+02	1.00	1.512E-219	0	325	326	0	325	326	326M
4795	8594	-5.042E+02	1.00	1.104E-219	0	324	326	0	324	326	325M
4796	3017	-7.084E+02	0.998	0.000E+00	0	688	690	0	688	690	689M
4796	4796	-7.084E+02	1.00	0.000E+00	0	689	690	0	689	690	690M
4796	8595	-7.084E+02	1.00	0.000E+00	0	688	690	0	688	690	689M
4797	3838	-1.284E+02	0.968	1.756E-56	0	93	95	0	93	95	94M
4797	4797	-1.315E+02	1.00	7.432E-58	0	94	95	0	94	95	95M
4797	8596	-1.319E+02	1.00	5.417E-58	0	93	95	0	93	95	94M
4798	3839	-4.436E+02	0.983	2.298E-193	0	299	301	0	299	301	300M
4798	4798	-4.499E+02	1.00	4.205E-196	0	300	301	0	300	301	301M
4798	8597	-4.502E+02	1.00	3.068E-196	0	299	301	0	299	301	300M
4799	3840	-4.375E+02	0.979	9.805E-191	0	287	289	0	287	289	288M
4799	4799	-4.454E+02	1.00	3.707E-194	0	288	289	0	288	289	289M
4799	8598	-4.457E+02	1.00	2.705E-194	0	287	289	0	287	289	288M
4800	3841	-1.828E+02	0.992	4.235E-80	0	138	140	0	138	140	139M
4800	4800	-1.840E+02	1.00	1.198E-80	0	139	140	0	139	140	140M
4800	8599	-1.843E+02	1.00	8.733E-81	0	138	140	0	138	140	139M
4801	3842	-2.069E+02	1.00	1.418E-90	0	142	144	0	142	144	143M
4801	4801	-2.066E+02	1.00	1.944E-90	0	143	144	0	143	144	144M
4801	8600	-2.069E+02	1.00	1.418E-90	0	142	144	0	142	144	143M
4802	3843	-6.609E+02	0.991	9.763E-288	0	450	452	0	450	452	451M
4802	4802	-6.675E+02	1.00	1.309E-290	0	451	452	0	451	452	452M
4802	8601	-6.678E+02	1.00	9.550E-291	0	450	452	0	450	452	451M
4803	4803	-1.295E+02	1.00	5.608E-57	0	103	104	0	103	104	104M
4803	8602	-1.298E+02	1.00	4.088E-57	0	102	104	0	102	104	103M
4804	1757	-3.219E+02	0.996	1.608E-140	0	252	254	0	252	254	253M
4804	4804	-3.231E+02	1.00	4.557E-141	0	253	254	0	253	254	254M
4804	8603	-3.235E+02	1.00	3.325E-141	0	252	254	0	252	254	253M
4805	1756	-4.856E+02	0.984	1.253E-211	0	323	325	0	323	325	324M
4805	4805	-4.932E+02	1.00	6.501E-215	0	324	325	0	324	325	325M
4805	8604	-4.935E+02	1.00	4.744E-215	0	323	325	0	323	325	324M
4806	1755	-6.847E+02	0.995	4.449E-298	0	446	448	0	446	448	447M
4806	4806	-6.859E+02	1.00	1.262E-298	0	447	448	0	447	448	448M
4806	8605	-6.863E+02	1.00	9.209E-299	0	446	448	0	446	448	447M
4807	1754	-7.426E+02	0.997	2.964E-323	0	488	490	0	488	490	489M
4807	4807	-7.433E+02	1.00	1.482E-323	0	489	490	0	489	490	490M
4807	8606	-7.437E+02	1.00	9.881E-324	0	488	490	0	488	490	489M
4808	1753	-5.257E+02	0.997	4.921E-229	0	342	344	0	342	344	343M
4808	4808	-5.276E+02	1.00	7.428E-230	0	343	344	0	343	344	344M
4808	8607	-5.279E+02	1.00	5.420E-230	0	342	344	0	342	344	343M
4809	1763	-6.253E+02	1.00	2.865E-272	0	403	405	0	403	405	404M
4809	4809	-6.249E+02	1.00	3.926E-272	0	404	405	0	404	405	405M
4809	8608	-6.253E+02	1.00	2.865E-272	0	403	405	0	403	405	404M
4810	1764	-6.584E+02	1.00	1.162E-286	0	422	424	0	422	424	423M
4810	4810	-6.581E+02	1.00	1.592E-286	0	423	424	0	423	424	424M
4810	8609	-6.584E+02	1.00	1.162E-286	0	422	424	0	422	424	423M
4811	1045	-6.266E+02	1.00	7.420E-273	0	416	478	0	416	417	417M
4811	4811	-7.239E+02	1.00	4.044E-315	0	477	478	0	477	478	478M
4811	8610	-7.242E+02	1.00	2.951E-315	0	476	478	0	476	478	477M
4812	1044	-6.287E+02	0.985	9.263E-274	0	424	426	0	424	426	425M
4812	4812	-6.381E+02	1.00	7.283E-278	0	425	426	0	425	426	426M
4812	8611	-6.384E+02	1.00	5.315E-278	0	424	426	0	424	426	425M
4813	1043	-3.977E+02	0.977	1.989E-173	0	263	265	0	263	265	264M
4813	4813	-4.090E+02	1.00	2.342E-178	0	264	265	0	264	265	265M
4813	8612	-4.093E+02	1.00	1.709E-178	0	263	265	0	263	265	264M
4814	1042	-2.444E+02	0.971	7.233E-107	0	176	178	0	176	178	177M
4814	4814	-2.507E+02	1.00	1.314E-109	0	177	178	0	177	178	178M
4814	8613	-2.510E+02	1.00	9.587E-110	0	176	178	0	176	178	177M
4815	1041	-2.796E+02	1.00	3.821E-122	0	186	188	0	186	188	187M
4815	4815	-2.793E+02	1.00	5.238E-122	0	187	188	0	187	188	188M
4815	8614	-2.796E+02	1.00	3.821E-122	0	186	188	0	186	188	187M
4816	1040	-2.158E+02	1.00	1.942E-94	0	154	156	0	154	156	155M
4816	4816	-2.155E+02	1.00	2.662E-94	0	155	156	0	155	156	156M
4816	8615	-2.158E+02	1.00	1.942E-94	0	154	156	0	154	156	155M
4817	1039	-2.907E+02	1.00	5.497E-127	0	197	199	0	197	199	198M
4817	4817	-2.904E+02	1.00	7.535E-127	0	198	199	0	198	199	199M
4817	8616	-2.907E+02	1.00	5.497E-127	0	197	199	0	197	199	198M
4818	1038	-5.536E+02	1.00	3.580E-241	0	371	373	0	371	373	372M
4818	4818	-5.533E+02	1.00	4.906E-241	0	372	373	0	372	373	373M
4818	8617	-5.536E+02	1.00	3.580E-241	0	371	373	0	371	373	372M
4819	1037	-2.851E+02	1.00	1.580E-124	0	190	192	0	190	192	191M
4819	4819	-2.847E+02	1.00	2.166E-124	0	191	192	0	191	192	192M
4819	8618	-2.851E+02	1.00	1.580E-124	0	190	192	0	190	192	191M
4820	1036	-7.084E+02	0.988	0.000E+00	0	715	717	0	715	717	716M
4820	4820	-7.084E+02	1.00	0.000E+00	0	716	717	0	716	717	717M
4820	8619	-7.084E+02	1.00	0.000E+00	0	715	717	0	715	717	716M
4821	1035	-5.831E+02	0.995	5.692E-254	0	408	410	0	408	410	409M
4821	4821	-5.866E+02	1.00	1.780E-255	0	409	410	0	409	410	410M
4821	8620	-5.869E+02	1.00	1.299E-255	0	408	410	0	408	410	409M
4822	1034	-1.659E+02	0.991	8.560E-73	0	120	122	0	120	122	121M
4822	4822	-1.675E+02	1.00	1.764E-73	0	121	122	0	121	122	122M
4822	8621	-1.678E+02	1.00	1.286E-73	0	120	122	0	120	122	121M
4823	1033	-2.991E+02	0.994	1.307E-130	0	194	196	0	194	196	195M
4823	4823	-2.997E+02	1.00	6.953E-131	0	195	196	0	195	196	196M
4823	8622	-3.000E+02	1.00	5.072E-131	0	194	196	0	194	196	195M
4824	1032	-1.516E+02	1.00	1.446E-66	0	103	105	0	103	105	104M
4824	4824	-1.513E+02	1.00	1.984E-66	0	104	105	0	104	105	105M
4824	8623	-1.516E+02	1.00	1.446E-66	0	103	105	0	103	105	104M
4825	1031	-1.716E+02	1.00	3.048E-75	0	121	123	0	121	123	122M
4825	4825	-1.713E+02	1.00	4.180E-75	0	122	123	0	122	123	123M
4825	8624	-1.716E+02	1.00	3.048E-75	0	121	123	0	121	123	122M
4826	1030	-7.334E+02	1.00	3.002E-319	0	468	470	0	468	470	469M
4826	4826	-7.331E+02	1.00	4.114E-319	0	469	470	0	469	470	470M
4826	8625	-7.334E+02	1.00	3.002E-319	0	468	470	0	468	470	469M
4827	1029	-6.199E+02	1.00	5.862E-270	0	409	411	0	409	411	410M
4827	4827	-6.196E+02	1.00	8.032E-270	0	410	411	0	410	411	411M
4827	8626	-6.199E+02	1.00	5.862E-270	0	409	411	0	409	411	410M
4828	1028	-4.249E+02	0.996	2.833E-185	0	292	295	0	292	295	293M
4828	4828	-4.284E+02	1.00	8.843E-187	0	294	295	0	294	295	295M
4828	8627	-4.287E+02	1.00	6.452E-187	0	293	295	0	293	295	294M
4829	1027	-4.146E+02	0.982	8.787E-181	0	285	287	0	285	287	286M
4829	4829	-4.196E+02	1.00	5.670E-183	0	286	287	0	286	287	287M
4829	8628	-4.200E+02	1.00	4.137E-183	0	285	287	0	285	287	286M
4830	1026	-2.061E+02	1.00	3.229E-90	0	146	148	0	146	148	147M
4830	4830	-2.057E+02	1.00	4.428E-90	0	147	148	0	147	148	148M
4830	8629	-2.061E+02	1.00	3.229E-90	0	146	148	0	146	148	147M
4831	1025	-3.620E+02	0.996	6.084E-158	0	257	259	0	257	259	258M
4831	4831	-3.620E+02	1.00	6.084E-158	0	258	259	0	258	259	259M
4831	8630	-3.623E+02	1.00	4.439E-158	0	257	259	0	257	259	258M
4832	1024	-4.473E+02	0.980	5.485E-195	0	300	302	0	300	302	301M
4832	4832	-4.561E+02	1.00	8.062E-199	0	301	302	0	301	302	302M
4832	8631	-4.564E+02	1.00	5.882E-199	0	300	302	0	300	302	301M
4833	1023	-4.885E+02	0.979	7.256E-213	0	343	345	0	343	345	344M
4833	4833	-4.989E+02	1.00	2.213E-217	0	344	345	0	344	345	345M
4833	8632	-4.992E+02	1.00	1.615E-217	0	343	345	0	343	345	344M
4834	1022	-5.045E+02	0.996	7.683E-220	0	323	325	0	323	325	324M
4834	4834	-5.052E+02	1.00	4.090E-220	0	324	325	0	324	325	325M
4834	8633	-5.055E+02	1.00	2.985E-220	0	323	325	0	323	325	324M
4835	1021	-1.668E+02	1.00	3.482E-73	0	121	123	0	121	123	122M
4835	4835	-1.665E+02	1.00	4.776E-73	0	122	123	0	122	123	123M
4835	8634	-1.668E+02	1.00	3.482E-73	0	121	123	0	121	123	122M
4836	1020	-3.780E+02	0.995	6.759E-165	0	245	247	0	245	247	246M
4836	4836	-3.790E+02	1.00	2.624E-165	0	246	247	0	246	247	247M
4836	8635	-3.793E+02	1.00	1.915E-165	0	245	247	0	245	247	246M
4837	1019	-2.836E+02	0.994	6.828E-124	0	181	183	0	181	183	182M
4837	4837	-2.845E+02	1.00	2.650E-124	0	182	183	0	182	183	183M
4837	8636	-2.849E+02	1.00	1.933E-124	0	181	183	0	181	183	182M
4838	1018	-1.115E+02	1.00	3.665E-49	0	82	84	0	82	84	83M
4838	4838	-1.112E+02	1.00	5.029E-49	0	83	84	0	83	84	84M
4838	8637	-1.115E+02	1.00	3.665E-49	0	82	84	0	82	84	83M
4839	1017	-1.801E+02	0.893	5.825E-79	0	140	142	0	140	142	141M
4839	4839	-1.981E+02	1.00	8.895E-87	0	141	142	0	141	142	142M
4839	8638	-1.985E+02	1.00	6.487E-87	0	140	142	0	140	142	141M
4840	1016	-2.083E+02	0.943	3.501E-91	0	159	161	0	159	161	160M
4840	4840	-2.206E+02	1.00	1.579E-96	0	160	161	0	160	161	161M
4840	8639	-2.209E+02	1.00	1.152E-96	0	159	161	0	159	161	160M
4841	1015	-7.084E+02	0.992	0.000E+00	0	1287	1289	0	1287	1289	1288M
4841	4841	-7.084E+02	1.00	0.000E+00	0	1288	1289	0	1288	1289	1289M
4841	8640	-7.084E+02	1.00	0.000E+00	0	1287	1289	0	1287	1289	1288M
4842	1014	-3.790E+02	0.996	2.523E-165	0	271	273	0	271	273	272M
4842	4842	-3.803E+02	1.00	7.151E-166	0	272	273	0	272	273	273M
4842	8641	-3.806E+02	1.00	5.218E-166	0	271	273	0	271	273	272M
4843	1013	-4.761E+02	0.984	1.775E-207	0	332	334	0	332	334	333M
4843	4843	-4.858E+02	1.00	1.016E-211	0	333	334	0	333	334	334M
4843	8642	-4.861E+02	1.00	7.412E-212	0	332	334	0	332	334	333M
4844	1012	-2.589E+02	0.994	3.658E-113	0	183	185	0	183	185	184M
4844	4844	-2.595E+02	1.00	1.947E-113	0	184	185	0	184	185	185M
4844	8643	-2.598E+02	1.00	1.420E-113	0	183	185	0	183	185	184M
4845	1011	-2.021E+02	0.980	1.674E-88	0	156	158	0	156	158	157M
4845	4845	-2.059E+02	1.00	3.793E-90	0	157	158	0	157	158	158M
4845	8644	-2.062E+02	1.00	2.766E-90	0	156	158	0	156	158	157M
4846	3955	-4.825E+02	1.00	2.758E-210	0	315	317	0	315	317	316M
4846	4846	-4.822E+02	1.00	3.779E-210	0	316	317	0	316	317	317M
4846	8645	-4.825E+02	1.00	2.758E-210	0	315	317	0	315	317	316M
4847	3954	-3.123E+02	1.00	2.386E-136	0	208	210	0	208	210	209M
4847	4847	-3.120E+02	1.00	3.270E-136	0	209	210	0	209	210	210M
4847	8646	-3.123E+02	1.00	2.386E-136	0	208	210	0	208	210	209M
4848	3953	-1.282E+02	1.00	2.183E-56	0	91	93	0	91	93	92M
4848	4848	-1.278E+02	1.00	2.995E-56	0	92	93	0	92	93	93M
4848	8647	-1.282E+02	1.00	2.183E-56	0	91	93	0	91	93	92M
4849	3952	-7.084E+02	1.00	0.000E+00	0	700	702	0	700	702	701M
4849	4849	-7.084E+02	1.00	0.000E+00	0	701	702	0	701	702	702M
4849	8648	-7.084E+02	1.00	0.000E+00	0	700	702	0	700	702	701M
4850	3951	-1.811E+02	1.00	2.170E-79	0	126	128	0	126	128	127M
4850	4850	-1.808E+02	1.00	2.976E-79	0	127	128	0	127	128	128M
4850	8649	-1.811E+02	1.00	2.170E-79	0	126	128	0	126	128	127M
4851	3765	-8.525E+01	1.00	9.443E-38	0	63	65	0	63	65	64M
4851	4851	-8.494E+01	1.00	1.296E-37	0	64	65	0	64	65	65M
4851	8650	-8.525E+01	1.00	9.443E-38	0	63	65	0	63	65	64M
4852	3764	-2.278E+02	1.00	1.143E-99	0	153	155	0	153	155	154M
4852	4852	-2.275E+02	1.00	1.568E-99	0	154	155	0	154	155	155M
4852	8651	-2.278E+02	1.00	1.143E-99	0	153	155	0	153	155	154M
4853	3763	-7.084E+02	0.998	0.000E+00	0	541	543	0	541	543	542M
4853	4853	-7.084E+02	1.00	0.000E+00	0	542	543	0	542	543	543M
4853	8652	-7.084E+02	1.00	0.000E+00	0	541	543	0	541	543	542M
4854	4177	-5.069E+02	0.980	6.903E-221	0	352	437	0	352	380	353M
4854	4854	-6.572E+02	1.00	4.001E-286	0	436	437	0	436	437	437M
4854	8653	-6.575E+02	1.00	2.920E-286	0	435	437	0	435	437	436M
4855	4176	-5.331E+01	1.00	7.025E-24	6	55	57	0	49	140	50M
4855	4855	-6.379E+01	1.00	1.985E-28	0	56	57	0	56	57	57M
4855	8654	-6.410E+01	1.00	1.445E-28	0	55	57	0	55	57	56M
4856	4856	-2.755E+02	1.00	2.201E-120	0	186	187	0	186	187	187M
4856	8655	-2.758E+02	1.00	1.606E-120	0	185	187	0	185	187	186M
4857	4857	-4.843E+02	1.00	4.869E-211	0	360	361	0	360	361	361M
4857	8656	-4.846E+02	1.00	3.553E-211	0	359	361	0	359	361	360M
4858	1111	-2.779E+02	0.994	2.069E-121	0	195	197	0	195	197	196M
4858	4858	-2.791E+02	1.00	5.858E-122	0	196	197	0	196	197	197M
4858	8657	-2.795E+02	1.00	4.273E-122	0	195	197	0	195	197	196M
4859	1110	-4.580E+02	0.993	1.257E-199	0	294	296	0	294	296	295M
4859	4859	-4.605E+02	1.00	1.010E-200	0	295	296	0	295	296	296M
4859	8658	-4.608E+02	1.00	7.368E-201	0	294	296	0	294	296	295M
4860	1109	-7.084E+02	1.00	0.000E+00	0	472	474	0	472	474	473M
4860	4860	-7.084E+02	1.00	0.000E+00	0	473	474	0	473	474	474M
4860	8659	-7.084E+02	1.00	0.000E+00	0	472	474	0	472	474	473M
4861	1108	-7.084E+02	0.998	0.000E+00	0	1492	1494	0	1492	1494	1493M
4861	4861	-7.084E+02	1.00	0.000E+00	0	1493	1494	0	1493	1494	1494M
4861	8660	-7.084E+02	1.00	0.000E+00	0	1492	1494	0	1492	1494	1493M
4862	1107	-4.232E+02	0.996	1.632E-184	0	290	292	0	290	292	291M
4862	4862	-4.254E+02	1.00	1.797E-185	0	291	292	0	291	292	292M
4862	8661	-4.257E+02	1.00	1.311E-185	0	290	292	0	290	292	291M
4863	1106	-5.520E+02	0.997	1.855E-240	0	359	361	0	359	361	360M
4863	4863	-5.529E+02	1.00	7.207E-241	0	360	361	0	360	361	361M
4863	8662	-5.533E+02	1.00	5.259E-241	0	359	361	0	359	361	360M
4864	1105	-2.747E+02	1.00	4.772E-120	0	188	190	0	188	190	189M
4864	4864	-2.744E+02	1.00	6.541E-120	0	189	190	0	189	190	190M
4864	8663	-2.747E+02	1.00	4.772E-120	0	188	190	0	188	190	189M
4865	1104	-7.084E+02	1.00	0.000E+00	0	720	722	0	720	722	721M
4865	4865	-7.084E+02	1.00	0.000E+00	0	721	722	0	721	722	722M
4865	8664	-7.084E+02	1.00	0.000E+00	0	720	722	0	720	722	721M
4866	1103	-2.559E+02	0.994	7.671E-112	0	174	176	0	174	176	175M
4866	4866	-2.559E+02	1.00	7.671E-112	0	175	176	0	175	176	176M
4866	8665	-2.562E+02	1.00	5.595E-112	0	174	176	0	174	176	175M
4867	1102	-3.512E+02	1.00	2.944E-153	0	245	247	0	245	247	246M
4867	4867	-3.509E+02	1.00	4.036E-153	0	246	247	0	246	247	247M
4867	8666	-3.512E+02	1.00	2.944E-153	0	245	247	0	245	247	246M
4868	1101	-3.118E+02	0.995	3.952E-136	0	212	214	0	212	214	213M
4868	4868	-3.130E+02	1.00	1.119E-136	0	213	214	0	213	214	214M
4868	8667	-3.134E+02	1.00	8.166E-137	0	212	214	0	212	214	213M
4869	1100	-5.158E+02	1.00	9.558E-225	0	351	353	0	351	353	352M
4869	4869	-5.155E+02	1.00	1.310E-224	0	352	353	0	352	353	353M
4869	8668	-5.158E+02	1.00	9.558E-225	0	351	353	0	351	353	352M
4870	1099	-7.084E+02	1.00	0.000E+00	0	850	852	0	850	852	851M
4870	4870	-7.084E+02	1.00	0.000E+00	0	851	852	0	851	852	852M
4870	8669	-7.084E+02	1.00	0.000E+00	0	850	852	0	850	852	851M
4871	1098	-4.170E+02	0.996	7.546E-182	0	273	275	0	273	275	274M
4871	4871	-4.177E+02	1.00	4.017E-182	0	274	275	0	274	275	275M
4871	8670	-4.180E+02	1.00	2.931E-182	0	273	275	0	273	275	274M
4872	1097	-1.507E+02	0.954	3.647E-66	0	109	111	0	109	111	110M
4872	4872	-1.551E+02	1.00	4.371E-68	0	110	111	0	110	111	111M
4872	8671	-1.554E+02	1.00	3.187E-68	0	109	111	0	109	111	110M
4873	1096	-5.480E+02	1.00	1.040E-238	0	371	373	0	371	373	372M
4873	4873	-5.477E+02	1.00	1.425E-238	0	372	373	0	372	373	373M
4873	8672	-5.480E+02	1.00	1.040E-238	0	371	373	0	371	373	372M
4874	1095	-7.008E+02	0.995	4.414E-305	0	465	467	0	465	467	466M
4874	4874	-7.027E+02	1.00	6.668E-306	0	466	467	0	466	467	467M
4874	8673	-7.030E+02	1.00	4.866E-306	0	465	467	0	465	467	466M
4875	1094	-7.084E+02	0.997	0.000E+00	0	498	500	0	498	500	499M
4875	4875	-7.084E+02	1.00	0.000E+00	0	499	500	0	499	500	500M
4875	8674	-7.084E+02	1.00	0.000E+00	0	498	500	0	498	500	499M
4876	1093	-7.084E+02	0.996	0.000E+00	0	609	611	0	609	611	610M
4876	4876	-7.084E+02	1.00	0.000E+00	0	610	611	0	610	611	611M
4876	8675	-7.084E+02	1.00	0.000E+00	0	609	611	0	609	611	610M
4877	1092	-1.475E+02	1.00	8.599E-65	0	109	111	0	109	111	110M
4877	4877	-1.472E+02	1.00	1.180E-64	0	110	111	0	110	111	111M
4877	8676	-1.475E+02	1.00	8.599E-65	0	109	111	0	109	111	110M
4878	1091	-4.480E+02	0.996	2.822E-195	0	306	308	0	306	308	307M
4878	4878	-4.495E+02	1.00	5.837E-196	0	307	308	0	307	308	308M
4878	8677	-4.499E+02	1.00	4.259E-196	0	306	308	0	306	308	307M
4879	1090	-5.189E+02	1.00	4.327E-226	0	332	334	0	332	334	333M
4879	4879	-5.186E+02	1.00	5.930E-226	0	333	334	0	333	334	334M
4879	8678	-5.189E+02	1.00	4.327E-226	0	332	334	0	332	334	333M
4880	1818	-1.291E+02	1.00	8.686E-57	0	98	100	0	98	100	99M
4880	4880	-1.288E+02	1.00	1.192E-56	0	99	100	0	99	100	100M
4880	8679	-1.291E+02	1.00	8.686E-57	0	98	100	0	98	100	99M
4881	1819	-7.084E+02	1.00	0.000E+00	0	501	503	0	501	503	502M
4881	4881	-7.084E+02	1.00	0.000E+00	0	502	503	0	502	503	503M
4881	8680	-7.084E+02	1.00	0.000E+00	0	501	503	0	501	503	502M
4882	1820	-7.093E+02	0.997	8.620E-309	0	471	473	0	471	473	472M
4882	4882	-7.103E+02	1.00	3.350E-309	0	472	473	0	472	473	473M
4882	8681	-7.106E+02	1.00	2.445E-309	0	471	473	0	471	473	472M
4883	1821	-4.596E+02	0.993	2.480E-200	0	293	295	0	293	295	294M
4883	4883	-4.628E+02	1.00	1.060E-201	0	294	295	0	294	295	295M
4883	8682	-4.631E+02	1.00	7.737E-202	0	293	295	0	293	295	294M
4884	1822	-4.709E+02	0.996	3.052E-205	0	314	316	0	314	316	315M
4884	4884	-4.719E+02	1.00	1.186E-205	0	315	316	0	315	316	316M
4884	8683	-4.722E+02	1.00	8.651E-206	0	314	316	0	314	316	315M
4885	1823	-1.594E+02	1.00	5.776E-70	0	111	113	0	111	113	112M
4885	4885	-1.591E+02	1.00	7.922E-70	0	112	113	0	112	113	113M
4885	8684	-1.594E+02	1.00	5.776E-70	0	111	113	0	111	113	112M
4886	1824	-4.427E+02	0.990	5.322E-193	0	317	319	0	317	319	318M
4886	4886	-4.481E+02	1.00	2.509E-195	0	318	319	0	318	319	319M
4886	8685	-4.484E+02	1.00	1.831E-195	0	317	319	0	317	319	318M
4887	1825	-7.084E+02	0.985	0.000E+00	0	1051	1053	0	1051	1053	1052M
4887	4887	-7.084E+02	1.00	0.000E+00	0	1052	1053	0	1052	1053	1053M
4887	8686	-7.084E+02	1.00	0.000E+00	0	1051	1053	0	1051	1053	1052M
4888	1826	-5.604E+02	0.967	3.993E-244	0	401	403	0	401	403	402M
4888	4888	-5.765E+02	1.00	4.209E-251	0	402	403	0	402	403	403M
4888	8687	-5.768E+02	1.00	3.072E-251	0	401	403	0	401	403	402M
4889	1827	-6.698E+02	0.997	1.291E-291	0	468	470	0	468	470	469M
4889	4889	-6.707E+02	1.00	5.018E-292	0	469	470	0	469	470	470M
4889	8688	-6.711E+02	1.00	3.662E-292	0	468	470	0	468	470	469M
4890	1828	-1.851E+02	1.00	4.038E-81	0	122	124	0	122	124	123M
4890	4890	-1.848E+02	1.00	5.538E-81	0	123	124	0	123	124	124M
4890	8689	-1.851E+02	1.00	4.038E-81	0	122	124	0	122	124	123M
4891	1829	-3.085E+02	1.00	1.083E-134	0	202	204	0	202	204	203M
4891	4891	-3.082E+02	1.00	1.485E-134	0	203	204	0	203	204	204M
4891	8690	-3.085E+02	1.00	1.083E-134	0	202	204	0	202	204	203M
4892	1830	-9.000E+01	1.00	8.156E-40	0	63	65	0	63	65	64M
4892	4892	-8.969E+01	1.00	1.120E-39	0	64	65	0	64	65	65M
4892	8691	-9.000E+01	1.00	8.156E-40	0	63	65	0	63	65	64M
4893	1831	-1.844E+02	0.991	8.083E-81	20	143	145	1	124	126	124M
4893	4893	-2.173E+02	1.00	4.444E-95	0	144	145	0	144	145	145M
4893	8692	-2.176E+02	1.00	3.241E-95	0	143	145	0	143	145	144M
4894	1832	-3.343E+02	0.991	6.464E-146	0	229	231	0	229	231	230M
4894	4894	-3.384E+02	1.00	1.072E-147	0	230	231	0	230	231	231M
4894	8693	-3.387E+02	1.00	7.821E-148	0	229	231	0	229	231	230M
4895	1833	-1.932E+02	1.00	1.268E-84	0	125	127	0	125	127	126M
4895	4895	-1.929E+02	1.00	1.739E-84	0	126	127	0	126	127	127M
4895	8694	-1.932E+02	1.00	1.268E-84	0	125	127	0	125	127	126M
4896	1834	-7.084E+02	1.00	0.000E+00	0	552	554	0	552	554	553M
4896	4896	-7.084E+02	1.00	0.000E+00	0	553	554	0	553	554	554M
4896	8695	-7.084E+02	1.00	0.000E+00	0	552	554	0	552	554	553M
4897	1835	-6.482E+02	1.00	3.049E-282	0	424	426	0	424	426	425M
4897	4897	-6.479E+02	1.00	4.178E-282	0	425	426	0	425	426	426M
4897	8696	-6.482E+02	1.00	3.049E-282	0	424	426	0	424	426	425M
4898	2708	-4.346E+02	1.00	1.777E-189	0	295	297	0	295	297	296M
4898	4898	-4.343E+02	1.00	2.435E-189	0	296	297	0	296	297	297M
4898	8697	-4.346E+02	1.00	1.777E-189	0	295	297	0	295	297	296M
4899	2709	-7.084E+02	0.997	0.000E+00	0	728	730	0	728	730	729M
4899	4899	-7.084E+02	1.00	0.000E+00	0	729	730	0	729	730	730M
4899	8698	-7.084E+02	1.00	0.000E+00	0	728	730	0	728	730	729M
4900	2710	-7.084E+02	0.998	0.000E+00	0	781	783	0	781	783	782M
4900	4900	-7.084E+02	1.00	0.000E+00	0	782	783	0	782	783	783M
4900	8699	-7.084E+02	1.00	0.000E+00	0	781	783	0	781	783	782M
4901	3911	-3.773E+02	1.00	1.351E-164	0	253	255	0	253	255	254M
4901	4901	-3.770E+02	1.00	1.852E-164	0	254	255	0	254	255	255M
4901	8700	-3.773E+02	1.00	1.351E-164	0	253	255	0	253	255	254M
4902	3910	-7.371E+02	1.00	7.693E-321	0	484	486	0	484	486	485M
4902	4902	-7.368E+02	1.00	1.054E-320	0	485	486	0	485	486	486M
4902	8701	-7.371E+02	1.00	7.693E-321	0	484	486	0	484	486	485M
4903	3639	-7.084E+02	1.00	0.000E+00	0	503	505	0	503	505	504M
4903	4903	-7.084E+02	1.00	0.000E+00	0	504	505	0	504	505	505M
4903	8702	-7.084E+02	1.00	0.000E+00	0	503	505	0	503	505	504M
4904	3638	-2.170E+02	0.986	5.806E-95	0	142	144	0	142	144	143M
4904	4904	-2.198E+02	1.00	3.388E-96	0	143	144	0	143	144	144M
4904	8703	-2.201E+02	1.00	2.470E-96	0	142	144	0	142	144	143M
4905	3637	-1.912E+02	1.00	8.855E-84	0	126	128	0	126	128	127M
4905	4905	-1.909E+02	1.00	1.214E-83	0	127	128	0	127	128	128M
4905	8704	-1.912E+02	1.00	8.855E-84	0	126	128	0	126	128	127M
4906	3636	-2.964E+02	1.00	1.793E-129	0	196	198	0	196	198	197M
4906	4906	-2.961E+02	1.00	2.458E-129	0	197	198	0	197	198	198M
4906	8705	-2.964E+02	1.00	1.793E-129	0	196	198	0	196	198	197M
4907	3635	-3.232E+02	0.995	4.340E-141	0	204	206	0	204	206	205M
4907	4907	-3.232E+02	1.00	4.340E-141	0	205	206	0	205	206	206M
4907	8706	-3.235E+02	1.00	3.166E-141	0	204	206	0	204	206	205M
4908	3634	-2.647E+02	0.967	1.137E-115	0	181	183	0	181	183	182M
4908	4908	-2.738E+02	1.00	1.208E-119	0	182	183	0	182	183	183M
4908	8707	-2.741E+02	1.00	8.811E-120	0	181	183	0	181	183	182M
4909	3633	-3.070E+02	0.971	4.481E-134	0	211	214	0	211	214	212M
4909	4909	-3.156E+02	1.00	8.979E-138	0	213	214	0	213	214	214M
4909	8708	-3.159E+02	1.00	6.550E-138	0	212	214	0	212	214	213M
4910	3632	-3.655E+02	1.00	1.761E-159	0	242	244	0	242	244	243M
4910	4910	-3.652E+02	1.00	2.414E-159	0	243	244	0	243	244	244M
4910	8709	-3.655E+02	1.00	1.761E-159	0	242	244	0	242	244	243M
4911	2407	-2.422E+02	0.994	6.376E-106	0	176	184	0	176	177	177M
4911	4911	-2.523E+02	1.00	2.631E-110	0	183	184	0	183	184	184M
4911	8710	-2.526E+02	1.00	1.919E-110	0	182	184	0	182	184	183M
4912	2408	-4.127E+02	0.976	5.955E-180	0	299	301	0	299	301	300M
4912	4912	-4.209E+02	1.00	1.646E-183	0	300	301	0	300	301	301M
4912	8711	-4.212E+02	1.00	1.201E-183	0	299	301	0	299	301	300M
4913	2409	-1.450E+02	0.941	1.051E-63	0	102	104	0	102	104	103M
4913	4913	-1.539E+02	1.00	1.507E-67	0	103	104	0	103	104	104M
4913	8712	-1.542E+02	1.00	1.099E-67	0	102	104	0	102	104	103M
4914	2410	-1.858E+02	1.00	2.094E-81	0	128	130	0	128	131	129M
4914	4914	-1.855E+02	1.00	2.872E-81	0	129	130	0	129	130	130M
4914	8713	-1.858E+02	1.00	2.094E-81	0	128	130	0	128	130	129M
4915	2411	-3.142E+02	0.990	3.595E-137	0	208	210	0	208	210	209M
4915	4915	-3.170E+02	1.00	2.103E-138	0	209	210	0	209	210	210M
4915	8714	-3.173E+02	1.00	1.534E-138	0	208	210	0	208	210	209M
4916	2412	-4.816E+02	0.996	7.098E-210	0	315	317	0	315	317	316M
4916	4916	-4.822E+02	1.00	3.779E-210	0	316	317	0	316	317	317M
4916	8715	-4.825E+02	1.00	2.758E-210	0	315	317	0	315	317	316M
4917	2413	-3.799E+02	1.00	9.872E-166	0	251	253	0	251	253	252M
4917	4917	-3.796E+02	1.00	1.353E-165	0	252	253	0	252	253	253M
4917	8716	-3.799E+02	1.00	9.872E-166	0	251	253	0	251	253	252M
4918	2414	-3.358E+02	0.995	1.466E-146	0	211	213	0	211	213	212M
4918	4918	-3.371E+02	1.00	4.151E-147	0	212	213	0	212	213	213M
4918	8717	-3.374E+02	1.00	3.028E-147	0	211	213	0	211	213	212M
4919	2415	-4.987E+02	0.985	2.606E-217	0	333	335	0	333	335	334M
4919	4919	-5.072E+02	1.00	5.256E-221	0	334	335	0	334	335	335M
4919	8718	-5.075E+02	1.00	3.835E-221	0	333	335	0	333	335	334M
4920	2416	-3.312E+02	1.00	1.444E-144	0	228	230	0	228	230	229M
4920	4920	-3.309E+02	1.00	1.979E-144	0	229	230	0	229	230	230M
4920	8719	-3.312E+02	1.00	1.444E-144	0	228	230	0	228	230	229M
4921	2418	-1.060E+02	0.962	9.399E-47	0	79	81	0	79	81	80M
4921	4921	-1.072E+02	1.00	2.651E-47	0	80	81	0	80	81	81M
4921	8720	-1.076E+02	1.00	1.932E-47	0	79	81	0	79	81	80M
4922	2419	-2.853E+02	0.989	1.229E-124	0	198	200	0	198	200	199M
4922	4922	-2.882E+02	1.00	7.188E-126	0	199	200	0	199	200	200M
4922	8721	-2.885E+02	1.00	5.244E-126	0	198	200	0	198	200	199M
4923	2420	-5.539E+02	1.00	2.835E-241	0	366	368	0	366	368	367M
4923	4923	-5.536E+02	1.00	3.885E-241	0	367	368	0	367	368	368M
4923	8722	-5.539E+02	1.00	2.835E-241	0	366	368	0	366	368	367M
4924	2421	-1.887E+02	0.993	1.122E-82	0	146	148	0	146	148	147M
4924	4924	-1.896E+02	1.00	4.351E-83	0	147	148	0	147	148	148M
4924	8723	-1.900E+02	1.00	3.173E-83	0	146	148	0	146	148	147M
4925	2422	-7.084E+02	0.998	0.000E+00	0	624	626	0	624	626	625M
4925	4925	-7.084E+02	1.00	0.000E+00	0	625	626	0	625	626	626M
4925	8724	-7.084E+02	1.00	0.000E+00	0	624	626	0	624	626	625M
4926	2424	-2.134E+02	0.973	2.102E-93	0	150	153	0	150	153	151M
4926	4926	-2.194E+02	1.00	5.223E-96	0	152	153	0	152	153	153M
4926	8725	-2.197E+02	1.00	3.809E-96	0	151	153	0	151	153	152M
4927	2425	-3.387E+02	0.986	7.699E-148	0	222	224	0	222	319	223M
4927	4927	-3.416E+02	1.00	4.506E-149	0	223	224	0	223	224	224M
4927	8726	-3.419E+02	1.00	3.287E-149	0	222	224	0	222	224	223M
4928	2426	-2.835E+02	0.994	7.881E-124	0	184	186	0	184	186	185M
4928	4928	-2.850E+02	1.00	1.627E-124	0	185	186	0	185	186	186M
4928	8727	-2.853E+02	1.00	1.187E-124	0	184	186	0	184	186	185M
4929	359	-4.503E+01	0.417	2.773E-20	19	109	112	20	110	126	91M
4929	4929	-1.661E+02	1.00	7.222E-73	0	111	112	0	111	112	112M
4929	8728	-1.664E+02	1.00	5.265E-73	0	110	112	0	110	112	111M
4930	4930	-4.508E+02	1.00	1.611E-196	0	293	294	0	293	294	294M
4930	8729	-4.511E+02	1.00	1.175E-196	0	292	294	0	292	294	293M
4931	4931	-1.473E+02	1.00	1.043E-64	0	101	102	0	101	102	102M
4931	8730	-1.476E+02	1.00	7.602E-65	0	100	102	0	100	102	101M
4932	3246	-1.332E+02	0.543	1.352E-58	16	185	188	0	170	173	117M1D53M
4932	4932	-2.837E+02	1.00	6.324E-124	0	187	188	0	187	188	188M
4932	8731	-2.840E+02	1.00	4.613E-124	0	186	188	0	186	188	187M
4933	3908	-2.662E+02	0.972	2.462E-116	0	182	184	0	182	184	183M
4933	4933	-2.716E+02	1.00	1.153E-118	0	183	184	0	183	184	184M
4933	8732	-2.719E+02	1.00	8.412E-119	0	182	184	0	182	184	183M
4934	4934	-4.710E+02	1.00	2.833E-205	0	300	301	0	300	301	301M
4934	8733	-4.713E+02	1.00	2.067E-205	0	299	301	0	299	301	300M
4935	4120	-5.025E+02	0.993	5.666E-219	0	332	334	0	332	334	333M
4935	4935	-5.047E+02	1.00	6.240E-220	0	333	334	0	333	334	334M
4935	8734	-5.051E+02	1.00	4.554E-220	0	332	334	0	332	334	333M
4936	4119	-1.990E+02	0.984	3.815E-87	0	129	131	0	129	131	130M
4936	4936	-2.012E+02	1.00	4.182E-88	0	130	131	0	130	131	131M
4936	8735	-2.015E+02	1.00	3.050E-88	0	129	131	0	129	131	130M
4937	4118	-3.679E+02	0.959	1.707E-160	0	246	248	0	246	248	247M
4937	4937	-3.827E+02	1.00	6.257E-167	0	247	248	0	247	248	248M
4937	8736	-3.830E+02	1.00	4.565E-167	0	246	248	0	246	248	247M
4938	2636	-4.041E+02	0.986	3.207E-176	0	294	296	0	294	296	295M
4938	4938	-4.094E+02	1.00	1.511E-178	0	295	296	0	295	296	296M
4938	8737	-4.098E+02	1.00	1.103E-178	0	294	296	0	294	296	295M
4939	2635	-4.433E+02	0.990	3.043E-193	0	304	307	0	304	307	305M
4939	4939	-4.505E+02	1.00	2.164E-196	0	306	307	0	306	307	307M
4939	8738	-4.508E+02	1.00	1.579E-196	0	305	307	0	305	307	306M
4940	2634	-5.826E+02	0.983	9.829E-254	0	413	415	0	413	415	414M
4940	4940	-5.901E+02	1.00	5.120E-257	0	414	415	0	414	415	415M
4940	8739	-5.904E+02	1.00	3.737E-257	0	413	415	0	413	415	414M
4941	2633	-6.379E+01	1.00	1.985E-28	0	55	57	0	55	57	56M
4941	4941	-6.347E+01	1.00	2.726E-28	0	56	57	0	56	57	57M
4941	8740	-6.379E+01	1.00	1.985E-28	0	55	57	0	55	57	56M
4942	2632	-2.171E+02	1.00	5.023E-95	0	139	141	0	139	141	140M
4942	4942	-2.168E+02	1.00	6.888E-95	0	140	141	0	140	141	141M
4942	8741	-2.171E+02	1.00	5.023E-95	0	139	141	0	139	141	140M
4943	2631	-4.292E+02	0.975	4.036E-187	0	283	285	0	283	285	284M
4943	4943	-4.374E+02	1.00	1.113E-190	0	284	285	0	284	285	285M
4943	8742	-4.377E+02	1.00	8.122E-191	0	283	285	0	283	285	284M
4944	2630	-6.996E+02	1.00	1.504E-304	0	444	446	0	444	446	445M
4944	4944	-6.993E+02	1.00	2.061E-304	0	445	446	0	445	446	446M
4944	8743	-6.996E+02	1.00	1.504E-304	0	444	446	0	444	446	445M
4945	1671	-4.538E+02	0.989	8.197E-198	0	289	291	0	289	291	290M
4945	4945	-4.582E+02	1.00	9.932E-200	0	290	291	0	290	291	291M
4945	8744	-4.585E+02	1.00	7.246E-200	0	289	291	0	289	291	290M
4946	1670	-3.167E+02	0.995	2.750E-138	0	207	209	0	207	209	208M
4946	4946	-3.177E+02	1.00	1.067E-138	0	208	209	0	208	209	209M
4946	8745	-3.180E+02	1.00	7.787E-139	0	207	209	0	207	209	208M
4947	1669	-4.919E+02	0.990	2.293E-214	0	323	325	0	323	325	324M
4947	4947	-4.970E+02	1.00	1.481E-216	0	324	325	0	324	325	325M
4947	8746	-4.973E+02	1.00	1.081E-216	0	323	325	0	323	325	324M
4948	1668	-7.202E+02	0.989	1.631E-313	0	481	483	0	481	483	482M
4948	4948	-7.259E+02	1.00	5.626E-316	0	482	483	0	482	483	483M
4948	8747	-7.262E+02	1.00	4.106E-316	0	481	483	0	481	483	482M
4949	1667	-6.483E+02	0.995	2.809E-282	0	429	431	0	429	431	430M
4949	4949	-6.508E+02	1.00	2.259E-283	0	430	431	0	430	431	431M
4949	8748	-6.511E+02	1.00	1.649E-283	0	429	431	0	429	431	430M
4950	1666	-7.084E+02	0.992	0.000E+00	0	513	515	0	513	515	514M
4950	4950	-7.084E+02	1.00	0.000E+00	0	514	515	0	514	515	515M
4950	8749	-7.084E+02	1.00	0.000E+00	0	513	515	0	513	515	514M
4951	1665	-7.216E+02	0.997	4.217E-314	0	479	481	0	479	481	480M
4951	4951	-7.222E+02	1.00	2.246E-314	0	480	481	0	480	481	481M
4951	8750	-7.225E+02	1.00	1.639E-314	0	479	481	0	479	481	480M
4952	1664	-2.659E+02	1.00	3.218E-116	0	181	183	0	181	183	182M
4952	4952	-2.656E+02	1.00	4.412E-116	0	182	183	0	182	183	183M
4952	8751	-2.659E+02	1.00	3.218E-116	0	181	183	0	181	183	182M
4953	1663	-3.371E+02	1.00	3.967E-147	0	230	232	0	230	232	231M
4953	4953	-3.368E+02	1.00	5.438E-147	0	231	232	0	231	232	232M
4953	8752	-3.371E+02	1.00	3.967E-147	0	230	232	0	230	232	231M
4954	1662	-1.413E+02	1.00	4.134E-62	0	106	108	0	106	108	107M
4954	4954	-1.410E+02	1.00	5.671E-62	0	107	108	0	107	108	108M
4954	8753	-1.413E+02	1.00	4.134E-62	0	106	108	0	106	108	107M
4955	1661	-2.790E+02	0.994	6.967E-122	0	192	194	0	192	194	193M
4955	4955	-2.802E+02	1.00	1.972E-122	0	193	194	0	193	194	194M
4955	8754	-2.806E+02	1.00	1.439E-122	0	192	194	0	192	194	193M
4956	1660	-6.311E+02	1.00	8.089E-275	0	453	455	0	453	455	454M
4956	4956	-6.308E+02	1.00	1.108E-274	0	454	455	0	454	455	455M
4956	8755	-6.311E+02	1.00	8.089E-275	0	453	455	0	453	455	454M
4957	1659	-5.060E+02	0.986	1.766E-220	0	359	361	0	359	361	360M
4957	4957	-5.139E+02	1.00	6.702E-224	0	360	361	0	360	361	361M
4957	8756	-5.142E+02	1.00	4.891E-224	0	359	361	0	359	361	360M
4958	1658	-3.482E+02	1.00	6.283E-152	0	223	225	0	223	225	224M
4958	4958	-3.478E+02	1.00	8.612E-152	0	224	225	0	224	225	225M
4958	8757	-3.482E+02	1.00	6.283E-152	0	223	225	0	223	225	224M
4959	1657	-1.546E+02	0.982	6.937E-68	0	112	114	0	112	114	113M
4959	4959	-1.565E+02	1.00	1.042E-68	0	113	114	0	113	114	114M
4959	8758	-1.569E+02	1.00	7.595E-69	0	112	114	0	112	114	113M
4960	1656	-1.595E+02	1.00	5.368E-70	0	116	118	0	116	118	117M
4960	4960	-1.592E+02	1.00	7.362E-70	0	117	118	0	117	118	118M
4960	8759	-1.595E+02	1.00	5.368E-70	0	116	118	0	116	118	117M
4961	1655	-4.824E+02	0.990	3.068E-210	0	324	326	0	324	326	325M
4961	4961	-4.853E+02	1.00	1.799E-211	0	325	326	0	325	326	326M
4961	8760	-4.856E+02	1.00	1.313E-211	0	324	326	0	324	326	325M
4962	1654	-2.998E+02	0.995	6.434E-131	0	199	201	0	199	201	200M
4962	4962	-3.007E+02	1.00	2.498E-131	0	200	201	0	200	201	201M
4962	8761	-3.010E+02	1.00	1.822E-131	0	199	201	0	199	201	200M
4963	1653	-7.084E+02	0.997	0.000E+00	0	942	944	0	942	945	943M
4963	4963	-7.084E+02	1.00	0.000E+00	0	943	944	0	943	944	944M
4963	8762	-7.084E+02	1.00	0.000E+00	0	942	944	0	942	944	943M
4964	4964	-7.084E+02	1.00	0.000E+00	0	551	552	0	551	552	552M
4964	8763	-7.084E+02	1.00	0.000E+00	0	550	552	0	550	552	551M
4965	1652	-7.084E+02	0.992	0.000E+00	0	567	569	0	567	569	568M
4965	4965	-7.084E+02	1.00	0.000E+00	0	568	569	0	568	569	569M
4965	8764	-7.084E+02	1.00	0.000E+00	0	567	569	0	567	569	568M
4966	1610	-4.581E+02	1.00	1.107E-199	0	298	300	0	298	300	299M
4966	4966	-4.578E+02	1.00	1.518E-199	0	299	300	0	299	300	300M
4966	8765	-4.581E+02	1.00	1.107E-199	0	298	300	0	298	300	299M
4967	1611	-7.084E+02	0.998	0.000E+00	0	654	656	0	654	656	655M
4967	4967	-7.084E+02	1.00	0.000E+00	0	655	656	0	655	656	656M
4967	8766	-7.084E+02	1.00	0.000E+00	0	654	656	0	654	656	655M
4968	1612	-3.296E+02	1.00	7.323E-144	0	229	231	0	229	231	230M
4968	4968	-3.293E+02	1.00	1.004E-143	0	230	231	0	230	231	231M
4968	8767	-3.296E+02	1.00	7.323E-144	0	229	231	0	229	231	230M
4969	1613	-2.507E+02	1.00	1.274E-109	8	182	184	396	570	572	175M
4969	4969	-2.630E+02	1.00	5.774E-115	0	183	184	0	183	184	184M
4969	8768	-2.507E+02	1.00	1.274E-109	8	182	184	396	570	572	175M
4970	1242	-5.875E+01	0.979	3.044E-26	0	48	50	95	143	145	49M
4970	5519	-5.971E+01	1.00	1.174E-26	0	48	50	0	48	50	49M
4970	8776	-5.971E+01	1.00	1.174E-26	0	48	50	0	48	50	49M
4971	4971	-6.332E+02	1.00	1.008E-275	0	443	444	0	443	444	444M
4971	9031	-6.263E+02	0.993	1.030E-272	0	442	444	0	439	441	117M3I323M
4972	1942	-4.799E+02	0.522	3.733E-209	0	647	650	0	640	642	37M1I14M7I49M1D20M7I123M2D12M3I59M1D196M2I31M11D26M1D7M1D18M1D24M5I7M
4972	4972	-7.084E+02	1.00	0.000E+00	0	649	650	0	649	650	650M
4972	9032	-7.084E+02	1.00	0.000E+00	0	648	650	0	648	650	649M
4973	1943	-2.929E+02	0.994	6.109E-128	0	184	186	0	184	186	185M
4973	4973	-2.932E+02	1.00	4.456E-128	0	185	186	0	185	186	186M
4973	9033	-2.936E+02	1.00	3.250E-128	0	184	186	0	184	186	185M
4974	1944	-3.068E+02	1.00	5.766E-134	0	204	206	0	204	206	205M
4974	4974	-3.065E+02	1.00	7.904E-134	0	205	206	0	205	206	206M
4974	9034	-3.068E+02	1.00	5.766E-134	0	204	206	0	204	206	205M
4975	1945	-2.650E+02	0.982	8.541E-116	0	175	177	0	175	177	176M
4975	4975	-2.687E+02	1.00	1.937E-117	0	176	177	0	176	177	177M
4975	9035	-2.691E+02	1.00	1.413E-117	0	175	177	0	175	177	176M
4976	1946	-3.164E+02	0.981	3.711E-138	0	220	222	0	220	222	221M
4976	4976	-3.196E+02	1.00	1.585E-139	0	221	222	0	221	222	222M
4976	9036	-3.199E+02	1.00	1.156E-139	0	220	222	0	220	222	221M
4977	1947	-3.933E+02	0.988	1.567E-171	0	262	264	0	262	264	263M
4977	4977	-3.955E+02	1.00	1.724E-172	0	263	264	0	263	264	264M
4977	9037	-3.958E+02	1.00	1.258E-172	0	262	264	0	262	264	263M
4978	1948	-7.084E+02	1.00	0.000E+00	0	482	484	0	482	484	483M
4978	4978	-7.084E+02	1.00	0.000E+00	0	483	484	0	483	484	484M
4978	9038	-7.084E+02	1.00	0.000E+00	0	482	484	0	482	484	483M
4979	1949	-4.404E+02	0.989	5.662E-192	0	280	282	0	280	282	281M
4979	4979	-4.435E+02	1.00	2.420E-193	0	281	282	0	281	282	282M
4979	9039	-4.438E+02	1.00	1.766E-193	0	280	282	0	280	282	281M
4980	1950	-1.257E+02	0.988	2.483E-55	0	89	91	0	89	91	90M
4980	4980	-1.270E+02	1.00	7.007E-56	0	90	91	0	90	91	91M
4980	9040	-1.273E+02	1.00	5.107E-56	0	89	91	0	89	91	90M
4981	1951	-3.404E+02	0.995	1.470E-148	0	227	229	0	227	229	228M
4981	4981	-3.426E+02	1.00	1.617E-149	0	228	229	0	228	229	229M
4981	9041	-3.429E+02	1.00	1.180E-149	0	227	229	0	227	229	228M
4982	1952	-4.054E+02	0.989	8.372E-177	0	272	274	0	272	274	273M
4982	4982	-4.095E+02	1.00	1.390E-178	0	273	274	0	273	274	274M
4982	9042	-4.098E+02	1.00	1.014E-178	0	272	274	0	272	274	273M
4983	1953	-2.011E+02	0.992	4.609E-88	0	131	133	0	131	133	132M
4983	4983	-2.020E+02	1.00	1.787E-88	0	132	133	0	132	133	133M
4983	9043	-2.024E+02	1.00	1.303E-88	0	131	133	0	131	133	132M
4984	1954	-7.084E+02	0.976	0.000E+00	0	643	645	0	643	645	644M
4984	4984	-7.084E+02	1.00	0.000E+00	0	644	645	0	644	645	645M
4984	9044	-7.084E+02	1.00	0.000E+00	0	643	645	0	643	645	644M
4985	1955	-3.898E+02	0.972	5.359E-170	0	250	252	0	250	252	251M
4985	4985	-3.970E+02	1.00	3.798E-173	0	251	252	0	251	252	252M
4985	9045	-3.973E+02	1.00	2.771E-173	0	250	252	0	250	252	251M
4986	1956	-4.758E+02	0.993	2.216E-207	0	330	332	0	330	332	331M
4986	4986	-4.809E+02	1.00	1.432E-209	0	331	332	0	331	332	332M
4986	9046	-4.812E+02	1.00	1.045E-209	0	330	332	0	330	332	331M
4987	1957	-1.360E+02	1.00	8.491E-60	0	105	107	0	105	107	106M
4987	4987	-1.357E+02	1.00	1.165E-59	0	106	107	0	106	107	107M
4987	9047	-1.360E+02	1.00	8.491E-60	0	105	107	0	105	107	106M
4988	1958	-2.254E+02	0.974	1.323E-98	0	158	160	0	158	160	159M
4988	4988	-2.304E+02	1.00	8.483E-101	0	159	160	0	159	160	160M
4988	9048	-2.307E+02	1.00	6.187E-101	0	158	160	0	158	160	159M
4989	1959	-6.138E+02	0.997	2.652E-267	0	405	407	0	405	407	406M
4989	4989	-6.148E+02	1.00	1.030E-267	0	406	407	0	406	407	407M
4989	9049	-6.151E+02	1.00	7.520E-268	0	405	407	0	405	407	406M
4990	1960	-5.406E+02	0.997	1.621E-235	0	353	355	0	353	355	354M
4990	4990	-5.419E+02	1.00	4.597E-236	0	354	355	0	354	355	355M
4990	9050	-5.422E+02	1.00	3.354E-236	0	353	355	0	353	355	354M
4991	2305	-5.117E+02	0.979	5.881E-223	0	338	340	0	338	340	339M
4991	4991	-5.215E+02	1.00	3.363E-227	0	339	340	0	339	340	340M
4991	9051	-5.218E+02	1.00	2.454E-227	0	338	340	0	338	340	339M
4992	2304	-6.126E+02	0.997	8.710E-267	0	390	392	0	390	392	391M
4992	4992	-6.139E+02	1.00	2.470E-267	0	391	392	0	391	392	392M
4992	9052	-6.142E+02	1.00	1.802E-267	0	390	392	0	390	392	391M
4993	2303	-4.829E+02	0.990	1.920E-210	0	314	316	0	314	316	315M
4993	4993	-4.867E+02	1.00	4.372E-212	0	315	316	0	315	316	316M
4993	9053	-4.870E+02	1.00	3.190E-212	0	314	316	0	314	316	315M
4994	2302	-6.362E+02	0.997	5.111E-277	0	405	407	0	405	407	406M
4994	4994	-6.371E+02	1.00	1.986E-277	0	406	407	0	406	407	407M
4994	9054	-6.374E+02	1.00	1.449E-277	0	405	407	0	405	407	406M
4995	2301	-6.573E+02	0.993	3.517E-286	0	439	441	0	439	441	440M
4995	4995	-6.611E+02	1.00	8.026E-288	0	440	441	0	440	441	441M
4995	9055	-6.614E+02	1.00	5.857E-288	0	439	441	0	439	441	440M
4996	2300	-6.279E+02	0.985	2.124E-273	0	408	410	0	408	410	409M
4996	4996	-6.360E+02	1.00	5.881E-277	0	409	410	0	409	410	410M
4996	9056	-6.364E+02	1.00	4.292E-277	0	408	410	0	408	410	409M
4997	2299	-5.786E+02	0.973	5.106E-252	0	376	378	0	376	378	377M
4997	4997	-5.909E+02	1.00	2.350E-257	0	377	378	0	377	378	378M
4997	9057	-5.912E+02	1.00	1.715E-257	0	376	378	0	376	378	377M
4998	2298	-7.404E+02	0.989	2.816E-322	0	467	469	0	467	469	468M
4998	4998	-7.084E+02	1.00	0.000E+00	0	468	469	0	468	469	469M
4998	9058	-7.084E+02	1.00	0.000E+00	0	467	469	0	467	469	468M
4999	2297	-4.441E+02	0.983	1.360E-193	0	308	310	0	308	310	309M
4999	4999	-4.494E+02	1.00	6.408E-196	0	309	310	0	309	310	310M
4999	9059	-4.498E+02	1.00	4.676E-196	0	308	310	0	308	310	309M
5000	2296	-3.810E+02	0.977	3.589E-166	0	263	265	0	263	265	264M
5000	5000	-3.876E+02	1.00	4.785E-169	0	264	265	0	264	265	265M
5000	9060	-3.879E+02	1.00	3.491E-169	0	263	265	0	263	265	264M
5001	2295	-6.490E+02	0.997	1.443E-282	0	435	437	0	435	437	436M
5001	5001	-6.502E+02	1.00	4.093E-283	0	436	437	0	436	437	437M
5001	9061	-6.505E+02	1.00	2.987E-283	0	435	437	0	435	437	436M
5002	2294	-4.520E+02	0.996	5.150E-197	0	308	310	0	308	310	309M
5002	5002	-4.520E+02	1.00	5.150E-197	0	309	310	0	309	310	310M
5002	9062	-4.523E+02	1.00	3.758E-197	0	308	310	0	308	310	309M
5003	2293	-7.124E+02	0.991	4.155E-310	0	460	462	0	460	462	461M
5003	5003	-7.199E+02	1.00	2.163E-313	0	461	462	0	461	462	462M
5003	9063	-7.203E+02	1.00	1.578E-313	0	460	462	0	460	462	461M
5004	2802	-7.013E+02	0.993	2.645E-305	0	454	456	0	454	456	455M
5004	5004	-7.042E+02	1.00	1.552E-306	0	455	456	0	455	456	456M
5004	9064	-7.045E+02	1.00	1.133E-306	0	454	456	0	454	456	455M
5005	2801	-4.901E+02	0.973	1.353E-213	0	334	336	0	334	336	335M
5005	5005	-5.009E+02	1.00	3.008E-218	0	335	336	0	335	336	336M
5005	9065	-5.012E+02	1.00	2.195E-218	0	334	336	0	334	336	335M
5006	2800	-5.537E+02	0.997	3.447E-241	0	350	352	0	350	352	351M
5006	5006	-5.549E+02	1.00	9.773E-242	0	351	352	0	351	352	352M
5006	9066	-5.553E+02	1.00	7.131E-242	0	350	352	0	350	352	351M
5007	1978	-7.763E+01	0.356	1.922E-34	2	201	203	7	211	213	91M5D109M
5007	5007	-2.719E+02	1.00	8.023E-119	0	202	203	0	202	203	203M
5007	9067	-2.722E+02	1.00	5.852E-119	0	201	203	0	201	203	202M
5008	3301	-3.709E+01	0.271	7.795E-17	5	281	291	2	288	292	74M1I73M4D8M4D15M2D10M4D8M1D9M6I35M6D6M4I28M
5008	5008	-4.384E+02	1.00	4.184E-191	0	290	291	0	290	291	291M
5008	9068	-4.387E+02	1.00	3.053E-191	0	289	291	0	289	291	290M
5009	2799	-5.025E+02	1.00	6.143E-219	0	327	329	0	327	329	328M
5009	5009	-5.021E+02	1.00	8.418E-219	0	328	329	0	328	329	329M
5009	9069	-5.025E+02	1.00	6.143E-219	0	327	329	0	327	329	328M
5010	2798	-5.375E+02	0.994	3.739E-234	0	346	348	0	346	348	347M
5010	5010	-5.397E+02	1.00	4.119E-235	0	347	348	0	347	348	348M
5010	9070	-5.400E+02	1.00	3.005E-235	0	346	348	0	346	348	347M
5011	4304	-2.353E+02	1.00	6.584E-103	0	162	164	0	162	164	163M
5011	5011	-2.350E+02	1.00	9.027E-103	0	163	164	0	163	164	164M
5011	9071	-2.353E+02	1.00	6.584E-103	0	162	164	0	162	164	163M
5012	4305	-3.102E+02	0.958	1.852E-135	0	216	220	0	216	218	217M
5012	5012	-3.273E+02	1.00	7.444E-143	0	219	220	0	219	220	220M
5012	9072	-3.276E+02	1.00	5.430E-143	0	218	220	0	218	220	219M
5013	5013	-7.084E+02	1.00	0.000E+00	0	895	896	0	895	896	896M
5013	9073	-7.084E+02	1.00	0.000E+00	0	894	896	0	894	896	895M
5014	5014	-1.182E+02	1.00	4.680E-52	0	89	90	0	89	90	90M
5014	9074	-1.185E+02	1.00	3.411E-52	0	88	90	0	88	90	89M
5015	3048	-4.123E+02	0.968	8.363E-180	0	285	288	0	285	288	286M
5015	5015	-4.268E+02	1.00	4.222E-186	0	287	288	0	287	288	288M
5015	9075	-4.272E+02	1.00	3.080E-186	0	286	288	0	286	288	287M
5016	3049	-4.415E+02	0.966	1.814E-192	0	296	298	0	296	298	297M
5016	5016	-4.554E+02	1.00	1.720E-198	0	297	298	0	297	298	298M
5016	9076	-4.557E+02	1.00	1.255E-198	0	296	298	0	296	298	297M
5017	3050	-7.084E+02	0.989	0.000E+00	7	973	975	6	972	974	967M
5017	5017	-7.084E+02	1.00	0.000E+00	0	974	975	0	974	975	975M
5017	9077	-7.084E+02	1.00	0.000E+00	0	973	975	0	973	975	974M
5018	5018	-1.597E+02	1.00	4.311E-70	0	119	120	0	119	120	120M
5018	9078	-1.600E+02	1.00	3.143E-70	0	118	120	0	118	120	119M
5019	5019	-4.394E+02	1.00	1.458E-191	0	281	282	0	281	282	282M
5019	9079	-4.397E+02	1.00	1.064E-191	0	280	282	0	280	282	281M
5020	2872	-4.749E+02	0.453	5.945E-207	14	786	804	12	794	795	39M1I14M1D21M1I27M2D33M6D9M8I44M4D64M3D11M2D75M1D42M2D118M1I105M2D20M1I8M1I130M
5020	5020	-7.084E+02	1.00	0.000E+00	0	803	804	0	803	804	804M
5020	9080	-7.084E+02	1.00	0.000E+00	0	802	804	0	802	804	803M
5021	5021	-1.701E+02	1.00	1.375E-74	0	114	115	0	114	115	115M
5021	9081	-1.704E+02	1.00	1.003E-74	0	113	115	0	113	115	114M
5022	5022	-5.220E+02	1.00	1.940E-227	0	334	335	0	334	335	335M
5022	9082	-5.223E+02	1.00	1.416E-227	0	333	335	0	333	335	334M
5023	5023	-2.384E+02	1.00	2.856E-104	0	170	171	0	170	171	171M
5023	9083	-2.387E+02	1.00	2.083E-104	0	169	171	0	169	171	170M
5024	5024	-7.537E+01	1.00	1.856E-33	0	59	60	0	59	60	60M
5024	9084	-7.568E+01	1.00	1.352E-33	0	58	60	0	58	60	59M
5025	5025	-7.084E+02	1.00	0.000E+00	0	668	669	0	668	669	669M
5025	9085	-7.084E+02	1.00	0.000E+00	0	667	669	0	667	669	668M
5026	5026	-4.778E+02	1.00	3.117E-208	0	316	317	0	316	317	317M
5026	9086	-4.781E+02	1.00	2.274E-208	0	315	317	0	315	317	316M
5027	5027	-7.084E+02	1.00	0.000E+00	0	628	629	0	628	629	629M
5027	9087	-7.084E+02	1.00	0.000E+00	0	627	629	0	627	629	628M
5028	5028	-3.597E+02	1.00	6.014E-157	0	233	234	0	233	234	234M
5028	9088	-3.600E+02	1.00	4.388E-157	0	232	234	0	232	234	233M
5029	5029	-1.024E+02	1.00	3.268E-45	0	75	76	0	75	76	76M
5029	9089	-1.027E+02	1.00	2.381E-45	0	74	76	0	74	76	75M
5030	5030	-4.758E+02	1.00	2.313E-207	0	305	306	0	305	306	306M
5030	9090	-4.761E+02	1.00	1.688E-207	0	304	306	0	304	306	305M
5031	5031	-7.084E+02	1.00	0.000E+00	0	1102	1103	0	1102	1103	1103M
5031	9091	-7.084E+02	1.00	0.000E+00	0	1101	1103	0	1101	1103	1102M
5032	5032	-4.521E+02	1.00	4.642E-197	0	280	281	0	280	281	281M
5032	9092	-4.524E+02	1.00	3.387E-197	0	279	281	0	279	281	280M
5033	5033	-7.084E+02	1.00	0.000E+00	0	637	638	0	637	638	638M
5033	9093	-7.084E+02	1.00	0.000E+00	0	636	638	0	636	638	637M
5034	5034	-7.084E+02	1.00	0.000E+00	0	779	780	0	779	780	780M
5034	9094	-7.084E+02	1.00	0.000E+00	0	778	780	0	778	780	779M
5035	3978	-6.661E+02	0.997	5.317E-290	0	426	428	0	426	428	427M
5035	5035	-6.673E+02	1.00	1.508E-290	0	427	428	0	427	428	428M
5035	9095	-6.677E+02	1.00	1.100E-290	0	426	428	0	426	428	427M
5036	3977	-5.298E+01	1.00	9.756E-24	0	43	45	0	43	45	44M
5036	5036	-5.267E+01	1.00	1.340E-23	0	44	45	0	44	45	45M
5036	9096	-5.298E+01	1.00	9.756E-24	0	43	45	0	43	45	44M
5037	3976	-7.084E+02	0.998	0.000E+00	0	943	945	0	943	945	944M
5037	5037	-7.084E+02	1.00	0.000E+00	0	944	945	0	944	945	945M
5037	9097	-7.084E+02	1.00	0.000E+00	0	943	945	0	943	945	944M
5038	4010	-3.516E+02	1.00	2.021E-153	0	237	239	0	237	239	238M
5038	5038	-3.513E+02	1.00	2.770E-153	0	238	239	0	238	239	239M
5038	9098	-3.516E+02	1.00	2.021E-153	0	237	239	0	237	239	238M
5039	4011	-7.084E+02	0.998	0.000E+00	0	548	550	0	548	550	549M
5039	5039	-7.084E+02	1.00	0.000E+00	0	549	550	0	549	550	550M
5039	9099	-7.084E+02	1.00	0.000E+00	0	548	550	0	548	550	549M
5040	4012	-1.702E+02	1.00	1.161E-74	0	116	118	0	116	118	117M
5040	5040	-1.699E+02	1.00	1.592E-74	0	117	118	0	117	118	118M
5040	9100	-1.702E+02	1.00	1.161E-74	0	116	118	0	116	118	117M
5041	4013	-7.011E+02	0.993	3.254E-305	0	472	474	0	472	474	473M
5041	5041	-7.046E+02	1.00	1.018E-306	0	473	474	0	473	474	474M
5041	9101	-7.049E+02	1.00	7.428E-307	0	472	474	0	472	474	473M
5042	1157	-2.564E+02	0.994	4.354E-112	0	182	184	0	182	184	183M
5042	5042	-2.564E+02	1.00	4.354E-112	0	183	184	0	183	184	184M
5042	9102	-2.567E+02	1.00	3.176E-112	0	182	184	0	182	184	183M
5043	1158	-3.412E+02	1.00	6.790E-149	0	224	226	0	224	226	225M
5043	5043	-3.409E+02	1.00	9.308E-149	0	225	226	0	225	226	226M
5043	9103	-3.412E+02	1.00	6.790E-149	0	224	226	0	224	226	225M
5044	1159	-7.084E+02	1.00	0.000E+00	0	594	596	0	594	596	595M
5044	5044	-7.084E+02	1.00	0.000E+00	0	595	596	0	595	596	596M
5044	9104	-7.084E+02	1.00	0.000E+00	0	594	596	0	594	596	595M
5045	1160	-2.593E+02	1.00	2.454E-113	0	168	170	0	168	170	169M
5045	5045	-2.590E+02	1.00	3.364E-113	0	169	170	0	169	170	170M
5045	9105	-2.593E+02	1.00	2.454E-113	0	168	170	0	168	170	169M
5046	1161	-7.110E+02	1.00	1.625E-309	0	442	444	0	442	444	443M
5046	5046	-7.107E+02	1.00	2.227E-309	0	443	444	0	443	444	444M
5046	9106	-7.110E+02	1.00	1.625E-309	0	442	444	0	442	444	443M
5047	1162	-7.084E+02	0.997	0.000E+00	0	893	895	0	893	895	894M
5047	5047	-7.084E+02	1.00	0.000E+00	0	894	895	0	894	895	895M
5047	9107	-7.084E+02	1.00	0.000E+00	0	893	895	0	893	895	894M
5048	1163	-5.061E+02	1.00	1.631E-220	0	337	339	0	337	339	338M
5048	5048	-5.058E+02	1.00	2.236E-220	0	338	339	0	338	339	339M
5048	9108	-5.061E+02	1.00	1.631E-220	0	337	339	0	337	339	338M
5049	1164	-2.837E+02	1.00	6.204E-124	0	179	181	0	179	181	180M
5049	5049	-2.834E+02	1.00	8.506E-124	0	180	181	0	180	181	181M
5049	9109	-2.837E+02	1.00	6.204E-124	0	179	181	0	179	181	180M
5050	1165	-2.304E+02	0.994	8.781E-101	0	172	174	0	172	174	173M
5050	5050	-2.313E+02	1.00	3.407E-101	0	173	174	0	173	174	174M
5050	9110	-2.317E+02	1.00	2.485E-101	0	172	174	0	172	174	173M
5051	1166	-1.349E+02	1.00	2.475E-59	0	101	103	0	101	103	102M
5051	5051	-1.346E+02	1.00	3.395E-59	0	102	103	0	102	103	103M
5051	9111	-1.349E+02	1.00	2.475E-59	0	101	103	0	101	103	102M
5052	1167	-7.084E+02	1.00	0.000E+00	0	628	630	0	628	630	629M
5052	5052	-7.084E+02	1.00	0.000E+00	0	629	630	0	629	630	630M
5052	9112	-7.084E+02	1.00	0.000E+00	0	628	630	0	628	630	629M
5053	1168	-7.084E+02	1.00	0.000E+00	0	531	533	0	531	533	532M
5053	5053	-7.084E+02	1.00	0.000E+00	0	532	533	0	532	533	533M
5053	9113	-7.084E+02	1.00	0.000E+00	0	531	533	0	531	533	532M
5054	1169	-6.977E+02	1.00	9.367E-304	0	497	499	0	497	499	498M
5054	5054	-6.974E+02	1.00	1.283E-303	0	498	499	0	498	499	499M
5054	9114	-6.977E+02	1.00	9.367E-304	0	497	499	0	497	499	498M
5055	1170	-3.046E+02	1.00	5.083E-133	0	210	212	0	210	212	211M
5055	5055	-3.043E+02	1.00	6.968E-133	0	211	212	0	211	212	212M
5055	9115	-3.046E+02	1.00	5.083E-133	0	210	212	0	210	212	211M
5056	1171	-1.387E+02	0.979	5.984E-61	0	96	98	0	96	98	97M
5056	5056	-1.390E+02	1.00	4.362E-61	0	97	98	0	97	98	98M
5056	9116	-1.393E+02	1.00	3.179E-61	0	96	98	0	96	98	97M
5057	1172	-4.476E+02	1.00	4.139E-195	0	294	296	0	294	296	295M
5057	5057	-4.473E+02	1.00	5.673E-195	0	295	296	0	295	296	296M
5057	9117	-4.476E+02	1.00	4.139E-195	0	294	296	0	294	296	295M
5058	1173	-3.878E+02	0.996	3.906E-169	0	252	254	0	252	254	253M
5058	5058	-3.894E+02	1.00	8.073E-170	0	253	254	0	253	254	254M
5058	9118	-3.897E+02	1.00	5.890E-170	0	252	254	0	252	254	253M
5059	1174	-2.190E+02	1.00	7.555E-96	0	139	141	0	139	141	140M
5059	5059	-2.187E+02	1.00	1.036E-95	0	140	141	0	140	141	141M
5059	9119	-2.190E+02	1.00	7.555E-96	0	139	141	0	139	141	140M
5060	1175	-1.021E+02	1.00	4.485E-45	0	74	76	0	74	76	75M
5060	5060	-1.018E+02	1.00	6.155E-45	0	75	76	0	75	76	76M
5060	9120	-1.021E+02	1.00	4.485E-45	0	74	76	0	74	76	75M
5061	1176	-7.084E+02	0.989	0.000E+00	0	557	559	0	557	559	558M
5061	5061	-7.084E+02	1.00	0.000E+00	0	558	559	0	558	559	559M
5061	9121	-7.084E+02	1.00	0.000E+00	0	557	559	0	557	559	558M
5062	1177	-6.283E+01	0.982	5.142E-28	0	55	57	0	55	57	56M
5062	5062	-6.379E+01	1.00	1.985E-28	0	56	57	0	56	57	57M
5062	9122	-6.410E+01	1.00	1.445E-28	0	55	57	0	55	57	56M
5063	1178	-6.025E+02	0.984	2.210E-262	0	398	400	0	398	400	399M
5063	5063	-6.129E+02	1.00	6.744E-267	0	399	400	0	399	400	400M
5063	9123	-6.132E+02	1.00	4.921E-267	0	398	400	0	398	400	399M
5064	1179	-4.420E+02	0.969	1.097E-192	0	292	294	10	302	304	293M
5064	5064	-4.524E+02	1.00	3.331E-197	0	293	294	0	293	294	294M
5064	9124	-4.527E+02	1.00	2.431E-197	0	292	294	0	292	294	293M
5065	1180	-5.270E+02	0.984	1.407E-229	0	376	378	0	382	384	21M6D356M
5065	5065	-5.317E+02	1.00	1.247E-231	0	377	378	0	377	378	378M
5065	9125	-5.320E+02	1.00	9.103E-232	0	376	378	0	376	378	377M
5066	1181	-7.084E+02	0.996	0.000E+00	0	546	548	0	546	548	547M
5066	5066	-7.084E+02	1.00	0.000E+00	0	547	548	0	547	548	548M
5066	9126	-7.084E+02	1.00	0.000E+00	0	546	548	0	546	548	547M
5067	1182	-2.826E+02	1.00	1.792E-123	0	188	190	0	188	190	189M
5067	5067	-2.823E+02	1.00	2.457E-123	0	189	190	0	189	190	190M
5067	9127	-2.826E+02	1.00	1.792E-123	0	188	190	0	188	190	189M
5068	1183	-2.928E+02	0.995	6.747E-128	0	206	208	0	206	208	207M
5068	5068	-2.938E+02	1.00	2.619E-128	0	207	208	0	207	208	208M
5068	9128	-2.941E+02	1.00	1.911E-128	0	206	208	0	206	208	207M
5069	2852	-8.092E+01	1.00	7.202E-36	0	61	63	0	61	63	62M
5069	5069	-8.060E+01	1.00	9.888E-36	0	62	63	0	62	63	63M
5069	9129	-8.092E+01	1.00	7.202E-36	0	61	63	0	61	63	62M
5070	2851	-7.084E+02	0.998	0.000E+00	0	686	688	0	686	688	687M
5070	5070	-7.084E+02	1.00	0.000E+00	0	687	688	0	687	688	688M
5070	9130	-7.084E+02	1.00	0.000E+00	0	686	688	0	686	688	687M
5071	2850	-2.118E+02	0.987	1.053E-92	0	165	167	0	165	167	166M
5071	5071	-2.149E+02	1.00	4.488E-94	0	166	167	0	166	167	167M
5071	9131	-2.153E+02	1.00	3.273E-94	0	165	167	0	165	167	166M
5072	2849	-6.105E+02	0.982	7.120E-266	0	408	410	0	408	410	409M
5072	5072	-6.187E+02	1.00	1.973E-269	0	409	410	0	409	410	410M
5072	9132	-6.190E+02	1.00	1.440E-269	0	408	410	0	408	410	409M
5073	2847	-4.403E+02	0.986	6.313E-192	0	289	291	0	289	291	290M
5073	5073	-4.469E+02	1.00	8.422E-195	0	290	291	0	290	291	291M
5073	9133	-4.472E+02	1.00	6.145E-195	0	289	291	0	289	291	290M
5074	2846	-2.798E+02	0.989	2.923E-122	2	187	189	0	185	187	186M
5074	5074	-2.839E+02	1.00	4.838E-124	0	188	189	0	188	189	189M
5074	9134	-2.843E+02	1.00	3.529E-124	0	187	189	0	187	189	188M
5075	1377	-2.769E+02	0.994	5.588E-121	0	196	198	0	196	198	197M
5075	5075	-2.772E+02	1.00	4.076E-121	0	197	198	0	197	198	198M
5075	9135	-2.775E+02	1.00	2.973E-121	0	196	198	0	196	198	197M
5076	1376	-2.943E+02	1.00	1.527E-128	0	188	190	0	188	190	189M
5076	5076	-2.940E+02	1.00	2.094E-128	0	189	190	0	189	190	190M
5076	9136	-2.943E+02	1.00	1.527E-128	0	188	190	0	188	190	189M
5077	1375	-2.548E+02	0.463	2.279E-111	0	491	493	0	448	450	112M9I74M5I16M15D9M1D54M8I6M28I7M7I35M1D19M2I27M1D22M4I8M2D12M1D23M1I4M
5077	5077	-7.387E+02	1.00	1.611E-321	0	492	493	0	492	493	493M
5077	9137	-7.390E+02	1.00	1.176E-321	0	491	493	0	491	493	492M
5078	1374	-6.150E+02	0.649	8.506E-268	0	676	678	0	696	698	309M1D9M7D19M7D21M3I5M2D9M1I127M3I39M6D6M1I3M8D7M1D33M9D20M9I14M4I35M
5078	5078	-7.084E+02	1.00	0.000E+00	0	677	678	0	677	678	678M
5078	9138	-7.084E+02	1.00	0.000E+00	0	676	678	0	676	678	677M
5079	1373	-3.571E+02	0.979	7.981E-156	0	240	242	0	240	242	241M
5079	5079	-3.631E+02	1.00	1.996E-158	0	241	242	0	241	242	242M
5079	9139	-3.634E+02	1.00	1.456E-158	0	240	242	0	240	242	241M
5080	1372	-7.084E+02	0.965	0.000E+00	0	802	804	0	802	804	803M
5080	5080	-7.084E+02	1.00	0.000E+00	0	803	804	0	803	804	804M
5080	9140	-7.084E+02	1.00	0.000E+00	0	802	804	0	802	804	803M
5081	1371	-4.488E+02	0.981	1.275E-195	0	316	318	0	316	318	317M
5081	5081	-4.611E+02	1.00	5.862E-201	0	317	318	0	317	318	318M
5081	9141	-4.614E+02	1.00	4.278E-201	0	316	318	0	316	318	317M
5082	1370	-4.924E+02	0.996	1.433E-214	0	313	315	0	313	315	314M
5082	5082	-4.930E+02	1.00	7.632E-215	0	314	315	0	314	315	315M
5082	9142	-4.933E+02	1.00	5.569E-215	0	313	315	0	313	315	314M
5083	1369	-3.836E+02	1.00	2.658E-167	0	268	270	0	268	270	269M
5083	5083	-3.832E+02	1.00	3.643E-167	0	269	270	0	269	270	270M
5083	9143	-3.836E+02	1.00	2.658E-167	0	268	270	0	268	270	269M
5084	1368	-6.745E+02	1.00	1.146E-293	0	468	470	0	468	470	469M
5084	5084	-6.742E+02	1.00	1.570E-293	0	469	470	0	469	470	470M
5084	9144	-6.745E+02	1.00	1.146E-293	0	468	470	0	468	470	469M
5085	1367	-3.668E+02	0.975	5.230E-160	0	243	245	0	243	245	244M
5085	5085	-3.759E+02	1.00	5.589E-164	0	244	245	0	244	245	245M
5085	9145	-3.762E+02	1.00	4.077E-164	0	243	245	0	243	245	244M
5086	1366	-3.712E+02	0.984	6.130E-162	0	249	251	0	249	251	250M
5086	5086	-3.750E+02	1.00	1.394E-163	0	250	251	0	250	251	251M
5086	9146	-3.753E+02	1.00	1.017E-163	0	249	251	0	249	251	250M
5087	1365	-3.915E+02	1.00	9.146E-171	0	266	268	0	266	268	267M
5087	5087	-3.912E+02	1.00	1.253E-170	0	267	268	0	267	268	268M
5087	9147	-3.915E+02	1.00	9.146E-171	0	266	268	0	266	268	267M
5088	1364	-3.270E+02	1.00	9.565E-143	0	230	232	0	230	232	231M
5088	5088	-3.267E+02	1.00	1.311E-142	0	231	232	0	231	232	232M
5088	9148	-3.270E+02	1.00	9.565E-143	0	230	232	0	230	232	231M
5089	1363	-7.084E+02	0.995	0.000E+00	0	1148	1150	0	1148	1150	1149M
5089	5089	-7.084E+02	1.00	0.000E+00	0	1149	1150	0	1149	1150	1150M
5089	9149	-7.084E+02	1.00	0.000E+00	0	1148	1150	0	1148	1150	1149M
5090	1362	-4.894E+02	0.988	2.954E-213	0	344	346	0	344	346	345M
5090	5090	-4.935E+02	1.00	4.914E-215	0	345	346	0	345	346	346M
5090	9150	-4.938E+02	1.00	3.586E-215	0	344	346	0	344	346	345M
5091	1361	-7.084E+02	0.998	0.000E+00	9	677	679	0	668	670	669M
5091	5091	-7.084E+02	1.00	0.000E+00	0	678	679	0	678	679	679M
5091	9151	-7.084E+02	1.00	0.000E+00	0	677	679	0	677	679	678M
5092	1360	-2.300E+02	1.00	1.255E-100	0	153	155	0	153	155	154M
5092	5092	-2.297E+02	1.00	1.721E-100	0	154	155	0	154	155	155M
5092	9152	-2.300E+02	1.00	1.255E-100	0	153	155	0	153	155	154M
5093	1359	-5.888E+02	0.997	1.891E-256	0	414	416	0	414	416	415M
5093	5093	-5.898E+02	1.00	7.348E-257	0	415	416	0	415	416	416M
5093	9153	-5.901E+02	1.00	5.363E-257	0	414	416	0	414	416	415M
5094	1358	-7.084E+02	1.00	0.000E+00	0	475	477	0	475	477	476M
5094	5094	-7.084E+02	1.00	0.000E+00	0	476	477	0	476	477	477M
5094	9154	-7.084E+02	1.00	0.000E+00	0	475	477	0	475	477	476M
5095	5095	-4.330E+02	1.00	8.765E-189	0	283	284	0	283	284	284M
5095	9155	-4.333E+02	1.00	6.395E-189	0	282	284	0	282	284	283M
5096	3315	-3.425E+02	0.922	1.829E-149	0	243	245	0	243	245	244M
5096	5096	-3.743E+02	1.00	2.704E-163	0	244	245	0	244	245	245M
5096	9156	-3.746E+02	1.00	1.973E-163	0	243	245	0	243	245	244M
5097	3316	-6.690E+02	0.992	2.978E-291	0	425	427	0	425	427	426M
5097	5097	-6.724E+02	1.00	9.306E-293	0	426	427	0	426	427	427M
5097	9157	-6.727E+02	1.00	6.791E-293	0	425	427	0	425	427	426M
5098	3317	-5.628E+02	0.976	3.759E-245	0	384	386	2	386	388	385M
5098	5098	-5.776E+02	1.00	1.393E-251	0	385	386	0	385	386	386M
5098	9158	-5.779E+02	1.00	1.017E-251	0	384	386	0	384	386	385M
5099	3318	-3.757E+02	0.963	7.079E-164	0	248	250	0	248	250	249M
5099	5099	-3.905E+02	1.00	2.594E-170	0	249	250	0	249	250	250M
5099	9159	-3.908E+02	1.00	1.893E-170	0	248	250	0	248	250	249M
5100	3319	-3.174E+02	0.995	1.419E-138	0	213	215	0	213	219	214M
5100	5100	-3.177E+02	1.00	1.035E-138	0	214	215	0	214	215	215M
5100	9160	-3.180E+02	1.00	7.551E-139	0	213	215	0	213	215	214M
5101	3320	-4.577E+02	0.996	1.612E-199	0	306	308	0	306	308	307M
5101	5101	-4.577E+02	1.00	1.612E-199	0	307	308	0	307	308	308M
5101	9161	-4.581E+02	1.00	1.176E-199	0	306	308	0	306	308	307M
5102	3321	-2.901E+02	1.00	1.033E-126	0	197	199	0	197	199	198M
5102	5102	-2.898E+02	1.00	1.416E-126	0	198	199	0	198	199	199M
5102	9162	-2.901E+02	1.00	1.033E-126	0	197	199	0	197	199	198M
5103	3322	-3.754E+02	1.00	9.391E-164	0	254	256	0	254	256	255M
5103	5103	-3.751E+02	1.00	1.287E-163	0	255	256	0	255	256	256M
5103	9163	-3.754E+02	1.00	9.391E-164	0	254	256	0	254	256	255M
5104	3323	-3.099E+02	1.00	2.461E-135	0	204	206	0	204	206	205M
5104	5104	-3.096E+02	1.00	3.373E-135	0	205	206	0	205	206	206M
5104	9164	-3.099E+02	1.00	2.461E-135	0	204	206	0	204	206	205M
5105	3324	-3.518E+02	0.995	1.618E-153	0	219	221	0	219	221	220M
5105	5105	-3.528E+02	1.00	6.280E-154	0	220	221	0	220	221	221M
5105	9165	-3.531E+02	1.00	4.581E-154	0	219	221	0	219	221	220M
5106	3325	-2.828E+02	1.00	1.554E-123	0	185	187	0	185	187	186M
5106	5106	-2.825E+02	1.00	2.130E-123	0	186	187	0	186	187	187M
5106	9166	-2.828E+02	1.00	1.554E-123	0	185	187	0	185	187	186M
5107	3326	-7.970E+01	1.00	2.431E-35	0	60	62	0	60	62	61M
5107	5107	-7.939E+01	1.00	3.338E-35	0	61	62	0	61	62	62M
5107	9167	-7.970E+01	1.00	2.431E-35	0	60	62	0	60	62	61M
5108	3206	-4.426E+02	0.996	6.173E-193	17	327	329	0	310	312	311M
5108	5108	-4.681E+02	1.00	5.084E-204	0	328	329	0	328	329	329M
5108	9168	-4.684E+02	1.00	3.710E-204	0	327	329	0	327	329	328M
5109	3207	-3.491E+02	1.00	2.436E-152	0	243	245	0	243	245	244M
5109	5109	-3.488E+02	1.00	3.339E-152	0	244	245	0	244	245	245M
5109	9169	-3.491E+02	1.00	2.436E-152	0	243	245	0	243	245	244M
5110	3208	-9.817E+01	1.00	2.325E-43	0	77	79	0	77	79	78M
5110	5110	-9.785E+01	1.00	3.191E-43	0	78	79	0	78	79	79M
5110	9170	-9.817E+01	1.00	2.325E-43	0	77	79	0	77	79	78M
5111	3209	-2.270E+02	1.00	2.482E-99	0	156	158	0	156	158	157M
5111	5111	-2.267E+02	1.00	3.403E-99	0	157	158	0	157	158	158M
5111	9171	-2.270E+02	1.00	2.482E-99	0	156	158	0	156	158	157M
5112	3210	-3.725E+02	0.996	1.603E-162	0	254	256	0	254	256	255M
5112	5112	-3.744E+02	1.00	2.418E-163	0	255	256	0	255	256	256M
5112	9172	-3.748E+02	1.00	1.764E-163	0	254	256	0	254	256	255M
5113	3211	-3.327E+02	1.00	3.230E-145	0	223	225	0	223	225	224M
5113	5113	-3.324E+02	1.00	4.428E-145	0	224	225	0	224	225	225M
5113	9173	-3.327E+02	1.00	3.230E-145	0	223	225	0	223	225	224M
5114	3212	-3.175E+02	0.995	1.311E-138	0	218	220	0	218	220	219M
5114	5114	-3.184E+02	1.00	5.090E-139	0	219	220	0	219	220	220M
5114	9174	-3.187E+02	1.00	3.714E-139	0	218	220	0	218	220	219M
5115	3213	-7.084E+02	0.993	0.000E+00	0	592	594	0	592	594	593M
5115	5115	-7.084E+02	1.00	0.000E+00	0	593	594	0	593	594	594M
5115	9175	-7.084E+02	1.00	0.000E+00	0	592	594	0	592	594	593M
5116	3214	-2.692E+02	0.978	1.211E-117	0	185	187	0	185	187	186M
5116	5116	-2.762E+02	1.00	1.171E-120	0	186	187	0	186	187	187M
5116	9176	-2.765E+02	1.00	8.544E-121	0	185	187	0	185	187	186M
5117	3215	-1.872E+02	1.00	5.120E-82	0	125	127	0	125	127	126M
5117	5117	-1.869E+02	1.00	7.022E-82	0	126	127	0	126	127	127M
5117	9177	-1.872E+02	1.00	5.120E-82	0	125	127	0	125	127	126M
5118	3216	-2.995E+02	1.00	8.664E-131	0	192	194	0	192	194	193M
5118	5118	-2.992E+02	1.00	1.188E-130	0	193	194	0	193	194	194M
5118	9178	-2.995E+02	1.00	8.664E-131	0	192	194	0	192	194	193M
5119	3217	-1.320E+02	1.00	4.806E-58	0	97	99	0	97	99	98M
5119	5119	-1.317E+02	1.00	6.593E-58	0	98	99	0	98	99	99M
5119	9179	-1.320E+02	1.00	4.806E-58	0	97	99	0	97	99	98M
5120	3218	-4.649E+02	1.00	1.275E-202	0	315	317	0	315	317	316M
5120	5120	-4.646E+02	1.00	1.747E-202	0	316	317	0	316	317	317M
5120	9180	-4.649E+02	1.00	1.275E-202	0	315	317	0	315	317	316M
5121	984	-4.346E+02	1.00	1.872E-189	0	276	278	0	276	278	277M
5121	5121	-4.342E+02	1.00	2.565E-189	0	277	278	0	277	278	278M
5121	9181	-4.346E+02	1.00	1.872E-189	0	276	278	0	276	278	277M
5122	983	-2.872E+02	0.989	1.821E-125	0	191	193	0	191	193	192M
5122	5122	-2.888E+02	1.00	3.761E-126	0	192	193	0	192	193	193M
5122	9182	-2.891E+02	1.00	2.743E-126	0	191	193	0	191	193	192M
5123	982	-7.084E+02	0.992	0.000E+00	0	568	570	0	568	570	569M
5123	5123	-7.084E+02	1.00	0.000E+00	0	569	570	0	569	570	570M
5123	9183	-7.084E+02	1.00	0.000E+00	0	568	570	0	568	570	569M
5124	981	-6.198E+02	0.992	6.881E-270	0	426	428	0	426	428	427M
5124	5124	-6.226E+02	1.00	4.040E-271	0	427	428	0	427	428	428M
5124	9184	-6.229E+02	1.00	2.949E-271	0	426	428	0	426	428	427M
5125	980	-7.084E+02	1.00	0.000E+00	0	620	622	0	620	622	621M
5125	5125	-7.084E+02	1.00	0.000E+00	0	621	622	0	621	622	622M
5125	9185	-7.084E+02	1.00	0.000E+00	0	620	622	0	620	622	621M
5126	979	-5.606E+02	0.992	3.411E-244	0	384	386	0	384	386	385M
5126	5126	-5.666E+02	1.00	8.573E-247	0	385	386	0	385	386	386M
5126	9186	-5.669E+02	1.00	6.256E-247	0	384	386	0	384	386	385M
5127	978	-5.279E+02	0.997	5.490E-230	0	349	351	0	349	351	350M
5127	5127	-5.285E+02	1.00	2.923E-230	0	350	351	0	350	351	351M
5127	9187	-5.288E+02	1.00	2.133E-230	0	349	351	0	349	351	350M
5128	977	-3.755E+02	0.983	8.032E-164	0	244	246	0	244	246	245M
5128	5128	-3.825E+02	1.00	7.801E-167	0	245	246	0	245	246	246M
5128	9188	-3.828E+02	1.00	5.691E-167	0	244	246	0	244	246	245M
5129	976	-2.810E+02	1.00	8.938E-123	0	182	184	0	182	184	183M
5129	5129	-2.807E+02	1.00	1.225E-122	0	183	184	0	183	184	184M
5129	9189	-2.810E+02	1.00	8.938E-123	0	182	184	0	182	184	183M
5130	975	-2.330E+02	1.00	6.474E-102	0	157	159	0	157	159	158M
5130	5130	-2.327E+02	1.00	8.877E-102	0	158	159	0	158	159	159M
5130	9190	-2.330E+02	1.00	6.474E-102	0	157	159	0	157	159	158M
5131	974	-2.410E+02	1.00	2.246E-105	0	162	164	0	162	164	163M
5131	5131	-2.406E+02	1.00	3.079E-105	0	163	164	0	163	164	164M
5131	9191	-2.410E+02	1.00	2.246E-105	0	162	164	0	162	164	163M
5132	973	-1.344E+02	1.00	4.188E-59	0	86	88	0	86	88	87M
5132	5132	-1.341E+02	1.00	5.746E-59	0	87	88	0	87	88	88M
5132	9192	-1.344E+02	1.00	4.188E-59	0	86	88	0	86	88	87M
5133	972	-6.279E+02	0.989	1.976E-273	0	393	395	0	393	395	394M
5133	5133	-6.336E+02	1.00	6.799E-276	0	394	395	0	394	395	395M
5133	9193	-6.339E+02	1.00	4.961E-276	0	393	395	0	393	395	394M
5134	971	-5.022E+02	1.00	7.664E-219	0	325	327	0	325	327	326M
5134	5134	-5.019E+02	1.00	1.050E-218	0	326	327	0	326	327	327M
5134	9194	-5.022E+02	1.00	7.664E-219	0	325	327	0	325	327	326M
5135	970	-5.827E+02	0.994	8.384E-254	0	369	371	0	369	371	370M
5135	5135	-5.856E+02	1.00	4.918E-255	0	370	371	0	370	371	371M
5135	9195	-5.859E+02	1.00	3.588E-255	0	369	371	0	369	371	370M
5136	969	-7.084E+02	1.00	0.000E+00	0	547	549	0	547	549	548M
5136	5136	-7.084E+02	1.00	0.000E+00	0	548	549	0	548	549	549M
5136	9196	-7.084E+02	1.00	0.000E+00	0	547	549	0	547	549	548M
5137	968	-4.900E+02	0.966	1.519E-213	0	323	325	0	323	325	324M
5137	5137	-5.083E+02	1.00	1.750E-221	0	324	325	0	324	325	325M
5137	9197	-5.086E+02	1.00	1.277E-221	0	323	325	0	323	325	324M
5138	967	-6.054E+02	1.00	1.230E-263	0	370	372	0	370	372	371M
5138	5138	-6.051E+02	1.00	1.686E-263	0	371	372	0	371	372	372M
5138	9198	-6.054E+02	1.00	1.230E-263	0	370	372	0	370	372	371M
5139	966	-7.249E+02	0.995	1.516E-315	0	482	484	0	482	484	483M
5139	5139	-7.265E+02	1.00	3.139E-316	0	483	484	0	483	484	484M
5139	9199	-7.268E+02	1.00	2.291E-316	0	482	484	0	482	484	483M
5140	965	-4.972E+02	0.996	1.117E-216	0	317	319	0	317	319	318M
5140	5140	-4.972E+02	1.00	1.117E-216	0	318	319	0	318	319	319M
5140	9200	-4.976E+02	1.00	8.150E-217	0	317	319	0	317	319	318M
5141	964	-5.109E+02	0.991	1.271E-222	0	341	343	0	341	343	342M
5141	5141	-5.157E+02	1.00	1.125E-224	0	342	343	0	342	343	343M
5141	9201	-5.160E+02	1.00	8.211E-225	0	341	343	0	341	343	342M
5142	963	-7.084E+02	1.00	0.000E+00	0	540	542	0	540	542	541M
5142	5142	-7.084E+02	1.00	0.000E+00	0	541	542	0	541	542	542M
5142	9202	-7.084E+02	1.00	0.000E+00	0	540	542	0	540	542	541M
5143	962	-2.654E+02	0.994	5.335E-116	8	185	187	0	177	179	178M
5143	5143	-2.774E+02	1.00	3.316E-121	0	186	187	0	186	187	187M
5143	9203	-2.777E+02	1.00	2.419E-121	0	185	187	0	185	187	186M
5144	961	-4.266E+02	0.965	5.520E-186	0	285	287	0	285	287	286M
5144	5144	-4.426E+02	1.00	5.757E-193	0	286	287	0	286	287	287M
5144	9204	-4.430E+02	1.00	4.200E-193	0	285	287	0	285	287	286M
5145	960	-2.337E+02	1.00	3.214E-102	0	149	151	0	149	151	150M
5145	5145	-2.334E+02	1.00	4.407E-102	0	150	151	0	150	151	151M
5145	9205	-2.337E+02	1.00	3.214E-102	0	149	151	0	149	151	150M
5146	959	-6.184E+02	0.997	2.703E-269	0	408	410	0	408	410	409M
5146	5146	-6.193E+02	1.00	1.051E-269	0	409	410	0	409	410	410M
5146	9206	-6.197E+02	1.00	7.666E-270	0	408	410	0	408	410	409M
5147	958	-6.437E+02	0.995	2.812E-280	0	440	442	0	440	442	441M
5147	5147	-6.475E+02	1.00	6.418E-282	0	441	442	0	441	442	442M
5147	9207	-6.478E+02	1.00	4.683E-282	0	440	442	0	440	442	441M
5148	957	-1.803E+02	1.00	4.841E-79	0	123	125	0	123	125	124M
5148	5148	-1.800E+02	1.00	6.639E-79	0	124	125	0	124	125	125M
5148	9208	-1.803E+02	1.00	4.841E-79	0	123	125	0	123	125	124M
5149	956	-2.132E+02	1.00	2.544E-93	0	155	157	0	155	157	156M
5149	5149	-2.129E+02	1.00	3.488E-93	0	156	157	0	156	157	157M
5149	9209	-2.132E+02	1.00	2.544E-93	0	155	157	0	155	157	156M
5150	955	-7.084E+02	0.998	0.000E+00	0	711	713	0	711	713	712M
5150	5150	-7.084E+02	1.00	0.000E+00	0	712	713	0	712	713	713M
5150	9210	-7.084E+02	1.00	0.000E+00	0	711	713	0	711	713	712M
5151	954	-4.732E+01	1.00	2.807E-21	0	37	38	0	37	38	38M
5151	5151	-4.732E+01	1.00	2.807E-21	0	37	38	0	37	38	38M
5151	9211	-4.732E+01	1.00	2.807E-21	0	37	38	0	37	38	38M
5152	3505	-7.084E+02	0.995	0.000E+00	0	817	819	323	1140	1142	818M
5152	5152	-7.084E+02	1.00	0.000E+00	0	818	819	0	818	819	819M
5152	9212	-7.084E+02	1.00	0.000E+00	0	817	819	0	817	819	818M
5153	2733	-1.817E+02	0.992	1.271E-79	0	128	130	0	128	130	129M
5153	5153	-1.826E+02	1.00	4.927E-80	0	129	130	0	129	130	130M
5153	9213	-1.829E+02	1.00	3.593E-80	0	128	130	0	128	130	129M
5154	2734	-2.474E+02	0.889	3.726E-108	0	180	182	0	180	182	181M
5154	5154	-2.745E+02	1.00	6.127E-120	0	181	182	0	181	182	182M
5154	9214	-2.748E+02	1.00	4.469E-120	0	180	182	0	180	182	181M
5155	5155	-3.266E+02	1.00	1.420E-142	0	226	227	0	226	227	227M
5155	9215	-3.269E+02	1.00	1.036E-142	0	225	227	0	225	227	226M
5156	5156	-3.215E+02	1.00	2.465E-140	0	215	216	0	215	216	216M
5156	9216	-3.218E+02	1.00	1.799E-140	0	214	216	0	214	216	215M
5157	5157	-2.823E+02	1.00	2.620E-123	0	197	198	0	197	198	198M
5157	9217	-2.826E+02	1.00	1.911E-123	0	196	198	0	196	198	197M
5158	3770	-6.066E+01	0.875	4.532E-27	0	47	50	382	429	433	48M
5158	5158	-7.018E+01	1.00	3.333E-31	0	49	50	0	49	50	50M
5158	9218	-7.049E+01	1.00	2.427E-31	0	48	50	0	48	50	49M
5159	5159	-4.456E+02	1.00	3.070E-194	0	284	285	0	284	285	285M
5159	9219	-4.459E+02	1.00	2.240E-194	0	283	285	0	283	285	284M
5160	5160	-1.259E+02	1.00	2.051E-55	0	99	100	0	99	100	100M
5160	9220	-1.262E+02	1.00	1.495E-55	0	98	100	0	98	100	99M
5161	4046	-5.410E+02	0.994	1.137E-235	24	386	388	0	362	364	363M
5161	5161	-5.816E+02	1.00	2.545E-253	0	387	388	0	387	388	388M
5161	9221	-5.819E+02	1.00	1.858E-253	0	386	388	0	386	388	387M
5162	3803	-2.203E+02	0.986	2.202E-96	23	166	168	0	143	145	144M
5162	5162	-2.569E+02	1.00	2.784E-112	0	167	168	0	167	168	168M
5162	9222	-2.572E+02	1.00	2.030E-112	0	166	168	0	166	168	167M
5163	3804	-7.006E+02	1.00	5.203E-305	0	455	457	0	455	457	456M
5163	5163	-7.003E+02	1.00	7.129E-305	0	456	457	0	456	457	457M
5163	9223	-7.006E+02	1.00	5.203E-305	0	455	457	0	455	457	456M
5164	3805	-1.862E+02	0.992	1.313E-81	0	138	140	0	138	140	139M
5164	5164	-1.872E+02	1.00	5.093E-82	0	139	140	0	139	140	140M
5164	9224	-1.875E+02	1.00	3.714E-82	0	138	140	0	138	140	139M
5165	3806	-2.210E+02	0.993	1.027E-96	0	150	152	0	150	152	151M
5165	5165	-2.220E+02	1.00	3.984E-97	0	151	152	0	151	152	152M
5165	9225	-2.223E+02	1.00	2.906E-97	0	150	152	0	150	152	151M
5166	3807	-6.912E+02	0.988	6.465E-301	0	441	443	0	441	443	442M
5166	5166	-6.969E+02	1.00	2.227E-303	0	442	443	0	442	443	443M
5166	9226	-6.972E+02	1.00	1.625E-303	0	441	443	0	441	443	442M
5167	3808	-5.059E+02	0.988	2.036E-220	0	335	337	0	335	337	336M
5167	5167	-5.100E+02	1.00	3.385E-222	0	336	337	0	336	337	337M
5167	9227	-5.103E+02	1.00	2.470E-222	0	335	337	0	335	337	336M
5168	3809	-2.804E+02	0.994	1.659E-122	0	195	197	0	195	197	196M
5168	5168	-2.817E+02	1.00	4.696E-123	0	196	197	0	196	197	197M
5168	9228	-2.820E+02	1.00	3.426E-123	0	195	197	0	195	197	196M
5169	2522	-1.233E+02	1.00	2.967E-54	0	88	90	14	102	104	89M
5169	5169	-1.229E+02	1.00	4.071E-54	0	89	90	0	89	90	90M
5169	9229	-1.233E+02	1.00	2.967E-54	0	88	90	0	88	90	89M
5170	2523	-7.084E+02	0.997	0.000E+00	0	847	849	0	847	849	848M
5170	5170	-7.084E+02	1.00	0.000E+00	0	848	849	0	848	849	849M
5170	9230	-7.084E+02	1.00	0.000E+00	0	847	849	0	847	849	848M
5171	2524	-7.084E+02	1.00	0.000E+00	0	539	541	0	539	541	540M
5171	5171	-7.084E+02	1.00	0.000E+00	0	540	541	0	540	541	541M
5171	9231	-7.084E+02	1.00	0.000E+00	0	539	541	0	539	541	540M
5172	2525	-7.084E+02	0.974	0.000E+00	0	925	927	0	925	927	926M
5172	5172	-7.084E+02	1.00	0.000E+00	0	926	927	0	926	927	927M
5172	9232	-7.084E+02	1.00	0.000E+00	0	925	927	0	925	927	926M
5173	2526	-3.154E+02	0.995	1.018E-137	0	208	210	0	208	210	209M
5173	5173	-3.161E+02	1.00	5.418E-138	0	209	210	0	209	210	210M
5173	9233	-3.164E+02	1.00	3.953E-138	0	208	210	0	208	210	209M
5174	2527	-7.084E+02	0.981	0.000E+00	0	756	758	0	756	758	757M
5174	5174	-7.084E+02	1.00	0.000E+00	0	757	758	0	757	758	758M
5174	9234	-7.084E+02	1.00	0.000E+00	0	756	758	0	756	758	757M
5175	2528	-5.357E+02	0.982	2.152E-233	0	343	345	0	343	345	344M
5175	5175	-5.446E+02	1.00	3.166E-237	0	344	345	0	344	345	345M
5175	9235	-5.449E+02	1.00	2.310E-237	0	343	345	0	343	345	344M
5176	2529	-1.115E+02	0.988	3.851E-49	0	83	85	0	83	85	84M
5176	5176	-1.124E+02	1.00	1.491E-49	0	84	85	0	84	85	85M
5176	9236	-1.127E+02	1.00	1.086E-49	0	83	85	0	83	85	84M
5177	2530	-2.344E+02	0.987	1.542E-102	0	160	162	0	161	163	150M1D11M
5177	5177	-2.388E+02	1.00	1.859E-104	0	161	162	0	161	162	162M
5177	9237	-2.392E+02	1.00	1.356E-104	0	160	162	0	160	162	161M
5178	2531	-4.669E+02	1.00	1.729E-203	0	306	308	0	306	308	307M
5178	5178	-4.666E+02	1.00	2.370E-203	0	307	308	0	307	308	308M
5178	9238	-4.669E+02	1.00	1.729E-203	0	306	308	0	306	308	307M
5179	2532	-6.079E+02	0.968	9.715E-265	0	410	412	0	410	412	411M
5179	5179	-6.306E+02	1.00	1.368E-274	0	411	412	0	411	412	412M
5179	9239	-6.309E+02	1.00	9.985E-275	0	410	412	0	410	412	411M
5180	5180	-2.503E+02	1.00	2.060E-109	0	160	161	0	160	161	161M
5180	9240	-2.506E+02	1.00	1.503E-109	0	159	161	0	159	161	160M
5181	2491	-7.235E+02	0.993	6.082E-315	0	478	480	0	478	480	479M
5181	5181	-7.298E+02	1.00	1.117E-317	0	479	480	0	479	480	480M
5181	9241	-7.301E+02	1.00	8.151E-318	0	478	480	0	478	480	479M
5182	2492	-4.108E+02	0.996	4.044E-179	0	286	288	0	286	288	287M
5182	5182	-4.117E+02	1.00	1.571E-179	0	287	288	0	287	288	288M
5182	9242	-4.120E+02	1.00	1.146E-179	0	286	288	0	286	288	287M
5183	2493	-1.529E+02	1.00	3.890E-67	0	102	104	0	102	104	103M
5183	5183	-1.526E+02	1.00	5.336E-67	0	103	104	0	103	104	104M
5183	9243	-1.529E+02	1.00	3.890E-67	0	102	104	0	102	104	103M
5184	2494	-1.338E+02	1.00	8.125E-59	0	93	95	0	93	95	94M
5184	5184	-1.334E+02	1.00	1.115E-58	0	94	95	0	94	95	95M
5184	9244	-1.338E+02	1.00	8.125E-59	0	93	95	0	93	95	94M
5185	2495	-1.523E+02	0.982	7.326E-67	0	115	117	0	115	117	116M
5185	5185	-1.554E+02	1.00	3.109E-68	0	116	117	0	116	117	117M
5185	9245	-1.558E+02	1.00	2.267E-68	0	115	117	0	115	117	116M
5186	2496	-1.769E+02	0.983	1.419E-77	0	121	123	0	121	123	122M
5186	5186	-1.779E+02	1.00	5.499E-78	0	122	123	0	122	123	123M
5186	9246	-1.782E+02	1.00	4.010E-78	0	121	123	0	121	123	122M
5187	2497	-5.053E+02	0.997	3.649E-220	0	334	336	0	334	336	335M
5187	5187	-5.062E+02	1.00	1.418E-220	0	335	336	0	335	336	336M
5187	9247	-5.065E+02	1.00	1.034E-220	0	334	336	0	334	336	335M
5188	2498	-7.000E+02	1.00	1.035E-304	0	463	465	0	463	465	464M
5188	5188	-6.996E+02	1.00	1.418E-304	0	464	465	0	464	465	465M
5188	9248	-7.000E+02	1.00	1.035E-304	0	463	465	0	463	465	464M
5189	2499	-1.408E+02	1.00	6.874E-62	0	97	99	0	97	99	98M
5189	5189	-1.405E+02	1.00	9.430E-62	0	98	99	0	98	99	99M
5189	9249	-1.408E+02	1.00	6.874E-62	0	97	99	0	97	99	98M
5190	4307	-1.853E+02	0.977	3.501E-81	0	134	154	0	134	141	135M
5190	5190	-2.168E+02	1.00	6.846E-95	0	153	154	0	153	154	154M
5190	9250	-2.171E+02	1.00	4.993E-95	0	152	154	0	152	154	153M
5191	5191	-2.422E+02	1.00	6.355E-106	0	163	164	0	163	164	164M
5191	9251	-2.425E+02	1.00	4.635E-106	0	162	164	0	162	164	163M
5192	3944	-6.500E+02	0.995	5.171E-283	0	413	415	0	413	415	414M
5192	5192	-6.519E+02	1.00	7.808E-284	0	414	415	0	414	415	415M
5192	9252	-6.522E+02	1.00	5.698E-284	0	413	415	0	413	415	414M
5193	3943	-3.190E+02	1.00	2.931E-139	0	213	215	0	213	215	214M
5193	5193	-3.187E+02	1.00	4.018E-139	0	214	215	0	214	215	215M
5193	9253	-3.190E+02	1.00	2.931E-139	0	213	215	0	213	215	214M
5194	3942	-2.376E+02	1.00	6.262E-104	0	159	161	0	159	161	160M
5194	5194	-2.373E+02	1.00	8.586E-104	0	160	161	0	160	161	161M
5194	9254	-2.376E+02	1.00	6.262E-104	0	159	161	0	159	161	160M
5195	3941	-2.651E+02	0.994	7.762E-116	0	173	175	0	173	175	174M
5195	5195	-2.666E+02	1.00	1.602E-116	0	174	175	0	174	175	175M
5195	9255	-2.669E+02	1.00	1.169E-116	0	173	175	0	173	175	174M
5196	3940	-4.647E+02	0.993	1.499E-202	0	305	307	0	305	307	306M
5196	5196	-4.666E+02	1.00	2.261E-203	0	306	307	0	306	307	307M
5196	9256	-4.669E+02	1.00	1.650E-203	0	305	307	0	305	307	306M
5197	3939	-3.269E+02	0.976	1.103E-142	0	213	215	0	216	218	32M3D182M
5197	5197	-3.338E+02	1.00	1.070E-145	0	214	215	0	214	215	215M
5197	9257	-3.300E+02	0.986	4.710E-144	0	213	215	0	216	218	32M3D182M
5198	2009	-7.084E+02	1.00	0.000E+00	0	496	498	0	496	498	497M
5198	5198	-7.084E+02	1.00	0.000E+00	0	497	498	0	497	498	498M
5198	9258	-7.084E+02	1.00	0.000E+00	0	496	498	0	496	498	497M
5199	2010	-5.560E+02	1.00	3.430E-242	0	368	370	0	368	370	369M
5199	5199	-5.557E+02	1.00	4.700E-242	0	369	370	0	369	370	370M
5199	9259	-5.560E+02	1.00	3.430E-242	0	368	370	0	368	370	369M
5200	2011	-6.954E+02	1.00	9.920E-303	0	446	448	0	446	448	447M
5200	5200	-6.951E+02	1.00	1.359E-302	0	447	448	0	447	448	448M
5200	9260	-6.954E+02	1.00	9.920E-303	0	446	448	0	446	448	447M
5201	2012	-3.574E+02	1.00	6.104E-156	0	241	243	0	241	243	242M
5201	5201	-3.571E+02	1.00	8.366E-156	0	242	243	0	242	243	243M
5201	9261	-3.574E+02	1.00	6.104E-156	0	241	243	0	241	243	242M
5202	2013	-2.529E+02	1.00	1.468E-110	0	183	185	0	183	185	184M
5202	5202	-2.526E+02	1.00	2.012E-110	0	184	185	0	184	185	185M
5202	9262	-2.529E+02	1.00	1.468E-110	0	183	185	0	183	185	184M
5203	2014	-3.772E+02	0.992	1.534E-164	0	249	251	0	249	251	250M
5203	5203	-3.800E+02	1.00	8.983E-166	0	250	251	0	250	251	251M
5203	9263	-3.803E+02	1.00	6.554E-166	0	249	251	0	249	251	250M
5204	2015	-4.016E+02	1.00	3.855E-175	0	273	275	0	273	275	274M
5204	5204	-4.013E+02	1.00	5.284E-175	0	274	275	0	274	275	275M
5204	9264	-4.016E+02	1.00	3.855E-175	0	273	275	0	273	275	274M
5205	2016	-5.915E+02	0.997	1.297E-257	0	397	399	0	397	399	398M
5205	5205	-5.924E+02	1.00	5.042E-258	0	398	399	0	398	399	399M
5205	9265	-5.928E+02	1.00	3.679E-258	0	397	399	0	397	399	398M
5206	2017	-6.728E+02	0.993	6.182E-293	0	450	452	0	450	452	451M
5206	5206	-6.760E+02	1.00	2.649E-294	0	451	452	0	451	452	452M
5206	9266	-6.763E+02	1.00	1.933E-294	0	450	452	0	450	452	451M
5207	2018	-7.084E+02	0.956	0.000E+00	0	840	842	0	845	847	572M5D269M
5207	5207	-7.084E+02	1.00	0.000E+00	0	841	842	0	841	842	842M
5207	9267	-7.084E+02	1.00	0.000E+00	0	840	842	0	840	842	841M
5208	2019	-2.158E+02	1.00	1.826E-94	0	166	168	0	166	168	167M
5208	5208	-2.155E+02	1.00	2.503E-94	0	167	168	0	167	168	168M
5208	9268	-2.158E+02	1.00	1.826E-94	0	166	168	0	166	168	167M
5209	2020	-5.355E+02	0.997	2.755E-233	0	355	357	0	355	357	356M
5209	5209	-5.364E+02	1.00	1.070E-233	0	356	357	0	356	357	357M
5209	9269	-5.367E+02	1.00	7.811E-234	0	355	357	0	355	357	356M
5210	2021	-2.357E+02	1.00	4.364E-103	0	160	162	0	160	162	161M
5210	5210	-2.354E+02	1.00	5.984E-103	0	161	162	0	161	162	162M
5210	9270	-2.357E+02	1.00	4.364E-103	0	160	162	0	160	162	161M
5211	2022	-4.006E+02	1.00	1.060E-174	0	261	263	0	261	263	262M
5211	5211	-4.003E+02	1.00	1.453E-174	0	262	263	0	262	263	263M
5211	9271	-4.006E+02	1.00	1.060E-174	0	261	263	0	261	263	262M
5212	2023	-4.108E+02	0.996	4.090E-179	0	293	295	0	293	295	294M
5212	5212	-4.123E+02	1.00	8.460E-180	0	294	295	0	294	295	295M
5212	9272	-4.126E+02	1.00	6.173E-180	0	293	295	0	293	295	294M
5213	2024	-2.121E+02	0.993	7.931E-93	0	159	161	0	159	161	160M
5213	5213	-2.143E+02	1.00	8.706E-94	0	160	161	0	160	161	161M
5213	9273	-2.146E+02	1.00	6.350E-94	0	159	161	0	159	161	160M
5214	2025	-5.106E+02	0.997	1.762E-222	0	348	350	0	348	350	349M
5214	5214	-5.119E+02	1.00	4.996E-223	0	349	350	0	349	350	350M
5214	9274	-5.122E+02	1.00	3.645E-223	0	348	350	0	348	350	349M
5215	2026	-2.093E+02	1.00	1.310E-91	0	145	147	0	145	147	146M
5215	5215	-2.089E+02	1.00	1.796E-91	0	146	147	0	146	147	147M
5215	9275	-2.093E+02	1.00	1.310E-91	0	145	147	0	145	147	146M
5216	2027	-3.445E+02	0.982	2.438E-150	0	227	229	0	227	229	228M
5216	5216	-3.508E+02	1.00	4.446E-153	0	228	229	0	228	229	229M
5216	9276	-3.511E+02	1.00	3.243E-153	0	227	229	0	227	229	228M
5217	4453	-1.483E+02	0.970	3.752E-65	0	102	120	0	102	107	103M
5217	5217	-1.768E+02	1.00	1.682E-77	0	119	120	0	119	120	120M
5217	9277	-1.771E+02	1.00	1.226E-77	0	118	120	0	118	120	119M
5218	5218	-1.051E+02	1.00	2.199E-46	0	78	79	0	78	79	79M
5218	9278	-1.054E+02	1.00	1.602E-46	0	77	79	0	77	79	78M
5219	3294	-1.273E+02	0.896	5.252E-56	0	96	98	11	105	107	11M2I84M
5219	5219	-1.475E+02	1.00	8.564E-65	0	97	98	0	97	98	98M
5219	9279	-1.478E+02	1.00	6.243E-65	0	96	98	0	96	98	97M
5220	3293	-2.709E+02	0.983	2.341E-118	0	177	179	0	177	182	178M
5220	5220	-2.753E+02	1.00	2.824E-120	0	178	179	0	178	179	179M
5220	9280	-2.756E+02	1.00	2.060E-120	0	177	179	0	177	179	178M
5221	3292	-2.107E+02	1.00	3.120E-92	0	148	150	0	148	150	149M
5221	5221	-2.104E+02	1.00	4.278E-92	0	149	150	0	149	150	150M
5221	9281	-2.107E+02	1.00	3.120E-92	0	148	150	0	148	150	149M
5222	3291	-6.619E+02	0.990	3.585E-288	0	415	417	0	415	417	416M
5222	5222	-6.685E+02	1.00	4.796E-291	0	416	417	0	416	417	417M
5222	9282	-6.688E+02	1.00	3.500E-291	0	415	417	0	415	417	416M
5223	3290	-6.746E+02	0.995	1.094E-293	0	467	469	0	467	469	468M
5223	5223	-6.777E+02	1.00	4.690E-295	0	468	469	0	468	469	469M
5223	9283	-6.780E+02	1.00	3.423E-295	0	467	469	0	467	469	468M
5224	3289	-3.754E+02	0.959	9.255E-164	0	247	249	0	247	249	248M
5224	5224	-3.871E+02	1.00	7.939E-169	0	248	249	0	248	249	249M
5224	9284	-3.874E+02	1.00	5.792E-169	0	247	249	0	247	249	248M
5225	3800	-5.385E+02	0.983	1.299E-234	18	391	393	0	373	375	374M
5225	5225	-5.735E+02	1.00	8.464E-250	0	392	393	0	392	393	393M
5225	9285	-5.738E+02	1.00	6.177E-250	0	391	393	0	391	393	392M
5226	3799	-6.713E+02	0.981	2.843E-292	0	483	485	0	483	485	484M
5226	5226	-6.814E+02	1.00	1.194E-296	0	484	485	0	484	485	485M
5226	9286	-6.817E+02	1.00	8.716E-297	0	483	485	0	483	485	484M
5227	3130	-1.149E+02	0.423	1.261E-50	0	207	213	25	234	245	201M2D7M
5227	5227	-3.449E+02	1.00	1.562E-150	0	212	213	0	212	213	213M
5227	9287	-3.453E+02	1.00	1.139E-150	0	211	213	0	211	213	212M
5228	3483	-7.084E+02	0.993	0.000E+00	0	479	481	0	479	481	480M
5228	5228	-7.084E+02	1.00	0.000E+00	0	480	481	0	480	481	481M
5228	9288	-7.084E+02	1.00	0.000E+00	0	479	481	0	479	481	480M
5229	3484	-2.026E+02	1.00	1.041E-88	0	146	148	0	146	148	147M
5229	5229	-2.023E+02	1.00	1.427E-88	0	147	148	0	147	148	148M
5229	9289	-2.026E+02	1.00	1.041E-88	0	146	148	0	146	148	147M
5230	3485	-7.084E+02	0.995	0.000E+00	0	696	698	0	696	698	697M
5230	5230	-7.084E+02	1.00	0.000E+00	0	697	698	0	697	698	698M
5230	9290	-7.084E+02	1.00	0.000E+00	0	696	698	0	696	698	697M
5231	4374	-9.377E+01	0.971	1.893E-41	0	70	72	0	70	72	71M
5231	5231	-9.757E+01	1.00	4.235E-43	0	71	72	0	71	72	72M
5231	9291	-9.788E+01	1.00	3.086E-43	0	70	72	0	70	72	71M
5232	4373	-2.190E+02	1.00	7.881E-96	0	153	155	0	153	155	154M
5232	5232	-2.187E+02	1.00	1.081E-95	0	154	155	0	154	155	155M
5232	9292	-2.190E+02	1.00	7.881E-96	0	153	155	0	153	155	154M
5233	5233	-1.056E+02	1.00	1.328E-46	0	87	88	0	87	88	88M
5233	9293	-1.060E+02	1.00	9.681E-47	0	86	88	0	86	88	87M
5234	5234	-7.172E+01	1.00	7.147E-32	0	56	57	0	56	57	57M
5234	9294	-7.203E+01	1.00	5.205E-32	0	55	57	0	55	57	56M
5235	3666	-7.084E+02	0.994	0.000E+00	0	555	573	0	555	577	556M
5235	5235	-7.084E+02	1.00	0.000E+00	0	572	573	0	572	573	573M
5235	9295	-7.084E+02	1.00	0.000E+00	0	571	573	0	571	573	572M
5236	3665	-4.665E+02	0.987	2.516E-203	0	314	316	0	314	316	315M
5236	5236	-4.715E+02	1.00	1.625E-205	0	315	316	0	315	316	316M
5236	9296	-4.719E+02	1.00	1.186E-205	0	314	316	0	314	316	315M
5237	3664	-7.084E+02	0.984	0.000E+00	0	951	953	0	951	953	952M
5237	5237	-7.084E+02	1.00	0.000E+00	0	952	953	0	952	953	953M
5237	9297	-7.084E+02	1.00	0.000E+00	0	951	953	0	951	953	952M
5238	3663	-4.341E+02	0.968	2.861E-189	0	285	287	0	285	287	286M
5238	5238	-4.483E+02	1.00	1.977E-195	0	286	287	0	286	287	287M
5238	9298	-4.486E+02	1.00	1.442E-195	0	285	287	0	285	287	286M
5239	3662	-2.092E+02	0.980	1.400E-91	0	153	155	0	153	155	154M
5239	5239	-2.127E+02	1.00	4.348E-93	0	154	155	0	154	155	155M
5239	9299	-2.130E+02	1.00	3.171E-93	0	153	155	0	153	155	154M
5240	3661	-1.104E+02	1.00	1.177E-48	0	80	82	0	80	82	81M
5240	5240	-1.100E+02	1.00	1.615E-48	0	81	82	0	81	82	82M
5240	9300	-1.104E+02	1.00	1.177E-48	0	80	82	0	80	82	81M
5241	4283	-1.963E+02	1.00	5.373E-86	0	138	140	0	138	140	139M
5241	5241	-1.960E+02	1.00	7.367E-86	0	139	140	0	139	140	140M
5241	9301	-1.963E+02	1.00	5.373E-86	0	138	140	0	138	140	139M
5242	4284	-6.248E+02	1.00	4.293E-272	0	432	434	0	432	434	433M
5242	5242	-6.245E+02	1.00	5.883E-272	0	433	434	0	433	434	434M
5242	9302	-6.248E+02	1.00	4.293E-272	0	432	434	0	432	434	433M
5243	4322	-4.159E+02	1.00	2.277E-181	0	263	265	0	263	265	264M
5243	5243	-4.156E+02	1.00	3.120E-181	0	264	265	0	264	265	265M
5243	9303	-4.159E+02	1.00	2.277E-181	0	263	265	0	263	265	264M
5244	4321	-3.409E+02	1.00	8.903E-149	34	266	286	0	232	267	233M
5244	5244	-4.279E+02	1.00	1.493E-186	0	285	286	0	285	286	286M
5244	9304	-4.282E+02	1.00	1.089E-186	0	284	286	0	284	286	285M
5245	3706	-1.568E+02	0.971	7.776E-69	0	106	108	0	106	108	107M
5245	5245	-1.587E+02	1.00	1.168E-69	0	107	108	0	107	108	108M
5245	9305	-1.590E+02	1.00	8.512E-70	0	106	108	0	106	108	107M
5246	3705	-1.679E+02	1.00	1.196E-73	0	112	114	0	112	114	113M
5246	5246	-1.676E+02	1.00	1.640E-73	0	113	114	0	113	114	114M
5246	9306	-1.679E+02	1.00	1.196E-73	0	112	114	0	112	114	113M
5247	3704	-6.008E+02	0.995	1.228E-261	0	401	403	0	401	403	402M
5247	5247	-6.023E+02	1.00	2.542E-262	0	402	403	0	402	403	403M
5247	9307	-6.027E+02	1.00	1.855E-262	0	401	403	0	401	403	402M
5248	3703	-1.949E+02	1.00	2.301E-85	0	142	144	0	142	144	143M
5248	5248	-1.946E+02	1.00	3.156E-85	0	143	144	0	143	144	144M
5248	9308	-1.949E+02	1.00	2.301E-85	0	142	144	0	142	144	143M
5249	3702	-2.206E+02	0.992	1.636E-96	0	140	142	0	140	142	141M
5249	5249	-2.237E+02	1.00	6.958E-98	0	141	142	0	141	142	142M
5249	9309	-2.240E+02	1.00	5.075E-98	0	140	142	0	140	142	141M
5250	3572	-1.045E+02	1.00	3.939E-46	0	76	78	0	76	78	77M
5250	5250	-1.042E+02	1.00	5.406E-46	0	77	78	0	77	78	78M
5250	9310	-1.045E+02	1.00	3.939E-46	0	76	78	0	76	78	77M
5251	3571	-1.714E+02	1.00	3.615E-75	0	118	120	0	118	120	119M
5251	5251	-1.711E+02	1.00	4.957E-75	0	119	120	0	119	120	120M
5251	9311	-1.714E+02	1.00	3.615E-75	0	118	120	0	118	120	119M
5252	3570	-1.457E+02	0.990	5.197E-64	0	107	109	0	107	109	108M
5252	5252	-1.470E+02	1.00	1.468E-64	0	108	109	0	108	109	109M
5252	9312	-1.473E+02	1.00	1.070E-64	0	107	109	0	107	109	108M
5253	3569	-5.365E+02	1.00	9.976E-234	0	367	369	0	367	369	368M
5253	5253	-5.362E+02	1.00	1.367E-233	0	368	369	0	368	369	369M
5253	9313	-5.365E+02	1.00	9.976E-234	0	367	369	0	367	369	368M
5254	3568	-2.945E+02	1.00	1.248E-128	0	197	199	0	197	199	198M
5254	5254	-2.942E+02	1.00	1.711E-128	0	198	199	0	198	199	199M
5254	9314	-2.945E+02	1.00	1.248E-128	0	197	199	0	197	199	198M
5255	3567	-3.170E+02	0.995	2.170E-138	0	222	224	0	222	224	223M
5255	5255	-3.192E+02	1.00	2.387E-139	0	223	224	0	223	224	224M
5255	9315	-3.195E+02	1.00	1.741E-139	0	222	224	0	222	224	223M
5256	3566	-2.537E+02	0.994	6.659E-111	0	173	175	0	173	175	174M
5256	5256	-2.537E+02	1.00	6.659E-111	0	174	175	0	174	175	175M
5256	9316	-2.540E+02	1.00	4.857E-111	0	173	175	0	173	175	174M
5257	3565	-1.380E+02	0.989	1.183E-60	0	97	99	0	97	99	98M
5257	5257	-1.386E+02	1.00	6.285E-61	0	98	99	0	98	99	99M
5257	9317	-1.389E+02	1.00	4.581E-61	0	97	99	0	97	99	98M
5258	3564	-4.118E+01	1.00	1.303E-18	0	32	34	0	32	34	33M
5258	5258	-4.086E+01	1.00	1.790E-18	0	33	34	0	33	34	34M
5258	9318	-4.118E+01	1.00	1.303E-18	0	32	34	0	32	34	33M
5259	3563	-5.873E+02	1.00	9.073E-256	0	380	382	0	380	382	381M
5259	5259	-5.869E+02	1.00	1.243E-255	0	381	382	0	381	382	382M
5259	9319	-5.873E+02	1.00	9.073E-256	0	380	382	0	380	382	381M
5260	3562	-7.084E+02	0.996	0.000E+00	0	527	529	0	527	529	528M
5260	5260	-7.084E+02	1.00	0.000E+00	0	528	529	0	528	529	529M
5260	9320	-7.084E+02	1.00	0.000E+00	0	527	529	0	527	529	528M
5261	5261	-7.955E+01	1.00	2.832E-35	0	64	65	0	64	65	65M
5261	9321	-7.987E+01	1.00	2.063E-35	0	63	65	0	63	65	64M
5262	1184	-2.858E+02	1.00	7.536E-125	0	201	203	0	201	203	202M
5262	5262	-2.855E+02	1.00	1.033E-124	0	202	203	0	202	203	203M
5262	9322	-2.858E+02	1.00	7.536E-125	0	201	203	0	201	203	202M
5263	1185	-1.517E+02	1.00	1.311E-66	0	101	103	0	101	103	102M
5263	5263	-1.514E+02	1.00	1.799E-66	0	102	103	0	102	103	103M
5263	9323	-1.517E+02	1.00	1.311E-66	0	101	103	0	101	103	102M
5264	1186	-4.908E+02	0.997	6.877E-214	0	333	335	0	333	335	334M
5264	5264	-4.918E+02	1.00	2.672E-214	0	334	335	0	334	335	335M
5264	9324	-4.921E+02	1.00	1.950E-214	0	333	335	0	333	335	334M
5265	1187	-7.084E+02	0.995	0.000E+00	0	697	699	0	697	699	698M
5265	5265	-7.084E+02	1.00	0.000E+00	0	698	699	0	698	699	699M
5265	9325	-7.084E+02	1.00	0.000E+00	0	697	699	0	697	699	698M
5266	1189	-7.084E+02	0.992	0.000E+00	0	978	980	0	978	980	979M
5266	5266	-7.084E+02	1.00	0.000E+00	0	979	980	0	979	980	980M
5266	9326	-7.084E+02	1.00	0.000E+00	0	978	980	0	978	980	979M
5267	1190	-5.957E+02	0.989	2.012E-259	0	382	384	0	382	384	383M
5267	5267	-5.991E+02	1.00	6.286E-261	0	383	384	0	383	384	384M
5267	9327	-5.995E+02	1.00	4.587E-261	0	382	384	0	382	384	383M
5268	1191	-6.331E+02	0.993	1.106E-275	0	444	446	0	444	446	445M
5268	5268	-6.359E+02	1.00	6.494E-277	0	445	446	0	445	446	446M
5268	9328	-6.363E+02	1.00	4.740E-277	0	444	446	0	444	446	445M
5269	1192	-3.189E+02	1.00	3.223E-139	0	215	217	0	215	217	216M
5269	5269	-3.186E+02	1.00	4.417E-139	0	216	217	0	216	217	217M
5269	9329	-3.189E+02	1.00	3.223E-139	0	215	217	0	215	217	216M
5270	1193	-7.084E+02	1.00	0.000E+00	0	512	514	0	512	514	513M
5270	5270	-7.084E+02	1.00	0.000E+00	0	513	514	0	513	514	514M
5270	9330	-7.084E+02	1.00	0.000E+00	0	512	514	0	512	514	513M
5271	1194	-3.236E+02	1.00	2.887E-141	0	222	224	0	222	224	223M
5271	5271	-3.233E+02	1.00	3.957E-141	0	223	224	0	223	224	224M
5271	9331	-3.236E+02	1.00	2.887E-141	0	222	224	0	222	224	223M
5272	1195	-3.462E+02	0.991	4.583E-151	0	225	227	0	225	227	226M
5272	5272	-3.490E+02	1.00	2.682E-152	0	226	227	0	226	227	227M
5272	9332	-3.493E+02	1.00	1.957E-152	0	225	227	0	225	227	226M
5273	1196	-7.084E+02	0.990	0.000E+00	0	505	507	0	505	507	506M
5273	5273	-7.084E+02	1.00	0.000E+00	0	506	507	0	506	507	507M
5273	9333	-7.084E+02	1.00	0.000E+00	0	505	507	0	505	507	506M
5274	1197	-5.324E+02	0.997	6.357E-232	0	348	350	0	348	350	349M
5274	5274	-5.336E+02	1.00	1.802E-232	0	349	350	0	349	350	350M
5274	9334	-5.339E+02	1.00	1.315E-232	0	348	350	0	348	350	349M
5275	1198	-3.646E+02	0.992	4.601E-159	0	249	251	0	249	251	250M
5275	5275	-3.671E+02	1.00	3.694E-160	0	250	251	0	250	251	251M
5275	9335	-3.674E+02	1.00	2.695E-160	0	249	251	0	249	251	250M
5276	1199	-2.024E+02	0.992	1.210E-88	0	136	138	0	136	138	137M
5276	5276	-2.056E+02	1.00	5.147E-90	0	137	138	0	137	138	138M
5276	9336	-2.059E+02	1.00	3.754E-90	0	136	138	0	136	138	137M
5277	1200	-7.084E+02	1.00	0.000E+00	0	757	759	0	757	759	758M
5277	5277	-7.084E+02	1.00	0.000E+00	0	758	759	0	758	759	759M
5277	9337	-7.084E+02	1.00	0.000E+00	0	757	759	0	757	759	758M
5278	1201	-1.685E+02	1.00	6.515E-74	0	119	121	0	119	121	120M
5278	5278	-1.682E+02	1.00	8.935E-74	0	120	121	0	120	121	121M
5278	9338	-1.685E+02	1.00	6.515E-74	0	119	121	0	119	121	120M
5279	1202	-5.364E+02	0.997	1.161E-233	0	350	352	0	350	352	351M
5279	5279	-5.376E+02	1.00	3.291E-234	0	351	352	0	351	352	352M
5279	9339	-5.379E+02	1.00	2.402E-234	0	350	352	0	350	352	351M
5280	1203	-4.871E+02	0.996	2.730E-212	0	304	306	0	304	306	305M
5280	5280	-4.881E+02	1.00	1.060E-212	0	305	306	0	305	306	306M
5280	9340	-4.884E+02	1.00	7.736E-213	0	304	306	0	304	306	305M
5281	1204	-2.796E+02	1.00	3.643E-122	0	185	187	0	185	187	186M
5281	5281	-2.793E+02	1.00	4.995E-122	0	186	187	0	186	187	187M
5281	9341	-2.796E+02	1.00	3.643E-122	0	185	187	0	185	187	186M
5282	1205	-7.084E+02	0.994	0.000E+00	0	673	675	0	673	675	674M
5282	5282	-7.084E+02	1.00	0.000E+00	0	674	675	0	674	675	675M
5282	9342	-7.084E+02	1.00	0.000E+00	0	673	675	0	673	675	674M
5283	1206	-1.924E+02	0.977	2.688E-84	0	134	136	0	134	136	135M
5283	5283	-1.959E+02	1.00	8.334E-86	0	135	136	0	135	136	136M
5283	9343	-1.962E+02	1.00	6.077E-86	0	134	136	0	134	136	135M
5284	1207	-3.513E+02	0.983	2.770E-153	0	237	239	0	237	239	238M
5284	5284	-3.582E+02	1.00	2.690E-156	0	238	239	0	238	239	239M
5284	9344	-3.585E+02	1.00	1.962E-156	0	237	239	0	237	239	238M
5285	1208	-5.673E+02	0.997	4.404E-247	0	357	365	0	357	361	358M
5285	5285	-5.786E+02	1.00	5.213E-252	0	364	365	0	364	365	365M
5285	9345	-5.789E+02	1.00	3.804E-252	0	363	365	0	363	365	364M
5286	3887	-4.211E+02	0.978	1.271E-183	0	280	282	0	280	282	281M
5286	5286	-4.281E+02	1.00	1.237E-186	0	281	282	0	281	282	282M
5286	9346	-4.284E+02	1.00	9.024E-187	0	280	282	0	280	282	281M
5287	3886	-1.971E+02	1.00	2.412E-86	0	161	163	0	161	163	162M
5287	5287	-1.968E+02	1.00	3.307E-86	0	162	163	0	162	163	163M
5287	9347	-1.971E+02	1.00	2.412E-86	0	161	163	0	161	163	162M
5288	3885	-7.084E+02	0.998	0.000E+00	0	544	546	0	544	546	545M
5288	5288	-7.084E+02	1.00	0.000E+00	0	545	546	0	545	546	546M
5288	9348	-7.084E+02	1.00	0.000E+00	0	544	546	0	544	546	545M
5289	3884	-4.358E+02	0.996	5.643E-190	0	284	286	0	284	286	285M
5289	5289	-4.364E+02	1.00	3.004E-190	0	285	286	0	285	286	286M
5289	9349	-4.367E+02	1.00	2.192E-190	0	284	286	0	284	286	285M
5290	3883	-6.036E+02	1.00	7.155E-263	0	405	430	0	405	406	406M
5290	5290	-6.376E+02	1.00	1.202E-277	0	429	430	0	429	430	430M
5290	9350	-6.379E+02	1.00	8.773E-278	0	428	430	0	428	430	429M
5291	5291	-3.396E+02	1.00	3.286E-148	0	225	226	0	225	226	226M
5291	9351	-3.399E+02	1.00	2.397E-148	0	224	226	0	224	226	225M
5292	3872	-1.804E+02	1.00	4.495E-79	0	128	130	0	128	130	129M
5292	5292	-1.801E+02	1.00	6.165E-79	0	129	130	0	129	130	130M
5292	9352	-1.804E+02	1.00	4.495E-79	0	128	130	0	128	130	129M
5293	3871	-3.469E+02	0.983	2.289E-151	0	237	239	0	237	239	238M
5293	5293	-3.541E+02	1.00	1.622E-154	0	238	239	0	238	239	239M
5293	9353	-3.544E+02	1.00	1.183E-154	0	237	239	0	237	239	238M
5294	3870	-3.309E+02	1.00	2.044E-144	0	222	224	0	222	224	223M
5294	5294	-3.305E+02	1.00	2.801E-144	0	223	224	0	223	224	224M
5294	9354	-3.309E+02	1.00	2.044E-144	0	222	224	0	222	224	223M
5295	1308	-2.299E+02	0.686	1.397E-100	0	213	218	0	213	218	214M
5295	5295	-3.289E+02	1.00	1.399E-143	0	217	218	0	217	218	218M
5295	9355	-3.292E+02	1.00	1.021E-143	0	216	218	0	216	218	217M
5296	2314	-3.690E+02	0.625	5.464E-161	2	400	404	0	398	403	227M1I11M1D160M
5296	5296	-5.944E+02	1.00	7.013E-259	0	403	404	0	403	404	404M
5296	9356	-5.947E+02	1.00	5.118E-259	0	402	404	0	402	404	403M
5297	2881	-6.593E+02	0.986	4.716E-287	0	450	452	0	450	452	451M
5297	5297	-6.669E+02	1.00	2.457E-290	0	451	452	0	451	452	452M
5297	9357	-6.672E+02	1.00	1.793E-290	0	450	452	0	450	452	451M
5298	2880	-3.783E+02	0.973	5.321E-165	0	260	262	0	260	262	261M
5298	5298	-3.921E+02	1.00	5.032E-171	0	261	262	0	261	262	262M
5298	9358	-3.924E+02	1.00	3.671E-171	0	260	262	0	260	262	261M
5299	2879	-6.741E+02	1.00	1.754E-293	0	450	452	0	450	452	451M
5299	5299	-6.738E+02	1.00	2.403E-293	0	451	452	0	451	452	452M
5299	9359	-6.741E+02	1.00	1.754E-293	0	450	452	0	450	452	451M
5300	2878	-2.031E+02	1.00	6.436E-89	0	136	138	0	136	138	137M
5300	5300	-2.028E+02	1.00	8.826E-89	0	137	138	0	137	138	138M
5300	9360	-2.031E+02	1.00	6.436E-89	0	136	138	0	136	138	137M
5301	2877	-3.883E+02	0.995	2.212E-169	0	240	242	0	240	242	241M
5301	5301	-3.893E+02	1.00	8.587E-170	0	241	242	0	241	242	242M
5301	9361	-3.896E+02	1.00	6.265E-170	0	240	242	0	240	242	241M
5302	2876	-3.243E+02	1.00	1.487E-141	0	208	210	0	208	210	209M
5302	5302	-3.240E+02	1.00	2.039E-141	0	209	210	0	209	210	210M
5302	9362	-3.243E+02	1.00	1.487E-141	0	208	210	0	208	210	209M
5303	2875	-3.829E+02	0.989	5.292E-167	0	276	278	0	276	278	277M
5303	5303	-3.863E+02	1.00	1.652E-168	0	277	278	0	277	278	278M
5303	9363	-3.866E+02	1.00	1.205E-168	0	276	278	0	276	278	277M
5304	2874	-7.353E+02	0.983	4.639E-320	0	482	484	0	482	484	483M
5304	5304	-7.444E+02	1.00	4.941E-324	0	483	484	0	483	484	484M
5304	9364	-7.084E+02	1.00	0.000E+00	0	482	484	0	482	484	483M
5305	2873	-6.794E+02	0.981	8.890E-296	0	438	440	0	438	440	439M
5305	5305	-6.917E+02	1.00	4.100E-301	0	439	440	0	439	440	440M
5305	9365	-6.920E+02	1.00	2.992E-301	0	438	440	0	438	440	439M
5306	2872	-7.084E+02	0.992	0.000E+00	0	794	810	0	794	795	795M
5306	5306	-7.084E+02	1.00	0.000E+00	0	809	810	0	809	810	810M
5306	9366	-7.084E+02	1.00	0.000E+00	0	808	810	0	808	810	809M
5307	4040	-2.319E+02	1.00	1.981E-101	0	154	156	0	154	156	155M
5307	5307	-2.316E+02	1.00	2.717E-101	0	155	156	0	155	156	156M
5307	9367	-2.319E+02	1.00	1.981E-101	0	154	156	0	154	156	155M
5308	4039	-1.926E+02	0.992	2.158E-84	0	136	138	0	136	138	137M
5308	5308	-1.926E+02	1.00	2.158E-84	0	137	138	0	137	138	138M
5308	9368	-1.930E+02	1.00	1.574E-84	0	136	138	0	136	138	137M
5309	4038	-1.964E+02	0.985	4.880E-86	0	136	138	0	136	138	137M
5309	5309	-1.999E+02	1.00	1.513E-87	0	137	138	0	137	138	138M
5309	9369	-2.002E+02	1.00	1.104E-87	0	136	138	0	136	138	137M
5310	4037	-4.460E+02	0.993	1.973E-194	0	287	289	0	287	289	288M
5310	5310	-4.489E+02	1.00	1.156E-195	0	288	289	0	288	289	289M
5310	9370	-4.492E+02	1.00	8.437E-196	0	287	289	0	287	289	288M
5311	4036	-4.027E+02	1.00	1.241E-175	0	269	271	0	269	271	270M
5311	5311	-4.024E+02	1.00	1.701E-175	0	270	271	0	270	271	271M
5311	9371	-4.027E+02	1.00	1.241E-175	0	269	271	0	269	271	270M
5312	2826	-5.148E+01	0.239	4.399E-23	17	305	307	3	295	299	87M1D28M1I55M7D29M2I16M1I70M
5312	5312	-4.606E+02	1.00	9.018E-201	0	306	307	0	306	307	307M
5312	9372	-4.609E+02	1.00	6.580E-201	0	305	307	0	305	307	306M
5313	1447	-6.333E+02	0.987	8.816E-276	0	412	414	0	412	414	413M
5313	5313	-6.412E+02	1.00	3.346E-279	0	413	414	0	413	414	414M
5313	9373	-6.415E+02	1.00	2.442E-279	0	412	414	0	412	414	413M
5314	1446	-5.879E+02	0.981	4.551E-256	0	372	374	0	372	374	373M
5314	5314	-5.968E+02	1.00	6.701E-260	0	373	374	0	373	374	374M
5314	9374	-5.971E+02	1.00	4.890E-260	0	372	374	0	372	374	373M
5315	1445	-3.535E+02	0.982	3.145E-154	0	231	233	0	231	233	232M
5315	5315	-3.594E+02	1.00	7.862E-157	0	232	233	0	232	233	233M
5315	9375	-3.598E+02	1.00	5.736E-157	0	231	233	0	231	233	232M
5316	1444	-3.609E+02	0.991	1.757E-157	0	246	248	0	246	248	247M
5316	5316	-3.625E+02	1.00	3.631E-158	0	247	248	0	247	248	248M
5316	9376	-3.628E+02	1.00	2.649E-158	0	246	248	0	246	248	247M
5317	1443	-6.561E+02	0.976	1.143E-285	0	417	419	0	417	419	418M
5317	5317	-6.684E+02	1.00	5.268E-291	0	418	419	0	418	419	419M
5317	9377	-6.687E+02	1.00	3.844E-291	0	417	419	0	417	419	418M
5318	1442	-6.559E+02	0.995	1.374E-285	0	448	450	0	448	450	449M
5318	5318	-6.588E+02	1.00	8.071E-287	0	449	450	0	449	450	450M
5318	9378	-6.591E+02	1.00	5.890E-287	0	448	450	0	448	450	449M
5319	1441	-2.436E+02	0.988	1.567E-106	6	179	181	0	173	175	174M
5319	5319	-2.581E+02	1.00	7.797E-113	0	180	181	0	180	181	181M
5319	9379	-2.585E+02	1.00	5.687E-113	0	179	181	0	179	181	180M
5320	1440	-5.494E+02	0.986	2.564E-239	0	368	370	0	368	370	369M
5320	5320	-5.557E+02	1.00	4.700E-242	0	369	370	0	369	370	370M
5320	9380	-5.560E+02	1.00	3.430E-242	0	368	370	0	368	370	369M
5321	1439	-5.976E+02	0.997	2.802E-260	0	387	389	0	387	389	388M
5321	5321	-5.983E+02	1.00	1.492E-260	0	388	389	0	388	389	389M
5321	9381	-5.986E+02	1.00	1.089E-260	0	387	389	0	387	389	388M
5322	1438	-1.882E+02	1.00	1.936E-82	0	118	120	0	118	120	119M
5322	5322	-1.878E+02	1.00	2.655E-82	0	119	120	0	119	120	120M
5322	9382	-1.882E+02	1.00	1.936E-82	0	118	120	0	118	120	119M
5323	1437	-2.653E+02	0.982	5.939E-116	0	174	176	0	174	176	175M
5323	5323	-2.704E+02	1.00	3.812E-118	0	175	176	0	175	176	176M
5323	9383	-2.707E+02	1.00	2.780E-118	0	174	176	0	174	176	175M
5324	1436	-6.709E+02	0.992	4.291E-292	0	424	426	0	424	426	425M
5324	5324	-6.750E+02	1.00	7.141E-294	0	425	426	0	425	426	426M
5324	9384	-6.753E+02	1.00	5.211E-294	0	424	426	0	424	426	425M
5325	1435	-2.398E+02	1.00	7.212E-105	0	160	162	0	160	162	161M
5325	5325	-2.395E+02	1.00	9.888E-105	0	161	162	0	161	162	162M
5325	9385	-2.398E+02	1.00	7.212E-105	0	160	162	0	160	162	161M
5326	1434	-3.560E+02	0.991	2.481E-155	0	244	246	0	244	246	245M
5326	5326	-3.576E+02	1.00	5.129E-156	0	245	246	0	245	246	246M
5326	9386	-3.579E+02	1.00	3.742E-156	0	244	246	0	244	246	245M
5327	1433	-4.954E+02	0.996	7.061E-216	0	316	318	0	316	318	317M
5327	5327	-4.970E+02	1.00	1.460E-216	0	317	318	0	317	318	318M
5327	9387	-4.973E+02	1.00	1.066E-216	0	316	318	0	316	318	317M
5328	1432	-4.746E+02	0.984	7.634E-207	0	316	318	0	316	318	317M
5328	5328	-4.809E+02	1.00	1.397E-209	0	317	318	0	317	318	318M
5328	9388	-4.812E+02	1.00	1.020E-209	0	316	318	0	316	318	317M
5329	1431	-4.576E+02	0.983	1.919E-199	0	303	305	0	303	305	304M
5329	5329	-4.645E+02	1.00	1.870E-202	0	304	305	0	304	305	305M
5329	9389	-4.648E+02	1.00	1.364E-202	0	303	305	0	303	305	304M
5330	1430	-7.084E+02	0.988	0.000E+00	0	767	769	0	767	769	768M
5330	5330	-7.084E+02	1.00	0.000E+00	0	768	769	0	768	769	769M
5330	9390	-7.084E+02	1.00	0.000E+00	0	767	769	0	767	769	768M
5331	5331	-6.611E+02	1.00	7.487E-288	0	425	426	0	425	426	426M
5331	9391	-6.614E+02	1.00	5.463E-288	0	424	426	0	424	426	425M
5332	1427	-7.357E+02	0.975	3.148E-320	0	494	496	0	494	496	495M
5332	5332	-7.084E+02	1.00	0.000E+00	0	495	496	0	495	496	496M
5332	9392	-7.084E+02	1.00	0.000E+00	0	494	496	0	494	496	495M
5333	1426	-7.084E+02	0.986	0.000E+00	0	819	821	4	823	825	820M
5333	5333	-7.084E+02	1.00	0.000E+00	0	820	821	0	820	821	821M
5333	9393	-7.084E+02	1.00	0.000E+00	0	819	821	0	819	821	820M
5334	1425	-3.906E+02	0.961	2.215E-170	0	258	260	0	258	260	259M
5334	5334	-4.042E+02	1.00	2.869E-176	0	259	260	0	259	260	260M
5334	9394	-4.045E+02	1.00	2.093E-176	0	258	260	0	258	260	259M
5335	2314	-3.699E+02	0.622	2.221E-161	0	401	405	0	401	403	227M1I11M1D163M
5335	5335	-5.969E+02	1.00	5.909E-260	0	404	405	0	404	405	405M
5335	9395	-5.972E+02	1.00	4.312E-260	0	403	405	0	403	405	404M
5336	1308	-2.299E+02	0.682	1.397E-100	0	213	218	0	213	218	214M
5336	5336	-3.283E+02	1.00	2.629E-143	0	217	218	0	217	218	218M
5336	9396	-3.286E+02	1.00	1.918E-143	0	216	218	0	216	218	217M
5337	3870	-3.271E+02	0.991	8.993E-143	0	222	224	0	222	224	223M
5337	5337	-3.296E+02	1.00	7.215E-144	0	223	224	0	223	224	224M
5337	9397	-3.299E+02	1.00	5.264E-144	0	222	224	0	222	224	223M
5338	4017	-4.679E+02	1.00	6.410E-204	0	305	307	0	305	307	306M
5338	5338	-4.676E+02	1.00	8.784E-204	0	306	307	0	306	307	307M
5338	9398	-4.679E+02	1.00	6.410E-204	0	305	307	0	305	307	306M
5339	4016	-1.428E+02	1.00	9.347E-63	0	95	97	0	95	97	96M
5339	5339	-1.425E+02	1.00	1.282E-62	0	96	97	0	96	97	97M
5339	9399	-1.428E+02	1.00	9.347E-63	0	95	97	0	95	97	96M
5340	4015	-5.475E+02	0.997	1.621E-238	0	367	369	0	367	369	368M
5340	5340	-5.494E+02	1.00	2.447E-239	0	368	369	0	368	369	369M
5340	9400	-5.497E+02	1.00	1.786E-239	0	367	369	0	367	369	368M
5341	2898	-2.484E+02	0.576	1.271E-108	0	292	305	0	291	320	179M1I113M
5341	5341	-4.509E+02	1.00	1.438E-196	0	304	305	0	304	305	305M
5341	9401	-4.513E+02	1.00	1.049E-196	0	303	305	0	303	305	304M
5342	3500	-4.115E+02	0.981	1.880E-179	0	263	265	0	263	265	264M
5342	5342	-4.185E+02	1.00	1.828E-182	0	264	265	0	264	265	265M
5342	9402	-4.188E+02	1.00	1.333E-182	0	263	265	0	263	265	264M
5343	3499	-3.494E+02	1.00	1.837E-152	0	237	239	0	237	239	238M
5343	5343	-3.491E+02	1.00	2.518E-152	0	238	239	0	238	239	239M
5343	9403	-3.494E+02	1.00	1.837E-152	0	237	239	0	237	239	238M
5344	3498	-7.084E+02	0.989	0.000E+00	0	576	578	0	576	578	577M
5344	5344	-7.084E+02	1.00	0.000E+00	0	577	578	0	577	578	578M
5344	9404	-7.084E+02	1.00	0.000E+00	0	576	578	0	576	578	577M
5345	3497	-6.532E+02	0.997	2.189E-284	0	433	435	0	433	435	434M
5345	5345	-6.541E+02	1.00	8.509E-285	0	434	435	0	434	435	435M
5345	9405	-6.544E+02	1.00	6.210E-285	0	433	435	0	433	435	434M
5346	3496	-5.054E+02	0.978	3.171E-220	0	331	333	0	331	333	332M
5346	5346	-5.171E+02	1.00	2.735E-225	0	332	333	0	332	333	333M
5346	9406	-5.174E+02	1.00	1.996E-225	0	331	333	0	331	333	332M
5347	3495	-6.061E+01	0.921	4.775E-27	0	50	51	0	50	525	51M
5347	5347	-6.568E+01	1.00	2.979E-29	0	50	51	0	50	51	51M
5347	9407	-6.568E+01	1.00	2.979E-29	0	50	51	0	50	51	51M
5348	1242	-3.694E+01	0.971	9.096E-17	0	34	36	109	143	145	35M
5348	6401	-3.789E+01	1.00	3.501E-17	0	34	36	0	34	36	35M
5348	9408	-3.789E+01	1.00	3.501E-17	0	34	36	0	34	36	35M
5349	1241	-2.709E+02	1.00	2.273E-118	0	183	185	0	183	185	184M
5349	5349	-2.706E+02	1.00	3.116E-118	0	184	185	0	184	185	185M
5349	9409	-2.709E+02	1.00	2.273E-118	0	183	185	0	183	185	184M
5350	1240	-7.349E+02	0.963	7.115E-320	0	498	500	0	498	500	499M
5350	5350	-7.084E+02	1.00	0.000E+00	0	499	500	0	499	500	500M
5350	9410	-7.084E+02	1.00	0.000E+00	0	498	500	0	498	500	499M
5351	1239	-7.084E+02	0.979	0.000E+00	0	790	792	0	790	792	791M
5351	5351	-7.084E+02	1.00	0.000E+00	0	791	792	0	791	792	792M
5351	9411	-7.084E+02	1.00	0.000E+00	0	790	792	0	790	792	791M
5352	1238	-4.600E+02	0.914	1.754E-200	0	326	328	0	326	328	327M
5352	5352	-5.047E+02	1.00	6.455E-220	0	327	328	0	327	328	328M
5352	9412	-5.050E+02	1.00	4.710E-220	0	326	328	0	326	328	327M
5353	1237	-3.276E+02	1.00	5.091E-143	0	230	232	0	230	232	231M
5353	5353	-3.273E+02	1.00	6.978E-143	0	231	232	0	231	232	232M
5353	9413	-3.276E+02	1.00	5.091E-143	0	230	232	0	230	232	231M
5354	1236	-3.934E+02	0.992	1.446E-171	0	267	269	0	267	269	268M
5354	5354	-3.953E+02	1.00	2.181E-172	0	268	269	0	268	269	269M
5354	9414	-3.956E+02	1.00	1.592E-172	0	267	269	0	267	269	268M
5355	1235	-5.099E+02	1.00	3.632E-222	0	350	352	0	350	352	351M
5355	5355	-5.096E+02	1.00	4.977E-222	0	351	352	0	351	352	352M
5355	9415	-5.099E+02	1.00	3.632E-222	0	350	352	0	350	352	351M
5356	3794	-7.084E+02	0.980	0.000E+00	0	909	911	7	916	918	910M
5356	5356	-7.084E+02	1.00	0.000E+00	0	910	911	0	910	911	911M
5356	9416	-7.084E+02	1.00	0.000E+00	0	909	911	0	909	911	910M
5357	3795	-7.084E+02	0.987	0.000E+00	0	898	900	0	898	900	899M
5357	5357	-7.084E+02	1.00	0.000E+00	0	899	900	0	899	900	900M
5357	9417	-7.084E+02	1.00	0.000E+00	0	898	900	0	898	900	899M
5358	3796	-3.026E+02	1.00	3.876E-132	0	193	195	0	193	195	194M
5358	5358	-3.023E+02	1.00	5.314E-132	0	194	195	0	194	195	195M
5358	9418	-3.026E+02	1.00	3.876E-132	0	193	195	0	193	195	194M
5359	985	-7.084E+02	0.976	0.000E+00	0	599	601	0	599	601	600M
5359	5359	-7.084E+02	1.00	0.000E+00	0	600	601	0	600	601	601M
5359	9419	-7.084E+02	1.00	0.000E+00	0	599	601	0	599	601	600M
5360	986	-7.084E+02	0.996	0.000E+00	0	512	514	0	512	514	513M
5360	5360	-7.084E+02	1.00	0.000E+00	0	513	514	0	513	514	514M
5360	9420	-7.084E+02	1.00	0.000E+00	0	512	514	0	512	514	513M
5361	987	-7.404E+02	1.00	2.915E-322	0	468	470	0	468	470	469M
5361	5361	-7.400E+02	1.00	4.002E-322	0	469	470	0	469	470	470M
5361	9421	-7.404E+02	1.00	2.915E-322	0	468	470	0	468	470	469M
5362	988	-2.659E+02	0.994	3.249E-116	0	168	170	0	168	170	169M
5362	5362	-2.672E+02	1.00	9.196E-117	0	169	170	0	169	170	170M
5362	9422	-2.675E+02	1.00	6.707E-117	0	168	170	0	168	170	169M
5363	989	-4.487E+02	1.00	1.396E-195	0	291	293	0	291	293	292M
5363	5363	-4.484E+02	1.00	1.914E-195	0	292	293	0	292	293	293M
5363	9423	-4.487E+02	1.00	1.396E-195	0	291	293	0	291	293	292M
5364	990	-6.343E+02	0.881	3.397E-276	0	480	482	0	484	486	228M3I10M3D20M4D220M
5364	5364	-7.244E+02	1.00	2.594E-315	0	481	482	0	481	482	482M
5364	9424	-7.247E+02	1.00	1.893E-315	0	480	482	0	480	482	481M
5365	991	-7.565E+01	0.984	1.405E-33	0	65	67	0	65	67	66M
5365	5365	-7.691E+01	1.00	3.954E-34	0	66	67	0	66	67	67M
5365	9425	-7.723E+01	1.00	2.880E-34	0	65	67	0	65	67	66M
5366	992	-2.098E+02	1.00	7.309E-92	0	146	148	0	146	148	147M
5366	5366	-2.095E+02	1.00	1.002E-91	0	147	148	0	147	148	148M
5366	9426	-2.098E+02	1.00	7.309E-92	0	146	148	0	146	148	147M
5367	993	-3.237E+02	1.00	2.665E-141	0	207	209	0	207	209	208M
5367	5367	-3.234E+02	1.00	3.653E-141	0	208	209	0	208	209	209M
5367	9427	-3.237E+02	1.00	2.665E-141	0	207	209	0	207	209	208M
5368	994	-3.862E+02	0.992	1.802E-168	0	251	253	0	251	253	252M
5368	5368	-3.897E+02	1.00	5.618E-170	0	252	253	0	252	253	253M
5368	9428	-3.900E+02	1.00	4.099E-170	0	251	253	0	251	253	252M
5369	995	-5.811E+02	0.997	4.203E-253	0	390	392	0	390	392	391M
5369	5369	-5.824E+02	1.00	1.192E-253	0	391	392	0	391	392	392M
5369	9429	-5.827E+02	1.00	8.698E-254	0	390	392	0	390	392	391M
5370	996	-6.457E+02	1.00	3.878E-281	0	411	413	0	411	413	412M
5370	5370	-6.454E+02	1.00	5.314E-281	0	412	413	0	412	413	413M
5370	9430	-6.457E+02	1.00	3.878E-281	0	411	413	0	411	413	412M
5371	997	-7.084E+02	1.00	0.000E+00	0	755	757	0	755	757	756M
5371	5371	-7.084E+02	1.00	0.000E+00	0	756	757	0	756	757	757M
5371	9431	-7.084E+02	1.00	0.000E+00	0	755	757	0	755	757	756M
5372	998	-7.084E+02	0.996	0.000E+00	0	948	950	0	948	950	949M
5372	5372	-7.084E+02	1.00	0.000E+00	0	949	950	0	949	950	950M
5372	9432	-7.084E+02	1.00	0.000E+00	0	948	950	0	948	950	949M
5373	999	-3.584E+02	0.987	2.157E-156	0	239	241	0	239	241	240M
5373	5373	-3.622E+02	1.00	4.904E-158	0	240	241	0	240	241	241M
5373	9433	-3.625E+02	1.00	3.578E-158	0	239	241	0	239	241	240M
5374	1000	-4.273E+02	0.992	2.765E-186	0	277	279	0	277	279	278M
5374	5374	-4.292E+02	1.00	4.171E-187	0	278	279	0	278	279	279M
5374	9434	-4.295E+02	1.00	3.043E-187	0	277	279	0	277	279	278M
5375	1001	-7.108E+02	0.995	1.916E-309	0	459	461	0	459	461	460M
5375	5375	-7.124E+02	1.00	3.966E-310	0	460	461	0	460	461	461M
5375	9435	-7.127E+02	1.00	2.894E-310	0	459	461	0	459	461	460M
5376	1002	-2.633E+02	0.983	4.551E-115	0	177	179	0	177	179	178M
5376	5376	-2.686E+02	1.00	2.131E-117	0	178	179	0	178	179	179M
5376	9436	-2.690E+02	1.00	1.554E-117	0	177	179	0	177	179	178M
5377	1003	-1.893E+02	1.00	5.891E-83	0	126	128	0	126	128	127M
5377	5377	-1.890E+02	1.00	8.078E-83	0	127	128	0	127	128	128M
5377	9437	-1.893E+02	1.00	5.891E-83	0	126	128	0	126	128	127M
5378	1004	-7.084E+02	0.997	0.000E+00	0	820	822	0	820	822	821M
5378	5378	-7.084E+02	1.00	0.000E+00	0	821	822	0	821	822	822M
5378	9438	-7.084E+02	1.00	0.000E+00	0	820	822	0	820	822	821M
5379	1005	-5.323E+02	1.00	6.798E-232	0	336	338	0	336	338	337M
5379	5379	-5.320E+02	1.00	9.316E-232	0	337	338	0	337	338	338M
5379	9439	-5.323E+02	1.00	6.798E-232	0	336	338	0	336	338	337M
5380	1006	-7.258E+02	1.00	6.042E-316	0	469	471	0	469	471	470M
5380	5380	-7.255E+02	1.00	8.280E-316	0	470	471	0	470	471	471M
5380	9440	-7.258E+02	1.00	6.042E-316	0	469	471	0	469	471	470M
5381	1007	-5.267E+01	1.00	1.340E-23	0	43	45	0	43	45	44M
5381	5381	-5.235E+01	1.00	1.841E-23	0	44	45	0	44	45	45M
5381	9441	-5.267E+01	1.00	1.340E-23	0	43	45	0	43	45	44M
5382	1008	-5.868E+02	0.990	1.412E-255	0	403	405	0	403	405	404M
5382	5382	-5.925E+02	1.00	4.864E-258	0	404	405	0	404	405	405M
5382	9442	-5.928E+02	1.00	3.550E-258	0	403	405	0	403	405	404M
5383	1009	-6.566E+02	0.997	6.988E-286	0	447	449	0	447	449	448M
5383	5383	-6.575E+02	1.00	2.716E-286	0	448	449	0	448	449	449M
5383	9443	-6.579E+02	1.00	1.982E-286	0	447	449	0	447	449	448M
5384	1010	-5.465E+02	1.00	4.470E-238	0	355	357	0	355	357	356M
5384	5384	-5.462E+02	1.00	6.126E-238	0	356	357	0	356	357	357M
5384	9444	-5.465E+02	1.00	4.470E-238	0	355	357	0	355	357	356M
5385	147	-4.318E+02	1.00	2.907E-188	0	274	276	0	274	276	275M
5385	5385	-4.315E+02	1.00	3.984E-188	0	275	276	0	275	276	276M
5385	9445	-4.318E+02	1.00	2.907E-188	0	274	276	0	274	276	275M
5386	148	-3.677E+02	1.00	1.966E-160	0	249	251	0	249	251	250M
5386	5386	-3.674E+02	1.00	2.695E-160	0	250	251	0	250	251	251M
5386	9446	-3.677E+02	1.00	1.966E-160	0	249	251	0	249	251	250M
5387	149	-3.986E+02	0.996	7.745E-174	0	290	292	0	290	292	291M
5387	5387	-3.995E+02	1.00	3.009E-174	0	291	292	0	291	292	292M
5387	9447	-3.999E+02	1.00	2.196E-174	0	290	292	0	290	292	291M
5388	150	-2.357E+02	0.975	4.364E-103	0	160	162	0	160	162	161M
5388	5388	-2.392E+02	1.00	1.356E-104	0	161	162	0	161	162	162M
5388	9448	-2.395E+02	1.00	9.888E-105	0	160	162	0	160	162	161M
5389	151	-4.259E+02	0.996	1.107E-185	0	273	275	0	273	275	274M
5389	5389	-4.268E+02	1.00	4.300E-186	0	274	275	0	274	275	275M
5389	9449	-4.271E+02	1.00	3.138E-186	0	273	275	0	273	275	274M
5390	152	-3.339E+02	0.983	9.416E-146	0	237	239	0	237	239	238M
5390	5390	-3.377E+02	1.00	2.141E-147	0	238	239	0	238	239	239M
5390	9450	-3.380E+02	1.00	1.562E-147	0	237	239	0	237	239	238M
5391	153	-1.471E+02	1.00	1.268E-64	0	104	106	0	104	106	105M
5391	5391	-1.468E+02	1.00	1.740E-64	0	105	106	0	105	106	106M
5391	9451	-1.471E+02	1.00	1.268E-64	0	104	106	0	104	106	105M
5392	154	-2.144E+02	1.00	7.410E-94	0	149	151	0	149	151	150M
5392	5392	-2.141E+02	1.00	1.016E-93	0	150	151	0	150	151	151M
5392	9452	-2.144E+02	1.00	7.410E-94	0	149	151	0	149	151	150M
5393	155	-2.926E+02	1.00	8.416E-128	0	204	206	0	204	206	205M
5393	5393	-2.923E+02	1.00	1.154E-127	0	205	206	0	205	206	206M
5393	9453	-2.926E+02	1.00	8.416E-128	0	204	206	0	204	206	205M
5394	156	-5.170E+02	1.00	2.867E-225	0	332	334	0	332	334	333M
5394	5394	-5.167E+02	1.00	3.929E-225	0	333	334	0	333	334	334M
5394	9454	-5.170E+02	1.00	2.867E-225	0	332	334	0	332	334	333M
5395	157	-5.675E+02	1.00	3.617E-247	0	379	381	0	379	381	380M
5395	5395	-5.671E+02	1.00	4.956E-247	0	380	381	0	380	381	381M
5395	9455	-5.675E+02	1.00	3.617E-247	0	379	381	0	379	381	380M
5396	158	-3.176E+02	1.00	1.138E-138	0	215	217	0	215	217	216M
5396	5396	-3.173E+02	1.00	1.560E-138	0	216	217	0	216	217	217M
5396	9456	-3.176E+02	1.00	1.138E-138	0	215	217	0	215	217	216M
5397	159	-4.213E+02	1.00	1.037E-183	0	269	271	0	269	271	270M
5397	5397	-4.210E+02	1.00	1.422E-183	0	270	271	0	270	271	271M
5397	9457	-4.213E+02	1.00	1.037E-183	0	269	271	0	269	271	270M
5398	160	-3.791E+02	1.00	2.347E-165	0	256	258	0	256	258	257M
5398	5398	-3.788E+02	1.00	3.217E-165	0	257	258	0	257	258	258M
5398	9458	-3.791E+02	1.00	2.347E-165	0	256	258	0	256	258	257M
5399	161	-4.598E+02	1.00	2.141E-200	0	310	312	0	310	312	311M
5399	5399	-4.594E+02	1.00	2.934E-200	0	311	312	0	311	312	312M
5399	9459	-4.598E+02	1.00	2.141E-200	0	310	312	0	310	312	311M
5400	162	-2.867E+02	0.971	3.111E-125	0	209	211	0	209	211	210M
5400	5400	-2.980E+02	1.00	3.648E-130	0	210	211	0	210	211	211M
5400	9460	-2.984E+02	1.00	2.661E-130	0	209	211	0	209	211	210M
5401	163	-3.439E+02	0.995	4.581E-150	0	227	229	0	227	229	228M
5401	5401	-3.461E+02	1.00	5.038E-151	0	228	229	0	228	229	229M
5401	9461	-3.464E+02	1.00	3.676E-151	0	227	229	0	227	229	228M
5402	164	-5.746E+02	0.951	2.812E-250	0	408	410	0	408	410	409M
5402	5402	-6.042E+02	1.00	3.880E-263	0	409	410	0	409	410	410M
5402	9462	-6.045E+02	1.00	2.832E-263	0	408	410	0	408	410	409M
5403	5403	-4.394E+02	1.00	1.505E-191	0	275	276	0	275	276	276M
5403	9463	-4.397E+02	1.00	1.098E-191	0	274	276	0	274	276	275M
5404	165	-6.372E+02	1.00	1.769E-277	0	416	418	0	416	418	417M
5404	5404	-6.369E+02	1.00	2.424E-277	0	417	418	0	417	418	418M
5404	9464	-6.372E+02	1.00	1.769E-277	0	416	418	0	416	418	417M
5405	166	-6.925E+02	0.997	1.778E-301	0	481	483	0	481	483	482M
5405	5405	-6.931E+02	1.00	9.469E-302	0	482	483	0	482	483	483M
5405	9465	-6.934E+02	1.00	6.911E-302	0	481	483	0	481	483	482M
5406	167	-7.084E+02	0.993	0.000E+00	0	1058	1060	0	1058	1060	1059M
5406	5406	-7.084E+02	1.00	0.000E+00	0	1059	1060	0	1059	1060	1060M
5406	9466	-7.084E+02	1.00	0.000E+00	0	1058	1060	0	1058	1060	1059M
5407	168	-5.770E+02	0.995	2.698E-251	0	405	407	0	405	407	406M
5407	5407	-5.788E+02	1.00	4.076E-252	0	406	407	0	406	407	407M
5407	9467	-5.792E+02	1.00	2.975E-252	0	405	407	0	405	407	406M
5408	5408	-7.832E+01	1.00	9.664E-35	0	57	58	0	57	58	58M
5408	9468	-7.864E+01	1.00	7.039E-35	0	56	58	0	56	58	57M
5409	169	-5.292E+02	1.00	1.537E-230	0	342	344	0	342	344	343M
5409	5409	-5.288E+02	1.00	2.106E-230	0	343	344	0	343	344	344M
5409	9469	-5.292E+02	1.00	1.537E-230	0	342	344	0	342	344	343M
5410	170	-3.877E+02	1.00	4.155E-169	0	260	262	0	260	262	261M
5410	5410	-3.874E+02	1.00	5.695E-169	0	261	262	0	261	262	262M
5410	9470	-3.877E+02	1.00	4.155E-169	0	260	262	0	260	262	261M
5411	171	-3.189E+02	0.991	3.165E-139	0	228	230	0	228	230	229M
5411	5411	-3.211E+02	1.00	3.481E-140	0	229	230	0	229	230	230M
5411	9471	-3.214E+02	1.00	2.540E-140	0	228	230	0	228	230	229M
5412	172	-3.516E+02	0.991	1.928E-153	0	236	238	0	236	238	237M
5412	5412	-3.542E+02	1.00	1.547E-154	0	237	238	0	237	238	238M
5412	9472	-3.545E+02	1.00	1.129E-154	0	236	238	0	236	238	237M
5413	173	-3.752E+02	0.992	1.081E-163	0	257	259	0	257	259	258M
5413	5413	-3.797E+02	1.00	1.310E-165	0	258	259	0	258	259	259M
5413	9473	-3.800E+02	1.00	9.555E-166	0	257	259	0	257	259	258M
5414	174	-1.419E+02	1.00	2.421E-62	0	108	110	0	108	110	109M
5414	5414	-1.416E+02	1.00	3.321E-62	0	109	110	0	109	110	110M
5414	9474	-1.419E+02	1.00	2.421E-62	0	108	110	0	108	110	109M
5415	175	-1.249E+02	0.942	5.528E-55	0	86	88	0	86	88	87M
5415	5415	-1.341E+02	1.00	5.746E-59	0	87	88	0	87	88	88M
5415	9475	-1.344E+02	1.00	4.188E-59	0	86	88	0	86	88	87M
5416	176	-7.035E+02	0.989	3.054E-306	0	455	457	0	455	457	456M
5416	5416	-7.117E+02	1.00	8.466E-310	0	456	457	0	456	457	457M
5416	9476	-7.120E+02	1.00	6.178E-310	0	455	457	0	455	457	456M
5417	177	-7.084E+02	0.987	0.000E+00	0	486	488	0	485	487	148M1I338M
5417	5417	-7.084E+02	1.00	0.000E+00	0	487	488	0	487	488	488M
5417	9477	-7.084E+02	1.00	0.000E+00	0	486	488	0	486	488	487M
5418	178	-3.751E+02	0.854	1.298E-163	0	288	290	0	288	290	289M
5418	5418	-4.362E+02	1.00	3.626E-190	0	289	290	0	289	290	290M
5418	9478	-4.365E+02	1.00	2.646E-190	0	288	290	0	288	290	289M
5419	179	-3.963E+02	1.00	7.600E-173	0	258	260	0	258	260	259M
5419	5419	-3.960E+02	1.00	1.042E-172	0	259	260	0	259	260	260M
5419	9479	-3.963E+02	1.00	7.600E-173	0	258	260	0	258	260	259M
5420	180	-3.643E+02	0.983	5.929E-159	0	241	243	0	241	243	242M
5420	5420	-3.706E+02	1.00	1.082E-161	0	242	243	0	242	243	243M
5420	9480	-3.710E+02	1.00	7.894E-162	0	241	243	0	241	243	242M
5421	181	-5.813E+02	0.992	3.658E-253	0	421	423	0	421	423	422M
5421	5421	-5.857E+02	1.00	4.448E-255	0	422	423	0	422	423	423M
5421	9481	-5.860E+02	1.00	3.246E-255	0	421	423	0	421	423	422M
5422	182	-7.084E+02	0.991	0.000E+00	0	584	586	0	584	586	585M
5422	5422	-7.084E+02	1.00	0.000E+00	0	585	586	0	585	586	586M
5422	9482	-7.084E+02	1.00	0.000E+00	0	584	586	0	584	586	585M
5423	183	-1.585E+02	1.00	1.525E-69	0	118	120	0	118	120	119M
5423	5423	-1.581E+02	1.00	2.092E-69	0	119	120	0	119	120	120M
5423	9483	-1.585E+02	1.00	1.525E-69	0	118	120	0	118	120	119M
5424	184	-3.250E+02	0.995	7.097E-142	0	219	221	0	219	221	220M
5424	5424	-3.263E+02	1.00	2.010E-142	0	220	221	0	220	221	221M
5424	9484	-3.266E+02	1.00	1.466E-142	0	219	221	0	219	221	220M
5425	185	-6.577E+02	0.995	2.386E-286	0	451	453	0	451	453	452M
5425	5425	-6.608E+02	1.00	1.023E-287	0	452	453	0	452	453	453M
5425	9485	-6.611E+02	1.00	7.463E-288	0	451	453	0	451	453	452M
5426	186	-7.298E+01	1.00	2.011E-32	0	55	57	0	55	57	56M
5426	5426	-7.267E+01	1.00	2.761E-32	0	56	57	0	56	57	57M
5426	9486	-7.298E+01	1.00	2.011E-32	0	55	57	0	55	57	56M
5427	187	-4.682E+02	0.989	4.611E-204	0	298	300	0	298	300	299M
5427	5427	-4.720E+02	1.00	1.050E-205	0	299	300	0	299	300	300M
5427	9487	-4.723E+02	1.00	7.658E-206	0	298	300	0	298	300	299M
5428	188	-2.558E+02	1.00	8.182E-112	0	182	184	0	182	184	183M
5428	5428	-2.555E+02	1.00	1.122E-111	0	183	184	0	183	184	184M
5428	9488	-2.558E+02	1.00	8.182E-112	0	182	184	0	182	184	183M
5429	189	-7.084E+02	0.998	0.000E+00	0	797	799	0	797	799	798M
5429	5429	-7.084E+02	1.00	0.000E+00	0	798	799	0	798	799	799M
5429	9489	-7.084E+02	1.00	0.000E+00	0	797	799	0	797	799	798M
5430	190	-4.643E+02	1.00	2.332E-202	0	301	303	0	301	303	302M
5430	5430	-4.640E+02	1.00	3.197E-202	0	302	303	0	302	303	303M
5430	9490	-4.643E+02	1.00	2.332E-202	0	301	303	0	301	303	302M
5431	191	-1.305E+02	1.00	2.161E-57	0	89	91	0	89	91	90M
5431	5431	-1.302E+02	1.00	2.965E-57	0	90	91	0	90	91	91M
5431	9491	-1.305E+02	1.00	2.161E-57	0	89	91	0	89	91	90M
5432	192	-5.165E+02	0.997	4.740E-225	0	336	338	0	336	338	337M
5432	5432	-5.172E+02	1.00	2.524E-225	0	337	338	0	337	338	338M
5432	9492	-5.175E+02	1.00	1.842E-225	0	336	338	0	336	338	337M
5433	193	-6.476E+02	1.00	5.689E-282	0	451	453	0	451	453	452M
5433	5433	-6.473E+02	1.00	7.796E-282	0	452	453	0	452	453	453M
5433	9493	-6.476E+02	1.00	5.689E-282	0	451	453	0	451	453	452M
5434	194	-5.885E+02	1.00	2.573E-256	0	380	382	0	380	382	381M
5434	5434	-5.882E+02	1.00	3.526E-256	0	381	382	0	381	382	382M
5434	9494	-5.885E+02	1.00	2.573E-256	0	380	382	0	380	382	381M
5435	195	-4.820E+02	0.984	4.715E-210	0	313	315	0	313	315	314M
5435	5435	-4.889E+02	1.00	4.593E-213	0	314	315	0	314	315	315M
5435	9495	-4.892E+02	1.00	3.351E-213	0	313	315	0	313	315	314M
5436	196	-5.484E+02	1.00	6.598E-239	0	368	370	0	368	370	369M
5436	5436	-5.481E+02	1.00	9.042E-239	0	369	370	0	369	370	370M
5436	9496	-5.484E+02	1.00	6.598E-239	0	368	370	0	368	370	369M
5437	197	-7.084E+02	0.997	0.000E+00	0	747	749	8	755	757	748M
5437	5437	-7.084E+02	1.00	0.000E+00	0	748	749	0	748	749	749M
5437	9497	-7.084E+02	1.00	0.000E+00	0	747	749	0	747	749	748M
5438	198	-1.928E+02	1.00	1.825E-84	0	126	128	0	126	128	127M
5438	5438	-1.925E+02	1.00	2.503E-84	0	127	128	0	127	128	128M
5438	9498	-1.928E+02	1.00	1.825E-84	0	126	128	0	126	128	127M
5439	199	-7.355E+02	0.979	3.892E-320	0	485	487	0	485	487	486M
5439	5439	-7.084E+02	1.00	0.000E+00	0	486	487	0	486	487	487M
5439	9499	-7.084E+02	1.00	0.000E+00	0	485	487	0	485	487	486M
5440	200	-4.875E+02	0.990	1.956E-212	0	317	319	0	317	319	318M
5440	5440	-4.919E+02	1.00	2.371E-214	0	318	319	0	318	319	319M
5440	9500	-4.922E+02	1.00	1.730E-214	0	317	319	0	317	319	318M
5441	201	-3.324E+02	0.995	4.280E-145	0	209	211	0	209	211	210M
5441	5441	-3.324E+02	1.00	4.280E-145	0	210	211	0	210	211	211M
5441	9501	-3.327E+02	1.00	3.122E-145	0	209	211	0	209	211	210M
5442	202	-3.750E+02	0.972	1.414E-163	0	256	258	0	256	258	257M
5442	5442	-3.851E+02	1.00	5.876E-168	0	257	258	0	257	258	258M
5442	9502	-3.854E+02	1.00	4.287E-168	0	256	258	0	256	258	257M
5443	203	-2.972E+02	0.980	8.156E-130	0	206	208	0	206	208	207M
5443	5443	-3.035E+02	1.00	1.486E-132	0	207	208	0	207	208	208M
5443	9503	-3.039E+02	1.00	1.084E-132	0	206	208	0	206	208	207M
5444	204	-3.808E+02	1.00	4.273E-166	0	260	262	0	260	262	261M
5444	5444	-3.805E+02	1.00	5.856E-166	0	261	262	0	261	262	262M
5444	9504	-3.808E+02	1.00	4.273E-166	0	260	262	0	260	262	261M
5445	205	-8.362E+01	0.984	4.843E-37	0	64	66	0	64	66	65M
5445	5445	-8.520E+01	1.00	9.935E-38	0	65	66	0	65	66	66M
5445	9505	-8.552E+01	1.00	7.237E-38	0	64	66	0	64	66	65M
5446	206	-1.748E+02	1.00	1.233E-76	0	120	122	0	120	122	121M
5446	5446	-1.745E+02	1.00	1.691E-76	0	121	122	0	121	122	122M
5446	9506	-1.748E+02	1.00	1.233E-76	0	120	122	0	120	122	121M
5447	207	-4.233E+02	1.00	1.418E-184	0	287	289	0	287	289	288M
5447	5447	-4.230E+02	1.00	1.943E-184	0	288	289	0	288	289	289M
5447	9507	-4.233E+02	1.00	1.418E-184	0	287	289	0	287	289	288M
5448	208	-1.129E+02	1.00	9.360E-50	0	80	82	0	80	82	81M
5448	5448	-1.126E+02	1.00	1.284E-49	0	81	82	0	81	82	82M
5448	9508	-1.129E+02	1.00	9.360E-50	0	80	82	0	80	82	81M
5449	401	-9.983E+01	1.00	4.390E-44	0	69	71	0	69	71	70M
5449	5449	-9.952E+01	1.00	6.026E-44	0	70	71	0	70	71	71M
5449	9509	-9.983E+01	1.00	4.390E-44	0	69	71	0	69	71	70M
5450	400	-5.818E+02	1.00	2.112E-253	0	382	384	0	382	384	383M
5450	5450	-5.815E+02	1.00	2.894E-253	0	383	384	0	383	384	384M
5450	9510	-5.818E+02	1.00	2.112E-253	0	382	384	0	382	384	383M
5451	399	-1.717E+02	0.992	2.696E-75	0	125	127	0	125	127	126M
5451	5451	-1.726E+02	1.00	1.045E-75	0	126	127	0	126	127	127M
5451	9511	-1.730E+02	1.00	7.621E-76	0	125	127	0	125	127	126M
5452	398	-2.810E+02	0.994	9.545E-123	0	190	192	0	190	192	191M
5452	5452	-2.816E+02	1.00	5.079E-123	0	191	192	0	191	192	192M
5452	9512	-2.819E+02	1.00	3.705E-123	0	190	192	0	190	192	191M
5453	397	-5.342E+02	1.00	1.018E-232	0	356	358	0	356	358	357M
5453	5453	-5.339E+02	1.00	1.395E-232	0	357	358	0	357	358	358M
5453	9513	-5.342E+02	1.00	1.018E-232	0	356	358	0	356	358	357M
5454	396	-2.254E+02	0.993	1.237E-98	0	150	152	0	150	152	151M
5454	5454	-2.264E+02	1.00	4.798E-99	0	151	152	0	151	152	152M
5454	9514	-2.267E+02	1.00	3.499E-99	0	150	152	0	150	152	151M
5455	395	-5.618E+02	0.984	1.003E-244	0	378	380	0	378	380	379M
5455	5455	-5.710E+02	1.00	1.079E-248	0	379	380	0	379	380	380M
5455	9515	-5.713E+02	1.00	7.871E-249	0	378	380	0	378	380	379M
5456	394	-2.156E+02	0.993	2.349E-94	0	158	160	0	158	160	159M
5456	5456	-2.156E+02	1.00	2.349E-94	0	159	160	0	159	160	160M
5456	9516	-2.159E+02	1.00	1.713E-94	0	158	160	0	158	160	159M
5457	393	-5.031E+02	1.00	3.161E-219	0	333	335	0	333	335	334M
5457	5457	-5.028E+02	1.00	4.332E-219	0	334	335	0	334	335	335M
5457	9517	-5.031E+02	1.00	3.161E-219	0	333	335	0	333	335	334M
5458	392	-2.741E+02	0.989	8.692E-120	0	194	196	0	194	196	195M
5458	5458	-2.770E+02	1.00	5.083E-121	0	195	196	0	195	196	196M
5458	9518	-2.773E+02	1.00	3.708E-121	0	194	196	0	194	196	195M
5459	391	-7.084E+02	0.998	0.000E+00	0	512	514	0	512	514	513M
5459	5459	-7.084E+02	1.00	0.000E+00	0	513	514	0	513	514	514M
5459	9519	-7.084E+02	1.00	0.000E+00	0	512	514	0	512	514	513M
5460	390	-7.084E+02	0.998	0.000E+00	0	628	630	0	628	630	629M
5460	5460	-7.084E+02	1.00	0.000E+00	0	629	630	0	629	630	630M
5460	9520	-7.084E+02	1.00	0.000E+00	0	628	630	0	628	630	629M
5461	389	-3.161E+02	0.967	5.507E-138	0	215	217	0	215	217	216M
5461	5461	-3.258E+02	1.00	3.125E-142	0	216	217	0	216	217	217M
5461	9521	-3.261E+02	1.00	2.280E-142	0	215	217	0	215	217	216M
5462	388	-4.804E+02	0.996	2.310E-209	0	320	322	0	320	322	321M
5462	5462	-4.829E+02	1.00	1.856E-210	0	321	322	0	321	322	322M
5462	9522	-4.832E+02	1.00	1.354E-210	0	320	322	0	320	322	321M
5463	387	-7.034E+02	0.993	3.302E-306	0	477	479	0	477	479	478M
5463	5463	-7.081E+02	1.00	2.930E-308	0	478	479	0	478	479	479M
5463	9523	-7.084E+02	1.00	2.138E-308	0	477	479	0	477	479	478M
5464	386	-1.899E+02	1.00	3.328E-83	0	147	149	0	147	149	148M
5464	5464	-1.896E+02	1.00	4.563E-83	0	148	149	0	148	149	149M
5464	9524	-1.899E+02	1.00	3.328E-83	0	147	149	0	147	149	148M
5465	385	-8.648E+01	1.00	2.758E-38	0	70	72	0	70	72	71M
5465	5465	-8.617E+01	1.00	3.785E-38	0	71	72	0	71	72	72M
5465	9525	-8.648E+01	1.00	2.758E-38	0	70	72	0	70	72	71M
5466	384	-5.033E+02	0.997	2.533E-219	0	335	337	0	335	337	336M
5466	5466	-5.043E+02	1.00	9.842E-220	0	336	337	0	336	337	337M
5466	9526	-5.046E+02	1.00	7.182E-220	0	335	337	0	335	337	336M
5467	383	-5.671E+02	0.983	5.070E-247	0	366	368	0	366	368	367M
5467	5467	-5.759E+02	1.00	7.466E-251	0	367	368	0	367	368	368M
5467	9527	-5.763E+02	1.00	5.448E-251	0	366	368	0	366	368	367M
5468	382	-4.515E+02	1.00	8.577E-197	0	292	294	0	292	294	293M
5468	5468	-4.511E+02	1.00	1.175E-196	0	293	294	0	293	294	294M
5468	9528	-4.515E+02	1.00	8.577E-197	0	292	294	0	292	294	293M
5469	381	-7.084E+02	1.00	0.000E+00	0	501	503	0	501	503	502M
5469	5469	-7.084E+02	1.00	0.000E+00	0	502	503	0	502	503	503M
5469	9529	-7.084E+02	1.00	0.000E+00	0	501	503	0	501	503	502M
5470	380	-4.045E+02	0.943	2.228E-176	0	266	268	0	266	268	267M
5470	5470	-4.259E+02	1.00	1.090E-185	0	267	268	0	267	268	268M
5470	9530	-4.262E+02	1.00	7.952E-186	0	266	268	0	266	268	267M
5471	379	-4.714E+02	1.00	1.908E-205	0	304	306	0	304	306	305M
5471	5471	-4.711E+02	1.00	2.615E-205	0	305	306	0	305	306	306M
5471	9531	-4.714E+02	1.00	1.908E-205	0	304	306	0	304	306	305M
5472	378	-7.106E+02	0.986	2.392E-309	0	457	459	0	457	459	458M
5472	5472	-7.169E+02	1.00	4.389E-312	0	458	459	0	458	459	459M
5472	9532	-7.172E+02	1.00	3.203E-312	0	457	459	0	457	459	458M
5473	377	-7.084E+02	0.986	0.000E+00	0	521	523	0	521	523	522M
5473	5473	-7.084E+02	1.00	0.000E+00	0	522	523	0	522	523	523M
5473	9533	-7.084E+02	1.00	0.000E+00	0	521	523	0	521	523	522M
5474	376	-6.734E+02	0.995	3.357E-293	0	464	466	0	464	466	465M
5474	5474	-6.753E+02	1.00	5.072E-294	0	465	466	0	465	466	466M
5474	9534	-6.757E+02	1.00	3.702E-294	0	464	466	0	464	466	465M
5475	4449	-1.087E+02	0.987	6.436E-48	0	76	78	0	76	78	77M
5475	5475	-1.096E+02	1.00	2.490E-48	0	77	78	0	77	78	78M
5475	9535	-1.099E+02	1.00	1.815E-48	0	76	78	0	76	78	77M
5476	4156	-5.204E+02	0.993	1.016E-226	0	328	330	0	328	330	329M
5476	5476	-5.229E+02	1.00	8.165E-228	0	329	330	0	329	330	330M
5476	9536	-5.232E+02	1.00	5.958E-228	0	328	330	0	328	330	329M
5477	4157	-4.049E+02	1.00	1.411E-176	0	263	265	0	263	265	264M
5477	5477	-4.046E+02	1.00	1.934E-176	0	264	265	0	264	265	265M
5477	9537	-4.049E+02	1.00	1.411E-176	0	263	265	0	263	265	264M
5478	4158	-3.134E+02	0.989	7.889E-137	0	198	200	0	198	200	199M
5478	5478	-3.147E+02	1.00	2.234E-137	0	199	200	0	199	200	200M
5478	9538	-3.150E+02	1.00	1.629E-137	0	198	200	0	198	200	199M
5479	4159	-3.325E+02	0.995	3.778E-145	0	213	215	0	213	215	214M
5479	5479	-3.348E+02	1.00	4.153E-146	0	214	215	0	214	215	215M
5479	9539	-3.351E+02	1.00	3.030E-146	0	213	215	0	213	215	214M
5480	4199	-1.537E+02	0.974	1.830E-67	0	118	121	0	118	121	119M
5480	5480	-1.594E+02	1.00	6.205E-70	0	120	121	0	120	121	121M
5480	9540	-1.597E+02	1.00	4.524E-70	0	119	121	0	119	121	120M
5481	4200	-2.347E+02	0.987	1.214E-102	0	155	157	0	155	157	156M
5481	5481	-2.378E+02	1.00	5.168E-104	0	156	157	0	156	157	157M
5481	9541	-2.381E+02	1.00	3.769E-104	0	155	157	0	155	157	156M
5482	5482	-1.369E+02	1.00	3.624E-60	0	108	109	0	108	109	109M
5482	9542	-1.372E+02	1.00	2.642E-60	0	107	109	0	107	109	108M
5483	4205	-2.713E+02	0.989	1.438E-118	0	192	202	0	192	195	193M
5483	5483	-2.915E+02	1.00	2.460E-127	0	201	202	0	201	202	202M
5483	9543	-2.918E+02	1.00	1.794E-127	0	200	202	0	200	202	201M
5484	4204	-4.430E+02	0.992	3.946E-193	0	277	279	0	277	279	278M
5484	5484	-4.462E+02	1.00	1.686E-194	0	278	279	0	278	279	279M
5484	9544	-4.465E+02	1.00	1.230E-194	0	277	279	0	277	279	278M
5485	4203	-5.913E+02	0.994	1.582E-257	0	381	383	0	382	384	76M1D306M
5485	5485	-5.954E+02	1.00	2.631E-259	0	382	383	0	382	383	383M
5485	9545	-5.957E+02	1.00	1.920E-259	0	381	383	0	381	383	382M
5486	4060	-5.944E+02	1.00	7.421E-259	0	410	412	0	410	412	411M
5486	5486	-5.941E+02	1.00	1.017E-258	0	411	412	0	411	412	412M
5486	9546	-5.944E+02	1.00	7.421E-259	0	410	412	0	410	412	411M
5487	4059	-4.360E+02	0.986	4.431E-190	0	299	301	0	299	301	300M
5487	5487	-4.417E+02	1.00	1.523E-192	0	300	301	0	300	301	301M
5487	9547	-4.420E+02	1.00	1.111E-192	0	299	301	0	299	301	300M
5488	4058	-3.343E+02	0.978	6.555E-146	0	231	238	0	231	233	232M
5488	5488	-3.504E+02	1.00	6.804E-153	0	237	238	0	237	238	238M
5488	9548	-3.507E+02	1.00	4.964E-153	0	236	238	0	236	238	237M
5489	4057	-8.895E+01	1.00	2.335E-39	0	65	67	0	65	67	66M
5489	5489	-8.864E+01	1.00	3.205E-39	0	66	67	0	66	67	67M
5489	9549	-8.895E+01	1.00	2.335E-39	0	65	67	0	65	67	66M
5490	5490	-3.014E+02	1.00	1.248E-131	0	212	213	0	212	213	213M
5490	9550	-3.017E+02	1.00	9.107E-132	0	211	213	0	211	213	212M
5491	4277	-2.519E+02	0.988	3.901E-110	0	177	179	0	177	179	178M
5491	5491	-2.529E+02	1.00	1.514E-110	0	178	179	0	178	179	179M
5491	9551	-2.532E+02	1.00	1.104E-110	0	177	179	0	177	179	178M
5492	5492	-2.609E+02	1.00	5.012E-114	0	182	183	0	182	183	183M
5492	9552	-2.612E+02	1.00	3.656E-114	0	181	183	0	181	183	182M
5493	3877	-2.478E+02	0.982	2.431E-108	0	171	173	0	171	173	172M
5493	5493	-2.500E+02	1.00	2.670E-109	0	172	173	0	172	173	173M
5493	9553	-2.503E+02	1.00	1.947E-109	0	171	173	0	171	173	172M
5494	3878	-3.980E+02	0.989	1.422E-173	4	276	278	0	272	274	273M
5494	5494	-4.071E+02	1.00	1.524E-177	0	277	278	0	277	278	278M
5494	9554	-4.075E+02	1.00	1.112E-177	0	276	278	0	276	278	277M
5495	3879	-7.084E+02	0.993	0.000E+00	0	831	833	0	831	833	832M
5495	5495	-7.084E+02	1.00	0.000E+00	0	832	833	0	832	833	833M
5495	9555	-7.084E+02	1.00	0.000E+00	0	831	833	0	831	833	832M
5496	3880	-5.060E+02	0.991	1.709E-220	0	338	340	0	338	340	339M
5496	5496	-5.095E+02	1.00	5.339E-222	0	339	340	0	339	340	340M
5496	9556	-5.098E+02	1.00	3.896E-222	0	338	340	0	338	340	339M
5497	3881	-1.051E+02	0.987	2.199E-46	0	77	79	0	77	79	78M
5497	5497	-1.064E+02	1.00	6.200E-47	0	78	79	0	78	79	79M
5497	9557	-1.067E+02	1.00	4.518E-47	0	77	79	0	77	79	78M
5498	3790	-7.322E+02	0.997	1.006E-318	0	494	496	0	494	496	495M
5498	5498	-7.335E+02	1.00	2.855E-319	0	495	496	0	495	496	496M
5498	9558	-7.338E+02	1.00	2.084E-319	0	494	496	0	494	496	495M
5499	2705	-2.665E+02	0.978	1.883E-116	0	183	185	0	183	185	184M
5499	5499	-2.718E+02	1.00	8.822E-119	0	184	185	0	184	185	185M
5499	9559	-2.721E+02	1.00	6.435E-119	0	183	185	0	183	185	184M
5500	2704	-4.187E+02	0.979	1.494E-182	0	293	301	0	293	297	294M
5500	5500	-4.341E+02	1.00	2.936E-189	0	300	301	0	300	301	301M
5500	9560	-4.344E+02	1.00	2.142E-189	0	299	301	0	299	301	300M
5501	5501	-7.084E+02	1.00	0.000E+00	0	532	533	0	532	533	533M
5501	9561	-7.084E+02	1.00	0.000E+00	0	531	533	0	531	533	532M
5502	5502	-7.084E+02	1.00	0.000E+00	0	561	562	0	561	562	562M
5502	9562	-7.084E+02	1.00	0.000E+00	0	560	562	0	560	562	561M
5503	2703	-2.901E+02	0.995	1.049E-126	0	204	206	0	204	206	205M
5503	5503	-2.935E+02	1.00	3.267E-128	0	205	206	0	205	206	206M
5503	9563	-2.939E+02	1.00	2.383E-128	0	204	206	0	204	206	205M
5504	2702	-3.833E+02	0.985	3.476E-167	0	267	269	0	267	269	268M
5504	5504	-3.902E+02	1.00	3.382E-170	0	268	269	0	268	269	269M
5504	9564	-3.905E+02	1.00	2.468E-170	0	267	269	0	267	269	268M
5505	2701	-7.084E+02	0.998	0.000E+00	0	565	567	0	565	567	566M
5505	5505	-7.084E+02	1.00	0.000E+00	0	566	567	0	566	567	567M
5505	9565	-7.084E+02	1.00	0.000E+00	0	565	567	0	565	567	566M
5506	2700	-3.347E+02	0.987	4.563E-146	0	235	237	0	235	237	236M
5506	5506	-3.388E+02	1.00	7.570E-148	0	236	237	0	236	237	237M
5506	9566	-3.391E+02	1.00	5.522E-148	0	235	237	0	235	237	236M
5507	5507	-2.370E+02	1.00	1.235E-103	0	161	162	0	161	162	162M
5507	9567	-2.373E+02	1.00	9.007E-104	0	160	162	0	160	162	161M
5508	5508	-3.879E+02	1.00	3.442E-169	0	257	258	0	257	258	258M
5508	9568	-3.882E+02	1.00	2.511E-169	0	256	258	0	256	258	257M
5509	5509	-7.907E+01	1.00	4.583E-35	0	61	62	0	61	62	62M
5509	9569	-7.939E+01	1.00	3.338E-35	0	60	62	0	60	62	61M
5510	5510	-5.953E+02	1.00	2.925E-259	0	391	392	0	391	392	392M
5510	9570	-5.956E+02	1.00	2.135E-259	0	390	392	0	390	392	391M
5511	2060	-7.230E+02	1.00	1.061E-314	0	490	492	0	490	492	491M
5511	5511	-7.226E+02	1.00	1.454E-314	0	491	492	0	491	492	492M
5511	9571	-7.230E+02	1.00	1.061E-314	0	490	492	0	490	492	491M
5512	2059	-4.454E+02	1.00	3.587E-194	0	293	295	0	293	295	294M
5512	5512	-4.451E+02	1.00	4.916E-194	0	294	295	0	294	295	295M
5512	9572	-4.454E+02	1.00	3.587E-194	0	293	295	0	293	295	294M
5513	2061	-5.560E+01	0.609	7.116E-25	7	85	88	92	178	181	33M4D8M3D10M1D28M
5513	5513	-1.224E+02	1.00	6.942E-54	0	87	88	0	87	88	88M
5513	9573	-1.227E+02	1.00	5.059E-54	0	86	88	0	86	88	87M
5514	5514	-7.084E+02	1.00	0.000E+00	0	519	520	0	519	520	520M
5514	9574	-7.084E+02	1.00	0.000E+00	0	518	520	0	518	520	519M
5515	5515	-1.831E+02	1.00	2.889E-80	0	118	119	0	118	119	119M
5515	9575	-1.835E+02	1.00	2.106E-80	0	117	119	0	117	119	118M
5516	5516	-1.325E+02	1.00	2.878E-58	0	94	95	0	94	95	95M
5516	9576	-1.328E+02	1.00	2.098E-58	0	93	95	0	93	95	94M
5517	3245	-5.348E+01	0.549	5.930E-24	0	101	114	0	93	175	54M1I32M7I8M
5517	5517	-1.512E+02	1.00	2.243E-66	0	113	114	0	113	114	114M
5517	9577	-1.515E+02	1.00	1.635E-66	0	112	114	0	112	114	113M
5518	3834	-2.510E+02	0.678	1.026E-109	19	273	276	52	303	308	179M3I73M
5518	5518	-4.113E+02	1.00	2.304E-179	0	275	276	0	275	276	276M
5518	9578	-4.116E+02	1.00	1.681E-179	0	274	276	0	274	276	275M
5519	1242	-5.875E+01	0.979	3.044E-26	0	48	50	95	143	145	49M
5519	4970	-5.971E+01	1.00	1.174E-26	0	48	50	0	48	50	49M
5519	8776	-5.971E+01	1.00	1.174E-26	0	48	50	0	48	50	49M
5520	360	-1.464E+02	0.953	2.566E-64	5	112	114	228	335	337	108M
5520	5520	-1.610E+02	1.00	1.249E-70	0	113	114	0	113	114	114M
5520	9878	-1.613E+02	1.00	9.107E-71	0	112	114	0	112	114	113M
5521	361	-1.088E+02	1.00	5.725E-48	0	80	82	0	80	82	81M
5521	5521	-1.085E+02	1.00	7.856E-48	0	81	82	0	81	82	82M
5521	9877	-1.088E+02	1.00	5.725E-48	0	80	82	0	80	82	81M
5522	362	-7.084E+02	0.993	0.000E+00	0	635	637	0	635	637	636M
5522	5522	-7.084E+02	1.00	0.000E+00	0	636	637	0	636	637	637M
5522	9876	-7.084E+02	1.00	0.000E+00	0	635	637	0	635	637	636M
5523	363	-2.924E+02	0.985	1.065E-127	0	209	211	0	209	211	210M
5523	5523	-2.958E+02	1.00	3.318E-129	0	210	211	0	210	211	211M
5523	9875	-2.961E+02	1.00	2.420E-129	0	209	211	0	209	211	210M
5524	364	-4.973E+02	0.983	1.101E-216	0	310	312	0	310	312	311M
5524	5524	-5.014E+02	1.00	1.828E-218	0	311	312	0	311	312	312M
5524	9874	-5.017E+02	1.00	1.334E-218	0	310	312	0	310	312	311M
5525	365	-5.571E+02	0.991	1.158E-242	0	365	367	0	365	367	366M
5525	5525	-5.612E+02	1.00	1.927E-244	0	366	367	0	366	367	367M
5525	9873	-5.615E+02	1.00	1.406E-244	0	365	367	0	365	367	366M
5526	366	-5.986E+02	0.997	1.055E-260	0	427	429	0	427	429	428M
5526	5526	-5.996E+02	1.00	4.100E-261	0	428	429	0	428	429	429M
5526	9872	-5.999E+02	1.00	2.993E-261	0	427	429	0	427	429	428M
5527	367	-5.646E+02	0.994	6.093E-246	0	372	374	0	372	374	373M
5527	5527	-5.678E+02	1.00	2.608E-247	0	373	374	0	373	374	374M
5527	9871	-5.681E+02	1.00	1.903E-247	0	372	374	0	372	374	373M
5528	368	-5.770E+02	1.00	2.676E-251	0	371	373	0	371	373	372M
5528	5528	-5.766E+02	1.00	3.667E-251	0	372	373	0	372	373	373M
5528	9870	-5.770E+02	1.00	2.676E-251	0	371	373	0	371	373	372M
5529	369	-6.072E+02	0.973	2.006E-264	0	453	455	0	453	455	454M
5529	5529	-6.258E+02	1.00	1.710E-272	0	454	455	0	454	455	455M
5529	9869	-6.261E+02	1.00	1.248E-272	0	453	455	0	453	455	454M
5530	370	-5.439E+02	0.950	6.305E-237	0	419	421	0	418	420	343M1I76M
5530	5530	-5.813E+02	1.00	3.336E-253	0	420	421	0	420	421	421M
5530	9868	-5.817E+02	1.00	2.434E-253	0	419	421	0	419	421	420M
5531	371	-4.826E+02	0.980	2.631E-210	0	314	316	0	314	316	315M
5531	5531	-4.933E+02	1.00	5.837E-215	0	315	316	0	315	316	316M
5531	9867	-4.936E+02	1.00	4.259E-215	0	314	316	0	314	316	315M
5532	372	-4.181E+02	0.992	2.626E-182	0	264	266	0	264	266	265M
5532	5532	-4.209E+02	1.00	1.538E-183	0	265	266	0	265	266	266M
5532	9866	-4.213E+02	1.00	1.122E-183	0	264	266	0	264	266	265M
5533	373	-5.068E+02	1.00	7.910E-221	0	335	337	0	335	337	336M
5533	5533	-5.065E+02	1.00	1.084E-220	0	336	337	0	336	337	337M
5533	9865	-5.068E+02	1.00	7.910E-221	0	335	337	0	335	337	336M
5534	374	-1.009E+02	1.00	1.439E-44	0	72	74	0	72	74	73M
5534	5534	-1.006E+02	1.00	1.975E-44	0	73	74	0	73	74	74M
5534	9864	-1.009E+02	1.00	1.439E-44	0	72	74	0	72	74	73M
5535	5535	-1.788E+02	1.00	2.132E-78	0	122	123	0	122	123	123M
5535	9863	-1.792E+02	1.00	1.554E-78	0	121	123	0	121	123	122M
5536	3375	-1.725E+02	0.983	1.174E-75	14	134	136	0	120	122	121M
5536	5536	-1.931E+02	1.00	1.429E-84	0	135	136	0	135	136	136M
5536	9862	-1.934E+02	1.00	1.042E-84	0	134	136	0	134	136	135M
5537	3376	-5.341E+02	1.00	1.118E-232	0	358	360	0	358	360	359M
5537	5537	-5.338E+02	1.00	1.532E-232	0	359	360	0	359	360	360M
5537	9861	-5.341E+02	1.00	1.118E-232	0	358	360	0	358	360	359M
5538	3377	-2.952E+02	1.00	6.038E-129	0	195	197	0	195	197	196M
5538	5538	-2.949E+02	1.00	8.277E-129	0	196	197	0	196	197	197M
5538	9860	-2.952E+02	1.00	6.038E-129	0	195	197	0	195	197	196M
5539	3378	-3.391E+02	1.00	5.265E-148	0	214	216	0	214	216	215M
5539	5539	-3.388E+02	1.00	7.217E-148	0	215	216	0	215	216	216M
5539	9859	-3.391E+02	1.00	5.265E-148	0	214	216	0	214	216	215M
5540	3379	-7.311E+02	0.995	3.133E-318	0	471	473	37	508	510	472M
5540	5540	-7.339E+02	1.00	1.839E-319	0	472	473	0	472	473	473M
5540	9858	-7.342E+02	1.00	1.342E-319	0	471	473	0	471	473	472M
5541	3397	-1.099E+02	0.988	1.874E-48	0	83	85	0	83	85	84M
5541	5541	-1.108E+02	1.00	7.252E-49	0	84	85	0	84	85	85M
5541	9857	-1.112E+02	1.00	5.285E-49	0	83	85	0	83	85	84M
5542	3398	-4.326E+02	1.00	1.383E-188	0	285	287	0	285	287	286M
5542	5542	-4.322E+02	1.00	1.896E-188	0	286	287	0	286	287	287M
5542	9856	-4.326E+02	1.00	1.383E-188	0	285	287	0	285	287	286M
5543	5543	-9.975E+01	1.00	4.776E-44	0	78	79	0	78	79	79M
5543	9855	-1.001E+02	1.00	3.480E-44	0	77	79	0	77	79	78M
5544	5544	-3.090E+02	1.00	6.227E-135	0	198	199	0	198	199	199M
5544	9854	-3.093E+02	1.00	4.542E-135	0	197	199	0	197	199	198M
5545	3399	-3.391E+02	0.995	5.521E-148	0	215	217	0	215	217	216M
5545	5545	-3.407E+02	1.00	1.141E-148	0	216	217	0	216	217	217M
5545	9853	-3.410E+02	1.00	8.321E-149	0	215	217	0	215	217	216M
5546	3400	-2.590E+02	1.00	3.140E-113	0	160	162	0	160	162	161M
5546	5546	-2.587E+02	1.00	4.305E-113	0	161	162	0	161	162	162M
5546	9852	-2.590E+02	1.00	3.140E-113	0	160	162	0	160	162	161M
5547	3401	-7.084E+02	0.998	0.000E+00	0	763	765	0	763	765	764M
5547	5547	-7.084E+02	1.00	0.000E+00	0	764	765	0	764	765	765M
5547	9851	-7.084E+02	1.00	0.000E+00	0	763	765	0	763	765	764M
5548	3402	-7.084E+02	0.998	0.000E+00	0	717	719	0	717	719	718M
5548	5548	-7.084E+02	1.00	0.000E+00	0	718	719	0	718	719	719M
5548	9850	-7.084E+02	1.00	0.000E+00	0	717	719	0	717	719	718M
5549	3403	-5.881E+02	1.00	3.963E-256	0	349	351	0	349	351	350M
5549	5549	-5.878E+02	1.00	5.431E-256	0	350	351	0	350	351	351M
5549	9849	-5.881E+02	1.00	3.963E-256	0	349	351	0	349	351	350M
5550	1994	-4.401E+02	1.00	7.027E-192	0	298	300	0	298	300	299M
5550	5550	-4.398E+02	1.00	9.630E-192	0	299	300	0	299	300	300M
5550	9848	-4.401E+02	1.00	7.027E-192	0	298	300	0	298	300	299M
5551	1995	-3.320E+02	1.00	6.363E-145	0	224	226	0	224	226	225M
5551	5551	-3.317E+02	1.00	8.722E-145	0	225	226	0	225	226	226M
5551	9847	-3.320E+02	1.00	6.363E-145	0	224	226	0	224	226	225M
5552	1996	-3.054E+02	0.990	2.308E-133	0	200	202	0	200	202	201M
5552	5552	-3.067E+02	1.00	6.536E-134	0	201	202	0	201	202	202M
5552	9846	-3.070E+02	1.00	4.768E-134	0	200	202	0	200	202	201M
5553	1997	-3.456E+02	0.987	7.959E-151	0	230	232	0	230	232	231M
5553	5553	-3.491E+02	1.00	2.480E-152	0	231	232	0	231	232	232M
5553	9845	-3.494E+02	1.00	1.809E-152	0	230	232	0	230	232	231M
5554	1998	-3.336E+02	1.00	1.254E-145	0	223	225	0	223	225	224M
5554	5554	-3.333E+02	1.00	1.719E-145	0	224	225	0	224	225	225M
5554	9844	-3.336E+02	1.00	1.254E-145	0	223	225	0	223	225	224M
5555	1999	-4.582E+02	0.996	9.878E-200	0	309	311	0	309	311	310M
5555	5555	-4.604E+02	1.00	1.088E-200	0	310	311	0	310	311	311M
5555	9843	-4.607E+02	1.00	7.937E-201	0	309	311	0	309	311	310M
5556	2000	-7.084E+02	0.994	0.000E+00	0	1109	1111	0	1109	1111	1110M
5556	5556	-7.084E+02	1.00	0.000E+00	0	1110	1111	0	1110	1111	1111M
5556	9842	-7.084E+02	1.00	0.000E+00	0	1109	1111	0	1109	1111	1110M
5557	2001	-7.084E+02	0.996	0.000E+00	0	612	614	0	612	614	613M
5557	5557	-7.084E+02	1.00	0.000E+00	0	613	614	0	613	614	614M
5557	9841	-7.084E+02	1.00	0.000E+00	0	612	614	0	612	614	613M
5558	2002	-4.490E+02	0.989	9.855E-196	0	297	299	0	297	299	298M
5558	5558	-4.547E+02	1.00	3.386E-198	0	298	299	0	298	299	299M
5558	9840	-4.550E+02	1.00	2.470E-198	0	297	299	0	297	299	298M
5559	2003	-3.787E+02	0.996	3.324E-165	0	250	252	0	250	252	251M
5559	5559	-3.794E+02	1.00	1.769E-165	0	251	252	0	251	252	252M
5559	9839	-3.797E+02	1.00	1.291E-165	0	250	252	0	250	252	251M
5560	2004	-5.871E+02	0.979	1.044E-255	0	383	385	0	383	385	384M
5560	5560	-6.000E+02	1.00	2.560E-261	0	384	385	0	384	385	385M
5560	9838	-6.003E+02	1.00	1.868E-261	0	383	385	0	383	385	384M
5561	2005	-2.190E+02	1.00	7.513E-96	0	152	154	0	152	154	153M
5561	5561	-2.187E+02	1.00	1.030E-95	0	153	154	0	153	154	154M
5561	9837	-2.190E+02	1.00	7.513E-96	0	152	154	0	152	154	153M
5562	2006	-6.456E+02	0.997	4.288E-281	0	447	449	0	447	449	448M
5562	5562	-6.465E+02	1.00	1.667E-281	0	448	449	0	448	449	449M
5562	9836	-6.468E+02	1.00	1.216E-281	0	447	449	0	447	449	448M
5563	2007	-6.338E+02	0.997	5.401E-276	0	415	417	0	415	417	416M
5563	5563	-6.345E+02	1.00	2.876E-276	0	416	417	0	416	417	417M
5563	9835	-6.348E+02	1.00	2.099E-276	0	415	417	0	415	417	416M
5564	2008	-6.128E+02	0.983	7.571E-267	0	414	416	0	414	416	415M
5564	5564	-6.225E+02	1.00	4.343E-271	0	415	416	0	415	416	416M
5564	9834	-6.228E+02	1.00	3.170E-271	0	414	416	0	414	416	415M
5565	2235	-6.488E+02	0.995	1.642E-282	0	431	433	0	431	433	432M
5565	5565	-6.529E+02	1.00	2.733E-284	0	432	433	0	432	433	433M
5565	9833	-6.532E+02	1.00	1.995E-284	0	431	433	0	431	433	432M
5566	2236	-1.200E+02	1.00	7.514E-53	0	83	85	0	83	85	84M
5566	5566	-1.197E+02	1.00	1.031E-52	0	84	85	0	84	85	85M
5566	9832	-1.200E+02	1.00	7.514E-53	0	83	85	0	83	85	84M
5567	2237	-1.570E+02	0.990	6.564E-69	0	109	111	0	109	111	110M
5567	5567	-1.579E+02	1.00	2.544E-69	0	110	111	0	110	111	111M
5567	9831	-1.583E+02	1.00	1.854E-69	0	109	111	0	109	111	110M
5568	2238	-1.840E+02	0.984	1.205E-80	0	125	127	0	125	127	126M
5568	5568	-1.862E+02	1.00	1.321E-81	0	126	127	0	126	127	127M
5568	9830	-1.865E+02	1.00	9.629E-82	0	125	127	0	125	127	126M
5569	2239	-2.088E+02	0.985	2.086E-91	0	135	137	0	135	137	136M
5569	5569	-2.151E+02	1.00	3.773E-94	0	136	137	0	136	137	137M
5569	9829	-2.154E+02	1.00	2.751E-94	0	135	137	0	135	137	136M
5570	2240	-6.096E+02	0.967	1.729E-265	0	400	402	0	400	402	401M
5570	5570	-6.298E+02	1.00	3.022E-274	0	401	402	0	401	402	402M
5570	9828	-6.301E+02	1.00	2.206E-274	0	400	402	0	400	402	401M
5571	2241	-3.173E+02	0.976	1.609E-138	0	209	211	0	209	211	210M
5571	5571	-3.264E+02	1.00	1.714E-142	0	210	211	0	210	211	211M
5571	9827	-3.267E+02	1.00	1.251E-142	0	209	211	0	209	211	210M
5572	2242	-9.729E+01	1.00	5.598E-43	0	63	65	0	63	65	64M
5572	5572	-9.697E+01	1.00	7.683E-43	0	64	65	0	64	65	65M
5572	9826	-9.729E+01	1.00	5.598E-43	0	63	65	0	63	65	64M
5573	2243	-3.407E+02	0.995	1.037E-148	0	213	215	0	213	215	214M
5573	5573	-3.417E+02	1.00	4.026E-149	0	214	215	0	214	215	215M
5573	9825	-3.420E+02	1.00	2.937E-149	0	213	215	0	213	215	214M
5574	2244	-5.206E+02	0.988	8.259E-227	0	337	339	0	337	339	338M
5574	5574	-5.253E+02	1.00	7.310E-229	0	338	339	0	338	339	339M
5574	9824	-5.256E+02	1.00	5.334E-229	0	337	339	0	337	339	338M
5575	2245	-5.003E+02	0.991	5.390E-218	0	333	335	0	333	335	334M
5575	5575	-5.034E+02	1.00	2.307E-219	0	334	335	0	334	335	335M
5575	9823	-5.037E+02	1.00	1.683E-219	0	333	335	0	333	335	334M
5576	2246	-4.356E+02	0.989	6.499E-190	0	287	289	0	287	289	288M
5576	5576	-4.385E+02	1.00	3.809E-191	0	288	289	0	288	289	289M
5576	9822	-4.388E+02	1.00	2.779E-191	0	287	289	0	287	289	288M
5577	2247	-3.107E+02	1.00	1.191E-135	0	202	204	0	202	204	203M
5577	5577	-3.104E+02	1.00	1.632E-135	0	203	204	0	203	204	204M
5577	9821	-3.107E+02	1.00	1.191E-135	0	202	204	0	202	204	203M
5578	2248	-7.084E+02	1.00	0.000E+00	0	569	571	0	569	571	570M
5578	5578	-7.084E+02	1.00	0.000E+00	0	570	571	0	570	571	571M
5578	9820	-7.084E+02	1.00	0.000E+00	0	569	571	0	569	571	570M
5579	2250	-1.225E+02	0.988	6.286E-54	0	84	86	0	84	86	85M
5579	5579	-1.231E+02	1.00	3.339E-54	0	85	86	0	85	86	86M
5579	9819	-1.235E+02	1.00	2.434E-54	0	84	86	0	84	86	85M
5580	2251	-4.181E+02	1.00	2.706E-182	0	278	280	0	278	280	279M
5580	5580	-4.178E+02	1.00	3.709E-182	0	279	280	0	279	280	280M
5580	9818	-4.181E+02	1.00	2.706E-182	0	278	280	0	278	280	279M
5581	2252	-7.084E+02	0.990	0.000E+00	0	518	520	0	518	520	519M
5581	5581	-7.084E+02	1.00	0.000E+00	0	519	520	0	519	520	520M
5581	9817	-7.084E+02	1.00	0.000E+00	0	518	520	0	518	520	519M
5582	2253	-1.635E+02	1.00	9.498E-72	0	111	113	0	111	113	112M
5582	5582	-1.632E+02	1.00	1.303E-71	0	112	113	0	112	113	113M
5582	9816	-1.635E+02	1.00	9.498E-72	0	111	113	0	111	113	112M
5583	2254	-1.470E+02	1.00	1.432E-64	0	113	115	0	113	115	114M
5583	5583	-1.467E+02	1.00	1.964E-64	0	114	115	0	114	115	115M
5583	9815	-1.470E+02	1.00	1.432E-64	0	113	115	0	113	115	114M
5584	2255	-2.777E+02	0.989	2.461E-121	0	192	194	0	192	194	193M
5584	5584	-2.802E+02	1.00	1.972E-122	0	193	194	0	193	194	194M
5584	9814	-2.806E+02	1.00	1.439E-122	0	192	194	0	192	194	193M
5585	112	-1.168E+02	0.307	1.792E-51	0	400	402	8	407	409	36M3I83M1D100M1I12M2I12M4D152M
5585	5585	-5.712E+02	1.00	8.509E-249	0	401	402	0	401	402	402M
5585	9813	-5.715E+02	1.00	6.209E-249	0	400	402	0	400	402	401M
5586	3818	-7.084E+02	0.995	0.000E+00	0	741	743	0	741	743	742M
5586	5586	-7.084E+02	1.00	0.000E+00	0	742	743	0	742	743	743M
5586	9812	-7.084E+02	1.00	0.000E+00	0	741	743	0	741	743	742M
5587	3817	-7.084E+02	1.00	0.000E+00	0	612	614	0	612	614	613M
5587	5587	-7.084E+02	1.00	0.000E+00	0	613	614	0	613	614	614M
5587	9811	-7.084E+02	1.00	0.000E+00	0	612	614	0	612	614	613M
5588	3816	-4.352E+02	0.996	1.025E-189	0	290	292	0	290	292	291M
5588	5588	-4.371E+02	1.00	1.547E-190	0	291	292	0	291	292	292M
5588	9810	-4.374E+02	1.00	1.129E-190	0	290	292	0	290	292	291M
5589	79	-2.839E+02	0.990	5.243E-124	0	202	204	0	202	204	203M
5589	5589	-2.851E+02	1.00	1.485E-124	0	203	204	0	203	204	204M
5589	9809	-2.854E+02	1.00	1.083E-124	0	202	204	0	202	204	203M
5590	80	-4.758E+02	0.996	2.268E-207	0	317	319	0	317	319	318M
5590	5590	-4.768E+02	1.00	8.811E-208	0	318	319	0	318	319	319M
5590	9808	-4.771E+02	1.00	6.429E-208	0	317	319	0	317	319	318M
5591	81	-1.630E+02	1.00	1.543E-71	0	108	110	0	108	110	109M
5591	5591	-1.627E+02	1.00	2.117E-71	0	109	110	0	109	110	110M
5591	9807	-1.630E+02	1.00	1.543E-71	0	108	110	0	108	110	109M
5592	82	-6.108E+02	1.00	5.383E-266	0	402	404	0	402	404	403M
5592	5592	-6.105E+02	1.00	7.377E-266	0	403	404	0	403	404	404M
5592	9806	-6.108E+02	1.00	5.383E-266	0	402	404	0	402	404	403M
5593	83	-7.084E+02	0.997	0.000E+00	0	696	698	0	696	698	697M
5593	5593	-7.084E+02	1.00	0.000E+00	0	697	698	0	697	698	698M
5593	9805	-7.084E+02	1.00	0.000E+00	0	696	698	0	696	698	697M
5594	84	-1.236E+02	1.00	2.163E-54	0	88	90	0	88	90	89M
5594	5594	-1.233E+02	1.00	2.967E-54	0	89	90	0	89	90	90M
5594	9804	-1.236E+02	1.00	2.163E-54	0	88	90	0	88	90	89M
5595	85	-6.791E+02	0.993	1.204E-295	0	431	433	0	431	433	432M
5595	5595	-6.813E+02	1.00	1.326E-296	0	432	433	0	432	433	433M
5595	9803	-6.816E+02	1.00	9.679E-297	0	431	433	0	431	433	432M
5596	86	-7.084E+02	0.976	0.000E+00	0	586	588	0	586	588	587M
5596	5596	-7.084E+02	1.00	0.000E+00	0	587	588	0	587	588	588M
5596	9802	-7.084E+02	1.00	0.000E+00	0	586	588	0	586	588	587M
5597	87	-7.084E+02	0.992	0.000E+00	0	1231	1233	0	1231	1233	1232M
5597	5597	-7.084E+02	1.00	0.000E+00	0	1232	1233	0	1232	1233	1233M
5597	9801	-7.084E+02	1.00	0.000E+00	0	1231	1233	0	1231	1233	1232M
5598	88	-7.084E+02	0.991	0.000E+00	0	1210	1212	0	1210	1212	1211M
5598	5598	-7.084E+02	1.00	0.000E+00	0	1211	1212	0	1211	1212	1212M
5598	9800	-7.084E+02	1.00	0.000E+00	0	1210	1212	0	1210	1212	1211M
5599	89	-2.492E+02	1.00	5.684E-109	0	167	169	0	167	169	168M
5599	5599	-2.489E+02	1.00	7.794E-109	0	168	169	0	168	169	169M
5599	9799	-2.492E+02	1.00	5.684E-109	0	167	169	0	167	169	168M
5600	90	-7.342E+02	0.995	1.342E-319	0	471	473	0	471	473	472M
5600	5600	-7.371E+02	1.00	7.880E-321	0	472	473	0	472	473	473M
5600	9798	-7.374E+02	1.00	5.751E-321	0	471	473	0	471	473	472M
5601	91	-3.502E+02	1.00	8.487E-153	0	234	236	0	234	236	235M
5601	5601	-3.498E+02	1.00	1.163E-152	0	235	236	0	235	236	236M
5601	9797	-3.502E+02	1.00	8.487E-153	0	234	236	0	234	236	235M
5602	92	-4.747E+02	0.996	6.951E-207	0	314	316	0	314	316	315M
5602	5602	-4.747E+02	1.00	6.951E-207	0	315	316	0	315	316	316M
5602	9796	-4.750E+02	1.00	5.072E-207	0	314	316	0	314	316	315M
5603	93	-3.268E+02	1.00	1.176E-142	0	221	223	0	221	223	222M
5603	5603	-3.265E+02	1.00	1.612E-142	0	222	223	0	222	223	223M
5603	9795	-3.268E+02	1.00	1.176E-142	0	221	223	0	221	223	222M
5604	94	-7.084E+02	1.00	0.000E+00	0	538	540	0	538	540	539M
5604	5604	-7.084E+02	1.00	0.000E+00	0	539	540	0	539	540	540M
5604	9794	-7.084E+02	1.00	0.000E+00	0	538	540	0	538	540	539M
5605	95	-6.672E+02	0.970	1.755E-290	0	436	438	0	436	438	437M
5605	5605	-6.908E+02	1.00	9.608E-301	0	437	438	0	437	438	438M
5605	9793	-6.911E+02	1.00	7.011E-301	0	436	438	0	436	438	437M
5606	96	-3.961E+02	1.00	9.478E-173	0	256	258	0	256	258	257M
5606	5606	-3.958E+02	1.00	1.299E-172	0	257	258	0	257	258	258M
5606	9792	-3.961E+02	1.00	9.478E-173	0	256	258	0	256	258	257M
5607	97	-7.084E+02	1.00	0.000E+00	0	499	501	0	499	501	500M
5607	5607	-7.084E+02	1.00	0.000E+00	0	500	501	0	500	501	501M
5607	9791	-7.084E+02	1.00	0.000E+00	0	499	501	0	499	501	500M
5608	98	-6.942E+02	0.991	3.414E-302	0	459	461	0	459	461	460M
5608	5608	-6.992E+02	1.00	2.210E-304	0	460	461	0	460	461	461M
5608	9790	-6.995E+02	1.00	1.613E-304	0	459	461	0	459	461	460M
5609	99	-7.084E+02	0.998	0.000E+00	0	944	946	0	944	946	945M
5609	5609	-7.084E+02	1.00	0.000E+00	0	945	946	0	945	946	946M
5609	9789	-7.084E+02	1.00	0.000E+00	0	944	946	0	944	946	945M
5610	100	-1.567E+02	0.991	8.554E-69	0	121	123	0	121	123	122M
5610	5610	-1.577E+02	1.00	3.316E-69	0	122	123	0	122	123	123M
5610	9788	-1.580E+02	1.00	2.418E-69	0	121	123	0	121	123	122M
5611	101	-7.084E+02	0.998	0.000E+00	0	602	604	0	602	604	603M
5611	5611	-7.084E+02	1.00	0.000E+00	0	603	604	0	603	604	604M
5611	9787	-7.084E+02	1.00	0.000E+00	0	602	604	0	602	604	603M
5612	102	-2.596E+02	0.994	1.739E-113	0	174	176	0	174	176	175M
5612	5612	-2.596E+02	1.00	1.739E-113	0	175	176	0	175	176	176M
5612	9786	-2.600E+02	1.00	1.269E-113	0	174	176	0	174	176	175M
5613	103	-1.162E+02	0.989	3.445E-51	0	90	92	0	90	92	91M
5613	5613	-1.162E+02	1.00	3.445E-51	0	91	92	0	91	92	92M
5613	9785	-1.165E+02	1.00	2.511E-51	0	90	92	0	90	92	91M
5614	104	-1.798E+02	0.992	7.840E-79	0	133	135	0	133	135	134M
5614	5614	-1.817E+02	1.00	1.179E-79	0	134	135	0	134	135	135M
5614	9784	-1.821E+02	1.00	8.595E-80	0	133	135	0	133	135	134M
5615	105	-1.872E+02	0.992	5.236E-82	0	132	134	0	132	134	133M
5615	5615	-1.881E+02	1.00	2.030E-82	0	133	134	0	133	134	134M
5615	9783	-1.884E+02	1.00	1.481E-82	0	132	134	0	132	134	133M
5616	106	-7.084E+02	1.00	0.000E+00	0	898	900	0	898	900	899M
5616	5616	-7.084E+02	1.00	0.000E+00	0	899	900	0	899	900	900M
5616	9782	-7.084E+02	1.00	0.000E+00	0	898	900	0	898	900	899M
5617	107	-7.156E+02	0.997	1.707E-311	0	493	495	0	493	495	494M
5617	5617	-7.165E+02	1.00	6.635E-312	0	494	495	0	494	495	495M
5617	9781	-7.168E+02	1.00	4.843E-312	0	493	495	0	493	495	494M
5618	108	-2.543E+02	1.00	3.543E-111	0	173	175	0	173	175	174M
5618	5618	-2.540E+02	1.00	4.857E-111	0	174	175	0	174	175	175M
5618	9780	-2.543E+02	1.00	3.543E-111	0	173	175	0	173	175	174M
5619	109	-1.302E+02	0.981	2.904E-57	0	108	110	0	108	110	109M
5619	5619	-1.324E+02	1.00	3.177E-58	0	109	110	0	109	110	110M
5619	9779	-1.327E+02	1.00	2.316E-58	0	108	110	0	108	110	109M
5620	110	-3.873E+02	0.996	6.558E-169	0	263	265	0	263	265	264M
5620	5620	-3.885E+02	1.00	1.858E-169	0	264	265	0	264	265	265M
5620	9778	-3.888E+02	1.00	1.356E-169	0	263	265	0	263	265	264M
5621	111	-7.084E+02	0.996	0.000E+00	0	569	571	0	569	571	570M
5621	5621	-7.084E+02	1.00	0.000E+00	0	570	571	0	570	571	571M
5621	9777	-7.084E+02	1.00	0.000E+00	0	569	571	0	569	571	570M
5622	112	-5.822E+02	1.00	1.398E-253	0	407	409	0	407	409	408M
5622	5622	-5.819E+02	1.00	1.916E-253	0	408	409	0	408	409	409M
5622	9776	-5.822E+02	1.00	1.398E-253	0	407	409	0	407	409	408M
5623	113	-4.281E+02	0.979	1.142E-186	0	285	287	0	285	287	286M
5623	5623	-4.360E+02	1.00	4.316E-190	0	286	287	0	286	287	287M
5623	9775	-4.363E+02	1.00	3.149E-190	0	285	287	0	285	287	286M
5624	114	-2.866E+02	1.00	3.319E-125	0	197	199	0	197	199	198M
5624	5624	-2.863E+02	1.00	4.550E-125	0	198	199	0	198	199	199M
5624	9774	-2.866E+02	1.00	3.319E-125	0	197	199	0	197	199	198M
5625	115	-4.440E+02	0.993	1.476E-193	0	303	305	0	303	305	304M
5625	5625	-4.462E+02	1.00	1.625E-194	0	304	305	0	304	305	305M
5625	9773	-4.465E+02	1.00	1.186E-194	0	303	305	0	303	305	304M
5626	116	-3.675E+02	1.00	2.571E-160	0	248	250	0	248	250	249M
5626	5626	-3.672E+02	1.00	3.524E-160	0	249	250	0	249	250	250M
5626	9772	-3.675E+02	1.00	2.571E-160	0	248	250	0	248	250	249M
5627	117	-1.599E+02	1.00	3.464E-70	0	107	109	0	107	109	108M
5627	5627	-1.596E+02	1.00	4.751E-70	0	108	109	0	108	109	109M
5627	9771	-1.599E+02	1.00	3.464E-70	0	107	109	0	107	109	108M
5628	118	-6.836E+02	0.986	1.286E-297	0	435	437	0	435	437	436M
5628	5628	-6.905E+02	1.00	1.256E-300	0	436	437	0	436	437	437M
5628	9770	-6.909E+02	1.00	9.168E-301	0	435	437	0	435	437	436M
5629	119	-7.084E+02	0.998	0.000E+00	0	554	556	0	554	556	555M
5629	5629	-7.084E+02	1.00	0.000E+00	0	555	556	0	555	556	556M
5629	9769	-7.084E+02	1.00	0.000E+00	0	554	556	0	554	556	555M
5630	120	-2.914E+02	1.00	2.820E-127	0	183	185	0	183	185	184M
5630	5630	-2.911E+02	1.00	3.866E-127	0	184	185	0	184	185	185M
5630	9768	-2.914E+02	1.00	2.820E-127	0	183	185	0	183	185	184M
5631	121	-2.140E+02	1.00	1.150E-93	0	145	147	0	145	147	146M
5631	5631	-2.137E+02	1.00	1.577E-93	0	146	147	0	146	147	147M
5631	9767	-2.140E+02	1.00	1.150E-93	0	145	147	0	145	147	146M
5632	122	-4.710E+02	1.00	2.746E-205	0	332	334	0	332	334	333M
5632	5632	-4.707E+02	1.00	3.763E-205	0	333	334	0	333	334	334M
5632	9766	-4.710E+02	1.00	2.746E-205	0	332	334	0	332	334	333M
5633	123	-9.455E+01	1.00	8.637E-42	0	67	69	0	67	69	68M
5633	5633	-9.424E+01	1.00	1.185E-41	0	68	69	0	68	69	69M
5633	9765	-9.455E+01	1.00	8.637E-42	0	67	69	0	67	69	68M
5634	124	-7.084E+02	0.998	0.000E+00	0	698	700	0	698	700	699M
5634	5634	-7.084E+02	1.00	0.000E+00	0	699	700	0	699	700	700M
5634	9764	-7.084E+02	1.00	0.000E+00	0	698	700	0	698	700	699M
5635	125	-3.841E+02	1.00	1.513E-167	0	256	258	0	256	258	257M
5635	5635	-3.838E+02	1.00	2.074E-167	0	257	258	0	257	258	258M
5635	9763	-3.841E+02	1.00	1.513E-167	0	256	258	0	256	258	257M
5636	126	-3.097E+02	0.980	3.067E-135	0	202	204	0	202	204	203M
5636	5636	-3.164E+02	1.00	4.073E-138	0	203	204	0	203	204	204M
5636	9762	-3.167E+02	1.00	2.971E-138	0	202	204	0	202	204	203M
5637	127	-4.327E+02	0.989	1.259E-188	0	283	285	0	283	285	284M
5637	5637	-4.358E+02	1.00	5.384E-190	0	284	285	0	284	285	285M
5637	9761	-4.361E+02	1.00	3.928E-190	0	283	285	0	283	285	284M
5638	128	-2.732E+02	1.00	2.239E-119	0	194	196	0	194	196	195M
5638	5638	-2.729E+02	1.00	3.070E-119	0	195	196	0	195	196	196M
5638	9760	-2.732E+02	1.00	2.239E-119	0	194	196	0	194	196	195M
5639	129	-4.144E+02	0.984	1.101E-180	0	263	265	0	263	265	264M
5639	5639	-4.178E+02	1.00	3.434E-182	0	264	265	0	264	265	265M
5639	9759	-4.182E+02	1.00	2.505E-182	0	263	265	0	263	265	264M
5640	130	-7.084E+02	0.998	0.000E+00	0	601	603	0	601	603	602M
5640	5640	-7.084E+02	1.00	0.000E+00	0	602	603	0	602	603	603M
5640	9758	-7.084E+02	1.00	0.000E+00	0	601	603	0	601	603	602M
5641	131	-2.255E+02	0.880	1.149E-98	0	175	177	0	175	177	176M
5641	5641	-2.580E+02	1.00	8.837E-113	0	176	177	0	176	177	177M
5641	9757	-2.583E+02	1.00	6.445E-113	0	175	177	0	175	177	176M
5642	5642	-1.760E+02	1.00	3.841E-77	0	123	124	0	123	124	124M
5642	9756	-1.763E+02	1.00	2.801E-77	0	122	124	0	122	124	123M
5643	5643	-3.154E+01	1.00	2.009E-14	0	29	30	0	29	30	30M
5644	132	-4.777E+02	1.00	3.330E-208	0	303	305	0	303	305	304M
5644	5644	-4.774E+02	1.00	4.564E-208	0	304	305	0	304	305	305M
5644	9754	-4.777E+02	1.00	3.330E-208	0	303	305	0	303	305	304M
5645	134	-7.084E+02	1.00	0.000E+00	0	716	718	0	716	718	717M
5645	5645	-7.084E+02	1.00	0.000E+00	0	717	718	0	717	718	718M
5645	9753	-7.084E+02	1.00	0.000E+00	0	716	718	0	716	718	717M
5646	135	-5.790E+02	1.00	3.640E-252	0	389	391	0	389	391	390M
5646	5646	-5.786E+02	1.00	4.988E-252	0	390	391	0	390	391	391M
5646	9752	-5.790E+02	1.00	3.640E-252	0	389	391	0	389	391	390M
5647	136	-2.324E+02	0.993	1.127E-101	0	162	164	0	162	164	163M
5647	5647	-2.331E+02	1.00	5.997E-102	0	163	164	0	163	164	164M
5647	9751	-2.334E+02	1.00	4.374E-102	0	162	164	0	162	164	163M
5648	137	-3.617E+02	0.987	8.382E-158	0	237	239	0	237	239	238M
5648	5648	-3.648E+02	1.00	3.580E-159	0	238	239	0	238	239	239M
5648	9750	-3.652E+02	1.00	2.612E-159	0	237	239	0	237	239	238M
5649	138	-2.781E+02	0.978	1.682E-121	0	184	186	0	184	186	185M
5649	5649	-2.838E+02	1.00	5.748E-124	0	185	186	0	185	186	186M
5649	9749	-2.841E+02	1.00	4.193E-124	0	184	186	0	184	186	185M
5650	139	-1.953E+02	1.00	1.567E-85	0	134	136	0	134	136	135M
5650	5650	-1.950E+02	1.00	2.149E-85	0	135	136	0	135	136	136M
5650	9748	-1.953E+02	1.00	1.567E-85	0	134	136	0	134	136	135M
5651	140	-3.579E+02	0.992	3.793E-156	0	251	253	0	251	253	252M
5651	5651	-3.604E+02	1.00	3.045E-157	0	252	253	0	252	253	253M
5651	9747	-3.607E+02	1.00	2.222E-157	0	251	253	0	251	253	252M
5652	141	-3.508E+02	1.00	4.309E-153	0	233	235	0	233	235	234M
5652	5652	-3.505E+02	1.00	5.906E-153	0	234	235	0	234	235	235M
5652	9746	-3.508E+02	1.00	4.309E-153	0	233	235	0	233	235	234M
5653	142	-6.047E+02	1.00	2.457E-263	0	378	380	0	378	380	379M
5653	5653	-6.044E+02	1.00	3.367E-263	0	379	380	0	379	380	380M
5653	9745	-6.047E+02	1.00	2.457E-263	0	378	380	0	378	380	379M
5654	143	-4.537E+02	0.970	9.575E-198	0	299	301	0	299	301	300M
5654	5654	-4.704E+02	1.00	5.321E-205	0	300	301	0	300	301	301M
5654	9744	-4.707E+02	1.00	3.882E-205	0	299	301	0	299	301	300M
5655	144	-7.084E+02	1.00	0.000E+00	0	638	640	0	638	640	639M
5655	5655	-7.084E+02	1.00	0.000E+00	0	639	640	0	639	640	640M
5655	9743	-7.084E+02	1.00	0.000E+00	0	638	640	0	638	640	639M
5656	145	-1.696E+02	1.00	2.292E-74	0	117	119	0	117	119	118M
5656	5656	-1.692E+02	1.00	3.143E-74	0	118	119	0	118	119	119M
5656	9742	-1.696E+02	1.00	2.292E-74	0	117	119	0	117	119	118M
5657	146	-2.591E+02	0.919	2.978E-113	10	192	194	0	185	187	164M3D19M
5657	5657	-2.947E+02	1.00	9.836E-129	0	193	194	0	193	194	194M
5657	9741	-2.951E+02	1.00	7.175E-129	0	192	194	0	192	194	193M
5658	2333	-6.652E+02	0.997	1.336E-289	0	473	475	0	473	475	474M
5658	5658	-6.658E+02	1.00	7.119E-290	0	474	475	0	474	475	475M
5658	9740	-6.661E+02	1.00	5.195E-290	0	473	475	0	473	475	474M
5659	2332	-4.500E+02	0.986	3.601E-196	0	289	291	0	289	291	290M
5659	5659	-4.576E+02	1.00	1.866E-199	0	290	291	0	290	291	291M
5659	9739	-4.579E+02	1.00	1.361E-199	0	289	291	0	289	291	290M
5660	2331	-2.462E+02	0.987	1.156E-107	0	164	166	0	164	166	165M
5660	5660	-2.491E+02	1.00	6.751E-109	0	165	166	0	165	166	166M
5660	9738	-2.494E+02	1.00	4.924E-109	0	164	166	0	164	166	165M
5661	2330	-1.402E+02	1.00	1.322E-61	0	117	119	0	117	119	118M
5661	5661	-1.399E+02	1.00	1.813E-61	0	118	119	0	118	119	119M
5661	9737	-1.402E+02	1.00	1.322E-61	0	117	119	0	117	119	118M
5662	2329	-1.445E+02	1.00	1.830E-63	0	120	122	0	120	122	121M
5662	5662	-1.441E+02	1.00	2.510E-63	0	121	122	0	121	122	122M
5662	9736	-1.445E+02	1.00	1.830E-63	0	120	122	0	120	122	121M
5663	2328	-7.084E+02	1.00	0.000E+00	0	1389	1391	7	1396	1398	1390M
5663	5663	-7.084E+02	1.00	0.000E+00	0	1390	1391	0	1390	1391	1391M
5663	9735	-7.084E+02	1.00	0.000E+00	0	1389	1391	7	1396	1398	1390M
5664	2327	-7.084E+02	0.999	0.000E+00	0	1361	1363	0	1361	1363	1362M
5664	5664	-7.084E+02	1.00	0.000E+00	0	1362	1363	0	1362	1363	1363M
5664	9734	-7.084E+02	0.999	0.000E+00	0	1361	1363	0	1361	1363	1362M
5665	2326	-1.523E+02	1.00	7.479E-67	0	122	124	0	122	124	123M
5665	5665	-1.519E+02	1.00	1.026E-66	0	123	124	0	123	124	124M
5665	9733	-1.523E+02	1.00	7.479E-67	0	122	124	0	122	124	123M
5666	2325	-2.281E+02	1.00	8.651E-100	0	167	169	0	167	169	168M
5666	5666	-2.278E+02	1.00	1.186E-99	0	168	169	0	168	169	169M
5666	9732	-2.281E+02	1.00	8.651E-100	0	167	169	0	167	169	168M
5667	2324	-3.210E+02	1.00	3.824E-140	0	230	232	0	230	232	231M
5667	5667	-3.207E+02	1.00	5.241E-140	0	231	232	0	231	232	232M
5667	9731	-3.210E+02	1.00	3.824E-140	0	230	232	0	230	232	231M
5668	2323	-2.019E+02	1.00	2.111E-88	0	141	143	0	141	143	142M
5668	5668	-2.016E+02	1.00	2.895E-88	0	142	143	0	142	143	143M
5668	9730	-2.019E+02	1.00	2.111E-88	0	141	143	0	141	143	142M
5669	2322	-2.687E+02	1.00	2.032E-117	0	176	178	0	176	178	177M
5669	5669	-2.684E+02	1.00	2.785E-117	0	177	178	0	177	178	178M
5669	9729	-2.687E+02	1.00	2.032E-117	0	176	178	0	176	178	177M
5670	2321	-2.115E+02	1.00	1.437E-92	0	145	147	0	145	147	146M
5670	5670	-2.112E+02	1.00	1.971E-92	0	146	147	0	146	147	147M
5670	9728	-2.115E+02	1.00	1.437E-92	0	145	147	0	145	147	146M
5671	4372	-7.198E+01	1.00	5.479E-32	0	56	58	339	395	397	57M
5671	6278	-7.198E+01	1.00	5.479E-32	0	56	58	0	56	58	57M
5671	9030	-7.198E+01	1.00	5.479E-32	0	56	58	0	56	58	57M
5672	4152	-2.976E+02	0.974	5.583E-130	0	198	200	0	198	200	199M
5672	5672	-3.099E+02	1.00	2.535E-135	0	199	200	0	199	200	200M
5672	9880	-3.102E+02	1.00	1.849E-135	0	198	200	0	198	200	199M
5673	4153	-3.494E+02	1.00	1.725E-152	0	229	231	0	229	231	230M
5673	5673	-3.491E+02	1.00	2.365E-152	0	230	231	0	230	231	231M
5673	9881	-3.494E+02	1.00	1.725E-152	0	229	231	0	229	231	230M
5674	4002	-7.444E+02	1.00	4.941E-324	0	491	493	0	491	493	492M
5674	5674	-7.444E+02	1.00	4.941E-324	0	492	493	0	492	493	493M
5674	9882	-7.444E+02	1.00	4.941E-324	0	491	493	0	491	493	492M
5675	4001	-5.473E+01	1.00	1.700E-24	0	46	48	0	46	48	47M
5675	5675	-5.441E+01	1.00	2.335E-24	0	47	48	0	47	48	48M
5675	9883	-5.473E+01	1.00	1.700E-24	0	46	48	0	46	48	47M
5676	4000	-6.415E+02	0.969	2.525E-279	0	432	435	0	432	435	433M
5676	5676	-6.623E+02	1.00	2.359E-288	0	434	435	0	434	435	435M
5676	9884	-6.626E+02	1.00	1.721E-288	0	433	435	0	433	435	434M
5677	3999	-4.644E+02	0.962	2.106E-202	0	319	321	0	319	321	320M
5677	5677	-4.823E+02	1.00	3.327E-210	0	320	321	0	320	321	321M
5677	9885	-4.827E+02	1.00	2.427E-210	0	319	321	0	319	321	320M
5678	3186	-7.084E+02	0.998	0.000E+00	0	594	596	0	594	596	595M
5678	5678	-7.084E+02	1.00	0.000E+00	0	595	596	0	595	596	596M
5678	9886	-7.084E+02	1.00	0.000E+00	0	594	596	0	594	596	595M
5679	3185	-6.679E+02	0.997	8.817E-291	0	428	430	0	428	430	429M
5679	5679	-6.704E+02	1.00	7.091E-292	0	429	430	0	429	430	430M
5679	9887	-6.707E+02	1.00	5.175E-292	0	428	430	0	428	430	429M
5680	3184	-3.548E+02	0.995	7.971E-155	0	242	244	0	242	244	243M
5680	5680	-3.558E+02	1.00	3.095E-155	0	243	244	0	243	244	244M
5680	9888	-3.561E+02	1.00	2.258E-155	0	242	244	0	242	244	243M
5681	3183	-4.346E+02	0.983	1.777E-189	0	295	297	0	295	297	296M
5681	5681	-4.422E+02	1.00	9.213E-193	0	296	297	0	296	297	297M
5681	9889	-4.425E+02	1.00	6.722E-193	0	295	297	0	295	297	296M
5682	3182	-6.287E+02	0.993	8.931E-274	0	430	432	0	430	432	431M
5682	5682	-6.306E+02	1.00	1.349E-274	0	431	432	0	431	432	432M
5682	9890	-6.309E+02	1.00	9.846E-275	0	430	432	0	430	432	431M
5683	3181	-7.084E+02	0.997	0.000E+00	0	893	895	0	893	895	894M
5683	5683	-7.084E+02	1.00	0.000E+00	0	894	895	0	894	895	895M
5683	9891	-7.084E+02	1.00	0.000E+00	0	893	895	0	893	895	894M
5684	3180	-3.001E+02	0.990	4.772E-131	0	206	208	0	206	208	207M
5684	5684	-3.023E+02	1.00	5.246E-132	0	207	208	0	207	208	208M
5684	9892	-3.026E+02	1.00	3.827E-132	0	206	208	0	206	208	207M
5685	616	-5.230E+02	0.994	6.955E-228	0	365	367	0	365	367	366M
5685	5685	-5.262E+02	1.00	2.979E-229	0	366	367	0	366	367	367M
5685	9893	-5.265E+02	1.00	2.174E-229	0	365	367	0	365	367	366M
5686	615	-7.084E+02	0.998	0.000E+00	0	1040	1042	0	1040	1042	1041M
5686	5686	-7.084E+02	1.00	0.000E+00	0	1041	1042	0	1041	1042	1042M
5686	9894	-7.084E+02	1.00	0.000E+00	0	1040	1042	0	1040	1042	1041M
5687	614	-1.746E+02	0.992	1.497E-76	0	124	126	0	124	126	125M
5687	5687	-1.752E+02	1.00	7.958E-77	0	125	126	0	125	126	126M
5687	9895	-1.755E+02	1.00	5.803E-77	0	124	126	0	124	126	125M
5688	613	-5.622E+02	1.00	6.587E-245	0	369	371	0	369	371	370M
5688	5688	-5.619E+02	1.00	9.026E-245	0	370	371	0	370	371	371M
5688	9896	-5.622E+02	1.00	6.587E-245	0	369	371	0	369	371	370M
5689	612	-1.346E+02	0.905	3.548E-59	0	115	117	0	115	117	116M
5689	5689	-1.456E+02	1.00	5.580E-64	0	116	117	0	116	117	117M
5689	9897	-1.460E+02	1.00	4.068E-64	0	115	117	0	115	117	116M
5690	611	-3.972E+02	1.00	3.036E-173	0	272	274	0	272	274	273M
5690	5690	-3.969E+02	1.00	4.161E-173	0	273	274	0	273	274	274M
5690	9898	-3.972E+02	1.00	3.036E-173	0	272	274	0	272	274	273M
5691	610	-3.264E+02	1.00	1.744E-142	0	216	218	0	216	218	217M
5691	5691	-3.261E+02	1.00	2.391E-142	0	217	218	0	217	218	218M
5691	9899	-3.264E+02	1.00	1.744E-142	0	216	218	0	216	218	217M
5692	609	-5.626E+02	0.994	4.571E-245	0	395	397	0	395	397	396M
5692	5692	-5.677E+02	1.00	2.958E-247	0	396	397	0	396	397	397M
5692	9900	-5.680E+02	1.00	2.159E-247	0	395	397	0	395	397	396M
5693	608	-3.900E+02	0.988	4.423E-170	0	266	268	0	266	268	267M
5693	5693	-3.934E+02	1.00	1.380E-171	0	267	268	0	267	268	268M
5693	9901	-3.937E+02	1.00	1.007E-171	0	266	268	0	266	268	267M
5694	607	-4.429E+02	0.993	4.317E-193	0	299	301	0	299	301	300M
5694	5694	-4.442E+02	1.00	1.224E-193	0	300	301	0	300	301	301M
5694	9902	-4.445E+02	1.00	8.928E-194	0	299	301	0	299	301	300M
5695	606	-1.683E+02	0.935	7.904E-74	0	123	125	0	123	125	124M
5695	5695	-1.781E+02	1.00	4.418E-78	0	124	125	0	124	125	125M
5695	9903	-1.784E+02	1.00	3.221E-78	0	123	125	0	123	125	124M
5696	605	-7.335E+02	0.989	2.767E-319	0	473	475	0	473	475	474M
5696	5696	-7.424E+02	1.00	3.953E-323	0	474	475	0	474	475	475M
5696	9904	-7.426E+02	1.00	2.964E-323	0	473	475	0	473	475	474M
5697	604	-5.261E+02	0.994	3.426E-229	0	341	343	0	341	343	342M
5697	5697	-5.283E+02	1.00	3.774E-230	0	342	343	0	342	343	343M
5697	9905	-5.286E+02	1.00	2.754E-230	0	341	343	0	341	343	342M
5698	603	-2.919E+02	0.989	1.651E-127	0	185	187	0	185	187	186M
5698	5698	-2.948E+02	1.00	9.652E-129	0	186	187	0	186	187	187M
5698	9906	-2.951E+02	1.00	7.040E-129	0	185	187	0	185	187	186M
5699	602	-1.176E+02	0.987	8.131E-52	0	80	82	0	80	82	81M
5699	5699	-1.192E+02	1.00	1.672E-52	0	81	82	0	81	82	82M
5699	9907	-1.195E+02	1.00	1.218E-52	0	80	82	0	80	82	81M
5700	601	-2.709E+02	0.988	2.341E-118	0	177	179	0	177	179	178M
5700	5700	-2.734E+02	1.00	1.876E-119	0	178	179	0	178	179	179M
5700	9908	-2.737E+02	1.00	1.368E-119	0	177	179	0	177	179	178M
5701	600	-5.546E+02	0.994	1.320E-241	0	343	345	0	343	345	344M
5701	5701	-5.559E+02	1.00	3.743E-242	0	344	345	0	344	345	345M
5701	9909	-5.562E+02	1.00	2.731E-242	0	343	345	0	343	345	344M
5702	599	-1.919E+02	1.00	4.592E-84	0	119	121	0	119	121	120M
5702	5702	-1.916E+02	1.00	6.297E-84	0	120	121	0	120	121	121M
5702	9910	-1.919E+02	1.00	4.592E-84	0	119	121	0	119	121	120M
5703	598	-3.692E+02	0.995	4.401E-161	0	244	246	0	244	246	245M
5703	5703	-3.702E+02	1.00	1.709E-161	0	245	246	0	245	246	246M
5703	9911	-3.705E+02	1.00	1.247E-161	0	244	246	0	244	246	245M
5704	597	-5.574E+01	1.00	6.194E-25	0	51	53	0	51	53	52M
5704	5704	-5.542E+01	1.00	8.509E-25	0	52	53	0	52	53	53M
5704	9912	-5.574E+01	1.00	6.194E-25	0	51	53	0	51	53	52M
5705	596	-2.443E+02	0.993	7.726E-107	0	151	153	0	151	153	152M
5705	5705	-2.456E+02	1.00	2.186E-107	0	152	153	0	152	153	153M
5705	9913	-2.459E+02	1.00	1.594E-107	0	151	153	0	151	153	152M
5706	595	-6.048E+02	0.984	2.191E-263	0	389	391	0	389	391	390M
5706	5706	-6.130E+02	1.00	6.065E-267	0	390	391	0	390	391	391M
5706	9914	-6.133E+02	1.00	4.425E-267	0	389	391	0	389	391	390M
5707	594	-6.323E+02	0.997	2.404E-275	0	420	422	0	420	422	421M
5707	5707	-6.330E+02	1.00	1.280E-275	0	421	422	0	421	422	422M
5707	9915	-6.333E+02	1.00	9.343E-276	0	420	422	0	420	422	421M
5708	593	-4.039E+02	0.996	3.914E-176	0	278	280	0	278	280	279M
5708	5708	-4.055E+02	1.00	8.095E-177	0	279	280	0	279	280	280M
5708	9916	-4.058E+02	1.00	5.906E-177	0	278	280	0	278	280	279M
5709	592	-9.270E+01	0.985	5.490E-41	0	66	68	0	66	68	67M
5709	5709	-9.270E+01	1.00	5.490E-41	0	67	68	0	67	68	68M
5709	9917	-9.302E+01	1.00	4.000E-41	0	66	68	0	66	68	67M
5710	2258	-3.635E+02	1.00	1.325E-158	0	238	240	0	238	240	239M
5710	5710	-3.632E+02	1.00	1.816E-158	0	239	240	0	239	240	240M
5710	9918	-3.635E+02	1.00	1.325E-158	0	238	240	0	238	240	239M
5711	2259	-3.004E+02	1.00	3.591E-131	0	200	202	0	200	202	201M
5711	5711	-3.000E+02	1.00	4.922E-131	0	201	202	0	201	202	202M
5711	9919	-3.004E+02	1.00	3.591E-131	0	200	202	0	200	202	201M
5712	2260	-4.437E+02	0.996	1.997E-193	0	296	298	0	296	298	297M
5712	5712	-4.447E+02	1.00	7.757E-194	0	297	298	0	297	298	298M
5712	9920	-4.450E+02	1.00	5.660E-194	0	296	298	0	296	298	297M
5713	2261	-3.366E+02	0.981	6.259E-147	0	213	215	0	213	215	214M
5713	5713	-3.392E+02	1.00	5.020E-148	0	214	215	0	214	215	215M
5713	9921	-3.395E+02	1.00	3.662E-148	0	213	215	0	213	215	214M
5714	2262	-4.333E+02	0.990	6.718E-189	0	310	312	0	310	313	311M
5714	5714	-4.361E+02	1.00	3.940E-190	0	311	312	0	311	312	312M
5714	9922	-4.364E+02	1.00	2.875E-190	0	310	312	0	310	312	311M
5715	2263	-6.286E+02	0.982	9.972E-274	0	446	448	0	446	448	447M
5715	5715	-6.437E+02	1.00	2.710E-280	0	447	448	0	447	448	448M
5715	9923	-6.440E+02	1.00	1.977E-280	0	446	448	0	446	448	447M
5716	2264	-2.296E+02	0.974	1.894E-100	0	155	157	0	155	158	156M
5716	5716	-2.347E+02	1.00	1.214E-102	0	156	157	0	156	157	157M
5716	9924	-2.350E+02	1.00	8.852E-103	0	155	157	0	155	157	156M
5717	2265	-5.537E+02	0.997	3.447E-241	0	350	352	0	350	352	351M
5717	5717	-5.543E+02	1.00	1.836E-241	0	351	352	0	351	352	352M
5717	9925	-5.546E+02	1.00	1.339E-241	0	350	352	0	350	352	351M
5718	2266	-3.913E+02	0.996	1.179E-170	0	258	260	0	258	260	259M
5718	5718	-3.919E+02	1.00	6.277E-171	0	259	260	0	259	260	260M
5718	9926	-3.922E+02	1.00	4.579E-171	0	258	260	0	258	260	259M
5719	2267	-2.842E+02	1.00	3.633E-124	0	181	183	0	181	183	182M
5719	5719	-2.839E+02	1.00	4.980E-124	0	182	183	0	182	183	183M
5719	9927	-2.842E+02	1.00	3.633E-124	0	181	183	0	181	183	182M
5720	2268	-3.245E+02	0.995	1.138E-141	0	209	211	0	209	211	210M
5720	5720	-3.255E+02	1.00	4.417E-142	0	210	211	0	210	211	211M
5720	9928	-3.258E+02	1.00	3.222E-142	0	209	211	0	209	211	210M
5721	2269	-6.641E+02	0.963	3.733E-289	0	434	436	0	434	436	435M
5721	5721	-6.799E+02	1.00	5.382E-296	0	435	436	0	435	436	436M
5721	9929	-6.802E+02	1.00	3.927E-296	0	434	436	0	434	436	435M
5722	2270	-6.982E+02	1.00	6.241E-304	0	461	463	0	461	463	462M
5722	5722	-6.978E+02	1.00	8.552E-304	0	462	463	0	462	463	463M
5722	9930	-6.982E+02	1.00	6.241E-304	0	461	463	0	461	463	462M
5723	2271	-3.449E+02	0.964	1.696E-150	0	226	228	0	226	228	227M
5723	5723	-3.546E+02	1.00	9.634E-155	0	227	228	0	227	228	228M
5723	9931	-3.550E+02	1.00	7.028E-155	0	226	228	0	226	228	227M
5724	2272	-6.330E+02	0.988	1.280E-275	0	420	422	0	420	422	421M
5724	5724	-6.415E+02	1.00	2.589E-279	0	421	422	0	421	422	422M
5724	9932	-6.418E+02	1.00	1.889E-279	0	420	422	0	420	422	421M
5725	2273	-5.550E+02	0.981	9.248E-242	0	369	371	0	369	371	370M
5725	5725	-5.607E+02	1.00	3.183E-244	0	370	371	0	370	371	371M
5725	9933	-5.610E+02	1.00	2.323E-244	0	369	371	0	369	371	370M
5726	4160	-3.756E+02	1.00	7.421E-164	0	249	251	0	249	251	250M
5726	5726	-3.753E+02	1.00	1.017E-163	0	250	251	0	250	251	251M
5726	9934	-3.756E+02	1.00	7.421E-164	0	249	251	0	249	251	250M
5727	4161	-2.753E+02	0.963	2.792E-120	0	190	192	0	190	192	191M
5727	5727	-2.860E+02	1.00	6.133E-125	0	191	192	0	191	192	192M
5727	9935	-2.863E+02	1.00	4.473E-125	0	190	192	0	190	192	191M
5728	3343	-7.084E+02	1.00	0.000E+00	0	557	559	0	557	559	558M
5728	5728	-7.084E+02	1.00	0.000E+00	0	558	559	0	558	559	559M
5728	9936	-7.084E+02	1.00	0.000E+00	0	557	559	0	557	559	558M
5729	3345	-6.143E+02	1.00	1.614E-267	94	511	513	0	417	419	418M
5729	5729	-7.084E+02	1.00	0.000E+00	0	512	513	0	512	513	513M
5729	9937	-7.084E+02	1.00	0.000E+00	0	511	513	0	511	513	512M
5730	3346	-7.022E+02	1.00	1.100E-305	0	469	471	0	469	471	470M
5730	5730	-7.019E+02	1.00	1.508E-305	0	470	471	0	470	471	471M
5730	9938	-7.022E+02	1.00	1.100E-305	0	469	471	0	469	471	470M
5731	3347	-6.112E+02	0.990	3.578E-266	0	400	402	0	400	402	401M
5731	5731	-6.181E+02	1.00	3.494E-269	0	401	402	0	401	402	402M
5731	9939	-6.185E+02	1.00	2.550E-269	0	400	402	0	400	402	401M
5732	3348	-4.828E+02	0.984	2.109E-210	0	316	318	0	316	318	317M
5732	5732	-4.891E+02	1.00	3.859E-213	0	317	318	0	317	318	318M
5732	9940	-4.894E+02	1.00	2.816E-213	0	316	318	0	316	318	317M
5733	3349	-7.084E+02	0.981	0.000E+00	0	607	609	0	607	609	608M
5733	5733	-7.084E+02	1.00	0.000E+00	0	608	609	0	608	609	609M
5733	9941	-7.084E+02	1.00	0.000E+00	0	607	609	0	607	609	608M
5734	3724	-2.173E+01	0.224	3.656E-10	4	207	213	5	219	223	18M10I17M7I18M4D14M20D34M1D23M3D63M
5734	5734	-3.203E+02	1.00	7.551E-140	0	212	213	0	212	213	213M
5734	9942	-3.207E+02	1.00	5.509E-140	0	211	213	0	211	213	212M
5735	1860	-3.815E+02	0.988	2.098E-166	0	265	267	0	265	267	266M
5735	5735	-3.865E+02	1.00	1.353E-168	0	266	267	0	266	267	267M
5735	9943	-3.868E+02	1.00	9.873E-169	0	265	267	0	265	267	266M
5736	1861	-7.084E+02	0.986	0.000E+00	0	611	613	0	611	613	612M
5736	5736	-7.084E+02	1.00	0.000E+00	0	612	613	0	612	613	613M
5736	9944	-7.084E+02	1.00	0.000E+00	0	611	613	0	611	613	612M
5737	1862	-6.796E+02	0.997	6.950E-296	0	453	455	0	453	455	454M
5737	5737	-6.806E+02	1.00	2.701E-296	0	454	455	0	454	455	455M
5737	9945	-6.809E+02	1.00	1.971E-296	0	453	455	0	453	455	454M
5738	1863	-2.614E+02	0.976	2.966E-114	0	170	172	0	170	172	171M
5738	5738	-2.642E+02	1.00	1.733E-115	0	171	172	0	171	172	172M
5738	9946	-2.646E+02	1.00	1.264E-115	0	170	172	0	170	172	171M
5739	1864	-4.717E+02	0.993	1.392E-205	0	304	306	0	304	306	305M
5739	5739	-4.752E+02	1.00	4.345E-207	0	305	306	0	305	306	306M
5739	9947	-4.755E+02	1.00	3.170E-207	0	304	306	0	304	306	305M
5740	1865	-2.151E+02	1.00	3.757E-94	0	148	150	0	148	150	149M
5740	5740	-2.148E+02	1.00	5.151E-94	0	149	150	0	149	150	150M
5740	9948	-2.151E+02	1.00	3.757E-94	0	148	150	0	148	150	149M
5741	1866	-2.230E+02	1.00	1.432E-97	0	155	157	0	155	157	156M
5741	5741	-2.227E+02	1.00	1.964E-97	0	156	157	0	156	157	157M
5741	9949	-2.230E+02	1.00	1.432E-97	0	155	157	0	155	157	156M
5742	1867	-5.627E+02	0.997	4.035E-245	0	372	374	0	372	374	373M
5742	5742	-5.646E+02	1.00	6.093E-246	0	373	374	0	373	374	374M
5742	9950	-5.649E+02	1.00	4.446E-246	0	372	374	0	372	374	373M
5743	1868	-6.168E+02	1.00	1.286E-268	0	428	430	0	428	430	429M
5743	5743	-6.165E+02	1.00	1.762E-268	0	429	430	0	429	430	430M
5743	9951	-6.168E+02	1.00	1.286E-268	0	428	430	0	428	430	429M
5744	1869	-5.895E+02	1.00	9.524E-257	0	406	408	0	406	408	407M
5744	5744	-5.892E+02	1.00	1.305E-256	0	407	408	0	407	408	408M
5744	9952	-5.895E+02	1.00	9.524E-257	0	406	408	0	406	408	407M
5745	1870	-1.478E+02	1.00	6.581E-65	0	110	112	0	110	112	111M
5745	5745	-1.475E+02	1.00	9.027E-65	0	111	112	0	111	112	112M
5745	9953	-1.478E+02	1.00	6.581E-65	0	110	112	0	110	112	111M
5746	1871	-2.287E+02	1.00	4.523E-100	0	160	162	0	160	162	161M
5746	5746	-2.284E+02	1.00	6.201E-100	0	161	162	0	161	162	162M
5746	9954	-2.287E+02	1.00	4.523E-100	0	160	162	0	160	162	161M
5747	1872	-2.010E+02	0.931	5.044E-88	0	146	148	0	146	148	147M
5747	5747	-2.155E+02	1.00	2.489E-94	0	147	148	0	147	148	148M
5747	9955	-2.158E+02	1.00	1.815E-94	0	146	148	0	146	148	147M
5748	1875	-6.287E+02	0.997	8.951E-274	0	403	405	0	403	405	404M
5748	5748	-6.306E+02	1.00	1.352E-274	0	404	405	0	404	405	405M
5748	9956	-6.309E+02	1.00	9.863E-275	0	403	405	0	403	405	404M
5749	1876	-4.424E+02	0.992	7.180E-193	0	283	285	0	283	285	284M
5749	5749	-4.459E+02	1.00	2.240E-194	0	284	285	0	284	285	285M
5749	9957	-4.462E+02	1.00	1.634E-194	0	283	285	0	283	285	284M
5750	1877	-4.176E+02	0.982	4.475E-182	0	282	284	0	282	284	283M
5750	5750	-4.220E+02	1.00	5.423E-184	0	283	284	0	283	284	284M
5750	9958	-4.223E+02	1.00	3.957E-184	0	282	284	0	282	284	283M
5751	1878	-6.066E+02	0.977	3.720E-264	0	405	407	0	405	407	406M
5751	5751	-6.173E+02	1.00	8.288E-269	0	406	407	0	406	407	407M
5751	9959	-6.176E+02	1.00	6.048E-269	0	405	407	0	405	407	406M
5752	5752	-2.001E+02	1.00	1.215E-87	0	139	140	0	139	140	140M
5752	9960	-2.004E+02	1.00	8.862E-88	0	138	140	0	138	140	139M
5753	1879	-3.762E+02	0.972	4.340E-164	0	251	253	0	251	253	252M
5753	5753	-3.850E+02	1.00	6.361E-168	0	252	253	0	252	253	253M
5753	9961	-3.853E+02	1.00	4.641E-168	0	251	253	0	251	253	252M
5754	2736	-5.279E+02	0.960	5.595E-230	44	397	399	0	353	355	354M
5754	5754	-6.082E+02	1.00	7.263E-265	0	398	399	0	398	399	399M
5754	9962	-6.085E+02	1.00	5.300E-265	0	397	399	0	397	399	398M
5755	2737	-7.024E+02	0.997	8.935E-306	0	451	453	0	451	453	452M
5755	5755	-7.040E+02	1.00	1.849E-306	0	452	453	0	452	453	453M
5755	9963	-7.043E+02	1.00	1.350E-306	0	451	453	0	451	453	452M
5756	2738	-3.570E+02	1.00	8.639E-156	0	235	237	0	235	237	236M
5756	5756	-3.567E+02	1.00	1.184E-155	0	236	237	0	236	237	237M
5756	9964	-3.570E+02	1.00	8.639E-156	0	235	237	0	235	237	236M
5757	2739	-3.104E+02	1.00	1.631E-135	0	222	224	0	222	224	223M
5757	5757	-3.100E+02	1.00	2.236E-135	0	223	224	0	223	224	224M
5757	9965	-3.104E+02	1.00	1.631E-135	0	222	224	0	222	224	223M
5758	2740	-4.197E+02	0.992	5.092E-183	0	276	278	0	276	278	277M
5758	5758	-4.207E+02	1.00	1.978E-183	0	277	278	0	277	278	278M
5758	9966	-4.210E+02	1.00	1.443E-183	0	276	278	0	276	278	277M
5759	2741	-6.446E+02	0.997	1.113E-280	0	454	456	0	454	456	455M
5759	5759	-6.456E+02	1.00	4.325E-281	0	455	456	0	455	456	456M
5759	9967	-6.459E+02	1.00	3.157E-281	0	454	456	0	454	456	455M
5760	2742	-5.928E+02	0.984	3.594E-258	0	383	385	0	383	385	384M
5760	5760	-6.022E+02	1.00	2.820E-262	0	384	385	0	384	385	385M
5760	9968	-6.026E+02	1.00	2.058E-262	0	383	385	0	383	385	384M
5761	2743	-6.540E+02	1.00	9.340E-285	0	435	437	0	435	437	436M
5761	5761	-6.537E+02	1.00	1.280E-284	0	436	437	0	436	437	437M
5761	9969	-6.540E+02	1.00	9.340E-285	0	435	437	0	435	437	436M
5762	2744	-2.796E+02	0.983	3.821E-122	0	186	188	0	186	188	187M
5762	5762	-2.834E+02	1.00	8.670E-124	0	187	188	0	187	188	188M
5762	9970	-2.837E+02	1.00	6.324E-124	0	186	188	0	186	188	187M
5763	2745	-2.721E+02	0.988	6.950E-119	0	178	180	0	178	180	179M
5763	5763	-2.755E+02	1.00	2.161E-120	0	179	180	0	179	180	180M
5763	9971	-2.759E+02	1.00	1.576E-120	0	178	180	0	178	180	179M
5764	2746	-7.084E+02	0.998	0.000E+00	0	524	526	0	524	526	525M
5764	5764	-7.084E+02	1.00	0.000E+00	0	525	526	0	525	526	526M
5764	9972	-7.084E+02	1.00	0.000E+00	0	524	526	0	524	526	525M
5765	2747	-2.545E+02	0.988	3.070E-111	0	170	172	0	170	172	171M
5765	5765	-2.560E+02	1.00	6.337E-112	0	171	172	0	171	172	172M
5765	9973	-2.564E+02	1.00	4.622E-112	0	170	172	0	170	172	171M
5766	4165	-7.084E+02	0.953	0.000E+00	0	1007	1109	0	1007	1025	1008M
5766	5766	-7.084E+02	1.00	0.000E+00	0	1108	1109	0	1108	1109	1109M
5766	9974	-7.084E+02	1.00	0.000E+00	0	1107	1109	0	1107	1109	1108M
5767	5767	-7.084E+02	1.00	0.000E+00	0	674	675	0	674	675	675M
5767	9975	-7.084E+02	1.00	0.000E+00	0	673	675	0	673	675	674M
5768	5768	-3.456E+02	1.00	8.344E-151	0	232	233	0	232	233	233M
5768	9976	-3.459E+02	1.00	6.088E-151	0	231	233	0	231	233	232M
5769	2275	-7.099E+02	1.00	5.043E-309	0	446	448	0	446	448	447M
5769	5769	-7.096E+02	1.00	6.910E-309	0	447	448	0	447	448	448M
5769	9977	-7.099E+02	1.00	5.043E-309	0	446	448	0	446	448	447M
5770	2276	-2.850E+02	0.994	1.738E-124	0	192	194	0	192	194	193M
5770	5770	-2.862E+02	1.00	4.920E-125	0	193	194	0	193	194	194M
5770	9978	-2.865E+02	1.00	3.589E-125	0	192	194	0	192	194	193M
5771	2277	-7.084E+02	1.00	0.000E+00	0	626	628	0	626	628	627M
5771	5771	-7.084E+02	1.00	0.000E+00	0	627	628	0	627	628	628M
5771	9979	-7.084E+02	1.00	0.000E+00	0	626	628	0	626	628	627M
5772	2278	-3.854E+02	0.992	4.347E-168	0	263	265	0	263	265	264M
5772	5772	-3.882E+02	1.00	2.547E-169	0	264	265	0	264	265	265M
5772	9980	-3.885E+02	1.00	1.858E-169	0	263	265	0	263	265	264M
5773	2279	-2.594E+02	0.988	2.229E-113	0	166	168	0	166	168	167M
5773	5773	-2.603E+02	1.00	8.650E-114	0	167	168	0	167	168	168M
5773	9981	-2.607E+02	1.00	6.309E-114	0	166	168	0	166	168	167M
5774	2280	-5.339E+02	0.988	1.341E-232	0	335	337	0	335	337	336M
5774	5774	-5.383E+02	1.00	1.627E-234	0	336	337	0	336	337	337M
5774	9982	-5.386E+02	1.00	1.187E-234	0	335	337	0	335	337	336M
5775	2281	-5.975E+02	0.997	3.336E-260	0	384	386	0	384	386	385M
5775	5775	-5.987E+02	1.00	9.460E-261	0	385	386	0	385	386	386M
5775	9983	-5.990E+02	1.00	6.903E-261	0	384	386	0	384	386	385M
5776	2282	-3.754E+02	0.979	9.110E-164	0	240	242	0	240	242	241M
5776	5776	-3.817E+02	1.00	1.662E-166	0	241	242	0	241	242	242M
5776	9984	-3.820E+02	1.00	1.212E-166	0	240	242	0	240	242	241M
5777	2283	-6.430E+02	0.989	5.374E-280	0	454	456	0	454	456	455M
5777	5777	-6.506E+02	1.00	2.802E-283	0	455	456	0	455	456	456M
5777	9985	-6.509E+02	1.00	2.045E-283	0	454	456	0	454	456	455M
5778	2284	-1.540E+02	0.990	1.337E-67	0	106	108	0	106	108	107M
5778	5778	-1.556E+02	1.00	2.753E-68	0	107	108	0	107	108	108M
5778	9986	-1.559E+02	1.00	2.007E-68	0	106	108	0	106	108	107M
5779	2285	-2.382E+02	1.00	3.395E-104	0	166	168	0	166	168	167M
5779	5779	-2.379E+02	1.00	4.654E-104	0	167	168	0	167	168	168M
5779	9987	-2.382E+02	1.00	3.395E-104	0	166	168	0	166	168	167M
5780	2286	-5.144E+02	0.987	3.809E-224	0	320	322	0	320	322	321M
5780	5780	-5.198E+02	1.00	1.794E-226	0	321	322	0	321	322	322M
5780	9988	-5.201E+02	1.00	1.309E-226	0	320	322	0	320	322	321M
5781	2287	-1.690E+02	0.991	3.912E-74	0	115	117	0	115	117	116M
5781	5781	-1.700E+02	1.00	1.516E-74	0	116	117	0	116	117	117M
5781	9989	-1.703E+02	1.00	1.105E-74	0	115	117	0	115	117	116M
5782	2288	-2.644E+02	1.00	1.486E-115	0	180	182	0	180	182	181M
5782	5782	-2.641E+02	1.00	2.038E-115	0	181	182	0	181	182	182M
5782	9990	-2.644E+02	1.00	1.486E-115	0	180	182	0	180	182	181M
5783	2289	-3.811E+02	0.992	3.222E-166	0	254	256	0	254	256	255M
5783	5783	-3.836E+02	1.00	2.587E-167	0	255	256	0	255	256	256M
5783	9991	-3.839E+02	1.00	1.887E-167	0	254	256	0	254	256	255M
5784	2290	-7.084E+02	0.975	0.000E+00	0	603	605	0	603	605	604M
5784	5784	-7.084E+02	1.00	0.000E+00	0	604	605	0	604	605	605M
5784	9992	-7.084E+02	1.00	0.000E+00	0	603	605	0	603	605	604M
5785	5785	-6.051E+02	1.00	1.619E-263	0	397	398	0	397	398	398M
5785	9993	-6.054E+02	1.00	1.181E-263	0	396	398	0	396	398	397M
5786	3691	-4.604E+02	0.996	1.074E-200	0	302	304	0	302	304	303M
5786	5786	-4.617E+02	1.00	3.043E-201	0	303	304	0	303	304	304M
5786	9994	-4.620E+02	1.00	2.220E-201	0	302	304	0	302	304	303M
5787	3690	-2.156E+02	1.00	2.260E-94	0	144	146	0	144	146	145M
5787	5787	-2.153E+02	1.00	3.100E-94	0	145	146	0	145	146	146M
5787	9995	-2.156E+02	1.00	2.260E-94	0	144	146	0	144	146	145M
5788	3689	-1.649E+02	0.991	2.377E-72	0	115	117	0	115	117	116M
5788	5788	-1.659E+02	1.00	9.214E-73	0	116	117	0	116	117	117M
5788	9996	-1.662E+02	1.00	6.718E-73	0	115	117	0	115	117	116M
5789	3688	-4.438E+02	1.00	1.738E-193	0	273	275	0	273	275	274M
5789	5789	-4.435E+02	1.00	2.382E-193	0	274	275	0	274	275	275M
5789	9997	-4.438E+02	1.00	1.738E-193	0	273	275	0	273	275	274M
5790	3687	-3.157E+02	1.00	7.549E-138	0	215	217	0	215	217	216M
5790	5790	-3.154E+02	1.00	1.035E-137	0	216	217	0	216	217	217M
5790	9998	-3.157E+02	1.00	7.549E-138	0	215	217	0	215	217	216M
5791	3686	-7.084E+02	0.991	0.000E+00	0	728	730	0	728	730	729M
5791	5791	-7.084E+02	1.00	0.000E+00	0	729	730	0	729	730	730M
5791	9999	-7.084E+02	1.00	0.000E+00	0	728	730	0	728	730	729M
5792	3685	-1.011E+02	0.985	1.237E-44	0	69	71	0	69	71	70M
5792	5792	-1.021E+02	1.00	4.787E-45	0	70	71	0	70	71	71M
5792	10000	-1.024E+02	1.00	3.488E-45	0	69	71	0	69	71	70M
5793	1378	-4.829E+02	1.00	1.832E-210	0	313	315	0	313	315	314M
5793	5793	-4.826E+02	1.00	2.510E-210	0	314	315	0	314	315	315M
5793	10001	-4.829E+02	1.00	1.832E-210	0	313	315	0	313	315	314M
5794	1379	-5.256E+02	1.00	5.339E-229	12	364	366	0	352	354	353M
5794	5794	-5.452E+02	1.00	1.752E-237	0	365	366	0	365	366	366M
5794	10002	-5.455E+02	1.00	1.279E-237	0	364	366	0	364	366	365M
5795	1380	-7.303E+02	0.995	6.839E-318	0	481	483	0	481	483	482M
5795	5795	-7.312E+02	1.00	2.658E-318	0	482	483	0	482	483	483M
5795	10003	-7.316E+02	1.00	1.940E-318	0	481	483	0	481	483	482M
5796	1381	-4.678E+02	1.00	7.041E-204	0	307	309	0	307	309	308M
5796	5796	-4.675E+02	1.00	9.649E-204	0	308	309	0	308	309	309M
5796	10004	-4.678E+02	1.00	7.041E-204	0	307	309	0	307	309	308M
5797	1382	-4.301E+02	0.996	1.568E-187	0	283	285	0	283	285	284M
5797	5797	-4.317E+02	1.00	3.242E-188	0	284	285	0	284	285	285M
5797	10005	-4.320E+02	1.00	2.365E-188	0	283	285	0	283	285	284M
5798	1383	-6.286E+02	1.00	1.006E-273	0	419	421	0	419	421	420M
5798	5798	-6.283E+02	1.00	1.378E-273	0	420	421	0	420	421	421M
5798	10006	-6.286E+02	1.00	1.006E-273	0	419	421	0	419	421	420M
5799	1384	-5.720E+02	1.00	3.904E-249	0	390	392	0	390	392	391M
5799	5799	-5.717E+02	1.00	5.350E-249	0	391	392	0	391	392	392M
5799	10007	-5.720E+02	1.00	3.904E-249	0	390	392	0	390	392	391M
5800	1385	-4.530E+02	1.00	1.799E-197	0	299	301	0	299	301	300M
5800	5800	-4.527E+02	1.00	2.465E-197	0	300	301	0	300	301	301M
5800	10008	-4.530E+02	1.00	1.799E-197	0	299	301	0	299	301	300M
5801	1386	-2.067E+02	1.00	1.637E-90	0	145	147	0	145	147	146M
5801	5801	-2.064E+02	1.00	2.245E-90	0	146	147	0	146	147	147M
5801	10009	-2.067E+02	1.00	1.637E-90	0	145	147	0	145	147	146M
5802	1387	-3.469E+02	1.00	2.150E-151	0	229	231	0	229	231	230M
5802	5802	-3.466E+02	1.00	2.948E-151	0	230	231	0	230	231	231M
5802	10010	-3.469E+02	1.00	2.150E-151	0	229	231	0	229	231	230M
5803	1388	-7.084E+02	1.00	0.000E+00	0	904	906	0	904	906	905M
5803	5803	-7.084E+02	1.00	0.000E+00	0	905	906	0	905	906	906M
5803	10011	-7.084E+02	1.00	0.000E+00	0	904	906	0	904	906	905M
5804	1389	-7.084E+02	0.989	0.000E+00	0	658	660	0	659	661	108M1D551M
5804	5804	-7.084E+02	1.00	0.000E+00	0	659	660	0	659	660	660M
5804	10012	-7.084E+02	1.00	0.000E+00	0	658	660	0	658	660	659M
5805	1390	-1.194E+02	1.00	1.387E-52	0	89	91	0	89	91	90M
5805	5805	-1.191E+02	1.00	1.903E-52	0	90	91	0	90	91	91M
5805	10013	-1.194E+02	1.00	1.387E-52	0	89	91	0	89	91	90M
5806	1391	-2.661E+02	0.994	2.624E-116	0	190	192	0	190	192	191M
5806	5806	-2.674E+02	1.00	7.429E-117	0	191	192	0	191	192	192M
5806	10014	-2.677E+02	1.00	5.419E-117	0	190	192	0	190	192	191M
5807	1392	-7.084E+02	0.981	0.000E+00	0	717	719	0	720	722	138M3D580M
5807	5807	-7.084E+02	1.00	0.000E+00	0	718	719	0	718	719	719M
5807	10015	-7.084E+02	1.00	0.000E+00	0	717	719	0	717	719	718M
5808	1393	-4.156E+02	0.996	3.272E-181	0	264	266	0	264	266	265M
5808	5808	-4.175E+02	1.00	4.934E-182	0	265	266	0	265	266	266M
5808	10016	-4.178E+02	1.00	3.600E-182	0	264	266	0	264	266	265M
5809	5809	-1.855E+02	1.00	2.672E-81	0	121	122	0	121	122	122M
5809	10017	-1.858E+02	1.00	1.948E-81	0	120	122	0	120	122	121M
5810	1395	-7.149E+02	1.00	3.326E-311	0	487	489	0	487	489	488M
5810	5810	-7.146E+02	1.00	4.558E-311	0	488	489	0	488	489	489M
5810	10018	-7.149E+02	1.00	3.326E-311	0	487	489	0	487	489	488M
5811	1396	-6.693E+02	0.995	2.050E-291	0	444	446	0	444	446	445M
5811	5811	-6.728E+02	1.00	6.408E-293	0	445	446	0	445	446	446M
5811	10019	-6.731E+02	1.00	4.677E-293	0	444	446	0	444	446	445M
5812	1397	-3.352E+02	0.990	2.673E-146	0	217	219	0	217	219	218M
5812	5812	-3.387E+02	1.00	8.324E-148	0	218	219	0	218	219	219M
5812	10020	-3.390E+02	1.00	6.072E-148	0	217	219	0	217	219	218M
5813	1398	-7.084E+02	1.00	0.000E+00	0	565	567	0	565	567	566M
5813	5813	-7.084E+02	1.00	0.000E+00	0	566	567	0	566	567	567M
5813	10021	-7.084E+02	1.00	0.000E+00	0	565	567	0	565	567	566M
5814	1399	-3.845E+02	0.996	1.005E-167	0	254	256	0	254	256	255M
5814	5814	-3.855E+02	1.00	3.901E-168	0	255	256	0	255	256	256M
5814	10022	-3.858E+02	1.00	2.846E-168	0	254	256	0	254	256	255M
5815	1630	-4.667E+02	1.00	1.991E-203	0	309	311	0	309	311	310M
5815	5815	-4.664E+02	1.00	2.728E-203	0	310	311	0	310	311	311M
5815	10023	-4.667E+02	1.00	1.991E-203	0	309	311	0	309	311	310M
5816	1629	-5.240E+01	0.976	1.746E-23	0	42	44	0	42	44	43M
5816	5816	-5.335E+01	1.00	6.735E-24	0	43	44	0	43	44	44M
5816	10024	-5.367E+01	1.00	4.902E-24	0	42	44	0	42	44	43M
5817	1628	-1.436E+02	1.00	4.408E-63	0	99	101	0	99	101	100M
5817	5817	-1.433E+02	1.00	6.047E-63	0	100	101	0	100	101	101M
5817	10025	-1.436E+02	1.00	4.408E-63	0	99	101	0	99	101	100M
5818	1627	-5.363E+02	0.988	1.217E-233	0	351	353	0	351	353	352M
5818	5818	-5.401E+02	1.00	2.773E-235	0	352	353	0	352	353	353M
5818	10026	-5.404E+02	1.00	2.023E-235	0	351	353	0	351	353	352M
5819	1626	-6.681E+02	0.997	6.742E-291	0	429	431	0	429	431	430M
5819	5819	-6.681E+02	1.00	6.742E-291	0	430	431	0	430	431	431M
5819	10027	-6.685E+02	1.00	4.920E-291	0	429	431	0	429	431	430M
5820	1625	-3.476E+02	0.982	1.058E-151	0	234	236	0	234	236	235M
5820	5820	-3.546E+02	1.00	1.027E-154	0	235	236	0	235	236	236M
5820	10028	-3.549E+02	1.00	7.491E-155	0	234	236	0	234	236	235M
5821	1624	-4.679E+02	1.00	6.348E-204	0	325	327	0	325	327	326M
5821	5821	-4.676E+02	1.00	8.699E-204	0	326	327	0	326	327	327M
5821	10029	-4.679E+02	1.00	6.348E-204	0	325	327	0	325	327	326M
5822	1623	-2.772E+02	1.00	4.206E-121	0	190	192	0	190	192	191M
5822	5822	-2.769E+02	1.00	5.766E-121	0	191	192	0	191	192	192M
5822	10030	-2.772E+02	1.00	4.206E-121	0	190	192	0	190	192	191M
5823	1622	-7.084E+02	0.998	0.000E+00	0	648	650	0	648	650	649M
5823	5823	-7.084E+02	1.00	0.000E+00	0	649	650	0	649	650	650M
5823	10031	-7.084E+02	1.00	0.000E+00	0	648	650	0	648	650	649M
5824	1621	-2.597E+02	0.972	1.610E-113	0	178	181	0	178	181	179M
5824	5824	-2.676E+02	1.00	6.041E-117	0	180	181	0	180	181	181M
5824	10032	-2.679E+02	1.00	4.407E-117	0	179	181	0	179	181	180M
5825	1620	-1.993E+02	1.00	2.846E-87	0	136	138	0	136	138	137M
5825	5825	-1.990E+02	1.00	3.903E-87	0	137	138	0	137	138	138M
5825	10033	-1.993E+02	1.00	2.846E-87	0	136	138	0	136	138	137M
5826	1242	-3.508E+01	0.970	5.814E-16	0	33	35	110	143	145	34M
5826	6623	-3.604E+01	1.00	2.237E-16	0	33	35	0	33	35	34M
5826	10186	-3.604E+01	1.00	2.237E-16	0	33	35	0	33	35	34M
5827	4387	-1.184E+01	0.268	7.221E-06	0	92	96	0	91	97	41M1I51M
5827	5827	-1.476E+02	1.00	7.758E-65	0	95	96	0	95	96	96M
5827	10187	-1.479E+02	1.00	5.656E-65	0	94	96	0	94	96	95M
5828	5828	-3.066E+02	1.00	6.924E-134	0	189	190	0	189	190	190M
5828	10188	-3.069E+02	1.00	5.051E-134	0	188	190	0	188	190	189M
5829	2758	-2.203E+02	0.986	2.026E-96	9	151	153	0	142	144	143M
5829	5829	-2.364E+02	1.00	2.066E-103	0	152	153	0	152	153	153M
5829	10189	-2.368E+02	1.00	1.507E-103	0	151	153	0	151	153	152M
5830	2759	-5.918E+02	0.989	9.692E-258	0	384	386	0	384	386	385M
5830	5830	-5.987E+02	1.00	9.460E-261	0	385	386	0	385	386	386M
5830	10190	-5.990E+02	1.00	6.903E-261	0	384	386	0	384	386	385M
5831	2760	-5.716E+02	0.992	5.604E-249	0	391	393	0	391	393	392M
5831	5831	-5.748E+02	1.00	2.400E-250	0	392	393	0	392	393	393M
5831	10191	-5.751E+02	1.00	1.752E-250	0	391	393	0	391	393	392M
5832	2761	-2.329E+02	0.987	7.124E-102	0	159	161	0	159	161	160M
5832	5832	-2.379E+02	1.00	4.567E-104	0	160	161	0	160	161	161M
5832	10192	-2.383E+02	1.00	3.331E-104	0	159	161	0	159	161	160M
5833	2762	-3.259E+02	0.986	3.029E-142	0	221	223	0	221	223	222M
5833	5833	-3.290E+02	1.00	1.293E-143	0	222	223	0	222	223	223M
5833	10193	-3.293E+02	1.00	9.434E-144	0	221	223	0	221	223	222M
5834	2763	-4.182E+02	0.996	2.382E-182	0	282	284	0	282	284	283M
5834	5834	-4.204E+02	1.00	2.622E-183	0	283	284	0	283	284	284M
5834	10194	-4.207E+02	1.00	1.913E-183	0	282	284	0	282	284	283M
5835	2764	-4.737E+02	1.00	1.965E-206	0	316	318	0	316	318	317M
5835	5835	-4.733E+02	1.00	2.693E-206	0	317	318	0	317	318	318M
5835	10195	-4.737E+02	1.00	1.965E-206	0	316	318	0	316	318	317M
5836	2765	-2.685E+02	0.990	2.346E-117	0	199	201	0	199	201	200M
5836	5836	-2.730E+02	1.00	2.835E-119	0	200	201	0	200	201	201M
5836	10196	-2.733E+02	1.00	2.068E-119	0	199	201	0	199	201	200M
5837	2766	-4.013E+02	0.996	5.463E-175	0	267	269	0	267	269	268M
5837	5837	-4.022E+02	1.00	2.122E-175	0	268	269	0	268	269	269M
5837	10197	-4.025E+02	1.00	1.548E-175	0	267	269	0	267	269	268M
5838	2767	-6.812E+02	0.991	1.439E-296	0	453	455	0	453	455	454M
5838	5838	-6.881E+02	1.00	1.407E-299	0	454	455	0	454	455	455M
5838	10198	-6.884E+02	1.00	1.027E-299	0	453	455	0	453	455	454M
5839	2768	-5.594E+02	1.00	1.162E-243	0	363	365	0	363	365	364M
5839	5839	-5.591E+02	1.00	1.592E-243	0	364	365	0	364	365	365M
5839	10199	-5.594E+02	1.00	1.162E-243	0	363	365	0	363	365	364M
5840	2769	-7.084E+02	0.996	0.000E+00	0	891	893	0	891	893	892M
5840	5840	-7.084E+02	1.00	0.000E+00	0	892	893	0	892	893	893M
5840	10200	-7.084E+02	1.00	0.000E+00	0	891	893	0	891	893	892M
5841	4097	-1.240E+02	0.988	1.428E-54	0	86	88	0	86	88	87M
5841	5841	-1.246E+02	1.00	7.584E-55	0	87	88	0	87	88	88M
5841	10201	-1.249E+02	1.00	5.528E-55	0	86	88	0	86	88	87M
5842	4096	-3.684E+02	1.00	9.659E-161	0	254	256	0	254	256	255M
5842	5842	-3.681E+02	1.00	1.324E-160	0	255	256	0	255	256	256M
5842	10202	-3.684E+02	1.00	9.659E-161	0	254	256	0	254	256	255M
5843	4095	-5.045E+02	0.996	7.787E-220	0	330	332	0	330	332	331M
5843	5843	-5.058E+02	1.00	2.208E-220	0	331	332	0	331	332	332M
5843	10203	-5.061E+02	1.00	1.611E-220	0	330	332	0	330	332	331M
5844	5844	-7.084E+02	1.00	0.000E+00	0	1274	1275	0	1274	1275	1275M
5844	10204	-7.084E+02	1.00	0.000E+00	0	1273	1275	0	1273	1275	1274M
5845	5845	-7.019E+02	1.00	1.508E-305	0	470	471	0	470	471	471M
5845	10205	-7.022E+02	1.00	1.100E-305	0	469	471	0	469	471	470M
5846	5846	-5.098E+02	1.00	3.846E-222	0	332	333	0	332	333	333M
5846	10206	-5.101E+02	1.00	2.806E-222	0	331	333	0	331	333	332M
5847	5847	-7.084E+02	1.00	0.000E+00	0	603	604	0	603	604	604M
5847	10207	-7.084E+02	1.00	0.000E+00	0	602	604	0	602	604	603M
5848	5848	-2.327E+02	1.00	8.877E-102	0	158	159	0	158	159	159M
5848	10208	-2.330E+02	1.00	6.474E-102	0	157	159	0	157	159	158M
5849	5849	-2.543E+02	1.00	3.476E-111	0	167	168	0	167	168	168M
5849	10209	-2.547E+02	1.00	2.535E-111	0	166	168	0	166	168	167M
5850	5850	-7.084E+02	1.00	0.000E+00	0	493	494	0	493	494	494M
5850	10210	-7.084E+02	1.00	0.000E+00	0	492	494	0	492	494	493M
5851	5851	-2.266E+02	1.00	3.997E-99	0	167	168	0	167	168	168M
5851	10211	-2.269E+02	1.00	2.915E-99	0	166	168	0	166	168	167M
5852	5852	-3.136E+02	1.00	6.132E-137	0	227	228	0	227	228	228M
5852	10212	-3.140E+02	1.00	4.474E-137	0	226	228	0	226	228	227M
5853	5853	-1.947E+02	1.00	2.676E-85	0	133	134	0	133	134	134M
5853	10213	-1.951E+02	1.00	1.951E-85	0	132	134	0	132	134	133M
5854	5854	-4.776E+02	1.00	3.889E-208	0	314	315	0	314	315	315M
5854	10214	-4.779E+02	1.00	2.837E-208	0	313	315	0	313	315	314M
5855	3413	-1.153E+02	0.380	8.430E-51	20	261	294	2	246	265	11M2I210M5D19M
5855	5855	-4.537E+02	1.00	9.442E-198	0	293	294	0	293	294	294M
5855	10215	-4.540E+02	1.00	6.889E-198	0	292	294	0	292	294	293M
5856	5856	-5.167E+02	1.00	3.981E-225	0	340	341	0	340	341	341M
5856	10216	-5.170E+02	1.00	2.905E-225	0	339	341	0	339	341	340M
5857	5857	-7.084E+02	1.00	0.000E+00	0	603	604	0	603	604	604M
5857	10217	-7.084E+02	1.00	0.000E+00	0	602	604	0	602	604	603M
5858	5858	-1.904E+02	1.00	2.006E-83	0	144	145	0	144	145	145M
5858	10218	-1.907E+02	1.00	1.463E-83	0	143	145	0	143	145	144M
5859	5859	-4.965E+01	1.00	2.739E-22	0	41	42	0	41	42	42M
5859	10219	-4.997E+01	1.00	1.993E-22	0	40	42	0	40	42	41M
5860	5860	-2.588E+02	1.00	3.956E-113	0	179	180	0	179	180	180M
5860	10220	-2.591E+02	1.00	2.885E-113	0	178	180	0	178	180	179M
5861	5861	-9.619E+01	1.00	1.686E-42	0	67	68	0	67	68	68M
5861	10221	-9.650E+01	1.00	1.228E-42	0	66	68	0	66	68	67M
5862	2426	-6.630E+01	0.372	1.602E-29	2	171	179	4	180	186	24M1I3M1D81M2I32M1D11M8D16M
5862	5862	-2.633E+02	1.00	4.551E-115	0	178	179	0	178	179	179M
5862	10222	-2.636E+02	1.00	3.320E-115	0	177	179	0	177	179	178M
5863	5863	-7.084E+02	1.00	0.000E+00	0	1201	1202	0	1201	1202	1202M
5863	10223	-7.084E+02	1.00	0.000E+00	0	1200	1202	0	1200	1202	1201M
5864	5864	-3.447E+02	1.00	1.982E-150	0	217	218	0	217	218	218M
5864	10224	-3.450E+02	1.00	1.446E-150	0	216	218	0	216	218	217M
5865	5865	-3.834E+02	1.00	3.176E-167	0	246	247	0	246	247	247M
5865	10225	-3.837E+02	1.00	2.317E-167	0	245	247	0	245	247	246M
5866	2144	-4.573E+01	0.256	1.383E-20	0	386	388	0	351	353	22M1I22M1D4M7D7M4D28M1D5M15I8M3I13M4I22M2D3M3I7M2I45M3D21M3I13M1I6M5I5M2I10M13I19M4D13M3I9M3I25M1D22M
5866	5866	-5.980E+02	1.00	1.951E-260	0	387	388	0	387	388	388M
5866	10226	-5.983E+02	1.00	1.424E-260	0	386	388	0	386	388	387M
5867	5867	-2.075E+02	1.00	7.539E-91	0	143	144	0	143	144	144M
5867	10227	-2.078E+02	1.00	5.498E-91	0	142	144	0	142	144	143M
5868	3908	-2.206E+02	0.781	1.520E-96	0	182	187	0	182	184	183M
5868	5868	-2.803E+02	1.00	1.938E-122	0	186	187	0	186	187	187M
5868	10228	-2.806E+02	1.00	1.414E-122	0	185	187	0	185	187	186M
5869	5869	-2.202E+02	1.00	2.354E-96	0	142	143	0	142	143	143M
5869	10229	-2.205E+02	1.00	1.717E-96	0	141	143	0	141	143	142M
5870	5870	-1.300E+02	1.00	3.532E-57	0	100	101	0	100	101	101M
5870	10230	-1.303E+02	1.00	2.575E-57	0	99	101	0	99	101	100M
5871	5871	-1.633E+02	1.00	1.154E-71	0	116	117	0	116	117	117M
5871	10231	-1.637E+02	1.00	8.413E-72	0	115	117	0	115	117	116M
5872	5872	-4.589E+02	1.00	4.953E-200	0	302	303	0	302	303	303M
5872	10232	-4.592E+02	1.00	3.614E-200	0	301	303	0	301	303	302M
5873	3178	-5.921E+02	0.997	7.314E-258	0	405	407	0	405	407	406M
5873	5873	-5.930E+02	1.00	2.843E-258	0	406	407	0	406	407	407M
5873	10233	-5.933E+02	1.00	2.074E-258	0	405	407	0	405	407	406M
5874	3177	-7.084E+02	0.982	0.000E+00	1	572	574	0	571	573	572M
5874	5874	-7.084E+02	1.00	0.000E+00	0	573	574	0	573	574	574M
5874	10234	-7.084E+02	1.00	0.000E+00	0	572	574	0	572	574	573M
5875	3176	-7.084E+02	0.981	0.000E+00	0	526	528	0	528	530	224M2D303M
5875	5875	-7.084E+02	1.00	0.000E+00	0	527	528	0	527	528	528M
5875	10235	-7.084E+02	1.00	0.000E+00	0	526	528	0	526	528	527M
5876	3175	-4.195E+02	0.996	6.257E-183	0	267	269	0	267	269	268M
5876	5876	-4.205E+02	1.00	2.430E-183	0	268	269	0	268	269	269M
5876	10236	-4.208E+02	1.00	1.773E-183	0	267	269	0	267	269	268M
5877	3174	-3.745E+02	1.00	2.307E-163	0	253	255	0	253	255	254M
5877	5877	-3.742E+02	1.00	3.162E-163	0	254	255	0	254	255	255M
5877	10237	-3.745E+02	1.00	2.307E-163	0	253	255	0	253	255	254M
5878	3173	-5.853E+02	0.997	6.573E-255	0	409	411	0	409	411	410M
5878	5878	-5.872E+02	1.00	9.929E-256	0	410	411	0	410	411	411M
5878	10238	-5.875E+02	1.00	7.246E-256	0	409	411	0	409	411	410M
5879	3172	-4.463E+02	0.993	1.551E-194	0	302	304	0	302	304	303M
5879	5879	-4.485E+02	1.00	1.707E-195	0	303	304	0	303	304	304M
5879	10239	-4.488E+02	1.00	1.246E-195	0	302	304	0	302	304	303M
5880	3171	-1.405E+02	0.990	9.681E-62	0	104	106	0	104	106	105M
5880	5880	-1.418E+02	1.00	2.734E-62	0	105	106	0	105	106	106M
5880	10240	-1.421E+02	1.00	1.993E-62	0	104	106	0	104	106	105M
5881	5881	-2.675E+02	1.00	6.843E-117	0	176	177	0	176	177	177M
5881	10241	-2.678E+02	1.00	4.991E-117	0	175	177	0	175	177	176M
5882	2211	-7.084E+02	0.955	0.000E+00	0	1480	1636	0	1481	1603	348M1D1133M
5882	5882	-7.084E+02	1.00	0.000E+00	0	1635	1636	0	1635	1636	1636M
5882	10242	-7.084E+02	1.00	0.000E+00	0	1634	1636	0	1634	1636	1635M
5883	2210	-7.084E+02	0.875	0.000E+00	20	1057	1059	0	1034	1036	384M3I651M
5883	5883	-7.084E+02	1.00	0.000E+00	0	1058	1059	0	1058	1059	1059M
5883	10243	-7.084E+02	1.00	0.000E+00	0	1057	1059	0	1057	1059	1058M
5884	2865	-5.851E+02	0.956	7.909E-255	0	413	415	0	414	416	43M1D371M
5884	5884	-6.156E+02	1.00	4.242E-268	0	414	415	0	414	415	415M
5884	10244	-6.160E+02	1.00	3.096E-268	0	413	415	0	413	415	414M
5885	5885	-3.475E+02	1.00	1.238E-151	0	225	226	0	225	226	226M
5885	10245	-3.478E+02	1.00	9.031E-152	0	224	226	0	224	226	225M
5886	2864	-2.006E+02	0.978	7.832E-88	1	142	144	0	141	143	142M
5886	5886	-2.078E+02	1.00	5.498E-91	0	143	144	0	143	144	144M
5886	10246	-2.081E+02	1.00	4.009E-91	0	142	144	0	142	144	143M
5887	2863	-2.308E+02	1.00	6.063E-101	0	151	153	0	151	153	152M
5887	5887	-2.304E+02	1.00	8.314E-101	0	152	153	0	152	153	153M
5887	10247	-2.308E+02	1.00	6.063E-101	0	151	153	0	151	153	152M
5888	2862	-4.759E+02	0.987	2.065E-207	0	315	317	0	315	317	316M
5888	5888	-4.813E+02	1.00	9.728E-210	0	316	317	0	316	317	317M
5888	10248	-4.816E+02	1.00	7.098E-210	0	315	317	0	315	317	316M
5889	2861	-3.462E+02	0.969	4.441E-151	0	231	233	0	231	233	232M
5889	5889	-3.569E+02	1.00	9.799E-156	0	232	233	0	232	233	233M
5889	10249	-3.572E+02	1.00	7.149E-156	0	231	233	0	231	233	232M
5890	2860	-4.955E+02	0.979	6.453E-216	0	339	343	0	339	340	340M
5890	5890	-5.078E+02	1.00	2.969E-221	0	342	343	0	342	343	343M
5890	10250	-5.081E+02	1.00	2.167E-221	0	341	343	0	341	343	342M
5891	3690	-1.083E+02	0.592	9.335E-48	18	142	146	18	142	146	125M
5891	5891	-2.131E+02	1.00	2.825E-93	0	145	146	0	145	146	146M
5891	10251	-2.134E+02	1.00	2.060E-93	0	144	146	0	144	146	145M
5892	2932	-6.157E+02	0.988	4.169E-268	0	433	435	0	433	435	434M
5892	5892	-6.239E+02	1.00	1.157E-271	0	434	435	0	434	435	435M
5892	10252	-6.242E+02	1.00	8.443E-272	0	433	435	0	433	435	434M
5893	3368	-3.111E+02	0.985	7.427E-136	0	212	214	0	212	214	213M
5893	5893	-3.152E+02	1.00	1.231E-137	0	213	214	0	213	214	214M
5893	10253	-3.156E+02	1.00	8.979E-138	0	212	214	0	212	214	213M
5894	3369	-4.841E+02	0.993	5.895E-211	0	309	311	0	309	311	310M
5894	5894	-4.875E+02	1.00	1.840E-212	0	310	311	0	310	311	311M
5894	10254	-4.879E+02	1.00	1.342E-212	0	309	311	0	309	311	310M
5895	3370	-6.065E+02	0.995	4.037E-264	0	400	402	0	400	402	401M
5895	5895	-6.081E+02	1.00	8.355E-265	0	401	402	0	401	402	402M
5895	10255	-6.084E+02	1.00	6.097E-265	0	400	402	0	400	402	401M
5896	3371	-4.077E+02	0.989	9.022E-178	0	285	287	0	285	287	286M
5896	5896	-4.121E+02	1.00	1.094E-179	0	286	287	0	286	287	287M
5896	10256	-4.124E+02	1.00	7.981E-180	0	285	287	0	285	287	286M
5897	3372	-2.174E+02	0.993	4.007E-95	0	154	156	0	154	156	155M
5897	5897	-2.186E+02	1.00	1.134E-95	0	155	156	0	155	156	156M
5897	10257	-2.189E+02	1.00	8.267E-96	0	154	156	0	154	156	155M
5898	3373	-7.084E+02	0.997	0.000E+00	0	880	882	0	880	882	881M
5898	5898	-7.084E+02	1.00	0.000E+00	0	881	882	0	881	882	882M
5898	10258	-7.084E+02	1.00	0.000E+00	0	880	882	0	880	882	881M
5899	3374	-2.942E+02	1.00	1.680E-128	0	190	192	0	190	192	191M
5899	5899	-2.939E+02	1.00	2.304E-128	0	191	192	0	191	192	192M
5899	10259	-2.942E+02	1.00	1.680E-128	0	190	192	0	190	192	191M
5900	209	-1.669E+02	1.00	3.155E-73	0	106	108	0	106	108	107M
5900	5900	-1.666E+02	1.00	4.328E-73	0	107	108	0	107	108	108M
5900	10260	-1.669E+02	1.00	3.155E-73	0	106	108	0	106	108	107M
5901	210	-3.707E+02	0.995	9.678E-162	0	232	234	0	232	234	233M
5901	5901	-3.717E+02	1.00	3.758E-162	0	233	234	0	233	234	234M
5901	10261	-3.720E+02	1.00	2.741E-162	0	232	234	0	232	234	233M
5902	211	-3.375E+02	0.995	2.592E-147	0	221	223	0	221	223	222M
5902	5902	-3.385E+02	1.00	1.006E-147	0	222	223	0	222	223	223M
5902	10262	-3.388E+02	1.00	7.342E-148	0	221	223	0	221	223	222M
5903	212	-4.265E+02	1.00	5.706E-186	0	279	281	0	279	281	280M
5903	5903	-4.262E+02	1.00	7.821E-186	0	280	281	0	280	281	281M
5903	10263	-4.265E+02	1.00	5.706E-186	0	279	281	0	279	281	280M
5904	213	-3.239E+02	0.995	2.099E-141	0	202	204	0	202	204	203M
5904	5904	-3.252E+02	1.00	5.944E-142	0	203	204	0	203	204	204M
5904	10264	-3.255E+02	1.00	4.336E-142	0	202	204	0	202	204	203M
5905	214	-2.957E+02	1.00	3.705E-129	0	198	200	0	198	200	199M
5905	5905	-2.954E+02	1.00	5.079E-129	0	199	200	0	199	200	200M
5905	10265	-2.957E+02	1.00	3.705E-129	0	198	200	0	198	200	199M
5906	5906	-5.740E+02	1.00	5.428E-250	0	396	397	0	396	397	397M
5906	10266	-5.743E+02	1.00	3.961E-250	0	395	397	0	395	397	396M
5907	217	-7.084E+02	1.00	0.000E+00	0	712	714	0	712	714	713M
5907	5907	-7.084E+02	1.00	0.000E+00	0	713	714	0	713	714	714M
5907	10267	-7.084E+02	1.00	0.000E+00	0	712	714	0	712	714	713M
5908	218	-6.966E+02	1.00	2.853E-303	0	487	489	0	487	489	488M
5908	5908	-6.963E+02	1.00	3.909E-303	0	488	489	0	488	489	489M
5908	10268	-6.966E+02	1.00	2.853E-303	0	487	489	0	487	489	488M
5909	219	-3.640E+02	1.00	7.868E-159	0	247	249	0	247	249	248M
5909	5909	-3.637E+02	1.00	1.078E-158	0	248	249	0	248	249	249M
5909	10269	-3.640E+02	1.00	7.868E-159	0	247	249	0	247	249	248M
5910	220	-2.492E+02	1.00	5.884E-109	0	181	183	0	181	183	182M
5910	5910	-2.489E+02	1.00	8.067E-109	0	182	183	0	182	183	183M
5910	10270	-2.492E+02	1.00	5.884E-109	0	181	183	0	181	183	182M
5911	221	-2.650E+02	0.994	8.293E-116	0	181	183	0	181	183	182M
5911	5911	-2.659E+02	1.00	3.218E-116	0	182	183	0	182	183	183M
5911	10271	-2.662E+02	1.00	2.347E-116	0	181	183	0	181	183	182M
5912	222	-2.623E+02	0.994	1.230E-114	0	178	180	0	178	180	179M
5912	5912	-2.635E+02	1.00	3.482E-115	0	179	180	0	179	180	180M
5912	10272	-2.639E+02	1.00	2.540E-115	0	178	180	0	178	180	179M
5913	223	-4.824E+02	1.00	3.068E-210	0	324	326	0	324	326	325M
5913	5913	-4.821E+02	1.00	4.204E-210	0	325	326	0	325	326	326M
5913	10273	-4.824E+02	1.00	3.068E-210	0	324	326	0	324	326	325M
5914	224	-7.431E+02	0.991	1.976E-323	0	472	474	0	472	474	473M
5914	5914	-7.084E+02	1.00	0.000E+00	0	473	474	0	473	474	474M
5914	10274	-7.084E+02	1.00	0.000E+00	0	472	474	0	472	474	473M
5915	4342	-2.845E+02	0.956	2.700E-124	0	208	210	0	208	210	209M
5915	5915	-2.962E+02	1.00	2.309E-129	0	209	210	0	209	210	210M
5915	10275	-2.965E+02	1.00	1.684E-129	0	208	210	0	208	210	209M
5916	5916	-2.627E+02	1.00	8.160E-115	0	197	198	0	197	198	198M
5916	10276	-2.630E+02	1.00	5.953E-115	0	196	198	0	196	198	197M
5917	1118	-5.912E+01	1.00	2.103E-26	0	47	49	0	47	54	48M
5917	5917	-5.881E+01	1.00	2.889E-26	0	48	49	0	48	49	49M
5917	10277	-5.912E+01	1.00	2.103E-26	0	47	49	0	47	49	48M
5918	1117	-1.498E+02	0.990	8.966E-66	0	108	110	0	108	110	109M
5918	5918	-1.504E+02	1.00	4.765E-66	0	109	110	0	109	110	110M
5918	10278	-1.507E+02	1.00	3.474E-66	0	108	110	0	108	110	109M
5919	1116	-2.136E+02	0.966	1.736E-93	0	147	149	0	147	149	148M
5919	5919	-2.199E+02	1.00	3.144E-96	0	148	149	0	148	149	149M
5919	10279	-2.202E+02	1.00	2.293E-96	0	147	149	0	147	149	148M
5920	1115	-5.575E+02	0.965	7.458E-243	0	403	405	0	403	405	404M
5920	5920	-5.752E+02	1.00	1.628E-250	0	404	405	0	404	405	405M
5920	10280	-5.755E+02	1.00	1.188E-250	0	403	405	0	403	405	404M
5921	2613	-3.891E+02	0.668	1.022E-169	6	367	369	5	366	368	362M
5921	5921	-5.652E+02	1.00	3.519E-246	0	368	369	0	368	369	369M
5921	10281	-5.655E+02	1.00	2.568E-246	0	367	369	0	367	369	368M
5922	4280	-8.537E+01	0.590	8.397E-38	0	109	115	0	109	115	110M
5922	5922	-1.612E+02	1.00	9.561E-71	0	114	115	0	114	115	115M
5922	10282	-1.615E+02	1.00	6.971E-71	0	113	115	0	113	115	114M
5923	2863	-1.433E+02	0.671	5.699E-63	0	151	153	0	151	153	152M
5923	5923	-2.244E+02	1.00	3.346E-98	0	152	153	0	152	153	153M
5923	10283	-2.248E+02	1.00	2.440E-98	0	151	153	0	151	153	152M
5924	1125	-4.435E+01	1.00	5.465E-20	0	38	40	0	38	40	39M
5924	5924	-4.404E+01	1.00	7.510E-20	0	39	40	0	39	40	40M
5924	10284	-4.435E+01	1.00	5.465E-20	0	38	40	0	38	40	39M
5925	1126	-3.872E+02	0.992	6.643E-169	0	270	272	0	270	272	271M
5925	5925	-3.901E+02	1.00	3.893E-170	0	271	272	0	271	272	272M
5925	10285	-3.904E+02	1.00	2.841E-170	0	270	272	0	270	272	271M
5926	4472	-1.066E+02	0.986	5.075E-47	0	73	75	0	73	75	74M
5926	5926	-1.098E+02	1.00	2.143E-48	0	74	75	0	74	75	75M
5926	10286	-1.101E+02	1.00	1.561E-48	0	73	75	0	73	75	74M
5927	4310	-6.493E+01	0.757	6.302E-29	0	64	72	0	65	70	5M1D60M
5927	5927	-9.978E+01	1.00	4.617E-44	0	71	72	0	71	72	72M
5927	10287	-1.001E+02	1.00	3.364E-44	0	70	72	0	70	72	71M
5928	4288	-2.308E+02	0.988	5.885E-101	0	172	206	0	172	174	173M
5928	5928	-2.828E+02	1.00	1.484E-123	0	205	206	0	205	206	206M
5928	10288	-2.831E+02	1.00	1.083E-123	0	204	206	0	204	206	205M
5929	4210	-2.442E+02	0.987	8.739E-107	0	163	182	0	163	164	164M
5929	5929	-2.786E+02	1.00	1.014E-121	0	181	182	0	181	182	182M
5929	10289	-2.789E+02	1.00	7.394E-122	0	180	182	0	180	182	181M
5930	4209	-1.873E+02	1.00	4.317E-82	0	128	130	0	128	130	129M
5930	5930	-1.870E+02	1.00	5.920E-82	0	129	130	0	129	130	130M
5930	10290	-1.873E+02	1.00	4.317E-82	0	128	130	0	128	130	129M
5931	4208	-4.774E+01	0.975	1.843E-21	0	40	42	0	40	42	41M
5931	5931	-5.060E+01	1.00	1.056E-22	0	41	42	0	41	42	42M
5931	10291	-5.092E+01	1.00	7.685E-23	0	40	42	0	40	42	41M
5932	4207	-3.249E+02	0.982	8.178E-142	0	222	224	0	222	224	223M
5932	5932	-3.283E+02	1.00	2.547E-143	0	223	224	0	223	224	224M
5932	10292	-3.287E+02	1.00	1.858E-143	0	222	224	0	222	224	223M
5933	4206	-1.112E+02	1.00	5.118E-49	0	76	78	0	76	78	77M
5933	5933	-1.109E+02	1.00	7.023E-49	0	77	78	0	77	78	78M
5933	10293	-1.112E+02	1.00	5.118E-49	0	76	78	0	76	78	77M
5934	4190	-6.261E+02	0.995	1.250E-272	0	419	421	0	419	421	420M
5934	5934	-6.283E+02	1.00	1.378E-273	0	420	421	0	420	421	421M
5934	10294	-6.286E+02	1.00	1.006E-273	0	419	421	0	419	421	420M
5935	4189	-8.177E+01	1.00	3.081E-36	0	63	65	0	63	65	64M
5935	5935	-8.145E+01	1.00	4.230E-36	0	64	65	0	64	65	65M
5935	10295	-8.177E+01	1.00	3.081E-36	0	63	65	0	63	65	64M
5936	4188	-9.900E+01	1.00	1.011E-43	0	73	75	0	73	75	74M
5936	5936	-9.868E+01	1.00	1.388E-43	0	74	75	0	74	75	75M
5936	10296	-9.900E+01	1.00	1.011E-43	0	73	75	0	73	75	74M
5937	4187	-2.712E+02	0.979	1.633E-118	0	196	198	0	196	198	197M
5937	5937	-2.766E+02	1.00	7.660E-121	0	197	198	0	197	198	198M
5937	10297	-2.769E+02	1.00	5.588E-121	0	196	198	0	196	198	197M
5938	4531	-1.314E+02	1.00	8.200E-58	1	92	110	0	91	92	92M
5938	5938	-1.580E+02	1.00	2.422E-69	0	109	110	0	109	110	110M
5938	10298	-1.583E+02	1.00	1.766E-69	0	108	110	0	108	110	109M
5939	2903	-1.743E+02	1.00	2.005E-76	0	117	119	0	117	119	118M
5939	5939	-1.740E+02	1.00	2.750E-76	0	118	119	0	118	119	119M
5939	10299	-1.743E+02	1.00	2.005E-76	0	117	119	0	117	119	118M
5940	2902	-1.968E+02	0.970	3.232E-86	0	133	136	0	133	136	134M
5940	5940	-2.063E+02	1.00	2.485E-90	0	135	136	0	135	136	136M
5940	10300	-2.066E+02	1.00	1.812E-90	0	134	136	0	134	136	135M
5941	2901	-1.909E+02	0.992	1.184E-83	0	132	134	0	132	134	133M
5941	5941	-1.919E+02	1.00	4.590E-84	0	133	134	0	133	134	134M
5941	10301	-1.922E+02	1.00	3.347E-84	0	132	134	0	132	134	133M
5942	2900	-7.084E+02	0.980	0.000E+00	0	822	824	0	822	824	823M
5942	5942	-7.084E+02	1.00	0.000E+00	0	823	824	0	823	824	824M
5942	10302	-7.084E+02	1.00	0.000E+00	0	822	824	0	822	824	823M
5943	2899	-8.240E+01	1.00	1.635E-36	0	63	65	0	63	65	64M
5943	5943	-8.208E+01	1.00	2.245E-36	0	64	65	0	64	65	65M
5943	10303	-8.240E+01	1.00	1.635E-36	0	63	65	0	63	65	64M
5944	2898	-4.755E+02	1.00	3.257E-207	0	317	320	0	317	320	318M
5944	5944	-4.770E+02	1.00	6.737E-208	0	319	320	0	319	320	320M
5944	10304	-4.773E+02	1.00	4.916E-208	0	318	320	0	318	320	319M
5945	2897	-7.084E+02	0.995	0.000E+00	0	459	461	31	490	492	460M
5945	5945	-7.084E+02	1.00	0.000E+00	0	460	461	0	460	461	461M
5945	10305	-7.084E+02	1.00	0.000E+00	0	459	461	0	459	461	460M
5946	2896	-2.490E+02	0.987	7.083E-109	0	165	167	0	165	167	166M
5946	5946	-2.528E+02	1.00	1.605E-110	0	166	167	0	166	167	167M
5946	10306	-2.531E+02	1.00	1.171E-110	0	165	167	0	165	167	166M
5947	2895	-5.262E+02	0.982	2.840E-229	0	337	339	0	337	339	338M
5947	5947	-5.338E+02	1.00	1.474E-232	0	338	339	0	338	339	339M
5947	10307	-5.341E+02	1.00	1.075E-232	0	337	339	0	337	339	338M
5948	2894	-3.830E+02	0.996	4.702E-167	0	260	262	0	260	262	261M
5948	5948	-3.836E+02	1.00	2.503E-167	0	261	262	0	261	262	262M
5948	10308	-3.839E+02	1.00	1.826E-167	0	260	262	0	260	262	261M
5949	2893	-5.749E+02	0.994	2.210E-250	0	396	398	0	396	398	397M
5949	5949	-5.780E+02	1.00	9.467E-252	0	397	398	0	397	398	398M
5949	10309	-5.783E+02	1.00	6.908E-252	0	396	398	0	396	398	397M
5950	3558	-6.551E+02	0.993	2.965E-285	0	451	453	0	451	453	452M
5950	5950	-6.574E+02	1.00	3.270E-286	0	452	453	0	452	453	453M
5950	10310	-6.577E+02	1.00	2.386E-286	0	451	453	0	451	453	452M
5951	3559	-6.598E+02	0.983	2.863E-287	0	419	421	0	419	421	420M
5951	5951	-6.683E+02	1.00	5.786E-291	0	420	421	0	420	421	421M
5951	10311	-6.686E+02	1.00	4.222E-291	0	419	421	0	419	421	420M
5952	3560	-5.444E+02	1.00	3.785E-237	0	367	369	0	367	369	368M
5952	5952	-5.441E+02	1.00	5.187E-237	0	368	369	0	368	369	369M
5952	10312	-5.444E+02	1.00	3.785E-237	0	367	369	0	367	369	368M
5953	3561	-7.084E+02	0.998	0.000E+00	72	1284	1286	0	1212	1214	1213M
5953	5953	-7.084E+02	1.00	0.000E+00	0	1285	1286	0	1285	1286	1286M
5953	10313	-7.084E+02	1.00	0.000E+00	0	1284	1286	0	1284	1286	1285M
5954	1458	-2.919E+02	1.00	1.732E-127	0	186	188	0	186	188	187M
5954	5954	-2.916E+02	1.00	2.375E-127	0	187	188	0	187	188	188M
5954	10314	-2.919E+02	1.00	1.732E-127	0	186	188	0	186	188	187M
5955	1457	-1.004E+02	1.00	2.451E-44	0	70	72	0	70	72	71M
5955	5955	-1.001E+02	1.00	3.364E-44	0	71	72	0	71	72	72M
5955	10315	-1.004E+02	1.00	2.451E-44	0	70	72	0	70	72	71M
5956	1456	-2.805E+02	0.994	1.582E-122	0	194	196	0	194	196	195M
5956	5956	-2.817E+02	1.00	4.479E-123	0	195	196	0	195	196	196M
5956	10316	-2.820E+02	1.00	3.267E-123	0	194	196	0	194	196	195M
5957	1455	-1.010E+02	1.00	1.369E-44	0	71	73	0	71	73	72M
5957	5957	-1.007E+02	1.00	1.878E-44	0	72	73	0	72	73	73M
5957	10317	-1.010E+02	1.00	1.369E-44	0	71	73	0	71	73	72M
5958	1463	-7.084E+02	0.994	0.000E+00	0	520	522	0	520	522	521M
5958	5958	-7.084E+02	1.00	0.000E+00	0	521	522	0	521	522	522M
5958	10318	-7.084E+02	1.00	0.000E+00	0	520	522	0	520	522	521M
5959	1464	-1.293E+02	0.991	6.945E-57	0	113	115	0	113	115	114M
5959	5959	-1.299E+02	1.00	3.691E-57	0	114	115	0	114	115	115M
5959	10319	-1.303E+02	1.00	2.691E-57	0	113	115	0	113	115	114M
5960	1465	-3.100E+02	0.995	2.237E-135	0	202	204	0	202	204	203M
5960	5960	-3.116E+02	1.00	4.621E-136	0	203	204	0	203	204	204M
5960	10320	-3.119E+02	1.00	3.371E-136	0	202	204	0	202	204	203M
5961	1466	-7.084E+02	0.982	0.000E+00	0	811	813	0	811	813	812M
5961	5961	-7.084E+02	1.00	0.000E+00	0	812	813	0	812	813	813M
5961	10321	-7.084E+02	1.00	0.000E+00	0	811	813	0	811	813	812M
5962	1467	-3.733E+02	0.995	7.184E-163	0	237	239	0	237	239	238M
5962	5962	-3.746E+02	1.00	2.035E-163	0	238	239	0	238	239	239M
5962	10322	-3.749E+02	1.00	1.485E-163	0	237	239	0	237	239	238M
5963	1468	-3.265E+02	0.990	1.559E-142	0	207	209	0	207	209	208M
5963	5963	-3.281E+02	1.00	3.220E-143	0	208	209	0	208	209	209M
5963	10323	-3.284E+02	1.00	2.349E-143	0	207	209	0	207	209	208M
5964	1469	-3.761E+02	0.972	4.402E-164	0	258	260	0	258	260	259M
5964	5964	-3.843E+02	1.00	1.213E-167	0	259	260	0	259	260	260M
5964	10324	-3.847E+02	1.00	8.849E-168	0	258	260	0	258	260	259M
5965	1470	-6.773E+02	0.995	7.382E-295	0	470	472	0	470	472	471M
5965	5965	-6.798E+02	1.00	5.942E-296	0	471	472	0	471	472	472M
5965	10325	-6.801E+02	1.00	4.336E-296	0	470	472	0	470	472	471M
5966	4266	-5.824E+02	1.00	1.172E-253	0	379	412	0	379	380	380M
5966	5966	-6.300E+02	1.00	2.569E-274	0	411	412	0	411	412	412M
5966	10326	-6.303E+02	1.00	1.875E-274	0	410	412	0	410	412	411M
5967	4267	-5.032E+02	1.00	2.781E-219	0	337	339	0	337	339	338M
5967	5967	-5.029E+02	1.00	3.812E-219	0	338	339	0	338	339	339M
5967	10327	-5.032E+02	1.00	2.781E-219	0	337	339	0	337	339	338M
5968	5968	-1.571E+02	1.00	5.813E-69	0	114	115	0	114	115	115M
5968	10328	-1.574E+02	1.00	4.238E-69	0	113	115	0	113	115	114M
5969	1472	-7.084E+02	0.994	0.000E+00	0	733	735	0	733	735	734M
5969	5969	-7.084E+02	1.00	0.000E+00	0	734	735	0	734	735	735M
5969	10329	-7.084E+02	1.00	0.000E+00	0	733	735	0	733	735	734M
5970	1473	-1.963E+02	1.00	5.373E-86	0	138	140	0	138	140	139M
5970	5970	-1.960E+02	1.00	7.367E-86	0	139	140	0	139	140	140M
5970	10330	-1.963E+02	1.00	5.373E-86	0	138	140	0	138	140	139M
5971	1474	-2.375E+02	1.00	6.891E-104	0	161	163	0	161	163	162M
5971	5971	-2.372E+02	1.00	9.448E-104	0	162	163	0	162	163	163M
5971	10331	-2.375E+02	1.00	6.891E-104	0	161	163	0	161	163	162M
5972	1475	-7.084E+02	1.00	0.000E+00	0	858	860	0	858	860	859M
5972	5972	-7.084E+02	1.00	0.000E+00	0	859	860	0	859	860	860M
5972	10332	-7.084E+02	1.00	0.000E+00	0	858	860	0	858	860	859M
5973	1476	-4.117E+02	1.00	1.657E-179	0	267	269	0	267	269	268M
5973	5973	-4.113E+02	1.00	2.271E-179	0	268	269	0	268	269	269M
5973	10333	-4.117E+02	1.00	1.657E-179	0	267	269	0	267	269	268M
5974	1477	-2.063E+02	0.978	2.421E-90	0	140	142	0	140	142	141M
5974	5974	-2.086E+02	1.00	2.656E-91	0	141	142	0	141	142	142M
5974	10334	-2.089E+02	1.00	1.937E-91	0	140	142	0	140	142	141M
5975	1478	-2.039E+02	1.00	2.884E-89	0	139	141	0	139	141	140M
5975	5975	-2.036E+02	1.00	3.955E-89	0	140	141	0	140	141	141M
5975	10335	-2.039E+02	1.00	2.884E-89	0	139	141	0	139	141	140M
5976	1479	-3.183E+02	0.995	5.594E-139	0	216	222	0	216	236	217M
5976	5976	-3.272E+02	1.00	8.182E-143	0	221	222	0	221	222	222M
5976	10336	-3.275E+02	1.00	5.969E-143	0	220	222	0	220	222	221M
5977	4351	-2.081E+02	0.992	4.090E-91	9	149	151	0	140	142	141M
5977	5977	-2.226E+02	1.00	2.020E-97	0	150	151	0	150	151	151M
5977	10337	-2.230E+02	1.00	1.473E-97	0	149	151	0	149	151	150M
5978	4350	-2.072E+02	0.979	1.085E-90	0	143	145	0	145	147	6M2D138M
5978	5978	-2.125E+02	1.00	5.063E-93	0	144	145	0	144	145	145M
5978	10338	-2.128E+02	1.00	3.692E-93	0	143	145	0	143	145	144M
5979	4349	-3.806E+01	1.00	2.968E-17	0	31	33	0	31	33	32M
5979	5979	-3.774E+01	1.00	4.079E-17	0	32	33	0	32	33	33M
5979	10339	-3.806E+01	1.00	2.968E-17	0	31	33	0	31	33	32M
5980	3653	-4.645E+02	0.996	1.895E-202	0	310	312	0	310	312	311M
5980	5980	-4.654E+02	1.00	7.360E-203	0	311	312	0	311	312	312M
5980	10340	-4.657E+02	1.00	5.370E-203	0	310	312	0	310	312	311M
5981	3654	-4.280E+02	0.993	1.285E-186	0	301	303	0	301	303	302M
5981	5981	-4.296E+02	1.00	2.658E-187	0	302	303	0	302	303	303M
5981	10341	-4.299E+02	1.00	1.939E-187	0	301	303	0	301	303	302M
5982	3655	-3.376E+02	1.00	2.396E-147	0	226	228	0	226	228	227M
5982	5982	-3.373E+02	1.00	3.284E-147	0	227	228	0	227	228	228M
5982	10342	-3.376E+02	1.00	2.396E-147	0	226	228	0	226	228	227M
5983	3656	-4.809E+02	0.983	1.378E-209	0	309	311	0	309	311	310M
5983	5983	-4.879E+02	1.00	1.342E-212	0	310	311	0	310	311	311M
5983	10343	-4.882E+02	1.00	9.794E-213	0	309	311	0	309	311	310M
5984	3657	-5.621E+02	0.978	7.844E-245	0	366	368	0	366	369	367M
5984	5984	-5.715E+02	1.00	6.152E-249	0	367	368	0	367	368	368M
5984	10344	-5.718E+02	1.00	4.489E-249	0	366	368	0	366	368	367M
5985	3658	-1.033E+02	0.986	1.329E-45	0	75	77	0	75	77	76M
5985	5985	-1.043E+02	1.00	5.143E-46	0	76	77	0	76	77	77M
5985	10345	-1.046E+02	1.00	3.747E-46	0	75	77	0	75	77	76M
5986	3659	-6.283E+02	0.976	1.378E-273	0	419	421	0	419	421	420M
5986	5986	-6.434E+02	1.00	3.732E-280	0	420	421	0	420	421	421M
5986	10346	-6.437E+02	1.00	2.723E-280	0	419	421	0	419	421	420M
5987	3660	-3.759E+02	0.984	5.414E-164	0	249	251	0	249	251	250M
5987	5987	-3.791E+02	1.00	2.313E-165	0	250	251	0	250	251	251M
5987	10347	-3.794E+02	1.00	1.688E-165	0	249	251	0	249	251	250M
5988	3730	-2.081E+02	0.407	4.335E-91	10	412	430	21	420	451	32M1I128M2I7M1D35M3I122M1D46M1I11M2D15M
5988	5988	-6.480E+02	1.00	3.673E-282	0	429	430	0	429	430	430M
5988	10348	-6.483E+02	1.00	2.681E-282	0	428	430	0	428	430	429M
5989	4031	-7.084E+02	0.992	0.000E+00	0	525	527	0	525	527	526M
5989	5989	-7.084E+02	1.00	0.000E+00	0	526	527	0	526	527	527M
5989	10349	-7.084E+02	1.00	0.000E+00	0	525	527	0	525	527	526M
5990	4030	-7.180E+02	0.993	1.482E-312	43	522	524	0	479	481	480M
5990	5990	-7.084E+02	1.00	0.000E+00	0	523	524	0	523	524	524M
5990	10350	-7.084E+02	0.998	0.000E+00	0	522	524	0	522	524	523M
5991	4123	-6.857E+02	0.984	1.610E-298	0	458	460	0	458	460	459M
5991	5991	-6.958E+02	1.00	6.746E-303	0	459	460	0	459	460	460M
5991	10351	-6.961E+02	1.00	4.923E-303	0	458	460	0	458	460	459M
5992	4124	-7.084E+02	0.992	0.000E+00	17	699	701	0	682	684	683M
5992	5992	-7.084E+02	1.00	0.000E+00	0	700	701	0	700	701	701M
5992	10352	-7.084E+02	1.00	0.000E+00	0	699	701	0	699	701	700M
5993	2306	-4.884E+02	0.996	7.852E-213	0	311	313	0	311	313	312M
5993	5993	-4.897E+02	1.00	2.226E-213	0	312	313	0	312	313	313M
5993	10353	-4.900E+02	1.00	1.624E-213	0	311	313	0	311	313	312M
5994	2307	-1.447E+02	1.00	1.402E-63	0	95	97	0	95	97	96M
5994	5994	-1.444E+02	1.00	1.924E-63	0	96	97	0	96	97	97M
5994	10354	-1.447E+02	1.00	1.402E-63	0	95	97	0	95	97	96M
5995	2308	-3.828E+02	0.992	5.515E-167	0	250	252	0	250	252	251M
5995	5995	-3.853E+02	1.00	4.427E-168	0	251	252	0	251	252	252M
5995	10355	-3.857E+02	1.00	3.230E-168	0	250	252	0	250	252	251M
5996	2309	-2.563E+02	0.981	4.988E-112	0	165	167	0	165	167	166M
5996	5996	-2.601E+02	1.00	1.130E-113	0	166	167	0	166	167	167M
5996	10356	-2.604E+02	1.00	8.244E-114	0	165	167	0	165	167	166M
5997	2310	-5.388E+02	0.997	1.025E-234	0	352	354	0	352	354	353M
5997	5997	-5.394E+02	1.00	5.457E-235	0	353	354	0	353	354	354M
5997	10357	-5.397E+02	1.00	3.982E-235	0	352	354	0	352	354	353M
5998	2311	-3.772E+02	0.996	1.556E-164	0	256	258	0	256	258	257M
5998	5998	-3.781E+02	1.00	6.044E-165	0	257	258	0	257	258	258M
5998	10358	-3.784E+02	1.00	4.409E-165	0	256	258	0	256	258	257M
5999	2312	-3.936E+02	0.988	1.143E-171	0	262	264	0	262	264	263M
5999	5999	-3.980E+02	1.00	1.384E-173	0	263	264	0	263	264	264M
5999	10359	-3.983E+02	1.00	1.010E-173	0	262	264	0	262	264	263M
6000	2313	-7.084E+02	0.968	0.000E+00	0	511	513	0	511	513	512M
6000	6000	-7.084E+02	1.00	0.000E+00	0	512	513	0	512	513	513M
6000	10360	-7.084E+02	1.00	0.000E+00	0	511	513	0	511	513	512M
6001	2314	-6.027E+02	0.992	1.855E-262	0	401	403	0	401	403	402M
6001	6001	-6.080E+02	1.00	8.754E-265	0	402	403	0	402	403	403M
6001	10361	-6.083E+02	1.00	6.388E-265	0	401	403	0	401	403	402M
6002	2315	-6.594E+02	0.997	4.361E-287	0	428	430	0	428	430	429M
6002	6002	-6.609E+02	1.00	9.025E-288	0	429	430	0	429	430	430M
6002	10362	-6.613E+02	1.00	6.586E-288	0	428	430	0	428	430	429M
6003	2316	-4.889E+02	1.00	4.657E-213	0	320	322	0	320	322	321M
6003	6003	-4.886E+02	1.00	6.382E-213	0	321	322	0	321	322	322M
6003	10363	-4.889E+02	1.00	4.657E-213	0	320	322	0	320	322	321M
6004	2317	-2.922E+02	0.985	1.309E-127	0	200	202	0	200	202	201M
6004	6004	-2.966E+02	1.00	1.581E-129	0	201	202	0	201	202	202M
6004	10364	-2.969E+02	1.00	1.154E-129	0	200	202	0	200	202	201M
6005	2318	-1.754E+02	0.952	6.391E-77	0	126	128	0	126	128	127M
6005	6005	-1.843E+02	1.00	9.222E-81	0	127	128	0	127	128	128M
6005	10365	-1.846E+02	1.00	6.724E-81	0	126	128	0	126	128	127M
6006	6006	-2.314E+02	1.00	3.196E-101	0	165	166	0	165	166	166M
6006	10366	-2.317E+02	1.00	2.331E-101	0	164	166	0	164	166	165M
6007	6007	-4.409E+02	1.00	3.160E-192	0	282	283	0	282	283	283M
6007	10367	-4.413E+02	1.00	2.306E-192	0	281	283	0	281	283	282M
6008	6008	-6.013E+02	1.00	7.437E-262	0	398	399	0	398	399	399M
6008	10368	-6.016E+02	1.00	5.427E-262	0	397	399	0	397	399	398M
6009	6009	-1.633E+02	1.00	1.241E-71	0	111	112	0	111	112	112M
6009	10369	-1.636E+02	1.00	9.046E-72	0	110	112	0	110	112	111M
6010	3811	-2.651E+02	0.941	7.534E-116	0	188	201	0	188	190	189M
6010	6010	-3.017E+02	1.00	9.695E-132	0	200	201	0	200	201	201M
6010	10370	-3.020E+02	1.00	7.072E-132	0	199	201	0	199	201	200M
6011	6011	-3.076E+02	1.00	2.581E-134	0	208	209	0	208	209	209M
6011	10371	-3.079E+02	1.00	1.883E-134	0	207	209	0	207	209	208M
6012	2234	-5.438E+02	0.994	6.939E-237	0	353	355	0	353	355	354M
6012	6012	-5.460E+02	1.00	7.644E-238	0	354	355	0	354	355	355M
6012	10372	-5.463E+02	1.00	5.578E-238	0	353	355	0	353	355	354M
6013	2233	-2.886E+02	0.989	4.687E-126	0	189	191	0	189	191	190M
6013	6013	-2.921E+02	1.00	1.458E-127	0	190	191	0	190	191	191M
6013	10373	-2.924E+02	1.00	1.064E-127	0	189	191	0	189	191	190M
6014	2232	-1.376E+02	1.00	1.828E-60	0	93	95	0	93	95	94M
6014	6014	-1.372E+02	1.00	2.508E-60	0	94	95	0	94	95	95M
6014	10374	-1.376E+02	1.00	1.828E-60	0	93	95	0	93	95	94M
6015	2231	-3.184E+02	1.00	5.336E-139	0	219	221	0	219	221	220M
6015	6015	-3.181E+02	1.00	7.315E-139	0	220	221	0	220	221	221M
6015	10375	-3.184E+02	1.00	5.336E-139	0	219	221	0	219	221	220M
6016	2230	-3.014E+02	1.00	1.329E-131	0	199	201	0	199	201	200M
6016	6016	-3.010E+02	1.00	1.822E-131	0	200	201	0	200	201	201M
6016	10376	-3.014E+02	1.00	1.329E-131	0	199	201	0	199	201	200M
6017	2229	-4.037E+02	0.996	4.750E-176	0	262	264	0	262	264	263M
6017	6017	-4.046E+02	1.00	1.845E-176	0	263	264	0	263	264	264M
6017	10377	-4.050E+02	1.00	1.346E-176	0	262	264	0	262	264	263M
6018	2228	-4.727E+02	0.996	4.992E-206	0	309	311	0	309	311	310M
6018	6018	-4.740E+02	1.00	1.415E-206	0	310	311	0	310	311	311M
6018	10378	-4.743E+02	1.00	1.033E-206	0	309	311	0	309	311	310M
6019	2227	-5.511E+02	0.991	4.433E-240	0	344	346	0	344	346	345M
6019	6019	-5.543E+02	1.00	1.897E-241	0	345	346	0	345	346	346M
6019	10379	-5.546E+02	1.00	1.384E-241	0	344	346	0	344	346	345M
6020	2226	-7.413E+02	0.989	1.136E-322	0	488	490	0	488	490	489M
6020	6020	-7.444E+02	1.00	4.941E-324	0	489	490	0	489	490	490M
6020	10380	-7.444E+02	1.00	4.941E-324	0	488	490	0	488	490	489M
6021	2225	-6.982E+02	1.00	6.020E-304	0	467	469	0	467	469	468M
6021	6021	-6.979E+02	1.00	8.248E-304	0	468	469	0	468	469	469M
6021	10381	-6.982E+02	1.00	6.020E-304	0	467	469	0	467	469	468M
6022	2224	-5.966E+02	0.966	7.555E-260	0	388	390	0	388	390	389M
6022	6022	-6.171E+02	1.00	9.626E-269	0	389	390	0	389	390	390M
6022	10382	-6.174E+02	1.00	7.024E-269	0	388	390	0	388	390	389M
6023	2223	-7.377E+02	0.995	4.096E-321	0	484	486	0	484	486	485M
6023	6023	-7.396E+02	1.00	6.176E-322	0	485	486	0	485	486	486M
6023	10383	-7.399E+02	1.00	4.496E-322	0	484	486	0	484	486	485M
6024	2222	-1.840E+02	1.00	1.265E-80	0	126	128	0	126	128	127M
6024	6024	-1.837E+02	1.00	1.734E-80	0	127	128	0	127	128	128M
6024	10384	-1.840E+02	1.00	1.265E-80	0	126	128	0	126	128	127M
6025	2221	-4.319E+02	0.953	2.794E-188	0	300	302	0	300	304	301M
6025	6025	-4.536E+02	1.00	1.004E-197	0	301	302	0	301	302	302M
6025	10385	-4.539E+02	1.00	7.322E-198	0	300	302	0	300	302	301M
6026	2220	-2.781E+02	0.954	1.659E-121	0	197	199	0	197	199	198M
6026	6026	-2.869E+02	1.00	2.421E-125	0	198	199	0	198	199	199M
6026	10386	-2.873E+02	1.00	1.766E-125	0	197	199	0	197	199	198M
6027	2219	-4.021E+02	0.988	2.443E-175	0	270	272	0	270	272	271M
6027	6027	-4.065E+02	1.00	2.960E-177	0	271	272	0	271	272	272M
6027	10387	-4.068E+02	1.00	2.160E-177	0	270	272	0	270	272	271M
6028	2218	-6.161E+02	0.987	2.662E-268	0	403	405	0	403	405	404M
6028	6028	-6.240E+02	1.00	1.010E-271	0	404	405	0	404	405	405M
6028	10388	-6.243E+02	1.00	7.372E-272	0	403	405	0	403	405	404M
6029	1732	-3.707E+02	1.00	9.842E-162	0	239	241	0	239	241	240M
6029	6029	-3.704E+02	1.00	1.349E-161	0	240	241	0	240	241	241M
6029	10389	-3.707E+02	1.00	9.842E-162	0	239	241	0	239	241	240M
6030	1731	-5.225E+02	0.973	1.263E-227	0	344	346	0	344	346	345M
6030	6030	-5.325E+02	1.00	5.270E-232	0	345	346	0	345	346	346M
6030	10390	-5.329E+02	1.00	3.846E-232	0	344	346	0	344	346	345M
6031	1730	-5.905E+02	0.970	3.664E-257	0	399	401	0	399	401	400M
6031	6031	-6.072E+02	1.00	2.052E-264	0	400	401	0	400	401	401M
6031	10391	-6.075E+02	1.00	1.497E-264	0	399	401	0	399	401	400M
6032	1729	-7.084E+02	0.987	0.000E+00	0	568	570	0	568	570	569M
6032	6032	-7.084E+02	1.00	0.000E+00	0	569	570	0	569	570	570M
6032	10392	-7.084E+02	1.00	0.000E+00	0	568	570	0	568	570	569M
6033	1728	-5.792E+02	0.971	2.752E-252	0	383	385	0	383	385	384M
6033	6033	-5.956E+02	1.00	2.109E-259	0	384	385	0	384	385	385M
6033	10393	-5.959E+02	1.00	1.539E-259	0	383	385	0	383	385	384M
6034	1727	-5.957E+02	0.972	1.878E-259	0	394	396	0	394	396	395M
6034	6034	-6.109E+02	1.00	5.076E-266	0	395	396	0	395	396	396M
6034	10394	-6.112E+02	1.00	3.704E-266	0	394	396	0	394	396	395M
6035	1726	-4.021E+02	0.977	2.443E-175	0	270	272	0	270	272	271M
6035	6035	-4.109E+02	1.00	3.586E-179	0	271	272	0	271	272	272M
6035	10395	-4.112E+02	1.00	2.616E-179	0	270	272	0	270	272	271M
6036	1725	-6.127E+02	0.985	7.931E-267	0	415	417	0	415	417	416M
6036	6036	-6.219E+02	1.00	8.544E-271	0	416	417	0	416	417	417M
6036	10396	-6.222E+02	1.00	6.235E-271	0	415	417	0	415	417	416M
6037	1724	-5.686E+02	0.994	1.180E-247	0	382	384	0	382	384	383M
6037	6037	-5.720E+02	1.00	3.686E-249	0	383	384	0	383	384	384M
6037	10397	-5.724E+02	1.00	2.690E-249	0	382	384	0	382	384	383M
6038	1723	-6.123E+02	0.985	1.223E-266	0	404	406	0	404	406	405M
6038	6038	-6.217E+02	1.00	9.606E-271	0	405	406	0	405	406	406M
6038	10398	-6.221E+02	1.00	7.010E-271	0	404	406	0	404	406	405M
6039	1722	-4.368E+02	1.00	1.995E-190	0	282	284	0	282	284	283M
6039	6039	-4.365E+02	1.00	2.734E-190	0	283	284	0	283	284	284M
6039	10399	-4.368E+02	1.00	1.995E-190	0	282	284	0	282	284	283M
6040	1721	-3.842E+02	0.981	1.415E-167	0	268	270	0	268	270	269M
6040	6040	-3.921E+02	1.00	5.348E-171	0	269	270	0	269	270	270M
6040	10400	-3.924E+02	1.00	3.902E-171	0	268	270	0	268	270	269M
6041	1720	-4.787E+02	0.984	1.226E-208	0	322	324	0	322	324	323M
6041	6041	-4.854E+02	1.00	1.638E-211	0	323	324	0	323	324	324M
6041	10401	-4.857E+02	1.00	1.195E-211	0	322	324	0	322	324	323M
6042	1719	-5.722E+02	0.992	3.275E-249	0	393	395	0	393	395	394M
6042	6042	-5.753E+02	1.00	1.403E-250	0	394	395	0	394	395	395M
6042	10402	-5.756E+02	1.00	1.024E-250	0	393	395	0	393	395	394M
6043	1718	-4.310E+02	1.00	6.914E-188	0	279	281	0	279	281	280M
6043	6043	-4.306E+02	1.00	9.476E-188	0	280	281	0	280	281	281M
6043	10403	-4.310E+02	1.00	6.914E-188	0	279	281	0	279	281	280M
6044	1717	-5.851E+02	0.995	8.130E-255	0	400	402	0	400	402	401M
6044	6044	-5.879E+02	1.00	4.772E-256	0	401	402	0	401	402	402M
6044	10404	-5.882E+02	1.00	3.483E-256	0	400	402	0	400	402	401M
6045	1716	-7.084E+02	0.972	0.000E+00	0	506	508	0	506	508	507M
6045	6045	-7.084E+02	1.00	0.000E+00	0	507	508	0	507	508	508M
6045	10405	-7.084E+02	1.00	0.000E+00	0	506	508	0	506	508	507M
6046	1715	-3.742E+02	0.988	3.017E-163	0	252	254	0	252	254	253M
6046	6046	-3.786E+02	1.00	3.653E-165	0	253	254	0	253	254	254M
6046	10406	-3.789E+02	1.00	2.665E-165	0	252	254	0	252	254	253M
6047	1714	-3.836E+02	1.00	2.624E-167	0	261	263	0	261	263	262M
6047	6047	-3.833E+02	1.00	3.596E-167	0	262	263	0	262	263	263M
6047	10407	-3.836E+02	1.00	2.624E-167	0	261	263	0	261	263	262M
6048	1311	-5.808E+02	0.997	5.695E-253	0	383	385	0	383	385	384M
6048	6048	-5.824E+02	1.00	1.178E-253	0	384	385	0	384	385	385M
6048	10408	-5.827E+02	1.00	8.599E-254	0	383	385	0	383	385	384M
6049	1310	-6.492E+02	0.983	1.103E-282	0	436	438	0	436	438	437M
6049	6049	-6.562E+02	1.00	1.079E-285	0	437	438	0	437	438	438M
6049	10409	-6.565E+02	1.00	7.871E-286	0	436	438	0	436	438	437M
6050	1309	-3.309E+02	0.995	1.949E-144	0	221	223	0	221	223	222M
6050	6050	-3.319E+02	1.00	7.568E-145	0	222	223	0	222	223	223M
6050	10410	-3.322E+02	1.00	5.521E-145	0	221	223	0	221	223	222M
6051	1308	-3.368E+02	1.00	5.266E-147	0	216	218	0	216	218	217M
6051	6051	-3.365E+02	1.00	7.219E-147	0	217	218	0	217	218	218M
6051	10411	-3.368E+02	1.00	5.266E-147	0	216	218	0	216	218	217M
6052	1307	-6.602E+02	0.995	1.881E-287	0	437	439	0	437	439	438M
6052	6052	-6.627E+02	1.00	1.514E-288	0	438	439	0	438	439	439M
6052	10412	-6.630E+02	1.00	1.105E-288	0	437	439	0	437	439	438M
6053	1306	-6.003E+02	0.990	1.935E-261	0	404	406	0	404	406	405M
6053	6053	-6.060E+02	1.00	6.667E-264	0	405	406	0	405	406	406M
6053	10413	-6.063E+02	1.00	4.865E-264	0	404	406	0	404	406	405M
6054	1305	-2.106E+02	0.986	3.366E-92	0	143	145	0	143	145	144M
6054	6054	-2.116E+02	1.00	1.305E-92	0	144	145	0	144	145	145M
6054	10414	-2.119E+02	1.00	9.520E-93	0	143	145	0	143	145	144M
6055	1304	-7.084E+02	0.990	0.000E+00	0	599	601	0	599	601	600M
6055	6055	-7.084E+02	1.00	0.000E+00	0	600	601	0	600	601	601M
6055	10415	-7.084E+02	1.00	0.000E+00	0	599	601	0	599	601	600M
6056	1303	-4.287E+02	0.988	6.384E-187	0	266	268	0	266	268	267M
6056	6056	-4.303E+02	1.00	1.320E-187	0	267	268	0	267	268	268M
6056	10416	-4.306E+02	1.00	9.629E-188	0	266	268	0	266	268	267M
6057	1302	-7.084E+02	0.993	0.000E+00	0	1159	1161	0	1159	1161	1160M
6057	6057	-7.084E+02	1.00	0.000E+00	0	1160	1161	0	1160	1161	1161M
6057	10417	-7.084E+02	1.00	0.000E+00	0	1159	1161	0	1159	1161	1160M
6058	1301	-4.786E+02	0.993	1.441E-208	0	312	314	0	312	314	313M
6058	6058	-4.820E+02	1.00	4.499E-210	0	313	314	0	313	314	314M
6058	10418	-4.824E+02	1.00	3.283E-210	0	312	314	0	312	314	313M
6059	1300	-4.540E+02	0.993	6.986E-198	0	299	301	0	299	301	300M
6059	6059	-4.562E+02	1.00	7.692E-199	0	300	301	0	300	301	301M
6059	10419	-4.565E+02	1.00	5.613E-199	0	299	301	0	299	301	300M
6060	1299	-7.084E+02	0.989	0.000E+00	0	662	664	0	662	664	663M
6060	6060	-7.084E+02	1.00	0.000E+00	0	663	664	0	663	664	664M
6060	10420	-7.084E+02	1.00	0.000E+00	0	662	664	0	662	664	663M
6061	1298	-3.811E+02	0.988	3.013E-166	0	266	268	0	266	268	267M
6061	6061	-3.833E+02	1.00	3.317E-167	0	267	268	0	267	268	268M
6061	10421	-3.836E+02	1.00	2.420E-167	0	266	268	0	266	268	267M
6062	1297	-7.084E+02	0.994	0.000E+00	0	532	534	0	532	534	533M
6062	6062	-7.084E+02	1.00	0.000E+00	0	533	534	0	533	534	534M
6062	10422	-7.084E+02	1.00	0.000E+00	0	532	534	0	532	534	533M
6063	1296	-5.988E+02	0.997	8.723E-261	0	389	391	0	389	391	390M
6063	6063	-5.994E+02	1.00	4.645E-261	0	390	391	0	390	391	391M
6063	10423	-5.998E+02	1.00	3.390E-261	0	389	391	0	389	391	390M
6064	1295	-2.923E+02	1.00	1.154E-127	0	204	206	0	204	206	205M
6064	6064	-2.920E+02	1.00	1.581E-127	0	205	206	0	205	206	206M
6064	10424	-2.923E+02	1.00	1.154E-127	0	204	206	0	204	206	205M
6065	1294	-7.084E+02	0.998	0.000E+00	0	563	565	0	563	565	564M
6065	6065	-7.084E+02	1.00	0.000E+00	0	564	565	0	564	565	565M
6065	10425	-7.084E+02	1.00	0.000E+00	0	563	565	0	563	565	564M
6066	1293	-3.362E+02	0.986	9.596E-147	0	222	224	0	222	224	223M
6066	6066	-3.406E+02	1.00	1.161E-148	0	223	224	0	223	224	224M
6066	10426	-3.409E+02	1.00	8.466E-149	0	222	224	0	222	224	223M
6067	1292	-6.566E+02	0.988	7.091E-286	0	427	429	0	427	429	428M
6067	6067	-6.638E+02	1.00	5.055E-289	0	428	429	0	428	429	429M
6067	10427	-6.641E+02	1.00	3.689E-289	0	427	429	0	427	429	428M
6068	6068	-6.368E+02	1.00	2.630E-277	0	412	413	0	412	413	413M
6068	10428	-6.372E+02	1.00	1.919E-277	0	411	413	0	411	413	412M
6069	3890	-4.546E+02	0.986	3.898E-198	0	300	302	0	300	302	301M
6069	6069	-4.596E+02	1.00	2.516E-200	0	301	302	0	301	302	302M
6069	10429	-4.599E+02	1.00	1.836E-200	0	300	302	0	300	302	301M
6070	3891	-1.403E+02	1.00	1.172E-61	0	95	97	0	95	97	96M
6070	6070	-1.400E+02	1.00	1.608E-61	0	96	97	0	96	97	97M
6070	10430	-1.403E+02	1.00	1.172E-61	0	95	97	0	95	97	96M
6071	3892	-5.214E+01	0.958	2.273E-23	0	47	49	0	47	49	48M
6071	6071	-5.722E+01	1.00	1.413E-25	0	48	49	0	48	49	49M
6071	10431	-5.754E+01	1.00	1.028E-25	0	47	49	0	47	49	48M
6072	4440	-5.695E+01	1.00	1.841E-25	0	46	48	0	46	48	47M
6072	6072	-5.664E+01	1.00	2.529E-25	0	47	48	0	47	48	48M
6072	10432	-5.695E+01	1.00	1.841E-25	0	46	48	0	46	48	47M
6073	4103	-9.706E+01	0.534	7.025E-43	0	137	143	0	142	156	105M1I21M6D11M
6073	6073	-2.047E+02	1.00	1.232E-89	0	142	143	0	142	143	143M
6073	10433	-2.050E+02	1.00	8.982E-90	0	141	143	0	141	143	142M
6074	4545	-1.051E+02	0.986	2.349E-46	0	72	74	0	72	74	73M
6074	6074	-1.063E+02	1.00	6.623E-47	0	73	74	0	73	74	74M
6074	10434	-1.066E+02	1.00	4.826E-47	0	72	74	0	72	74	73M
6075	4382	-1.446E+02	1.00	1.590E-63	0	98	106	0	98	99	99M
6075	6075	-1.560E+02	1.00	1.820E-68	0	105	106	0	105	106	106M
6075	10435	-1.563E+02	1.00	1.327E-68	0	104	106	0	104	106	105M
6076	4381	-5.881E+01	1.00	2.879E-26	0	72	74	0	72	74	73M
6076	6076	-5.849E+01	1.00	3.953E-26	0	73	74	0	73	74	74M
6076	10436	-5.881E+01	1.00	2.879E-26	0	72	74	0	72	74	73M
6077	1474	-9.065E+01	0.490	4.277E-40	0	158	160	0	160	163	38M1D48M1D73M
6077	6077	-2.345E+02	1.00	1.402E-102	0	159	160	0	159	160	160M
6077	10437	-2.348E+02	1.00	1.022E-102	0	158	160	0	158	160	159M
6078	3137	-7.369E+02	0.993	9.387E-321	0	468	470	0	468	470	469M
6078	6078	-7.397E+02	1.00	5.534E-322	0	469	470	0	469	470	470M
6078	10438	-7.400E+02	1.00	4.002E-322	0	468	470	0	468	470	469M
6079	3138	-7.084E+02	0.997	0.000E+00	0	711	713	0	711	713	712M
6079	6079	-7.084E+02	1.00	0.000E+00	0	712	713	0	712	713	713M
6079	10439	-7.084E+02	1.00	0.000E+00	0	711	713	0	711	713	712M
6080	3139	-4.316E+02	0.993	3.444E-188	0	291	293	0	291	293	292M
6080	6080	-4.342E+02	1.00	2.767E-189	0	292	293	0	292	293	293M
6080	10440	-4.345E+02	1.00	2.019E-189	0	291	293	0	291	293	292M
6081	6081	-1.091E+02	1.00	4.035E-48	0	74	75	0	74	75	75M
6081	10441	-1.094E+02	1.00	2.940E-48	0	73	75	0	73	75	74M
6082	1993	-4.838E+02	0.984	7.480E-211	0	389	391	23	411	413	157M1I232M
6082	6082	-4.961E+02	1.00	3.468E-216	0	390	391	0	390	391	391M
6082	10442	-4.964E+02	1.00	2.531E-216	0	389	391	0	389	391	390M
6083	1992	-1.124E+02	1.00	1.517E-49	0	77	79	0	77	79	78M
6083	6083	-1.121E+02	1.00	2.082E-49	0	78	79	0	78	79	79M
6083	10443	-1.124E+02	1.00	1.517E-49	0	77	79	0	77	79	78M
6084	1991	-3.009E+02	0.985	2.101E-131	0	202	204	0	202	204	203M
6084	6084	-3.063E+02	1.00	9.854E-134	0	203	204	0	203	204	204M
6084	10444	-3.066E+02	1.00	7.188E-134	0	202	204	0	202	204	203M
6085	1990	-2.883E+02	1.00	6.336E-126	0	202	204	0	202	204	203M
6085	6085	-2.880E+02	1.00	8.685E-126	0	203	204	0	203	204	204M
6085	10445	-2.883E+02	1.00	6.336E-126	0	202	204	0	202	204	203M
6086	1989	-2.147E+02	0.993	5.669E-94	0	150	152	0	150	152	151M
6086	6086	-2.153E+02	1.00	3.015E-94	0	151	152	0	151	152	152M
6086	10446	-2.157E+02	1.00	2.199E-94	0	150	152	0	150	152	151M
6087	1988	-7.084E+02	0.994	0.000E+00	0	537	539	0	537	539	538M
6087	6087	-7.084E+02	1.00	0.000E+00	0	538	539	0	538	539	539M
6087	10447	-7.084E+02	1.00	0.000E+00	0	537	539	0	537	539	538M
6088	1987	-7.084E+02	0.974	0.000E+00	0	1153	1155	3	1156	1158	1154M
6088	6088	-7.084E+02	1.00	0.000E+00	0	1154	1155	0	1154	1155	1155M
6088	10448	-7.084E+02	1.00	0.000E+00	0	1153	1155	0	1153	1155	1154M
6089	1986	-4.814E+02	0.990	8.171E-210	0	318	320	0	318	320	319M
6089	6089	-4.865E+02	1.00	5.276E-212	0	319	320	0	319	320	320M
6089	10449	-4.868E+02	1.00	3.850E-212	0	318	320	0	318	320	319M
6090	1985	-1.357E+02	1.00	1.219E-59	0	93	95	0	93	95	94M
6090	6090	-1.353E+02	1.00	1.672E-59	0	94	95	0	94	95	95M
6090	10450	-1.357E+02	1.00	1.219E-59	0	93	95	0	93	95	94M
6091	1984	-2.948E+02	0.986	9.516E-129	0	218	220	0	218	220	219M
6091	6091	-2.995E+02	1.00	8.398E-131	0	219	220	0	219	220	220M
6091	10451	-2.998E+02	1.00	6.127E-131	0	218	220	0	218	220	219M
6092	1983	-3.193E+02	1.00	2.172E-139	0	220	222	0	220	222	221M
6092	6092	-3.190E+02	1.00	2.977E-139	0	221	222	0	221	222	222M
6092	10452	-3.193E+02	1.00	2.172E-139	0	220	222	0	220	222	221M
6093	1982	-3.488E+02	0.995	3.186E-152	0	242	244	0	242	244	243M
6093	6093	-3.498E+02	1.00	1.237E-152	0	243	244	0	243	244	244M
6093	10453	-3.501E+02	1.00	9.026E-153	0	242	244	0	242	244	243M
6094	1981	-4.231E+02	0.989	1.769E-184	0	285	287	0	285	287	286M
6094	6094	-4.269E+02	1.00	4.028E-186	0	286	287	0	286	287	287M
6094	10454	-4.272E+02	1.00	2.939E-186	0	285	287	0	285	287	286M
6095	1980	-4.309E+02	0.993	7.349E-188	0	287	289	0	287	289	288M
6095	6095	-4.331E+02	1.00	8.091E-189	0	288	289	0	288	289	289M
6095	10455	-4.334E+02	1.00	5.903E-189	0	287	289	0	287	289	288M
6096	1979	-4.654E+02	0.987	7.360E-203	0	310	312	0	310	312	311M
6096	6096	-4.727E+02	1.00	5.232E-206	0	311	312	0	311	312	312M
6096	10456	-4.730E+02	1.00	3.818E-206	0	310	312	0	310	312	311M
6097	1978	-3.017E+02	0.966	9.107E-132	0	210	213	0	210	213	211M
6097	6097	-3.090E+02	1.00	6.443E-135	0	212	213	0	212	213	213M
6097	10457	-3.093E+02	1.00	4.700E-135	0	211	213	0	211	213	212M
6098	1977	-7.084E+02	0.984	0.000E+00	0	652	654	0	652	654	653M
6098	6098	-7.084E+02	1.00	0.000E+00	0	653	654	0	653	654	654M
6098	10458	-7.084E+02	1.00	0.000E+00	0	652	654	0	652	654	653M
6099	1976	-4.756E+02	0.996	2.927E-207	0	309	311	0	309	311	310M
6099	6099	-4.759E+02	1.00	2.135E-207	0	310	311	0	310	311	311M
6099	10459	-4.762E+02	1.00	1.558E-207	0	309	311	0	309	311	310M
6100	4341	-4.596E+02	0.990	2.433E-200	0	305	308	0	305	308	306M
6100	6100	-4.659E+02	1.00	4.452E-203	0	307	308	0	307	308	308M
6100	10460	-4.662E+02	1.00	3.248E-203	0	306	308	0	306	308	307M
6101	4340	-2.249E+02	1.00	2.129E-98	17	168	170	0	151	153	152M
6101	6101	-2.505E+02	1.00	1.688E-109	0	169	170	0	169	170	170M
6101	10461	-2.508E+02	1.00	1.231E-109	0	168	170	0	168	170	169M
6102	3219	-3.182E+02	0.973	6.680E-139	0	223	246	0	223	224	224M
6102	6102	-3.629E+02	1.00	2.411E-158	0	245	246	0	245	246	246M
6102	10462	-3.632E+02	1.00	1.759E-158	0	244	246	0	244	246	245M
6103	3220	-4.644E+02	0.980	2.054E-202	0	305	307	0	305	307	306M
6103	6103	-4.710E+02	1.00	2.741E-205	0	306	307	0	306	307	307M
6103	10463	-4.713E+02	1.00	2.000E-205	0	305	307	0	305	307	306M
6104	3221	-4.467E+02	0.989	9.560E-195	0	285	287	0	285	287	286M
6104	6104	-4.508E+02	1.00	1.587E-196	0	286	287	0	286	287	287M
6104	10464	-4.512E+02	1.00	1.158E-196	0	285	287	0	285	287	286M
6105	3222	-2.937E+02	0.971	2.746E-128	0	206	209	0	206	209	207M
6105	6105	-3.035E+02	1.00	1.558E-132	0	208	209	0	208	209	209M
6105	10465	-3.038E+02	1.00	1.136E-132	0	207	209	0	207	209	208M
6106	3223	-4.568E+02	0.996	4.292E-199	0	300	302	0	300	302	301M
6106	6106	-4.577E+02	1.00	1.667E-199	0	301	302	0	301	302	302M
6106	10466	-4.580E+02	1.00	1.217E-199	0	300	302	0	300	302	301M
6107	3224	-1.930E+02	0.993	1.530E-84	0	142	144	0	142	144	143M
6107	6107	-1.952E+02	1.00	1.678E-85	0	143	144	0	143	144	144M
6107	10467	-1.955E+02	1.00	1.224E-85	0	142	144	0	142	144	143M
6108	3225	-3.246E+02	0.991	1.085E-141	0	228	230	0	228	230	229M
6108	6108	-3.265E+02	1.00	1.636E-142	0	229	230	0	229	230	230M
6108	10468	-3.268E+02	1.00	1.193E-142	0	228	230	0	228	230	229M
6109	3226	-7.084E+02	0.989	0.000E+00	0	495	497	0	495	497	496M
6109	6109	-7.084E+02	1.00	0.000E+00	0	496	497	0	496	497	497M
6109	10469	-7.084E+02	1.00	0.000E+00	0	495	497	0	495	497	496M
6110	3227	-3.153E+02	0.957	1.120E-137	0	210	212	0	210	212	211M
6110	6110	-3.273E+02	1.00	6.980E-143	0	211	212	0	211	212	212M
6110	10470	-3.276E+02	1.00	5.092E-143	0	210	212	0	210	212	211M
6111	3228	-2.908E+02	0.979	5.242E-127	0	196	198	0	196	198	197M
6111	6111	-2.964E+02	1.00	1.793E-129	0	197	198	0	197	198	198M
6111	10471	-2.968E+02	1.00	1.308E-129	0	196	198	0	196	198	197M
6112	3229	-5.485E+02	0.974	6.254E-239	0	394	396	0	394	396	395M
6112	6112	-5.617E+02	1.00	1.123E-244	0	395	396	0	395	396	396M
6112	10472	-5.620E+02	1.00	8.193E-245	0	394	396	0	394	396	395M
6113	2670	-7.084E+02	0.987	0.000E+00	0	558	560	0	558	560	559M
6113	6113	-7.084E+02	1.00	0.000E+00	0	559	560	0	559	560	560M
6113	10473	-7.084E+02	1.00	0.000E+00	0	558	560	0	558	560	559M
6114	2671	-4.133E+02	0.969	3.286E-180	0	293	295	0	293	295	294M
6114	6114	-4.265E+02	1.00	5.860E-186	0	294	295	0	294	295	295M
6114	10474	-4.268E+02	1.00	4.276E-186	0	293	295	0	293	295	294M
6115	2672	-1.420E+02	0.989	2.039E-62	0	98	100	0	98	100	99M
6115	6115	-1.430E+02	1.00	7.898E-63	0	99	100	0	99	100	100M
6115	10475	-1.433E+02	1.00	5.757E-63	0	98	100	0	98	100	99M
6116	2673	-3.983E+02	0.978	1.002E-173	0	281	284	0	281	284	282M
6116	6116	-4.075E+02	1.00	1.075E-177	0	283	284	0	283	284	284M
6116	10476	-4.078E+02	1.00	7.842E-178	0	282	284	0	282	284	283M
6117	2674	-3.896E+02	0.970	6.434E-170	0	273	276	0	273	276	274M
6117	6117	-4.006E+02	1.00	1.040E-174	0	275	276	0	275	276	276M
6117	10477	-4.009E+02	1.00	7.590E-175	0	274	276	0	274	276	275M
6118	2675	-2.780E+02	0.935	1.823E-121	0	199	201	0	199	201	200M
6118	6118	-2.979E+02	1.00	4.270E-130	0	200	201	0	200	201	201M
6118	10478	-2.982E+02	1.00	3.115E-130	0	199	201	0	199	201	200M
6119	2676	-4.320E+02	0.948	2.482E-188	0	311	313	0	311	313	312M
6119	6119	-4.559E+02	1.00	9.849E-199	0	312	313	0	312	313	313M
6119	10479	-4.562E+02	1.00	7.186E-199	0	311	313	0	311	313	312M
6120	2677	-1.875E+02	1.00	3.714E-82	0	138	140	0	138	140	139M
6120	6120	-1.872E+02	1.00	5.093E-82	0	139	140	0	139	140	140M
6120	10480	-1.875E+02	1.00	3.714E-82	0	138	140	0	138	140	139M
6121	2678	-3.587E+02	1.00	1.618E-156	0	253	255	0	253	255	254M
6121	6121	-3.584E+02	1.00	2.217E-156	0	254	255	0	254	255	255M
6121	10481	-3.587E+02	1.00	1.618E-156	0	253	255	0	253	255	254M
6122	2679	-4.411E+02	0.993	2.637E-192	0	304	306	0	304	306	305M
6122	6122	-4.433E+02	1.00	2.904E-193	0	305	306	0	305	306	306M
6122	10482	-4.436E+02	1.00	2.119E-193	0	304	306	0	304	306	305M
6123	2680	-7.204E+02	0.987	1.404E-313	0	471	473	0	471	473	472M
6123	6123	-7.276E+02	1.00	1.002E-316	0	472	473	0	472	473	473M
6123	10483	-7.279E+02	1.00	7.312E-317	0	471	473	0	471	473	472M
6124	2681	-4.949E+01	1.00	3.213E-22	0	43	45	0	43	45	44M
6124	6124	-4.917E+01	1.00	4.415E-22	0	44	45	0	44	45	45M
6124	10484	-4.949E+01	1.00	3.213E-22	0	43	45	0	43	45	44M
6125	2682	-5.107E+02	1.00	1.641E-222	0	333	335	0	333	335	334M
6125	6125	-5.104E+02	1.00	2.249E-222	0	334	335	0	334	335	335M
6125	10485	-5.107E+02	1.00	1.641E-222	0	333	335	0	333	335	334M
6126	2683	-7.084E+02	0.997	0.000E+00	0	480	482	0	480	482	481M
6126	6126	-7.084E+02	1.00	0.000E+00	0	481	482	0	481	482	482M
6126	10486	-7.084E+02	1.00	0.000E+00	0	480	482	0	480	482	481M
6127	6127	-7.084E+02	1.00	0.000E+00	0	480	481	0	480	481	481M
6127	8879	-7.084E+02	1.00	0.000E+00	0	479	481	0	479	481	480M
6128	3111	-4.441E+01	1.00	5.178E-20	0	37	39	0	37	39	38M
6128	6128	-4.409E+01	1.00	7.116E-20	0	38	39	0	38	39	39M
6128	8880	-4.441E+01	1.00	5.178E-20	0	37	39	0	37	39	38M
6129	3112	-7.084E+02	1.00	0.000E+00	0	820	822	0	820	822	821M
6129	6129	-7.084E+02	1.00	0.000E+00	0	821	822	0	821	822	822M
6129	8881	-7.084E+02	1.00	0.000E+00	0	820	822	0	820	822	821M
6130	3113	-1.323E+02	1.00	3.578E-58	0	91	93	0	91	93	92M
6130	6130	-1.320E+02	1.00	4.909E-58	0	92	93	0	92	93	93M
6130	8882	-1.323E+02	1.00	3.578E-58	0	91	93	0	91	93	92M
6131	3114	-4.218E+01	1.00	4.795E-19	0	37	39	0	37	39	38M
6131	6131	-4.186E+01	1.00	6.591E-19	0	38	39	0	38	39	39M
6131	8883	-4.218E+01	1.00	4.795E-19	0	37	39	0	37	39	38M
6132	3115	-1.499E+02	1.00	8.317E-66	0	100	102	0	100	102	101M
6132	6132	-1.495E+02	1.00	1.141E-65	0	101	102	0	101	102	102M
6132	8884	-1.499E+02	1.00	8.317E-66	0	100	102	0	100	102	101M
6133	3116	-1.826E+02	1.00	4.814E-80	0	121	123	4	125	127	122M
6133	6133	-1.823E+02	1.00	6.603E-80	0	122	123	0	122	123	123M
6133	8885	-1.826E+02	1.00	4.814E-80	0	121	123	0	121	123	122M
6134	3117	-2.813E+02	1.00	6.838E-123	0	183	185	0	183	185	184M
6134	6134	-2.810E+02	1.00	9.375E-123	0	184	185	0	184	185	185M
6134	8886	-2.813E+02	1.00	6.838E-123	0	183	185	0	183	185	184M
6135	3118	-9.640E+01	1.00	1.359E-42	0	68	70	0	68	70	69M
6135	6135	-9.609E+01	1.00	1.865E-42	0	69	70	0	69	70	70M
6135	8887	-9.640E+01	1.00	1.359E-42	0	68	70	0	68	70	69M
6136	3119	-1.056E+02	1.00	1.379E-46	0	74	76	0	74	76	75M
6136	6136	-1.053E+02	1.00	1.893E-46	0	75	76	0	75	76	76M
6136	8888	-1.056E+02	1.00	1.379E-46	0	74	76	0	74	76	75M
6137	837	-3.429E+02	1.00	1.187E-149	0	219	256	0	219	241	220M
6137	6137	-3.940E+02	1.00	7.837E-172	0	255	256	0	255	256	256M
6137	8889	-3.943E+02	1.00	5.718E-172	0	254	256	0	254	256	255M
6138	836	-6.648E+02	0.997	1.875E-289	0	426	428	0	426	428	427M
6138	6138	-6.661E+02	1.00	5.317E-290	0	427	428	0	427	428	428M
6138	8890	-6.664E+02	1.00	3.880E-290	0	426	428	0	426	428	427M
6139	6139	-3.306E+02	1.00	2.549E-144	0	221	222	0	221	222	222M
6139	8891	-3.310E+02	1.00	1.859E-144	0	220	222	0	220	222	221M
6140	6140	-5.965E+01	1.00	1.240E-26	0	44	45	0	44	45	45M
6140	8892	-5.997E+01	1.00	9.030E-27	0	43	45	0	43	45	44M
6141	3770	-1.864E+02	0.753	1.088E-81	0	153	156	277	430	433	154M
6141	6141	-2.395E+02	1.00	1.016E-104	0	155	156	0	155	156	156M
6141	8893	-2.398E+02	1.00	7.412E-105	0	154	156	0	154	156	155M
6142	6142	-4.988E+02	1.00	2.292E-217	0	338	339	0	338	339	339M
6142	8894	-4.991E+02	1.00	1.673E-217	0	337	339	0	337	339	338M
6143	6143	-4.256E+02	1.00	1.469E-185	0	280	281	0	280	281	281M
6143	8895	-4.259E+02	1.00	1.072E-185	0	279	281	0	279	281	280M
6144	6144	-3.067E+02	1.00	6.143E-134	0	213	214	0	213	214	214M
6144	8896	-3.070E+02	1.00	4.481E-134	0	212	214	0	212	214	213M
6145	6145	-4.132E+02	1.00	3.647E-180	0	256	257	0	256	257	257M
6145	8897	-4.135E+02	1.00	2.661E-180	0	255	257	0	255	257	256M
6146	6146	-1.220E+02	1.00	1.029E-53	0	95	96	0	95	96	96M
6146	8898	-1.223E+02	1.00	7.502E-54	0	94	96	0	94	96	95M
6147	6147	-7.790E+01	1.00	1.470E-34	0	59	60	0	59	60	60M
6147	8899	-7.822E+01	1.00	1.071E-34	0	58	60	0	58	60	59M
6148	6148	-3.516E+02	1.00	2.086E-153	0	232	233	0	232	233	233M
6148	8900	-3.519E+02	1.00	1.522E-153	0	231	233	0	231	233	232M
6149	6149	-3.869E+02	1.00	8.988E-169	0	264	265	0	264	265	265M
6149	8901	-3.873E+02	1.00	6.558E-169	0	263	265	0	263	265	264M
6150	6150	-1.170E+02	1.00	1.609E-51	0	82	83	0	82	83	83M
6150	8902	-1.173E+02	1.00	1.173E-51	0	81	83	0	81	83	82M
6151	6151	-4.691E+02	1.00	1.791E-204	0	299	300	0	299	300	300M
6151	8903	-4.695E+02	1.00	1.307E-204	0	298	300	0	298	300	299M
6152	6152	-3.610E+02	1.00	1.625E-157	0	232	233	0	232	233	233M
6152	8904	-3.613E+02	1.00	1.185E-157	0	231	233	0	231	233	232M
6153	3966	-5.557E+01	0.262	7.349E-25	2	353	360	1	353	361	67M1I9M7D10M5D16M1I14M13I32M2D18M5I10M1D17M2D6M1D16M4D83M1I33M
6153	6153	-5.461E+02	1.00	7.049E-238	0	359	360	0	359	360	360M
6153	8905	-5.464E+02	1.00	5.144E-238	0	358	360	0	358	360	359M
6154	6154	-3.031E+02	1.00	2.239E-132	0	209	210	0	209	210	210M
6154	8906	-3.035E+02	1.00	1.633E-132	0	208	210	0	208	210	209M
6155	6155	-7.126E+02	1.00	3.279E-310	0	483	484	0	483	484	484M
6155	8907	-7.129E+02	1.00	2.393E-310	0	482	484	0	482	484	483M
6156	6156	-7.084E+02	1.00	0.000E+00	0	650	651	0	650	651	651M
6156	8908	-7.084E+02	1.00	0.000E+00	0	649	651	0	649	651	650M
6157	6157	-3.277E+02	1.00	4.939E-143	0	217	218	0	217	218	218M
6157	8909	-3.280E+02	1.00	3.603E-143	0	216	218	0	216	218	217M
6158	6158	-7.084E+02	1.00	0.000E+00	0	511	512	0	511	512	512M
6158	8910	-7.084E+02	1.00	0.000E+00	0	510	512	0	510	512	511M
6159	6159	-8.715E+01	1.00	1.411E-38	0	64	65	0	64	65	65M
6159	8911	-8.747E+01	1.00	1.028E-38	0	63	65	0	63	65	64M
6160	6160	-4.006E+02	1.00	1.094E-174	0	256	257	0	256	257	257M
6160	8912	-4.009E+02	1.00	7.985E-175	0	255	257	0	255	257	256M
6161	6161	-1.923E+02	1.00	3.189E-84	0	132	133	0	132	133	133M
6161	8913	-1.926E+02	1.00	2.326E-84	0	131	133	0	131	133	132M
6162	6162	-7.084E+02	1.00	0.000E+00	0	3451	3452	0	3451	3452	3452M
6162	8914	-7.084E+02	1.00	0.000E+00	0	3450	3452	0	3450	3452	3451M
6163	6163	-4.402E+02	1.00	6.398E-192	0	297	298	0	297	298	298M
6163	8915	-4.406E+02	1.00	4.669E-192	0	296	298	0	296	298	297M
6164	6164	-2.180E+02	1.00	2.192E-95	0	149	150	0	149	150	150M
6164	8916	-2.183E+02	1.00	1.599E-95	0	148	150	0	148	150	149M
6165	6165	-3.206E+02	1.00	6.057E-140	0	214	215	0	214	215	215M
6165	8917	-3.209E+02	1.00	4.418E-140	0	213	215	0	213	215	214M
6166	6166	-1.144E+02	1.00	1.983E-50	0	88	89	0	88	89	89M
6166	8918	-1.148E+02	1.00	1.446E-50	0	87	89	0	87	89	88M
6167	6167	-1.296E+02	1.00	5.205E-57	0	95	96	0	95	96	96M
6167	8919	-1.299E+02	1.00	3.794E-57	0	94	96	0	94	96	95M
6168	6168	-1.194E+02	1.00	1.346E-52	0	83	84	0	83	84	84M
6168	8920	-1.198E+02	1.00	9.810E-53	0	82	84	0	82	84	83M
6169	6169	-4.736E+02	1.00	2.070E-206	0	298	299	0	298	299	299M
6169	8921	-4.739E+02	1.00	1.511E-206	0	297	299	0	297	299	298M
6170	6170	-1.364E+02	1.00	5.867E-60	0	92	93	0	92	93	93M
6170	8922	-1.367E+02	1.00	4.276E-60	0	91	93	0	91	93	92M
6171	6171	-3.552E+02	1.00	5.436E-155	0	255	256	0	255	256	256M
6171	8923	-3.555E+02	1.00	3.966E-155	0	254	256	0	254	256	255M
6172	6172	-6.479E+02	1.00	4.032E-282	0	431	432	0	431	432	432M
6172	8924	-6.482E+02	1.00	2.942E-282	0	430	432	0	430	432	431M
6173	6173	-1.340E+02	1.00	6.222E-59	0	95	96	0	95	96	96M
6173	8925	-1.343E+02	1.00	4.535E-59	0	94	96	0	94	96	95M
6174	6174	-2.761E+02	1.00	1.285E-120	0	208	209	0	208	209	209M
6174	8926	-2.764E+02	1.00	9.376E-121	0	207	209	0	207	209	208M
6175	6175	-7.084E+02	1.00	0.000E+00	0	592	593	0	592	593	593M
6175	8927	-7.084E+02	1.00	0.000E+00	0	591	593	0	591	593	592M
6176	6176	-1.518E+02	1.00	1.188E-66	0	100	101	0	100	101	101M
6176	8928	-1.521E+02	1.00	8.664E-67	0	99	101	0	99	101	100M
6177	6177	-2.675E+02	1.00	6.645E-117	0	182	183	0	182	183	183M
6177	8929	-2.678E+02	1.00	4.847E-117	0	181	183	0	181	183	182M
6178	6178	-5.588E+02	1.00	2.036E-243	0	376	377	0	376	377	377M
6178	8930	-5.591E+02	1.00	1.485E-243	0	375	377	0	375	377	376M
6179	6179	-1.304E+02	1.00	2.386E-57	0	92	93	0	92	93	93M
6179	8931	-1.307E+02	1.00	1.739E-57	0	91	93	0	91	93	92M
6180	6180	-7.084E+02	1.00	0.000E+00	0	512	513	0	512	513	513M
6180	8932	-7.084E+02	1.00	0.000E+00	0	511	513	0	511	513	512M
6181	6181	-7.084E+02	1.00	0.000E+00	0	663	664	0	663	664	664M
6181	8933	-7.084E+02	1.00	0.000E+00	0	662	664	0	662	664	663M
6182	6182	-2.450E+02	1.00	3.783E-107	0	170	171	0	170	171	171M
6182	8934	-2.454E+02	1.00	2.759E-107	0	169	171	0	169	171	170M
6183	6183	-8.800E+01	1.00	6.039E-39	0	66	67	0	66	67	67M
6183	8935	-8.832E+01	1.00	4.399E-39	0	65	67	0	65	67	66M
6184	6184	-4.086E+02	1.00	3.698E-178	0	267	268	0	267	268	268M
6184	8936	-4.089E+02	1.00	2.698E-178	0	266	268	0	266	268	267M
6185	6185	-4.489E+02	1.00	1.134E-195	0	301	302	0	301	302	302M
6185	8937	-4.492E+02	1.00	8.277E-196	0	300	302	0	300	302	301M
6186	6186	-1.050E+02	1.00	2.597E-46	0	75	76	0	75	76	76M
6186	8938	-1.053E+02	1.00	1.893E-46	0	74	76	0	74	76	75M
6187	6187	-2.216E+02	1.00	5.732E-97	0	152	153	0	152	153	153M
6187	8939	-2.219E+02	1.00	4.180E-97	0	151	153	0	151	153	152M
6188	6188	-3.053E+02	1.00	2.662E-133	0	204	205	0	204	205	205M
6188	8940	-3.056E+02	1.00	1.942E-133	0	203	205	0	203	205	204M
6189	6189	-7.329E+02	1.00	5.253E-319	0	481	482	0	481	482	482M
6189	8941	-7.332E+02	1.00	3.833E-319	0	480	482	0	480	482	481M
6190	6190	-1.626E+02	1.00	2.451E-71	0	112	113	0	112	113	113M
6190	8942	-1.629E+02	1.00	1.787E-71	0	111	113	0	111	113	112M
6191	6191	-2.760E+02	1.00	1.373E-120	0	196	197	0	196	197	197M
6191	8943	-2.763E+02	1.00	1.002E-120	0	195	197	0	195	197	196M
6192	6192	-4.518E+02	1.00	6.208E-197	0	313	314	0	313	314	314M
6192	8944	-4.521E+02	1.00	4.530E-197	0	312	314	0	312	314	313M
6193	6193	-2.011E+02	1.00	4.491E-88	0	138	139	0	138	139	139M
6193	8945	-2.014E+02	1.00	3.275E-88	0	137	139	0	137	139	138M
6194	6194	-4.676E+02	1.00	8.660E-204	0	299	300	0	299	300	300M
6194	8946	-4.679E+02	1.00	6.319E-204	0	298	300	0	298	300	299M
6195	6195	-4.773E+02	1.00	5.085E-208	0	313	314	0	313	314	314M
6195	8947	-4.776E+02	1.00	3.710E-208	0	312	314	0	312	314	313M
6196	6196	-5.061E+02	1.00	1.593E-220	0	351	352	0	351	352	352M
6196	8948	-5.064E+02	1.00	1.162E-220	0	350	352	0	350	352	351M
6197	6197	-7.084E+02	1.00	0.000E+00	0	762	763	0	762	763	763M
6197	8949	-7.084E+02	1.00	0.000E+00	0	761	763	0	761	763	762M
6198	6198	-1.097E+02	1.00	2.173E-48	0	87	88	0	87	88	88M
6198	8950	-1.101E+02	1.00	1.583E-48	0	86	88	0	86	88	87M
6199	6199	-3.847E+02	1.00	8.367E-168	0	278	279	0	278	279	279M
6199	8951	-3.850E+02	1.00	6.105E-168	0	277	279	0	277	279	278M
6200	6200	-3.177E+02	1.00	1.066E-138	0	228	229	0	228	229	229M
6200	8952	-3.180E+02	1.00	7.776E-139	0	227	229	0	227	229	228M
6201	6201	-3.495E+02	1.00	1.646E-152	0	229	230	0	229	230	230M
6201	8953	-3.498E+02	1.00	1.201E-152	0	228	230	0	228	230	229M
6202	4212	-9.257E+01	0.467	6.286E-41	0	150	152	0	151	157	128M1D23M
6202	6202	-2.217E+02	1.00	5.463E-97	0	151	152	0	151	152	152M
6202	8954	-2.220E+02	1.00	3.984E-97	0	150	152	0	150	152	151M
6203	6203	-2.684E+02	1.00	2.785E-117	0	177	178	0	177	178	178M
6203	8955	-2.687E+02	1.00	2.032E-117	0	176	178	0	176	178	177M
6204	6204	-3.862E+02	1.00	1.981E-168	0	254	255	0	254	255	255M
6204	8956	-3.865E+02	1.00	1.445E-168	0	253	255	0	253	255	254M
6205	6205	-5.249E+02	1.00	1.115E-228	0	347	348	0	347	348	348M
6205	8957	-5.252E+02	1.00	8.134E-229	0	346	348	0	346	348	347M
6206	6206	-7.084E+02	1.00	0.000E+00	0	492	493	0	492	493	493M
6206	8958	-7.084E+02	1.00	0.000E+00	0	491	493	0	491	493	492M
6207	6207	-1.956E+02	1.00	1.117E-85	0	128	129	0	128	129	129M
6207	8959	-1.959E+02	1.00	8.145E-86	0	127	129	0	127	129	128M
6208	6208	-5.162E+02	1.00	6.622E-225	0	324	325	0	324	325	325M
6208	8960	-5.165E+02	1.00	4.832E-225	0	323	325	0	323	325	324M
6209	6209	-3.423E+02	1.00	2.247E-149	0	215	216	0	215	216	216M
6209	8961	-3.426E+02	1.00	1.639E-149	0	214	216	0	214	216	215M
6210	6210	-2.346E+02	1.00	1.308E-102	0	151	152	0	151	152	152M
6210	8962	-2.349E+02	1.00	9.542E-103	0	150	152	0	150	152	151M
6211	6211	-9.681E+01	1.00	9.048E-43	0	61	62	0	61	62	62M
6211	8963	-9.713E+01	1.00	6.592E-43	0	60	62	0	60	62	61M
6212	6212	-9.402E+01	1.00	1.470E-41	0	66	67	0	66	67	67M
6212	8964	-9.434E+01	1.00	1.071E-41	0	65	67	0	65	67	66M
6213	6213	-1.734E+02	1.00	5.046E-76	0	124	125	0	124	125	125M
6213	8965	-1.737E+02	1.00	3.679E-76	0	123	125	0	123	125	124M
6214	6214	-9.284E+01	1.00	4.811E-41	0	77	78	0	77	78	78M
6214	8966	-9.315E+01	1.00	3.506E-41	0	76	78	0	76	78	77M
6215	255	-5.123E+01	0.328	5.665E-23	20	226	230	22	208	222	19M1I23M12I16M4I21M1I63M2I45M
6215	6215	-3.514E+02	1.00	2.481E-153	0	229	230	0	229	230	230M
6215	8967	-3.517E+02	1.00	1.810E-153	0	228	230	0	228	230	229M
6216	6216	-1.216E+02	1.00	1.592E-53	0	91	92	0	91	92	92M
6216	8968	-1.219E+02	1.00	1.160E-53	0	90	92	0	90	92	91M
6217	6217	-1.617E+02	1.00	5.736E-71	0	110	111	0	110	111	111M
6217	8969	-1.621E+02	1.00	4.182E-71	0	109	111	0	109	111	110M
6218	6218	-3.969E+02	1.00	4.303E-173	0	267	268	0	267	268	268M
6218	8970	-3.972E+02	1.00	3.139E-173	0	266	268	0	266	268	267M
6219	6219	-1.206E+02	1.00	4.408E-53	0	86	87	0	86	87	87M
6219	8971	-1.209E+02	1.00	3.212E-53	0	85	87	0	85	87	86M
6220	6220	-1.608E+02	1.00	1.410E-70	0	109	110	0	109	110	110M
6220	8972	-1.612E+02	1.00	1.028E-70	0	108	110	0	108	110	109M
6221	3595	-3.224E+01	0.378	9.928E-15	21	122	124	6	106	108	12M1I31M1I11M1D46M
6221	6221	-1.782E+02	1.00	4.209E-78	0	123	124	0	123	124	124M
6221	8973	-1.785E+02	1.00	3.069E-78	0	122	124	0	122	124	123M
6222	163	-1.612E+02	0.477	1.008E-70	0	224	227	0	225	229	103M1D122M
6222	6222	-3.496E+02	1.00	1.427E-152	0	226	227	0	226	227	227M
6222	8974	-3.500E+02	1.00	1.041E-152	0	225	227	0	225	227	226M
6223	6223	-5.119E+02	1.00	4.938E-223	0	342	343	0	342	343	343M
6223	8975	-5.122E+02	1.00	3.603E-223	0	341	343	0	341	343	342M
6224	6224	-1.445E+02	1.00	1.831E-63	0	95	96	0	95	96	96M
6224	8976	-1.448E+02	1.00	1.335E-63	0	94	96	0	94	96	95M
6225	6225	-8.107E+01	1.00	6.179E-36	0	59	60	0	59	60	60M
6225	8977	-8.139E+01	1.00	4.501E-36	0	58	60	0	58	60	59M
6226	6226	-2.715E+02	1.00	1.245E-118	0	178	179	0	178	179	179M
6226	8978	-2.718E+02	1.00	9.084E-119	0	177	179	0	177	179	178M
6227	6227	-2.713E+02	1.00	1.520E-118	0	169	170	0	169	170	170M
6227	8979	-2.716E+02	1.00	1.109E-118	0	168	170	0	168	170	169M
6228	6228	-9.830E+01	1.00	2.033E-43	0	69	70	0	69	70	70M
6228	8980	-9.862E+01	1.00	1.481E-43	0	68	70	0	68	70	69M
6229	6229	-9.978E+01	1.00	4.617E-44	0	71	72	0	71	72	72M
6229	8981	-1.001E+02	1.00	3.364E-44	0	70	72	0	70	72	71M
6230	6230	-7.552E+01	1.00	1.592E-33	0	56	57	0	56	57	57M
6230	8982	-7.584E+01	1.00	1.159E-33	0	55	57	0	55	57	56M
6231	6231	-5.373E+02	1.00	4.324E-234	0	330	331	0	330	331	331M
6231	8983	-5.377E+02	1.00	3.155E-234	0	329	331	0	329	331	330M
6232	6232	-2.138E+02	1.00	1.461E-93	0	151	152	0	151	152	152M
6232	8984	-2.141E+02	1.00	1.066E-93	0	150	152	0	150	152	151M
6233	6233	-4.684E+02	1.00	3.642E-204	0	294	295	0	294	295	295M
6233	8985	-4.688E+02	1.00	2.657E-204	0	293	295	0	293	295	294M
6234	836	-9.429E+01	0.285	1.122E-41	1	377	386	28	412	428	42M1D27M15D31M4I14M5D3M2D16M2I64M1I30M2I90M1I17M5I28M
6234	6234	-5.959E+02	1.00	1.612E-259	0	385	386	0	385	386	386M
6234	8986	-5.962E+02	1.00	1.177E-259	0	384	386	0	384	386	385M
6235	835	-7.084E+02	0.992	0.000E+00	0	660	662	0	660	662	661M
6235	6235	-7.084E+02	1.00	0.000E+00	0	661	662	0	661	662	662M
6235	8987	-7.084E+02	1.00	0.000E+00	0	660	662	0	660	662	661M
6236	834	-7.084E+02	0.998	0.000E+00	0	506	508	0	506	508	507M
6236	6236	-7.084E+02	1.00	0.000E+00	0	507	508	0	507	508	508M
6236	8988	-7.084E+02	1.00	0.000E+00	0	506	508	0	506	508	507M
6237	833	-5.242E+02	0.997	2.307E-228	0	382	384	0	382	384	383M
6237	6237	-5.260E+02	1.00	3.486E-229	0	383	384	0	383	384	384M
6237	8989	-5.264E+02	1.00	2.544E-229	0	382	384	0	382	384	383M
6238	832	-2.472E+02	0.993	4.485E-108	0	164	166	0	164	166	165M
6238	6238	-2.484E+02	1.00	1.269E-108	0	165	166	0	165	166	166M
6238	8990	-2.488E+02	1.00	9.256E-109	0	164	166	0	164	166	165M
6239	831	-5.603E+02	0.997	4.731E-244	0	364	366	0	364	366	365M
6239	6239	-5.603E+02	1.00	4.731E-244	0	365	366	0	365	366	366M
6239	8991	-5.606E+02	1.00	3.453E-244	0	364	366	0	364	366	365M
6240	830	-5.817E+02	0.978	2.261E-253	0	370	372	0	370	372	371M
6240	6240	-5.909E+02	1.00	2.430E-257	0	371	372	0	371	372	372M
6240	8992	-5.912E+02	1.00	1.773E-257	0	370	372	0	370	372	371M
6241	829	-4.385E+02	0.950	3.731E-191	0	300	302	0	300	302	301M
6241	6241	-4.590E+02	1.00	4.726E-200	0	301	302	0	301	302	302M
6241	8993	-4.593E+02	1.00	3.448E-200	0	300	302	0	300	302	301M
6242	828	-2.091E+02	0.993	1.586E-91	0	149	151	0	149	151	150M
6242	6242	-2.103E+02	1.00	4.488E-92	0	150	151	0	150	151	151M
6242	8994	-2.107E+02	1.00	3.273E-92	0	149	151	0	149	151	150M
6243	827	-1.894E+02	1.00	5.346E-83	0	123	126	0	123	126	124M
6243	6243	-1.907E+02	1.00	1.511E-83	0	125	126	0	125	126	126M
6243	8995	-1.910E+02	1.00	1.102E-83	0	124	126	0	124	126	125M
6244	826	-2.539E+02	0.987	5.393E-111	0	162	164	0	162	164	163M
6244	6244	-2.555E+02	1.00	1.113E-111	0	163	164	0	163	164	164M
6244	8996	-2.558E+02	1.00	8.117E-112	0	162	164	0	162	164	163M
6245	825	-6.562E+02	0.995	1.006E-285	0	421	423	0	421	423	422M
6245	6245	-6.578E+02	1.00	2.082E-286	0	422	423	0	422	423	423M
6245	8997	-6.581E+02	1.00	1.519E-286	0	421	423	0	421	423	422M
6246	824	-7.084E+02	0.976	0.000E+00	0	1197	1199	0	1197	1199	1198M
6246	6246	-7.084E+02	1.00	0.000E+00	0	1198	1199	0	1198	1199	1199M
6246	8998	-7.084E+02	1.00	0.000E+00	0	1197	1199	0	1197	1199	1198M
6247	823	-3.343E+02	0.969	6.464E-146	0	229	231	0	229	231	230M
6247	6247	-3.435E+02	1.00	6.902E-150	0	230	231	0	230	231	231M
6247	8999	-3.438E+02	1.00	5.036E-150	0	229	231	0	229	231	230M
6248	822	-5.349E+02	1.00	4.937E-233	0	354	356	0	354	356	355M
6248	6248	-5.346E+02	1.00	6.766E-233	0	355	356	0	355	356	356M
6248	9000	-5.349E+02	1.00	4.937E-233	0	354	356	0	354	356	355M
6249	821	-5.546E+02	0.994	1.391E-241	0	371	373	0	371	373	372M
6249	6249	-5.577E+02	1.00	5.957E-243	0	372	373	0	372	373	373M
6249	9001	-5.581E+02	1.00	4.347E-243	0	371	373	0	371	373	372M
6250	820	-2.200E+02	1.00	2.721E-96	0	144	146	0	144	146	145M
6250	6250	-2.197E+02	1.00	3.731E-96	0	145	146	0	145	146	146M
6250	9002	-2.200E+02	1.00	2.721E-96	0	144	146	0	144	146	145M
6251	819	-1.932E+02	1.00	1.237E-84	0	131	133	0	131	133	132M
6251	6251	-1.929E+02	1.00	1.696E-84	0	132	133	0	132	133	133M
6251	9003	-1.932E+02	1.00	1.237E-84	0	131	133	0	131	133	132M
6252	818	-1.445E+02	0.971	1.753E-63	0	106	108	0	106	108	107M
6252	6252	-1.499E+02	1.00	8.134E-66	0	107	108	0	107	108	108M
6252	9004	-1.502E+02	1.00	5.930E-66	0	106	108	0	106	108	107M
6253	817	-5.021E+02	0.988	8.413E-219	0	354	356	0	354	356	355M
6253	6253	-5.069E+02	1.00	7.455E-221	0	355	356	0	355	356	356M
6253	9005	-5.072E+02	1.00	5.441E-221	0	354	356	0	354	356	355M
6254	816	-2.232E+02	1.00	1.127E-97	0	150	152	0	150	152	151M
6254	6254	-2.229E+02	1.00	1.546E-97	0	151	152	0	151	152	152M
6254	9006	-2.232E+02	1.00	1.127E-97	0	150	152	0	150	152	151M
6255	815	-4.330E+02	0.996	8.635E-189	0	275	277	0	275	277	276M
6255	6255	-4.340E+02	1.00	3.354E-189	0	276	277	0	276	277	277M
6255	9007	-4.343E+02	1.00	2.447E-189	0	275	277	0	275	277	276M
6256	814	-4.026E+02	0.996	1.455E-175	0	259	261	0	259	261	260M
6256	6256	-4.042E+02	1.00	3.008E-176	0	260	261	0	260	261	261M
6256	9008	-4.045E+02	1.00	2.194E-176	0	259	261	0	259	261	260M
6257	813	-4.514E+02	1.00	9.552E-197	0	301	303	0	301	303	302M
6257	6257	-4.510E+02	1.00	1.309E-196	0	302	303	0	302	303	303M
6257	9009	-4.514E+02	1.00	9.552E-197	0	301	303	0	301	303	302M
6258	812	-7.339E+02	0.997	1.839E-319	0	471	473	0	471	473	472M
6258	6258	-7.349E+02	1.00	7.148E-320	0	472	473	0	472	473	473M
6258	9010	-7.352E+02	1.00	5.216E-320	0	471	473	0	471	473	472M
6259	811	-2.223E+02	0.993	2.770E-97	0	149	151	0	149	151	150M
6259	6259	-2.233E+02	1.00	1.074E-97	0	150	151	0	150	151	151M
6259	9011	-2.236E+02	1.00	7.835E-98	0	149	151	0	149	151	150M
6260	810	-7.084E+02	1.00	0.000E+00	0	678	680	0	678	680	679M
6260	6260	-7.084E+02	1.00	0.000E+00	0	679	680	0	679	680	680M
6260	9012	-7.084E+02	1.00	0.000E+00	0	678	680	0	678	680	679M
6261	809	-3.435E+01	1.00	1.210E-15	0	29	31	0	29	40	30M
6261	6261	-3.403E+01	1.00	1.664E-15	0	30	31	0	30	31	31M
6261	9013	-3.435E+01	1.00	1.210E-15	0	29	31	0	29	31	30M
6262	808	-3.069E+02	1.00	5.412E-134	0	216	218	0	216	218	217M
6262	6262	-3.065E+02	1.00	7.418E-134	0	217	218	0	217	218	218M
6262	9014	-3.069E+02	1.00	5.412E-134	0	216	218	0	216	218	217M
6263	807	-4.807E+02	0.993	1.719E-209	0	307	309	0	307	309	308M
6263	6263	-4.839E+02	1.00	7.353E-211	0	308	309	0	308	309	309M
6263	9015	-4.842E+02	1.00	5.365E-211	0	307	309	0	307	309	308M
6264	806	-5.185E+02	0.991	6.375E-226	0	347	349	0	347	349	348M
6264	6264	-5.217E+02	1.00	2.729E-227	0	348	349	0	348	349	349M
6264	9016	-5.220E+02	1.00	1.991E-227	0	347	349	0	347	349	348M
6265	805	-3.383E+02	0.995	1.252E-147	0	239	241	0	239	241	240M
6265	6265	-3.389E+02	1.00	6.664E-148	0	240	241	0	240	241	241M
6265	9017	-3.392E+02	1.00	4.862E-148	0	239	241	0	239	241	240M
6266	804	-4.099E+02	1.00	9.360E-179	0	277	279	0	277	279	278M
6266	6266	-4.096E+02	1.00	1.283E-178	0	278	279	0	278	279	279M
6266	9018	-4.099E+02	1.00	9.360E-179	0	277	279	0	277	279	278M
6267	803	-1.147E+02	1.00	1.595E-50	0	89	91	0	89	91	90M
6267	6267	-1.143E+02	1.00	2.188E-50	0	90	91	0	90	91	91M
6267	9019	-1.147E+02	1.00	1.595E-50	0	89	91	0	89	91	90M
6268	802	-1.429E+02	1.00	8.897E-63	0	94	96	0	94	96	95M
6268	6268	-1.426E+02	1.00	1.220E-62	0	95	96	0	95	96	96M
6268	9020	-1.429E+02	1.00	8.897E-63	0	94	96	0	94	96	95M
6269	6269	-1.858E+02	1.00	1.943E-81	0	134	135	0	134	135	135M
6269	9021	-1.862E+02	1.00	1.417E-81	0	133	135	0	133	135	134M
6270	3335	-3.004E+02	0.995	3.320E-131	0	205	207	0	205	207	206M
6270	6270	-3.020E+02	1.00	6.858E-132	0	206	207	0	206	207	207M
6270	9022	-3.023E+02	1.00	5.003E-132	0	205	207	0	205	207	206M
6271	3334	-7.084E+02	0.996	0.000E+00	0	1009	1011	0	1009	1011	1010M
6271	6271	-7.084E+02	1.00	0.000E+00	0	1010	1011	0	1010	1011	1011M
6271	9023	-7.084E+02	1.00	0.000E+00	0	1009	1011	0	1009	1011	1010M
6272	3333	-4.738E+02	1.00	1.789E-206	0	314	316	0	314	316	315M
6272	6272	-4.734E+02	1.00	2.452E-206	0	315	316	0	315	316	316M
6272	9024	-4.738E+02	1.00	1.789E-206	0	314	316	0	314	316	315M
6273	3332	-3.914E+02	1.00	1.039E-170	0	242	244	0	242	244	243M
6273	6273	-3.911E+02	1.00	1.424E-170	0	243	244	0	243	244	244M
6273	9025	-3.914E+02	1.00	1.039E-170	0	242	244	0	242	244	243M
6274	3331	-4.307E+02	1.00	8.490E-188	0	270	272	0	270	272	271M
6274	6274	-4.304E+02	1.00	1.164E-187	0	271	272	0	271	272	272M
6274	9026	-4.307E+02	1.00	8.490E-188	0	270	272	0	270	272	271M
6275	3330	-2.229E+02	1.00	1.546E-97	0	150	152	0	150	152	151M
6275	6275	-2.226E+02	1.00	2.119E-97	0	151	152	0	151	152	152M
6275	9027	-2.229E+02	1.00	1.546E-97	0	150	152	0	150	152	151M
6276	3329	-4.512E+02	1.00	1.070E-196	0	290	292	0	290	292	291M
6276	6276	-4.509E+02	1.00	1.466E-196	0	291	292	0	291	292	292M
6276	9028	-4.512E+02	1.00	1.070E-196	0	290	292	0	290	292	291M
6277	3328	-4.322E+02	0.982	1.922E-188	0	292	294	0	292	294	293M
6277	6277	-4.404E+02	1.00	5.304E-192	0	293	294	0	293	294	294M
6277	9029	-4.407E+02	1.00	3.870E-192	0	292	294	0	292	294	293M
6278	4372	-7.198E+01	1.00	5.479E-32	0	56	58	339	395	397	57M
6278	5671	-7.198E+01	1.00	5.479E-32	0	56	58	0	56	58	57M
6278	9030	-7.198E+01	1.00	5.479E-32	0	56	58	0	56	58	57M
6279	1323	-7.084E+02	0.997	0.000E+00	0	922	924	0	922	924	923M
6279	6279	-7.084E+02	1.00	0.000E+00	0	923	924	0	923	924	924M
6279	10487	-7.084E+02	1.00	0.000E+00	0	922	924	0	922	924	923M
6280	1324	-2.520E+02	0.994	3.492E-110	0	188	190	0	188	190	189M
6280	6280	-2.520E+02	1.00	3.492E-110	0	189	190	0	189	190	190M
6280	10488	-2.523E+02	1.00	2.547E-110	0	188	190	0	188	190	189M
6281	1325	-3.763E+02	1.00	3.784E-164	0	275	277	0	275	277	276M
6281	6281	-3.760E+02	1.00	5.186E-164	0	276	277	0	276	277	277M
6281	10489	-3.763E+02	1.00	3.784E-164	0	275	277	0	275	277	276M
6282	1326	-6.513E+02	0.978	1.434E-283	0	426	428	0	426	428	427M
6282	6282	-6.648E+02	1.00	1.875E-289	0	427	428	0	427	428	428M
6282	10490	-6.651E+02	1.00	1.368E-289	0	426	428	0	426	428	427M
6283	1327	-4.070E+02	0.996	1.731E-177	0	272	274	0	272	274	273M
6283	6283	-4.076E+02	1.00	9.215E-178	0	273	274	0	273	274	274M
6283	10491	-4.080E+02	1.00	6.724E-178	0	272	274	0	272	274	273M
6284	1328	-7.084E+02	1.00	0.000E+00	0	505	507	0	505	507	506M
6284	6284	-7.084E+02	1.00	0.000E+00	0	506	507	0	506	507	507M
6284	10492	-7.084E+02	1.00	0.000E+00	0	505	507	0	505	507	506M
6285	1329	-1.552E+02	1.00	3.965E-68	0	107	109	0	107	109	108M
6285	6285	-1.549E+02	1.00	5.438E-68	0	108	109	0	108	109	109M
6285	10493	-1.552E+02	1.00	3.965E-68	0	107	109	0	107	109	108M
6286	1330	-6.269E+02	1.00	5.334E-273	0	421	423	0	421	423	422M
6286	6286	-6.266E+02	1.00	7.309E-273	0	422	423	0	422	423	423M
6286	10494	-6.269E+02	1.00	5.334E-273	0	421	423	0	421	423	422M
6287	1331	-5.684E+01	0.891	2.069E-25	0	80	82	0	82	84	74M2D7M
6287	6287	-6.983E+01	1.00	4.697E-31	0	81	82	0	81	82	82M
6287	10495	-7.015E+01	1.00	3.421E-31	0	80	82	0	80	82	81M
6288	1332	-1.351E+02	1.00	2.035E-59	0	97	99	0	97	99	98M
6288	6288	-1.348E+02	1.00	2.792E-59	0	98	99	0	98	99	99M
6288	10496	-1.351E+02	1.00	2.035E-59	0	97	99	0	97	99	98M
6289	1333	-7.084E+02	0.996	0.000E+00	0	792	794	0	792	794	793M
6289	6289	-7.084E+02	1.00	0.000E+00	0	793	794	0	793	794	794M
6289	10497	-7.084E+02	1.00	0.000E+00	0	792	794	0	792	794	793M
6290	1334	-4.940E+02	0.996	2.774E-215	0	325	327	0	325	327	326M
6290	6290	-4.950E+02	1.00	1.078E-215	0	326	327	0	326	327	327M
6290	10498	-4.953E+02	1.00	7.863E-216	0	325	327	0	325	327	326M
6291	6291	-5.139E+02	1.00	6.700E-224	0	333	334	0	333	334	334M
6291	10499	-5.142E+02	1.00	4.889E-224	0	332	334	0	332	334	333M
6292	800	-2.528E+02	1.00	1.684E-110	0	166	168	0	166	168	167M
6292	6292	-2.524E+02	1.00	2.309E-110	0	167	168	0	167	168	168M
6292	10500	-2.528E+02	1.00	1.684E-110	0	166	168	0	166	168	167M
6293	799	-2.737E+02	0.956	1.394E-119	0	184	186	0	184	186	185M
6293	6293	-2.857E+02	1.00	8.658E-125	0	185	186	0	185	186	186M
6293	10501	-2.860E+02	1.00	6.315E-125	0	184	186	0	184	186	185M
6294	798	-1.572E+02	1.00	5.398E-69	0	118	120	0	118	120	119M
6294	6294	-1.569E+02	1.00	7.404E-69	0	119	120	0	119	120	120M
6294	10502	-1.572E+02	1.00	5.398E-69	0	118	120	0	118	120	119M
6295	797	-8.082E+01	1.00	7.972E-36	0	63	65	0	63	65	64M
6295	6295	-8.050E+01	1.00	1.094E-35	0	64	65	0	64	65	65M
6295	10503	-8.082E+01	1.00	7.972E-36	0	63	65	0	63	65	64M
6296	796	-6.269E+02	0.995	5.528E-273	0	415	417	0	415	417	416M
6296	6296	-6.285E+02	1.00	1.144E-273	0	416	417	0	416	417	417M
6296	10504	-6.288E+02	1.00	8.349E-274	0	415	417	0	415	417	416M
6297	795	-2.016E+02	0.964	2.895E-88	0	141	143	0	141	143	142M
6297	6297	-2.066E+02	1.00	1.853E-90	0	142	143	0	142	143	143M
6297	10505	-2.069E+02	1.00	1.351E-90	0	141	143	0	141	143	142M
6298	794	-3.228E+02	0.995	6.240E-141	0	205	207	0	205	207	206M
6298	6298	-3.244E+02	1.00	1.289E-141	0	206	207	0	206	207	207M
6298	10506	-3.247E+02	1.00	9.403E-142	0	205	207	0	205	207	206M
6299	793	-1.376E+02	0.990	1.748E-60	0	105	107	6	111	113	106M
6299	6299	-1.382E+02	1.00	9.289E-61	0	106	107	0	106	107	107M
6299	10507	-1.385E+02	1.00	6.772E-61	0	105	107	0	105	107	106M
6300	792	-7.084E+02	1.00	0.000E+00	0	639	641	0	639	641	640M
6300	6300	-7.084E+02	1.00	0.000E+00	0	640	641	0	640	641	641M
6300	10508	-7.084E+02	1.00	0.000E+00	0	639	641	0	639	641	640M
6301	791	-7.084E+02	0.996	0.000E+00	0	541	543	0	541	543	542M
6301	6301	-7.084E+02	1.00	0.000E+00	0	542	543	0	542	543	543M
6301	10509	-7.084E+02	1.00	0.000E+00	0	541	543	0	541	543	542M
6302	790	-2.453E+02	1.00	2.943E-107	0	177	179	0	177	179	178M
6302	6302	-2.450E+02	1.00	4.035E-107	0	178	179	0	178	179	179M
6302	10510	-2.453E+02	1.00	2.943E-107	0	177	179	0	177	179	178M
6303	789	-1.419E+02	1.00	2.480E-62	0	102	104	0	102	104	103M
6303	6303	-1.415E+02	1.00	3.402E-62	0	103	104	0	103	104	104M
6303	10511	-1.419E+02	1.00	2.480E-62	0	102	104	0	102	104	103M
6304	788	-4.415E+02	1.00	1.763E-192	0	282	284	0	282	284	283M
6304	6304	-4.412E+02	1.00	2.417E-192	0	283	284	0	283	284	284M
6304	10512	-4.415E+02	1.00	1.763E-192	0	282	284	0	282	284	283M
6305	787	-4.236E+02	0.996	1.070E-184	0	281	283	0	281	283	282M
6305	6305	-4.236E+02	1.00	1.070E-184	0	282	283	0	282	283	283M
6305	10513	-4.239E+02	1.00	7.806E-185	0	281	283	0	281	283	282M
6306	786	-3.996E+02	1.00	2.770E-174	0	268	270	0	268	270	269M
6306	6306	-3.993E+02	1.00	3.796E-174	0	269	270	0	269	270	270M
6306	10514	-3.996E+02	1.00	2.770E-174	0	268	270	0	268	270	269M
6307	785	-2.304E+02	0.987	8.898E-101	0	159	161	0	159	161	160M
6307	6307	-2.335E+02	1.00	3.790E-102	0	160	161	0	160	161	161M
6307	10515	-2.338E+02	1.00	2.764E-102	0	159	161	0	159	161	160M
6308	784	-7.338E+02	0.993	1.970E-319	0	486	488	0	486	488	487M
6308	6308	-7.370E+02	1.00	8.439E-321	0	487	488	0	487	488	488M
6308	10516	-7.373E+02	1.00	6.161E-321	0	486	488	0	486	488	487M
6309	783	-1.851E+02	0.955	4.022E-81	0	135	137	0	135	137	136M
6309	6309	-1.927E+02	1.00	2.057E-84	0	136	137	0	136	137	137M
6309	10517	-1.930E+02	1.00	1.500E-84	0	135	137	0	135	137	136M
6310	782	-3.814E+02	0.992	2.304E-166	0	267	269	0	267	269	268M
6310	6310	-3.839E+02	1.00	1.850E-167	0	268	269	0	268	269	269M
6310	10518	-3.842E+02	1.00	1.350E-167	0	267	269	0	267	269	268M
6311	781	-3.857E+02	0.992	3.128E-168	0	256	258	0	256	258	257M
6311	6311	-3.882E+02	1.00	2.511E-169	0	257	258	0	257	258	258M
6311	10519	-3.885E+02	1.00	1.832E-169	0	256	258	0	256	258	257M
6312	780	-7.084E+02	1.00	0.000E+00	0	767	769	0	767	769	768M
6312	6312	-7.084E+02	1.00	0.000E+00	0	768	769	0	768	769	769M
6312	10520	-7.084E+02	1.00	0.000E+00	0	767	769	0	767	769	768M
6313	779	-7.117E+02	0.991	8.565E-310	0	462	464	0	462	464	463M
6313	6313	-7.208E+02	1.00	9.229E-314	0	463	464	0	463	464	464M
6313	10521	-7.211E+02	1.00	6.735E-314	0	462	464	0	462	464	463M
6314	778	-4.332E+02	0.988	7.147E-189	0	271	273	0	271	273	272M
6314	6314	-4.364E+02	1.00	3.055E-190	0	272	273	0	272	273	273M
6314	10522	-4.367E+02	1.00	2.229E-190	0	271	273	0	271	273	272M
6315	777	-4.667E+02	1.00	2.058E-203	0	303	305	0	303	305	304M
6315	6315	-4.664E+02	1.00	2.821E-203	0	304	305	0	304	305	305M
6315	10523	-4.667E+02	1.00	2.058E-203	0	303	305	0	303	305	304M
6316	776	-7.084E+02	1.00	0.000E+00	0	934	936	0	934	936	935M
6316	6316	-7.084E+02	1.00	0.000E+00	0	935	936	0	935	936	936M
6316	10524	-7.084E+02	1.00	0.000E+00	0	934	936	0	934	936	935M
6317	775	-3.867E+02	0.992	1.121E-168	0	261	263	0	261	263	262M
6317	6317	-3.883E+02	1.00	2.318E-169	0	262	263	0	262	263	263M
6317	10525	-3.886E+02	1.00	1.692E-169	0	261	263	0	261	263	262M
6318	774	-4.126E+02	0.993	6.394E-180	0	287	289	0	287	289	288M
6318	6318	-4.139E+02	1.00	1.812E-180	0	288	289	0	288	289	289M
6318	10526	-4.142E+02	1.00	1.322E-180	0	287	289	0	287	289	288M
6319	773	-4.077E+02	0.992	8.265E-178	0	263	265	0	263	265	264M
6319	6319	-4.103E+02	1.00	6.636E-179	0	264	265	0	264	265	265M
6319	10527	-4.106E+02	1.00	4.841E-179	0	263	265	0	263	265	264M
6320	772	-1.868E+02	1.00	7.181E-82	0	132	134	0	132	134	133M
6320	6320	-1.865E+02	1.00	9.847E-82	0	133	134	0	133	134	134M
6320	10528	-1.868E+02	1.00	7.181E-82	0	132	134	0	132	134	133M
6321	771	-4.073E+02	0.992	1.263E-177	0	272	274	0	272	274	273M
6321	6321	-4.102E+02	1.00	7.401E-179	0	273	274	0	273	274	274M
6321	10529	-4.105E+02	1.00	5.400E-179	0	272	274	0	272	274	273M
6322	770	-7.208E+02	1.00	9.533E-314	0	483	485	0	483	485	484M
6322	6322	-7.204E+02	1.00	1.306E-313	0	484	485	0	484	485	485M
6322	10530	-7.208E+02	1.00	9.533E-314	0	483	485	0	483	485	484M
6323	769	-1.323E+02	1.00	3.421E-58	0	103	105	0	103	105	104M
6323	6323	-1.320E+02	1.00	4.693E-58	0	104	105	0	104	105	105M
6323	10531	-1.323E+02	1.00	3.421E-58	0	103	105	0	103	105	104M
6324	768	-5.415E+02	1.00	6.519E-236	0	374	376	0	374	376	375M
6324	6324	-5.412E+02	1.00	8.934E-236	0	375	376	0	375	376	376M
6324	10532	-5.415E+02	1.00	6.519E-236	0	374	376	0	374	376	375M
6325	767	-4.526E+02	0.990	2.617E-197	0	307	309	0	307	309	308M
6325	6325	-4.580E+02	1.00	1.233E-199	0	308	309	0	308	309	309M
6325	10533	-4.583E+02	1.00	8.995E-200	0	307	309	0	307	309	308M
6326	766	-1.918E+02	0.992	5.054E-84	0	134	136	0	134	136	135M
6326	6326	-1.931E+02	1.00	1.429E-84	0	135	136	0	135	136	136M
6326	10534	-1.934E+02	1.00	1.042E-84	0	134	136	0	134	136	135M
6327	765	-5.731E+02	0.994	1.273E-249	0	393	395	0	393	395	394M
6327	6327	-5.756E+02	1.00	1.024E-250	0	394	395	0	394	395	395M
6327	10535	-5.759E+02	1.00	7.471E-251	0	393	395	0	393	395	394M
6328	764	-5.204E+02	0.994	9.380E-227	0	333	335	0	333	335	334M
6328	6328	-5.236E+02	1.00	4.013E-228	0	334	335	0	334	335	335M
6328	10536	-5.239E+02	1.00	2.928E-228	0	333	335	0	333	335	334M
6329	763	-2.583E+02	1.00	6.324E-113	0	168	170	0	168	170	169M
6329	6329	-2.580E+02	1.00	8.671E-113	0	169	170	0	169	170	170M
6329	10537	-2.583E+02	1.00	6.324E-113	0	168	170	0	168	170	169M
6330	762	-4.324E+02	0.996	1.691E-188	0	296	298	0	296	298	297M
6330	6330	-4.339E+02	1.00	3.497E-189	0	297	298	0	297	298	298M
6330	10538	-4.343E+02	1.00	2.552E-189	0	296	298	0	296	298	297M
6331	6331	-3.811E+02	1.00	3.074E-166	0	254	255	0	254	255	255M
6331	10539	-3.814E+02	1.00	2.243E-166	0	253	255	0	253	255	254M
6332	6332	-2.258E+02	1.00	8.772E-99	0	157	158	0	157	158	158M
6332	10540	-2.261E+02	1.00	6.398E-99	0	156	158	0	156	158	157M
6333	3336	-7.084E+02	0.998	0.000E+00	0	917	919	0	917	919	918M
6333	6333	-7.084E+02	1.00	0.000E+00	0	918	919	0	918	919	919M
6333	10541	-7.084E+02	1.00	0.000E+00	0	917	919	0	917	919	918M
6334	3337	-4.128E+02	0.992	5.160E-180	0	269	271	0	269	271	270M
6334	6334	-4.141E+02	1.00	1.462E-180	0	270	271	0	270	271	271M
6334	10542	-4.144E+02	1.00	1.067E-180	0	269	271	0	269	271	270M
6335	3338	-4.429E+02	0.987	4.419E-193	0	313	315	0	313	315	314M
6335	6335	-4.473E+02	1.00	5.361E-195	0	314	315	0	314	315	315M
6335	10543	-4.476E+02	1.00	3.912E-195	0	313	315	0	313	315	314M
6336	3339	-4.108E+02	0.989	3.993E-179	0	279	281	0	279	281	280M
6336	6336	-4.155E+02	1.00	3.531E-181	0	280	281	0	280	281	281M
6336	10544	-4.158E+02	1.00	2.576E-181	0	279	281	0	279	281	280M
6337	3340	-7.084E+02	1.00	0.000E+00	0	529	531	0	529	531	530M
6337	6337	-7.084E+02	1.00	0.000E+00	0	530	531	0	530	531	531M
6337	10545	-7.084E+02	1.00	0.000E+00	0	529	531	0	529	531	530M
6338	3341	-4.404E+02	0.993	5.482E-192	0	286	288	0	286	288	287M
6338	6338	-4.439E+02	1.00	1.710E-193	0	287	288	0	287	288	288M
6338	10546	-4.442E+02	1.00	1.248E-193	0	286	288	0	286	288	287M
6339	3342	-2.256E+02	0.969	1.083E-98	0	161	196	0	161	179	162M
6339	6339	-2.868E+02	1.00	2.879E-125	0	195	196	0	195	196	196M
6339	10547	-2.871E+02	1.00	2.100E-125	0	194	196	0	194	196	195M
6340	3908	-1.484E+02	0.586	3.650E-65	4	182	188	4	182	184	179M
6340	6340	-2.767E+02	1.00	6.536E-121	0	187	188	0	187	188	188M
6340	10548	-2.771E+02	1.00	4.768E-121	0	186	188	0	186	188	187M
6341	6341	-7.084E+02	1.00	0.000E+00	0	684	685	0	684	685	685M
6341	10549	-7.084E+02	1.00	0.000E+00	0	683	685	0	683	685	684M
6342	4067	-5.089E+02	1.00	9.568E-222	0	337	339	0	337	339	338M
6342	6342	-5.086E+02	1.00	1.311E-221	0	338	339	0	338	339	339M
6342	10550	-5.089E+02	1.00	9.568E-222	0	337	339	0	337	339	338M
6343	4066	-2.249E+02	1.00	2.196E-98	0	162	164	0	162	164	163M
6343	6343	-2.246E+02	1.00	3.010E-98	0	163	164	0	163	164	164M
6343	10551	-2.249E+02	1.00	2.196E-98	0	162	164	0	162	164	163M
6344	4065	-7.084E+02	1.00	0.000E+00	0	573	575	0	573	575	574M
6344	6344	-7.084E+02	1.00	0.000E+00	0	574	575	0	574	575	575M
6344	10552	-7.084E+02	1.00	0.000E+00	0	573	575	0	573	575	574M
6345	714	-1.384E+02	0.945	7.832E-61	0	108	110	0	110	112	78M2D31M
6345	6345	-1.491E+02	1.00	1.687E-65	0	109	110	0	109	110	110M
6345	10553	-1.495E+02	1.00	1.230E-65	0	108	110	0	108	110	109M
6346	713	-7.084E+02	0.997	0.000E+00	0	873	875	0	873	875	874M
6346	6346	-7.084E+02	1.00	0.000E+00	0	874	875	0	874	875	875M
6346	10554	-7.084E+02	1.00	0.000E+00	0	873	875	0	873	875	874M
6347	712	-2.400E+02	1.00	5.622E-105	0	168	170	0	168	170	169M
6347	6347	-2.397E+02	1.00	7.707E-105	0	169	170	0	169	170	170M
6347	10555	-2.400E+02	1.00	5.622E-105	0	168	170	0	168	170	169M
6348	711	-4.967E+02	1.00	1.872E-216	0	328	330	0	328	330	329M
6348	6348	-4.964E+02	1.00	2.566E-216	0	329	330	0	329	330	330M
6348	10556	-4.967E+02	1.00	1.872E-216	0	328	330	0	328	330	329M
6349	710	-4.967E+02	0.997	1.866E-216	0	367	447	0	367	369	368M
6349	6349	-6.126E+02	1.00	9.007E-267	0	446	447	0	446	447	447M
6349	10557	-6.129E+02	1.00	6.574E-267	0	445	447	0	445	447	446M
6350	6350	-7.084E+02	1.00	0.000E+00	0	664	665	0	664	665	665M
6350	10558	-7.084E+02	1.00	0.000E+00	0	663	665	0	663	665	664M
6351	707	-6.522E+02	0.993	5.629E-284	0	467	469	0	467	469	468M
6351	6351	-6.563E+02	1.00	9.383E-286	0	468	469	0	468	469	469M
6351	10559	-6.566E+02	1.00	6.848E-286	0	467	469	0	467	469	468M
6352	706	-3.975E+02	1.00	2.291E-173	0	266	268	0	266	268	267M
6352	6352	-3.972E+02	1.00	3.139E-173	0	267	268	0	267	268	268M
6352	10560	-3.975E+02	1.00	2.291E-173	0	266	268	0	266	268	267M
6353	705	-3.375E+02	1.00	2.707E-147	0	242	244	0	242	244	243M
6353	6353	-3.372E+02	1.00	3.711E-147	0	243	244	0	243	244	244M
6353	10561	-3.375E+02	1.00	2.707E-147	0	242	244	0	242	244	243M
6354	704	-2.843E+02	1.00	3.529E-124	0	187	189	0	187	189	188M
6354	6354	-2.839E+02	1.00	4.838E-124	0	188	189	0	188	189	189M
6354	10562	-2.843E+02	1.00	3.529E-124	0	187	189	0	187	189	188M
6355	703	-5.344E+02	0.997	8.059E-233	0	351	353	0	351	353	352M
6355	6355	-5.350E+02	1.00	4.291E-233	0	352	353	0	352	353	353M
6355	10563	-5.354E+02	1.00	3.131E-233	0	351	353	0	351	353	352M
6356	702	-2.078E+02	1.00	5.925E-91	0	137	139	0	137	139	138M
6356	6356	-2.074E+02	1.00	8.124E-91	0	138	139	0	138	139	139M
6356	10564	-2.078E+02	1.00	5.925E-91	0	137	139	0	137	139	138M
6357	701	-1.190E+02	1.00	2.040E-52	0	84	86	0	84	86	85M
6357	6357	-1.187E+02	1.00	2.799E-52	0	85	86	0	85	86	86M
6357	10565	-1.190E+02	1.00	2.040E-52	0	84	86	0	84	86	85M
6358	700	-2.197E+02	1.00	3.809E-96	0	151	153	0	151	153	152M
6358	6358	-2.194E+02	1.00	5.223E-96	0	152	153	0	152	153	153M
6358	10566	-2.197E+02	1.00	3.809E-96	0	151	153	0	151	153	152M
6359	699	-2.772E+02	0.821	4.237E-121	0	217	219	0	217	219	218M
6359	6359	-3.311E+02	1.00	1.613E-144	0	218	219	0	218	219	219M
6359	10567	-3.314E+02	1.00	1.177E-144	0	217	219	0	217	219	218M
6360	6360	-2.046E+02	1.00	1.356E-89	0	144	145	0	144	145	145M
6360	10568	-2.049E+02	1.00	9.887E-90	0	143	145	0	143	145	144M
6361	959	-1.664E+02	0.373	5.170E-73	0	404	409	0	405	410	41M1I15M2I148M1D84M1D30M3D52M1I31M
6361	6361	-6.159E+02	1.00	3.208E-268	0	408	409	0	408	409	409M
6361	10569	-6.162E+02	1.00	2.341E-268	0	407	409	0	407	409	408M
6362	3207	-9.467E+01	0.373	7.678E-42	5	239	242	8	240	245	30M1I8M3I83M1I59M3D50M
6362	6362	-3.480E+02	1.00	7.467E-152	0	241	242	0	241	242	242M
6362	10570	-3.483E+02	1.00	5.448E-152	0	240	242	0	240	242	241M
6363	6363	-2.130E+02	1.00	3.195E-93	0	141	142	0	141	142	142M
6363	10571	-2.133E+02	1.00	2.330E-93	0	140	142	0	140	142	141M
6364	6364	-6.100E+02	1.00	1.204E-265	0	400	401	0	400	401	401M
6364	10572	-6.103E+02	1.00	8.788E-266	0	399	401	0	399	401	400M
6365	6365	-2.594E+02	1.00	2.315E-113	0	181	182	0	181	182	182M
6365	10573	-2.597E+02	1.00	1.688E-113	0	180	182	0	180	182	181M
6366	6366	-6.665E+02	1.00	3.413E-290	0	431	432	0	431	432	432M
6366	10574	-6.668E+02	1.00	2.491E-290	0	430	432	0	430	432	431M
6367	6367	-7.084E+02	1.00	0.000E+00	0	771	772	0	771	772	772M
6367	10575	-7.084E+02	1.00	0.000E+00	0	770	772	0	770	772	771M
6368	6368	-2.987E+02	1.00	1.852E-130	0	209	210	0	209	210	210M
6368	10576	-2.990E+02	1.00	1.351E-130	0	208	210	0	208	210	209M
6369	6369	-2.199E+02	1.00	3.228E-96	0	142	143	0	142	143	143M
6369	10577	-2.202E+02	1.00	2.354E-96	0	141	143	0	141	143	142M
6370	6370	-7.084E+02	1.00	0.000E+00	0	511	512	0	511	512	512M
6370	10578	-7.084E+02	1.00	0.000E+00	0	510	512	0	510	512	511M
6371	6371	-4.883E+02	1.00	8.913E-213	0	308	309	0	308	309	309M
6371	10579	-4.886E+02	1.00	6.503E-213	0	307	309	0	307	309	308M
6372	6372	-3.900E+02	1.00	4.228E-170	0	246	247	0	246	247	247M
6372	10580	-3.903E+02	1.00	3.085E-170	0	245	247	0	245	247	246M
6373	6373	-7.084E+02	1.00	0.000E+00	0	552	553	0	552	553	553M
6373	10581	-7.084E+02	1.00	0.000E+00	0	551	553	0	551	553	552M
6374	6374	-2.759E+02	1.00	1.460E-120	0	184	185	0	184	185	185M
6374	10582	-2.762E+02	1.00	1.065E-120	0	183	185	0	183	185	184M
6375	6375	-1.059E+02	1.00	1.038E-46	0	82	83	0	82	83	83M
6375	10583	-1.062E+02	1.00	7.564E-47	0	81	83	0	81	83	82M
6376	6376	-1.098E+02	1.00	2.068E-48	0	86	87	0	86	87	87M
6376	10584	-1.101E+02	1.00	1.507E-48	0	85	87	0	85	87	86M
6377	6377	-3.996E+02	1.00	3.000E-174	0	264	265	0	264	265	265M
6377	10585	-3.999E+02	1.00	2.189E-174	0	263	265	0	263	265	264M
6378	6378	-3.113E+02	1.00	6.644E-136	0	204	205	0	204	205	205M
6378	10586	-3.116E+02	1.00	4.847E-136	0	203	205	0	203	205	204M
6379	698	-7.070E+02	1.00	9.318E-308	0	468	470	0	468	470	469M
6379	6379	-7.066E+02	1.00	1.277E-307	0	469	470	0	469	470	470M
6379	10587	-7.070E+02	1.00	9.318E-308	0	468	470	0	468	470	469M
6380	697	-5.649E+02	1.00	4.712E-246	0	380	382	0	380	382	381M
6380	6380	-5.646E+02	1.00	6.458E-246	0	381	382	0	381	382	382M
6380	10588	-5.649E+02	1.00	4.712E-246	0	380	382	0	380	382	381M
6381	696	-3.216E+02	1.00	2.133E-140	0	231	233	0	231	233	232M
6381	6381	-3.213E+02	1.00	2.924E-140	0	232	233	0	232	233	233M
6381	10589	-3.216E+02	1.00	2.133E-140	0	231	233	0	231	233	232M
6382	695	-6.319E+02	0.974	3.653E-275	0	429	431	0	429	431	430M
6382	6382	-6.458E+02	1.00	3.491E-281	0	430	431	0	430	431	431M
6382	10590	-6.461E+02	1.00	2.548E-281	0	429	431	0	429	431	430M
6383	694	-5.505E+02	1.00	7.981E-240	0	370	372	0	370	372	371M
6383	6383	-5.502E+02	1.00	1.094E-239	0	371	372	0	371	372	372M
6383	10591	-5.505E+02	1.00	7.981E-240	0	370	372	0	370	372	371M
6384	693	-3.823E+02	0.988	9.703E-167	0	262	264	0	262	264	263M
6384	6384	-3.873E+02	1.00	6.257E-169	0	263	264	0	263	264	264M
6384	10592	-3.876E+02	1.00	4.565E-169	0	262	264	0	262	264	263M
6385	692	-3.762E+02	1.00	4.200E-164	0	257	259	8	265	267	258M
6385	6385	-3.759E+02	1.00	5.756E-164	0	258	259	0	258	259	259M
6385	10593	-3.762E+02	1.00	4.200E-164	0	257	259	8	265	267	258M
6386	691	-6.240E+02	1.00	9.756E-272	0	409	411	0	409	411	410M
6386	6386	-6.237E+02	1.00	1.337E-271	0	410	411	0	410	411	411M
6386	10594	-6.240E+02	1.00	9.756E-272	0	409	411	0	409	411	410M
6387	690	-2.056E+02	1.00	5.012E-90	0	142	144	0	142	144	143M
6387	6387	-2.053E+02	1.00	6.873E-90	0	143	144	0	143	144	144M
6387	10595	-2.056E+02	1.00	5.012E-90	0	142	144	0	142	144	143M
6388	689	-9.877E+01	1.00	1.272E-43	0	65	67	0	65	67	66M
6388	6388	-9.845E+01	1.00	1.746E-43	0	66	67	0	66	67	67M
6388	10596	-9.877E+01	1.00	1.272E-43	0	65	67	0	65	67	66M
6389	688	-2.608E+02	0.994	5.255E-114	0	182	184	0	182	184	183M
6389	6389	-2.618E+02	1.00	2.040E-114	0	183	184	0	183	184	184M
6389	10597	-2.621E+02	1.00	1.488E-114	0	182	184	0	182	184	183M
6390	687	-6.619E+02	0.995	3.347E-288	0	427	429	0	427	429	428M
6390	6390	-6.648E+02	1.00	1.965E-289	0	428	429	0	428	429	429M
6390	10598	-6.651E+02	1.00	1.434E-289	0	427	429	0	427	429	428M
6391	686	-7.084E+02	0.998	0.000E+00	0	726	728	0	726	728	727M
6391	6391	-7.084E+02	1.00	0.000E+00	0	727	728	0	727	728	728M
6391	10599	-7.084E+02	1.00	0.000E+00	0	726	728	0	726	728	727M
6392	685	-5.111E+02	1.00	1.104E-222	0	338	340	0	338	340	339M
6392	6392	-5.108E+02	1.00	1.514E-222	0	339	340	0	339	340	340M
6392	10600	-5.111E+02	1.00	1.104E-222	0	338	340	0	338	340	339M
6393	684	-4.269E+02	0.975	4.164E-186	0	279	281	0	279	281	280M
6393	6393	-4.360E+02	1.00	4.459E-190	0	280	281	0	280	281	281M
6393	10601	-4.363E+02	1.00	3.253E-190	0	279	281	0	279	281	280M
6394	683	-6.656E+02	0.988	8.480E-290	0	436	438	0	436	438	437M
6394	6394	-6.738E+02	1.00	2.350E-293	0	437	438	0	437	438	438M
6394	10602	-6.741E+02	1.00	1.715E-293	0	436	438	0	436	438	437M
6395	682	-6.254E+02	0.995	2.460E-272	0	420	422	0	420	422	421M
6395	6395	-6.276E+02	1.00	2.711E-273	0	421	422	0	421	422	422M
6395	10603	-6.279E+02	1.00	1.979E-273	0	420	422	0	420	422	421M
6396	681	-7.084E+02	1.00	0.000E+00	0	541	543	0	541	543	542M
6396	6396	-7.084E+02	1.00	0.000E+00	0	542	543	0	542	543	543M
6396	10604	-7.084E+02	1.00	0.000E+00	0	541	543	0	541	543	542M
6397	680	-2.479E+02	0.994	2.210E-108	0	169	171	0	169	171	170M
6397	6397	-2.491E+02	1.00	6.254E-109	0	170	171	0	170	171	171M
6397	10605	-2.495E+02	1.00	4.562E-109	0	169	171	0	169	171	170M
6398	679	-6.470E+02	1.00	1.068E-281	0	451	453	0	451	453	452M
6398	6398	-6.466E+02	1.00	1.464E-281	0	452	453	0	452	453	453M
6398	10606	-6.470E+02	1.00	1.068E-281	0	451	453	0	451	453	452M
6399	678	-3.064E+02	1.00	8.288E-134	0	205	207	0	205	207	206M
6399	6399	-3.061E+02	1.00	1.136E-133	0	206	207	0	206	207	207M
6399	10607	-3.064E+02	1.00	8.288E-134	0	205	207	0	205	207	206M
6400	677	-7.084E+02	0.996	0.000E+00	0	616	618	0	616	618	617M
6400	6400	-7.084E+02	1.00	0.000E+00	0	617	618	0	617	618	618M
6400	10608	-7.084E+02	1.00	0.000E+00	0	616	618	0	616	618	617M
6401	1242	-3.694E+01	0.971	9.096E-17	0	34	36	109	143	145	35M
6401	5348	-3.789E+01	1.00	3.501E-17	0	34	36	0	34	36	35M
6401	9408	-3.789E+01	1.00	3.501E-17	0	34	36	0	34	36	35M
6402	3548	-2.532E+02	0.988	1.036E-110	0	177	191	0	177	254	178M
6402	6402	-2.741E+02	1.00	9.404E-120	0	190	191	0	190	191	191M
6402	10717	-2.744E+02	1.00	6.859E-120	0	189	191	0	189	191	190M
6403	3547	-3.395E+02	0.982	3.787E-148	0	227	229	0	227	229	228M
6403	6403	-3.442E+02	1.00	3.342E-150	0	228	229	0	228	229	229M
6403	10716	-3.445E+02	1.00	2.438E-150	0	227	229	0	227	229	228M
6404	3518	-7.084E+02	0.996	0.000E+00	0	820	869	0	820	821	821M
6404	6404	-7.084E+02	1.00	0.000E+00	0	868	869	0	868	869	869M
6404	10715	-7.084E+02	1.00	0.000E+00	0	867	869	0	867	869	868M
6405	3517	-1.136E+02	0.976	4.418E-50	0	84	86	0	84	86	85M
6405	6405	-1.165E+02	1.00	2.563E-51	0	85	86	0	85	86	86M
6405	10714	-1.168E+02	1.00	1.868E-51	0	84	86	0	84	86	85M
6406	3516	-6.069E+02	0.984	2.618E-264	0	384	386	0	384	386	385M
6406	6406	-6.139E+02	1.00	2.554E-267	0	385	386	0	385	386	386M
6406	10713	-6.142E+02	1.00	1.864E-267	0	384	386	0	384	386	385M
6407	3515	-3.908E+02	0.989	1.823E-170	0	274	276	0	275	277	61M1D214M
6407	6407	-3.962E+02	1.00	8.584E-173	0	275	276	0	275	276	276M
6407	10712	-3.965E+02	1.00	6.263E-173	0	274	276	0	274	276	275M
6408	3514	-4.551E+02	0.996	2.216E-198	0	288	290	0	288	290	289M
6408	6408	-4.561E+02	1.00	8.607E-199	0	289	290	0	289	290	290M
6408	10711	-4.564E+02	1.00	6.280E-199	0	288	290	0	288	290	289M
6409	3513	-1.648E+02	0.974	2.750E-72	0	118	120	0	118	120	119M
6409	6409	-1.692E+02	1.00	3.300E-74	0	119	120	0	119	120	120M
6409	10710	-1.695E+02	1.00	2.406E-74	0	118	120	0	118	120	119M
6410	3512	-7.084E+02	0.996	0.000E+00	0	569	571	0	569	571	570M
6410	6410	-7.084E+02	1.00	0.000E+00	0	570	571	0	570	571	571M
6410	10709	-7.084E+02	1.00	0.000E+00	0	569	571	0	569	571	570M
6411	2554	-5.957E+02	0.997	2.037E-259	0	389	391	0	389	391	390M
6411	6411	-5.966E+02	1.00	7.916E-260	0	390	391	0	390	391	391M
6411	10708	-5.969E+02	1.00	5.777E-260	0	389	391	0	389	391	390M
6412	2553	-5.065E+02	0.996	1.055E-220	0	321	323	0	321	323	322M
6412	6412	-5.078E+02	1.00	2.991E-221	0	322	323	0	322	323	323M
6412	10707	-5.081E+02	1.00	2.183E-221	0	321	323	0	321	323	322M
6413	2552	-5.903E+02	0.997	4.168E-257	0	395	397	0	395	397	396M
6413	6413	-5.925E+02	1.00	4.593E-258	0	396	397	0	396	397	397M
6413	10706	-5.929E+02	1.00	3.352E-258	0	395	397	0	395	397	396M
6414	2551	-7.084E+02	0.998	0.000E+00	0	502	504	0	502	504	503M
6414	6414	-7.084E+02	1.00	0.000E+00	0	503	504	0	503	504	504M
6414	10705	-7.084E+02	1.00	0.000E+00	0	502	504	0	502	504	503M
6415	2550	-6.987E+02	0.995	3.720E-304	0	477	479	0	477	479	478M
6415	6415	-6.999E+02	1.00	1.055E-304	0	478	479	0	478	479	479M
6415	10704	-7.002E+02	1.00	7.703E-305	0	477	479	0	477	479	478M
6416	2549	-7.099E+02	0.989	5.165E-309	0	460	462	0	460	462	461M
6416	6416	-7.158E+02	1.00	1.299E-311	0	461	462	0	461	462	462M
6416	10703	-7.162E+02	1.00	9.481E-312	0	460	462	0	460	462	461M
6417	2548	-3.980E+02	0.988	1.471E-173	0	270	272	0	270	272	271M
6417	6417	-4.027E+02	1.00	1.301E-175	0	271	272	0	271	272	272M
6417	10702	-4.030E+02	1.00	9.490E-176	0	270	272	0	270	272	271M
6418	2547	-3.685E+02	0.995	8.948E-161	0	239	241	0	239	241	240M
6418	6418	-3.701E+02	1.00	1.849E-161	0	240	241	0	240	241	241M
6418	10701	-3.704E+02	1.00	1.349E-161	0	239	241	0	239	241	240M
6419	2546	-7.084E+02	0.998	0.000E+00	0	574	576	0	574	576	575M
6419	6419	-7.084E+02	1.00	0.000E+00	0	575	576	0	575	576	576M
6419	10700	-7.084E+02	1.00	0.000E+00	0	574	576	0	574	576	575M
6420	2545	-2.505E+02	1.00	1.688E-109	0	168	170	0	168	170	169M
6420	6420	-2.501E+02	1.00	2.314E-109	0	169	170	0	169	170	170M
6420	10699	-2.505E+02	1.00	1.688E-109	0	168	170	0	168	170	169M
6421	2544	-3.553E+02	0.953	4.816E-155	0	238	240	0	238	240	239M
6421	6421	-3.733E+02	1.00	7.533E-163	0	239	240	0	239	240	240M
6421	10698	-3.736E+02	1.00	5.496E-163	0	238	240	0	238	240	239M
6422	6422	-1.030E+02	1.00	1.824E-45	0	76	77	0	76	77	77M
6422	10697	-1.033E+02	1.00	1.329E-45	0	75	77	0	75	77	76M
6423	3231	-2.621E+02	0.994	1.513E-114	42	216	218	0	174	176	175M
6423	6423	-3.302E+02	1.00	3.962E-144	0	217	218	0	217	218	218M
6423	10696	-3.305E+02	1.00	2.890E-144	0	216	218	0	216	218	217M
6424	3232	-3.957E+02	0.978	1.369E-172	0	284	286	0	284	286	285M
6424	6424	-4.055E+02	1.00	7.820E-177	0	285	286	0	285	286	286M
6424	10695	-4.058E+02	1.00	5.706E-177	0	284	286	0	284	286	285M
6425	6425	-2.054E+02	1.00	6.373E-90	0	168	169	0	168	169	169M
6425	10694	-2.057E+02	1.00	4.649E-90	0	167	169	0	167	169	168M
6426	3234	-4.688E+02	0.996	2.644E-204	0	313	315	0	313	315	314M
6426	6426	-4.706E+02	1.00	3.991E-205	0	314	315	0	314	315	315M
6426	10693	-4.710E+02	1.00	2.912E-205	0	313	315	0	313	315	314M
6427	3235	-7.084E+02	0.995	0.000E+00	0	649	651	0	649	651	650M
6427	6427	-7.084E+02	1.00	0.000E+00	0	650	651	0	650	651	651M
6427	10692	-7.084E+02	1.00	0.000E+00	0	649	651	0	649	651	650M
6428	3236	-2.258E+02	0.993	9.021E-99	0	150	152	0	150	152	151M
6428	6428	-2.258E+02	1.00	9.021E-99	0	151	152	0	151	152	152M
6428	10691	-2.261E+02	1.00	6.579E-99	0	150	152	0	150	152	151M
6429	3237	-4.690E+02	0.990	2.063E-204	0	301	303	0	301	303	302M
6429	6429	-4.731E+02	1.00	3.427E-206	0	302	303	0	302	303	303M
6429	10690	-4.734E+02	1.00	2.500E-206	0	301	303	0	301	303	302M
6430	3238	-1.343E+02	1.00	4.658E-59	0	101	103	0	101	103	102M
6430	6430	-1.340E+02	1.00	6.390E-59	0	102	103	0	102	103	103M
6430	10689	-1.343E+02	1.00	4.658E-59	0	101	103	0	101	103	102M
6431	3239	-2.158E+02	1.00	1.815E-94	0	146	148	0	146	148	147M
6431	6431	-2.155E+02	1.00	2.489E-94	0	147	148	0	147	148	148M
6431	10688	-2.158E+02	1.00	1.815E-94	0	146	148	0	146	148	147M
6432	3240	-3.524E+02	0.982	8.904E-154	0	233	235	0	233	235	234M
6432	6432	-3.603E+02	1.00	3.356E-157	0	234	235	0	234	235	235M
6432	10687	-3.606E+02	1.00	2.449E-157	0	233	235	0	233	235	234M
6433	3241	-9.087E+01	1.00	3.440E-40	0	71	73	0	71	73	72M
6433	6433	-9.055E+01	1.00	4.722E-40	0	72	73	0	72	73	73M
6433	10686	-9.087E+01	1.00	3.440E-40	0	71	73	0	71	73	72M
6434	3242	-1.946E+02	0.993	3.213E-85	0	149	151	0	149	151	150M
6434	6434	-1.946E+02	1.00	3.213E-85	0	150	151	0	150	151	151M
6434	10685	-1.949E+02	1.00	2.343E-85	0	149	151	0	149	151	150M
6435	3243	-3.985E+02	0.996	8.259E-174	43	305	307	0	262	264	263M
6435	6435	-4.682E+02	1.00	4.677E-204	0	306	307	0	306	307	307M
6435	10684	-4.685E+02	1.00	3.412E-204	0	305	307	0	305	307	306M
6436	4167	-3.825E+02	0.965	7.420E-167	0	263	265	0	263	265	264M
6436	6436	-3.970E+02	1.00	3.736E-173	0	264	265	0	264	265	265M
6436	10683	-3.973E+02	1.00	2.726E-173	0	263	265	0	263	265	264M
6437	4169	-2.110E+02	1.00	2.229E-92	0	140	143	0	140	142	141M
6437	6437	-2.123E+02	1.00	6.305E-93	0	142	143	0	142	143	143M
6437	10682	-2.126E+02	1.00	4.598E-93	0	141	143	0	141	143	142M
6438	4240	-5.234E+02	1.00	4.816E-228	37	398	400	0	361	363	362M
6438	6438	-5.807E+02	1.00	6.098E-253	0	399	400	0	399	400	400M
6438	10681	-5.811E+02	1.00	4.450E-253	0	398	400	0	398	400	399M
6439	4239	-4.688E+02	0.990	2.584E-204	0	326	328	0	326	328	327M
6439	6439	-4.748E+02	1.00	6.487E-207	0	327	328	0	327	328	328M
6439	10680	-4.751E+02	1.00	4.733E-207	0	326	328	0	326	328	327M
6440	3493	-2.163E+02	0.993	1.146E-94	0	143	145	0	143	145	144M
6440	6440	-2.185E+02	1.00	1.257E-95	0	144	145	0	144	145	145M
6440	10679	-2.188E+02	1.00	9.166E-96	0	143	145	0	143	145	144M
6441	6441	-7.084E+02	1.00	0.000E+00	0	879	880	0	879	880	880M
6441	10678	-7.084E+02	1.00	0.000E+00	0	878	880	0	878	880	879M
6442	3490	-1.717E+02	0.991	2.636E-75	0	118	120	0	118	120	119M
6442	6442	-1.720E+02	1.00	1.922E-75	0	119	120	0	119	120	120M
6442	10677	-1.724E+02	1.00	1.401E-75	0	118	120	0	118	120	119M
6443	3489	-7.084E+02	0.995	0.000E+00	31	1500	1502	20	1489	1491	1470M
6443	6443	-7.084E+02	1.00	0.000E+00	0	1501	1502	0	1501	1502	1502M
6443	10676	-7.084E+02	1.00	0.000E+00	0	1500	1502	0	1500	1502	1501M
6444	3042	-7.084E+02	0.997	0.000E+00	0	905	907	0	905	907	906M
6444	6444	-7.084E+02	1.00	0.000E+00	0	906	907	0	906	907	907M
6444	10675	-7.084E+02	1.00	0.000E+00	0	905	907	0	905	907	906M
6445	3041	-6.359E+02	0.990	7.061E-277	0	439	441	0	439	441	440M
6445	6445	-6.403E+02	1.00	8.584E-279	0	440	441	0	440	441	441M
6445	10674	-6.406E+02	1.00	6.264E-279	0	439	441	0	439	441	440M
6446	3040	-3.128E+02	1.00	1.396E-136	0	210	212	0	210	212	211M
6446	6446	-3.125E+02	1.00	1.913E-136	0	211	212	0	211	212	212M
6446	10673	-3.128E+02	1.00	1.396E-136	0	210	212	0	210	212	211M
6447	3039	-2.792E+02	0.994	5.658E-122	0	181	183	0	181	183	182M
6447	6447	-2.798E+02	1.00	3.010E-122	0	182	183	0	182	183	183M
6447	10672	-2.801E+02	1.00	2.196E-122	0	181	183	0	181	183	182M
6448	1651	-7.194E+02	0.970	3.785E-313	0	472	474	0	473	475	301M1D172M
6448	6448	-7.420E+02	1.00	5.435E-323	0	473	474	0	473	474	474M
6448	10671	-7.424E+02	1.00	3.953E-323	0	472	474	0	472	474	473M
6449	1650	-3.532E+02	0.987	4.176E-154	0	237	239	0	237	239	238M
6449	6449	-3.547E+02	1.00	8.632E-155	0	238	239	0	238	239	239M
6449	10670	-3.551E+02	1.00	6.297E-155	0	237	239	0	237	239	238M
6450	1649	-7.084E+02	0.971	0.000E+00	0	883	885	0	883	885	884M
6450	6450	-7.084E+02	1.00	0.000E+00	0	884	885	0	884	885	885M
6450	10669	-7.084E+02	1.00	0.000E+00	0	883	885	0	883	885	884M
6451	1648	-2.795E+02	0.950	3.948E-122	0	200	202	0	200	202	201M
6451	6451	-2.925E+02	1.00	9.548E-128	0	201	202	0	201	202	202M
6451	10668	-2.928E+02	1.00	6.965E-128	0	200	202	0	200	202	201M
6452	1647	-7.084E+02	0.991	0.000E+00	0	676	678	0	676	678	677M
6452	6452	-7.084E+02	1.00	0.000E+00	0	677	678	0	677	678	678M
6452	10667	-7.084E+02	1.00	0.000E+00	0	676	678	0	676	678	677M
6453	1646	-7.084E+02	0.966	0.000E+00	0	568	570	0	568	570	569M
6453	6453	-7.084E+02	1.00	0.000E+00	0	569	570	0	569	570	570M
6453	10666	-7.084E+02	1.00	0.000E+00	0	568	570	0	568	570	569M
6454	1644	-2.166E+02	0.993	8.768E-95	0	144	146	0	144	146	145M
6454	6454	-2.178E+02	1.00	2.480E-95	0	145	146	0	145	146	146M
6454	10665	-2.182E+02	1.00	1.809E-95	0	144	146	0	144	146	145M
6455	1643	-1.780E+02	0.992	4.866E-78	0	125	127	0	125	127	126M
6455	6455	-1.790E+02	1.00	1.887E-78	0	126	127	0	126	127	127M
6455	10664	-1.793E+02	1.00	1.376E-78	0	125	127	0	125	127	126M
6456	1642	-6.539E+02	0.997	1.062E-284	0	431	433	0	431	433	432M
6456	6456	-6.545E+02	1.00	5.657E-285	0	432	433	0	432	433	433M
6456	10663	-6.548E+02	1.00	4.129E-285	0	431	433	0	431	433	432M
6457	1641	-3.885E+02	0.992	1.920E-169	0	257	259	0	257	259	258M
6457	6457	-3.916E+02	1.00	8.207E-171	0	258	259	0	258	259	259M
6457	10662	-3.920E+02	1.00	5.988E-171	0	257	259	0	257	259	258M
6458	1640	-2.961E+02	0.984	2.655E-129	0	191	193	0	191	193	192M
6458	6458	-3.002E+02	1.00	4.395E-131	0	192	193	0	192	193	193M
6458	10661	-3.005E+02	1.00	3.206E-131	0	191	193	0	191	193	192M
6459	1639	-7.084E+02	0.985	0.000E+00	0	546	548	0	546	548	547M
6459	6459	-7.084E+02	1.00	0.000E+00	0	547	548	0	547	548	548M
6459	10660	-7.084E+02	1.00	0.000E+00	0	546	548	0	546	548	547M
6460	1638	-5.647E+02	0.997	5.615E-246	0	377	379	0	377	379	378M
6460	6460	-5.663E+02	1.00	1.162E-246	0	378	379	0	378	379	379M
6460	10659	-5.666E+02	1.00	8.479E-247	0	377	379	0	377	379	378M
6461	1637	-3.675E+02	0.988	2.606E-160	0	255	257	0	255	257	256M
6461	6461	-3.700E+02	1.00	2.093E-161	0	256	257	0	256	257	257M
6461	10658	-3.703E+02	1.00	1.527E-161	0	255	257	0	255	257	256M
6462	1636	-5.075E+02	0.973	4.069E-221	0	341	343	0	341	343	342M
6462	6462	-5.198E+02	1.00	1.871E-226	0	342	343	0	342	343	343M
6462	10657	-5.201E+02	1.00	1.365E-226	0	341	343	0	341	343	342M
6463	1635	-4.639E+02	0.990	3.477E-202	0	323	325	0	323	325	324M
6463	6463	-4.664E+02	1.00	2.795E-203	0	324	325	0	324	325	325M
6463	10656	-4.667E+02	1.00	2.040E-203	0	323	325	0	323	325	324M
6464	1634	-4.036E+02	0.974	5.365E-176	0	278	280	0	278	280	279M
6464	6464	-4.115E+02	1.00	2.029E-179	0	279	280	0	279	280	280M
6464	10655	-4.118E+02	1.00	1.480E-179	0	278	280	0	278	280	279M
6465	1633	-4.172E+02	0.988	6.551E-182	0	270	272	0	270	272	271M
6465	6465	-4.210E+02	1.00	1.491E-183	0	271	272	0	271	272	272M
6465	10654	-4.213E+02	1.00	1.088E-183	0	270	272	0	270	272	271M
6466	1632	-5.406E+02	1.00	1.720E-235	0	361	363	0	361	363	362M
6466	6466	-5.403E+02	1.00	2.357E-235	0	362	363	0	362	363	363M
6466	10653	-5.406E+02	1.00	1.720E-235	0	361	363	0	361	363	362M
6467	3056	-3.292E+02	0.938	1.072E-143	0	241	280	0	241	270	242M
6467	6467	-4.115E+02	1.00	2.029E-179	0	279	280	0	279	280	280M
6467	10652	-4.118E+02	1.00	1.480E-179	0	278	280	0	278	280	279M
6468	3057	-4.470E+02	0.990	7.173E-195	0	299	301	0	299	301	300M
6468	6468	-4.527E+02	1.00	2.465E-197	0	300	301	0	300	301	301M
6468	10651	-4.530E+02	1.00	1.799E-197	0	299	301	0	299	301	300M
6469	3058	-1.717E+02	0.985	2.800E-75	0	139	141	0	139	141	140M
6469	6469	-1.739E+02	1.00	3.070E-76	0	140	141	0	140	141	141M
6469	10650	-1.742E+02	1.00	2.239E-76	0	139	141	0	139	141	140M
6470	3059	-2.187E+02	0.994	1.067E-95	0	166	168	0	166	168	167M
6470	6470	-2.196E+02	1.00	4.138E-96	0	167	168	0	167	168	168M
6470	10649	-2.199E+02	1.00	3.018E-96	0	166	168	0	166	168	167M
6471	3060	-5.047E+02	0.991	6.540E-220	0	333	335	0	333	335	334M
6471	6471	-5.091E+02	1.00	7.933E-222	0	334	335	0	334	335	335M
6471	10648	-5.094E+02	1.00	5.789E-222	0	333	335	0	333	335	334M
6472	3061	-2.758E+02	0.983	1.684E-120	0	186	188	0	186	188	187M
6472	6472	-2.799E+02	1.00	2.787E-122	0	187	188	0	187	188	188M
6472	10647	-2.802E+02	1.00	2.033E-122	0	186	188	0	186	188	187M
6473	3062	-2.247E+02	0.987	2.686E-98	0	153	155	0	153	155	154M
6473	6473	-2.262E+02	1.00	5.542E-99	0	154	155	0	154	155	155M
6473	10646	-2.266E+02	1.00	4.042E-99	0	153	155	0	153	155	154M
6474	3063	-6.515E+02	1.00	1.121E-283	0	414	416	0	414	416	415M
6474	6474	-6.512E+02	1.00	1.537E-283	0	415	416	0	415	416	416M
6474	10645	-6.515E+02	1.00	1.121E-283	0	414	416	0	414	416	415M
6475	3064	-7.084E+02	0.981	0.000E+00	0	608	610	0	608	610	609M
6475	6475	-7.084E+02	1.00	0.000E+00	0	609	610	0	609	610	610M
6475	10644	-7.084E+02	1.00	0.000E+00	0	608	610	0	608	610	609M
6476	3065	-7.084E+02	0.983	0.000E+00	0	811	813	0	811	813	812M
6476	6476	-7.084E+02	1.00	0.000E+00	0	812	813	0	812	813	813M
6476	10643	-7.084E+02	1.00	0.000E+00	0	811	813	0	811	813	812M
6477	6477	-4.134E+02	1.00	2.920E-180	0	278	279	0	278	279	279M
6477	10642	-4.137E+02	1.00	2.131E-180	0	277	279	0	277	279	278M
6478	1517	-7.084E+02	1.00	0.000E+00	69	791	793	0	722	724	723M
6478	6478	-7.084E+02	1.00	0.000E+00	0	792	793	0	792	793	793M
6478	10641	-7.084E+02	1.00	0.000E+00	0	791	793	0	791	793	792M
6479	1516	-3.541E+02	1.00	1.591E-154	0	250	252	0	250	252	251M
6479	6479	-3.538E+02	1.00	2.180E-154	0	251	252	0	251	252	252M
6479	10640	-3.541E+02	1.00	1.591E-154	0	250	252	0	250	252	251M
6480	1515	-5.373E+02	1.00	4.304E-234	0	349	351	0	349	351	350M
6480	6480	-5.370E+02	1.00	5.899E-234	0	350	351	0	350	351	351M
6480	10639	-5.373E+02	1.00	4.304E-234	0	349	351	0	349	351	350M
6481	1514	-7.084E+02	1.00	0.000E+00	0	662	664	0	662	664	663M
6481	6481	-7.084E+02	1.00	0.000E+00	0	663	664	0	663	664	664M
6481	10638	-7.084E+02	1.00	0.000E+00	0	662	664	0	662	664	663M
6482	1513	-3.124E+02	1.00	2.069E-136	0	205	207	0	205	207	206M
6482	6482	-3.121E+02	1.00	2.836E-136	0	206	207	0	206	207	207M
6482	10637	-3.124E+02	1.00	2.069E-136	0	205	207	0	205	207	206M
6483	1512	-1.472E+02	1.00	1.124E-64	0	108	110	0	108	110	109M
6483	6483	-1.469E+02	1.00	1.541E-64	0	109	110	0	109	110	110M
6483	10636	-1.472E+02	1.00	1.124E-64	0	108	110	0	108	110	109M
6484	1511	-4.291E+02	1.00	4.287E-187	0	291	293	0	291	293	292M
6484	6484	-4.288E+02	1.00	5.876E-187	0	292	293	0	292	293	293M
6484	10635	-4.291E+02	1.00	4.287E-187	0	291	293	0	291	293	292M
6485	1510	-1.751E+02	1.00	8.764E-77	0	126	128	0	126	128	127M
6485	6485	-1.748E+02	1.00	1.202E-76	0	127	128	0	127	128	128M
6485	10634	-1.751E+02	1.00	8.764E-77	0	126	128	0	126	128	127M
6486	1509	-1.034E+02	1.00	1.264E-45	0	74	76	0	74	76	75M
6486	6486	-1.031E+02	1.00	1.735E-45	0	75	76	0	75	76	76M
6486	10633	-1.034E+02	1.00	1.264E-45	0	74	76	0	74	76	75M
6487	1508	-1.965E+02	1.00	4.395E-86	0	147	149	0	147	149	148M
6487	6487	-1.962E+02	1.00	6.026E-86	0	148	149	0	148	149	149M
6487	10632	-1.965E+02	1.00	4.395E-86	0	147	149	0	147	149	148M
6488	1507	-7.146E+02	1.00	4.515E-311	0	480	482	0	480	482	481M
6488	6488	-7.143E+02	1.00	6.187E-311	0	481	482	0	481	482	482M
6488	10631	-7.146E+02	1.00	4.515E-311	0	480	482	0	480	482	481M
6489	1506	-5.540E+02	0.997	2.550E-241	0	357	359	0	357	359	358M
6489	6489	-5.552E+02	1.00	7.229E-242	0	358	359	0	358	359	359M
6489	10630	-5.556E+02	1.00	5.275E-242	0	357	359	0	357	359	358M
6490	1505	-3.765E+02	1.00	2.975E-164	0	243	245	0	243	245	244M
6490	6490	-3.762E+02	1.00	4.077E-164	0	244	245	0	244	245	245M
6490	10629	-3.765E+02	1.00	2.975E-164	0	243	245	0	243	245	244M
6491	1504	-4.029E+02	0.996	1.013E-175	0	258	260	0	258	260	259M
6491	6491	-4.029E+02	1.00	1.013E-175	0	259	260	0	259	260	260M
6491	10628	-4.033E+02	1.00	7.387E-176	0	258	260	0	258	260	259M
6492	1503	-2.958E+02	0.994	3.533E-129	0	197	199	0	197	199	198M
6492	6492	-2.967E+02	1.00	1.371E-129	0	198	199	0	198	199	199M
6492	10627	-2.970E+02	1.00	1.000E-129	0	197	199	0	197	199	198M
6493	1502	-7.084E+02	0.998	0.000E+00	0	515	517	0	515	517	516M
6493	6493	-7.084E+02	1.00	0.000E+00	0	516	517	0	516	517	517M
6493	10626	-7.084E+02	1.00	0.000E+00	0	515	517	0	515	517	516M
6494	1501	-5.106E+02	0.997	1.720E-222	0	334	336	0	334	336	335M
6494	6494	-5.116E+02	1.00	6.682E-223	0	335	336	0	335	336	336M
6494	10625	-5.119E+02	1.00	4.876E-223	0	334	336	0	334	336	335M
6495	1500	-7.084E+02	1.00	0.000E+00	0	625	627	0	625	627	626M
6495	6495	-7.084E+02	1.00	0.000E+00	0	626	627	0	626	627	627M
6495	10624	-7.084E+02	1.00	0.000E+00	0	625	627	0	625	627	626M
6496	1499	-1.084E+02	1.00	8.400E-48	0	75	77	0	75	77	76M
6496	6496	-1.081E+02	1.00	1.153E-47	0	76	77	0	76	77	77M
6496	10623	-1.084E+02	1.00	8.400E-48	0	75	77	0	75	77	76M
6497	1498	-4.653E+02	1.00	8.644E-203	0	300	302	0	300	302	301M
6497	6497	-4.650E+02	1.00	1.185E-202	0	301	302	0	301	302	302M
6497	10622	-4.653E+02	1.00	8.644E-203	0	300	302	0	300	302	301M
6498	1497	-4.306E+02	1.00	9.476E-188	0	279	281	0	279	281	280M
6498	6498	-4.303E+02	1.00	1.299E-187	0	280	281	0	280	281	281M
6498	10621	-4.306E+02	1.00	9.476E-188	0	279	281	0	279	281	280M
6499	1496	-1.207E+02	1.00	3.726E-53	0	88	90	0	88	90	89M
6499	6499	-1.204E+02	1.00	5.112E-53	0	89	90	0	89	90	90M
6499	10620	-1.207E+02	1.00	3.726E-53	0	88	90	0	88	90	89M
6500	1495	-7.084E+02	1.00	0.000E+00	0	523	525	0	523	525	524M
6500	6500	-7.084E+02	1.00	0.000E+00	0	524	525	0	524	525	525M
6500	10619	-7.084E+02	1.00	0.000E+00	0	523	525	0	523	525	524M
6501	1494	-6.569E+02	1.00	5.175E-286	0	427	429	0	427	429	428M
6501	6501	-6.566E+02	1.00	7.091E-286	0	428	429	0	428	429	429M
6501	10618	-6.569E+02	1.00	5.175E-286	0	427	429	0	427	429	428M
6502	4109	-4.252E+02	1.00	2.139E-185	0	287	289	0	287	289	288M
6502	6502	-4.249E+02	1.00	2.932E-185	0	288	289	0	288	289	289M
6502	10617	-4.252E+02	1.00	2.139E-185	0	287	289	0	287	289	288M
6503	4108	-5.056E+02	1.00	2.572E-220	0	340	342	0	340	342	341M
6503	6503	-5.053E+02	1.00	3.525E-220	0	341	342	0	341	342	342M
6503	10616	-5.056E+02	1.00	2.572E-220	0	340	342	0	340	342	341M
6504	4107	-3.258E+02	1.00	3.376E-142	0	230	232	0	230	232	231M
6504	6504	-3.254E+02	1.00	4.628E-142	0	231	232	0	231	232	232M
6504	10615	-3.258E+02	1.00	3.376E-142	0	230	232	0	230	232	231M
6505	4106	-3.321E+02	0.990	5.757E-145	0	215	244	0	215	216	216M
6505	6505	-3.778E+02	1.00	8.037E-165	0	243	244	0	243	244	244M
6505	10614	-3.782E+02	1.00	5.864E-165	0	242	244	0	242	244	243M
6506	4021	-9.112E+01	1.00	2.675E-40	0	66	68	0	66	68	67M
6506	6506	-9.080E+01	1.00	3.672E-40	0	67	68	0	67	68	68M
6506	10613	-9.112E+01	1.00	2.675E-40	0	66	68	0	66	68	67M
6507	4020	-6.176E+02	1.00	5.742E-269	0	431	433	0	431	433	432M
6507	6507	-6.173E+02	1.00	7.868E-269	0	432	433	0	432	433	433M
6507	10612	-6.176E+02	1.00	5.742E-269	0	431	433	0	431	433	432M
6508	2694	-2.628E+02	0.973	7.318E-115	0	187	189	0	187	189	188M
6508	6508	-2.697E+02	1.00	7.083E-118	0	188	189	0	188	189	189M
6508	10611	-2.701E+02	1.00	5.166E-118	0	187	189	0	187	189	188M
6509	2695	-5.460E+02	0.997	7.144E-238	0	399	401	0	399	401	400M
6509	6509	-5.460E+02	1.00	7.144E-238	0	400	401	0	400	401	401M
6509	10610	-5.464E+02	1.00	5.214E-238	0	399	401	0	399	401	400M
6510	1691	-6.083E+02	0.940	6.493E-265	0	449	451	0	449	451	450M
6510	6510	-6.452E+02	1.00	6.445E-281	0	450	451	0	450	451	451M
6510	10074	-6.455E+02	1.00	4.704E-281	0	449	451	0	449	451	450M
6511	1692	-2.637E+02	0.988	3.018E-115	0	175	177	12	187	189	176M
6511	6511	-2.665E+02	1.00	1.763E-116	0	176	177	0	176	177	177M
6511	10075	-2.637E+02	0.988	3.018E-115	0	175	177	12	187	189	176M
6512	6512	-2.542E+02	1.00	4.013E-111	0	170	171	0	170	171	171M
6512	10076	-2.220E+02	1.00	3.820E-97	0	148	171	0	148	388	149M
6513	6513	-3.590E+02	1.00	1.242E-156	0	235	236	0	235	236	236M
6513	10076	-3.584E+02	0.995	2.334E-156	0	234	236	152	386	388	235M
6514	6514	-5.632E+02	1.00	2.527E-245	0	363	364	0	363	364	364M
6514	10077	-5.635E+02	1.00	1.844E-245	0	362	364	0	362	364	363M
6515	6515	-4.729E+02	1.00	4.034E-206	0	346	347	0	346	347	347M
6515	10078	-4.733E+02	1.00	2.944E-206	0	345	347	0	345	347	346M
6516	6516	-5.064E+02	1.00	1.150E-220	0	344	345	0	344	345	345M
6516	10079	-5.067E+02	1.00	8.389E-221	0	343	345	0	343	345	344M
6517	1337	-4.151E+02	0.989	5.244E-181	0	274	276	0	274	276	275M
6517	6517	-4.186E+02	1.00	1.636E-182	0	275	276	0	275	276	276M
6517	10080	-4.189E+02	1.00	1.193E-182	0	274	276	0	274	276	275M
6518	1338	-3.096E+02	0.995	3.537E-135	0	205	207	0	205	207	206M
6518	6518	-3.096E+02	1.00	3.537E-135	0	206	207	0	206	207	207M
6518	10081	-3.099E+02	1.00	2.580E-135	0	205	207	0	205	207	206M
6519	1339	-4.241E+02	0.986	6.339E-185	0	290	292	0	290	292	291M
6519	6519	-4.289E+02	1.00	5.607E-187	0	291	292	0	291	292	292M
6519	10082	-4.292E+02	1.00	4.091E-187	0	290	292	0	290	292	291M
6520	1340	-6.500E+02	0.990	4.996E-283	0	419	421	0	419	421	420M
6520	6520	-6.541E+02	1.00	8.314E-285	0	420	421	0	420	421	421M
6520	10083	-6.544E+02	1.00	6.067E-285	0	419	421	0	419	421	420M
6521	1341	-7.084E+02	0.996	0.000E+00	0	555	557	0	555	557	556M
6521	6521	-7.084E+02	1.00	0.000E+00	0	556	557	0	556	557	557M
6521	10084	-7.084E+02	1.00	0.000E+00	0	555	557	0	555	557	556M
6522	1342	-5.168E+02	0.997	3.625E-225	0	336	339	0	336	340	337M
6522	6522	-5.209E+02	1.00	6.026E-227	0	338	339	0	338	339	339M
6522	10085	-5.212E+02	1.00	4.397E-227	0	337	339	0	337	339	338M
6523	1344	-7.013E+02	0.982	2.771E-305	0	455	457	0	455	457	456M
6523	6523	-7.136E+02	1.00	1.279E-310	0	456	457	0	456	457	457M
6523	10086	-7.139E+02	1.00	9.332E-311	0	455	457	0	455	457	456M
6524	1345	-7.084E+02	0.998	0.000E+00	0	552	554	0	552	554	553M
6524	6524	-7.084E+02	1.00	0.000E+00	0	553	554	0	553	554	554M
6524	10087	-7.084E+02	1.00	0.000E+00	0	552	554	0	552	554	553M
6525	1346	-3.652E+02	1.00	2.449E-159	0	249	251	0	249	251	250M
6525	6525	-3.649E+02	1.00	3.357E-159	0	250	251	0	250	251	251M
6525	10088	-3.652E+02	1.00	2.449E-159	0	249	251	0	249	251	250M
6526	1347	-5.872E+02	0.997	9.963E-256	0	382	384	0	382	384	383M
6526	6526	-5.878E+02	1.00	5.305E-256	0	383	384	0	383	384	384M
6526	10089	-5.881E+02	1.00	3.871E-256	0	382	384	0	382	384	383M
6527	1348	-7.084E+02	0.994	0.000E+00	0	567	569	0	567	569	568M
6527	6527	-7.084E+02	1.00	0.000E+00	0	568	569	0	568	569	569M
6527	10090	-7.084E+02	1.00	0.000E+00	0	567	569	0	567	569	568M
6528	1349	-6.193E+02	0.995	1.140E-269	0	403	405	0	403	405	404M
6528	6528	-6.215E+02	1.00	1.256E-270	0	404	405	0	404	405	405M
6528	10091	-6.218E+02	1.00	9.167E-271	0	403	405	0	403	405	404M
6529	1350	-3.561E+02	1.00	2.225E-155	0	235	237	0	235	237	236M
6529	6529	-3.558E+02	1.00	3.050E-155	0	236	237	0	236	237	237M
6529	10092	-3.561E+02	1.00	2.225E-155	0	235	237	0	235	237	236M
6530	1351	-4.275E+02	1.00	2.276E-186	0	293	295	0	293	295	294M
6530	6530	-4.271E+02	1.00	3.120E-186	0	294	295	0	294	295	295M
6530	10093	-4.275E+02	1.00	2.276E-186	0	293	295	0	293	295	294M
6531	1352	-5.934E+02	0.997	2.005E-258	0	384	386	0	384	386	385M
6531	6531	-5.940E+02	1.00	1.068E-258	0	385	386	0	385	386	386M
6531	10094	-5.943E+02	1.00	7.793E-259	0	384	386	0	384	386	385M
6532	1353	-7.084E+02	0.991	0.000E+00	0	867	869	0	867	869	868M
6532	6532	-7.084E+02	1.00	0.000E+00	0	868	869	0	868	869	869M
6532	10095	-7.084E+02	1.00	0.000E+00	0	867	869	0	867	869	868M
6533	1354	-1.110E+02	0.977	6.438E-49	0	87	89	0	87	89	88M
6533	6533	-1.122E+02	1.00	1.816E-49	0	88	89	0	88	89	89M
6533	10096	-1.125E+02	1.00	1.324E-49	0	87	89	0	87	89	88M
6534	1355	-2.642E+02	0.989	1.742E-115	0	190	192	0	190	192	191M
6534	6534	-2.652E+02	1.00	6.760E-116	0	191	192	0	191	192	192M
6534	10097	-2.655E+02	1.00	4.931E-116	0	190	192	0	190	192	191M
6535	6535	-2.574E+02	1.00	1.630E-112	0	169	170	0	169	170	170M
6535	10098	-2.577E+02	1.00	1.189E-112	0	168	170	0	168	170	169M
6536	6536	-2.156E+02	1.00	2.320E-94	0	139	140	0	139	140	140M
6536	10099	-2.159E+02	1.00	1.692E-94	0	138	140	0	138	140	139M
6537	1357	-1.281E+02	0.936	2.409E-56	0	93	95	0	93	95	94M
6537	6537	-1.369E+02	1.00	3.441E-60	0	94	95	0	94	95	95M
6537	10100	-1.372E+02	1.00	2.508E-60	0	93	95	0	93	95	94M
6538	2123	-6.080E+02	0.990	8.852E-265	0	408	410	0	408	410	409M
6538	6538	-6.137E+02	1.00	3.050E-267	0	409	410	0	409	410	410M
6538	10101	-6.140E+02	1.00	2.226E-267	0	408	410	0	408	410	409M
6539	2122	-3.462E+02	0.987	4.656E-151	0	232	234	0	232	234	233M
6539	6539	-3.487E+02	1.00	3.736E-152	0	233	234	0	233	234	234M
6539	10102	-3.490E+02	1.00	2.726E-152	0	232	234	0	232	234	233M
6540	2445	-3.278E+01	0.267	5.783E-15	1	190	195	20	206	214	171M1D6M4I9M
6540	6540	-2.786E+02	1.00	1.001E-121	0	194	195	0	194	195	195M
6540	10103	-2.789E+02	1.00	7.305E-122	0	193	195	0	193	195	194M
6541	6541	-3.403E+02	1.00	1.662E-148	0	244	245	0	244	245	245M
6541	10104	-3.406E+02	1.00	1.212E-148	0	243	245	0	243	245	244M
6542	2121	-3.424E+02	0.991	2.048E-149	0	232	234	0	232	234	233M
6542	6542	-3.458E+02	1.00	6.382E-151	0	233	234	0	233	234	234M
6542	10105	-3.462E+02	1.00	4.656E-151	0	232	234	0	232	234	233M
6543	2120	-3.385E+02	1.00	9.598E-148	0	220	222	0	220	222	221M
6543	6543	-3.382E+02	1.00	1.316E-147	0	221	222	0	221	222	222M
6543	10106	-3.385E+02	1.00	9.598E-148	0	220	222	0	220	222	221M
6544	2119	-1.857E+02	0.991	2.254E-81	0	123	125	0	123	125	124M
6544	6544	-1.863E+02	1.00	1.198E-81	0	124	125	0	124	125	125M
6544	10107	-1.866E+02	1.00	8.739E-82	0	123	125	0	123	125	124M
6545	2118	-1.809E+02	0.976	2.836E-79	0	125	127	0	125	127	126M
6545	6545	-1.859E+02	1.00	1.811E-81	0	126	127	0	126	127	127M
6545	10108	-1.862E+02	1.00	1.321E-81	0	125	127	0	125	127	126M
6546	2117	-7.084E+02	0.985	0.000E+00	0	695	697	0	695	697	696M
6546	6546	-7.084E+02	1.00	0.000E+00	0	696	697	0	696	697	697M
6546	10109	-7.084E+02	1.00	0.000E+00	0	695	697	0	695	697	696M
6547	2116	-5.627E+02	0.994	4.276E-245	0	380	382	0	380	382	381M
6547	6547	-5.668E+02	1.00	7.116E-247	0	381	382	0	381	382	382M
6547	10110	-5.671E+02	1.00	5.193E-247	0	380	382	0	380	382	381M
6548	2115	-2.211E+02	1.00	9.074E-97	0	154	156	0	154	156	155M
6548	6548	-2.208E+02	1.00	1.244E-96	0	155	156	0	155	156	156M
6548	10111	-2.211E+02	1.00	9.074E-97	0	154	156	0	154	156	155M
6549	2114	-6.475E+02	0.995	6.509E-282	0	420	422	0	420	422	421M
6549	6549	-6.500E+02	1.00	5.235E-283	0	421	422	0	421	422	422M
6549	10112	-6.503E+02	1.00	3.820E-283	0	420	422	0	420	422	421M
6550	2113	-5.599E+02	0.991	7.120E-244	0	366	368	0	366	368	367M
6550	6550	-5.630E+02	1.00	3.048E-245	0	367	368	0	367	368	368M
6550	10113	-5.633E+02	1.00	2.224E-245	0	366	368	0	366	368	367M
6551	2112	-1.664E+02	0.991	5.666E-73	0	118	120	0	118	120	119M
6551	6551	-1.670E+02	1.00	3.012E-73	0	119	120	0	119	120	120M
6551	10114	-1.673E+02	1.00	2.196E-73	0	118	120	0	118	120	119M
6552	2111	-7.197E+02	1.00	2.664E-313	0	478	480	0	478	480	479M
6552	6552	-7.194E+02	1.00	3.651E-313	0	479	480	0	479	480	480M
6552	10115	-7.197E+02	1.00	2.664E-313	0	478	480	0	478	480	479M
6553	2110	-7.029E+02	1.00	5.650E-306	0	475	477	0	475	477	476M
6553	6553	-7.025E+02	1.00	7.742E-306	0	476	477	0	476	477	477M
6553	10116	-7.029E+02	1.00	5.650E-306	0	475	477	0	475	477	476M
6554	2109	-4.420E+02	0.996	1.097E-192	0	292	294	0	292	294	293M
6554	6554	-4.423E+02	1.00	8.003E-193	0	293	294	0	293	294	294M
6554	10117	-4.426E+02	1.00	5.839E-193	0	292	294	0	292	294	293M
6555	2108	-7.084E+02	0.992	0.000E+00	0	504	506	0	504	506	505M
6555	6555	-7.084E+02	1.00	0.000E+00	0	505	506	0	505	506	506M
6555	10118	-7.084E+02	1.00	0.000E+00	0	504	506	0	504	506	505M
6556	3082	-8.261E+01	0.326	1.331E-36	2	289	297	3	282	291	156M1I39M4D10M13I8M2D61M
6556	6556	-4.456E+02	1.00	2.875E-194	0	296	297	0	296	297	297M
6556	10119	-4.460E+02	1.00	2.098E-194	0	295	297	0	295	297	296M
6557	3734	-7.084E+02	0.990	0.000E+00	0	548	550	0	548	550	549M
6557	6557	-7.084E+02	1.00	0.000E+00	0	549	550	0	549	550	550M
6557	10120	-7.084E+02	1.00	0.000E+00	0	548	550	0	548	550	549M
6558	3733	-5.576E+02	1.00	6.852E-243	0	374	376	0	374	376	375M
6558	6558	-5.573E+02	1.00	9.389E-243	0	375	376	0	375	376	376M
6558	10121	-5.576E+02	1.00	6.852E-243	0	374	376	0	374	376	375M
6559	3732	-3.759E+02	0.996	5.492E-164	0	256	258	0	256	258	257M
6559	6559	-3.794E+02	1.00	1.712E-165	0	257	258	0	257	258	258M
6559	10122	-3.797E+02	1.00	1.249E-165	0	256	258	0	256	258	257M
6560	3731	-5.148E+02	0.994	2.764E-224	0	340	342	0	340	342	341M
6560	6560	-5.170E+02	1.00	3.044E-225	0	341	342	0	341	342	342M
6560	10123	-5.173E+02	1.00	2.221E-225	0	340	342	0	340	342	341M
6561	3730	-6.811E+02	0.995	1.637E-296	0	449	451	0	449	451	450M
6561	6561	-6.830E+02	1.00	2.472E-297	0	450	451	0	450	451	451M
6561	10124	-6.833E+02	1.00	1.804E-297	0	449	451	0	449	451	450M
6562	3729	-2.731E+02	0.994	2.381E-119	0	182	184	0	182	184	183M
6562	6562	-2.747E+02	1.00	4.917E-120	0	183	184	0	183	184	184M
6562	10125	-2.750E+02	1.00	3.586E-120	0	182	184	0	182	184	183M
6563	6563	-2.062E+02	1.00	2.873E-90	0	138	139	0	138	139	139M
6563	10126	-2.065E+02	1.00	2.095E-90	0	137	139	0	137	139	138M
6564	4413	-3.601E+02	1.00	4.056E-157	0	237	239	0	237	239	238M
6564	6564	-3.598E+02	1.00	5.559E-157	0	238	239	0	238	239	239M
6564	10127	-3.601E+02	1.00	4.056E-157	0	237	239	0	237	239	238M
6565	1089	-7.084E+02	0.993	0.000E+00	6	628	630	0	622	624	623M
6565	6565	-7.084E+02	1.00	0.000E+00	0	629	630	0	629	630	630M
6565	10128	-7.084E+02	1.00	0.000E+00	0	628	630	0	628	630	629M
6566	1088	-7.084E+02	0.993	0.000E+00	0	596	598	0	596	598	597M
6566	6566	-7.084E+02	1.00	0.000E+00	0	597	598	0	597	598	598M
6566	10129	-7.084E+02	1.00	0.000E+00	0	596	598	0	596	598	597M
6567	1087	-1.196E+02	1.00	1.139E-52	0	85	87	0	85	87	86M
6567	6567	-1.193E+02	1.00	1.562E-52	0	86	87	0	86	87	87M
6567	10130	-1.196E+02	1.00	1.139E-52	0	85	87	0	85	87	86M
6568	1086	-5.231E+02	0.968	6.806E-228	0	351	353	0	351	1320	352M
6568	6568	-5.369E+02	1.00	6.478E-234	0	352	353	0	352	353	353M
6568	10131	-5.373E+02	1.00	4.727E-234	0	351	353	0	351	353	352M
6569	1086	-7.084E+02	0.971	0.000E+00	0	963	965	355	1318	1320	964M
6569	6569	-7.084E+02	1.00	0.000E+00	0	964	965	0	964	965	965M
6569	10132	-7.084E+02	1.00	0.000E+00	0	963	965	0	963	965	964M
6570	1085	-7.084E+02	0.986	0.000E+00	0	1215	1217	0	1215	1217	1216M
6570	6570	-7.084E+02	1.00	0.000E+00	0	1216	1217	0	1216	1217	1217M
6570	10133	-7.084E+02	1.00	0.000E+00	0	1215	1217	0	1215	1217	1216M
6571	1084	-6.665E+02	0.976	3.372E-290	0	423	425	0	423	425	424M
6571	6571	-6.788E+02	1.00	1.554E-295	0	424	425	0	424	425	425M
6571	10134	-6.791E+02	1.00	1.134E-295	0	423	425	0	423	425	424M
6572	1083	-7.084E+02	0.982	0.000E+00	0	620	622	0	620	622	621M
6572	6572	-7.084E+02	1.00	0.000E+00	0	621	622	0	621	622	622M
6572	10135	-7.084E+02	1.00	0.000E+00	0	620	622	0	620	622	621M
6573	1082	-3.849E+02	0.968	6.991E-168	0	253	255	0	253	255	254M
6573	6573	-3.988E+02	1.00	6.602E-174	0	254	255	0	254	255	255M
6573	10136	-3.991E+02	1.00	4.817E-174	0	253	255	0	253	255	254M
6574	1080	-1.441E+02	0.980	2.584E-63	0	101	103	0	101	103	102M
6574	6574	-1.463E+02	1.00	2.827E-64	0	102	103	0	102	103	103M
6574	10137	-1.466E+02	1.00	2.061E-64	0	101	103	0	101	103	102M
6575	1079	-1.655E+02	0.992	1.319E-72	0	129	131	0	129	131	130M
6575	6575	-1.655E+02	1.00	1.319E-72	0	130	131	0	130	131	131M
6575	10138	-1.658E+02	1.00	9.621E-73	0	129	131	0	129	131	130M
6576	1078	-4.130E+02	0.996	4.396E-180	0	279	281	0	279	281	280M
6576	6576	-4.142E+02	1.00	1.246E-180	0	280	281	0	280	281	281M
6576	10139	-4.146E+02	1.00	9.091E-181	0	279	281	0	279	281	280M
6577	1077	-1.776E+02	0.992	7.350E-78	0	127	129	0	127	129	128M
6577	6577	-1.786E+02	1.00	2.850E-78	0	128	129	0	128	129	129M
6577	10140	-1.789E+02	1.00	2.078E-78	0	127	129	0	127	129	128M
6578	1076	-2.892E+02	0.989	2.420E-126	0	195	197	0	195	197	196M
6578	6578	-2.924E+02	1.00	1.032E-127	0	196	197	0	196	197	197M
6578	10141	-2.927E+02	1.00	7.531E-128	0	195	197	0	195	197	196M
6579	1075	-3.178E+02	0.990	9.872E-139	0	212	214	0	212	214	213M
6579	6579	-3.193E+02	1.00	2.040E-139	0	213	214	0	213	214	214M
6579	10142	-3.197E+02	1.00	1.488E-139	0	212	214	0	212	214	213M
6580	1074	-2.046E+02	0.993	1.422E-89	0	144	146	0	144	146	145M
6580	6580	-2.065E+02	1.00	2.140E-90	0	145	146	0	145	146	146M
6580	10143	-2.068E+02	1.00	1.560E-90	0	144	146	0	144	146	145M
6581	1073	-6.178E+02	1.00	5.076E-269	0	408	410	0	408	410	409M
6581	6581	-6.175E+02	1.00	6.956E-269	0	409	410	0	409	410	410M
6581	10144	-6.178E+02	1.00	5.076E-269	0	408	410	0	408	410	409M
6582	1072	-7.084E+02	1.00	0.000E+00	0	521	523	0	521	523	522M
6582	6582	-7.084E+02	1.00	0.000E+00	0	522	523	0	522	523	523M
6582	10145	-7.084E+02	1.00	0.000E+00	0	521	523	0	521	523	522M
6583	1071	-3.858E+02	0.984	2.887E-168	0	261	263	0	261	263	262M
6583	6583	-3.911E+02	1.00	1.358E-170	0	262	263	0	262	263	263M
6583	10146	-3.914E+02	1.00	9.909E-171	0	261	263	0	261	263	262M
6584	1070	-2.432E+02	0.982	2.324E-106	0	174	176	0	174	176	175M
6584	6584	-2.470E+02	1.00	5.270E-108	0	175	176	0	175	176	176M
6584	10147	-2.473E+02	1.00	3.844E-108	0	174	176	0	174	176	175M
6585	1069	-1.426E+02	0.980	1.195E-62	0	100	102	0	100	102	101M
6585	6585	-1.442E+02	1.00	2.460E-63	0	101	102	0	101	102	102M
6585	10148	-1.445E+02	1.00	1.793E-63	0	100	102	0	100	102	101M
6586	1068	-5.018E+02	1.00	1.176E-218	0	314	316	0	314	316	315M
6586	6586	-5.015E+02	1.00	1.611E-218	0	315	316	0	315	316	316M
6586	10149	-5.018E+02	1.00	1.176E-218	0	314	316	0	314	316	315M
6587	1067	-1.984E+02	1.00	6.664E-87	0	134	136	0	134	136	135M
6587	6587	-1.981E+02	1.00	9.138E-87	0	135	136	0	135	136	136M
6587	10150	-1.984E+02	1.00	6.664E-87	0	134	136	0	134	136	135M
6588	1066	-3.413E+02	1.00	5.890E-149	0	221	223	0	221	223	222M
6588	6588	-3.410E+02	1.00	8.074E-149	0	222	223	0	222	223	223M
6588	10151	-3.413E+02	1.00	5.890E-149	0	221	223	0	221	223	222M
6589	1065	-2.994E+02	0.995	9.400E-131	0	207	209	0	207	209	208M
6589	6589	-3.007E+02	1.00	2.662E-131	0	208	209	0	208	209	209M
6589	10152	-2.994E+02	0.995	9.400E-131	0	207	209	0	207	209	208M
6590	1064	-7.084E+02	0.998	0.000E+00	0	595	597	0	595	597	596M
6590	6590	-7.084E+02	1.00	0.000E+00	0	596	597	0	596	597	597M
6590	10153	-7.084E+02	1.00	0.000E+00	0	595	597	0	595	597	596M
6591	4317	-7.084E+02	1.00	0.000E+00	0	564	566	0	564	566	565M
6591	6591	-7.084E+02	1.00	0.000E+00	0	565	566	0	565	566	566M
6591	10154	-7.084E+02	1.00	0.000E+00	0	564	566	0	564	566	565M
6592	2785	-1.776E+02	0.984	7.058E-78	21	146	148	5	130	132	126M
6592	6592	-2.152E+02	1.00	3.413E-94	0	147	148	0	147	148	148M
6592	10155	-2.155E+02	1.00	2.489E-94	0	146	148	0	146	148	147M
6593	2784	-4.635E+02	1.00	5.287E-202	0	305	307	0	305	307	306M
6593	6593	-4.631E+02	1.00	7.246E-202	0	306	307	0	306	307	307M
6593	10156	-4.635E+02	1.00	5.287E-202	0	305	307	0	305	307	306M
6594	2783	-2.962E+02	0.995	2.202E-129	0	207	209	0	207	209	208M
6594	6594	-2.972E+02	1.00	8.550E-130	0	208	209	0	208	209	209M
6594	10157	-2.975E+02	1.00	6.237E-130	0	207	209	0	207	209	208M
6595	2782	-3.776E+02	1.00	1.061E-164	0	268	270	0	268	270	269M
6595	6595	-3.772E+02	1.00	1.454E-164	0	269	270	0	269	270	270M
6595	10158	-3.776E+02	1.00	1.061E-164	0	268	270	0	268	270	269M
6596	2781	-3.944E+02	0.996	5.039E-172	0	258	260	0	258	260	259M
6596	6596	-3.957E+02	1.00	1.428E-172	0	259	260	0	259	260	260M
6596	10159	-3.960E+02	1.00	1.042E-172	0	258	260	0	258	260	259M
6597	2780	-2.513E+02	1.00	7.413E-110	0	164	166	0	164	166	165M
6597	6597	-2.510E+02	1.00	1.016E-109	0	165	166	0	165	166	166M
6597	10160	-2.513E+02	1.00	7.413E-110	0	164	166	0	164	166	165M
6598	2779	-4.272E+02	0.996	2.898E-186	0	278	280	0	278	280	279M
6598	6598	-4.275E+02	1.00	2.114E-186	0	279	280	0	279	280	280M
6598	10161	-4.278E+02	1.00	1.543E-186	0	278	280	0	278	280	279M
6599	2778	-1.774E+02	0.992	8.910E-78	0	131	133	0	131	133	132M
6599	6599	-1.784E+02	1.00	3.455E-78	0	132	133	0	132	133	133M
6599	10162	-1.787E+02	1.00	2.519E-78	0	131	133	0	131	133	132M
6600	2777	-4.348E+02	1.00	1.405E-189	0	290	292	0	290	292	291M
6600	6600	-4.345E+02	1.00	1.926E-189	0	291	292	0	291	292	292M
6600	10163	-4.348E+02	1.00	1.405E-189	0	290	292	0	290	292	291M
6601	2776	-1.002E+02	1.00	2.943E-44	0	80	82	0	80	82	81M
6601	6601	-9.992E+01	1.00	4.039E-44	0	81	82	0	81	82	82M
6601	10164	-1.002E+02	1.00	2.943E-44	0	80	82	0	80	82	81M
6602	2775	-1.933E+02	0.993	1.100E-84	0	155	157	0	155	157	156M
6602	6602	-1.943E+02	1.00	4.268E-85	0	156	157	0	156	157	157M
6602	10165	-1.946E+02	1.00	3.113E-85	0	155	157	0	155	157	156M
6603	2774	-2.456E+02	1.00	2.147E-107	0	177	179	0	177	179	178M
6603	6603	-2.453E+02	1.00	2.943E-107	0	178	179	0	178	179	179M
6603	10166	-2.456E+02	1.00	2.147E-107	0	177	179	0	177	179	178M
6604	2773	-7.084E+02	1.00	0.000E+00	0	513	515	0	513	515	514M
6604	6604	-7.084E+02	1.00	0.000E+00	0	514	515	0	514	515	515M
6604	10167	-7.084E+02	1.00	0.000E+00	0	513	515	0	513	515	514M
6605	2772	-4.189E+02	1.00	1.226E-182	0	288	290	0	288	290	289M
6605	6605	-4.186E+02	1.00	1.680E-182	0	289	290	0	289	290	290M
6605	10168	-4.189E+02	1.00	1.226E-182	0	288	290	0	288	290	289M
6606	2771	-6.955E+02	1.00	8.513E-303	0	463	465	0	463	465	464M
6606	6606	-6.952E+02	1.00	1.166E-302	0	464	465	0	464	465	465M
6606	10169	-6.955E+02	1.00	8.513E-303	0	463	465	0	463	465	464M
6607	2770	-1.843E+02	1.00	8.733E-81	0	138	140	0	138	140	139M
6607	6607	-1.840E+02	1.00	1.198E-80	0	139	140	0	139	140	140M
6607	10170	-1.843E+02	1.00	8.733E-81	0	138	140	0	138	140	139M
6608	2441	-2.733E+02	1.00	1.973E-119	0	198	200	0	198	200	199M
6608	6608	-2.730E+02	1.00	2.704E-119	0	199	200	0	199	200	200M
6608	10171	-2.733E+02	1.00	1.973E-119	0	198	200	0	198	200	199M
6609	2442	-2.745E+02	0.994	6.127E-120	0	180	182	0	180	182	181M
6609	6609	-2.754E+02	1.00	2.378E-120	0	181	182	0	181	182	182M
6609	10172	-2.758E+02	1.00	1.734E-120	0	180	182	0	180	182	181M
6610	2443	-3.833E+02	1.00	3.382E-167	0	253	255	0	253	255	254M
6610	6610	-3.830E+02	1.00	4.636E-167	0	254	255	0	254	255	255M
6610	10173	-3.833E+02	1.00	3.382E-167	0	253	255	0	253	255	254M
6611	2444	-5.827E+02	1.00	8.477E-254	0	403	405	0	403	405	404M
6611	6611	-5.824E+02	1.00	1.162E-253	0	404	405	0	404	405	405M
6611	10174	-5.827E+02	1.00	8.477E-254	0	403	405	0	403	405	404M
6612	2445	-3.197E+02	1.00	1.488E-139	0	212	214	0	212	214	213M
6612	6612	-3.193E+02	1.00	2.040E-139	0	213	214	0	213	214	214M
6612	10175	-3.197E+02	1.00	1.488E-139	0	212	214	0	212	214	213M
6613	2446	-4.422E+02	0.996	8.904E-193	0	301	303	0	301	303	302M
6613	6613	-4.435E+02	1.00	2.524E-193	0	302	303	0	302	303	303M
6613	10176	-4.438E+02	1.00	1.842E-193	0	301	303	0	301	303	302M
6614	2447	-2.965E+02	1.00	1.678E-129	0	188	190	0	188	190	189M
6614	6614	-2.962E+02	1.00	2.301E-129	0	189	190	0	189	190	190M
6614	10177	-2.965E+02	1.00	1.678E-129	0	188	190	0	188	190	189M
6615	2448	-5.828E+02	0.984	8.206E-254	0	382	384	0	382	384	383M
6615	6615	-5.931E+02	1.00	2.503E-258	0	383	384	0	383	384	384M
6615	10178	-5.935E+02	1.00	1.826E-258	0	382	384	0	382	384	383M
6616	2449	-6.038E+02	0.997	5.834E-263	0	383	385	0	383	385	384M
6616	6616	-6.038E+02	1.00	5.834E-263	0	384	385	0	384	385	385M
6616	10179	-6.041E+02	1.00	4.257E-263	0	383	385	0	383	385	384M
6617	2450	-2.495E+02	1.00	4.428E-109	0	175	177	0	175	177	176M
6617	6617	-2.492E+02	1.00	6.070E-109	0	176	177	0	176	177	177M
6617	10180	-2.495E+02	1.00	4.428E-109	0	175	177	0	175	177	176M
6618	2451	-2.044E+02	0.985	1.689E-89	0	141	143	0	141	143	142M
6618	6618	-2.060E+02	1.00	3.483E-90	0	142	143	0	142	143	143M
6618	10181	-2.063E+02	1.00	2.540E-90	0	141	143	0	141	143	142M
6619	2452	-7.084E+02	0.994	0.000E+00	0	703	705	0	703	705	704M
6619	6619	-7.084E+02	1.00	0.000E+00	0	704	705	0	704	705	705M
6619	10182	-7.084E+02	1.00	0.000E+00	0	703	705	0	703	705	704M
6620	2453	-8.853E+01	0.985	3.546E-39	0	67	69	0	67	69	68M
6620	6620	-9.012E+01	1.00	7.276E-40	0	68	69	0	68	69	69M
6620	10183	-9.044E+01	1.00	5.301E-40	0	67	69	0	67	69	68M
6621	2454	-6.158E+02	0.962	3.648E-268	0	403	405	0	403	405	404M
6621	6621	-6.385E+02	1.00	5.127E-278	0	404	405	0	404	405	405M
6621	10184	-6.388E+02	1.00	3.742E-278	0	403	405	0	403	405	404M
6622	2455	-2.863E+02	0.989	4.550E-125	0	197	199	0	197	199	198M
6622	6622	-2.876E+02	1.00	1.288E-125	0	198	199	0	198	199	199M
6622	10185	-2.879E+02	1.00	9.398E-126	0	197	199	0	197	199	198M
6623	1242	-3.508E+01	0.970	5.814E-16	0	33	35	110	143	145	34M
6623	5826	-3.604E+01	1.00	2.237E-16	0	33	35	0	33	35	34M
6623	10186	-3.604E+01	1.00	2.237E-16	0	33	35	0	33	35	34M
6624	3742	-7.444E+02	0.981	4.941E-324	0	479	481	0	479	481	480M
6624	6624	-7.084E+02	1.00	0.000E+00	0	480	481	0	480	481	481M
6624	8777	-7.084E+02	1.00	0.000E+00	0	479	481	0	479	481	480M
6625	3750	-7.084E+02	0.998	0.000E+00	0	508	510	0	508	510	509M
6625	6625	-7.084E+02	1.00	0.000E+00	0	509	510	0	509	510	510M
6625	8778	-7.084E+02	1.00	0.000E+00	0	508	510	0	508	510	509M
6626	3749	-2.521E+02	1.00	3.414E-110	0	161	163	0	161	163	162M
6626	6626	-2.517E+02	1.00	4.681E-110	0	162	163	0	162	163	163M
6626	8779	-2.521E+02	1.00	3.414E-110	0	161	163	0	161	163	162M
6627	3748	-2.147E+02	0.972	5.828E-94	0	144	146	0	144	146	145M
6627	6627	-2.191E+02	1.00	7.015E-96	0	145	146	0	145	146	146M
6627	8780	-2.194E+02	1.00	5.116E-96	0	144	146	0	144	146	145M
6628	3747	-8.450E+01	1.00	2.009E-37	0	53	55	0	53	55	54M
6628	6628	-8.418E+01	1.00	2.758E-37	0	54	55	0	54	55	55M
6628	8781	-8.450E+01	1.00	2.009E-37	0	53	55	0	53	55	54M
6629	3746	-5.858E+02	0.994	4.089E-255	0	392	394	0	392	394	393M
6629	6629	-5.880E+02	1.00	4.506E-256	0	393	394	0	393	394	394M
6629	8782	-5.883E+02	1.00	3.288E-256	0	392	394	0	392	394	393M
6630	3745	-4.807E+02	0.993	1.663E-209	0	313	315	0	313	315	314M
6630	6630	-4.839E+02	1.00	7.116E-211	0	314	315	0	314	315	315M
6630	8783	-4.842E+02	1.00	5.192E-211	0	313	315	0	313	315	314M
6631	3744	-4.400E+02	1.00	8.086E-192	0	301	303	0	301	303	302M
6631	6631	-4.397E+02	1.00	1.108E-191	0	302	303	0	302	303	303M
6631	8784	-4.400E+02	1.00	8.086E-192	0	301	303	0	301	303	302M
6632	6632	-2.795E+02	1.00	4.273E-122	0	196	197	0	196	197	197M
6632	8785	-2.798E+02	1.00	3.117E-122	0	195	197	0	195	197	196M
6633	3187	-7.084E+02	0.998	0.000E+00	0	691	693	0	691	693	692M
6633	6633	-7.084E+02	1.00	0.000E+00	0	692	693	0	692	693	693M
6633	8786	-7.084E+02	1.00	0.000E+00	0	691	693	0	691	693	692M
6634	3188	-3.418E+02	1.00	3.614E-149	0	224	226	0	224	226	225M
6634	6634	-3.415E+02	1.00	4.954E-149	0	225	226	0	225	226	226M
6634	8787	-3.418E+02	1.00	3.614E-149	0	224	226	0	224	226	225M
6635	3189	-4.012E+02	0.988	5.726E-175	0	268	270	0	268	270	269M
6635	6635	-4.063E+02	1.00	3.692E-177	0	269	270	0	269	270	270M
6635	8788	-4.066E+02	1.00	2.694E-177	0	268	270	0	268	270	269M
6636	3190	-7.084E+02	0.990	0.000E+00	0	818	820	0	818	820	819M
6636	6636	-7.084E+02	1.00	0.000E+00	0	819	820	0	819	820	820M
6636	8789	-7.084E+02	1.00	0.000E+00	0	818	820	0	818	820	819M
6637	3191	-3.296E+02	0.965	7.323E-144	0	229	231	0	229	231	230M
6637	6637	-3.412E+02	1.00	6.276E-149	0	230	231	0	230	231	231M
6637	8790	-3.416E+02	1.00	4.578E-149	0	229	231	0	229	231	230M
6638	3192	-2.686E+02	0.983	2.275E-117	0	185	187	0	185	187	186M
6638	6638	-2.711E+02	1.00	1.824E-118	0	186	187	0	186	187	187M
6638	8791	-2.714E+02	1.00	1.330E-118	0	185	187	0	185	187	186M
6639	3193	-3.034E+02	1.00	1.767E-132	0	203	205	0	203	205	204M
6639	6639	-3.031E+02	1.00	2.422E-132	0	204	205	0	204	205	205M
6639	8792	-3.034E+02	1.00	1.767E-132	0	203	205	0	203	205	204M
6640	3194	-5.053E+02	0.997	3.525E-220	0	340	342	0	340	342	341M
6640	6640	-5.066E+02	1.00	9.994E-221	0	341	342	0	341	342	342M
6640	8793	-5.069E+02	1.00	7.293E-221	0	340	342	0	340	342	341M
6641	6641	-5.087E+02	1.00	1.139E-221	0	335	336	0	335	336	336M
6641	8794	-5.091E+02	1.00	8.314E-222	0	334	336	0	334	336	335M
6642	1187	-2.525E+01	0.224	1.081E-11	44	753	755	30	697	699	12M2D5M1D6M2D7M1D11M6D4M2D22M5I17M7I6M6I46M6I17M1I6M3I13M9I22M6D8M4D63M1D37M1D12M1I8M1I16M12D12M1I28M1D34M7I10M1I28M1D11M18I37M3I20M4D23M4I16M2D3M16I16M1I38M2D6M
6642	6642	-7.084E+02	1.00	0.000E+00	0	754	755	0	754	755	755M
6642	8795	-7.084E+02	1.00	0.000E+00	0	753	755	0	753	755	754M
6643	2750	-3.289E+02	1.00	1.512E-143	0	211	213	0	211	213	212M
6643	6643	-3.285E+02	1.00	2.073E-143	0	212	213	0	212	213	213M
6643	8796	-3.289E+02	1.00	1.512E-143	0	211	213	0	211	213	212M
6644	2751	-3.077E+02	0.995	2.238E-134	0	204	206	0	204	206	205M
6644	6644	-3.084E+02	1.00	1.191E-134	0	205	206	0	205	206	206M
6644	8797	-3.087E+02	1.00	8.689E-135	0	204	206	0	204	206	205M
6645	2752	-7.084E+02	0.992	0.000E+00	0	557	559	0	557	559	558M
6645	6645	-7.084E+02	1.00	0.000E+00	0	558	559	0	558	559	559M
6645	8798	-7.084E+02	1.00	0.000E+00	0	557	559	0	557	559	558M
6646	2753	-5.381E+02	0.973	2.127E-234	0	334	336	0	334	336	335M
6646	6646	-5.532E+02	1.00	5.721E-241	0	335	336	0	335	336	336M
6646	8799	-5.535E+02	1.00	4.174E-241	0	334	336	0	334	336	335M
6647	2754	-7.499E+01	1.00	2.706E-33	0	53	55	0	53	55	54M
6647	6647	-7.467E+01	1.00	3.716E-33	0	54	55	0	54	55	55M
6647	8800	-7.499E+01	1.00	2.706E-33	0	53	55	0	53	55	54M
6648	2755	-7.084E+02	0.998	0.000E+00	0	514	516	0	514	516	515M
6648	6648	-7.084E+02	1.00	0.000E+00	0	515	516	0	515	516	516M
6648	8801	-7.084E+02	1.00	0.000E+00	0	514	516	0	514	516	515M
6649	2756	-6.684E+02	0.975	5.034E-291	0	443	445	0	443	445	444M
6649	6649	-6.864E+02	1.00	8.006E-299	0	444	445	0	444	445	445M
6649	8802	-6.867E+02	1.00	5.843E-299	0	443	445	0	443	445	444M
6650	2757	-7.084E+02	1.00	0.000E+00	0	542	544	0	542	544	543M
6650	6650	-7.084E+02	1.00	0.000E+00	0	543	544	0	543	544	544M
6650	8803	-7.084E+02	1.00	0.000E+00	0	542	544	0	542	544	543M
6651	3306	-7.084E+02	0.999	0.000E+00	0	1227	1229	0	1227	1229	1228M
6651	6651	-7.084E+02	1.00	0.000E+00	0	1228	1229	0	1228	1229	1229M
6651	8804	-7.084E+02	1.00	0.000E+00	0	1227	1229	0	1227	1229	1228M
6652	3305	-4.940E+02	0.985	2.943E-215	0	333	335	0	333	335	334M
6652	6652	-4.990E+02	1.00	1.901E-217	0	334	335	0	334	335	335M
6652	8805	-4.993E+02	1.00	1.387E-217	0	333	335	0	333	335	334M
6653	3304	-4.334E+02	0.978	5.820E-189	0	280	282	2	282	284	281M
6653	6653	-4.404E+02	1.00	5.662E-192	0	281	282	0	281	282	282M
6653	8806	-4.407E+02	1.00	4.131E-192	0	280	282	0	280	282	281M
6654	3303	-6.783E+02	0.995	2.631E-295	0	441	443	0	441	443	442M
6654	6654	-6.805E+02	1.00	2.900E-296	0	442	443	0	442	443	443M
6654	8807	-6.808E+02	1.00	2.117E-296	0	441	443	0	441	443	442M
6655	3302	-3.498E+02	0.991	1.196E-152	0	248	250	0	248	250	249M
6655	6655	-3.527E+02	1.00	7.006E-154	0	249	250	0	249	250	250M
6655	8808	-3.530E+02	1.00	5.112E-154	0	248	250	0	248	250	249M
6656	3301	-4.470E+02	0.993	7.517E-195	10	300	302	0	290	292	291M
6656	6656	-4.634E+02	1.00	5.728E-202	0	301	302	0	301	302	302M
6656	8809	-4.637E+02	1.00	4.180E-202	0	300	302	0	300	302	301M
6657	3300	-1.871E+02	0.891	5.702E-82	0	147	149	0	147	149	148M
6657	6657	-2.117E+02	1.00	1.154E-92	0	148	149	0	148	149	149M
6657	8810	-2.120E+02	1.00	8.413E-93	0	147	149	0	147	149	148M
6658	1938	-5.476E+02	0.983	1.580E-238	26	380	382	2	356	358	355M
6658	6658	-5.891E+02	1.00	1.370E-256	0	381	382	0	381	382	382M
6658	8811	-5.895E+02	1.00	9.997E-257	0	380	382	0	380	382	381M
6659	1937	-5.770E+02	0.980	2.698E-251	0	405	407	0	405	407	406M
6659	6659	-5.851E+02	1.00	7.482E-255	0	406	407	0	406	407	407M
6659	8812	-5.855E+02	1.00	5.461E-255	0	405	407	0	405	407	406M
6660	1936	-3.899E+02	0.988	4.793E-170	0	261	263	0	261	263	262M
6660	6660	-3.946E+02	1.00	4.235E-172	0	262	263	0	262	263	263M
6660	8813	-3.949E+02	1.00	3.090E-172	0	261	263	0	261	263	262M
6661	1935	-6.633E+02	1.00	8.847E-289	0	439	441	0	439	441	440M
6661	6661	-6.630E+02	1.00	1.212E-288	0	440	441	0	440	441	441M
6661	8814	-6.633E+02	1.00	8.847E-289	0	439	441	0	439	441	440M
6662	1934	-2.294E+02	0.987	2.294E-100	0	159	161	0	159	161	160M
6662	6662	-2.320E+02	1.00	1.836E-101	0	160	161	0	160	161	161M
6662	8815	-2.323E+02	1.00	1.339E-101	0	159	161	0	159	161	160M
6663	1933	-6.466E+02	0.993	1.489E-281	0	431	433	0	431	433	432M
6663	6663	-6.498E+02	1.00	6.381E-283	0	432	433	0	432	433	433M
6663	8816	-6.501E+02	1.00	4.656E-283	0	431	433	0	431	433	432M
6664	1932	-6.347E+02	0.992	2.326E-276	0	397	399	0	397	399	398M
6664	6664	-6.388E+02	1.00	3.869E-278	0	398	399	0	398	399	399M
6664	8817	-6.391E+02	1.00	2.823E-278	0	397	399	0	397	399	398M
6665	1931	-7.084E+02	0.987	0.000E+00	0	545	547	0	545	547	546M
6665	6665	-7.084E+02	1.00	0.000E+00	0	546	547	0	546	547	547M
6665	8818	-7.084E+02	1.00	0.000E+00	0	545	547	0	545	547	546M
6666	1930	-7.322E+02	0.997	9.966E-319	0	487	489	0	487	489	488M
6666	6666	-7.329E+02	1.00	5.308E-319	0	488	489	0	488	489	489M
6666	8819	-7.332E+02	1.00	3.874E-319	0	487	489	0	487	489	488M
6667	1929	-3.851E+02	1.00	5.685E-168	0	262	264	0	262	264	263M
6667	6667	-3.848E+02	1.00	7.792E-168	0	263	264	0	263	264	264M
6667	8820	-3.851E+02	1.00	5.685E-168	0	262	264	0	262	264	263M
6668	1928	-3.939E+02	0.996	8.742E-172	0	263	265	0	263	265	264M
6668	6668	-3.948E+02	1.00	3.395E-172	0	264	265	0	264	265	265M
6668	8821	-3.951E+02	1.00	2.477E-172	0	263	265	0	263	265	264M
6669	1927	-3.877E+02	0.963	4.069E-169	0	273	275	0	273	275	274M
6669	6669	-4.057E+02	1.00	6.402E-177	0	274	275	0	274	275	275M
6669	8822	-4.060E+02	1.00	4.671E-177	0	273	275	0	273	275	274M
6670	1926	-2.720E+02	1.00	7.149E-119	0	172	174	0	172	174	173M
6670	6670	-2.717E+02	1.00	9.802E-119	0	173	174	0	173	174	174M
6670	8823	-2.720E+02	1.00	7.149E-119	0	172	174	0	172	174	173M
6671	1925	-5.968E+02	1.00	6.794E-260	0	406	408	0	406	408	407M
6671	6671	-5.964E+02	1.00	9.309E-260	0	407	408	0	407	408	408M
6671	8824	-5.968E+02	1.00	6.794E-260	0	406	408	0	406	408	407M
6672	1924	-6.196E+02	0.992	7.939E-270	0	402	404	0	402	404	403M
6672	6672	-6.231E+02	1.00	2.481E-271	0	403	404	0	403	404	404M
6672	8825	-6.234E+02	1.00	1.810E-271	0	402	404	0	402	404	403M
6673	1923	-4.759E+02	0.970	2.037E-207	0	308	310	0	308	310	309M
6673	6673	-4.888E+02	1.00	4.974E-213	0	309	310	0	309	310	310M
6673	8826	-4.892E+02	1.00	3.629E-213	0	308	310	0	308	310	309M
6674	1922	-3.647E+02	0.988	4.051E-159	0	253	255	0	253	255	254M
6674	6674	-3.682E+02	1.00	1.263E-160	0	254	255	0	254	255	255M
6674	8827	-3.685E+02	1.00	9.216E-161	0	253	255	0	253	255	254M
6675	1921	-5.765E+02	0.997	4.246E-251	0	354	356	0	354	356	355M
6675	6675	-5.781E+02	1.00	8.783E-252	0	355	356	0	355	356	356M
6675	8828	-5.784E+02	1.00	6.409E-252	0	354	356	0	354	356	355M
6676	1920	-1.383E+02	0.979	9.055E-61	0	98	100	0	98	100	99M
6676	6676	-1.414E+02	1.00	3.837E-62	0	99	100	0	99	100	100M
6676	8829	-1.417E+02	1.00	2.797E-62	0	98	100	0	98	100	99M
6677	1919	-1.530E+02	1.00	3.526E-67	0	100	102	3	103	105	101M
6677	6677	-1.527E+02	1.00	4.837E-67	0	101	102	0	101	102	102M
6677	8830	-1.530E+02	1.00	3.526E-67	0	100	102	0	100	102	101M
6678	1898	-3.999E+02	1.00	2.118E-174	0	269	271	0	269	271	270M
6678	6678	-3.996E+02	1.00	2.903E-174	0	270	271	0	270	271	271M
6678	8831	-3.999E+02	1.00	2.118E-174	0	269	271	0	269	271	270M
6679	1897	-1.411E+02	0.989	5.263E-62	0	98	100	0	98	100	99M
6679	6679	-1.436E+02	1.00	4.197E-63	0	99	100	0	99	100	100M
6679	8832	-1.439E+02	1.00	3.059E-63	0	98	100	0	98	100	99M
6680	1896	-2.806E+02	0.989	1.439E-122	0	192	194	0	192	194	193M
6680	6680	-2.824E+02	1.00	2.168E-123	0	193	194	0	193	194	194M
6680	8833	-2.828E+02	1.00	1.581E-123	0	192	194	0	192	194	193M
6681	1895	-3.839E+02	0.977	1.914E-167	0	261	263	0	261	263	262M
6681	6681	-3.921E+02	1.00	5.275E-171	0	262	263	0	262	263	263M
6681	8834	-3.924E+02	1.00	3.848E-171	0	261	263	0	261	263	262M
6682	1894	-2.093E+02	1.00	1.282E-91	0	138	140	0	138	140	139M
6682	6682	-2.090E+02	1.00	1.758E-91	0	139	140	0	139	140	140M
6682	8835	-2.093E+02	1.00	1.282E-91	0	138	140	0	138	140	139M
6683	1893	-6.576E+02	1.00	2.479E-286	0	418	420	0	418	420	419M
6683	6683	-6.573E+02	1.00	3.398E-286	0	419	420	0	419	420	420M
6683	8836	-6.576E+02	1.00	2.479E-286	0	418	420	0	418	420	419M
6684	1892	-7.084E+02	0.998	0.000E+00	0	663	665	0	663	665	664M
6684	6684	-7.084E+02	1.00	0.000E+00	0	664	665	0	664	665	665M
6684	8837	-7.084E+02	1.00	0.000E+00	0	663	665	0	663	665	664M
6685	1891	-1.660E+02	1.00	7.962E-73	0	112	114	0	112	114	113M
6685	6685	-1.657E+02	1.00	1.092E-72	0	113	114	0	113	114	114M
6685	8838	-1.660E+02	1.00	7.962E-73	0	112	114	0	112	114	113M
6686	1890	-2.643E+02	1.00	1.605E-115	0	175	177	0	175	177	176M
6686	6686	-2.640E+02	1.00	2.201E-115	0	176	177	0	176	177	177M
6686	8839	-2.643E+02	1.00	1.605E-115	0	175	177	0	175	177	176M
6687	1889	-5.971E+02	1.00	4.824E-260	0	419	421	0	419	421	420M
6687	6687	-5.968E+02	1.00	6.611E-260	0	420	421	0	420	421	421M
6687	8840	-5.971E+02	1.00	4.824E-260	0	419	421	0	419	421	420M
6688	1888	-5.133E+02	0.993	1.201E-223	0	331	333	0	331	333	332M
6688	6688	-5.164E+02	1.00	5.137E-225	0	332	333	0	332	333	333M
6688	8841	-5.168E+02	1.00	3.749E-225	0	331	333	0	331	333	332M
6689	1887	-6.962E+01	1.00	5.799E-31	0	65	67	0	65	67	66M
6689	6689	-6.931E+01	1.00	7.963E-31	0	66	67	0	66	67	67M
6689	8842	-6.962E+01	1.00	5.799E-31	0	65	67	0	65	67	66M
6690	1886	-2.551E+02	1.00	1.633E-111	0	170	172	0	170	172	171M
6690	6690	-2.548E+02	1.00	2.239E-111	0	171	172	0	171	172	172M
6690	8843	-2.551E+02	1.00	1.633E-111	0	170	172	0	170	172	171M
6691	1885	-2.926E+02	1.00	8.027E-128	0	203	205	0	203	205	204M
6691	6691	-2.923E+02	1.00	1.100E-127	0	204	205	0	204	205	205M
6691	8844	-2.926E+02	1.00	8.027E-128	0	203	205	0	203	205	204M
6692	1884	-7.084E+02	1.00	0.000E+00	0	687	689	0	687	689	688M
6692	6692	-7.084E+02	1.00	0.000E+00	0	688	689	0	688	689	689M
6692	8845	-7.084E+02	1.00	0.000E+00	0	687	689	0	687	689	688M
6693	1883	-7.084E+02	0.992	0.000E+00	0	539	541	0	539	541	540M
6693	6693	-7.084E+02	1.00	0.000E+00	0	540	541	0	540	541	541M
6693	8846	-7.084E+02	1.00	0.000E+00	0	539	541	0	539	541	540M
6694	1882	-3.029E+02	1.00	2.792E-132	0	206	208	0	206	208	207M
6694	6694	-3.026E+02	1.00	3.827E-132	0	207	208	0	207	208	208M
6694	8847	-3.029E+02	1.00	2.792E-132	0	206	208	0	206	208	207M
6695	1881	-7.394E+02	0.997	7.806E-322	0	489	491	0	489	491	490M
6695	6695	-7.394E+02	1.00	7.806E-322	0	490	491	0	490	491	491M
6695	8848	-7.397E+02	1.00	5.682E-322	0	489	491	0	489	491	490M
6696	1880	-7.084E+02	1.00	0.000E+00	0	551	553	0	551	553	552M
6696	6696	-7.084E+02	1.00	0.000E+00	0	552	553	0	552	553	553M
6696	8849	-7.084E+02	1.00	0.000E+00	0	551	553	0	551	553	552M
6697	1751	-7.415E+02	0.997	9.387E-323	60	545	547	0	485	487	486M
6697	6697	-7.084E+02	1.00	0.000E+00	0	546	547	0	546	547	547M
6697	8850	-7.084E+02	1.00	0.000E+00	0	545	547	0	545	547	546M
6698	1750	-1.949E+02	0.916	2.270E-85	0	155	157	0	155	157	156M
6698	6698	-2.091E+02	1.00	1.540E-91	0	156	157	0	156	157	157M
6698	8851	-2.094E+02	1.00	1.123E-91	0	155	157	0	155	157	156M
6699	1749	-4.477E+02	0.996	3.594E-195	0	291	293	0	291	293	292M
6699	6699	-4.493E+02	1.00	7.433E-196	0	292	293	0	292	293	293M
6699	8852	-4.496E+02	1.00	5.423E-196	0	291	293	0	291	293	292M
6700	1748	-6.432E+02	0.995	4.428E-280	0	443	445	0	443	445	444M
6700	6700	-6.454E+02	1.00	4.882E-281	0	444	445	0	444	445	445M
6700	8853	-6.458E+02	1.00	3.563E-281	0	443	445	0	443	445	444M
6701	1747	-7.084E+02	0.992	0.000E+00	0	636	638	0	636	638	637M
6701	6701	-7.084E+02	1.00	0.000E+00	0	637	638	0	637	638	638M
6701	8854	-7.084E+02	1.00	0.000E+00	0	636	638	0	636	638	637M
6702	1746	-3.281E+02	0.991	3.269E-143	0	234	236	0	234	236	235M
6702	6702	-3.300E+02	1.00	4.930E-144	0	235	236	0	235	236	236M
6702	8855	-3.303E+02	1.00	3.597E-144	0	234	236	0	234	236	235M
6703	1745	-1.311E+02	1.00	1.206E-57	0	90	92	0	90	92	91M
6703	6703	-1.307E+02	1.00	1.655E-57	0	91	92	0	91	92	92M
6703	8856	-1.311E+02	1.00	1.206E-57	0	90	92	0	90	92	91M
6704	1744	-2.251E+02	1.00	1.828E-98	0	145	147	0	145	147	146M
6704	6704	-2.247E+02	1.00	2.507E-98	0	146	147	0	146	147	147M
6704	8857	-2.251E+02	1.00	1.828E-98	0	145	147	0	145	147	146M
6705	1743	-2.844E+02	0.994	3.020E-124	0	197	199	0	197	199	198M
6705	6705	-2.854E+02	1.00	1.172E-124	0	198	199	0	198	199	199M
6705	8858	-2.857E+02	1.00	8.550E-125	0	197	199	0	197	199	198M
6706	1742	-3.941E+02	0.931	6.802E-172	0	305	307	0	305	307	306M
6706	6706	-4.307E+02	1.00	9.078E-188	0	306	307	0	306	307	307M
6706	8859	-4.310E+02	1.00	6.624E-188	0	305	307	0	305	307	306M
6707	1741	-7.437E+02	0.965	9.881E-324	0	495	497	0	495	497	496M
6707	6707	-7.084E+02	1.00	0.000E+00	0	496	497	0	496	497	497M
6707	8860	-7.084E+02	1.00	0.000E+00	0	495	497	0	495	497	496M
6708	1740	-3.662E+02	0.992	9.313E-160	0	262	264	0	262	264	263M
6708	6708	-3.684E+02	1.00	1.025E-160	0	263	264	0	263	264	264M
6708	8861	-3.687E+02	1.00	7.479E-161	0	262	264	0	262	264	263M
6709	1739	-7.084E+02	0.975	0.000E+00	0	1056	1058	11	1067	1069	1057M
6709	6709	-7.084E+02	1.00	0.000E+00	0	1057	1058	0	1057	1058	1058M
6709	8862	-7.084E+02	1.00	0.000E+00	0	1056	1058	0	1056	1058	1057M
6710	1738	-4.768E+02	0.976	8.701E-208	0	337	339	0	337	339	338M
6710	6710	-4.869E+02	1.00	3.636E-212	0	338	339	0	338	339	339M
6710	8863	-4.872E+02	1.00	2.653E-212	0	337	339	0	337	339	338M
6711	1737	-2.565E+02	0.983	4.217E-112	11	188	190	0	177	179	178M
6711	6711	-2.738E+02	1.00	1.229E-119	0	189	190	0	189	190	190M
6711	8864	-2.741E+02	1.00	8.968E-120	0	188	190	0	188	190	189M
6712	1736	-4.485E+02	0.979	1.685E-195	0	295	297	0	295	297	296M
6712	6712	-4.538E+02	1.00	7.934E-198	0	296	297	0	296	297	297M
6712	8865	-4.542E+02	1.00	5.789E-198	0	295	297	0	295	297	296M
6713	1735	-4.744E+02	0.993	9.090E-207	0	313	315	0	313	315	314M
6713	6713	-4.763E+02	1.00	1.372E-207	0	314	315	0	314	315	315M
6713	8866	-4.766E+02	1.00	1.001E-207	0	313	315	0	313	315	314M
6714	1734	-6.790E+02	0.989	1.318E-295	0	460	462	0	460	462	461M
6714	6714	-6.840E+02	1.00	8.534E-298	0	461	462	0	461	462	462M
6714	8867	-6.843E+02	1.00	6.228E-298	0	460	462	0	460	462	461M
6715	1733	-3.706E+02	0.979	1.082E-161	0	241	243	0	241	345	242M
6715	6715	-3.773E+02	1.00	1.440E-164	0	242	243	0	242	243	243M
6715	8868	-3.776E+02	1.00	1.051E-164	0	241	243	0	241	243	242M
6716	1216	-2.012E+01	0.280	1.833E-09	16	160	162	271	394	396	8M4I23M1I33M1I15M3I8M1D19M13I17M
6716	6716	-2.537E+02	1.00	6.715E-111	0	161	162	0	161	162	162M
6716	8869	-2.540E+02	1.00	4.898E-111	0	160	162	0	160	162	161M
6717	2533	-1.382E+02	0.978	9.714E-61	0	93	95	0	93	95	94M
6717	6717	-1.401E+02	1.00	1.457E-61	0	94	95	0	94	95	95M
6717	8870	-1.404E+02	1.00	1.062E-61	0	93	95	0	93	95	94M
6718	6718	-1.320E+02	1.00	4.909E-58	0	92	93	0	92	93	93M
6718	8871	-1.323E+02	1.00	3.578E-58	0	91	93	0	91	93	92M
6719	6719	-3.783E+02	1.00	4.931E-165	0	246	247	0	246	247	247M
6719	8872	-3.786E+02	1.00	3.597E-165	0	245	247	0	245	247	246M
6720	6720	-6.900E+02	1.00	2.280E-300	0	442	443	0	442	443	443M
6720	8873	-6.903E+02	1.00	1.664E-300	0	441	443	0	441	443	442M
6721	6721	-3.783E+02	1.00	5.248E-165	0	254	255	0	254	255	255M
6721	8874	-3.786E+02	1.00	3.829E-165	0	253	255	0	253	255	254M
6722	6722	-7.084E+02	1.00	0.000E+00	0	597	598	0	597	598	598M
6722	8875	-7.084E+02	1.00	0.000E+00	0	596	598	0	596	598	597M
6723	6723	-7.121E+02	1.00	5.435E-310	0	460	461	0	460	461	461M
6723	8876	-7.124E+02	1.00	3.966E-310	0	459	461	0	459	461	460M
6724	6724	-6.008E+02	1.00	1.172E-261	0	401	402	0	401	402	402M
6724	8877	-6.011E+02	1.00	8.554E-262	0	400	402	0	400	402	401M
6725	4150	-5.078E+02	1.00	2.866E-221	0	347	349	0	347	349	348M
6725	6725	-5.075E+02	1.00	3.928E-221	0	348	349	0	348	349	349M
6725	8878	-5.078E+02	1.00	2.866E-221	0	347	349	0	347	349	348M
6726	1242	-3.694E+01	0.971	9.096E-17	0	34	36	109	143	145	35M
6726	5348	-3.789E+01	1.00	3.501E-17	0	34	36	0	34	36	35M
6726	9408	-3.789E+01	1.00	3.501E-17	0	34	36	0	34	36	35M
6727	1242	-3.418E+01	0.969	1.430E-15	0	32	34	111	143	145	33M
6727	7816	-3.514E+01	1.00	5.502E-16	0	32	34	0	32	34	33M
6727	10718	-3.514E+01	1.00	5.502E-16	0	32	34	0	32	34	33M
6728	4125	-1.410E+02	1.00	6.096E-62	0	101	103	0	101	103	102M
6728	6728	-1.406E+02	1.00	8.363E-62	0	102	103	0	102	103	103M
6728	10719	-1.410E+02	1.00	6.096E-62	0	101	103	0	101	103	102M
6729	478	-2.786E+02	0.994	1.033E-121	0	187	189	0	187	189	188M
6729	6729	-2.795E+02	1.00	4.007E-122	0	188	189	0	188	189	189M
6729	10720	-2.798E+02	1.00	2.923E-122	0	187	189	0	187	189	188M
6730	479	-6.002E+02	0.989	2.150E-261	0	386	388	0	386	388	387M
6730	6730	-6.043E+02	1.00	3.576E-263	0	387	388	0	387	388	388M
6730	10721	-6.046E+02	1.00	2.609E-263	0	386	388	0	386	388	387M
6731	480	-2.838E+02	0.974	5.412E-124	0	195	198	0	195	198	196M
6731	6731	-2.930E+02	1.00	5.761E-128	0	197	198	0	197	198	198M
6731	10722	-2.933E+02	1.00	4.202E-128	0	196	198	0	196	198	197M
6732	481	-2.029E+02	1.00	7.452E-89	0	126	128	0	126	128	127M
6732	6732	-2.026E+02	1.00	1.022E-88	0	127	128	0	127	128	128M
6732	10723	-2.029E+02	1.00	7.452E-89	0	126	128	0	126	128	127M
6733	482	-5.709E+02	0.997	1.210E-248	0	394	396	0	394	396	395M
6733	6733	-5.718E+02	1.00	4.701E-249	0	395	396	0	395	396	396M
6733	10724	-5.721E+02	1.00	3.431E-249	0	394	396	0	394	396	395M
6734	483	-9.427E+01	1.00	1.146E-41	0	79	81	0	79	81	80M
6734	6734	-9.395E+01	1.00	1.573E-41	0	80	81	0	80	81	81M
6734	10725	-9.427E+01	1.00	1.146E-41	0	79	81	0	79	81	80M
6735	484	-5.291E+02	1.00	1.688E-230	0	344	346	0	344	346	345M
6735	6735	-5.288E+02	1.00	2.313E-230	0	345	346	0	345	346	346M
6735	10726	-5.291E+02	1.00	1.688E-230	0	344	346	0	344	346	345M
6736	485	-6.316E+02	0.995	4.826E-275	0	435	437	0	435	437	436M
6736	6736	-6.360E+02	1.00	5.866E-277	0	436	437	0	436	437	437M
6736	10727	-6.364E+02	1.00	4.281E-277	0	435	437	0	435	437	436M
6737	486	-7.084E+02	0.996	0.000E+00	0	812	814	0	812	814	813M
6737	6737	-7.084E+02	1.00	0.000E+00	0	813	814	0	813	814	814M
6737	10728	-7.084E+02	1.00	0.000E+00	0	812	814	0	812	814	813M
6738	487	-5.250E+02	1.00	9.558E-229	0	336	338	0	336	338	337M
6738	6738	-5.247E+02	1.00	1.310E-228	0	337	338	0	337	338	338M
6738	10729	-5.250E+02	1.00	9.558E-229	0	336	338	0	336	338	337M
6739	488	-3.495E+02	0.995	1.646E-152	0	228	230	0	228	230	229M
6739	6739	-3.504E+02	1.00	6.390E-153	0	229	230	0	229	230	230M
6739	10730	-3.508E+02	1.00	4.661E-153	0	228	230	0	228	230	229M
6740	489	-3.043E+02	1.00	6.647E-133	0	209	211	0	209	211	210M
6740	6740	-3.040E+02	1.00	9.111E-133	0	210	211	0	210	211	211M
6740	10731	-3.043E+02	1.00	6.647E-133	0	209	211	0	209	211	210M
6741	490	-3.720E+02	1.00	2.779E-162	0	259	261	0	259	261	260M
6741	6741	-3.717E+02	1.00	3.808E-162	0	260	261	0	260	261	261M
6741	10732	-3.720E+02	1.00	2.779E-162	0	259	261	0	259	261	260M
6742	491	-4.299E+02	0.993	1.917E-187	0	294	296	0	294	296	295M
6742	6742	-4.318E+02	1.00	2.892E-188	0	295	296	0	295	296	296M
6742	10733	-4.321E+02	1.00	2.110E-188	0	294	296	0	294	296	295M
6743	492	-2.911E+02	1.00	3.943E-127	0	210	212	0	210	212	211M
6743	6743	-2.907E+02	1.00	5.405E-127	0	211	212	0	211	212	212M
6743	10734	-2.911E+02	1.00	3.943E-127	0	210	212	0	210	212	211M
6744	493	-2.016E+02	0.992	2.895E-88	0	141	143	0	141	143	142M
6744	6744	-2.022E+02	1.00	1.540E-88	0	142	143	0	142	143	143M
6744	10735	-2.025E+02	1.00	1.123E-88	0	141	143	0	141	143	142M
6745	494	-7.084E+02	0.998	0.000E+00	0	574	576	0	574	576	575M
6745	6745	-7.084E+02	1.00	0.000E+00	0	575	576	0	575	576	576M
6745	10736	-7.084E+02	1.00	0.000E+00	0	574	576	0	574	576	575M
6746	495	-5.049E+02	0.982	5.240E-220	0	335	337	0	335	337	336M
6746	6746	-5.147E+02	1.00	2.996E-224	0	336	337	0	336	337	337M
6746	10737	-5.150E+02	1.00	2.186E-224	0	335	337	0	335	337	336M
6747	496	-3.758E+02	0.984	6.236E-164	0	252	254	0	252	254	253M
6747	6747	-3.808E+02	1.00	4.019E-166	0	253	254	0	253	254	254M
6747	10738	-3.812E+02	1.00	2.932E-166	0	252	254	0	252	254	253M
6748	497	-4.994E+02	0.990	1.307E-217	0	325	327	0	325	327	326M
6748	6748	-5.044E+02	1.00	8.440E-220	0	326	327	0	326	327	327M
6748	10739	-5.048E+02	1.00	6.158E-220	0	325	327	0	325	327	326M
6749	498	-1.644E+02	1.00	3.865E-72	0	112	114	0	112	114	113M
6749	6749	-1.641E+02	1.00	5.301E-72	0	113	114	0	113	114	114M
6749	10740	-1.644E+02	1.00	3.865E-72	0	112	114	0	112	114	113M
6750	499	-3.945E+02	0.996	4.585E-172	0	256	258	0	256	258	257M
6750	6750	-3.961E+02	1.00	9.478E-173	0	257	258	0	257	258	258M
6750	10741	-3.964E+02	1.00	6.915E-173	0	256	258	0	256	258	257M
6751	500	-2.975E+02	1.00	6.437E-130	0	201	203	0	201	203	202M
6751	6751	-2.972E+02	1.00	8.824E-130	0	202	203	0	202	203	203M
6751	10742	-2.975E+02	1.00	6.437E-130	0	201	203	0	201	203	202M
6752	501	-2.674E+02	0.994	7.309E-117	0	183	185	0	183	185	184M
6752	6752	-2.690E+02	1.00	1.509E-117	0	184	185	0	184	185	185M
6752	10743	-2.693E+02	1.00	1.101E-117	0	183	185	0	183	185	184M
6753	502	-1.682E+02	1.00	8.703E-74	0	125	127	0	125	127	126M
6753	6753	-1.679E+02	1.00	1.194E-73	0	126	127	0	126	127	127M
6753	10744	-1.682E+02	1.00	8.703E-74	0	125	127	0	125	127	126M
6754	503	-3.367E+02	0.991	5.975E-147	0	232	234	0	232	234	233M
6754	6754	-3.402E+02	1.00	1.862E-148	0	233	234	0	233	234	234M
6754	10745	-3.405E+02	1.00	1.358E-148	0	232	234	0	232	234	233M
6755	504	-4.669E+02	0.981	1.615E-203	0	318	320	0	318	320	319M
6755	6755	-4.742E+02	1.00	1.149E-206	0	319	320	0	319	320	320M
6755	10746	-4.745E+02	1.00	8.384E-207	0	318	320	0	318	320	319M
6756	3459	-3.024E+02	0.994	4.691E-132	0	197	199	0	197	199	198M
6756	6756	-3.037E+02	1.00	1.328E-132	0	198	199	0	198	199	199M
6756	10747	-3.040E+02	1.00	9.688E-133	0	197	199	0	197	199	198M
6757	3460	-3.671E+02	0.995	3.756E-160	0	236	238	0	236	238	237M
6757	6757	-3.671E+02	1.00	3.756E-160	0	237	238	0	237	238	238M
6757	10748	-3.674E+02	1.00	2.740E-160	0	236	238	0	236	238	237M
6758	3461	-5.892E+02	1.00	1.290E-256	0	372	374	0	372	374	373M
6758	6758	-5.889E+02	1.00	1.768E-256	0	373	374	0	373	374	374M
6758	10749	-5.892E+02	1.00	1.290E-256	0	372	374	0	372	374	373M
6759	3462	-2.264E+02	0.993	4.895E-99	0	157	159	0	157	159	158M
6759	6759	-2.289E+02	1.00	3.919E-100	0	158	159	0	158	159	159M
6759	10750	-2.292E+02	1.00	2.858E-100	0	157	159	0	157	159	158M
6760	3463	-2.020E+02	0.986	1.956E-88	0	146	148	0	146	148	147M
6760	6760	-2.051E+02	1.00	8.326E-90	0	147	148	0	147	148	148M
6760	10751	-2.054E+02	1.00	6.072E-90	0	146	148	0	146	148	147M
6761	3464	-3.300E+02	0.995	4.862E-144	0	227	229	0	227	229	228M
6761	6761	-3.313E+02	1.00	1.377E-144	0	228	229	0	228	229	229M
6761	10752	-3.316E+02	1.00	1.005E-144	0	227	229	0	227	229	228M
6762	3465	-7.084E+02	1.00	0.000E+00	0	556	558	0	556	558	557M
6762	6762	-7.084E+02	1.00	0.000E+00	0	557	558	0	557	558	558M
6762	10753	-7.084E+02	1.00	0.000E+00	0	556	558	0	556	558	557M
6763	3466	-1.404E+02	1.00	1.040E-61	0	99	101	0	99	101	100M
6763	6763	-1.401E+02	1.00	1.427E-61	0	100	101	0	100	101	101M
6763	10754	-1.404E+02	1.00	1.040E-61	0	99	101	0	99	101	100M
6764	3467	-1.565E+02	1.00	1.118E-68	0	120	122	0	120	122	121M
6764	6764	-1.561E+02	1.00	1.534E-68	0	121	122	0	121	122	122M
6764	10755	-1.565E+02	1.00	1.118E-68	0	120	122	0	120	122	121M
6765	3468	-3.399E+02	0.995	2.435E-148	0	231	233	0	231	233	232M
6765	6765	-3.408E+02	1.00	9.454E-149	0	232	233	0	232	233	233M
6765	10756	-3.412E+02	1.00	6.897E-149	0	231	233	0	231	233	232M
6766	3469	-4.362E+02	0.996	3.720E-190	0	302	304	0	302	304	303M
6766	6766	-4.371E+02	1.00	1.445E-190	0	303	304	0	303	304	304M
6766	10757	-4.374E+02	1.00	1.054E-190	0	302	304	0	302	304	303M
6767	4043	-7.084E+02	0.988	0.000E+00	0	500	503	0	500	515	501M
6767	6767	-7.084E+02	1.00	0.000E+00	0	502	503	0	502	503	503M
6767	10758	-7.084E+02	1.00	0.000E+00	0	501	503	0	501	503	502M
6768	4042	-5.152E+02	0.997	1.836E-224	0	338	340	0	338	340	339M
6768	6768	-5.164E+02	1.00	5.206E-225	0	339	340	0	339	340	340M
6768	10759	-5.167E+02	1.00	3.799E-225	0	338	340	0	338	340	339M
6769	4041	-5.804E+02	1.00	8.871E-253	0	379	381	0	379	381	380M
6769	6769	-5.801E+02	1.00	1.216E-252	0	380	381	0	380	381	381M
6769	10760	-5.804E+02	1.00	8.871E-253	0	379	381	0	379	381	380M
6770	3531	-7.084E+02	1.00	0.000E+00	0	720	722	0	720	722	721M
6770	6770	-7.084E+02	1.00	0.000E+00	0	721	722	0	721	722	722M
6770	10761	-7.084E+02	1.00	0.000E+00	0	720	722	0	720	722	721M
6771	3530	-2.296E+02	1.00	1.855E-100	0	148	150	0	148	150	149M
6771	6771	-2.293E+02	1.00	2.543E-100	0	149	150	0	149	150	150M
6771	10762	-2.296E+02	1.00	1.855E-100	0	148	150	0	148	150	149M
6772	3529	-1.892E+02	0.992	6.959E-83	0	136	138	0	136	138	137M
6772	6772	-1.901E+02	1.00	2.698E-83	0	137	138	0	137	138	138M
6772	10763	-1.904E+02	1.00	1.968E-83	0	136	138	0	136	138	137M
6773	3528	-1.941E+02	0.992	5.140E-85	0	139	141	0	139	141	140M
6773	6773	-1.947E+02	1.00	2.733E-85	0	140	141	0	140	141	141M
6773	10764	-1.950E+02	1.00	1.993E-85	0	139	141	0	139	141	140M
6774	3527	-4.190E+02	0.993	1.029E-182	0	291	293	0	291	293	292M
6774	6774	-4.212E+02	1.00	1.133E-183	0	292	293	0	292	293	293M
6774	10765	-4.216E+02	1.00	8.268E-184	0	291	293	0	291	293	292M
6775	3526	-3.185E+02	0.995	4.822E-139	0	237	239	0	237	239	238M
6775	6775	-3.194E+02	1.00	1.873E-139	0	238	239	0	238	239	239M
6775	10766	-3.197E+02	1.00	1.366E-139	0	237	239	0	237	239	238M
6776	3525	-7.084E+02	0.997	0.000E+00	14	888	890	0	874	876	875M
6776	6776	-7.084E+02	1.00	0.000E+00	0	889	890	0	889	890	890M
6776	10767	-7.084E+02	1.00	0.000E+00	0	888	890	0	888	890	889M
6777	6777	-3.276E+01	1.00	5.946E-15	0	30	31	0	30	31	31M
6777	10768	-3.307E+01	1.00	4.324E-15	0	29	31	0	29	31	30M
6778	3136	-7.084E+02	0.952	0.000E+00	47	593	595	0	546	548	547M
6778	6778	-7.084E+02	1.00	0.000E+00	0	594	595	0	594	595	595M
6778	10769	-7.084E+02	1.00	0.000E+00	0	593	595	0	593	595	594M
6779	3135	-7.084E+02	0.996	0.000E+00	0	605	607	0	605	607	606M
6779	6779	-7.084E+02	1.00	0.000E+00	0	606	607	0	606	607	607M
6779	10770	-7.084E+02	1.00	0.000E+00	0	605	607	0	605	607	606M
6780	3134	-7.084E+02	0.991	0.000E+00	0	669	671	0	669	671	670M
6780	6780	-7.084E+02	1.00	0.000E+00	0	670	671	0	670	671	671M
6780	10771	-7.084E+02	1.00	0.000E+00	0	669	671	0	669	671	670M
6781	3133	-4.399E+02	1.00	9.407E-192	0	311	313	0	311	313	312M
6781	6781	-4.395E+02	1.00	1.289E-191	0	312	313	0	312	313	313M
6781	10772	-4.399E+02	1.00	9.407E-192	0	311	313	0	311	313	312M
6782	3132	-5.400E+02	0.997	2.899E-235	0	379	381	0	379	381	380M
6782	6782	-5.407E+02	1.00	1.544E-235	0	380	381	0	380	381	381M
6782	10773	-5.410E+02	1.00	1.127E-235	0	379	381	0	379	381	380M
6783	3131	-7.084E+02	0.998	0.000E+00	0	575	577	0	575	577	576M
6783	6783	-7.084E+02	1.00	0.000E+00	0	576	577	0	576	577	577M
6783	10774	-7.084E+02	1.00	0.000E+00	0	575	577	0	575	577	576M
6784	3130	-3.860E+02	1.00	2.318E-168	0	243	245	0	243	245	244M
6784	6784	-3.857E+02	1.00	3.178E-168	0	244	245	0	244	245	245M
6784	10775	-3.860E+02	1.00	2.318E-168	0	243	245	0	243	245	244M
6785	3129	-1.823E+02	1.00	6.603E-80	0	121	123	0	121	123	122M
6785	6785	-1.820E+02	1.00	9.055E-80	0	122	123	0	122	123	123M
6785	10776	-1.823E+02	1.00	6.603E-80	0	121	123	0	121	123	122M
6786	1858	-4.332E+02	0.989	7.027E-189	0	284	286	0	284	286	285M
6786	6786	-4.380E+02	1.00	6.212E-191	0	285	286	0	285	286	286M
6786	10777	-4.383E+02	1.00	4.533E-191	0	284	286	0	284	286	285M
6787	1857	-3.781E+02	1.00	6.148E-165	0	243	245	0	243	245	244M
6787	6787	-3.778E+02	1.00	8.427E-165	0	244	245	0	244	245	245M
6787	10778	-3.781E+02	1.00	6.148E-165	0	243	245	0	243	245	244M
6788	1856	-1.100E+02	1.00	1.663E-48	0	87	89	0	87	89	88M
6788	6788	-1.097E+02	1.00	2.282E-48	0	88	89	0	88	89	89M
6788	10779	-1.100E+02	1.00	1.663E-48	0	87	89	0	87	89	88M
6789	1855	-3.158E+02	0.977	6.973E-138	0	220	222	0	220	222	221M
6789	6789	-3.243E+02	1.00	1.398E-141	0	221	222	0	221	222	222M
6789	10780	-3.246E+02	1.00	1.020E-141	0	220	222	0	220	222	221M
6790	1854	-2.530E+02	1.00	1.288E-110	0	167	169	0	167	169	168M
6790	6790	-2.527E+02	1.00	1.767E-110	0	168	169	0	168	169	169M
6790	10781	-2.530E+02	1.00	1.288E-110	0	167	169	0	167	169	168M
6791	1853	-3.995E+02	0.992	3.248E-174	0	258	260	0	258	260	259M
6791	6791	-4.023E+02	1.00	1.902E-175	0	259	260	0	259	260	260M
6791	10782	-4.026E+02	1.00	1.388E-175	0	258	260	0	258	260	259M
6792	1852	-4.833E+02	0.984	1.275E-210	0	312	314	0	312	314	313M
6792	6792	-4.883E+02	1.00	8.231E-213	0	313	314	0	313	314	314M
6792	10783	-4.887E+02	1.00	6.006E-213	0	312	314	0	312	314	313M
6793	1851	-1.642E+02	0.983	4.928E-72	0	117	119	0	117	119	118M
6793	6793	-1.677E+02	1.00	1.525E-73	0	118	119	0	118	119	119M
6793	10784	-1.680E+02	1.00	1.112E-73	0	117	119	0	117	119	118M
6794	1850	-7.084E+02	1.00	0.000E+00	0	1152	1154	0	1152	1154	1153M
6794	6794	-7.084E+02	1.00	0.000E+00	0	1153	1154	0	1153	1154	1154M
6794	10785	-7.084E+02	1.00	0.000E+00	0	1152	1154	0	1152	1154	1153M
6795	1849	-2.251E+02	1.00	1.660E-98	0	143	145	0	143	145	144M
6795	6795	-2.248E+02	1.00	2.276E-98	0	144	145	0	144	145	145M
6795	10786	-2.251E+02	1.00	1.660E-98	0	143	145	0	143	145	144M
6796	1848	-7.363E+02	1.00	1.739E-320	0	488	490	0	488	490	489M
6796	6796	-7.360E+02	1.00	2.383E-320	0	489	490	0	489	490	490M
6796	10787	-7.363E+02	1.00	1.739E-320	0	488	490	0	488	490	489M
6797	1847	-1.683E+02	1.00	8.304E-74	0	111	113	0	111	113	112M
6797	6797	-1.680E+02	1.00	1.139E-73	0	112	113	0	112	113	113M
6797	10788	-1.683E+02	1.00	8.304E-74	0	111	113	0	111	113	112M
6798	1846	-7.084E+02	0.996	0.000E+00	0	618	620	0	618	620	619M
6798	6798	-7.084E+02	1.00	0.000E+00	0	619	620	0	619	620	620M
6798	10789	-7.084E+02	1.00	0.000E+00	0	618	620	0	618	620	619M
6799	1845	-2.396E+02	1.00	8.889E-105	0	171	173	0	171	173	172M
6799	6799	-2.393E+02	1.00	1.219E-104	0	172	173	0	172	173	173M
6799	10790	-2.396E+02	1.00	8.889E-105	0	171	173	0	171	173	172M
6800	1844	-1.562E+02	0.990	1.393E-68	0	105	107	0	105	107	106M
6800	6800	-1.569E+02	1.00	7.405E-69	0	106	107	0	106	107	107M
6800	10791	-1.572E+02	1.00	5.398E-69	0	105	107	0	105	107	106M
6801	1843	-1.842E+02	1.00	9.679E-81	0	127	129	0	127	129	128M
6801	6801	-1.839E+02	1.00	1.327E-80	0	128	129	0	128	129	129M
6801	10792	-1.842E+02	1.00	9.679E-81	0	127	129	0	127	129	128M
6802	1842	-6.151E+02	1.00	7.177E-268	0	404	406	0	404	406	405M
6802	6802	-6.148E+02	1.00	9.835E-268	0	405	406	0	405	406	406M
6802	10793	-6.151E+02	1.00	7.177E-268	0	404	406	0	404	406	405M
6803	1841	-2.264E+02	1.00	4.666E-99	0	156	158	0	156	158	157M
6803	6803	-2.261E+02	1.00	6.398E-99	0	157	158	0	157	158	158M
6803	10794	-2.264E+02	1.00	4.666E-99	0	156	158	0	156	158	157M
6804	1840	-3.088E+02	0.995	7.424E-135	0	214	216	0	214	216	215M
6804	6804	-3.101E+02	1.00	2.103E-135	0	215	216	0	215	216	216M
6804	10795	-3.104E+02	1.00	1.534E-135	0	214	216	0	214	216	215M
6805	1839	-1.996E+02	1.00	2.158E-87	0	150	152	0	150	152	151M
6805	6805	-1.992E+02	1.00	2.959E-87	0	151	152	0	151	152	152M
6805	10796	-1.996E+02	1.00	2.158E-87	0	150	152	0	150	152	151M
6806	1838	-1.172E+02	1.00	1.270E-51	0	89	91	0	89	91	90M
6806	6806	-1.169E+02	1.00	1.742E-51	0	90	91	0	90	91	91M
6806	10797	-1.172E+02	1.00	1.270E-51	0	89	91	0	89	91	90M
6807	1837	-7.084E+02	0.993	0.000E+00	0	620	622	0	620	622	621M
6807	6807	-7.084E+02	1.00	0.000E+00	0	621	622	0	621	622	622M
6807	10798	-7.084E+02	1.00	0.000E+00	0	620	622	0	620	622	621M
6808	3310	-4.908E+02	0.996	7.028E-214	0	317	322	0	317	324	318M
6808	6808	-4.987E+02	1.00	2.660E-217	0	321	322	0	321	322	322M
6808	10799	-4.990E+02	1.00	1.941E-217	0	320	322	0	320	322	321M
6809	3309	-6.402E+02	0.997	8.911E-279	0	406	408	0	406	408	407M
6809	6809	-6.418E+02	1.00	1.844E-279	0	407	408	0	407	408	408M
6809	10800	-6.421E+02	1.00	1.346E-279	0	406	408	0	406	408	407M
6810	3308	-5.977E+02	0.992	2.737E-260	0	400	402	0	400	402	401M
6810	6810	-6.018E+02	1.00	4.555E-262	0	401	402	0	401	402	402M
6810	10801	-6.021E+02	1.00	3.324E-262	0	400	402	0	400	402	401M
6811	3307	-6.262E+02	0.983	1.060E-272	4	429	431	0	425	427	426M
6811	6811	-6.420E+02	1.00	1.530E-279	0	430	431	0	430	431	431M
6811	10802	-6.423E+02	1.00	1.117E-279	0	429	431	0	429	431	430M
6812	3279	-6.864E+02	1.00	7.814E-299	0	456	458	0	456	458	457M
6812	6812	-6.861E+02	1.00	1.071E-298	0	457	458	0	457	458	458M
6812	10803	-6.864E+02	1.00	7.814E-299	0	456	458	0	456	458	457M
6813	3278	-1.404E+02	0.980	1.040E-61	0	99	101	0	99	101	100M
6813	6813	-1.426E+02	1.00	1.138E-62	0	100	101	0	100	101	101M
6813	10804	-1.429E+02	1.00	8.295E-63	0	99	101	0	99	101	100M
6814	3283	-2.215E+02	0.993	6.308E-97	0	153	155	0	153	155	154M
6814	6814	-2.243E+02	1.00	3.683E-98	0	154	155	0	154	155	155M
6814	10805	-2.247E+02	1.00	2.686E-98	0	153	155	0	153	155	154M
6815	2905	-7.084E+02	0.996	0.000E+00	0	593	595	0	593	595	594M
6815	6815	-7.084E+02	1.00	0.000E+00	0	594	595	0	594	595	595M
6815	10806	-7.084E+02	1.00	0.000E+00	0	593	595	0	593	595	594M
6816	2906	-7.403E+02	0.981	3.113E-322	0	476	478	0	476	478	477M
6816	6816	-7.084E+02	1.00	0.000E+00	0	477	478	0	477	478	478M
6816	10807	-7.084E+02	1.00	0.000E+00	0	476	478	0	476	478	477M
6817	2907	-7.027E+02	0.983	6.493E-306	0	478	480	0	478	480	479M
6817	6817	-7.144E+02	1.00	5.638E-311	0	479	480	0	479	480	480M
6817	10808	-7.147E+02	1.00	4.115E-311	0	478	480	0	478	480	479M
6818	2908	-7.084E+02	0.995	0.000E+00	0	612	614	0	612	614	613M
6818	6818	-7.084E+02	1.00	0.000E+00	0	613	614	0	613	614	614M
6818	10809	-7.084E+02	1.00	0.000E+00	0	612	614	0	612	614	613M
6819	2909	-7.084E+02	0.984	0.000E+00	0	635	637	0	635	637	636M
6819	6819	-7.084E+02	1.00	0.000E+00	0	636	637	0	636	637	637M
6819	10810	-7.084E+02	1.00	0.000E+00	0	635	637	0	635	637	636M
6820	2910	-3.974E+02	0.980	2.561E-173	0	255	257	0	255	257	256M
6820	6820	-4.043E+02	1.00	2.489E-176	0	256	257	0	256	257	257M
6820	10811	-4.047E+02	1.00	1.816E-176	0	255	257	0	255	257	256M
6821	2911	-2.923E+02	0.970	1.154E-127	0	204	206	0	204	206	205M
6821	6821	-3.008E+02	1.00	2.310E-131	0	205	206	0	205	206	206M
6821	10812	-3.011E+02	1.00	1.685E-131	0	204	206	0	204	206	205M
6822	2912	-7.084E+02	0.990	0.000E+00	0	625	770	0	625	626	626M
6822	6822	-7.084E+02	1.00	0.000E+00	0	769	770	0	769	770	770M
6822	10813	-7.084E+02	1.00	0.000E+00	0	768	770	0	768	770	769M
6823	4196	-1.320E+02	1.00	4.576E-58	0	96	98	0	96	98	97M
6823	6823	-1.317E+02	1.00	6.278E-58	0	97	98	0	97	98	98M
6823	10814	-1.320E+02	1.00	4.576E-58	0	96	98	0	96	98	97M
6824	4197	-7.084E+02	0.982	0.000E+00	0	506	508	0	506	508	507M
6824	6824	-7.084E+02	1.00	0.000E+00	0	507	508	0	507	508	508M
6824	10815	-7.084E+02	1.00	0.000E+00	0	506	508	0	506	508	507M
6825	4198	-1.383E+02	0.973	9.053E-61	0	111	113	0	111	113	112M
6825	6825	-1.427E+02	1.00	1.085E-62	0	112	113	0	112	113	113M
6825	10816	-1.430E+02	1.00	7.907E-63	0	111	113	0	111	113	112M
6826	1693	-2.604E+02	1.00	8.252E-114	38	205	207	0	167	169	168M
6826	6826	-3.228E+02	1.00	6.240E-141	0	206	207	0	206	207	207M
6826	10817	-3.231E+02	1.00	4.552E-141	0	205	207	0	205	207	206M
6827	1694	-7.084E+02	0.993	0.000E+00	0	714	716	0	714	716	715M
6827	6827	-7.084E+02	1.00	0.000E+00	0	715	716	0	715	716	716M
6827	10818	-7.084E+02	1.00	0.000E+00	0	714	716	0	714	716	715M
6828	1695	-3.123E+02	0.966	2.275E-136	0	207	209	0	207	209	208M
6828	6828	-3.275E+02	1.00	6.051E-143	0	208	209	0	208	209	209M
6828	10819	-3.278E+02	1.00	4.414E-143	0	207	209	0	207	209	208M
6829	1696	-2.399E+02	0.959	6.483E-105	0	171	173	0	171	173	172M
6829	6829	-2.462E+02	1.00	1.178E-107	0	172	173	0	172	173	173M
6829	10820	-2.465E+02	1.00	8.589E-108	0	171	173	0	171	173	172M
6830	1697	-5.203E+02	0.980	1.107E-226	0	350	352	0	350	352	351M
6830	6830	-5.297E+02	1.00	8.685E-231	0	351	352	0	351	352	352M
6830	10821	-5.301E+02	1.00	6.337E-231	0	350	352	0	350	352	351M
6831	1698	-2.942E+02	1.00	1.763E-128	0	191	193	0	191	193	192M
6831	6831	-2.938E+02	1.00	2.416E-128	0	192	193	0	192	193	193M
6831	10822	-2.942E+02	1.00	1.763E-128	0	191	193	0	191	193	192M
6832	1699	-7.084E+02	0.977	0.000E+00	0	521	523	0	521	523	522M
6832	6832	-7.084E+02	1.00	0.000E+00	0	522	523	0	522	523	523M
6832	10823	-7.084E+02	1.00	0.000E+00	0	521	523	0	521	523	522M
6833	1700	-3.502E+02	0.967	7.945E-153	0	246	248	0	246	248	247M
6833	6833	-3.581E+02	1.00	2.999E-156	0	247	248	0	247	248	248M
6833	10824	-3.584E+02	1.00	2.188E-156	0	246	248	0	246	248	247M
6834	1701	-5.788E+02	1.00	4.287E-252	0	379	381	0	379	381	380M
6834	6834	-5.785E+02	1.00	5.875E-252	0	380	381	0	380	381	381M
6834	10825	-5.624E+02	1.00	5.593E-245	11	379	381	0	368	370	369M
6835	1702	-4.174E+02	0.989	5.462E-182	0	293	295	0	294	296	279M1D15M
6835	6835	-4.234E+02	1.00	1.370E-184	0	294	295	0	294	295	295M
6835	10826	-4.237E+02	1.00	9.996E-185	0	293	295	0	293	295	294M
6836	1703	-1.199E+02	0.938	8.757E-53	0	97	101	0	97	99	98M
6836	6836	-1.313E+02	1.00	9.973E-58	0	100	101	0	100	101	101M
6836	10827	-1.316E+02	1.00	7.270E-58	0	99	101	0	99	101	100M
6837	1704	-7.084E+02	0.988	0.000E+00	0	517	519	0	517	519	518M
6837	6837	-7.084E+02	1.00	0.000E+00	0	518	519	0	518	519	519M
6837	10828	-7.084E+02	1.00	0.000E+00	0	517	519	0	517	519	518M
6838	1705	-1.156E+02	1.00	6.485E-51	0	90	92	0	90	92	91M
6838	6838	-1.152E+02	1.00	8.899E-51	0	91	92	0	91	92	92M
6838	10829	-1.156E+02	1.00	6.485E-51	0	90	92	0	90	92	91M
6839	1706	-7.084E+02	0.992	0.000E+00	3	509	511	204	710	712	507M
6839	6839	-7.084E+02	1.00	0.000E+00	0	510	511	0	510	511	511M
6839	10830	-7.084E+02	1.00	0.000E+00	0	509	511	0	509	511	510M
6840	4126	-5.369E+02	0.992	6.621E-234	0	399	401	0	399	401	400M
6840	6840	-5.407E+02	1.00	1.512E-235	0	400	401	0	400	401	401M
6840	11193	-5.410E+02	1.00	1.103E-235	0	399	401	0	399	401	400M
6841	4127	-3.282E+02	1.00	2.935E-143	0	225	227	0	225	227	226M
6841	6841	-3.279E+02	1.00	4.023E-143	0	226	227	0	226	227	227M
6841	11192	-3.282E+02	1.00	2.935E-143	0	225	227	0	225	227	226M
6842	4128	-2.409E+02	0.994	2.439E-105	0	177	179	0	177	179	178M
6842	6842	-2.421E+02	1.00	6.903E-106	0	178	179	0	178	179	179M
6842	11191	-2.425E+02	1.00	5.035E-106	0	177	179	0	177	179	178M
6843	3694	-7.084E+02	0.998	0.000E+00	0	614	616	0	614	616	615M
6843	6843	-7.084E+02	1.00	0.000E+00	0	615	616	0	615	616	616M
6843	11190	-7.084E+02	1.00	0.000E+00	0	614	616	0	614	616	615M
6844	3695	-2.197E+02	0.993	3.915E-96	0	145	147	0	145	147	146M
6844	6844	-2.197E+02	1.00	3.915E-96	0	146	147	0	146	147	147M
6844	11189	-2.200E+02	1.00	2.855E-96	0	145	147	0	145	147	146M
6845	3696	-5.138E+02	0.997	7.113E-224	0	340	342	0	340	342	341M
6845	6845	-5.144E+02	1.00	3.787E-224	0	341	342	0	341	342	342M
6845	11188	-5.148E+02	1.00	2.764E-224	0	340	342	0	340	342	341M
6846	3697	-1.810E+02	1.00	2.574E-79	0	121	125	0	121	141	122M
6846	6846	-1.838E+02	1.00	1.500E-80	0	124	125	0	124	125	125M
6846	11187	-1.841E+02	1.00	1.094E-80	0	123	125	0	123	125	124M
6847	4454	-3.222E+02	0.985	1.135E-140	21	231	233	0	210	212	211M
6847	6847	-3.572E+02	1.00	7.149E-156	0	232	233	0	232	233	233M
6847	11186	-3.576E+02	1.00	5.215E-156	0	231	233	0	231	233	232M
6848	2380	-7.281E+02	0.997	6.326E-317	0	495	497	0	495	497	496M
6848	6848	-7.290E+02	1.00	2.459E-317	0	496	497	0	496	497	497M
6848	11185	-7.293E+02	1.00	1.795E-317	0	495	497	0	495	497	496M
6849	2381	-2.338E+02	1.00	3.041E-102	0	161	163	0	161	163	162M
6849	6849	-2.334E+02	1.00	4.170E-102	0	162	163	0	162	163	163M
6849	11184	-2.338E+02	1.00	3.041E-102	0	161	163	0	161	163	162M
6850	2382	-7.084E+02	0.997	0.000E+00	0	1249	1251	0	1249	1251	1250M
6850	6850	-7.084E+02	1.00	0.000E+00	0	1250	1251	0	1250	1251	1251M
6850	11183	-7.084E+02	1.00	0.000E+00	0	1249	1251	0	1249	1251	1250M
6851	2383	-2.283E+02	0.980	7.023E-100	0	156	158	0	156	158	157M
6851	6851	-2.315E+02	1.00	2.990E-101	0	157	158	0	157	158	158M
6851	11182	-2.318E+02	1.00	2.181E-101	0	156	158	0	156	158	157M
6852	2384	-5.359E+02	0.986	1.853E-233	0	360	362	0	360	362	361M
6852	6852	-5.450E+02	1.00	1.992E-237	0	361	362	0	361	362	362M
6852	11181	-5.453E+02	1.00	1.454E-237	0	360	362	0	360	362	361M
6853	2385	-1.046E+02	1.00	3.747E-46	0	75	77	0	75	77	76M
6853	6853	-1.043E+02	1.00	5.143E-46	0	76	77	0	76	77	77M
6853	11180	-1.046E+02	1.00	3.747E-46	0	75	77	0	75	77	76M
6854	2386	-3.745E+02	0.979	2.383E-163	0	247	249	0	247	249	248M
6854	6854	-3.811E+02	1.00	3.174E-166	0	248	249	0	248	249	249M
6854	11179	-3.814E+02	1.00	2.315E-166	0	247	249	0	247	249	248M
6855	2387	-2.921E+02	1.00	1.415E-127	0	195	197	0	195	197	196M
6855	6855	-2.918E+02	1.00	1.940E-127	0	196	197	0	196	197	197M
6855	11178	-2.921E+02	1.00	1.415E-127	0	195	197	0	195	197	196M
6856	2388	-2.864E+02	1.00	4.138E-125	0	195	197	0	195	197	196M
6856	6856	-2.861E+02	1.00	5.673E-125	0	196	197	0	196	197	197M
6856	11177	-2.864E+02	1.00	4.138E-125	0	195	197	0	195	197	196M
6857	2389	-1.994E+02	1.00	2.584E-87	0	134	136	0	134	136	135M
6857	6857	-1.991E+02	1.00	3.544E-87	0	135	136	0	135	136	136M
6857	11176	-1.994E+02	1.00	2.584E-87	0	134	136	0	134	136	135M
6858	2390	-7.084E+02	0.996	0.000E+00	0	661	663	0	661	663	662M
6858	6858	-7.084E+02	1.00	0.000E+00	0	662	663	0	662	663	663M
6858	11175	-7.084E+02	1.00	0.000E+00	0	661	663	0	661	663	662M
6859	2391	-5.885E+02	1.00	2.604E-256	0	387	389	0	387	389	388M
6859	6859	-5.882E+02	1.00	3.569E-256	0	388	389	0	388	389	389M
6859	11174	-5.885E+02	1.00	2.604E-256	0	387	389	0	387	389	388M
6860	2392	-1.227E+02	1.00	5.414E-54	0	81	83	0	81	83	82M
6860	6860	-1.223E+02	1.00	7.429E-54	0	82	83	0	82	83	83M
6860	11173	-1.227E+02	1.00	5.414E-54	0	81	83	0	81	83	82M
6861	3449	-6.861E+01	0.950	1.602E-30	0	60	62	0	60	62	61M
6861	6861	-7.336E+01	1.00	1.377E-32	0	61	62	0	61	62	62M
6861	11172	-7.368E+01	1.00	1.003E-32	0	60	62	0	60	62	61M
6862	3448	-2.597E+02	1.00	1.561E-113	0	185	187	0	185	187	186M
6862	6862	-2.594E+02	1.00	2.140E-113	0	186	187	0	186	187	187M
6862	11171	-2.597E+02	1.00	1.561E-113	0	185	187	0	185	187	186M
6863	3447	-4.066E+02	0.978	2.487E-177	0	273	275	0	273	275	274M
6863	6863	-4.155E+02	1.00	3.650E-181	0	274	275	0	274	275	275M
6863	11170	-4.158E+02	1.00	2.663E-181	0	273	275	0	273	275	274M
6864	3446	-2.758E+02	0.988	1.734E-120	0	180	182	0	180	207	181M
6864	6864	-2.786E+02	1.00	1.014E-121	0	181	182	0	181	182	182M
6864	11169	-2.789E+02	1.00	7.394E-122	0	180	182	0	180	182	181M
6865	3445	-2.870E+02	1.00	2.309E-125	0	196	198	0	196	198	197M
6865	6865	-2.867E+02	1.00	3.165E-125	0	197	198	0	197	198	198M
6865	11168	-2.870E+02	1.00	2.309E-125	0	196	198	0	196	198	197M
6866	3444	-2.486E+02	1.00	1.055E-108	0	180	182	0	180	182	181M
6866	6866	-2.483E+02	1.00	1.446E-108	0	181	182	0	181	182	182M
6866	11167	-2.486E+02	1.00	1.055E-108	0	180	182	0	180	182	181M
6867	3443	-7.392E+02	0.971	8.893E-322	0	485	487	0	485	487	486M
6867	6867	-7.084E+02	1.00	0.000E+00	0	486	487	0	486	487	487M
6867	11166	-7.084E+02	1.00	0.000E+00	0	485	487	0	485	487	486M
6868	3442	-5.740E+02	1.00	5.359E-250	0	361	363	0	361	363	362M
6868	6868	-5.737E+02	1.00	7.345E-250	0	362	363	0	362	363	363M
6868	11165	-5.740E+02	1.00	5.359E-250	0	361	363	0	361	363	362M
6869	3441	-4.967E+02	0.996	1.872E-216	0	328	330	0	328	330	329M
6869	6869	-4.977E+02	1.00	7.273E-217	0	329	330	0	329	330	330M
6869	11164	-4.980E+02	1.00	5.307E-217	0	328	330	0	328	330	329M
6870	3440	-9.287E+01	0.957	4.654E-41	0	69	71	0	69	71	70M
6870	6870	-9.635E+01	1.00	1.429E-42	0	70	71	0	70	71	71M
6870	11163	-9.667E+01	1.00	1.041E-42	0	69	71	0	69	71	70M
6871	3439	-1.659E+02	1.00	9.214E-73	0	115	117	0	115	117	116M
6871	6871	-1.656E+02	1.00	1.264E-72	0	116	117	0	116	117	117M
6871	11162	-1.659E+02	1.00	9.214E-73	0	115	117	0	115	117	116M
6872	4251	-2.428E+02	0.982	3.673E-106	0	175	179	0	175	186	176M
6872	6872	-2.510E+02	1.00	1.005E-109	0	178	179	0	178	179	179M
6872	11161	-2.513E+02	1.00	7.333E-110	0	177	179	0	177	179	178M
6873	3404	-3.755E+02	0.991	8.421E-164	0	245	247	0	245	247	246M
6873	6873	-3.771E+02	1.00	1.740E-164	0	246	247	0	246	247	247M
6873	11160	-3.774E+02	1.00	1.270E-164	0	245	247	0	245	247	246M
6874	3405	-7.084E+02	0.989	0.000E+00	0	844	846	0	844	846	845M
6874	6874	-7.084E+02	1.00	0.000E+00	0	845	846	0	845	846	846M
6874	11159	-7.084E+02	1.00	0.000E+00	0	844	846	0	844	846	845M
6875	3406	-4.972E+02	0.997	1.161E-216	0	338	340	0	338	340	339M
6875	6875	-4.978E+02	1.00	6.181E-217	0	339	340	0	339	340	340M
6875	11158	-4.982E+02	1.00	4.511E-217	0	338	340	0	338	340	339M
6876	3857	-7.125E+01	0.983	1.144E-31	0	58	60	0	58	60	59M
6876	6876	-7.125E+01	1.00	1.144E-31	0	59	60	0	59	60	60M
6876	11157	-7.156E+01	1.00	8.335E-32	0	58	60	0	58	60	59M
6877	3856	-4.236E+02	0.989	1.121E-184	0	282	284	0	282	284	283M
6877	6877	-4.292E+02	1.00	3.851E-187	0	283	284	0	283	284	284M
6877	11156	-4.296E+02	1.00	2.810E-187	0	282	284	0	282	284	283M
6878	3855	-4.343E+02	0.983	2.378E-189	0	308	310	0	308	310	309M
6878	6878	-4.419E+02	1.00	1.235E-192	0	309	310	0	309	310	310M
6878	11155	-4.422E+02	1.00	9.010E-193	0	308	310	0	308	310	309M
6879	3854	-2.228E+02	1.00	1.785E-97	0	153	155	0	153	155	154M
6879	6879	-2.225E+02	1.00	2.447E-97	0	154	155	0	154	155	155M
6879	11154	-2.228E+02	1.00	1.785E-97	0	153	155	0	153	155	154M
6880	3853	-6.971E+02	0.993	1.780E-303	0	470	472	0	470	472	471M
6880	6880	-7.012E+02	1.00	2.965E-305	0	471	472	0	471	472	472M
6880	11153	-7.015E+02	1.00	2.164E-305	0	470	472	0	470	472	471M
6881	3852	-2.055E+02	1.00	5.517E-90	0	144	146	0	144	146	145M
6881	6881	-2.052E+02	1.00	7.565E-90	0	145	146	0	145	146	146M
6881	11152	-2.055E+02	1.00	5.517E-90	0	144	146	0	144	146	145M
6882	3851	-3.510E+02	0.995	3.759E-153	0	248	300	0	248	252	249M
6882	6882	-4.332E+02	1.00	7.213E-189	0	299	300	0	299	300	300M
6882	11151	-4.335E+02	1.00	5.263E-189	0	298	300	0	298	300	299M
6883	4144	-3.837E+01	1.00	2.159E-17	0	31	33	0	31	33	32M
6883	6883	-3.806E+01	1.00	2.968E-17	0	32	33	0	32	33	33M
6883	11150	-3.837E+01	1.00	2.159E-17	0	31	33	0	31	33	32M
6884	3965	-9.611E+01	0.274	1.818E-42	5	395	411	0	398	421	14M3D63M3D7M3I10M5I28M1I56M2I42M1D4M4D75M3D56M2D5M1I4M4D15M
6884	6884	-6.228E+02	1.00	3.440E-271	0	410	411	0	410	411	411M
6884	11149	-6.231E+02	1.00	2.511E-271	0	409	411	0	409	411	410M
6885	4319	-4.442E+02	0.989	1.248E-193	0	286	288	0	286	288	287M
6885	6885	-4.476E+02	1.00	3.892E-195	0	287	288	0	287	288	288M
6885	11148	-4.480E+02	1.00	2.840E-195	0	286	288	0	286	288	287M
6886	478	-1.210E+02	0.478	2.801E-53	0	183	187	0	183	189	184M
6886	6886	-2.844E+02	1.00	3.208E-124	0	186	187	0	186	187	187M
6886	11147	-2.847E+02	1.00	2.340E-124	0	185	187	0	185	187	186M
6887	6887	-2.657E+02	1.00	4.207E-116	0	181	182	0	181	182	182M
6887	11146	-2.660E+02	1.00	3.069E-116	0	180	182	0	180	182	181M
6888	4286	-3.593E+02	1.00	9.336E-157	0	248	250	0	248	250	249M
6888	6888	-3.590E+02	1.00	1.280E-156	0	249	250	0	249	250	250M
6888	11145	-3.593E+02	1.00	9.336E-157	0	248	250	0	248	250	249M
6889	4287	-2.233E+02	1.00	1.045E-97	0	155	157	0	155	157	156M
6889	6889	-2.230E+02	1.00	1.432E-97	0	156	157	0	156	157	157M
6889	11144	-2.233E+02	1.00	1.045E-97	0	155	157	0	155	157	156M
6890	3945	-6.593E+02	0.975	4.458E-287	2	442	444	12	452	454	441M
6890	6890	-6.779E+02	1.00	3.778E-295	0	443	444	0	443	444	444M
6890	11143	-6.782E+02	1.00	2.757E-295	0	442	444	0	442	444	443M
6891	3946	-3.761E+02	1.00	4.699E-164	0	246	248	0	246	248	247M
6891	6891	-3.758E+02	1.00	6.441E-164	0	247	248	0	247	248	248M
6891	11142	-3.761E+02	1.00	4.699E-164	0	246	248	0	246	248	247M
6892	3947	-3.191E+02	1.00	2.622E-139	0	224	226	0	224	226	225M
6892	6892	-3.188E+02	1.00	3.595E-139	0	225	226	0	225	226	226M
6892	11141	-3.191E+02	1.00	2.622E-139	0	224	226	0	224	226	225M
6893	3948	-4.221E+02	1.00	4.710E-184	0	279	281	0	279	281	280M
6893	6893	-4.218E+02	1.00	6.455E-184	0	280	281	0	280	281	281M
6893	11140	-4.221E+02	1.00	4.710E-184	0	279	281	0	279	281	280M
6894	3949	-4.412E+02	1.00	2.486E-192	0	296	298	0	296	298	297M
6894	6894	-4.409E+02	1.00	3.406E-192	0	297	298	0	297	298	298M
6894	11139	-4.412E+02	1.00	2.486E-192	0	296	298	0	296	298	297M
6895	4290	-3.906E+02	0.992	2.398E-170	0	253	255	0	253	255	254M
6895	6895	-3.953E+02	1.00	2.118E-172	0	254	255	0	254	255	255M
6895	11138	-3.956E+02	1.00	1.545E-172	0	253	255	0	253	255	254M
6896	2808	-5.988E+02	0.987	8.519E-261	0	402	404	0	402	404	403M
6896	6896	-6.042E+02	1.00	4.022E-263	0	403	404	0	403	404	404M
6896	11137	-6.045E+02	1.00	2.935E-263	0	402	404	0	402	404	403M
6897	2809	-6.027E+02	0.982	1.708E-262	0	406	408	0	406	408	407M
6897	6897	-6.109E+02	1.00	4.734E-266	0	407	408	0	407	408	408M
6897	11136	-6.112E+02	1.00	3.454E-266	0	406	408	0	406	408	407M
6898	2810	-7.419E+02	1.00	6.423E-323	0	469	471	0	469	471	470M
6898	6898	-7.415E+02	1.00	8.893E-323	0	470	471	0	470	471	471M
6898	11135	-7.419E+02	1.00	6.423E-323	0	469	471	0	469	471	470M
6899	2811	-4.233E+02	1.00	1.515E-184	0	275	277	0	275	277	276M
6899	6899	-4.229E+02	1.00	2.077E-184	0	276	277	0	276	277	277M
6899	11134	-4.233E+02	1.00	1.515E-184	0	275	277	0	275	277	276M
6900	2812	-4.248E+02	0.996	3.284E-185	0	276	278	0	276	278	277M
6900	6900	-4.264E+02	1.00	6.790E-186	0	277	278	0	277	278	278M
6900	11133	-4.267E+02	1.00	4.954E-186	0	276	278	0	276	278	277M
6901	2813	-5.150E+02	0.980	2.162E-224	0	355	357	0	355	357	356M
6901	6901	-5.245E+02	1.00	1.697E-228	0	356	357	0	356	357	357M
6901	11132	-5.248E+02	1.00	1.238E-228	0	355	357	0	355	357	356M
6902	2814	-3.023E+02	0.995	4.916E-132	0	218	220	0	218	220	219M
6902	6902	-3.023E+02	1.00	4.916E-132	0	219	220	0	219	220	220M
6902	11131	-3.027E+02	1.00	3.586E-132	0	218	220	0	218	220	219M
6903	2815	-5.468E+02	1.00	3.302E-238	0	362	364	0	362	364	363M
6903	6903	-5.465E+02	1.00	4.526E-238	0	363	364	0	363	364	364M
6903	11130	-5.468E+02	1.00	3.302E-238	0	362	364	0	362	364	363M
6904	2816	-2.405E+02	0.971	3.617E-105	0	172	174	0	172	174	173M
6904	6904	-2.471E+02	1.00	4.792E-108	0	173	174	0	173	174	174M
6904	11129	-2.474E+02	1.00	3.495E-108	0	172	174	0	172	174	173M
6905	2817	-3.379E+02	0.978	1.860E-147	0	234	236	0	234	236	235M
6905	6905	-3.470E+02	1.00	1.987E-151	0	235	236	0	235	236	236M
6905	11128	-3.473E+02	1.00	1.450E-151	0	234	236	0	234	236	235M
6906	2818	-1.459E+02	0.990	4.383E-64	0	110	112	0	110	112	111M
6906	6906	-1.481E+02	1.00	4.798E-65	0	111	112	0	111	112	112M
6906	11127	-1.484E+02	1.00	3.498E-65	0	110	112	0	110	112	111M
6907	2819	-2.277E+02	1.00	1.259E-99	0	155	157	0	155	157	156M
6907	6907	-2.274E+02	1.00	1.726E-99	0	156	157	0	156	157	157M
6907	11126	-2.277E+02	1.00	1.259E-99	0	155	157	0	155	157	156M
6908	2820	-3.500E+02	0.995	1.039E-152	0	244	247	0	244	247	245M
6908	6908	-3.531E+02	1.00	4.440E-154	0	246	247	0	246	247	247M
6908	11125	-3.534E+02	1.00	3.240E-154	0	245	247	0	245	247	246M
6909	2821	-1.464E+02	0.991	2.566E-64	0	111	114	0	111	126	112M
6909	6909	-1.477E+02	1.00	7.250E-65	0	113	114	0	113	114	114M
6909	11124	-1.480E+02	1.00	5.286E-65	0	112	114	0	112	114	113M
6910	3780	-1.842E+02	0.984	1.016E-80	0	128	130	0	128	130	129M
6910	6910	-1.873E+02	1.00	4.317E-82	0	129	130	0	129	130	130M
6910	11123	-1.877E+02	1.00	3.148E-82	0	128	130	0	128	130	129M
6911	3779	-6.033E+02	1.00	9.877E-263	0	400	403	0	400	403	401M
6911	6911	-6.052E+02	1.00	1.492E-263	0	402	403	0	402	403	403M
6911	11122	-6.055E+02	1.00	1.089E-263	0	401	403	0	401	403	402M
6912	3778	-7.084E+02	0.998	0.000E+00	0	886	888	0	886	888	887M
6912	6912	-7.084E+02	1.00	0.000E+00	0	887	888	0	887	888	888M
6912	11121	-7.084E+02	1.00	0.000E+00	0	886	888	0	886	888	887M
6913	3777	-6.424E+02	0.995	1.029E-279	0	407	409	0	407	409	408M
6913	6913	-6.446E+02	1.00	1.134E-280	0	408	409	0	408	409	409M
6913	11120	-6.449E+02	1.00	8.274E-281	0	407	409	0	407	409	408M
6914	3776	-2.744E+02	0.966	6.831E-120	0	209	211	0	209	211	210M
6914	6914	-2.832E+02	1.00	9.990E-124	0	210	211	0	210	211	211M
6914	11119	-2.835E+02	1.00	7.288E-124	0	209	211	0	209	211	210M
6915	151	-6.364E+01	0.319	2.309E-28	16	274	282	11	267	275	34M3I13M2D47M2I37M2D7M2D10M3I3M1I14M1D85M
6915	6915	-4.325E+02	1.00	1.498E-188	0	281	282	0	281	282	282M
6915	11118	-4.328E+02	1.00	1.093E-188	0	280	282	0	280	282	281M
6916	4140	-2.461E+02	1.00	1.308E-107	0	160	162	0	160	162	161M
6916	6916	-2.458E+02	1.00	1.794E-107	0	161	162	0	161	162	162M
6916	11117	-2.461E+02	1.00	1.308E-107	0	160	162	0	160	162	161M
6917	4139	-2.260E+02	1.00	6.927E-99	0	138	140	0	138	140	139M
6917	6917	-2.257E+02	1.00	9.499E-99	0	139	140	0	139	140	140M
6917	11116	-2.260E+02	1.00	6.927E-99	0	138	140	0	138	140	139M
6918	4138	-7.381E+02	0.997	2.693E-321	0	475	477	0	475	477	476M
6918	6918	-7.403E+02	1.00	2.964E-322	0	476	477	0	476	477	477M
6918	11115	-7.407E+02	1.00	2.174E-322	0	475	477	0	475	477	476M
6919	4323	-6.140E+02	1.00	2.109E-267	0	434	436	0	434	436	435M
6919	6919	-6.137E+02	1.00	2.889E-267	0	435	436	0	435	436	436M
6919	11114	-6.140E+02	1.00	2.109E-267	0	434	436	0	434	436	435M
6920	1448	-5.217E+02	0.997	2.761E-227	0	354	356	0	354	356	355M
6920	6920	-5.220E+02	1.00	2.015E-227	0	355	356	0	355	356	356M
6920	11113	-5.223E+02	1.00	1.470E-227	0	354	356	0	354	356	355M
6921	1449	-7.084E+02	0.999	0.000E+00	0	1186	1188	0	1186	1188	1187M
6921	6921	-7.084E+02	1.00	0.000E+00	0	1187	1188	0	1187	1188	1188M
6921	11112	-7.084E+02	1.00	0.000E+00	0	1186	1188	0	1186	1188	1187M
6922	1450	-4.092E+02	0.996	1.843E-178	0	278	280	0	278	280	279M
6922	6922	-4.115E+02	1.00	2.029E-179	0	279	280	0	279	280	280M
6922	11111	-4.118E+02	1.00	1.480E-179	0	278	280	0	278	280	279M
6923	1451	-4.084E+02	1.00	4.465E-178	0	270	272	0	270	272	271M
6923	6923	-4.080E+02	1.00	6.120E-178	0	271	272	0	271	272	272M
6923	11110	-4.084E+02	1.00	4.465E-178	0	270	272	0	270	272	271M
6924	1452	-4.672E+02	0.996	1.220E-203	0	312	314	0	312	314	313M
6924	6924	-4.685E+02	1.00	3.458E-204	0	313	314	0	313	314	314M
6924	11109	-4.688E+02	1.00	2.523E-204	0	312	314	0	312	314	313M
6925	1453	-7.084E+02	0.998	0.000E+00	0	667	669	0	667	669	668M
6925	6925	-7.084E+02	1.00	0.000E+00	0	668	669	0	668	669	669M
6925	11108	-7.084E+02	1.00	0.000E+00	0	667	669	0	667	669	668M
6926	1463	-7.084E+02	0.996	0.000E+00	0	520	522	0	520	522	521M
6926	6926	-7.084E+02	1.00	0.000E+00	0	521	522	0	521	522	522M
6926	10318	-7.084E+02	0.994	0.000E+00	0	520	522	0	520	522	521M
6927	3395	-2.405E+02	0.994	3.617E-105	0	172	174	0	172	174	173M
6927	6927	-2.405E+02	1.00	3.617E-105	0	173	174	0	173	174	174M
6927	11990	-2.408E+02	1.00	2.638E-105	0	172	174	0	172	174	173M
6928	3394	-2.541E+02	0.989	4.566E-111	0	185	187	0	185	187	186M
6928	6928	-2.579E+02	1.00	1.036E-112	0	186	187	0	186	187	187M
6928	11991	-2.582E+02	1.00	7.559E-113	0	185	187	0	185	187	186M
6929	3393	-4.543E+02	1.00	5.098E-198	0	299	301	0	299	301	300M
6929	6929	-4.540E+02	1.00	6.986E-198	0	300	301	0	300	301	301M
6929	11992	-4.543E+02	1.00	5.098E-198	0	299	301	0	299	301	300M
6930	3392	-4.910E+02	0.994	5.834E-214	0	343	345	0	343	345	344M
6930	6930	-4.941E+02	1.00	2.498E-215	0	344	345	0	344	345	345M
6930	11993	-4.945E+02	1.00	1.823E-215	0	343	345	0	343	345	344M
6931	3391	-1.605E+02	1.00	1.933E-70	0	108	110	0	108	110	109M
6931	6931	-1.602E+02	1.00	2.652E-70	0	109	110	0	109	110	110M
6931	11994	-1.605E+02	1.00	1.933E-70	0	108	110	0	108	110	109M
6932	3390	-2.041E+02	0.957	2.316E-89	0	141	143	0	141	143	142M
6932	6932	-2.095E+02	1.00	1.081E-91	0	142	143	0	142	143	143M
6932	11995	-2.098E+02	1.00	7.881E-92	0	141	143	0	141	143	142M
6933	3389	-6.140E+01	1.00	2.153E-27	0	52	54	0	52	54	53M
6933	6933	-6.109E+01	1.00	2.957E-27	0	53	54	0	53	54	54M
6933	11996	-6.140E+01	1.00	2.153E-27	0	52	54	0	52	54	53M
6934	3388	-7.084E+02	0.979	0.000E+00	0	623	625	0	623	625	624M
6934	6934	-7.084E+02	1.00	0.000E+00	0	624	625	0	624	625	625M
6934	11997	-7.084E+02	1.00	0.000E+00	0	623	625	0	623	625	624M
6935	3387	-3.461E+02	0.982	5.038E-151	0	227	229	0	227	229	228M
6935	6935	-3.492E+02	1.00	2.151E-152	0	228	229	0	228	229	229M
6935	11998	-3.495E+02	1.00	1.570E-152	0	227	229	0	227	229	228M
6936	3386	-4.652E+02	0.996	9.360E-203	0	295	297	0	295	297	296M
6936	6936	-4.668E+02	1.00	1.935E-203	0	296	297	0	296	297	297M
6936	11999	-4.671E+02	1.00	1.412E-203	0	295	297	0	295	297	296M
6937	3385	-2.920E+02	0.953	1.538E-127	31	244	246	0	213	215	214M
6937	6937	-3.547E+02	1.00	8.758E-155	0	245	246	0	245	246	246M
6937	12000	-3.550E+02	1.00	6.389E-155	0	244	246	0	244	246	245M
6938	3417	-7.413E+02	0.985	1.136E-322	0	488	490	3	491	493	489M
6938	6938	-7.084E+02	1.00	0.000E+00	0	489	490	0	489	490	490M
6938	12001	-7.084E+02	1.00	0.000E+00	0	488	490	0	488	490	489M
6939	3416	-3.365E+02	0.954	7.305E-147	0	242	245	0	242	245	243M
6939	6939	-3.532E+02	1.00	4.042E-154	0	244	245	0	244	245	245M
6939	12002	-3.535E+02	1.00	2.949E-154	0	243	245	0	243	245	244M
6940	3415	-4.480E+02	0.986	2.749E-195	0	292	294	0	292	294	293M
6940	6940	-4.527E+02	1.00	2.431E-197	0	293	294	0	293	294	294M
6940	12003	-4.530E+02	1.00	1.774E-197	0	292	294	0	292	294	293M
6941	3414	-4.160E+02	1.00	2.091E-181	0	288	290	0	288	290	289M
6941	6941	-4.157E+02	1.00	2.866E-181	0	289	290	0	289	290	290M
6941	12004	-4.160E+02	1.00	2.091E-181	0	288	290	0	288	290	289M
6942	3413	-3.838E+02	0.988	2.103E-167	0	263	265	0	263	265	264M
6942	6942	-3.879E+02	1.00	3.491E-169	0	264	265	0	264	265	265M
6942	12005	-3.882E+02	1.00	2.547E-169	0	263	265	0	263	265	264M
6943	3412	-5.218E+02	0.997	2.485E-227	0	345	347	0	345	347	346M
6943	6943	-5.218E+02	1.00	2.485E-227	0	346	347	0	346	347	347M
6943	12006	-5.221E+02	1.00	1.814E-227	0	345	347	0	345	347	346M
6944	3411	-2.120E+02	0.985	8.238E-93	0	140	142	0	140	395	141M
6944	6944	-2.142E+02	1.00	9.037E-94	0	141	142	0	141	142	142M
6944	12007	-2.146E+02	1.00	6.590E-94	0	140	142	0	140	142	141M
6945	3411	-3.793E+02	0.987	1.826E-165	0	244	246	149	393	395	245M
6945	6945	-3.822E+02	1.00	1.069E-166	0	245	246	0	245	246	246M
6945	12008	-3.825E+02	1.00	7.801E-167	0	244	246	0	244	246	245M
6946	3410	-6.507E+02	0.982	2.646E-283	38	487	489	0	449	451	450M
6946	6946	-7.240E+02	1.00	3.590E-315	0	488	489	0	488	489	489M
6946	12009	-7.244E+02	1.00	2.620E-315	0	487	489	0	487	489	488M
6947	4339	-6.928E+02	0.993	1.384E-301	21	462	464	0	441	443	442M
6947	6947	-7.315E+02	1.00	2.058E-318	0	463	464	0	463	464	464M
6947	12010	-7.318E+02	1.00	1.502E-318	0	462	464	0	462	464	463M
6948	4235	-5.500E+02	0.994	1.399E-239	0	366	432	0	366	367	367M
6948	6948	-6.602E+02	1.00	1.861E-287	0	431	432	0	431	432	432M
6948	12011	-6.605E+02	1.00	1.358E-287	0	430	432	0	430	432	431M
6949	4236	-3.702E+02	0.955	1.717E-161	0	271	273	0	271	273	272M
6949	6949	-3.903E+02	1.00	2.977E-170	0	272	273	0	272	273	273M
6949	12012	-3.907E+02	1.00	2.172E-170	0	271	273	0	271	273	272M
6950	1242	-3.508E+01	0.970	5.814E-16	0	33	35	110	143	145	34M
6950	5826	-3.604E+01	1.00	2.237E-16	0	33	35	0	33	35	34M
6950	10186	-3.604E+01	1.00	2.237E-16	0	33	35	0	33	35	34M
6951	7	-3.352E+02	0.978	2.545E-146	0	231	238	0	231	710	232M
6951	6951	-3.494E+02	1.00	1.752E-152	0	237	238	0	237	238	238M
6951	10934	-3.497E+02	1.00	1.278E-152	0	236	238	0	236	238	237M
6952	8	-2.940E+02	1.00	1.996E-128	0	187	189	0	187	189	188M
6952	6952	-2.937E+02	1.00	2.737E-128	0	188	189	0	188	189	189M
6952	10933	-2.940E+02	1.00	1.996E-128	0	187	189	0	187	189	188M
6953	9	-4.183E+02	0.981	2.138E-182	0	273	275	0	273	275	274M
6953	6953	-4.262E+02	1.00	8.079E-186	0	274	275	0	274	275	275M
6953	10932	-4.265E+02	1.00	5.894E-186	0	273	275	0	273	275	274M
6954	10	-1.321E+02	1.00	4.357E-58	0	95	97	0	95	97	96M
6954	6954	-1.318E+02	1.00	5.977E-58	0	96	97	0	96	97	97M
6954	10931	-1.321E+02	1.00	4.357E-58	0	95	97	0	95	97	96M
6955	6955	-2.364E+02	1.00	2.168E-103	0	153	154	0	153	154	154M
6955	10930	-2.367E+02	1.00	1.581E-103	0	152	154	0	152	154	153M
6956	12	-1.943E+02	1.00	4.327E-85	0	142	144	0	142	144	143M
6956	6956	-1.939E+02	1.00	5.934E-85	0	143	144	0	143	144	144M
6956	10929	-1.943E+02	1.00	4.327E-85	0	142	144	0	142	144	143M
6957	13	-7.084E+02	1.00	0.000E+00	0	610	612	0	610	612	611M
6957	6957	-7.084E+02	1.00	0.000E+00	0	611	612	0	611	612	612M
6957	10928	-7.084E+02	1.00	0.000E+00	0	610	612	0	610	612	611M
6958	14	-6.482E+02	1.00	3.030E-282	0	451	453	0	451	453	452M
6958	6958	-6.479E+02	1.00	4.152E-282	0	452	453	0	452	453	453M
6958	10927	-6.482E+02	1.00	3.030E-282	0	451	453	0	451	453	452M
6959	15	-5.042E+02	0.964	1.031E-219	0	336	338	0	336	338	337M
6959	6959	-5.244E+02	1.00	1.795E-228	0	337	338	0	337	338	338M
6959	10926	-5.247E+02	1.00	1.310E-228	0	336	338	0	336	338	337M
6960	16	-7.084E+02	0.997	0.000E+00	0	485	487	0	485	487	486M
6960	6960	-7.084E+02	1.00	0.000E+00	0	486	487	0	486	487	487M
6960	10925	-7.084E+02	1.00	0.000E+00	0	485	487	0	485	487	486M
6961	17	-6.109E+02	0.992	4.903E-266	0	400	402	0	400	402	401M
6961	6961	-6.128E+02	1.00	7.405E-267	0	401	402	0	401	402	402M
6961	10924	-6.131E+02	1.00	5.403E-267	0	400	402	0	400	402	401M
6962	18	-6.494E+01	1.00	6.235E-29	0	51	53	0	51	53	52M
6962	6962	-6.463E+01	1.00	8.562E-29	0	52	53	0	52	53	53M
6962	10923	-6.494E+01	1.00	6.235E-29	0	51	53	0	51	53	52M
6963	19	-5.330E+02	0.997	3.427E-232	0	355	357	0	355	357	356M
6963	6963	-5.336E+02	1.00	1.825E-232	0	356	357	0	356	357	357M
6963	10922	-5.339E+02	1.00	1.332E-232	0	355	357	0	355	357	356M
6964	20	-2.466E+02	0.988	8.189E-108	0	170	172	0	170	172	171M
6964	6964	-2.497E+02	1.00	3.490E-109	0	171	172	0	171	172	172M
6964	10921	-2.500E+02	1.00	2.545E-109	0	170	172	0	170	172	171M
6965	21	-5.704E+02	0.997	1.886E-248	0	390	392	0	390	392	391M
6965	6965	-5.723E+02	1.00	2.849E-249	0	391	392	0	391	392	392M
6965	10920	-5.726E+02	1.00	2.079E-249	0	390	392	0	390	392	391M
6966	22	-2.212E+02	0.986	8.475E-97	0	146	148	0	146	148	147M
6966	6966	-2.241E+02	1.00	4.946E-98	0	147	148	0	147	148	148M
6966	10919	-2.244E+02	1.00	3.607E-98	0	146	148	0	146	148	147M
6967	23	-1.620E+02	0.991	4.286E-71	0	116	118	0	116	118	117M
6967	6967	-1.633E+02	1.00	1.211E-71	0	117	118	0	117	118	118M
6967	10918	-1.636E+02	1.00	8.831E-72	0	116	118	0	116	118	117M
6968	24	-2.373E+02	0.993	9.007E-104	0	160	162	0	160	162	161M
6968	6968	-2.388E+02	1.00	1.859E-104	0	161	162	0	161	162	162M
6968	10917	-2.392E+02	1.00	1.356E-104	0	160	162	0	160	162	161M
6969	25	-7.084E+02	0.998	0.000E+00	0	546	548	0	546	548	547M
6969	6969	-7.084E+02	1.00	0.000E+00	0	547	548	0	547	548	548M
6969	10916	-7.084E+02	1.00	0.000E+00	0	546	548	0	546	548	547M
6970	26	-7.084E+02	1.00	0.000E+00	0	800	802	0	800	802	801M
6970	6970	-7.084E+02	1.00	0.000E+00	0	801	802	0	801	802	802M
6970	10915	-7.084E+02	1.00	0.000E+00	0	800	802	0	800	802	801M
6971	27	-6.713E+02	0.997	2.949E-292	0	416	418	0	416	418	417M
6971	6971	-6.725E+02	1.00	8.362E-293	0	417	418	0	417	418	418M
6971	10914	-6.728E+02	1.00	6.102E-293	0	416	418	0	416	418	417M
6972	28	-5.562E+02	1.00	2.879E-242	0	371	373	0	371	373	372M
6972	6972	-5.559E+02	1.00	3.945E-242	0	372	373	0	372	373	373M
6972	10913	-5.562E+02	1.00	2.879E-242	0	371	373	0	371	373	372M
6973	29	-5.191E+02	1.00	3.635E-226	0	335	337	0	335	337	336M
6973	6973	-5.188E+02	1.00	4.981E-226	0	336	337	0	336	337	337M
6973	10912	-5.191E+02	1.00	3.635E-226	0	335	337	0	335	337	336M
6974	30	-6.011E+02	0.995	8.554E-262	0	400	402	0	400	402	401M
6974	6974	-6.024E+02	1.00	2.426E-262	0	401	402	0	401	402	402M
6974	10911	-6.027E+02	1.00	1.770E-262	0	400	402	0	400	402	401M
6975	31	-7.084E+02	0.991	0.000E+00	0	710	712	0	710	712	711M
6975	6975	-7.084E+02	1.00	0.000E+00	0	711	712	0	711	712	712M
6975	10910	-7.084E+02	1.00	0.000E+00	0	710	712	0	710	712	711M
6976	32	-1.099E+02	1.00	1.874E-48	0	83	85	0	83	85	84M
6976	6976	-1.096E+02	1.00	2.571E-48	0	84	85	0	84	85	85M
6976	10909	-1.099E+02	1.00	1.874E-48	0	83	85	0	83	85	84M
6977	33	-4.360E+02	0.975	4.316E-190	0	285	287	0	285	287	286M
6977	6977	-4.474E+02	1.00	5.089E-195	0	286	287	0	286	287	287M
6977	10908	-4.477E+02	1.00	3.713E-195	0	285	287	0	285	287	286M
6978	34	-1.963E+02	0.949	5.373E-86	0	138	140	0	138	140	139M
6978	6978	-2.064E+02	1.00	2.198E-90	0	139	140	0	139	140	140M
6978	10907	-2.068E+02	1.00	1.603E-90	0	138	140	0	138	140	139M
6979	35	-4.457E+02	0.989	2.743E-194	27	321	323	0	294	296	295M
6979	6979	-4.901E+02	1.00	1.383E-213	0	322	323	0	322	323	323M
6979	10906	-4.904E+02	1.00	1.009E-213	0	321	323	0	321	323	322M
6980	36	-1.181E+02	0.966	5.164E-52	0	88	92	0	88	127	89M
6980	6980	-1.257E+02	1.00	2.608E-55	0	91	92	0	91	92	92M
6980	10905	-1.260E+02	1.00	1.901E-55	0	90	92	0	90	92	91M
6981	37	-3.066E+02	1.00	6.970E-134	0	208	210	0	208	210	209M
6981	6981	-3.063E+02	1.00	9.554E-134	0	209	210	0	209	210	210M
6981	10904	-3.066E+02	1.00	6.970E-134	0	208	210	0	208	210	209M
6982	38	-6.316E+02	1.00	4.826E-275	0	435	437	0	435	437	436M
6982	6982	-6.313E+02	1.00	6.612E-275	0	436	437	0	436	437	437M
6982	10903	-6.316E+02	1.00	4.826E-275	0	435	437	0	435	437	436M
6983	39	-1.833E+02	0.986	2.403E-80	0	146	148	0	146	148	147M
6983	6983	-1.852E+02	1.00	3.615E-81	0	147	148	0	147	148	148M
6983	10902	-1.855E+02	1.00	2.636E-81	0	146	148	0	146	148	147M
6984	40	-7.084E+02	0.997	0.000E+00	0	906	908	0	906	908	907M
6984	6984	-7.084E+02	1.00	0.000E+00	0	907	908	0	907	908	908M
6984	10901	-7.084E+02	1.00	0.000E+00	0	906	908	0	906	908	907M
6985	41	-3.282E+02	1.00	2.980E-143	0	212	214	0	212	214	213M
6985	6985	-3.279E+02	1.00	4.085E-143	0	213	214	0	213	214	214M
6985	10900	-3.282E+02	1.00	2.980E-143	0	212	214	0	212	214	213M
6986	42	-4.061E+02	0.996	4.456E-177	42	299	301	0	257	259	258M
6986	6986	-4.732E+02	1.00	3.118E-206	0	300	301	0	300	301	301M
6986	10899	-4.735E+02	1.00	2.275E-206	0	299	301	0	299	301	300M
6987	43	-2.976E+02	0.984	5.483E-130	0	191	193	0	191	193	192M
6987	6987	-3.011E+02	1.00	1.706E-131	0	192	193	0	192	193	193M
6987	10898	-3.014E+02	1.00	1.244E-131	0	191	193	0	191	193	192M
6988	44	-4.451E+02	0.997	5.100E-194	0	355	357	0	355	357	356M
6988	6988	-4.470E+02	1.00	7.706E-195	0	356	357	0	356	357	357M
6988	10897	-4.473E+02	1.00	5.624E-195	0	355	357	0	355	357	356M
6989	45	-6.506E+02	0.988	2.820E-283	0	427	429	0	427	429	428M
6989	6989	-6.569E+02	1.00	5.175E-286	0	428	429	0	428	429	429M
6989	10896	-6.572E+02	1.00	3.776E-286	0	427	429	0	427	429	428M
6990	46	-4.550E+02	1.00	2.470E-198	0	297	299	0	297	299	298M
6990	6990	-4.547E+02	1.00	3.386E-198	0	298	299	0	298	299	299M
6990	10895	-4.550E+02	1.00	2.470E-198	0	297	299	0	297	299	298M
6991	47	-3.808E+02	1.00	4.130E-166	0	266	268	0	266	268	267M
6991	6991	-3.805E+02	1.00	5.661E-166	0	267	268	0	267	268	268M
6991	10894	-3.808E+02	1.00	4.130E-166	0	266	268	0	266	268	267M
6992	48	-5.040E+02	0.988	1.317E-219	0	348	350	0	348	350	349M
6992	6992	-5.093E+02	1.00	6.214E-222	0	349	350	0	349	350	350M
6992	10893	-5.097E+02	1.00	4.534E-222	0	348	350	0	348	350	349M
6993	49	-4.566E+02	0.993	5.035E-199	0	290	292	0	290	292	291M
6993	6993	-4.588E+02	1.00	5.543E-200	0	291	292	0	291	292	292M
6993	10892	-4.591E+02	1.00	4.044E-200	0	290	292	0	290	292	291M
6994	50	-5.319E+02	0.984	9.625E-232	0	330	332	0	330	332	331M
6994	6994	-5.430E+02	1.00	1.558E-236	0	331	332	0	331	332	332M
6994	10891	-5.433E+02	1.00	1.137E-236	0	330	332	0	330	332	331M
6995	51	-2.652E+02	0.994	6.408E-116	0	169	171	0	169	171	170M
6995	6995	-2.665E+02	1.00	1.814E-116	0	170	171	0	170	171	171M
6995	10890	-2.668E+02	1.00	1.323E-116	0	169	171	0	169	171	170M
6996	52	-6.291E+02	1.00	6.022E-274	0	408	410	0	408	410	409M
6996	6996	-6.288E+02	1.00	8.252E-274	0	409	410	0	409	410	410M
6996	10889	-6.291E+02	1.00	6.022E-274	0	408	410	0	408	410	409M
6997	53	-3.219E+02	0.958	1.586E-140	0	218	220	0	218	223	219M
6997	6997	-3.304E+02	1.00	3.178E-144	0	219	220	0	219	220	220M
6997	10888	-3.307E+02	1.00	2.318E-144	0	218	220	0	218	220	219M
6998	54	-5.328E+02	0.575	4.205E-232	0	622	624	0	611	613	233M1D188M4I44M2I4M2I76M1I49M3I17M
6998	6998	-7.084E+02	1.00	0.000E+00	0	623	624	0	623	624	624M
6998	10887	-7.084E+02	1.00	0.000E+00	0	622	624	0	622	624	623M
6999	55	-2.819E+02	0.989	3.885E-123	0	191	193	0	191	193	192M
6999	6999	-2.850E+02	1.00	1.657E-124	0	192	193	0	192	193	193M
6999	10886	-2.853E+02	1.00	1.209E-124	0	191	193	0	191	193	192M
7000	56	-3.535E+02	0.974	2.906E-154	0	236	238	0	236	238	237M
7000	7000	-3.611E+02	1.00	1.502E-157	0	237	238	0	237	238	238M
7000	10885	-3.614E+02	1.00	1.096E-157	0	236	238	0	236	238	237M
7001	57	-2.586E+02	0.988	4.701E-113	0	175	177	0	175	177	176M
7001	7001	-2.605E+02	1.00	7.080E-114	0	176	177	0	176	177	177M
7001	10884	-2.609E+02	1.00	5.164E-114	0	175	177	0	175	177	176M
7002	58	-6.174E+02	1.00	7.361E-269	0	389	391	0	389	391	390M
7002	7002	-6.171E+02	1.00	1.009E-268	0	390	391	0	390	391	391M
7002	10883	-6.174E+02	1.00	7.361E-269	0	389	391	0	389	391	390M
7003	59	-7.084E+02	0.993	0.000E+00	0	479	481	0	479	481	480M
7003	7003	-7.084E+02	1.00	0.000E+00	0	480	481	0	480	481	481M
7003	10882	-7.084E+02	1.00	0.000E+00	0	479	481	0	479	481	480M
7004	60	-3.429E+02	1.00	1.180E-149	0	227	229	0	227	229	228M
7004	7004	-3.426E+02	1.00	1.617E-149	0	228	229	0	228	229	229M
7004	10881	-3.429E+02	1.00	1.180E-149	0	227	229	0	227	229	228M
7005	61	-7.084E+02	0.994	0.000E+00	0	517	519	34	551	553	518M
7005	7005	-7.084E+02	1.00	0.000E+00	0	518	519	0	518	519	519M
7005	10880	-7.084E+02	1.00	0.000E+00	0	517	519	0	517	519	518M
7006	62	-1.809E+02	0.992	2.836E-79	0	125	127	0	125	127	126M
7006	7006	-1.815E+02	1.00	1.508E-79	0	126	127	0	126	127	127M
7006	10879	-1.818E+02	1.00	1.099E-79	0	125	127	0	125	127	126M
7007	63	-7.084E+02	0.995	0.000E+00	0	599	601	0	599	601	600M
7007	7007	-7.084E+02	1.00	0.000E+00	0	600	601	0	600	601	601M
7007	10878	-7.084E+02	1.00	0.000E+00	0	599	601	0	599	601	600M
7008	64	-7.084E+02	0.996	0.000E+00	0	592	594	0	592	594	593M
7008	7008	-7.084E+02	1.00	0.000E+00	0	593	594	0	593	594	594M
7008	10877	-7.084E+02	1.00	0.000E+00	0	592	594	0	592	594	593M
7009	2789	-1.055E+02	0.304	1.553E-46	2	297	299	0	298	309	191M2D12M1D93M
7009	7009	-4.440E+02	1.00	1.527E-193	0	298	299	0	298	299	299M
7009	10876	-4.443E+02	1.00	1.114E-193	0	297	299	0	297	299	298M
7010	7010	-3.646E+02	1.00	4.464E-159	0	236	237	0	236	237	237M
7010	10875	-3.649E+02	1.00	3.257E-159	0	235	237	0	235	237	236M
7011	65	-2.285E+02	0.993	5.912E-100	0	159	161	0	159	161	160M
7011	7011	-2.307E+02	1.00	6.490E-101	0	160	161	0	160	161	161M
7011	10874	-2.310E+02	1.00	4.733E-101	0	159	161	0	159	161	160M
7012	66	-1.925E+02	0.992	2.503E-84	0	126	128	0	126	128	127M
7012	7012	-1.934E+02	1.00	9.706E-85	0	127	128	0	127	128	128M
7012	10873	-1.938E+02	1.00	7.078E-85	0	126	128	0	126	128	127M
7013	67	-2.313E+02	0.993	3.647E-101	0	146	149	0	146	149	147M
7013	7013	-2.338E+02	1.00	2.918E-102	0	148	149	0	148	149	149M
7013	10872	-2.341E+02	1.00	2.128E-102	0	147	149	0	147	149	148M
7014	68	-7.084E+02	0.989	0.000E+00	0	486	488	0	486	488	487M
7014	7014	-7.084E+02	1.00	0.000E+00	0	487	488	0	487	488	488M
7014	10871	-7.084E+02	1.00	0.000E+00	0	486	488	0	486	488	487M
7015	69	-7.084E+02	0.963	0.000E+00	0	684	686	0	690	692	276M3D17M3D392M
7015	7015	-7.084E+02	1.00	0.000E+00	0	685	686	0	685	686	686M
7015	10870	-7.084E+02	1.00	0.000E+00	0	684	686	0	684	686	685M
7016	70	-3.862E+02	0.984	1.981E-168	0	253	255	0	253	255	254M
7016	7016	-3.918E+02	1.00	6.794E-171	0	254	255	0	254	255	255M
7016	10869	-3.921E+02	1.00	4.957E-171	0	253	255	0	253	255	254M
7017	71	-7.084E+02	0.998	0.000E+00	0	591	593	0	591	593	592M
7017	7017	-7.084E+02	1.00	0.000E+00	0	592	593	0	592	593	593M
7017	10868	-7.084E+02	1.00	0.000E+00	0	591	593	0	591	593	592M
7018	7018	-5.513E+02	1.00	3.849E-240	0	342	343	0	342	343	343M
7018	10867	-5.516E+02	1.00	2.809E-240	0	341	343	0	341	343	342M
7019	72	-8.897E+01	0.971	2.301E-39	0	70	73	0	70	73	71M
7019	7019	-9.213E+01	1.00	9.694E-41	0	72	73	0	72	73	73M
7019	10866	-9.245E+01	1.00	7.062E-41	0	71	73	0	71	73	72M
7020	7020	-4.750E+02	1.00	5.245E-207	0	309	310	0	309	310	310M
7020	10865	-4.753E+02	1.00	3.827E-207	0	308	310	0	308	310	309M
7021	7021	-3.800E+02	1.00	9.417E-166	0	251	252	0	251	252	252M
7021	10864	-3.803E+02	1.00	6.870E-166	0	250	252	0	250	252	251M
7022	7022	-4.844E+02	1.00	4.172E-211	0	296	297	0	296	297	297M
7022	10863	-4.847E+02	1.00	3.044E-211	0	295	297	0	295	297	296M
7023	3552	-1.037E+02	0.331	9.044E-46	0	341	345	0	324	326	8M1I82M3I10M2D29M2D4M1I9M16I16M1I130M1D32M
7023	7023	-5.137E+02	1.00	8.184E-224	0	344	345	0	344	345	345M
7023	10862	-5.140E+02	1.00	5.972E-224	0	343	345	0	343	345	344M
7024	7024	-3.868E+02	1.00	1.054E-168	0	254	255	0	254	255	255M
7024	10861	-3.871E+02	1.00	7.693E-169	0	253	255	0	253	255	254M
7025	3553	-7.781E+01	0.334	1.615E-34	10	243	252	3	263	270	16M2D18M2I6M5D31M2D39M18D59M1D40M1D23M
7025	7025	-3.768E+02	1.00	2.204E-164	0	251	252	0	251	252	252M
7025	10860	-3.771E+02	1.00	1.608E-164	0	250	252	0	250	252	251M
7026	7026	-5.384E+02	1.00	1.574E-234	0	342	343	0	342	343	343M
7026	10859	-5.387E+02	1.00	1.149E-234	0	341	343	0	341	343	342M
7027	3554	-4.277E+02	0.969	1.824E-186	0	294	297	0	294	296	295M
7027	7027	-4.456E+02	1.00	2.875E-194	0	296	297	0	296	297	297M
7027	10858	-4.460E+02	1.00	2.098E-194	0	295	297	0	295	297	296M
7028	3555	-4.842E+02	1.00	5.365E-211	0	307	309	0	307	309	308M
7028	7028	-4.839E+02	1.00	7.353E-211	0	308	309	0	308	309	309M
7028	10857	-4.842E+02	1.00	5.365E-211	0	307	309	0	307	309	308M
7029	3556	-7.084E+02	0.996	0.000E+00	0	915	917	0	915	917	916M
7029	7029	-7.084E+02	1.00	0.000E+00	0	916	917	0	916	917	917M
7029	10856	-7.084E+02	1.00	0.000E+00	0	915	917	0	915	917	916M
7030	3557	-6.424E+02	0.995	1.054E-279	0	421	423	0	421	423	422M
7030	7030	-6.439E+02	1.00	2.182E-280	0	422	423	0	422	423	423M
7030	10855	-6.443E+02	1.00	1.592E-280	0	421	423	0	421	423	422M
7031	2106	-5.275E+02	0.997	8.159E-230	0	344	346	0	344	346	345M
7031	7031	-5.291E+02	1.00	1.688E-230	0	345	346	0	345	346	346M
7031	10854	-5.294E+02	1.00	1.232E-230	0	344	346	0	344	346	345M
7032	2105	-5.201E+02	0.979	1.365E-226	0	341	343	0	341	343	342M
7032	7032	-5.336E+02	1.00	1.779E-232	0	342	343	0	342	343	343M
7032	10853	-5.339E+02	1.00	1.298E-232	0	341	343	0	341	343	342M
7033	2104	-2.606E+02	0.984	6.982E-114	0	188	190	0	188	190	189M
7033	7033	-2.665E+02	1.00	1.741E-116	0	189	190	0	189	190	190M
7033	10852	-2.669E+02	1.00	1.270E-116	0	188	190	0	188	190	189M
7034	2103	-6.079E+02	1.00	9.572E-265	0	376	378	0	376	378	377M
7034	7034	-6.076E+02	1.00	1.312E-264	0	377	378	0	377	378	378M
7034	10851	-6.079E+02	1.00	9.572E-265	0	376	378	0	376	378	377M
7035	2102	-1.469E+02	1.00	1.541E-64	0	108	110	0	108	110	109M
7035	7035	-1.466E+02	1.00	2.114E-64	0	109	110	0	109	110	110M
7035	10850	-1.469E+02	1.00	1.541E-64	0	108	110	0	108	110	109M
7036	2101	-7.084E+02	1.00	0.000E+00	0	632	634	0	632	634	633M
7036	7036	-7.084E+02	1.00	0.000E+00	0	633	634	0	633	634	634M
7036	10849	-7.084E+02	1.00	0.000E+00	0	632	634	0	632	634	633M
7037	2100	-4.584E+02	1.00	8.390E-200	0	319	321	0	319	321	320M
7037	7037	-4.581E+02	1.00	1.150E-199	0	320	321	0	320	321	321M
7037	10848	-4.584E+02	1.00	8.390E-200	0	319	321	0	319	321	320M
7038	2099	-6.205E+02	0.997	3.156E-270	0	416	418	0	416	418	417M
7038	7038	-6.205E+02	1.00	3.156E-270	0	417	418	0	417	418	418M
7038	10847	-6.209E+02	1.00	2.303E-270	0	416	418	0	416	418	417M
7039	2098	-3.420E+02	0.982	3.085E-149	0	234	236	0	234	236	235M
7039	7039	-3.483E+02	1.00	5.629E-152	0	235	236	0	235	236	236M
7039	10846	-3.486E+02	1.00	4.106E-152	0	234	236	0	234	236	235M
7040	2097	-4.482E+02	1.00	2.340E-195	0	302	304	0	302	304	303M
7040	7040	-4.478E+02	1.00	3.207E-195	0	303	304	0	303	304	304M
7040	10845	-4.482E+02	1.00	2.340E-195	0	302	304	0	302	304	303M
7041	2096	-4.258E+02	0.978	1.234E-185	0	282	284	0	282	284	283M
7041	7041	-4.346E+02	1.00	1.812E-189	0	283	284	0	283	284	284M
7041	10844	-4.349E+02	1.00	1.322E-189	0	282	284	0	282	284	283M
7042	2095	-3.034E+02	1.00	1.767E-132	0	203	205	0	203	205	204M
7042	7042	-3.031E+02	1.00	2.422E-132	0	204	205	0	204	205	205M
7042	10843	-3.034E+02	1.00	1.767E-132	0	203	205	0	203	205	204M
7043	2094	-1.496E+02	0.990	1.086E-65	0	99	101	0	99	101	100M
7043	7043	-1.502E+02	1.00	5.772E-66	0	100	101	0	100	101	101M
7043	10842	-1.505E+02	1.00	4.208E-66	0	99	101	0	99	101	100M
7044	2093	-2.020E+02	0.993	1.841E-88	0	158	160	0	158	160	159M
7044	7044	-2.049E+02	1.00	1.075E-89	0	159	160	0	159	160	160M
7044	10841	-2.052E+02	1.00	7.839E-90	0	158	160	0	158	160	159M
7045	2092	-7.084E+02	0.993	0.000E+00	0	622	624	0	622	624	623M
7045	7045	-7.084E+02	1.00	0.000E+00	0	623	624	0	623	624	624M
7045	10840	-7.084E+02	1.00	0.000E+00	0	622	624	0	622	624	623M
7046	2091	-1.478E+02	1.00	6.419E-65	0	103	105	0	103	105	104M
7046	7046	-1.475E+02	1.00	8.805E-65	0	104	105	0	104	105	105M
7046	10839	-1.478E+02	1.00	6.419E-65	0	103	105	0	103	105	104M
7047	2090	-2.312E+02	1.00	3.798E-101	0	161	163	0	161	163	162M
7047	7047	-2.309E+02	1.00	5.208E-101	0	162	163	0	162	163	163M
7047	10838	-2.312E+02	1.00	3.798E-101	0	161	163	0	161	163	162M
7048	2089	-2.406E+02	0.987	3.230E-105	0	163	165	0	163	165	164M
7048	7048	-2.425E+02	1.00	4.862E-106	0	164	165	0	164	165	165M
7048	10837	-2.428E+02	1.00	3.546E-106	0	163	165	0	163	165	164M
7049	2088	-2.045E+02	0.992	1.534E-89	0	139	141	0	139	141	140M
7049	7049	-2.058E+02	1.00	4.338E-90	0	140	141	0	140	141	141M
7049	10836	-2.061E+02	1.00	3.164E-90	0	139	141	0	139	141	140M
7050	2087	-2.159E+02	0.986	1.649E-94	0	144	146	0	144	146	145M
7050	7050	-2.197E+02	1.00	3.731E-96	0	145	146	0	145	146	146M
7050	10835	-2.200E+02	1.00	2.721E-96	0	144	146	0	144	146	145M
7051	2086	-4.670E+02	1.00	1.552E-203	0	297	299	0	297	299	298M
7051	7051	-4.667E+02	1.00	2.127E-203	0	298	299	0	298	299	299M
7051	10834	-4.670E+02	1.00	1.552E-203	0	297	299	0	297	299	298M
7052	2148	-4.630E+01	0.432	7.829E-21	7	103	112	12	107	552	29M1I67M
7052	7052	-1.620E+02	1.00	4.391E-71	0	111	112	0	111	112	112M
7052	10833	-1.623E+02	1.00	3.202E-71	0	110	112	0	110	112	111M
7053	3759	-7.041E+02	1.00	1.709E-306	3	490	492	0	487	489	488M
7053	7053	-7.075E+02	1.00	5.349E-308	0	491	492	0	491	492	492M
7053	10832	-7.078E+02	1.00	3.904E-308	0	490	492	0	490	492	491M
7054	3758	-6.748E+02	0.962	9.006E-294	0	456	458	0	456	458	457M
7054	7054	-6.993E+02	1.00	1.922E-304	0	457	458	0	457	458	458M
7054	10831	-6.996E+02	1.00	1.403E-304	0	456	458	0	456	458	457M
7055	7055	-3.277E+02	1.00	5.018E-143	0	224	225	0	224	225	225M
7055	10935	-3.280E+02	1.00	3.661E-143	0	223	225	0	223	225	224M
7056	1906	-7.315E+02	0.997	1.960E-318	0	488	490	0	488	490	489M
7056	7056	-7.328E+02	1.00	5.560E-319	0	489	490	0	489	490	490M
7056	10936	-7.331E+02	1.00	4.058E-319	0	488	490	0	488	490	489M
7057	1907	-7.380E+02	0.997	3.019E-321	0	491	493	0	491	493	492M
7057	7057	-7.390E+02	1.00	1.176E-321	0	492	493	0	492	493	493M
7057	10937	-7.393E+02	1.00	8.547E-322	0	491	493	0	491	493	492M
7058	1908	-1.409E+02	1.00	6.722E-62	0	103	105	0	103	105	104M
7058	7058	-1.405E+02	1.00	9.221E-62	0	104	105	0	104	105	105M
7058	10938	-1.409E+02	1.00	6.722E-62	0	103	105	0	103	105	104M
7059	1909	-5.117E+02	1.00	5.952E-223	0	345	347	0	345	347	346M
7059	7059	-5.114E+02	1.00	8.157E-223	0	346	347	0	346	347	347M
7059	10939	-5.117E+02	1.00	5.952E-223	0	345	347	0	345	347	346M
7060	1910	-4.232E+02	1.00	1.688E-184	0	284	286	0	284	286	285M
7060	7060	-4.228E+02	1.00	2.314E-184	0	285	286	0	285	286	286M
7060	10940	-4.232E+02	1.00	1.688E-184	0	284	286	0	284	286	285M
7061	1911	-2.470E+02	0.993	5.587E-108	0	162	164	0	162	164	163M
7061	7061	-2.482E+02	1.00	1.581E-108	0	163	164	0	163	164	164M
7061	10941	-2.485E+02	1.00	1.153E-108	0	162	164	0	162	164	163M
7062	1912	-2.755E+02	0.994	2.201E-120	0	185	187	0	185	187	186M
7062	7062	-2.777E+02	1.00	2.419E-121	0	186	187	0	186	187	187M
7062	10942	-2.780E+02	1.00	1.764E-121	0	185	187	0	185	187	186M
7063	1913	-7.327E+02	1.00	6.039E-319	0	483	485	0	483	485	484M
7063	7063	-7.324E+02	1.00	8.275E-319	0	484	485	0	484	485	485M
7063	10943	-7.327E+02	1.00	6.039E-319	0	483	485	0	483	485	484M
7064	1914	-7.705E+01	1.00	3.434E-34	0	56	58	0	56	58	57M
7064	7064	-7.674E+01	1.00	4.715E-34	0	57	58	0	57	58	58M
7064	10944	-7.705E+01	1.00	3.434E-34	0	56	58	0	56	58	57M
7065	1915	-7.017E+02	0.995	1.863E-305	0	460	462	0	460	462	461M
7065	7065	-7.036E+02	1.00	2.814E-306	0	461	462	0	461	462	462M
7065	10945	-7.039E+02	1.00	2.054E-306	0	460	462	0	460	462	461M
7066	1916	-3.888E+02	1.00	1.357E-169	0	243	245	0	243	245	244M
7066	7066	-3.885E+02	1.00	1.861E-169	0	244	245	0	244	245	245M
7066	10946	-3.888E+02	1.00	1.357E-169	0	243	245	0	243	245	244M
7067	1917	-3.181E+02	1.00	6.751E-139	0	204	206	0	204	206	205M
7067	7067	-3.178E+02	1.00	9.254E-139	0	205	206	0	205	206	206M
7067	10947	-3.181E+02	1.00	6.751E-139	0	204	206	0	204	206	205M
7068	1918	-7.084E+02	0.998	0.000E+00	0	502	504	0	502	504	503M
7068	7068	-7.084E+02	1.00	0.000E+00	0	503	504	0	503	504	504M
7068	10948	-7.084E+02	1.00	0.000E+00	0	502	504	0	502	504	503M
7069	3367	-2.872E+02	0.989	1.794E-125	0	189	233	0	189	190	190M
7069	7069	-3.569E+02	1.00	9.799E-156	0	232	233	0	232	233	233M
7069	10949	-3.572E+02	1.00	7.149E-156	0	231	233	0	231	233	232M
7070	3366	-5.074E+02	0.973	4.467E-221	0	343	345	0	343	345	344M
7070	7070	-5.190E+02	1.00	3.859E-226	0	344	345	0	344	345	345M
7070	10950	-5.193E+02	1.00	2.816E-226	0	343	345	0	343	345	344M
7071	3365	-5.121E+02	0.990	3.856E-223	0	329	331	0	329	331	330M
7071	7071	-5.165E+02	1.00	4.676E-225	0	330	331	0	330	331	331M
7071	10951	-5.169E+02	1.00	3.412E-225	0	329	331	0	329	331	330M
7072	3364	-3.957E+02	0.996	1.449E-172	0	265	267	0	265	267	266M
7072	7072	-3.973E+02	1.00	2.995E-173	0	266	267	0	266	267	267M
7072	10952	-3.976E+02	1.00	2.185E-173	0	265	267	0	265	267	266M
7073	3363	-3.815E+02	0.996	2.027E-166	0	271	273	0	271	273	272M
7073	7073	-3.815E+02	1.00	2.027E-166	0	272	273	0	272	273	273M
7073	10953	-3.818E+02	1.00	1.479E-166	0	271	273	0	271	273	272M
7074	3362	-4.355E+02	0.993	7.233E-190	0	296	298	0	296	298	297M
7074	7074	-4.380E+02	1.00	5.811E-191	0	297	298	0	297	298	298M
7074	10954	-4.383E+02	1.00	4.240E-191	0	296	298	0	296	298	297M
7075	3361	-4.947E+02	0.990	1.427E-215	0	331	333	0	331	333	332M
7075	7075	-4.985E+02	1.00	3.252E-217	0	332	333	0	332	333	333M
7075	10955	-4.988E+02	1.00	2.373E-217	0	331	333	0	331	333	332M
7076	3360	-4.553E+02	1.00	1.777E-198	0	290	292	0	290	292	291M
7076	7076	-4.550E+02	1.00	2.435E-198	0	291	292	0	291	292	292M
7076	10956	-4.553E+02	1.00	1.777E-198	0	290	292	0	290	292	291M
7077	3359	-5.947E+02	1.00	5.166E-259	57	450	452	0	393	395	394M
7077	7077	-6.795E+02	1.00	8.283E-296	0	451	452	0	451	452	452M
7077	10957	-6.798E+02	1.00	6.045E-296	0	450	452	0	450	452	451M
7078	4246	-5.945E+02	0.994	6.621E-259	0	394	396	0	394	396	395M
7078	7078	-5.970E+02	1.00	5.324E-260	0	395	396	0	395	396	396M
7078	10958	-5.973E+02	1.00	3.885E-260	0	394	396	0	394	396	395M
7079	4247	-4.400E+02	0.993	8.473E-192	0	302	304	0	302	304	303M
7079	7079	-4.425E+02	1.00	6.808E-193	0	303	304	0	303	304	304M
7079	10959	-4.428E+02	1.00	4.968E-193	0	302	304	0	302	304	303M
7080	2555	-1.801E+02	0.967	6.025E-79	0	121	123	0	121	123	122M
7080	7080	-1.858E+02	1.00	2.045E-81	0	122	123	0	122	123	123M
7080	10960	-1.861E+02	1.00	1.491E-81	0	121	123	0	121	123	122M
7081	2556	-3.964E+02	0.996	6.959E-173	0	283	285	0	283	285	284M
7081	7081	-3.974E+02	1.00	2.703E-173	0	284	285	0	284	285	285M
7081	10961	-3.977E+02	1.00	1.972E-173	0	283	285	0	283	285	284M
7082	2557	-2.228E+02	0.993	1.701E-97	0	152	154	0	152	154	153M
7082	7082	-2.238E+02	1.00	6.599E-98	0	153	154	0	153	154	154M
7082	10962	-2.241E+02	1.00	4.813E-98	0	152	154	0	152	154	153M
7083	2558	-4.487E+02	0.990	1.368E-195	0	304	306	0	304	306	305M
7083	7083	-4.537E+02	1.00	8.833E-198	0	305	306	0	305	306	306M
7083	10963	-4.518E+02	0.996	5.853E-197	0	304	306	0	304	306	305M
7084	7084	-3.262E+02	1.00	2.137E-142	0	208	209	0	208	209	209M
7084	10964	-3.265E+02	1.00	1.559E-142	0	207	209	0	207	209	208M
7085	2561	-6.169E+02	0.987	1.261E-268	0	414	416	0	414	416	415M
7085	7085	-6.219E+02	1.00	8.156E-271	0	415	416	0	415	416	416M
7085	10965	-6.222E+02	1.00	5.952E-271	0	414	416	0	414	416	415M
7086	2562	-5.615E+02	0.864	1.398E-244	0	433	435	0	442	444	243M1I5M10D185M
7086	7086	-6.462E+02	1.00	2.240E-281	0	434	435	0	434	435	435M
7086	10966	-6.465E+02	1.00	1.635E-281	0	433	435	0	433	435	434M
7087	270	-7.261E+02	0.868	4.763E-316	0	532	534	0	532	534	533M
7087	7087	-7.084E+02	1.00	0.000E+00	0	533	534	0	533	534	534M
7087	10967	-7.084E+02	1.00	0.000E+00	0	532	534	0	532	534	533M
7088	271	-3.236E+02	0.982	3.026E-141	0	223	225	0	223	225	224M
7088	7088	-3.286E+02	1.00	1.948E-143	0	224	225	0	224	225	225M
7088	10968	-3.289E+02	1.00	1.421E-143	0	223	225	0	223	225	224M
7089	272	-6.454E+02	0.954	4.882E-281	0	442	445	2	444	447	443M
7089	7089	-6.722E+02	1.00	1.149E-292	0	444	445	0	444	445	445M
7089	10969	-6.725E+02	1.00	8.382E-293	0	443	445	0	443	445	444M
7090	273	-3.165E+02	0.944	3.365E-138	0	198	200	0	198	200	199M
7090	7090	-3.257E+02	1.00	3.581E-142	0	199	200	0	199	200	200M
7090	10970	-3.260E+02	1.00	2.612E-142	0	198	200	0	198	200	199M
7091	274	-5.951E+02	0.997	3.526E-259	0	394	396	0	394	396	395M
7091	7091	-5.967E+02	1.00	7.296E-260	0	395	396	0	395	396	396M
7091	10971	-5.970E+02	1.00	5.324E-260	0	394	396	0	394	396	395M
7092	275	-4.240E+02	0.986	7.293E-185	0	293	295	0	293	295	294M
7092	7092	-4.306E+02	1.00	9.737E-188	0	294	295	0	294	295	295M
7092	10972	-4.309E+02	1.00	7.105E-188	0	293	295	0	293	295	294M
7093	276	-4.095E+02	0.976	1.457E-178	0	300	302	0	300	302	301M
7093	7093	-4.167E+02	1.00	1.037E-181	0	301	302	0	301	302	302M
7093	10973	-4.170E+02	1.00	7.568E-182	0	300	302	0	300	302	301M
7094	277	-4.251E+02	0.917	2.390E-185	0	337	339	0	337	339	338M
7094	7094	-4.617E+02	1.00	3.219E-201	0	338	339	0	338	339	339M
7094	10974	-4.620E+02	1.00	2.349E-201	0	337	339	0	337	339	338M
7095	278	-2.928E+02	0.979	6.848E-128	0	193	195	0	193	195	194M
7095	7095	-2.975E+02	1.00	6.032E-130	0	194	195	0	194	195	195M
7095	10975	-2.979E+02	1.00	4.400E-130	0	193	195	0	193	195	194M
7096	279	-7.084E+02	0.996	0.000E+00	0	958	960	0	958	960	959M
7096	7096	-7.084E+02	1.00	0.000E+00	0	959	960	0	959	960	960M
7096	10976	-7.084E+02	1.00	0.000E+00	0	958	960	0	958	960	959M
7097	280	-3.222E+02	0.986	1.120E-140	0	224	226	0	224	226	225M
7097	7097	-3.267E+02	1.00	1.355E-142	0	225	226	0	225	226	226M
7097	10977	-3.270E+02	1.00	9.884E-143	0	224	226	0	224	226	225M
7098	281	-3.786E+02	0.985	3.932E-165	0	267	269	0	267	269	268M
7098	7098	-3.833E+02	1.00	3.476E-167	0	268	269	0	268	269	269M
7098	10978	-3.836E+02	1.00	2.536E-167	0	267	269	0	267	269	268M
7099	282	-2.214E+02	0.979	7.333E-97	0	143	145	0	143	145	144M
7099	7099	-2.267E+02	1.00	3.423E-99	0	144	145	0	144	145	145M
7099	10979	-2.270E+02	1.00	2.497E-99	0	143	145	0	143	145	144M
7100	283	-2.002E+02	0.972	1.127E-87	0	143	145	0	143	145	144M
7100	7100	-2.049E+02	1.00	9.887E-90	0	144	145	0	144	145	145M
7100	10980	-2.053E+02	1.00	7.211E-90	0	143	145	0	143	145	144M
7101	284	-1.536E+02	0.982	1.972E-67	0	114	116	0	115	117	105M1D10M
7101	7101	-1.580E+02	1.00	2.365E-69	0	115	116	0	115	116	116M
7101	10981	-1.583E+02	1.00	1.724E-69	0	114	116	0	114	116	115M
7102	285	-7.129E+02	1.00	2.506E-310	0	483	485	0	483	485	484M
7102	7102	-7.126E+02	1.00	3.434E-310	0	484	485	0	484	485	485M
7102	10982	-7.129E+02	1.00	2.506E-310	0	483	485	0	483	485	484M
7103	286	-7.084E+02	1.00	0.000E+00	0	1057	1059	0	1057	1059	1058M
7103	7103	-7.084E+02	1.00	0.000E+00	0	1058	1059	0	1058	1059	1059M
7103	10983	-7.084E+02	1.00	0.000E+00	0	1057	1059	0	1057	1059	1058M
7104	287	-5.809E+02	1.00	5.208E-253	0	415	417	0	415	417	416M
7104	7104	-5.806E+02	1.00	7.136E-253	0	416	417	0	416	417	417M
7104	10984	-5.809E+02	1.00	5.208E-253	0	415	417	0	415	417	416M
7105	288	-3.231E+02	0.990	5.007E-141	0	207	209	0	207	209	208M
7105	7105	-3.246E+02	1.00	1.034E-141	0	208	209	0	208	209	209M
7105	10985	-3.249E+02	1.00	7.546E-142	0	207	209	0	207	209	208M
7106	289	-7.084E+02	0.998	0.000E+00	0	685	687	0	685	687	686M
7106	7106	-7.084E+02	1.00	0.000E+00	0	686	687	0	686	687	687M
7106	10986	-7.084E+02	1.00	0.000E+00	0	685	687	0	685	687	686M
7107	290	-4.821E+02	0.996	4.204E-210	0	324	326	0	324	326	325M
7107	7107	-4.840E+02	1.00	6.346E-211	0	325	326	0	325	326	326M
7107	10987	-4.843E+02	1.00	4.630E-211	0	324	326	0	324	326	325M
7108	291	-1.444E+02	1.00	1.978E-63	0	102	104	0	102	104	103M
7108	7108	-1.441E+02	1.00	2.713E-63	0	103	104	0	103	104	104M
7108	10988	-1.444E+02	1.00	1.978E-63	0	102	104	0	102	104	103M
7109	292	-1.174E+02	1.00	9.920E-52	0	84	86	0	84	86	85M
7109	7109	-1.171E+02	1.00	1.361E-51	0	85	86	0	85	86	86M
7109	10989	-1.174E+02	1.00	9.920E-52	0	84	86	0	84	86	85M
7110	293	-3.352E+02	1.00	2.631E-146	0	230	232	0	230	232	231M
7110	7110	-3.349E+02	1.00	3.607E-146	0	231	232	0	231	232	232M
7110	10990	-3.352E+02	1.00	2.631E-146	0	230	232	0	230	232	231M
7111	294	-3.918E+02	1.00	7.230E-171	0	261	263	0	261	263	262M
7111	7111	-3.914E+02	1.00	9.909E-171	0	262	263	0	262	263	263M
7111	10991	-3.918E+02	1.00	7.230E-171	0	261	263	0	261	263	262M
7112	295	-6.382E+02	0.995	6.635E-278	0	422	424	0	422	424	423M
7112	7112	-6.417E+02	1.00	2.074E-279	0	423	424	0	423	424	424M
7112	10992	-6.420E+02	1.00	1.514E-279	0	422	424	0	422	424	423M
7113	296	-6.937E+02	0.989	5.576E-302	0	456	458	0	456	458	457M
7113	7113	-7.031E+02	1.00	4.385E-306	0	457	458	0	457	458	458M
7113	10993	-7.034E+02	1.00	3.200E-306	0	456	458	0	456	458	457M
7114	297	-2.419E+02	1.00	8.958E-106	0	156	158	0	156	158	157M
7114	7114	-2.416E+02	1.00	1.228E-105	0	157	158	0	157	158	158M
7114	10994	-2.419E+02	1.00	8.958E-106	0	156	158	0	156	158	157M
7115	298	-1.648E+02	0.896	2.810E-72	0	125	127	0	125	127	126M
7115	7115	-1.834E+02	1.00	2.266E-80	0	126	127	0	126	127	127M
7115	10995	-1.837E+02	1.00	1.652E-80	0	125	127	0	125	127	126M
7116	299	-2.806E+02	0.994	1.414E-122	0	185	187	0	185	187	186M
7116	7116	-2.828E+02	1.00	1.554E-123	0	186	187	0	186	187	187M
7116	10996	-2.831E+02	1.00	1.133E-123	0	185	187	0	185	187	186M
7117	300	-6.891E+02	0.997	5.086E-300	5	465	467	0	460	462	461M
7117	7117	-6.973E+02	1.00	1.411E-303	0	466	467	0	466	467	467M
7117	10997	-6.977E+02	1.00	1.030E-303	0	465	467	0	465	467	466M
7118	301	-5.955E+02	1.00	2.456E-259	0	393	395	0	393	395	394M
7118	7118	-5.952E+02	1.00	3.365E-259	0	394	395	0	394	395	395M
7118	10998	-5.955E+02	1.00	2.456E-259	0	393	395	0	393	395	394M
7119	302	-2.482E+02	1.00	1.640E-108	0	176	178	0	176	178	177M
7119	7119	-2.479E+02	1.00	2.249E-108	0	177	178	0	177	178	178M
7119	10999	-2.094E+02	1.00	1.172E-91	28	176	178	0	148	150	149M
7120	303	-3.368E+02	0.990	5.266E-147	0	216	218	0	216	218	217M
7120	7120	-3.403E+02	1.00	1.640E-148	0	217	218	0	217	218	218M
7120	11000	-3.406E+02	1.00	1.196E-148	0	216	218	0	216	218	217M
7121	304	-1.388E+02	1.00	5.422E-61	0	94	96	0	94	96	95M
7121	7121	-1.385E+02	1.00	7.439E-61	0	95	96	0	95	96	96M
7121	11001	-1.388E+02	1.00	5.422E-61	0	94	96	0	94	96	95M
7122	305	-7.084E+02	1.00	0.000E+00	0	627	629	0	627	629	628M
7122	7122	-7.084E+02	1.00	0.000E+00	0	628	629	0	628	629	629M
7122	11002	-7.084E+02	1.00	0.000E+00	0	627	629	0	627	629	628M
7123	306	-8.093E+01	1.00	7.107E-36	0	67	69	0	67	69	68M
7123	7123	-8.062E+01	1.00	9.756E-36	0	68	69	0	68	69	69M
7123	11003	-8.093E+01	1.00	7.107E-36	0	67	69	0	67	69	68M
7124	307	-2.647E+02	1.00	1.064E-115	0	173	175	0	173	175	174M
7124	7124	-2.644E+02	1.00	1.459E-115	0	174	175	0	174	175	175M
7124	11004	-2.647E+02	1.00	1.064E-115	0	173	175	0	173	175	174M
7125	7125	-5.586E+02	1.00	2.425E-243	0	373	374	0	373	374	374M
7125	11005	-5.590E+02	1.00	1.770E-243	0	372	374	0	372	374	373M
7126	308	-4.815E+02	1.00	7.338E-210	0	309	311	0	309	311	310M
7126	7126	-4.812E+02	1.00	1.006E-209	0	310	311	0	310	311	311M
7126	11006	-4.815E+02	1.00	7.338E-210	0	309	311	0	309	311	310M
7127	309	-2.433E+02	0.993	2.240E-106	0	160	162	0	160	162	161M
7127	7127	-2.448E+02	1.00	4.623E-107	0	161	162	0	161	162	162M
7127	11007	-2.452E+02	1.00	3.372E-107	0	160	162	0	160	162	161M
7128	310	-6.605E+02	1.00	1.342E-287	0	423	425	0	423	425	424M
7128	7128	-6.602E+02	1.00	1.839E-287	0	424	425	0	424	425	425M
7128	11008	-6.605E+02	1.00	1.342E-287	0	423	425	0	423	425	424M
7129	311	-1.696E+02	0.992	2.174E-74	0	129	131	0	129	131	130M
7129	7129	-1.702E+02	1.00	1.156E-74	0	130	131	0	130	131	131M
7129	11009	-1.706E+02	1.00	8.428E-75	0	129	131	0	129	131	130M
7130	312	-1.779E+02	1.00	5.238E-78	0	120	122	0	120	122	121M
7130	7130	-1.776E+02	1.00	7.184E-78	0	121	122	0	121	122	122M
7130	11010	-1.779E+02	1.00	5.238E-78	0	120	122	0	120	122	121M
7131	313	-7.084E+02	1.00	0.000E+00	0	610	612	0	610	612	611M
7131	7131	-7.084E+02	1.00	0.000E+00	0	611	612	0	611	612	612M
7131	11011	-7.084E+02	1.00	0.000E+00	0	610	612	0	610	612	611M
7132	314	-3.772E+02	1.00	1.485E-164	0	235	237	0	235	237	236M
7132	7132	-3.769E+02	1.00	2.035E-164	0	236	237	0	236	237	237M
7132	11012	-3.772E+02	1.00	1.485E-164	0	235	237	0	235	237	236M
7133	315	-7.084E+02	1.00	0.000E+00	0	945	947	0	945	947	946M
7133	7133	-7.084E+02	1.00	0.000E+00	0	946	947	0	946	947	947M
7133	11013	-7.084E+02	1.00	0.000E+00	0	945	947	0	945	947	946M
7134	316	-5.723E+02	1.00	2.878E-249	0	397	399	0	397	399	398M
7134	7134	-5.720E+02	1.00	3.943E-249	0	398	399	0	398	399	399M
7134	11014	-5.723E+02	1.00	2.878E-249	0	397	399	0	397	399	398M
7135	317	-7.264E+02	1.00	3.254E-316	0	476	478	0	476	478	477M
7135	7135	-7.261E+02	1.00	4.459E-316	0	477	478	0	477	478	478M
7135	11015	-7.264E+02	1.00	3.254E-316	0	476	478	0	476	478	477M
7136	318	-5.595E+02	0.997	1.009E-243	0	387	389	0	387	389	388M
7136	7136	-5.605E+02	1.00	3.921E-244	0	388	389	0	388	389	389M
7136	11016	-5.608E+02	1.00	2.861E-244	0	387	389	0	387	389	388M
7137	319	-4.267E+02	1.00	4.695E-186	0	285	297	0	285	286	286M
7137	7137	-4.409E+02	1.00	3.250E-192	0	296	297	0	296	297	297M
7137	11017	-4.412E+02	1.00	2.372E-192	0	295	297	0	295	297	296M
7138	3991	-4.422E+02	1.00	9.350E-193	0	292	338	0	292	295	293M
7138	7138	-5.118E+02	1.00	5.355E-223	0	337	338	0	337	338	338M
7138	11018	-5.121E+02	1.00	3.907E-223	0	336	338	0	336	338	337M
7139	3990	-4.146E+02	0.996	9.076E-181	0	306	308	0	306	308	307M
7139	7139	-4.152E+02	1.00	4.833E-181	0	307	308	0	307	308	308M
7139	11019	-4.155E+02	1.00	3.526E-181	0	306	308	0	306	308	307M
7140	3989	-4.493E+02	1.00	7.536E-196	0	298	300	0	298	300	299M
7140	7140	-4.490E+02	1.00	1.033E-195	0	299	300	0	299	300	300M
7140	11020	-4.493E+02	1.00	7.536E-196	0	298	300	0	298	300	299M
7141	3988	-7.383E+02	1.00	2.332E-321	0	499	501	0	499	501	500M
7141	7141	-7.380E+02	1.00	3.197E-321	0	500	501	0	500	501	501M
7141	11021	-7.383E+02	1.00	2.332E-321	0	499	501	0	499	501	500M
7142	7142	-7.084E+02	1.00	0.000E+00	0	738	739	0	738	739	739M
7142	11022	-7.084E+02	1.00	0.000E+00	0	737	739	0	737	739	738M
7143	4526	-1.100E+02	1.00	1.663E-48	6	88	89	5	87	110	83M
7143	7143	-1.201E+02	1.00	6.677E-53	0	88	89	0	88	89	89M
7143	12170	-1.100E+02	1.00	1.663E-48	6	88	89	31	113	138	83M
7144	1244	-5.783E+02	0.979	6.759E-252	0	382	384	0	382	384	383M
7144	7144	-5.909E+02	1.00	2.271E-257	0	383	384	0	383	384	384M
7144	11024	-5.913E+02	1.00	1.658E-257	0	382	384	0	382	384	383M
7145	1245	-7.084E+02	0.990	0.000E+00	0	626	628	0	626	628	627M
7145	7145	-7.084E+02	1.00	0.000E+00	0	627	628	0	627	628	628M
7145	11025	-7.084E+02	1.00	0.000E+00	0	626	628	0	626	628	627M
7146	1246	-2.142E+02	0.987	9.869E-94	0	155	157	0	155	157	156M
7146	7146	-2.164E+02	1.00	1.083E-94	0	156	157	0	156	157	157M
7146	11026	-2.167E+02	1.00	7.900E-95	0	155	157	0	155	157	156M
7147	3260	-3.882E+02	0.996	2.547E-169	0	263	265	0	263	281	264M
7147	7147	-3.882E+02	1.00	2.547E-169	0	264	265	0	264	265	265M
7147	11027	-3.885E+02	1.00	1.858E-169	0	263	265	0	263	265	264M
7148	3261	-5.487E+02	0.994	5.160E-239	0	356	358	0	356	358	357M
7148	7148	-5.506E+02	1.00	7.790E-240	0	357	358	0	357	358	358M
7148	11028	-5.509E+02	1.00	5.684E-240	0	356	358	0	356	358	357M
7149	3262	-6.213E+02	1.00	1.531E-270	0	414	416	0	414	416	415M
7149	7149	-6.210E+02	1.00	2.099E-270	0	415	416	0	415	416	416M
7149	11029	-6.213E+02	1.00	1.531E-270	0	414	416	0	414	416	415M
7150	3263	-5.781E+02	0.984	8.941E-252	0	388	390	0	388	390	389M
7150	7150	-5.844E+02	1.00	1.640E-254	0	389	390	0	389	390	390M
7150	11030	-5.847E+02	1.00	1.197E-254	0	388	390	0	388	390	389M
7151	7151	-3.737E+02	1.00	5.158E-163	0	251	252	0	251	252	252M
7151	11031	-3.740E+02	1.00	3.763E-163	0	250	252	0	250	252	251M
7152	2070	-3.835E+02	0.995	2.889E-167	0	243	245	0	243	245	244M
7152	7152	-3.844E+02	1.00	1.122E-167	0	244	245	0	244	245	245M
7152	11032	-3.847E+02	1.00	8.184E-168	0	243	245	0	243	245	244M
7153	2071	-7.431E+02	0.981	1.976E-323	0	530	532	0	530	532	531M
7153	7153	-7.084E+02	1.00	0.000E+00	0	531	532	0	531	532	532M
7153	11033	-7.084E+02	1.00	0.000E+00	0	530	532	0	530	532	531M
7154	2072	-7.084E+02	0.968	0.000E+00	0	535	537	0	535	537	536M
7154	7154	-7.084E+02	1.00	0.000E+00	0	536	537	0	536	537	537M
7154	11034	-7.084E+02	1.00	0.000E+00	0	535	537	0	535	537	536M
7155	2073	-5.643E+01	0.941	3.117E-25	0	50	52	0	50	52	51M
7155	7155	-6.309E+01	1.00	3.972E-28	0	51	52	0	51	52	52M
7155	11035	-6.341E+01	1.00	2.892E-28	0	50	52	0	50	52	51M
7156	2074	-6.042E+02	0.992	4.062E-263	0	382	384	0	382	384	383M
7156	7156	-6.076E+02	1.00	1.269E-264	0	383	384	0	383	384	384M
7156	11036	-6.080E+02	1.00	9.260E-265	0	382	384	0	382	384	383M
7157	2075	-4.450E+02	0.996	5.326E-194	0	288	290	0	288	290	289M
7157	7157	-4.460E+02	1.00	2.069E-194	0	289	290	0	289	290	290M
7157	11037	-4.463E+02	1.00	1.509E-194	0	288	290	0	288	290	289M
7158	2076	-7.084E+02	0.977	0.000E+00	0	541	543	0	541	543	542M
7158	7158	-7.084E+02	1.00	0.000E+00	0	542	543	0	542	543	543M
7158	11038	-7.084E+02	1.00	0.000E+00	0	541	543	0	541	543	542M
7159	2077	-7.084E+02	0.965	0.000E+00	0	979	981	0	979	981	980M
7159	7159	-7.084E+02	1.00	0.000E+00	0	980	981	0	980	981	981M
7159	11039	-7.084E+02	1.00	0.000E+00	0	979	981	0	979	981	980M
7160	2078	-6.871E+02	0.990	4.020E-299	0	435	437	0	435	437	436M
7160	7160	-6.918E+02	1.00	3.563E-301	0	436	437	0	436	437	437M
7160	11040	-6.921E+02	1.00	2.600E-301	0	435	437	0	435	437	436M
7161	2079	-6.850E+02	0.606	3.279E-298	0	750	752	0	765	767	65M1D99M4D269M1D17M3D5M1I8M1I29M2D51M1I7M3D37M5D77M1I83M
7161	7161	-7.084E+02	1.00	0.000E+00	0	751	752	0	751	752	752M
7161	11041	-7.084E+02	1.00	0.000E+00	0	750	752	0	750	752	751M
7162	2080	-4.819E+02	0.990	5.007E-210	0	321	323	0	321	323	322M
7162	7162	-4.876E+02	1.00	1.722E-212	0	322	323	0	322	323	323M
7162	11042	-4.879E+02	1.00	1.256E-212	0	321	323	0	321	323	322M
7163	2081	-3.835E+02	0.984	2.712E-167	0	255	257	0	255	257	256M
7163	7163	-3.873E+02	1.00	6.168E-169	0	256	257	0	256	257	257M
7163	11043	-3.876E+02	1.00	4.500E-169	0	255	257	0	255	257	256M
7164	2082	-4.489E+02	0.987	1.162E-195	0	314	316	0	314	316	315M
7164	7164	-4.520E+02	1.00	4.973E-197	0	315	316	0	315	316	316M
7164	11044	-4.523E+02	1.00	3.628E-197	0	314	316	0	314	316	315M
7165	2083	-4.341E+02	0.993	2.865E-189	0	312	314	0	312	314	313M
7165	7165	-4.363E+02	1.00	3.156E-190	0	313	314	0	313	314	314M
7165	11045	-4.367E+02	1.00	2.303E-190	0	312	314	0	312	314	313M
7166	2084	-5.335E+01	1.00	6.735E-24	0	42	44	0	42	44	43M
7166	7166	-5.304E+01	1.00	9.252E-24	0	43	44	0	43	44	44M
7166	11046	-5.335E+01	1.00	6.735E-24	0	42	44	0	42	44	43M
7167	7167	-4.489E+01	1.00	3.201E-20	0	35	36	0	35	36	36M
7167	11047	-4.521E+01	1.00	2.329E-20	0	34	36	0	34	36	35M
7168	4045	-7.084E+02	0.955	0.000E+00	0	697	699	0	696	698	177M1I520M
7168	7168	-7.084E+02	1.00	0.000E+00	0	698	699	0	698	699	699M
7168	11048	-7.084E+02	1.00	0.000E+00	0	697	699	0	697	699	698M
7169	4044	-7.084E+02	0.958	0.000E+00	18	614	616	0	596	598	597M
7169	7169	-7.084E+02	1.00	0.000E+00	0	615	616	0	615	616	616M
7169	11049	-7.084E+02	1.00	0.000E+00	0	614	616	0	614	616	615M
7170	7170	-4.370E+02	1.00	1.676E-190	0	286	287	0	286	287	287M
7170	11050	-4.373E+02	1.00	1.223E-190	0	285	287	0	285	287	286M
7171	4192	-3.032E+02	0.985	2.036E-132	0	206	208	0	206	208	207M
7171	7171	-3.067E+02	1.00	6.340E-134	0	207	208	0	207	208	208M
7171	11051	-3.070E+02	1.00	4.625E-134	0	206	208	0	206	208	207M
7172	4343	-1.939E+02	0.957	6.224E-85	0	141	145	0	141	241	142M
7172	7172	-2.046E+02	1.00	1.356E-89	0	144	145	0	144	145	145M
7172	11052	-2.049E+02	1.00	9.887E-90	0	143	145	0	143	145	144M
7173	1900	-5.731E+01	0.356	1.296E-25	0	156	168	159	314	412	69M1I87M
7173	7173	-2.477E+02	1.00	2.625E-108	0	167	168	0	167	168	168M
7173	11053	-2.480E+02	1.00	1.915E-108	0	166	168	0	166	168	167M
7174	4134	-3.439E+02	0.986	4.581E-150	7	227	229	0	220	222	221M
7174	7174	-3.625E+02	1.00	3.806E-158	0	228	229	0	228	229	229M
7174	11054	-3.628E+02	1.00	2.776E-158	0	227	229	0	227	229	228M
7175	4135	-2.692E+02	0.967	1.269E-117	0	186	188	0	186	188	187M
7175	7175	-2.789E+02	1.00	7.181E-122	0	187	188	0	187	188	188M
7175	11055	-2.793E+02	1.00	5.238E-122	0	186	188	0	186	188	187M
7176	3908	-1.081E+02	0.448	1.084E-47	0	182	186	0	182	184	183M
7176	7176	-2.623E+02	1.00	1.193E-114	0	185	186	0	185	186	186M
7176	11056	-2.626E+02	1.00	8.704E-115	0	184	186	0	184	186	185M
7177	478	-3.603E+01	0.291	2.245E-16	0	179	189	0	181	189	69M2D111M
7177	7177	-2.792E+02	1.00	5.494E-122	0	188	189	0	188	189	189M
7177	11057	-2.795E+02	1.00	4.007E-122	0	187	189	0	187	189	188M
7178	3361	-5.964E+01	0.253	1.253E-26	0	357	366	0	327	333	24M1I34M27I38M19I45M2D61M4D41M1D19M6D13M4D36M
7178	7178	-5.527E+02	1.00	9.106E-241	0	365	366	0	365	366	366M
7178	11058	-5.530E+02	1.00	6.645E-241	0	364	366	0	364	366	365M
7179	4015	-3.083E+01	0.248	4.064E-14	3	364	375	2	362	369	15M2I35M1D14M1D70M1D4M4I15M4D10M4I29M1D15M1I6M2D90M2I24M2D22M
7179	7179	-5.794E+02	1.00	2.363E-252	0	374	375	0	374	375	375M
7179	11059	-5.797E+02	1.00	1.724E-252	0	373	375	0	373	375	374M
7180	1417	-8.240E+01	0.262	1.631E-36	20	441	445	13	436	440	156M2I64M2D46M2D64M1I78M1D11M
7180	7180	-6.606E+02	1.00	1.325E-287	0	444	445	0	444	445	445M
7180	11060	-6.609E+02	1.00	9.667E-288	0	443	445	0	443	445	444M
7181	7181	-8.822E+01	1.00	4.867E-39	0	68	69	0	68	69	69M
7181	11061	-8.853E+01	1.00	3.546E-39	0	67	69	0	67	69	68M
7182	767	-2.898E+02	0.671	1.454E-126	5	308	310	0	303	309	304M
7182	7182	-4.425E+02	1.00	6.574E-193	0	309	310	0	309	310	310M
7182	11062	-4.428E+02	1.00	4.797E-193	0	308	310	0	308	310	309M
7183	2698	-1.659E+02	0.404	8.656E-73	0	286	303	0	289	304	137M1I6M5D65M1I77M
7183	7183	-4.362E+02	1.00	3.550E-190	0	302	303	0	302	303	303M
7183	11063	-4.365E+02	1.00	2.590E-190	0	301	303	0	301	303	302M
7184	1885	-2.443E+02	0.833	7.605E-107	0	203	206	0	203	205	204M
7184	7184	-2.876E+02	1.00	1.308E-125	0	205	206	0	205	206	206M
7184	11064	-2.879E+02	1.00	9.545E-126	0	204	206	0	204	206	205M
7185	2224	-3.495E+02	0.579	1.711E-152	0	389	391	0	388	390	213M1I176M
7185	7185	-6.142E+02	1.00	1.720E-267	0	390	391	0	390	391	391M
7185	11065	-6.146E+02	1.00	1.255E-267	0	389	391	0	389	391	390M
7186	7186	-1.800E+02	1.00	6.478E-79	0	117	118	0	117	118	118M
7186	11066	-1.804E+02	1.00	4.724E-79	0	116	118	0	116	118	117M
7187	7187	-6.914E+02	1.00	5.362E-301	0	438	439	0	438	439	439M
7187	11067	-6.917E+02	1.00	3.913E-301	0	437	439	0	437	439	438M
7188	7188	-7.069E+02	1.00	1.036E-307	0	451	452	0	451	452	452M
7188	11068	-7.072E+02	1.00	7.560E-308	0	450	452	0	450	452	451M
7189	2226	-1.915E+02	0.358	6.780E-84	6	470	477	7	475	490	120M2I9M3D175M1D55M2D104M
7189	7189	-7.095E+02	1.00	7.575E-309	0	476	477	0	476	477	477M
7189	11069	-7.098E+02	1.00	5.528E-309	0	475	477	0	475	477	476M
7190	967	-8.036E+01	0.257	1.257E-35	28	367	397	21	340	372	98M3D6M8I49M5I55M5I26M1I4M2I19M2D27M5I9M1D21M
7190	7190	-6.417E+02	1.00	2.066E-279	0	396	397	0	396	397	397M
7190	11070	-6.420E+02	1.00	1.508E-279	0	395	397	0	395	397	396M
7191	1611	-2.497E+02	0.395	3.774E-109	7	519	558	8	494	656	25M4I14M4D321M6I11M16I20M1D2M4I31M1I58M
7191	7191	-7.084E+02	1.00	0.000E+00	0	557	558	0	557	558	558M
7191	11071	-7.084E+02	1.00	0.000E+00	0	556	558	0	556	558	557M
7192	1611	-2.463E+02	0.378	1.040E-107	45	538	555	48	497	656	324M14I10M26I23M3I29M1I64M
7192	7192	-7.084E+02	1.00	0.000E+00	0	554	555	0	554	555	555M
7192	11072	-7.084E+02	1.00	0.000E+00	0	553	555	0	553	555	554M
7193	2303	-7.826E+01	0.296	1.032E-34	3	297	309	2	306	316	90M1D60M4D29M10D18M3I77M2I16M
7193	7193	-4.741E+02	1.00	1.288E-206	0	308	309	0	308	309	309M
7193	11073	-4.744E+02	1.00	9.399E-207	0	307	309	0	307	309	308M
7194	376	-2.341E+02	0.432	2.052E-102	2	428	468	0	434	466	178M2D84M1D129M1D31M4D5M
7194	7194	-6.837E+02	1.00	1.127E-297	0	467	468	0	467	468	468M
7194	11074	-6.841E+02	1.00	8.227E-298	0	466	468	0	466	468	467M
7195	377	-5.838E+02	0.745	2.925E-254	2	497	499	25	520	523	496M
7195	7195	-7.084E+02	1.00	0.000E+00	0	498	499	0	498	499	499M
7195	11075	-7.084E+02	1.00	0.000E+00	0	497	499	0	497	499	498M
7196	7196	-1.776E+02	1.00	7.724E-78	0	116	117	0	116	117	117M
7196	11076	-1.779E+02	1.00	5.632E-78	0	115	117	0	115	117	116M
7197	2647	-4.387E+01	0.259	8.851E-20	26	414	463	65	447	482	28M2I26M1D20M4D19M1I6M3I26M1I65M4D11M1D13M1D35M2I25M4I10M5I34M1D11M4D5M4I33M
7197	7197	-7.193E+02	1.00	4.256E-313	0	462	463	0	462	463	463M
7197	11077	-7.196E+02	1.00	3.106E-313	0	461	463	0	461	463	462M
7198	7198	-7.373E+02	1.00	6.092E-321	0	480	481	0	480	481	481M
7198	11078	-7.376E+02	1.00	4.447E-321	0	479	481	0	479	481	480M
7199	3908	-1.769E+02	0.672	1.519E-77	0	179	185	0	179	184	180M
7199	7199	-2.791E+02	1.00	6.225E-122	0	184	185	0	184	185	185M
7199	11079	-2.794E+02	1.00	4.540E-122	0	183	185	0	183	185	184M
7200	4136	-2.432E+02	0.946	2.512E-106	0	168	171	0	168	171	169M
7200	7200	-2.599E+02	1.00	1.370E-113	0	170	171	0	170	171	171M
7200	11080	-2.602E+02	1.00	9.989E-114	0	169	171	0	169	171	170M
7201	7201	-4.029E+02	1.00	1.045E-175	0	253	254	0	253	254	254M
7201	11081	-4.032E+02	1.00	7.621E-176	0	252	254	0	252	254	253M
7202	4384	-3.507E+01	0.782	5.871E-16	0	45	47	0	45	47	46M
7202	7202	-4.621E+01	1.00	8.569E-21	0	46	47	0	46	47	47M
7202	11082	-4.652E+01	1.00	6.236E-21	0	45	47	0	45	47	46M
7203	2834	-1.872E+02	0.827	5.095E-82	0	150	160	0	150	158	151M
7203	7203	-2.405E+02	1.00	3.485E-105	0	159	160	0	159	160	160M
7203	11083	-2.408E+02	1.00	2.542E-105	0	158	160	0	158	160	159M
7204	738	-1.480E+02	0.990	5.276E-65	0	99	101	0	99	101	100M
7204	7204	-1.496E+02	1.00	1.086E-65	0	100	101	0	100	101	101M
7204	11084	-1.499E+02	1.00	7.918E-66	0	99	101	0	99	101	100M
7205	737	-7.084E+02	0.998	0.000E+00	0	697	699	0	697	699	698M
7205	7205	-7.084E+02	1.00	0.000E+00	0	698	699	0	698	699	699M
7205	11085	-7.084E+02	1.00	0.000E+00	0	697	699	0	697	699	698M
7206	736	-2.842E+02	1.00	3.701E-124	0	188	190	0	188	190	189M
7206	7206	-2.839E+02	1.00	5.074E-124	0	189	190	0	189	190	190M
7206	11086	-2.842E+02	1.00	3.701E-124	0	188	190	0	188	190	189M
7207	735	-5.108E+02	0.997	1.444E-222	0	337	339	0	337	339	338M
7207	7207	-5.118E+02	1.00	5.612E-223	0	338	339	0	338	339	339M
7207	11087	-5.121E+02	1.00	4.095E-223	0	337	339	0	337	339	338M
7208	734	-7.084E+02	1.00	0.000E+00	1	580	582	0	579	581	580M
7208	7208	-7.084E+02	1.00	0.000E+00	0	581	582	0	581	582	582M
7208	11088	-7.084E+02	1.00	0.000E+00	0	580	582	0	580	582	581M
7209	733	-7.084E+02	0.991	0.000E+00	0	701	703	0	701	703	702M
7209	7209	-7.084E+02	1.00	0.000E+00	0	702	703	0	702	703	703M
7209	11089	-7.084E+02	1.00	0.000E+00	0	701	703	0	701	703	702M
7210	732	-1.069E+02	1.00	3.698E-47	0	73	75	0	73	75	74M
7210	7210	-1.066E+02	1.00	5.075E-47	0	74	75	0	74	75	75M
7210	11090	-1.069E+02	1.00	3.698E-47	0	73	75	0	73	75	74M
7211	731	-4.599E+02	0.996	1.818E-200	0	320	322	0	320	322	321M
7211	7211	-4.609E+02	1.00	7.065E-201	0	321	322	0	321	322	322M
7211	11091	-4.612E+02	1.00	5.155E-201	0	320	322	0	320	322	321M
7212	730	-2.001E+02	1.00	1.247E-87	0	132	134	0	132	134	133M
7212	7212	-1.998E+02	1.00	1.711E-87	0	133	134	0	133	134	134M
7212	11092	-2.001E+02	1.00	1.247E-87	0	132	134	0	132	134	133M
7213	729	-7.084E+02	0.994	0.000E+00	0	728	730	0	728	730	729M
7213	7213	-7.084E+02	1.00	0.000E+00	0	729	730	0	729	730	730M
7213	11093	-7.084E+02	1.00	0.000E+00	0	728	730	0	728	730	729M
7214	728	-7.084E+02	0.998	0.000E+00	0	871	873	0	871	873	872M
7214	7214	-7.084E+02	1.00	0.000E+00	0	872	873	0	872	873	873M
7214	11094	-7.084E+02	1.00	0.000E+00	0	871	873	0	871	873	872M
7215	727	-4.554E+02	1.00	1.608E-198	0	308	310	0	308	310	309M
7215	7215	-4.551E+02	1.00	2.203E-198	0	309	310	0	309	310	310M
7215	11095	-4.554E+02	1.00	1.608E-198	0	308	310	0	308	310	309M
7216	726	-4.009E+02	0.996	7.954E-175	0	275	277	0	275	277	276M
7216	7216	-4.037E+02	1.00	4.661E-176	0	276	277	0	276	277	277M
7216	11096	-4.040E+02	1.00	3.401E-176	0	275	277	0	275	277	276M
7217	725	-3.861E+02	1.00	2.077E-168	0	254	256	0	254	256	255M
7217	7217	-3.858E+02	1.00	2.846E-168	0	255	256	0	255	256	256M
7217	11097	-3.861E+02	1.00	2.077E-168	0	254	256	0	254	256	255M
7218	724	-1.709E+02	0.991	6.017E-75	0	122	124	0	122	124	123M
7218	7218	-1.718E+02	1.00	2.333E-75	0	123	124	0	123	124	124M
7218	11098	-1.722E+02	1.00	1.701E-75	0	122	124	0	122	124	123M
7219	723	-1.856E+02	1.00	2.590E-81	0	139	141	0	139	141	140M
7219	7219	-1.852E+02	1.00	3.552E-81	0	140	141	0	140	141	141M
7219	11099	-1.856E+02	1.00	2.590E-81	0	139	141	0	139	141	140M
7220	722	-5.759E+02	0.997	8.022E-251	0	381	383	0	381	383	382M
7220	7220	-5.765E+02	1.00	4.272E-251	0	382	383	0	382	383	383M
7220	11100	-5.768E+02	1.00	3.117E-251	0	381	383	0	381	383	382M
7221	721	-2.739E+02	0.994	1.152E-119	0	180	182	0	180	182	181M
7221	7221	-2.751E+02	1.00	3.260E-120	0	181	182	0	181	182	182M
7221	11101	-2.754E+02	1.00	2.378E-120	0	180	182	0	180	182	181M
7222	720	-2.517E+02	1.00	4.681E-110	0	161	163	0	161	163	162M
7222	7222	-2.514E+02	1.00	6.418E-110	0	162	163	0	162	163	163M
7222	11102	-2.517E+02	1.00	4.681E-110	0	161	163	0	161	163	162M
7223	719	-5.985E+02	0.997	1.221E-260	0	376	378	0	376	378	377M
7223	7223	-5.997E+02	1.00	3.461E-261	0	377	378	0	377	378	378M
7223	11103	-6.000E+02	1.00	2.526E-261	0	376	378	0	376	378	377M
7224	718	-3.623E+02	1.00	4.321E-158	0	243	245	0	243	245	244M
7224	7224	-3.620E+02	1.00	5.923E-158	0	244	245	0	244	245	245M
7224	11104	-3.623E+02	1.00	4.321E-158	0	243	245	0	243	245	244M
7225	717	-7.007E+02	1.00	5.021E-305	0	461	463	0	461	463	462M
7225	7225	-7.004E+02	1.00	6.880E-305	0	462	463	0	462	463	463M
7225	11105	-7.007E+02	1.00	5.021E-305	0	461	463	0	461	463	462M
7226	716	-3.115E+02	0.995	5.418E-136	0	212	214	0	212	214	213M
7226	7226	-3.118E+02	1.00	3.952E-136	0	213	214	0	213	214	214M
7226	11106	-3.121E+02	1.00	2.883E-136	0	212	214	0	212	214	213M
7227	2574	-1.053E+02	1.00	1.893E-46	0	74	76	473	547	549	75M
7227	7227	-1.050E+02	1.00	2.597E-46	0	75	76	0	75	76	76M
7227	9647	-1.053E+02	1.00	1.893E-46	0	74	76	473	547	549	75M
7228	2573	-7.084E+02	1.00	0.000E+00	0	903	905	0	903	905	904M
7228	7228	-7.084E+02	1.00	0.000E+00	0	904	905	0	904	905	905M
7228	9646	-7.084E+02	1.00	0.000E+00	0	903	905	0	903	905	904M
7229	2572	-4.359E+02	1.00	5.155E-190	0	309	311	0	309	311	310M
7229	7229	-4.355E+02	1.00	7.064E-190	0	310	311	0	310	311	311M
7229	9645	-4.359E+02	1.00	5.155E-190	0	309	311	0	309	311	310M
7230	2571	-3.470E+02	1.00	2.042E-151	0	248	250	0	248	250	249M
7230	7230	-3.467E+02	1.00	2.798E-151	0	249	250	0	249	250	250M
7230	9644	-3.470E+02	1.00	2.042E-151	0	248	250	0	248	250	249M
7231	2439	-4.571E+02	0.990	3.173E-199	4	307	309	0	303	305	304M
7231	7231	-4.646E+02	1.00	1.646E-202	0	308	309	0	308	309	309M
7231	9643	-4.649E+02	1.00	1.201E-202	0	307	309	0	307	309	308M
7232	2438	-2.903E+02	0.995	8.413E-127	0	206	208	0	206	208	207M
7232	7232	-2.916E+02	1.00	2.383E-127	0	207	208	0	207	208	208M
7232	9642	-2.919E+02	1.00	1.738E-127	0	206	208	0	206	208	207M
7233	2437	-4.334E+02	0.992	5.820E-189	0	280	282	0	280	282	281M
7233	7233	-4.353E+02	1.00	8.780E-190	0	281	282	0	281	282	282M
7233	9641	-4.356E+02	1.00	6.406E-190	0	280	282	0	280	282	281M
7234	2436	-6.304E+02	0.997	1.728E-274	0	415	417	0	415	417	416M
7234	7234	-6.316E+02	1.00	4.900E-275	0	416	417	0	416	417	417M
7234	9640	-6.319E+02	1.00	3.576E-275	0	415	417	0	415	417	416M
7235	2435	-8.982E+01	1.00	9.832E-40	0	73	75	0	73	75	74M
7235	7235	-8.950E+01	1.00	1.349E-39	0	74	75	0	74	75	75M
7235	9639	-8.982E+01	1.00	9.832E-40	0	73	75	0	73	75	74M
7236	2434	-7.295E+02	1.00	1.491E-317	0	491	493	0	491	493	492M
7236	7236	-7.292E+02	1.00	2.043E-317	0	492	493	0	492	493	493M
7236	9638	-7.295E+02	1.00	1.491E-317	0	491	493	0	491	493	492M
7237	2433	-6.975E+02	1.00	1.172E-303	0	461	463	0	461	463	462M
7237	7237	-6.972E+02	1.00	1.606E-303	0	462	463	0	462	463	463M
7237	9637	-6.975E+02	1.00	1.172E-303	0	461	463	0	461	463	462M
7238	2432	-4.692E+02	1.00	1.718E-204	0	324	326	0	324	326	325M
7238	7238	-4.689E+02	1.00	2.354E-204	0	325	326	0	325	326	326M
7238	9636	-4.692E+02	1.00	1.718E-204	0	324	326	0	324	326	325M
7239	2431	-4.866E+02	0.987	4.867E-212	0	323	325	0	323	325	324M
7239	7239	-4.910E+02	1.00	5.903E-214	0	324	325	0	324	325	325M
7239	9635	-4.913E+02	1.00	4.307E-214	0	323	325	0	323	325	324M
7240	2430	-5.236E+02	0.966	4.169E-228	0	354	356	0	354	356	355M
7240	7240	-5.393E+02	1.00	5.992E-235	0	355	356	0	355	356	356M
7240	9634	-5.396E+02	1.00	4.373E-235	0	354	356	0	354	356	355M
7241	2429	-1.870E+02	1.00	6.213E-82	0	129	131	0	129	131	130M
7241	7241	-1.867E+02	1.00	8.521E-82	0	130	131	0	130	131	131M
7241	9633	-1.870E+02	1.00	6.213E-82	0	129	131	0	129	131	130M
7242	2428	-3.930E+02	1.00	2.147E-171	0	262	264	0	262	264	263M
7242	7242	-3.927E+02	1.00	2.943E-171	0	263	264	0	263	264	264M
7242	9632	-3.930E+02	1.00	2.147E-171	0	262	264	0	262	264	263M
7243	2427	-7.084E+02	0.997	0.000E+00	0	801	803	0	801	803	802M
7243	7243	-7.084E+02	1.00	0.000E+00	0	802	803	0	802	803	803M
7243	9631	-7.084E+02	1.00	0.000E+00	0	801	803	0	801	803	802M
7244	4084	-5.760E+02	0.984	6.734E-251	0	384	386	0	384	386	385M
7244	7244	-5.823E+02	1.00	1.235E-253	0	385	386	0	385	386	386M
7244	9630	-5.827E+02	1.00	9.010E-254	0	384	386	0	384	386	385M
7245	4083	-2.615E+02	0.978	2.585E-114	0	187	189	40	227	229	188M
7245	7245	-2.688E+02	1.00	1.825E-117	0	188	189	0	188	189	189M
7245	9629	-2.691E+02	1.00	1.331E-117	0	187	189	0	187	189	188M
7246	4082	-3.764E+02	0.992	3.366E-164	0	259	261	0	259	261	260M
7246	7246	-3.796E+02	1.00	1.439E-165	0	260	261	0	260	261	261M
7246	9628	-3.799E+02	1.00	1.050E-165	0	259	261	0	259	261	260M
7247	4081	-3.013E+02	0.995	1.394E-131	0	200	202	0	200	202	201M
7247	7247	-3.023E+02	1.00	5.410E-132	0	201	202	0	201	202	202M
7247	9627	-3.026E+02	1.00	3.947E-132	0	200	202	0	200	202	201M
7248	2455	-2.006E+01	0.246	1.945E-09	4	196	206	2	194	199	61M3D10M3D7M2I9M5I17M3I25M4D54M
7248	7248	-2.995E+02	1.00	8.157E-131	0	205	206	0	205	206	206M
7248	9626	-2.999E+02	1.00	5.950E-131	0	204	206	0	204	206	205M
7249	4227	-4.180E+02	0.989	2.873E-182	0	286	288	0	286	288	287M
7249	7249	-4.215E+02	1.00	8.966E-184	0	287	288	0	287	288	288M
7249	9625	-4.218E+02	1.00	6.542E-184	0	286	288	0	286	288	287M
7250	4226	-2.655E+02	0.927	5.170E-116	0	191	193	0	191	193	192M
7250	7250	-2.869E+02	1.00	2.496E-125	0	192	193	0	192	193	193M
7250	9624	-2.872E+02	1.00	1.821E-125	0	191	193	0	191	193	192M
7251	7251	-5.245E+02	1.00	1.563E-228	0	361	362	0	361	362	362M
7251	9623	-5.249E+02	1.00	1.141E-228	0	360	362	0	360	362	361M
7252	3024	-7.084E+02	0.995	0.000E+00	0	1331	1333	0	1331	1333	1332M
7252	7252	-7.084E+02	1.00	0.000E+00	0	1332	1333	0	1332	1333	1333M
7252	9622	-7.084E+02	1.00	0.000E+00	0	1331	1333	0	1331	1333	1332M
7253	3023	-2.772E+02	0.967	4.133E-121	0	183	185	0	183	185	184M
7253	7253	-2.845E+02	1.00	2.916E-124	0	184	185	0	184	185	185M
7253	9621	-2.848E+02	1.00	2.127E-124	0	183	185	0	183	185	184M
7254	3022	-2.419E+02	0.987	9.140E-106	0	163	165	0	163	165	164M
7254	7254	-2.460E+02	1.00	1.511E-107	0	164	165	0	164	165	165M
7254	9620	-2.463E+02	1.00	1.102E-107	0	163	165	0	163	165	164M
7255	3021	-5.613E+02	1.00	1.695E-244	0	369	371	0	369	371	370M
7255	7255	-5.610E+02	1.00	2.323E-244	0	370	371	0	370	371	371M
7255	9619	-5.613E+02	1.00	1.695E-244	0	369	371	0	369	371	370M
7256	3020	-1.748E+02	1.00	1.202E-76	0	126	128	0	126	128	127M
7256	7256	-1.745E+02	1.00	1.648E-76	0	127	128	0	127	128	128M
7256	9618	-1.748E+02	1.00	1.202E-76	0	126	128	0	126	128	127M
7257	3019	-4.646E+02	1.00	1.624E-202	0	300	302	0	300	302	301M
7257	7257	-4.643E+02	1.00	2.225E-202	0	301	302	0	301	302	302M
7257	9617	-4.646E+02	1.00	1.624E-202	0	300	302	0	300	302	301M
7258	3018	-4.306E+02	0.993	9.611E-188	0	286	288	0	286	288	287M
7258	7258	-4.331E+02	1.00	7.719E-189	0	287	288	0	287	288	288M
7258	9616	-4.335E+02	1.00	5.632E-189	0	286	288	0	286	288	287M
7259	3753	-4.423E+02	1.00	8.497E-193	0	300	302	0	300	302	301M
7259	7259	-4.419E+02	1.00	1.165E-192	0	301	302	0	301	302	302M
7259	9615	-4.423E+02	1.00	8.497E-193	0	300	302	0	300	302	301M
7260	3754	-2.781E+02	0.994	1.632E-121	0	190	192	0	190	192	191M
7260	7260	-2.797E+02	1.00	3.371E-122	0	191	192	0	191	192	192M
7260	9614	-2.800E+02	1.00	2.459E-122	0	190	192	0	190	192	191M
7261	3755	-7.084E+02	0.996	0.000E+00	0	1030	1032	0	1030	1032	1031M
7261	7261	-7.084E+02	1.00	0.000E+00	0	1031	1032	0	1031	1032	1032M
7261	9613	-7.084E+02	1.00	0.000E+00	0	1030	1032	0	1030	1032	1031M
7262	3756	-5.873E+02	0.992	8.658E-256	0	379	381	0	379	381	380M
7262	7262	-5.917E+02	1.00	1.051E-257	0	380	381	0	380	381	381M
7262	9612	-5.920E+02	1.00	7.669E-258	0	379	381	0	379	381	380M
7263	3757	-4.290E+02	0.985	5.045E-187	28	308	310	0	280	282	281M
7263	7263	-4.838E+02	1.00	7.708E-211	0	309	310	0	309	310	310M
7263	9611	-4.841E+02	1.00	5.624E-211	0	308	310	0	308	310	309M
7264	4064	-1.661E+02	1.00	7.214E-73	0	123	125	0	123	125	124M
7264	7264	-1.658E+02	1.00	9.893E-73	0	124	125	0	124	125	125M
7264	9610	-1.661E+02	1.00	7.214E-73	0	123	125	0	123	125	124M
7265	4063	-7.084E+02	1.00	0.000E+00	0	543	545	0	543	545	544M
7265	7265	-7.084E+02	1.00	0.000E+00	0	544	545	0	544	545	545M
7265	9609	-7.084E+02	1.00	0.000E+00	0	543	545	0	543	545	544M
7266	4062	-1.305E+02	1.00	2.117E-57	0	95	97	0	95	97	96M
7266	7266	-1.302E+02	1.00	2.905E-57	0	96	97	0	96	97	97M
7266	9608	-1.305E+02	1.00	2.117E-57	0	95	97	0	95	97	96M
7267	3418	-7.084E+02	0.919	0.000E+00	0	2975	3176	0	3000	3006	211M95D2645M10I4M10I8M32I3M18I35M
7267	7267	-7.084E+02	1.00	0.000E+00	0	3175	3176	0	3175	3176	3176M
7267	9607	-7.084E+02	1.00	0.000E+00	0	3174	3176	0	3174	3176	3175M
7268	2512	-3.828E+02	0.995	5.782E-167	0	239	253	0	239	254	240M
7268	7268	-4.042E+02	1.00	2.822E-176	0	252	253	0	252	253	253M
7268	9606	-4.045E+02	1.00	2.059E-176	0	251	253	0	251	253	252M
7269	2513	-4.714E+02	0.996	1.935E-205	0	311	313	0	311	313	312M
7269	7269	-4.723E+02	1.00	7.516E-206	0	312	313	0	312	313	313M
7269	9605	-4.726E+02	1.00	5.484E-206	0	311	313	0	311	313	312M
7270	2514	-7.084E+02	0.998	0.000E+00	0	609	611	0	609	611	610M
7270	7270	-7.084E+02	1.00	0.000E+00	0	610	611	0	610	611	611M
7270	9604	-7.084E+02	1.00	0.000E+00	0	609	611	0	609	611	610M
7271	2515	-7.084E+02	0.986	0.000E+00	0	504	506	0	504	506	505M
7271	7271	-7.084E+02	1.00	0.000E+00	0	505	506	0	505	506	506M
7271	9603	-7.084E+02	1.00	0.000E+00	0	504	506	0	504	506	505M
7272	2516	-7.084E+02	0.990	0.000E+00	0	501	503	0	501	503	502M
7272	7272	-7.084E+02	1.00	0.000E+00	0	502	503	0	502	503	503M
7272	9602	-7.084E+02	1.00	0.000E+00	0	501	503	0	501	503	502M
7273	2046	-6.646E+02	0.997	2.395E-289	0	438	440	0	438	440	439M
7273	7273	-6.646E+02	1.00	2.395E-289	0	439	440	0	439	440	440M
7273	9601	-6.649E+02	1.00	1.748E-289	0	438	440	0	438	440	439M
7274	2045	-2.004E+02	1.00	9.299E-88	0	139	141	0	139	141	140M
7274	7274	-2.001E+02	1.00	1.275E-87	0	140	141	0	140	141	141M
7274	9600	-2.004E+02	1.00	9.299E-88	0	139	141	0	139	141	140M
7275	2044	-3.448E+02	0.990	1.834E-150	0	221	223	0	221	223	222M
7275	7275	-3.470E+02	1.00	2.017E-151	0	222	223	0	222	223	223M
7275	9599	-3.473E+02	1.00	1.472E-151	0	221	223	0	221	223	222M
7276	2043	-4.173E+02	0.996	5.852E-182	0	281	283	0	281	283	282M
7276	7276	-4.173E+02	1.00	5.852E-182	0	282	283	0	282	283	283M
7276	9598	-4.176E+02	1.00	4.270E-182	0	281	283	0	281	283	282M
7277	2042	-7.084E+02	0.972	0.000E+00	0	586	588	0	586	588	587M
7277	7277	-7.084E+02	1.00	0.000E+00	0	587	588	0	587	588	588M
7277	9597	-7.084E+02	1.00	0.000E+00	0	586	588	0	586	588	587M
7278	2041	-1.599E+02	0.940	3.462E-70	0	116	122	0	116	118	117M
7278	7278	-1.764E+02	1.00	2.542E-77	0	121	122	0	121	122	122M
7278	9596	-1.767E+02	1.00	1.853E-77	0	120	122	0	120	122	121M
7279	2040	-1.446E+02	1.00	1.514E-63	0	103	105	0	103	105	104M
7279	7279	-1.443E+02	1.00	2.077E-63	0	104	105	0	104	105	105M
7279	9595	-1.446E+02	1.00	1.514E-63	0	103	105	0	103	105	104M
7280	2039	-4.128E+02	0.989	5.060E-180	0	281	284	0	281	284	282M
7280	7280	-4.191E+02	1.00	9.253E-183	0	283	284	0	283	284	284M
7280	9594	-4.195E+02	1.00	6.751E-183	0	282	284	0	282	284	283M
7281	2038	-7.084E+02	0.998	0.000E+00	0	630	632	0	630	632	631M
7281	7281	-7.084E+02	1.00	0.000E+00	0	631	632	0	631	632	632M
7281	9593	-7.084E+02	1.00	0.000E+00	0	630	632	0	630	632	631M
7282	2037	-3.145E+02	1.00	2.665E-137	0	215	217	0	215	217	216M
7282	7282	-3.142E+02	1.00	3.653E-137	0	216	217	0	216	217	217M
7282	9592	-3.145E+02	1.00	2.665E-137	0	215	217	0	215	217	216M
7283	2036	-1.432E+02	1.00	6.205E-63	0	106	108	0	106	108	107M
7283	7283	-1.429E+02	1.00	8.512E-63	0	107	108	0	107	108	108M
7283	9591	-1.432E+02	1.00	6.205E-63	0	106	108	0	106	108	107M
7284	2035	-2.844E+02	0.994	2.999E-124	0	177	179	0	177	179	178M
7284	7284	-2.851E+02	1.00	1.595E-124	0	178	179	0	178	179	179M
7284	9590	-2.854E+02	1.00	1.164E-124	0	177	179	0	177	179	178M
7285	2034	-2.442E+02	0.989	8.975E-107	0	194	196	0	194	196	195M
7285	7285	-2.464E+02	1.00	9.866E-108	0	195	196	0	195	196	196M
7285	9589	-2.467E+02	1.00	7.197E-108	0	194	196	0	194	196	195M
7286	2033	-5.933E+02	0.997	2.075E-258	0	378	380	0	378	380	379M
7286	7286	-5.943E+02	1.00	8.062E-259	0	379	380	0	379	380	380M
7286	9588	-5.946E+02	1.00	5.883E-259	0	378	380	0	378	380	379M
7287	2032	-7.084E+02	0.998	0.000E+00	0	1075	1077	0	1075	1077	1076M
7287	7287	-7.084E+02	1.00	0.000E+00	0	1076	1077	0	1076	1077	1077M
7287	9587	-7.084E+02	1.00	0.000E+00	0	1075	1077	0	1075	1077	1076M
7288	2031	-2.248E+02	0.993	2.372E-98	0	157	159	0	157	159	158M
7288	7288	-2.251E+02	1.00	1.730E-98	0	158	159	0	158	159	159M
7288	9586	-2.254E+02	1.00	1.262E-98	0	157	159	0	157	159	158M
7289	7289	-3.274E+02	1.00	6.656E-143	0	210	211	0	210	211	211M
7289	9585	-3.277E+02	1.00	4.855E-143	0	209	211	0	209	211	210M
7290	3532	-1.970E+02	1.00	2.778E-86	0	144	146	0	144	146	145M
7290	7290	-1.967E+02	1.00	3.809E-86	0	145	146	0	145	146	146M
7290	9584	-1.970E+02	1.00	2.778E-86	0	144	146	0	144	146	145M
7291	3533	-1.589E+02	1.00	9.387E-70	0	108	110	0	108	110	109M
7291	7291	-1.586E+02	1.00	1.288E-69	0	109	110	0	109	110	110M
7291	9583	-1.589E+02	1.00	9.387E-70	0	108	110	0	108	110	109M
7292	3534	-3.674E+02	0.995	2.873E-160	0	237	239	0	237	239	238M
7292	7292	-3.680E+02	1.00	1.529E-160	0	238	239	0	238	239	239M
7292	9582	-3.683E+02	1.00	1.116E-160	0	237	239	0	237	239	238M
7293	3535	-7.084E+02	0.979	0.000E+00	0	573	575	0	573	575	574M
7293	7293	-7.084E+02	1.00	0.000E+00	0	574	575	0	574	575	575M
7293	9581	-7.084E+02	1.00	0.000E+00	0	573	575	0	573	575	574M
7294	7294	-7.084E+02	1.00	0.000E+00	0	551	552	0	551	552	552M
7294	9580	-7.084E+02	1.00	0.000E+00	0	550	552	0	550	552	551M
7295	3751	-7.084E+02	0.999	0.000E+00	342	2310	2312	0	1968	1970	1969M
7295	7295	-7.084E+02	1.00	0.000E+00	0	2311	2312	0	2311	2312	2312M
7295	9579	-7.084E+02	0.999	0.000E+00	0	2310	2312	26	2336	2338	2311M
7296	3047	-2.000E+01	0.633	2.069E-09	0	29	31	72	101	103	30M
7296	8316	-3.976E+01	1.00	5.412E-18	0	29	31	0	29	31	30M
7296	8775	-3.976E+01	1.00	5.412E-18	0	29	31	0	29	31	30M
7297	715	-7.084E+02	0.992	0.000E+00	68	697	701	0	629	661	630M
7297	7297	-7.084E+02	1.00	0.000E+00	0	700	701	0	700	701	701M
7297	11262	-7.084E+02	1.00	0.000E+00	0	699	701	0	699	701	700M
7298	838	-4.682E+02	1.00	4.798E-204	0	319	321	0	319	321	320M
7298	7298	-4.678E+02	1.00	6.575E-204	0	320	321	0	320	321	321M
7298	11261	-4.682E+02	1.00	4.798E-204	0	319	321	0	319	321	320M
7299	839	-4.581E+02	1.00	1.161E-199	0	299	301	0	299	301	300M
7299	7299	-4.578E+02	1.00	1.591E-199	0	300	301	0	300	301	301M
7299	11260	-4.581E+02	1.00	1.161E-199	0	299	301	0	299	301	300M
7300	840	-6.779E+02	0.997	4.082E-295	0	464	466	0	464	466	465M
7300	7300	-6.801E+02	1.00	4.501E-296	0	465	466	0	465	466	466M
7300	11259	-6.804E+02	1.00	3.285E-296	0	464	466	0	464	466	465M
7301	841	-6.627E+02	1.00	1.559E-288	0	458	460	0	458	460	459M
7301	7301	-6.624E+02	1.00	2.137E-288	0	459	460	0	459	460	460M
7301	11258	-6.627E+02	1.00	1.559E-288	0	458	460	0	458	460	459M
7302	842	-5.090E+02	1.00	8.820E-222	0	342	344	0	342	344	343M
7302	7302	-5.087E+02	1.00	1.209E-221	0	343	344	0	343	344	344M
7302	11257	-5.090E+02	1.00	8.820E-222	0	342	344	0	342	344	343M
7303	843	-6.822E+02	1.00	5.148E-297	0	458	460	0	458	460	459M
7303	7303	-6.819E+02	1.00	7.054E-297	0	459	460	0	459	460	460M
7303	11256	-6.822E+02	1.00	5.148E-297	0	458	460	0	458	460	459M
7304	844	-7.084E+02	0.998	0.000E+00	0	572	574	0	572	574	573M
7304	7304	-7.084E+02	1.00	0.000E+00	0	573	574	0	573	574	574M
7304	11255	-7.084E+02	1.00	0.000E+00	0	572	574	0	572	574	573M
7305	845	-2.281E+02	1.00	8.502E-100	0	160	162	0	160	162	161M
7305	7305	-2.278E+02	1.00	1.166E-99	0	161	162	0	161	162	162M
7305	11254	-2.281E+02	1.00	8.502E-100	0	160	162	0	160	162	161M
7306	846	-7.123E+02	0.987	4.449E-310	0	475	477	0	475	477	476M
7306	7306	-7.189E+02	1.00	5.963E-313	0	476	477	0	476	477	477M
7306	11253	-7.192E+02	1.00	4.351E-313	0	475	477	0	475	477	476M
7307	847	-7.084E+02	0.996	0.000E+00	0	509	511	0	509	511	510M
7307	7307	-7.084E+02	1.00	0.000E+00	0	510	511	0	510	511	511M
7307	11252	-7.084E+02	1.00	0.000E+00	0	509	511	0	509	511	510M
7308	848	-6.971E+02	1.00	1.743E-303	0	456	458	0	456	458	457M
7308	7308	-6.968E+02	1.00	2.389E-303	0	457	458	0	457	458	458M
7308	11251	-6.971E+02	1.00	1.743E-303	0	456	458	0	456	458	457M
7309	849	-3.241E+02	0.995	1.794E-141	0	232	234	0	232	234	233M
7309	7309	-3.250E+02	1.00	6.968E-142	0	233	234	0	233	234	234M
7309	11250	-3.253E+02	1.00	5.083E-142	0	232	234	0	232	234	233M
7310	1607	-7.280E+00	0.201	6.892E-04	21	198	211	21	196	200	112M3I29M1D34M
7310	7310	-3.078E+02	1.00	2.070E-134	0	210	211	0	210	211	211M
7310	11249	-3.081E+02	1.00	1.510E-134	0	209	211	0	209	211	210M
7311	2089	-2.526E+01	0.269	1.076E-11	4	153	155	7	162	165	13M2D104M3D13M1D20M
7311	7311	-2.382E+02	1.00	3.423E-104	0	154	155	0	154	155	155M
7311	11248	-2.386E+02	1.00	2.497E-104	0	153	155	0	153	155	154M
7312	852	-5.849E+02	1.00	9.546E-255	0	363	365	0	363	365	364M
7312	7312	-5.846E+02	1.00	1.308E-254	0	364	365	0	364	365	365M
7312	11247	-5.849E+02	1.00	9.546E-255	0	363	365	0	363	365	364M
7313	853	-5.386E+02	0.997	1.179E-234	0	355	357	0	355	357	356M
7313	7313	-5.396E+02	1.00	4.582E-235	0	356	357	0	356	357	357M
7313	11246	-5.399E+02	1.00	3.344E-235	0	355	357	0	355	357	356M
7314	854	-3.232E+02	1.00	4.207E-141	0	230	232	0	230	232	231M
7314	7314	-3.229E+02	1.00	5.766E-141	0	231	232	0	231	232	232M
7314	11245	-3.232E+02	1.00	4.207E-141	0	230	232	0	230	232	231M
7315	855	-4.645E+02	1.00	1.889E-202	0	337	339	0	337	339	338M
7315	7315	-4.642E+02	1.00	2.589E-202	0	338	339	0	338	339	339M
7315	11244	-4.645E+02	1.00	1.889E-202	0	337	339	0	337	339	338M
7316	856	-7.084E+02	0.997	0.000E+00	0	944	946	0	944	946	945M
7316	7316	-7.084E+02	1.00	0.000E+00	0	945	946	0	945	946	946M
7316	11243	-7.084E+02	1.00	0.000E+00	0	944	946	0	944	946	945M
7317	857	-3.254E+02	0.990	4.857E-142	0	211	213	0	211	213	212M
7317	7317	-3.273E+02	1.00	7.320E-143	0	212	213	0	212	213	213M
7317	11242	-3.276E+02	1.00	5.340E-143	0	211	213	0	211	213	212M
7318	858	-3.300E+02	0.969	4.704E-144	0	232	235	0	232	235	233M
7318	7318	-3.370E+02	1.00	4.569E-147	0	234	235	0	234	235	235M
7318	11241	-3.373E+02	1.00	3.333E-147	0	233	235	0	233	235	234M
7319	859	-6.668E+02	0.995	2.610E-290	0	431	433	0	431	433	432M
7319	7319	-6.693E+02	1.00	2.099E-291	0	432	433	0	432	433	433M
7319	11240	-6.696E+02	1.00	1.532E-291	0	431	433	0	431	433	432M
7320	860	-2.858E+02	0.990	7.901E-125	0	202	204	0	202	204	203M
7320	7320	-2.867E+02	1.00	3.067E-125	0	203	204	0	203	204	204M
7320	11239	-2.870E+02	1.00	2.237E-125	0	202	204	0	202	204	203M
7321	861	-1.888E+02	1.00	1.005E-82	0	124	126	0	124	126	125M
7321	7321	-1.885E+02	1.00	1.379E-82	0	125	126	0	125	126	126M
7321	11238	-1.888E+02	1.00	1.005E-82	0	124	126	0	124	126	125M
7322	862	-7.288E+02	0.989	3.041E-317	0	486	488	0	486	488	487M
7322	7322	-7.351E+02	1.00	5.587E-320	0	487	488	0	487	488	488M
7322	11237	-7.354E+02	1.00	4.078E-320	0	486	488	0	486	488	487M
7323	863	-3.217E+02	0.990	1.945E-140	0	209	211	0	209	211	210M
7323	7323	-3.245E+02	1.00	1.138E-141	0	210	211	0	210	211	211M
7323	11236	-3.249E+02	1.00	8.299E-142	0	209	211	0	209	211	210M
7324	864	-1.862E+02	1.00	1.386E-81	0	126	128	0	126	128	127M
7324	7324	-1.859E+02	1.00	1.901E-81	0	127	128	0	127	128	128M
7324	11235	-1.862E+02	1.00	1.386E-81	0	126	128	0	126	128	127M
7325	865	-7.084E+02	0.996	0.000E+00	0	919	921	0	919	921	920M
7325	7325	-7.084E+02	1.00	0.000E+00	0	920	921	0	920	921	921M
7325	11234	-7.084E+02	1.00	0.000E+00	0	919	921	0	919	921	920M
7326	866	-4.002E+02	0.974	1.620E-174	0	270	272	0	270	272	271M
7326	7326	-4.137E+02	1.00	2.101E-180	0	271	272	0	271	272	272M
7326	11233	-4.140E+02	1.00	1.533E-180	0	270	272	0	270	272	271M
7327	867	-6.477E+02	0.997	5.273E-282	0	463	465	0	463	465	464M
7327	7327	-6.486E+02	1.00	2.050E-282	0	464	465	0	464	465	465M
7327	11232	-6.489E+02	1.00	1.496E-282	0	463	465	0	463	465	464M
7328	4129	-4.511E+02	1.00	1.175E-196	0	292	294	0	292	294	293M
7328	7328	-4.508E+02	1.00	1.611E-196	0	293	294	0	293	294	294M
7328	11231	-4.511E+02	1.00	1.175E-196	0	292	294	0	292	294	293M
7329	4130	-5.584E+02	0.966	3.125E-243	0	391	393	0	391	393	392M
7329	7329	-5.789E+02	1.00	3.996E-252	0	392	393	0	392	393	393M
7329	11230	-5.792E+02	1.00	2.916E-252	0	391	393	0	391	393	392M
7330	4132	-1.886E+02	0.985	1.247E-82	0	135	137	0	135	137	136M
7330	7330	-1.921E+02	1.00	3.867E-84	0	136	137	0	136	137	137M
7330	11229	-1.924E+02	1.00	2.820E-84	0	135	137	0	135	137	136M
7331	4133	-2.328E+02	0.993	8.222E-102	0	159	164	0	159	180	160M
7331	7331	-2.378E+02	1.00	5.272E-104	0	163	164	0	163	164	164M
7331	11228	-2.381E+02	1.00	3.845E-104	0	162	164	0	162	164	163M
7332	1961	-6.444E+02	0.995	1.321E-280	0	417	419	0	417	419	418M
7332	7332	-6.473E+02	1.00	7.753E-282	0	418	419	0	418	419	419M
7332	11227	-6.476E+02	1.00	5.658E-282	0	417	419	0	417	419	418M
7333	1962	-3.937E+02	1.00	1.090E-171	0	261	263	0	261	263	262M
7333	7333	-3.933E+02	1.00	1.495E-171	0	262	263	0	262	263	263M
7333	11226	-3.937E+02	1.00	1.090E-171	0	261	263	0	261	263	262M
7334	1963	-7.084E+02	0.998	0.000E+00	0	744	746	0	744	746	745M
7334	7334	-7.084E+02	1.00	0.000E+00	0	745	746	0	745	746	746M
7334	11225	-7.084E+02	1.00	0.000E+00	0	744	746	0	744	746	745M
7335	1964	-7.084E+02	0.994	0.000E+00	0	566	568	0	566	568	567M
7335	7335	-7.084E+02	1.00	0.000E+00	0	567	568	0	567	568	568M
7335	11224	-7.084E+02	1.00	0.000E+00	0	566	568	0	566	568	567M
7336	1965	-6.482E+02	0.997	3.115E-282	0	438	440	0	438	440	439M
7336	7336	-6.495E+02	1.00	8.835E-283	0	439	440	0	439	440	440M
7336	11223	-6.498E+02	1.00	6.448E-283	0	438	440	0	438	440	439M
7337	1966	-6.528E+02	0.995	3.109E-284	0	427	429	0	427	429	428M
7337	7337	-6.550E+02	1.00	3.426E-285	0	428	429	0	428	429	429M
7337	11222	-6.553E+02	1.00	2.500E-285	0	427	429	0	427	429	428M
7338	1967	-2.348E+02	1.00	1.072E-102	0	159	161	0	159	161	160M
7338	7338	-2.345E+02	1.00	1.470E-102	0	160	161	0	160	161	161M
7338	11221	-2.348E+02	1.00	1.072E-102	0	159	161	0	159	161	160M
7339	1968	-7.084E+02	0.987	0.000E+00	0	479	481	0	479	481	480M
7339	7339	-7.084E+02	1.00	0.000E+00	0	480	481	0	480	481	481M
7339	11220	-7.084E+02	1.00	0.000E+00	0	479	481	0	479	481	480M
7340	1969	-3.569E+02	0.995	1.010E-155	0	245	247	0	245	247	246M
7340	7340	-3.569E+02	1.00	1.010E-155	0	246	247	0	246	247	247M
7340	11219	-3.572E+02	1.00	7.369E-156	0	245	247	0	245	247	246M
7341	1970	-4.528E+02	1.00	2.244E-197	0	297	299	0	297	299	298M
7341	7341	-4.525E+02	1.00	3.075E-197	0	298	299	0	298	299	299M
7341	11218	-4.528E+02	1.00	2.244E-197	0	297	299	0	297	299	298M
7342	1971	-6.464E+02	0.997	1.817E-281	0	415	417	0	415	417	416M
7342	7342	-6.474E+02	1.00	7.061E-282	0	416	417	0	416	417	417M
7342	11217	-6.477E+02	1.00	5.152E-282	0	415	417	0	415	417	416M
7343	1972	-7.084E+02	0.995	0.000E+00	0	613	615	0	613	615	614M
7343	7343	-7.084E+02	1.00	0.000E+00	0	614	615	0	614	615	615M
7343	11216	-7.084E+02	1.00	0.000E+00	0	613	615	0	613	615	614M
7344	1973	-4.779E+02	0.990	2.890E-208	0	300	302	0	300	302	301M
7344	7344	-4.829E+02	1.00	1.865E-210	0	301	302	0	301	302	302M
7344	11215	-4.832E+02	1.00	1.361E-210	0	300	302	0	300	302	301M
7345	1974	-5.701E+02	0.989	2.649E-248	0	377	379	0	377	379	378M
7345	7345	-5.783E+02	1.00	7.333E-252	0	378	379	0	378	379	379M
7345	11214	-5.786E+02	1.00	5.351E-252	0	377	379	0	377	379	378M
7346	1975	-6.239E+02	0.990	1.109E-271	0	405	407	0	405	407	406M
7346	7346	-6.286E+02	1.00	9.829E-274	0	406	407	0	406	407	407M
7346	11213	-6.289E+02	1.00	7.173E-274	0	405	407	0	405	407	406M
7347	2393	-3.238E+02	0.995	2.459E-141	0	232	234	0	232	234	233M
7347	7347	-3.250E+02	1.00	6.968E-142	0	233	234	0	233	234	234M
7347	11212	-3.253E+02	1.00	5.083E-142	0	232	234	0	232	234	233M
7348	2394	-5.277E+02	0.994	6.851E-230	0	347	349	0	347	349	348M
7348	7348	-5.292E+02	1.00	1.417E-230	0	348	349	0	348	349	349M
7348	11211	-5.296E+02	1.00	1.034E-230	0	347	349	0	347	349	348M
7349	2395	-5.163E+02	1.00	5.717E-225	0	340	342	0	340	342	341M
7349	7349	-5.160E+02	1.00	7.835E-225	0	341	342	0	341	342	342M
7349	11210	-5.163E+02	1.00	5.717E-225	0	340	342	0	340	342	341M
7350	2396	-6.153E+02	0.997	6.239E-268	0	401	403	0	401	403	402M
7350	7350	-6.165E+02	1.00	1.769E-268	0	402	403	0	402	403	403M
7350	11209	-6.168E+02	1.00	1.291E-268	0	401	403	0	401	403	402M
7351	2397	-3.251E+02	0.995	6.456E-142	0	217	219	0	217	219	218M
7351	7351	-3.254E+02	1.00	4.710E-142	0	218	219	0	218	219	219M
7351	11208	-3.257E+02	1.00	3.436E-142	0	217	219	0	217	219	218M
7352	2398	-5.676E+02	0.997	3.144E-247	0	376	378	0	376	378	377M
7352	7352	-5.676E+02	1.00	3.144E-247	0	377	378	0	377	378	378M
7352	11207	-5.679E+02	1.00	2.295E-247	0	376	378	0	376	378	377M
7353	2399	-6.018E+02	1.00	4.196E-262	0	405	407	0	405	407	406M
7353	7353	-6.015E+02	1.00	5.750E-262	0	406	407	0	406	407	407M
7353	11206	-6.018E+02	1.00	4.196E-262	0	405	407	0	405	407	406M
7354	2400	-3.251E+02	1.00	6.254E-142	0	223	225	0	223	225	224M
7354	7354	-3.248E+02	1.00	8.573E-142	0	224	225	0	224	225	225M
7354	11205	-3.251E+02	1.00	6.254E-142	0	223	225	0	223	225	224M
7355	2401	-3.510E+02	0.995	3.674E-153	0	243	245	0	243	245	244M
7355	7355	-3.529E+02	1.00	5.540E-154	0	244	245	0	244	245	245M
7355	11204	-3.532E+02	1.00	4.042E-154	0	243	245	0	243	245	244M
7356	2402	-7.179E+02	1.00	1.700E-312	0	484	486	0	484	486	485M
7356	7356	-7.176E+02	1.00	2.330E-312	0	485	486	0	485	486	486M
7356	11203	-7.179E+02	1.00	1.700E-312	0	484	486	0	484	486	485M
7357	2403	-4.700E+02	1.00	7.496E-205	0	313	315	0	313	315	314M
7357	7357	-4.697E+02	1.00	1.027E-204	0	314	315	0	314	315	315M
7357	11202	-4.700E+02	1.00	7.496E-205	0	313	315	0	313	315	314M
7358	2404	-3.066E+02	1.00	6.731E-134	0	194	196	0	194	196	195M
7358	7358	-3.063E+02	1.00	9.228E-134	0	195	196	0	195	196	196M
7358	11201	-3.066E+02	1.00	6.731E-134	0	194	196	0	194	196	195M
7359	2405	-7.084E+02	1.00	0.000E+00	0	672	674	0	672	674	673M
7359	7359	-7.084E+02	1.00	0.000E+00	0	673	674	0	673	674	674M
7359	11200	-7.084E+02	1.00	0.000E+00	0	672	674	0	672	674	673M
7360	2406	-3.968E+02	0.996	4.886E-173	0	257	264	0	257	258	258M
7360	7360	-4.075E+02	1.00	1.081E-177	0	263	264	0	263	264	264M
7360	11199	-4.078E+02	1.00	7.884E-178	0	262	264	0	262	264	263M
7361	3845	-7.141E+02	0.997	7.375E-311	15	477	479	0	462	464	463M
7361	7361	-7.390E+02	1.00	1.151E-321	0	478	479	0	478	479	479M
7361	11198	-7.393E+02	1.00	8.399E-322	0	477	479	0	477	479	478M
7362	3846	-8.012E+01	1.00	1.599E-35	0	58	60	0	58	60	59M
7362	7362	-7.980E+01	1.00	2.195E-35	0	59	60	0	59	60	60M
7362	11197	-8.012E+01	1.00	1.599E-35	0	58	60	0	58	60	59M
7363	3847	-5.887E+02	1.00	2.153E-256	0	385	412	0	385	447	386M
7363	7363	-6.196E+02	1.00	8.416E-270	0	411	412	0	411	412	412M
7363	11196	-6.199E+02	1.00	6.141E-270	0	410	412	0	410	412	411M
7364	4441	-2.176E+01	0.313	3.546E-10	2	113	137	4	116	142	45M2D51M1D4M2I10M
7364	7364	-2.107E+02	1.00	3.137E-92	0	136	137	0	136	137	137M
7364	11195	-2.110E+02	1.00	2.287E-92	0	135	137	0	135	137	136M
7365	1242	-3.694E+01	0.971	9.096E-17	0	34	36	109	143	145	35M
7365	5348	-3.789E+01	1.00	3.501E-17	0	34	36	0	34	36	35M
7365	9408	-3.789E+01	1.00	3.501E-17	0	34	36	0	34	36	35M
7366	2939	-3.097E+02	0.945	3.288E-135	0	238	239	0	238	1434	239M
7366	7366	-3.245E+02	1.00	1.207E-141	0	238	239	0	238	239	239M
7366	11357	-3.245E+02	1.00	1.207E-141	0	238	239	0	238	239	239M
7367	4336	-1.070E+02	0.894	3.322E-47	6	90	92	5	89	91	85M
7367	7367	-1.288E+02	1.00	1.104E-56	0	91	92	0	91	92	92M
7367	11356	-1.292E+02	1.00	8.046E-57	0	90	92	0	90	92	91M
7368	7368	-2.607E+02	1.00	6.135E-114	0	173	174	0	173	174	174M
7368	11355	-2.610E+02	1.00	4.474E-114	0	172	174	0	172	174	173M
7369	7369	-1.115E+02	1.00	3.921E-49	0	78	79	0	78	79	79M
7369	11354	-1.118E+02	1.00	2.857E-49	0	77	79	0	77	79	78M
7370	7370	-4.712E+02	1.00	2.303E-205	0	309	310	0	309	310	310M
7370	11353	-4.715E+02	1.00	1.681E-205	0	308	310	0	308	310	309M
7371	7371	-3.624E+02	1.00	4.059E-158	0	236	237	0	236	237	237M
7371	11352	-3.627E+02	1.00	2.961E-158	0	235	237	0	235	237	236M
7372	2597	-2.378E+02	0.976	5.281E-104	12	182	184	0	170	172	171M
7372	7372	-2.605E+02	1.00	7.205E-114	0	183	184	0	183	184	184M
7372	11351	-2.608E+02	1.00	5.255E-114	0	182	184	0	182	184	183M
7373	2598	-4.433E+02	0.967	2.904E-193	0	304	306	0	304	306	305M
7373	7373	-4.563E+02	1.00	7.097E-199	0	305	306	0	305	306	306M
7373	11350	-4.566E+02	1.00	5.178E-199	0	304	306	0	304	306	305M
7374	7374	-6.684E+02	1.00	5.086E-291	0	451	452	0	451	452	452M
7374	11349	-6.687E+02	1.00	3.712E-291	0	450	452	0	450	452	451M
7375	2600	-1.554E+02	0.931	3.263E-68	0	116	118	0	116	118	117M
7375	7375	-1.658E+02	1.00	9.673E-73	0	117	118	0	117	118	118M
7375	11348	-1.661E+02	1.00	7.053E-73	0	116	118	0	116	118	117M
7376	2602	-1.818E+02	0.823	1.165E-79	0	146	148	0	146	148	147M
7376	7376	-2.168E+02	1.00	7.040E-95	0	147	148	0	147	148	148M
7376	11347	-2.171E+02	1.00	5.134E-95	0	146	148	0	146	148	147M
7377	2603	-1.631E+02	0.909	1.542E-71	0	121	123	0	121	123	122M
7377	7377	-1.817E+02	1.00	1.242E-79	0	122	123	0	122	123	123M
7377	11346	-1.820E+02	1.00	9.055E-80	0	121	123	0	121	123	122M
7378	2604	-1.937E+02	0.985	7.242E-85	0	133	135	0	133	135	134M
7378	7378	-1.969E+02	1.00	3.079E-86	0	134	135	0	134	135	135M
7378	11345	-1.972E+02	1.00	2.245E-86	0	133	135	0	133	135	134M
7379	7379	-7.456E+01	1.00	4.145E-33	0	50	51	0	50	51	51M
7379	11344	-7.488E+01	1.00	3.019E-33	0	49	51	0	49	51	50M
7380	7380	-3.287E+02	1.00	1.773E-143	0	222	223	0	222	223	223M
7380	11343	-3.290E+02	1.00	1.293E-143	0	221	223	0	221	223	222M
7381	2605	-1.986E+02	0.963	5.352E-87	0	136	138	0	136	138	137M
7381	7381	-2.065E+02	1.00	1.996E-90	0	137	138	0	137	138	138M
7381	11342	-2.069E+02	1.00	1.456E-90	0	136	138	0	136	138	137M
7382	2606	-1.807E+02	1.00	3.278E-79	0	128	130	0	128	130	129M
7382	7382	-1.804E+02	1.00	4.495E-79	0	129	130	0	129	130	130M
7382	11341	-1.807E+02	1.00	3.278E-79	0	128	130	0	128	130	129M
7383	2607	-3.105E+02	1.00	1.485E-135	0	220	222	0	220	222	221M
7383	7383	-3.101E+02	1.00	2.035E-135	0	221	222	0	221	222	222M
7383	11340	-3.105E+02	1.00	1.485E-135	0	220	222	0	220	222	221M
7384	2608	-4.749E+02	1.00	5.837E-207	0	317	319	0	317	319	318M
7384	7384	-4.746E+02	1.00	8.000E-207	0	318	319	0	318	319	319M
7384	11339	-4.749E+02	1.00	5.837E-207	0	317	319	0	317	319	318M
7385	2609	-3.710E+02	1.00	7.755E-162	0	254	256	0	254	256	255M
7385	7385	-3.707E+02	1.00	1.063E-161	0	255	256	0	255	256	256M
7385	11338	-3.710E+02	1.00	7.755E-162	0	254	256	0	254	256	255M
7386	2610	-8.245E+01	1.00	1.554E-36	0	62	64	0	62	64	63M
7386	7386	-8.214E+01	1.00	2.133E-36	0	63	64	0	63	64	64M
7386	11337	-8.245E+01	1.00	1.554E-36	0	62	64	0	62	64	63M
7387	2611	-1.139E+02	1.00	3.447E-50	0	79	81	0	79	81	80M
7387	7387	-1.136E+02	1.00	4.729E-50	0	80	81	0	80	81	81M
7387	11336	-1.139E+02	1.00	3.447E-50	0	79	81	0	79	81	80M
7388	2612	-2.028E+02	1.00	8.188E-89	0	141	143	0	141	143	142M
7388	7388	-2.025E+02	1.00	1.123E-88	0	142	143	0	142	143	143M
7388	11335	-2.028E+02	1.00	8.188E-89	0	141	143	0	141	143	142M
7389	2613	-5.529E+02	1.00	7.296E-241	0	366	368	0	366	368	367M
7389	7389	-5.526E+02	1.00	9.998E-241	0	367	368	0	367	368	368M
7389	11334	-5.529E+02	1.00	7.296E-241	0	366	368	0	366	368	367M
7390	2614	-7.084E+02	0.997	0.000E+00	0	482	484	0	482	484	483M
7390	7390	-7.084E+02	1.00	0.000E+00	0	483	484	0	483	484	484M
7390	11333	-7.084E+02	1.00	0.000E+00	0	482	484	0	482	484	483M
7391	1534	-1.086E+02	0.294	7.146E-48	15	458	476	19	497	509	57M1I48M1I16M4D22M1D70M9I13M24D19M9D34M2I12M2D31M1D3M7D12M1I27M3I29M1D17M3D17M
7391	7391	-7.084E+02	1.00	0.000E+00	0	475	476	0	475	476	476M
7391	11332	-7.084E+02	1.00	0.000E+00	0	474	476	0	474	476	475M
7392	3920	-2.246E+02	1.00	2.956E-98	0	155	157	0	155	157	156M
7392	7392	-2.243E+02	1.00	4.053E-98	0	156	157	0	156	157	157M
7392	11331	-2.246E+02	1.00	2.956E-98	0	155	157	0	155	157	156M
7393	3921	-3.370E+02	0.985	4.354E-147	0	212	214	0	212	214	213M
7393	7393	-3.398E+02	1.00	2.547E-148	0	213	214	0	213	214	214M
7393	11330	-3.402E+02	1.00	1.858E-148	0	212	214	0	212	214	213M
7394	3922	-1.994E+02	0.950	2.639E-87	0	141	143	0	141	143	142M
7394	7394	-2.114E+02	1.00	1.626E-92	0	142	143	0	142	143	143M
7394	11329	-2.117E+02	1.00	1.185E-92	0	141	143	0	141	143	142M
7395	7395	-8.499E+01	1.00	1.232E-37	0	63	64	0	63	64	64M
7395	11328	-8.530E+01	1.00	8.975E-38	0	62	64	0	62	64	63M
7396	7396	-3.053E+02	1.00	2.499E-133	0	216	217	0	216	217	217M
7396	11327	-3.056E+02	1.00	1.823E-133	0	215	217	0	215	217	216M
7397	7397	-2.513E+02	1.00	7.066E-110	0	164	165	0	164	165	165M
7397	11326	-2.516E+02	1.00	5.153E-110	0	163	165	0	163	165	164M
7398	3609	-1.768E+02	0.923	1.597E-77	0	129	132	0	129	134	130M
7398	7398	-1.891E+02	1.00	7.149E-83	0	131	132	0	131	132	132M
7398	11325	-1.895E+02	1.00	5.213E-83	0	130	132	0	130	132	131M
7399	2460	-9.330E+01	0.972	3.019E-41	0	73	75	59	132	134	74M
7399	7399	-9.678E+01	1.00	9.274E-43	0	74	75	0	74	75	75M
7399	11324	-9.710E+01	1.00	6.757E-43	0	73	75	0	73	75	74M
7400	7400	-2.298E+02	1.00	1.645E-100	0	140	141	0	140	141	141M
7400	11323	-2.301E+02	1.00	1.200E-100	0	139	141	0	139	141	140M
7401	2461	-8.642E+01	0.562	2.942E-38	0	134	141	0	109	113	77M8I7M15I7M2I19M
7401	7401	-2.083E+02	1.00	3.470E-91	0	140	141	0	140	141	141M
7401	11322	-2.086E+02	1.00	2.531E-91	0	139	141	0	139	141	140M
7402	2462	-1.973E+02	0.562	2.016E-86	8	248	250	10	265	267	93M13D67M2D81M
7402	7402	-3.719E+02	1.00	3.112E-162	0	249	250	0	249	250	250M
7402	11321	-3.722E+02	1.00	2.271E-162	0	248	250	0	248	250	249M
7403	7403	-4.595E+02	1.00	2.705E-200	0	316	317	0	316	317	317M
7403	11320	-4.598E+02	1.00	1.974E-200	0	315	317	0	315	317	316M
7404	7404	-5.412E+02	1.00	8.930E-236	0	348	349	0	348	349	349M
7404	11319	-5.415E+02	1.00	6.516E-236	0	347	349	0	347	349	348M
7405	3605	-4.980E+01	0.577	2.352E-22	8	94	97	6	95	98	51M3D36M
7405	7405	-1.299E+02	1.00	3.985E-57	0	96	97	0	96	97	97M
7405	11318	-1.302E+02	1.00	2.905E-57	0	95	97	0	95	97	96M
7406	7406	-1.417E+02	1.00	2.871E-62	0	106	107	0	106	107	107M
7406	11317	-1.420E+02	1.00	2.093E-62	0	105	107	0	105	107	106M
7407	7407	-1.147E+02	1.00	1.549E-50	0	83	84	0	83	84	84M
7407	11316	-1.150E+02	1.00	1.129E-50	0	82	84	0	82	84	83M
7408	2469	-2.465E+02	0.683	8.552E-108	0	253	255	3	253	255	13M3I23M1I29M2D43M1I141M
7408	7408	-3.899E+02	1.00	4.505E-170	0	254	255	0	254	255	255M
7408	11315	-3.902E+02	1.00	3.287E-170	0	253	255	0	253	255	254M
7409	2470	-7.856E+01	0.968	7.589E-35	0	63	72	0	63	72	64M
7409	7409	-9.250E+01	1.00	6.717E-41	0	71	72	0	71	72	72M
7409	11314	-9.282E+01	1.00	4.894E-41	0	70	72	0	70	72	71M
7410	7410	-7.084E+02	1.00	0.000E+00	0	755	756	0	755	756	756M
7410	11313	-7.084E+02	1.00	0.000E+00	0	754	756	0	754	756	755M
7411	3596	-2.007E+02	0.965	6.594E-88	0	145	147	0	145	147	146M
7411	7411	-2.080E+02	1.00	4.631E-91	0	146	147	0	146	147	147M
7411	11312	-2.083E+02	1.00	3.377E-91	0	145	147	0	145	147	146M
7412	3595	-1.341E+02	0.878	5.938E-59	0	106	108	0	106	108	107M
7412	7412	-1.562E+02	1.00	1.463E-68	0	107	108	0	107	108	108M
7412	11311	-1.565E+02	1.00	1.067E-68	0	106	108	0	106	108	107M
7413	4407	-4.730E+02	1.00	3.960E-206	0	310	374	0	310	311	311M
7413	7413	-5.697E+02	1.00	3.938E-248	0	373	374	0	373	374	374M
7413	11310	-5.700E+02	1.00	2.874E-248	0	372	374	0	372	374	373M
7414	4230	-3.888E+02	0.834	1.393E-169	0	318	320	0	319	321	301M1I5M2D12M
7414	7414	-4.692E+02	1.00	1.779E-204	0	319	320	0	319	320	320M
7414	11309	-4.695E+02	1.00	1.298E-204	0	318	320	0	318	320	319M
7415	4271	-9.687E+01	0.839	8.492E-43	0	80	86	0	80	82	81M
7415	7415	-1.228E+02	1.00	4.582E-54	0	85	86	0	85	86	86M
7415	11308	-1.231E+02	1.00	3.339E-54	0	84	86	0	84	86	85M
7416	7416	-9.704E+01	1.00	7.213E-43	0	69	70	0	69	70	70M
7416	11307	-9.735E+01	1.00	5.256E-43	0	68	70	0	68	70	69M
7417	7417	-1.290E+02	1.00	9.327E-57	0	94	95	0	94	95	95M
7417	11306	-1.293E+02	1.00	6.799E-57	0	93	95	0	93	95	94M
7418	7418	-1.364E+02	1.00	5.684E-60	0	85	86	0	85	86	86M
7418	11305	-1.367E+02	1.00	4.143E-60	0	84	86	0	84	86	85M
7419	3968	-1.207E+02	0.988	3.726E-53	0	88	90	0	88	90	89M
7419	7419	-1.214E+02	1.00	1.979E-53	0	89	90	0	89	90	90M
7419	11304	-1.217E+02	1.00	1.443E-53	0	88	90	0	88	90	89M
7420	3965	-6.582E+02	0.988	1.384E-286	0	419	421	0	419	421	420M
7420	7420	-6.648E+02	1.00	1.852E-289	0	420	421	0	420	421	421M
7420	11303	-6.651E+02	1.00	1.351E-289	0	419	421	0	419	421	420M
7421	3964	-4.404E+02	0.993	5.482E-192	0	286	288	0	286	288	287M
7421	7421	-4.448E+02	1.00	6.643E-194	0	287	288	0	287	288	288M
7421	11302	-4.451E+02	1.00	4.847E-194	0	286	288	0	286	288	287M
7422	3342	-1.492E+02	0.601	1.618E-65	0	167	191	5	169	179	156M3I9M
7422	7422	-2.823E+02	1.00	2.577E-123	0	190	191	0	190	191	191M
7422	11301	-2.826E+02	1.00	1.880E-123	0	189	191	0	189	191	190M
7423	3470	-6.649E+02	0.975	1.686E-289	0	444	446	0	445	447	57M1D388M
7423	7423	-6.826E+02	1.00	3.677E-297	0	445	446	0	445	446	446M
7423	11300	-6.829E+02	1.00	2.683E-297	0	444	446	0	444	446	445M
7424	3471	-7.084E+02	0.996	0.000E+00	0	556	558	0	556	558	557M
7424	7424	-7.084E+02	1.00	0.000E+00	0	557	558	0	557	558	558M
7424	11299	-7.084E+02	1.00	0.000E+00	0	556	558	0	556	558	557M
7425	3472	-5.500E+02	1.00	1.358E-239	0	341	343	0	341	343	342M
7425	7425	-5.497E+02	1.00	1.861E-239	0	342	343	0	342	343	343M
7425	11298	-5.500E+02	1.00	1.358E-239	0	341	343	0	341	343	342M
7426	3473	-5.487E+02	0.997	4.868E-239	0	375	377	0	375	377	376M
7426	7426	-5.503E+02	1.00	1.007E-239	0	376	377	0	376	377	377M
7426	11297	-5.506E+02	1.00	7.351E-240	0	375	377	0	375	377	376M
7427	3474	-5.247E+02	0.994	1.327E-228	0	343	345	0	343	345	344M
7427	7427	-5.269E+02	1.00	1.462E-229	0	344	345	0	344	345	345M
7427	11296	-5.272E+02	1.00	1.067E-229	0	343	345	0	343	345	344M
7428	3475	-2.547E+02	1.00	2.535E-111	0	166	168	0	166	168	167M
7428	7428	-2.543E+02	1.00	3.476E-111	0	167	168	0	167	168	168M
7428	11295	-2.547E+02	1.00	2.535E-111	0	166	168	0	166	168	167M
7429	3476	-6.424E+02	0.997	9.943E-280	0	413	415	0	413	415	414M
7429	7429	-6.431E+02	1.00	5.295E-280	0	414	415	0	414	415	415M
7429	11294	-6.434E+02	1.00	3.864E-280	0	413	415	0	413	415	414M
7430	3200	-5.679E+02	0.992	2.431E-247	0	384	386	0	384	386	385M
7430	7430	-5.723E+02	1.00	2.953E-249	0	385	386	0	385	386	386M
7430	11293	-5.726E+02	1.00	2.155E-249	0	384	386	0	384	386	385M
7431	3199	-2.125E+02	1.00	5.063E-93	0	143	145	0	143	145	144M
7431	7431	-2.122E+02	1.00	6.942E-93	0	144	145	0	144	145	145M
7431	11292	-2.125E+02	1.00	5.063E-93	0	143	145	0	143	145	144M
7432	3198	-7.084E+02	0.995	0.000E+00	0	741	743	0	741	743	742M
7432	7432	-7.084E+02	1.00	0.000E+00	0	742	743	0	742	743	743M
7432	11291	-7.084E+02	1.00	0.000E+00	0	741	743	0	741	743	742M
7433	3197	-3.397E+01	1.00	1.759E-15	0	30	32	0	30	32	31M
7433	7433	-3.366E+01	1.00	2.419E-15	0	31	32	0	31	32	32M
7433	11290	-3.397E+01	1.00	1.759E-15	0	30	32	0	30	32	31M
7434	7434	-7.084E+02	1.00	0.000E+00	0	698	699	0	698	699	699M
7434	11289	-7.084E+02	1.00	0.000E+00	0	697	699	0	697	699	698M
7435	2192	-6.908E+02	0.989	9.937E-301	0	491	493	0	491	493	492M
7435	7435	-6.968E+02	1.00	2.504E-303	0	492	493	0	492	493	493M
7435	11288	-6.971E+02	1.00	1.828E-303	0	491	493	0	491	493	492M
7436	2193	-2.774E+02	0.994	3.217E-121	0	191	193	0	191	193	192M
7436	7436	-2.787E+02	1.00	9.108E-122	0	192	193	0	192	193	193M
7436	11287	-2.790E+02	1.00	6.644E-122	0	191	193	0	191	193	192M
7437	2194	-6.438E+02	0.971	2.599E-280	0	418	420	0	418	420	419M
7437	7437	-6.611E+02	1.00	7.748E-288	0	419	420	0	419	420	420M
7437	11286	-6.614E+02	1.00	5.654E-288	0	418	420	0	418	420	419M
7438	2195	-4.342E+02	1.00	2.604E-189	0	283	285	0	283	285	284M
7438	7438	-4.339E+02	1.00	3.569E-189	0	284	285	0	284	285	285M
7438	11285	-4.342E+02	1.00	2.604E-189	0	283	285	0	283	285	284M
7439	2196	-6.745E+02	0.997	1.189E-293	0	462	464	0	462	464	463M
7439	7439	-6.757E+02	1.00	3.374E-294	0	463	464	0	463	464	464M
7439	11284	-6.761E+02	1.00	2.462E-294	0	462	464	0	462	464	463M
7440	2197	-7.084E+02	0.996	0.000E+00	0	521	523	0	521	523	522M
7440	7440	-7.084E+02	1.00	0.000E+00	0	522	523	0	522	523	523M
7440	11283	-7.084E+02	1.00	0.000E+00	0	521	523	0	521	523	522M
7441	2198	-2.018E+02	0.993	2.251E-88	26	169	171	0	143	145	144M
7441	7441	-2.476E+02	1.00	3.030E-108	0	170	171	0	170	171	171M
7441	11282	-2.479E+02	1.00	2.210E-108	0	169	171	0	169	171	170M
7442	2199	-4.500E+02	0.989	3.653E-196	0	296	298	0	296	298	297M
7442	7442	-4.538E+02	1.00	8.316E-198	0	297	298	0	297	298	298M
7442	11281	-4.541E+02	1.00	6.068E-198	0	296	298	0	296	298	297M
7443	2200	-4.838E+02	1.00	7.651E-211	0	328	330	0	328	330	329M
7443	7443	-4.835E+02	1.00	1.048E-210	0	329	330	0	329	330	330M
7443	11280	-4.838E+02	1.00	7.651E-211	0	328	330	0	328	330	329M
7444	2201	-3.022E+02	1.00	5.852E-132	0	215	217	0	215	217	216M
7444	7444	-3.019E+02	1.00	8.022E-132	0	216	217	0	216	217	217M
7444	11279	-3.022E+02	1.00	5.852E-132	0	215	217	0	215	217	216M
7445	2202	-2.277E+02	0.993	1.320E-99	0	156	158	0	156	158	157M
7445	7445	-2.286E+02	1.00	5.122E-100	0	157	158	0	157	158	158M
7445	11278	-2.289E+02	1.00	3.736E-100	0	156	158	0	156	158	157M
7446	2893	-2.026E+02	0.401	9.942E-89	5	383	391	9	387	398	379M
7446	7446	-5.723E+02	1.00	2.720E-249	0	390	391	0	390	391	391M
7446	11277	-5.727E+02	1.00	1.985E-249	0	389	391	0	389	391	390M
7447	2205	-3.367E+02	1.00	5.779E-147	0	238	240	0	238	240	239M
7447	7447	-3.364E+02	1.00	7.922E-147	0	239	240	0	239	240	240M
7447	11276	-3.367E+02	1.00	5.779E-147	0	238	240	0	238	240	239M
7448	2206	-7.084E+02	0.983	0.000E+00	0	917	919	0	917	919	918M
7448	7448	-7.084E+02	1.00	0.000E+00	0	918	919	0	918	919	919M
7448	11275	-7.084E+02	1.00	0.000E+00	0	917	919	0	917	919	918M
7449	2207	-6.331E+01	0.981	3.208E-28	0	52	54	0	52	54	53M
7449	7449	-6.489E+01	1.00	6.566E-29	0	53	54	0	53	54	54M
7449	11274	-6.521E+01	1.00	4.781E-29	0	52	54	0	52	54	53M
7450	2208	-2.032E+02	0.992	5.534E-89	13	146	148	0	133	135	134M
7450	7450	-2.269E+02	1.00	2.886E-99	0	147	148	0	147	148	148M
7450	11273	-2.272E+02	1.00	2.105E-99	0	146	148	0	146	148	147M
7451	7451	-6.532E+01	1.00	4.277E-29	0	57	58	0	57	58	58M
7451	11272	-6.564E+01	1.00	3.115E-29	0	56	58	0	56	58	57M
7452	3881	-1.262E+01	0.343	3.301E-06	8	73	76	10	76	79	8M1D58M
7452	7452	-9.705E+01	1.00	7.104E-43	0	75	76	0	75	76	76M
7452	11271	-9.737E+01	1.00	5.176E-43	0	74	76	0	74	76	75M
7453	3980	-2.023E+02	1.00	1.427E-88	0	146	148	0	146	148	147M
7453	7453	-2.020E+02	1.00	1.956E-88	0	147	148	0	147	148	148M
7453	11270	-2.023E+02	1.00	1.427E-88	0	146	148	0	146	148	147M
7454	3982	-7.084E+02	0.967	0.000E+00	0	526	528	0	526	528	527M
7454	7454	-7.084E+02	1.00	0.000E+00	0	527	528	0	527	528	528M
7454	11269	-7.084E+02	1.00	0.000E+00	0	526	528	0	526	528	527M
7455	7455	-1.966E+02	1.00	4.313E-86	0	141	142	0	141	142	142M
7455	11268	-1.969E+02	1.00	3.145E-86	0	140	142	0	140	142	141M
7456	4302	-4.636E+01	0.976	7.312E-21	0	42	44	0	42	44	43M
7456	7456	-4.732E+01	1.00	2.818E-21	0	43	44	0	43	44	44M
7456	11267	-4.764E+01	1.00	2.051E-21	0	42	44	0	42	44	43M
7457	4303	-5.597E+02	0.991	8.192E-244	0	369	371	0	369	371	370M
7457	7457	-5.635E+02	1.00	1.868E-245	0	370	371	0	370	371	371M
7457	11266	-5.638E+02	1.00	1.363E-245	0	369	371	0	369	371	370M
7458	4261	-7.084E+02	0.981	0.000E+00	0	660	719	0	660	661	661M
7458	7458	-7.084E+02	1.00	0.000E+00	0	718	719	0	718	719	719M
7458	11265	-7.084E+02	1.00	0.000E+00	0	717	719	0	717	719	718M
7459	1242	-3.508E+01	0.970	5.814E-16	0	33	35	110	143	145	34M
7459	5826	-3.604E+01	1.00	2.237E-16	0	33	35	0	33	35	34M
7459	10186	-3.604E+01	1.00	2.237E-16	0	33	35	0	33	35	34M
7460	4024	-1.989E+02	1.00	4.179E-87	11	144	146	0	133	135	134M
7460	7460	-2.163E+02	1.00	1.202E-94	0	145	146	0	145	146	146M
7460	9726	-2.166E+02	1.00	8.768E-95	0	144	146	0	144	146	145M
7461	4025	-2.167E+02	0.978	7.587E-95	0	141	143	0	141	143	142M
7461	7461	-2.199E+02	1.00	3.228E-96	0	142	143	0	142	143	143M
7461	9725	-2.202E+02	1.00	2.354E-96	0	141	143	0	141	143	142M
7462	4026	-3.812E+02	1.00	2.797E-166	0	251	253	0	251	253	252M
7462	7462	-3.809E+02	1.00	3.834E-166	0	252	253	0	252	253	253M
7462	9724	-3.812E+02	1.00	2.797E-166	0	251	253	0	251	253	252M
7463	868	-3.234E+02	1.00	3.544E-141	0	213	215	0	213	215	214M
7463	7463	-3.231E+02	1.00	4.858E-141	0	214	215	0	214	215	215M
7463	9723	-3.234E+02	1.00	3.544E-141	0	213	215	0	213	215	214M
7464	869	-3.464E+02	0.995	3.613E-151	0	240	242	0	240	242	241M
7464	7464	-3.474E+02	1.00	1.403E-151	0	241	242	0	241	242	242M
7464	9722	-3.477E+02	1.00	1.024E-151	0	240	242	0	240	242	241M
7465	870	-3.479E+02	0.991	8.478E-152	0	236	238	0	236	238	237M
7465	7465	-3.494E+02	1.00	1.752E-152	0	237	238	0	237	238	238M
7465	9721	-3.497E+02	1.00	1.278E-152	0	236	238	0	236	238	237M
7466	871	-8.040E+01	1.00	1.211E-35	0	65	67	0	65	67	66M
7466	7466	-8.008E+01	1.00	1.662E-35	0	66	67	0	66	67	67M
7466	9720	-8.040E+01	1.00	1.211E-35	0	65	67	0	65	67	66M
7467	872	-5.094E+02	0.994	6.143E-222	0	341	343	0	341	343	342M
7467	7467	-5.119E+02	1.00	4.938E-223	0	342	343	0	342	343	343M
7467	9719	-5.122E+02	1.00	3.603E-223	0	341	343	0	341	343	342M
7468	873	-3.482E+02	1.00	6.091E-152	0	229	231	0	229	231	230M
7468	7468	-3.479E+02	1.00	8.350E-152	0	230	231	0	230	231	231M
7468	9718	-3.482E+02	1.00	6.091E-152	0	229	231	0	229	231	230M
7469	874	-1.724E+02	1.00	1.302E-75	0	123	125	0	123	125	124M
7469	7469	-1.721E+02	1.00	1.785E-75	0	124	125	0	124	125	125M
7469	9717	-1.724E+02	1.00	1.302E-75	0	123	125	0	123	125	124M
7470	875	-4.432E+02	1.00	3.423E-193	0	274	276	0	274	276	275M
7470	7470	-4.429E+02	1.00	4.692E-193	0	275	276	0	275	276	276M
7470	9716	-4.432E+02	1.00	3.423E-193	0	274	276	0	274	276	275M
7471	876	-7.084E+02	1.00	0.000E+00	0	604	606	0	604	606	605M
7471	7471	-7.084E+02	1.00	0.000E+00	0	605	606	0	605	606	606M
7471	9715	-7.084E+02	1.00	0.000E+00	0	604	606	0	604	606	605M
7472	877	-2.252E+02	1.00	1.616E-98	0	148	151	0	148	150	149M
7472	7472	-2.264E+02	1.00	4.573E-99	0	150	151	0	150	151	151M
7472	9714	-2.268E+02	1.00	3.335E-99	0	149	151	0	149	151	150M
7473	878	-6.684E+02	1.00	5.136E-291	0	457	459	0	457	459	458M
7473	7473	-6.681E+02	1.00	7.037E-291	0	458	459	0	458	459	459M
7473	9713	-6.684E+02	1.00	5.136E-291	0	457	459	0	457	459	458M
7474	879	-7.084E+02	0.994	0.000E+00	0	548	550	0	548	550	549M
7474	7474	-7.084E+02	1.00	0.000E+00	0	549	550	0	549	550	550M
7474	9712	-7.084E+02	1.00	0.000E+00	0	548	550	0	548	550	549M
7475	880	-1.980E+02	0.992	1.056E-86	0	137	139	0	137	139	138M
7475	7475	-1.986E+02	1.00	5.616E-87	0	138	139	0	138	139	139M
7475	9711	-1.989E+02	1.00	4.095E-87	0	137	139	0	137	139	138M
7476	881	-2.938E+02	1.00	2.459E-128	0	198	200	0	198	200	199M
7476	7476	-2.935E+02	1.00	3.371E-128	0	199	200	0	199	200	200M
7476	9710	-2.938E+02	1.00	2.459E-128	0	198	200	0	198	200	199M
7477	882	-5.390E+02	0.994	8.605E-235	0	355	357	0	355	357	356M
7477	7477	-5.405E+02	1.00	1.780E-235	0	356	357	0	356	357	357M
7477	9709	-5.408E+02	1.00	1.299E-235	0	355	357	0	355	357	356M
7478	883	-4.194E+02	0.988	6.877E-183	0	269	271	0	269	271	270M
7478	7478	-4.220E+02	1.00	5.522E-184	0	270	271	0	270	271	271M
7478	9708	-4.223E+02	1.00	4.029E-184	0	269	271	0	269	271	270M
7479	884	-5.185E+02	0.997	6.514E-226	0	334	336	0	334	336	335M
7479	7479	-5.191E+02	1.00	3.468E-226	0	335	336	0	335	336	336M
7479	9707	-5.195E+02	1.00	2.531E-226	0	334	336	0	334	336	335M
7480	885	-3.132E+02	0.995	9.102E-137	0	201	203	0	201	203	202M
7480	7480	-3.145E+02	1.00	2.577E-137	0	202	203	0	202	203	203M
7480	9706	-3.148E+02	1.00	1.880E-137	0	201	203	0	201	203	202M
7481	886	-4.021E+02	1.00	2.362E-175	0	276	278	0	276	278	277M
7481	7481	-4.018E+02	1.00	3.238E-175	0	277	278	0	277	278	278M
7481	9705	-4.021E+02	1.00	2.362E-175	0	276	278	0	276	278	277M
7482	887	-4.237E+02	1.00	9.996E-185	0	293	295	0	293	295	294M
7482	7482	-4.234E+02	1.00	1.370E-184	0	294	295	0	294	295	295M
7482	9704	-4.237E+02	1.00	9.996E-185	0	293	295	0	293	295	294M
7483	888	-5.334E+02	1.00	2.173E-232	0	352	354	0	352	354	353M
7483	7483	-5.331E+02	1.00	2.978E-232	0	353	354	0	353	354	354M
7483	9703	-5.334E+02	1.00	2.173E-232	0	352	354	0	352	354	353M
7484	889	-4.634E+02	1.00	5.541E-202	0	306	308	0	306	308	307M
7484	7484	-4.631E+02	1.00	7.594E-202	0	307	308	0	307	308	308M
7484	9702	-4.634E+02	1.00	5.541E-202	0	306	308	0	306	308	307M
7485	890	-2.844E+02	0.761	3.104E-124	0	245	247	0	246	248	212M1D34M
7485	7485	-3.745E+02	1.00	2.168E-163	0	246	247	0	246	247	247M
7485	9701	-3.749E+02	1.00	1.582E-163	0	245	247	0	245	247	246M
7486	891	-4.130E+02	1.00	4.336E-180	0	272	274	0	272	274	273M
7486	7486	-4.127E+02	1.00	5.943E-180	0	273	274	0	273	274	274M
7486	9700	-4.130E+02	1.00	4.336E-180	0	272	274	0	272	274	273M
7487	892	-3.630E+02	1.00	2.160E-158	0	235	237	0	235	237	236M
7487	7487	-3.627E+02	1.00	2.961E-158	0	236	237	0	236	237	237M
7487	9699	-3.630E+02	1.00	2.160E-158	0	235	237	0	235	237	236M
7488	893	-3.391E+02	1.00	5.616E-148	0	222	224	0	222	224	223M
7488	7488	-3.387E+02	1.00	7.699E-148	0	223	224	0	223	224	224M
7488	9698	-3.391E+02	1.00	5.616E-148	0	222	224	0	222	224	223M
7489	894	-1.787E+02	0.992	2.448E-78	0	137	139	0	137	139	138M
7489	7489	-1.803E+02	1.00	5.048E-79	0	138	139	0	138	139	139M
7489	9697	-1.806E+02	1.00	3.681E-79	0	137	139	0	137	139	138M
7490	895	-3.514E+02	1.00	2.366E-153	0	227	229	0	227	229	228M
7490	7490	-3.511E+02	1.00	3.243E-153	0	228	229	0	228	229	229M
7490	9696	-3.514E+02	1.00	2.366E-153	0	227	229	0	227	229	228M
7491	896	-2.266E+02	0.993	3.852E-99	0	152	154	0	152	154	153M
7491	7491	-2.276E+02	1.00	1.494E-99	0	153	154	0	153	154	154M
7491	9695	-2.279E+02	1.00	1.090E-99	0	152	154	0	152	154	153M
7492	897	-2.678E+02	0.973	4.930E-117	0	188	190	0	188	190	189M
7492	7492	-2.754E+02	1.00	2.539E-120	0	189	190	0	189	190	190M
7492	9694	-2.757E+02	1.00	1.852E-120	0	188	190	0	188	190	189M
7493	898	-3.103E+02	0.995	1.660E-135	0	209	211	0	209	211	210M
7493	7493	-3.119E+02	1.00	3.429E-136	0	210	211	0	210	211	211M
7493	9693	-3.122E+02	1.00	2.502E-136	0	209	211	0	209	211	210M
7494	899	-3.827E+02	0.992	5.946E-167	0	265	267	0	265	267	266M
7494	7494	-3.850E+02	1.00	6.544E-168	0	266	267	0	266	267	267M
7494	9692	-3.853E+02	1.00	4.775E-168	0	265	267	0	265	267	266M
7495	900	-1.503E+02	1.00	5.378E-66	0	104	106	0	104	106	105M
7495	7495	-1.500E+02	1.00	7.377E-66	0	105	106	0	105	106	106M
7495	9691	-1.503E+02	1.00	5.378E-66	0	104	106	0	104	106	105M
7496	7496	-5.060E+01	1.00	1.056E-22	0	41	42	0	41	42	42M
7496	9690	-5.092E+01	1.00	7.685E-23	0	40	42	0	40	42	41M
7497	901	-5.847E+02	1.00	1.114E-254	0	400	402	0	400	402	401M
7497	7497	-5.844E+02	1.00	1.527E-254	0	401	402	0	401	402	402M
7497	9689	-5.847E+02	1.00	1.114E-254	0	400	402	0	400	402	401M
7498	902	-7.084E+02	0.997	0.000E+00	0	1276	1278	0	1276	1278	1277M
7498	7498	-7.084E+02	1.00	0.000E+00	0	1277	1278	0	1277	1278	1278M
7498	9688	-7.084E+02	1.00	0.000E+00	0	1276	1278	0	1276	1278	1277M
7499	903	-6.976E+02	1.00	1.043E-303	0	445	447	0	445	447	446M
7499	7499	-6.973E+02	1.00	1.430E-303	0	446	447	0	446	447	447M
7499	9687	-6.976E+02	1.00	1.043E-303	0	445	447	0	445	447	446M
7500	904	-2.815E+02	0.994	5.413E-123	0	198	200	0	198	200	199M
7500	7500	-2.828E+02	1.00	1.533E-123	0	199	200	0	199	200	200M
7500	9686	-2.831E+02	1.00	1.118E-123	0	198	200	0	198	200	199M
7501	905	-5.000E+02	1.00	7.387E-218	0	333	335	0	333	335	334M
7501	7501	-4.996E+02	1.00	1.012E-217	0	334	335	0	334	335	335M
7501	9685	-5.000E+02	1.00	7.387E-218	0	333	335	0	333	335	334M
7502	3066	-6.754E+02	0.995	4.921E-294	0	443	445	24	467	469	444M
7502	7502	-6.779E+02	1.00	3.958E-295	0	444	445	0	444	445	445M
7502	9684	-6.782E+02	1.00	2.889E-295	0	443	445	0	443	445	444M
7503	3067	-1.981E+02	1.00	9.138E-87	0	134	136	0	134	136	135M
7503	7503	-1.978E+02	1.00	1.253E-86	0	135	136	0	135	136	136M
7503	9683	-1.981E+02	1.00	9.138E-87	0	134	136	0	134	136	135M
7504	3068	-3.226E+02	0.995	8.283E-141	0	231	233	0	231	233	232M
7504	7504	-3.232E+02	1.00	4.409E-141	0	232	233	0	232	233	233M
7504	9682	-3.235E+02	1.00	3.217E-141	0	231	233	0	231	233	232M
7505	3069	-2.056E+02	0.993	5.111E-90	0	149	151	0	149	151	150M
7505	7505	-2.065E+02	1.00	1.982E-90	0	150	151	0	150	151	151M
7505	9681	-2.069E+02	1.00	1.446E-90	0	149	151	0	149	151	150M
7506	3070	-5.083E+02	0.955	1.789E-221	0	447	449	0	466	468	250M19D198M
7506	7506	-5.193E+02	1.00	2.942E-226	0	448	449	0	448	449	449M
7506	9680	-5.196E+02	1.00	2.147E-226	0	447	449	0	447	449	448M
7507	3071	-6.497E+02	1.00	6.611E-283	0	425	427	0	425	427	426M
7507	7507	-6.494E+02	1.00	9.059E-283	0	426	427	0	426	427	427M
7507	9679	-6.497E+02	1.00	6.611E-283	0	425	427	0	425	427	426M
7508	3072	-2.644E+02	0.994	1.441E-115	0	186	188	0	186	188	187M
7508	7508	-2.654E+02	1.00	5.594E-116	0	187	188	0	187	188	188M
7508	9678	-2.657E+02	1.00	4.081E-116	0	186	188	0	186	188	187M
7509	3073	-7.965E+01	1.00	2.558E-35	0	61	63	0	61	63	62M
7509	7509	-7.933E+01	1.00	3.512E-35	0	62	63	0	62	63	63M
7509	9677	-7.965E+01	1.00	2.558E-35	0	61	63	0	61	63	62M
7510	3074	-4.872E+02	1.00	2.473E-212	0	322	324	0	322	324	323M
7510	7510	-4.869E+02	1.00	3.389E-212	0	323	324	0	323	324	324M
7510	9676	-4.872E+02	1.00	2.473E-212	0	322	324	0	322	324	323M
7511	3075	-3.904E+02	1.00	2.896E-170	0	257	259	0	257	259	258M
7511	7511	-3.901E+02	1.00	3.970E-170	0	258	259	0	258	259	259M
7511	9675	-3.904E+02	1.00	2.896E-170	0	257	259	0	257	259	258M
7512	3076	-2.990E+02	0.995	1.462E-130	0	203	205	0	203	205	204M
7512	7512	-2.999E+02	1.00	5.675E-131	0	204	205	0	204	205	205M
7512	9674	-3.002E+02	1.00	4.140E-131	0	203	205	0	203	205	204M
7513	3077	-1.521E+02	0.990	8.478E-67	0	105	107	0	105	107	106M
7513	7513	-1.521E+02	1.00	8.478E-67	0	106	107	0	106	107	107M
7513	9673	-1.525E+02	1.00	6.181E-67	0	105	107	0	105	107	106M
7514	3078	-1.776E+02	0.992	7.713E-78	0	128	130	0	128	130	129M
7514	7514	-1.785E+02	1.00	2.990E-78	0	129	130	0	129	130	130M
7514	9672	-1.788E+02	1.00	2.181E-78	0	128	130	0	128	130	129M
7515	7515	-7.084E+02	1.00	0.000E+00	0	811	812	0	811	812	812M
7515	9671	-7.084E+02	1.00	0.000E+00	0	810	812	0	810	812	811M
7516	4102	-7.380E+02	0.774	2.994E-321	0	615	617	0	616	618	109M1D507M
7516	7516	-7.084E+02	1.00	0.000E+00	0	616	617	0	616	617	617M
7516	9670	-7.084E+02	1.00	0.000E+00	0	615	617	0	615	617	616M
7517	3450	-3.443E+02	1.00	2.946E-150	0	231	233	0	231	233	232M
7517	7517	-3.440E+02	1.00	4.038E-150	0	232	233	0	232	233	233M
7517	9669	-3.443E+02	1.00	2.946E-150	0	231	233	0	231	233	232M
7518	3451	-5.613E+02	1.00	1.688E-244	0	396	398	0	396	398	397M
7518	7518	-5.610E+02	1.00	2.313E-244	0	397	398	0	397	398	398M
7518	9668	-5.613E+02	1.00	1.688E-244	0	396	398	0	396	398	397M
7519	3452	-5.453E+02	1.00	1.577E-237	0	355	357	0	355	357	356M
7519	7519	-5.449E+02	1.00	2.161E-237	0	356	357	0	356	357	357M
7519	9667	-5.453E+02	1.00	1.577E-237	0	355	357	0	355	357	356M
7520	3453	-3.167E+02	0.980	2.883E-138	0	208	210	0	208	210	209M
7520	7520	-3.208E+02	1.00	4.777E-140	0	209	210	0	209	210	210M
7520	9666	-3.211E+02	1.00	3.485E-140	0	208	210	0	208	210	209M
7521	3454	-4.214E+02	0.992	9.895E-184	0	268	270	0	268	270	269M
7521	7521	-4.242E+02	1.00	5.796E-185	0	269	270	0	269	270	270M
7521	9665	-4.245E+02	1.00	4.229E-185	0	268	270	0	268	270	269M
7522	3455	-5.464E+02	0.997	4.969E-238	0	364	366	0	364	366	365M
7522	7522	-5.477E+02	1.00	1.409E-238	0	365	366	0	365	366	366M
7522	9664	-5.480E+02	1.00	1.028E-238	0	364	366	0	364	366	365M
7523	3456	-4.887E+02	1.00	5.810E-213	0	318	320	8	326	328	319M
7523	7523	-4.884E+02	1.00	7.963E-213	0	319	320	0	319	320	320M
7523	9663	-4.887E+02	1.00	5.810E-213	0	318	320	8	326	328	319M
7524	3457	-7.084E+02	0.986	0.000E+00	122	809	811	0	687	689	688M
7524	7524	-7.084E+02	1.00	0.000E+00	0	810	811	0	810	811	811M
7524	9662	-7.084E+02	1.00	0.000E+00	0	809	811	0	809	811	810M
7525	3146	-3.350E+02	0.991	3.131E-146	0	227	229	0	227	229	228M
7525	7525	-3.382E+02	1.00	1.337E-147	0	228	229	0	228	229	229M
7525	9661	-3.385E+02	1.00	9.754E-148	0	227	229	0	227	229	228M
7526	3147	-6.028E+02	1.00	1.602E-262	8	425	427	0	417	419	418M
7526	7526	-6.148E+02	1.00	1.015E-267	0	426	427	0	426	427	427M
7526	9660	-6.151E+02	1.00	7.406E-268	0	425	427	0	425	427	426M
7527	3148	-4.365E+02	1.00	2.590E-190	0	301	303	0	301	303	302M
7527	7527	-4.362E+02	1.00	3.550E-190	0	302	303	0	302	303	303M
7527	9659	-4.365E+02	1.00	2.590E-190	0	301	303	0	301	303	302M
7528	3149	-2.193E+02	0.993	6.029E-96	0	154	156	0	154	156	155M
7528	7528	-2.215E+02	1.00	6.618E-97	0	155	156	0	155	156	156M
7528	9658	-2.218E+02	1.00	4.826E-97	0	154	156	0	154	156	155M
7529	3150	-4.912E+02	0.996	4.825E-214	0	312	314	0	312	314	313M
7529	7529	-4.912E+02	1.00	4.825E-214	0	313	314	0	313	314	314M
7529	9657	-4.915E+02	1.00	3.520E-214	0	312	314	0	312	314	313M
7530	7530	-6.071E+01	1.00	4.301E-27	0	48	49	0	48	49	49M
7530	9656	-6.103E+01	1.00	3.132E-27	0	47	49	0	47	49	48M
7531	4237	-5.098E+02	0.997	3.844E-222	0	333	360	0	333	334	334M
7531	7531	-5.514E+02	1.00	3.324E-240	0	359	360	0	359	360	360M
7531	9655	-5.517E+02	1.00	2.426E-240	0	358	360	0	358	360	359M
7532	2581	-7.124E+02	1.00	4.169E-310	0	494	496	0	494	496	495M
7532	7532	-7.121E+02	1.00	5.712E-310	0	495	496	0	495	496	496M
7532	9654	-7.124E+02	1.00	4.169E-310	0	494	496	0	494	496	495M
7533	2580	-5.208E+02	0.997	6.370E-227	0	372	374	0	372	374	373M
7533	7533	-5.218E+02	1.00	2.476E-227	0	373	374	0	373	374	374M
7533	9653	-5.221E+02	1.00	1.807E-227	0	372	374	0	372	374	373M
7534	2579	-5.323E+02	0.994	6.436E-232	0	355	357	0	355	357	356M
7534	7534	-5.342E+02	1.00	9.716E-233	0	356	357	0	356	357	357M
7534	9652	-5.345E+02	1.00	7.090E-233	0	355	357	0	355	357	356M
7535	2578	-5.380E+02	0.988	2.241E-234	0	362	364	0	362	364	363M
7535	7535	-5.446E+02	1.00	2.997E-237	0	363	364	0	363	364	364M
7535	9651	-5.449E+02	1.00	2.187E-237	0	362	364	0	362	364	363M
7536	2577	-4.024E+02	0.977	1.757E-175	0	263	265	0	263	265	264M
7536	7536	-4.134E+02	1.00	2.836E-180	0	264	265	0	264	265	265M
7536	9650	-4.137E+02	1.00	2.069E-180	0	263	265	0	263	265	264M
7537	2576	-4.912E+02	0.993	4.730E-214	0	325	327	0	325	327	326M
7537	7537	-4.934E+02	1.00	5.210E-215	0	326	327	0	326	327	327M
7537	9649	-4.937E+02	1.00	3.802E-215	0	325	327	0	325	327	326M
7538	2575	-1.704E+02	0.984	9.537E-75	0	125	127	0	125	127	126M
7538	7538	-1.730E+02	1.00	7.621E-76	0	126	127	0	126	127	127M
7538	9648	-1.733E+02	1.00	5.557E-76	0	125	127	0	125	127	126M
7539	2574	-7.084E+02	0.984	0.000E+00	0	514	515	0	514	549	515M
7539	7539	-7.084E+02	1.00	0.000E+00	0	514	515	0	514	515	515M
7539	9647	-7.084E+02	1.00	0.000E+00	0	514	515	0	514	549	515M
7540	1242	-3.508E+01	0.970	5.814E-16	0	33	35	110	143	145	34M
7540	5826	-3.604E+01	1.00	2.237E-16	0	33	35	0	33	35	34M
7540	10186	-3.604E+01	1.00	2.237E-16	0	33	35	0	33	35	34M
7541	4296	-3.701E+02	0.980	1.930E-161	0	260	262	0	260	262	261M
7541	7541	-3.792E+02	1.00	2.067E-165	0	261	262	0	261	262	262M
7541	11359	-3.795E+02	1.00	1.508E-165	0	260	262	0	260	262	261M
7542	4297	-5.528E+02	0.994	8.323E-241	84	472	474	0	388	390	389M
7542	7542	-6.813E+02	1.00	1.349E-296	0	473	474	0	473	474	474M
7542	11360	-6.816E+02	1.00	9.849E-297	0	472	474	0	472	474	473M
7543	7543	-2.099E+02	1.00	6.771E-92	0	152	153	0	152	153	153M
7543	11361	-2.102E+02	1.00	4.938E-92	0	151	153	0	151	153	152M
7544	4368	-4.404E+02	0.996	5.304E-192	0	292	294	0	292	294	293M
7544	7544	-4.429E+02	1.00	4.260E-193	0	293	294	0	293	294	294M
7544	11362	-4.433E+02	1.00	3.109E-193	0	292	294	0	292	294	293M
7545	4018	-1.344E+02	0.488	4.150E-59	7	214	235	4	216	224	10M3D67M2D131M
7545	7545	-3.448E+02	1.00	1.723E-150	0	234	235	0	234	235	235M
7545	11363	-3.452E+02	1.00	1.257E-150	0	233	235	0	233	235	234M
7546	2823	-3.140E+02	0.995	4.346E-137	0	212	214	0	212	214	213M
7546	7546	-3.152E+02	1.00	1.231E-137	0	213	214	0	213	214	214M
7546	11364	-3.156E+02	1.00	8.979E-138	0	212	214	0	212	214	213M
7547	2824	-6.846E+02	0.997	4.807E-298	0	468	470	0	468	470	469M
7547	7547	-6.846E+02	1.00	4.807E-298	0	469	470	0	469	470	470M
7547	11365	-6.849E+02	1.00	3.508E-298	0	468	470	0	468	470	469M
7548	2825	-5.632E+02	0.997	2.525E-245	0	389	391	0	389	391	390M
7548	7548	-5.632E+02	1.00	2.525E-245	0	390	391	0	390	391	391M
7548	11366	-5.635E+02	1.00	1.843E-245	0	389	391	0	389	391	390M
7549	2826	-4.616E+02	1.00	3.297E-201	0	297	299	0	297	299	298M
7549	7549	-4.613E+02	1.00	4.518E-201	0	298	299	0	298	299	299M
7549	11367	-4.616E+02	1.00	3.297E-201	0	297	299	0	297	299	298M
7550	2827	-4.396E+02	1.00	1.259E-191	0	296	299	0	296	299	297M
7550	7550	-4.408E+02	1.00	3.570E-192	0	298	299	0	298	299	299M
7550	11368	-4.411E+02	1.00	2.605E-192	0	297	299	0	297	299	298M
7551	2629	-1.072E+02	1.00	2.834E-47	0	74	76	0	74	76	75M
7551	7551	-1.069E+02	1.00	3.889E-47	0	75	76	0	75	76	76M
7551	11369	-1.072E+02	1.00	2.834E-47	0	74	76	0	74	76	75M
7552	2628	-7.305E+01	0.983	1.891E-32	0	60	62	0	60	62	61M
7552	7552	-7.495E+01	1.00	2.823E-33	0	61	62	0	61	62	62M
7552	11370	-7.526E+01	1.00	2.056E-33	0	60	62	0	60	62	61M
7553	2627	-7.049E+02	0.997	7.091E-307	0	471	473	0	471	473	472M
7553	7553	-7.059E+02	1.00	2.756E-307	0	472	473	0	472	473	473M
7553	11371	-7.062E+02	1.00	2.011E-307	0	471	473	0	471	473	472M
7554	2079	-1.294E+02	0.273	6.259E-57	9	724	726	44	765	767	20M3D19M2I4M4D42M1D5M9D27M5I29M3D16M2D24M2D36M1I20M1D22M1I4M2I3M1D46M4D10M18I26M1I17M4D24M1I12M1D30M2D41M2D52M2D128M1I7M3I17M
7554	7554	-7.084E+02	1.00	0.000E+00	0	725	726	0	725	726	726M
7554	11372	-7.084E+02	1.00	0.000E+00	0	724	726	0	724	726	725M
7555	2624	-6.352E+02	0.997	1.426E-276	0	427	429	0	427	429	428M
7555	7555	-6.352E+02	1.00	1.426E-276	0	428	429	0	428	429	429M
7555	11373	-6.355E+02	1.00	1.041E-276	0	427	429	0	427	429	428M
7556	2623	-1.433E+02	0.989	5.875E-63	0	92	94	0	92	94	93M
7556	7556	-1.433E+02	1.00	5.875E-63	0	93	94	0	93	94	94M
7556	11374	-1.436E+02	1.00	4.282E-63	0	92	94	0	92	94	93M
7557	2622	-4.824E+02	0.993	3.104E-210	0	331	333	0	331	333	332M
7557	7557	-4.849E+02	1.00	2.495E-211	0	332	333	0	332	333	333M
7557	11375	-4.852E+02	1.00	1.821E-211	0	331	333	0	331	333	332M
7558	2621	-4.102E+02	0.989	7.158E-179	0	278	280	0	278	280	279M
7558	7558	-4.137E+02	1.00	2.233E-180	0	279	280	0	279	280	280M
7558	11376	-4.140E+02	1.00	1.629E-180	0	278	280	0	278	280	279M
7559	2620	-4.147E+02	0.985	8.001E-181	0	283	285	0	283	285	284M
7559	7559	-4.185E+02	1.00	1.822E-182	0	284	285	0	284	285	285M
7559	11377	-4.188E+02	1.00	1.329E-182	0	283	285	0	283	285	284M
7560	2619	-7.123E+02	0.983	4.449E-310	0	475	477	0	475	477	476M
7560	7560	-7.227E+02	1.00	1.361E-314	0	476	477	0	476	477	477M
7560	11378	-7.230E+02	1.00	9.932E-315	0	475	477	0	475	477	476M
7561	2618	-1.240E+02	1.00	1.453E-54	0	80	82	0	80	82	81M
7561	7561	-1.236E+02	1.00	1.994E-54	0	81	82	0	81	82	82M
7561	11379	-1.240E+02	1.00	1.453E-54	0	80	82	0	80	82	81M
7562	2617	-7.084E+02	0.987	0.000E+00	0	576	578	0	576	578	577M
7562	7562	-7.084E+02	1.00	0.000E+00	0	577	578	0	577	578	578M
7562	11380	-7.084E+02	1.00	0.000E+00	0	576	578	0	576	578	577M
7563	2616	-3.650E+02	0.991	2.915E-159	0	246	248	0	246	248	247M
7563	7563	-3.682E+02	1.00	1.245E-160	0	247	248	0	247	248	248M
7563	11381	-3.685E+02	1.00	9.086E-161	0	246	248	0	246	248	247M
7564	2155	-6.805E+02	0.993	2.933E-296	0	448	450	0	448	450	449M
7564	7564	-6.846E+02	1.00	4.884E-298	0	449	450	0	449	450	450M
7564	11382	-6.849E+02	1.00	3.564E-298	0	448	450	0	448	450	449M
7565	2154	-2.927E+02	0.990	7.303E-128	0	201	203	0	201	203	202M
7565	7565	-2.953E+02	1.00	5.856E-129	0	202	203	0	202	203	203M
7565	11383	-2.956E+02	1.00	4.272E-129	0	201	203	0	201	203	202M
7566	2153	-1.891E+02	0.984	7.149E-83	0	130	132	0	130	132	131M
7566	7566	-1.907E+02	1.00	1.474E-83	0	131	132	0	131	132	132M
7566	11384	-1.910E+02	1.00	1.075E-83	0	130	132	0	130	132	131M
7567	2152	-4.468E+02	1.00	8.699E-195	0	283	285	0	283	285	284M
7567	7567	-4.465E+02	1.00	1.192E-194	0	284	285	0	284	285	285M
7567	11385	-4.468E+02	1.00	8.699E-195	0	283	285	0	283	285	284M
7568	2151	-4.537E+02	1.00	8.833E-198	0	304	306	0	304	306	305M
7568	7568	-4.534E+02	1.00	1.211E-197	0	305	306	0	305	306	306M
7568	11386	-4.537E+02	1.00	8.833E-198	0	304	306	0	304	306	305M
7569	2150	-4.889E+02	0.955	4.555E-213	0	333	335	0	333	335	334M
7569	7569	-5.082E+02	1.00	2.042E-221	0	334	335	0	334	335	335M
7569	11387	-5.085E+02	1.00	1.490E-221	0	333	335	0	333	335	334M
7570	2149	-3.533E+02	0.980	3.818E-154	0	262	264	0	262	264	263M
7570	7570	-3.605E+02	1.00	2.712E-157	0	263	264	0	263	264	264M
7570	11388	-3.608E+02	1.00	1.979E-157	0	262	264	0	262	264	263M
7571	2148	-7.084E+02	0.974	0.000E+00	0	550	552	0	550	552	551M
7571	7571	-7.084E+02	1.00	0.000E+00	0	551	552	0	551	552	552M
7571	11389	-7.084E+02	1.00	0.000E+00	0	550	552	0	550	552	551M
7572	2147	-3.481E+02	0.974	6.387E-152	0	230	232	0	230	232	231M
7572	7572	-3.573E+02	1.00	6.818E-156	0	231	232	0	231	232	232M
7572	11390	-3.576E+02	1.00	4.974E-156	0	230	232	0	230	232	231M
7573	2146	-6.338E+02	0.985	5.461E-276	0	422	424	0	422	424	423M
7573	7573	-6.392E+02	1.00	2.579E-278	0	423	424	0	423	424	424M
7573	11391	-6.395E+02	1.00	1.882E-278	0	422	424	0	422	424	423M
7574	2145	-4.614E+02	0.996	4.171E-201	0	302	304	0	302	304	303M
7574	7574	-4.627E+02	1.00	1.182E-201	0	303	304	0	303	304	304M
7574	11392	-4.630E+02	1.00	8.625E-202	0	302	304	0	302	304	303M
7575	2144	-5.322E+02	0.994	7.315E-232	0	351	353	0	351	353	352M
7575	7575	-5.350E+02	1.00	4.291E-233	0	352	353	0	352	353	353M
7575	11393	-5.354E+02	1.00	3.131E-233	0	351	353	0	351	353	352M
7576	2143	-3.795E+02	0.988	1.508E-165	0	260	262	0	260	262	261M
7576	7576	-3.830E+02	1.00	4.702E-167	0	261	262	0	261	262	262M
7576	11394	-3.833E+02	1.00	3.431E-167	0	260	262	0	260	262	261M
7577	2142	-6.945E+02	0.989	2.518E-302	0	466	468	0	466	468	467M
7577	7577	-7.014E+02	1.00	2.463E-305	0	467	468	0	467	468	468M
7577	11395	-7.017E+02	1.00	1.797E-305	0	466	468	0	466	468	467M
7578	2141	-7.205E+02	0.958	1.291E-313	0	510	512	0	510	512	511M
7578	7578	-7.084E+02	1.00	0.000E+00	0	511	512	0	511	512	512M
7578	11396	-7.084E+02	1.00	0.000E+00	0	510	512	0	510	512	511M
7579	2140	-5.130E+02	0.997	1.667E-223	0	338	340	0	338	340	339M
7579	7579	-5.130E+02	1.00	1.667E-223	0	339	340	0	339	340	340M
7579	11397	-5.133E+02	1.00	1.217E-223	0	338	340	0	338	340	339M
7580	2139	-4.779E+02	0.996	2.743E-208	0	319	321	0	319	321	320M
7580	7580	-4.792E+02	1.00	7.775E-209	0	320	321	0	320	321	321M
7580	11398	-4.795E+02	1.00	5.674E-209	0	319	321	0	319	321	320M
7581	3091	-5.176E+02	0.993	1.654E-225	0	327	329	0	327	329	328M
7581	7581	-5.201E+02	1.00	1.329E-226	0	328	329	0	328	329	329M
7581	11399	-5.204E+02	1.00	9.694E-227	0	327	329	0	327	329	328M
7582	3092	-5.889E+02	0.992	1.710E-256	0	378	380	0	378	380	379M
7582	7582	-5.933E+02	1.00	2.075E-258	0	379	380	0	379	380	380M
7582	11400	-5.937E+02	1.00	1.514E-258	0	378	380	0	378	380	379M
7583	3093	-4.043E+02	0.996	2.567E-176	0	249	251	0	249	251	250M
7583	7583	-4.049E+02	1.00	1.366E-176	0	250	251	0	250	251	251M
7583	11401	-4.053E+02	1.00	9.966E-177	0	249	251	0	249	251	250M
7584	3094	-6.153E+02	1.00	6.312E-268	0	408	410	0	408	410	409M
7584	7584	-6.149E+02	1.00	8.649E-268	0	409	410	0	409	410	410M
7584	11402	-6.153E+02	1.00	6.312E-268	0	408	410	0	408	410	409M
7585	3095	-5.525E+02	0.994	1.137E-240	0	362	364	0	362	364	363M
7585	7585	-5.541E+02	1.00	2.351E-241	0	363	364	0	363	364	364M
7585	11403	-5.544E+02	1.00	1.716E-241	0	362	364	0	362	364	363M
7586	3096	-5.056E+02	1.00	2.541E-220	0	333	335	0	333	335	334M
7586	7586	-5.053E+02	1.00	3.482E-220	0	334	335	0	334	335	335M
7586	11404	-5.056E+02	1.00	2.541E-220	0	333	335	0	333	335	334M
7587	3097	-6.207E+02	0.990	2.810E-270	0	400	402	0	400	402	401M
7587	7587	-6.267E+02	1.00	7.059E-273	0	401	402	0	401	402	402M
7587	11405	-6.270E+02	1.00	5.151E-273	0	400	402	0	400	402	401M
7588	3098	-6.115E+02	0.992	2.703E-266	0	394	396	0	394	396	395M
7588	7588	-6.150E+02	1.00	8.446E-268	0	395	396	0	395	396	396M
7588	11406	-6.153E+02	1.00	6.163E-268	0	394	396	0	394	396	395M
7589	3099	-4.292E+02	1.00	3.851E-187	0	282	284	0	282	284	283M
7589	7589	-4.289E+02	1.00	5.278E-187	0	283	284	0	283	284	284M
7589	11407	-4.292E+02	1.00	3.851E-187	0	282	284	0	282	284	283M
7590	3100	-1.861E+02	1.00	1.527E-81	0	128	130	0	128	130	129M
7590	7590	-1.858E+02	1.00	2.094E-81	0	129	130	0	129	130	130M
7590	11408	-1.861E+02	1.00	1.527E-81	0	128	130	0	128	130	129M
7591	3101	-1.470E+02	1.00	1.430E-64	0	100	102	0	100	102	101M
7591	7591	-1.467E+02	1.00	1.962E-64	0	101	102	0	101	102	102M
7591	11409	-1.470E+02	1.00	1.430E-64	0	100	102	0	100	102	101M
7592	4404	-6.579E+01	1.00	2.669E-29	0	53	55	4	57	59	54M
7592	7592	-6.548E+01	1.00	3.666E-29	0	54	55	0	54	55	55M
7592	11410	-6.579E+01	1.00	2.669E-29	0	53	55	0	53	55	54M
7593	4403	-1.524E+02	0.973	6.336E-67	0	112	114	0	112	114	113M
7593	7593	-1.584E+02	1.00	1.565E-69	0	113	114	0	113	114	114M
7593	11411	-1.587E+02	1.00	1.141E-69	0	112	114	0	112	114	113M
7594	4402	-1.138E+02	0.954	3.734E-50	0	87	89	0	87	89	88M
7594	7594	-1.189E+02	1.00	2.366E-52	0	88	89	0	88	89	89M
7594	11412	-1.192E+02	1.00	1.725E-52	0	87	89	0	87	89	88M
7595	2913	-4.915E+02	1.00	3.525E-214	0	320	375	0	320	321	321M
7595	7595	-5.791E+02	1.00	3.238E-252	0	374	375	0	374	375	375M
7595	11413	-5.794E+02	1.00	2.363E-252	0	373	375	0	373	375	374M
7596	2914	-2.973E+02	1.00	7.298E-130	0	197	199	0	197	199	198M
7596	7596	-2.970E+02	1.00	1.000E-129	0	198	199	0	198	199	199M
7596	11414	-2.973E+02	1.00	7.298E-130	0	197	199	0	197	199	198M
7597	2915	-1.438E+02	1.00	3.634E-63	0	108	110	0	108	110	109M
7597	7597	-1.435E+02	1.00	4.985E-63	0	109	110	0	109	110	110M
7597	11415	-1.438E+02	1.00	3.634E-63	0	108	110	0	108	110	109M
7598	2916	-1.004E+02	1.00	2.536E-44	0	77	79	0	77	79	78M
7598	7598	-1.001E+02	1.00	3.480E-44	0	78	79	0	78	79	79M
7598	11416	-1.004E+02	1.00	2.536E-44	0	77	79	0	77	79	78M
7599	2917	-5.913E+02	0.989	1.546E-257	0	394	396	0	394	396	395M
7599	7599	-5.983E+02	1.00	1.510E-260	0	395	396	0	395	396	396M
7599	11417	-5.986E+02	1.00	1.102E-260	0	394	396	0	394	396	395M
7600	2918	-5.498E+02	0.986	1.764E-239	0	360	362	0	360	362	361M
7600	7600	-5.561E+02	1.00	3.233E-242	0	361	362	0	361	362	362M
7600	11418	-5.564E+02	1.00	2.359E-242	0	360	362	0	360	362	361M
7601	7601	-3.874E+02	1.00	5.884E-169	0	255	256	0	255	256	256M
7601	11419	-3.877E+02	1.00	4.293E-169	0	254	256	0	254	256	255M
7602	4366	-1.592E+02	0.991	7.522E-70	8	123	125	0	115	117	116M
7602	7602	-1.715E+02	1.00	3.357E-75	0	124	125	0	124	125	125M
7602	11420	-1.718E+02	1.00	2.448E-75	0	123	125	0	123	125	124M
7603	7603	-1.012E+02	1.00	1.103E-44	0	74	75	0	74	75	75M
7603	11421	-1.015E+02	1.00	8.034E-45	0	73	75	0	73	75	74M
7604	4442	-8.293E+01	1.00	9.600E-37	0	65	67	0	65	67	66M
7604	7604	-8.262E+01	1.00	1.318E-36	0	66	67	0	66	67	67M
7604	11422	-8.293E+01	1.00	9.600E-37	0	65	67	0	65	67	66M
7605	4441	-2.240E+02	0.978	5.075E-98	0	140	142	0	140	142	141M
7605	7605	-2.284E+02	1.00	6.107E-100	0	141	142	0	141	142	142M
7605	11423	-2.288E+02	1.00	4.453E-100	0	140	142	0	140	142	141M
7606	3624	-1.233E+02	1.00	2.967E-54	0	88	90	0	88	90	89M
7606	7606	-1.229E+02	1.00	4.071E-54	0	89	90	0	89	90	90M
7606	11424	-1.233E+02	1.00	2.967E-54	0	88	90	0	88	90	89M
7607	3623	-1.939E+02	1.00	6.102E-85	0	136	138	0	136	138	137M
7607	7607	-1.936E+02	1.00	8.368E-85	0	137	138	0	137	138	138M
7607	11425	-1.939E+02	1.00	6.102E-85	0	136	138	0	136	138	137M
7608	3622	-5.447E+02	0.997	2.762E-237	0	367	369	0	367	369	368M
7608	7608	-5.453E+02	1.00	1.471E-237	0	368	369	0	368	369	369M
7608	11426	-5.456E+02	1.00	1.073E-237	0	367	369	0	367	369	368M
7609	3621	-2.709E+02	0.994	2.136E-118	0	195	197	0	195	197	196M
7609	7609	-2.722E+02	1.00	6.048E-119	0	196	197	0	196	197	197M
7609	11427	-2.725E+02	1.00	4.412E-119	0	195	197	0	195	197	196M
7610	3620	-2.345E+02	1.00	1.441E-102	0	152	154	0	152	154	153M
7610	7610	-2.342E+02	1.00	1.975E-102	0	153	154	0	153	154	154M
7610	11428	-2.345E+02	1.00	1.441E-102	0	152	154	0	152	154	153M
7611	7611	-4.498E+02	1.00	4.708E-196	0	289	290	0	289	290	290M
7611	11429	-4.501E+02	1.00	3.435E-196	0	288	290	0	288	290	289M
7612	1713	-5.294E+02	0.975	1.230E-230	0	371	373	0	371	373	372M
7612	7612	-5.385E+02	1.00	1.324E-234	0	372	373	0	372	373	373M
7612	11430	-5.388E+02	1.00	9.663E-235	0	371	373	0	371	373	372M
7613	1712	-5.220E+02	0.983	1.892E-227	0	373	375	0	373	375	374M
7613	7613	-5.321E+02	1.00	7.921E-232	0	374	375	0	374	375	375M
7613	11431	-5.324E+02	1.00	5.780E-232	0	373	375	0	373	375	374M
7614	1711	-7.084E+02	0.991	0.000E+00	0	584	586	0	584	586	585M
7614	7614	-7.084E+02	1.00	0.000E+00	0	585	586	0	585	586	586M
7614	11432	-7.084E+02	1.00	0.000E+00	0	584	586	0	584	586	585M
7615	7615	-4.842E+02	1.00	4.963E-211	0	340	341	0	340	341	341M
7615	11433	-4.846E+02	1.00	3.622E-211	0	339	341	0	339	341	340M
7616	1708	-3.148E+02	0.990	1.855E-137	0	214	216	0	214	216	215M
7616	7616	-3.186E+02	1.00	4.213E-139	0	215	216	0	215	216	216M
7616	11434	-3.189E+02	1.00	3.074E-139	0	214	216	0	214	216	215M
7617	1707	-5.852E+02	0.997	6.995E-255	0	390	392	0	390	392	391M
7617	7617	-5.874E+02	1.00	7.709E-256	0	391	392	0	391	392	392M
7617	11435	-5.877E+02	1.00	5.625E-256	0	390	392	0	390	392	391M
7618	1706	-2.998E+02	0.990	5.986E-131	0	207	233	0	207	712	208M
7618	7618	-3.424E+02	1.00	1.954E-149	0	232	233	0	232	233	233M
7618	11436	-3.427E+02	1.00	1.425E-149	0	231	233	0	231	233	232M
7619	2989	-5.535E+02	0.981	4.314E-241	0	375	377	40	415	417	376M
7619	7619	-5.623E+02	1.00	6.361E-245	0	376	377	0	376	377	377M
7619	11496	-5.626E+02	1.00	4.642E-245	0	375	377	0	375	377	376M
7620	3984	-2.430E+02	0.988	2.812E-106	0	169	207	0	169	170	170M
7620	7620	-3.055E+02	1.00	2.135E-133	0	206	207	0	206	207	207M
7620	11495	-3.058E+02	1.00	1.558E-133	0	205	207	0	205	207	206M
7621	3985	-7.084E+02	0.994	0.000E+00	0	524	526	0	524	526	525M
7621	7621	-7.084E+02	1.00	0.000E+00	0	525	526	0	525	526	526M
7621	11494	-7.084E+02	1.00	0.000E+00	0	524	526	0	524	526	525M
7622	3986	-5.125E+02	0.997	2.593E-223	0	361	363	0	361	363	362M
7622	7622	-5.125E+02	1.00	2.593E-223	0	362	363	0	362	363	363M
7622	11493	-5.128E+02	1.00	1.892E-223	0	361	363	0	361	363	362M
7623	7623	-7.084E+02	1.00	0.000E+00	0	1621	1622	0	1621	1622	1622M
7623	11492	-7.084E+02	1.00	0.000E+00	0	1620	1622	0	1620	1622	1621M
7624	7624	-7.743E+01	1.00	2.352E-34	0	62	63	0	62	63	63M
7624	11491	-7.775E+01	1.00	1.713E-34	0	61	63	0	61	63	62M
7625	3987	-6.128E+02	0.954	7.647E-267	0	421	423	26	447	449	422M
7625	7625	-6.370E+02	1.00	2.233E-277	0	422	423	0	422	423	423M
7625	11490	-6.373E+02	1.00	1.630E-277	0	421	423	0	421	423	422M
7626	3581	-3.298E+02	0.968	5.785E-144	0	224	226	0	224	226	225M
7626	7626	-3.358E+02	1.00	1.446E-146	0	225	226	0	225	226	226M
7626	11489	-3.361E+02	1.00	1.055E-146	0	224	226	0	224	226	225M
7627	3582	-4.881E+02	0.993	1.055E-212	0	324	326	0	324	326	325M
7627	7627	-4.900E+02	1.00	1.592E-213	0	325	326	0	325	326	326M
7627	11488	-4.903E+02	1.00	1.162E-213	0	324	326	0	324	326	325M
7628	3583	-6.567E+02	1.00	6.304E-286	0	438	440	0	438	440	439M
7628	7628	-6.564E+02	1.00	8.639E-286	0	439	440	0	439	440	440M
7628	11487	-6.567E+02	1.00	6.304E-286	0	438	440	0	438	440	439M
7629	3584	-3.440E+02	0.995	4.038E-150	0	231	233	0	231	233	232M
7629	7629	-3.449E+02	1.00	1.568E-150	0	232	233	0	232	233	233M
7629	11486	-3.453E+02	1.00	1.144E-150	0	231	233	0	231	233	232M
7630	3585	-1.998E+02	0.967	1.650E-87	0	151	153	0	151	153	152M
7630	7630	-2.087E+02	1.00	2.393E-91	0	152	153	0	152	153	153M
7630	11485	-2.090E+02	1.00	1.745E-91	0	151	153	0	151	153	152M
7631	3586	-1.895E+02	0.979	5.172E-83	0	143	145	0	143	145	144M
7631	7631	-1.917E+02	1.00	5.674E-84	0	144	145	0	144	145	145M
7631	11484	-1.920E+02	1.00	4.138E-84	0	143	145	0	143	145	144M
7632	3587	-4.806E+02	0.990	1.889E-209	0	309	311	0	309	311	310M
7632	7632	-4.841E+02	1.00	5.895E-211	0	310	311	0	310	311	311M
7632	11483	-4.844E+02	1.00	4.301E-211	0	309	311	0	309	311	310M
7633	3588	-6.834E+02	0.995	1.569E-297	0	446	448	0	446	448	447M
7633	7633	-6.869E+02	1.00	4.905E-299	0	447	448	0	447	448	448M
7633	11482	-6.872E+02	1.00	3.579E-299	0	446	448	0	446	448	447M
7634	2967	-4.619E+02	0.986	2.484E-201	0	291	293	0	291	293	292M
7634	7634	-4.673E+02	1.00	1.169E-203	0	292	293	0	292	293	293M
7634	11481	-4.676E+02	1.00	8.530E-204	0	291	293	0	291	293	292M
7635	2959	-3.643E+02	0.983	6.216E-159	0	242	244	0	242	244	243M
7635	7635	-3.681E+02	1.00	1.413E-160	0	243	244	0	243	244	244M
7635	11480	-3.684E+02	1.00	1.031E-160	0	242	244	0	242	244	243M
7636	2960	-6.014E+02	0.995	6.488E-262	0	428	430	0	428	430	429M
7636	7636	-6.027E+02	1.00	1.841E-262	0	429	430	0	429	430	430M
7636	11479	-6.030E+02	1.00	1.343E-262	0	428	430	0	428	430	429M
7637	2961	-4.172E+02	0.966	6.249E-182	0	269	271	0	269	271	270M
7637	7637	-4.302E+02	1.00	1.521E-187	0	270	271	0	270	271	271M
7637	11478	-4.305E+02	1.00	1.110E-187	0	269	271	0	269	271	270M
7638	2962	-6.526E+02	0.991	3.824E-284	0	445	447	0	445	447	446M
7638	7638	-6.564E+02	1.00	8.727E-286	0	446	447	0	446	447	447M
7638	11477	-6.567E+02	1.00	6.369E-286	0	445	447	0	445	447	446M
7639	4068	-5.542E+01	0.956	8.546E-25	0	45	47	0	45	47	46M
7639	7639	-5.669E+01	1.00	2.400E-25	0	46	47	0	46	47	47M
7639	11476	-5.701E+01	1.00	1.747E-25	0	45	47	0	45	47	46M
7640	7640	-2.329E+02	1.00	6.982E-102	0	153	154	0	153	154	154M
7640	11475	-2.332E+02	1.00	5.092E-102	0	152	154	0	152	154	153M
7641	7641	-7.084E+02	1.00	0.000E+00	0	2141	2142	0	2141	2142	2142M
7641	11474	-7.084E+02	1.00	0.000E+00	0	2140	2142	0	2140	2142	2141M
7642	7642	-7.084E+02	1.00	0.000E+00	0	581	582	0	581	582	582M
7642	11473	-7.084E+02	1.00	0.000E+00	0	580	582	0	580	582	581M
7643	3368	-2.003E+02	0.795	1.013E-87	0	180	183	27	207	214	181M
7643	7643	-2.599E+02	1.00	1.291E-113	0	182	183	0	182	183	183M
7643	11472	-2.603E+02	1.00	9.419E-114	0	181	183	0	181	183	182M
7644	4320	-6.976E+02	0.986	1.068E-303	0	459	461	0	459	461	460M
7644	7644	-7.055E+02	1.00	4.057E-307	0	460	461	0	460	461	461M
7644	11471	-7.058E+02	1.00	2.961E-307	0	459	461	0	459	461	460M
7645	7645	-3.367E+02	1.00	5.886E-147	0	226	227	0	226	227	227M
7645	11470	-3.370E+02	1.00	4.294E-147	0	225	227	0	225	227	226M
7646	2787	-7.084E+02	0.991	0.000E+00	0	611	613	0	611	613	612M
7646	7646	-7.084E+02	1.00	0.000E+00	0	612	613	0	612	613	613M
7646	11469	-7.084E+02	1.00	0.000E+00	0	611	613	0	611	613	612M
7647	2788	-7.084E+02	0.997	0.000E+00	0	479	481	0	479	481	480M
7647	7647	-7.084E+02	1.00	0.000E+00	0	480	481	0	480	481	481M
7647	11468	-7.084E+02	1.00	0.000E+00	0	479	481	0	479	481	480M
7648	2789	-4.719E+02	0.990	1.170E-205	0	307	309	0	307	309	308M
7648	7648	-4.775E+02	1.00	4.020E-208	0	308	309	0	308	309	309M
7648	11467	-4.779E+02	1.00	2.933E-208	0	307	309	0	307	309	308M
7649	2790	-3.152E+02	0.995	1.231E-137	0	212	214	0	212	214	213M
7649	7649	-3.152E+02	1.00	1.231E-137	0	213	214	0	213	214	214M
7649	11466	-3.156E+02	1.00	8.979E-138	0	212	214	0	212	214	213M
7650	2791	-1.440E+02	1.00	2.913E-63	0	97	99	0	97	115	98M
7650	7650	-1.437E+02	1.00	3.995E-63	0	98	99	0	98	99	99M
7650	11465	-1.440E+02	1.00	2.913E-63	0	97	99	0	97	99	98M
7651	7651	-2.697E+02	1.00	7.427E-118	0	189	190	0	189	190	190M
7651	11464	-2.700E+02	1.00	5.417E-118	0	188	190	0	188	190	189M
7652	4356	-4.950E+02	0.993	1.054E-215	0	304	340	0	304	305	305M
7652	7652	-5.546E+02	1.00	1.429E-241	0	339	340	0	339	340	340M
7652	11463	-5.549E+02	1.00	1.043E-241	0	338	340	0	338	340	339M
7653	2661	-2.716E+02	0.989	1.100E-118	0	181	183	0	181	183	182M
7653	7653	-2.738E+02	1.00	1.208E-119	0	182	183	0	182	183	183M
7653	11462	-2.741E+02	1.00	8.811E-120	0	181	183	0	181	183	182M
7654	2660	-5.929E+02	0.975	3.087E-258	0	400	402	0	400	402	401M
7654	7654	-6.109E+02	1.00	4.903E-266	0	401	402	0	401	402	402M
7654	11461	-6.112E+02	1.00	3.578E-266	0	400	402	0	400	402	401M
7655	2659	-3.460E+02	0.965	5.538E-151	0	229	231	0	229	231	230M
7655	7655	-3.551E+02	1.00	5.912E-155	0	230	231	0	230	231	231M
7655	11460	-3.554E+02	1.00	4.313E-155	0	229	231	0	229	231	230M
7656	2658	-1.803E+02	0.905	5.048E-79	0	137	139	0	137	139	138M
7656	7656	-1.951E+02	1.00	1.811E-85	0	138	139	0	138	139	139M
7656	11459	-1.954E+02	1.00	1.320E-85	0	137	139	0	137	139	138M
7657	7657	-2.911E+02	1.00	3.940E-127	0	191	192	0	191	192	192M
7657	11458	-2.914E+02	1.00	2.874E-127	0	190	192	0	190	192	191M
7658	2656	-5.349E+02	0.983	4.937E-233	0	353	356	0	353	356	354M
7658	7658	-5.440E+02	1.00	5.306E-237	0	355	356	0	355	356	356M
7658	11457	-5.444E+02	1.00	3.872E-237	0	354	356	0	354	356	355M
7659	2655	-6.179E+02	0.990	4.676E-269	0	407	415	0	407	413	408M
7659	7659	-6.323E+02	1.00	2.377E-275	0	414	415	0	414	415	415M
7659	11456	-6.327E+02	1.00	1.735E-275	0	413	415	0	413	415	414M
7660	1317	-5.394E+01	0.407	3.747E-24	2	114	141	5	117	146	113M
7660	7660	-1.919E+02	1.00	4.686E-84	0	140	141	0	140	141	141M
7660	11455	-1.922E+02	1.00	3.417E-84	0	139	141	0	139	141	140M
7661	7661	-5.081E+02	1.00	2.243E-221	0	336	337	0	336	337	337M
7661	11454	-5.084E+02	1.00	1.636E-221	0	335	337	0	335	337	336M
7662	2657	-3.054E+02	0.780	2.231E-133	0	266	269	0	266	269	22M2D11M2I232M
7662	7662	-4.104E+02	1.00	5.848E-179	0	268	269	0	268	269	269M
7662	11453	-4.107E+02	1.00	4.266E-179	0	267	269	0	267	269	268M
7663	3494	-2.938E+02	0.658	2.626E-128	43	335	348	4	296	299	293M
7663	7663	-5.255E+02	1.00	5.935E-229	0	347	348	0	347	348	348M
7663	11452	-5.258E+02	1.00	4.331E-229	0	346	348	0	346	348	347M
7664	1873	-2.580E+02	0.407	8.990E-113	12	491	507	22	498	508	74M1I288M3D8M4I27M2I43M1D33M
7664	7664	-7.084E+02	1.00	0.000E+00	0	506	507	0	506	507	507M
7664	11451	-7.084E+02	1.00	0.000E+00	0	505	507	0	505	507	506M
7665	4448	-3.067E+02	0.746	6.640E-134	23	274	277	0	251	254	252M
7665	7665	-4.450E+02	1.00	5.414E-194	0	276	277	0	276	277	277M
7665	11450	-4.453E+02	1.00	3.950E-194	0	275	277	0	275	277	276M
7666	3494	-3.385E+02	0.731	1.018E-147	0	296	298	0	297	299	201M1D96M
7666	7666	-4.554E+02	1.00	1.720E-198	0	297	298	0	297	298	298M
7666	11449	-4.557E+02	1.00	1.255E-198	0	296	298	0	296	298	297M
7667	346	-2.761E+02	0.441	1.225E-120	14	473	482	21	479	483	315M1I144M
7667	7667	-7.344E+02	1.00	1.087E-319	0	481	482	0	481	482	482M
7667	11448	-7.348E+02	1.00	7.936E-320	0	480	482	0	480	482	481M
7668	3361	-1.950E+02	0.440	2.054E-85	0	323	329	6	327	333	165M1I18M2I57M1D81M
7668	7668	-4.943E+02	1.00	2.223E-215	0	328	329	0	328	329	329M
7668	11447	-4.946E+02	1.00	1.622E-215	0	327	329	0	327	329	328M
7669	1613	-4.031E+02	0.544	9.062E-176	10	537	551	15	561	572	10M6D211M4D10M4D83M6D5M2I155M1D52M
7669	7669	-7.084E+02	1.00	0.000E+00	0	550	551	0	550	551	551M
7669	11446	-7.084E+02	1.00	0.000E+00	0	549	551	0	549	551	550M
7670	1614	-1.691E+01	0.313	4.508E-08	0	98	104	0	98	111	99M
7670	7670	-1.352E+02	1.00	1.894E-59	0	103	104	0	103	104	104M
7670	11445	-1.355E+02	1.00	1.381E-59	0	102	104	0	102	104	103M
7671	791	-1.455E+02	0.305	6.497E-64	16	528	545	23	535	543	15M5I100M2I20M3D15M1I6M2D28M2I46M2I75M2D20M3D6M1I4M2D5M1D36M2D75M5D10M6I10M1I22M
7671	7671	-7.084E+02	1.00	0.000E+00	0	544	545	0	544	545	545M
7671	11444	-7.084E+02	1.00	0.000E+00	0	543	545	0	543	545	544M
7672	7672	-7.084E+02	1.00	0.000E+00	0	627	628	0	627	628	628M
7672	11443	-7.084E+02	1.00	0.000E+00	0	626	628	0	626	628	627M
7673	3207	-7.241E+01	0.315	3.585E-32	8	248	256	5	239	245	40M4I83M1I63M1I49M
7673	7673	-3.801E+02	1.00	8.297E-166	0	255	256	0	255	256	256M
7673	11442	-3.804E+02	1.00	6.053E-166	0	254	256	0	254	256	255M
7674	1447	-1.235E+02	0.334	2.432E-54	0	384	387	0	404	414	35M2D3M8D95M1I33M2D17M6D21M1D106M1D7M1D67M
7674	7674	-5.921E+02	1.00	7.411E-258	0	386	387	0	386	387	387M
7674	11441	-5.924E+02	1.00	5.408E-258	0	385	387	0	385	387	386M
7675	7675	-3.650E+02	1.00	3.156E-159	0	242	243	0	242	243	243M
7675	11440	-3.653E+02	1.00	2.302E-159	0	241	243	0	241	243	242M
7676	7676	-1.552E+02	1.00	3.871E-68	0	114	115	0	114	115	115M
7676	11439	-1.555E+02	1.00	2.822E-68	0	113	115	0	113	115	114M
7677	7677	-5.081E+02	1.00	2.213E-221	0	329	330	0	329	330	330M
7677	11438	-5.084E+02	1.00	1.615E-221	0	328	330	0	328	330	329M
7678	2989	-5.500E+02	0.973	1.380E-239	0	375	377	40	415	417	376M
7678	7678	-5.623E+02	1.00	6.361E-245	0	376	377	0	376	377	377M
7678	11437	-5.626E+02	1.00	4.642E-245	0	375	377	0	375	377	376M
7679	2988	-5.928E+01	0.884	1.790E-26	0	51	52	0	51	123	52M
7679	7679	-6.753E+01	1.00	4.678E-30	0	51	52	0	51	52	52M
7679	11569	-6.753E+01	1.00	4.678E-30	0	51	52	0	51	52	52M
7680	2987	-7.084E+02	0.998	0.000E+00	0	594	596	0	594	596	595M
7680	7680	-7.084E+02	1.00	0.000E+00	0	595	596	0	595	596	596M
7680	11568	-7.084E+02	1.00	0.000E+00	0	594	596	0	594	596	595M
7681	2986	-5.972E+02	0.997	4.417E-260	0	390	392	0	390	392	391M
7681	7681	-5.972E+02	1.00	4.417E-260	0	391	392	0	391	392	392M
7681	11567	-5.975E+02	1.00	3.223E-260	0	390	392	0	390	392	391M
7682	2985	-4.494E+02	0.986	7.036E-196	0	300	312	0	300	313	301M
7682	7682	-4.711E+02	1.00	2.530E-205	0	311	312	0	311	312	312M
7682	11566	-4.714E+02	1.00	1.846E-205	0	310	312	0	310	312	311M
7683	3080	-4.721E+02	0.987	9.177E-206	0	322	324	0	322	324	323M
7683	7683	-4.768E+02	1.00	8.124E-208	0	323	324	0	323	324	324M
7683	11565	-4.772E+02	1.00	5.928E-208	0	322	324	0	322	324	323M
7684	3081	-6.769E+02	0.997	1.040E-294	0	457	459	0	457	459	458M
7684	7684	-6.779E+02	1.00	4.043E-295	0	458	459	0	458	459	459M
7684	11564	-6.782E+02	1.00	2.950E-295	0	457	459	0	457	459	458M
7685	3082	-4.235E+02	0.986	1.136E-184	0	289	291	0	289	291	290M
7685	7685	-4.295E+02	1.00	2.848E-187	0	290	291	0	290	291	291M
7685	11563	-4.299E+02	1.00	2.078E-187	0	289	291	0	289	291	290M
7686	3083	-4.271E+02	0.996	3.120E-186	0	293	295	0	293	295	294M
7686	7686	-4.281E+02	1.00	1.212E-186	0	294	295	0	294	295	295M
7686	11562	-4.284E+02	1.00	8.843E-187	0	293	295	0	293	295	294M
7687	7687	-2.507E+02	1.00	1.328E-109	0	164	165	0	164	165	165M
7687	11561	-2.510E+02	1.00	9.687E-110	0	163	165	0	163	165	164M
7688	7688	-3.052E+02	1.00	2.836E-133	0	212	213	0	212	213	213M
7688	11560	-3.055E+02	1.00	2.069E-133	0	211	213	0	211	213	212M
7689	3084	-5.493E+02	1.00	2.711E-239	0	349	351	0	349	351	350M
7689	7689	-5.490E+02	1.00	3.716E-239	0	350	351	0	350	351	351M
7689	11559	-5.493E+02	1.00	2.711E-239	0	349	351	0	349	351	350M
7690	3085	-4.919E+02	0.982	2.462E-214	0	338	340	0	338	340	339M
7690	7690	-5.010E+02	1.00	2.646E-218	0	339	340	0	339	340	340M
7690	11558	-5.013E+02	1.00	1.931E-218	0	338	340	0	338	340	339M
7691	3086	-4.683E+02	0.978	4.308E-204	17	337	339	0	320	322	321M
7691	7691	-5.061E+02	1.00	1.631E-220	0	338	339	0	338	339	339M
7691	11557	-5.064E+02	1.00	1.190E-220	0	337	339	0	337	339	338M
7692	3087	-3.880E+02	0.988	2.987E-169	0	253	255	0	253	255	254M
7692	7692	-3.928E+02	1.00	2.638E-171	0	254	255	0	254	255	255M
7692	11556	-3.931E+02	1.00	1.925E-171	0	253	255	0	253	255	254M
7693	3088	-2.259E+02	0.912	8.122E-99	2	161	163	3	162	164	160M
7693	7693	-2.517E+02	1.00	4.681E-110	0	162	163	0	162	163	163M
7693	11555	-2.521E+02	1.00	3.414E-110	0	161	163	0	161	163	162M
7694	3089	-4.019E+02	0.965	3.004E-175	0	261	263	0	261	263	262M
7694	7694	-4.141E+02	1.00	1.373E-180	0	262	263	0	262	263	263M
7694	11554	-4.145E+02	1.00	1.002E-180	0	261	263	0	261	263	262M
7695	3090	-3.876E+02	0.966	4.625E-169	0	269	271	0	267	269	209M2I59M
7695	7695	-4.015E+02	1.00	4.379E-175	0	270	271	0	270	271	271M
7695	11553	-4.018E+02	1.00	3.195E-175	0	269	271	0	269	271	270M
7696	2995	-4.215E+02	0.948	9.077E-184	0	293	295	0	293	295	294M
7696	7696	-4.416E+02	1.00	1.575E-192	0	294	295	0	294	295	295M
7696	11552	-4.420E+02	1.00	1.150E-192	0	293	295	0	293	295	294M
7697	2996	-7.084E+02	0.977	0.000E+00	0	496	498	0	496	498	497M
7697	7697	-7.084E+02	1.00	0.000E+00	0	497	498	0	497	498	498M
7697	11551	-7.084E+02	1.00	0.000E+00	0	496	498	0	496	498	497M
7698	2997	-3.697E+02	0.960	2.737E-161	0	254	256	0	254	256	255M
7698	7698	-3.855E+02	1.00	3.901E-168	0	255	256	0	255	256	256M
7698	11550	-3.858E+02	1.00	2.846E-168	0	254	256	0	254	256	255M
7699	2998	-6.748E+02	0.951	8.915E-294	0	449	451	14	463	465	450M
7699	7699	-7.082E+02	1.00	2.804E-308	0	450	451	0	450	451	451M
7699	11549	-7.085E+02	1.00	2.046E-308	0	449	451	0	449	451	450M
7700	2999	-4.621E+01	0.925	8.561E-21	0	39	41	0	39	41	40M
7700	7700	-4.843E+01	1.00	9.254E-22	0	40	41	0	40	41	41M
7700	11548	-4.875E+01	1.00	6.735E-22	0	39	41	0	39	41	40M
7701	2458	-1.595E+02	0.900	5.227E-70	1	120	124	24	143	159	120M
7701	7701	-1.835E+02	1.00	1.959E-80	0	123	124	0	123	124	124M
7701	11547	-1.838E+02	1.00	1.429E-80	0	122	124	0	122	124	123M
7702	7702	-1.113E+02	1.00	4.786E-49	0	82	83	0	82	83	83M
7702	11546	-1.116E+02	1.00	3.488E-49	0	81	83	0	81	83	82M
7703	7703	-3.471E+02	1.00	1.724E-151	0	232	233	0	232	233	233M
7703	11545	-3.475E+02	1.00	1.258E-151	0	231	233	0	231	233	232M
7704	7704	-3.634E+02	1.00	1.503E-158	0	235	236	0	235	236	236M
7704	11544	-3.637E+02	1.00	1.096E-158	0	234	236	0	234	236	235M
7705	7705	-1.126E+02	1.00	1.199E-49	0	86	87	0	86	87	87M
7705	11543	-1.130E+02	1.00	8.740E-50	0	85	87	0	85	87	86M
7706	7706	-1.793E+02	1.00	1.376E-78	0	126	127	0	126	127	127M
7706	11542	-1.796E+02	1.00	1.003E-78	0	125	127	0	125	127	126M
7707	7707	-7.231E+01	1.00	3.946E-32	0	63	64	0	63	64	64M
7707	11541	-7.263E+01	1.00	2.874E-32	0	62	64	0	62	64	63M
7708	7708	-1.455E+02	1.00	6.298E-64	0	99	100	0	99	100	100M
7708	11540	-1.458E+02	1.00	4.591E-64	0	98	100	0	98	100	99M
7709	7709	-2.848E+02	1.00	2.127E-124	0	184	185	0	184	185	185M
7709	11539	-2.851E+02	1.00	1.551E-124	0	183	185	0	183	185	184M
7710	7710	-3.701E+02	1.00	1.779E-161	0	266	267	0	266	267	267M
7710	11538	-3.705E+02	1.00	1.298E-161	0	265	267	0	265	267	266M
7711	7711	-1.197E+02	1.00	9.973E-53	0	77	78	0	77	78	78M
7711	11537	-1.201E+02	1.00	7.268E-53	0	76	78	0	76	78	77M
7712	7712	-3.660E+02	1.00	1.063E-159	0	239	240	0	239	240	240M
7712	11536	-3.664E+02	1.00	7.758E-160	0	238	240	0	238	240	239M
7713	1907	-8.286E+01	0.270	1.030E-36	14	472	487	2	469	493	34M1D30M1I70M5I106M16D11M2D29M1I25M1I10M6I12M4D39M2D30M4D7M5I13M1I23M
7713	7713	-7.370E+02	1.00	8.058E-321	0	486	487	0	486	487	487M
7713	11535	-7.374E+02	1.00	5.879E-321	0	485	487	0	485	487	486M
7714	3268	-5.019E+02	0.997	1.051E-218	0	352	354	0	352	354	353M
7714	7714	-5.029E+02	1.00	4.083E-219	0	353	354	0	353	354	354M
7714	11534	-5.032E+02	1.00	2.979E-219	0	352	354	0	352	354	353M
7715	3269	-7.084E+02	0.994	0.000E+00	0	514	516	0	514	516	515M
7715	7715	-7.084E+02	1.00	0.000E+00	0	515	516	0	515	516	516M
7715	11533	-7.084E+02	1.00	0.000E+00	0	514	516	0	514	516	515M
7716	3270	-4.225E+02	0.992	3.387E-184	0	272	274	0	272	274	273M
7716	7716	-4.240E+02	1.00	7.002E-185	0	273	274	0	273	274	274M
7716	11532	-4.243E+02	1.00	5.109E-185	0	272	274	0	272	274	273M
7717	3271	-7.084E+02	0.979	0.000E+00	0	527	529	0	527	529	528M
7717	7717	-7.084E+02	1.00	0.000E+00	0	528	529	0	528	529	529M
7717	11531	-7.084E+02	1.00	0.000E+00	0	527	529	0	527	529	528M
7718	3272	-6.399E+02	0.995	1.290E-278	0	441	443	0	441	443	442M
7718	7718	-6.421E+02	1.00	1.423E-279	0	442	443	0	442	443	443M
7718	11530	-6.424E+02	1.00	1.038E-279	0	441	443	0	441	443	442M
7719	3273	-5.810E+02	0.958	4.780E-253	0	386	388	0	386	388	387M
7719	7719	-6.040E+02	1.00	4.900E-263	0	387	388	0	387	388	388M
7719	11529	-6.043E+02	1.00	3.576E-263	0	386	388	0	386	388	387M
7720	3274	-4.810E+02	0.993	1.289E-209	0	321	323	0	321	323	322M
7720	7720	-4.832E+02	1.00	1.419E-210	0	322	323	0	322	323	323M
7720	11528	-4.835E+02	1.00	1.036E-210	0	321	323	0	321	323	322M
7721	3275	-3.146E+02	0.976	2.425E-137	0	213	215	0	213	215	214M
7721	7721	-3.209E+02	1.00	4.418E-140	0	214	215	0	214	215	215M
7721	11527	-3.212E+02	1.00	3.223E-140	0	213	215	0	213	215	214M
7722	3276	-2.007E+02	0.965	6.594E-88	0	144	147	0	144	147	145M
7722	7722	-2.096E+02	1.00	9.553E-92	0	146	147	0	146	147	147M
7722	11526	-2.099E+02	1.00	6.966E-92	0	145	147	0	145	147	146M
7723	3574	-1.292E+02	1.00	7.693E-57	6	102	104	5	101	103	97M
7723	7723	-1.371E+02	1.00	2.843E-60	0	103	104	0	103	104	104M
7723	11525	-1.374E+02	1.00	2.072E-60	0	102	104	0	102	104	103M
7724	3575	-2.541E+02	0.939	4.566E-111	0	180	187	0	180	183	181M
7724	7724	-2.749E+02	1.00	4.137E-120	0	186	187	0	186	187	187M
7724	11524	-2.752E+02	1.00	3.018E-120	0	185	187	0	185	187	186M
7725	7725	-5.677E+02	1.00	2.699E-247	0	367	368	0	367	368	368M
7725	11523	-5.681E+02	1.00	1.970E-247	0	366	368	0	366	368	367M
7726	7726	-2.444E+02	1.00	7.319E-107	0	164	165	0	164	165	165M
7726	11522	-2.447E+02	1.00	5.338E-107	0	163	165	0	163	165	164M
7727	7727	-5.801E+01	1.00	6.394E-26	0	45	46	0	45	46	46M
7727	11521	-5.833E+01	1.00	4.655E-26	0	44	46	0	44	46	45M
7728	7728	-3.272E+02	1.00	7.665E-143	0	233	234	0	233	234	234M
7728	11520	-3.275E+02	1.00	5.592E-143	0	232	234	0	232	234	233M
7729	7729	-4.260E+02	1.00	1.023E-185	0	279	280	0	279	280	280M
7729	11519	-4.263E+02	1.00	7.461E-186	0	278	280	0	278	280	279M
7730	7730	-1.285E+02	1.00	1.557E-56	0	98	99	0	98	99	99M
7730	11518	-1.288E+02	1.00	1.135E-56	0	97	99	0	97	99	98M
7731	2884	-4.013E+02	0.960	5.107E-175	0	279	281	0	279	281	280M
7731	7731	-4.161E+02	1.00	1.880E-181	0	280	281	0	280	281	281M
7731	11517	-4.165E+02	1.00	1.372E-181	0	279	281	0	279	281	280M
7732	2885	-4.124E+02	0.972	7.981E-180	0	285	287	0	285	287	286M
7732	7732	-4.212E+02	1.00	1.173E-183	0	286	287	0	286	287	287M
7732	11516	-4.215E+02	1.00	8.556E-184	0	285	287	0	285	287	286M
7733	2886	-4.566E+02	0.967	4.941E-199	0	303	305	42	345	347	304M
7733	7733	-4.714E+02	1.00	1.821E-205	0	304	305	0	304	305	305M
7733	11515	-4.717E+02	1.00	1.328E-205	0	303	305	0	303	305	304M
7734	2887	-5.200E+02	0.997	1.448E-226	9	349	351	0	340	342	341M
7734	7734	-5.361E+02	1.00	1.518E-233	0	350	351	0	350	351	351M
7734	11514	-5.364E+02	1.00	1.108E-233	0	349	351	0	349	351	350M
7735	2888	-5.083E+02	1.00	1.774E-221	0	330	332	0	330	332	331M
7735	7735	-5.080E+02	1.00	2.431E-221	0	331	332	0	331	332	332M
7735	11513	-5.083E+02	1.00	1.774E-221	0	330	332	0	330	332	331M
7736	2889	-5.200E+02	0.985	1.465E-226	0	356	358	0	356	358	357M
7736	7736	-5.279E+02	1.00	5.555E-230	0	357	358	0	357	358	358M
7736	11512	-5.282E+02	1.00	4.054E-230	0	356	358	0	356	358	357M
7737	2890	-3.676E+02	0.983	2.340E-160	0	246	248	0	246	248	247M
7737	7737	-3.698E+02	1.00	2.574E-161	0	247	248	0	247	248	248M
7737	11511	-3.701E+02	1.00	1.878E-161	0	246	248	0	246	248	247M
7738	2891	-5.670E+02	0.992	5.554E-247	0	395	397	0	395	397	396M
7738	7738	-5.708E+02	1.00	1.267E-248	0	396	397	0	396	397	397M
7738	11510	-5.711E+02	1.00	9.247E-249	0	395	397	0	395	397	396M
7739	2892	-7.084E+02	0.994	0.000E+00	0	1035	1037	0	1035	1037	1036M
7739	7739	-7.084E+02	1.00	0.000E+00	0	1036	1037	0	1036	1037	1037M
7739	11509	-7.084E+02	1.00	0.000E+00	0	1035	1037	0	1035	1037	1036M
7740	285	-4.921E+02	0.699	1.893E-214	4	461	466	5	463	485	41M1D417M
7740	7740	-6.933E+02	1.00	8.088E-302	0	465	466	0	465	466	466M
7740	11508	-6.936E+02	1.00	5.903E-302	0	464	466	0	464	466	465M
7741	2886	-1.155E+02	0.385	6.610E-51	2	293	305	55	338	347	14M1D5M6I134M4I40M2D54M1D7M2I26M
7741	7741	-4.705E+02	1.00	4.687E-205	0	304	305	0	304	305	305M
7741	11507	-4.708E+02	1.00	3.420E-205	0	303	305	0	303	305	304M
7742	590	-3.249E+02	0.464	7.620E-142	13	488	514	5	480	497	113M1I79M1D82M1I152M1D48M
7742	7742	-7.084E+02	1.00	0.000E+00	0	513	514	0	513	514	514M
7742	11506	-7.084E+02	1.00	0.000E+00	0	512	514	0	512	514	513M
7743	7743	-6.720E+02	1.00	1.417E-292	0	435	436	0	435	436	436M
7743	11505	-6.723E+02	1.00	1.034E-292	0	434	436	0	434	436	435M
7744	7744	-6.443E+02	1.00	1.573E-280	0	415	416	0	415	416	416M
7744	11504	-6.446E+02	1.00	1.148E-280	0	414	416	0	414	416	415M
7745	7745	-3.007E+02	1.00	2.619E-131	0	201	202	0	201	202	202M
7745	11503	-3.010E+02	1.00	1.911E-131	0	200	202	0	200	202	201M
7746	2647	-4.021E+01	0.248	3.456E-18	24	397	458	66	428	482	25M2I29M1D24M1D40M3D4M1D6M5I75M1D19M2I28M2I4M1I19M4I16M3I46M1D20M
7746	7746	-7.280E+02	1.00	6.813E-317	0	457	458	0	457	458	458M
7746	11502	-7.283E+02	1.00	4.972E-317	0	456	458	0	456	458	457M
7747	7747	-3.403E+02	1.00	1.542E-148	0	229	230	0	229	230	230M
7747	11501	-3.407E+02	1.00	1.125E-148	0	228	230	0	228	230	229M
7748	1918	-1.610E+02	0.331	1.243E-70	13	349	352	14	439	504	7M6I34M5I50M3I6M89D53M1I48M17D13M1D50M5I2M2D54M
7748	7748	-5.379E+02	1.00	2.402E-234	0	351	352	0	351	352	352M
7748	11500	-5.382E+02	1.00	1.753E-234	0	350	352	0	350	352	351M
7749	7749	-1.333E+02	1.00	1.230E-58	0	96	97	0	96	97	97M
7749	11499	-1.337E+02	1.00	8.966E-59	0	95	97	0	95	97	96M
7750	4251	-1.611E+02	0.734	1.068E-70	0	174	178	0	175	186	40M1I36M1D29M1D69M
7750	7750	-2.485E+02	1.00	1.196E-108	0	177	178	0	177	178	178M
7750	11498	-2.488E+02	1.00	8.727E-109	0	176	178	0	176	178	177M
7751	1242	-3.508E+01	0.970	5.814E-16	0	33	35	110	143	145	34M
7751	5826	-3.604E+01	1.00	2.237E-16	0	33	35	0	33	35	34M
7751	10186	-3.604E+01	1.00	2.237E-16	0	33	35	0	33	35	34M
7752	2039	-6.560E+01	0.297	3.250E-29	23	282	289	24	281	284	101M4I14M4D8M4D26M4I20M2I14M1I16M1D50M
7752	7752	-4.098E+02	1.00	1.091E-178	0	288	289	0	288	289	289M
7752	11633	-4.101E+02	1.00	7.958E-179	0	287	289	0	287	289	288M
7753	7753	-1.439E+02	1.00	3.213E-63	0	100	101	0	100	101	101M
7753	11632	-1.442E+02	1.00	2.342E-63	0	99	101	0	99	101	100M
7754	7754	-7.084E+02	1.00	0.000E+00	0	497	498	0	497	498	498M
7754	11631	-7.084E+02	1.00	0.000E+00	0	496	498	0	496	498	497M
7755	7755	-1.044E+02	1.00	4.652E-46	0	74	75	0	74	75	75M
7755	11630	-1.047E+02	1.00	3.390E-46	0	73	75	0	73	75	74M
7756	7756	-4.263E+02	1.00	7.118E-186	0	278	279	0	278	279	279M
7756	11629	-4.266E+02	1.00	5.193E-186	0	277	279	0	277	279	278M
7757	7757	-4.423E+02	1.00	8.542E-193	0	281	282	0	281	282	282M
7757	11628	-4.426E+02	1.00	6.232E-193	0	280	282	0	280	282	281M
7758	477	-7.084E+02	0.865	0.000E+00	0	592	596	0	592	599	593M
7758	7758	-7.084E+02	1.00	0.000E+00	0	595	596	0	595	596	596M
7758	11627	-7.084E+02	1.00	0.000E+00	0	594	596	0	594	596	595M
7759	476	-4.329E+02	0.996	9.630E-189	0	284	286	0	284	286	285M
7759	7759	-4.351E+02	1.00	1.060E-189	0	285	286	0	285	286	286M
7759	11626	-4.354E+02	1.00	7.735E-190	0	284	286	0	284	286	285M
7760	475	-8.628E+01	1.00	3.367E-38	0	74	76	0	74	76	75M
7760	7760	-8.597E+01	1.00	4.621E-38	0	75	76	0	75	76	76M
7760	11625	-8.628E+01	1.00	3.367E-38	0	74	76	0	74	76	75M
7761	474	-1.544E+02	1.00	9.064E-68	0	111	113	0	111	113	112M
7761	7761	-1.541E+02	1.00	1.243E-67	0	112	113	0	112	113	113M
7761	11624	-1.544E+02	1.00	9.064E-68	0	111	113	0	111	113	112M
7762	473	-6.558E+02	0.997	1.534E-285	0	464	466	0	464	466	465M
7762	7762	-6.568E+02	1.00	5.963E-286	0	465	466	0	465	466	466M
7762	11623	-6.571E+02	1.00	4.352E-286	0	464	466	0	464	466	465M
7763	472	-2.181E+02	1.00	1.846E-95	0	151	153	0	151	153	152M
7763	7763	-2.178E+02	1.00	2.531E-95	0	152	153	0	152	153	153M
7763	11622	-2.181E+02	1.00	1.846E-95	0	151	153	0	151	153	152M
7764	471	-5.375E+02	0.991	3.834E-234	0	360	362	0	360	362	361M
7764	7764	-5.403E+02	1.00	2.249E-235	0	361	362	0	361	362	362M
7764	11621	-5.406E+02	1.00	1.641E-235	0	360	362	0	360	362	361M
7765	470	-6.861E+02	1.00	1.070E-298	0	429	431	0	429	431	430M
7765	7765	-6.858E+02	1.00	1.467E-298	0	430	431	0	430	431	431M
7765	11620	-6.861E+02	1.00	1.070E-298	0	429	431	0	429	431	430M
7766	469	-3.288E+02	1.00	1.538E-143	0	218	220	0	218	220	219M
7766	7766	-3.285E+02	1.00	2.108E-143	0	219	220	0	219	220	220M
7766	11619	-3.288E+02	1.00	1.538E-143	0	218	220	0	218	220	219M
7767	468	-1.007E+02	1.00	1.878E-44	0	71	73	0	71	73	72M
7767	7767	-1.004E+02	1.00	2.578E-44	0	72	73	0	72	73	73M
7767	11618	-1.007E+02	1.00	1.878E-44	0	71	73	0	71	73	72M
7768	467	-2.829E+02	0.990	1.435E-123	0	210	212	0	210	212	211M
7768	7768	-2.854E+02	1.00	1.151E-124	0	211	212	0	211	212	212M
7768	11617	-2.857E+02	1.00	8.399E-125	0	210	212	0	210	212	211M
7769	466	-2.041E+02	1.00	2.266E-89	0	134	136	0	134	136	135M
7769	7769	-2.038E+02	1.00	3.107E-89	0	135	136	0	135	136	136M
7769	11616	-2.041E+02	1.00	2.266E-89	0	134	136	0	134	136	135M
7770	465	-7.234E+02	1.00	6.991E-315	0	481	483	0	481	483	482M
7770	7770	-7.231E+02	1.00	9.580E-315	0	482	483	0	482	483	483M
7770	11615	-7.234E+02	1.00	6.991E-315	0	481	483	0	481	483	482M
7771	464	-5.275E+02	1.00	8.447E-230	0	365	367	0	365	367	366M
7771	7771	-5.271E+02	1.00	1.157E-229	0	366	367	0	366	367	367M
7771	11614	-5.275E+02	1.00	8.447E-230	0	365	367	0	365	367	366M
7772	463	-5.292E+02	1.00	1.503E-230	0	355	357	0	355	357	356M
7772	7772	-5.289E+02	1.00	2.060E-230	0	356	357	0	356	357	357M
7772	11613	-5.292E+02	1.00	1.503E-230	0	355	357	0	355	357	356M
7773	462	-7.084E+02	0.990	0.000E+00	0	514	516	0	514	516	515M
7773	7773	-7.084E+02	1.00	0.000E+00	0	515	516	0	515	516	516M
7773	11612	-7.084E+02	1.00	0.000E+00	0	514	516	0	514	516	515M
7774	461	-5.822E+02	0.987	1.371E-253	0	393	395	0	393	395	394M
7774	7774	-5.904E+02	1.00	3.797E-257	0	394	395	0	394	395	395M
7774	11611	-5.907E+02	1.00	2.771E-257	0	393	395	0	393	395	394M
7775	460	-7.036E+02	0.983	2.618E-306	0	472	474	0	472	474	473M
7775	7775	-7.124E+02	1.00	3.870E-310	0	473	474	0	473	474	474M
7775	11610	-7.128E+02	1.00	2.824E-310	0	472	474	0	472	474	473M
7776	459	-7.084E+02	0.992	0.000E+00	0	521	523	0	521	523	522M
7776	7776	-7.084E+02	1.00	0.000E+00	0	522	523	0	522	523	523M
7776	11609	-7.084E+02	1.00	0.000E+00	0	521	523	0	521	523	522M
7777	458	-3.018E+02	1.00	8.688E-132	0	210	212	0	210	212	211M
7777	7777	-3.015E+02	1.00	1.191E-131	0	211	212	0	211	212	212M
7777	11608	-3.018E+02	1.00	8.688E-132	0	210	212	0	210	212	211M
7778	457	-4.779E+02	0.997	2.941E-208	0	334	336	0	334	336	335M
7778	7778	-4.791E+02	1.00	8.339E-209	0	335	336	0	335	336	336M
7778	11607	-4.794E+02	1.00	6.085E-209	0	334	336	0	334	336	335M
7779	456	-5.694E+02	1.00	5.213E-248	0	378	380	0	378	380	379M
7779	7779	-5.691E+02	1.00	7.143E-248	0	379	380	0	379	380	380M
7779	11606	-5.694E+02	1.00	5.213E-248	0	378	380	0	378	380	379M
7780	455	-6.330E+02	1.00	1.191E-275	0	432	434	0	432	434	433M
7780	7780	-6.327E+02	1.00	1.632E-275	0	433	434	0	433	434	434M
7780	11605	-6.330E+02	1.00	1.191E-275	0	432	434	0	432	434	433M
7781	454	-4.137E+02	0.992	2.101E-180	0	270	272	0	270	272	271M
7781	7781	-4.166E+02	1.00	1.231E-181	0	271	272	0	271	272	272M
7781	11604	-4.169E+02	1.00	8.979E-182	0	270	272	0	270	272	271M
7782	453	-4.666E+02	0.993	2.261E-203	0	305	307	0	305	307	306M
7782	7782	-4.713E+02	1.00	2.000E-205	0	306	307	0	306	307	307M
7782	11603	-4.717E+02	1.00	1.460E-205	0	305	307	0	305	307	306M
7783	452	-1.319E+02	1.00	5.047E-58	0	98	100	0	98	100	99M
7783	7783	-1.316E+02	1.00	6.923E-58	0	99	100	0	99	100	100M
7783	11602	-1.319E+02	1.00	5.047E-58	0	98	100	0	98	100	99M
7784	451	-7.084E+02	1.00	0.000E+00	0	616	618	0	616	618	617M
7784	7784	-7.084E+02	1.00	0.000E+00	0	617	618	0	617	618	618M
7784	11601	-7.084E+02	1.00	0.000E+00	0	616	618	0	616	618	617M
7785	450	-1.198E+02	0.975	9.810E-53	0	82	84	0	82	84	83M
7785	7785	-1.201E+02	1.00	7.149E-53	0	83	84	0	83	84	84M
7785	11600	-1.204E+02	1.00	5.211E-53	0	82	84	0	82	84	83M
7786	449	-6.623E+02	0.993	2.410E-288	0	447	449	0	447	449	448M
7786	7786	-6.660E+02	1.00	5.499E-290	0	448	449	0	448	449	449M
7786	11599	-6.664E+02	1.00	4.013E-290	0	447	449	0	447	449	448M
7787	448	-6.016E+02	1.00	5.427E-262	0	397	399	0	397	399	398M
7787	7787	-6.013E+02	1.00	7.437E-262	0	398	399	0	398	399	399M
7787	11598	-6.016E+02	1.00	5.427E-262	0	397	399	0	397	399	398M
7788	447	-4.762E+02	0.987	1.558E-207	0	309	311	0	309	311	310M
7788	7788	-4.819E+02	1.00	5.354E-210	0	310	311	0	310	311	311M
7788	11597	-4.822E+02	1.00	3.907E-210	0	309	311	0	309	311	310M
7789	446	-2.570E+02	1.00	2.505E-112	0	177	179	0	177	179	178M
7789	7789	-2.567E+02	1.00	3.434E-112	0	178	179	0	178	179	179M
7789	11596	-2.570E+02	1.00	2.505E-112	0	177	179	0	177	179	178M
7790	445	-4.264E+02	0.996	6.687E-186	0	269	271	0	269	271	270M
7790	7790	-4.264E+02	1.00	6.687E-186	0	270	271	0	270	271	271M
7790	11595	-4.267E+02	1.00	4.879E-186	0	269	271	0	269	271	270M
7791	444	-3.111E+02	0.990	8.034E-136	0	207	209	0	207	209	208M
7791	7791	-3.133E+02	1.00	8.832E-137	0	208	209	0	208	209	209M
7791	11594	-3.136E+02	1.00	6.443E-137	0	207	209	0	207	209	208M
7792	443	-7.084E+02	1.00	0.000E+00	0	624	626	0	624	626	625M
7792	7792	-7.084E+02	1.00	0.000E+00	0	625	626	0	625	626	626M
7792	11593	-7.084E+02	1.00	0.000E+00	0	624	626	0	624	626	625M
7793	442	-5.160E+02	0.974	7.656E-225	0	353	355	0	353	355	354M
7793	7793	-5.290E+02	1.00	1.876E-230	0	354	355	0	354	355	355M
7793	11592	-5.293E+02	1.00	1.369E-230	0	353	355	0	353	355	354M
7794	441	-2.771E+02	0.989	4.624E-121	0	192	194	0	192	194	193M
7794	7794	-2.780E+02	1.00	1.795E-121	0	193	194	0	193	194	194M
7794	11591	-2.783E+02	1.00	1.309E-121	0	192	194	0	192	194	193M
7795	440	-4.211E+02	0.983	1.258E-183	0	300	302	0	300	302	301M
7795	7795	-4.278E+02	1.00	1.681E-186	0	301	302	0	301	302	302M
7795	11590	-4.281E+02	1.00	1.226E-186	0	300	302	0	300	302	301M
7796	439	-6.399E+02	0.988	1.243E-278	0	447	449	0	447	449	448M
7796	7796	-6.484E+02	1.00	2.518E-282	0	448	449	0	448	449	449M
7796	11589	-6.487E+02	1.00	1.838E-282	0	447	449	0	447	449	448M
7797	438	-3.536E+02	0.995	2.629E-154	15	254	256	0	239	241	240M
7797	7797	-3.817E+02	1.00	1.715E-166	0	255	256	0	255	256	256M
7797	11588	-3.536E+02	0.995	2.629E-154	15	254	256	0	239	241	240M
7798	437	-1.286E+02	1.00	1.372E-56	0	88	90	0	88	90	89M
7798	7798	-1.283E+02	1.00	1.882E-56	0	89	90	0	89	90	90M
7798	11587	-1.286E+02	1.00	1.372E-56	0	88	90	0	88	90	89M
7799	436	-6.914E+02	1.00	5.551E-301	0	458	460	0	458	460	459M
7799	7799	-6.910E+02	1.00	7.606E-301	0	459	460	0	459	460	460M
7799	11586	-6.914E+02	1.00	5.551E-301	0	458	460	0	458	460	459M
7800	435	-5.609E+02	0.997	2.580E-244	0	378	380	0	378	380	379M
7800	7800	-5.609E+02	1.00	2.580E-244	0	379	380	0	379	380	380M
7800	11585	-5.612E+02	1.00	1.883E-244	0	378	380	0	378	380	379M
7801	434	-3.632E+02	1.00	1.844E-158	0	245	247	0	245	247	246M
7801	7801	-3.629E+02	1.00	2.527E-158	0	246	247	0	246	247	247M
7801	11584	-3.632E+02	1.00	1.844E-158	0	245	247	0	245	247	246M
7802	433	-4.605E+02	0.996	1.038E-200	0	308	310	0	308	310	309M
7802	7802	-4.617E+02	1.00	2.942E-201	0	309	310	0	309	310	310M
7802	11583	-4.621E+02	1.00	2.147E-201	0	308	310	0	308	310	309M
7803	432	-3.880E+02	0.992	3.132E-169	0	254	256	0	254	256	255M
7803	7803	-3.921E+02	1.00	5.197E-171	0	255	256	0	255	256	256M
7803	11582	-3.924E+02	1.00	3.792E-171	0	254	256	0	254	256	255M
7804	431	-3.884E+02	0.992	1.996E-169	0	278	280	0	278	280	279M
7804	7804	-3.913E+02	1.00	1.170E-170	0	279	280	0	279	280	280M
7804	11581	-3.916E+02	1.00	8.538E-171	0	278	280	0	278	280	279M
7805	430	-5.931E+02	0.994	2.563E-258	0	396	398	0	396	398	397M
7805	7805	-5.953E+02	1.00	2.824E-259	0	397	398	0	397	398	398M
7805	11580	-5.956E+02	1.00	2.061E-259	0	396	398	0	396	398	397M
7806	3199	-2.924E+01	0.259	2.000E-13	0	127	147	5	135	145	39M3D89M
7806	7806	-2.162E+02	1.00	1.262E-94	0	146	147	0	146	147	147M
7806	11579	-2.165E+02	1.00	9.200E-95	0	145	147	0	145	147	146M
7807	7807	-1.438E+02	1.00	3.462E-63	0	108	109	0	108	109	109M
7807	11578	-1.441E+02	1.00	2.524E-63	0	107	109	0	107	109	108M
7808	3720	-3.433E+02	1.00	8.172E-150	24	246	248	0	222	224	223M
7808	7808	-3.818E+02	1.00	1.611E-166	0	247	248	0	247	248	248M
7808	11577	-3.821E+02	1.00	1.175E-166	0	246	248	0	246	248	247M
7809	3721	-4.090E+02	0.992	2.410E-178	0	277	279	0	277	279	278M
7809	7809	-4.118E+02	1.00	1.412E-179	0	278	279	0	278	279	279M
7809	11576	-4.121E+02	1.00	1.030E-179	0	277	279	0	277	279	278M
7810	3722	-7.084E+02	0.997	0.000E+00	0	757	759	0	757	759	758M
7810	7810	-7.084E+02	1.00	0.000E+00	0	758	759	0	758	759	759M
7810	11575	-7.084E+02	1.00	0.000E+00	0	757	759	0	757	759	758M
7811	3723	-2.927E+02	0.995	7.415E-128	0	208	210	0	208	210	209M
7811	7811	-2.946E+02	1.00	1.118E-128	0	209	210	0	209	210	210M
7811	11574	-2.949E+02	1.00	8.152E-129	0	208	210	0	208	210	209M
7812	3724	-3.293E+02	0.972	9.434E-144	0	221	223	0	221	223	222M
7812	7812	-3.360E+02	1.00	1.255E-146	0	222	223	0	222	223	223M
7812	11573	-3.363E+02	1.00	9.152E-147	0	221	223	0	221	223	222M
7813	3725	-7.084E+02	0.993	0.000E+00	0	496	498	0	496	498	497M
7813	7813	-7.084E+02	1.00	0.000E+00	0	497	498	0	497	498	498M
7813	11572	-7.084E+02	1.00	0.000E+00	0	496	498	0	496	498	497M
7814	3726	-1.952E+02	1.00	1.688E-85	0	127	131	0	127	134	128M
7814	7814	-1.984E+02	1.00	7.174E-87	0	130	131	0	130	131	131M
7814	11571	-1.987E+02	1.00	5.232E-87	0	129	131	0	129	131	130M
7815	954	-4.732E+01	1.00	2.807E-21	0	37	38	0	37	38	38M
7815	5151	-4.732E+01	1.00	2.807E-21	0	37	38	0	37	38	38M
7815	9211	-4.732E+01	1.00	2.807E-21	0	37	38	0	37	38	38M
7816	1242	-3.418E+01	0.969	1.430E-15	0	32	34	111	143	145	33M
7816	6727	-3.514E+01	1.00	5.502E-16	0	32	34	0	32	34	33M
7816	10718	-3.514E+01	1.00	5.502E-16	0	32	34	0	32	34	33M
7817	4282	-9.817E+01	0.961	2.325E-43	0	77	79	0	77	79	78M
7817	7817	-1.029E+02	1.00	2.016E-45	0	78	79	0	78	79	79M
7817	11701	-1.032E+02	1.00	1.469E-45	0	77	79	0	77	79	78M
7818	4280	-1.587E+02	0.982	1.198E-69	0	113	115	0	113	115	114M
7818	7818	-1.612E+02	1.00	9.561E-71	0	114	115	0	114	115	115M
7818	11700	-1.615E+02	1.00	6.971E-71	0	113	115	0	113	115	114M
7819	3881	-8.333E+01	0.805	6.430E-37	0	76	78	1	77	79	77M
7819	7819	-1.074E+02	1.00	2.282E-47	0	77	78	0	77	78	78M
7819	11698	-1.077E+02	1.00	1.663E-47	0	76	78	0	76	78	77M
7820	7820	-2.861E+02	1.00	5.739E-125	0	183	184	0	183	184	184M
7820	11697	-2.864E+02	1.00	4.186E-125	0	182	184	0	182	184	183M
7821	4111	-9.245E+01	0.875	7.062E-41	0	71	73	0	71	73	72M
7821	7821	-1.035E+02	1.00	1.088E-45	0	72	73	0	72	73	73M
7821	11696	-1.038E+02	1.00	7.924E-46	0	71	73	0	71	73	72M
7822	2457	-9.249E+01	1.00	6.796E-41	0	70	85	0	70	73	71M
7822	7822	-1.112E+02	1.00	5.285E-49	0	84	85	0	84	85	85M
7822	11695	-1.115E+02	1.00	3.851E-49	0	83	85	0	83	85	84M
7823	2458	-2.406E+02	1.00	3.322E-105	0	157	159	0	157	159	158M
7823	7823	-2.403E+02	1.00	4.555E-105	0	158	159	0	158	159	159M
7823	11694	-2.406E+02	1.00	3.322E-105	0	157	159	0	157	159	158M
7824	3609	-1.802E+02	0.953	5.449E-79	0	129	134	0	129	134	130M
7824	7824	-1.909E+02	1.00	1.184E-83	0	133	134	0	133	134	134M
7824	11693	-1.913E+02	1.00	8.632E-84	0	132	134	0	132	134	133M
7825	2460	-1.314E+02	0.664	8.618E-58	0	129	131	0	132	134	91M7D26M4I9M
7825	7825	-2.056E+02	1.00	5.028E-90	0	130	131	0	130	131	131M
7825	11692	-2.059E+02	1.00	3.666E-90	0	129	131	0	129	131	130M
7826	2461	-1.629E+02	1.00	1.787E-71	0	111	113	0	111	113	112M
7826	7826	-1.626E+02	1.00	2.451E-71	0	112	113	0	112	113	113M
7826	11691	-1.629E+02	1.00	1.787E-71	0	111	113	0	111	113	112M
7827	2462	-3.872E+02	0.969	7.203E-169	0	264	267	0	264	267	265M
7827	7827	-3.991E+02	1.00	4.518E-174	0	266	267	0	266	267	267M
7827	11690	-3.995E+02	1.00	3.296E-174	0	265	267	0	265	267	266M
7828	2463	-4.190E+02	0.959	1.078E-182	0	292	294	0	292	294	293M
7828	7828	-4.401E+02	1.00	7.269E-192	0	293	294	0	293	294	294M
7828	11689	-4.404E+02	1.00	5.304E-192	0	292	294	0	292	294	293M
7829	2465	-5.051E+01	0.614	1.156E-22	1	70	75	26	95	99	70M
7829	7829	-1.018E+02	1.00	5.854E-45	0	74	75	0	74	75	75M
7829	11688	-1.022E+02	1.00	4.266E-45	0	73	75	0	73	75	74M
7830	2466	-1.080E+02	0.954	1.225E-47	3	89	91	37	123	125	87M
7830	7830	-1.185E+02	1.00	3.583E-52	0	90	91	0	90	91	91M
7830	11687	-1.188E+02	1.00	2.611E-52	0	89	91	0	89	91	90M
7831	7831	-1.427E+02	1.00	1.112E-62	0	106	107	0	106	107	107M
7831	11686	-1.430E+02	1.00	8.108E-63	0	105	107	0	105	107	106M
7832	2469	-2.710E+02	0.742	2.085E-118	5	249	251	9	253	255	245M
7832	7832	-3.841E+02	1.00	1.490E-167	0	250	251	0	250	251	251M
7832	11685	-3.844E+02	1.00	1.087E-167	0	249	251	0	249	251	250M
7833	2470	-8.078E+01	0.984	8.259E-36	0	63	72	0	63	72	64M
7833	7833	-9.282E+01	1.00	4.894E-41	0	71	72	0	71	72	72M
7833	11684	-9.313E+01	1.00	3.565E-41	0	70	72	0	70	72	71M
7834	7834	-4.911E+02	1.00	5.258E-214	0	335	336	0	335	336	336M
7834	11683	-4.914E+02	1.00	3.836E-214	0	334	336	0	334	336	335M
7835	7835	-2.139E+02	1.00	1.213E-93	0	167	168	0	167	168	168M
7835	11682	-2.143E+02	1.00	8.844E-94	0	166	168	0	166	168	167M
7836	7836	-8.162E+01	1.00	3.586E-36	0	67	68	0	67	68	68M
7836	11681	-8.193E+01	1.00	2.612E-36	0	66	68	0	66	68	67M
7837	7837	-1.082E+02	1.00	1.026E-47	0	80	81	0	80	81	81M
7837	11680	-1.085E+02	1.00	7.475E-48	0	79	81	0	79	81	80M
7838	3596	-1.982E+02	0.958	8.644E-87	0	145	148	0	145	147	146M
7838	7838	-2.076E+02	1.00	6.662E-91	0	147	148	0	147	148	148M
7838	11679	-2.080E+02	1.00	4.858E-91	0	146	148	0	146	148	147M
7839	4387	-1.359E+02	0.958	9.803E-60	0	95	97	0	95	97	96M
7839	7839	-1.406E+02	1.00	8.546E-62	0	96	97	0	96	97	97M
7839	11678	-1.409E+02	1.00	6.230E-62	0	95	97	0	95	97	96M
7840	3595	-1.505E+02	0.943	4.323E-66	0	106	108	0	106	108	107M
7840	7840	-1.600E+02	1.00	3.298E-70	0	107	108	0	107	108	108M
7840	11677	-1.603E+02	1.00	2.405E-70	0	106	108	0	106	108	107M
7841	4407	-4.730E+02	1.00	3.960E-206	0	310	374	0	310	311	311M
7841	7841	-5.694E+02	1.00	5.397E-248	0	373	374	0	373	374	374M
7841	11676	-5.697E+02	1.00	3.938E-248	0	372	374	0	372	374	373M
7842	4230	-1.581E+02	0.527	2.164E-69	40	309	311	40	319	321	4M2D25M1D6M4D10M3I2M3I38M2D37M3D12M4D130M
7842	7842	-4.645E+02	1.00	1.808E-202	0	310	311	0	310	311	311M
7842	11675	-4.648E+02	1.00	1.319E-202	0	309	311	0	309	311	310M
7843	4231	-1.185E+02	1.00	3.477E-52	0	82	84	0	82	84	83M
7843	7843	-1.182E+02	1.00	4.771E-52	0	83	84	0	83	84	84M
7843	11674	-1.185E+02	1.00	3.477E-52	0	82	84	0	82	84	83M
7844	7844	-2.092E+02	1.00	1.449E-91	0	135	136	0	135	136	136M
7844	11673	-2.095E+02	1.00	1.057E-91	0	134	136	0	134	136	135M
7845	7845	-3.818E+02	1.00	1.585E-166	0	240	241	0	240	241	241M
7845	11672	-3.821E+02	1.00	1.156E-166	0	239	241	0	239	241	240M
7846	7846	-1.252E+02	1.00	4.029E-55	0	87	88	0	87	88	88M
7846	11671	-1.256E+02	1.00	2.936E-55	0	86	88	0	86	88	87M
7847	1117	-5.858E+01	0.456	3.629E-26	0	102	106	0	102	110	103M
7847	7847	-1.497E+02	1.00	1.012E-65	0	105	106	0	105	106	106M
7847	11670	-1.500E+02	1.00	7.377E-66	0	104	106	0	104	106	105M
7848	7848	-3.746E+01	1.00	5.369E-17	0	37	38	0	37	38	38M
7848	11669	-3.778E+01	1.00	3.905E-17	0	36	38	0	36	38	37M
7849	4181	-1.572E+02	0.973	5.538E-69	0	112	114	0	112	114	113M
7849	7849	-1.606E+02	1.00	1.713E-70	0	113	114	0	113	114	114M
7849	11668	-1.610E+02	1.00	1.249E-70	0	112	114	0	112	114	113M
7850	4183	-2.975E+02	0.979	6.032E-130	0	193	195	0	193	195	194M
7850	7850	-3.032E+02	1.00	2.063E-132	0	194	195	0	194	195	195M
7850	11667	-3.035E+02	1.00	1.504E-132	0	193	195	0	193	195	194M
7851	3591	-3.796E+02	0.976	1.373E-165	0	258	260	0	258	260	259M
7851	7851	-3.875E+02	1.00	5.183E-169	0	259	260	0	259	260	260M
7851	11666	-3.878E+02	1.00	3.782E-169	0	258	260	0	258	260	259M
7852	7852	-7.084E+02	1.00	0.000E+00	0	2265	2266	0	2265	2266	2266M
7852	11665	-7.084E+02	1.00	0.000E+00	0	2264	2266	0	2264	2266	2265M
7853	3477	-7.084E+02	1.00	0.000E+00	0	808	810	0	808	810	809M
7853	7853	-7.084E+02	1.00	0.000E+00	0	809	810	0	809	810	810M
7853	11664	-7.084E+02	1.00	0.000E+00	0	808	810	0	808	810	809M
7854	3478	-2.412E+02	1.00	1.854E-105	0	158	160	0	158	160	159M
7854	7854	-2.408E+02	1.00	2.542E-105	0	159	160	0	159	160	160M
7854	11663	-2.412E+02	1.00	1.854E-105	0	158	160	0	158	160	159M
7855	3479	-4.033E+02	1.00	7.046E-176	0	257	259	0	257	259	258M
7855	7855	-4.030E+02	1.00	9.658E-176	0	258	259	0	258	259	259M
7855	11662	-4.033E+02	1.00	7.046E-176	0	257	259	0	257	259	258M
7856	2156	-5.034E+02	0.990	2.429E-219	37	368	370	0	331	333	332M
7856	7856	-5.598E+02	1.00	7.818E-244	0	369	370	0	369	370	370M
7856	11661	-5.601E+02	1.00	5.705E-244	0	368	370	0	368	370	369M
7857	2157	-7.215E+02	0.997	4.323E-314	0	466	468	0	466	468	467M
7857	7857	-7.225E+02	1.00	1.680E-314	0	467	468	0	467	468	468M
7857	11660	-7.228E+02	1.00	1.226E-314	0	466	468	0	466	468	467M
7858	2158	-3.876E+02	0.992	4.565E-169	0	262	264	0	262	264	263M
7858	7858	-3.898E+02	1.00	5.024E-170	0	263	264	0	263	264	264M
7858	11659	-3.901E+02	1.00	3.665E-170	0	262	264	0	262	264	263M
7859	2159	-3.491E+02	0.995	2.365E-152	0	229	231	0	229	231	230M
7859	7859	-3.498E+02	1.00	1.259E-152	0	230	231	0	230	231	231M
7859	11658	-3.501E+02	1.00	9.183E-153	0	229	231	0	229	231	230M
7860	2160	-3.255E+02	1.00	4.492E-142	0	216	218	0	216	218	217M
7860	7860	-3.251E+02	1.00	6.158E-142	0	217	218	0	217	218	218M
7860	11657	-3.255E+02	1.00	4.492E-142	0	216	218	0	216	218	217M
7861	2161	-6.833E+02	1.00	1.847E-297	0	436	438	0	436	438	437M
7861	7861	-6.829E+02	1.00	2.531E-297	0	437	438	0	437	438	438M
7861	11656	-6.833E+02	1.00	1.847E-297	0	436	438	0	436	438	437M
7862	2162	-2.617E+02	0.994	2.269E-114	0	171	173	0	171	173	172M
7862	7862	-2.617E+02	1.00	2.269E-114	0	172	173	0	172	173	173M
7862	11655	-2.620E+02	1.00	1.655E-114	0	171	173	0	171	173	172M
7863	2163	-7.084E+02	1.00	0.000E+00	0	671	673	0	671	673	672M
7863	7863	-7.084E+02	1.00	0.000E+00	0	672	673	0	672	673	673M
7863	11654	-7.084E+02	1.00	0.000E+00	0	671	673	0	671	673	672M
7864	2164	-2.779E+02	0.989	2.096E-121	0	182	184	0	182	184	183M
7864	7864	-2.810E+02	1.00	8.938E-123	0	183	184	0	183	184	184M
7864	11653	-2.813E+02	1.00	6.519E-123	0	182	184	0	182	184	183M
7865	2165	-2.631E+02	0.968	5.597E-115	0	188	190	0	188	190	189M
7865	7865	-2.697E+02	1.00	7.427E-118	0	189	190	0	189	190	190M
7865	11652	-2.700E+02	1.00	5.417E-118	0	188	190	0	188	190	189M
7866	2166	-3.037E+02	1.00	1.289E-132	0	203	205	0	203	205	204M
7866	7866	-3.034E+02	1.00	1.767E-132	0	204	205	0	204	205	205M
7866	11651	-3.037E+02	1.00	1.289E-132	0	203	205	0	203	205	204M
7867	2167	-3.224E+02	0.990	9.274E-141	0	220	222	0	220	222	221M
7867	7867	-3.246E+02	1.00	1.020E-141	0	221	222	0	221	222	222M
7867	11650	-3.250E+02	1.00	7.441E-142	0	220	222	0	220	222	221M
7868	2168	-2.370E+02	0.993	1.177E-103	0	159	161	0	159	161	160M
7868	7868	-2.379E+02	1.00	4.567E-104	0	160	161	0	160	161	161M
7868	11649	-2.383E+02	1.00	3.331E-104	0	159	161	0	159	161	160M
7869	2169	-7.084E+02	0.996	0.000E+00	0	565	567	0	565	567	566M
7869	7869	-7.084E+02	1.00	0.000E+00	0	566	567	0	566	567	567M
7869	11648	-7.084E+02	1.00	0.000E+00	0	565	567	0	565	567	566M
7870	2170	-1.422E+02	0.980	1.722E-62	0	101	103	0	101	103	102M
7870	7870	-1.444E+02	1.00	1.884E-63	0	102	103	0	102	103	103M
7870	11647	-1.447E+02	1.00	1.373E-63	0	101	103	0	101	103	102M
7871	2171	-1.379E+02	1.00	1.305E-60	0	99	101	0	99	101	100M
7871	7871	-1.376E+02	1.00	1.790E-60	0	100	101	0	100	101	101M
7871	11646	-1.379E+02	1.00	1.305E-60	0	99	101	0	99	101	100M
7872	2172	-4.676E+02	0.989	8.136E-204	0	290	292	0	290	292	291M
7872	7872	-4.724E+02	1.00	7.192E-206	0	291	292	0	291	292	292M
7872	11645	-4.727E+02	1.00	5.247E-206	0	290	292	0	290	292	291M
7873	2173	-1.448E+02	1.00	1.278E-63	0	106	108	0	106	108	107M
7873	7873	-1.445E+02	1.00	1.753E-63	0	107	108	0	107	108	108M
7873	11644	-1.448E+02	1.00	1.278E-63	0	106	108	0	106	108	107M
7874	2174	-2.304E+02	1.00	8.483E-101	0	158	160	0	158	160	159M
7874	7874	-2.301E+02	1.00	1.163E-100	0	159	160	0	159	160	160M
7874	11643	-2.304E+02	1.00	8.483E-101	0	158	160	0	158	160	159M
7875	2175	-7.084E+02	1.00	0.000E+00	0	533	535	0	533	535	534M
7875	7875	-7.084E+02	1.00	0.000E+00	0	534	535	0	534	535	535M
7875	11642	-7.084E+02	1.00	0.000E+00	0	533	535	0	533	535	534M
7876	3915	-5.052E+02	1.00	3.775E-220	0	328	330	0	328	330	329M
7876	7876	-5.049E+02	1.00	5.173E-220	0	329	330	0	329	330	330M
7876	11641	-5.052E+02	1.00	3.775E-220	0	328	330	0	328	330	329M
7877	3917	-6.185E+02	1.00	2.469E-269	0	424	442	0	424	432	425M
7877	7877	-6.437E+02	1.00	2.812E-280	0	441	442	0	441	442	442M
7877	11640	-6.440E+02	1.00	2.052E-280	0	440	442	0	440	442	441M
7878	3736	-6.552E+02	0.995	2.937E-285	0	444	446	0	444	446	445M
7878	7878	-6.577E+02	1.00	2.363E-286	0	445	446	0	445	446	446M
7878	11639	-6.580E+02	1.00	1.725E-286	0	444	446	0	444	446	445M
7879	3737	-2.409E+02	0.982	2.288E-105	0	169	171	0	169	171	170M
7879	7879	-2.425E+02	1.00	4.722E-106	0	170	171	0	170	171	171M
7879	11638	-2.428E+02	1.00	3.444E-106	0	169	171	0	169	171	170M
7880	3738	-2.593E+02	0.989	2.427E-113	0	181	183	0	181	183	182M
7880	7880	-2.615E+02	1.00	2.666E-114	0	182	183	0	182	183	183M
7880	11637	-2.618E+02	1.00	1.945E-114	0	181	183	0	181	183	182M
7881	3739	-7.084E+02	0.992	0.000E+00	0	536	538	0	536	538	537M
7881	7881	-7.084E+02	1.00	0.000E+00	0	537	538	0	537	538	538M
7881	11636	-7.084E+02	1.00	0.000E+00	0	536	538	0	536	538	537M
7882	3740	-4.665E+02	1.00	2.568E-203	0	301	303	0	301	303	302M
7882	7882	-4.662E+02	1.00	3.519E-203	0	302	303	0	302	303	303M
7882	11635	-4.665E+02	1.00	2.568E-203	0	301	303	0	301	303	302M
7883	3741	-3.806E+01	0.968	2.968E-17	0	31	33	0	31	33	32M
7883	7883	-3.901E+01	1.00	1.143E-17	0	32	33	0	32	33	33M
7883	11634	-3.933E+01	1.00	8.312E-18	0	31	33	0	31	33	32M
7884	2138	-6.067E+02	1.00	3.389E-264	0	403	405	0	403	405	404M
7884	7884	-6.063E+02	1.00	4.644E-264	0	404	405	0	404	405	405M
7884	11703	-6.067E+02	1.00	3.389E-264	0	403	405	0	403	405	404M
7885	2137	-5.926E+02	0.997	4.427E-258	0	374	376	0	374	376	375M
7885	7885	-5.935E+02	1.00	1.720E-258	0	375	376	0	375	376	376M
7885	11704	-5.938E+02	1.00	1.255E-258	0	374	376	0	374	376	375M
7886	2136	-4.278E+02	0.960	1.695E-186	0	280	282	0	280	282	281M
7886	7886	-4.451E+02	1.00	5.004E-194	0	281	282	0	281	282	282M
7886	11705	-4.454E+02	1.00	3.651E-194	0	280	282	0	280	282	281M
7887	2135	-1.598E+02	1.00	4.011E-70	0	110	112	0	110	112	111M
7887	7887	-1.595E+02	1.00	5.501E-70	0	111	112	0	111	112	112M
7887	11706	-1.598E+02	1.00	4.011E-70	0	110	112	0	110	112	111M
7888	2134	-5.050E+02	0.997	4.772E-220	0	333	335	0	333	335	334M
7888	7888	-5.072E+02	1.00	5.256E-221	0	334	335	0	334	335	335M
7888	11707	-5.075E+02	1.00	3.835E-221	0	333	335	0	333	335	334M
7889	2133	-4.700E+02	1.00	7.755E-205	27	334	336	2	309	311	308M
7889	7889	-5.050E+02	1.00	5.001E-220	0	335	336	0	335	336	336M
7889	11708	-5.053E+02	1.00	3.649E-220	0	334	336	0	334	336	335M
7890	2131	-5.037E+02	0.994	1.683E-219	0	333	335	0	333	335	334M
7890	7890	-5.063E+02	1.00	1.353E-220	0	334	335	0	334	335	335M
7890	11709	-5.066E+02	1.00	9.871E-221	0	333	335	0	333	335	334M
7891	2130	-7.084E+02	0.998	0.000E+00	0	642	644	0	642	644	643M
7891	7891	-7.084E+02	1.00	0.000E+00	0	643	644	0	643	644	644M
7891	11710	-7.084E+02	1.00	0.000E+00	0	642	644	0	642	644	643M
7892	2129	-2.708E+02	0.994	2.384E-118	0	184	186	0	184	186	185M
7892	7892	-2.708E+02	1.00	2.384E-118	0	185	186	0	185	186	186M
7892	11711	-2.712E+02	1.00	1.739E-118	0	184	186	0	184	186	185M
7893	2128	-1.680E+02	0.992	1.055E-73	0	129	131	0	129	131	130M
7893	7893	-1.693E+02	1.00	2.981E-74	0	130	131	0	130	131	131M
7893	11712	-1.696E+02	1.00	2.174E-74	0	129	131	0	129	131	130M
7894	2127	-7.084E+02	1.00	0.000E+00	0	821	823	0	821	823	822M
7894	7894	-7.084E+02	1.00	0.000E+00	0	822	823	0	822	823	823M
7894	11713	-7.084E+02	1.00	0.000E+00	0	821	823	0	821	823	822M
7895	2126	-5.451E+02	0.997	1.901E-237	0	359	361	0	359	361	360M
7895	7895	-5.460E+02	1.00	7.387E-238	0	360	361	0	360	361	361M
7895	11714	-5.463E+02	1.00	5.390E-238	0	359	361	0	359	361	360M
7896	2125	-5.589E+02	1.00	1.964E-243	0	381	383	0	381	383	382M
7896	7896	-5.585E+02	1.00	2.692E-243	0	382	383	0	382	383	383M
7896	11715	-5.589E+02	1.00	1.964E-243	0	381	383	0	381	383	382M
7897	2124	-6.971E+02	0.997	1.846E-303	0	464	466	0	464	466	465M
7897	7897	-6.993E+02	1.00	2.035E-304	0	465	466	0	465	466	466M
7897	11716	-6.996E+02	1.00	1.485E-304	0	464	466	0	464	466	465M
7898	1259	-4.949E+01	1.00	3.213E-22	0	43	45	0	43	45	44M
7898	7898	-4.917E+01	1.00	4.415E-22	0	44	45	0	44	45	45M
7898	11717	-4.949E+01	1.00	3.213E-22	0	43	45	0	43	45	44M
7899	1260	-1.829E+02	0.992	3.770E-80	0	129	131	0	129	131	130M
7899	7899	-1.848E+02	1.00	5.668E-81	0	130	131	0	130	131	131M
7899	11718	-1.851E+02	1.00	4.133E-81	0	129	131	0	129	131	130M
7900	1261	-1.654E+02	1.00	1.459E-72	0	105	107	0	105	107	106M
7900	7900	-1.651E+02	1.00	2.001E-72	0	106	107	0	106	107	107M
7900	11719	-1.654E+02	1.00	1.459E-72	0	105	107	0	105	107	106M
7901	1262	-7.084E+02	0.998	0.000E+00	0	585	587	0	585	587	586M
7901	7901	-7.084E+02	1.00	0.000E+00	0	586	587	0	586	587	587M
7901	11720	-7.084E+02	1.00	0.000E+00	0	585	587	0	585	587	586M
7902	1263	-6.703E+02	0.995	7.684E-292	0	450	452	0	450	452	451M
7902	7902	-6.719E+02	1.00	1.591E-292	0	451	452	0	451	452	452M
7902	11721	-6.722E+02	1.00	1.161E-292	0	450	452	0	450	452	451M
7903	7903	-1.192E+02	1.00	1.641E-52	0	87	88	0	87	88	88M
7903	11722	-1.196E+02	1.00	1.196E-52	0	86	88	0	86	88	87M
7904	2970	-4.713E+02	0.984	2.176E-205	0	327	329	0	323	325	164M4I160M
7904	7904	-4.801E+02	1.00	3.204E-209	0	328	329	0	328	329	329M
7904	11723	-4.804E+02	1.00	2.338E-209	0	327	329	0	327	329	328M
7905	2971	-3.509E+02	0.991	3.920E-153	0	231	233	0	231	233	232M
7905	7905	-3.535E+02	1.00	3.145E-154	0	232	233	0	232	233	233M
7905	11724	-3.538E+02	1.00	2.295E-154	0	231	233	0	231	233	232M
7906	2972	-1.096E+02	1.00	2.447E-48	0	82	84	0	82	84	83M
7906	7906	-1.093E+02	1.00	3.357E-48	0	83	84	0	83	84	84M
7906	11725	-1.096E+02	1.00	2.447E-48	0	82	84	0	82	84	83M
7907	2973	-2.543E+02	1.00	3.715E-111	0	174	176	0	174	176	175M
7907	7907	-2.540E+02	1.00	5.094E-111	0	175	176	0	175	176	176M
7907	11726	-2.543E+02	1.00	3.715E-111	0	174	176	0	174	176	175M
7908	2974	-6.383E+01	1.00	1.897E-28	0	48	50	0	48	50	49M
7908	7908	-6.351E+01	1.00	2.606E-28	0	49	50	0	49	50	50M
7908	11727	-6.383E+01	1.00	1.897E-28	0	48	50	0	48	50	49M
7909	2975	-6.900E+02	0.988	2.175E-300	0	440	442	0	440	442	441M
7909	7909	-6.979E+02	1.00	8.259E-304	0	441	442	0	441	442	442M
7909	11728	-6.982E+02	1.00	6.027E-304	0	440	442	0	440	442	441M
7910	2976	-5.486E+02	0.974	5.337E-239	0	350	352	0	350	352	351M
7910	7910	-5.625E+02	1.00	5.073E-245	0	351	352	0	351	352	352M
7910	11729	-5.628E+02	1.00	3.702E-245	0	350	352	0	350	352	351M
7911	3437	-6.299E+02	0.979	2.806E-274	0	385	387	0	385	387	386M
7911	7911	-6.463E+02	1.00	2.145E-281	0	386	387	0	386	387	387M
7911	11730	-6.466E+02	1.00	1.565E-281	0	385	387	0	385	387	386M
7912	3436	-1.713E+02	0.975	3.983E-75	0	120	122	0	120	122	121M
7912	7912	-1.732E+02	1.00	5.985E-76	0	121	122	0	121	122	122M
7912	11731	-1.735E+02	1.00	4.364E-76	0	120	122	0	120	122	121M
7913	3435	-4.582E+02	1.00	1.047E-199	0	317	319	0	317	319	318M
7913	7913	-4.579E+02	1.00	1.435E-199	0	318	319	0	318	319	319M
7913	11732	-4.582E+02	1.00	1.047E-199	0	317	319	0	317	319	318M
7914	3434	-2.888E+02	0.994	3.648E-126	0	197	199	0	197	199	198M
7914	7914	-2.907E+02	1.00	5.497E-127	0	198	199	0	198	199	199M
7914	11733	-2.910E+02	1.00	4.010E-127	0	197	199	0	197	199	198M
7915	3433	-6.020E+02	0.984	3.556E-262	22	415	417	0	393	395	394M
7915	7915	-6.452E+02	1.00	6.407E-281	0	416	417	0	416	417	417M
7915	11734	-6.455E+02	1.00	4.676E-281	0	415	417	0	415	417	416M
7916	3432	-7.025E+02	0.989	8.234E-306	0	456	458	0	456	458	457M
7916	7916	-7.078E+02	1.00	3.888E-308	0	457	458	0	457	458	458M
7916	11735	-7.082E+02	1.00	2.838E-308	0	456	458	0	456	458	457M
7917	3431	-1.776E+02	1.00	7.184E-78	0	120	122	0	120	122	121M
7917	7917	-1.773E+02	1.00	9.853E-78	0	121	122	0	121	122	122M
7917	11736	-1.776E+02	1.00	7.184E-78	0	120	122	0	120	122	121M
7918	3430	-2.400E+02	1.00	5.896E-105	0	169	171	0	169	171	170M
7918	7918	-2.397E+02	1.00	8.083E-105	0	170	171	0	170	171	171M
7918	11737	-2.400E+02	1.00	5.896E-105	0	169	171	0	169	171	170M
7919	3429	-5.460E+02	0.994	7.214E-238	0	357	374	0	357	358	358M
7919	7919	-5.706E+02	1.00	1.530E-248	0	373	374	0	373	374	374M
7919	11738	-5.709E+02	1.00	1.117E-248	0	372	374	0	372	374	373M
7920	3784	-6.615E+02	0.997	5.036E-288	0	429	431	0	429	431	430M
7920	7920	-6.637E+02	1.00	5.550E-289	0	430	431	0	430	431	431M
7920	11739	-6.640E+02	1.00	4.050E-289	0	429	431	0	429	431	430M
7921	3783	-1.705E+02	1.00	8.661E-75	0	123	125	0	123	125	124M
7921	7921	-1.702E+02	1.00	1.188E-74	0	124	125	0	124	125	125M
7921	11740	-1.705E+02	1.00	8.661E-75	0	123	125	0	123	125	124M
7922	3782	-4.778E+02	0.988	3.081E-208	0	335	337	0	335	337	336M
7922	7922	-4.829E+02	1.00	1.991E-210	0	336	337	0	336	337	337M
7922	11741	-4.832E+02	1.00	1.453E-210	0	335	337	0	335	337	336M
7923	4325	-3.806E+02	0.963	4.971E-166	31	304	306	3	276	278	274M
7923	7923	-4.443E+02	1.00	1.128E-193	0	305	306	0	305	306	306M
7923	11742	-4.446E+02	1.00	8.232E-194	0	304	306	0	304	306	305M
7924	2346	-7.084E+02	0.998	0.000E+00	0	645	647	0	645	647	646M
7924	7924	-7.084E+02	1.00	0.000E+00	0	646	647	0	646	647	647M
7924	11743	-7.084E+02	1.00	0.000E+00	0	645	647	0	645	647	646M
7925	2347	-2.428E+02	1.00	3.556E-106	0	183	185	0	183	185	184M
7925	7925	-2.425E+02	1.00	4.875E-106	0	184	185	0	184	185	185M
7925	11744	-2.428E+02	1.00	3.556E-106	0	183	185	0	183	185	184M
7926	2348	-4.566E+02	0.996	4.874E-199	0	296	298	0	296	298	297M
7926	7926	-4.576E+02	1.00	1.893E-199	0	297	298	0	297	298	298M
7926	11745	-4.579E+02	1.00	1.381E-199	0	296	298	0	296	298	297M
7927	2349	-4.180E+02	0.989	3.011E-182	0	287	289	0	287	289	288M
7927	7927	-4.218E+02	1.00	6.856E-184	0	288	289	0	288	289	289M
7927	11746	-4.221E+02	1.00	5.003E-184	0	287	289	0	287	289	288M
7928	2350	-8.307E+01	1.00	8.400E-37	0	75	77	0	75	77	76M
7928	7928	-8.275E+01	1.00	1.153E-36	0	76	77	0	76	77	77M
7928	11747	-8.307E+01	1.00	8.400E-37	0	75	77	0	75	77	76M
7929	2351	-1.413E+02	0.990	4.340E-62	0	107	109	0	107	109	108M
7929	7929	-1.426E+02	1.00	1.226E-62	0	108	109	0	108	109	109M
7929	11748	-1.429E+02	1.00	8.936E-63	0	107	109	0	107	109	108M
7930	2352	-5.547E+02	0.991	1.236E-241	0	355	357	0	355	357	356M
7930	7930	-5.579E+02	1.00	5.290E-243	0	356	357	0	356	357	357M
7930	11749	-5.582E+02	1.00	3.860E-243	0	355	357	0	355	357	356M
7931	2353	-2.674E+02	1.00	7.664E-117	0	179	186	0	179	188	180M
7931	7931	-2.740E+02	1.00	1.017E-119	0	185	186	0	185	186	186M
7931	11750	-2.743E+02	1.00	7.415E-120	0	184	186	0	184	186	185M
7932	360	-3.355E+02	0.974	1.922E-146	0	232	259	0	232	337	233M
7932	7932	-3.844E+02	1.00	1.157E-167	0	258	259	0	258	259	259M
7932	11751	-3.847E+02	1.00	8.442E-168	0	257	259	0	257	259	258M
7933	359	-1.875E+02	1.00	3.556E-82	0	124	126	0	124	126	125M
7933	7933	-1.872E+02	1.00	4.877E-82	0	125	126	0	125	126	126M
7933	11752	-1.875E+02	1.00	3.556E-82	0	124	126	0	124	126	125M
7934	358	-2.161E+02	1.00	1.457E-94	0	148	150	0	148	150	149M
7934	7934	-2.158E+02	1.00	1.998E-94	0	149	150	0	149	150	150M
7934	11753	-2.161E+02	1.00	1.457E-94	0	148	150	0	148	150	149M
7935	357	-7.084E+02	0.998	0.000E+00	0	877	879	0	877	879	878M
7935	7935	-7.084E+02	1.00	0.000E+00	0	878	879	0	878	879	879M
7935	11754	-7.084E+02	1.00	0.000E+00	0	877	879	0	877	879	878M
7936	356	-3.897E+02	0.988	5.618E-170	0	251	253	0	251	253	252M
7936	7936	-3.941E+02	1.00	6.800E-172	0	252	253	0	252	253	253M
7936	11755	-3.944E+02	1.00	4.961E-172	0	251	253	0	251	253	252M
7937	355	-2.646E+02	1.00	1.212E-115	0	189	191	0	189	191	190M
7937	7937	-2.643E+02	1.00	1.661E-115	0	190	191	0	190	191	191M
7937	11756	-2.646E+02	1.00	1.212E-115	0	189	191	0	189	191	190M
7938	354	-7.084E+02	0.995	0.000E+00	0	658	660	0	658	660	659M
7938	7938	-7.084E+02	1.00	0.000E+00	0	659	660	0	659	660	660M
7938	11757	-7.084E+02	1.00	0.000E+00	0	658	660	0	658	660	659M
7939	353	-1.063E+02	1.00	6.517E-47	0	78	80	0	78	80	79M
7939	7939	-1.060E+02	1.00	8.943E-47	0	79	80	0	79	80	80M
7939	11758	-1.063E+02	1.00	6.517E-47	0	78	80	0	78	80	79M
7940	352	-6.955E+01	0.963	6.249E-31	0	54	56	0	54	56	55M
7940	7940	-7.177E+01	1.00	6.788E-32	0	55	56	0	55	56	56M
7940	11759	-7.208E+01	1.00	4.944E-32	0	54	56	0	54	56	55M
7941	351	-2.468E+02	1.00	6.766E-108	0	166	168	0	166	168	167M
7941	7941	-2.465E+02	1.00	9.277E-108	0	167	168	0	167	168	168M
7941	11760	-2.468E+02	1.00	6.766E-108	0	166	168	0	166	168	167M
7942	350	-1.199E+02	0.989	8.130E-53	0	91	93	0	91	93	92M
7942	7942	-1.209E+02	1.00	3.148E-53	0	92	93	0	92	93	93M
7942	11761	-1.212E+02	1.00	2.294E-53	0	91	93	0	91	93	92M
7943	349	-7.084E+02	0.996	0.000E+00	0	568	570	0	568	570	569M
7943	7943	-7.084E+02	1.00	0.000E+00	0	569	570	0	569	570	570M
7943	11762	-7.084E+02	1.00	0.000E+00	0	568	570	0	568	570	569M
7944	348	-6.373E+01	1.00	2.106E-28	0	50	52	0	50	52	51M
7944	7944	-6.341E+01	1.00	2.892E-28	0	51	52	0	51	52	52M
7944	11763	-6.373E+01	1.00	2.106E-28	0	50	52	0	50	52	51M
7945	347	-1.061E+02	1.00	8.508E-47	0	77	79	0	77	79	78M
7945	7945	-1.058E+02	1.00	1.168E-46	0	78	79	0	78	79	79M
7945	11764	-1.061E+02	1.00	8.508E-47	0	77	79	0	77	79	78M
7946	346	-7.084E+02	0.997	0.000E+00	0	481	483	0	481	483	482M
7946	7946	-7.084E+02	1.00	0.000E+00	0	482	483	0	482	483	483M
7946	11765	-7.084E+02	1.00	0.000E+00	0	481	483	0	481	483	482M
7947	345	-3.501E+02	1.00	9.183E-153	0	229	231	0	229	231	230M
7947	7947	-3.498E+02	1.00	1.259E-152	0	230	231	0	230	231	231M
7947	11766	-3.501E+02	1.00	9.183E-153	0	229	231	0	229	231	230M
7948	344	-4.385E+02	1.00	3.634E-191	0	286	288	0	286	288	287M
7948	7948	-4.382E+02	1.00	4.980E-191	0	287	288	0	287	288	288M
7948	11767	-4.385E+02	1.00	3.634E-191	0	286	288	0	286	288	287M
7949	343	-3.437E+02	1.00	5.245E-150	0	250	252	0	250	252	251M
7949	7949	-3.434E+02	1.00	7.189E-150	0	251	252	0	251	252	252M
7949	11768	-3.437E+02	1.00	5.245E-150	0	250	252	0	250	252	251M
7950	342	-2.831E+02	1.00	1.135E-123	0	205	207	0	205	207	206M
7950	7950	-2.828E+02	1.00	1.555E-123	0	206	207	0	206	207	207M
7950	11769	-2.831E+02	1.00	1.135E-123	0	205	207	0	205	207	206M
7951	341	-1.795E+02	1.00	1.075E-78	0	133	135	0	133	135	134M
7951	7951	-1.792E+02	1.00	1.474E-78	0	134	135	0	134	135	135M
7951	11770	-1.795E+02	1.00	1.075E-78	0	133	135	0	133	135	134M
7952	340	-2.724E+02	1.00	5.215E-119	0	172	174	0	172	174	173M
7952	7952	-2.720E+02	1.00	7.149E-119	0	173	174	0	173	174	174M
7952	11771	-2.724E+02	1.00	5.215E-119	0	172	174	0	172	174	173M
7953	339	-5.486E+02	0.997	5.337E-239	0	350	352	0	350	352	351M
7953	7953	-5.505E+02	1.00	8.056E-240	0	351	352	0	351	352	352M
7953	11772	-5.508E+02	1.00	5.879E-240	0	350	352	0	350	352	351M
7954	338	-2.561E+02	0.994	5.759E-112	0	168	170	0	168	170	169M
7954	7954	-2.571E+02	1.00	2.235E-112	0	169	170	0	169	170	170M
7954	11773	-2.574E+02	1.00	1.630E-112	0	168	170	0	168	170	169M
7955	337	-4.533E+02	0.996	1.315E-197	0	279	281	0	279	281	280M
7955	7955	-4.552E+02	1.00	1.984E-198	0	280	281	0	280	281	281M
7955	11774	-4.555E+02	1.00	1.448E-198	0	279	281	0	279	281	280M
7956	336	-1.673E+02	0.966	2.305E-73	0	119	121	0	119	122	120M
7956	7956	-1.726E+02	1.00	1.072E-75	0	120	121	0	120	121	121M
7956	11775	-1.729E+02	1.00	7.819E-76	0	119	121	0	119	121	120M
7957	335	-1.717E+02	1.00	2.636E-75	0	118	120	0	118	120	119M
7957	7957	-1.714E+02	1.00	3.615E-75	0	119	120	0	119	120	120M
7957	11776	-1.717E+02	1.00	2.636E-75	0	118	120	0	118	120	119M
7958	334	-4.521E+02	0.996	4.353E-197	0	271	273	0	271	273	272M
7958	7958	-4.521E+02	1.00	4.353E-197	0	272	273	0	272	273	273M
7958	11777	-4.525E+02	1.00	3.176E-197	0	271	273	0	271	273	272M
7959	333	-4.023E+02	0.992	1.902E-175	0	258	260	0	258	260	259M
7959	7959	-4.048E+02	1.00	1.527E-176	0	259	260	0	259	260	260M
7959	11778	-4.051E+02	1.00	1.114E-176	0	258	260	0	258	260	259M
7960	332	-7.084E+02	0.920	0.000E+00	0	776	778	0	729	731	310M47I420M
7960	7960	-7.084E+02	1.00	0.000E+00	0	777	778	0	777	778	778M
7960	11779	-7.084E+02	1.00	0.000E+00	0	776	778	0	776	778	777M
7961	331	-7.084E+02	0.997	0.000E+00	0	725	727	0	725	727	726M
7961	7961	-7.084E+02	1.00	0.000E+00	0	726	727	0	726	727	727M
7961	11780	-7.084E+02	1.00	0.000E+00	0	725	727	0	725	727	726M
7962	330	-3.630E+02	1.00	2.152E-158	0	255	257	0	255	257	256M
7962	7962	-3.627E+02	1.00	2.949E-158	0	256	257	0	256	257	257M
7962	11781	-3.630E+02	1.00	2.152E-158	0	255	257	0	255	257	256M
7963	329	-1.907E+02	0.986	1.534E-83	0	144	146	0	144	146	145M
7963	7963	-1.942E+02	1.00	4.761E-85	0	145	146	0	145	146	146M
7963	11782	-1.945E+02	1.00	3.472E-85	0	144	146	0	144	146	145M
7964	328	-8.707E+01	1.00	1.539E-38	0	71	73	0	71	73	72M
7964	7964	-8.675E+01	1.00	2.112E-38	0	72	73	0	72	73	73M
7964	11783	-8.707E+01	1.00	1.539E-38	0	71	73	0	71	73	72M
7965	327	-4.222E+02	0.986	4.200E-184	0	287	292	0	287	292	288M
7965	7965	-4.308E+02	1.00	8.460E-188	0	291	292	0	291	292	292M
7965	11784	-4.311E+02	1.00	6.173E-188	0	290	292	0	290	292	291M
7966	326	-3.142E+02	0.985	3.429E-137	0	207	209	0	207	209	208M
7966	7966	-3.183E+02	1.00	5.680E-139	0	208	209	0	208	209	209M
7966	11785	-3.186E+02	1.00	4.144E-139	0	207	209	0	207	209	208M
7967	325	-2.588E+02	0.994	4.148E-113	0	179	181	0	179	181	180M
7967	7967	-2.600E+02	1.00	1.174E-113	0	180	181	0	180	181	181M
7967	11786	-2.603E+02	1.00	8.565E-114	0	179	181	0	179	181	180M
7968	324	-2.980E+02	1.00	3.703E-130	0	196	198	0	196	198	197M
7968	7968	-2.977E+02	1.00	5.076E-130	0	197	198	0	197	198	198M
7968	11787	-2.980E+02	1.00	3.703E-130	0	196	198	0	196	198	197M
7969	323	-6.144E+02	1.00	1.425E-267	0	385	387	0	385	387	386M
7969	7969	-6.141E+02	1.00	1.953E-267	0	386	387	0	386	387	387M
7969	11788	-6.144E+02	1.00	1.425E-267	0	385	387	0	385	387	386M
7970	322	-7.084E+02	1.00	0.000E+00	0	564	566	0	564	566	565M
7970	7970	-7.084E+02	1.00	0.000E+00	0	565	566	0	565	566	566M
7970	11789	-7.084E+02	1.00	0.000E+00	0	564	566	0	564	566	565M
7971	321	-2.600E+02	0.722	1.160E-113	0	226	228	0	226	228	227M
7971	7971	-3.527E+02	1.00	6.391E-154	0	227	228	0	227	228	228M
7971	11790	-3.531E+02	1.00	4.662E-154	0	226	228	0	226	228	227M
7972	320	-6.863E+02	0.606	9.097E-299	0	742	744	1	766	768	260M8D142M3D8M3D30M1D35M16D9M2I38M1I16M3D80M13I5M5D104M
7972	7972	-7.084E+02	1.00	0.000E+00	0	743	744	0	743	744	744M
7972	11791	-7.084E+02	1.00	0.000E+00	0	742	744	0	742	744	743M
7973	3103	-6.338E+02	1.00	5.623E-276	0	443	445	0	443	445	444M
7973	7973	-6.335E+02	1.00	7.705E-276	0	444	445	0	444	445	445M
7973	11792	-6.338E+02	1.00	5.623E-276	0	443	445	0	443	445	444M
7974	3104	-2.997E+02	1.00	6.747E-131	0	200	202	0	200	202	201M
7974	7974	-2.994E+02	1.00	9.250E-131	0	201	202	0	201	202	202M
7974	11793	-2.997E+02	1.00	6.747E-131	0	200	202	0	200	202	201M
7975	3105	-6.555E+02	1.00	2.025E-285	0	436	438	0	436	438	437M
7975	7975	-6.552E+02	1.00	2.775E-285	0	437	438	0	437	438	438M
7975	11794	-6.555E+02	1.00	2.025E-285	0	436	438	0	436	438	437M
7976	3106	-3.715E+02	0.991	4.765E-162	0	237	239	0	237	239	238M
7976	7976	-3.733E+02	1.00	7.184E-163	0	238	239	0	238	239	239M
7976	11795	-3.737E+02	1.00	5.241E-163	0	237	239	0	237	239	238M
7977	3107	-2.542E+02	1.00	4.155E-111	0	183	185	0	183	185	184M
7977	7977	-2.538E+02	1.00	5.696E-111	0	184	185	0	184	185	185M
7977	11796	-2.542E+02	1.00	4.155E-111	0	183	185	0	183	185	184M
7978	3108	-7.084E+02	1.00	0.000E+00	0	507	509	0	507	509	508M
7978	7978	-7.084E+02	1.00	0.000E+00	0	508	509	0	508	509	509M
7978	11797	-7.084E+02	1.00	0.000E+00	0	507	509	0	507	509	508M
7979	3109	-7.084E+02	0.994	0.000E+00	0	713	715	0	713	715	714M
7979	7979	-7.084E+02	1.00	0.000E+00	0	714	715	0	714	715	715M
7979	11798	-7.084E+02	1.00	0.000E+00	0	713	715	0	713	715	714M
7980	3110	-6.466E+02	1.00	1.598E-281	0	419	421	0	419	421	420M
7980	7980	-6.462E+02	1.00	2.190E-281	0	420	421	0	420	421	421M
7980	11799	-6.466E+02	1.00	1.598E-281	0	419	421	0	419	421	420M
7981	7981	-3.402E+02	1.00	1.776E-148	0	232	233	0	232	233	233M
7981	11800	-3.405E+02	1.00	1.296E-148	0	231	233	0	231	233	232M
7982	1905	-2.897E+02	0.989	1.460E-126	0	191	193	0	191	193	192M
7982	7982	-2.913E+02	1.00	3.014E-127	0	192	193	0	192	193	193M
7982	11801	-2.916E+02	1.00	2.199E-127	0	191	193	0	191	193	192M
7983	1904	-2.374E+02	0.988	8.093E-104	0	171	173	0	171	173	172M
7983	7983	-2.412E+02	1.00	1.835E-105	0	172	173	0	172	173	173M
7983	11802	-2.415E+02	1.00	1.338E-105	0	171	173	0	171	173	172M
7984	1903	-5.412E+02	0.980	9.046E-236	0	354	356	0	354	356	355M
7984	7984	-5.529E+02	1.00	7.813E-241	0	355	356	0	355	356	356M
7984	11803	-5.532E+02	1.00	5.701E-241	0	354	356	0	354	356	355M
7985	1902	-3.750E+02	0.955	1.330E-163	0	248	250	0	248	250	249M
7985	7985	-3.870E+02	1.00	8.324E-169	0	249	250	0	249	250	250M
7985	11804	-3.873E+02	1.00	6.073E-169	0	248	250	0	248	250	249M
7986	1901	-6.114E+02	1.00	3.110E-266	0	397	399	0	397	399	398M
7986	7986	-6.110E+02	1.00	4.262E-266	0	398	399	0	398	399	399M
7986	11805	-6.114E+02	1.00	3.110E-266	0	397	399	0	397	399	398M
7987	1900	-5.985E+02	0.997	1.236E-260	0	410	412	0	410	412	411M
7987	7987	-5.991E+02	1.00	6.581E-261	0	411	412	0	411	412	412M
7987	11806	-5.994E+02	1.00	4.802E-261	0	410	412	0	410	412	411M
7988	1899	-4.616E+02	1.00	3.231E-201	0	310	312	0	310	312	311M
7988	7988	-4.613E+02	1.00	4.428E-201	0	311	312	0	311	312	312M
7988	11807	-4.616E+02	1.00	3.231E-201	0	310	312	0	310	312	311M
7989	2176	-7.063E+02	0.993	1.885E-307	0	487	492	0	487	513	488M
7989	7989	-7.160E+02	1.00	1.084E-311	0	491	492	0	491	492	492M
7989	11808	-7.163E+02	1.00	7.914E-312	0	490	492	0	490	492	491M
7990	2177	-8.985E+01	1.00	9.496E-40	0	66	68	0	66	68	67M
7990	7990	-8.954E+01	1.00	1.303E-39	0	67	68	0	67	68	68M
7990	11809	-8.985E+01	1.00	9.496E-40	0	66	68	0	66	68	67M
7991	2178	-3.587E+02	0.995	1.624E-156	0	233	235	0	233	235	234M
7991	7991	-3.587E+02	1.00	1.624E-156	0	234	235	0	234	235	235M
7991	11810	-3.590E+02	1.00	1.185E-156	0	233	235	0	233	235	234M
7992	2179	-5.755E+02	0.997	1.188E-250	0	399	405	0	399	401	400M
7992	7992	-5.818E+02	1.00	2.181E-253	0	404	405	0	404	405	405M
7992	11811	-5.821E+02	1.00	1.592E-253	0	403	405	0	403	405	404M
7993	2180	-7.084E+02	0.997	0.000E+00	0	691	693	10	701	703	692M
7993	7993	-7.084E+02	1.00	0.000E+00	0	692	693	0	692	693	693M
7993	11812	-7.084E+02	1.00	0.000E+00	0	691	693	0	691	693	692M
7994	2181	-2.901E+02	1.00	1.015E-126	0	190	192	0	190	192	191M
7994	7994	-2.898E+02	1.00	1.392E-126	0	191	192	0	191	192	192M
7994	11813	-2.901E+02	1.00	1.015E-126	0	190	192	0	190	192	191M
7995	2182	-7.084E+02	0.989	0.000E+00	0	847	849	0	847	849	848M
7995	7995	-7.084E+02	1.00	0.000E+00	0	848	849	0	848	849	849M
7995	11814	-7.084E+02	1.00	0.000E+00	0	847	849	0	847	849	848M
7996	2183	-3.820E+02	0.980	1.211E-166	0	260	262	0	260	262	261M
7996	7996	-3.896E+02	1.00	6.267E-170	0	261	262	0	261	262	262M
7996	11815	-3.899E+02	1.00	4.573E-170	0	260	262	0	260	262	261M
7997	2184	-2.572E+02	0.994	2.030E-112	0	166	168	0	166	168	167M
7997	7997	-2.578E+02	1.00	1.080E-112	0	167	168	0	167	168	168M
7997	11816	-2.581E+02	1.00	7.878E-113	0	166	168	0	166	168	167M
7998	2185	-1.826E+02	1.00	4.814E-80	0	121	123	0	121	123	122M
7998	7998	-1.823E+02	1.00	6.603E-80	0	122	123	0	122	123	123M
7998	11817	-1.826E+02	1.00	4.814E-80	0	121	123	0	121	123	122M
7999	2186	-4.813E+02	0.986	9.454E-210	0	301	303	0	301	303	302M
7999	7999	-4.873E+02	1.00	2.369E-212	0	302	303	0	302	303	303M
7999	11818	-4.876E+02	1.00	1.729E-212	0	301	303	0	301	303	302M
8000	2187	-5.415E+01	1.00	3.044E-24	0	45	47	0	45	47	46M
8000	8000	-5.383E+01	1.00	4.181E-24	0	46	47	0	46	47	47M
8000	11819	-5.415E+01	1.00	3.044E-24	0	45	47	0	45	47	46M
8001	2188	-5.871E+02	0.992	1.080E-255	0	376	379	0	376	378	377M
8001	8001	-5.905E+02	1.00	3.375E-257	0	378	379	0	378	379	379M
8001	11820	-5.909E+02	1.00	2.463E-257	0	377	379	0	377	379	378M
8002	2345	-2.180E+02	0.986	2.032E-95	0	149	155	0	149	150	150M
8002	8002	-2.281E+02	1.00	8.339E-100	0	154	155	0	154	155	155M
8002	11821	-2.285E+02	1.00	6.082E-100	0	153	155	0	153	155	154M
8003	2344	-7.084E+02	0.987	0.000E+00	0	1505	1507	0	1505	1507	1506M
8003	8003	-7.084E+02	1.00	0.000E+00	0	1506	1507	0	1506	1507	1507M
8003	11822	-7.084E+02	1.00	0.000E+00	0	1505	1507	0	1505	1507	1506M
8004	2343	-7.084E+02	0.997	0.000E+00	0	691	693	0	691	693	692M
8004	8004	-7.084E+02	1.00	0.000E+00	0	692	693	0	692	693	693M
8004	11823	-7.084E+02	1.00	0.000E+00	0	691	693	0	691	693	692M
8005	2342	-2.727E+02	1.00	3.525E-119	0	177	179	0	177	179	178M
8005	8005	-2.724E+02	1.00	4.833E-119	0	178	179	0	178	179	179M
8005	11824	-2.727E+02	1.00	3.525E-119	0	177	179	0	177	179	178M
8006	2341	-1.739E+02	1.00	3.031E-76	0	119	121	0	119	121	120M
8006	8006	-1.736E+02	1.00	4.157E-76	0	120	121	0	120	121	121M
8006	11825	-1.739E+02	1.00	3.031E-76	0	119	121	0	119	121	120M
8007	2340	-1.837E+02	1.00	1.734E-80	0	126	128	0	126	128	127M
8007	8007	-1.833E+02	1.00	2.379E-80	0	127	128	0	127	128	128M
8007	11826	-1.837E+02	1.00	1.734E-80	0	126	128	0	126	128	127M
8008	2339	-2.961E+02	0.990	2.660E-129	0	211	213	0	211	213	212M
8008	8008	-2.995E+02	1.00	8.283E-131	0	212	213	0	212	213	213M
8008	11827	-2.998E+02	1.00	6.042E-131	0	211	213	0	211	213	212M
8009	2338	-5.184E+02	1.00	7.561E-226	0	371	373	0	371	373	372M
8009	8009	-5.180E+02	1.00	1.036E-225	0	372	373	0	372	373	373M
8009	11828	-5.184E+02	1.00	7.561E-226	0	371	373	0	371	373	372M
8010	2337	-7.084E+02	0.998	0.000E+00	0	1031	1033	0	1031	1033	1032M
8010	8010	-7.084E+02	1.00	0.000E+00	0	1032	1033	0	1032	1033	1033M
8010	11829	-7.084E+02	1.00	0.000E+00	0	1031	1033	0	1031	1033	1032M
8011	2336	-7.084E+02	0.996	0.000E+00	0	570	572	0	570	572	571M
8011	8011	-7.084E+02	1.00	0.000E+00	0	571	572	0	571	572	572M
8011	11830	-7.084E+02	1.00	0.000E+00	0	570	572	0	570	572	571M
8012	2335	-1.575E+02	1.00	4.037E-69	0	111	114	0	111	114	112M
8012	8012	-1.584E+02	1.00	1.565E-69	0	113	114	0	113	114	114M
8012	11831	-1.587E+02	1.00	1.141E-69	0	112	114	0	112	114	113M
8013	2334	-1.675E+02	1.00	1.722E-73	0	113	115	0	113	115	114M
8013	8013	-1.672E+02	1.00	2.362E-73	0	114	115	0	114	115	115M
8013	11832	-1.675E+02	1.00	1.722E-73	0	113	115	0	113	115	114M
8014	8014	-1.696E+02	1.00	2.292E-74	0	118	119	0	118	119	119M
8014	11833	-1.699E+02	1.00	1.671E-74	0	117	119	0	117	119	118M
8015	1	-2.224E+02	0.986	2.640E-97	0	148	150	0	148	150	149M
8015	8015	-2.240E+02	1.00	5.446E-98	0	149	150	0	149	150	150M
8015	11834	-2.243E+02	1.00	3.972E-98	0	148	150	0	148	150	149M
8016	2	-3.669E+02	0.991	4.329E-160	0	239	241	0	239	241	240M
8016	8016	-3.685E+02	1.00	8.948E-161	0	240	241	0	240	241	241M
8016	11835	-3.688E+02	1.00	6.528E-161	0	239	241	0	239	241	240M
8017	3	-3.564E+02	0.991	1.623E-155	0	235	237	0	235	237	236M
8017	8017	-3.599E+02	1.00	5.058E-157	0	236	237	0	236	237	237M
8017	11836	-3.602E+02	1.00	3.690E-157	0	235	237	0	235	237	236M
8018	4	-3.814E+02	0.985	2.225E-166	0	273	275	0	273	275	274M
8018	8018	-3.858E+02	1.00	2.697E-168	0	274	275	0	274	275	275M
8018	11837	-3.862E+02	1.00	1.968E-168	0	273	275	0	273	275	274M
8019	5	-4.231E+02	0.996	1.832E-184	0	306	308	0	306	308	307M
8019	8019	-4.240E+02	1.00	7.116E-185	0	307	308	0	307	308	308M
8019	11838	-4.243E+02	1.00	5.193E-185	0	306	308	0	306	308	307M
8020	6	-5.727E+02	0.994	1.916E-249	0	368	370	0	368	370	369M
8020	8020	-5.749E+02	1.00	2.111E-250	0	369	370	0	369	370	370M
8020	11839	-5.752E+02	1.00	1.540E-250	0	368	370	0	368	370	369M
8021	7	-6.674E+02	0.992	1.421E-290	0	418	420	290	708	710	419M
8021	8021	-6.715E+02	1.00	2.364E-292	0	419	420	0	419	420	420M
8021	11840	-6.718E+02	1.00	1.725E-292	0	418	420	0	418	420	419M
8022	1242	-3.508E+01	0.970	5.814E-16	0	33	35	110	143	145	34M
8022	5826	-3.604E+01	1.00	2.237E-16	0	33	35	0	33	35	34M
8022	10186	-3.604E+01	1.00	2.237E-16	0	33	35	0	33	35	34M
8023	8023	-2.632E+01	1.00	3.693E-12	0	20	21	0	20	21	21M
8024	1047	-1.632E+02	0.991	1.299E-71	2	124	126	240	362	364	123M
8024	8024	-1.686E+02	1.00	6.048E-74	0	125	126	0	125	126	126M
8024	11881	-1.689E+02	1.00	4.410E-74	0	124	126	0	124	126	125M
8025	2691	-7.084E+02	0.988	0.000E+00	0	675	677	0	675	677	676M
8025	8025	-7.084E+02	1.00	0.000E+00	0	676	677	0	676	677	677M
8025	11880	-7.084E+02	1.00	0.000E+00	0	675	677	0	675	677	676M
8026	2690	-7.004E+02	1.00	6.418E-305	0	446	448	0	446	448	447M
8026	8026	-7.001E+02	1.00	8.794E-305	0	447	448	0	447	448	448M
8026	11879	-7.004E+02	1.00	6.418E-305	0	446	448	0	446	448	447M
8027	2689	-6.132E+02	0.997	5.086E-267	0	419	421	0	419	421	420M
8027	8027	-6.154E+02	1.00	5.607E-268	0	420	421	0	420	421	421M
8027	11878	-6.157E+02	1.00	4.092E-268	0	419	421	0	419	421	420M
8028	2688	-5.427E+02	1.00	2.098E-236	0	343	345	0	343	345	344M
8028	8028	-5.424E+02	1.00	2.875E-236	0	344	345	0	344	345	345M
8028	11877	-5.427E+02	1.00	2.098E-236	0	343	345	0	343	345	344M
8029	2687	-3.338E+02	1.00	1.038E-145	0	219	221	0	219	221	220M
8029	8029	-3.335E+02	1.00	1.422E-145	0	220	221	0	220	221	221M
8029	11876	-3.338E+02	1.00	1.038E-145	0	219	221	0	219	221	220M
8030	2686	-7.084E+02	0.988	0.000E+00	0	703	705	0	703	705	704M
8030	8030	-7.084E+02	1.00	0.000E+00	0	704	705	0	704	705	705M
8030	11875	-7.084E+02	1.00	0.000E+00	0	703	705	0	703	705	704M
8031	2685	-6.248E+02	0.992	4.569E-272	0	413	415	0	413	415	414M
8031	8031	-6.279E+02	1.00	1.957E-273	0	414	415	0	414	415	415M
8031	11874	-6.282E+02	1.00	1.428E-273	0	413	415	0	413	415	414M
8032	1583	-7.291E+02	0.959	2.331E-317	0	517	530	0	517	518	518M
8032	8032	-7.084E+02	1.00	0.000E+00	0	529	530	0	529	530	530M
8032	11873	-7.084E+02	1.00	0.000E+00	0	528	530	0	528	530	529M
8033	1582	-4.983E+02	0.985	3.921E-217	0	335	337	0	335	337	336M
8033	8033	-5.030E+02	1.00	3.472E-219	0	336	337	0	336	337	337M
8033	11872	-5.033E+02	1.00	2.533E-219	0	335	337	0	335	337	336M
8034	1581	-5.150E+02	0.980	2.241E-224	0	349	351	0	349	351	350M
8034	8034	-5.254E+02	1.00	6.829E-229	0	350	351	0	350	351	351M
8034	11871	-5.257E+02	1.00	4.983E-229	0	349	351	0	349	351	350M
8035	1580	-7.084E+02	0.983	0.000E+00	0	610	612	0	610	612	611M
8035	8035	-7.084E+02	1.00	0.000E+00	0	611	612	0	611	612	612M
8035	11870	-7.084E+02	1.00	0.000E+00	0	610	612	0	610	612	611M
8036	1579	-7.084E+02	0.995	0.000E+00	0	1070	1072	0	1070	1072	1071M
8036	8036	-7.084E+02	1.00	0.000E+00	0	1071	1072	0	1071	1072	1072M
8036	11869	-7.084E+02	1.00	0.000E+00	0	1070	1072	0	1070	1072	1071M
8037	1578	-7.181E+02	1.00	1.304E-312	0	458	460	0	458	460	459M
8037	8037	-7.178E+02	1.00	1.787E-312	0	459	460	0	459	460	460M
8037	11868	-7.181E+02	1.00	1.304E-312	0	458	460	0	458	460	459M
8038	1577	-7.084E+02	0.989	0.000E+00	0	546	548	0	546	548	547M
8038	8038	-7.084E+02	1.00	0.000E+00	0	547	548	0	547	548	548M
8038	11867	-7.084E+02	1.00	0.000E+00	0	546	548	0	546	548	547M
8039	1576	-3.745E+02	1.00	2.273E-163	0	246	248	0	246	248	247M
8039	8039	-3.742E+02	1.00	3.116E-163	0	247	248	0	247	248	248M
8039	11866	-3.745E+02	1.00	2.273E-163	0	246	248	0	246	248	247M
8040	1575	-4.458E+02	0.993	2.580E-194	0	286	288	0	286	288	287M
8040	8040	-4.476E+02	1.00	3.892E-195	0	287	288	0	287	288	288M
8040	11865	-4.480E+02	1.00	2.840E-195	0	286	288	0	286	288	287M
8041	1574	-3.306E+02	1.00	2.624E-144	0	234	236	0	234	236	235M
8041	8041	-3.303E+02	1.00	3.597E-144	0	235	236	0	235	236	236M
8041	11864	-3.306E+02	1.00	2.624E-144	0	234	236	0	234	236	235M
8042	1573	-2.001E+02	1.00	1.247E-87	0	132	134	0	132	134	133M
8042	8042	-1.998E+02	1.00	1.711E-87	0	133	134	0	133	134	134M
8042	11863	-2.001E+02	1.00	1.247E-87	0	132	134	0	132	134	133M
8043	1572	-3.976E+02	0.989	2.043E-173	0	277	279	0	277	279	278M
8043	8043	-4.024E+02	1.00	1.806E-175	0	278	279	0	278	279	279M
8043	11862	-4.027E+02	1.00	1.318E-175	0	277	279	0	277	279	278M
8044	1571	-1.792E+02	0.984	1.515E-78	0	127	129	0	127	129	128M
8044	8044	-1.820E+02	1.00	8.830E-80	0	128	129	0	128	129	129M
8044	11861	-1.823E+02	1.00	6.439E-80	0	127	129	0	127	129	128M
8045	1570	-4.463E+02	0.993	1.531E-194	0	295	297	0	295	297	296M
8045	8045	-4.479E+02	1.00	3.165E-195	0	296	297	0	296	297	297M
8045	11860	-4.482E+02	1.00	2.310E-195	0	295	297	0	295	297	296M
8046	1569	-2.893E+02	1.00	2.346E-126	0	201	203	0	201	203	202M
8046	8046	-2.890E+02	1.00	3.216E-126	0	202	203	0	202	203	203M
8046	11859	-2.893E+02	1.00	2.346E-126	0	201	203	0	201	203	202M
8047	1568	-3.042E+02	0.995	7.658E-133	0	212	214	0	212	214	213M
8047	8047	-3.052E+02	1.00	2.973E-133	0	213	214	0	213	214	214M
8047	11858	-3.055E+02	1.00	2.169E-133	0	212	214	0	212	214	213M
8048	1567	-1.928E+02	1.00	1.780E-84	0	132	134	0	132	134	133M
8048	8048	-1.925E+02	1.00	2.441E-84	0	133	134	0	133	134	134M
8048	11857	-1.928E+02	1.00	1.780E-84	0	132	134	0	132	134	133M
8049	1566	-1.017E+02	1.00	6.675E-45	0	82	84	0	82	84	83M
8049	8049	-1.014E+02	1.00	9.160E-45	0	83	84	0	83	84	84M
8049	11856	-1.017E+02	1.00	6.675E-45	0	82	84	0	82	84	83M
8050	1565	-6.180E+02	0.987	3.881E-269	0	409	411	0	409	411	410M
8050	8050	-6.237E+02	1.00	1.337E-271	0	410	411	0	410	411	411M
8050	11855	-6.240E+02	1.00	9.756E-272	0	409	411	0	409	411	410M
8051	1564	-6.055E+02	0.992	1.089E-263	0	401	403	0	401	403	402M
8051	8051	-6.096E+02	1.00	1.812E-265	0	402	403	0	402	403	403M
8051	11854	-6.099E+02	1.00	1.322E-265	0	401	403	0	401	403	402M
8052	1563	-6.522E+02	0.954	5.434E-284	0	439	441	0	439	441	440M
8052	8052	-6.781E+02	1.00	3.285E-295	0	440	441	0	440	441	441M
8052	11853	-6.784E+02	1.00	2.397E-295	0	439	441	0	439	441	440M
8053	1562	-2.902E+02	0.933	9.244E-127	0	208	210	0	209	211	195M1D14M
8053	8053	-3.094E+02	1.00	4.078E-135	0	209	210	0	209	210	210M
8053	11852	-3.098E+02	1.00	2.975E-135	0	208	210	0	208	210	209M
8054	1561	-2.383E+02	0.994	3.235E-104	0	185	187	0	185	187	186M
8054	8054	-2.396E+02	1.00	9.160E-105	0	186	187	0	186	187	187M
8054	11851	-2.399E+02	1.00	6.682E-105	0	185	187	0	185	187	186M
8055	1560	-1.160E+02	0.978	3.990E-51	0	93	95	0	93	95	94M
8055	8055	-1.186E+02	1.00	3.178E-52	0	94	95	0	94	95	95M
8055	11850	-1.189E+02	1.00	2.316E-52	0	93	95	0	93	95	94M
8056	3965	-1.035E+02	0.333	1.108E-45	4	408	458	0	395	421	33M1D11M1I29M2D13M10I40M1I51M1I5M1I35M2I8M2D66M1I39M4D29M1I28M
8056	8056	-6.952E+02	1.00	1.154E-302	0	457	458	0	457	458	458M
8056	11849	-6.956E+02	1.00	8.423E-303	0	456	458	0	456	458	457M
8057	8057	-2.394E+02	1.00	1.037E-104	0	162	163	0	162	163	163M
8057	11848	-2.397E+02	1.00	7.565E-105	0	161	163	0	161	163	162M
8058	4311	-4.944E+01	0.897	3.381E-22	0	38	40	0	38	45	39M
8058	8058	-5.674E+01	1.00	2.273E-25	0	39	40	0	39	40	40M
8058	11847	-5.706E+01	1.00	1.654E-25	0	38	40	0	38	40	39M
8059	270	-7.014E+02	0.842	2.323E-305	19	546	549	1	528	534	528M
8059	8059	-7.084E+02	1.00	0.000E+00	0	548	549	0	548	549	549M
8059	11846	-7.084E+02	1.00	0.000E+00	0	547	549	0	547	549	548M
8060	2049	-6.573E+01	0.214	2.852E-29	39	770	773	54	801	804	9M1D102M18I30M3I28M1I20M2I4M5D7M3I10M1I5M12I16M5I14M1I12M6D101M7D15M6D23M4D6M2D13M9D21M11D3M1I71M7D43M4I20M12D19M1D9M2I16M1I46M1I14M
8060	8060	-7.084E+02	1.00	0.000E+00	0	772	773	0	772	773	773M
8060	11845	-7.084E+02	1.00	0.000E+00	0	771	773	0	771	773	772M
8061	2734	-2.600E+02	0.917	1.231E-113	0	180	182	0	180	182	181M
8061	8061	-2.795E+02	1.00	3.934E-122	0	181	182	0	181	182	182M
8061	11844	-2.799E+02	1.00	2.870E-122	0	180	182	0	180	182	181M
8062	2733	-1.776E+02	0.953	7.713E-78	0	128	130	0	128	130	129M
8062	8062	-1.858E+02	1.00	2.094E-81	0	129	130	0	129	130	130M
8062	11843	-1.861E+02	1.00	1.527E-81	0	128	130	0	128	130	129M
8063	3505	-7.084E+02	0.964	0.000E+00	0	817	819	323	1140	1142	818M
8063	8063	-7.084E+02	1.00	0.000E+00	0	818	819	0	818	819	819M
8063	11842	-7.084E+02	1.00	0.000E+00	0	817	819	0	817	819	818M
8064	4224	-4.993E+02	1.00	1.436E-217	0	327	329	0	327	329	328M
8064	8064	-4.990E+02	1.00	1.967E-217	0	328	329	0	328	329	329M
8064	11921	-4.993E+02	1.00	1.436E-217	0	327	329	0	327	329	328M
8065	2879	-4.151E+01	0.446	9.411E-19	0	119	137	324	443	452	17M1I6M1D96M
8065	8065	-1.763E+02	1.00	2.783E-77	0	136	137	0	136	137	137M
8065	11920	-1.766E+02	1.00	2.029E-77	0	135	137	0	135	137	136M
8066	3618	-4.308E+02	0.989	8.460E-188	0	290	292	0	290	413	291M
8066	8066	-4.342E+02	1.00	2.640E-189	0	291	292	0	291	292	292M
8066	11919	-4.345E+02	1.00	1.926E-189	0	290	292	0	290	292	291M
8067	3617	-6.414E+02	0.978	2.809E-279	0	414	417	0	414	417	415M
8067	8067	-6.546E+02	1.00	5.031E-285	0	416	417	0	416	417	417M
8067	11918	-6.549E+02	1.00	3.672E-285	0	415	417	0	415	417	416M
8068	3616	-3.625E+02	0.957	3.727E-158	0	260	262	0	260	262	261M
8068	8068	-3.830E+02	1.00	4.702E-167	0	261	262	0	261	262	262M
8068	11917	-3.833E+02	1.00	3.431E-167	0	260	262	0	260	262	261M
8069	3615	-6.362E+02	0.980	4.938E-277	0	411	413	0	411	413	412M
8069	8069	-6.466E+02	1.00	1.507E-281	0	412	413	0	412	413	413M
8069	11916	-6.469E+02	1.00	1.100E-281	0	411	413	0	411	413	412M
8070	3614	-2.631E+02	0.988	5.672E-115	0	175	177	0	175	177	176M
8070	8070	-2.656E+02	1.00	4.544E-116	0	176	177	0	176	177	177M
8070	11915	-2.659E+02	1.00	3.314E-116	0	175	177	0	175	177	176M
8071	3613	-4.990E+02	0.977	2.006E-217	0	314	316	0	314	316	315M
8071	8071	-5.103E+02	1.00	2.367E-222	0	315	316	0	315	316	316M
8071	11914	-5.106E+02	1.00	1.727E-222	0	314	316	0	314	316	315M
8072	3612	-5.489E+02	0.991	4.082E-239	0	351	353	0	351	353	352M
8072	8072	-5.540E+02	1.00	2.637E-241	0	352	353	0	352	353	353M
8072	11913	-5.543E+02	1.00	1.924E-241	0	351	353	0	351	353	352M
8073	2362	-5.330E+02	0.994	3.341E-232	0	341	343	0	341	343	342M
8073	8073	-5.349E+02	1.00	5.042E-233	0	342	343	0	342	343	343M
8073	11912	-5.352E+02	1.00	3.679E-233	0	341	343	0	341	343	342M
8074	2363	-2.517E+02	1.00	4.912E-110	0	162	164	0	162	164	163M
8074	8074	-2.514E+02	1.00	6.734E-110	0	163	164	0	163	164	164M
8074	11911	-2.517E+02	1.00	4.912E-110	0	162	164	0	162	164	163M
8075	2364	-7.084E+02	0.995	0.000E+00	0	470	472	0	470	472	471M
8075	8075	-7.084E+02	1.00	0.000E+00	0	471	472	0	471	472	472M
8075	11910	-7.084E+02	1.00	0.000E+00	0	470	472	0	470	472	471M
8076	2365	-1.573E+02	0.956	4.670E-69	0	115	117	0	115	117	116M
8076	8076	-1.656E+02	1.00	1.264E-72	0	116	117	0	116	117	117M
8076	11909	-1.659E+02	1.00	9.214E-73	0	115	117	0	115	117	116M
8077	2366	-3.732E+02	0.954	8.252E-163	0	260	262	0	260	262	261M
8077	8077	-3.899E+02	1.00	4.573E-170	0	261	262	0	261	262	262M
8077	11908	-3.902E+02	1.00	3.336E-170	0	260	262	0	260	262	261M
8078	2367	-3.356E+02	0.995	1.831E-146	0	229	231	0	229	231	230M
8078	8078	-3.368E+02	1.00	5.187E-147	0	230	231	0	230	231	231M
8078	11907	-3.371E+02	1.00	3.784E-147	0	229	231	0	229	231	230M
8079	2368	-2.938E+02	0.966	2.499E-128	0	205	207	0	205	207	206M
8079	8079	-3.064E+02	1.00	8.288E-134	0	206	207	0	206	207	207M
8079	11906	-3.067E+02	1.00	6.046E-134	0	205	207	0	205	207	206M
8080	2369	-3.760E+02	0.996	5.240E-164	0	255	257	0	255	257	256M
8080	8080	-3.775E+02	1.00	1.083E-164	0	256	257	0	256	257	257M
8080	11905	-3.779E+02	1.00	7.903E-165	0	255	257	0	255	257	256M
8081	2370	-3.301E+02	1.00	4.491E-144	0	212	214	0	212	214	213M
8081	8081	-3.298E+02	1.00	6.157E-144	0	213	214	0	213	214	214M
8081	11904	-3.301E+02	1.00	4.491E-144	0	212	214	0	212	214	213M
8082	3351	-1.849E+02	1.00	4.776E-81	0	132	134	0	132	134	133M
8082	8082	-1.846E+02	1.00	6.549E-81	0	133	134	0	133	134	134M
8082	11903	-1.849E+02	1.00	4.776E-81	0	132	134	0	132	134	133M
8083	3352	-7.084E+02	0.986	0.000E+00	0	592	594	10	605	607	578M3D15M
8083	8083	-7.084E+02	1.00	0.000E+00	0	593	594	0	593	594	594M
8083	11902	-7.084E+02	1.00	0.000E+00	0	592	594	0	592	594	593M
8084	3353	-7.084E+02	0.998	0.000E+00	0	690	692	0	690	692	691M
8084	8084	-7.084E+02	1.00	0.000E+00	0	691	692	0	691	692	692M
8084	11901	-7.084E+02	1.00	0.000E+00	0	690	692	0	690	692	691M
8085	3354	-4.740E+02	0.980	1.395E-206	0	302	304	0	302	304	303M
8085	8085	-4.825E+02	1.00	2.809E-210	0	303	304	0	303	304	304M
8085	11900	-4.828E+02	1.00	2.049E-210	0	302	304	0	302	304	303M
8086	3355	-3.944E+02	0.996	4.961E-172	0	251	253	0	251	253	252M
8086	8086	-3.957E+02	1.00	1.406E-172	0	252	253	0	252	253	253M
8086	11899	-3.960E+02	1.00	1.025E-172	0	251	253	0	251	253	252M
8087	3356	-1.357E+02	0.978	1.219E-59	0	93	95	0	93	95	94M
8087	8087	-1.398E+02	1.00	1.999E-61	0	94	95	0	94	95	95M
8087	11898	-1.401E+02	1.00	1.457E-61	0	93	95	0	93	95	94M
8088	3357	-6.199E+02	0.994	6.118E-270	0	383	385	0	383	385	384M
8088	8088	-6.202E+02	1.00	4.464E-270	0	384	385	0	384	385	385M
8088	11897	-6.205E+02	1.00	3.258E-270	0	383	385	0	383	385	384M
8089	3358	-5.515E+02	0.985	2.986E-240	0	349	351	0	349	351	350M
8089	8089	-5.575E+02	1.00	7.494E-243	0	350	351	0	350	351	351M
8089	11896	-5.578E+02	1.00	5.468E-243	0	349	351	0	349	351	350M
8090	8090	-6.749E+01	1.00	4.888E-30	0	58	59	0	58	59	59M
8090	11895	-6.781E+01	1.00	3.559E-30	0	57	59	0	57	59	58M
8091	4476	-8.582E+01	1.00	5.361E-38	14	77	79	0	63	65	64M
8091	8091	-1.070E+02	1.00	3.292E-47	0	78	79	0	78	79	79M
8091	11894	-1.073E+02	1.00	2.399E-47	0	77	79	0	77	79	78M
8092	4105	-2.906E+02	0.989	6.535E-127	1	194	196	20	213	215	194M
8092	8092	-2.940E+02	1.00	2.033E-128	0	195	196	0	195	196	196M
8092	11893	-2.943E+02	1.00	1.483E-128	0	194	196	0	194	196	195M
8093	4104	-7.084E+02	0.992	0.000E+00	0	507	509	11	518	520	508M
8093	8093	-7.084E+02	1.00	0.000E+00	0	508	509	0	508	509	509M
8093	11892	-7.084E+02	1.00	0.000E+00	0	507	509	0	507	509	508M
8094	4103	-2.297E+02	0.974	1.805E-100	0	154	156	0	154	156	155M
8094	8094	-2.382E+02	1.00	3.592E-104	0	155	156	0	155	156	156M
8094	11891	-2.385E+02	1.00	2.620E-104	0	154	156	0	154	156	155M
8095	4103	-5.630E+01	0.495	3.544E-25	0	104	122	0	106	156	19M2D86M
8095	8095	-1.710E+02	1.00	5.462E-75	0	121	122	0	121	122	122M
8095	11890	-1.713E+02	1.00	3.983E-75	0	120	122	0	120	122	121M
8096	4348	-5.819E+02	0.963	1.858E-253	0	386	388	0	386	388	387M
8096	8096	-5.989E+02	1.00	7.581E-261	0	387	388	0	387	388	388M
8096	11889	-5.993E+02	1.00	5.532E-261	0	386	388	0	386	388	387M
8097	3519	-7.084E+02	0.988	0.000E+00	29	622	624	0	593	595	594M
8097	8097	-7.084E+02	1.00	0.000E+00	0	623	624	0	623	624	624M
8097	11888	-7.084E+02	1.00	0.000E+00	0	622	624	0	622	624	623M
8098	3520	-5.743E+02	1.00	3.964E-250	0	368	370	0	368	370	369M
8098	8098	-5.740E+02	1.00	5.432E-250	0	369	370	0	369	370	370M
8098	11887	-5.743E+02	1.00	3.964E-250	0	368	370	0	368	370	369M
8099	3521	-4.308E+02	0.936	7.691E-188	17	315	317	0	299	301	48M1D251M
8099	8099	-4.873E+02	1.00	2.440E-212	0	316	317	0	316	317	317M
8099	11886	-4.876E+02	1.00	1.780E-212	0	315	317	0	315	317	316M
8100	4171	-5.165E+02	1.00	4.968E-225	0	337	339	0	337	339	338M
8100	8100	-5.162E+02	1.00	6.808E-225	0	338	339	0	338	339	339M
8100	11885	-5.165E+02	1.00	4.968E-225	0	337	339	0	337	339	338M
8101	3405	-7.084E+02	0.619	0.000E+00	12	851	853	11	844	846	11M1I20M1D82M3I69M3I651M
8101	8101	-7.084E+02	1.00	0.000E+00	0	852	853	0	852	853	853M
8101	11884	-7.084E+02	1.00	0.000E+00	0	851	853	0	851	853	852M
8102	3404	-2.291E+02	0.635	3.293E-100	2	234	237	10	245	247	117M3D116M
8102	8102	-3.504E+02	1.00	6.491E-153	0	236	237	0	236	237	237M
8102	11883	-3.507E+02	1.00	4.735E-153	0	235	237	0	235	237	236M
8103	1242	-3.508E+01	0.970	5.814E-16	0	33	35	110	143	145	34M
8103	5826	-3.604E+01	1.00	2.237E-16	0	33	35	0	33	35	34M
8103	10186	-3.604E+01	1.00	2.237E-16	0	33	35	0	33	35	34M
8104	1690	-5.524E+02	0.994	1.292E-240	0	358	360	0	358	360	359M
8104	8104	-5.539E+02	1.00	2.672E-241	0	359	360	0	359	360	360M
8104	10073	-5.543E+02	1.00	1.950E-241	0	358	360	0	358	360	359M
8105	1689	-2.945E+02	1.00	1.286E-128	0	191	193	0	191	193	192M
8105	8105	-2.942E+02	1.00	1.763E-128	0	192	193	0	192	193	193M
8105	10072	-2.945E+02	1.00	1.286E-128	0	191	193	0	191	193	192M
8106	1688	-4.863E+02	1.00	6.281E-212	0	315	317	0	315	317	316M
8106	8106	-4.860E+02	1.00	8.608E-212	0	316	317	0	316	317	317M
8106	10071	-4.863E+02	1.00	6.281E-212	0	315	317	0	315	317	316M
8107	1687	-6.520E+02	1.00	6.713E-284	0	430	432	0	430	432	431M
8107	8107	-6.517E+02	1.00	9.199E-284	0	431	432	0	431	432	432M
8107	10070	-6.520E+02	1.00	6.713E-284	0	430	432	0	430	432	431M
8108	1686	-5.527E+02	0.997	9.542E-241	0	365	367	0	365	367	366M
8108	8108	-5.536E+02	1.00	3.708E-241	0	366	367	0	366	367	367M
8108	10069	-5.539E+02	1.00	2.706E-241	0	365	367	0	365	367	366M
8109	1685	-2.208E+02	1.00	1.252E-96	0	141	143	0	141	143	142M
8109	8109	-2.205E+02	1.00	1.717E-96	0	142	143	0	142	143	143M
8109	10068	-2.208E+02	1.00	1.252E-96	0	141	143	0	141	143	142M
8110	1684	-7.084E+02	0.998	0.000E+00	0	727	729	0	727	729	728M
8110	8110	-7.084E+02	1.00	0.000E+00	0	728	729	0	728	729	729M
8110	10067	-7.084E+02	1.00	0.000E+00	0	727	729	0	727	729	728M
8111	1683	-3.499E+02	0.991	1.074E-152	0	239	241	0	239	241	240M
8111	8111	-3.524E+02	1.00	8.623E-154	0	240	241	0	240	241	241M
8111	10066	-3.528E+02	1.00	6.291E-154	0	239	241	0	239	241	240M
8112	1682	-3.308E+02	0.987	2.175E-144	0	230	232	0	230	232	231M
8112	8112	-3.352E+02	1.00	2.631E-146	0	231	232	0	231	232	232M
8112	10065	-3.355E+02	1.00	1.920E-146	0	230	232	0	230	232	231M
8113	1681	-7.084E+02	0.996	0.000E+00	0	512	514	0	512	514	513M
8113	8113	-7.084E+02	1.00	0.000E+00	0	513	514	0	513	514	514M
8113	10064	-7.084E+02	1.00	0.000E+00	0	512	514	0	512	514	513M
8114	1680	-2.943E+02	0.984	1.527E-128	0	188	190	0	188	190	189M
8114	8114	-2.971E+02	1.00	8.930E-130	0	189	190	0	189	190	190M
8114	10063	-2.975E+02	1.00	6.514E-130	0	188	190	0	188	190	189M
8115	1679	-4.063E+02	0.992	3.453E-177	0	280	282	0	280	282	281M
8115	8115	-4.088E+02	1.00	2.774E-178	0	281	282	0	281	282	282M
8115	10062	-4.092E+02	1.00	2.024E-178	0	280	282	0	280	282	281M
8116	1678	-6.416E+01	1.00	1.373E-28	0	54	56	0	54	56	55M
8116	8116	-6.384E+01	1.00	1.886E-28	0	55	56	0	55	56	56M
8116	10061	-6.416E+01	1.00	1.373E-28	0	54	56	0	54	56	55M
8117	1677	-7.084E+02	0.976	0.000E+00	0	721	723	0	721	723	722M
8117	8117	-7.084E+02	1.00	0.000E+00	0	722	723	0	722	723	723M
8117	10060	-7.084E+02	1.00	0.000E+00	0	721	723	0	721	723	722M
8118	1676	-3.475E+02	1.00	1.218E-151	0	237	239	0	237	239	238M
8118	8118	-3.472E+02	1.00	1.670E-151	0	238	239	0	238	239	239M
8118	10059	-3.475E+02	1.00	1.218E-151	0	237	239	0	237	239	238M
8119	1675	-6.020E+02	0.986	3.518E-262	0	381	383	0	381	383	382M
8119	8119	-6.105E+02	1.00	7.102E-266	0	382	383	0	382	383	383M
8119	10058	-6.108E+02	1.00	5.182E-266	0	381	383	0	381	383	382M
8120	1674	-5.069E+02	0.970	7.293E-221	0	340	342	0	340	342	341M
8120	8120	-5.195E+02	1.00	2.447E-226	0	341	342	0	341	342	342M
8120	10057	-5.198E+02	1.00	1.785E-226	0	340	342	0	340	342	341M
8121	1673	-3.087E+02	1.00	8.832E-135	0	211	213	0	211	213	212M
8121	8121	-3.084E+02	1.00	1.211E-134	0	212	213	0	212	213	213M
8121	10056	-3.087E+02	1.00	8.832E-135	0	211	213	0	211	213	212M
8122	500	-1.336E+02	0.530	9.175E-59	2	196	216	0	195	203	28M1D167M
8122	8122	-3.104E+02	1.00	1.534E-135	0	215	216	0	215	216	216M
8122	10055	-3.107E+02	1.00	1.119E-135	0	214	216	0	214	216	215M
8123	3864	-3.090E+02	1.00	6.338E-135	0	204	206	0	204	206	205M
8123	8123	-3.087E+02	1.00	8.689E-135	0	205	206	0	205	206	206M
8123	10054	-3.090E+02	1.00	6.338E-135	0	204	206	0	204	206	205M
8124	3863	-3.617E+02	0.991	7.995E-158	0	236	238	0	236	238	237M
8124	8124	-3.655E+02	1.00	1.817E-159	0	237	238	0	237	238	238M
8124	10053	-3.658E+02	1.00	1.326E-159	0	236	238	0	236	238	237M
8125	3862	-3.509E+02	0.995	3.920E-153	0	231	233	0	231	233	232M
8125	8125	-3.522E+02	1.00	1.110E-153	0	232	233	0	232	233	233M
8125	10052	-3.525E+02	1.00	8.100E-154	0	231	233	0	231	233	232M
8126	3861	-3.700E+02	0.995	1.969E-161	0	247	249	0	247	249	248M
8126	8126	-3.722E+02	1.00	2.166E-162	0	248	249	0	248	249	249M
8126	10051	-3.726E+02	1.00	1.580E-162	0	247	249	0	247	249	248M
8127	3860	-2.028E+02	0.992	8.410E-89	0	135	137	0	135	137	136M
8127	8127	-2.041E+02	1.00	2.378E-89	0	136	137	0	136	137	137M
8127	10050	-2.044E+02	1.00	1.734E-89	0	135	137	0	135	137	136M
8128	3859	-1.578E+02	0.990	2.869E-69	0	105	107	0	105	107	106M
8128	8128	-1.578E+02	1.00	2.869E-69	0	106	107	0	106	107	107M
8128	10049	-1.581E+02	1.00	2.092E-69	0	105	107	0	105	107	106M
8129	3858	-6.968E+02	1.00	2.475E-303	0	450	452	0	450	452	451M
8129	8129	-6.965E+02	1.00	3.391E-303	0	451	452	0	451	452	452M
8129	10048	-6.968E+02	1.00	2.475E-303	0	450	452	0	450	452	451M
8130	3684	-4.794E+02	1.00	6.230E-209	0	321	323	0	321	323	322M
8130	8130	-4.791E+02	1.00	8.538E-209	0	322	323	0	322	323	323M
8130	10047	-4.794E+02	1.00	6.230E-209	0	321	323	0	321	323	322M
8131	3683	-4.893E+02	0.990	3.284E-213	0	326	328	0	326	328	327M
8131	8131	-4.924E+02	1.00	1.405E-214	0	327	328	0	327	328	328M
8131	10046	-4.927E+02	1.00	1.025E-214	0	326	328	0	326	328	327M
8132	3682	-6.044E+02	0.997	3.147E-263	0	390	392	0	390	392	391M
8132	8132	-6.057E+02	1.00	8.923E-264	0	391	392	0	391	392	392M
8132	10045	-6.060E+02	1.00	6.511E-264	0	390	392	0	390	392	391M
8133	3681	-3.812E+02	1.00	2.744E-166	0	264	266	0	264	266	265M
8133	8133	-3.809E+02	1.00	3.761E-166	0	265	266	0	265	266	266M
8133	10044	-3.812E+02	1.00	2.744E-166	0	264	266	0	264	266	265M
8134	3680	-3.897E+02	1.00	5.785E-170	0	265	267	0	265	267	266M
8134	8134	-3.894E+02	1.00	7.928E-170	0	266	267	0	266	267	267M
8134	10043	-3.897E+02	1.00	5.785E-170	0	265	267	0	265	267	266M
8135	3679	-3.026E+02	1.00	3.650E-132	0	205	207	0	205	207	206M
8135	8135	-3.023E+02	1.00	5.003E-132	0	206	207	0	206	207	207M
8135	10042	-3.026E+02	1.00	3.650E-132	0	205	207	0	205	207	206M
8136	3678	-2.874E+02	1.00	1.505E-125	0	187	189	0	187	189	188M
8136	8136	-2.871E+02	1.00	2.063E-125	0	188	189	0	188	189	189M
8136	10041	-2.874E+02	1.00	1.505E-125	0	187	189	0	187	189	188M
8137	3677	-5.600E+02	0.989	6.048E-244	0	376	378	0	376	378	377M
8137	8137	-5.663E+02	1.00	1.109E-246	0	377	378	0	377	378	378M
8137	10040	-5.666E+02	1.00	8.092E-247	0	376	378	0	376	378	377M
8138	2587	-5.192E+02	1.00	3.157E-226	0	332	334	0	332	334	333M
8138	8138	-5.189E+02	1.00	4.327E-226	0	333	334	0	333	334	334M
8138	10039	-5.192E+02	1.00	3.157E-226	0	332	334	0	332	334	333M
8139	2586	-7.084E+02	0.993	0.000E+00	0	944	946	0	944	946	945M
8139	8139	-7.084E+02	1.00	0.000E+00	0	945	946	0	945	946	946M
8139	10038	-7.084E+02	1.00	0.000E+00	0	944	946	0	944	946	945M
8140	2585	-2.662E+02	1.00	2.418E-116	0	175	177	0	175	177	176M
8140	8140	-2.659E+02	1.00	3.314E-116	0	176	177	0	176	177	177M
8140	10037	-2.662E+02	1.00	2.418E-116	0	175	177	0	175	177	176M
8141	2584	-2.414E+02	1.00	1.419E-105	0	159	161	0	159	161	160M
8141	8141	-2.411E+02	1.00	1.945E-105	0	160	161	0	160	161	161M
8141	10036	-2.414E+02	1.00	1.419E-105	0	159	161	0	159	161	160M
8142	2583	-2.663E+02	0.994	2.134E-116	0	179	181	0	179	181	180M
8142	8142	-2.667E+02	1.00	1.557E-116	0	180	181	0	180	181	181M
8142	10035	-2.670E+02	1.00	1.136E-116	0	179	181	0	179	181	180M
8143	8143	-2.406E+02	1.00	3.230E-105	0	164	165	0	164	165	165M
8143	10034	-2.409E+02	1.00	2.356E-105	0	163	165	0	163	165	164M
8144	1242	-3.694E+01	0.971	9.096E-17	0	34	36	109	143	145	35M
8144	5348	-3.789E+01	1.00	3.501E-17	0	34	36	0	34	36	35M
8144	9408	-3.789E+01	1.00	3.501E-17	0	34	36	0	34	36	35M
8145	3671	-6.840E+02	0.995	8.437E-298	3	487	489	10	494	496	485M
8145	8145	-6.922E+02	1.00	2.345E-301	0	488	489	0	488	489	489M
8145	11923	-6.925E+02	1.00	1.711E-301	0	487	489	0	487	489	488M
8146	3670	-4.220E+02	1.00	5.423E-184	0	282	284	0	282	284	283M
8146	8146	-4.217E+02	1.00	7.432E-184	0	283	284	0	283	284	284M
8146	11924	-4.220E+02	1.00	5.423E-184	0	282	284	0	282	284	283M
8147	3669	-1.395E+02	1.00	2.557E-61	0	98	100	0	98	100	99M
8147	8147	-1.392E+02	1.00	3.508E-61	0	99	100	0	99	100	100M
8147	11925	-1.395E+02	1.00	2.557E-61	0	98	100	0	98	100	99M
8148	3668	-1.750E+02	1.00	9.908E-77	0	122	124	0	122	124	123M
8148	8148	-1.747E+02	1.00	1.359E-76	0	123	124	0	123	124	124M
8148	11926	-1.750E+02	1.00	9.908E-77	0	122	124	0	122	124	123M
8149	8149	-3.248E+02	1.00	9.127E-142	0	212	213	0	212	213	213M
8149	11927	-3.251E+02	1.00	6.658E-142	0	211	213	0	211	213	212M
8150	2950	-7.084E+02	0.998	0.000E+00	0	635	637	0	635	637	636M
8150	8150	-7.084E+02	1.00	0.000E+00	0	636	637	0	636	637	637M
8150	11928	-7.084E+02	1.00	0.000E+00	0	635	637	0	635	637	636M
8151	2951	-3.671E+02	0.995	3.582E-160	0	235	237	0	235	237	236M
8151	8151	-3.681E+02	1.00	1.391E-160	0	236	237	0	236	237	237M
8151	11929	-3.684E+02	1.00	1.015E-160	0	235	237	0	235	237	236M
8152	2952	-3.354E+02	1.00	2.179E-146	0	226	228	0	226	228	227M
8152	8152	-3.351E+02	1.00	2.986E-146	0	227	228	0	227	228	228M
8152	11930	-3.354E+02	1.00	2.179E-146	0	226	228	0	226	228	227M
8153	2953	-2.522E+02	1.00	2.846E-110	0	177	179	299	476	478	178M
8153	8153	-2.519E+02	1.00	3.901E-110	0	178	179	0	178	179	179M
8153	11931	-2.522E+02	1.00	2.846E-110	0	177	179	0	177	179	178M
8154	2953	-4.184E+02	0.996	1.909E-182	0	280	286	0	280	478	281M
8154	8154	-4.269E+02	1.00	3.843E-186	0	285	286	0	285	286	286M
8154	11932	-4.272E+02	1.00	2.804E-186	0	284	286	0	284	286	285M
8155	2954	-4.001E+02	1.00	1.649E-174	0	257	259	0	257	259	258M
8155	8155	-3.998E+02	1.00	2.260E-174	0	258	259	0	258	259	259M
8155	11933	-4.001E+02	1.00	1.649E-174	0	257	259	0	257	259	258M
8156	2955	-4.446E+02	1.00	8.406E-194	0	291	293	0	291	293	292M
8156	8156	-4.443E+02	1.00	1.152E-193	0	292	293	0	292	293	293M
8156	11934	-4.446E+02	1.00	8.406E-194	0	291	293	0	291	293	292M
8157	2956	-4.100E+02	1.00	8.807E-179	0	269	271	0	269	271	270M
8157	8157	-4.097E+02	1.00	1.207E-178	0	270	271	0	270	271	271M
8157	11935	-4.100E+02	1.00	8.807E-179	0	269	271	0	269	271	270M
8158	2957	-7.394E+01	1.00	7.767E-33	0	55	57	0	55	57	56M
8158	8158	-7.362E+01	1.00	1.066E-32	0	56	57	0	56	57	57M
8158	11936	-7.394E+01	1.00	7.767E-33	0	55	57	0	55	57	56M
8159	1423	-6.750E+02	1.00	6.984E-294	0	437	439	0	437	439	438M
8159	8159	-6.747E+02	1.00	9.571E-294	0	438	439	0	438	439	439M
8159	11937	-6.750E+02	1.00	6.984E-294	0	437	439	0	437	439	438M
8160	1422	-2.647E+02	1.00	1.116E-115	0	174	176	0	174	176	175M
8160	8160	-2.644E+02	1.00	1.530E-115	0	175	176	0	175	176	176M
8160	11938	-2.647E+02	1.00	1.116E-115	0	174	176	0	174	176	175M
8161	1421	-1.847E+02	1.00	6.242E-81	0	131	133	0	131	133	132M
8161	8161	-1.844E+02	1.00	8.560E-81	0	132	133	0	132	133	133M
8161	11939	-1.847E+02	1.00	6.242E-81	0	131	133	0	131	133	132M
8162	1420	-1.802E+02	0.992	5.597E-79	0	126	128	0	126	128	127M
8162	8162	-1.818E+02	1.00	1.154E-79	0	127	128	0	127	128	128M
8162	11940	-1.821E+02	1.00	8.414E-80	0	126	128	0	126	128	127M
8163	1419	-7.084E+02	1.00	0.000E+00	0	558	560	0	558	560	559M
8163	8163	-7.084E+02	1.00	0.000E+00	0	559	560	0	559	560	560M
8163	11941	-7.084E+02	1.00	0.000E+00	0	558	560	0	558	560	559M
8164	1418	-7.084E+02	1.00	0.000E+00	0	738	740	0	738	740	739M
8164	8164	-7.084E+02	1.00	0.000E+00	0	739	740	0	739	740	740M
8164	11942	-7.084E+02	1.00	0.000E+00	0	738	740	0	738	740	739M
8165	1417	-6.684E+02	0.993	5.465E-291	0	438	440	0	438	440	439M
8165	8165	-6.709E+02	1.00	4.396E-292	0	439	440	0	439	440	440M
8165	11943	-6.712E+02	1.00	3.208E-292	0	438	440	0	438	440	439M
8166	1416	-3.161E+02	1.00	5.010E-138	0	213	215	0	213	215	214M
8166	8166	-3.158E+02	1.00	6.867E-138	0	214	215	0	214	215	215M
8166	11944	-3.161E+02	1.00	5.010E-138	0	213	215	0	213	215	214M
8167	1415	-2.369E+02	0.993	1.270E-103	0	154	156	0	154	156	155M
8167	8167	-2.376E+02	1.00	6.753E-104	0	155	156	0	155	156	156M
8167	11945	-2.379E+02	1.00	4.925E-104	0	154	156	0	154	156	155M
8168	1414	-7.084E+02	0.998	0.000E+00	0	529	531	0	529	531	530M
8168	8168	-7.084E+02	1.00	0.000E+00	0	530	531	0	530	531	531M
8168	11946	-7.084E+02	1.00	0.000E+00	0	529	531	0	529	531	530M
8169	1413	-3.067E+02	1.00	6.340E-134	0	206	208	0	206	208	207M
8169	8169	-3.064E+02	1.00	8.691E-134	0	207	208	0	207	208	208M
8169	11947	-3.067E+02	1.00	6.340E-134	0	206	208	0	206	208	207M
8170	1412	-6.852E+02	0.989	2.656E-298	0	462	464	0	462	464	463M
8170	8170	-6.893E+02	1.00	4.425E-300	0	463	464	0	463	464	464M
8170	11948	-6.896E+02	1.00	3.229E-300	0	462	464	0	462	464	463M
8171	1411	-4.017E+02	0.992	3.516E-175	0	251	253	0	251	253	252M
8171	8171	-4.042E+02	1.00	2.822E-176	0	252	253	0	252	253	253M
8171	11949	-4.045E+02	1.00	2.059E-176	0	251	253	0	251	253	252M
8172	1410	-5.307E+02	0.997	3.374E-231	0	350	352	0	350	352	351M
8172	8172	-5.313E+02	1.00	1.797E-231	0	351	352	0	351	352	352M
8172	11950	-5.316E+02	1.00	1.311E-231	0	350	352	0	350	352	351M
8173	1409	-1.655E+02	0.991	1.327E-72	0	116	118	0	116	118	117M
8173	8173	-1.668E+02	1.00	3.749E-73	0	117	118	0	117	118	118M
8173	11951	-1.671E+02	1.00	2.734E-73	0	116	118	0	116	118	117M
8174	1408	-2.310E+02	0.993	4.596E-101	0	165	167	0	165	167	166M
8174	8174	-2.320E+02	1.00	1.783E-101	0	166	167	0	166	167	167M
8174	11952	-2.323E+02	1.00	1.301E-101	0	165	167	0	165	167	166M
8175	1407	-7.084E+02	1.00	0.000E+00	0	791	793	0	791	793	792M
8175	8175	-7.084E+02	1.00	0.000E+00	0	792	793	0	792	793	793M
8175	11953	-7.084E+02	1.00	0.000E+00	0	791	793	0	791	793	792M
8176	1406	-6.453E+02	0.985	5.379E-281	0	418	420	0	418	420	419M
8176	8176	-6.498E+02	1.00	6.533E-283	0	419	420	0	419	420	420M
8176	11954	-6.501E+02	1.00	4.768E-283	0	418	420	0	418	420	419M
8177	1405	-1.858E+02	0.970	1.943E-81	0	133	135	0	133	135	134M
8177	8177	-1.900E+02	1.00	3.203E-83	0	134	135	0	134	135	135M
8177	11955	-1.903E+02	1.00	2.336E-83	0	133	135	0	133	135	134M
8178	1404	-2.313E+02	0.950	3.621E-101	0	160	162	0	160	162	161M
8178	8178	-2.417E+02	1.00	1.086E-105	0	161	162	0	161	162	162M
8178	11956	-2.420E+02	1.00	7.917E-106	0	160	162	0	160	162	161M
8179	1403	-2.868E+02	1.00	2.828E-125	0	187	189	0	187	189	188M
8179	8179	-2.865E+02	1.00	3.878E-125	0	188	189	0	188	189	189M
8179	11957	-2.868E+02	1.00	2.828E-125	0	187	189	0	187	189	188M
8180	1402	-2.416E+02	1.00	1.139E-105	0	161	163	0	161	163	162M
8180	8180	-2.413E+02	1.00	1.561E-105	0	162	163	0	162	163	163M
8180	11958	-2.416E+02	1.00	1.139E-105	0	161	163	0	161	163	162M
8181	1401	-4.818E+02	0.987	5.829E-210	0	331	333	0	331	333	332M
8181	8181	-4.887E+02	1.00	5.686E-213	0	332	333	0	332	333	333M
8181	11959	-4.890E+02	1.00	4.149E-213	0	331	333	0	331	333	332M
8182	1400	-2.774E+02	0.994	3.414E-121	0	179	181	0	179	181	180M
8182	8182	-2.783E+02	1.00	1.325E-121	0	180	181	0	180	181	181M
8182	11960	-2.786E+02	1.00	9.664E-122	0	179	181	0	179	181	180M
8183	4292	-2.509E+02	1.00	1.119E-109	0	166	168	0	166	168	167M
8183	8183	-2.506E+02	1.00	1.534E-109	0	167	168	0	167	168	168M
8183	11961	-2.509E+02	1.00	1.119E-109	0	166	168	0	166	168	167M
8184	4293	-5.013E+02	0.994	1.896E-218	0	339	408	0	339	351	340M
8184	8184	-6.141E+02	1.00	2.027E-267	0	407	408	0	407	408	408M
8184	11962	-6.144E+02	1.00	1.480E-267	0	406	408	0	406	408	407M
8185	1585	-2.355E+02	1.00	5.437E-103	0	158	160	0	158	160	159M
8185	8185	-2.352E+02	1.00	7.455E-103	0	159	160	0	159	160	160M
8185	11963	-2.355E+02	1.00	5.437E-103	0	158	160	0	158	160	159M
8186	1586	-5.314E+02	0.997	1.669E-231	0	335	337	0	335	337	336M
8186	8186	-5.314E+02	1.00	1.669E-231	0	336	337	0	336	337	337M
8186	11964	-5.317E+02	1.00	1.218E-231	0	335	337	0	335	337	336M
8187	1587	-7.084E+02	0.996	0.000E+00	0	540	542	0	540	542	541M
8187	8187	-7.084E+02	1.00	0.000E+00	0	541	542	0	541	542	542M
8187	11965	-7.084E+02	1.00	0.000E+00	0	540	542	0	540	542	541M
8188	1588	-4.103E+02	1.00	6.130E-179	0	267	270	0	267	270	268M
8188	8188	-4.113E+02	1.00	2.381E-179	0	269	270	0	269	270	270M
8188	11966	-4.116E+02	1.00	1.737E-179	0	268	270	0	268	270	269M
8189	1589	-6.609E+02	1.00	9.667E-288	0	443	445	0	443	445	444M
8189	8189	-6.606E+02	1.00	1.325E-287	0	444	445	0	444	445	445M
8189	11967	-6.609E+02	1.00	9.667E-288	0	443	445	0	443	445	444M
8190	1590	-1.772E+02	1.00	1.086E-77	0	122	124	0	122	124	123M
8190	8190	-1.769E+02	1.00	1.489E-77	0	123	124	0	123	124	124M
8190	11968	-1.772E+02	1.00	1.086E-77	0	122	124	0	122	124	123M
8191	1591	-3.173E+02	1.00	1.659E-138	0	223	225	0	223	225	224M
8191	8191	-3.169E+02	1.00	2.275E-138	0	224	225	0	224	225	225M
8191	11969	-3.173E+02	1.00	1.659E-138	0	223	225	0	223	225	224M
8192	1592	-2.256E+02	1.00	1.020E-98	0	146	148	0	146	148	147M
8192	8192	-2.253E+02	1.00	1.399E-98	0	147	148	0	147	148	148M
8192	11970	-2.256E+02	1.00	1.020E-98	0	146	148	0	146	148	147M
8193	1593	-4.351E+02	0.992	1.095E-189	0	278	280	0	278	280	279M
8193	8193	-4.373E+02	1.00	1.205E-190	0	279	280	0	279	280	280M
8193	11971	-4.376E+02	1.00	8.793E-191	0	278	280	0	278	280	279M
8194	1594	-4.046E+02	0.996	1.872E-176	0	269	271	0	269	271	270M
8194	8194	-4.056E+02	1.00	7.271E-177	0	270	271	0	270	271	271M
8194	11972	-4.059E+02	1.00	5.305E-177	0	269	271	0	269	271	270M
8195	1595	-4.749E+02	0.993	5.639E-207	0	323	325	0	323	325	324M
8195	8195	-4.765E+02	1.00	1.167E-207	0	324	325	0	324	325	325M
8195	11973	-4.768E+02	1.00	8.512E-208	0	323	325	0	323	325	324M
8196	1596	-2.145E+02	1.00	6.916E-94	0	141	143	0	141	143	142M
8196	8196	-2.142E+02	1.00	9.484E-94	0	142	143	0	142	143	143M
8196	11974	-2.145E+02	1.00	6.916E-94	0	141	143	0	141	143	142M
8197	1597	-1.732E+02	1.00	6.119E-76	0	127	129	0	127	129	128M
8197	8197	-1.729E+02	1.00	8.391E-76	0	128	129	0	128	129	129M
8197	11975	-1.732E+02	1.00	6.119E-76	0	127	129	0	127	129	128M
8198	1598	-3.324E+02	0.995	4.356E-145	0	216	218	0	216	218	217M
8198	8198	-3.337E+02	1.00	1.234E-145	0	217	218	0	217	218	218M
8198	11976	-3.340E+02	1.00	9.000E-146	0	216	218	0	216	218	217M
8199	1599	-2.101E+02	1.00	5.748E-92	0	141	143	0	141	143	142M
8199	8199	-2.098E+02	1.00	7.881E-92	0	142	143	0	142	143	143M
8199	11977	-2.101E+02	1.00	5.748E-92	0	141	143	0	141	143	142M
8200	1600	-3.213E+02	0.995	2.842E-140	0	217	219	0	217	219	218M
8200	8200	-3.223E+02	1.00	1.103E-140	0	218	219	0	218	219	219M
8200	11978	-3.226E+02	1.00	8.048E-141	0	217	219	0	217	219	218M
8201	1601	-7.084E+02	0.975	0.000E+00	0	645	647	0	645	647	646M
8201	8201	-7.084E+02	1.00	0.000E+00	0	646	647	0	646	647	647M
8201	11979	-7.084E+02	1.00	0.000E+00	0	645	647	0	645	647	646M
8202	1602	-3.986E+02	0.974	7.935E-174	0	277	279	0	277	279	278M
8202	8202	-4.077E+02	1.00	8.503E-178	0	278	279	0	278	279	279M
8202	11980	-4.080E+02	1.00	6.204E-178	0	277	279	0	277	279	278M
8203	1603	-5.896E+02	0.997	8.796E-257	0	384	386	0	384	386	385M
8203	8203	-5.918E+02	1.00	9.692E-258	0	385	386	0	385	386	386M
8203	11981	-5.921E+02	1.00	7.072E-258	0	384	386	0	384	386	385M
8204	1604	-7.084E+02	0.975	0.000E+00	0	536	538	0	536	538	537M
8204	8204	-7.084E+02	1.00	0.000E+00	0	537	538	0	537	538	538M
8204	11982	-7.084E+02	1.00	0.000E+00	0	536	538	0	536	538	537M
8205	1605	-4.290E+02	0.969	4.934E-187	0	294	296	0	295	304	288M1D7M
8205	8205	-4.438E+02	1.00	1.818E-193	0	295	296	0	295	296	296M
8205	11983	-4.441E+02	1.00	1.326E-193	0	294	296	0	294	296	295M
8206	1606	-7.084E+02	0.993	0.000E+00	0	600	602	0	600	602	601M
8206	8206	-7.084E+02	1.00	0.000E+00	0	601	602	0	601	602	602M
8206	11984	-7.084E+02	1.00	0.000E+00	0	600	602	0	600	602	601M
8207	1607	-3.017E+02	0.994	9.245E-132	0	198	200	0	198	200	199M
8207	8207	-3.017E+02	1.00	9.245E-132	0	199	200	0	199	200	200M
8207	11985	-3.020E+02	1.00	6.744E-132	0	198	200	0	198	200	199M
8208	1608	-5.911E+02	0.992	1.998E-257	0	386	388	0	386	388	387M
8208	8208	-5.952E+02	1.00	3.325E-259	0	387	388	0	387	388	388M
8208	11986	-5.955E+02	1.00	2.426E-259	0	386	388	0	386	388	387M
8209	1609	-2.711E+02	0.946	1.912E-118	0	186	188	0	186	188	187M
8209	8209	-2.837E+02	1.00	6.324E-124	0	187	188	0	187	188	188M
8209	11987	-2.840E+02	1.00	4.613E-124	0	186	188	0	186	188	187M
8210	8210	-2.024E+02	1.00	1.241E-88	0	131	132	0	131	132	132M
8210	11988	-2.027E+02	1.00	9.053E-89	0	130	132	0	130	132	131M
8211	2455	-4.259E+01	0.302	3.173E-19	3	196	208	2	195	199	64M1I5M1D124M
8211	8211	-3.032E+02	1.00	2.036E-132	0	207	208	0	207	208	208M
8211	9626	-7.526E+01	0.371	2.062E-33	0	198	208	1	199	206	199M
8212	4241	-3.739E+02	0.987	4.204E-163	0	239	241	0	239	241	240M
8212	8212	-3.786E+02	1.00	3.711E-165	0	240	241	0	240	241	241M
8212	11054	-1.050E+02	0.371	2.437E-46	3	230	241	4	226	229	104M1I42M1I19M2I14M1D31M2I12M
8213	4100	-4.965E+02	1.00	2.305E-216	0	319	321	0	319	321	320M
8213	8213	-4.962E+02	1.00	3.159E-216	0	320	321	0	320	321	321M
8213	8658	-7.211E+01	0.313	4.803E-32	29	299	321	20	279	296	7M2I84M1D8M1I10M1I25M1I41M7D4M2I7M18I13M5I4M2D3M9D35M
8214	4099	-4.084E+02	0.989	4.121E-178	0	275	277	0	275	277	276M
8214	8214	-4.129E+02	1.00	4.993E-180	0	276	277	0	276	277	277M
8214	9966	-7.116E+01	0.343	1.249E-31	11	265	277	4	266	278	56M1D19M2I3M1D101M2D22M3D7M3D45M
8215	4098	-7.084E+02	0.986	0.000E+00	0	514	517	0	514	515	515M
8215	8215	-7.084E+02	1.00	0.000E+00	0	516	517	0	516	517	517M
8215	10758	-2.508E+02	0.378	1.228E-109	24	495	517	15	489	503	118M1D210M1I4M4I9M7D9M1I21M1D95M
8216	8216	-9.800E+01	1.00	2.748E-43	0	75	76	0	75	76	76M
8217	1493	-6.293E+02	1.00	5.029E-274	0	438	440	0	438	440	439M
8217	8217	-6.290E+02	1.00	6.891E-274	0	439	440	0	439	440	440M
8218	1492	-5.076E+02	0.993	3.492E-221	0	331	333	0	331	333	332M
8218	8218	-5.098E+02	1.00	3.846E-222	0	332	333	0	332	333	333M
8218	9051	-7.639E+01	0.275	6.655E-34	5	321	333	9	330	340	40M4D56M4D3M2D8M1I6M4I199M
8219	1491	-2.831E+02	0.989	1.080E-123	0	184	186	0	184	186	185M
8219	8219	-2.850E+02	1.00	1.627E-124	0	185	186	0	185	186	186M
8219	10373	-5.416E+01	0.292	3.014E-24	6	183	186	10	181	191	25M6I147M
8220	1490	-1.627E+02	1.00	2.159E-71	0	128	130	0	128	130	129M
8220	8220	-1.624E+02	1.00	2.960E-71	0	129	130	0	129	130	130M
8221	1489	-2.710E+02	0.989	2.005E-118	0	187	189	0	187	189	188M
8221	8221	-2.720E+02	1.00	7.783E-119	0	188	189	0	188	189	189M
8222	1488	-1.093E+02	1.00	3.528E-48	0	83	85	0	83	85	84M
8222	8222	-1.089E+02	1.00	4.841E-48	0	84	85	0	84	85	85M
8222	12095	-8.711E+01	1.00	1.478E-38	0	69	85	0	69	112	70M
8223	1487	-6.245E+02	1.00	5.827E-272	0	425	427	0	425	427	426M
8223	8223	-6.242E+02	1.00	7.984E-272	0	426	427	0	426	427	427M
8223	12094	-6.245E+02	1.00	5.827E-272	0	425	427	0	425	427	426M
8224	1486	-7.084E+02	0.997	0.000E+00	0	877	879	0	877	879	878M
8224	8224	-7.084E+02	1.00	0.000E+00	0	878	879	0	878	879	879M
8224	12093	-7.084E+02	1.00	0.000E+00	0	877	879	0	877	879	878M
8225	1485	-5.129E+02	0.997	1.831E-223	0	340	342	0	340	342	341M
8225	8225	-5.141E+02	1.00	5.190E-224	0	341	342	0	341	342	342M
8225	12092	-5.144E+02	1.00	3.787E-224	0	340	342	0	340	342	341M
8226	1484	-5.910E+02	0.997	2.094E-257	0	387	389	0	387	389	388M
8226	8226	-5.920E+02	1.00	8.137E-258	0	388	389	0	388	389	389M
8226	12091	-5.923E+02	1.00	5.938E-258	0	387	389	0	387	389	388M
8227	1483	-6.797E+02	0.997	6.488E-296	0	438	440	0	438	440	439M
8227	8227	-6.806E+02	1.00	2.521E-296	0	439	440	0	439	440	440M
8227	12090	-6.810E+02	1.00	1.840E-296	0	438	440	0	438	440	439M
8228	1482	-1.459E+02	1.00	4.491E-64	0	104	106	0	104	106	105M
8228	8228	-1.455E+02	1.00	6.160E-64	0	105	106	0	105	106	106M
8228	12089	-1.459E+02	1.00	4.491E-64	0	104	106	0	104	106	105M
8229	1481	-3.798E+02	1.00	1.100E-165	0	260	262	0	260	262	261M
8229	8229	-3.795E+02	1.00	1.508E-165	0	261	262	0	261	262	262M
8229	12088	-3.798E+02	1.00	1.100E-165	0	260	262	0	260	262	261M
8230	1480	-5.494E+02	0.997	2.587E-239	0	348	350	0	348	350	349M
8230	8230	-5.506E+02	1.00	7.334E-240	0	349	350	0	349	350	350M
8230	12087	-5.509E+02	1.00	5.351E-240	0	348	350	0	348	350	349M
8231	1242	-3.508E+01	0.970	5.814E-16	0	33	35	110	143	145	34M
8231	5826	-3.604E+01	1.00	2.237E-16	0	33	35	0	33	35	34M
8231	10186	-3.604E+01	1.00	2.237E-16	0	33	35	0	33	35	34M
8232	2939	-3.068E+02	0.941	5.613E-134	0	238	239	0	238	1434	239M
8232	8232	-3.238E+02	1.00	2.268E-141	0	238	239	0	238	239	239M
8232	12014	-3.238E+02	1.00	2.268E-141	0	238	239	0	238	239	239M
8233	4336	-8.506E+01	0.762	1.143E-37	8	86	88	7	86	91	34M1D45M
8233	8233	-1.246E+02	1.00	7.584E-55	0	87	88	0	87	88	88M
8233	12015	-1.249E+02	1.00	5.528E-55	0	86	88	0	86	88	87M
8234	8234	-3.418E+02	1.00	3.789E-149	0	226	227	0	226	227	227M
8234	12016	-3.421E+02	1.00	2.764E-149	0	225	227	0	225	227	226M
8235	8235	-2.330E+02	1.00	6.654E-102	0	152	153	0	152	153	153M
8235	12017	-2.333E+02	1.00	4.853E-102	0	151	153	0	151	153	152M
8236	8236	-1.411E+02	1.00	5.263E-62	0	99	100	0	99	100	100M
8236	12018	-1.414E+02	1.00	3.837E-62	0	98	100	0	98	100	99M
8237	2597	-2.412E+02	0.982	1.750E-105	0	170	172	0	170	172	171M
8237	8237	-2.475E+02	1.00	3.178E-108	0	171	172	0	171	172	172M
8237	12019	-2.478E+02	1.00	2.318E-108	0	170	172	0	170	172	171M
8238	2598	-4.544E+02	0.996	4.703E-198	0	304	306	0	304	306	305M
8238	8238	-4.550E+02	1.00	2.504E-198	0	305	306	0	305	306	306M
8238	12020	-4.553E+02	1.00	1.827E-198	0	304	306	0	304	306	305M
8239	2599	-2.696E+02	0.551	8.331E-118	0	391	393	0	322	324	49M35I5M14I2M3I5M13I31M2I28M5I6M3D194M
8239	8239	-5.952E+02	1.00	3.065E-259	0	392	393	0	392	393	393M
8239	12021	-5.956E+02	1.00	2.237E-259	0	391	393	0	391	393	392M
8240	2600	-1.589E+02	0.974	1.010E-69	0	116	118	0	116	118	117M
8240	8240	-1.627E+02	1.00	2.279E-71	0	117	118	0	117	118	118M
8240	12022	-1.630E+02	1.00	1.661E-71	0	116	118	0	116	118	117M
8241	8241	-2.686E+02	1.00	2.300E-117	0	173	174	0	173	174	174M
8241	12023	-2.689E+02	1.00	1.678E-117	0	172	174	0	172	174	173M
8242	2601	-9.150E+01	1.00	1.826E-40	0	68	73	0	68	73	69M
8242	8242	-9.593E+01	1.00	2.169E-42	0	72	73	0	72	73	73M
8242	12024	-9.625E+01	1.00	1.580E-42	0	71	73	0	71	73	72M
8243	2602	-1.925E+02	0.863	2.539E-84	0	146	148	0	146	148	147M
8243	8243	-2.196E+02	1.00	4.108E-96	0	147	148	0	147	148	148M
8243	12025	-2.200E+02	1.00	2.996E-96	0	146	148	0	146	148	147M
8244	2603	-1.517E+02	0.844	1.341E-66	0	121	123	0	121	123	122M
8244	8244	-1.798E+02	1.00	8.264E-79	0	122	123	0	122	123	123M
8244	12026	-1.801E+02	1.00	6.025E-79	0	121	123	0	121	123	122M
8245	2604	-1.513E+02	0.786	1.902E-66	0	135	137	0	133	135	45M1I79M1I10M
8245	8245	-1.996E+02	1.00	1.978E-87	0	136	137	0	136	137	137M
8245	12027	-2.000E+02	1.00	1.442E-87	0	135	137	0	135	137	136M
8246	8246	-1.393E+02	1.00	3.179E-61	0	97	98	0	97	98	98M
8246	12028	-1.396E+02	1.00	2.318E-61	0	96	98	0	96	98	97M
8247	8247	-8.679E+01	1.00	2.038E-38	0	65	66	0	65	66	66M
8247	12029	-8.710E+01	1.00	1.485E-38	0	64	66	0	64	66	65M
8248	2605	-1.653E+02	0.901	1.690E-72	0	121	123	15	136	138	122M
8248	8248	-1.811E+02	1.00	2.336E-79	0	122	123	0	122	123	123M
8248	12030	-1.814E+02	1.00	1.703E-79	0	121	123	0	121	123	122M
8249	2606	-4.063E+01	0.452	2.256E-18	0	110	127	0	106	130	9M1I28M7I7M4D59M
8249	8249	-1.714E+02	1.00	3.697E-75	0	126	127	0	126	127	127M
8249	12031	-1.717E+02	1.00	2.696E-75	0	125	127	0	125	127	126M
8250	2607	-2.892E+01	0.357	2.757E-13	2	110	112	119	220	222	66M7I36M
8250	8250	-1.484E+02	1.00	3.498E-65	0	111	112	0	111	112	112M
8250	12032	-1.487E+02	1.00	2.550E-65	0	110	112	0	110	112	111M
8251	8251	-4.806E+02	1.00	1.827E-209	0	316	317	0	316	317	317M
8251	12033	-4.810E+02	1.00	1.333E-209	0	315	317	0	315	317	316M
8252	8252	-3.712E+02	1.00	6.007E-162	0	263	264	0	263	264	264M
8252	12034	-3.715E+02	1.00	4.383E-162	0	262	264	0	262	264	263M
8253	8253	-1.459E+02	1.00	4.277E-64	0	104	105	0	104	105	105M
8253	12035	-1.462E+02	1.00	3.118E-64	0	103	105	0	103	105	104M
8254	8254	-5.553E+01	1.00	7.670E-25	0	50	51	0	50	51	51M
8254	12036	-5.584E+01	1.00	5.583E-25	0	49	51	0	49	51	50M
8255	2611	-4.629E+01	0.591	7.883E-21	0	68	77	0	70	81	4M2D65M
8255	8255	-1.084E+02	1.00	8.400E-48	0	76	77	0	76	77	77M
8255	12037	-1.087E+02	1.00	6.121E-48	0	75	77	0	75	77	76M
8256	2613	-4.795E+02	0.856	5.787E-209	6	367	369	5	366	368	362M
8256	8256	-5.545E+02	1.00	1.582E-241	0	368	369	0	368	369	369M
8256	12038	-5.548E+02	1.00	1.154E-241	0	367	369	0	367	369	368M
8257	2614	-9.559E+01	0.275	3.056E-42	2	441	447	3	474	484	37M4I54M1I38M13D34M1D36M11D6M1D63M2D12M2D60M2I26M9D67M
8257	8257	-6.809E+02	1.00	1.861E-296	0	446	447	0	446	447	447M
8257	12039	-6.813E+02	1.00	1.358E-296	0	445	447	0	445	447	446M
8258	8258	-6.785E+02	1.00	2.058E-295	0	430	431	0	430	431	431M
8258	12040	-6.789E+02	1.00	1.502E-295	0	429	431	0	429	431	430M
8259	8259	-2.418E+02	1.00	9.309E-106	0	171	172	0	171	172	172M
8259	12041	-2.422E+02	1.00	6.790E-106	0	170	172	0	170	172	171M
8260	3921	-3.029E+02	0.863	2.704E-132	0	212	214	0	212	214	213M
8260	8260	-3.405E+02	1.00	1.355E-148	0	213	214	0	213	214	214M
8260	12042	-3.408E+02	1.00	9.887E-149	0	212	214	0	212	214	213M
8261	3922	-1.222E+02	0.645	8.295E-54	0	142	145	0	140	143	87M1D4M3I49M
8261	8261	-2.185E+02	1.00	1.257E-95	0	144	145	0	144	145	145M
8261	12043	-2.188E+02	1.00	9.166E-96	0	143	145	0	143	145	144M
8262	4103	-9.761E+01	0.520	4.044E-43	0	144	152	0	146	156	109M1D3M3I6M4D24M
8262	8262	-2.302E+02	1.00	1.086E-100	0	151	152	0	151	152	152M
8262	12044	-2.305E+02	1.00	7.923E-101	0	150	152	0	150	152	151M
8263	8263	-7.084E+02	1.00	0.000E+00	0	565	566	0	565	566	566M
8263	12057	-7.084E+02	1.00	0.000E+00	0	564	566	0	564	566	565M
8264	8264	-5.624E+02	1.00	5.450E-245	0	393	394	0	393	394	394M
8264	12056	-5.628E+02	1.00	3.977E-245	0	392	394	0	392	394	393M
8265	8265	-1.946E+02	1.00	3.174E-85	0	130	131	0	130	131	131M
8265	12055	-1.949E+02	1.00	2.315E-85	0	129	131	0	129	131	130M
8266	8266	-1.957E+02	1.00	1.038E-85	0	133	134	0	133	134	134M
8266	12054	-1.960E+02	1.00	7.567E-86	0	132	134	0	132	134	133M
8267	4405	-2.948E+02	0.807	9.586E-129	0	266	282	0	280	281	50M1D203M13D14M
8267	8267	-3.836E+02	1.00	2.477E-167	0	281	282	0	281	282	282M
8267	12053	-3.839E+02	1.00	1.807E-167	0	280	282	0	280	282	281M
8268	8268	-7.101E+02	1.00	3.950E-309	0	462	463	0	462	463	463M
8268	12052	-7.104E+02	1.00	2.882E-309	0	461	463	0	461	463	462M
8269	3718	-5.302E+02	0.983	5.382E-231	0	360	362	0	360	362	361M
8269	8269	-5.394E+02	1.00	5.788E-235	0	361	362	0	361	362	362M
8269	12051	-5.397E+02	1.00	4.224E-235	0	360	362	0	360	362	361M
8270	3717	-6.450E+02	0.990	7.615E-281	0	439	441	0	439	441	440M
8270	8270	-6.507E+02	1.00	2.625E-283	0	440	441	0	440	441	441M
8270	12050	-6.510E+02	1.00	1.916E-283	0	439	441	0	439	441	440M
8271	3716	-3.335E+02	1.00	1.445E-145	0	226	228	0	226	228	227M
8271	8271	-3.332E+02	1.00	1.981E-145	0	227	228	0	227	228	228M
8271	12049	-3.335E+02	1.00	1.445E-145	0	226	228	0	226	228	227M
8272	3715	-6.221E+02	1.00	6.844E-271	0	417	419	0	417	419	418M
8272	8272	-6.218E+02	1.00	9.378E-271	0	418	419	0	418	419	419M
8272	12048	-6.221E+02	1.00	6.844E-271	0	417	419	0	417	419	418M
8273	3714	-1.118E+02	1.00	2.671E-49	0	82	84	0	82	84	83M
8273	8273	-1.115E+02	1.00	3.665E-49	0	83	84	0	83	84	84M
8273	12047	-1.118E+02	1.00	2.671E-49	0	82	84	0	82	84	83M
8274	3713	-1.550E+02	1.00	4.818E-68	0	111	113	0	111	113	112M
8274	8274	-1.547E+02	1.00	6.608E-68	0	112	113	0	112	113	113M
8274	12046	-1.550E+02	1.00	4.818E-68	0	111	113	0	111	113	112M
8275	3712	-7.079E+02	1.00	3.527E-308	0	481	483	9	490	492	482M
8275	8275	-7.076E+02	1.00	4.833E-308	0	482	483	0	482	483	483M
8275	12045	-7.079E+02	1.00	3.527E-308	0	481	483	0	481	483	482M
8276	1242	-3.694E+01	0.971	9.096E-17	0	34	36	109	143	145	35M
8276	5348	-3.789E+01	1.00	3.501E-17	0	34	36	0	34	36	35M
8276	9408	-3.789E+01	1.00	3.501E-17	0	34	36	0	34	36	35M
8277	477	-7.084E+02	1.00	0.000E+00	0	597	599	0	597	599	598M
8277	8277	-7.084E+02	1.00	0.000E+00	0	598	599	0	598	599	599M
8277	12070	-7.084E+02	1.00	0.000E+00	0	597	599	0	597	599	598M
8278	8278	-2.664E+02	1.00	2.104E-116	0	193	194	0	193	194	194M
8278	12069	-2.667E+02	1.00	1.535E-116	0	192	194	0	192	194	193M
8279	8279	-5.939E+02	1.00	1.173E-258	0	387	388	0	387	388	388M
8279	12068	-5.942E+02	1.00	8.557E-259	0	386	388	0	386	388	387M
8280	8280	-7.084E+02	1.00	0.000E+00	0	500	501	0	500	501	501M
8280	12067	-7.084E+02	1.00	0.000E+00	0	499	501	0	499	501	500M
8281	8281	-9.737E+01	1.00	5.176E-43	0	75	76	0	75	76	76M
8281	12066	-9.768E+01	1.00	3.771E-43	0	74	76	0	74	76	75M
8282	2439	-1.462E+02	0.384	3.144E-64	6	303	311	6	302	305	36M3D17M1D64M3I74M2I102M
8282	8282	-4.633E+02	1.00	6.378E-202	0	310	311	0	310	311	311M
8282	12065	-4.636E+02	1.00	4.654E-202	0	309	311	0	309	311	310M
8283	8283	-1.465E+02	1.00	2.387E-64	0	105	106	0	105	106	106M
8283	12064	-1.468E+02	1.00	1.740E-64	0	104	106	0	104	106	105M
8284	8284	-1.721E+02	1.00	1.830E-75	0	118	119	0	118	119	119M
8284	12063	-1.724E+02	1.00	1.335E-75	0	117	119	0	117	119	118M
8285	8285	-1.150E+02	1.00	1.107E-50	0	89	90	0	89	90	90M
8285	12062	-1.153E+02	1.00	8.066E-51	0	88	90	0	88	90	89M
8286	2951	-3.605E+02	0.974	2.692E-157	0	235	237	0	235	237	236M
8286	8286	-3.678E+02	1.00	1.907E-160	0	236	237	0	236	237	237M
8286	12061	-3.681E+02	1.00	1.391E-160	0	235	237	0	235	237	236M
8287	2950	-7.084E+02	0.966	0.000E+00	0	635	637	0	635	637	636M
8287	8287	-7.084E+02	1.00	0.000E+00	0	636	637	0	636	637	637M
8287	12060	-7.084E+02	1.00	0.000E+00	0	635	637	0	635	637	636M
8288	8288	-7.394E+01	1.00	7.767E-33	0	56	57	0	56	57	57M
8288	12059	-7.425E+01	1.00	5.656E-33	0	55	57	0	55	57	56M
8289	1242	-3.508E+01	0.970	5.814E-16	0	33	35	110	143	145	34M
8289	5826	-3.604E+01	1.00	2.237E-16	0	33	35	0	33	35	34M
8289	10186	-3.604E+01	1.00	2.237E-16	0	33	35	0	33	35	34M
8290	1312	-4.442E+02	1.00	1.168E-193	0	298	300	0	298	300	299M
8290	8290	-4.439E+02	1.00	1.600E-193	0	299	300	0	299	300	300M
8290	12107	-4.442E+02	1.00	1.168E-193	0	298	300	0	298	300	299M
8291	1313	-5.027E+02	0.996	4.634E-219	0	321	323	0	321	323	322M
8291	8291	-5.043E+02	1.00	9.584E-220	0	322	323	0	322	323	323M
8291	12106	-5.046E+02	1.00	6.993E-220	0	321	323	0	321	323	322M
8292	1314	-2.487E+02	0.994	9.893E-109	0	172	174	0	172	174	173M
8292	8292	-2.503E+02	1.00	2.042E-109	0	173	174	0	173	174	174M
8292	12105	-2.506E+02	1.00	1.490E-109	0	172	174	0	172	174	173M
8293	1315	-4.189E+02	1.00	1.138E-182	0	273	275	0	273	275	274M
8293	8293	-4.186E+02	1.00	1.560E-182	0	274	275	0	274	275	275M
8293	12104	-4.189E+02	1.00	1.138E-182	0	273	275	0	273	275	274M
8294	1316	-1.898E+02	1.00	3.898E-83	0	124	126	0	124	126	125M
8294	8294	-1.894E+02	1.00	5.346E-83	0	125	126	0	125	126	126M
8294	12103	-1.898E+02	1.00	3.898E-83	0	124	126	0	124	126	125M
8295	1317	-1.951E+02	0.986	1.847E-85	0	144	146	0	144	146	145M
8295	8295	-1.979E+02	1.00	1.077E-86	0	145	146	0	145	146	146M
8295	12102	-1.983E+02	1.00	7.857E-87	0	144	146	0	144	146	145M
8296	1318	-2.085E+02	1.00	2.924E-91	0	142	144	0	142	144	143M
8296	8296	-2.081E+02	1.00	4.009E-91	0	143	144	0	143	144	144M
8296	12101	-2.085E+02	1.00	2.924E-91	0	142	144	0	142	144	143M
8297	1319	-7.433E+02	0.997	1.482E-323	0	495	497	0	495	497	496M
8297	8297	-7.084E+02	1.00	0.000E+00	0	496	497	0	496	497	497M
8297	12100	-7.084E+02	1.00	0.000E+00	0	495	497	0	495	497	496M
8298	1320	-4.398E+02	1.00	9.986E-192	0	272	274	0	272	274	273M
8298	8298	-4.395E+02	1.00	1.369E-191	0	273	274	0	273	274	274M
8298	12099	-4.398E+02	1.00	9.986E-192	0	272	274	0	272	274	273M
8299	1321	-4.373E+02	0.996	1.158E-190	0	304	306	0	304	306	305M
8299	8299	-4.380E+02	1.00	6.163E-191	0	305	306	0	305	306	306M
8299	12098	-4.383E+02	1.00	4.497E-191	0	304	306	0	304	306	305M
8300	1322	-7.084E+02	0.978	0.000E+00	7	872	874	69	934	936	866M
8300	8300	-7.084E+02	1.00	0.000E+00	0	873	874	0	873	874	874M
8300	12097	-7.084E+02	1.00	0.000E+00	0	872	874	0	872	874	873M
8301	1242	-3.508E+01	0.970	5.814E-16	0	33	35	110	143	145	34M
8301	5826	-3.604E+01	1.00	2.237E-16	0	33	35	0	33	35	34M
8301	10186	-3.604E+01	1.00	2.237E-16	0	33	35	0	33	35	34M
8302	2574	-4.922E+01	1.00	4.187E-22	0	41	44	473	514	549	42M
8302	8302	-5.018E+01	1.00	1.614E-22	0	43	44	0	43	44	44M
8302	9647	-4.922E+01	1.00	4.187E-22	0	41	44	473	514	549	42M
8303	4459	-1.226E+02	0.978	5.604E-54	0	93	103	0	93	123	94M
8303	8303	-1.372E+02	1.00	2.707E-60	0	102	103	0	102	103	103M
8303	12084	-1.229E+02	0.989	4.085E-54	0	93	103	0	93	128	94M
8304	4214	-1.373E+02	1.00	2.387E-60	0	92	94	0	92	94	93M
8304	8304	-1.370E+02	1.00	3.275E-60	0	93	94	0	93	94	94M
8304	12083	-1.373E+02	1.00	2.387E-60	0	92	94	0	92	94	93M
8305	4212	-2.246E+02	0.987	2.956E-98	0	155	157	0	155	157	156M
8305	8305	-2.255E+02	1.00	1.147E-98	0	156	157	0	156	157	157M
8305	12082	-2.258E+02	1.00	8.363E-99	0	155	157	0	155	157	156M
8306	3993	-1.058E+02	1.00	1.091E-46	0	82	84	0	82	84	83M
8306	8306	-1.055E+02	1.00	1.497E-46	0	83	84	0	83	84	84M
8306	12081	-1.058E+02	1.00	1.091E-46	0	82	84	0	82	84	83M
8307	3994	-5.988E+02	0.997	9.017E-261	0	410	412	0	410	412	411M
8307	8307	-5.997E+02	1.00	3.505E-261	0	411	412	0	411	412	412M
8307	12080	-6.000E+02	1.00	2.558E-261	0	410	412	0	410	412	411M
8308	3995	-7.084E+02	0.990	0.000E+00	0	755	757	0	755	757	756M
8308	8308	-7.084E+02	1.00	0.000E+00	0	756	757	0	756	757	757M
8308	12079	-7.084E+02	1.00	0.000E+00	0	755	757	0	755	757	756M
8309	3908	-2.091E+02	0.788	1.622E-91	0	179	185	0	179	184	180M
8309	8309	-2.680E+02	1.00	3.889E-117	0	184	185	0	184	185	185M
8309	12078	-2.684E+02	1.00	2.836E-117	0	183	185	0	183	185	184M
8310	8310	-1.835E+02	1.00	2.057E-80	0	124	125	0	124	125	125M
8310	12077	-1.838E+02	1.00	1.500E-80	0	123	125	0	123	125	124M
8311	1989	-6.272E+01	0.378	5.792E-28	11	150	166	0	139	152	140M
8311	8311	-2.368E+02	1.00	1.495E-103	0	165	166	0	165	166	166M
8311	12076	-2.371E+02	1.00	1.090E-103	0	164	166	0	164	166	165M
8312	3550	-2.683E+02	0.983	2.975E-117	0	184	186	0	184	186	185M
8312	8312	-2.712E+02	1.00	1.739E-118	0	185	186	0	185	186	186M
8312	12075	-2.715E+02	1.00	1.268E-118	0	184	186	0	184	186	185M
8313	3549	-3.370E+02	0.986	4.502E-147	0	226	228	0	226	228	227M
8313	8313	-3.420E+02	1.00	2.898E-149	0	227	228	0	227	228	228M
8313	12074	-3.423E+02	1.00	2.114E-149	0	226	228	0	226	228	227M
8314	3548	-1.124E+02	0.987	1.566E-49	7	84	86	175	252	254	78M
8314	8314	-1.244E+02	1.00	9.422E-55	0	85	86	0	85	86	86M
8314	12073	-1.247E+02	1.00	6.867E-55	0	84	86	0	84	86	85M
8315	1242	-3.694E+01	0.971	9.096E-17	0	34	36	109	143	145	35M
8315	5348	-3.789E+01	1.00	3.501E-17	0	34	36	0	34	36	35M
8315	9408	-3.789E+01	1.00	3.501E-17	0	34	36	0	34	36	35M
8316	3047	-2.000E+01	0.633	2.069E-09	0	29	31	72	101	103	30M
8316	7296	-3.976E+01	1.00	5.412E-18	0	29	31	0	29	31	30M
8316	8775	-3.976E+01	1.00	5.412E-18	0	29	31	0	29	31	30M
8317	1619	-5.645E+02	0.994	7.257E-246	0	369	371	0	369	371	370M
8317	8317	-5.663E+02	1.00	1.096E-246	0	370	371	0	370	371	371M
8317	8774	-5.667E+02	1.00	7.995E-247	0	369	371	0	369	371	370M
8318	1618	-3.550E+02	0.995	6.389E-155	0	244	246	0	244	246	245M
8318	8318	-3.563E+02	1.00	1.810E-155	0	245	246	0	245	246	246M
8318	8773	-3.566E+02	1.00	1.321E-155	0	244	246	0	244	246	245M
8319	1617	-3.167E+02	1.00	2.931E-138	0	215	217	0	215	217	216M
8319	8319	-3.164E+02	1.00	4.017E-138	0	216	217	0	216	217	217M
8319	8772	-3.167E+02	1.00	2.931E-138	0	215	217	0	215	217	216M
8320	1616	-3.918E+02	0.996	7.123E-171	0	254	256	0	254	256	255M
8320	8320	-3.952E+02	1.00	2.221E-172	0	255	256	0	255	256	256M
8320	8771	-3.956E+02	1.00	1.620E-172	0	254	256	0	254	256	255M
8321	1615	-7.084E+02	0.999	0.000E+00	0	1164	1166	0	1164	1166	1165M
8321	8321	-7.084E+02	1.00	0.000E+00	0	1165	1166	0	1165	1166	1166M
8321	8770	-7.084E+02	1.00	0.000E+00	0	1164	1166	0	1164	1166	1165M
8322	1614	-1.507E+02	1.00	3.647E-66	0	109	111	0	109	111	110M
8322	8322	-1.504E+02	1.00	5.003E-66	0	110	111	0	110	111	111M
8322	8769	-1.507E+02	1.00	3.647E-66	0	109	111	0	109	111	110M
8323	1613	-5.664E+02	0.982	1.061E-246	0	405	411	0	405	572	406M
8323	8323	-5.850E+02	1.00	9.006E-255	0	410	411	0	410	411	411M
8323	8768	-5.683E+02	0.985	1.603E-247	0	405	411	0	405	572	406M
8324	2047	-1.375E+02	1.00	1.921E-60	0	94	96	0	94	96	95M
8324	8324	-1.372E+02	1.00	2.635E-60	0	95	96	0	95	96	96M
8324	12111	-1.375E+02	1.00	1.921E-60	0	94	96	0	94	96	95M
8325	2048	-1.469E+02	1.00	1.657E-64	0	103	105	0	103	105	104M
8325	8325	-1.465E+02	1.00	2.273E-64	0	104	105	0	104	105	105M
8325	12110	-1.469E+02	1.00	1.657E-64	0	103	105	0	103	105	104M
8326	2049	-7.084E+02	1.00	0.000E+00	0	802	804	0	802	804	803M
8326	8326	-7.084E+02	1.00	0.000E+00	0	803	804	0	803	804	804M
8326	12109	-7.084E+02	1.00	0.000E+00	0	802	804	0	802	804	803M
8327	3830	-2.105E+02	1.00	3.777E-92	0	152	154	0	152	154	153M
8327	8327	-2.102E+02	1.00	5.179E-92	0	153	154	0	153	154	154M
8327	12117	-1.720E+02	1.00	2.003E-75	29	152	154	0	123	125	124M
8328	8328	-1.769E+02	1.00	1.489E-77	0	123	124	0	123	124	124M
8328	12116	-1.772E+02	1.00	1.086E-77	0	122	124	0	122	124	123M
8329	3834	-3.414E+02	0.757	5.480E-149	0	304	317	0	303	308	227M1I77M
8329	8329	-4.737E+02	1.00	1.875E-206	0	316	317	0	316	317	317M
8329	12115	-4.740E+02	1.00	1.368E-206	0	315	317	0	315	317	316M
8330	8330	-2.671E+02	1.00	1.018E-116	0	191	192	0	191	192	192M
8330	12114	-2.674E+02	1.00	7.429E-117	0	190	192	0	190	192	191M
8331	8331	-5.187E+01	1.00	2.963E-23	0	47	48	0	47	48	48M
8331	12113	-5.219E+01	1.00	2.157E-23	0	46	48	0	46	48	47M
8332	3246	-2.563E+02	1.00	4.849E-112	0	171	173	0	171	173	172M
8332	8332	-2.560E+02	1.00	6.648E-112	0	172	173	0	172	173	173M
8332	12112	-2.563E+02	1.00	4.849E-112	0	171	173	0	171	173	172M
8333	8333	-3.015E+02	1.00	1.168E-131	0	224	225	0	224	225	225M
8334	8334	-1.067E+02	1.00	4.435E-47	0	84	85	0	84	85	85M
8334	12124	-1.070E+02	1.00	3.232E-47	0	83	85	13	96	98	84M
8335	8335	-1.335E+02	1.00	1.010E-58	0	92	93	0	92	93	93M
8335	12125	-1.332E+02	0.989	1.386E-58	0	91	93	0	91	93	92M
8336	8336	-8.636E+01	1.00	3.133E-38	0	61	62	0	61	62	62M
8336	12126	-8.667E+01	1.00	2.283E-38	0	60	62	0	60	62	61M
8337	8337	-1.091E+02	1.00	4.172E-48	0	81	82	0	81	82	82M
8337	12127	-1.094E+02	1.00	3.040E-48	0	80	82	0	80	82	81M
8338	8338	-1.155E+02	1.00	7.085E-51	0	80	81	0	80	81	81M
8338	12128	-1.158E+02	1.00	5.163E-51	0	79	81	0	79	81	80M
8339	8339	-4.567E+02	1.00	4.582E-199	0	289	290	0	289	290	290M
8339	12129	-4.570E+02	1.00	3.343E-199	0	288	290	0	288	290	289M
8340	2939	-9.320E+01	1.00	3.336E-41	0	75	77	1357	1432	1434	76M
8340	8340	-9.288E+01	1.00	4.578E-41	0	76	77	0	76	77	77M
8340	12118	-9.320E+01	1.00	3.336E-41	0	75	77	0	75	77	76M
8341	8341	-2.877E+02	1.00	1.117E-125	0	195	196	0	195	196	196M
8341	12119	-2.880E+02	1.00	8.151E-126	0	194	196	0	194	196	195M
8342	3502	-1.995E+02	0.977	2.235E-87	0	131	133	0	131	133	132M
8342	8342	-2.036E+02	1.00	3.685E-89	0	132	133	0	132	133	133M
8342	12120	-2.039E+02	1.00	2.687E-89	0	131	133	0	131	133	132M
8343	3503	-2.499E+02	0.976	3.024E-109	0	167	169	0	167	169	168M
8343	8343	-2.530E+02	1.00	1.288E-110	0	168	169	0	168	169	169M
8343	12121	-2.533E+02	1.00	9.398E-111	0	167	169	0	167	169	168M
8344	3504	-1.698E+02	0.925	1.841E-74	0	119	121	0	119	121	120M
8344	8344	-1.827E+02	1.00	4.368E-80	0	120	121	0	120	121	121M
8344	12122	-1.830E+02	1.00	3.185E-80	0	119	121	0	119	121	120M
8345	3505	-5.452E+02	0.997	1.596E-237	0	363	364	0	363	1142	364M
8345	8345	-5.465E+02	1.00	4.526E-238	0	363	364	0	363	364	364M
8345	12123	-5.465E+02	1.00	4.526E-238	0	363	364	0	363	364	364M
8346	8346	-1.857E+02	1.00	2.198E-81	0	130	131	0	130	131	131M
8346	12132	-1.860E+02	1.00	1.603E-81	0	129	131	0	129	131	130M
8347	382	-2.831E+02	0.873	1.150E-123	0	212	214	77	289	294	213M
8347	8347	-3.228E+02	1.00	6.351E-141	0	213	214	0	213	214	214M
8347	12131	-3.231E+02	1.00	4.633E-141	0	212	214	0	212	214	213M
8348	4401	-2.369E+02	0.624	1.332E-103	12	272	274	0	260	262	261M
8348	8348	-4.155E+02	1.00	3.482E-181	0	273	274	0	273	274	274M
8348	12130	-4.158E+02	1.00	2.540E-181	0	272	274	0	272	274	273M
8349	8349	-5.148E+02	1.00	2.780E-224	0	321	322	0	321	322	322M
8350	8350	-1.155E+02	1.00	6.811E-51	0	92	93	0	92	93	93M
8350	12135	-1.158E+02	1.00	4.964E-51	0	91	93	0	91	93	92M
8351	8351	-1.981E+02	1.00	9.138E-87	0	135	136	0	135	136	136M
8351	12134	-1.984E+02	1.00	6.664E-87	0	134	136	0	134	136	135M
8352	8352	-1.926E+02	1.00	2.158E-84	0	137	138	0	137	138	138M
8352	12133	-1.930E+02	1.00	1.574E-84	0	136	138	148	284	286	137M
8353	2939	-7.115E+02	0.690	9.780E-310	0	814	815	197	1008	1434	186M4I188M4I28M4D20M1D385M
8353	8353	-7.084E+02	1.00	0.000E+00	0	814	815	0	814	815	815M
8353	12137	-7.084E+02	1.00	0.000E+00	0	814	815	0	814	815	815M
8354	8354	-2.819E+02	1.00	3.743E-123	0	178	179	0	178	179	179M
8354	12138	-2.794E+02	0.994	4.672E-122	0	178	179	0	178	335	179M
8355	8355	-1.241E+02	1.00	1.332E-54	0	92	93	0	92	93	93M
8355	12139	-1.218E+02	0.989	1.219E-53	0	91	93	0	91	93	92M
8356	8356	-2.693E+02	1.00	1.134E-117	0	178	179	0	178	179	179M
8356	12138	-2.683E+02	0.994	2.922E-117	0	177	179	156	333	335	178M
8357	8357	-6.216E+02	1.00	1.144E-270	0	402	403	0	402	403	403M
8357	12140	-6.219E+02	1.00	8.349E-271	0	401	403	0	401	403	402M
8358	2939	-5.900E+02	0.944	5.977E-257	0	431	432	967	1398	1434	432M
8358	8358	-6.237E+02	1.00	1.380E-271	0	431	432	0	431	432	432M
8358	12141	-6.237E+02	1.00	1.380E-271	0	431	432	0	431	432	432M
8359	2939	-5.966E+02	0.962	8.017E-260	0	431	432	967	1398	1434	432M
8359	8359	-6.190E+02	1.00	1.555E-269	0	431	432	0	431	432	432M
8359	12142	-6.190E+02	1.00	1.555E-269	0	431	432	0	431	432	432M
8360	4372	-5.861E+02	1.00	2.914E-255	0	379	380	0	379	397	380M
8360	8360	-5.861E+02	1.00	2.914E-255	0	379	380	0	379	380	380M
8360	12145	-5.861E+02	1.00	2.914E-255	0	379	380	0	379	380	380M
8361	1242	-1.984E+02	0.985	6.664E-87	0	135	136	0	135	145	136M
8361	8361	-2.010E+02	1.00	5.329E-88	0	135	136	0	135	136	136M
8361	12147	-2.010E+02	1.00	5.329E-88	0	135	136	0	135	136	136M
8362	1243	-2.612E+02	1.00	3.591E-114	0	174	176	14	188	190	175M
8362	8362	-2.609E+02	1.00	4.923E-114	0	175	176	0	175	176	176M
8362	12146	-2.612E+02	1.00	3.591E-114	0	174	176	0	174	176	175M
8363	4370	-4.763E+02	0.985	1.357E-207	0	334	335	28	362	431	335M
8363	8363	-4.826E+02	1.00	2.486E-210	0	334	335	0	334	335	335M
8363	9579	-2.469E+02	0.602	6.186E-108	9	334	335	6	362	2338	21M2D12M9D3M7D39M4D9M1I24M2D83M6D5M2I94M6D9M2I22M
8364	3025	-1.861E+02	0.759	1.458E-81	0	165	169	0	165	169	166M
8364	8364	-2.489E+02	1.00	7.794E-109	0	168	169	0	168	169	169M
8364	12085	-2.492E+02	1.00	5.684E-109	0	167	169	0	167	169	168M
8365	4459	-9.568E+01	0.971	2.785E-42	0	70	78	50	120	123	71M
8365	8365	-1.087E+02	1.00	6.436E-48	0	77	78	0	77	78	78M
8365	12084	-1.090E+02	1.00	4.690E-48	0	76	78	50	126	128	77M
8366	4447	-3.171E+02	0.844	1.935E-138	0	231	235	0	231	235	232M
8366	8366	-3.732E+02	1.00	8.143E-163	0	234	235	0	234	235	235M
8366	12148	-3.716E+02	0.995	3.941E-162	0	233	235	0	233	235	234M
8367	8367	-1.809E+02	1.00	2.632E-79	0	131	132	0	131	132	132M
8368	8368	-8.070E+01	1.00	8.929E-36	0	60	61	0	60	61	61M
8369	8369	-3.342E+02	1.00	7.570E-146	0	220	221	0	220	221	221M
8370	8370	-1.960E+02	1.00	7.390E-86	0	126	127	0	126	127	127M
8371	8371	-1.646E+02	1.00	3.423E-72	0	117	118	0	117	118	118M
8372	3971	-1.020E+02	0.520	5.093E-45	6	197	198	193	406	585	11M2D63M1I28M8D19M3D11M5D13M1D25M2D12M2D9M
8372	8372	-2.810E+02	1.00	9.254E-123	0	197	198	0	197	198	198M
8372	11022	-1.042E+02	0.527	5.642E-46	6	197	198	278	491	739	11M2D63M1I28M8D13M1I6M4D5M4D6M1D12M1D25M2D12M2D9M
8373	8373	-2.955E+02	1.00	4.536E-129	0	190	191	0	190	191	191M
8374	3495	-2.471E+02	0.966	4.647E-108	0	179	180	9	188	525	180M
8374	8374	-2.547E+02	1.00	2.391E-111	0	179	180	0	179	180	180M
8374	12156	-2.547E+02	1.00	2.391E-111	0	179	180	0	179	180	180M
8375	2127	-2.024E+02	0.769	1.211E-88	0	177	178	356	533	823	178M
8375	8375	-2.586E+02	1.00	4.931E-113	0	177	178	0	177	178	178M
8375	11713	-2.024E+02	0.769	1.211E-88	0	177	178	356	533	823	178M
8376	4329	-1.354E+02	0.881	1.636E-59	0	100	101	0	100	204	101M
8376	8376	-1.531E+02	1.00	3.357E-67	0	100	101	0	100	101	101M
8376	12158	-1.531E+02	1.00	3.357E-67	0	100	101	0	100	118	101M
8377	8377	-2.443E+02	1.00	7.678E-107	0	165	166	0	165	166	166M
8378	8378	-2.551E+01	1.00	8.340E-12	0	23	24	0	23	24	24M
8379	719	-9.843E+01	0.503	1.788E-43	0	154	155	182	345	378	69M3D4M1D42M2D4M1D17M1I6M3D12M
8379	8379	-2.417E+02	1.00	1.063E-105	0	154	155	0	154	155	155M
8379	11103	-9.843E+01	0.503	1.788E-43	0	154	155	182	345	378	69M3D4M1D42M2D4M1D17M1I6M3D12M
8380	1168	-5.787E+01	0.377	7.333E-26	0	142	153	314	451	533	24M3I3M2I111M
8380	8380	-2.308E+02	1.00	6.063E-101	0	152	153	0	152	153	153M
8380	9113	-5.787E+01	0.377	7.333E-26	0	142	153	314	451	533	24M3I3M2I111M
8381	3188	-6.012E+01	0.450	7.801E-27	0	101	107	123	224	226	102M
8381	8381	-1.509E+02	1.00	3.001E-66	0	106	107	0	106	107	107M
8381	8787	-6.012E+01	0.450	7.801E-27	0	101	107	123	224	226	102M
8382	8382	-1.014E+02	1.00	9.334E-45	0	77	78	0	77	78	78M
8382	12152	-9.727E+01	0.961	5.719E-43	0	77	78	85	162	210	78M
8383	8383	-2.068E+02	1.00	1.560E-90	0	145	146	0	145	146	146M
8384	8384	-2.635E+01	1.00	3.601E-12	0	25	26	0	25	26	26M
8385	8385	-1.374E+02	1.00	2.119E-60	0	97	98	0	97	98	98M
8386	8386	-1.838E+02	1.00	1.500E-80	0	124	125	0	124	125	125M
8387	8387	-2.040E+02	1.00	2.496E-89	0	137	138	0	137	138	138M
8388	3418	-1.814E+02	0.948	1.616E-79	0	134	135	194	328	3006	135M
8388	8388	-1.903E+02	1.00	2.336E-83	0	134	135	0	134	135	135M
8388	12175	-1.903E+02	1.00	2.336E-83	0	134	135	0	134	135	135M
8389	8389	-1.850E+02	1.00	4.450E-81	0	125	126	0	125	126	126M
8390	3017	-7.152E+01	0.492	8.724E-32	0	127	128	185	311	690	25M1I102M
8390	8390	-1.799E+02	1.00	7.676E-79	0	127	128	0	127	128	128M
8390	8595	-7.152E+01	0.492	8.724E-32	0	127	128	185	311	690	25M1I102M
8391	8391	-3.218E+01	1.00	1.063E-14	0	29	30	0	29	30	30M
8392	8392	-1.865E+02	1.00	9.629E-82	0	126	127	0	126	127	127M
8393	8393	-1.851E+02	1.00	4.239E-81	0	124	125	0	124	125	125M
8394	2219	-7.685E+01	0.950	4.214E-34	0	60	62	210	270	272	61M
8394	8394	-7.843E+01	1.00	8.638E-35	0	61	62	0	61	62	62M
8394	10387	-7.685E+01	0.950	4.214E-34	0	60	62	210	270	272	61M
8395	2220	-4.922E+01	0.906	4.187E-22	0	42	44	155	197	199	43M
8395	8395	-5.177E+01	1.00	3.296E-23	0	43	44	0	43	44	44M
8395	10386	-4.986E+01	0.953	2.218E-22	0	42	44	155	197	199	43M
8396	3696	-3.260E+01	0.357	6.978E-15	0	122	123	192	312	342	44M1I12M1I65M
8396	8396	-1.738E+02	1.00	3.340E-76	0	122	123	0	122	123	123M
8396	11188	-3.260E+01	0.357	6.978E-15	0	122	123	192	312	342	44M1I12M1I65M
8397	8397	-1.877E+02	1.00	3.074E-82	0	122	123	0	122	123	123M
8398	8398	-7.484E+01	1.00	3.159E-33	0	57	58	0	57	58	58M
8399	3206	-8.067E+01	0.626	9.214E-36	0	120	121	93	214	312	46M1D7M1D35M1I32M
8399	8399	-1.578E+02	1.00	3.011E-69	0	120	121	0	120	121	121M
8399	9168	-8.004E+01	0.626	1.734E-35	0	120	121	110	231	329	46M1D7M1D35M1I32M
8400	8400	-7.795E+01	1.00	1.397E-34	0	58	59	0	58	59	59M
8401	8401	-1.715E+02	1.00	3.280E-75	0	117	118	0	117	118	118M
8402	8402	-1.127E+02	1.00	1.106E-49	0	78	79	0	78	79	79M
8403	8403	-3.709E+01	1.00	7.793E-17	0	38	39	0	38	39	39M
8404	8404	-1.754E+02	1.00	6.715E-77	0	115	116	0	115	116	116M
8405	2652	-1.577E+02	0.991	3.244E-69	0	115	116	206	321	477	116M
8405	8405	-1.586E+02	1.00	1.257E-69	0	115	116	0	115	116	116M
8405	8848	-4.455E+01	0.373	4.497E-20	2	115	116	210	324	491	32M1D82M
8406	8406	-1.684E+02	1.00	7.009E-74	0	115	116	0	115	116	116M
8407	8407	-4.060E+01	1.00	2.329E-18	0	32	33	0	32	33	33M
8408	8408	-1.616E+02	1.00	6.640E-71	0	113	114	0	113	114	114M
8409	8409	-5.457E+01	1.00	1.994E-24	0	44	45	0	44	45	45M
8410	4447	-1.774E+02	0.991	8.711E-78	0	112	113	64	176	235	113M
8410	8410	-1.806E+02	1.00	3.698E-79	0	112	113	0	112	113	113M
8410	12148	-1.427E+02	0.787	1.085E-62	0	112	113	64	176	235	113M
8411	8411	-1.439E+02	1.00	3.064E-63	0	112	113	0	112	113	113M
8412	2014	-5.736E+01	0.433	1.223E-25	6	111	112	33	138	251	106M
8412	8412	-1.601E+02	1.00	2.924E-70	0	111	112	0	111	112	112M
8412	9263	-5.736E+01	0.433	1.223E-25	6	111	112	33	138	251	106M
8413	8413	-1.601E+02	1.00	3.070E-70	0	112	113	0	112	113	113M
8414	8414	-5.044E+01	1.00	1.239E-22	0	44	45	0	44	45	45M
8415	1072	-1.036E+02	0.645	9.907E-46	0	109	110	172	281	523	110M
8415	8415	-1.624E+02	1.00	2.903E-71	0	109	110	0	109	110	110M
8415	10145	-1.036E+02	0.645	9.907E-46	0	109	110	172	281	523	110M
8416	8416	-1.498E+02	1.00	8.540E-66	0	108	109	0	108	109	109M
8417	1856	-4.834E+01	0.635	1.016E-21	0	73	74	0	73	89	74M
8417	8417	-8.512E+01	1.00	1.082E-37	0	73	74	0	73	74	74M
8417	10779	-4.834E+01	0.635	1.016E-21	0	73	74	0	73	89	74M
8418	2124	-6.102E+01	0.416	3.158E-27	0	106	108	134	241	466	14M1D93M
8418	8418	-1.575E+02	1.00	4.133E-69	0	107	108	0	107	108	108M
8418	11716	-6.102E+01	0.416	3.158E-27	0	106	108	134	241	466	14M1D93M
8419	8419	-1.559E+02	1.00	1.911E-68	0	106	107	0	106	107	107M
8420	8420	-1.547E+02	1.00	6.765E-68	0	106	107	0	106	107	107M
8421	8421	-1.465E+02	1.00	2.387E-64	0	105	106	0	105	106	106M
8422	4512	-1.509E+02	1.00	2.858E-66	0	105	106	56	161	167	106M
8422	8422	-1.509E+02	1.00	2.858E-66	0	105	106	0	105	106	106M
8423	8423	-1.459E+02	1.00	4.277E-64	0	104	105	0	104	105	105M
8424	2652	-1.443E+02	1.00	2.077E-63	0	104	105	86	190	477	105M
8424	8424	-1.443E+02	1.00	2.077E-63	0	104	105	0	104	105	105M
8424	8848	-4.312E+01	0.420	1.883E-19	5	104	105	92	190	491	36M1I63M
8425	8425	-1.589E+02	1.00	9.595E-70	0	103	104	0	103	104	104M
8426	40	-9.036E+01	0.650	5.733E-40	3	102	103	538	637	908	100M
8426	8426	-1.463E+02	1.00	2.827E-64	0	102	103	0	102	103	103M
8426	10901	-9.036E+01	0.650	5.733E-40	3	102	103	538	637	908	100M
8427	8427	-1.482E+02	1.00	4.456E-65	0	103	104	0	103	104	104M
8428	8428	-1.391E+02	1.00	4.063E-61	0	102	103	0	102	103	103M
8429	8429	-7.500E+01	1.00	2.682E-33	0	60	61	0	60	61	61M
8430	8430	-1.337E+02	1.00	8.348E-59	0	101	102	0	101	102	102M
8431	3771	-6.248E+01	0.783	7.341E-28	0	59	64	103	162	165	60M
8431	8431	-8.911E+01	1.00	2.005E-39	0	63	64	0	63	64	64M
8431	10444	-5.169E+01	0.671	3.566E-23	0	59	64	139	202	204	24M4D36M
8432	3770	-4.149E+01	0.825	9.562E-19	0	39	40	0	39	433	40M
8432	8432	-5.071E+01	1.00	9.486E-23	0	39	40	0	39	40	40M
8432	9226	-2.748E+01	0.657	1.166E-12	5	39	40	7	41	443	35M
8433	8433	-1.434E+02	1.00	5.218E-63	0	97	98	0	97	98	98M
8434	8434	-2.861E+01	1.00	3.742E-13	0	30	31	0	30	31	31M
8435	8435	-8.679E+01	1.00	2.038E-38	0	65	66	0	65	66	66M
8436	8436	-1.464E+02	1.00	2.563E-64	0	100	101	0	100	101	101M
8437	8437	-2.386E+01	1.00	4.356E-11	0	24	25	0	24	25	25M
8438	2710	-5.054E+01	0.613	1.122E-22	6	80	81	7	81	783	75M
8438	8438	-9.997E+01	1.00	3.844E-44	0	80	81	0	80	81	81M
8438	8699	-5.054E+01	0.613	1.122E-22	6	80	81	7	81	783	75M
8439	8439	-1.266E+02	1.00	1.090E-55	0	99	100	0	99	100	100M
8440	8440	-1.114E+02	1.00	4.047E-49	0	85	86	0	85	86	86M
8441	8441	-3.626E+01	1.00	1.792E-16	0	30	31	0	30	31	31M
8442	8442	-1.408E+02	1.00	7.220E-62	0	99	100	0	99	100	100M
8443	8443	-1.367E+02	1.00	4.400E-60	0	99	100	0	99	100	100M
8444	16	-6.759E+01	1.00	4.441E-30	0	49	51	436	485	487	50M
8444	6960	-6.759E+01	1.00	4.441E-30	0	49	51	436	485	487	50M
8444	10925	-6.759E+01	1.00	4.441E-30	0	49	51	436	485	487	50M
8445	8445	-1.012E+02	1.00	1.177E-44	0	69	70	0	69	70	70M
8446	8446	-9.359E+01	1.00	2.269E-41	0	81	82	0	81	82	82M
8447	8447	-9.732E+01	1.00	5.441E-43	0	76	77	0	76	77	77M
8448	2327	-5.166E+01	0.500	3.679E-23	0	97	98	1000	1096	1363	13M1I84M
8448	8448	-1.333E+02	1.00	1.292E-58	0	97	98	0	97	98	98M
8448	9734	-5.166E+01	0.500	3.679E-23	0	97	98	1000	1096	1363	13M1I84M
8449	8449	-1.323E+02	1.00	3.335E-58	0	97	98	0	97	98	98M
8450	8450	-7.816E+01	1.00	1.137E-34	0	54	55	0	54	55	55M
8451	8451	-1.347E+02	1.00	3.306E-59	0	95	96	0	95	96	96M
8452	3871	-3.876E+01	0.473	1.473E-17	4	95	96	102	196	239	50M1D32M2D10M
8452	8452	-1.309E+02	1.00	1.469E-57	0	95	96	0	95	96	96M
8452	9353	-3.876E+01	0.473	1.473E-17	4	95	96	102	196	239	50M1D32M2D10M
8453	8453	-1.324E+02	1.00	3.023E-58	0	95	96	0	95	96	96M
8454	812	-3.179E+01	0.357	1.570E-14	7	90	96	236	319	473	84M
8454	8454	-1.362E+02	1.00	6.803E-60	0	95	96	0	95	96	96M
8454	9010	-3.179E+01	0.357	1.570E-14	7	90	96	236	319	473	84M
8455	8455	-1.293E+02	1.00	7.141E-57	0	95	96	0	95	96	96M
8456	8456	-1.388E+02	1.00	5.161E-61	0	94	95	0	94	95	95M
8457	8457	-1.338E+02	1.00	8.125E-59	0	94	95	0	94	95	95M
8458	8458	-7.515E+01	1.00	2.316E-33	0	51	52	0	51	52	52M
8459	8459	-5.055E+01	1.00	1.114E-22	0	42	43	0	42	43	43M
8460	8460	-6.394E+01	1.00	1.701E-28	0	53	54	0	53	54	54M
8461	8461	-4.038E+01	1.00	2.901E-18	0	36	37	0	36	37	37M
8462	8462	-4.542E+01	1.00	1.890E-20	0	37	38	0	37	38	38M
8463	8463	-1.313E+02	1.00	9.239E-58	0	92	93	0	92	93	93M
8464	8464	-6.764E+01	1.00	4.190E-30	0	55	56	0	55	56	56M
8465	8465	-1.402E+02	1.00	1.320E-61	0	92	93	0	92	93	93M
8466	8466	-1.386E+02	1.00	6.414E-61	0	92	93	0	92	93	93M
8467	1604	-1.161E+02	0.956	3.618E-51	0	92	93	81	173	538	93M
8467	8467	-1.218E+02	1.00	1.219E-53	0	92	93	0	92	93	93M
8467	11982	-1.171E+02	0.967	1.401E-51	0	92	93	81	173	538	93M
8468	4484	-1.213E+02	1.00	2.079E-53	0	90	91	98	188	217	91M
8468	8468	-1.213E+02	1.00	2.079E-53	0	90	91	0	90	91	91M
8468	9579	-1.178E+02	0.967	6.745E-52	0	90	91	17	107	2338	91M
8469	4370	-1.033E+02	1.00	1.397E-45	0	77	78	166	243	431	78M
8469	8469	-1.033E+02	1.00	1.397E-45	0	77	78	0	77	78	78M
8469	12150	-1.017E+02	0.987	6.802E-45	0	77	78	138	215	230	78M
8470	4626	-1.007E+02	0.973	1.758E-44	0	75	78	3	78	79	76M
8470	8470	-1.061E+02	1.00	8.094E-47	0	77	78	0	77	78	78M
8470	12244	-1.061E+02	1.00	8.094E-47	0	77	78	0	77	78	78M
8471	4573	-1.027E+02	1.00	2.503E-45	0	76	77	14	90	98	77M
8471	8471	-1.027E+02	1.00	2.503E-45	0	76	77	0	76	77	77M
8471	12245	-1.027E+02	1.00	2.503E-45	0	76	77	0	76	77	77M
8472	4626	-1.015E+02	1.00	8.034E-45	0	74	75	3	77	79	75M
8472	8472	-1.015E+02	1.00	8.034E-45	0	74	75	0	74	75	75M
8472	12246	-1.015E+02	1.00	8.034E-45	0	74	75	0	74	75	75M
8473	4568	-1.003E+02	1.00	2.711E-44	0	73	74	10	83	103	74M
8473	8473	-1.003E+02	1.00	2.711E-44	0	73	74	0	73	74	74M
8473	12150	-1.003E+02	1.00	2.711E-44	0	73	74	138	211	230	74M
8474	4629	-9.720E+01	1.00	6.113E-43	0	72	73	0	72	76	73M
8474	8474	-9.720E+01	1.00	6.113E-43	0	72	73	0	72	73	73M
8474	12247	-9.720E+01	1.00	6.113E-43	0	72	73	0	72	73	73M
8475	4526	-8.997E+01	1.00	8.462E-40	0	70	72	36	106	110	71M
8475	8475	-9.123E+01	1.00	2.384E-40	0	71	72	0	71	72	72M
8475	12170	-9.123E+01	1.00	2.384E-40	0	71	72	62	133	138	72M
8476	4629	-9.292E+01	1.00	4.425E-41	0	69	70	3	72	76	70M
8476	8476	-9.292E+01	1.00	4.425E-41	0	69	70	0	69	70	70M
8476	12248	-9.292E+01	1.00	4.425E-41	0	69	70	0	69	70	70M
8477	4579	-8.293E+01	0.985	9.600E-37	0	66	67	23	89	90	67M
8477	8477	-8.388E+01	1.00	3.711E-37	0	66	67	0	66	67	67M
8477	9579	-8.388E+01	1.00	3.711E-37	0	66	67	17	83	2338	67M
8478	4585	-8.489E+01	0.984	1.364E-37	0	65	66	22	87	88	66M
8478	8478	-8.520E+01	1.00	9.935E-38	0	65	66	0	65	66	66M
8478	12243	-8.520E+01	1.00	9.935E-38	0	65	66	0	65	80	66M
8479	4484	-7.685E+01	1.00	4.214E-34	0	61	62	4	65	217	62M
8479	8479	-7.685E+01	1.00	4.214E-34	0	61	62	0	61	62	62M
8479	12242	-7.685E+01	1.00	4.214E-34	0	61	62	2	63	86	62M
8480	4579	-7.040E+01	1.00	2.675E-31	0	57	58	6	63	90	58M
8480	8480	-7.040E+01	1.00	2.675E-31	0	57	58	0	57	58	58M
8480	12250	-7.040E+01	1.00	2.675E-31	0	57	58	0	57	67	58M
8481	4626	-6.981E+01	0.964	4.791E-31	0	56	57	21	77	79	57M
8481	8481	-7.267E+01	1.00	2.761E-32	0	56	57	0	56	57	57M
8481	12255	-7.267E+01	1.00	2.761E-32	0	56	57	0	56	57	57M
8482	4370	-6.733E+01	1.00	5.754E-30	0	55	56	202	257	431	56M
8482	8482	-6.733E+01	1.00	5.754E-30	0	55	56	0	55	56	56M
8482	12243	-6.733E+01	1.00	5.754E-30	0	55	56	24	79	80	56M
8483	4590	-6.611E+01	0.961	1.944E-29	0	51	55	32	83	84	52M
8483	8483	-7.277E+01	1.00	2.490E-32	0	54	55	0	54	55	55M
8483	12256	-7.277E+01	1.00	2.490E-32	0	54	55	0	54	55	55M
8484	4590	-6.611E+01	0.961	1.944E-29	0	51	55	32	83	84	52M
8484	8483	-7.277E+01	1.00	2.490E-32	0	54	55	0	54	55	55M
8484	12256	-7.277E+01	1.00	2.490E-32	0	54	55	0	54	55	55M
8485	4590	-6.897E+01	1.00	1.119E-30	0	51	55	32	83	84	52M
8485	8485	-7.277E+01	1.00	2.490E-32	0	54	55	0	54	55	55M
8485	12258	-7.277E+01	1.00	2.490E-32	0	54	55	0	54	55	55M
8486	4430	-6.743E+01	1.00	5.190E-30	0	53	54	17	70	75	54M
8486	8486	-6.743E+01	1.00	5.190E-30	0	53	54	0	53	54	54M
8486	12251	-6.743E+01	1.00	5.190E-30	0	53	54	0	53	64	54M
8487	4635	-6.087E+01	1.00	3.662E-27	0	51	52	7	58	73	52M
8487	8487	-6.087E+01	1.00	3.662E-27	0	51	52	0	51	52	52M
8487	12170	-6.087E+01	1.00	3.662E-27	0	51	52	20	71	138	52M
8488	4590	-6.944E+01	1.00	6.976E-31	0	51	52	32	83	84	52M
8488	8488	-6.944E+01	1.00	6.976E-31	0	51	52	0	51	52	52M
8488	12260	-6.944E+01	1.00	6.976E-31	0	51	52	0	51	52	52M
8489	4590	-6.944E+01	1.00	6.976E-31	0	51	52	32	83	84	52M
8489	8488	-6.944E+01	1.00	6.976E-31	0	51	52	0	51	52	52M
8489	12260	-6.944E+01	1.00	6.976E-31	0	51	52	0	51	52	52M
8490	4370	-6.045E+01	0.958	5.606E-27	0	47	48	4	51	431	48M
8490	8490	-6.330E+01	1.00	3.223E-28	0	47	48	0	47	48	48M
8490	12264	-6.330E+01	1.00	3.223E-28	0	47	48	0	47	48	48M
8491	4626	-5.933E+01	1.00	1.704E-26	0	44	45	0	44	79	45M
8491	8491	-5.933E+01	1.00	1.704E-26	0	44	45	0	44	45	45M
8491	12267	-5.933E+01	1.00	1.704E-26	0	44	45	0	44	45	45M
 