8492	1770	-5.705E+02	0.994	1.692E-248	0	354	356	0	354	356	355M
8492	4693	-5.730E+02	1.00	1.360E-249	0	354	356	0	354	356	355M
8492	8492	-5.727E+02	1.00	1.864E-249	0	355	356	0	355	356	356M
8493	1771	-3.989E+02	1.00	5.525E-174	0	276	278	0	276	278	277M
8493	4694	-3.989E+02	1.00	5.525E-174	0	276	278	0	276	278	277M
8493	8493	-3.986E+02	1.00	7.572E-174	0	277	278	0	277	278	278M
8494	1772	-4.550E+02	1.00	2.514E-198	0	284	286	0	284	286	285M
8494	4695	-4.550E+02	1.00	2.514E-198	0	284	286	0	284	286	285M
8494	8494	-4.547E+02	1.00	3.446E-198	0	285	286	0	285	286	286M
8495	1773	-3.183E+02	0.980	5.578E-139	0	200	202	0	200	202	201M
8495	4696	-3.246E+02	1.00	1.015E-141	0	200	202	0	200	202	201M
8495	8495	-3.243E+02	1.00	1.392E-141	0	201	202	0	201	202	202M
8496	1774	-2.492E+02	0.988	5.789E-109	0	174	176	0	174	176	175M
8496	4697	-2.521E+02	1.00	3.383E-110	0	174	176	0	174	176	175M
8496	8496	-2.518E+02	1.00	4.638E-110	0	175	176	0	175	176	176M
8497	1775	-1.154E+02	1.00	7.447E-51	0	80	82	0	80	82	81M
8497	4698	-1.154E+02	1.00	7.447E-51	0	80	82	0	80	82	81M
8497	8497	-1.151E+02	1.00	1.022E-50	0	81	82	0	81	82	82M
8498	1776	-4.936E+02	1.00	4.175E-215	0	327	329	0	327	329	328M
8498	4699	-4.936E+02	1.00	4.175E-215	0	327	329	0	327	329	328M
8498	8498	-4.933E+02	1.00	5.722E-215	0	328	329	0	328	329	329M
8499	1777	-3.345E+02	1.00	5.523E-146	0	219	221	0	219	221	220M
8499	4700	-3.345E+02	1.00	5.523E-146	0	219	221	0	219	221	220M
8499	8499	-3.342E+02	1.00	7.570E-146	0	220	221	0	220	221	221M
8500	1778	-7.084E+02	0.998	0.000E+00	0	660	662	0	660	662	661M
8500	4701	-7.084E+02	1.00	0.000E+00	0	660	662	0	660	662	661M
8500	8500	-7.084E+02	1.00	0.000E+00	0	661	662	0	661	662	662M
8501	1779	-7.084E+02	0.997	0.000E+00	0	482	484	0	482	484	483M
8501	4702	-7.084E+02	1.00	0.000E+00	0	482	484	0	482	484	483M
8501	8501	-7.084E+02	1.00	0.000E+00	0	483	484	0	483	484	484M
8502	1780	-5.343E+02	1.00	9.382E-233	0	361	363	0	361	363	362M
8502	4703	-5.343E+02	1.00	9.382E-233	0	361	363	0	361	363	362M
8502	8502	-5.339E+02	1.00	1.286E-232	0	362	363	0	362	363	363M
8503	1781	-2.270E+02	0.993	2.604E-99	0	157	159	0	157	159	158M
8503	4704	-2.286E+02	1.00	5.373E-100	0	157	159	0	157	159	158M
8503	8503	-2.283E+02	1.00	7.367E-100	0	158	159	0	158	159	159M
8504	1782	-4.101E+02	0.986	7.682E-179	0	293	295	0	293	295	294M
8504	4705	-4.164E+02	1.00	1.406E-181	0	293	295	0	293	295	294M
8504	8504	-4.161E+02	1.00	1.927E-181	0	294	295	0	294	295	295M
8505	1783	-3.299E+02	1.00	5.264E-144	0	222	224	0	222	224	223M
8505	4706	-3.299E+02	1.00	5.264E-144	0	222	224	0	222	224	223M
8505	8505	-3.296E+02	1.00	7.215E-144	0	223	224	0	223	224	224M
8506	1784	-3.415E+02	0.995	4.646E-149	0	236	238	0	236	238	237M
8506	4707	-3.428E+02	1.00	1.316E-149	0	236	238	0	236	238	237M
8506	8506	-3.425E+02	1.00	1.804E-149	0	237	238	0	237	238	238M
8507	1785	-2.724E+02	1.00	4.774E-119	0	190	192	0	190	192	191M
8507	4708	-2.724E+02	1.00	4.774E-119	0	190	192	0	190	192	191M
8507	8507	-2.721E+02	1.00	6.545E-119	0	191	192	0	191	192	192M
8508	1786	-2.977E+02	0.984	5.076E-130	0	196	198	0	196	198	197M
8508	4709	-3.018E+02	1.00	8.405E-132	0	196	198	0	196	198	197M
8508	8508	-3.015E+02	1.00	1.152E-131	0	197	198	0	197	198	198M
8509	1787	-6.087E+02	1.00	4.547E-265	0	414	416	0	414	416	415M
8509	4710	-6.087E+02	1.00	4.547E-265	0	414	416	0	414	416	415M
8509	8509	-6.084E+02	1.00	6.231E-265	0	415	416	0	415	416	416M
8510	1788	-4.213E+02	0.986	1.055E-183	0	303	305	0	303	305	304M
8510	4711	-4.257E+02	1.00	1.281E-185	0	303	305	0	303	305	304M
8510	8510	-4.254E+02	1.00	1.755E-185	0	304	305	0	304	305	305M
8511	1789	-4.036E+02	0.988	4.980E-176	0	263	265	0	263	265	264M
8511	4712	-4.087E+02	1.00	3.210E-178	0	263	265	0	263	265	264M
8511	8511	-4.084E+02	1.00	4.400E-178	0	264	265	0	264	265	265M
8512	1790	-3.342E+02	0.995	7.441E-146	0	212	214	0	212	214	213M
8512	4713	-3.357E+02	1.00	1.537E-146	0	212	214	0	212	214	213M
8512	8512	-3.354E+02	1.00	2.107E-146	0	213	214	0	213	214	214M
8513	1791	-2.364E+02	1.00	2.050E-103	0	164	166	0	164	166	165M
8513	4714	-2.364E+02	1.00	2.050E-103	0	164	166	0	164	166	165M
8513	8513	-2.361E+02	1.00	2.810E-103	0	165	166	0	165	166	166M
8514	1792	-3.378E+02	0.991	2.014E-147	0	229	231	0	229	231	230M
8514	4715	-3.394E+02	1.00	4.162E-148	0	229	231	0	229	231	230M
8514	8514	-3.390E+02	1.00	5.706E-148	0	230	231	0	230	231	231M
8515	4222	-7.084E+02	0.970	0.000E+00	0	826	828	0	806	808	448M20I359M
8515	4716	-7.084E+02	1.00	0.000E+00	0	826	828	0	826	828	827M
8515	8515	-7.084E+02	1.00	0.000E+00	0	827	828	0	827	828	828M
8516	2397	-8.660E+01	0.389	2.455E-38	1	185	198	12	195	219	83M1I101M
8516	4717	-3.072E+02	1.00	3.940E-134	0	196	198	0	196	198	197M
8516	8516	-3.069E+02	1.00	5.402E-134	0	197	198	0	197	198	198M
8517	2714	-7.084E+02	0.996	0.000E+00	0	809	811	0	809	811	810M
8517	4718	-7.084E+02	1.00	0.000E+00	0	809	811	0	809	811	810M
8517	8517	-7.084E+02	1.00	0.000E+00	0	810	811	0	810	811	811M
8518	2715	-7.084E+02	0.994	0.000E+00	0	683	685	0	683	685	684M
8518	4719	-7.084E+02	1.00	0.000E+00	0	683	685	0	683	685	684M
8518	8518	-7.084E+02	1.00	0.000E+00	0	684	685	0	684	685	685M
8519	2716	-9.988E+01	0.985	4.174E-44	0	68	70	0	68	70	69M
8519	4720	-1.012E+02	1.00	1.177E-44	0	68	70	0	68	70	69M
8519	8519	-1.008E+02	1.00	1.615E-44	0	69	70	0	69	70	70M
8520	2717	-1.554E+02	0.991	3.177E-68	0	119	144	0	119	129	120M
8520	4721	-1.873E+02	1.00	4.496E-82	0	142	144	0	142	144	143M
8520	8520	-1.870E+02	1.00	6.165E-82	0	143	144	0	143	144	144M
8521	2718	-7.084E+02	0.997	0.000E+00	0	730	732	0	730	732	731M
8521	4722	-7.084E+02	1.00	0.000E+00	0	730	732	0	730	732	731M
8521	8521	-7.084E+02	1.00	0.000E+00	0	731	732	0	731	732	732M
8522	2719	-2.906E+02	0.994	6.418E-127	0	187	189	0	187	189	188M
8522	4723	-2.918E+02	1.00	1.817E-127	0	187	189	0	187	189	188M
8522	8522	-2.915E+02	1.00	2.491E-127	0	188	189	0	188	189	189M
8523	2720	-5.406E+02	1.00	1.641E-235	0	360	362	0	360	362	361M
8523	4724	-5.406E+02	1.00	1.641E-235	0	360	362	0	360	362	361M
8523	8523	-5.403E+02	1.00	2.249E-235	0	361	362	0	361	362	362M
8524	2721	-3.259E+01	1.00	7.030E-15	0	32	34	0	32	34	33M
8524	4725	-3.259E+01	1.00	7.030E-15	0	32	34	0	32	34	33M
8524	8524	-3.227E+01	1.00	9.667E-15	0	33	34	0	33	34	34M
8525	2722	-1.239E+02	0.947	1.621E-54	0	95	97	0	95	97	96M
8525	4726	-1.324E+02	1.00	3.176E-58	0	95	97	0	95	97	96M
8525	8525	-1.321E+02	1.00	4.357E-58	0	96	97	0	96	97	97M
8526	2723	-1.219E+02	1.00	1.183E-53	0	84	86	0	84	86	85M
8526	4727	-1.219E+02	1.00	1.183E-53	0	84	86	0	84	86	85M
8526	8526	-1.216E+02	1.00	1.624E-53	0	85	86	0	85	86	86M
8527	2724	-6.016E+02	0.997	5.118E-262	0	389	391	0	389	391	390M
8527	4728	-6.026E+02	1.00	1.989E-262	0	389	391	0	389	391	390M
8527	8527	-6.023E+02	1.00	2.725E-262	0	390	391	0	390	391	391M
8528	590	-7.084E+02	0.991	0.000E+00	0	495	497	0	495	497	496M
8528	4729	-7.084E+02	1.00	0.000E+00	0	495	497	0	495	497	496M
8528	8528	-7.084E+02	1.00	0.000E+00	0	496	497	0	496	497	497M
8529	589	-1.736E+02	1.00	3.861E-76	0	124	126	0	124	126	125M
8529	4730	-1.736E+02	1.00	3.861E-76	0	124	126	0	124	126	125M
8529	8529	-1.733E+02	1.00	5.295E-76	0	125	126	0	125	126	126M
8530	588	-4.924E+02	1.00	1.491E-214	0	334	336	0	334	336	335M
8530	4731	-4.924E+02	1.00	1.491E-214	0	334	336	0	334	336	335M
8530	8530	-4.920E+02	1.00	2.043E-214	0	335	336	0	335	336	336M
8531	587	-3.003E+02	1.00	3.649E-131	0	207	209	0	207	209	208M
8531	4732	-3.003E+02	1.00	3.649E-131	0	207	209	0	207	209	208M
8531	8531	-3.000E+02	1.00	5.003E-131	0	208	209	0	208	209	209M
8532	586	-1.801E+02	1.00	5.874E-79	0	127	129	0	127	129	128M
8532	4733	-1.801E+02	1.00	5.874E-79	0	127	129	0	127	129	128M
8532	8532	-1.798E+02	1.00	8.056E-79	0	128	129	0	128	129	129M
8533	585	-1.636E+02	1.00	9.270E-72	0	117	119	0	117	119	118M
8533	4734	-1.636E+02	1.00	9.270E-72	0	117	119	0	117	119	118M
8533	8533	-1.632E+02	1.00	1.271E-71	0	118	119	0	118	119	119M
8534	584	-4.441E+01	1.00	5.178E-20	0	37	39	0	37	39	38M
8534	4735	-4.441E+01	1.00	5.178E-20	0	37	39	0	37	39	38M
8534	8534	-4.409E+01	1.00	7.116E-20	0	38	39	0	38	39	39M
8535	583	-6.625E+02	1.00	1.930E-288	0	449	451	0	449	451	450M
8535	4736	-6.625E+02	1.00	1.930E-288	0	449	451	0	449	451	450M
8535	8535	-6.622E+02	1.00	2.644E-288	0	450	451	0	450	451	451M
8536	582	-1.951E+02	1.00	1.937E-85	0	145	147	0	145	147	146M
8536	4737	-1.951E+02	1.00	1.937E-85	0	145	147	0	145	147	146M
8536	8536	-1.947E+02	1.00	2.656E-85	0	146	147	0	146	147	147M
8537	581	-7.573E+01	1.00	1.285E-33	0	57	59	0	57	59	58M
8537	4738	-7.573E+01	1.00	1.285E-33	0	57	59	0	57	59	58M
8537	8537	-7.542E+01	1.00	1.764E-33	0	58	59	0	58	59	59M
8538	580	-2.276E+02	1.00	1.410E-99	0	164	166	0	164	166	165M
8538	4739	-2.276E+02	1.00	1.410E-99	0	164	166	0	164	166	165M
8538	8538	-2.273E+02	1.00	1.934E-99	0	165	166	0	165	166	166M
8539	579	-1.526E+02	1.00	5.341E-67	0	115	117	0	115	117	116M
8539	4740	-1.526E+02	1.00	5.341E-67	0	115	117	0	115	117	116M
8539	8539	-1.523E+02	1.00	7.326E-67	0	116	117	0	116	117	117M
8540	578	-2.532E+02	1.00	1.053E-110	0	176	178	0	176	178	177M
8540	4741	-2.532E+02	1.00	1.053E-110	0	176	178	0	176	178	177M
8540	8540	-2.529E+02	1.00	1.444E-110	0	177	178	0	177	178	178M
8541	577	-1.727E+02	0.992	9.692E-76	0	130	132	0	130	132	131M
8541	4742	-1.740E+02	1.00	2.740E-76	0	130	132	0	130	132	131M
8541	8541	-1.737E+02	1.00	3.758E-76	0	131	132	0	131	132	132M
8542	576	-1.401E+02	1.00	1.499E-61	0	100	102	0	100	102	101M
8542	4743	-1.401E+02	1.00	1.499E-61	0	100	102	0	100	102	101M
8542	8542	-1.397E+02	1.00	2.056E-61	0	101	102	0	101	102	102M
8543	575	-2.598E+02	1.00	1.464E-113	0	177	179	0	177	179	178M
8543	4744	-2.598E+02	1.00	1.464E-113	0	177	179	0	177	179	178M
8543	8543	-2.595E+02	1.00	2.007E-113	0	178	179	0	178	179	179M
8544	574	-1.414E+02	1.00	3.751E-62	0	104	106	0	104	106	105M
8544	4745	-1.414E+02	1.00	3.751E-62	0	104	106	0	104	106	105M
8544	8544	-1.411E+02	1.00	5.145E-62	0	105	106	0	105	106	106M
8545	573	-1.719E+02	1.00	2.222E-75	0	121	123	0	121	123	122M
8545	4746	-1.719E+02	1.00	2.222E-75	0	121	123	0	121	123	122M
8545	8545	-1.716E+02	1.00	3.048E-75	0	122	123	0	122	123	123M
8546	572	-1.130E+02	1.00	8.319E-50	0	84	86	0	84	86	85M
8546	4747	-1.130E+02	1.00	8.319E-50	0	84	86	0	84	86	85M
8546	8546	-1.127E+02	1.00	1.141E-49	0	85	86	0	85	86	86M
8547	571	-7.665E+01	1.00	5.161E-34	0	64	66	0	64	66	65M
8547	4748	-7.665E+01	1.00	5.161E-34	0	64	66	0	64	66	65M
8547	8547	-7.633E+01	1.00	7.086E-34	0	65	66	0	65	66	66M
8548	570	-1.958E+02	1.00	9.177E-86	0	136	138	0	136	138	137M
8548	4749	-1.958E+02	1.00	9.177E-86	0	136	138	0	136	138	137M
8548	8548	-1.955E+02	1.00	1.258E-85	0	137	138	0	137	138	138M
8549	569	-3.643E+02	1.00	6.306E-159	0	249	251	0	249	251	250M
8549	4750	-3.643E+02	1.00	6.306E-159	0	249	251	0	249	251	250M
8549	8549	-3.640E+02	1.00	8.644E-159	0	250	251	0	250	251	251M
8550	568	-1.457E+02	1.00	5.456E-64	0	108	110	0	108	110	109M
8550	4751	-1.457E+02	1.00	5.456E-64	0	108	110	0	108	110	109M
8550	8550	-1.454E+02	1.00	7.484E-64	0	109	110	0	109	110	110M
8551	567	-1.320E+02	1.00	4.672E-58	0	90	92	0	90	92	91M
8551	4752	-1.320E+02	1.00	4.672E-58	0	90	92	0	90	92	91M
8551	8551	-1.317E+02	1.00	6.410E-58	0	91	92	0	91	92	92M
8552	566	-4.249E+02	1.00	2.851E-185	0	273	275	0	273	275	274M
8552	4753	-4.249E+02	1.00	2.851E-185	0	273	275	0	273	275	274M
8552	8552	-4.246E+02	1.00	3.907E-185	0	274	275	0	274	275	275M
8553	565	-1.408E+02	1.00	7.410E-62	0	105	107	0	105	107	106M
8553	4754	-1.408E+02	1.00	7.410E-62	0	105	107	0	105	107	106M
8553	8553	-1.404E+02	1.00	1.016E-61	0	106	107	0	106	107	107M
8554	564	-2.821E+02	1.00	3.020E-123	0	199	201	0	199	201	200M
8554	4755	-2.821E+02	1.00	3.020E-123	0	199	201	0	199	201	200M
8554	8554	-2.818E+02	1.00	4.139E-123	0	200	201	0	200	201	201M
8555	563	-3.121E+02	1.00	2.750E-136	0	211	213	0	211	213	212M
8555	4756	-3.121E+02	1.00	2.750E-136	0	211	213	0	211	213	212M
8555	8555	-3.118E+02	1.00	3.770E-136	0	212	213	0	212	213	213M
8556	562	-1.441E+02	1.00	2.713E-63	0	102	104	0	102	104	103M
8556	4757	-1.441E+02	1.00	2.713E-63	0	102	104	0	102	104	103M
8556	8556	-1.437E+02	1.00	3.722E-63	0	103	104	0	103	104	104M
8557	561	-3.757E+02	1.00	6.969E-164	0	241	243	0	241	243	242M
8557	4758	-3.757E+02	1.00	6.969E-164	0	241	243	0	241	243	242M
8557	8557	-3.754E+02	1.00	9.552E-164	0	242	243	0	242	243	243M
8558	560	-6.165E+02	0.984	1.831E-268	0	395	397	0	395	397	396M
8558	4759	-6.231E+02	1.00	2.450E-271	0	395	397	0	395	397	396M
8558	8558	-6.228E+02	1.00	3.357E-271	0	396	397	0	396	397	397M
8559	559	-7.084E+02	0.998	0.000E+00	0	514	516	0	514	516	515M
8559	4760	-7.084E+02	1.00	0.000E+00	0	514	516	0	514	516	515M
8559	8559	-7.084E+02	1.00	0.000E+00	0	515	516	0	515	516	516M
8560	558	-3.814E+02	1.00	2.243E-166	0	253	255	0	253	255	254M
8560	4761	-3.814E+02	1.00	2.243E-166	0	253	255	0	253	255	254M
8560	8560	-3.811E+02	1.00	3.074E-166	0	254	255	0	254	255	255M
8561	557	-2.150E+02	0.986	4.250E-94	0	144	146	0	144	146	145M
8561	4762	-2.169E+02	1.00	6.394E-95	0	144	146	0	144	146	145M
8561	8561	-2.166E+02	1.00	8.768E-95	0	145	146	0	145	146	146M
8562	556	-3.734E+02	0.996	7.169E-163	0	257	259	0	257	259	258M
8562	4763	-3.749E+02	1.00	1.482E-163	0	257	259	0	257	259	258M
8562	8562	-3.746E+02	1.00	2.031E-163	0	258	259	0	258	259	259M
8563	555	-4.993E+02	0.996	1.463E-217	0	314	316	0	314	316	315M
8563	4764	-5.005E+02	1.00	4.148E-218	0	314	316	0	314	316	315M
8563	8563	-5.002E+02	1.00	5.685E-218	0	315	316	0	315	316	316M
8564	554	-6.337E+02	1.00	6.114E-276	0	438	440	0	438	440	439M
8564	4765	-6.337E+02	1.00	6.114E-276	0	438	440	0	438	440	439M
8564	8564	-6.334E+02	1.00	8.378E-276	0	439	440	0	439	440	440M
8565	553	-4.450E+02	1.00	5.582E-194	0	289	291	0	289	291	290M
8565	4766	-4.450E+02	1.00	5.582E-194	0	289	291	0	289	291	290M
8565	8565	-4.447E+02	1.00	7.651E-194	0	290	291	0	290	291	291M
8566	552	-7.084E+02	0.998	0.000E+00	0	855	857	0	856	858	36M1D820M
8566	4767	-7.084E+02	1.00	0.000E+00	0	855	857	0	855	857	856M
8566	8566	-7.084E+02	1.00	0.000E+00	0	856	857	0	856	857	857M
8567	551	-5.069E+02	0.987	7.450E-221	0	327	329	0	327	329	328M
8567	4768	-5.125E+02	1.00	2.561E-223	0	327	329	0	327	329	328M
8567	8567	-5.122E+02	1.00	3.510E-223	0	328	329	0	328	329	329M
8568	550	-4.266E+02	1.00	5.115E-186	0	270	272	0	270	272	271M
8568	4769	-4.266E+02	1.00	5.115E-186	0	270	272	0	270	272	271M
8568	8568	-4.263E+02	1.00	7.011E-186	0	271	272	0	271	272	272M
8569	549	-7.084E+02	0.998	0.000E+00	0	680	682	0	680	682	681M
8569	4770	-7.084E+02	1.00	0.000E+00	0	680	682	0	680	682	681M
8569	8569	-7.084E+02	1.00	0.000E+00	0	681	682	0	681	682	682M
8570	548	-3.065E+02	0.990	7.662E-134	0	210	212	0	210	212	211M
8570	4771	-3.084E+02	1.00	1.155E-134	0	210	212	0	210	212	211M
8570	8570	-3.081E+02	1.00	1.583E-134	0	211	212	0	211	212	212M
8571	547	-1.853E+02	0.977	3.483E-81	0	132	134	0	132	134	133M
8571	4772	-1.884E+02	1.00	1.481E-82	0	132	134	0	132	134	133M
8571	8571	-1.881E+02	1.00	2.030E-82	0	133	134	0	133	134	134M
8572	546	-2.884E+02	1.00	5.407E-126	0	192	194	0	192	194	193M
8572	4773	-2.884E+02	1.00	5.407E-126	0	192	194	0	192	194	193M
8572	8572	-2.881E+02	1.00	7.412E-126	0	193	194	0	193	194	194M
8573	545	-5.112E+02	1.00	1.006E-222	0	336	338	0	336	338	337M
8573	4774	-5.112E+02	1.00	1.006E-222	0	336	338	0	336	338	337M
8573	8573	-5.109E+02	1.00	1.378E-222	0	337	338	0	337	338	338M
8574	544	-1.340E+02	1.00	6.222E-59	0	94	96	0	94	96	95M
8574	4775	-1.340E+02	1.00	6.222E-59	0	94	96	0	94	96	95M
8574	8574	-1.337E+02	1.00	8.535E-59	0	95	96	0	95	96	96M
8575	543	-3.143E+02	1.00	3.170E-137	0	212	214	0	212	214	213M
8575	4776	-3.143E+02	1.00	3.170E-137	0	212	214	0	212	214	213M
8575	8575	-3.140E+02	1.00	4.346E-137	0	213	214	0	213	214	214M
8576	542	-3.153E+02	1.00	1.209E-137	0	225	227	0	225	227	226M
8576	4777	-3.153E+02	1.00	1.209E-137	0	225	227	0	225	227	226M
8576	8576	-3.149E+02	1.00	1.657E-137	0	226	227	0	226	227	227M
8577	541	-3.639E+02	0.996	9.178E-159	0	257	259	0	257	259	258M
8577	4778	-3.648E+02	1.00	3.565E-159	0	257	259	0	257	259	258M
8577	8577	-3.645E+02	1.00	4.886E-159	0	258	259	0	258	259	259M
8578	540	-3.998E+02	1.00	2.327E-174	0	271	273	0	271	273	272M
8578	4779	-3.998E+02	1.00	2.327E-174	0	271	273	0	271	273	272M
8578	8578	-3.995E+02	1.00	3.189E-174	0	272	273	0	272	273	273M
8579	538	-7.084E+02	0.980	0.000E+00	0	605	607	0	614	616	407M9D199M
8579	4780	-7.084E+02	1.00	0.000E+00	0	605	607	0	605	607	606M
8579	8579	-7.084E+02	1.00	0.000E+00	0	606	607	0	606	607	607M
8580	537	-4.458E+02	0.996	2.497E-194	0	292	294	0	292	294	293M
8580	4781	-4.477E+02	1.00	3.768E-195	0	292	294	0	292	294	293M
8580	8580	-4.474E+02	1.00	5.164E-195	0	293	294	0	293	294	294M
8581	536	-7.084E+02	0.998	0.000E+00	0	633	635	0	633	635	634M
8581	4782	-7.084E+02	1.00	0.000E+00	0	633	635	0	633	635	634M
8581	8581	-7.084E+02	1.00	0.000E+00	0	634	635	0	634	635	635M
8582	535	-3.039E+02	1.00	1.066E-132	0	199	201	0	199	201	200M
8582	4783	-3.039E+02	1.00	1.066E-132	0	199	201	0	199	201	200M
8582	8582	-3.036E+02	1.00	1.461E-132	0	200	201	0	200	201	201M
8583	534	-5.166E+02	0.996	4.539E-225	0	315	317	0	315	317	316M
8583	4784	-5.191E+02	1.00	3.646E-226	0	315	317	0	315	317	316M
8583	8583	-5.188E+02	1.00	4.997E-226	0	316	317	0	316	317	317M
8584	533	-3.911E+02	0.988	1.358E-170	0	261	263	0	261	263	262M
8584	4785	-3.955E+02	1.00	1.645E-172	0	261	263	0	261	263	262M
8584	8584	-3.952E+02	1.00	2.254E-172	0	262	263	0	262	263	263M
8585	532	-7.084E+02	0.990	0.000E+00	149	766	768	0	617	619	618M
8585	4786	-7.084E+02	1.00	0.000E+00	0	766	768	0	766	768	767M
8585	8585	-7.084E+02	1.00	0.000E+00	0	767	768	0	767	768	768M
8586	3008	-7.084E+02	0.998	0.000E+00	0	606	608	0	606	608	607M
8586	4787	-7.084E+02	1.00	0.000E+00	0	606	608	0	606	608	607M
8586	8586	-7.084E+02	1.00	0.000E+00	0	607	608	0	607	608	608M
8587	3009	-3.346E+02	1.00	5.023E-146	0	217	219	0	217	219	218M
8587	4788	-3.346E+02	1.00	5.023E-146	0	217	219	0	217	219	218M
8587	8587	-3.342E+02	1.00	6.885E-146	0	218	219	0	218	219	219M
8588	3010	-1.105E+02	0.988	9.950E-49	0	83	85	0	83	85	84M
8588	4789	-1.118E+02	1.00	2.807E-49	0	83	85	0	83	85	84M
8588	8588	-1.115E+02	1.00	3.851E-49	0	84	85	0	84	85	85M
8589	3011	-5.558E+02	0.997	4.085E-242	0	365	367	0	365	367	366M
8589	4790	-5.577E+02	1.00	6.167E-243	0	365	367	0	365	367	366M
8589	8589	-5.574E+02	1.00	8.452E-243	0	366	367	0	366	367	367M
8590	3012	-3.932E+02	0.984	1.721E-171	0	264	266	0	264	266	265M
8590	4791	-3.989E+02	1.00	5.908E-174	0	264	266	0	264	266	265M
8590	8590	-3.986E+02	1.00	8.097E-174	0	265	266	0	265	266	266M
8591	3013	-6.444E+02	1.00	1.450E-280	0	419	421	0	419	421	420M
8591	4792	-6.444E+02	1.00	1.450E-280	0	419	421	0	419	421	420M
8591	8591	-6.440E+02	1.00	1.987E-280	0	420	421	0	420	421	421M
8592	3014	-1.945E+02	0.963	3.405E-85	0	137	139	0	137	139	138M
8592	4793	-2.030E+02	1.00	6.754E-89	0	137	139	0	137	139	138M
8592	8592	-2.027E+02	1.00	9.262E-89	0	138	139	0	138	139	139M
8593	3015	-1.704E+02	0.856	9.900E-75	0	138	141	0	138	142	139M
8593	4794	-1.982E+02	1.00	8.478E-87	0	139	141	0	139	141	140M
8593	8593	-1.979E+02	1.00	1.163E-86	0	140	141	0	140	141	141M
8594	3016	-5.020E+02	0.996	1.002E-218	0	324	326	0	324	326	325M
8594	4795	-5.042E+02	1.00	1.104E-219	0	324	326	0	324	326	325M
8594	8594	-5.039E+02	1.00	1.512E-219	0	325	326	0	325	326	326M
8595	3017	-7.084E+02	0.998	0.000E+00	0	688	690	0	688	690	689M
8595	4796	-7.084E+02	1.00	0.000E+00	0	688	690	0	688	690	689M
8595	8595	-7.084E+02	1.00	0.000E+00	0	689	690	0	689	690	690M
8596	3838	-1.284E+02	0.968	1.756E-56	0	93	95	0	93	95	94M
8596	4797	-1.319E+02	1.00	5.417E-58	0	93	95	0	93	95	94M
8596	8596	-1.315E+02	1.00	7.432E-58	0	94	95	0	94	95	95M
8597	3839	-4.436E+02	0.983	2.298E-193	0	299	301	0	299	301	300M
8597	4798	-4.502E+02	1.00	3.068E-196	0	299	301	0	299	301	300M
8597	8597	-4.499E+02	1.00	4.205E-196	0	300	301	0	300	301	301M
8598	3840	-4.375E+02	0.979	9.805E-191	0	287	289	0	287	289	288M
8598	4799	-4.457E+02	1.00	2.705E-194	0	287	289	0	287	289	288M
8598	8598	-4.454E+02	1.00	3.707E-194	0	288	289	0	288	289	289M
8599	3841	-1.828E+02	0.992	4.235E-80	0	138	140	0	138	140	139M
8599	4800	-1.843E+02	1.00	8.733E-81	0	138	140	0	138	140	139M
8599	8599	-1.840E+02	1.00	1.198E-80	0	139	140	0	139	140	140M
8600	3842	-2.069E+02	1.00	1.418E-90	0	142	144	0	142	144	143M
8600	4801	-2.069E+02	1.00	1.418E-90	0	142	144	0	142	144	143M
8600	8600	-2.066E+02	1.00	1.944E-90	0	143	144	0	143	144	144M
8601	3843	-6.609E+02	0.991	9.763E-288	0	450	452	0	450	452	451M
8601	4802	-6.678E+02	1.00	9.550E-291	0	450	452	0	450	452	451M
8601	8601	-6.675E+02	1.00	1.309E-290	0	451	452	0	451	452	452M
8602	4803	-1.298E+02	1.00	4.088E-57	0	102	104	0	102	104	103M
8602	8602	-1.295E+02	1.00	5.608E-57	0	103	104	0	103	104	104M
8603	1757	-3.219E+02	0.996	1.608E-140	0	252	254	0	252	254	253M
8603	4804	-3.235E+02	1.00	3.325E-141	0	252	254	0	252	254	253M
8603	8603	-3.231E+02	1.00	4.557E-141	0	253	254	0	253	254	254M
8604	1756	-4.856E+02	0.984	1.253E-211	0	323	325	0	323	325	324M
8604	4805	-4.935E+02	1.00	4.744E-215	0	323	325	0	323	325	324M
8604	8604	-4.932E+02	1.00	6.501E-215	0	324	325	0	324	325	325M
8605	1755	-6.847E+02	0.995	4.449E-298	0	446	448	0	446	448	447M
8605	4806	-6.863E+02	1.00	9.209E-299	0	446	448	0	446	448	447M
8605	8605	-6.859E+02	1.00	1.262E-298	0	447	448	0	447	448	448M
8606	1754	-7.426E+02	0.997	2.964E-323	0	488	490	0	488	490	489M
8606	4807	-7.437E+02	1.00	9.881E-324	0	488	490	0	488	490	489M
8606	8606	-7.433E+02	1.00	1.482E-323	0	489	490	0	489	490	490M
8607	1753	-5.257E+02	0.997	4.921E-229	0	342	344	0	342	344	343M
8607	4808	-5.279E+02	1.00	5.420E-230	0	342	344	0	342	344	343M
8607	8607	-5.276E+02	1.00	7.428E-230	0	343	344	0	343	344	344M
8608	1763	-6.253E+02	1.00	2.865E-272	0	403	405	0	403	405	404M
8608	4809	-6.253E+02	1.00	2.865E-272	0	403	405	0	403	405	404M
8608	8608	-6.249E+02	1.00	3.926E-272	0	404	405	0	404	405	405M
8609	1764	-6.584E+02	1.00	1.162E-286	0	422	424	0	422	424	423M
8609	4810	-6.584E+02	1.00	1.162E-286	0	422	424	0	422	424	423M
8609	8609	-6.581E+02	1.00	1.592E-286	0	423	424	0	423	424	424M
8610	1045	-6.266E+02	1.00	7.420E-273	0	416	478	0	416	417	417M
8610	4811	-7.242E+02	1.00	2.951E-315	0	476	478	0	476	478	477M
8610	8610	-7.239E+02	1.00	4.044E-315	0	477	478	0	477	478	478M
8611	1044	-6.287E+02	0.985	9.263E-274	0	424	426	0	424	426	425M
8611	4812	-6.384E+02	1.00	5.315E-278	0	424	426	0	424	426	425M
8611	8611	-6.381E+02	1.00	7.283E-278	0	425	426	0	425	426	426M
8612	1043	-3.977E+02	0.977	1.989E-173	0	263	265	0	263	265	264M
8612	4813	-4.093E+02	1.00	1.709E-178	0	263	265	0	263	265	264M
8612	8612	-4.090E+02	1.00	2.342E-178	0	264	265	0	264	265	265M
8613	1042	-2.444E+02	0.971	7.233E-107	0	176	178	0	176	178	177M
8613	4814	-2.510E+02	1.00	9.587E-110	0	176	178	0	176	178	177M
8613	8613	-2.507E+02	1.00	1.314E-109	0	177	178	0	177	178	178M
8614	1041	-2.796E+02	1.00	3.821E-122	0	186	188	0	186	188	187M
8614	4815	-2.796E+02	1.00	3.821E-122	0	186	188	0	186	188	187M
8614	8614	-2.793E+02	1.00	5.238E-122	0	187	188	0	187	188	188M
8615	1040	-2.158E+02	1.00	1.942E-94	0	154	156	0	154	156	155M
8615	4816	-2.158E+02	1.00	1.942E-94	0	154	156	0	154	156	155M
8615	8615	-2.155E+02	1.00	2.662E-94	0	155	156	0	155	156	156M
8616	1039	-2.907E+02	1.00	5.497E-127	0	197	199	0	197	199	198M
8616	4817	-2.907E+02	1.00	5.497E-127	0	197	199	0	197	199	198M
8616	8616	-2.904E+02	1.00	7.535E-127	0	198	199	0	198	199	199M
8617	1038	-5.536E+02	1.00	3.580E-241	0	371	373	0	371	373	372M
8617	4818	-5.536E+02	1.00	3.580E-241	0	371	373	0	371	373	372M
8617	8617	-5.533E+02	1.00	4.906E-241	0	372	373	0	372	373	373M
8618	1037	-2.851E+02	1.00	1.580E-124	0	190	192	0	190	192	191M
8618	4819	-2.851E+02	1.00	1.580E-124	0	190	192	0	190	192	191M
8618	8618	-2.847E+02	1.00	2.166E-124	0	191	192	0	191	192	192M
8619	1036	-7.084E+02	0.988	0.000E+00	0	715	717	0	715	717	716M
8619	4820	-7.084E+02	1.00	0.000E+00	0	715	717	0	715	717	716M
8619	8619	-7.084E+02	1.00	0.000E+00	0	716	717	0	716	717	717M
8620	1035	-5.831E+02	0.995	5.692E-254	0	408	410	0	408	410	409M
8620	4821	-5.869E+02	1.00	1.299E-255	0	408	410	0	408	410	409M
8620	8620	-5.866E+02	1.00	1.780E-255	0	409	410	0	409	410	410M
8621	1034	-1.659E+02	0.991	8.560E-73	0	120	122	0	120	122	121M
8621	4822	-1.678E+02	1.00	1.286E-73	0	120	122	0	120	122	121M
8621	8621	-1.675E+02	1.00	1.764E-73	0	121	122	0	121	122	122M
8622	1033	-2.991E+02	0.994	1.307E-130	0	194	196	0	194	196	195M
8622	4823	-3.000E+02	1.00	5.072E-131	0	194	196	0	194	196	195M
8622	8622	-2.997E+02	1.00	6.953E-131	0	195	196	0	195	196	196M
8623	1032	-1.516E+02	1.00	1.446E-66	0	103	105	0	103	105	104M
8623	4824	-1.516E+02	1.00	1.446E-66	0	103	105	0	103	105	104M
8623	8623	-1.513E+02	1.00	1.984E-66	0	104	105	0	104	105	105M
8624	1031	-1.716E+02	1.00	3.048E-75	0	121	123	0	121	123	122M
8624	4825	-1.716E+02	1.00	3.048E-75	0	121	123	0	121	123	122M
8624	8624	-1.713E+02	1.00	4.180E-75	0	122	123	0	122	123	123M
8625	1030	-7.334E+02	1.00	3.002E-319	0	468	470	0	468	470	469M
8625	4826	-7.334E+02	1.00	3.002E-319	0	468	470	0	468	470	469M
8625	8625	-7.331E+02	1.00	4.114E-319	0	469	470	0	469	470	470M
8626	1029	-6.199E+02	1.00	5.862E-270	0	409	411	0	409	411	410M
8626	4827	-6.199E+02	1.00	5.862E-270	0	409	411	0	409	411	410M
8626	8626	-6.196E+02	1.00	8.032E-270	0	410	411	0	410	411	411M
8627	1028	-4.249E+02	0.996	2.833E-185	0	292	295	0	292	295	293M
8627	4828	-4.287E+02	1.00	6.452E-187	0	293	295	0	293	295	294M
8627	8627	-4.284E+02	1.00	8.843E-187	0	294	295	0	294	295	295M
8628	1027	-4.146E+02	0.982	8.787E-181	0	285	287	0	285	287	286M
8628	4829	-4.200E+02	1.00	4.137E-183	0	285	287	0	285	287	286M
8628	8628	-4.196E+02	1.00	5.670E-183	0	286	287	0	286	287	287M
8629	1026	-2.061E+02	1.00	3.229E-90	0	146	148	0	146	148	147M
8629	4830	-2.061E+02	1.00	3.229E-90	0	146	148	0	146	148	147M
8629	8629	-2.057E+02	1.00	4.428E-90	0	147	148	0	147	148	148M
8630	1025	-3.620E+02	0.996	6.084E-158	0	257	259	0	257	259	258M
8630	4831	-3.623E+02	1.00	4.439E-158	0	257	259	0	257	259	258M
8630	8630	-3.620E+02	1.00	6.084E-158	0	258	259	0	258	259	259M
8631	1024	-4.473E+02	0.980	5.485E-195	0	300	302	0	300	302	301M
8631	4832	-4.564E+02	1.00	5.882E-199	0	300	302	0	300	302	301M
8631	8631	-4.561E+02	1.00	8.062E-199	0	301	302	0	301	302	302M
8632	1023	-4.885E+02	0.979	7.256E-213	0	343	345	0	343	345	344M
8632	4833	-4.992E+02	1.00	1.615E-217	0	343	345	0	343	345	344M
8632	8632	-4.989E+02	1.00	2.213E-217	0	344	345	0	344	345	345M
8633	1022	-5.045E+02	0.996	7.683E-220	0	323	325	0	323	325	324M
8633	4834	-5.055E+02	1.00	2.985E-220	0	323	325	0	323	325	324M
8633	8633	-5.052E+02	1.00	4.090E-220	0	324	325	0	324	325	325M
8634	1021	-1.668E+02	1.00	3.482E-73	0	121	123	0	121	123	122M
8634	4835	-1.668E+02	1.00	3.482E-73	0	121	123	0	121	123	122M
8634	8634	-1.665E+02	1.00	4.776E-73	0	122	123	0	122	123	123M
8635	1020	-3.780E+02	0.995	6.759E-165	0	245	247	0	245	247	246M
8635	4836	-3.793E+02	1.00	1.915E-165	0	245	247	0	245	247	246M
8635	8635	-3.790E+02	1.00	2.624E-165	0	246	247	0	246	247	247M
8636	1019	-2.836E+02	0.994	6.828E-124	0	181	183	0	181	183	182M
8636	4837	-2.849E+02	1.00	1.933E-124	0	181	183	0	181	183	182M
8636	8636	-2.845E+02	1.00	2.650E-124	0	182	183	0	182	183	183M
8637	1018	-1.115E+02	1.00	3.665E-49	0	82	84	0	82	84	83M
8637	4838	-1.115E+02	1.00	3.665E-49	0	82	84	0	82	84	83M
8637	8637	-1.112E+02	1.00	5.029E-49	0	83	84	0	83	84	84M
8638	1017	-1.801E+02	0.893	5.825E-79	0	140	142	0	140	142	141M
8638	4839	-1.985E+02	1.00	6.487E-87	0	140	142	0	140	142	141M
8638	8638	-1.981E+02	1.00	8.895E-87	0	141	142	0	141	142	142M
8639	1016	-2.083E+02	0.943	3.501E-91	0	159	161	0	159	161	160M
8639	4840	-2.209E+02	1.00	1.152E-96	0	159	161	0	159	161	160M
8639	8639	-2.206E+02	1.00	1.579E-96	0	160	161	0	160	161	161M
8640	1015	-7.084E+02	0.992	0.000E+00	0	1287	1289	0	1287	1289	1288M
8640	4841	-7.084E+02	1.00	0.000E+00	0	1287	1289	0	1287	1289	1288M
8640	8640	-7.084E+02	1.00	0.000E+00	0	1288	1289	0	1288	1289	1289M
8641	1014	-3.790E+02	0.996	2.523E-165	0	271	273	0	271	273	272M
8641	4842	-3.806E+02	1.00	5.218E-166	0	271	273	0	271	273	272M
8641	8641	-3.803E+02	1.00	7.151E-166	0	272	273	0	272	273	273M
8642	1013	-4.761E+02	0.984	1.775E-207	0	332	334	0	332	334	333M
8642	4843	-4.861E+02	1.00	7.412E-212	0	332	334	0	332	334	333M
8642	8642	-4.858E+02	1.00	1.016E-211	0	333	334	0	333	334	334M
8643	1012	-2.589E+02	0.994	3.658E-113	0	183	185	0	183	185	184M
8643	4844	-2.598E+02	1.00	1.420E-113	0	183	185	0	183	185	184M
8643	8643	-2.595E+02	1.00	1.947E-113	0	184	185	0	184	185	185M
8644	1011	-2.021E+02	0.980	1.674E-88	0	156	158	0	156	158	157M
8644	4845	-2.062E+02	1.00	2.766E-90	0	156	158	0	156	158	157M
8644	8644	-2.059E+02	1.00	3.793E-90	0	157	158	0	157	158	158M
8645	3955	-4.825E+02	1.00	2.758E-210	0	315	317	0	315	317	316M
8645	4846	-4.825E+02	1.00	2.758E-210	0	315	317	0	315	317	316M
8645	8645	-4.822E+02	1.00	3.779E-210	0	316	317	0	316	317	317M
8646	3954	-3.123E+02	1.00	2.386E-136	0	208	210	0	208	210	209M
8646	4847	-3.123E+02	1.00	2.386E-136	0	208	210	0	208	210	209M
8646	8646	-3.120E+02	1.00	3.270E-136	0	209	210	0	209	210	210M
8647	3953	-1.282E+02	1.00	2.183E-56	0	91	93	0	91	93	92M
8647	4848	-1.282E+02	1.00	2.183E-56	0	91	93	0	91	93	92M
8647	8647	-1.278E+02	1.00	2.995E-56	0	92	93	0	92	93	93M
8648	3952	-7.084E+02	1.00	0.000E+00	0	700	702	0	700	702	701M
8648	4849	-7.084E+02	1.00	0.000E+00	0	700	702	0	700	702	701M
8648	8648	-7.084E+02	1.00	0.000E+00	0	701	702	0	701	702	702M
8649	3951	-1.811E+02	1.00	2.170E-79	0	126	128	0	126	128	127M
8649	4850	-1.811E+02	1.00	2.170E-79	0	126	128	0	126	128	127M
8649	8649	-1.808E+02	1.00	2.976E-79	0	127	128	0	127	128	128M
8650	3765	-8.525E+01	1.00	9.443E-38	0	63	65	0	63	65	64M
8650	4851	-8.525E+01	1.00	9.443E-38	0	63	65	0	63	65	64M
8650	8650	-8.494E+01	1.00	1.296E-37	0	64	65	0	64	65	65M
8651	3764	-2.278E+02	1.00	1.143E-99	0	153	155	0	153	155	154M
8651	4852	-2.278E+02	1.00	1.143E-99	0	153	155	0	153	155	154M
8651	8651	-2.275E+02	1.00	1.568E-99	0	154	155	0	154	155	155M
8652	3763	-7.084E+02	0.998	0.000E+00	0	541	543	0	541	543	542M
8652	4853	-7.084E+02	1.00	0.000E+00	0	541	543	0	541	543	542M
8652	8652	-7.084E+02	1.00	0.000E+00	0	542	543	0	542	543	543M
8653	4177	-5.069E+02	0.980	6.903E-221	0	352	437	0	352	380	353M
8653	4854	-6.575E+02	1.00	2.920E-286	0	435	437	0	435	437	436M
8653	8653	-6.572E+02	1.00	4.001E-286	0	436	437	0	436	437	437M
8654	4176	-5.331E+01	1.00	7.025E-24	6	55	57	0	49	140	50M
8654	4855	-6.410E+01	1.00	1.445E-28	0	55	57	0	55	57	56M
8654	8654	-6.379E+01	1.00	1.985E-28	0	56	57	0	56	57	57M
8655	4856	-2.758E+02	1.00	1.606E-120	0	185	187	0	185	187	186M
8655	8655	-2.755E+02	1.00	2.201E-120	0	186	187	0	186	187	187M
8656	4857	-4.846E+02	1.00	3.553E-211	0	359	361	0	359	361	360M
8656	8656	-4.843E+02	1.00	4.869E-211	0	360	361	0	360	361	361M
8657	1111	-2.779E+02	0.994	2.069E-121	0	195	197	0	195	197	196M
8657	4858	-2.795E+02	1.00	4.273E-122	0	195	197	0	195	197	196M
8657	8657	-2.791E+02	1.00	5.858E-122	0	196	197	0	196	197	197M
8658	1110	-4.580E+02	0.993	1.257E-199	0	294	296	0	294	296	295M
8658	4859	-4.608E+02	1.00	7.368E-201	0	294	296	0	294	296	295M
8658	8658	-4.605E+02	1.00	1.010E-200	0	295	296	0	295	296	296M
8659	1109	-7.084E+02	1.00	0.000E+00	0	472	474	0	472	474	473M
8659	4860	-7.084E+02	1.00	0.000E+00	0	472	474	0	472	474	473M
8659	8659	-7.084E+02	1.00	0.000E+00	0	473	474	0	473	474	474M
8660	1108	-7.084E+02	0.998	0.000E+00	0	1492	1494	0	1492	1494	1493M
8660	4861	-7.084E+02	1.00	0.000E+00	0	1492	1494	0	1492	1494	1493M
8660	8660	-7.084E+02	1.00	0.000E+00	0	1493	1494	0	1493	1494	1494M
8661	1107	-4.232E+02	0.996	1.632E-184	0	290	292	0	290	292	291M
8661	4862	-4.257E+02	1.00	1.311E-185	0	290	292	0	290	292	291M
8661	8661	-4.254E+02	1.00	1.797E-185	0	291	292	0	291	292	292M
8662	1106	-5.520E+02	0.997	1.855E-240	0	359	361	0	359	361	360M
8662	4863	-5.533E+02	1.00	5.259E-241	0	359	361	0	359	361	360M
8662	8662	-5.529E+02	1.00	7.207E-241	0	360	361	0	360	361	361M
8663	1105	-2.747E+02	1.00	4.772E-120	0	188	190	0	188	190	189M
8663	4864	-2.747E+02	1.00	4.772E-120	0	188	190	0	188	190	189M
8663	8663	-2.744E+02	1.00	6.541E-120	0	189	190	0	189	190	190M
8664	1104	-7.084E+02	1.00	0.000E+00	0	720	722	0	720	722	721M
8664	4865	-7.084E+02	1.00	0.000E+00	0	720	722	0	720	722	721M
8664	8664	-7.084E+02	1.00	0.000E+00	0	721	722	0	721	722	722M
8665	1103	-2.559E+02	0.994	7.671E-112	0	174	176	0	174	176	175M
8665	4866	-2.562E+02	1.00	5.595E-112	0	174	176	0	174	176	175M
8665	8665	-2.559E+02	1.00	7.671E-112	0	175	176	0	175	176	176M
8666	1102	-3.512E+02	1.00	2.944E-153	0	245	247	0	245	247	246M
8666	4867	-3.512E+02	1.00	2.944E-153	0	245	247	0	245	247	246M
8666	8666	-3.509E+02	1.00	4.036E-153	0	246	247	0	246	247	247M
8667	1101	-3.118E+02	0.995	3.952E-136	0	212	214	0	212	214	213M
8667	4868	-3.134E+02	1.00	8.166E-137	0	212	214	0	212	214	213M
8667	8667	-3.130E+02	1.00	1.119E-136	0	213	214	0	213	214	214M
8668	1100	-5.158E+02	1.00	9.558E-225	0	351	353	0	351	353	352M
8668	4869	-5.158E+02	1.00	9.558E-225	0	351	353	0	351	353	352M
8668	8668	-5.155E+02	1.00	1.310E-224	0	352	353	0	352	353	353M
8669	1099	-7.084E+02	1.00	0.000E+00	0	850	852	0	850	852	851M
8669	4870	-7.084E+02	1.00	0.000E+00	0	850	852	0	850	852	851M
8669	8669	-7.084E+02	1.00	0.000E+00	0	851	852	0	851	852	852M
8670	1098	-4.170E+02	0.996	7.546E-182	0	273	275	0	273	275	274M
8670	4871	-4.180E+02	1.00	2.931E-182	0	273	275	0	273	275	274M
8670	8670	-4.177E+02	1.00	4.017E-182	0	274	275	0	274	275	275M
8671	1097	-1.507E+02	0.954	3.647E-66	0	109	111	0	109	111	110M
8671	4872	-1.554E+02	1.00	3.187E-68	0	109	111	0	109	111	110M
8671	8671	-1.551E+02	1.00	4.371E-68	0	110	111	0	110	111	111M
8672	1096	-5.480E+02	1.00	1.040E-238	0	371	373	0	371	373	372M
8672	4873	-5.480E+02	1.00	1.040E-238	0	371	373	0	371	373	372M
8672	8672	-5.477E+02	1.00	1.425E-238	0	372	373	0	372	373	373M
8673	1095	-7.008E+02	0.995	4.414E-305	0	465	467	0	465	467	466M
8673	4874	-7.030E+02	1.00	4.866E-306	0	465	467	0	465	467	466M
8673	8673	-7.027E+02	1.00	6.668E-306	0	466	467	0	466	467	467M
8674	1094	-7.084E+02	0.997	0.000E+00	0	498	500	0	498	500	499M
8674	4875	-7.084E+02	1.00	0.000E+00	0	498	500	0	498	500	499M
8674	8674	-7.084E+02	1.00	0.000E+00	0	499	500	0	499	500	500M
8675	1093	-7.084E+02	0.996	0.000E+00	0	609	611	0	609	611	610M
8675	4876	-7.084E+02	1.00	0.000E+00	0	609	611	0	609	611	610M
8675	8675	-7.084E+02	1.00	0.000E+00	0	610	611	0	610	611	611M
8676	1092	-1.475E+02	1.00	8.599E-65	0	109	111	0	109	111	110M
8676	4877	-1.475E+02	1.00	8.599E-65	0	109	111	0	109	111	110M
8676	8676	-1.472E+02	1.00	1.180E-64	0	110	111	0	110	111	111M
8677	1091	-4.480E+02	0.996	2.822E-195	0	306	308	0	306	308	307M
8677	4878	-4.499E+02	1.00	4.259E-196	0	306	308	0	306	308	307M
8677	8677	-4.495E+02	1.00	5.837E-196	0	307	308	0	307	308	308M
8678	1090	-5.189E+02	1.00	4.327E-226	0	332	334	0	332	334	333M
8678	4879	-5.189E+02	1.00	4.327E-226	0	332	334	0	332	334	333M
8678	8678	-5.186E+02	1.00	5.930E-226	0	333	334	0	333	334	334M
8679	1818	-1.291E+02	1.00	8.686E-57	0	98	100	0	98	100	99M
8679	4880	-1.291E+02	1.00	8.686E-57	0	98	100	0	98	100	99M
8679	8679	-1.288E+02	1.00	1.192E-56	0	99	100	0	99	100	100M
8680	1819	-7.084E+02	1.00	0.000E+00	0	501	503	0	501	503	502M
8680	4881	-7.084E+02	1.00	0.000E+00	0	501	503	0	501	503	502M
8680	8680	-7.084E+02	1.00	0.000E+00	0	502	503	0	502	503	503M
8681	1820	-7.093E+02	0.997	8.620E-309	0	471	473	0	471	473	472M
8681	4882	-7.106E+02	1.00	2.445E-309	0	471	473	0	471	473	472M
8681	8681	-7.103E+02	1.00	3.350E-309	0	472	473	0	472	473	473M
8682	1821	-4.596E+02	0.993	2.480E-200	0	293	295	0	293	295	294M
8682	4883	-4.631E+02	1.00	7.737E-202	0	293	295	0	293	295	294M
8682	8682	-4.628E+02	1.00	1.060E-201	0	294	295	0	294	295	295M
8683	1822	-4.709E+02	0.996	3.052E-205	0	314	316	0	314	316	315M
8683	4884	-4.722E+02	1.00	8.651E-206	0	314	316	0	314	316	315M
8683	8683	-4.719E+02	1.00	1.186E-205	0	315	316	0	315	316	316M
8684	1823	-1.594E+02	1.00	5.776E-70	0	111	113	0	111	113	112M
8684	4885	-1.594E+02	1.00	5.776E-70	0	111	113	0	111	113	112M
8684	8684	-1.591E+02	1.00	7.922E-70	0	112	113	0	112	113	113M
8685	1824	-4.427E+02	0.990	5.322E-193	0	317	319	0	317	319	318M
8685	4886	-4.484E+02	1.00	1.831E-195	0	317	319	0	317	319	318M
8685	8685	-4.481E+02	1.00	2.509E-195	0	318	319	0	318	319	319M
8686	1825	-7.084E+02	0.985	0.000E+00	0	1051	1053	0	1051	1053	1052M
8686	4887	-7.084E+02	1.00	0.000E+00	0	1051	1053	0	1051	1053	1052M
8686	8686	-7.084E+02	1.00	0.000E+00	0	1052	1053	0	1052	1053	1053M
8687	1826	-5.604E+02	0.967	3.993E-244	0	401	403	0	401	403	402M
8687	4888	-5.768E+02	1.00	3.072E-251	0	401	403	0	401	403	402M
8687	8687	-5.765E+02	1.00	4.209E-251	0	402	403	0	402	403	403M
8688	1827	-6.698E+02	0.997	1.291E-291	0	468	470	0	468	470	469M
8688	4889	-6.711E+02	1.00	3.662E-292	0	468	470	0	468	470	469M
8688	8688	-6.707E+02	1.00	5.018E-292	0	469	470	0	469	470	470M
8689	1828	-1.851E+02	1.00	4.038E-81	0	122	124	0	122	124	123M
8689	4890	-1.851E+02	1.00	4.038E-81	0	122	124	0	122	124	123M
8689	8689	-1.848E+02	1.00	5.538E-81	0	123	124	0	123	124	124M
8690	1829	-3.085E+02	1.00	1.083E-134	0	202	204	0	202	204	203M
8690	4891	-3.085E+02	1.00	1.083E-134	0	202	204	0	202	204	203M
8690	8690	-3.082E+02	1.00	1.485E-134	0	203	204	0	203	204	204M
8691	1830	-9.000E+01	1.00	8.156E-40	0	63	65	0	63	65	64M
8691	4892	-9.000E+01	1.00	8.156E-40	0	63	65	0	63	65	64M
8691	8691	-8.969E+01	1.00	1.120E-39	0	64	65	0	64	65	65M
8692	1831	-1.844E+02	0.991	8.083E-81	20	143	145	1	124	126	124M
8692	4893	-2.176E+02	1.00	3.241E-95	0	143	145	0	143	145	144M
8692	8692	-2.173E+02	1.00	4.444E-95	0	144	145	0	144	145	145M
8693	1832	-3.343E+02	0.991	6.464E-146	0	229	231	0	229	231	230M
8693	4894	-3.387E+02	1.00	7.821E-148	0	229	231	0	229	231	230M
8693	8693	-3.384E+02	1.00	1.072E-147	0	230	231	0	230	231	231M
8694	1833	-1.932E+02	1.00	1.268E-84	0	125	127	0	125	127	126M
8694	4895	-1.932E+02	1.00	1.268E-84	0	125	127	0	125	127	126M
8694	8694	-1.929E+02	1.00	1.739E-84	0	126	127	0	126	127	127M
8695	1834	-7.084E+02	1.00	0.000E+00	0	552	554	0	552	554	553M
8695	4896	-7.084E+02	1.00	0.000E+00	0	552	554	0	552	554	553M
8695	8695	-7.084E+02	1.00	0.000E+00	0	553	554	0	553	554	554M
8696	1835	-6.482E+02	1.00	3.049E-282	0	424	426	0	424	426	425M
8696	4897	-6.482E+02	1.00	3.049E-282	0	424	426	0	424	426	425M
8696	8696	-6.479E+02	1.00	4.178E-282	0	425	426	0	425	426	426M
8697	2708	-4.346E+02	1.00	1.777E-189	0	295	297	0	295	297	296M
8697	4898	-4.346E+02	1.00	1.777E-189	0	295	297	0	295	297	296M
8697	8697	-4.343E+02	1.00	2.435E-189	0	296	297	0	296	297	297M
8698	2709	-7.084E+02	0.997	0.000E+00	0	728	730	0	728	730	729M
8698	4899	-7.084E+02	1.00	0.000E+00	0	728	730	0	728	730	729M
8698	8698	-7.084E+02	1.00	0.000E+00	0	729	730	0	729	730	730M
8699	2710	-7.084E+02	0.998	0.000E+00	0	781	783	0	781	783	782M
8699	4900	-7.084E+02	1.00	0.000E+00	0	781	783	0	781	783	782M
8699	8699	-7.084E+02	1.00	0.000E+00	0	782	783	0	782	783	783M
8700	3911	-3.773E+02	1.00	1.351E-164	0	253	255	0	253	255	254M
8700	4901	-3.773E+02	1.00	1.351E-164	0	253	255	0	253	255	254M
8700	8700	-3.770E+02	1.00	1.852E-164	0	254	255	0	254	255	255M
8701	3910	-7.371E+02	1.00	7.693E-321	0	484	486	0	484	486	485M
8701	4902	-7.371E+02	1.00	7.693E-321	0	484	486	0	484	486	485M
8701	8701	-7.368E+02	1.00	1.054E-320	0	485	486	0	485	486	486M
8702	3639	-7.084E+02	1.00	0.000E+00	0	503	505	0	503	505	504M
8702	4903	-7.084E+02	1.00	0.000E+00	0	503	505	0	503	505	504M
8702	8702	-7.084E+02	1.00	0.000E+00	0	504	505	0	504	505	505M
8703	3638	-2.170E+02	0.986	5.806E-95	0	142	144	0	142	144	143M
8703	4904	-2.201E+02	1.00	2.470E-96	0	142	144	0	142	144	143M
8703	8703	-2.198E+02	1.00	3.388E-96	0	143	144	0	143	144	144M
8704	3637	-1.912E+02	1.00	8.855E-84	0	126	128	0	126	128	127M
8704	4905	-1.912E+02	1.00	8.855E-84	0	126	128	0	126	128	127M
8704	8704	-1.909E+02	1.00	1.214E-83	0	127	128	0	127	128	128M
8705	3636	-2.964E+02	1.00	1.793E-129	0	196	198	0	196	198	197M
8705	4906	-2.964E+02	1.00	1.793E-129	0	196	198	0	196	198	197M
8705	8705	-2.961E+02	1.00	2.458E-129	0	197	198	0	197	198	198M
8706	3635	-3.232E+02	0.995	4.340E-141	0	204	206	0	204	206	205M
8706	4907	-3.235E+02	1.00	3.166E-141	0	204	206	0	204	206	205M
8706	8706	-3.232E+02	1.00	4.340E-141	0	205	206	0	205	206	206M
8707	3634	-2.647E+02	0.967	1.137E-115	0	181	183	0	181	183	182M
8707	4908	-2.741E+02	1.00	8.811E-120	0	181	183	0	181	183	182M
8707	8707	-2.738E+02	1.00	1.208E-119	0	182	183	0	182	183	183M
8708	3633	-3.070E+02	0.971	4.481E-134	0	211	214	0	211	214	212M
8708	4909	-3.159E+02	1.00	6.550E-138	0	212	214	0	212	214	213M
8708	8708	-3.156E+02	1.00	8.979E-138	0	213	214	0	213	214	214M
8709	3632	-3.655E+02	1.00	1.761E-159	0	242	244	0	242	244	243M
8709	4910	-3.655E+02	1.00	1.761E-159	0	242	244	0	242	244	243M
8709	8709	-3.652E+02	1.00	2.414E-159	0	243	244	0	243	244	244M
8710	2407	-2.422E+02	0.994	6.376E-106	0	176	184	0	176	177	177M
8710	4911	-2.526E+02	1.00	1.919E-110	0	182	184	0	182	184	183M
8710	8710	-2.523E+02	1.00	2.631E-110	0	183	184	0	183	184	184M
8711	2408	-4.127E+02	0.976	5.955E-180	0	299	301	0	299	301	300M
8711	4912	-4.212E+02	1.00	1.201E-183	0	299	301	0	299	301	300M
8711	8711	-4.209E+02	1.00	1.646E-183	0	300	301	0	300	301	301M
8712	2409	-1.450E+02	0.941	1.051E-63	0	102	104	0	102	104	103M
8712	4913	-1.542E+02	1.00	1.099E-67	0	102	104	0	102	104	103M
8712	8712	-1.539E+02	1.00	1.507E-67	0	103	104	0	103	104	104M
8713	2410	-1.858E+02	1.00	2.094E-81	0	128	130	0	128	131	129M
8713	4914	-1.858E+02	1.00	2.094E-81	0	128	130	0	128	130	129M
8713	8713	-1.855E+02	1.00	2.872E-81	0	129	130	0	129	130	130M
8714	2411	-3.142E+02	0.990	3.595E-137	0	208	210	0	208	210	209M
8714	4915	-3.173E+02	1.00	1.534E-138	0	208	210	0	208	210	209M
8714	8714	-3.170E+02	1.00	2.103E-138	0	209	210	0	209	210	210M
8715	2412	-4.816E+02	0.996	7.098E-210	0	315	317	0	315	317	316M
8715	4916	-4.825E+02	1.00	2.758E-210	0	315	317	0	315	317	316M
8715	8715	-4.822E+02	1.00	3.779E-210	0	316	317	0	316	317	317M
8716	2413	-3.799E+02	1.00	9.872E-166	0	251	253	0	251	253	252M
8716	4917	-3.799E+02	1.00	9.872E-166	0	251	253	0	251	253	252M
8716	8716	-3.796E+02	1.00	1.353E-165	0	252	253	0	252	253	253M
8717	2414	-3.358E+02	0.995	1.466E-146	0	211	213	0	211	213	212M
8717	4918	-3.374E+02	1.00	3.028E-147	0	211	213	0	211	213	212M
8717	8717	-3.371E+02	1.00	4.151E-147	0	212	213	0	212	213	213M
8718	2415	-4.987E+02	0.985	2.606E-217	0	333	335	0	333	335	334M
8718	4919	-5.075E+02	1.00	3.835E-221	0	333	335	0	333	335	334M
8718	8718	-5.072E+02	1.00	5.256E-221	0	334	335	0	334	335	335M
8719	2416	-3.312E+02	1.00	1.444E-144	0	228	230	0	228	230	229M
8719	4920	-3.312E+02	1.00	1.444E-144	0	228	230	0	228	230	229M
8719	8719	-3.309E+02	1.00	1.979E-144	0	229	230	0	229	230	230M
8720	2418	-1.060E+02	0.962	9.399E-47	0	79	81	0	79	81	80M
8720	4921	-1.076E+02	1.00	1.932E-47	0	79	81	0	79	81	80M
8720	8720	-1.072E+02	1.00	2.651E-47	0	80	81	0	80	81	81M
8721	2419	-2.853E+02	0.989	1.229E-124	0	198	200	0	198	200	199M
8721	4922	-2.885E+02	1.00	5.244E-126	0	198	200	0	198	200	199M
8721	8721	-2.882E+02	1.00	7.188E-126	0	199	200	0	199	200	200M
8722	2420	-5.539E+02	1.00	2.835E-241	0	366	368	0	366	368	367M
8722	4923	-5.539E+02	1.00	2.835E-241	0	366	368	0	366	368	367M
8722	8722	-5.536E+02	1.00	3.885E-241	0	367	368	0	367	368	368M
8723	2421	-1.887E+02	0.993	1.122E-82	0	146	148	0	146	148	147M
8723	4924	-1.900E+02	1.00	3.173E-83	0	146	148	0	146	148	147M
8723	8723	-1.896E+02	1.00	4.351E-83	0	147	148	0	147	148	148M
8724	2422	-7.084E+02	0.998	0.000E+00	0	624	626	0	624	626	625M
8724	4925	-7.084E+02	1.00	0.000E+00	0	624	626	0	624	626	625M
8724	8724	-7.084E+02	1.00	0.000E+00	0	625	626	0	625	626	626M
8725	2424	-2.134E+02	0.973	2.102E-93	0	150	153	0	150	153	151M
8725	4926	-2.197E+02	1.00	3.809E-96	0	151	153	0	151	153	152M
8725	8725	-2.194E+02	1.00	5.223E-96	0	152	153	0	152	153	153M
8726	2425	-3.387E+02	0.986	7.699E-148	0	222	224	0	222	319	223M
8726	4927	-3.419E+02	1.00	3.287E-149	0	222	224	0	222	224	223M
8726	8726	-3.416E+02	1.00	4.506E-149	0	223	224	0	223	224	224M
8727	2426	-2.835E+02	0.994	7.881E-124	0	184	186	0	184	186	185M
8727	4928	-2.853E+02	1.00	1.187E-124	0	184	186	0	184	186	185M
8727	8727	-2.850E+02	1.00	1.627E-124	0	185	186	0	185	186	186M
8728	359	-4.503E+01	0.417	2.773E-20	19	109	112	20	110	126	91M
8728	4929	-1.664E+02	1.00	5.265E-73	0	110	112	0	110	112	111M
8728	8728	-1.661E+02	1.00	7.222E-73	0	111	112	0	111	112	112M
8729	4930	-4.511E+02	1.00	1.175E-196	0	292	294	0	292	294	293M
8729	8729	-4.508E+02	1.00	1.611E-196	0	293	294	0	293	294	294M
8730	4931	-1.476E+02	1.00	7.602E-65	0	100	102	0	100	102	101M
8730	8730	-1.473E+02	1.00	1.043E-64	0	101	102	0	101	102	102M
8731	3246	-1.332E+02	0.543	1.352E-58	16	185	188	0	170	173	117M1D53M
8731	4932	-2.840E+02	1.00	4.613E-124	0	186	188	0	186	188	187M
8731	8731	-2.837E+02	1.00	6.324E-124	0	187	188	0	187	188	188M
8732	3908	-2.662E+02	0.972	2.462E-116	0	182	184	0	182	184	183M
8732	4933	-2.719E+02	1.00	8.412E-119	0	182	184	0	182	184	183M
8732	8732	-2.716E+02	1.00	1.153E-118	0	183	184	0	183	184	184M
8733	4934	-4.713E+02	1.00	2.067E-205	0	299	301	0	299	301	300M
8733	8733	-4.710E+02	1.00	2.833E-205	0	300	301	0	300	301	301M
8734	4120	-5.025E+02	0.993	5.666E-219	0	332	334	0	332	334	333M
8734	4935	-5.051E+02	1.00	4.554E-220	0	332	334	0	332	334	333M
8734	8734	-5.047E+02	1.00	6.240E-220	0	333	334	0	333	334	334M
8735	4119	-1.990E+02	0.984	3.815E-87	0	129	131	0	129	131	130M
8735	4936	-2.015E+02	1.00	3.050E-88	0	129	131	0	129	131	130M
8735	8735	-2.012E+02	1.00	4.182E-88	0	130	131	0	130	131	131M
8736	4118	-3.679E+02	0.959	1.707E-160	0	246	248	0	246	248	247M
8736	4937	-3.830E+02	1.00	4.565E-167	0	246	248	0	246	248	247M
8736	8736	-3.827E+02	1.00	6.257E-167	0	247	248	0	247	248	248M
8737	2636	-4.041E+02	0.986	3.207E-176	0	294	296	0	294	296	295M
8737	4938	-4.098E+02	1.00	1.103E-178	0	294	296	0	294	296	295M
8737	8737	-4.094E+02	1.00	1.511E-178	0	295	296	0	295	296	296M
8738	2635	-4.433E+02	0.990	3.043E-193	0	304	307	0	304	307	305M
8738	4939	-4.508E+02	1.00	1.579E-196	0	305	307	0	305	307	306M
8738	8738	-4.505E+02	1.00	2.164E-196	0	306	307	0	306	307	307M
8739	2634	-5.826E+02	0.983	9.829E-254	0	413	415	0	413	415	414M
8739	4940	-5.904E+02	1.00	3.737E-257	0	413	415	0	413	415	414M
8739	8739	-5.901E+02	1.00	5.120E-257	0	414	415	0	414	415	415M
8740	2633	-6.379E+01	1.00	1.985E-28	0	55	57	0	55	57	56M
8740	4941	-6.379E+01	1.00	1.985E-28	0	55	57	0	55	57	56M
8740	8740	-6.347E+01	1.00	2.726E-28	0	56	57	0	56	57	57M
8741	2632	-2.171E+02	1.00	5.023E-95	0	139	141	0	139	141	140M
8741	4942	-2.171E+02	1.00	5.023E-95	0	139	141	0	139	141	140M
8741	8741	-2.168E+02	1.00	6.888E-95	0	140	141	0	140	141	141M
8742	2631	-4.292E+02	0.975	4.036E-187	0	283	285	0	283	285	284M
8742	4943	-4.377E+02	1.00	8.122E-191	0	283	285	0	283	285	284M
8742	8742	-4.374E+02	1.00	1.113E-190	0	284	285	0	284	285	285M
8743	2630	-6.996E+02	1.00	1.504E-304	0	444	446	0	444	446	445M
8743	4944	-6.996E+02	1.00	1.504E-304	0	444	446	0	444	446	445M
8743	8743	-6.993E+02	1.00	2.061E-304	0	445	446	0	445	446	446M
8744	1671	-4.538E+02	0.989	8.197E-198	0	289	291	0	289	291	290M
8744	4945	-4.585E+02	1.00	7.246E-200	0	289	291	0	289	291	290M
8744	8744	-4.582E+02	1.00	9.932E-200	0	290	291	0	290	291	291M
8745	1670	-3.167E+02	0.995	2.750E-138	0	207	209	0	207	209	208M
8745	4946	-3.180E+02	1.00	7.787E-139	0	207	209	0	207	209	208M
8745	8745	-3.177E+02	1.00	1.067E-138	0	208	209	0	208	209	209M
8746	1669	-4.919E+02	0.990	2.293E-214	0	323	325	0	323	325	324M
8746	4947	-4.973E+02	1.00	1.081E-216	0	323	325	0	323	325	324M
8746	8746	-4.970E+02	1.00	1.481E-216	0	324	325	0	324	325	325M
8747	1668	-7.202E+02	0.989	1.631E-313	0	481	483	0	481	483	482M
8747	4948	-7.262E+02	1.00	4.106E-316	0	481	483	0	481	483	482M
8747	8747	-7.259E+02	1.00	5.626E-316	0	482	483	0	482	483	483M
8748	1667	-6.483E+02	0.995	2.809E-282	0	429	431	0	429	431	430M
8748	4949	-6.511E+02	1.00	1.649E-283	0	429	431	0	429	431	430M
8748	8748	-6.508E+02	1.00	2.259E-283	0	430	431	0	430	431	431M
8749	1666	-7.084E+02	0.992	0.000E+00	0	513	515	0	513	515	514M
8749	4950	-7.084E+02	1.00	0.000E+00	0	513	515	0	513	515	514M
8749	8749	-7.084E+02	1.00	0.000E+00	0	514	515	0	514	515	515M
8750	1665	-7.216E+02	0.997	4.217E-314	0	479	481	0	479	481	480M
8750	4951	-7.225E+02	1.00	1.639E-314	0	479	481	0	479	481	480M
8750	8750	-7.222E+02	1.00	2.246E-314	0	480	481	0	480	481	481M
8751	1664	-2.659E+02	1.00	3.218E-116	0	181	183	0	181	183	182M
8751	4952	-2.659E+02	1.00	3.218E-116	0	181	183	0	181	183	182M
8751	8751	-2.656E+02	1.00	4.412E-116	0	182	183	0	182	183	183M
8752	1663	-3.371E+02	1.00	3.967E-147	0	230	232	0	230	232	231M
8752	4953	-3.371E+02	1.00	3.967E-147	0	230	232	0	230	232	231M
8752	8752	-3.368E+02	1.00	5.438E-147	0	231	232	0	231	232	232M
8753	1662	-1.413E+02	1.00	4.134E-62	0	106	108	0	106	108	107M
8753	4954	-1.413E+02	1.00	4.134E-62	0	106	108	0	106	108	107M
8753	8753	-1.410E+02	1.00	5.671E-62	0	107	108	0	107	108	108M
8754	1661	-2.790E+02	0.994	6.967E-122	0	192	194	0	192	194	193M
8754	4955	-2.806E+02	1.00	1.439E-122	0	192	194	0	192	194	193M
8754	8754	-2.802E+02	1.00	1.972E-122	0	193	194	0	193	194	194M
8755	1660	-6.311E+02	1.00	8.089E-275	0	453	455	0	453	455	454M
8755	4956	-6.311E+02	1.00	8.089E-275	0	453	455	0	453	455	454M
8755	8755	-6.308E+02	1.00	1.108E-274	0	454	455	0	454	455	455M
8756	1659	-5.060E+02	0.986	1.766E-220	0	359	361	0	359	361	360M
8756	4957	-5.142E+02	1.00	4.891E-224	0	359	361	0	359	361	360M
8756	8756	-5.139E+02	1.00	6.702E-224	0	360	361	0	360	361	361M
8757	1658	-3.482E+02	1.00	6.283E-152	0	223	225	0	223	225	224M
8757	4958	-3.482E+02	1.00	6.283E-152	0	223	225	0	223	225	224M
8757	8757	-3.478E+02	1.00	8.612E-152	0	224	225	0	224	225	225M
8758	1657	-1.546E+02	0.982	6.937E-68	0	112	114	0	112	114	113M
8758	4959	-1.569E+02	1.00	7.595E-69	0	112	114	0	112	114	113M
8758	8758	-1.565E+02	1.00	1.042E-68	0	113	114	0	113	114	114M
8759	1656	-1.595E+02	1.00	5.368E-70	0	116	118	0	116	118	117M
8759	4960	-1.595E+02	1.00	5.368E-70	0	116	118	0	116	118	117M
8759	8759	-1.592E+02	1.00	7.362E-70	0	117	118	0	117	118	118M
8760	1655	-4.824E+02	0.990	3.068E-210	0	324	326	0	324	326	325M
8760	4961	-4.856E+02	1.00	1.313E-211	0	324	326	0	324	326	325M
8760	8760	-4.853E+02	1.00	1.799E-211	0	325	326	0	325	326	326M
8761	1654	-2.998E+02	0.995	6.434E-131	0	199	201	0	199	201	200M
8761	4962	-3.010E+02	1.00	1.822E-131	0	199	201	0	199	201	200M
8761	8761	-3.007E+02	1.00	2.498E-131	0	200	201	0	200	201	201M
8762	1653	-7.084E+02	0.997	0.000E+00	0	942	944	0	942	945	943M
8762	4963	-7.084E+02	1.00	0.000E+00	0	942	944	0	942	944	943M
8762	8762	-7.084E+02	1.00	0.000E+00	0	943	944	0	943	944	944M
8763	4964	-7.084E+02	1.00	0.000E+00	0	550	552	0	550	552	551M
8763	8763	-7.084E+02	1.00	0.000E+00	0	551	552	0	551	552	552M
8764	1652	-7.084E+02	0.992	0.000E+00	0	567	569	0	567	569	568M
8764	4965	-7.084E+02	1.00	0.000E+00	0	567	569	0	567	569	568M
8764	8764	-7.084E+02	1.00	0.000E+00	0	568	569	0	568	569	569M
8765	1610	-4.581E+02	1.00	1.107E-199	0	298	300	0	298	300	299M
8765	4966	-4.581E+02	1.00	1.107E-199	0	298	300	0	298	300	299M
8765	8765	-4.578E+02	1.00	1.518E-199	0	299	300	0	299	300	300M
8766	1611	-7.084E+02	0.998	0.000E+00	0	654	656	0	654	656	655M
8766	4967	-7.084E+02	1.00	0.000E+00	0	654	656	0	654	656	655M
8766	8766	-7.084E+02	1.00	0.000E+00	0	655	656	0	655	656	656M
8767	1612	-3.296E+02	1.00	7.323E-144	0	229	231	0	229	231	230M
8767	4968	-3.296E+02	1.00	7.323E-144	0	229	231	0	229	231	230M
8767	8767	-3.293E+02	1.00	1.004E-143	0	230	231	0	230	231	231M
8768	1613	-7.084E+02	0.998	0.000E+00	0	570	572	0	570	572	571M
8768	7669	-4.038E+02	0.545	4.418E-176	16	561	572	11	537	551	9M6I211M4I10M4I83M6I5M2D155M1I52M
8768	8768	-7.084E+02	1.00	0.000E+00	0	571	572	0	571	572	572M
8769	1614	-1.507E+02	1.00	3.647E-66	0	109	111	0	109	111	110M
8769	8322	-1.507E+02	1.00	3.647E-66	0	109	111	0	109	111	110M
8769	8769	-1.504E+02	1.00	5.003E-66	0	110	111	0	110	111	111M
8770	1615	-7.084E+02	0.999	0.000E+00	0	1164	1166	0	1164	1166	1165M
8770	8321	-7.084E+02	1.00	0.000E+00	0	1164	1166	0	1164	1166	1165M
8770	8770	-7.084E+02	1.00	0.000E+00	0	1165	1166	0	1165	1166	1166M
8771	1616	-3.918E+02	0.996	7.123E-171	0	254	256	0	254	256	255M
8771	8320	-3.956E+02	1.00	1.620E-172	0	254	256	0	254	256	255M
8771	8771	-3.952E+02	1.00	2.221E-172	0	255	256	0	255	256	256M
8772	1617	-3.167E+02	1.00	2.931E-138	0	215	217	0	215	217	216M
8772	8319	-3.167E+02	1.00	2.931E-138	0	215	217	0	215	217	216M
8772	8772	-3.164E+02	1.00	4.017E-138	0	216	217	0	216	217	217M
8773	1618	-3.550E+02	0.995	6.389E-155	0	244	246	0	244	246	245M
8773	8318	-3.566E+02	1.00	1.321E-155	0	244	246	0	244	246	245M
8773	8773	-3.563E+02	1.00	1.810E-155	0	245	246	0	245	246	246M
8774	1619	-5.645E+02	0.994	7.257E-246	0	369	371	0	369	371	370M
8774	8317	-5.667E+02	1.00	7.995E-247	0	369	371	0	369	371	370M
8774	8774	-5.663E+02	1.00	1.096E-246	0	370	371	0	370	371	371M
8775	3047	-2.000E+01	0.633	2.069E-09	0	29	31	72	101	103	30M
8775	7296	-3.976E+01	1.00	5.412E-18	0	29	31	0	29	31	30M
8775	11263	-3.976E+01	1.00	5.412E-18	0	29	31	0	29	31	30M
8776	1242	-5.875E+01	0.979	3.044E-26	0	48	50	95	143	145	49M
8776	4970	-5.971E+01	1.00	1.174E-26	0	48	50	0	48	50	49M
8776	9879	-5.971E+01	1.00	1.174E-26	0	48	50	0	48	50	49M
8777	3742	-7.444E+02	0.981	4.941E-324	0	479	481	0	479	481	480M
8777	6624	-7.084E+02	1.00	0.000E+00	0	479	481	0	479	481	480M
8777	8777	-7.084E+02	1.00	0.000E+00	0	480	481	0	480	481	481M
8778	3750	-7.084E+02	0.998	0.000E+00	0	508	510	0	508	510	509M
8778	6625	-7.084E+02	1.00	0.000E+00	0	508	510	0	508	510	509M
8778	8778	-7.084E+02	1.00	0.000E+00	0	509	510	0	509	510	510M
8779	3749	-2.521E+02	1.00	3.414E-110	0	161	163	0	161	163	162M
8779	6626	-2.521E+02	1.00	3.414E-110	0	161	163	0	161	163	162M
8779	8779	-2.517E+02	1.00	4.681E-110	0	162	163	0	162	163	163M
8780	3748	-2.147E+02	0.972	5.828E-94	0	144	146	0	144	146	145M
8780	6627	-2.194E+02	1.00	5.116E-96	0	144	146	0	144	146	145M
8780	8780	-2.191E+02	1.00	7.015E-96	0	145	146	0	145	146	146M
8781	3747	-8.450E+01	1.00	2.009E-37	0	53	55	0	53	55	54M
8781	6628	-8.450E+01	1.00	2.009E-37	0	53	55	0	53	55	54M
8781	8781	-8.418E+01	1.00	2.758E-37	0	54	55	0	54	55	55M
8782	3746	-5.858E+02	0.994	4.089E-255	0	392	394	0	392	394	393M
8782	6629	-5.883E+02	1.00	3.288E-256	0	392	394	0	392	394	393M
8782	8782	-5.880E+02	1.00	4.506E-256	0	393	394	0	393	394	394M
8783	3745	-4.807E+02	0.993	1.663E-209	0	313	315	0	313	315	314M
8783	6630	-4.842E+02	1.00	5.192E-211	0	313	315	0	313	315	314M
8783	8783	-4.839E+02	1.00	7.116E-211	0	314	315	0	314	315	315M
8784	3744	-4.400E+02	1.00	8.086E-192	0	301	303	0	301	303	302M
8784	6631	-4.400E+02	1.00	8.086E-192	0	301	303	0	301	303	302M
8784	8784	-4.397E+02	1.00	1.108E-191	0	302	303	0	302	303	303M
8785	6632	-2.798E+02	1.00	3.117E-122	0	195	197	0	195	197	196M
8785	8785	-2.795E+02	1.00	4.273E-122	0	196	197	0	196	197	197M
8786	3187	-7.084E+02	0.998	0.000E+00	0	691	693	0	691	693	692M
8786	6633	-7.084E+02	1.00	0.000E+00	0	691	693	0	691	693	692M
8786	8786	-7.084E+02	1.00	0.000E+00	0	692	693	0	692	693	693M
8787	3188	-3.418E+02	1.00	3.614E-149	0	224	226	0	224	226	225M
8787	6634	-3.418E+02	1.00	3.614E-149	0	224	226	0	224	226	225M
8787	8787	-3.415E+02	1.00	4.954E-149	0	225	226	0	225	226	226M
8788	3189	-4.012E+02	0.988	5.726E-175	0	268	270	0	268	270	269M
8788	6635	-4.066E+02	1.00	2.694E-177	0	268	270	0	268	270	269M
8788	8788	-4.063E+02	1.00	3.692E-177	0	269	270	0	269	270	270M
8789	3190	-7.084E+02	0.990	0.000E+00	0	818	820	0	818	820	819M
8789	6636	-7.084E+02	1.00	0.000E+00	0	818	820	0	818	820	819M
8789	8789	-7.084E+02	1.00	0.000E+00	0	819	820	0	819	820	820M
8790	3191	-3.296E+02	0.965	7.323E-144	0	229	231	0	229	231	230M
8790	6637	-3.416E+02	1.00	4.578E-149	0	229	231	0	229	231	230M
8790	8790	-3.412E+02	1.00	6.276E-149	0	230	231	0	230	231	231M
8791	3192	-2.686E+02	0.983	2.275E-117	0	185	187	0	185	187	186M
8791	6638	-2.714E+02	1.00	1.330E-118	0	185	187	0	185	187	186M
8791	8791	-2.711E+02	1.00	1.824E-118	0	186	187	0	186	187	187M
8792	3193	-3.034E+02	1.00	1.767E-132	0	203	205	0	203	205	204M
8792	6639	-3.034E+02	1.00	1.767E-132	0	203	205	0	203	205	204M
8792	8792	-3.031E+02	1.00	2.422E-132	0	204	205	0	204	205	205M
8793	3194	-5.053E+02	0.997	3.525E-220	0	340	342	0	340	342	341M
8793	6640	-5.069E+02	1.00	7.293E-221	0	340	342	0	340	342	341M
8793	8793	-5.066E+02	1.00	9.994E-221	0	341	342	0	341	342	342M
8794	6641	-5.091E+02	1.00	8.314E-222	0	334	336	0	334	336	335M
8794	8794	-5.087E+02	1.00	1.139E-221	0	335	336	0	335	336	336M
8795	1187	-2.525E+01	0.224	1.081E-11	44	753	755	30	697	699	12M2D5M1D6M2D7M1D11M6D4M2D22M5I17M7I6M6I46M6I17M1I6M3I13M9I22M6D8M4D63M1D37M1D12M1I8M1I16M12D12M1I28M1D34M7I10M1I28M1D11M18I37M3I20M4D23M4I16M2D3M16I16M1I38M2D6M
8795	6642	-7.084E+02	1.00	0.000E+00	0	753	755	0	753	755	754M
8795	8795	-7.084E+02	1.00	0.000E+00	0	754	755	0	754	755	755M
8796	2750	-3.289E+02	1.00	1.512E-143	0	211	213	0	211	213	212M
8796	6643	-3.289E+02	1.00	1.512E-143	0	211	213	0	211	213	212M
8796	8796	-3.285E+02	1.00	2.073E-143	0	212	213	0	212	213	213M
8797	2751	-3.077E+02	0.995	2.238E-134	0	204	206	0	204	206	205M
8797	6644	-3.087E+02	1.00	8.689E-135	0	204	206	0	204	206	205M
8797	8797	-3.084E+02	1.00	1.191E-134	0	205	206	0	205	206	206M
8798	2752	-7.084E+02	0.992	0.000E+00	0	557	559	0	557	559	558M
8798	6645	-7.084E+02	1.00	0.000E+00	0	557	559	0	557	559	558M
8798	8798	-7.084E+02	1.00	0.000E+00	0	558	559	0	558	559	559M
8799	2753	-5.381E+02	0.973	2.127E-234	0	334	336	0	334	336	335M
8799	6646	-5.535E+02	1.00	4.174E-241	0	334	336	0	334	336	335M
8799	8799	-5.532E+02	1.00	5.721E-241	0	335	336	0	335	336	336M
8800	2754	-7.499E+01	1.00	2.706E-33	0	53	55	0	53	55	54M
8800	6647	-7.499E+01	1.00	2.706E-33	0	53	55	0	53	55	54M
8800	8800	-7.467E+01	1.00	3.716E-33	0	54	55	0	54	55	55M
8801	2755	-7.084E+02	0.998	0.000E+00	0	514	516	0	514	516	515M
8801	6648	-7.084E+02	1.00	0.000E+00	0	514	516	0	514	516	515M
8801	8801	-7.084E+02	1.00	0.000E+00	0	515	516	0	515	516	516M
8802	2756	-6.684E+02	0.975	5.034E-291	0	443	445	0	443	445	444M
8802	6649	-6.867E+02	1.00	5.843E-299	0	443	445	0	443	445	444M
8802	8802	-6.864E+02	1.00	8.006E-299	0	444	445	0	444	445	445M
8803	2757	-7.084E+02	1.00	0.000E+00	0	542	544	0	542	544	543M
8803	6650	-7.084E+02	1.00	0.000E+00	0	542	544	0	542	544	543M
8803	8803	-7.084E+02	1.00	0.000E+00	0	543	544	0	543	544	544M
8804	3306	-7.084E+02	0.999	0.000E+00	0	1227	1229	0	1227	1229	1228M
8804	6651	-7.084E+02	1.00	0.000E+00	0	1227	1229	0	1227	1229	1228M
8804	8804	-7.084E+02	1.00	0.000E+00	0	1228	1229	0	1228	1229	1229M
8805	3305	-4.940E+02	0.985	2.943E-215	0	333	335	0	333	335	334M
8805	6652	-4.993E+02	1.00	1.387E-217	0	333	335	0	333	335	334M
8805	8805	-4.990E+02	1.00	1.901E-217	0	334	335	0	334	335	335M
8806	3304	-4.334E+02	0.978	5.820E-189	0	280	282	2	282	284	281M
8806	6653	-4.407E+02	1.00	4.131E-192	0	280	282	0	280	282	281M
8806	8806	-4.404E+02	1.00	5.662E-192	0	281	282	0	281	282	282M
8807	3303	-6.783E+02	0.995	2.631E-295	0	441	443	0	441	443	442M
8807	6654	-6.808E+02	1.00	2.117E-296	0	441	443	0	441	443	442M
8807	8807	-6.805E+02	1.00	2.900E-296	0	442	443	0	442	443	443M
8808	3302	-3.498E+02	0.991	1.196E-152	0	248	250	0	248	250	249M
8808	6655	-3.530E+02	1.00	5.112E-154	0	248	250	0	248	250	249M
8808	8808	-3.527E+02	1.00	7.006E-154	0	249	250	0	249	250	250M
8809	3301	-4.470E+02	0.993	7.517E-195	10	300	302	0	290	292	291M
8809	6656	-4.637E+02	1.00	4.180E-202	0	300	302	0	300	302	301M
8809	8809	-4.634E+02	1.00	5.728E-202	0	301	302	0	301	302	302M
8810	3300	-1.871E+02	0.891	5.702E-82	0	147	149	0	147	149	148M
8810	6657	-2.120E+02	1.00	8.413E-93	0	147	149	0	147	149	148M
8810	8810	-2.117E+02	1.00	1.154E-92	0	148	149	0	148	149	149M
8811	1938	-5.476E+02	0.983	1.580E-238	26	380	382	2	356	358	355M
8811	6658	-5.895E+02	1.00	9.997E-257	0	380	382	0	380	382	381M
8811	8811	-5.891E+02	1.00	1.370E-256	0	381	382	0	381	382	382M
8812	1937	-5.770E+02	0.980	2.698E-251	0	405	407	0	405	407	406M
8812	6659	-5.855E+02	1.00	5.461E-255	0	405	407	0	405	407	406M
8812	8812	-5.851E+02	1.00	7.482E-255	0	406	407	0	406	407	407M
8813	1936	-3.899E+02	0.988	4.793E-170	0	261	263	0	261	263	262M
8813	6660	-3.949E+02	1.00	3.090E-172	0	261	263	0	261	263	262M
8813	8813	-3.946E+02	1.00	4.235E-172	0	262	263	0	262	263	263M
8814	1935	-6.633E+02	1.00	8.847E-289	0	439	441	0	439	441	440M
8814	6661	-6.633E+02	1.00	8.847E-289	0	439	441	0	439	441	440M
8814	8814	-6.630E+02	1.00	1.212E-288	0	440	441	0	440	441	441M
8815	1934	-2.294E+02	0.987	2.294E-100	0	159	161	0	159	161	160M
8815	6662	-2.323E+02	1.00	1.339E-101	0	159	161	0	159	161	160M
8815	8815	-2.320E+02	1.00	1.836E-101	0	160	161	0	160	161	161M
8816	1933	-6.466E+02	0.993	1.489E-281	0	431	433	0	431	433	432M
8816	6663	-6.501E+02	1.00	4.656E-283	0	431	433	0	431	433	432M
8816	8816	-6.498E+02	1.00	6.381E-283	0	432	433	0	432	433	433M
8817	1932	-6.347E+02	0.992	2.326E-276	0	397	399	0	397	399	398M
8817	6664	-6.391E+02	1.00	2.823E-278	0	397	399	0	397	399	398M
8817	8817	-6.388E+02	1.00	3.869E-278	0	398	399	0	398	399	399M
8818	1931	-7.084E+02	0.987	0.000E+00	0	545	547	0	545	547	546M
8818	6665	-7.084E+02	1.00	0.000E+00	0	545	547	0	545	547	546M
8818	8818	-7.084E+02	1.00	0.000E+00	0	546	547	0	546	547	547M
8819	1930	-7.322E+02	0.997	9.966E-319	0	487	489	0	487	489	488M
8819	6666	-7.332E+02	1.00	3.874E-319	0	487	489	0	487	489	488M
8819	8819	-7.329E+02	1.00	5.308E-319	0	488	489	0	488	489	489M
8820	1929	-3.851E+02	1.00	5.685E-168	0	262	264	0	262	264	263M
8820	6667	-3.851E+02	1.00	5.685E-168	0	262	264	0	262	264	263M
8820	8820	-3.848E+02	1.00	7.792E-168	0	263	264	0	263	264	264M
8821	1928	-3.939E+02	0.996	8.742E-172	0	263	265	0	263	265	264M
8821	6668	-3.951E+02	1.00	2.477E-172	0	263	265	0	263	265	264M
8821	8821	-3.948E+02	1.00	3.395E-172	0	264	265	0	264	265	265M
8822	1927	-3.877E+02	0.963	4.069E-169	0	273	275	0	273	275	274M
8822	6669	-4.060E+02	1.00	4.671E-177	0	273	275	0	273	275	274M
8822	8822	-4.057E+02	1.00	6.402E-177	0	274	275	0	274	275	275M
8823	1926	-2.720E+02	1.00	7.149E-119	0	172	174	0	172	174	173M
8823	6670	-2.720E+02	1.00	7.149E-119	0	172	174	0	172	174	173M
8823	8823	-2.717E+02	1.00	9.802E-119	0	173	174	0	173	174	174M
8824	1925	-5.968E+02	1.00	6.794E-260	0	406	408	0	406	408	407M
8824	6671	-5.968E+02	1.00	6.794E-260	0	406	408	0	406	408	407M
8824	8824	-5.964E+02	1.00	9.309E-260	0	407	408	0	407	408	408M
8825	1924	-6.196E+02	0.992	7.939E-270	0	402	404	0	402	404	403M
8825	6672	-6.234E+02	1.00	1.810E-271	0	402	404	0	402	404	403M
8825	8825	-6.231E+02	1.00	2.481E-271	0	403	404	0	403	404	404M
8826	1923	-4.759E+02	0.970	2.037E-207	0	308	310	0	308	310	309M
8826	6673	-4.892E+02	1.00	3.629E-213	0	308	310	0	308	310	309M
8826	8826	-4.888E+02	1.00	4.974E-213	0	309	310	0	309	310	310M
8827	1922	-3.647E+02	0.988	4.051E-159	0	253	255	0	253	255	254M
8827	6674	-3.685E+02	1.00	9.216E-161	0	253	255	0	253	255	254M
8827	8827	-3.682E+02	1.00	1.263E-160	0	254	255	0	254	255	255M
8828	1921	-5.765E+02	0.997	4.246E-251	0	354	356	0	354	356	355M
8828	6675	-5.784E+02	1.00	6.409E-252	0	354	356	0	354	356	355M
8828	8828	-5.781E+02	1.00	8.783E-252	0	355	356	0	355	356	356M
8829	1920	-1.383E+02	0.979	9.055E-61	0	98	100	0	98	100	99M
8829	6676	-1.417E+02	1.00	2.797E-62	0	98	100	0	98	100	99M
8829	8829	-1.414E+02	1.00	3.837E-62	0	99	100	0	99	100	100M
8830	1919	-1.530E+02	1.00	3.526E-67	0	100	102	3	103	105	101M
8830	6677	-1.530E+02	1.00	3.526E-67	0	100	102	0	100	102	101M
8830	8830	-1.527E+02	1.00	4.837E-67	0	101	102	0	101	102	102M
8831	1898	-3.999E+02	1.00	2.118E-174	0	269	271	0	269	271	270M
8831	6678	-3.999E+02	1.00	2.118E-174	0	269	271	0	269	271	270M
8831	8831	-3.996E+02	1.00	2.903E-174	0	270	271	0	270	271	271M
8832	1897	-1.411E+02	0.989	5.263E-62	0	98	100	0	98	100	99M
8832	6679	-1.439E+02	1.00	3.059E-63	0	98	100	0	98	100	99M
8832	8832	-1.436E+02	1.00	4.197E-63	0	99	100	0	99	100	100M
8833	1896	-2.806E+02	0.989	1.439E-122	0	192	194	0	192	194	193M
8833	6680	-2.828E+02	1.00	1.581E-123	0	192	194	0	192	194	193M
8833	8833	-2.824E+02	1.00	2.168E-123	0	193	194	0	193	194	194M
8834	1895	-3.839E+02	0.977	1.914E-167	0	261	263	0	261	263	262M
8834	6681	-3.924E+02	1.00	3.848E-171	0	261	263	0	261	263	262M
8834	8834	-3.921E+02	1.00	5.275E-171	0	262	263	0	262	263	263M
8835	1894	-2.093E+02	1.00	1.282E-91	0	138	140	0	138	140	139M
8835	6682	-2.093E+02	1.00	1.282E-91	0	138	140	0	138	140	139M
8835	8835	-2.090E+02	1.00	1.758E-91	0	139	140	0	139	140	140M
8836	1893	-6.576E+02	1.00	2.479E-286	0	418	420	0	418	420	419M
8836	6683	-6.576E+02	1.00	2.479E-286	0	418	420	0	418	420	419M
8836	8836	-6.573E+02	1.00	3.398E-286	0	419	420	0	419	420	420M
8837	1892	-7.084E+02	0.998	0.000E+00	0	663	665	0	663	665	664M
8837	6684	-7.084E+02	1.00	0.000E+00	0	663	665	0	663	665	664M
8837	8837	-7.084E+02	1.00	0.000E+00	0	664	665	0	664	665	665M
8838	1891	-1.660E+02	1.00	7.962E-73	0	112	114	0	112	114	113M
8838	6685	-1.660E+02	1.00	7.962E-73	0	112	114	0	112	114	113M
8838	8838	-1.657E+02	1.00	1.092E-72	0	113	114	0	113	114	114M
8839	1890	-2.643E+02	1.00	1.605E-115	0	175	177	0	175	177	176M
8839	6686	-2.643E+02	1.00	1.605E-115	0	175	177	0	175	177	176M
8839	8839	-2.640E+02	1.00	2.201E-115	0	176	177	0	176	177	177M
8840	1889	-5.971E+02	1.00	4.824E-260	0	419	421	0	419	421	420M
8840	6687	-5.971E+02	1.00	4.824E-260	0	419	421	0	419	421	420M
8840	8840	-5.968E+02	1.00	6.611E-260	0	420	421	0	420	421	421M
8841	1888	-5.133E+02	0.993	1.201E-223	0	331	333	0	331	333	332M
8841	6688	-5.168E+02	1.00	3.749E-225	0	331	333	0	331	333	332M
8841	8841	-5.164E+02	1.00	5.137E-225	0	332	333	0	332	333	333M
8842	1887	-6.962E+01	1.00	5.799E-31	0	65	67	0	65	67	66M
8842	6689	-6.962E+01	1.00	5.799E-31	0	65	67	0	65	67	66M
8842	8842	-6.931E+01	1.00	7.963E-31	0	66	67	0	66	67	67M
8843	1886	-2.551E+02	1.00	1.633E-111	0	170	172	0	170	172	171M
8843	6690	-2.551E+02	1.00	1.633E-111	0	170	172	0	170	172	171M
8843	8843	-2.548E+02	1.00	2.239E-111	0	171	172	0	171	172	172M
8844	1885	-2.926E+02	1.00	8.027E-128	0	203	205	0	203	205	204M
8844	6691	-2.926E+02	1.00	8.027E-128	0	203	205	0	203	205	204M
8844	8844	-2.923E+02	1.00	1.100E-127	0	204	205	0	204	205	205M
8845	1884	-7.084E+02	1.00	0.000E+00	0	687	689	0	687	689	688M
8845	6692	-7.084E+02	1.00	0.000E+00	0	687	689	0	687	689	688M
8845	8845	-7.084E+02	1.00	0.000E+00	0	688	689	0	688	689	689M
8846	1883	-7.084E+02	0.992	0.000E+00	0	539	541	0	539	541	540M
8846	6693	-7.084E+02	1.00	0.000E+00	0	539	541	0	539	541	540M
8846	8846	-7.084E+02	1.00	0.000E+00	0	540	541	0	540	541	541M
8847	1882	-3.029E+02	1.00	2.792E-132	0	206	208	0	206	208	207M
8847	6694	-3.029E+02	1.00	2.792E-132	0	206	208	0	206	208	207M
8847	8847	-3.026E+02	1.00	3.827E-132	0	207	208	0	207	208	208M
8848	1881	-7.394E+02	0.997	7.806E-322	0	489	491	0	489	491	490M
8848	6695	-7.397E+02	1.00	5.682E-322	0	489	491	0	489	491	490M
8848	8848	-7.394E+02	1.00	7.806E-322	0	490	491	0	490	491	491M
8849	1880	-7.084E+02	1.00	0.000E+00	0	551	553	0	551	553	552M
8849	6696	-7.084E+02	1.00	0.000E+00	0	551	553	0	551	553	552M
8849	8849	-7.084E+02	1.00	0.000E+00	0	552	553	0	552	553	553M
8850	1751	-7.415E+02	0.997	9.387E-323	60	545	547	0	485	487	486M
8850	6697	-7.084E+02	1.00	0.000E+00	0	545	547	0	545	547	546M
8850	8850	-7.084E+02	1.00	0.000E+00	0	546	547	0	546	547	547M
8851	1750	-1.949E+02	0.916	2.270E-85	0	155	157	0	155	157	156M
8851	6698	-2.094E+02	1.00	1.123E-91	0	155	157	0	155	157	156M
8851	8851	-2.091E+02	1.00	1.540E-91	0	156	157	0	156	157	157M
8852	1749	-4.477E+02	0.996	3.594E-195	0	291	293	0	291	293	292M
8852	6699	-4.496E+02	1.00	5.423E-196	0	291	293	0	291	293	292M
8852	8852	-4.493E+02	1.00	7.433E-196	0	292	293	0	292	293	293M
8853	1748	-6.432E+02	0.995	4.428E-280	0	443	445	0	443	445	444M
8853	6700	-6.458E+02	1.00	3.563E-281	0	443	445	0	443	445	444M
8853	8853	-6.454E+02	1.00	4.882E-281	0	444	445	0	444	445	445M
8854	1747	-7.084E+02	0.992	0.000E+00	0	636	638	0	636	638	637M
8854	6701	-7.084E+02	1.00	0.000E+00	0	636	638	0	636	638	637M
8854	8854	-7.084E+02	1.00	0.000E+00	0	637	638	0	637	638	638M
8855	1746	-3.281E+02	0.991	3.269E-143	0	234	236	0	234	236	235M
8855	6702	-3.303E+02	1.00	3.597E-144	0	234	236	0	234	236	235M
8855	8855	-3.300E+02	1.00	4.930E-144	0	235	236	0	235	236	236M
8856	1745	-1.311E+02	1.00	1.206E-57	0	90	92	0	90	92	91M
8856	6703	-1.311E+02	1.00	1.206E-57	0	90	92	0	90	92	91M
8856	8856	-1.307E+02	1.00	1.655E-57	0	91	92	0	91	92	92M
8857	1744	-2.251E+02	1.00	1.828E-98	0	145	147	0	145	147	146M
8857	6704	-2.251E+02	1.00	1.828E-98	0	145	147	0	145	147	146M
8857	8857	-2.247E+02	1.00	2.507E-98	0	146	147	0	146	147	147M
8858	1743	-2.844E+02	0.994	3.020E-124	0	197	199	0	197	199	198M
8858	6705	-2.857E+02	1.00	8.550E-125	0	197	199	0	197	199	198M
8858	8858	-2.854E+02	1.00	1.172E-124	0	198	199	0	198	199	199M
8859	1742	-3.941E+02	0.931	6.802E-172	0	305	307	0	305	307	306M
8859	6706	-4.310E+02	1.00	6.624E-188	0	305	307	0	305	307	306M
8859	8859	-4.307E+02	1.00	9.078E-188	0	306	307	0	306	307	307M
8860	1741	-7.437E+02	0.965	9.881E-324	0	495	497	0	495	497	496M
8860	6707	-7.084E+02	1.00	0.000E+00	0	495	497	0	495	497	496M
8860	8860	-7.084E+02	1.00	0.000E+00	0	496	497	0	496	497	497M
8861	1740	-3.662E+02	0.992	9.313E-160	0	262	264	0	262	264	263M
8861	6708	-3.687E+02	1.00	7.479E-161	0	262	264	0	262	264	263M
8861	8861	-3.684E+02	1.00	1.025E-160	0	263	264	0	263	264	264M
8862	1739	-7.084E+02	0.975	0.000E+00	0	1056	1058	11	1067	1069	1057M
8862	6709	-7.084E+02	1.00	0.000E+00	0	1056	1058	0	1056	1058	1057M
8862	8862	-7.084E+02	1.00	0.000E+00	0	1057	1058	0	1057	1058	1058M
8863	1738	-4.768E+02	0.976	8.701E-208	0	337	339	0	337	339	338M
8863	6710	-4.872E+02	1.00	2.653E-212	0	337	339	0	337	339	338M
8863	8863	-4.869E+02	1.00	3.636E-212	0	338	339	0	338	339	339M
8864	1737	-2.565E+02	0.983	4.217E-112	11	188	190	0	177	179	178M
8864	6711	-2.741E+02	1.00	8.968E-120	0	188	190	0	188	190	189M
8864	8864	-2.738E+02	1.00	1.229E-119	0	189	190	0	189	190	190M
8865	1736	-4.485E+02	0.979	1.685E-195	0	295	297	0	295	297	296M
8865	6712	-4.542E+02	1.00	5.789E-198	0	295	297	0	295	297	296M
8865	8865	-4.538E+02	1.00	7.934E-198	0	296	297	0	296	297	297M
8866	1735	-4.744E+02	0.993	9.090E-207	0	313	315	0	313	315	314M
8866	6713	-4.766E+02	1.00	1.001E-207	0	313	315	0	313	315	314M
8866	8866	-4.763E+02	1.00	1.372E-207	0	314	315	0	314	315	315M
8867	1734	-6.790E+02	0.989	1.318E-295	0	460	462	0	460	462	461M
8867	6714	-6.843E+02	1.00	6.228E-298	0	460	462	0	460	462	461M
8867	8867	-6.840E+02	1.00	8.534E-298	0	461	462	0	461	462	462M
8868	1733	-3.706E+02	0.979	1.082E-161	0	241	243	0	241	345	242M
8868	6715	-3.776E+02	1.00	1.051E-164	0	241	243	0	241	243	242M
8868	8868	-3.773E+02	1.00	1.440E-164	0	242	243	0	242	243	243M
8869	1216	-2.012E+01	0.280	1.833E-09	16	160	162	271	394	396	8M4I23M1I33M1I15M3I8M1D19M13I17M
8869	6716	-2.540E+02	1.00	4.898E-111	0	160	162	0	160	162	161M
8869	8869	-2.537E+02	1.00	6.715E-111	0	161	162	0	161	162	162M
8870	2533	-1.382E+02	0.978	9.714E-61	0	93	95	0	93	95	94M
8870	6717	-1.404E+02	1.00	1.062E-61	0	93	95	0	93	95	94M
8870	8870	-1.401E+02	1.00	1.457E-61	0	94	95	0	94	95	95M
8871	6718	-1.323E+02	1.00	3.578E-58	0	91	93	0	91	93	92M
8871	8871	-1.320E+02	1.00	4.909E-58	0	92	93	0	92	93	93M
8872	6719	-3.786E+02	1.00	3.597E-165	0	245	247	0	245	247	246M
8872	8872	-3.783E+02	1.00	4.931E-165	0	246	247	0	246	247	247M
8873	6720	-6.903E+02	1.00	1.664E-300	0	441	443	0	441	443	442M
8873	8873	-6.900E+02	1.00	2.280E-300	0	442	443	0	442	443	443M
8874	6721	-3.786E+02	1.00	3.829E-165	0	253	255	0	253	255	254M
8874	8874	-3.783E+02	1.00	5.248E-165	0	254	255	0	254	255	255M
8875	6722	-7.084E+02	1.00	0.000E+00	0	596	598	0	596	598	597M
8875	8875	-7.084E+02	1.00	0.000E+00	0	597	598	0	597	598	598M
8876	6723	-7.124E+02	1.00	3.966E-310	0	459	461	0	459	461	460M
8876	8876	-7.121E+02	1.00	5.435E-310	0	460	461	0	460	461	461M
8877	6724	-6.011E+02	1.00	8.554E-262	0	400	402	0	400	402	401M
8877	8877	-6.008E+02	1.00	1.172E-261	0	401	402	0	401	402	402M
8878	4150	-5.078E+02	1.00	2.866E-221	0	347	349	0	347	349	348M
8878	6725	-5.078E+02	1.00	2.866E-221	0	347	349	0	347	349	348M
8878	8878	-5.075E+02	1.00	3.928E-221	0	348	349	0	348	349	349M
8879	6127	-7.084E+02	1.00	0.000E+00	0	479	481	0	479	481	480M
8879	8879	-7.084E+02	1.00	0.000E+00	0	480	481	0	480	481	481M
8880	3111	-4.441E+01	1.00	5.178E-20	0	37	39	0	37	39	38M
8880	6128	-4.441E+01	1.00	5.178E-20	0	37	39	0	37	39	38M
8880	8880	-4.409E+01	1.00	7.116E-20	0	38	39	0	38	39	39M
8881	3112	-7.084E+02	1.00	0.000E+00	0	820	822	0	820	822	821M
8881	6129	-7.084E+02	1.00	0.000E+00	0	820	822	0	820	822	821M
8881	8881	-7.084E+02	1.00	0.000E+00	0	821	822	0	821	822	822M
8882	3113	-1.323E+02	1.00	3.578E-58	0	91	93	0	91	93	92M
8882	6130	-1.323E+02	1.00	3.578E-58	0	91	93	0	91	93	92M
8882	8882	-1.320E+02	1.00	4.909E-58	0	92	93	0	92	93	93M
8883	3114	-4.218E+01	1.00	4.795E-19	0	37	39	0	37	39	38M
8883	6131	-4.218E+01	1.00	4.795E-19	0	37	39	0	37	39	38M
8883	8883	-4.186E+01	1.00	6.591E-19	0	38	39	0	38	39	39M
8884	3115	-1.499E+02	1.00	8.317E-66	0	100	102	0	100	102	101M
8884	6132	-1.499E+02	1.00	8.317E-66	0	100	102	0	100	102	101M
8884	8884	-1.495E+02	1.00	1.141E-65	0	101	102	0	101	102	102M
8885	3116	-1.826E+02	1.00	4.814E-80	0	121	123	4	125	127	122M
8885	6133	-1.826E+02	1.00	4.814E-80	0	121	123	0	121	123	122M
8885	8885	-1.823E+02	1.00	6.603E-80	0	122	123	0	122	123	123M
8886	3117	-2.813E+02	1.00	6.838E-123	0	183	185	0	183	185	184M
8886	6134	-2.813E+02	1.00	6.838E-123	0	183	185	0	183	185	184M
8886	8886	-2.810E+02	1.00	9.375E-123	0	184	185	0	184	185	185M
8887	3118	-9.640E+01	1.00	1.359E-42	0	68	70	0	68	70	69M
8887	6135	-9.640E+01	1.00	1.359E-42	0	68	70	0	68	70	69M
8887	8887	-9.609E+01	1.00	1.865E-42	0	69	70	0	69	70	70M
8888	3119	-1.056E+02	1.00	1.379E-46	0	74	76	0	74	76	75M
8888	6136	-1.056E+02	1.00	1.379E-46	0	74	76	0	74	76	75M
8888	8888	-1.053E+02	1.00	1.893E-46	0	75	76	0	75	76	76M
8889	837	-3.429E+02	1.00	1.187E-149	0	219	256	0	219	241	220M
8889	6137	-3.943E+02	1.00	5.718E-172	0	254	256	0	254	256	255M
8889	8889	-3.940E+02	1.00	7.837E-172	0	255	256	0	255	256	256M
8890	836	-6.648E+02	0.997	1.875E-289	0	426	428	0	426	428	427M
8890	6138	-6.664E+02	1.00	3.880E-290	0	426	428	0	426	428	427M
8890	8890	-6.661E+02	1.00	5.317E-290	0	427	428	0	427	428	428M
8891	6139	-3.310E+02	1.00	1.859E-144	0	220	222	0	220	222	221M
8891	8891	-3.306E+02	1.00	2.549E-144	0	221	222	0	221	222	222M
8892	6140	-5.997E+01	1.00	9.030E-27	0	43	45	0	43	45	44M
8892	8892	-5.965E+01	1.00	1.240E-26	0	44	45	0	44	45	45M
8893	3770	-1.864E+02	0.753	1.088E-81	0	153	156	277	430	433	154M
8893	6141	-2.398E+02	1.00	7.412E-105	0	154	156	0	154	156	155M
8893	8893	-2.395E+02	1.00	1.016E-104	0	155	156	0	155	156	156M
8894	6142	-4.991E+02	1.00	1.673E-217	0	337	339	0	337	339	338M
8894	8894	-4.988E+02	1.00	2.292E-217	0	338	339	0	338	339	339M
8895	6143	-4.259E+02	1.00	1.072E-185	0	279	281	0	279	281	280M
8895	8895	-4.256E+02	1.00	1.469E-185	0	280	281	0	280	281	281M
8896	6144	-3.070E+02	1.00	4.481E-134	0	212	214	0	212	214	213M
8896	8896	-3.067E+02	1.00	6.143E-134	0	213	214	0	213	214	214M
8897	6145	-4.135E+02	1.00	2.661E-180	0	255	257	0	255	257	256M
8897	8897	-4.132E+02	1.00	3.647E-180	0	256	257	0	256	257	257M
8898	6146	-1.223E+02	1.00	7.502E-54	0	94	96	0	94	96	95M
8898	8898	-1.220E+02	1.00	1.029E-53	0	95	96	0	95	96	96M
8899	6147	-7.822E+01	1.00	1.071E-34	0	58	60	0	58	60	59M
8899	8899	-7.790E+01	1.00	1.470E-34	0	59	60	0	59	60	60M
8900	6148	-3.519E+02	1.00	1.522E-153	0	231	233	0	231	233	232M
8900	8900	-3.516E+02	1.00	2.086E-153	0	232	233	0	232	233	233M
8901	6149	-3.873E+02	1.00	6.558E-169	0	263	265	0	263	265	264M
8901	8901	-3.869E+02	1.00	8.988E-169	0	264	265	0	264	265	265M
8902	6150	-1.173E+02	1.00	1.173E-51	0	81	83	0	81	83	82M
8902	8902	-1.170E+02	1.00	1.609E-51	0	82	83	0	82	83	83M
8903	6151	-4.695E+02	1.00	1.307E-204	0	298	300	0	298	300	299M
8903	8903	-4.691E+02	1.00	1.791E-204	0	299	300	0	299	300	300M
8904	6152	-3.613E+02	1.00	1.185E-157	0	231	233	0	231	233	232M
8904	8904	-3.610E+02	1.00	1.625E-157	0	232	233	0	232	233	233M
8905	3966	-5.557E+01	0.262	7.349E-25	2	353	360	1	353	361	67M1I9M7D10M5D16M1I14M13I32M2D18M5I10M1D17M2D6M1D16M4D83M1I33M
8905	6153	-5.464E+02	1.00	5.144E-238	0	358	360	0	358	360	359M
8905	8905	-5.461E+02	1.00	7.049E-238	0	359	360	0	359	360	360M
8906	6154	-3.035E+02	1.00	1.633E-132	0	208	210	0	208	210	209M
8906	8906	-3.031E+02	1.00	2.239E-132	0	209	210	0	209	210	210M
8907	6155	-7.129E+02	1.00	2.393E-310	0	482	484	0	482	484	483M
8907	8907	-7.126E+02	1.00	3.279E-310	0	483	484	0	483	484	484M
8908	6156	-7.084E+02	1.00	0.000E+00	0	649	651	0	649	651	650M
8908	8908	-7.084E+02	1.00	0.000E+00	0	650	651	0	650	651	651M
8909	6157	-3.280E+02	1.00	3.603E-143	0	216	218	0	216	218	217M
8909	8909	-3.277E+02	1.00	4.939E-143	0	217	218	0	217	218	218M
8910	6158	-7.084E+02	1.00	0.000E+00	0	510	512	0	510	512	511M
8910	8910	-7.084E+02	1.00	0.000E+00	0	511	512	0	511	512	512M
8911	6159	-8.747E+01	1.00	1.028E-38	0	63	65	0	63	65	64M
8911	8911	-8.715E+01	1.00	1.411E-38	0	64	65	0	64	65	65M
8912	6160	-4.009E+02	1.00	7.985E-175	0	255	257	0	255	257	256M
8912	8912	-4.006E+02	1.00	1.094E-174	0	256	257	0	256	257	257M
8913	6161	-1.926E+02	1.00	2.326E-84	0	131	133	0	131	133	132M
8913	8913	-1.923E+02	1.00	3.189E-84	0	132	133	0	132	133	133M
8914	6162	-7.084E+02	1.00	0.000E+00	0	3450	3452	0	3450	3452	3451M
8914	8914	-7.084E+02	1.00	0.000E+00	0	3451	3452	0	3451	3452	3452M
8915	6163	-4.406E+02	1.00	4.669E-192	0	296	298	0	296	298	297M
8915	8915	-4.402E+02	1.00	6.398E-192	0	297	298	0	297	298	298M
8916	6164	-2.183E+02	1.00	1.599E-95	0	148	150	0	148	150	149M
8916	8916	-2.180E+02	1.00	2.192E-95	0	149	150	0	149	150	150M
8917	6165	-3.209E+02	1.00	4.418E-140	0	213	215	0	213	215	214M
8917	8917	-3.206E+02	1.00	6.057E-140	0	214	215	0	214	215	215M
8918	6166	-1.148E+02	1.00	1.446E-50	0	87	89	0	87	89	88M
8918	8918	-1.144E+02	1.00	1.983E-50	0	88	89	0	88	89	89M
8919	6167	-1.299E+02	1.00	3.794E-57	0	94	96	0	94	96	95M
8919	8919	-1.296E+02	1.00	5.205E-57	0	95	96	0	95	96	96M
8920	6168	-1.198E+02	1.00	9.810E-53	0	82	84	0	82	84	83M
8920	8920	-1.194E+02	1.00	1.346E-52	0	83	84	0	83	84	84M
8921	6169	-4.739E+02	1.00	1.511E-206	0	297	299	0	297	299	298M
8921	8921	-4.736E+02	1.00	2.070E-206	0	298	299	0	298	299	299M
8922	6170	-1.367E+02	1.00	4.276E-60	0	91	93	0	91	93	92M
8922	8922	-1.364E+02	1.00	5.867E-60	0	92	93	0	92	93	93M
8923	6171	-3.555E+02	1.00	3.966E-155	0	254	256	0	254	256	255M
8923	8923	-3.552E+02	1.00	5.436E-155	0	255	256	0	255	256	256M
8924	6172	-6.482E+02	1.00	2.942E-282	0	430	432	0	430	432	431M
8924	8924	-6.479E+02	1.00	4.032E-282	0	431	432	0	431	432	432M
8925	6173	-1.343E+02	1.00	4.535E-59	0	94	96	0	94	96	95M
8925	8925	-1.340E+02	1.00	6.222E-59	0	95	96	0	95	96	96M
8926	6174	-2.764E+02	1.00	9.376E-121	0	207	209	0	207	209	208M
8926	8926	-2.761E+02	1.00	1.285E-120	0	208	209	0	208	209	209M
8927	6175	-7.084E+02	1.00	0.000E+00	0	591	593	0	591	593	592M
8927	8927	-7.084E+02	1.00	0.000E+00	0	592	593	0	592	593	593M
8928	6176	-1.521E+02	1.00	8.664E-67	0	99	101	0	99	101	100M
8928	8928	-1.518E+02	1.00	1.188E-66	0	100	101	0	100	101	101M
8929	6177	-2.678E+02	1.00	4.847E-117	0	181	183	0	181	183	182M
8929	8929	-2.675E+02	1.00	6.645E-117	0	182	183	0	182	183	183M
8930	6178	-5.591E+02	1.00	1.485E-243	0	375	377	0	375	377	376M
8930	8930	-5.588E+02	1.00	2.036E-243	0	376	377	0	376	377	377M
8931	6179	-1.307E+02	1.00	1.739E-57	0	91	93	0	91	93	92M
8931	8931	-1.304E+02	1.00	2.386E-57	0	92	93	0	92	93	93M
8932	6180	-7.084E+02	1.00	0.000E+00	0	511	513	0	511	513	512M
8932	8932	-7.084E+02	1.00	0.000E+00	0	512	513	0	512	513	513M
8933	6181	-7.084E+02	1.00	0.000E+00	0	662	664	0	662	664	663M
8933	8933	-7.084E+02	1.00	0.000E+00	0	663	664	0	663	664	664M
8934	6182	-2.454E+02	1.00	2.759E-107	0	169	171	0	169	171	170M
8934	8934	-2.450E+02	1.00	3.783E-107	0	170	171	0	170	171	171M
8935	6183	-8.832E+01	1.00	4.399E-39	0	65	67	0	65	67	66M
8935	8935	-8.800E+01	1.00	6.039E-39	0	66	67	0	66	67	67M
8936	6184	-4.089E+02	1.00	2.698E-178	0	266	268	0	266	268	267M
8936	8936	-4.086E+02	1.00	3.698E-178	0	267	268	0	267	268	268M
8937	6185	-4.492E+02	1.00	8.277E-196	0	300	302	0	300	302	301M
8937	8937	-4.489E+02	1.00	1.134E-195	0	301	302	0	301	302	302M
8938	6186	-1.053E+02	1.00	1.893E-46	0	74	76	0	74	76	75M
8938	8938	-1.050E+02	1.00	2.597E-46	0	75	76	0	75	76	76M
8939	6187	-2.219E+02	1.00	4.180E-97	0	151	153	0	151	153	152M
8939	8939	-2.216E+02	1.00	5.732E-97	0	152	153	0	152	153	153M
8940	6188	-3.056E+02	1.00	1.942E-133	0	203	205	0	203	205	204M
8940	8940	-3.053E+02	1.00	2.662E-133	0	204	205	0	204	205	205M
8941	6189	-7.332E+02	1.00	3.833E-319	0	480	482	0	480	482	481M
8941	8941	-7.329E+02	1.00	5.253E-319	0	481	482	0	481	482	482M
8942	6190	-1.629E+02	1.00	1.787E-71	0	111	113	0	111	113	112M
8942	8942	-1.626E+02	1.00	2.451E-71	0	112	113	0	112	113	113M
8943	6191	-2.763E+02	1.00	1.002E-120	0	195	197	0	195	197	196M
8943	8943	-2.760E+02	1.00	1.373E-120	0	196	197	0	196	197	197M
8944	6192	-4.521E+02	1.00	4.530E-197	0	312	314	0	312	314	313M
8944	8944	-4.518E+02	1.00	6.208E-197	0	313	314	0	313	314	314M
8945	6193	-2.014E+02	1.00	3.275E-88	0	137	139	0	137	139	138M
8945	8945	-2.011E+02	1.00	4.491E-88	0	138	139	0	138	139	139M
8946	6194	-4.679E+02	1.00	6.319E-204	0	298	300	0	298	300	299M
8946	8946	-4.676E+02	1.00	8.660E-204	0	299	300	0	299	300	300M
8947	6195	-4.776E+02	1.00	3.710E-208	0	312	314	0	312	314	313M
8947	8947	-4.773E+02	1.00	5.085E-208	0	313	314	0	313	314	314M
8948	6196	-5.064E+02	1.00	1.162E-220	0	350	352	0	350	352	351M
8948	8948	-5.061E+02	1.00	1.593E-220	0	351	352	0	351	352	352M
8949	6197	-7.084E+02	1.00	0.000E+00	0	761	763	0	761	763	762M
8949	8949	-7.084E+02	1.00	0.000E+00	0	762	763	0	762	763	763M
8950	6198	-1.101E+02	1.00	1.583E-48	0	86	88	0	86	88	87M
8950	8950	-1.097E+02	1.00	2.173E-48	0	87	88	0	87	88	88M
8951	6199	-3.850E+02	1.00	6.105E-168	0	277	279	0	277	279	278M
8951	8951	-3.847E+02	1.00	8.367E-168	0	278	279	0	278	279	279M
8952	6200	-3.180E+02	1.00	7.776E-139	0	227	229	0	227	229	228M
8952	8952	-3.177E+02	1.00	1.066E-138	0	228	229	0	228	229	229M
8953	6201	-3.498E+02	1.00	1.201E-152	0	228	230	0	228	230	229M
8953	8953	-3.495E+02	1.00	1.646E-152	0	229	230	0	229	230	230M
8954	4212	-9.257E+01	0.467	6.286E-41	0	150	152	0	151	157	128M1D23M
8954	6202	-2.220E+02	1.00	3.984E-97	0	150	152	0	150	152	151M
8954	8954	-2.217E+02	1.00	5.463E-97	0	151	152	0	151	152	152M
8955	6203	-2.687E+02	1.00	2.032E-117	0	176	178	0	176	178	177M
8955	8955	-2.684E+02	1.00	2.785E-117	0	177	178	0	177	178	178M
8956	6204	-3.865E+02	1.00	1.445E-168	0	253	255	0	253	255	254M
8956	8956	-3.862E+02	1.00	1.981E-168	0	254	255	0	254	255	255M
8957	6205	-5.252E+02	1.00	8.134E-229	0	346	348	0	346	348	347M
8957	8957	-5.249E+02	1.00	1.115E-228	0	347	348	0	347	348	348M
8958	6206	-7.084E+02	1.00	0.000E+00	0	491	493	0	491	493	492M
8958	8958	-7.084E+02	1.00	0.000E+00	0	492	493	0	492	493	493M
8959	6207	-1.959E+02	1.00	8.145E-86	0	127	129	0	127	129	128M
8959	8959	-1.956E+02	1.00	1.117E-85	0	128	129	0	128	129	129M
8960	6208	-5.165E+02	1.00	4.832E-225	0	323	325	0	323	325	324M
8960	8960	-5.162E+02	1.00	6.622E-225	0	324	325	0	324	325	325M
8961	6209	-3.426E+02	1.00	1.639E-149	0	214	216	0	214	216	215M
8961	8961	-3.423E+02	1.00	2.247E-149	0	215	216	0	215	216	216M
8962	6210	-2.349E+02	1.00	9.542E-103	0	150	152	0	150	152	151M
8962	8962	-2.346E+02	1.00	1.308E-102	0	151	152	0	151	152	152M
8963	6211	-9.713E+01	1.00	6.592E-43	0	60	62	0	60	62	61M
8963	8963	-9.681E+01	1.00	9.048E-43	0	61	62	0	61	62	62M
8964	6212	-9.434E+01	1.00	1.071E-41	0	65	67	0	65	67	66M
8964	8964	-9.402E+01	1.00	1.470E-41	0	66	67	0	66	67	67M
8965	6213	-1.737E+02	1.00	3.679E-76	0	123	125	0	123	125	124M
8965	8965	-1.734E+02	1.00	5.046E-76	0	124	125	0	124	125	125M
8966	6214	-9.315E+01	1.00	3.506E-41	0	76	78	0	76	78	77M
8966	8966	-9.284E+01	1.00	4.811E-41	0	77	78	0	77	78	78M
8967	255	-5.123E+01	0.328	5.665E-23	20	226	230	22	208	222	19M1I23M12I16M4I21M1I63M2I45M
8967	6215	-3.517E+02	1.00	1.810E-153	0	228	230	0	228	230	229M
8967	8967	-3.514E+02	1.00	2.481E-153	0	229	230	0	229	230	230M
8968	6216	-1.219E+02	1.00	1.160E-53	0	90	92	0	90	92	91M
8968	8968	-1.216E+02	1.00	1.592E-53	0	91	92	0	91	92	92M
8969	6217	-1.621E+02	1.00	4.182E-71	0	109	111	0	109	111	110M
8969	8969	-1.617E+02	1.00	5.736E-71	0	110	111	0	110	111	111M
8970	6218	-3.972E+02	1.00	3.139E-173	0	266	268	0	266	268	267M
8970	8970	-3.969E+02	1.00	4.303E-173	0	267	268	0	267	268	268M
8971	6219	-1.209E+02	1.00	3.212E-53	0	85	87	0	85	87	86M
8971	8971	-1.206E+02	1.00	4.408E-53	0	86	87	0	86	87	87M
8972	6220	-1.612E+02	1.00	1.028E-70	0	108	110	0	108	110	109M
8972	8972	-1.608E+02	1.00	1.410E-70	0	109	110	0	109	110	110M
8973	3595	-3.224E+01	0.378	9.928E-15	21	122	124	6	106	108	12M1I31M1I11M1D46M
8973	6221	-1.785E+02	1.00	3.069E-78	0	122	124	0	122	124	123M
8973	8973	-1.782E+02	1.00	4.209E-78	0	123	124	0	123	124	124M
8974	163	-1.612E+02	0.477	1.008E-70	0	224	227	0	225	229	103M1D122M
8974	6222	-3.500E+02	1.00	1.041E-152	0	225	227	0	225	227	226M
8974	8974	-3.496E+02	1.00	1.427E-152	0	226	227	0	226	227	227M
8975	6223	-5.122E+02	1.00	3.603E-223	0	341	343	0	341	343	342M
8975	8975	-5.119E+02	1.00	4.938E-223	0	342	343	0	342	343	343M
8976	6224	-1.448E+02	1.00	1.335E-63	0	94	96	0	94	96	95M
8976	8976	-1.445E+02	1.00	1.831E-63	0	95	96	0	95	96	96M
8977	6225	-8.139E+01	1.00	4.501E-36	0	58	60	0	58	60	59M
8977	8977	-8.107E+01	1.00	6.179E-36	0	59	60	0	59	60	60M
8978	6226	-2.718E+02	1.00	9.084E-119	0	177	179	0	177	179	178M
8978	8978	-2.715E+02	1.00	1.245E-118	0	178	179	0	178	179	179M
8979	6227	-2.716E+02	1.00	1.109E-118	0	168	170	0	168	170	169M
8979	8979	-2.713E+02	1.00	1.520E-118	0	169	170	0	169	170	170M
8980	6228	-9.862E+01	1.00	1.481E-43	0	68	70	0	68	70	69M
8980	8980	-9.830E+01	1.00	2.033E-43	0	69	70	0	69	70	70M
8981	6229	-1.001E+02	1.00	3.364E-44	0	70	72	0	70	72	71M
8981	8981	-9.978E+01	1.00	4.617E-44	0	71	72	0	71	72	72M
8982	6230	-7.584E+01	1.00	1.159E-33	0	55	57	0	55	57	56M
8982	8982	-7.552E+01	1.00	1.592E-33	0	56	57	0	56	57	57M
8983	6231	-5.377E+02	1.00	3.155E-234	0	329	331	0	329	331	330M
8983	8983	-5.373E+02	1.00	4.324E-234	0	330	331	0	330	331	331M
8984	6232	-2.141E+02	1.00	1.066E-93	0	150	152	0	150	152	151M
8984	8984	-2.138E+02	1.00	1.461E-93	0	151	152	0	151	152	152M
8985	6233	-4.688E+02	1.00	2.657E-204	0	293	295	0	293	295	294M
8985	8985	-4.684E+02	1.00	3.642E-204	0	294	295	0	294	295	295M
8986	836	-9.429E+01	0.285	1.122E-41	1	377	386	28	412	428	42M1D27M15D31M4I14M5D3M2D16M2I64M1I30M2I90M1I17M5I28M
8986	6234	-5.962E+02	1.00	1.177E-259	0	384	386	0	384	386	385M
8986	8986	-5.959E+02	1.00	1.612E-259	0	385	386	0	385	386	386M
8987	835	-7.084E+02	0.992	0.000E+00	0	660	662	0	660	662	661M
8987	6235	-7.084E+02	1.00	0.000E+00	0	660	662	0	660	662	661M
8987	8987	-7.084E+02	1.00	0.000E+00	0	661	662	0	661	662	662M
8988	834	-7.084E+02	0.998	0.000E+00	0	506	508	0	506	508	507M
8988	6236	-7.084E+02	1.00	0.000E+00	0	506	508	0	506	508	507M
8988	8988	-7.084E+02	1.00	0.000E+00	0	507	508	0	507	508	508M
8989	833	-5.242E+02	0.997	2.307E-228	0	382	384	0	382	384	383M
8989	6237	-5.264E+02	1.00	2.544E-229	0	382	384	0	382	384	383M
8989	8989	-5.260E+02	1.00	3.486E-229	0	383	384	0	383	384	384M
8990	832	-2.472E+02	0.993	4.485E-108	0	164	166	0	164	166	165M
8990	6238	-2.488E+02	1.00	9.256E-109	0	164	166	0	164	166	165M
8990	8990	-2.484E+02	1.00	1.269E-108	0	165	166	0	165	166	166M
8991	831	-5.603E+02	0.997	4.731E-244	0	364	366	0	364	366	365M
8991	6239	-5.606E+02	1.00	3.453E-244	0	364	366	0	364	366	365M
8991	8991	-5.603E+02	1.00	4.731E-244	0	365	366	0	365	366	366M
8992	830	-5.817E+02	0.978	2.261E-253	0	370	372	0	370	372	371M
8992	6240	-5.912E+02	1.00	1.773E-257	0	370	372	0	370	372	371M
8992	8992	-5.909E+02	1.00	2.430E-257	0	371	372	0	371	372	372M
8993	829	-4.385E+02	0.950	3.731E-191	0	300	302	0	300	302	301M
8993	6241	-4.593E+02	1.00	3.448E-200	0	300	302	0	300	302	301M
8993	8993	-4.590E+02	1.00	4.726E-200	0	301	302	0	301	302	302M
8994	828	-2.091E+02	0.993	1.586E-91	0	149	151	0	149	151	150M
8994	6242	-2.107E+02	1.00	3.273E-92	0	149	151	0	149	151	150M
8994	8994	-2.103E+02	1.00	4.488E-92	0	150	151	0	150	151	151M
8995	827	-1.894E+02	1.00	5.346E-83	0	123	126	0	123	126	124M
8995	6243	-1.910E+02	1.00	1.102E-83	0	124	126	0	124	126	125M
8995	8995	-1.907E+02	1.00	1.511E-83	0	125	126	0	125	126	126M
8996	826	-2.539E+02	0.987	5.393E-111	0	162	164	0	162	164	163M
8996	6244	-2.558E+02	1.00	8.117E-112	0	162	164	0	162	164	163M
8996	8996	-2.555E+02	1.00	1.113E-111	0	163	164	0	163	164	164M
8997	825	-6.562E+02	0.995	1.006E-285	0	421	423	0	421	423	422M
8997	6245	-6.581E+02	1.00	1.519E-286	0	421	423	0	421	423	422M
8997	8997	-6.578E+02	1.00	2.082E-286	0	422	423	0	422	423	423M
8998	824	-7.084E+02	0.976	0.000E+00	0	1197	1199	0	1197	1199	1198M
8998	6246	-7.084E+02	1.00	0.000E+00	0	1197	1199	0	1197	1199	1198M
8998	8998	-7.084E+02	1.00	0.000E+00	0	1198	1199	0	1198	1199	1199M
8999	823	-3.343E+02	0.969	6.464E-146	0	229	231	0	229	231	230M
8999	6247	-3.438E+02	1.00	5.036E-150	0	229	231	0	229	231	230M
8999	8999	-3.435E+02	1.00	6.902E-150	0	230	231	0	230	231	231M
9000	822	-5.349E+02	1.00	4.937E-233	0	354	356	0	354	356	355M
9000	6248	-5.349E+02	1.00	4.937E-233	0	354	356	0	354	356	355M
9000	9000	-5.346E+02	1.00	6.766E-233	0	355	356	0	355	356	356M
9001	821	-5.546E+02	0.994	1.391E-241	0	371	373	0	371	373	372M
9001	6249	-5.581E+02	1.00	4.347E-243	0	371	373	0	371	373	372M
9001	9001	-5.577E+02	1.00	5.957E-243	0	372	373	0	372	373	373M
9002	820	-2.200E+02	1.00	2.721E-96	0	144	146	0	144	146	145M
9002	6250	-2.200E+02	1.00	2.721E-96	0	144	146	0	144	146	145M
9002	9002	-2.197E+02	1.00	3.731E-96	0	145	146	0	145	146	146M
9003	819	-1.932E+02	1.00	1.237E-84	0	131	133	0	131	133	132M
9003	6251	-1.932E+02	1.00	1.237E-84	0	131	133	0	131	133	132M
9003	9003	-1.929E+02	1.00	1.696E-84	0	132	133	0	132	133	133M
9004	818	-1.445E+02	0.971	1.753E-63	0	106	108	0	106	108	107M
9004	6252	-1.502E+02	1.00	5.930E-66	0	106	108	0	106	108	107M
9004	9004	-1.499E+02	1.00	8.134E-66	0	107	108	0	107	108	108M
9005	817	-5.021E+02	0.988	8.413E-219	0	354	356	0	354	356	355M
9005	6253	-5.072E+02	1.00	5.441E-221	0	354	356	0	354	356	355M
9005	9005	-5.069E+02	1.00	7.455E-221	0	355	356	0	355	356	356M
9006	816	-2.232E+02	1.00	1.127E-97	0	150	152	0	150	152	151M
9006	6254	-2.232E+02	1.00	1.127E-97	0	150	152	0	150	152	151M
9006	9006	-2.229E+02	1.00	1.546E-97	0	151	152	0	151	152	152M
9007	815	-4.330E+02	0.996	8.635E-189	0	275	277	0	275	277	276M
9007	6255	-4.343E+02	1.00	2.447E-189	0	275	277	0	275	277	276M
9007	9007	-4.340E+02	1.00	3.354E-189	0	276	277	0	276	277	277M
9008	814	-4.026E+02	0.996	1.455E-175	0	259	261	0	259	261	260M
9008	6256	-4.045E+02	1.00	2.194E-176	0	259	261	0	259	261	260M
9008	9008	-4.042E+02	1.00	3.008E-176	0	260	261	0	260	261	261M
9009	813	-4.514E+02	1.00	9.552E-197	0	301	303	0	301	303	302M
9009	6257	-4.514E+02	1.00	9.552E-197	0	301	303	0	301	303	302M
9009	9009	-4.510E+02	1.00	1.309E-196	0	302	303	0	302	303	303M
9010	812	-7.339E+02	0.997	1.839E-319	0	471	473	0	471	473	472M
9010	6258	-7.352E+02	1.00	5.216E-320	0	471	473	0	471	473	472M
9010	9010	-7.349E+02	1.00	7.148E-320	0	472	473	0	472	473	473M
9011	811	-2.223E+02	0.993	2.770E-97	0	149	151	0	149	151	150M
9011	6259	-2.236E+02	1.00	7.835E-98	0	149	151	0	149	151	150M
9011	9011	-2.233E+02	1.00	1.074E-97	0	150	151	0	150	151	151M
9012	810	-7.084E+02	1.00	0.000E+00	0	678	680	0	678	680	679M
9012	6260	-7.084E+02	1.00	0.000E+00	0	678	680	0	678	680	679M
9012	9012	-7.084E+02	1.00	0.000E+00	0	679	680	0	679	680	680M
9013	809	-3.435E+01	1.00	1.210E-15	0	29	31	0	29	40	30M
9013	6261	-3.435E+01	1.00	1.210E-15	0	29	31	0	29	31	30M
9013	9013	-3.403E+01	1.00	1.664E-15	0	30	31	0	30	31	31M
9014	808	-3.069E+02	1.00	5.412E-134	0	216	218	0	216	218	217M
9014	6262	-3.069E+02	1.00	5.412E-134	0	216	218	0	216	218	217M
9014	9014	-3.065E+02	1.00	7.418E-134	0	217	218	0	217	218	218M
9015	807	-4.807E+02	0.993	1.719E-209	0	307	309	0	307	309	308M
9015	6263	-4.842E+02	1.00	5.365E-211	0	307	309	0	307	309	308M
9015	9015	-4.839E+02	1.00	7.353E-211	0	308	309	0	308	309	309M
9016	806	-5.185E+02	0.991	6.375E-226	0	347	349	0	347	349	348M
9016	6264	-5.220E+02	1.00	1.991E-227	0	347	349	0	347	349	348M
9016	9016	-5.217E+02	1.00	2.729E-227	0	348	349	0	348	349	349M
9017	805	-3.383E+02	0.995	1.252E-147	0	239	241	0	239	241	240M
9017	6265	-3.392E+02	1.00	4.862E-148	0	239	241	0	239	241	240M
9017	9017	-3.389E+02	1.00	6.664E-148	0	240	241	0	240	241	241M
9018	804	-4.099E+02	1.00	9.360E-179	0	277	279	0	277	279	278M
9018	6266	-4.099E+02	1.00	9.360E-179	0	277	279	0	277	279	278M
9018	9018	-4.096E+02	1.00	1.283E-178	0	278	279	0	278	279	279M
9019	803	-1.147E+02	1.00	1.595E-50	0	89	91	0	89	91	90M
9019	6267	-1.147E+02	1.00	1.595E-50	0	89	91	0	89	91	90M
9019	9019	-1.143E+02	1.00	2.188E-50	0	90	91	0	90	91	91M
9020	802	-1.429E+02	1.00	8.897E-63	0	94	96	0	94	96	95M
9020	6268	-1.429E+02	1.00	8.897E-63	0	94	96	0	94	96	95M
9020	9020	-1.426E+02	1.00	1.220E-62	0	95	96	0	95	96	96M
9021	6269	-1.862E+02	1.00	1.417E-81	0	133	135	0	133	135	134M
9021	9021	-1.858E+02	1.00	1.943E-81	0	134	135	0	134	135	135M
9022	3335	-3.004E+02	0.995	3.320E-131	0	205	207	0	205	207	206M
9022	6270	-3.023E+02	1.00	5.003E-132	0	205	207	0	205	207	206M
9022	9022	-3.020E+02	1.00	6.858E-132	0	206	207	0	206	207	207M
9023	3334	-7.084E+02	0.996	0.000E+00	0	1009	1011	0	1009	1011	1010M
9023	6271	-7.084E+02	1.00	0.000E+00	0	1009	1011	0	1009	1011	1010M
9023	9023	-7.084E+02	1.00	0.000E+00	0	1010	1011	0	1010	1011	1011M
9024	3333	-4.738E+02	1.00	1.789E-206	0	314	316	0	314	316	315M
9024	6272	-4.738E+02	1.00	1.789E-206	0	314	316	0	314	316	315M
9024	9024	-4.734E+02	1.00	2.452E-206	0	315	316	0	315	316	316M
9025	3332	-3.914E+02	1.00	1.039E-170	0	242	244	0	242	244	243M
9025	6273	-3.914E+02	1.00	1.039E-170	0	242	244	0	242	244	243M
9025	9025	-3.911E+02	1.00	1.424E-170	0	243	244	0	243	244	244M
9026	3331	-4.307E+02	1.00	8.490E-188	0	270	272	0	270	272	271M
9026	6274	-4.307E+02	1.00	8.490E-188	0	270	272	0	270	272	271M
9026	9026	-4.304E+02	1.00	1.164E-187	0	271	272	0	271	272	272M
9027	3330	-2.229E+02	1.00	1.546E-97	0	150	152	0	150	152	151M
9027	6275	-2.229E+02	1.00	1.546E-97	0	150	152	0	150	152	151M
9027	9027	-2.226E+02	1.00	2.119E-97	0	151	152	0	151	152	152M
9028	3329	-4.512E+02	1.00	1.070E-196	0	290	292	0	290	292	291M
9028	6276	-4.512E+02	1.00	1.070E-196	0	290	292	0	290	292	291M
9028	9028	-4.509E+02	1.00	1.466E-196	0	291	292	0	291	292	292M
9029	3328	-4.322E+02	0.982	1.922E-188	0	292	294	0	292	294	293M
9029	6277	-4.407E+02	1.00	3.870E-192	0	292	294	0	292	294	293M
9029	9029	-4.404E+02	1.00	5.304E-192	0	293	294	0	293	294	294M
9030	4372	-7.198E+01	1.00	5.479E-32	0	56	58	339	395	397	57M
9030	5671	-7.198E+01	1.00	5.479E-32	0	56	58	0	56	58	57M
9030	9727	-7.198E+01	1.00	5.479E-32	0	56	58	0	56	58	57M
9031	4971	-6.264E+02	0.993	8.968E-273	0	439	441	0	442	444	104M3D336M
9031	9031	-6.302E+02	1.00	2.047E-274	0	440	441	0	440	441	441M
9032	1942	-4.799E+02	0.522	3.733E-209	0	647	650	0	640	642	37M1I14M7I49M1D20M7I123M2D12M3I59M1D196M2I31M11D26M1D7M1D18M1D24M5I7M
9032	4972	-7.084E+02	1.00	0.000E+00	0	648	650	0	648	650	649M
9032	9032	-7.084E+02	1.00	0.000E+00	0	649	650	0	649	650	650M
9033	1943	-2.929E+02	0.994	6.109E-128	0	184	186	0	184	186	185M
9033	4973	-2.936E+02	1.00	3.250E-128	0	184	186	0	184	186	185M
9033	9033	-2.932E+02	1.00	4.456E-128	0	185	186	0	185	186	186M
9034	1944	-3.068E+02	1.00	5.766E-134	0	204	206	0	204	206	205M
9034	4974	-3.068E+02	1.00	5.766E-134	0	204	206	0	204	206	205M
9034	9034	-3.065E+02	1.00	7.904E-134	0	205	206	0	205	206	206M
9035	1945	-2.650E+02	0.982	8.541E-116	0	175	177	0	175	177	176M
9035	4975	-2.691E+02	1.00	1.413E-117	0	175	177	0	175	177	176M
9035	9035	-2.687E+02	1.00	1.937E-117	0	176	177	0	176	177	177M
9036	1946	-3.164E+02	0.981	3.711E-138	0	220	222	0	220	222	221M
9036	4976	-3.199E+02	1.00	1.156E-139	0	220	222	0	220	222	221M
9036	9036	-3.196E+02	1.00	1.585E-139	0	221	222	0	221	222	222M
9037	1947	-3.933E+02	0.988	1.567E-171	0	262	264	0	262	264	263M
9037	4977	-3.958E+02	1.00	1.258E-172	0	262	264	0	262	264	263M
9037	9037	-3.955E+02	1.00	1.724E-172	0	263	264	0	263	264	264M
9038	1948	-7.084E+02	1.00	0.000E+00	0	482	484	0	482	484	483M
9038	4978	-7.084E+02	1.00	0.000E+00	0	482	484	0	482	484	483M
9038	9038	-7.084E+02	1.00	0.000E+00	0	483	484	0	483	484	484M
9039	1949	-4.404E+02	0.989	5.662E-192	0	280	282	0	280	282	281M
9039	4979	-4.438E+02	1.00	1.766E-193	0	280	282	0	280	282	281M
9039	9039	-4.435E+02	1.00	2.420E-193	0	281	282	0	281	282	282M
9040	1950	-1.257E+02	0.988	2.483E-55	0	89	91	0	89	91	90M
9040	4980	-1.273E+02	1.00	5.107E-56	0	89	91	0	89	91	90M
9040	9040	-1.270E+02	1.00	7.007E-56	0	90	91	0	90	91	91M
9041	1951	-3.404E+02	0.995	1.470E-148	0	227	229	0	227	229	228M
9041	4981	-3.429E+02	1.00	1.180E-149	0	227	229	0	227	229	228M
9041	9041	-3.426E+02	1.00	1.617E-149	0	228	229	0	228	229	229M
9042	1952	-4.054E+02	0.989	8.372E-177	0	272	274	0	272	274	273M
9042	4982	-4.098E+02	1.00	1.014E-178	0	272	274	0	272	274	273M
9042	9042	-4.095E+02	1.00	1.390E-178	0	273	274	0	273	274	274M
9043	1953	-2.011E+02	0.992	4.609E-88	0	131	133	0	131	133	132M
9043	4983	-2.024E+02	1.00	1.303E-88	0	131	133	0	131	133	132M
9043	9043	-2.020E+02	1.00	1.787E-88	0	132	133	0	132	133	133M
9044	1954	-7.084E+02	0.976	0.000E+00	0	643	645	0	643	645	644M
9044	4984	-7.084E+02	1.00	0.000E+00	0	643	645	0	643	645	644M
9044	9044	-7.084E+02	1.00	0.000E+00	0	644	645	0	644	645	645M
9045	1955	-3.898E+02	0.972	5.359E-170	0	250	252	0	250	252	251M
9045	4985	-3.973E+02	1.00	2.771E-173	0	250	252	0	250	252	251M
9045	9045	-3.970E+02	1.00	3.798E-173	0	251	252	0	251	252	252M
9046	1956	-4.758E+02	0.993	2.216E-207	0	330	332	0	330	332	331M
9046	4986	-4.812E+02	1.00	1.045E-209	0	330	332	0	330	332	331M
9046	9046	-4.809E+02	1.00	1.432E-209	0	331	332	0	331	332	332M
9047	1957	-1.360E+02	1.00	8.491E-60	0	105	107	0	105	107	106M
9047	4987	-1.360E+02	1.00	8.491E-60	0	105	107	0	105	107	106M
9047	9047	-1.357E+02	1.00	1.165E-59	0	106	107	0	106	107	107M
9048	1958	-2.254E+02	0.974	1.323E-98	0	158	160	0	158	160	159M
9048	4988	-2.307E+02	1.00	6.187E-101	0	158	160	0	158	160	159M
9048	9048	-2.304E+02	1.00	8.483E-101	0	159	160	0	159	160	160M
9049	1959	-6.138E+02	0.997	2.652E-267	0	405	407	0	405	407	406M
9049	4989	-6.151E+02	1.00	7.520E-268	0	405	407	0	405	407	406M
9049	9049	-6.148E+02	1.00	1.030E-267	0	406	407	0	406	407	407M
9050	1960	-5.406E+02	0.997	1.621E-235	0	353	355	0	353	355	354M
9050	4990	-5.422E+02	1.00	3.354E-236	0	353	355	0	353	355	354M
9050	9050	-5.419E+02	1.00	4.597E-236	0	354	355	0	354	355	355M
9051	2305	-5.117E+02	0.979	5.881E-223	0	338	340	0	338	340	339M
9051	4991	-5.218E+02	1.00	2.454E-227	0	338	340	0	338	340	339M
9051	9051	-5.215E+02	1.00	3.363E-227	0	339	340	0	339	340	340M
9052	2304	-6.126E+02	0.997	8.710E-267	0	390	392	0	390	392	391M
9052	4992	-6.142E+02	1.00	1.802E-267	0	390	392	0	390	392	391M
9052	9052	-6.139E+02	1.00	2.470E-267	0	391	392	0	391	392	392M
9053	2303	-4.829E+02	0.990	1.920E-210	0	314	316	0	314	316	315M
9053	4993	-4.870E+02	1.00	3.190E-212	0	314	316	0	314	316	315M
9053	9053	-4.867E+02	1.00	4.372E-212	0	315	316	0	315	316	316M
9054	2302	-6.362E+02	0.997	5.111E-277	0	405	407	0	405	407	406M
9054	4994	-6.374E+02	1.00	1.449E-277	0	405	407	0	405	407	406M
9054	9054	-6.371E+02	1.00	1.986E-277	0	406	407	0	406	407	407M
9055	2301	-6.573E+02	0.993	3.517E-286	0	439	441	0	439	441	440M
9055	4995	-6.614E+02	1.00	5.857E-288	0	439	441	0	439	441	440M
9055	9055	-6.611E+02	1.00	8.026E-288	0	440	441	0	440	441	441M
9056	2300	-6.279E+02	0.985	2.124E-273	0	408	410	0	408	410	409M
9056	4996	-6.364E+02	1.00	4.292E-277	0	408	410	0	408	410	409M
9056	9056	-6.360E+02	1.00	5.881E-277	0	409	410	0	409	410	410M
9057	2299	-5.786E+02	0.973	5.106E-252	0	376	378	0	376	378	377M
9057	4997	-5.912E+02	1.00	1.715E-257	0	376	378	0	376	378	377M
9057	9057	-5.909E+02	1.00	2.350E-257	0	377	378	0	377	378	378M
9058	2298	-7.404E+02	0.989	2.816E-322	0	467	469	0	467	469	468M
9058	4998	-7.084E+02	1.00	0.000E+00	0	467	469	0	467	469	468M
9058	9058	-7.084E+02	1.00	0.000E+00	0	468	469	0	468	469	469M
9059	2297	-4.441E+02	0.983	1.360E-193	0	308	310	0	308	310	309M
9059	4999	-4.498E+02	1.00	4.676E-196	0	308	310	0	308	310	309M
9059	9059	-4.494E+02	1.00	6.408E-196	0	309	310	0	309	310	310M
9060	2296	-3.810E+02	0.977	3.589E-166	0	263	265	0	263	265	264M
9060	5000	-3.879E+02	1.00	3.491E-169	0	263	265	0	263	265	264M
9060	9060	-3.876E+02	1.00	4.785E-169	0	264	265	0	264	265	265M
9061	2295	-6.490E+02	0.997	1.443E-282	0	435	437	0	435	437	436M
9061	5001	-6.505E+02	1.00	2.987E-283	0	435	437	0	435	437	436M
9061	9061	-6.502E+02	1.00	4.093E-283	0	436	437	0	436	437	437M
9062	2294	-4.520E+02	0.996	5.150E-197	0	308	310	0	308	310	309M
9062	5002	-4.523E+02	1.00	3.758E-197	0	308	310	0	308	310	309M
9062	9062	-4.520E+02	1.00	5.150E-197	0	309	310	0	309	310	310M
9063	2293	-7.124E+02	0.991	4.155E-310	0	460	462	0	460	462	461M
9063	5003	-7.203E+02	1.00	1.578E-313	0	460	462	0	460	462	461M
9063	9063	-7.199E+02	1.00	2.163E-313	0	461	462	0	461	462	462M
9064	2802	-7.013E+02	0.993	2.645E-305	0	454	456	0	454	456	455M
9064	5004	-7.045E+02	1.00	1.133E-306	0	454	456	0	454	456	455M
9064	9064	-7.042E+02	1.00	1.552E-306	0	455	456	0	455	456	456M
9065	2801	-4.901E+02	0.973	1.353E-213	0	334	336	0	334	336	335M
9065	5005	-5.012E+02	1.00	2.195E-218	0	334	336	0	334	336	335M
9065	9065	-5.009E+02	1.00	3.008E-218	0	335	336	0	335	336	336M
9066	2800	-5.537E+02	0.997	3.447E-241	0	350	352	0	350	352	351M
9066	5006	-5.553E+02	1.00	7.131E-242	0	350	352	0	350	352	351M
9066	9066	-5.549E+02	1.00	9.773E-242	0	351	352	0	351	352	352M
9067	1978	-7.763E+01	0.356	1.922E-34	2	201	203	7	211	213	91M5D109M
9067	5007	-2.722E+02	1.00	5.852E-119	0	201	203	0	201	203	202M
9067	9067	-2.719E+02	1.00	8.023E-119	0	202	203	0	202	203	203M
9068	3301	-3.709E+01	0.271	7.795E-17	5	281	291	2	288	292	74M1I73M4D8M4D15M2D10M4D8M1D9M6I35M6D6M4I28M
9068	5008	-4.387E+02	1.00	3.053E-191	0	289	291	0	289	291	290M
9068	9068	-4.384E+02	1.00	4.184E-191	0	290	291	0	290	291	291M
9069	2799	-5.025E+02	1.00	6.143E-219	0	327	329	0	327	329	328M
9069	5009	-5.025E+02	1.00	6.143E-219	0	327	329	0	327	329	328M
9069	9069	-5.021E+02	1.00	8.418E-219	0	328	329	0	328	329	329M
9070	2798	-5.375E+02	0.994	3.739E-234	0	346	348	0	346	348	347M
9070	5010	-5.400E+02	1.00	3.005E-235	0	346	348	0	346	348	347M
9070	9070	-5.397E+02	1.00	4.119E-235	0	347	348	0	347	348	348M
9071	4304	-2.353E+02	1.00	6.584E-103	0	162	164	0	162	164	163M
9071	5011	-2.353E+02	1.00	6.584E-103	0	162	164	0	162	164	163M
9071	9071	-2.350E+02	1.00	9.027E-103	0	163	164	0	163	164	164M
9072	4305	-3.102E+02	0.958	1.852E-135	0	216	220	0	216	218	217M
9072	5012	-3.276E+02	1.00	5.430E-143	0	218	220	0	218	220	219M
9072	9072	-3.273E+02	1.00	7.444E-143	0	219	220	0	219	220	220M
9073	5013	-7.084E+02	1.00	0.000E+00	0	894	896	0	894	896	895M
9073	9073	-7.084E+02	1.00	0.000E+00	0	895	896	0	895	896	896M
9074	5014	-1.185E+02	1.00	3.411E-52	0	88	90	0	88	90	89M
9074	9074	-1.182E+02	1.00	4.680E-52	0	89	90	0	89	90	90M
9075	3048	-4.123E+02	0.968	8.363E-180	0	285	288	0	285	288	286M
9075	5015	-4.272E+02	1.00	3.080E-186	0	286	288	0	286	288	287M
9075	9075	-4.268E+02	1.00	4.222E-186	0	287	288	0	287	288	288M
9076	3049	-4.415E+02	0.966	1.814E-192	0	296	298	0	296	298	297M
9076	5016	-4.557E+02	1.00	1.255E-198	0	296	298	0	296	298	297M
9076	9076	-4.554E+02	1.00	1.720E-198	0	297	298	0	297	298	298M
9077	3050	-7.084E+02	0.989	0.000E+00	7	973	975	6	972	974	967M
9077	5017	-7.084E+02	1.00	0.000E+00	0	973	975	0	973	975	974M
9077	9077	-7.084E+02	1.00	0.000E+00	0	974	975	0	974	975	975M
9078	5018	-1.600E+02	1.00	3.143E-70	0	118	120	0	118	120	119M
9078	9078	-1.597E+02	1.00	4.311E-70	0	119	120	0	119	120	120M
9079	5019	-4.397E+02	1.00	1.064E-191	0	280	282	0	280	282	281M
9079	9079	-4.394E+02	1.00	1.458E-191	0	281	282	0	281	282	282M
9080	2872	-4.749E+02	0.453	5.945E-207	14	786	804	12	794	795	39M1I14M1D21M1I27M2D33M6D9M8I44M4D64M3D11M2D75M1D42M2D118M1I105M2D20M1I8M1I130M
9080	5020	-7.084E+02	1.00	0.000E+00	0	802	804	0	802	804	803M
9080	9080	-7.084E+02	1.00	0.000E+00	0	803	804	0	803	804	804M
9081	5021	-1.704E+02	1.00	1.003E-74	0	113	115	0	113	115	114M
9081	9081	-1.701E+02	1.00	1.375E-74	0	114	115	0	114	115	115M
9082	5022	-5.223E+02	1.00	1.416E-227	0	333	335	0	333	335	334M
9082	9082	-5.220E+02	1.00	1.940E-227	0	334	335	0	334	335	335M
9083	5023	-2.387E+02	1.00	2.083E-104	0	169	171	0	169	171	170M
9083	9083	-2.384E+02	1.00	2.856E-104	0	170	171	0	170	171	171M
9084	5024	-7.568E+01	1.00	1.352E-33	0	58	60	0	58	60	59M
9084	9084	-7.537E+01	1.00	1.856E-33	0	59	60	0	59	60	60M
9085	5025	-7.084E+02	1.00	0.000E+00	0	667	669	0	667	669	668M
9085	9085	-7.084E+02	1.00	0.000E+00	0	668	669	0	668	669	669M
9086	5026	-4.781E+02	1.00	2.274E-208	0	315	317	0	315	317	316M
9086	9086	-4.778E+02	1.00	3.117E-208	0	316	317	0	316	317	317M
9087	5027	-7.084E+02	1.00	0.000E+00	0	627	629	0	627	629	628M
9087	9087	-7.084E+02	1.00	0.000E+00	0	628	629	0	628	629	629M
9088	5028	-3.600E+02	1.00	4.388E-157	0	232	234	0	232	234	233M
9088	9088	-3.597E+02	1.00	6.014E-157	0	233	234	0	233	234	234M
9089	5029	-1.027E+02	1.00	2.381E-45	0	74	76	0	74	76	75M
9089	9089	-1.024E+02	1.00	3.268E-45	0	75	76	0	75	76	76M
9090	5030	-4.761E+02	1.00	1.688E-207	0	304	306	0	304	306	305M
9090	9090	-4.758E+02	1.00	2.313E-207	0	305	306	0	305	306	306M
9091	5031	-7.084E+02	1.00	0.000E+00	0	1101	1103	0	1101	1103	1102M
9091	9091	-7.084E+02	1.00	0.000E+00	0	1102	1103	0	1102	1103	1103M
9092	5032	-4.524E+02	1.00	3.387E-197	0	279	281	0	279	281	280M
9092	9092	-4.521E+02	1.00	4.642E-197	0	280	281	0	280	281	281M
9093	5033	-7.084E+02	1.00	0.000E+00	0	636	638	0	636	638	637M
9093	9093	-7.084E+02	1.00	0.000E+00	0	637	638	0	637	638	638M
9094	5034	-7.084E+02	1.00	0.000E+00	0	778	780	0	778	780	779M
9094	9094	-7.084E+02	1.00	0.000E+00	0	779	780	0	779	780	780M
9095	3978	-6.661E+02	0.997	5.317E-290	0	426	428	0	426	428	427M
9095	5035	-6.677E+02	1.00	1.100E-290	0	426	428	0	426	428	427M
9095	9095	-6.673E+02	1.00	1.508E-290	0	427	428	0	427	428	428M
9096	3977	-5.298E+01	1.00	9.756E-24	0	43	45	0	43	45	44M
9096	5036	-5.298E+01	1.00	9.756E-24	0	43	45	0	43	45	44M
9096	9096	-5.267E+01	1.00	1.340E-23	0	44	45	0	44	45	45M
9097	3976	-7.084E+02	0.998	0.000E+00	0	943	945	0	943	945	944M
9097	5037	-7.084E+02	1.00	0.000E+00	0	943	945	0	943	945	944M
9097	9097	-7.084E+02	1.00	0.000E+00	0	944	945	0	944	945	945M
9098	4010	-3.516E+02	1.00	2.021E-153	0	237	239	0	237	239	238M
9098	5038	-3.516E+02	1.00	2.021E-153	0	237	239	0	237	239	238M
9098	9098	-3.513E+02	1.00	2.770E-153	0	238	239	0	238	239	239M
9099	4011	-7.084E+02	0.998	0.000E+00	0	548	550	0	548	550	549M
9099	5039	-7.084E+02	1.00	0.000E+00	0	548	550	0	548	550	549M
9099	9099	-7.084E+02	1.00	0.000E+00	0	549	550	0	549	550	550M
9100	4012	-1.702E+02	1.00	1.161E-74	0	116	118	0	116	118	117M
9100	5040	-1.702E+02	1.00	1.161E-74	0	116	118	0	116	118	117M
9100	9100	-1.699E+02	1.00	1.592E-74	0	117	118	0	117	118	118M
9101	4013	-7.011E+02	0.993	3.254E-305	0	472	474	0	472	474	473M
9101	5041	-7.049E+02	1.00	7.428E-307	0	472	474	0	472	474	473M
9101	9101	-7.046E+02	1.00	1.018E-306	0	473	474	0	473	474	474M
9102	1157	-2.564E+02	0.994	4.354E-112	0	182	184	0	182	184	183M
9102	5042	-2.567E+02	1.00	3.176E-112	0	182	184	0	182	184	183M
9102	9102	-2.564E+02	1.00	4.354E-112	0	183	184	0	183	184	184M
9103	1158	-3.412E+02	1.00	6.790E-149	0	224	226	0	224	226	225M
9103	5043	-3.412E+02	1.00	6.790E-149	0	224	226	0	224	226	225M
9103	9103	-3.409E+02	1.00	9.308E-149	0	225	226	0	225	226	226M
9104	1159	-7.084E+02	1.00	0.000E+00	0	594	596	0	594	596	595M
9104	5044	-7.084E+02	1.00	0.000E+00	0	594	596	0	594	596	595M
9104	9104	-7.084E+02	1.00	0.000E+00	0	595	596	0	595	596	596M
9105	1160	-2.593E+02	1.00	2.454E-113	0	168	170	0	168	170	169M
9105	5045	-2.593E+02	1.00	2.454E-113	0	168	170	0	168	170	169M
9105	9105	-2.590E+02	1.00	3.364E-113	0	169	170	0	169	170	170M
9106	1161	-7.110E+02	1.00	1.625E-309	0	442	444	0	442	444	443M
9106	5046	-7.110E+02	1.00	1.625E-309	0	442	444	0	442	444	443M
9106	9106	-7.107E+02	1.00	2.227E-309	0	443	444	0	443	444	444M
9107	1162	-7.084E+02	0.997	0.000E+00	0	893	895	0	893	895	894M
9107	5047	-7.084E+02	1.00	0.000E+00	0	893	895	0	893	895	894M
9107	9107	-7.084E+02	1.00	0.000E+00	0	894	895	0	894	895	895M
9108	1163	-5.061E+02	1.00	1.631E-220	0	337	339	0	337	339	338M
9108	5048	-5.061E+02	1.00	1.631E-220	0	337	339	0	337	339	338M
9108	9108	-5.058E+02	1.00	2.236E-220	0	338	339	0	338	339	339M
9109	1164	-2.837E+02	1.00	6.204E-124	0	179	181	0	179	181	180M
9109	5049	-2.837E+02	1.00	6.204E-124	0	179	181	0	179	181	180M
9109	9109	-2.834E+02	1.00	8.506E-124	0	180	181	0	180	181	181M
9110	1165	-2.304E+02	0.994	8.781E-101	0	172	174	0	172	174	173M
9110	5050	-2.317E+02	1.00	2.485E-101	0	172	174	0	172	174	173M
9110	9110	-2.313E+02	1.00	3.407E-101	0	173	174	0	173	174	174M
9111	1166	-1.349E+02	1.00	2.475E-59	0	101	103	0	101	103	102M
9111	5051	-1.349E+02	1.00	2.475E-59	0	101	103	0	101	103	102M
9111	9111	-1.346E+02	1.00	3.395E-59	0	102	103	0	102	103	103M
9112	1167	-7.084E+02	1.00	0.000E+00	0	628	630	0	628	630	629M
9112	5052	-7.084E+02	1.00	0.000E+00	0	628	630	0	628	630	629M
9112	9112	-7.084E+02	1.00	0.000E+00	0	629	630	0	629	630	630M
9113	1168	-7.084E+02	1.00	0.000E+00	0	531	533	0	531	533	532M
9113	5053	-7.084E+02	1.00	0.000E+00	0	531	533	0	531	533	532M
9113	9113	-7.084E+02	1.00	0.000E+00	0	532	533	0	532	533	533M
9114	1169	-6.977E+02	1.00	9.367E-304	0	497	499	0	497	499	498M
9114	5054	-6.977E+02	1.00	9.367E-304	0	497	499	0	497	499	498M
9114	9114	-6.974E+02	1.00	1.283E-303	0	498	499	0	498	499	499M
9115	1170	-3.046E+02	1.00	5.083E-133	0	210	212	0	210	212	211M
9115	5055	-3.046E+02	1.00	5.083E-133	0	210	212	0	210	212	211M
9115	9115	-3.043E+02	1.00	6.968E-133	0	211	212	0	211	212	212M
9116	1171	-1.387E+02	0.979	5.984E-61	0	96	98	0	96	98	97M
9116	5056	-1.393E+02	1.00	3.179E-61	0	96	98	0	96	98	97M
9116	9116	-1.390E+02	1.00	4.362E-61	0	97	98	0	97	98	98M
9117	1172	-4.476E+02	1.00	4.139E-195	0	294	296	0	294	296	295M
9117	5057	-4.476E+02	1.00	4.139E-195	0	294	296	0	294	296	295M
9117	9117	-4.473E+02	1.00	5.673E-195	0	295	296	0	295	296	296M
9118	1173	-3.878E+02	0.996	3.906E-169	0	252	254	0	252	254	253M
9118	5058	-3.897E+02	1.00	5.890E-170	0	252	254	0	252	254	253M
9118	9118	-3.894E+02	1.00	8.073E-170	0	253	254	0	253	254	254M
9119	1174	-2.190E+02	1.00	7.555E-96	0	139	141	0	139	141	140M
9119	5059	-2.190E+02	1.00	7.555E-96	0	139	141	0	139	141	140M
9119	9119	-2.187E+02	1.00	1.036E-95	0	140	141	0	140	141	141M
9120	1175	-1.021E+02	1.00	4.485E-45	0	74	76	0	74	76	75M
9120	5060	-1.021E+02	1.00	4.485E-45	0	74	76	0	74	76	75M
9120	9120	-1.018E+02	1.00	6.155E-45	0	75	76	0	75	76	76M
9121	1176	-7.084E+02	0.989	0.000E+00	0	557	559	0	557	559	558M
9121	5061	-7.084E+02	1.00	0.000E+00	0	557	559	0	557	559	558M
9121	9121	-7.084E+02	1.00	0.000E+00	0	558	559	0	558	559	559M
9122	1177	-6.283E+01	0.982	5.142E-28	0	55	57	0	55	57	56M
9122	5062	-6.410E+01	1.00	1.445E-28	0	55	57	0	55	57	56M
9122	9122	-6.379E+01	1.00	1.985E-28	0	56	57	0	56	57	57M
9123	1178	-6.025E+02	0.984	2.210E-262	0	398	400	0	398	400	399M
9123	5063	-6.132E+02	1.00	4.921E-267	0	398	400	0	398	400	399M
9123	9123	-6.129E+02	1.00	6.744E-267	0	399	400	0	399	400	400M
9124	1179	-4.420E+02	0.969	1.097E-192	0	292	294	10	302	304	293M
9124	5064	-4.527E+02	1.00	2.431E-197	0	292	294	0	292	294	293M
9124	9124	-4.524E+02	1.00	3.331E-197	0	293	294	0	293	294	294M
9125	1180	-5.270E+02	0.984	1.407E-229	0	376	378	0	382	384	21M6D356M
9125	5065	-5.320E+02	1.00	9.103E-232	0	376	378	0	376	378	377M
9125	9125	-5.317E+02	1.00	1.247E-231	0	377	378	0	377	378	378M
9126	1181	-7.084E+02	0.996	0.000E+00	0	546	548	0	546	548	547M
9126	5066	-7.084E+02	1.00	0.000E+00	0	546	548	0	546	548	547M
9126	9126	-7.084E+02	1.00	0.000E+00	0	547	548	0	547	548	548M
9127	1182	-2.826E+02	1.00	1.792E-123	0	188	190	0	188	190	189M
9127	5067	-2.826E+02	1.00	1.792E-123	0	188	190	0	188	190	189M
9127	9127	-2.823E+02	1.00	2.457E-123	0	189	190	0	189	190	190M
9128	1183	-2.928E+02	0.995	6.747E-128	0	206	208	0	206	208	207M
9128	5068	-2.941E+02	1.00	1.911E-128	0	206	208	0	206	208	207M
9128	9128	-2.938E+02	1.00	2.619E-128	0	207	208	0	207	208	208M
9129	2852	-8.092E+01	1.00	7.202E-36	0	61	63	0	61	63	62M
9129	5069	-8.092E+01	1.00	7.202E-36	0	61	63	0	61	63	62M
9129	9129	-8.060E+01	1.00	9.888E-36	0	62	63	0	62	63	63M
9130	2851	-7.084E+02	0.998	0.000E+00	0	686	688	0	686	688	687M
9130	5070	-7.084E+02	1.00	0.000E+00	0	686	688	0	686	688	687M
9130	9130	-7.084E+02	1.00	0.000E+00	0	687	688	0	687	688	688M
9131	2850	-2.118E+02	0.987	1.053E-92	0	165	167	0	165	167	166M
9131	5071	-2.153E+02	1.00	3.273E-94	0	165	167	0	165	167	166M
9131	9131	-2.149E+02	1.00	4.488E-94	0	166	167	0	166	167	167M
9132	2849	-6.105E+02	0.982	7.120E-266	0	408	410	0	408	410	409M
9132	5072	-6.190E+02	1.00	1.440E-269	0	408	410	0	408	410	409M
9132	9132	-6.187E+02	1.00	1.973E-269	0	409	410	0	409	410	410M
9133	2847	-4.403E+02	0.986	6.313E-192	0	289	291	0	289	291	290M
9133	5073	-4.472E+02	1.00	6.145E-195	0	289	291	0	289	291	290M
9133	9133	-4.469E+02	1.00	8.422E-195	0	290	291	0	290	291	291M
9134	2846	-2.798E+02	0.989	2.923E-122	2	187	189	0	185	187	186M
9134	5074	-2.843E+02	1.00	3.529E-124	0	187	189	0	187	189	188M
9134	9134	-2.839E+02	1.00	4.838E-124	0	188	189	0	188	189	189M
9135	1377	-2.769E+02	0.994	5.588E-121	0	196	198	0	196	198	197M
9135	5075	-2.775E+02	1.00	2.973E-121	0	196	198	0	196	198	197M
9135	9135	-2.772E+02	1.00	4.076E-121	0	197	198	0	197	198	198M
9136	1376	-2.943E+02	1.00	1.527E-128	0	188	190	0	188	190	189M
9136	5076	-2.943E+02	1.00	1.527E-128	0	188	190	0	188	190	189M
9136	9136	-2.940E+02	1.00	2.094E-128	0	189	190	0	189	190	190M
9137	1375	-2.548E+02	0.463	2.279E-111	0	491	493	0	448	450	112M9I74M5I16M15D9M1D54M8I6M28I7M7I35M1D19M2I27M1D22M4I8M2D12M1D23M1I4M
9137	5077	-7.390E+02	1.00	1.176E-321	0	491	493	0	491	493	492M
9137	9137	-7.387E+02	1.00	1.611E-321	0	492	493	0	492	493	493M
9138	1374	-6.150E+02	0.649	8.506E-268	0	676	678	0	696	698	309M1D9M7D19M7D21M3I5M2D9M1I127M3I39M6D6M1I3M8D7M1D33M9D20M9I14M4I35M
9138	5078	-7.084E+02	1.00	0.000E+00	0	676	678	0	676	678	677M
9138	9138	-7.084E+02	1.00	0.000E+00	0	677	678	0	677	678	678M
9139	1373	-3.571E+02	0.979	7.981E-156	0	240	242	0	240	242	241M
9139	5079	-3.634E+02	1.00	1.456E-158	0	240	242	0	240	242	241M
9139	9139	-3.631E+02	1.00	1.996E-158	0	241	242	0	241	242	242M
9140	1372	-7.084E+02	0.965	0.000E+00	0	802	804	0	802	804	803M
9140	5080	-7.084E+02	1.00	0.000E+00	0	802	804	0	802	804	803M
9140	9140	-7.084E+02	1.00	0.000E+00	0	803	804	0	803	804	804M
9141	1371	-4.488E+02	0.981	1.275E-195	0	316	318	0	316	318	317M
9141	5081	-4.614E+02	1.00	4.278E-201	0	316	318	0	316	318	317M
9141	9141	-4.611E+02	1.00	5.862E-201	0	317	318	0	317	318	318M
9142	1370	-4.924E+02	0.996	1.433E-214	0	313	315	0	313	315	314M
9142	5082	-4.933E+02	1.00	5.569E-215	0	313	315	0	313	315	314M
9142	9142	-4.930E+02	1.00	7.632E-215	0	314	315	0	314	315	315M
9143	1369	-3.836E+02	1.00	2.658E-167	0	268	270	0	268	270	269M
9143	5083	-3.836E+02	1.00	2.658E-167	0	268	270	0	268	270	269M
9143	9143	-3.832E+02	1.00	3.643E-167	0	269	270	0	269	270	270M
9144	1368	-6.745E+02	1.00	1.146E-293	0	468	470	0	468	470	469M
9144	5084	-6.745E+02	1.00	1.146E-293	0	468	470	0	468	470	469M
9144	9144	-6.742E+02	1.00	1.570E-293	0	469	470	0	469	470	470M
9145	1367	-3.668E+02	0.975	5.230E-160	0	243	245	0	243	245	244M
9145	5085	-3.762E+02	1.00	4.077E-164	0	243	245	0	243	245	244M
9145	9145	-3.759E+02	1.00	5.589E-164	0	244	245	0	244	245	245M
9146	1366	-3.712E+02	0.984	6.130E-162	0	249	251	0	249	251	250M
9146	5086	-3.753E+02	1.00	1.017E-163	0	249	251	0	249	251	250M
9146	9146	-3.750E+02	1.00	1.394E-163	0	250	251	0	250	251	251M
9147	1365	-3.915E+02	1.00	9.146E-171	0	266	268	0	266	268	267M
9147	5087	-3.915E+02	1.00	9.146E-171	0	266	268	0	266	268	267M
9147	9147	-3.912E+02	1.00	1.253E-170	0	267	268	0	267	268	268M
9148	1364	-3.270E+02	1.00	9.565E-143	0	230	232	0	230	232	231M
9148	5088	-3.270E+02	1.00	9.565E-143	0	230	232	0	230	232	231M
9148	9148	-3.267E+02	1.00	1.311E-142	0	231	232	0	231	232	232M
9149	1363	-7.084E+02	0.995	0.000E+00	0	1148	1150	0	1148	1150	1149M
9149	5089	-7.084E+02	1.00	0.000E+00	0	1148	1150	0	1148	1150	1149M
9149	9149	-7.084E+02	1.00	0.000E+00	0	1149	1150	0	1149	1150	1150M
9150	1362	-4.894E+02	0.988	2.954E-213	0	344	346	0	344	346	345M
9150	5090	-4.938E+02	1.00	3.586E-215	0	344	346	0	344	346	345M
9150	9150	-4.935E+02	1.00	4.914E-215	0	345	346	0	345	346	346M
9151	1361	-7.084E+02	0.998	0.000E+00	9	677	679	0	668	670	669M
9151	5091	-7.084E+02	1.00	0.000E+00	0	677	679	0	677	679	678M
9151	9151	-7.084E+02	1.00	0.000E+00	0	678	679	0	678	679	679M
9152	1360	-2.300E+02	1.00	1.255E-100	0	153	155	0	153	155	154M
9152	5092	-2.300E+02	1.00	1.255E-100	0	153	155	0	153	155	154M
9152	9152	-2.297E+02	1.00	1.721E-100	0	154	155	0	154	155	155M
9153	1359	-5.888E+02	0.997	1.891E-256	0	414	416	0	414	416	415M
9153	5093	-5.901E+02	1.00	5.363E-257	0	414	416	0	414	416	415M
9153	9153	-5.898E+02	1.00	7.348E-257	0	415	416	0	415	416	416M
9154	1358	-7.084E+02	1.00	0.000E+00	0	475	477	0	475	477	476M
9154	5094	-7.084E+02	1.00	0.000E+00	0	475	477	0	475	477	476M
9154	9154	-7.084E+02	1.00	0.000E+00	0	476	477	0	476	477	477M
9155	5095	-4.333E+02	1.00	6.395E-189	0	282	284	0	282	284	283M
9155	9155	-4.330E+02	1.00	8.765E-189	0	283	284	0	283	284	284M
9156	3315	-3.425E+02	0.922	1.829E-149	0	243	245	0	243	245	244M
9156	5096	-3.746E+02	1.00	1.973E-163	0	243	245	0	243	245	244M
9156	9156	-3.743E+02	1.00	2.704E-163	0	244	245	0	244	245	245M
9157	3316	-6.690E+02	0.992	2.978E-291	0	425	427	0	425	427	426M
9157	5097	-6.727E+02	1.00	6.791E-293	0	425	427	0	425	427	426M
9157	9157	-6.724E+02	1.00	9.306E-293	0	426	427	0	426	427	427M
9158	3317	-5.628E+02	0.976	3.759E-245	0	384	386	2	386	388	385M
9158	5098	-5.779E+02	1.00	1.017E-251	0	384	386	0	384	386	385M
9158	9158	-5.776E+02	1.00	1.393E-251	0	385	386	0	385	386	386M
9159	3318	-3.757E+02	0.963	7.079E-164	0	248	250	0	248	250	249M
9159	5099	-3.908E+02	1.00	1.893E-170	0	248	250	0	248	250	249M
9159	9159	-3.905E+02	1.00	2.594E-170	0	249	250	0	249	250	250M
9160	3319	-3.174E+02	0.995	1.419E-138	0	213	215	0	213	219	214M
9160	5100	-3.180E+02	1.00	7.551E-139	0	213	215	0	213	215	214M
9160	9160	-3.177E+02	1.00	1.035E-138	0	214	215	0	214	215	215M
9161	3320	-4.577E+02	0.996	1.612E-199	0	306	308	0	306	308	307M
9161	5101	-4.581E+02	1.00	1.176E-199	0	306	308	0	306	308	307M
9161	9161	-4.577E+02	1.00	1.612E-199	0	307	308	0	307	308	308M
9162	3321	-2.901E+02	1.00	1.033E-126	0	197	199	0	197	199	198M
9162	5102	-2.901E+02	1.00	1.033E-126	0	197	199	0	197	199	198M
9162	9162	-2.898E+02	1.00	1.416E-126	0	198	199	0	198	199	199M
9163	3322	-3.754E+02	1.00	9.391E-164	0	254	256	0	254	256	255M
9163	5103	-3.754E+02	1.00	9.391E-164	0	254	256	0	254	256	255M
9163	9163	-3.751E+02	1.00	1.287E-163	0	255	256	0	255	256	256M
9164	3323	-3.099E+02	1.00	2.461E-135	0	204	206	0	204	206	205M
9164	5104	-3.099E+02	1.00	2.461E-135	0	204	206	0	204	206	205M
9164	9164	-3.096E+02	1.00	3.373E-135	0	205	206	0	205	206	206M
9165	3324	-3.518E+02	0.995	1.618E-153	0	219	221	0	219	221	220M
9165	5105	-3.531E+02	1.00	4.581E-154	0	219	221	0	219	221	220M
9165	9165	-3.528E+02	1.00	6.280E-154	0	220	221	0	220	221	221M
9166	3325	-2.828E+02	1.00	1.554E-123	0	185	187	0	185	187	186M
9166	5106	-2.828E+02	1.00	1.554E-123	0	185	187	0	185	187	186M
9166	9166	-2.825E+02	1.00	2.130E-123	0	186	187	0	186	187	187M
9167	3326	-7.970E+01	1.00	2.431E-35	0	60	62	0	60	62	61M
9167	5107	-7.970E+01	1.00	2.431E-35	0	60	62	0	60	62	61M
9167	9167	-7.939E+01	1.00	3.338E-35	0	61	62	0	61	62	62M
9168	3206	-4.426E+02	0.996	6.173E-193	17	327	329	0	310	312	311M
9168	5108	-4.684E+02	1.00	3.710E-204	0	327	329	0	327	329	328M
9168	9168	-4.681E+02	1.00	5.084E-204	0	328	329	0	328	329	329M
9169	3207	-3.491E+02	1.00	2.436E-152	0	243	245	0	243	245	244M
9169	5109	-3.491E+02	1.00	2.436E-152	0	243	245	0	243	245	244M
9169	9169	-3.488E+02	1.00	3.339E-152	0	244	245	0	244	245	245M
9170	3208	-9.817E+01	1.00	2.325E-43	0	77	79	0	77	79	78M
9170	5110	-9.817E+01	1.00	2.325E-43	0	77	79	0	77	79	78M
9170	9170	-9.785E+01	1.00	3.191E-43	0	78	79	0	78	79	79M
9171	3209	-2.270E+02	1.00	2.482E-99	0	156	158	0	156	158	157M
9171	5111	-2.270E+02	1.00	2.482E-99	0	156	158	0	156	158	157M
9171	9171	-2.267E+02	1.00	3.403E-99	0	157	158	0	157	158	158M
9172	3210	-3.725E+02	0.996	1.603E-162	0	254	256	0	254	256	255M
9172	5112	-3.748E+02	1.00	1.764E-163	0	254	256	0	254	256	255M
9172	9172	-3.744E+02	1.00	2.418E-163	0	255	256	0	255	256	256M
9173	3211	-3.327E+02	1.00	3.230E-145	0	223	225	0	223	225	224M
9173	5113	-3.327E+02	1.00	3.230E-145	0	223	225	0	223	225	224M
9173	9173	-3.324E+02	1.00	4.428E-145	0	224	225	0	224	225	225M
9174	3212	-3.175E+02	0.995	1.311E-138	0	218	220	0	218	220	219M
9174	5114	-3.187E+02	1.00	3.714E-139	0	218	220	0	218	220	219M
9174	9174	-3.184E+02	1.00	5.090E-139	0	219	220	0	219	220	220M
9175	3213	-7.084E+02	0.993	0.000E+00	0	592	594	0	592	594	593M
9175	5115	-7.084E+02	1.00	0.000E+00	0	592	594	0	592	594	593M
9175	9175	-7.084E+02	1.00	0.000E+00	0	593	594	0	593	594	594M
9176	3214	-2.692E+02	0.978	1.211E-117	0	185	187	0	185	187	186M
9176	5116	-2.765E+02	1.00	8.544E-121	0	185	187	0	185	187	186M
9176	9176	-2.762E+02	1.00	1.171E-120	0	186	187	0	186	187	187M
9177	3215	-1.872E+02	1.00	5.120E-82	0	125	127	0	125	127	126M
9177	5117	-1.872E+02	1.00	5.120E-82	0	125	127	0	125	127	126M
9177	9177	-1.869E+02	1.00	7.022E-82	0	126	127	0	126	127	127M
9178	3216	-2.995E+02	1.00	8.664E-131	0	192	194	0	192	194	193M
9178	5118	-2.995E+02	1.00	8.664E-131	0	192	194	0	192	194	193M
9178	9178	-2.992E+02	1.00	1.188E-130	0	193	194	0	193	194	194M
9179	3217	-1.320E+02	1.00	4.806E-58	0	97	99	0	97	99	98M
9179	5119	-1.320E+02	1.00	4.806E-58	0	97	99	0	97	99	98M
9179	9179	-1.317E+02	1.00	6.593E-58	0	98	99	0	98	99	99M
9180	3218	-4.649E+02	1.00	1.275E-202	0	315	317	0	315	317	316M
9180	5120	-4.649E+02	1.00	1.275E-202	0	315	317	0	315	317	316M
9180	9180	-4.646E+02	1.00	1.747E-202	0	316	317	0	316	317	317M
9181	984	-4.346E+02	1.00	1.872E-189	0	276	278	0	276	278	277M
9181	5121	-4.346E+02	1.00	1.872E-189	0	276	278	0	276	278	277M
9181	9181	-4.342E+02	1.00	2.565E-189	0	277	278	0	277	278	278M
9182	983	-2.872E+02	0.989	1.821E-125	0	191	193	0	191	193	192M
9182	5122	-2.891E+02	1.00	2.743E-126	0	191	193	0	191	193	192M
9182	9182	-2.888E+02	1.00	3.761E-126	0	192	193	0	192	193	193M
9183	982	-7.084E+02	0.992	0.000E+00	0	568	570	0	568	570	569M
9183	5123	-7.084E+02	1.00	0.000E+00	0	568	570	0	568	570	569M
9183	9183	-7.084E+02	1.00	0.000E+00	0	569	570	0	569	570	570M
9184	981	-6.198E+02	0.992	6.881E-270	0	426	428	0	426	428	427M
9184	5124	-6.229E+02	1.00	2.949E-271	0	426	428	0	426	428	427M
9184	9184	-6.226E+02	1.00	4.040E-271	0	427	428	0	427	428	428M
9185	980	-7.084E+02	1.00	0.000E+00	0	620	622	0	620	622	621M
9185	5125	-7.084E+02	1.00	0.000E+00	0	620	622	0	620	622	621M
9185	9185	-7.084E+02	1.00	0.000E+00	0	621	622	0	621	622	622M
9186	979	-5.606E+02	0.992	3.411E-244	0	384	386	0	384	386	385M
9186	5126	-5.669E+02	1.00	6.256E-247	0	384	386	0	384	386	385M
9186	9186	-5.666E+02	1.00	8.573E-247	0	385	386	0	385	386	386M
9187	978	-5.279E+02	0.997	5.490E-230	0	349	351	0	349	351	350M
9187	5127	-5.288E+02	1.00	2.133E-230	0	349	351	0	349	351	350M
9187	9187	-5.285E+02	1.00	2.923E-230	0	350	351	0	350	351	351M
9188	977	-3.755E+02	0.983	8.032E-164	0	244	246	0	244	246	245M
9188	5128	-3.828E+02	1.00	5.691E-167	0	244	246	0	244	246	245M
9188	9188	-3.825E+02	1.00	7.801E-167	0	245	246	0	245	246	246M
9189	976	-2.810E+02	1.00	8.938E-123	0	182	184	0	182	184	183M
9189	5129	-2.810E+02	1.00	8.938E-123	0	182	184	0	182	184	183M
9189	9189	-2.807E+02	1.00	1.225E-122	0	183	184	0	183	184	184M
9190	975	-2.330E+02	1.00	6.474E-102	0	157	159	0	157	159	158M
9190	5130	-2.330E+02	1.00	6.474E-102	0	157	159	0	157	159	158M
9190	9190	-2.327E+02	1.00	8.877E-102	0	158	159	0	158	159	159M
9191	974	-2.410E+02	1.00	2.246E-105	0	162	164	0	162	164	163M
9191	5131	-2.410E+02	1.00	2.246E-105	0	162	164	0	162	164	163M
9191	9191	-2.406E+02	1.00	3.079E-105	0	163	164	0	163	164	164M
9192	973	-1.344E+02	1.00	4.188E-59	0	86	88	0	86	88	87M
9192	5132	-1.344E+02	1.00	4.188E-59	0	86	88	0	86	88	87M
9192	9192	-1.341E+02	1.00	5.746E-59	0	87	88	0	87	88	88M
9193	972	-6.279E+02	0.989	1.976E-273	0	393	395	0	393	395	394M
9193	5133	-6.339E+02	1.00	4.961E-276	0	393	395	0	393	395	394M
9193	9193	-6.336E+02	1.00	6.799E-276	0	394	395	0	394	395	395M
9194	971	-5.022E+02	1.00	7.664E-219	0	325	327	0	325	327	326M
9194	5134	-5.022E+02	1.00	7.664E-219	0	325	327	0	325	327	326M
9194	9194	-5.019E+02	1.00	1.050E-218	0	326	327	0	326	327	327M
9195	970	-5.827E+02	0.994	8.384E-254	0	369	371	0	369	371	370M
9195	5135	-5.859E+02	1.00	3.588E-255	0	369	371	0	369	371	370M
9195	9195	-5.856E+02	1.00	4.918E-255	0	370	371	0	370	371	371M
9196	969	-7.084E+02	1.00	0.000E+00	0	547	549	0	547	549	548M
9196	5136	-7.084E+02	1.00	0.000E+00	0	547	549	0	547	549	548M
9196	9196	-7.084E+02	1.00	0.000E+00	0	548	549	0	548	549	549M
9197	968	-4.900E+02	0.966	1.519E-213	0	323	325	0	323	325	324M
9197	5137	-5.086E+02	1.00	1.277E-221	0	323	325	0	323	325	324M
9197	9197	-5.083E+02	1.00	1.750E-221	0	324	325	0	324	325	325M
9198	967	-6.054E+02	1.00	1.230E-263	0	370	372	0	370	372	371M
9198	5138	-6.054E+02	1.00	1.230E-263	0	370	372	0	370	372	371M
9198	9198	-6.051E+02	1.00	1.686E-263	0	371	372	0	371	372	372M
9199	966	-7.249E+02	0.995	1.516E-315	0	482	484	0	482	484	483M
9199	5139	-7.268E+02	1.00	2.291E-316	0	482	484	0	482	484	483M
9199	9199	-7.265E+02	1.00	3.139E-316	0	483	484	0	483	484	484M
9200	965	-4.972E+02	0.996	1.117E-216	0	317	319	0	317	319	318M
9200	5140	-4.976E+02	1.00	8.150E-217	0	317	319	0	317	319	318M
9200	9200	-4.972E+02	1.00	1.117E-216	0	318	319	0	318	319	319M
9201	964	-5.109E+02	0.991	1.271E-222	0	341	343	0	341	343	342M
9201	5141	-5.160E+02	1.00	8.211E-225	0	341	343	0	341	343	342M
9201	9201	-5.157E+02	1.00	1.125E-224	0	342	343	0	342	343	343M
9202	963	-7.084E+02	1.00	0.000E+00	0	540	542	0	540	542	541M
9202	5142	-7.084E+02	1.00	0.000E+00	0	540	542	0	540	542	541M
9202	9202	-7.084E+02	1.00	0.000E+00	0	541	542	0	541	542	542M
9203	962	-2.654E+02	0.994	5.335E-116	8	185	187	0	177	179	178M
9203	5143	-2.777E+02	1.00	2.419E-121	0	185	187	0	185	187	186M
9203	9203	-2.774E+02	1.00	3.316E-121	0	186	187	0	186	187	187M
9204	961	-4.266E+02	0.965	5.520E-186	0	285	287	0	285	287	286M
9204	5144	-4.430E+02	1.00	4.200E-193	0	285	287	0	285	287	286M
9204	9204	-4.426E+02	1.00	5.757E-193	0	286	287	0	286	287	287M
9205	960	-2.337E+02	1.00	3.214E-102	0	149	151	0	149	151	150M
9205	5145	-2.337E+02	1.00	3.214E-102	0	149	151	0	149	151	150M
9205	9205	-2.334E+02	1.00	4.407E-102	0	150	151	0	150	151	151M
9206	959	-6.184E+02	0.997	2.703E-269	0	408	410	0	408	410	409M
9206	5146	-6.197E+02	1.00	7.666E-270	0	408	410	0	408	410	409M
9206	9206	-6.193E+02	1.00	1.051E-269	0	409	410	0	409	410	410M
9207	958	-6.437E+02	0.995	2.812E-280	0	440	442	0	440	442	441M
9207	5147	-6.478E+02	1.00	4.683E-282	0	440	442	0	440	442	441M
9207	9207	-6.475E+02	1.00	6.418E-282	0	441	442	0	441	442	442M
9208	957	-1.803E+02	1.00	4.841E-79	0	123	125	0	123	125	124M
9208	5148	-1.803E+02	1.00	4.841E-79	0	123	125	0	123	125	124M
9208	9208	-1.800E+02	1.00	6.639E-79	0	124	125	0	124	125	125M
9209	956	-2.132E+02	1.00	2.544E-93	0	155	157	0	155	157	156M
9209	5149	-2.132E+02	1.00	2.544E-93	0	155	157	0	155	157	156M
9209	9209	-2.129E+02	1.00	3.488E-93	0	156	157	0	156	157	157M
9210	955	-7.084E+02	0.998	0.000E+00	0	711	713	0	711	713	712M
9210	5150	-7.084E+02	1.00	0.000E+00	0	711	713	0	711	713	712M
9210	9210	-7.084E+02	1.00	0.000E+00	0	712	713	0	712	713	713M
9211	954	-4.732E+01	1.00	2.807E-21	0	37	38	0	37	38	38M
9211	5151	-4.732E+01	1.00	2.807E-21	0	37	38	0	37	38	38M
9211	9211	-4.732E+01	1.00	2.807E-21	0	37	38	0	37	38	38M
9212	3505	-7.084E+02	0.995	0.000E+00	0	817	819	323	1140	1142	818M
9212	5152	-7.084E+02	1.00	0.000E+00	0	817	819	0	817	819	818M
9212	9212	-7.084E+02	1.00	0.000E+00	0	818	819	0	818	819	819M
9213	2733	-1.817E+02	0.992	1.271E-79	0	128	130	0	128	130	129M
9213	5153	-1.829E+02	1.00	3.593E-80	0	128	130	0	128	130	129M
9213	9213	-1.826E+02	1.00	4.927E-80	0	129	130	0	129	130	130M
9214	2734	-2.474E+02	0.889	3.726E-108	0	180	182	0	180	182	181M
9214	5154	-2.748E+02	1.00	4.469E-120	0	180	182	0	180	182	181M
9214	9214	-2.745E+02	1.00	6.127E-120	0	181	182	0	181	182	182M
9215	5155	-3.269E+02	1.00	1.036E-142	0	225	227	0	225	227	226M
9215	9215	-3.266E+02	1.00	1.420E-142	0	226	227	0	226	227	227M
9216	5156	-3.218E+02	1.00	1.799E-140	0	214	216	0	214	216	215M
9216	9216	-3.215E+02	1.00	2.465E-140	0	215	216	0	215	216	216M
9217	5157	-2.826E+02	1.00	1.911E-123	0	196	198	0	196	198	197M
9217	9217	-2.823E+02	1.00	2.620E-123	0	197	198	0	197	198	198M
9218	3770	-6.066E+01	0.875	4.532E-27	0	47	50	382	429	433	48M
9218	5158	-7.049E+01	1.00	2.427E-31	0	48	50	0	48	50	49M
9218	9218	-7.018E+01	1.00	3.333E-31	0	49	50	0	49	50	50M
9219	5159	-4.459E+02	1.00	2.240E-194	0	283	285	0	283	285	284M
9219	9219	-4.456E+02	1.00	3.070E-194	0	284	285	0	284	285	285M
9220	5160	-1.262E+02	1.00	1.495E-55	0	98	100	0	98	100	99M
9220	9220	-1.259E+02	1.00	2.051E-55	0	99	100	0	99	100	100M
9221	4046	-5.410E+02	0.994	1.137E-235	24	386	388	0	362	364	363M
9221	5161	-5.819E+02	1.00	1.858E-253	0	386	388	0	386	388	387M
9221	9221	-5.816E+02	1.00	2.545E-253	0	387	388	0	387	388	388M
9222	3803	-2.203E+02	0.986	2.202E-96	23	166	168	0	143	145	144M
9222	5162	-2.572E+02	1.00	2.030E-112	0	166	168	0	166	168	167M
9222	9222	-2.569E+02	1.00	2.784E-112	0	167	168	0	167	168	168M
9223	3804	-7.006E+02	1.00	5.203E-305	0	455	457	0	455	457	456M
9223	5163	-7.006E+02	1.00	5.203E-305	0	455	457	0	455	457	456M
9223	9223	-7.003E+02	1.00	7.129E-305	0	456	457	0	456	457	457M
9224	3805	-1.862E+02	0.992	1.313E-81	0	138	140	0	138	140	139M
9224	5164	-1.875E+02	1.00	3.714E-82	0	138	140	0	138	140	139M
9224	9224	-1.872E+02	1.00	5.093E-82	0	139	140	0	139	140	140M
9225	3806	-2.210E+02	0.993	1.027E-96	0	150	152	0	150	152	151M
9225	5165	-2.223E+02	1.00	2.906E-97	0	150	152	0	150	152	151M
9225	9225	-2.220E+02	1.00	3.984E-97	0	151	152	0	151	152	152M
9226	3807	-6.912E+02	0.988	6.465E-301	0	441	443	0	441	443	442M
9226	5166	-6.972E+02	1.00	1.625E-303	0	441	443	0	441	443	442M
9226	9226	-6.969E+02	1.00	2.227E-303	0	442	443	0	442	443	443M
9227	3808	-5.059E+02	0.988	2.036E-220	0	335	337	0	335	337	336M
9227	5167	-5.103E+02	1.00	2.470E-222	0	335	337	0	335	337	336M
9227	9227	-5.100E+02	1.00	3.385E-222	0	336	337	0	336	337	337M
9228	3809	-2.804E+02	0.994	1.659E-122	0	195	197	0	195	197	196M
9228	5168	-2.820E+02	1.00	3.426E-123	0	195	197	0	195	197	196M
9228	9228	-2.817E+02	1.00	4.696E-123	0	196	197	0	196	197	197M
9229	2522	-1.233E+02	1.00	2.967E-54	0	88	90	14	102	104	89M
9229	5169	-1.233E+02	1.00	2.967E-54	0	88	90	0	88	90	89M
9229	9229	-1.229E+02	1.00	4.071E-54	0	89	90	0	89	90	90M
9230	2523	-7.084E+02	0.997	0.000E+00	0	847	849	0	847	849	848M
9230	5170	-7.084E+02	1.00	0.000E+00	0	847	849	0	847	849	848M
9230	9230	-7.084E+02	1.00	0.000E+00	0	848	849	0	848	849	849M
9231	2524	-7.084E+02	1.00	0.000E+00	0	539	541	0	539	541	540M
9231	5171	-7.084E+02	1.00	0.000E+00	0	539	541	0	539	541	540M
9231	9231	-7.084E+02	1.00	0.000E+00	0	540	541	0	540	541	541M
9232	2525	-7.084E+02	0.974	0.000E+00	0	925	927	0	925	927	926M
9232	5172	-7.084E+02	1.00	0.000E+00	0	925	927	0	925	927	926M
9232	9232	-7.084E+02	1.00	0.000E+00	0	926	927	0	926	927	927M
9233	2526	-3.154E+02	0.995	1.018E-137	0	208	210	0	208	210	209M
9233	5173	-3.164E+02	1.00	3.953E-138	0	208	210	0	208	210	209M
9233	9233	-3.161E+02	1.00	5.418E-138	0	209	210	0	209	210	210M
9234	2527	-7.084E+02	0.981	0.000E+00	0	756	758	0	756	758	757M
9234	5174	-7.084E+02	1.00	0.000E+00	0	756	758	0	756	758	757M
9234	9234	-7.084E+02	1.00	0.000E+00	0	757	758	0	757	758	758M
9235	2528	-5.357E+02	0.982	2.152E-233	0	343	345	0	343	345	344M
9235	5175	-5.449E+02	1.00	2.310E-237	0	343	345	0	343	345	344M
9235	9235	-5.446E+02	1.00	3.166E-237	0	344	345	0	344	345	345M
9236	2529	-1.115E+02	0.988	3.851E-49	0	83	85	0	83	85	84M
9236	5176	-1.127E+02	1.00	1.086E-49	0	83	85	0	83	85	84M
9236	9236	-1.124E+02	1.00	1.491E-49	0	84	85	0	84	85	85M
9237	2530	-2.344E+02	0.987	1.542E-102	0	160	162	0	161	163	150M1D11M
9237	5177	-2.392E+02	1.00	1.356E-104	0	160	162	0	160	162	161M
9237	9237	-2.388E+02	1.00	1.859E-104	0	161	162	0	161	162	162M
9238	2531	-4.669E+02	1.00	1.729E-203	0	306	308	0	306	308	307M
9238	5178	-4.669E+02	1.00	1.729E-203	0	306	308	0	306	308	307M
9238	9238	-4.666E+02	1.00	2.370E-203	0	307	308	0	307	308	308M
9239	2532	-6.079E+02	0.968	9.715E-265	0	410	412	0	410	412	411M
9239	5179	-6.309E+02	1.00	9.985E-275	0	410	412	0	410	412	411M
9239	9239	-6.306E+02	1.00	1.368E-274	0	411	412	0	411	412	412M
9240	5180	-2.506E+02	1.00	1.503E-109	0	159	161	0	159	161	160M
9240	9240	-2.503E+02	1.00	2.060E-109	0	160	161	0	160	161	161M
9241	2491	-7.235E+02	0.993	6.082E-315	0	478	480	0	478	480	479M
9241	5181	-7.301E+02	1.00	8.151E-318	0	478	480	0	478	480	479M
9241	9241	-7.298E+02	1.00	1.117E-317	0	479	480	0	479	480	480M
9242	2492	-4.108E+02	0.996	4.044E-179	0	286	288	0	286	288	287M
9242	5182	-4.120E+02	1.00	1.146E-179	0	286	288	0	286	288	287M
9242	9242	-4.117E+02	1.00	1.571E-179	0	287	288	0	287	288	288M
9243	2493	-1.529E+02	1.00	3.890E-67	0	102	104	0	102	104	103M
9243	5183	-1.529E+02	1.00	3.890E-67	0	102	104	0	102	104	103M
9243	9243	-1.526E+02	1.00	5.336E-67	0	103	104	0	103	104	104M
9244	2494	-1.338E+02	1.00	8.125E-59	0	93	95	0	93	95	94M
9244	5184	-1.338E+02	1.00	8.125E-59	0	93	95	0	93	95	94M
9244	9244	-1.334E+02	1.00	1.115E-58	0	94	95	0	94	95	95M
9245	2495	-1.523E+02	0.982	7.326E-67	0	115	117	0	115	117	116M
9245	5185	-1.558E+02	1.00	2.267E-68	0	115	117	0	115	117	116M
9245	9245	-1.554E+02	1.00	3.109E-68	0	116	117	0	116	117	117M
9246	2496	-1.769E+02	0.983	1.419E-77	0	121	123	0	121	123	122M
9246	5186	-1.782E+02	1.00	4.010E-78	0	121	123	0	121	123	122M
9246	9246	-1.779E+02	1.00	5.499E-78	0	122	123	0	122	123	123M
9247	2497	-5.053E+02	0.997	3.649E-220	0	334	336	0	334	336	335M
9247	5187	-5.065E+02	1.00	1.034E-220	0	334	336	0	334	336	335M
9247	9247	-5.062E+02	1.00	1.418E-220	0	335	336	0	335	336	336M
9248	2498	-7.000E+02	1.00	1.035E-304	0	463	465	0	463	465	464M
9248	5188	-7.000E+02	1.00	1.035E-304	0	463	465	0	463	465	464M
9248	9248	-6.996E+02	1.00	1.418E-304	0	464	465	0	464	465	465M
9249	2499	-1.408E+02	1.00	6.874E-62	0	97	99	0	97	99	98M
9249	5189	-1.408E+02	1.00	6.874E-62	0	97	99	0	97	99	98M
9249	9249	-1.405E+02	1.00	9.430E-62	0	98	99	0	98	99	99M
9250	4307	-1.853E+02	0.977	3.501E-81	0	134	154	0	134	141	135M
9250	5190	-2.171E+02	1.00	4.993E-95	0	152	154	0	152	154	153M
9250	9250	-2.168E+02	1.00	6.846E-95	0	153	154	0	153	154	154M
9251	5191	-2.425E+02	1.00	4.635E-106	0	162	164	0	162	164	163M
9251	9251	-2.422E+02	1.00	6.355E-106	0	163	164	0	163	164	164M
9252	3944	-6.500E+02	0.995	5.171E-283	0	413	415	0	413	415	414M
9252	5192	-6.522E+02	1.00	5.698E-284	0	413	415	0	413	415	414M
9252	9252	-6.519E+02	1.00	7.808E-284	0	414	415	0	414	415	415M
9253	3943	-3.190E+02	1.00	2.931E-139	0	213	215	0	213	215	214M
9253	5193	-3.190E+02	1.00	2.931E-139	0	213	215	0	213	215	214M
9253	9253	-3.187E+02	1.00	4.018E-139	0	214	215	0	214	215	215M
9254	3942	-2.376E+02	1.00	6.262E-104	0	159	161	0	159	161	160M
9254	5194	-2.376E+02	1.00	6.262E-104	0	159	161	0	159	161	160M
9254	9254	-2.373E+02	1.00	8.586E-104	0	160	161	0	160	161	161M
9255	3941	-2.651E+02	0.994	7.762E-116	0	173	175	0	173	175	174M
9255	5195	-2.669E+02	1.00	1.169E-116	0	173	175	0	173	175	174M
9255	9255	-2.666E+02	1.00	1.602E-116	0	174	175	0	174	175	175M
9256	3940	-4.647E+02	0.993	1.499E-202	0	305	307	0	305	307	306M
9256	5196	-4.669E+02	1.00	1.650E-203	0	305	307	0	305	307	306M
9256	9256	-4.666E+02	1.00	2.261E-203	0	306	307	0	306	307	307M
9257	3939	-3.359E+02	0.990	1.357E-146	0	216	218	0	216	218	217M
9257	5197	-3.305E+02	0.986	2.890E-144	0	216	218	0	213	215	32M3I182M
9257	9257	-3.387E+02	1.00	7.937E-148	0	217	218	0	217	218	218M
9258	2009	-7.084E+02	1.00	0.000E+00	0	496	498	0	496	498	497M
9258	5198	-7.084E+02	1.00	0.000E+00	0	496	498	0	496	498	497M
9258	9258	-7.084E+02	1.00	0.000E+00	0	497	498	0	497	498	498M
9259	2010	-5.560E+02	1.00	3.430E-242	0	368	370	0	368	370	369M
9259	5199	-5.560E+02	1.00	3.430E-242	0	368	370	0	368	370	369M
9259	9259	-5.557E+02	1.00	4.700E-242	0	369	370	0	369	370	370M
9260	2011	-6.954E+02	1.00	9.920E-303	0	446	448	0	446	448	447M
9260	5200	-6.954E+02	1.00	9.920E-303	0	446	448	0	446	448	447M
9260	9260	-6.951E+02	1.00	1.359E-302	0	447	448	0	447	448	448M
9261	2012	-3.574E+02	1.00	6.104E-156	0	241	243	0	241	243	242M
9261	5201	-3.574E+02	1.00	6.104E-156	0	241	243	0	241	243	242M
9261	9261	-3.571E+02	1.00	8.366E-156	0	242	243	0	242	243	243M
9262	2013	-2.529E+02	1.00	1.468E-110	0	183	185	0	183	185	184M
9262	5202	-2.529E+02	1.00	1.468E-110	0	183	185	0	183	185	184M
9262	9262	-2.526E+02	1.00	2.012E-110	0	184	185	0	184	185	185M
9263	2014	-3.772E+02	0.992	1.534E-164	0	249	251	0	249	251	250M
9263	5203	-3.803E+02	1.00	6.554E-166	0	249	251	0	249	251	250M
9263	9263	-3.800E+02	1.00	8.983E-166	0	250	251	0	250	251	251M
9264	2015	-4.016E+02	1.00	3.855E-175	0	273	275	0	273	275	274M
9264	5204	-4.016E+02	1.00	3.855E-175	0	273	275	0	273	275	274M
9264	9264	-4.013E+02	1.00	5.284E-175	0	274	275	0	274	275	275M
9265	2016	-5.915E+02	0.997	1.297E-257	0	397	399	0	397	399	398M
9265	5205	-5.928E+02	1.00	3.679E-258	0	397	399	0	397	399	398M
9265	9265	-5.924E+02	1.00	5.042E-258	0	398	399	0	398	399	399M
9266	2017	-6.728E+02	0.993	6.182E-293	0	450	452	0	450	452	451M
9266	5206	-6.763E+02	1.00	1.933E-294	0	450	452	0	450	452	451M
9266	9266	-6.760E+02	1.00	2.649E-294	0	451	452	0	451	452	452M
9267	2018	-7.084E+02	0.956	0.000E+00	0	840	842	0	845	847	572M5D269M
9267	5207	-7.084E+02	1.00	0.000E+00	0	840	842	0	840	842	841M
9267	9267	-7.084E+02	1.00	0.000E+00	0	841	842	0	841	842	842M
9268	2019	-2.158E+02	1.00	1.826E-94	0	166	168	0	166	168	167M
9268	5208	-2.158E+02	1.00	1.826E-94	0	166	168	0	166	168	167M
9268	9268	-2.155E+02	1.00	2.503E-94	0	167	168	0	167	168	168M
9269	2020	-5.355E+02	0.997	2.755E-233	0	355	357	0	355	357	356M
9269	5209	-5.367E+02	1.00	7.811E-234	0	355	357	0	355	357	356M
9269	9269	-5.364E+02	1.00	1.070E-233	0	356	357	0	356	357	357M
9270	2021	-2.357E+02	1.00	4.364E-103	0	160	162	0	160	162	161M
9270	5210	-2.357E+02	1.00	4.364E-103	0	160	162	0	160	162	161M
9270	9270	-2.354E+02	1.00	5.984E-103	0	161	162	0	161	162	162M
9271	2022	-4.006E+02	1.00	1.060E-174	0	261	263	0	261	263	262M
9271	5211	-4.006E+02	1.00	1.060E-174	0	261	263	0	261	263	262M
9271	9271	-4.003E+02	1.00	1.453E-174	0	262	263	0	262	263	263M
9272	2023	-4.108E+02	0.996	4.090E-179	0	293	295	0	293	295	294M
9272	5212	-4.126E+02	1.00	6.173E-180	0	293	295	0	293	295	294M
9272	9272	-4.123E+02	1.00	8.460E-180	0	294	295	0	294	295	295M
9273	2024	-2.121E+02	0.993	7.931E-93	0	159	161	0	159	161	160M
9273	5213	-2.146E+02	1.00	6.350E-94	0	159	161	0	159	161	160M
9273	9273	-2.143E+02	1.00	8.706E-94	0	160	161	0	160	161	161M
9274	2025	-5.106E+02	0.997	1.762E-222	0	348	350	0	348	350	349M
9274	5214	-5.122E+02	1.00	3.645E-223	0	348	350	0	348	350	349M
9274	9274	-5.119E+02	1.00	4.996E-223	0	349	350	0	349	350	350M
9275	2026	-2.093E+02	1.00	1.310E-91	0	145	147	0	145	147	146M
9275	5215	-2.093E+02	1.00	1.310E-91	0	145	147	0	145	147	146M
9275	9275	-2.089E+02	1.00	1.796E-91	0	146	147	0	146	147	147M
9276	2027	-3.445E+02	0.982	2.438E-150	0	227	229	0	227	229	228M
9276	5216	-3.511E+02	1.00	3.243E-153	0	227	229	0	227	229	228M
9276	9276	-3.508E+02	1.00	4.446E-153	0	228	229	0	228	229	229M
9277	4453	-1.483E+02	0.970	3.752E-65	0	102	120	0	102	107	103M
9277	5217	-1.771E+02	1.00	1.226E-77	0	118	120	0	118	120	119M
9277	9277	-1.768E+02	1.00	1.682E-77	0	119	120	0	119	120	120M
9278	5218	-1.054E+02	1.00	1.602E-46	0	77	79	0	77	79	78M
9278	9278	-1.051E+02	1.00	2.199E-46	0	78	79	0	78	79	79M
9279	3294	-1.273E+02	0.896	5.252E-56	0	96	98	11	105	107	11M2I84M
9279	5219	-1.478E+02	1.00	6.243E-65	0	96	98	0	96	98	97M
9279	9279	-1.475E+02	1.00	8.564E-65	0	97	98	0	97	98	98M
9280	3293	-2.709E+02	0.983	2.341E-118	0	177	179	0	177	182	178M
9280	5220	-2.756E+02	1.00	2.060E-120	0	177	179	0	177	179	178M
9280	9280	-2.753E+02	1.00	2.824E-120	0	178	179	0	178	179	179M
9281	3292	-2.107E+02	1.00	3.120E-92	0	148	150	0	148	150	149M
9281	5221	-2.107E+02	1.00	3.120E-92	0	148	150	0	148	150	149M
9281	9281	-2.104E+02	1.00	4.278E-92	0	149	150	0	149	150	150M
9282	3291	-6.619E+02	0.990	3.585E-288	0	415	417	0	415	417	416M
9282	5222	-6.688E+02	1.00	3.500E-291	0	415	417	0	415	417	416M
9282	9282	-6.685E+02	1.00	4.796E-291	0	416	417	0	416	417	417M
9283	3290	-6.746E+02	0.995	1.094E-293	0	467	469	0	467	469	468M
9283	5223	-6.780E+02	1.00	3.423E-295	0	467	469	0	467	469	468M
9283	9283	-6.777E+02	1.00	4.690E-295	0	468	469	0	468	469	469M
9284	3289	-3.754E+02	0.959	9.255E-164	0	247	249	0	247	249	248M
9284	5224	-3.874E+02	1.00	5.792E-169	0	247	249	0	247	249	248M
9284	9284	-3.871E+02	1.00	7.939E-169	0	248	249	0	248	249	249M
9285	3800	-5.385E+02	0.983	1.299E-234	18	391	393	0	373	375	374M
9285	5225	-5.738E+02	1.00	6.177E-250	0	391	393	0	391	393	392M
9285	9285	-5.735E+02	1.00	8.464E-250	0	392	393	0	392	393	393M
9286	3799	-6.713E+02	0.981	2.843E-292	0	483	485	0	483	485	484M
9286	5226	-6.817E+02	1.00	8.716E-297	0	483	485	0	483	485	484M
9286	9286	-6.814E+02	1.00	1.194E-296	0	484	485	0	484	485	485M
9287	3130	-1.149E+02	0.423	1.261E-50	0	207	213	25	234	245	201M2D7M
9287	5227	-3.453E+02	1.00	1.139E-150	0	211	213	0	211	213	212M
9287	9287	-3.449E+02	1.00	1.562E-150	0	212	213	0	212	213	213M
9288	3483	-7.084E+02	0.993	0.000E+00	0	479	481	0	479	481	480M
9288	5228	-7.084E+02	1.00	0.000E+00	0	479	481	0	479	481	480M
9288	9288	-7.084E+02	1.00	0.000E+00	0	480	481	0	480	481	481M
9289	3484	-2.026E+02	1.00	1.041E-88	0	146	148	0	146	148	147M
9289	5229	-2.026E+02	1.00	1.041E-88	0	146	148	0	146	148	147M
9289	9289	-2.023E+02	1.00	1.427E-88	0	147	148	0	147	148	148M
9290	3485	-7.084E+02	0.995	0.000E+00	0	696	698	0	696	698	697M
9290	5230	-7.084E+02	1.00	0.000E+00	0	696	698	0	696	698	697M
9290	9290	-7.084E+02	1.00	0.000E+00	0	697	698	0	697	698	698M
9291	4374	-9.377E+01	0.971	1.893E-41	0	70	72	0	70	72	71M
9291	5231	-9.788E+01	1.00	3.086E-43	0	70	72	0	70	72	71M
9291	9291	-9.757E+01	1.00	4.235E-43	0	71	72	0	71	72	72M
9292	4373	-2.190E+02	1.00	7.881E-96	0	153	155	0	153	155	154M
9292	5232	-2.190E+02	1.00	7.881E-96	0	153	155	0	153	155	154M
9292	9292	-2.187E+02	1.00	1.081E-95	0	154	155	0	154	155	155M
9293	5233	-1.060E+02	1.00	9.681E-47	0	86	88	0	86	88	87M
9293	9293	-1.056E+02	1.00	1.328E-46	0	87	88	0	87	88	88M
9294	5234	-7.203E+01	1.00	5.205E-32	0	55	57	0	55	57	56M
9294	9294	-7.172E+01	1.00	7.147E-32	0	56	57	0	56	57	57M
9295	3666	-7.084E+02	0.994	0.000E+00	0	555	573	0	555	577	556M
9295	5235	-7.084E+02	1.00	0.000E+00	0	571	573	0	571	573	572M
9295	9295	-7.084E+02	1.00	0.000E+00	0	572	573	0	572	573	573M
9296	3665	-4.665E+02	0.987	2.516E-203	0	314	316	0	314	316	315M
9296	5236	-4.719E+02	1.00	1.186E-205	0	314	316	0	314	316	315M
9296	9296	-4.715E+02	1.00	1.625E-205	0	315	316	0	315	316	316M
9297	3664	-7.084E+02	0.984	0.000E+00	0	951	953	0	951	953	952M
9297	5237	-7.084E+02	1.00	0.000E+00	0	951	953	0	951	953	952M
9297	9297	-7.084E+02	1.00	0.000E+00	0	952	953	0	952	953	953M
9298	3663	-4.341E+02	0.968	2.861E-189	0	285	287	0	285	287	286M
9298	5238	-4.486E+02	1.00	1.442E-195	0	285	287	0	285	287	286M
9298	9298	-4.483E+02	1.00	1.977E-195	0	286	287	0	286	287	287M
9299	3662	-2.092E+02	0.980	1.400E-91	0	153	155	0	153	155	154M
9299	5239	-2.130E+02	1.00	3.171E-93	0	153	155	0	153	155	154M
9299	9299	-2.127E+02	1.00	4.348E-93	0	154	155	0	154	155	155M
9300	3661	-1.104E+02	1.00	1.177E-48	0	80	82	0	80	82	81M
9300	5240	-1.104E+02	1.00	1.177E-48	0	80	82	0	80	82	81M
9300	9300	-1.100E+02	1.00	1.615E-48	0	81	82	0	81	82	82M
9301	4283	-1.963E+02	1.00	5.373E-86	0	138	140	0	138	140	139M
9301	5241	-1.963E+02	1.00	5.373E-86	0	138	140	0	138	140	139M
9301	9301	-1.960E+02	1.00	7.367E-86	0	139	140	0	139	140	140M
9302	4284	-6.248E+02	1.00	4.293E-272	0	432	434	0	432	434	433M
9302	5242	-6.248E+02	1.00	4.293E-272	0	432	434	0	432	434	433M
9302	9302	-6.245E+02	1.00	5.883E-272	0	433	434	0	433	434	434M
9303	4322	-4.159E+02	1.00	2.277E-181	0	263	265	0	263	265	264M
9303	5243	-4.159E+02	1.00	2.277E-181	0	263	265	0	263	265	264M
9303	9303	-4.156E+02	1.00	3.120E-181	0	264	265	0	264	265	265M
9304	4321	-3.409E+02	1.00	8.903E-149	34	266	286	0	232	267	233M
9304	5244	-4.282E+02	1.00	1.089E-186	0	284	286	0	284	286	285M
9304	9304	-4.279E+02	1.00	1.493E-186	0	285	286	0	285	286	286M
9305	3706	-1.568E+02	0.971	7.776E-69	0	106	108	0	106	108	107M
9305	5245	-1.590E+02	1.00	8.512E-70	0	106	108	0	106	108	107M
9305	9305	-1.587E+02	1.00	1.168E-69	0	107	108	0	107	108	108M
9306	3705	-1.679E+02	1.00	1.196E-73	0	112	114	0	112	114	113M
9306	5246	-1.679E+02	1.00	1.196E-73	0	112	114	0	112	114	113M
9306	9306	-1.676E+02	1.00	1.640E-73	0	113	114	0	113	114	114M
9307	3704	-6.008E+02	0.995	1.228E-261	0	401	403	0	401	403	402M
9307	5247	-6.027E+02	1.00	1.855E-262	0	401	403	0	401	403	402M
9307	9307	-6.023E+02	1.00	2.542E-262	0	402	403	0	402	403	403M
9308	3703	-1.949E+02	1.00	2.301E-85	0	142	144	0	142	144	143M
9308	5248	-1.949E+02	1.00	2.301E-85	0	142	144	0	142	144	143M
9308	9308	-1.946E+02	1.00	3.156E-85	0	143	144	0	143	144	144M
9309	3702	-2.206E+02	0.992	1.636E-96	0	140	142	0	140	142	141M
9309	5249	-2.240E+02	1.00	5.075E-98	0	140	142	0	140	142	141M
9309	9309	-2.237E+02	1.00	6.958E-98	0	141	142	0	141	142	142M
9310	3572	-1.045E+02	1.00	3.939E-46	0	76	78	0	76	78	77M
9310	5250	-1.045E+02	1.00	3.939E-46	0	76	78	0	76	78	77M
9310	9310	-1.042E+02	1.00	5.406E-46	0	77	78	0	77	78	78M
9311	3571	-1.714E+02	1.00	3.615E-75	0	118	120	0	118	120	119M
9311	5251	-1.714E+02	1.00	3.615E-75	0	118	120	0	118	120	119M
9311	9311	-1.711E+02	1.00	4.957E-75	0	119	120	0	119	120	120M
9312	3570	-1.457E+02	0.990	5.197E-64	0	107	109	0	107	109	108M
9312	5252	-1.473E+02	1.00	1.070E-64	0	107	109	0	107	109	108M
9312	9312	-1.470E+02	1.00	1.468E-64	0	108	109	0	108	109	109M
9313	3569	-5.365E+02	1.00	9.976E-234	0	367	369	0	367	369	368M
9313	5253	-5.365E+02	1.00	9.976E-234	0	367	369	0	367	369	368M
9313	9313	-5.362E+02	1.00	1.367E-233	0	368	369	0	368	369	369M
9314	3568	-2.945E+02	1.00	1.248E-128	0	197	199	0	197	199	198M
9314	5254	-2.945E+02	1.00	1.248E-128	0	197	199	0	197	199	198M
9314	9314	-2.942E+02	1.00	1.711E-128	0	198	199	0	198	199	199M
9315	3567	-3.170E+02	0.995	2.170E-138	0	222	224	0	222	224	223M
9315	5255	-3.195E+02	1.00	1.741E-139	0	222	224	0	222	224	223M
9315	9315	-3.192E+02	1.00	2.387E-139	0	223	224	0	223	224	224M
9316	3566	-2.537E+02	0.994	6.659E-111	0	173	175	0	173	175	174M
9316	5256	-2.540E+02	1.00	4.857E-111	0	173	175	0	173	175	174M
9316	9316	-2.537E+02	1.00	6.659E-111	0	174	175	0	174	175	175M
9317	3565	-1.380E+02	0.989	1.183E-60	0	97	99	0	97	99	98M
9317	5257	-1.389E+02	1.00	4.581E-61	0	97	99	0	97	99	98M
9317	9317	-1.386E+02	1.00	6.285E-61	0	98	99	0	98	99	99M
9318	3564	-4.118E+01	1.00	1.303E-18	0	32	34	0	32	34	33M
9318	5258	-4.118E+01	1.00	1.303E-18	0	32	34	0	32	34	33M
9318	9318	-4.086E+01	1.00	1.790E-18	0	33	34	0	33	34	34M
9319	3563	-5.873E+02	1.00	9.073E-256	0	380	382	0	380	382	381M
9319	5259	-5.873E+02	1.00	9.073E-256	0	380	382	0	380	382	381M
9319	9319	-5.869E+02	1.00	1.243E-255	0	381	382	0	381	382	382M
9320	3562	-7.084E+02	0.996	0.000E+00	0	527	529	0	527	529	528M
9320	5260	-7.084E+02	1.00	0.000E+00	0	527	529	0	527	529	528M
9320	9320	-7.084E+02	1.00	0.000E+00	0	528	529	0	528	529	529M
9321	5261	-7.987E+01	1.00	2.063E-35	0	63	65	0	63	65	64M
9321	9321	-7.955E+01	1.00	2.832E-35	0	64	65	0	64	65	65M
9322	1184	-2.858E+02	1.00	7.536E-125	0	201	203	0	201	203	202M
9322	5262	-2.858E+02	1.00	7.536E-125	0	201	203	0	201	203	202M
9322	9322	-2.855E+02	1.00	1.033E-124	0	202	203	0	202	203	203M
9323	1185	-1.517E+02	1.00	1.311E-66	0	101	103	0	101	103	102M
9323	5263	-1.517E+02	1.00	1.311E-66	0	101	103	0	101	103	102M
9323	9323	-1.514E+02	1.00	1.799E-66	0	102	103	0	102	103	103M
9324	1186	-4.908E+02	0.997	6.877E-214	0	333	335	0	333	335	334M
9324	5264	-4.921E+02	1.00	1.950E-214	0	333	335	0	333	335	334M
9324	9324	-4.918E+02	1.00	2.672E-214	0	334	335	0	334	335	335M
9325	1187	-7.084E+02	0.995	0.000E+00	0	697	699	0	697	699	698M
9325	5265	-7.084E+02	1.00	0.000E+00	0	697	699	0	697	699	698M
9325	9325	-7.084E+02	1.00	0.000E+00	0	698	699	0	698	699	699M
9326	1189	-7.084E+02	0.992	0.000E+00	0	978	980	0	978	980	979M
9326	5266	-7.084E+02	1.00	0.000E+00	0	978	980	0	978	980	979M
9326	9326	-7.084E+02	1.00	0.000E+00	0	979	980	0	979	980	980M
9327	1190	-5.957E+02	0.989	2.012E-259	0	382	384	0	382	384	383M
9327	5267	-5.995E+02	1.00	4.587E-261	0	382	384	0	382	384	383M
9327	9327	-5.991E+02	1.00	6.286E-261	0	383	384	0	383	384	384M
9328	1191	-6.331E+02	0.993	1.106E-275	0	444	446	0	444	446	445M
9328	5268	-6.363E+02	1.00	4.740E-277	0	444	446	0	444	446	445M
9328	9328	-6.359E+02	1.00	6.494E-277	0	445	446	0	445	446	446M
9329	1192	-3.189E+02	1.00	3.223E-139	0	215	217	0	215	217	216M
9329	5269	-3.189E+02	1.00	3.223E-139	0	215	217	0	215	217	216M
9329	9329	-3.186E+02	1.00	4.417E-139	0	216	217	0	216	217	217M
9330	1193	-7.084E+02	1.00	0.000E+00	0	512	514	0	512	514	513M
9330	5270	-7.084E+02	1.00	0.000E+00	0	512	514	0	512	514	513M
9330	9330	-7.084E+02	1.00	0.000E+00	0	513	514	0	513	514	514M
9331	1194	-3.236E+02	1.00	2.887E-141	0	222	224	0	222	224	223M
9331	5271	-3.236E+02	1.00	2.887E-141	0	222	224	0	222	224	223M
9331	9331	-3.233E+02	1.00	3.957E-141	0	223	224	0	223	224	224M
9332	1195	-3.462E+02	0.991	4.583E-151	0	225	227	0	225	227	226M
9332	5272	-3.493E+02	1.00	1.957E-152	0	225	227	0	225	227	226M
9332	9332	-3.490E+02	1.00	2.682E-152	0	226	227	0	226	227	227M
9333	1196	-7.084E+02	0.990	0.000E+00	0	505	507	0	505	507	506M
9333	5273	-7.084E+02	1.00	0.000E+00	0	505	507	0	505	507	506M
9333	9333	-7.084E+02	1.00	0.000E+00	0	506	507	0	506	507	507M
9334	1197	-5.324E+02	0.997	6.357E-232	0	348	350	0	348	350	349M
9334	5274	-5.339E+02	1.00	1.315E-232	0	348	350	0	348	350	349M
9334	9334	-5.336E+02	1.00	1.802E-232	0	349	350	0	349	350	350M
9335	1198	-3.646E+02	0.992	4.601E-159	0	249	251	0	249	251	250M
9335	5275	-3.674E+02	1.00	2.695E-160	0	249	251	0	249	251	250M
9335	9335	-3.671E+02	1.00	3.694E-160	0	250	251	0	250	251	251M
9336	1199	-2.024E+02	0.992	1.210E-88	0	136	138	0	136	138	137M
9336	5276	-2.059E+02	1.00	3.754E-90	0	136	138	0	136	138	137M
9336	9336	-2.056E+02	1.00	5.147E-90	0	137	138	0	137	138	138M
9337	1200	-7.084E+02	1.00	0.000E+00	0	757	759	0	757	759	758M
9337	5277	-7.084E+02	1.00	0.000E+00	0	757	759	0	757	759	758M
9337	9337	-7.084E+02	1.00	0.000E+00	0	758	759	0	758	759	759M
9338	1201	-1.685E+02	1.00	6.515E-74	0	119	121	0	119	121	120M
9338	5278	-1.685E+02	1.00	6.515E-74	0	119	121	0	119	121	120M
9338	9338	-1.682E+02	1.00	8.935E-74	0	120	121	0	120	121	121M
9339	1202	-5.364E+02	0.997	1.161E-233	0	350	352	0	350	352	351M
9339	5279	-5.379E+02	1.00	2.402E-234	0	350	352	0	350	352	351M
9339	9339	-5.376E+02	1.00	3.291E-234	0	351	352	0	351	352	352M
9340	1203	-4.871E+02	0.996	2.730E-212	0	304	306	0	304	306	305M
9340	5280	-4.884E+02	1.00	7.736E-213	0	304	306	0	304	306	305M
9340	9340	-4.881E+02	1.00	1.060E-212	0	305	306	0	305	306	306M
9341	1204	-2.796E+02	1.00	3.643E-122	0	185	187	0	185	187	186M
9341	5281	-2.796E+02	1.00	3.643E-122	0	185	187	0	185	187	186M
9341	9341	-2.793E+02	1.00	4.995E-122	0	186	187	0	186	187	187M
9342	1205	-7.084E+02	0.994	0.000E+00	0	673	675	0	673	675	674M
9342	5282	-7.084E+02	1.00	0.000E+00	0	673	675	0	673	675	674M
9342	9342	-7.084E+02	1.00	0.000E+00	0	674	675	0	674	675	675M
9343	1206	-1.924E+02	0.977	2.688E-84	0	134	136	0	134	136	135M
9343	5283	-1.962E+02	1.00	6.077E-86	0	134	136	0	134	136	135M
9343	9343	-1.959E+02	1.00	8.334E-86	0	135	136	0	135	136	136M
9344	1207	-3.513E+02	0.983	2.770E-153	0	237	239	0	237	239	238M
9344	5284	-3.585E+02	1.00	1.962E-156	0	237	239	0	237	239	238M
9344	9344	-3.582E+02	1.00	2.690E-156	0	238	239	0	238	239	239M
9345	1208	-5.673E+02	0.997	4.404E-247	0	357	365	0	357	361	358M
9345	5285	-5.789E+02	1.00	3.804E-252	0	363	365	0	363	365	364M
9345	9345	-5.786E+02	1.00	5.213E-252	0	364	365	0	364	365	365M
9346	3887	-4.211E+02	0.978	1.271E-183	0	280	282	0	280	282	281M
9346	5286	-4.284E+02	1.00	9.024E-187	0	280	282	0	280	282	281M
9346	9346	-4.281E+02	1.00	1.237E-186	0	281	282	0	281	282	282M
9347	3886	-1.971E+02	1.00	2.412E-86	0	161	163	0	161	163	162M
9347	5287	-1.971E+02	1.00	2.412E-86	0	161	163	0	161	163	162M
9347	9347	-1.968E+02	1.00	3.307E-86	0	162	163	0	162	163	163M
9348	3885	-7.084E+02	0.998	0.000E+00	0	544	546	0	544	546	545M
9348	5288	-7.084E+02	1.00	0.000E+00	0	544	546	0	544	546	545M
9348	9348	-7.084E+02	1.00	0.000E+00	0	545	546	0	545	546	546M
9349	3884	-4.358E+02	0.996	5.643E-190	0	284	286	0	284	286	285M
9349	5289	-4.367E+02	1.00	2.192E-190	0	284	286	0	284	286	285M
9349	9349	-4.364E+02	1.00	3.004E-190	0	285	286	0	285	286	286M
9350	3883	-6.036E+02	1.00	7.155E-263	0	405	430	0	405	406	406M
9350	5290	-6.379E+02	1.00	8.773E-278	0	428	430	0	428	430	429M
9350	9350	-6.376E+02	1.00	1.202E-277	0	429	430	0	429	430	430M
9351	5291	-3.399E+02	1.00	2.397E-148	0	224	226	0	224	226	225M
9351	9351	-3.396E+02	1.00	3.286E-148	0	225	226	0	225	226	226M
9352	3872	-1.804E+02	1.00	4.495E-79	0	128	130	0	128	130	129M
9352	5292	-1.804E+02	1.00	4.495E-79	0	128	130	0	128	130	129M
9352	9352	-1.801E+02	1.00	6.165E-79	0	129	130	0	129	130	130M
9353	3871	-3.469E+02	0.983	2.289E-151	0	237	239	0	237	239	238M
9353	5293	-3.544E+02	1.00	1.183E-154	0	237	239	0	237	239	238M
9353	9353	-3.541E+02	1.00	1.622E-154	0	238	239	0	238	239	239M
9354	3870	-3.309E+02	1.00	2.044E-144	0	222	224	0	222	224	223M
9354	5294	-3.309E+02	1.00	2.044E-144	0	222	224	0	222	224	223M
9354	9354	-3.305E+02	1.00	2.801E-144	0	223	224	0	223	224	224M
9355	1308	-2.299E+02	0.686	1.397E-100	0	213	218	0	213	218	214M
9355	5295	-3.292E+02	1.00	1.021E-143	0	216	218	0	216	218	217M
9355	9355	-3.289E+02	1.00	1.399E-143	0	217	218	0	217	218	218M
9356	2314	-3.690E+02	0.625	5.464E-161	2	400	404	0	398	403	227M1I11M1D160M
9356	5296	-5.947E+02	1.00	5.118E-259	0	402	404	0	402	404	403M
9356	9356	-5.944E+02	1.00	7.013E-259	0	403	404	0	403	404	404M
9357	2881	-6.593E+02	0.986	4.716E-287	0	450	452	0	450	452	451M
9357	5297	-6.672E+02	1.00	1.793E-290	0	450	452	0	450	452	451M
9357	9357	-6.669E+02	1.00	2.457E-290	0	451	452	0	451	452	452M
9358	2880	-3.783E+02	0.973	5.321E-165	0	260	262	0	260	262	261M
9358	5298	-3.924E+02	1.00	3.671E-171	0	260	262	0	260	262	261M
9358	9358	-3.921E+02	1.00	5.032E-171	0	261	262	0	261	262	262M
9359	2879	-6.741E+02	1.00	1.754E-293	0	450	452	0	450	452	451M
9359	5299	-6.741E+02	1.00	1.754E-293	0	450	452	0	450	452	451M
9359	9359	-6.738E+02	1.00	2.403E-293	0	451	452	0	451	452	452M
9360	2878	-2.031E+02	1.00	6.436E-89	0	136	138	0	136	138	137M
9360	5300	-2.031E+02	1.00	6.436E-89	0	136	138	0	136	138	137M
9360	9360	-2.028E+02	1.00	8.826E-89	0	137	138	0	137	138	138M
9361	2877	-3.883E+02	0.995	2.212E-169	0	240	242	0	240	242	241M
9361	5301	-3.896E+02	1.00	6.265E-170	0	240	242	0	240	242	241M
9361	9361	-3.893E+02	1.00	8.587E-170	0	241	242	0	241	242	242M
9362	2876	-3.243E+02	1.00	1.487E-141	0	208	210	0	208	210	209M
9362	5302	-3.243E+02	1.00	1.487E-141	0	208	210	0	208	210	209M
9362	9362	-3.240E+02	1.00	2.039E-141	0	209	210	0	209	210	210M
9363	2875	-3.829E+02	0.989	5.292E-167	0	276	278	0	276	278	277M
9363	5303	-3.866E+02	1.00	1.205E-168	0	276	278	0	276	278	277M
9363	9363	-3.863E+02	1.00	1.652E-168	0	277	278	0	277	278	278M
9364	2874	-7.353E+02	0.983	4.639E-320	0	482	484	0	482	484	483M
9364	5304	-7.084E+02	1.00	0.000E+00	0	482	484	0	482	484	483M
9364	9364	-7.444E+02	1.00	4.941E-324	0	483	484	0	483	484	484M
9365	2873	-6.794E+02	0.981	8.890E-296	0	438	440	0	438	440	439M
9365	5305	-6.920E+02	1.00	2.992E-301	0	438	440	0	438	440	439M
9365	9365	-6.917E+02	1.00	4.100E-301	0	439	440	0	439	440	440M
9366	2872	-7.084E+02	0.992	0.000E+00	0	794	810	0	794	795	795M
9366	5306	-7.084E+02	1.00	0.000E+00	0	808	810	0	808	810	809M
9366	9366	-7.084E+02	1.00	0.000E+00	0	809	810	0	809	810	810M
9367	4040	-2.319E+02	1.00	1.981E-101	0	154	156	0	154	156	155M
9367	5307	-2.319E+02	1.00	1.981E-101	0	154	156	0	154	156	155M
9367	9367	-2.316E+02	1.00	2.717E-101	0	155	156	0	155	156	156M
9368	4039	-1.926E+02	0.992	2.158E-84	0	136	138	0	136	138	137M
9368	5308	-1.930E+02	1.00	1.574E-84	0	136	138	0	136	138	137M
9368	9368	-1.926E+02	1.00	2.158E-84	0	137	138	0	137	138	138M
9369	4038	-1.964E+02	0.985	4.880E-86	0	136	138	0	136	138	137M
9369	5309	-2.002E+02	1.00	1.104E-87	0	136	138	0	136	138	137M
9369	9369	-1.999E+02	1.00	1.513E-87	0	137	138	0	137	138	138M
9370	4037	-4.460E+02	0.993	1.973E-194	0	287	289	0	287	289	288M
9370	5310	-4.492E+02	1.00	8.437E-196	0	287	289	0	287	289	288M
9370	9370	-4.489E+02	1.00	1.156E-195	0	288	289	0	288	289	289M
9371	4036	-4.027E+02	1.00	1.241E-175	0	269	271	0	269	271	270M
9371	5311	-4.027E+02	1.00	1.241E-175	0	269	271	0	269	271	270M
9371	9371	-4.024E+02	1.00	1.701E-175	0	270	271	0	270	271	271M
9372	2826	-5.148E+01	0.239	4.399E-23	17	305	307	3	295	299	87M1D28M1I55M7D29M2I16M1I70M
9372	5312	-4.609E+02	1.00	6.580E-201	0	305	307	0	305	307	306M
9372	9372	-4.606E+02	1.00	9.018E-201	0	306	307	0	306	307	307M
9373	1447	-6.333E+02	0.987	8.816E-276	0	412	414	0	412	414	413M
9373	5313	-6.415E+02	1.00	2.442E-279	0	412	414	0	412	414	413M
9373	9373	-6.412E+02	1.00	3.346E-279	0	413	414	0	413	414	414M
9374	1446	-5.879E+02	0.981	4.551E-256	0	372	374	0	372	374	373M
9374	5314	-5.971E+02	1.00	4.890E-260	0	372	374	0	372	374	373M
9374	9374	-5.968E+02	1.00	6.701E-260	0	373	374	0	373	374	374M
9375	1445	-3.535E+02	0.982	3.145E-154	0	231	233	0	231	233	232M
9375	5315	-3.598E+02	1.00	5.736E-157	0	231	233	0	231	233	232M
9375	9375	-3.594E+02	1.00	7.862E-157	0	232	233	0	232	233	233M
9376	1444	-3.609E+02	0.991	1.757E-157	0	246	248	0	246	248	247M
9376	5316	-3.628E+02	1.00	2.649E-158	0	246	248	0	246	248	247M
9376	9376	-3.625E+02	1.00	3.631E-158	0	247	248	0	247	248	248M
9377	1443	-6.561E+02	0.976	1.143E-285	0	417	419	0	417	419	418M
9377	5317	-6.687E+02	1.00	3.844E-291	0	417	419	0	417	419	418M
9377	9377	-6.684E+02	1.00	5.268E-291	0	418	419	0	418	419	419M
9378	1442	-6.559E+02	0.995	1.374E-285	0	448	450	0	448	450	449M
9378	5318	-6.591E+02	1.00	5.890E-287	0	448	450	0	448	450	449M
9378	9378	-6.588E+02	1.00	8.071E-287	0	449	450	0	449	450	450M
9379	1441	-2.436E+02	0.988	1.567E-106	6	179	181	0	173	175	174M
9379	5319	-2.585E+02	1.00	5.687E-113	0	179	181	0	179	181	180M
9379	9379	-2.581E+02	1.00	7.797E-113	0	180	181	0	180	181	181M
9380	1440	-5.494E+02	0.986	2.564E-239	0	368	370	0	368	370	369M
9380	5320	-5.560E+02	1.00	3.430E-242	0	368	370	0	368	370	369M
9380	9380	-5.557E+02	1.00	4.700E-242	0	369	370	0	369	370	370M
9381	1439	-5.976E+02	0.997	2.802E-260	0	387	389	0	387	389	388M
9381	5321	-5.986E+02	1.00	1.089E-260	0	387	389	0	387	389	388M
9381	9381	-5.983E+02	1.00	1.492E-260	0	388	389	0	388	389	389M
9382	1438	-1.882E+02	1.00	1.936E-82	0	118	120	0	118	120	119M
9382	5322	-1.882E+02	1.00	1.936E-82	0	118	120	0	118	120	119M
9382	9382	-1.878E+02	1.00	2.655E-82	0	119	120	0	119	120	120M
9383	1437	-2.653E+02	0.982	5.939E-116	0	174	176	0	174	176	175M
9383	5323	-2.707E+02	1.00	2.780E-118	0	174	176	0	174	176	175M
9383	9383	-2.704E+02	1.00	3.812E-118	0	175	176	0	175	176	176M
9384	1436	-6.709E+02	0.992	4.291E-292	0	424	426	0	424	426	425M
9384	5324	-6.753E+02	1.00	5.211E-294	0	424	426	0	424	426	425M
9384	9384	-6.750E+02	1.00	7.141E-294	0	425	426	0	425	426	426M
9385	1435	-2.398E+02	1.00	7.212E-105	0	160	162	0	160	162	161M
9385	5325	-2.398E+02	1.00	7.212E-105	0	160	162	0	160	162	161M
9385	9385	-2.395E+02	1.00	9.888E-105	0	161	162	0	161	162	162M
9386	1434	-3.560E+02	0.991	2.481E-155	0	244	246	0	244	246	245M
9386	5326	-3.579E+02	1.00	3.742E-156	0	244	246	0	244	246	245M
9386	9386	-3.576E+02	1.00	5.129E-156	0	245	246	0	245	246	246M
9387	1433	-4.954E+02	0.996	7.061E-216	0	316	318	0	316	318	317M
9387	5327	-4.973E+02	1.00	1.066E-216	0	316	318	0	316	318	317M
9387	9387	-4.970E+02	1.00	1.460E-216	0	317	318	0	317	318	318M
9388	1432	-4.746E+02	0.984	7.634E-207	0	316	318	0	316	318	317M
9388	5328	-4.812E+02	1.00	1.020E-209	0	316	318	0	316	318	317M
9388	9388	-4.809E+02	1.00	1.397E-209	0	317	318	0	317	318	318M
9389	1431	-4.576E+02	0.983	1.919E-199	0	303	305	0	303	305	304M
9389	5329	-4.648E+02	1.00	1.364E-202	0	303	305	0	303	305	304M
9389	9389	-4.645E+02	1.00	1.870E-202	0	304	305	0	304	305	305M
9390	1430	-7.084E+02	0.988	0.000E+00	0	767	769	0	767	769	768M
9390	5330	-7.084E+02	1.00	0.000E+00	0	767	769	0	767	769	768M
9390	9390	-7.084E+02	1.00	0.000E+00	0	768	769	0	768	769	769M
9391	5331	-6.614E+02	1.00	5.463E-288	0	424	426	0	424	426	425M
9391	9391	-6.611E+02	1.00	7.487E-288	0	425	426	0	425	426	426M
9392	1427	-7.357E+02	0.975	3.148E-320	0	494	496	0	494	496	495M
9392	5332	-7.084E+02	1.00	0.000E+00	0	494	496	0	494	496	495M
9392	9392	-7.084E+02	1.00	0.000E+00	0	495	496	0	495	496	496M
9393	1426	-7.084E+02	0.986	0.000E+00	0	819	821	4	823	825	820M
9393	5333	-7.084E+02	1.00	0.000E+00	0	819	821	0	819	821	820M
9393	9393	-7.084E+02	1.00	0.000E+00	0	820	821	0	820	821	821M
9394	1425	-3.906E+02	0.961	2.215E-170	0	258	260	0	258	260	259M
9394	5334	-4.045E+02	1.00	2.093E-176	0	258	260	0	258	260	259M
9394	9394	-4.042E+02	1.00	2.869E-176	0	259	260	0	259	260	260M
9395	2314	-3.699E+02	0.622	2.221E-161	0	401	405	0	401	403	227M1I11M1D163M
9395	5335	-5.972E+02	1.00	4.312E-260	0	403	405	0	403	405	404M
9395	9395	-5.969E+02	1.00	5.909E-260	0	404	405	0	404	405	405M
9396	1308	-2.299E+02	0.682	1.397E-100	0	213	218	0	213	218	214M
9396	5336	-3.286E+02	1.00	1.918E-143	0	216	218	0	216	218	217M
9396	9396	-3.283E+02	1.00	2.629E-143	0	217	218	0	217	218	218M
9397	3870	-3.271E+02	0.991	8.993E-143	0	222	224	0	222	224	223M
9397	5337	-3.299E+02	1.00	5.264E-144	0	222	224	0	222	224	223M
9397	9397	-3.296E+02	1.00	7.215E-144	0	223	224	0	223	224	224M
9398	4017	-4.679E+02	1.00	6.410E-204	0	305	307	0	305	307	306M
9398	5338	-4.679E+02	1.00	6.410E-204	0	305	307	0	305	307	306M
9398	9398	-4.676E+02	1.00	8.784E-204	0	306	307	0	306	307	307M
9399	4016	-1.428E+02	1.00	9.347E-63	0	95	97	0	95	97	96M
9399	5339	-1.428E+02	1.00	9.347E-63	0	95	97	0	95	97	96M
9399	9399	-1.425E+02	1.00	1.282E-62	0	96	97	0	96	97	97M
9400	4015	-5.475E+02	0.997	1.621E-238	0	367	369	0	367	369	368M
9400	5340	-5.497E+02	1.00	1.786E-239	0	367	369	0	367	369	368M
9400	9400	-5.494E+02	1.00	2.447E-239	0	368	369	0	368	369	369M
9401	2898	-2.484E+02	0.576	1.271E-108	0	292	305	0	291	320	179M1I113M
9401	5341	-4.513E+02	1.00	1.049E-196	0	303	305	0	303	305	304M
9401	9401	-4.509E+02	1.00	1.438E-196	0	304	305	0	304	305	305M
9402	3500	-4.115E+02	0.981	1.880E-179	0	263	265	0	263	265	264M
9402	5342	-4.188E+02	1.00	1.333E-182	0	263	265	0	263	265	264M
9402	9402	-4.185E+02	1.00	1.828E-182	0	264	265	0	264	265	265M
9403	3499	-3.494E+02	1.00	1.837E-152	0	237	239	0	237	239	238M
9403	5343	-3.494E+02	1.00	1.837E-152	0	237	239	0	237	239	238M
9403	9403	-3.491E+02	1.00	2.518E-152	0	238	239	0	238	239	239M
9404	3498	-7.084E+02	0.989	0.000E+00	0	576	578	0	576	578	577M
9404	5344	-7.084E+02	1.00	0.000E+00	0	576	578	0	576	578	577M
9404	9404	-7.084E+02	1.00	0.000E+00	0	577	578	0	577	578	578M
9405	3497	-6.532E+02	0.997	2.189E-284	0	433	435	0	433	435	434M
9405	5345	-6.544E+02	1.00	6.210E-285	0	433	435	0	433	435	434M
9405	9405	-6.541E+02	1.00	8.509E-285	0	434	435	0	434	435	435M
9406	3496	-5.054E+02	0.978	3.171E-220	0	331	333	0	331	333	332M
9406	5346	-5.174E+02	1.00	1.996E-225	0	331	333	0	331	333	332M
9406	9406	-5.171E+02	1.00	2.735E-225	0	332	333	0	332	333	333M
9407	3495	-6.061E+01	0.921	4.775E-27	0	50	51	0	50	525	51M
9407	5347	-6.568E+01	1.00	2.979E-29	0	50	51	0	50	51	51M
9407	9407	-6.568E+01	1.00	2.979E-29	0	50	51	0	50	51	51M
9408	1242	-3.694E+01	0.971	9.096E-17	0	34	36	109	143	145	35M
9408	5348	-3.789E+01	1.00	3.501E-17	0	34	36	0	34	36	35M
9408	11194	-3.789E+01	1.00	3.501E-17	0	34	36	0	34	36	35M
9409	1241	-2.709E+02	1.00	2.273E-118	0	183	185	0	183	185	184M
9409	5349	-2.709E+02	1.00	2.273E-118	0	183	185	0	183	185	184M
9409	9409	-2.706E+02	1.00	3.116E-118	0	184	185	0	184	185	185M
9410	1240	-7.349E+02	0.963	7.115E-320	0	498	500	0	498	500	499M
9410	5350	-7.084E+02	1.00	0.000E+00	0	498	500	0	498	500	499M
9410	9410	-7.084E+02	1.00	0.000E+00	0	499	500	0	499	500	500M
9411	1239	-7.084E+02	0.979	0.000E+00	0	790	792	0	790	792	791M
9411	5351	-7.084E+02	1.00	0.000E+00	0	790	792	0	790	792	791M
9411	9411	-7.084E+02	1.00	0.000E+00	0	791	792	0	791	792	792M
9412	1238	-4.600E+02	0.914	1.754E-200	0	326	328	0	326	328	327M
9412	5352	-5.050E+02	1.00	4.710E-220	0	326	328	0	326	328	327M
9412	9412	-5.047E+02	1.00	6.455E-220	0	327	328	0	327	328	328M
9413	1237	-3.276E+02	1.00	5.091E-143	0	230	232	0	230	232	231M
9413	5353	-3.276E+02	1.00	5.091E-143	0	230	232	0	230	232	231M
9413	9413	-3.273E+02	1.00	6.978E-143	0	231	232	0	231	232	232M
9414	1236	-3.934E+02	0.992	1.446E-171	0	267	269	0	267	269	268M
9414	5354	-3.956E+02	1.00	1.592E-172	0	267	269	0	267	269	268M
9414	9414	-3.953E+02	1.00	2.181E-172	0	268	269	0	268	269	269M
9415	1235	-5.099E+02	1.00	3.632E-222	0	350	352	0	350	352	351M
9415	5355	-5.099E+02	1.00	3.632E-222	0	350	352	0	350	352	351M
9415	9415	-5.096E+02	1.00	4.977E-222	0	351	352	0	351	352	352M
9416	3794	-7.084E+02	0.980	0.000E+00	0	909	911	7	916	918	910M
9416	5356	-7.084E+02	1.00	0.000E+00	0	909	911	0	909	911	910M
9416	9416	-7.084E+02	1.00	0.000E+00	0	910	911	0	910	911	911M
9417	3795	-7.084E+02	0.987	0.000E+00	0	898	900	0	898	900	899M
9417	5357	-7.084E+02	1.00	0.000E+00	0	898	900	0	898	900	899M
9417	9417	-7.084E+02	1.00	0.000E+00	0	899	900	0	899	900	900M
9418	3796	-3.026E+02	1.00	3.876E-132	0	193	195	0	193	195	194M
9418	5358	-3.026E+02	1.00	3.876E-132	0	193	195	0	193	195	194M
9418	9418	-3.023E+02	1.00	5.314E-132	0	194	195	0	194	195	195M
9419	985	-7.084E+02	0.976	0.000E+00	0	599	601	0	599	601	600M
9419	5359	-7.084E+02	1.00	0.000E+00	0	599	601	0	599	601	600M
9419	9419	-7.084E+02	1.00	0.000E+00	0	600	601	0	600	601	601M
9420	986	-7.084E+02	0.996	0.000E+00	0	512	514	0	512	514	513M
9420	5360	-7.084E+02	1.00	0.000E+00	0	512	514	0	512	514	513M
9420	9420	-7.084E+02	1.00	0.000E+00	0	513	514	0	513	514	514M
9421	987	-7.404E+02	1.00	2.915E-322	0	468	470	0	468	470	469M
9421	5361	-7.404E+02	1.00	2.915E-322	0	468	470	0	468	470	469M
9421	9421	-7.400E+02	1.00	4.002E-322	0	469	470	0	469	470	470M
9422	988	-2.659E+02	0.994	3.249E-116	0	168	170	0	168	170	169M
9422	5362	-2.675E+02	1.00	6.707E-117	0	168	170	0	168	170	169M
9422	9422	-2.672E+02	1.00	9.196E-117	0	169	170	0	169	170	170M
9423	989	-4.487E+02	1.00	1.396E-195	0	291	293	0	291	293	292M
9423	5363	-4.487E+02	1.00	1.396E-195	0	291	293	0	291	293	292M
9423	9423	-4.484E+02	1.00	1.914E-195	0	292	293	0	292	293	293M
9424	990	-6.343E+02	0.881	3.397E-276	0	480	482	0	484	486	228M3I10M3D20M4D220M
9424	5364	-7.247E+02	1.00	1.893E-315	0	480	482	0	480	482	481M
9424	9424	-7.244E+02	1.00	2.594E-315	0	481	482	0	481	482	482M
9425	991	-7.565E+01	0.984	1.405E-33	0	65	67	0	65	67	66M
9425	5365	-7.723E+01	1.00	2.880E-34	0	65	67	0	65	67	66M
9425	9425	-7.691E+01	1.00	3.954E-34	0	66	67	0	66	67	67M
9426	992	-2.098E+02	1.00	7.309E-92	0	146	148	0	146	148	147M
9426	5366	-2.098E+02	1.00	7.309E-92	0	146	148	0	146	148	147M
9426	9426	-2.095E+02	1.00	1.002E-91	0	147	148	0	147	148	148M
9427	993	-3.237E+02	1.00	2.665E-141	0	207	209	0	207	209	208M
9427	5367	-3.237E+02	1.00	2.665E-141	0	207	209	0	207	209	208M
9427	9427	-3.234E+02	1.00	3.653E-141	0	208	209	0	208	209	209M
9428	994	-3.862E+02	0.992	1.802E-168	0	251	253	0	251	253	252M
9428	5368	-3.900E+02	1.00	4.099E-170	0	251	253	0	251	253	252M
9428	9428	-3.897E+02	1.00	5.618E-170	0	252	253	0	252	253	253M
9429	995	-5.811E+02	0.997	4.203E-253	0	390	392	0	390	392	391M
9429	5369	-5.827E+02	1.00	8.698E-254	0	390	392	0	390	392	391M
9429	9429	-5.824E+02	1.00	1.192E-253	0	391	392	0	391	392	392M
9430	996	-6.457E+02	1.00	3.878E-281	0	411	413	0	411	413	412M
9430	5370	-6.457E+02	1.00	3.878E-281	0	411	413	0	411	413	412M
9430	9430	-6.454E+02	1.00	5.314E-281	0	412	413	0	412	413	413M
9431	997	-7.084E+02	1.00	0.000E+00	0	755	757	0	755	757	756M
9431	5371	-7.084E+02	1.00	0.000E+00	0	755	757	0	755	757	756M
9431	9431	-7.084E+02	1.00	0.000E+00	0	756	757	0	756	757	757M
9432	998	-7.084E+02	0.996	0.000E+00	0	948	950	0	948	950	949M
9432	5372	-7.084E+02	1.00	0.000E+00	0	948	950	0	948	950	949M
9432	9432	-7.084E+02	1.00	0.000E+00	0	949	950	0	949	950	950M
9433	999	-3.584E+02	0.987	2.157E-156	0	239	241	0	239	241	240M
9433	5373	-3.625E+02	1.00	3.578E-158	0	239	241	0	239	241	240M
9433	9433	-3.622E+02	1.00	4.904E-158	0	240	241	0	240	241	241M
9434	1000	-4.273E+02	0.992	2.765E-186	0	277	279	0	277	279	278M
9434	5374	-4.295E+02	1.00	3.043E-187	0	277	279	0	277	279	278M
9434	9434	-4.292E+02	1.00	4.171E-187	0	278	279	0	278	279	279M
9435	1001	-7.108E+02	0.995	1.916E-309	0	459	461	0	459	461	460M
9435	5375	-7.127E+02	1.00	2.894E-310	0	459	461	0	459	461	460M
9435	9435	-7.124E+02	1.00	3.966E-310	0	460	461	0	460	461	461M
9436	1002	-2.633E+02	0.983	4.551E-115	0	177	179	0	177	179	178M
9436	5376	-2.690E+02	1.00	1.554E-117	0	177	179	0	177	179	178M
9436	9436	-2.686E+02	1.00	2.131E-117	0	178	179	0	178	179	179M
9437	1003	-1.893E+02	1.00	5.891E-83	0	126	128	0	126	128	127M
9437	5377	-1.893E+02	1.00	5.891E-83	0	126	128	0	126	128	127M
9437	9437	-1.890E+02	1.00	8.078E-83	0	127	128	0	127	128	128M
9438	1004	-7.084E+02	0.997	0.000E+00	0	820	822	0	820	822	821M
9438	5378	-7.084E+02	1.00	0.000E+00	0	820	822	0	820	822	821M
9438	9438	-7.084E+02	1.00	0.000E+00	0	821	822	0	821	822	822M
9439	1005	-5.323E+02	1.00	6.798E-232	0	336	338	0	336	338	337M
9439	5379	-5.323E+02	1.00	6.798E-232	0	336	338	0	336	338	337M
9439	9439	-5.320E+02	1.00	9.316E-232	0	337	338	0	337	338	338M
9440	1006	-7.258E+02	1.00	6.042E-316	0	469	471	0	469	471	470M
9440	5380	-7.258E+02	1.00	6.042E-316	0	469	471	0	469	471	470M
9440	9440	-7.255E+02	1.00	8.280E-316	0	470	471	0	470	471	471M
9441	1007	-5.267E+01	1.00	1.340E-23	0	43	45	0	43	45	44M
9441	5381	-5.267E+01	1.00	1.340E-23	0	43	45	0	43	45	44M
9441	9441	-5.235E+01	1.00	1.841E-23	0	44	45	0	44	45	45M
9442	1008	-5.868E+02	0.990	1.412E-255	0	403	405	0	403	405	404M
9442	5382	-5.928E+02	1.00	3.550E-258	0	403	405	0	403	405	404M
9442	9442	-5.925E+02	1.00	4.864E-258	0	404	405	0	404	405	405M
9443	1009	-6.566E+02	0.997	6.988E-286	0	447	449	0	447	449	448M
9443	5383	-6.579E+02	1.00	1.982E-286	0	447	449	0	447	449	448M
9443	9443	-6.575E+02	1.00	2.716E-286	0	448	449	0	448	449	449M
9444	1010	-5.465E+02	1.00	4.470E-238	0	355	357	0	355	357	356M
9444	5384	-5.465E+02	1.00	4.470E-238	0	355	357	0	355	357	356M
9444	9444	-5.462E+02	1.00	6.126E-238	0	356	357	0	356	357	357M
9445	147	-4.318E+02	1.00	2.907E-188	0	274	276	0	274	276	275M
9445	5385	-4.318E+02	1.00	2.907E-188	0	274	276	0	274	276	275M
9445	9445	-4.315E+02	1.00	3.984E-188	0	275	276	0	275	276	276M
9446	148	-3.677E+02	1.00	1.966E-160	0	249	251	0	249	251	250M
9446	5386	-3.677E+02	1.00	1.966E-160	0	249	251	0	249	251	250M
9446	9446	-3.674E+02	1.00	2.695E-160	0	250	251	0	250	251	251M
9447	149	-3.986E+02	0.996	7.745E-174	0	290	292	0	290	292	291M
9447	5387	-3.999E+02	1.00	2.196E-174	0	290	292	0	290	292	291M
9447	9447	-3.995E+02	1.00	3.009E-174	0	291	292	0	291	292	292M
9448	150	-2.357E+02	0.975	4.364E-103	0	160	162	0	160	162	161M
9448	5388	-2.395E+02	1.00	9.888E-105	0	160	162	0	160	162	161M
9448	9448	-2.392E+02	1.00	1.356E-104	0	161	162	0	161	162	162M
9449	151	-4.259E+02	0.996	1.107E-185	0	273	275	0	273	275	274M
9449	5389	-4.271E+02	1.00	3.138E-186	0	273	275	0	273	275	274M
9449	9449	-4.268E+02	1.00	4.300E-186	0	274	275	0	274	275	275M
9450	152	-3.339E+02	0.983	9.416E-146	0	237	239	0	237	239	238M
9450	5390	-3.380E+02	1.00	1.562E-147	0	237	239	0	237	239	238M
9450	9450	-3.377E+02	1.00	2.141E-147	0	238	239	0	238	239	239M
9451	153	-1.471E+02	1.00	1.268E-64	0	104	106	0	104	106	105M
9451	5391	-1.471E+02	1.00	1.268E-64	0	104	106	0	104	106	105M
9451	9451	-1.468E+02	1.00	1.740E-64	0	105	106	0	105	106	106M
9452	154	-2.144E+02	1.00	7.410E-94	0	149	151	0	149	151	150M
9452	5392	-2.144E+02	1.00	7.410E-94	0	149	151	0	149	151	150M
9452	9452	-2.141E+02	1.00	1.016E-93	0	150	151	0	150	151	151M
9453	155	-2.926E+02	1.00	8.416E-128	0	204	206	0	204	206	205M
9453	5393	-2.926E+02	1.00	8.416E-128	0	204	206	0	204	206	205M
9453	9453	-2.923E+02	1.00	1.154E-127	0	205	206	0	205	206	206M
9454	156	-5.170E+02	1.00	2.867E-225	0	332	334	0	332	334	333M
9454	5394	-5.170E+02	1.00	2.867E-225	0	332	334	0	332	334	333M
9454	9454	-5.167E+02	1.00	3.929E-225	0	333	334	0	333	334	334M
9455	157	-5.675E+02	1.00	3.617E-247	0	379	381	0	379	381	380M
9455	5395	-5.675E+02	1.00	3.617E-247	0	379	381	0	379	381	380M
9455	9455	-5.671E+02	1.00	4.956E-247	0	380	381	0	380	381	381M
9456	158	-3.176E+02	1.00	1.138E-138	0	215	217	0	215	217	216M
9456	5396	-3.176E+02	1.00	1.138E-138	0	215	217	0	215	217	216M
9456	9456	-3.173E+02	1.00	1.560E-138	0	216	217	0	216	217	217M
9457	159	-4.213E+02	1.00	1.037E-183	0	269	271	0	269	271	270M
9457	5397	-4.213E+02	1.00	1.037E-183	0	269	271	0	269	271	270M
9457	9457	-4.210E+02	1.00	1.422E-183	0	270	271	0	270	271	271M
9458	160	-3.791E+02	1.00	2.347E-165	0	256	258	0	256	258	257M
9458	5398	-3.791E+02	1.00	2.347E-165	0	256	258	0	256	258	257M
9458	9458	-3.788E+02	1.00	3.217E-165	0	257	258	0	257	258	258M
9459	161	-4.598E+02	1.00	2.141E-200	0	310	312	0	310	312	311M
9459	5399	-4.598E+02	1.00	2.141E-200	0	310	312	0	310	312	311M
9459	9459	-4.594E+02	1.00	2.934E-200	0	311	312	0	311	312	312M
9460	162	-2.867E+02	0.971	3.111E-125	0	209	211	0	209	211	210M
9460	5400	-2.984E+02	1.00	2.661E-130	0	209	211	0	209	211	210M
9460	9460	-2.980E+02	1.00	3.648E-130	0	210	211	0	210	211	211M
9461	163	-3.439E+02	0.995	4.581E-150	0	227	229	0	227	229	228M
9461	5401	-3.464E+02	1.00	3.676E-151	0	227	229	0	227	229	228M
9461	9461	-3.461E+02	1.00	5.038E-151	0	228	229	0	228	229	229M
9462	164	-5.746E+02	0.951	2.812E-250	0	408	410	0	408	410	409M
9462	5402	-6.045E+02	1.00	2.832E-263	0	408	410	0	408	410	409M
9462	9462	-6.042E+02	1.00	3.880E-263	0	409	410	0	409	410	410M
9463	5403	-4.397E+02	1.00	1.098E-191	0	274	276	0	274	276	275M
9463	9463	-4.394E+02	1.00	1.505E-191	0	275	276	0	275	276	276M
9464	165	-6.372E+02	1.00	1.769E-277	0	416	418	0	416	418	417M
9464	5404	-6.372E+02	1.00	1.769E-277	0	416	418	0	416	418	417M
9464	9464	-6.369E+02	1.00	2.424E-277	0	417	418	0	417	418	418M
9465	166	-6.925E+02	0.997	1.778E-301	0	481	483	0	481	483	482M
9465	5405	-6.934E+02	1.00	6.911E-302	0	481	483	0	481	483	482M
9465	9465	-6.931E+02	1.00	9.469E-302	0	482	483	0	482	483	483M
9466	167	-7.084E+02	0.993	0.000E+00	0	1058	1060	0	1058	1060	1059M
9466	5406	-7.084E+02	1.00	0.000E+00	0	1058	1060	0	1058	1060	1059M
9466	9466	-7.084E+02	1.00	0.000E+00	0	1059	1060	0	1059	1060	1060M
9467	168	-5.770E+02	0.995	2.698E-251	0	405	407	0	405	407	406M
9467	5407	-5.792E+02	1.00	2.975E-252	0	405	407	0	405	407	406M
9467	9467	-5.788E+02	1.00	4.076E-252	0	406	407	0	406	407	407M
9468	5408	-7.864E+01	1.00	7.039E-35	0	56	58	0	56	58	57M
9468	9468	-7.832E+01	1.00	9.664E-35	0	57	58	0	57	58	58M
9469	169	-5.292E+02	1.00	1.537E-230	0	342	344	0	342	344	343M
9469	5409	-5.292E+02	1.00	1.537E-230	0	342	344	0	342	344	343M
9469	9469	-5.288E+02	1.00	2.106E-230	0	343	344	0	343	344	344M
9470	170	-3.877E+02	1.00	4.155E-169	0	260	262	0	260	262	261M
9470	5410	-3.877E+02	1.00	4.155E-169	0	260	262	0	260	262	261M
9470	9470	-3.874E+02	1.00	5.695E-169	0	261	262	0	261	262	262M
9471	171	-3.189E+02	0.991	3.165E-139	0	228	230	0	228	230	229M
9471	5411	-3.214E+02	1.00	2.540E-140	0	228	230	0	228	230	229M
9471	9471	-3.211E+02	1.00	3.481E-140	0	229	230	0	229	230	230M
9472	172	-3.516E+02	0.991	1.928E-153	0	236	238	0	236	238	237M
9472	5412	-3.545E+02	1.00	1.129E-154	0	236	238	0	236	238	237M
9472	9472	-3.542E+02	1.00	1.547E-154	0	237	238	0	237	238	238M
9473	173	-3.752E+02	0.992	1.081E-163	0	257	259	0	257	259	258M
9473	5413	-3.800E+02	1.00	9.555E-166	0	257	259	0	257	259	258M
9473	9473	-3.797E+02	1.00	1.310E-165	0	258	259	0	258	259	259M
9474	174	-1.419E+02	1.00	2.421E-62	0	108	110	0	108	110	109M
9474	5414	-1.419E+02	1.00	2.421E-62	0	108	110	0	108	110	109M
9474	9474	-1.416E+02	1.00	3.321E-62	0	109	110	0	109	110	110M
9475	175	-1.249E+02	0.942	5.528E-55	0	86	88	0	86	88	87M
9475	5415	-1.344E+02	1.00	4.188E-59	0	86	88	0	86	88	87M
9475	9475	-1.341E+02	1.00	5.746E-59	0	87	88	0	87	88	88M
9476	176	-7.035E+02	0.989	3.054E-306	0	455	457	0	455	457	456M
9476	5416	-7.120E+02	1.00	6.178E-310	0	455	457	0	455	457	456M
9476	9476	-7.117E+02	1.00	8.466E-310	0	456	457	0	456	457	457M
9477	177	-7.084E+02	0.987	0.000E+00	0	486	488	0	485	487	148M1I338M
9477	5417	-7.084E+02	1.00	0.000E+00	0	486	488	0	486	488	487M
9477	9477	-7.084E+02	1.00	0.000E+00	0	487	488	0	487	488	488M
9478	178	-3.751E+02	0.854	1.298E-163	0	288	290	0	288	290	289M
9478	5418	-4.365E+02	1.00	2.646E-190	0	288	290	0	288	290	289M
9478	9478	-4.362E+02	1.00	3.626E-190	0	289	290	0	289	290	290M
9479	179	-3.963E+02	1.00	7.600E-173	0	258	260	0	258	260	259M
9479	5419	-3.963E+02	1.00	7.600E-173	0	258	260	0	258	260	259M
9479	9479	-3.960E+02	1.00	1.042E-172	0	259	260	0	259	260	260M
9480	180	-3.643E+02	0.983	5.929E-159	0	241	243	0	241	243	242M
9480	5420	-3.710E+02	1.00	7.894E-162	0	241	243	0	241	243	242M
9480	9480	-3.706E+02	1.00	1.082E-161	0	242	243	0	242	243	243M
9481	181	-5.813E+02	0.992	3.658E-253	0	421	423	0	421	423	422M
9481	5421	-5.860E+02	1.00	3.246E-255	0	421	423	0	421	423	422M
9481	9481	-5.857E+02	1.00	4.448E-255	0	422	423	0	422	423	423M
9482	182	-7.084E+02	0.991	0.000E+00	0	584	586	0	584	586	585M
9482	5422	-7.084E+02	1.00	0.000E+00	0	584	586	0	584	586	585M
9482	9482	-7.084E+02	1.00	0.000E+00	0	585	586	0	585	586	586M
9483	183	-1.585E+02	1.00	1.525E-69	0	118	120	0	118	120	119M
9483	5423	-1.585E+02	1.00	1.525E-69	0	118	120	0	118	120	119M
9483	9483	-1.581E+02	1.00	2.092E-69	0	119	120	0	119	120	120M
9484	184	-3.250E+02	0.995	7.097E-142	0	219	221	0	219	221	220M
9484	5424	-3.266E+02	1.00	1.466E-142	0	219	221	0	219	221	220M
9484	9484	-3.263E+02	1.00	2.010E-142	0	220	221	0	220	221	221M
9485	185	-6.577E+02	0.995	2.386E-286	0	451	453	0	451	453	452M
9485	5425	-6.611E+02	1.00	7.463E-288	0	451	453	0	451	453	452M
9485	9485	-6.608E+02	1.00	1.023E-287	0	452	453	0	452	453	453M
9486	186	-7.298E+01	1.00	2.011E-32	0	55	57	0	55	57	56M
9486	5426	-7.298E+01	1.00	2.011E-32	0	55	57	0	55	57	56M
9486	9486	-7.267E+01	1.00	2.761E-32	0	56	57	0	56	57	57M
9487	187	-4.682E+02	0.989	4.611E-204	0	298	300	0	298	300	299M
9487	5427	-4.723E+02	1.00	7.658E-206	0	298	300	0	298	300	299M
9487	9487	-4.720E+02	1.00	1.050E-205	0	299	300	0	299	300	300M
9488	188	-2.558E+02	1.00	8.182E-112	0	182	184	0	182	184	183M
9488	5428	-2.558E+02	1.00	8.182E-112	0	182	184	0	182	184	183M
9488	9488	-2.555E+02	1.00	1.122E-111	0	183	184	0	183	184	184M
9489	189	-7.084E+02	0.998	0.000E+00	0	797	799	0	797	799	798M
9489	5429	-7.084E+02	1.00	0.000E+00	0	797	799	0	797	799	798M
9489	9489	-7.084E+02	1.00	0.000E+00	0	798	799	0	798	799	799M
9490	190	-4.643E+02	1.00	2.332E-202	0	301	303	0	301	303	302M
9490	5430	-4.643E+02	1.00	2.332E-202	0	301	303	0	301	303	302M
9490	9490	-4.640E+02	1.00	3.197E-202	0	302	303	0	302	303	303M
9491	191	-1.305E+02	1.00	2.161E-57	0	89	91	0	89	91	90M
9491	5431	-1.305E+02	1.00	2.161E-57	0	89	91	0	89	91	90M
9491	9491	-1.302E+02	1.00	2.965E-57	0	90	91	0	90	91	91M
9492	192	-5.165E+02	0.997	4.740E-225	0	336	338	0	336	338	337M
9492	5432	-5.175E+02	1.00	1.842E-225	0	336	338	0	336	338	337M
9492	9492	-5.172E+02	1.00	2.524E-225	0	337	338	0	337	338	338M
9493	193	-6.476E+02	1.00	5.689E-282	0	451	453	0	451	453	452M
9493	5433	-6.476E+02	1.00	5.689E-282	0	451	453	0	451	453	452M
9493	9493	-6.473E+02	1.00	7.796E-282	0	452	453	0	452	453	453M
9494	194	-5.885E+02	1.00	2.573E-256	0	380	382	0	380	382	381M
9494	5434	-5.885E+02	1.00	2.573E-256	0	380	382	0	380	382	381M
9494	9494	-5.882E+02	1.00	3.526E-256	0	381	382	0	381	382	382M
9495	195	-4.820E+02	0.984	4.715E-210	0	313	315	0	313	315	314M
9495	5435	-4.892E+02	1.00	3.351E-213	0	313	315	0	313	315	314M
9495	9495	-4.889E+02	1.00	4.593E-213	0	314	315	0	314	315	315M
9496	196	-5.484E+02	1.00	6.598E-239	0	368	370	0	368	370	369M
9496	5436	-5.484E+02	1.00	6.598E-239	0	368	370	0	368	370	369M
9496	9496	-5.481E+02	1.00	9.042E-239	0	369	370	0	369	370	370M
9497	197	-7.084E+02	0.997	0.000E+00	0	747	749	8	755	757	748M
9497	5437	-7.084E+02	1.00	0.000E+00	0	747	749	0	747	749	748M
9497	9497	-7.084E+02	1.00	0.000E+00	0	748	749	0	748	749	749M
9498	198	-1.928E+02	1.00	1.825E-84	0	126	128	0	126	128	127M
9498	5438	-1.928E+02	1.00	1.825E-84	0	126	128	0	126	128	127M
9498	9498	-1.925E+02	1.00	2.503E-84	0	127	128	0	127	128	128M
9499	199	-7.355E+02	0.979	3.892E-320	0	485	487	0	485	487	486M
9499	5439	-7.084E+02	1.00	0.000E+00	0	485	487	0	485	487	486M
9499	9499	-7.084E+02	1.00	0.000E+00	0	486	487	0	486	487	487M
9500	200	-4.875E+02	0.990	1.956E-212	0	317	319	0	317	319	318M
9500	5440	-4.922E+02	1.00	1.730E-214	0	317	319	0	317	319	318M
9500	9500	-4.919E+02	1.00	2.371E-214	0	318	319	0	318	319	319M
9501	201	-3.324E+02	0.995	4.280E-145	0	209	211	0	209	211	210M
9501	5441	-3.327E+02	1.00	3.122E-145	0	209	211	0	209	211	210M
9501	9501	-3.324E+02	1.00	4.280E-145	0	210	211	0	210	211	211M
9502	202	-3.750E+02	0.972	1.414E-163	0	256	258	0	256	258	257M
9502	5442	-3.854E+02	1.00	4.287E-168	0	256	258	0	256	258	257M
9502	9502	-3.851E+02	1.00	5.876E-168	0	257	258	0	257	258	258M
9503	203	-2.972E+02	0.980	8.156E-130	0	206	208	0	206	208	207M
9503	5443	-3.039E+02	1.00	1.084E-132	0	206	208	0	206	208	207M
9503	9503	-3.035E+02	1.00	1.486E-132	0	207	208	0	207	208	208M
9504	204	-3.808E+02	1.00	4.273E-166	0	260	262	0	260	262	261M
9504	5444	-3.808E+02	1.00	4.273E-166	0	260	262	0	260	262	261M
9504	9504	-3.805E+02	1.00	5.856E-166	0	261	262	0	261	262	262M
9505	205	-8.362E+01	0.984	4.843E-37	0	64	66	0	64	66	65M
9505	5445	-8.552E+01	1.00	7.237E-38	0	64	66	0	64	66	65M
9505	9505	-8.520E+01	1.00	9.935E-38	0	65	66	0	65	66	66M
9506	206	-1.748E+02	1.00	1.233E-76	0	120	122	0	120	122	121M
9506	5446	-1.748E+02	1.00	1.233E-76	0	120	122	0	120	122	121M
9506	9506	-1.745E+02	1.00	1.691E-76	0	121	122	0	121	122	122M
9507	207	-4.233E+02	1.00	1.418E-184	0	287	289	0	287	289	288M
9507	5447	-4.233E+02	1.00	1.418E-184	0	287	289	0	287	289	288M
9507	9507	-4.230E+02	1.00	1.943E-184	0	288	289	0	288	289	289M
9508	208	-1.129E+02	1.00	9.360E-50	0	80	82	0	80	82	81M
9508	5448	-1.129E+02	1.00	9.360E-50	0	80	82	0	80	82	81M
9508	9508	-1.126E+02	1.00	1.284E-49	0	81	82	0	81	82	82M
9509	401	-9.983E+01	1.00	4.390E-44	0	69	71	0	69	71	70M
9509	5449	-9.983E+01	1.00	4.390E-44	0	69	71	0	69	71	70M
9509	9509	-9.952E+01	1.00	6.026E-44	0	70	71	0	70	71	71M
9510	400	-5.818E+02	1.00	2.112E-253	0	382	384	0	382	384	383M
9510	5450	-5.818E+02	1.00	2.112E-253	0	382	384	0	382	384	383M
9510	9510	-5.815E+02	1.00	2.894E-253	0	383	384	0	383	384	384M
9511	399	-1.717E+02	0.992	2.696E-75	0	125	127	0	125	127	126M
9511	5451	-1.730E+02	1.00	7.621E-76	0	125	127	0	125	127	126M
9511	9511	-1.726E+02	1.00	1.045E-75	0	126	127	0	126	127	127M
9512	398	-2.810E+02	0.994	9.545E-123	0	190	192	0	190	192	191M
9512	5452	-2.819E+02	1.00	3.705E-123	0	190	192	0	190	192	191M
9512	9512	-2.816E+02	1.00	5.079E-123	0	191	192	0	191	192	192M
9513	397	-5.342E+02	1.00	1.018E-232	0	356	358	0	356	358	357M
9513	5453	-5.342E+02	1.00	1.018E-232	0	356	358	0	356	358	357M
9513	9513	-5.339E+02	1.00	1.395E-232	0	357	358	0	357	358	358M
9514	396	-2.254E+02	0.993	1.237E-98	0	150	152	0	150	152	151M
9514	5454	-2.267E+02	1.00	3.499E-99	0	150	152	0	150	152	151M
9514	9514	-2.264E+02	1.00	4.798E-99	0	151	152	0	151	152	152M
9515	395	-5.618E+02	0.984	1.003E-244	0	378	380	0	378	380	379M
9515	5455	-5.713E+02	1.00	7.871E-249	0	378	380	0	378	380	379M
9515	9515	-5.710E+02	1.00	1.079E-248	0	379	380	0	379	380	380M
9516	394	-2.156E+02	0.993	2.349E-94	0	158	160	0	158	160	159M
9516	5456	-2.159E+02	1.00	1.713E-94	0	158	160	0	158	160	159M
9516	9516	-2.156E+02	1.00	2.349E-94	0	159	160	0	159	160	160M
9517	393	-5.031E+02	1.00	3.161E-219	0	333	335	0	333	335	334M
9517	5457	-5.031E+02	1.00	3.161E-219	0	333	335	0	333	335	334M
9517	9517	-5.028E+02	1.00	4.332E-219	0	334	335	0	334	335	335M
9518	392	-2.741E+02	0.989	8.692E-120	0	194	196	0	194	196	195M
9518	5458	-2.773E+02	1.00	3.708E-121	0	194	196	0	194	196	195M
9518	9518	-2.770E+02	1.00	5.083E-121	0	195	196	0	195	196	196M
9519	391	-7.084E+02	0.998	0.000E+00	0	512	514	0	512	514	513M
9519	5459	-7.084E+02	1.00	0.000E+00	0	512	514	0	512	514	513M
9519	9519	-7.084E+02	1.00	0.000E+00	0	513	514	0	513	514	514M
9520	390	-7.084E+02	0.998	0.000E+00	0	628	630	0	628	630	629M
9520	5460	-7.084E+02	1.00	0.000E+00	0	628	630	0	628	630	629M
9520	9520	-7.084E+02	1.00	0.000E+00	0	629	630	0	629	630	630M
9521	389	-3.161E+02	0.967	5.507E-138	0	215	217	0	215	217	216M
9521	5461	-3.261E+02	1.00	2.280E-142	0	215	217	0	215	217	216M
9521	9521	-3.258E+02	1.00	3.125E-142	0	216	217	0	216	217	217M
9522	388	-4.804E+02	0.996	2.310E-209	0	320	322	0	320	322	321M
9522	5462	-4.832E+02	1.00	1.354E-210	0	320	322	0	320	322	321M
9522	9522	-4.829E+02	1.00	1.856E-210	0	321	322	0	321	322	322M
9523	387	-7.034E+02	0.993	3.302E-306	0	477	479	0	477	479	478M
9523	5463	-7.084E+02	1.00	2.138E-308	0	477	479	0	477	479	478M
9523	9523	-7.081E+02	1.00	2.930E-308	0	478	479	0	478	479	479M
9524	386	-1.899E+02	1.00	3.328E-83	0	147	149	0	147	149	148M
9524	5464	-1.899E+02	1.00	3.328E-83	0	147	149	0	147	149	148M
9524	9524	-1.896E+02	1.00	4.563E-83	0	148	149	0	148	149	149M
9525	385	-8.648E+01	1.00	2.758E-38	0	70	72	0	70	72	71M
9525	5465	-8.648E+01	1.00	2.758E-38	0	70	72	0	70	72	71M
9525	9525	-8.617E+01	1.00	3.785E-38	0	71	72	0	71	72	72M
9526	384	-5.033E+02	0.997	2.533E-219	0	335	337	0	335	337	336M
9526	5466	-5.046E+02	1.00	7.182E-220	0	335	337	0	335	337	336M
9526	9526	-5.043E+02	1.00	9.842E-220	0	336	337	0	336	337	337M
9527	383	-5.671E+02	0.983	5.070E-247	0	366	368	0	366	368	367M
9527	5467	-5.763E+02	1.00	5.448E-251	0	366	368	0	366	368	367M
9527	9527	-5.759E+02	1.00	7.466E-251	0	367	368	0	367	368	368M
9528	382	-4.515E+02	1.00	8.577E-197	0	292	294	0	292	294	293M
9528	5468	-4.515E+02	1.00	8.577E-197	0	292	294	0	292	294	293M
9528	9528	-4.511E+02	1.00	1.175E-196	0	293	294	0	293	294	294M
9529	381	-7.084E+02	1.00	0.000E+00	0	501	503	0	501	503	502M
9529	5469	-7.084E+02	1.00	0.000E+00	0	501	503	0	501	503	502M
9529	9529	-7.084E+02	1.00	0.000E+00	0	502	503	0	502	503	503M
9530	380	-4.045E+02	0.943	2.228E-176	0	266	268	0	266	268	267M
9530	5470	-4.262E+02	1.00	7.952E-186	0	266	268	0	266	268	267M
9530	9530	-4.259E+02	1.00	1.090E-185	0	267	268	0	267	268	268M
9531	379	-4.714E+02	1.00	1.908E-205	0	304	306	0	304	306	305M
9531	5471	-4.714E+02	1.00	1.908E-205	0	304	306	0	304	306	305M
9531	9531	-4.711E+02	1.00	2.615E-205	0	305	306	0	305	306	306M
9532	378	-7.106E+02	0.986	2.392E-309	0	457	459	0	457	459	458M
9532	5472	-7.172E+02	1.00	3.203E-312	0	457	459	0	457	459	458M
9532	9532	-7.169E+02	1.00	4.389E-312	0	458	459	0	458	459	459M
9533	377	-7.084E+02	0.986	0.000E+00	0	521	523	0	521	523	522M
9533	5473	-7.084E+02	1.00	0.000E+00	0	521	523	0	521	523	522M
9533	9533	-7.084E+02	1.00	0.000E+00	0	522	523	0	522	523	523M
9534	376	-6.734E+02	0.995	3.357E-293	0	464	466	0	464	466	465M
9534	5474	-6.757E+02	1.00	3.702E-294	0	464	466	0	464	466	465M
9534	9534	-6.753E+02	1.00	5.072E-294	0	465	466	0	465	466	466M
9535	4449	-1.087E+02	0.987	6.436E-48	0	76	78	0	76	78	77M
9535	5475	-1.099E+02	1.00	1.815E-48	0	76	78	0	76	78	77M
9535	9535	-1.096E+02	1.00	2.490E-48	0	77	78	0	77	78	78M
9536	4156	-5.204E+02	0.993	1.016E-226	0	328	330	0	328	330	329M
9536	5476	-5.232E+02	1.00	5.958E-228	0	328	330	0	328	330	329M
9536	9536	-5.229E+02	1.00	8.165E-228	0	329	330	0	329	330	330M
9537	4157	-4.049E+02	1.00	1.411E-176	0	263	265	0	263	265	264M
9537	5477	-4.049E+02	1.00	1.411E-176	0	263	265	0	263	265	264M
9537	9537	-4.046E+02	1.00	1.934E-176	0	264	265	0	264	265	265M
9538	4158	-3.134E+02	0.989	7.889E-137	0	198	200	0	198	200	199M
9538	5478	-3.150E+02	1.00	1.629E-137	0	198	200	0	198	200	199M
9538	9538	-3.147E+02	1.00	2.234E-137	0	199	200	0	199	200	200M
9539	4159	-3.325E+02	0.995	3.778E-145	0	213	215	0	213	215	214M
9539	5479	-3.351E+02	1.00	3.030E-146	0	213	215	0	213	215	214M
9539	9539	-3.348E+02	1.00	4.153E-146	0	214	215	0	214	215	215M
9540	4199	-1.537E+02	0.974	1.830E-67	0	118	121	0	118	121	119M
9540	5480	-1.597E+02	1.00	4.524E-70	0	119	121	0	119	121	120M
9540	9540	-1.594E+02	1.00	6.205E-70	0	120	121	0	120	121	121M
9541	4200	-2.347E+02	0.987	1.214E-102	0	155	157	0	155	157	156M
9541	5481	-2.381E+02	1.00	3.769E-104	0	155	157	0	155	157	156M
9541	9541	-2.378E+02	1.00	5.168E-104	0	156	157	0	156	157	157M
9542	5482	-1.372E+02	1.00	2.642E-60	0	107	109	0	107	109	108M
9542	9542	-1.369E+02	1.00	3.624E-60	0	108	109	0	108	109	109M
9543	4205	-2.713E+02	0.989	1.438E-118	0	192	202	0	192	195	193M
9543	5483	-2.918E+02	1.00	1.794E-127	0	200	202	0	200	202	201M
9543	9543	-2.915E+02	1.00	2.460E-127	0	201	202	0	201	202	202M
9544	4204	-4.430E+02	0.992	3.946E-193	0	277	279	0	277	279	278M
9544	5484	-4.465E+02	1.00	1.230E-194	0	277	279	0	277	279	278M
9544	9544	-4.462E+02	1.00	1.686E-194	0	278	279	0	278	279	279M
9545	4203	-5.913E+02	0.994	1.582E-257	0	381	383	0	382	384	76M1D306M
9545	5485	-5.957E+02	1.00	1.920E-259	0	381	383	0	381	383	382M
9545	9545	-5.954E+02	1.00	2.631E-259	0	382	383	0	382	383	383M
9546	4060	-5.944E+02	1.00	7.421E-259	0	410	412	0	410	412	411M
9546	5486	-5.944E+02	1.00	7.421E-259	0	410	412	0	410	412	411M
9546	9546	-5.941E+02	1.00	1.017E-258	0	411	412	0	411	412	412M
9547	4059	-4.360E+02	0.986	4.431E-190	0	299	301	0	299	301	300M
9547	5487	-4.420E+02	1.00	1.111E-192	0	299	301	0	299	301	300M
9547	9547	-4.417E+02	1.00	1.523E-192	0	300	301	0	300	301	301M
9548	4058	-3.343E+02	0.978	6.555E-146	0	231	238	0	231	233	232M
9548	5488	-3.507E+02	1.00	4.964E-153	0	236	238	0	236	238	237M
9548	9548	-3.504E+02	1.00	6.804E-153	0	237	238	0	237	238	238M
9549	4057	-8.895E+01	1.00	2.335E-39	0	65	67	0	65	67	66M
9549	5489	-8.895E+01	1.00	2.335E-39	0	65	67	0	65	67	66M
9549	9549	-8.864E+01	1.00	3.205E-39	0	66	67	0	66	67	67M
9550	5490	-3.017E+02	1.00	9.107E-132	0	211	213	0	211	213	212M
9550	9550	-3.014E+02	1.00	1.248E-131	0	212	213	0	212	213	213M
9551	4277	-2.519E+02	0.988	3.901E-110	0	177	179	0	177	179	178M
9551	5491	-2.532E+02	1.00	1.104E-110	0	177	179	0	177	179	178M
9551	9551	-2.529E+02	1.00	1.514E-110	0	178	179	0	178	179	179M
9552	5492	-2.612E+02	1.00	3.656E-114	0	181	183	0	181	183	182M
9552	9552	-2.609E+02	1.00	5.012E-114	0	182	183	0	182	183	183M
9553	3877	-2.478E+02	0.982	2.431E-108	0	171	173	0	171	173	172M
9553	5493	-2.503E+02	1.00	1.947E-109	0	171	173	0	171	173	172M
9553	9553	-2.500E+02	1.00	2.670E-109	0	172	173	0	172	173	173M
9554	3878	-3.980E+02	0.989	1.422E-173	4	276	278	0	272	274	273M
9554	5494	-4.075E+02	1.00	1.112E-177	0	276	278	0	276	278	277M
9554	9554	-4.071E+02	1.00	1.524E-177	0	277	278	0	277	278	278M
9555	3879	-7.084E+02	0.993	0.000E+00	0	831	833	0	831	833	832M
9555	5495	-7.084E+02	1.00	0.000E+00	0	831	833	0	831	833	832M
9555	9555	-7.084E+02	1.00	0.000E+00	0	832	833	0	832	833	833M
9556	3880	-5.060E+02	0.991	1.709E-220	0	338	340	0	338	340	339M
9556	5496	-5.098E+02	1.00	3.896E-222	0	338	340	0	338	340	339M
9556	9556	-5.095E+02	1.00	5.339E-222	0	339	340	0	339	340	340M
9557	3881	-1.051E+02	0.987	2.199E-46	0	77	79	0	77	79	78M
9557	5497	-1.067E+02	1.00	4.518E-47	0	77	79	0	77	79	78M
9557	9557	-1.064E+02	1.00	6.200E-47	0	78	79	0	78	79	79M
9558	3790	-7.322E+02	0.997	1.006E-318	0	494	496	0	494	496	495M
9558	5498	-7.338E+02	1.00	2.084E-319	0	494	496	0	494	496	495M
9558	9558	-7.335E+02	1.00	2.855E-319	0	495	496	0	495	496	496M
9559	2705	-2.665E+02	0.978	1.883E-116	0	183	185	0	183	185	184M
9559	5499	-2.721E+02	1.00	6.435E-119	0	183	185	0	183	185	184M
9559	9559	-2.718E+02	1.00	8.822E-119	0	184	185	0	184	185	185M
9560	2704	-4.187E+02	0.979	1.494E-182	0	293	301	0	293	297	294M
9560	5500	-4.344E+02	1.00	2.142E-189	0	299	301	0	299	301	300M
9560	9560	-4.341E+02	1.00	2.936E-189	0	300	301	0	300	301	301M
9561	5501	-7.084E+02	1.00	0.000E+00	0	531	533	0	531	533	532M
9561	9561	-7.084E+02	1.00	0.000E+00	0	532	533	0	532	533	533M
9562	5502	-7.084E+02	1.00	0.000E+00	0	560	562	0	560	562	561M
9562	9562	-7.084E+02	1.00	0.000E+00	0	561	562	0	561	562	562M
9563	2703	-2.901E+02	0.995	1.049E-126	0	204	206	0	204	206	205M
9563	5503	-2.939E+02	1.00	2.383E-128	0	204	206	0	204	206	205M
9563	9563	-2.935E+02	1.00	3.267E-128	0	205	206	0	205	206	206M
9564	2702	-3.833E+02	0.985	3.476E-167	0	267	269	0	267	269	268M
9564	5504	-3.905E+02	1.00	2.468E-170	0	267	269	0	267	269	268M
9564	9564	-3.902E+02	1.00	3.382E-170	0	268	269	0	268	269	269M
9565	2701	-7.084E+02	0.998	0.000E+00	0	565	567	0	565	567	566M
9565	5505	-7.084E+02	1.00	0.000E+00	0	565	567	0	565	567	566M
9565	9565	-7.084E+02	1.00	0.000E+00	0	566	567	0	566	567	567M
9566	2700	-3.347E+02	0.987	4.563E-146	0	235	237	0	235	237	236M
9566	5506	-3.391E+02	1.00	5.522E-148	0	235	237	0	235	237	236M
9566	9566	-3.388E+02	1.00	7.570E-148	0	236	237	0	236	237	237M
9567	5507	-2.373E+02	1.00	9.007E-104	0	160	162	0	160	162	161M
9567	9567	-2.370E+02	1.00	1.235E-103	0	161	162	0	161	162	162M
9568	5508	-3.882E+02	1.00	2.511E-169	0	256	258	0	256	258	257M
9568	9568	-3.879E+02	1.00	3.442E-169	0	257	258	0	257	258	258M
9569	5509	-7.939E+01	1.00	3.338E-35	0	60	62	0	60	62	61M
9569	9569	-7.907E+01	1.00	4.583E-35	0	61	62	0	61	62	62M
9570	5510	-5.956E+02	1.00	2.135E-259	0	390	392	0	390	392	391M
9570	9570	-5.953E+02	1.00	2.925E-259	0	391	392	0	391	392	392M
9571	2060	-7.230E+02	1.00	1.061E-314	0	490	492	0	490	492	491M
9571	5511	-7.230E+02	1.00	1.061E-314	0	490	492	0	490	492	491M
9571	9571	-7.226E+02	1.00	1.454E-314	0	491	492	0	491	492	492M
9572	2059	-4.454E+02	1.00	3.587E-194	0	293	295	0	293	295	294M
9572	5512	-4.454E+02	1.00	3.587E-194	0	293	295	0	293	295	294M
9572	9572	-4.451E+02	1.00	4.916E-194	0	294	295	0	294	295	295M
9573	2061	-5.560E+01	0.609	7.116E-25	7	85	88	92	178	181	33M4D8M3D10M1D28M
9573	5513	-1.227E+02	1.00	5.059E-54	0	86	88	0	86	88	87M
9573	9573	-1.224E+02	1.00	6.942E-54	0	87	88	0	87	88	88M
9574	5514	-7.084E+02	1.00	0.000E+00	0	518	520	0	518	520	519M
9574	9574	-7.084E+02	1.00	0.000E+00	0	519	520	0	519	520	520M
9575	5515	-1.835E+02	1.00	2.106E-80	0	117	119	0	117	119	118M
9575	9575	-1.831E+02	1.00	2.889E-80	0	118	119	0	118	119	119M
9576	5516	-1.328E+02	1.00	2.098E-58	0	93	95	0	93	95	94M
9576	9576	-1.325E+02	1.00	2.878E-58	0	94	95	0	94	95	95M
9577	3245	-5.348E+01	0.549	5.930E-24	0	101	114	0	93	175	54M1I32M7I8M
9577	5517	-1.515E+02	1.00	1.635E-66	0	112	114	0	112	114	113M
9577	9577	-1.512E+02	1.00	2.243E-66	0	113	114	0	113	114	114M
9578	3834	-2.510E+02	0.678	1.026E-109	19	273	276	52	303	308	179M3I73M
9578	5518	-4.116E+02	1.00	1.681E-179	0	274	276	0	274	276	275M
9578	9578	-4.113E+02	1.00	2.304E-179	0	275	276	0	275	276	276M
9579	3751	-7.084E+02	0.999	0.000E+00	368	2336	2338	0	1968	1970	1969M
9579	7295	-7.084E+02	0.999	0.000E+00	26	2336	2338	0	2310	2312	2311M
9579	9579	-7.084E+02	1.00	0.000E+00	0	2337	2338	0	2337	2338	2338M
9580	7294	-7.084E+02	1.00	0.000E+00	0	550	552	0	550	552	551M
9580	9580	-7.084E+02	1.00	0.000E+00	0	551	552	0	551	552	552M
9581	3535	-7.084E+02	0.979	0.000E+00	0	573	575	0	573	575	574M
9581	7293	-7.084E+02	1.00	0.000E+00	0	573	575	0	573	575	574M
9581	9581	-7.084E+02	1.00	0.000E+00	0	574	575	0	574	575	575M
9582	3534	-3.674E+02	0.995	2.873E-160	0	237	239	0	237	239	238M
9582	7292	-3.683E+02	1.00	1.116E-160	0	237	239	0	237	239	238M
9582	9582	-3.680E+02	1.00	1.529E-160	0	238	239	0	238	239	239M
9583	3533	-1.589E+02	1.00	9.387E-70	0	108	110	0	108	110	109M
9583	7291	-1.589E+02	1.00	9.387E-70	0	108	110	0	108	110	109M
9583	9583	-1.586E+02	1.00	1.288E-69	0	109	110	0	109	110	110M
9584	3532	-1.970E+02	1.00	2.778E-86	0	144	146	0	144	146	145M
9584	7290	-1.970E+02	1.00	2.778E-86	0	144	146	0	144	146	145M
9584	9584	-1.967E+02	1.00	3.809E-86	0	145	146	0	145	146	146M
9585	7289	-3.277E+02	1.00	4.855E-143	0	209	211	0	209	211	210M
9585	9585	-3.274E+02	1.00	6.656E-143	0	210	211	0	210	211	211M
9586	2031	-2.248E+02	0.993	2.372E-98	0	157	159	0	157	159	158M
9586	7288	-2.254E+02	1.00	1.262E-98	0	157	159	0	157	159	158M
9586	9586	-2.251E+02	1.00	1.730E-98	0	158	159	0	158	159	159M
9587	2032	-7.084E+02	0.998	0.000E+00	0	1075	1077	0	1075	1077	1076M
9587	7287	-7.084E+02	1.00	0.000E+00	0	1075	1077	0	1075	1077	1076M
9587	9587	-7.084E+02	1.00	0.000E+00	0	1076	1077	0	1076	1077	1077M
9588	2033	-5.933E+02	0.997	2.075E-258	0	378	380	0	378	380	379M
9588	7286	-5.946E+02	1.00	5.883E-259	0	378	380	0	378	380	379M
9588	9588	-5.943E+02	1.00	8.062E-259	0	379	380	0	379	380	380M
9589	2034	-2.442E+02	0.989	8.975E-107	0	194	196	0	194	196	195M
9589	7285	-2.467E+02	1.00	7.197E-108	0	194	196	0	194	196	195M
9589	9589	-2.464E+02	1.00	9.866E-108	0	195	196	0	195	196	196M
9590	2035	-2.844E+02	0.994	2.999E-124	0	177	179	0	177	179	178M
9590	7284	-2.854E+02	1.00	1.164E-124	0	177	179	0	177	179	178M
9590	9590	-2.851E+02	1.00	1.595E-124	0	178	179	0	178	179	179M
9591	2036	-1.432E+02	1.00	6.205E-63	0	106	108	0	106	108	107M
9591	7283	-1.432E+02	1.00	6.205E-63	0	106	108	0	106	108	107M
9591	9591	-1.429E+02	1.00	8.512E-63	0	107	108	0	107	108	108M
9592	2037	-3.145E+02	1.00	2.665E-137	0	215	217	0	215	217	216M
9592	7282	-3.145E+02	1.00	2.665E-137	0	215	217	0	215	217	216M
9592	9592	-3.142E+02	1.00	3.653E-137	0	216	217	0	216	217	217M
9593	2038	-7.084E+02	0.998	0.000E+00	0	630	632	0	630	632	631M
9593	7281	-7.084E+02	1.00	0.000E+00	0	630	632	0	630	632	631M
9593	9593	-7.084E+02	1.00	0.000E+00	0	631	632	0	631	632	632M
9594	2039	-4.128E+02	0.989	5.060E-180	0	281	284	0	281	284	282M
9594	7280	-4.195E+02	1.00	6.751E-183	0	282	284	0	282	284	283M
9594	9594	-4.191E+02	1.00	9.253E-183	0	283	284	0	283	284	284M
9595	2040	-1.446E+02	1.00	1.514E-63	0	103	105	0	103	105	104M
9595	7279	-1.446E+02	1.00	1.514E-63	0	103	105	0	103	105	104M
9595	9595	-1.443E+02	1.00	2.077E-63	0	104	105	0	104	105	105M
9596	2041	-1.599E+02	0.940	3.462E-70	0	116	122	0	116	118	117M
9596	7278	-1.767E+02	1.00	1.853E-77	0	120	122	0	120	122	121M
9596	9596	-1.764E+02	1.00	2.542E-77	0	121	122	0	121	122	122M
9597	2042	-7.084E+02	0.972	0.000E+00	0	586	588	0	586	588	587M
9597	7277	-7.084E+02	1.00	0.000E+00	0	586	588	0	586	588	587M
9597	9597	-7.084E+02	1.00	0.000E+00	0	587	588	0	587	588	588M
9598	2043	-4.173E+02	0.996	5.852E-182	0	281	283	0	281	283	282M
9598	7276	-4.176E+02	1.00	4.270E-182	0	281	283	0	281	283	282M
9598	9598	-4.173E+02	1.00	5.852E-182	0	282	283	0	282	283	283M
9599	2044	-3.448E+02	0.990	1.834E-150	0	221	223	0	221	223	222M
9599	7275	-3.473E+02	1.00	1.472E-151	0	221	223	0	221	223	222M
9599	9599	-3.470E+02	1.00	2.017E-151	0	222	223	0	222	223	223M
9600	2045	-2.004E+02	1.00	9.299E-88	0	139	141	0	139	141	140M
9600	7274	-2.004E+02	1.00	9.299E-88	0	139	141	0	139	141	140M
9600	9600	-2.001E+02	1.00	1.275E-87	0	140	141	0	140	141	141M
9601	2046	-6.646E+02	0.997	2.395E-289	0	438	440	0	438	440	439M
9601	7273	-6.649E+02	1.00	1.748E-289	0	438	440	0	438	440	439M
9601	9601	-6.646E+02	1.00	2.395E-289	0	439	440	0	439	440	440M
9602	2516	-7.084E+02	0.990	0.000E+00	0	501	503	0	501	503	502M
9602	7272	-7.084E+02	1.00	0.000E+00	0	501	503	0	501	503	502M
9602	9602	-7.084E+02	1.00	0.000E+00	0	502	503	0	502	503	503M
9603	2515	-7.084E+02	0.986	0.000E+00	0	504	506	0	504	506	505M
9603	7271	-7.084E+02	1.00	0.000E+00	0	504	506	0	504	506	505M
9603	9603	-7.084E+02	1.00	0.000E+00	0	505	506	0	505	506	506M
9604	2514	-7.084E+02	0.998	0.000E+00	0	609	611	0	609	611	610M
9604	7270	-7.084E+02	1.00	0.000E+00	0	609	611	0	609	611	610M
9604	9604	-7.084E+02	1.00	0.000E+00	0	610	611	0	610	611	611M
9605	2513	-4.714E+02	0.996	1.935E-205	0	311	313	0	311	313	312M
9605	7269	-4.726E+02	1.00	5.484E-206	0	311	313	0	311	313	312M
9605	9605	-4.723E+02	1.00	7.516E-206	0	312	313	0	312	313	313M
9606	2512	-3.828E+02	0.995	5.782E-167	0	239	253	0	239	254	240M
9606	7268	-4.045E+02	1.00	2.059E-176	0	251	253	0	251	253	252M
9606	9606	-4.042E+02	1.00	2.822E-176	0	252	253	0	252	253	253M
9607	3418	-7.084E+02	0.919	0.000E+00	0	2975	3176	0	3000	3006	211M95D2645M10I4M10I8M32I3M18I35M
9607	7267	-7.084E+02	1.00	0.000E+00	0	3174	3176	0	3174	3176	3175M
9607	9607	-7.084E+02	1.00	0.000E+00	0	3175	3176	0	3175	3176	3176M
9608	4062	-1.305E+02	1.00	2.117E-57	0	95	97	0	95	97	96M
9608	7266	-1.305E+02	1.00	2.117E-57	0	95	97	0	95	97	96M
9608	9608	-1.302E+02	1.00	2.905E-57	0	96	97	0	96	97	97M
9609	4063	-7.084E+02	1.00	0.000E+00	0	543	545	0	543	545	544M
9609	7265	-7.084E+02	1.00	0.000E+00	0	543	545	0	543	545	544M
9609	9609	-7.084E+02	1.00	0.000E+00	0	544	545	0	544	545	545M
9610	4064	-1.661E+02	1.00	7.214E-73	0	123	125	0	123	125	124M
9610	7264	-1.661E+02	1.00	7.214E-73	0	123	125	0	123	125	124M
9610	9610	-1.658E+02	1.00	9.893E-73	0	124	125	0	124	125	125M
9611	3757	-4.290E+02	0.985	5.045E-187	28	308	310	0	280	282	281M
9611	7263	-4.841E+02	1.00	5.624E-211	0	308	310	0	308	310	309M
9611	9611	-4.838E+02	1.00	7.708E-211	0	309	310	0	309	310	310M
9612	3756	-5.873E+02	0.992	8.658E-256	0	379	381	0	379	381	380M
9612	7262	-5.920E+02	1.00	7.669E-258	0	379	381	0	379	381	380M
9612	9612	-5.917E+02	1.00	1.051E-257	0	380	381	0	380	381	381M
9613	3755	-7.084E+02	0.996	0.000E+00	0	1030	1032	0	1030	1032	1031M
9613	7261	-7.084E+02	1.00	0.000E+00	0	1030	1032	0	1030	1032	1031M
9613	9613	-7.084E+02	1.00	0.000E+00	0	1031	1032	0	1031	1032	1032M
9614	3754	-2.781E+02	0.994	1.632E-121	0	190	192	0	190	192	191M
9614	7260	-2.800E+02	1.00	2.459E-122	0	190	192	0	190	192	191M
9614	9614	-2.797E+02	1.00	3.371E-122	0	191	192	0	191	192	192M
9615	3753	-4.423E+02	1.00	8.497E-193	0	300	302	0	300	302	301M
9615	7259	-4.423E+02	1.00	8.497E-193	0	300	302	0	300	302	301M
9615	9615	-4.419E+02	1.00	1.165E-192	0	301	302	0	301	302	302M
9616	3018	-4.306E+02	0.993	9.611E-188	0	286	288	0	286	288	287M
9616	7258	-4.335E+02	1.00	5.632E-189	0	286	288	0	286	288	287M
9616	9616	-4.331E+02	1.00	7.719E-189	0	287	288	0	287	288	288M
9617	3019	-4.646E+02	1.00	1.624E-202	0	300	302	0	300	302	301M
9617	7257	-4.646E+02	1.00	1.624E-202	0	300	302	0	300	302	301M
9617	9617	-4.643E+02	1.00	2.225E-202	0	301	302	0	301	302	302M
9618	3020	-1.748E+02	1.00	1.202E-76	0	126	128	0	126	128	127M
9618	7256	-1.748E+02	1.00	1.202E-76	0	126	128	0	126	128	127M
9618	9618	-1.745E+02	1.00	1.648E-76	0	127	128	0	127	128	128M
9619	3021	-5.613E+02	1.00	1.695E-244	0	369	371	0	369	371	370M
9619	7255	-5.613E+02	1.00	1.695E-244	0	369	371	0	369	371	370M
9619	9619	-5.610E+02	1.00	2.323E-244	0	370	371	0	370	371	371M
9620	3022	-2.419E+02	0.987	9.140E-106	0	163	165	0	163	165	164M
9620	7254	-2.463E+02	1.00	1.102E-107	0	163	165	0	163	165	164M
9620	9620	-2.460E+02	1.00	1.511E-107	0	164	165	0	164	165	165M
9621	3023	-2.772E+02	0.967	4.133E-121	0	183	185	0	183	185	184M
9621	7253	-2.848E+02	1.00	2.127E-124	0	183	185	0	183	185	184M
9621	9621	-2.845E+02	1.00	2.916E-124	0	184	185	0	184	185	185M
9622	3024	-7.084E+02	0.995	0.000E+00	0	1331	1333	0	1331	1333	1332M
9622	7252	-7.084E+02	1.00	0.000E+00	0	1331	1333	0	1331	1333	1332M
9622	9622	-7.084E+02	1.00	0.000E+00	0	1332	1333	0	1332	1333	1333M
9623	7251	-5.249E+02	1.00	1.141E-228	0	360	362	0	360	362	361M
9623	9623	-5.245E+02	1.00	1.563E-228	0	361	362	0	361	362	362M
9624	4226	-2.655E+02	0.927	5.170E-116	0	191	193	0	191	193	192M
9624	7250	-2.872E+02	1.00	1.821E-125	0	191	193	0	191	193	192M
9624	9624	-2.869E+02	1.00	2.496E-125	0	192	193	0	192	193	193M
9625	4227	-4.180E+02	0.989	2.873E-182	0	286	288	0	286	288	287M
9625	7249	-4.218E+02	1.00	6.542E-184	0	286	288	0	286	288	287M
9625	9625	-4.215E+02	1.00	8.966E-184	0	287	288	0	287	288	288M
9626	2455	-2.006E+01	0.246	1.945E-09	4	196	206	2	194	199	61M3D10M3D7M2I9M5I17M3I25M4D54M
9626	7248	-2.999E+02	1.00	5.950E-131	0	204	206	0	204	206	205M
9626	9626	-2.995E+02	1.00	8.157E-131	0	205	206	0	205	206	206M
9627	4081	-3.013E+02	0.995	1.394E-131	0	200	202	0	200	202	201M
9627	7247	-3.026E+02	1.00	3.947E-132	0	200	202	0	200	202	201M
9627	9627	-3.023E+02	1.00	5.410E-132	0	201	202	0	201	202	202M
9628	4082	-3.764E+02	0.992	3.366E-164	0	259	261	0	259	261	260M
9628	7246	-3.799E+02	1.00	1.050E-165	0	259	261	0	259	261	260M
9628	9628	-3.796E+02	1.00	1.439E-165	0	260	261	0	260	261	261M
9629	4083	-2.615E+02	0.978	2.585E-114	0	187	189	40	227	229	188M
9629	7245	-2.691E+02	1.00	1.331E-117	0	187	189	0	187	189	188M
9629	9629	-2.688E+02	1.00	1.825E-117	0	188	189	0	188	189	189M
9630	4084	-5.760E+02	0.984	6.734E-251	0	384	386	0	384	386	385M
9630	7244	-5.827E+02	1.00	9.010E-254	0	384	386	0	384	386	385M
9630	9630	-5.823E+02	1.00	1.235E-253	0	385	386	0	385	386	386M
9631	2427	-7.084E+02	0.997	0.000E+00	0	801	803	0	801	803	802M
9631	7243	-7.084E+02	1.00	0.000E+00	0	801	803	0	801	803	802M
9631	9631	-7.084E+02	1.00	0.000E+00	0	802	803	0	802	803	803M
9632	2428	-3.930E+02	1.00	2.147E-171	0	262	264	0	262	264	263M
9632	7242	-3.930E+02	1.00	2.147E-171	0	262	264	0	262	264	263M
9632	9632	-3.927E+02	1.00	2.943E-171	0	263	264	0	263	264	264M
9633	2429	-1.870E+02	1.00	6.213E-82	0	129	131	0	129	131	130M
9633	7241	-1.870E+02	1.00	6.213E-82	0	129	131	0	129	131	130M
9633	9633	-1.867E+02	1.00	8.521E-82	0	130	131	0	130	131	131M
9634	2430	-5.236E+02	0.966	4.169E-228	0	354	356	0	354	356	355M
9634	7240	-5.396E+02	1.00	4.373E-235	0	354	356	0	354	356	355M
9634	9634	-5.393E+02	1.00	5.992E-235	0	355	356	0	355	356	356M
9635	2431	-4.866E+02	0.987	4.867E-212	0	323	325	0	323	325	324M
9635	7239	-4.913E+02	1.00	4.307E-214	0	323	325	0	323	325	324M
9635	9635	-4.910E+02	1.00	5.903E-214	0	324	325	0	324	325	325M
9636	2432	-4.692E+02	1.00	1.718E-204	0	324	326	0	324	326	325M
9636	7238	-4.692E+02	1.00	1.718E-204	0	324	326	0	324	326	325M
9636	9636	-4.689E+02	1.00	2.354E-204	0	325	326	0	325	326	326M
9637	2433	-6.975E+02	1.00	1.172E-303	0	461	463	0	461	463	462M
9637	7237	-6.975E+02	1.00	1.172E-303	0	461	463	0	461	463	462M
9637	9637	-6.972E+02	1.00	1.606E-303	0	462	463	0	462	463	463M
9638	2434	-7.295E+02	1.00	1.491E-317	0	491	493	0	491	493	492M
9638	7236	-7.295E+02	1.00	1.491E-317	0	491	493	0	491	493	492M
9638	9638	-7.292E+02	1.00	2.043E-317	0	492	493	0	492	493	493M
9639	2435	-8.982E+01	1.00	9.832E-40	0	73	75	0	73	75	74M
9639	7235	-8.982E+01	1.00	9.832E-40	0	73	75	0	73	75	74M
9639	9639	-8.950E+01	1.00	1.349E-39	0	74	75	0	74	75	75M
9640	2436	-6.304E+02	0.997	1.728E-274	0	415	417	0	415	417	416M
9640	7234	-6.319E+02	1.00	3.576E-275	0	415	417	0	415	417	416M
9640	9640	-6.316E+02	1.00	4.900E-275	0	416	417	0	416	417	417M
9641	2437	-4.334E+02	0.992	5.820E-189	0	280	282	0	280	282	281M
9641	7233	-4.356E+02	1.00	6.406E-190	0	280	282	0	280	282	281M
9641	9641	-4.353E+02	1.00	8.780E-190	0	281	282	0	281	282	282M
9642	2438	-2.903E+02	0.995	8.413E-127	0	206	208	0	206	208	207M
9642	7232	-2.919E+02	1.00	1.738E-127	0	206	208	0	206	208	207M
9642	9642	-2.916E+02	1.00	2.383E-127	0	207	208	0	207	208	208M
9643	2439	-4.571E+02	0.990	3.173E-199	4	307	309	0	303	305	304M
9643	7231	-4.649E+02	1.00	1.201E-202	0	307	309	0	307	309	308M
9643	9643	-4.646E+02	1.00	1.646E-202	0	308	309	0	308	309	309M
9644	2571	-3.470E+02	1.00	2.042E-151	0	248	250	0	248	250	249M
9644	7230	-3.470E+02	1.00	2.042E-151	0	248	250	0	248	250	249M
9644	9644	-3.467E+02	1.00	2.798E-151	0	249	250	0	249	250	250M
9645	2572	-4.359E+02	1.00	5.155E-190	0	309	311	0	309	311	310M
9645	7229	-4.359E+02	1.00	5.155E-190	0	309	311	0	309	311	310M
9645	9645	-4.355E+02	1.00	7.064E-190	0	310	311	0	310	311	311M
9646	2573	-7.084E+02	1.00	0.000E+00	0	903	905	0	903	905	904M
9646	7228	-7.084E+02	1.00	0.000E+00	0	903	905	0	903	905	904M
9646	9646	-7.084E+02	1.00	0.000E+00	0	904	905	0	904	905	905M
9647	2574	-7.084E+02	0.985	0.000E+00	0	547	549	0	547	549	548M
9647	7539	-7.084E+02	1.00	0.000E+00	0	514	549	0	514	515	515M
9647	9647	-7.084E+02	1.00	0.000E+00	0	548	549	0	548	549	549M
9648	2575	-1.704E+02	0.984	9.537E-75	0	125	127	0	125	127	126M
9648	7538	-1.733E+02	1.00	5.557E-76	0	125	127	0	125	127	126M
9648	9648	-1.730E+02	1.00	7.621E-76	0	126	127	0	126	127	127M
9649	2576	-4.912E+02	0.993	4.730E-214	0	325	327	0	325	327	326M
9649	7537	-4.937E+02	1.00	3.802E-215	0	325	327	0	325	327	326M
9649	9649	-4.934E+02	1.00	5.210E-215	0	326	327	0	326	327	327M
9650	2577	-4.024E+02	0.977	1.757E-175	0	263	265	0	263	265	264M
9650	7536	-4.137E+02	1.00	2.069E-180	0	263	265	0	263	265	264M
9650	9650	-4.134E+02	1.00	2.836E-180	0	264	265	0	264	265	265M
9651	2578	-5.380E+02	0.988	2.241E-234	0	362	364	0	362	364	363M
9651	7535	-5.449E+02	1.00	2.187E-237	0	362	364	0	362	364	363M
9651	9651	-5.446E+02	1.00	2.997E-237	0	363	364	0	363	364	364M
9652	2579	-5.323E+02	0.994	6.436E-232	0	355	357	0	355	357	356M
9652	7534	-5.345E+02	1.00	7.090E-233	0	355	357	0	355	357	356M
9652	9652	-5.342E+02	1.00	9.716E-233	0	356	357	0	356	357	357M
9653	2580	-5.208E+02	0.997	6.370E-227	0	372	374	0	372	374	373M
9653	7533	-5.221E+02	1.00	1.807E-227	0	372	374	0	372	374	373M
9653	9653	-5.218E+02	1.00	2.476E-227	0	373	374	0	373	374	374M
9654	2581	-7.124E+02	1.00	4.169E-310	0	494	496	0	494	496	495M
9654	7532	-7.124E+02	1.00	4.169E-310	0	494	496	0	494	496	495M
9654	9654	-7.121E+02	1.00	5.712E-310	0	495	496	0	495	496	496M
9655	4237	-5.098E+02	0.997	3.844E-222	0	333	360	0	333	334	334M
9655	7531	-5.517E+02	1.00	2.426E-240	0	358	360	0	358	360	359M
9655	9655	-5.514E+02	1.00	3.324E-240	0	359	360	0	359	360	360M
9656	7530	-6.103E+01	1.00	3.132E-27	0	47	49	0	47	49	48M
9656	9656	-6.071E+01	1.00	4.301E-27	0	48	49	0	48	49	49M
9657	3150	-4.912E+02	0.996	4.825E-214	0	312	314	0	312	314	313M
9657	7529	-4.915E+02	1.00	3.520E-214	0	312	314	0	312	314	313M
9657	9657	-4.912E+02	1.00	4.825E-214	0	313	314	0	313	314	314M
9658	3149	-2.193E+02	0.993	6.029E-96	0	154	156	0	154	156	155M
9658	7528	-2.218E+02	1.00	4.826E-97	0	154	156	0	154	156	155M
9658	9658	-2.215E+02	1.00	6.618E-97	0	155	156	0	155	156	156M
9659	3148	-4.365E+02	1.00	2.590E-190	0	301	303	0	301	303	302M
9659	7527	-4.365E+02	1.00	2.590E-190	0	301	303	0	301	303	302M
9659	9659	-4.362E+02	1.00	3.550E-190	0	302	303	0	302	303	303M
9660	3147	-6.028E+02	1.00	1.602E-262	8	425	427	0	417	419	418M
9660	7526	-6.151E+02	1.00	7.406E-268	0	425	427	0	425	427	426M
9660	9660	-6.148E+02	1.00	1.015E-267	0	426	427	0	426	427	427M
9661	3146	-3.350E+02	0.991	3.131E-146	0	227	229	0	227	229	228M
9661	7525	-3.385E+02	1.00	9.754E-148	0	227	229	0	227	229	228M
9661	9661	-3.382E+02	1.00	1.337E-147	0	228	229	0	228	229	229M
9662	3457	-7.084E+02	0.986	0.000E+00	122	809	811	0	687	689	688M
9662	7524	-7.084E+02	1.00	0.000E+00	0	809	811	0	809	811	810M
9662	9662	-7.084E+02	1.00	0.000E+00	0	810	811	0	810	811	811M
9663	3456	-5.016E+02	1.00	1.509E-218	0	326	328	0	326	328	327M
9663	7523	-4.886E+02	1.00	6.168E-213	8	326	328	0	318	320	319M
9663	9663	-5.012E+02	1.00	2.068E-218	0	327	328	0	327	328	328M
9664	3455	-5.464E+02	0.997	4.969E-238	0	364	366	0	364	366	365M
9664	7522	-5.480E+02	1.00	1.028E-238	0	364	366	0	364	366	365M
9664	9664	-5.477E+02	1.00	1.409E-238	0	365	366	0	365	366	366M
9665	3454	-4.214E+02	0.992	9.895E-184	0	268	270	0	268	270	269M
9665	7521	-4.245E+02	1.00	4.229E-185	0	268	270	0	268	270	269M
9665	9665	-4.242E+02	1.00	5.796E-185	0	269	270	0	269	270	270M
9666	3453	-3.167E+02	0.980	2.883E-138	0	208	210	0	208	210	209M
9666	7520	-3.211E+02	1.00	3.485E-140	0	208	210	0	208	210	209M
9666	9666	-3.208E+02	1.00	4.777E-140	0	209	210	0	209	210	210M
9667	3452	-5.453E+02	1.00	1.577E-237	0	355	357	0	355	357	356M
9667	7519	-5.453E+02	1.00	1.577E-237	0	355	357	0	355	357	356M
9667	9667	-5.449E+02	1.00	2.161E-237	0	356	357	0	356	357	357M
9668	3451	-5.613E+02	1.00	1.688E-244	0	396	398	0	396	398	397M
9668	7518	-5.613E+02	1.00	1.688E-244	0	396	398	0	396	398	397M
9668	9668	-5.610E+02	1.00	2.313E-244	0	397	398	0	397	398	398M
9669	3450	-3.443E+02	1.00	2.946E-150	0	231	233	0	231	233	232M
9669	7517	-3.443E+02	1.00	2.946E-150	0	231	233	0	231	233	232M
9669	9669	-3.440E+02	1.00	4.038E-150	0	232	233	0	232	233	233M
9670	4102	-7.380E+02	0.774	2.994E-321	0	615	617	0	616	618	109M1D507M
9670	7516	-7.084E+02	1.00	0.000E+00	0	615	617	0	615	617	616M
9670	9670	-7.084E+02	1.00	0.000E+00	0	616	617	0	616	617	617M
9671	7515	-7.084E+02	1.00	0.000E+00	0	810	812	0	810	812	811M
9671	9671	-7.084E+02	1.00	0.000E+00	0	811	812	0	811	812	812M
9672	3078	-1.776E+02	0.992	7.713E-78	0	128	130	0	128	130	129M
9672	7514	-1.788E+02	1.00	2.181E-78	0	128	130	0	128	130	129M
9672	9672	-1.785E+02	1.00	2.990E-78	0	129	130	0	129	130	130M
9673	3077	-1.521E+02	0.990	8.478E-67	0	105	107	0	105	107	106M
9673	7513	-1.525E+02	1.00	6.181E-67	0	105	107	0	105	107	106M
9673	9673	-1.521E+02	1.00	8.478E-67	0	106	107	0	106	107	107M
9674	3076	-2.990E+02	0.995	1.462E-130	0	203	205	0	203	205	204M
9674	7512	-3.002E+02	1.00	4.140E-131	0	203	205	0	203	205	204M
9674	9674	-2.999E+02	1.00	5.675E-131	0	204	205	0	204	205	205M
9675	3075	-3.904E+02	1.00	2.896E-170	0	257	259	0	257	259	258M
9675	7511	-3.904E+02	1.00	2.896E-170	0	257	259	0	257	259	258M
9675	9675	-3.901E+02	1.00	3.970E-170	0	258	259	0	258	259	259M
9676	3074	-4.872E+02	1.00	2.473E-212	0	322	324	0	322	324	323M
9676	7510	-4.872E+02	1.00	2.473E-212	0	322	324	0	322	324	323M
9676	9676	-4.869E+02	1.00	3.389E-212	0	323	324	0	323	324	324M
9677	3073	-7.965E+01	1.00	2.558E-35	0	61	63	0	61	63	62M
9677	7509	-7.965E+01	1.00	2.558E-35	0	61	63	0	61	63	62M
9677	9677	-7.933E+01	1.00	3.512E-35	0	62	63	0	62	63	63M
9678	3072	-2.644E+02	0.994	1.441E-115	0	186	188	0	186	188	187M
9678	7508	-2.657E+02	1.00	4.081E-116	0	186	188	0	186	188	187M
9678	9678	-2.654E+02	1.00	5.594E-116	0	187	188	0	187	188	188M
9679	3071	-6.497E+02	1.00	6.611E-283	0	425	427	0	425	427	426M
9679	7507	-6.497E+02	1.00	6.611E-283	0	425	427	0	425	427	426M
9679	9679	-6.494E+02	1.00	9.059E-283	0	426	427	0	426	427	427M
9680	3070	-5.083E+02	0.955	1.789E-221	0	447	449	0	466	468	250M19D198M
9680	7506	-5.196E+02	1.00	2.147E-226	0	447	449	0	447	449	448M
9680	9680	-5.193E+02	1.00	2.942E-226	0	448	449	0	448	449	449M
9681	3069	-2.056E+02	0.993	5.111E-90	0	149	151	0	149	151	150M
9681	7505	-2.069E+02	1.00	1.446E-90	0	149	151	0	149	151	150M
9681	9681	-2.065E+02	1.00	1.982E-90	0	150	151	0	150	151	151M
9682	3068	-3.226E+02	0.995	8.283E-141	0	231	233	0	231	233	232M
9682	7504	-3.235E+02	1.00	3.217E-141	0	231	233	0	231	233	232M
9682	9682	-3.232E+02	1.00	4.409E-141	0	232	233	0	232	233	233M
9683	3067	-1.981E+02	1.00	9.138E-87	0	134	136	0	134	136	135M
9683	7503	-1.981E+02	1.00	9.138E-87	0	134	136	0	134	136	135M
9683	9683	-1.978E+02	1.00	1.253E-86	0	135	136	0	135	136	136M
9684	3066	-6.754E+02	0.995	4.921E-294	0	443	445	24	467	469	444M
9684	7502	-6.782E+02	1.00	2.889E-295	0	443	445	0	443	445	444M
9684	9684	-6.779E+02	1.00	3.958E-295	0	444	445	0	444	445	445M
9685	905	-5.000E+02	1.00	7.387E-218	0	333	335	0	333	335	334M
9685	7501	-5.000E+02	1.00	7.387E-218	0	333	335	0	333	335	334M
9685	9685	-4.996E+02	1.00	1.012E-217	0	334	335	0	334	335	335M
9686	904	-2.815E+02	0.994	5.413E-123	0	198	200	0	198	200	199M
9686	7500	-2.831E+02	1.00	1.118E-123	0	198	200	0	198	200	199M
9686	9686	-2.828E+02	1.00	1.533E-123	0	199	200	0	199	200	200M
9687	903	-6.976E+02	1.00	1.043E-303	0	445	447	0	445	447	446M
9687	7499	-6.976E+02	1.00	1.043E-303	0	445	447	0	445	447	446M
9687	9687	-6.973E+02	1.00	1.430E-303	0	446	447	0	446	447	447M
9688	902	-7.084E+02	0.997	0.000E+00	0	1276	1278	0	1276	1278	1277M
9688	7498	-7.084E+02	1.00	0.000E+00	0	1276	1278	0	1276	1278	1277M
9688	9688	-7.084E+02	1.00	0.000E+00	0	1277	1278	0	1277	1278	1278M
9689	901	-5.847E+02	1.00	1.114E-254	0	400	402	0	400	402	401M
9689	7497	-5.847E+02	1.00	1.114E-254	0	400	402	0	400	402	401M
9689	9689	-5.844E+02	1.00	1.527E-254	0	401	402	0	401	402	402M
9690	7496	-5.092E+01	1.00	7.685E-23	0	40	42	0	40	42	41M
9690	9690	-5.060E+01	1.00	1.056E-22	0	41	42	0	41	42	42M
9691	900	-1.503E+02	1.00	5.378E-66	0	104	106	0	104	106	105M
9691	7495	-1.503E+02	1.00	5.378E-66	0	104	106	0	104	106	105M
9691	9691	-1.500E+02	1.00	7.377E-66	0	105	106	0	105	106	106M
9692	899	-3.827E+02	0.992	5.946E-167	0	265	267	0	265	267	266M
9692	7494	-3.853E+02	1.00	4.775E-168	0	265	267	0	265	267	266M
9692	9692	-3.850E+02	1.00	6.544E-168	0	266	267	0	266	267	267M
9693	898	-3.103E+02	0.995	1.660E-135	0	209	211	0	209	211	210M
9693	7493	-3.122E+02	1.00	2.502E-136	0	209	211	0	209	211	210M
9693	9693	-3.119E+02	1.00	3.429E-136	0	210	211	0	210	211	211M
9694	897	-2.678E+02	0.973	4.930E-117	0	188	190	0	188	190	189M
9694	7492	-2.757E+02	1.00	1.852E-120	0	188	190	0	188	190	189M
9694	9694	-2.754E+02	1.00	2.539E-120	0	189	190	0	189	190	190M
9695	896	-2.266E+02	0.993	3.852E-99	0	152	154	0	152	154	153M
9695	7491	-2.279E+02	1.00	1.090E-99	0	152	154	0	152	154	153M
9695	9695	-2.276E+02	1.00	1.494E-99	0	153	154	0	153	154	154M
9696	895	-3.514E+02	1.00	2.366E-153	0	227	229	0	227	229	228M
9696	7490	-3.514E+02	1.00	2.366E-153	0	227	229	0	227	229	228M
9696	9696	-3.511E+02	1.00	3.243E-153	0	228	229	0	228	229	229M
9697	894	-1.787E+02	0.992	2.448E-78	0	137	139	0	137	139	138M
9697	7489	-1.806E+02	1.00	3.681E-79	0	137	139	0	137	139	138M
9697	9697	-1.803E+02	1.00	5.048E-79	0	138	139	0	138	139	139M
9698	893	-3.391E+02	1.00	5.616E-148	0	222	224	0	222	224	223M
9698	7488	-3.391E+02	1.00	5.616E-148	0	222	224	0	222	224	223M
9698	9698	-3.387E+02	1.00	7.699E-148	0	223	224	0	223	224	224M
9699	892	-3.630E+02	1.00	2.160E-158	0	235	237	0	235	237	236M
9699	7487	-3.630E+02	1.00	2.160E-158	0	235	237	0	235	237	236M
9699	9699	-3.627E+02	1.00	2.961E-158	0	236	237	0	236	237	237M
9700	891	-4.130E+02	1.00	4.336E-180	0	272	274	0	272	274	273M
9700	7486	-4.130E+02	1.00	4.336E-180	0	272	274	0	272	274	273M
9700	9700	-4.127E+02	1.00	5.943E-180	0	273	274	0	273	274	274M
9701	890	-2.844E+02	0.761	3.104E-124	0	245	247	0	246	248	212M1D34M
9701	7485	-3.749E+02	1.00	1.582E-163	0	245	247	0	245	247	246M
9701	9701	-3.745E+02	1.00	2.168E-163	0	246	247	0	246	247	247M
9702	889	-4.634E+02	1.00	5.541E-202	0	306	308	0	306	308	307M
9702	7484	-4.634E+02	1.00	5.541E-202	0	306	308	0	306	308	307M
9702	9702	-4.631E+02	1.00	7.594E-202	0	307	308	0	307	308	308M
9703	888	-5.334E+02	1.00	2.173E-232	0	352	354	0	352	354	353M
9703	7483	-5.334E+02	1.00	2.173E-232	0	352	354	0	352	354	353M
9703	9703	-5.331E+02	1.00	2.978E-232	0	353	354	0	353	354	354M
9704	887	-4.237E+02	1.00	9.996E-185	0	293	295	0	293	295	294M
9704	7482	-4.237E+02	1.00	9.996E-185	0	293	295	0	293	295	294M
9704	9704	-4.234E+02	1.00	1.370E-184	0	294	295	0	294	295	295M
9705	886	-4.021E+02	1.00	2.362E-175	0	276	278	0	276	278	277M
9705	7481	-4.021E+02	1.00	2.362E-175	0	276	278	0	276	278	277M
9705	9705	-4.018E+02	1.00	3.238E-175	0	277	278	0	277	278	278M
9706	885	-3.132E+02	0.995	9.102E-137	0	201	203	0	201	203	202M
9706	7480	-3.148E+02	1.00	1.880E-137	0	201	203	0	201	203	202M
9706	9706	-3.145E+02	1.00	2.577E-137	0	202	203	0	202	203	203M
9707	884	-5.185E+02	0.997	6.514E-226	0	334	336	0	334	336	335M
9707	7479	-5.195E+02	1.00	2.531E-226	0	334	336	0	334	336	335M
9707	9707	-5.191E+02	1.00	3.468E-226	0	335	336	0	335	336	336M
9708	883	-4.194E+02	0.988	6.877E-183	0	269	271	0	269	271	270M
9708	7478	-4.223E+02	1.00	4.029E-184	0	269	271	0	269	271	270M
9708	9708	-4.220E+02	1.00	5.522E-184	0	270	271	0	270	271	271M
9709	882	-5.390E+02	0.994	8.605E-235	0	355	357	0	355	357	356M
9709	7477	-5.408E+02	1.00	1.299E-235	0	355	357	0	355	357	356M
9709	9709	-5.405E+02	1.00	1.780E-235	0	356	357	0	356	357	357M
9710	881	-2.938E+02	1.00	2.459E-128	0	198	200	0	198	200	199M
9710	7476	-2.938E+02	1.00	2.459E-128	0	198	200	0	198	200	199M
9710	9710	-2.935E+02	1.00	3.371E-128	0	199	200	0	199	200	200M
9711	880	-1.980E+02	0.992	1.056E-86	0	137	139	0	137	139	138M
9711	7475	-1.989E+02	1.00	4.095E-87	0	137	139	0	137	139	138M
9711	9711	-1.986E+02	1.00	5.616E-87	0	138	139	0	138	139	139M
9712	879	-7.084E+02	0.994	0.000E+00	0	548	550	0	548	550	549M
9712	7474	-7.084E+02	1.00	0.000E+00	0	548	550	0	548	550	549M
9712	9712	-7.084E+02	1.00	0.000E+00	0	549	550	0	549	550	550M
9713	878	-6.684E+02	1.00	5.136E-291	0	457	459	0	457	459	458M
9713	7473	-6.684E+02	1.00	5.136E-291	0	457	459	0	457	459	458M
9713	9713	-6.681E+02	1.00	7.037E-291	0	458	459	0	458	459	459M
9714	877	-2.252E+02	1.00	1.616E-98	0	148	151	0	148	150	149M
9714	7472	-2.268E+02	1.00	3.335E-99	0	149	151	0	149	151	150M
9714	9714	-2.264E+02	1.00	4.573E-99	0	150	151	0	150	151	151M
9715	876	-7.084E+02	1.00	0.000E+00	0	604	606	0	604	606	605M
9715	7471	-7.084E+02	1.00	0.000E+00	0	604	606	0	604	606	605M
9715	9715	-7.084E+02	1.00	0.000E+00	0	605	606	0	605	606	606M
9716	875	-4.432E+02	1.00	3.423E-193	0	274	276	0	274	276	275M
9716	7470	-4.432E+02	1.00	3.423E-193	0	274	276	0	274	276	275M
9716	9716	-4.429E+02	1.00	4.692E-193	0	275	276	0	275	276	276M
9717	874	-1.724E+02	1.00	1.302E-75	0	123	125	0	123	125	124M
9717	7469	-1.724E+02	1.00	1.302E-75	0	123	125	0	123	125	124M
9717	9717	-1.721E+02	1.00	1.785E-75	0	124	125	0	124	125	125M
9718	873	-3.482E+02	1.00	6.091E-152	0	229	231	0	229	231	230M
9718	7468	-3.482E+02	1.00	6.091E-152	0	229	231	0	229	231	230M
9718	9718	-3.479E+02	1.00	8.350E-152	0	230	231	0	230	231	231M
9719	872	-5.094E+02	0.994	6.143E-222	0	341	343	0	341	343	342M
9719	7467	-5.122E+02	1.00	3.603E-223	0	341	343	0	341	343	342M
9719	9719	-5.119E+02	1.00	4.938E-223	0	342	343	0	342	343	343M
9720	871	-8.040E+01	1.00	1.211E-35	0	65	67	0	65	67	66M
9720	7466	-8.040E+01	1.00	1.211E-35	0	65	67	0	65	67	66M
9720	9720	-8.008E+01	1.00	1.662E-35	0	66	67	0	66	67	67M
9721	870	-3.479E+02	0.991	8.478E-152	0	236	238	0	236	238	237M
9721	7465	-3.497E+02	1.00	1.278E-152	0	236	238	0	236	238	237M
9721	9721	-3.494E+02	1.00	1.752E-152	0	237	238	0	237	238	238M
9722	869	-3.464E+02	0.995	3.613E-151	0	240	242	0	240	242	241M
9722	7464	-3.477E+02	1.00	1.024E-151	0	240	242	0	240	242	241M
9722	9722	-3.474E+02	1.00	1.403E-151	0	241	242	0	241	242	242M
9723	868	-3.234E+02	1.00	3.544E-141	0	213	215	0	213	215	214M
9723	7463	-3.234E+02	1.00	3.544E-141	0	213	215	0	213	215	214M
9723	9723	-3.231E+02	1.00	4.858E-141	0	214	215	0	214	215	215M
9724	4026	-3.812E+02	1.00	2.797E-166	0	251	253	0	251	253	252M
9724	7462	-3.812E+02	1.00	2.797E-166	0	251	253	0	251	253	252M
9724	9724	-3.809E+02	1.00	3.834E-166	0	252	253	0	252	253	253M
9725	4025	-2.167E+02	0.978	7.587E-95	0	141	143	0	141	143	142M
9725	7461	-2.202E+02	1.00	2.354E-96	0	141	143	0	141	143	142M
9725	9725	-2.199E+02	1.00	3.228E-96	0	142	143	0	142	143	143M
9726	4024	-1.989E+02	1.00	4.179E-87	11	144	146	0	133	135	134M
9726	7460	-2.166E+02	1.00	8.768E-95	0	144	146	0	144	146	145M
9726	9726	-2.163E+02	1.00	1.202E-94	0	145	146	0	145	146	146M
9727	4372	-7.198E+01	1.00	5.479E-32	0	56	58	339	395	397	57M
9727	5671	-7.198E+01	1.00	5.479E-32	0	56	58	0	56	58	57M
9727	9030	-7.198E+01	1.00	5.479E-32	0	56	58	0	56	58	57M
9728	2321	-2.115E+02	1.00	1.437E-92	0	145	147	0	145	147	146M
9728	5670	-2.115E+02	1.00	1.437E-92	0	145	147	0	145	147	146M
9728	9728	-2.112E+02	1.00	1.971E-92	0	146	147	0	146	147	147M
9729	2322	-2.687E+02	1.00	2.032E-117	0	176	178	0	176	178	177M
9729	5669	-2.687E+02	1.00	2.032E-117	0	176	178	0	176	178	177M
9729	9729	-2.684E+02	1.00	2.785E-117	0	177	178	0	177	178	178M
9730	2323	-2.019E+02	1.00	2.111E-88	0	141	143	0	141	143	142M
9730	5668	-2.019E+02	1.00	2.111E-88	0	141	143	0	141	143	142M
9730	9730	-2.016E+02	1.00	2.895E-88	0	142	143	0	142	143	143M
9731	2324	-3.210E+02	1.00	3.824E-140	0	230	232	0	230	232	231M
9731	5667	-3.210E+02	1.00	3.824E-140	0	230	232	0	230	232	231M
9731	9731	-3.207E+02	1.00	5.241E-140	0	231	232	0	231	232	232M
9732	2325	-2.281E+02	1.00	8.651E-100	0	167	169	0	167	169	168M
9732	5666	-2.281E+02	1.00	8.651E-100	0	167	169	0	167	169	168M
9732	9732	-2.278E+02	1.00	1.186E-99	0	168	169	0	168	169	169M
9733	2326	-1.523E+02	1.00	7.479E-67	0	122	124	0	122	124	123M
9733	5665	-1.523E+02	1.00	7.479E-67	0	122	124	0	122	124	123M
9733	9733	-1.519E+02	1.00	1.026E-66	0	123	124	0	123	124	124M
9734	2327	-7.084E+02	1.00	0.000E+00	0	1361	1363	0	1361	1363	1362M
9734	5664	-7.084E+02	0.999	0.000E+00	0	1361	1363	0	1361	1363	1362M
9734	9734	-7.084E+02	1.00	0.000E+00	0	1362	1363	0	1362	1363	1363M
9735	2328	-7.084E+02	1.00	0.000E+00	0	1396	1398	0	1396	1398	1397M
9735	5663	-7.084E+02	1.00	0.000E+00	7	1396	1398	0	1389	1391	1390M
9735	9735	-7.084E+02	1.00	0.000E+00	0	1397	1398	0	1397	1398	1398M
9736	2329	-1.445E+02	1.00	1.830E-63	0	120	122	0	120	122	121M
9736	5662	-1.445E+02	1.00	1.830E-63	0	120	122	0	120	122	121M
9736	9736	-1.441E+02	1.00	2.510E-63	0	121	122	0	121	122	122M
9737	2330	-1.402E+02	1.00	1.322E-61	0	117	119	0	117	119	118M
9737	5661	-1.402E+02	1.00	1.322E-61	0	117	119	0	117	119	118M
9737	9737	-1.399E+02	1.00	1.813E-61	0	118	119	0	118	119	119M
9738	2331	-2.462E+02	0.987	1.156E-107	0	164	166	0	164	166	165M
9738	5660	-2.494E+02	1.00	4.924E-109	0	164	166	0	164	166	165M
9738	9738	-2.491E+02	1.00	6.751E-109	0	165	166	0	165	166	166M
9739	2332	-4.500E+02	0.986	3.601E-196	0	289	291	0	289	291	290M
9739	5659	-4.579E+02	1.00	1.361E-199	0	289	291	0	289	291	290M
9739	9739	-4.576E+02	1.00	1.866E-199	0	290	291	0	290	291	291M
9740	2333	-6.652E+02	0.997	1.336E-289	0	473	475	0	473	475	474M
9740	5658	-6.661E+02	1.00	5.195E-290	0	473	475	0	473	475	474M
9740	9740	-6.658E+02	1.00	7.119E-290	0	474	475	0	474	475	475M
9741	146	-2.591E+02	0.919	2.978E-113	10	192	194	0	185	187	164M3D19M
9741	5657	-2.951E+02	1.00	7.175E-129	0	192	194	0	192	194	193M
9741	9741	-2.947E+02	1.00	9.836E-129	0	193	194	0	193	194	194M
9742	145	-1.696E+02	1.00	2.292E-74	0	117	119	0	117	119	118M
9742	5656	-1.696E+02	1.00	2.292E-74	0	117	119	0	117	119	118M
9742	9742	-1.692E+02	1.00	3.143E-74	0	118	119	0	118	119	119M
9743	144	-7.084E+02	1.00	0.000E+00	0	638	640	0	638	640	639M
9743	5655	-7.084E+02	1.00	0.000E+00	0	638	640	0	638	640	639M
9743	9743	-7.084E+02	1.00	0.000E+00	0	639	640	0	639	640	640M
9744	143	-4.537E+02	0.970	9.575E-198	0	299	301	0	299	301	300M
9744	5654	-4.707E+02	1.00	3.882E-205	0	299	301	0	299	301	300M
9744	9744	-4.704E+02	1.00	5.321E-205	0	300	301	0	300	301	301M
9745	142	-6.047E+02	1.00	2.457E-263	0	378	380	0	378	380	379M
9745	5653	-6.047E+02	1.00	2.457E-263	0	378	380	0	378	380	379M
9745	9745	-6.044E+02	1.00	3.367E-263	0	379	380	0	379	380	380M
9746	141	-3.508E+02	1.00	4.309E-153	0	233	235	0	233	235	234M
9746	5652	-3.508E+02	1.00	4.309E-153	0	233	235	0	233	235	234M
9746	9746	-3.505E+02	1.00	5.906E-153	0	234	235	0	234	235	235M
9747	140	-3.579E+02	0.992	3.793E-156	0	251	253	0	251	253	252M
9747	5651	-3.607E+02	1.00	2.222E-157	0	251	253	0	251	253	252M
9747	9747	-3.604E+02	1.00	3.045E-157	0	252	253	0	252	253	253M
9748	139	-1.953E+02	1.00	1.567E-85	0	134	136	0	134	136	135M
9748	5650	-1.953E+02	1.00	1.567E-85	0	134	136	0	134	136	135M
9748	9748	-1.950E+02	1.00	2.149E-85	0	135	136	0	135	136	136M
9749	138	-2.781E+02	0.978	1.682E-121	0	184	186	0	184	186	185M
9749	5649	-2.841E+02	1.00	4.193E-124	0	184	186	0	184	186	185M
9749	9749	-2.838E+02	1.00	5.748E-124	0	185	186	0	185	186	186M
9750	137	-3.617E+02	0.987	8.382E-158	0	237	239	0	237	239	238M
9750	5648	-3.652E+02	1.00	2.612E-159	0	237	239	0	237	239	238M
9750	9750	-3.648E+02	1.00	3.580E-159	0	238	239	0	238	239	239M
9751	136	-2.324E+02	0.993	1.127E-101	0	162	164	0	162	164	163M
9751	5647	-2.334E+02	1.00	4.374E-102	0	162	164	0	162	164	163M
9751	9751	-2.331E+02	1.00	5.997E-102	0	163	164	0	163	164	164M
9752	135	-5.790E+02	1.00	3.640E-252	0	389	391	0	389	391	390M
9752	5646	-5.790E+02	1.00	3.640E-252	0	389	391	0	389	391	390M
9752	9752	-5.786E+02	1.00	4.988E-252	0	390	391	0	390	391	391M
9753	134	-7.084E+02	1.00	0.000E+00	0	716	718	0	716	718	717M
9753	5645	-7.084E+02	1.00	0.000E+00	0	716	718	0	716	718	717M
9753	9753	-7.084E+02	1.00	0.000E+00	0	717	718	0	717	718	718M
9754	132	-4.777E+02	1.00	3.330E-208	0	303	305	0	303	305	304M
9754	5644	-4.777E+02	1.00	3.330E-208	0	303	305	0	303	305	304M
9754	9754	-4.774E+02	1.00	4.564E-208	0	304	305	0	304	305	305M
9755	9755	-3.154E+01	1.00	2.009E-14	0	29	30	0	29	30	30M
9756	5642	-1.763E+02	1.00	2.801E-77	0	122	124	0	122	124	123M
9756	9756	-1.760E+02	1.00	3.841E-77	0	123	124	0	123	124	124M
9757	131	-2.255E+02	0.880	1.149E-98	0	175	177	0	175	177	176M
9757	5641	-2.583E+02	1.00	6.445E-113	0	175	177	0	175	177	176M
9757	9757	-2.580E+02	1.00	8.837E-113	0	176	177	0	176	177	177M
9758	130	-7.084E+02	0.998	0.000E+00	0	601	603	0	601	603	602M
9758	5640	-7.084E+02	1.00	0.000E+00	0	601	603	0	601	603	602M
9758	9758	-7.084E+02	1.00	0.000E+00	0	602	603	0	602	603	603M
9759	129	-4.144E+02	0.984	1.101E-180	0	263	265	0	263	265	264M
9759	5639	-4.182E+02	1.00	2.505E-182	0	263	265	0	263	265	264M
9759	9759	-4.178E+02	1.00	3.434E-182	0	264	265	0	264	265	265M
9760	128	-2.732E+02	1.00	2.239E-119	0	194	196	0	194	196	195M
9760	5638	-2.732E+02	1.00	2.239E-119	0	194	196	0	194	196	195M
9760	9760	-2.729E+02	1.00	3.070E-119	0	195	196	0	195	196	196M
9761	127	-4.327E+02	0.989	1.259E-188	0	283	285	0	283	285	284M
9761	5637	-4.361E+02	1.00	3.928E-190	0	283	285	0	283	285	284M
9761	9761	-4.358E+02	1.00	5.384E-190	0	284	285	0	284	285	285M
9762	126	-3.097E+02	0.980	3.067E-135	0	202	204	0	202	204	203M
9762	5636	-3.167E+02	1.00	2.971E-138	0	202	204	0	202	204	203M
9762	9762	-3.164E+02	1.00	4.073E-138	0	203	204	0	203	204	204M
9763	125	-3.841E+02	1.00	1.513E-167	0	256	258	0	256	258	257M
9763	5635	-3.841E+02	1.00	1.513E-167	0	256	258	0	256	258	257M
9763	9763	-3.838E+02	1.00	2.074E-167	0	257	258	0	257	258	258M
9764	124	-7.084E+02	0.998	0.000E+00	0	698	700	0	698	700	699M
9764	5634	-7.084E+02	1.00	0.000E+00	0	698	700	0	698	700	699M
9764	9764	-7.084E+02	1.00	0.000E+00	0	699	700	0	699	700	700M
9765	123	-9.455E+01	1.00	8.637E-42	0	67	69	0	67	69	68M
9765	5633	-9.455E+01	1.00	8.637E-42	0	67	69	0	67	69	68M
9765	9765	-9.424E+01	1.00	1.185E-41	0	68	69	0	68	69	69M
9766	122	-4.710E+02	1.00	2.746E-205	0	332	334	0	332	334	333M
9766	5632	-4.710E+02	1.00	2.746E-205	0	332	334	0	332	334	333M
9766	9766	-4.707E+02	1.00	3.763E-205	0	333	334	0	333	334	334M
9767	121	-2.140E+02	1.00	1.150E-93	0	145	147	0	145	147	146M
9767	5631	-2.140E+02	1.00	1.150E-93	0	145	147	0	145	147	146M
9767	9767	-2.137E+02	1.00	1.577E-93	0	146	147	0	146	147	147M
9768	120	-2.914E+02	1.00	2.820E-127	0	183	185	0	183	185	184M
9768	5630	-2.914E+02	1.00	2.820E-127	0	183	185	0	183	185	184M
9768	9768	-2.911E+02	1.00	3.866E-127	0	184	185	0	184	185	185M
9769	119	-7.084E+02	0.998	0.000E+00	0	554	556	0	554	556	555M
9769	5629	-7.084E+02	1.00	0.000E+00	0	554	556	0	554	556	555M
9769	9769	-7.084E+02	1.00	0.000E+00	0	555	556	0	555	556	556M
9770	118	-6.836E+02	0.986	1.286E-297	0	435	437	0	435	437	436M
9770	5628	-6.909E+02	1.00	9.168E-301	0	435	437	0	435	437	436M
9770	9770	-6.905E+02	1.00	1.256E-300	0	436	437	0	436	437	437M
9771	117	-1.599E+02	1.00	3.464E-70	0	107	109	0	107	109	108M
9771	5627	-1.599E+02	1.00	3.464E-70	0	107	109	0	107	109	108M
9771	9771	-1.596E+02	1.00	4.751E-70	0	108	109	0	108	109	109M
9772	116	-3.675E+02	1.00	2.571E-160	0	248	250	0	248	250	249M
9772	5626	-3.675E+02	1.00	2.571E-160	0	248	250	0	248	250	249M
9772	9772	-3.672E+02	1.00	3.524E-160	0	249	250	0	249	250	250M
9773	115	-4.440E+02	0.993	1.476E-193	0	303	305	0	303	305	304M
9773	5625	-4.465E+02	1.00	1.186E-194	0	303	305	0	303	305	304M
9773	9773	-4.462E+02	1.00	1.625E-194	0	304	305	0	304	305	305M
9774	114	-2.866E+02	1.00	3.319E-125	0	197	199	0	197	199	198M
9774	5624	-2.866E+02	1.00	3.319E-125	0	197	199	0	197	199	198M
9774	9774	-2.863E+02	1.00	4.550E-125	0	198	199	0	198	199	199M
9775	113	-4.281E+02	0.979	1.142E-186	0	285	287	0	285	287	286M
9775	5623	-4.363E+02	1.00	3.149E-190	0	285	287	0	285	287	286M
9775	9775	-4.360E+02	1.00	4.316E-190	0	286	287	0	286	287	287M
9776	112	-5.822E+02	1.00	1.398E-253	0	407	409	0	407	409	408M
9776	5622	-5.822E+02	1.00	1.398E-253	0	407	409	0	407	409	408M
9776	9776	-5.819E+02	1.00	1.916E-253	0	408	409	0	408	409	409M
9777	111	-7.084E+02	0.996	0.000E+00	0	569	571	0	569	571	570M
9777	5621	-7.084E+02	1.00	0.000E+00	0	569	571	0	569	571	570M
9777	9777	-7.084E+02	1.00	0.000E+00	0	570	571	0	570	571	571M
9778	110	-3.873E+02	0.996	6.558E-169	0	263	265	0	263	265	264M
9778	5620	-3.888E+02	1.00	1.356E-169	0	263	265	0	263	265	264M
9778	9778	-3.885E+02	1.00	1.858E-169	0	264	265	0	264	265	265M
9779	109	-1.302E+02	0.981	2.904E-57	0	108	110	0	108	110	109M
9779	5619	-1.327E+02	1.00	2.316E-58	0	108	110	0	108	110	109M
9779	9779	-1.324E+02	1.00	3.177E-58	0	109	110	0	109	110	110M
9780	108	-2.543E+02	1.00	3.543E-111	0	173	175	0	173	175	174M
9780	5618	-2.543E+02	1.00	3.543E-111	0	173	175	0	173	175	174M
9780	9780	-2.540E+02	1.00	4.857E-111	0	174	175	0	174	175	175M
9781	107	-7.156E+02	0.997	1.707E-311	0	493	495	0	493	495	494M
9781	5617	-7.168E+02	1.00	4.843E-312	0	493	495	0	493	495	494M
9781	9781	-7.165E+02	1.00	6.635E-312	0	494	495	0	494	495	495M
9782	106	-7.084E+02	1.00	0.000E+00	0	898	900	0	898	900	899M
9782	5616	-7.084E+02	1.00	0.000E+00	0	898	900	0	898	900	899M
9782	9782	-7.084E+02	1.00	0.000E+00	0	899	900	0	899	900	900M
9783	105	-1.872E+02	0.992	5.236E-82	0	132	134	0	132	134	133M
9783	5615	-1.884E+02	1.00	1.481E-82	0	132	134	0	132	134	133M
9783	9783	-1.881E+02	1.00	2.030E-82	0	133	134	0	133	134	134M
9784	104	-1.798E+02	0.992	7.840E-79	0	133	135	0	133	135	134M
9784	5614	-1.821E+02	1.00	8.595E-80	0	133	135	0	133	135	134M
9784	9784	-1.817E+02	1.00	1.179E-79	0	134	135	0	134	135	135M
9785	103	-1.162E+02	0.989	3.445E-51	0	90	92	0	90	92	91M
9785	5613	-1.165E+02	1.00	2.511E-51	0	90	92	0	90	92	91M
9785	9785	-1.162E+02	1.00	3.445E-51	0	91	92	0	91	92	92M
9786	102	-2.596E+02	0.994	1.739E-113	0	174	176	0	174	176	175M
9786	5612	-2.600E+02	1.00	1.269E-113	0	174	176	0	174	176	175M
9786	9786	-2.596E+02	1.00	1.739E-113	0	175	176	0	175	176	176M
9787	101	-7.084E+02	0.998	0.000E+00	0	602	604	0	602	604	603M
9787	5611	-7.084E+02	1.00	0.000E+00	0	602	604	0	602	604	603M
9787	9787	-7.084E+02	1.00	0.000E+00	0	603	604	0	603	604	604M
9788	100	-1.567E+02	0.991	8.554E-69	0	121	123	0	121	123	122M
9788	5610	-1.580E+02	1.00	2.418E-69	0	121	123	0	121	123	122M
9788	9788	-1.577E+02	1.00	3.316E-69	0	122	123	0	122	123	123M
9789	99	-7.084E+02	0.998	0.000E+00	0	944	946	0	944	946	945M
9789	5609	-7.084E+02	1.00	0.000E+00	0	944	946	0	944	946	945M
9789	9789	-7.084E+02	1.00	0.000E+00	0	945	946	0	945	946	946M
9790	98	-6.942E+02	0.991	3.414E-302	0	459	461	0	459	461	460M
9790	5608	-6.995E+02	1.00	1.613E-304	0	459	461	0	459	461	460M
9790	9790	-6.992E+02	1.00	2.210E-304	0	460	461	0	460	461	461M
9791	97	-7.084E+02	1.00	0.000E+00	0	499	501	0	499	501	500M
9791	5607	-7.084E+02	1.00	0.000E+00	0	499	501	0	499	501	500M
9791	9791	-7.084E+02	1.00	0.000E+00	0	500	501	0	500	501	501M
9792	96	-3.961E+02	1.00	9.478E-173	0	256	258	0	256	258	257M
9792	5606	-3.961E+02	1.00	9.478E-173	0	256	258	0	256	258	257M
9792	9792	-3.958E+02	1.00	1.299E-172	0	257	258	0	257	258	258M
9793	95	-6.672E+02	0.970	1.755E-290	0	436	438	0	436	438	437M
9793	5605	-6.911E+02	1.00	7.011E-301	0	436	438	0	436	438	437M
9793	9793	-6.908E+02	1.00	9.608E-301	0	437	438	0	437	438	438M
9794	94	-7.084E+02	1.00	0.000E+00	0	538	540	0	538	540	539M
9794	5604	-7.084E+02	1.00	0.000E+00	0	538	540	0	538	540	539M
9794	9794	-7.084E+02	1.00	0.000E+00	0	539	540	0	539	540	540M
9795	93	-3.268E+02	1.00	1.176E-142	0	221	223	0	221	223	222M
9795	5603	-3.268E+02	1.00	1.176E-142	0	221	223	0	221	223	222M
9795	9795	-3.265E+02	1.00	1.612E-142	0	222	223	0	222	223	223M
9796	92	-4.747E+02	0.996	6.951E-207	0	314	316	0	314	316	315M
9796	5602	-4.750E+02	1.00	5.072E-207	0	314	316	0	314	316	315M
9796	9796	-4.747E+02	1.00	6.951E-207	0	315	316	0	315	316	316M
9797	91	-3.502E+02	1.00	8.487E-153	0	234	236	0	234	236	235M
9797	5601	-3.502E+02	1.00	8.487E-153	0	234	236	0	234	236	235M
9797	9797	-3.498E+02	1.00	1.163E-152	0	235	236	0	235	236	236M
9798	90	-7.342E+02	0.995	1.342E-319	0	471	473	0	471	473	472M
9798	5600	-7.374E+02	1.00	5.751E-321	0	471	473	0	471	473	472M
9798	9798	-7.371E+02	1.00	7.880E-321	0	472	473	0	472	473	473M
9799	89	-2.492E+02	1.00	5.684E-109	0	167	169	0	167	169	168M
9799	5599	-2.492E+02	1.00	5.684E-109	0	167	169	0	167	169	168M
9799	9799	-2.489E+02	1.00	7.794E-109	0	168	169	0	168	169	169M
9800	88	-7.084E+02	0.991	0.000E+00	0	1210	1212	0	1210	1212	1211M
9800	5598	-7.084E+02	1.00	0.000E+00	0	1210	1212	0	1210	1212	1211M
9800	9800	-7.084E+02	1.00	0.000E+00	0	1211	1212	0	1211	1212	1212M
9801	87	-7.084E+02	0.992	0.000E+00	0	1231	1233	0	1231	1233	1232M
9801	5597	-7.084E+02	1.00	0.000E+00	0	1231	1233	0	1231	1233	1232M
9801	9801	-7.084E+02	1.00	0.000E+00	0	1232	1233	0	1232	1233	1233M
9802	86	-7.084E+02	0.976	0.000E+00	0	586	588	0	586	588	587M
9802	5596	-7.084E+02	1.00	0.000E+00	0	586	588	0	586	588	587M
9802	9802	-7.084E+02	1.00	0.000E+00	0	587	588	0	587	588	588M
9803	85	-6.791E+02	0.993	1.204E-295	0	431	433	0	431	433	432M
9803	5595	-6.816E+02	1.00	9.679E-297	0	431	433	0	431	433	432M
9803	9803	-6.813E+02	1.00	1.326E-296	0	432	433	0	432	433	433M
9804	84	-1.236E+02	1.00	2.163E-54	0	88	90	0	88	90	89M
9804	5594	-1.236E+02	1.00	2.163E-54	0	88	90	0	88	90	89M
9804	9804	-1.233E+02	1.00	2.967E-54	0	89	90	0	89	90	90M
9805	83	-7.084E+02	0.997	0.000E+00	0	696	698	0	696	698	697M
9805	5593	-7.084E+02	1.00	0.000E+00	0	696	698	0	696	698	697M
9805	9805	-7.084E+02	1.00	0.000E+00	0	697	698	0	697	698	698M
9806	82	-6.108E+02	1.00	5.383E-266	0	402	404	0	402	404	403M
9806	5592	-6.108E+02	1.00	5.383E-266	0	402	404	0	402	404	403M
9806	9806	-6.105E+02	1.00	7.377E-266	0	403	404	0	403	404	404M
9807	81	-1.630E+02	1.00	1.543E-71	0	108	110	0	108	110	109M
9807	5591	-1.630E+02	1.00	1.543E-71	0	108	110	0	108	110	109M
9807	9807	-1.627E+02	1.00	2.117E-71	0	109	110	0	109	110	110M
9808	80	-4.758E+02	0.996	2.268E-207	0	317	319	0	317	319	318M
9808	5590	-4.771E+02	1.00	6.429E-208	0	317	319	0	317	319	318M
9808	9808	-4.768E+02	1.00	8.811E-208	0	318	319	0	318	319	319M
9809	79	-2.839E+02	0.990	5.243E-124	0	202	204	0	202	204	203M
9809	5589	-2.854E+02	1.00	1.083E-124	0	202	204	0	202	204	203M
9809	9809	-2.851E+02	1.00	1.485E-124	0	203	204	0	203	204	204M
9810	3816	-4.352E+02	0.996	1.025E-189	0	290	292	0	290	292	291M
9810	5588	-4.374E+02	1.00	1.129E-190	0	290	292	0	290	292	291M
9810	9810	-4.371E+02	1.00	1.547E-190	0	291	292	0	291	292	292M
9811	3817	-7.084E+02	1.00	0.000E+00	0	612	614	0	612	614	613M
9811	5587	-7.084E+02	1.00	0.000E+00	0	612	614	0	612	614	613M
9811	9811	-7.084E+02	1.00	0.000E+00	0	613	614	0	613	614	614M
9812	3818	-7.084E+02	0.995	0.000E+00	0	741	743	0	741	743	742M
9812	5586	-7.084E+02	1.00	0.000E+00	0	741	743	0	741	743	742M
9812	9812	-7.084E+02	1.00	0.000E+00	0	742	743	0	742	743	743M
9813	112	-1.168E+02	0.307	1.792E-51	0	400	402	8	407	409	36M3I83M1D100M1I12M2I12M4D152M
9813	5585	-5.715E+02	1.00	6.209E-249	0	400	402	0	400	402	401M
9813	9813	-5.712E+02	1.00	8.509E-249	0	401	402	0	401	402	402M
9814	2255	-2.777E+02	0.989	2.461E-121	0	192	194	0	192	194	193M
9814	5584	-2.806E+02	1.00	1.439E-122	0	192	194	0	192	194	193M
9814	9814	-2.802E+02	1.00	1.972E-122	0	193	194	0	193	194	194M
9815	2254	-1.470E+02	1.00	1.432E-64	0	113	115	0	113	115	114M
9815	5583	-1.470E+02	1.00	1.432E-64	0	113	115	0	113	115	114M
9815	9815	-1.467E+02	1.00	1.964E-64	0	114	115	0	114	115	115M
9816	2253	-1.635E+02	1.00	9.498E-72	0	111	113	0	111	113	112M
9816	5582	-1.635E+02	1.00	9.498E-72	0	111	113	0	111	113	112M
9816	9816	-1.632E+02	1.00	1.303E-71	0	112	113	0	112	113	113M
9817	2252	-7.084E+02	0.990	0.000E+00	0	518	520	0	518	520	519M
9817	5581	-7.084E+02	1.00	0.000E+00	0	518	520	0	518	520	519M
9817	9817	-7.084E+02	1.00	0.000E+00	0	519	520	0	519	520	520M
9818	2251	-4.181E+02	1.00	2.706E-182	0	278	280	0	278	280	279M
9818	5580	-4.181E+02	1.00	2.706E-182	0	278	280	0	278	280	279M
9818	9818	-4.178E+02	1.00	3.709E-182	0	279	280	0	279	280	280M
9819	2250	-1.225E+02	0.988	6.286E-54	0	84	86	0	84	86	85M
9819	5579	-1.235E+02	1.00	2.434E-54	0	84	86	0	84	86	85M
9819	9819	-1.231E+02	1.00	3.339E-54	0	85	86	0	85	86	86M
9820	2248	-7.084E+02	1.00	0.000E+00	0	569	571	0	569	571	570M
9820	5578	-7.084E+02	1.00	0.000E+00	0	569	571	0	569	571	570M
9820	9820	-7.084E+02	1.00	0.000E+00	0	570	571	0	570	571	571M
9821	2247	-3.107E+02	1.00	1.191E-135	0	202	204	0	202	204	203M
9821	5577	-3.107E+02	1.00	1.191E-135	0	202	204	0	202	204	203M
9821	9821	-3.104E+02	1.00	1.632E-135	0	203	204	0	203	204	204M
9822	2246	-4.356E+02	0.989	6.499E-190	0	287	289	0	287	289	288M
9822	5576	-4.388E+02	1.00	2.779E-191	0	287	289	0	287	289	288M
9822	9822	-4.385E+02	1.00	3.809E-191	0	288	289	0	288	289	289M
9823	2245	-5.003E+02	0.991	5.390E-218	0	333	335	0	333	335	334M
9823	5575	-5.037E+02	1.00	1.683E-219	0	333	335	0	333	335	334M
9823	9823	-5.034E+02	1.00	2.307E-219	0	334	335	0	334	335	335M
9824	2244	-5.206E+02	0.988	8.259E-227	0	337	339	0	337	339	338M
9824	5574	-5.256E+02	1.00	5.334E-229	0	337	339	0	337	339	338M
9824	9824	-5.253E+02	1.00	7.310E-229	0	338	339	0	338	339	339M
9825	2243	-3.407E+02	0.995	1.037E-148	0	213	215	0	213	215	214M
9825	5573	-3.420E+02	1.00	2.937E-149	0	213	215	0	213	215	214M
9825	9825	-3.417E+02	1.00	4.026E-149	0	214	215	0	214	215	215M
9826	2242	-9.729E+01	1.00	5.598E-43	0	63	65	0	63	65	64M
9826	5572	-9.729E+01	1.00	5.598E-43	0	63	65	0	63	65	64M
9826	9826	-9.697E+01	1.00	7.683E-43	0	64	65	0	64	65	65M
9827	2241	-3.173E+02	0.976	1.609E-138	0	209	211	0	209	211	210M
9827	5571	-3.267E+02	1.00	1.251E-142	0	209	211	0	209	211	210M
9827	9827	-3.264E+02	1.00	1.714E-142	0	210	211	0	210	211	211M
9828	2240	-6.096E+02	0.967	1.729E-265	0	400	402	0	400	402	401M
9828	5570	-6.301E+02	1.00	2.206E-274	0	400	402	0	400	402	401M
9828	9828	-6.298E+02	1.00	3.022E-274	0	401	402	0	401	402	402M
9829	2239	-2.088E+02	0.985	2.086E-91	0	135	137	0	135	137	136M
9829	5569	-2.154E+02	1.00	2.751E-94	0	135	137	0	135	137	136M
9829	9829	-2.151E+02	1.00	3.773E-94	0	136	137	0	136	137	137M
9830	2238	-1.840E+02	0.984	1.205E-80	0	125	127	0	125	127	126M
9830	5568	-1.865E+02	1.00	9.629E-82	0	125	127	0	125	127	126M
9830	9830	-1.862E+02	1.00	1.321E-81	0	126	127	0	126	127	127M
9831	2237	-1.570E+02	0.990	6.564E-69	0	109	111	0	109	111	110M
9831	5567	-1.583E+02	1.00	1.854E-69	0	109	111	0	109	111	110M
9831	9831	-1.579E+02	1.00	2.544E-69	0	110	111	0	110	111	111M
9832	2236	-1.200E+02	1.00	7.514E-53	0	83	85	0	83	85	84M
9832	5566	-1.200E+02	1.00	7.514E-53	0	83	85	0	83	85	84M
9832	9832	-1.197E+02	1.00	1.031E-52	0	84	85	0	84	85	85M
9833	2235	-6.488E+02	0.995	1.642E-282	0	431	433	0	431	433	432M
9833	5565	-6.532E+02	1.00	1.995E-284	0	431	433	0	431	433	432M
9833	9833	-6.529E+02	1.00	2.733E-284	0	432	433	0	432	433	433M
9834	2008	-6.128E+02	0.983	7.571E-267	0	414	416	0	414	416	415M
9834	5564	-6.228E+02	1.00	3.170E-271	0	414	416	0	414	416	415M
9834	9834	-6.225E+02	1.00	4.343E-271	0	415	416	0	415	416	416M
9835	2007	-6.338E+02	0.997	5.401E-276	0	415	417	0	415	417	416M
9835	5563	-6.348E+02	1.00	2.099E-276	0	415	417	0	415	417	416M
9835	9835	-6.345E+02	1.00	2.876E-276	0	416	417	0	416	417	417M
9836	2006	-6.456E+02	0.997	4.288E-281	0	447	449	0	447	449	448M
9836	5562	-6.468E+02	1.00	1.216E-281	0	447	449	0	447	449	448M
9836	9836	-6.465E+02	1.00	1.667E-281	0	448	449	0	448	449	449M
9837	2005	-2.190E+02	1.00	7.513E-96	0	152	154	0	152	154	153M
9837	5561	-2.190E+02	1.00	7.513E-96	0	152	154	0	152	154	153M
9837	9837	-2.187E+02	1.00	1.030E-95	0	153	154	0	153	154	154M
9838	2004	-5.871E+02	0.979	1.044E-255	0	383	385	0	383	385	384M
9838	5560	-6.003E+02	1.00	1.868E-261	0	383	385	0	383	385	384M
9838	9838	-6.000E+02	1.00	2.560E-261	0	384	385	0	384	385	385M
9839	2003	-3.787E+02	0.996	3.324E-165	0	250	252	0	250	252	251M
9839	5559	-3.797E+02	1.00	1.291E-165	0	250	252	0	250	252	251M
9839	9839	-3.794E+02	1.00	1.769E-165	0	251	252	0	251	252	252M
9840	2002	-4.490E+02	0.989	9.855E-196	0	297	299	0	297	299	298M
9840	5558	-4.550E+02	1.00	2.470E-198	0	297	299	0	297	299	298M
9840	9840	-4.547E+02	1.00	3.386E-198	0	298	299	0	298	299	299M
9841	2001	-7.084E+02	0.996	0.000E+00	0	612	614	0	612	614	613M
9841	5557	-7.084E+02	1.00	0.000E+00	0	612	614	0	612	614	613M
9841	9841	-7.084E+02	1.00	0.000E+00	0	613	614	0	613	614	614M
9842	2000	-7.084E+02	0.994	0.000E+00	0	1109	1111	0	1109	1111	1110M
9842	5556	-7.084E+02	1.00	0.000E+00	0	1109	1111	0	1109	1111	1110M
9842	9842	-7.084E+02	1.00	0.000E+00	0	1110	1111	0	1110	1111	1111M
9843	1999	-4.582E+02	0.996	9.878E-200	0	309	311	0	309	311	310M
9843	5555	-4.607E+02	1.00	7.937E-201	0	309	311	0	309	311	310M
9843	9843	-4.604E+02	1.00	1.088E-200	0	310	311	0	310	311	311M
9844	1998	-3.336E+02	1.00	1.254E-145	0	223	225	0	223	225	224M
9844	5554	-3.336E+02	1.00	1.254E-145	0	223	225	0	223	225	224M
9844	9844	-3.333E+02	1.00	1.719E-145	0	224	225	0	224	225	225M
9845	1997	-3.456E+02	0.987	7.959E-151	0	230	232	0	230	232	231M
9845	5553	-3.494E+02	1.00	1.809E-152	0	230	232	0	230	232	231M
9845	9845	-3.491E+02	1.00	2.480E-152	0	231	232	0	231	232	232M
9846	1996	-3.054E+02	0.990	2.308E-133	0	200	202	0	200	202	201M
9846	5552	-3.070E+02	1.00	4.768E-134	0	200	202	0	200	202	201M
9846	9846	-3.067E+02	1.00	6.536E-134	0	201	202	0	201	202	202M
9847	1995	-3.320E+02	1.00	6.363E-145	0	224	226	0	224	226	225M
9847	5551	-3.320E+02	1.00	6.363E-145	0	224	226	0	224	226	225M
9847	9847	-3.317E+02	1.00	8.722E-145	0	225	226	0	225	226	226M
9848	1994	-4.401E+02	1.00	7.027E-192	0	298	300	0	298	300	299M
9848	5550	-4.401E+02	1.00	7.027E-192	0	298	300	0	298	300	299M
9848	9848	-4.398E+02	1.00	9.630E-192	0	299	300	0	299	300	300M
9849	3403	-5.881E+02	1.00	3.963E-256	0	349	351	0	349	351	350M
9849	5549	-5.881E+02	1.00	3.963E-256	0	349	351	0	349	351	350M
9849	9849	-5.878E+02	1.00	5.431E-256	0	350	351	0	350	351	351M
9850	3402	-7.084E+02	0.998	0.000E+00	0	717	719	0	717	719	718M
9850	5548	-7.084E+02	1.00	0.000E+00	0	717	719	0	717	719	718M
9850	9850	-7.084E+02	1.00	0.000E+00	0	718	719	0	718	719	719M
9851	3401	-7.084E+02	0.998	0.000E+00	0	763	765	0	763	765	764M
9851	5547	-7.084E+02	1.00	0.000E+00	0	763	765	0	763	765	764M
9851	9851	-7.084E+02	1.00	0.000E+00	0	764	765	0	764	765	765M
9852	3400	-2.590E+02	1.00	3.140E-113	0	160	162	0	160	162	161M
9852	5546	-2.590E+02	1.00	3.140E-113	0	160	162	0	160	162	161M
9852	9852	-2.587E+02	1.00	4.305E-113	0	161	162	0	161	162	162M
9853	3399	-3.391E+02	0.995	5.521E-148	0	215	217	0	215	217	216M
9853	5545	-3.410E+02	1.00	8.321E-149	0	215	217	0	215	217	216M
9853	9853	-3.407E+02	1.00	1.141E-148	0	216	217	0	216	217	217M
9854	5544	-3.093E+02	1.00	4.542E-135	0	197	199	0	197	199	198M
9854	9854	-3.090E+02	1.00	6.227E-135	0	198	199	0	198	199	199M
9855	5543	-1.001E+02	1.00	3.480E-44	0	77	79	0	77	79	78M
9855	9855	-9.975E+01	1.00	4.776E-44	0	78	79	0	78	79	79M
9856	3398	-4.326E+02	1.00	1.383E-188	0	285	287	0	285	287	286M
9856	5542	-4.326E+02	1.00	1.383E-188	0	285	287	0	285	287	286M
9856	9856	-4.322E+02	1.00	1.896E-188	0	286	287	0	286	287	287M
9857	3397	-1.099E+02	0.988	1.874E-48	0	83	85	0	83	85	84M
9857	5541	-1.112E+02	1.00	5.285E-49	0	83	85	0	83	85	84M
9857	9857	-1.108E+02	1.00	7.252E-49	0	84	85	0	84	85	85M
9858	3379	-7.311E+02	0.995	3.133E-318	0	471	473	37	508	510	472M
9858	5540	-7.342E+02	1.00	1.342E-319	0	471	473	0	471	473	472M
9858	9858	-7.339E+02	1.00	1.839E-319	0	472	473	0	472	473	473M
9859	3378	-3.391E+02	1.00	5.265E-148	0	214	216	0	214	216	215M
9859	5539	-3.391E+02	1.00	5.265E-148	0	214	216	0	214	216	215M
9859	9859	-3.388E+02	1.00	7.217E-148	0	215	216	0	215	216	216M
9860	3377	-2.952E+02	1.00	6.038E-129	0	195	197	0	195	197	196M
9860	5538	-2.952E+02	1.00	6.038E-129	0	195	197	0	195	197	196M
9860	9860	-2.949E+02	1.00	8.277E-129	0	196	197	0	196	197	197M
9861	3376	-5.341E+02	1.00	1.118E-232	0	358	360	0	358	360	359M
9861	5537	-5.341E+02	1.00	1.118E-232	0	358	360	0	358	360	359M
9861	9861	-5.338E+02	1.00	1.532E-232	0	359	360	0	359	360	360M
9862	3375	-1.725E+02	0.983	1.174E-75	14	134	136	0	120	122	121M
9862	5536	-1.934E+02	1.00	1.042E-84	0	134	136	0	134	136	135M
9862	9862	-1.931E+02	1.00	1.429E-84	0	135	136	0	135	136	136M
9863	5535	-1.792E+02	1.00	1.554E-78	0	121	123	0	121	123	122M
9863	9863	-1.788E+02	1.00	2.132E-78	0	122	123	0	122	123	123M
9864	374	-1.009E+02	1.00	1.439E-44	0	72	74	0	72	74	73M
9864	5534	-1.009E+02	1.00	1.439E-44	0	72	74	0	72	74	73M
9864	9864	-1.006E+02	1.00	1.975E-44	0	73	74	0	73	74	74M
9865	373	-5.068E+02	1.00	7.910E-221	0	335	337	0	335	337	336M
9865	5533	-5.068E+02	1.00	7.910E-221	0	335	337	0	335	337	336M
9865	9865	-5.065E+02	1.00	1.084E-220	0	336	337	0	336	337	337M
9866	372	-4.181E+02	0.992	2.626E-182	0	264	266	0	264	266	265M
9866	5532	-4.213E+02	1.00	1.122E-183	0	264	266	0	264	266	265M
9866	9866	-4.209E+02	1.00	1.538E-183	0	265	266	0	265	266	266M
9867	371	-4.826E+02	0.980	2.631E-210	0	314	316	0	314	316	315M
9867	5531	-4.936E+02	1.00	4.259E-215	0	314	316	0	314	316	315M
9867	9867	-4.933E+02	1.00	5.837E-215	0	315	316	0	315	316	316M
9868	370	-5.439E+02	0.950	6.305E-237	0	419	421	0	418	420	343M1I76M
9868	5530	-5.817E+02	1.00	2.434E-253	0	419	421	0	419	421	420M
9868	9868	-5.813E+02	1.00	3.336E-253	0	420	421	0	420	421	421M
9869	369	-6.072E+02	0.973	2.006E-264	0	453	455	0	453	455	454M
9869	5529	-6.261E+02	1.00	1.248E-272	0	453	455	0	453	455	454M
9869	9869	-6.258E+02	1.00	1.710E-272	0	454	455	0	454	455	455M
9870	368	-5.770E+02	1.00	2.676E-251	0	371	373	0	371	373	372M
9870	5528	-5.770E+02	1.00	2.676E-251	0	371	373	0	371	373	372M
9870	9870	-5.766E+02	1.00	3.667E-251	0	372	373	0	372	373	373M
9871	367	-5.646E+02	0.994	6.093E-246	0	372	374	0	372	374	373M
9871	5527	-5.681E+02	1.00	1.903E-247	0	372	374	0	372	374	373M
9871	9871	-5.678E+02	1.00	2.608E-247	0	373	374	0	373	374	374M
9872	366	-5.986E+02	0.997	1.055E-260	0	427	429	0	427	429	428M
9872	5526	-5.999E+02	1.00	2.993E-261	0	427	429	0	427	429	428M
9872	9872	-5.996E+02	1.00	4.100E-261	0	428	429	0	428	429	429M
9873	365	-5.571E+02	0.991	1.158E-242	0	365	367	0	365	367	366M
9873	5525	-5.615E+02	1.00	1.406E-244	0	365	367	0	365	367	366M
9873	9873	-5.612E+02	1.00	1.927E-244	0	366	367	0	366	367	367M
9874	364	-4.973E+02	0.983	1.101E-216	0	310	312	0	310	312	311M
9874	5524	-5.017E+02	1.00	1.334E-218	0	310	312	0	310	312	311M
9874	9874	-5.014E+02	1.00	1.828E-218	0	311	312	0	311	312	312M
9875	363	-2.924E+02	0.985	1.065E-127	0	209	211	0	209	211	210M
9875	5523	-2.961E+02	1.00	2.420E-129	0	209	211	0	209	211	210M
9875	9875	-2.958E+02	1.00	3.318E-129	0	210	211	0	210	211	211M
9876	362	-7.084E+02	0.993	0.000E+00	0	635	637	0	635	637	636M
9876	5522	-7.084E+02	1.00	0.000E+00	0	635	637	0	635	637	636M
9876	9876	-7.084E+02	1.00	0.000E+00	0	636	637	0	636	637	637M
9877	361	-1.088E+02	1.00	5.725E-48	0	80	82	0	80	82	81M
9877	5521	-1.088E+02	1.00	5.725E-48	0	80	82	0	80	82	81M
9877	9877	-1.085E+02	1.00	7.856E-48	0	81	82	0	81	82	82M
9878	360	-1.464E+02	0.953	2.566E-64	5	112	114	228	335	337	108M
9878	5520	-1.613E+02	1.00	9.107E-71	0	112	114	0	112	114	113M
9878	9878	-1.610E+02	1.00	1.249E-70	0	113	114	0	113	114	114M
9879	1242	-5.875E+01	0.979	3.044E-26	0	48	50	95	143	145	49M
9879	4970	-5.971E+01	1.00	1.174E-26	0	48	50	0	48	50	49M
9879	8776	-5.971E+01	1.00	1.174E-26	0	48	50	0	48	50	49M
9880	4152	-2.976E+02	0.974	5.583E-130	0	198	200	0	198	200	199M
9880	5672	-3.102E+02	1.00	1.849E-135	0	198	200	0	198	200	199M
9880	9880	-3.099E+02	1.00	2.535E-135	0	199	200	0	199	200	200M
9881	4153	-3.494E+02	1.00	1.725E-152	0	229	231	0	229	231	230M
9881	5673	-3.494E+02	1.00	1.725E-152	0	229	231	0	229	231	230M
9881	9881	-3.491E+02	1.00	2.365E-152	0	230	231	0	230	231	231M
9882	4002	-7.444E+02	1.00	4.941E-324	0	491	493	0	491	493	492M
9882	5674	-7.444E+02	1.00	4.941E-324	0	491	493	0	491	493	492M
9882	9882	-7.444E+02	1.00	4.941E-324	0	492	493	0	492	493	493M
9883	4001	-5.473E+01	1.00	1.700E-24	0	46	48	0	46	48	47M
9883	5675	-5.473E+01	1.00	1.700E-24	0	46	48	0	46	48	47M
9883	9883	-5.441E+01	1.00	2.335E-24	0	47	48	0	47	48	48M
9884	4000	-6.415E+02	0.969	2.525E-279	0	432	435	0	432	435	433M
9884	5676	-6.626E+02	1.00	1.721E-288	0	433	435	0	433	435	434M
9884	9884	-6.623E+02	1.00	2.359E-288	0	434	435	0	434	435	435M
9885	3999	-4.644E+02	0.962	2.106E-202	0	319	321	0	319	321	320M
9885	5677	-4.827E+02	1.00	2.427E-210	0	319	321	0	319	321	320M
9885	9885	-4.823E+02	1.00	3.327E-210	0	320	321	0	320	321	321M
9886	3186	-7.084E+02	0.998	0.000E+00	0	594	596	0	594	596	595M
9886	5678	-7.084E+02	1.00	0.000E+00	0	594	596	0	594	596	595M
9886	9886	-7.084E+02	1.00	0.000E+00	0	595	596	0	595	596	596M
9887	3185	-6.679E+02	0.997	8.817E-291	0	428	430	0	428	430	429M
9887	5679	-6.707E+02	1.00	5.175E-292	0	428	430	0	428	430	429M
9887	9887	-6.704E+02	1.00	7.091E-292	0	429	430	0	429	430	430M
9888	3184	-3.548E+02	0.995	7.971E-155	0	242	244	0	242	244	243M
9888	5680	-3.561E+02	1.00	2.258E-155	0	242	244	0	242	244	243M
9888	9888	-3.558E+02	1.00	3.095E-155	0	243	244	0	243	244	244M
9889	3183	-4.346E+02	0.983	1.777E-189	0	295	297	0	295	297	296M
9889	5681	-4.425E+02	1.00	6.722E-193	0	295	297	0	295	297	296M
9889	9889	-4.422E+02	1.00	9.213E-193	0	296	297	0	296	297	297M
9890	3182	-6.287E+02	0.993	8.931E-274	0	430	432	0	430	432	431M
9890	5682	-6.309E+02	1.00	9.846E-275	0	430	432	0	430	432	431M
9890	9890	-6.306E+02	1.00	1.349E-274	0	431	432	0	431	432	432M
9891	3181	-7.084E+02	0.997	0.000E+00	0	893	895	0	893	895	894M
9891	5683	-7.084E+02	1.00	0.000E+00	0	893	895	0	893	895	894M
9891	9891	-7.084E+02	1.00	0.000E+00	0	894	895	0	894	895	895M
9892	3180	-3.001E+02	0.990	4.772E-131	0	206	208	0	206	208	207M
9892	5684	-3.026E+02	1.00	3.827E-132	0	206	208	0	206	208	207M
9892	9892	-3.023E+02	1.00	5.246E-132	0	207	208	0	207	208	208M
9893	616	-5.230E+02	0.994	6.955E-228	0	365	367	0	365	367	366M
9893	5685	-5.265E+02	1.00	2.174E-229	0	365	367	0	365	367	366M
9893	9893	-5.262E+02	1.00	2.979E-229	0	366	367	0	366	367	367M
9894	615	-7.084E+02	0.998	0.000E+00	0	1040	1042	0	1040	1042	1041M
9894	5686	-7.084E+02	1.00	0.000E+00	0	1040	1042	0	1040	1042	1041M
9894	9894	-7.084E+02	1.00	0.000E+00	0	1041	1042	0	1041	1042	1042M
9895	614	-1.746E+02	0.992	1.497E-76	0	124	126	0	124	126	125M
9895	5687	-1.755E+02	1.00	5.803E-77	0	124	126	0	124	126	125M
9895	9895	-1.752E+02	1.00	7.958E-77	0	125	126	0	125	126	126M
9896	613	-5.622E+02	1.00	6.587E-245	0	369	371	0	369	371	370M
9896	5688	-5.622E+02	1.00	6.587E-245	0	369	371	0	369	371	370M
9896	9896	-5.619E+02	1.00	9.026E-245	0	370	371	0	370	371	371M
9897	612	-1.346E+02	0.905	3.548E-59	0	115	117	0	115	117	116M
9897	5689	-1.460E+02	1.00	4.068E-64	0	115	117	0	115	117	116M
9897	9897	-1.456E+02	1.00	5.580E-64	0	116	117	0	116	117	117M
9898	611	-3.972E+02	1.00	3.036E-173	0	272	274	0	272	274	273M
9898	5690	-3.972E+02	1.00	3.036E-173	0	272	274	0	272	274	273M
9898	9898	-3.969E+02	1.00	4.161E-173	0	273	274	0	273	274	274M
9899	610	-3.264E+02	1.00	1.744E-142	0	216	218	0	216	218	217M
9899	5691	-3.264E+02	1.00	1.744E-142	0	216	218	0	216	218	217M
9899	9899	-3.261E+02	1.00	2.391E-142	0	217	218	0	217	218	218M
9900	609	-5.626E+02	0.994	4.571E-245	0	395	397	0	395	397	396M
9900	5692	-5.680E+02	1.00	2.159E-247	0	395	397	0	395	397	396M
9900	9900	-5.677E+02	1.00	2.958E-247	0	396	397	0	396	397	397M
9901	608	-3.900E+02	0.988	4.423E-170	0	266	268	0	266	268	267M
9901	5693	-3.937E+02	1.00	1.007E-171	0	266	268	0	266	268	267M
9901	9901	-3.934E+02	1.00	1.380E-171	0	267	268	0	267	268	268M
9902	607	-4.429E+02	0.993	4.317E-193	0	299	301	0	299	301	300M
9902	5694	-4.445E+02	1.00	8.928E-194	0	299	301	0	299	301	300M
9902	9902	-4.442E+02	1.00	1.224E-193	0	300	301	0	300	301	301M
9903	606	-1.683E+02	0.935	7.904E-74	0	123	125	0	123	125	124M
9903	5695	-1.784E+02	1.00	3.221E-78	0	123	125	0	123	125	124M
9903	9903	-1.781E+02	1.00	4.418E-78	0	124	125	0	124	125	125M
9904	605	-7.335E+02	0.989	2.767E-319	0	473	475	0	473	475	474M
9904	5696	-7.426E+02	1.00	2.964E-323	0	473	475	0	473	475	474M
9904	9904	-7.424E+02	1.00	3.953E-323	0	474	475	0	474	475	475M
9905	604	-5.261E+02	0.994	3.426E-229	0	341	343	0	341	343	342M
9905	5697	-5.286E+02	1.00	2.754E-230	0	341	343	0	341	343	342M
9905	9905	-5.283E+02	1.00	3.774E-230	0	342	343	0	342	343	343M
9906	603	-2.919E+02	0.989	1.651E-127	0	185	187	0	185	187	186M
9906	5698	-2.951E+02	1.00	7.040E-129	0	185	187	0	185	187	186M
9906	9906	-2.948E+02	1.00	9.652E-129	0	186	187	0	186	187	187M
9907	602	-1.176E+02	0.987	8.131E-52	0	80	82	0	80	82	81M
9907	5699	-1.195E+02	1.00	1.218E-52	0	80	82	0	80	82	81M
9907	9907	-1.192E+02	1.00	1.672E-52	0	81	82	0	81	82	82M
9908	601	-2.709E+02	0.988	2.341E-118	0	177	179	0	177	179	178M
9908	5700	-2.737E+02	1.00	1.368E-119	0	177	179	0	177	179	178M
9908	9908	-2.734E+02	1.00	1.876E-119	0	178	179	0	178	179	179M
9909	600	-5.546E+02	0.994	1.320E-241	0	343	345	0	343	345	344M
9909	5701	-5.562E+02	1.00	2.731E-242	0	343	345	0	343	345	344M
9909	9909	-5.559E+02	1.00	3.743E-242	0	344	345	0	344	345	345M
9910	599	-1.919E+02	1.00	4.592E-84	0	119	121	0	119	121	120M
9910	5702	-1.919E+02	1.00	4.592E-84	0	119	121	0	119	121	120M
9910	9910	-1.916E+02	1.00	6.297E-84	0	120	121	0	120	121	121M
9911	598	-3.692E+02	0.995	4.401E-161	0	244	246	0	244	246	245M
9911	5703	-3.705E+02	1.00	1.247E-161	0	244	246	0	244	246	245M
9911	9911	-3.702E+02	1.00	1.709E-161	0	245	246	0	245	246	246M
9912	597	-5.574E+01	1.00	6.194E-25	0	51	53	0	51	53	52M
9912	5704	-5.574E+01	1.00	6.194E-25	0	51	53	0	51	53	52M
9912	9912	-5.542E+01	1.00	8.509E-25	0	52	53	0	52	53	53M
9913	596	-2.443E+02	0.993	7.726E-107	0	151	153	0	151	153	152M
9913	5705	-2.459E+02	1.00	1.594E-107	0	151	153	0	151	153	152M
9913	9913	-2.456E+02	1.00	2.186E-107	0	152	153	0	152	153	153M
9914	595	-6.048E+02	0.984	2.191E-263	0	389	391	0	389	391	390M
9914	5706	-6.133E+02	1.00	4.425E-267	0	389	391	0	389	391	390M
9914	9914	-6.130E+02	1.00	6.065E-267	0	390	391	0	390	391	391M
9915	594	-6.323E+02	0.997	2.404E-275	0	420	422	0	420	422	421M
9915	5707	-6.333E+02	1.00	9.343E-276	0	420	422	0	420	422	421M
9915	9915	-6.330E+02	1.00	1.280E-275	0	421	422	0	421	422	422M
9916	593	-4.039E+02	0.996	3.914E-176	0	278	280	0	278	280	279M
9916	5708	-4.058E+02	1.00	5.906E-177	0	278	280	0	278	280	279M
9916	9916	-4.055E+02	1.00	8.095E-177	0	279	280	0	279	280	280M
9917	592	-9.270E+01	0.985	5.490E-41	0	66	68	0	66	68	67M
9917	5709	-9.302E+01	1.00	4.000E-41	0	66	68	0	66	68	67M
9917	9917	-9.270E+01	1.00	5.490E-41	0	67	68	0	67	68	68M
9918	2258	-3.635E+02	1.00	1.325E-158	0	238	240	0	238	240	239M
9918	5710	-3.635E+02	1.00	1.325E-158	0	238	240	0	238	240	239M
9918	9918	-3.632E+02	1.00	1.816E-158	0	239	240	0	239	240	240M
9919	2259	-3.004E+02	1.00	3.591E-131	0	200	202	0	200	202	201M
9919	5711	-3.004E+02	1.00	3.591E-131	0	200	202	0	200	202	201M
9919	9919	-3.000E+02	1.00	4.922E-131	0	201	202	0	201	202	202M
9920	2260	-4.437E+02	0.996	1.997E-193	0	296	298	0	296	298	297M
9920	5712	-4.450E+02	1.00	5.660E-194	0	296	298	0	296	298	297M
9920	9920	-4.447E+02	1.00	7.757E-194	0	297	298	0	297	298	298M
9921	2261	-3.366E+02	0.981	6.259E-147	0	213	215	0	213	215	214M
9921	5713	-3.395E+02	1.00	3.662E-148	0	213	215	0	213	215	214M
9921	9921	-3.392E+02	1.00	5.020E-148	0	214	215	0	214	215	215M
9922	2262	-4.333E+02	0.990	6.718E-189	0	310	312	0	310	313	311M
9922	5714	-4.364E+02	1.00	2.875E-190	0	310	312	0	310	312	311M
9922	9922	-4.361E+02	1.00	3.940E-190	0	311	312	0	311	312	312M
9923	2263	-6.286E+02	0.982	9.972E-274	0	446	448	0	446	448	447M
9923	5715	-6.440E+02	1.00	1.977E-280	0	446	448	0	446	448	447M
9923	9923	-6.437E+02	1.00	2.710E-280	0	447	448	0	447	448	448M
9924	2264	-2.296E+02	0.974	1.894E-100	0	155	157	0	155	158	156M
9924	5716	-2.350E+02	1.00	8.852E-103	0	155	157	0	155	157	156M
9924	9924	-2.347E+02	1.00	1.214E-102	0	156	157	0	156	157	157M
9925	2265	-5.537E+02	0.997	3.447E-241	0	350	352	0	350	352	351M
9925	5717	-5.546E+02	1.00	1.339E-241	0	350	352	0	350	352	351M
9925	9925	-5.543E+02	1.00	1.836E-241	0	351	352	0	351	352	352M
9926	2266	-3.913E+02	0.996	1.179E-170	0	258	260	0	258	260	259M
9926	5718	-3.922E+02	1.00	4.579E-171	0	258	260	0	258	260	259M
9926	9926	-3.919E+02	1.00	6.277E-171	0	259	260	0	259	260	260M
9927	2267	-2.842E+02	1.00	3.633E-124	0	181	183	0	181	183	182M
9927	5719	-2.842E+02	1.00	3.633E-124	0	181	183	0	181	183	182M
9927	9927	-2.839E+02	1.00	4.980E-124	0	182	183	0	182	183	183M
9928	2268	-3.245E+02	0.995	1.138E-141	0	209	211	0	209	211	210M
9928	5720	-3.258E+02	1.00	3.222E-142	0	209	211	0	209	211	210M
9928	9928	-3.255E+02	1.00	4.417E-142	0	210	211	0	210	211	211M
9929	2269	-6.641E+02	0.963	3.733E-289	0	434	436	0	434	436	435M
9929	5721	-6.802E+02	1.00	3.927E-296	0	434	436	0	434	436	435M
9929	9929	-6.799E+02	1.00	5.382E-296	0	435	436	0	435	436	436M
9930	2270	-6.982E+02	1.00	6.241E-304	0	461	463	0	461	463	462M
9930	5722	-6.982E+02	1.00	6.241E-304	0	461	463	0	461	463	462M
9930	9930	-6.978E+02	1.00	8.552E-304	0	462	463	0	462	463	463M
9931	2271	-3.449E+02	0.964	1.696E-150	0	226	228	0	226	228	227M
9931	5723	-3.550E+02	1.00	7.028E-155	0	226	228	0	226	228	227M
9931	9931	-3.546E+02	1.00	9.634E-155	0	227	228	0	227	228	228M
9932	2272	-6.330E+02	0.988	1.280E-275	0	420	422	0	420	422	421M
9932	5724	-6.418E+02	1.00	1.889E-279	0	420	422	0	420	422	421M
9932	9932	-6.415E+02	1.00	2.589E-279	0	421	422	0	421	422	422M
9933	2273	-5.550E+02	0.981	9.248E-242	0	369	371	0	369	371	370M
9933	5725	-5.610E+02	1.00	2.323E-244	0	369	371	0	369	371	370M
9933	9933	-5.607E+02	1.00	3.183E-244	0	370	371	0	370	371	371M
9934	4160	-3.756E+02	1.00	7.421E-164	0	249	251	0	249	251	250M
9934	5726	-3.756E+02	1.00	7.421E-164	0	249	251	0	249	251	250M
9934	9934	-3.753E+02	1.00	1.017E-163	0	250	251	0	250	251	251M
9935	4161	-2.753E+02	0.963	2.792E-120	0	190	192	0	190	192	191M
9935	5727	-2.863E+02	1.00	4.473E-125	0	190	192	0	190	192	191M
9935	9935	-2.860E+02	1.00	6.133E-125	0	191	192	0	191	192	192M
9936	3343	-7.084E+02	1.00	0.000E+00	0	557	559	0	557	559	558M
9936	5728	-7.084E+02	1.00	0.000E+00	0	557	559	0	557	559	558M
9936	9936	-7.084E+02	1.00	0.000E+00	0	558	559	0	558	559	559M
9937	3345	-6.143E+02	1.00	1.614E-267	94	511	513	0	417	419	418M
9937	5729	-7.084E+02	1.00	0.000E+00	0	511	513	0	511	513	512M
9937	9937	-7.084E+02	1.00	0.000E+00	0	512	513	0	512	513	513M
9938	3346	-7.022E+02	1.00	1.100E-305	0	469	471	0	469	471	470M
9938	5730	-7.022E+02	1.00	1.100E-305	0	469	471	0	469	471	470M
9938	9938	-7.019E+02	1.00	1.508E-305	0	470	471	0	470	471	471M
9939	3347	-6.112E+02	0.990	3.578E-266	0	400	402	0	400	402	401M
9939	5731	-6.185E+02	1.00	2.550E-269	0	400	402	0	400	402	401M
9939	9939	-6.181E+02	1.00	3.494E-269	0	401	402	0	401	402	402M
9940	3348	-4.828E+02	0.984	2.109E-210	0	316	318	0	316	318	317M
9940	5732	-4.894E+02	1.00	2.816E-213	0	316	318	0	316	318	317M
9940	9940	-4.891E+02	1.00	3.859E-213	0	317	318	0	317	318	318M
9941	3349	-7.084E+02	0.981	0.000E+00	0	607	609	0	607	609	608M
9941	5733	-7.084E+02	1.00	0.000E+00	0	607	609	0	607	609	608M
9941	9941	-7.084E+02	1.00	0.000E+00	0	608	609	0	608	609	609M
9942	3724	-2.173E+01	0.224	3.656E-10	4	207	213	5	219	223	18M10I17M7I18M4D14M20D34M1D23M3D63M
9942	5734	-3.207E+02	1.00	5.509E-140	0	211	213	0	211	213	212M
9942	9942	-3.203E+02	1.00	7.551E-140	0	212	213	0	212	213	213M
9943	1860	-3.815E+02	0.988	2.098E-166	0	265	267	0	265	267	266M
9943	5735	-3.868E+02	1.00	9.873E-169	0	265	267	0	265	267	266M
9943	9943	-3.865E+02	1.00	1.353E-168	0	266	267	0	266	267	267M
9944	1861	-7.084E+02	0.986	0.000E+00	0	611	613	0	611	613	612M
9944	5736	-7.084E+02	1.00	0.000E+00	0	611	613	0	611	613	612M
9944	9944	-7.084E+02	1.00	0.000E+00	0	612	613	0	612	613	613M
9945	1862	-6.796E+02	0.997	6.950E-296	0	453	455	0	453	455	454M
9945	5737	-6.809E+02	1.00	1.971E-296	0	453	455	0	453	455	454M
9945	9945	-6.806E+02	1.00	2.701E-296	0	454	455	0	454	455	455M
9946	1863	-2.614E+02	0.976	2.966E-114	0	170	172	0	170	172	171M
9946	5738	-2.646E+02	1.00	1.264E-115	0	170	172	0	170	172	171M
9946	9946	-2.642E+02	1.00	1.733E-115	0	171	172	0	171	172	172M
9947	1864	-4.717E+02	0.993	1.392E-205	0	304	306	0	304	306	305M
9947	5739	-4.755E+02	1.00	3.170E-207	0	304	306	0	304	306	305M
9947	9947	-4.752E+02	1.00	4.345E-207	0	305	306	0	305	306	306M
9948	1865	-2.151E+02	1.00	3.757E-94	0	148	150	0	148	150	149M
9948	5740	-2.151E+02	1.00	3.757E-94	0	148	150	0	148	150	149M
9948	9948	-2.148E+02	1.00	5.151E-94	0	149	150	0	149	150	150M
9949	1866	-2.230E+02	1.00	1.432E-97	0	155	157	0	155	157	156M
9949	5741	-2.230E+02	1.00	1.432E-97	0	155	157	0	155	157	156M
9949	9949	-2.227E+02	1.00	1.964E-97	0	156	157	0	156	157	157M
9950	1867	-5.627E+02	0.997	4.035E-245	0	372	374	0	372	374	373M
9950	5742	-5.649E+02	1.00	4.446E-246	0	372	374	0	372	374	373M
9950	9950	-5.646E+02	1.00	6.093E-246	0	373	374	0	373	374	374M
9951	1868	-6.168E+02	1.00	1.286E-268	0	428	430	0	428	430	429M
9951	5743	-6.168E+02	1.00	1.286E-268	0	428	430	0	428	430	429M
9951	9951	-6.165E+02	1.00	1.762E-268	0	429	430	0	429	430	430M
9952	1869	-5.895E+02	1.00	9.524E-257	0	406	408	0	406	408	407M
9952	5744	-5.895E+02	1.00	9.524E-257	0	406	408	0	406	408	407M
9952	9952	-5.892E+02	1.00	1.305E-256	0	407	408	0	407	408	408M
9953	1870	-1.478E+02	1.00	6.581E-65	0	110	112	0	110	112	111M
9953	5745	-1.478E+02	1.00	6.581E-65	0	110	112	0	110	112	111M
9953	9953	-1.475E+02	1.00	9.027E-65	0	111	112	0	111	112	112M
9954	1871	-2.287E+02	1.00	4.523E-100	0	160	162	0	160	162	161M
9954	5746	-2.287E+02	1.00	4.523E-100	0	160	162	0	160	162	161M
9954	9954	-2.284E+02	1.00	6.201E-100	0	161	162	0	161	162	162M
9955	1872	-2.010E+02	0.931	5.044E-88	0	146	148	0	146	148	147M
9955	5747	-2.158E+02	1.00	1.815E-94	0	146	148	0	146	148	147M
9955	9955	-2.155E+02	1.00	2.489E-94	0	147	148	0	147	148	148M
9956	1875	-6.287E+02	0.997	8.951E-274	0	403	405	0	403	405	404M
9956	5748	-6.309E+02	1.00	9.863E-275	0	403	405	0	403	405	404M
9956	9956	-6.306E+02	1.00	1.352E-274	0	404	405	0	404	405	405M
9957	1876	-4.424E+02	0.992	7.180E-193	0	283	285	0	283	285	284M
9957	5749	-4.462E+02	1.00	1.634E-194	0	283	285	0	283	285	284M
9957	9957	-4.459E+02	1.00	2.240E-194	0	284	285	0	284	285	285M
9958	1877	-4.176E+02	0.982	4.475E-182	0	282	284	0	282	284	283M
9958	5750	-4.223E+02	1.00	3.957E-184	0	282	284	0	282	284	283M
9958	9958	-4.220E+02	1.00	5.423E-184	0	283	284	0	283	284	284M
9959	1878	-6.066E+02	0.977	3.720E-264	0	405	407	0	405	407	406M
9959	5751	-6.176E+02	1.00	6.048E-269	0	405	407	0	405	407	406M
9959	9959	-6.173E+02	1.00	8.288E-269	0	406	407	0	406	407	407M
9960	5752	-2.004E+02	1.00	8.862E-88	0	138	140	0	138	140	139M
9960	9960	-2.001E+02	1.00	1.215E-87	0	139	140	0	139	140	140M
9961	1879	-3.762E+02	0.972	4.340E-164	0	251	253	0	251	253	252M
9961	5753	-3.853E+02	1.00	4.641E-168	0	251	253	0	251	253	252M
9961	9961	-3.850E+02	1.00	6.361E-168	0	252	253	0	252	253	253M
9962	2736	-5.279E+02	0.960	5.595E-230	44	397	399	0	353	355	354M
9962	5754	-6.085E+02	1.00	5.300E-265	0	397	399	0	397	399	398M
9962	9962	-6.082E+02	1.00	7.263E-265	0	398	399	0	398	399	399M
9963	2737	-7.024E+02	0.997	8.935E-306	0	451	453	0	451	453	452M
9963	5755	-7.043E+02	1.00	1.350E-306	0	451	453	0	451	453	452M
9963	9963	-7.040E+02	1.00	1.849E-306	0	452	453	0	452	453	453M
9964	2738	-3.570E+02	1.00	8.639E-156	0	235	237	0	235	237	236M
9964	5756	-3.570E+02	1.00	8.639E-156	0	235	237	0	235	237	236M
9964	9964	-3.567E+02	1.00	1.184E-155	0	236	237	0	236	237	237M
9965	2739	-3.104E+02	1.00	1.631E-135	0	222	224	0	222	224	223M
9965	5757	-3.104E+02	1.00	1.631E-135	0	222	224	0	222	224	223M
9965	9965	-3.100E+02	1.00	2.236E-135	0	223	224	0	223	224	224M
9966	2740	-4.197E+02	0.992	5.092E-183	0	276	278	0	276	278	277M
9966	5758	-4.210E+02	1.00	1.443E-183	0	276	278	0	276	278	277M
9966	9966	-4.207E+02	1.00	1.978E-183	0	277	278	0	277	278	278M
9967	2741	-6.446E+02	0.997	1.113E-280	0	454	456	0	454	456	455M
9967	5759	-6.459E+02	1.00	3.157E-281	0	454	456	0	454	456	455M
9967	9967	-6.456E+02	1.00	4.325E-281	0	455	456	0	455	456	456M
9968	2742	-5.928E+02	0.984	3.594E-258	0	383	385	0	383	385	384M
9968	5760	-6.026E+02	1.00	2.058E-262	0	383	385	0	383	385	384M
9968	9968	-6.022E+02	1.00	2.820E-262	0	384	385	0	384	385	385M
9969	2743	-6.540E+02	1.00	9.340E-285	0	435	437	0	435	437	436M
9969	5761	-6.540E+02	1.00	9.340E-285	0	435	437	0	435	437	436M
9969	9969	-6.537E+02	1.00	1.280E-284	0	436	437	0	436	437	437M
9970	2744	-2.796E+02	0.983	3.821E-122	0	186	188	0	186	188	187M
9970	5762	-2.837E+02	1.00	6.324E-124	0	186	188	0	186	188	187M
9970	9970	-2.834E+02	1.00	8.670E-124	0	187	188	0	187	188	188M
9971	2745	-2.721E+02	0.988	6.950E-119	0	178	180	0	178	180	179M
9971	5763	-2.759E+02	1.00	1.576E-120	0	178	180	0	178	180	179M
9971	9971	-2.755E+02	1.00	2.161E-120	0	179	180	0	179	180	180M
9972	2746	-7.084E+02	0.998	0.000E+00	0	524	526	0	524	526	525M
9972	5764	-7.084E+02	1.00	0.000E+00	0	524	526	0	524	526	525M
9972	9972	-7.084E+02	1.00	0.000E+00	0	525	526	0	525	526	526M
9973	2747	-2.545E+02	0.988	3.070E-111	0	170	172	0	170	172	171M
9973	5765	-2.564E+02	1.00	4.622E-112	0	170	172	0	170	172	171M
9973	9973	-2.560E+02	1.00	6.337E-112	0	171	172	0	171	172	172M
9974	4165	-7.084E+02	0.953	0.000E+00	0	1007	1109	0	1007	1025	1008M
9974	5766	-7.084E+02	1.00	0.000E+00	0	1107	1109	0	1107	1109	1108M
9974	9974	-7.084E+02	1.00	0.000E+00	0	1108	1109	0	1108	1109	1109M
9975	5767	-7.084E+02	1.00	0.000E+00	0	673	675	0	673	675	674M
9975	9975	-7.084E+02	1.00	0.000E+00	0	674	675	0	674	675	675M
9976	5768	-3.459E+02	1.00	6.088E-151	0	231	233	0	231	233	232M
9976	9976	-3.456E+02	1.00	8.344E-151	0	232	233	0	232	233	233M
9977	2275	-7.099E+02	1.00	5.043E-309	0	446	448	0	446	448	447M
9977	5769	-7.099E+02	1.00	5.043E-309	0	446	448	0	446	448	447M
9977	9977	-7.096E+02	1.00	6.910E-309	0	447	448	0	447	448	448M
9978	2276	-2.850E+02	0.994	1.738E-124	0	192	194	0	192	194	193M
9978	5770	-2.865E+02	1.00	3.589E-125	0	192	194	0	192	194	193M
9978	9978	-2.862E+02	1.00	4.920E-125	0	193	194	0	193	194	194M
9979	2277	-7.084E+02	1.00	0.000E+00	0	626	628	0	626	628	627M
9979	5771	-7.084E+02	1.00	0.000E+00	0	626	628	0	626	628	627M
9979	9979	-7.084E+02	1.00	0.000E+00	0	627	628	0	627	628	628M
9980	2278	-3.854E+02	0.992	4.347E-168	0	263	265	0	263	265	264M
9980	5772	-3.885E+02	1.00	1.858E-169	0	263	265	0	263	265	264M
9980	9980	-3.882E+02	1.00	2.547E-169	0	264	265	0	264	265	265M
9981	2279	-2.594E+02	0.988	2.229E-113	0	166	168	0	166	168	167M
9981	5773	-2.607E+02	1.00	6.309E-114	0	166	168	0	166	168	167M
9981	9981	-2.603E+02	1.00	8.650E-114	0	167	168	0	167	168	168M
9982	2280	-5.339E+02	0.988	1.341E-232	0	335	337	0	335	337	336M
9982	5774	-5.386E+02	1.00	1.187E-234	0	335	337	0	335	337	336M
9982	9982	-5.383E+02	1.00	1.627E-234	0	336	337	0	336	337	337M
9983	2281	-5.975E+02	0.997	3.336E-260	0	384	386	0	384	386	385M
9983	5775	-5.990E+02	1.00	6.903E-261	0	384	386	0	384	386	385M
9983	9983	-5.987E+02	1.00	9.460E-261	0	385	386	0	385	386	386M
9984	2282	-3.754E+02	0.979	9.110E-164	0	240	242	0	240	242	241M
9984	5776	-3.820E+02	1.00	1.212E-166	0	240	242	0	240	242	241M
9984	9984	-3.817E+02	1.00	1.662E-166	0	241	242	0	241	242	242M
9985	2283	-6.430E+02	0.989	5.374E-280	0	454	456	0	454	456	455M
9985	5777	-6.509E+02	1.00	2.045E-283	0	454	456	0	454	456	455M
9985	9985	-6.506E+02	1.00	2.802E-283	0	455	456	0	455	456	456M
9986	2284	-1.540E+02	0.990	1.337E-67	0	106	108	0	106	108	107M
9986	5778	-1.559E+02	1.00	2.007E-68	0	106	108	0	106	108	107M
9986	9986	-1.556E+02	1.00	2.753E-68	0	107	108	0	107	108	108M
9987	2285	-2.382E+02	1.00	3.395E-104	0	166	168	0	166	168	167M
9987	5779	-2.382E+02	1.00	3.395E-104	0	166	168	0	166	168	167M
9987	9987	-2.379E+02	1.00	4.654E-104	0	167	168	0	167	168	168M
9988	2286	-5.144E+02	0.987	3.809E-224	0	320	322	0	320	322	321M
9988	5780	-5.201E+02	1.00	1.309E-226	0	320	322	0	320	322	321M
9988	9988	-5.198E+02	1.00	1.794E-226	0	321	322	0	321	322	322M
9989	2287	-1.690E+02	0.991	3.912E-74	0	115	117	0	115	117	116M
9989	5781	-1.703E+02	1.00	1.105E-74	0	115	117	0	115	117	116M
9989	9989	-1.700E+02	1.00	1.516E-74	0	116	117	0	116	117	117M
9990	2288	-2.644E+02	1.00	1.486E-115	0	180	182	0	180	182	181M
9990	5782	-2.644E+02	1.00	1.486E-115	0	180	182	0	180	182	181M
9990	9990	-2.641E+02	1.00	2.038E-115	0	181	182	0	181	182	182M
9991	2289	-3.811E+02	0.992	3.222E-166	0	254	256	0	254	256	255M
9991	5783	-3.839E+02	1.00	1.887E-167	0	254	256	0	254	256	255M
9991	9991	-3.836E+02	1.00	2.587E-167	0	255	256	0	255	256	256M
9992	2290	-7.084E+02	0.975	0.000E+00	0	603	605	0	603	605	604M
9992	5784	-7.084E+02	1.00	0.000E+00	0	603	605	0	603	605	604M
9992	9992	-7.084E+02	1.00	0.000E+00	0	604	605	0	604	605	605M
9993	5785	-6.054E+02	1.00	1.181E-263	0	396	398	0	396	398	397M
9993	9993	-6.051E+02	1.00	1.619E-263	0	397	398	0	397	398	398M
9994	3691	-4.604E+02	0.996	1.074E-200	0	302	304	0	302	304	303M
9994	5786	-4.620E+02	1.00	2.220E-201	0	302	304	0	302	304	303M
9994	9994	-4.617E+02	1.00	3.043E-201	0	303	304	0	303	304	304M
9995	3690	-2.156E+02	1.00	2.260E-94	0	144	146	0	144	146	145M
9995	5787	-2.156E+02	1.00	2.260E-94	0	144	146	0	144	146	145M
9995	9995	-2.153E+02	1.00	3.100E-94	0	145	146	0	145	146	146M
9996	3689	-1.649E+02	0.991	2.377E-72	0	115	117	0	115	117	116M
9996	5788	-1.662E+02	1.00	6.718E-73	0	115	117	0	115	117	116M
9996	9996	-1.659E+02	1.00	9.214E-73	0	116	117	0	116	117	117M
9997	3688	-4.438E+02	1.00	1.738E-193	0	273	275	0	273	275	274M
9997	5789	-4.438E+02	1.00	1.738E-193	0	273	275	0	273	275	274M
9997	9997	-4.435E+02	1.00	2.382E-193	0	274	275	0	274	275	275M
9998	3687	-3.157E+02	1.00	7.549E-138	0	215	217	0	215	217	216M
9998	5790	-3.157E+02	1.00	7.549E-138	0	215	217	0	215	217	216M
9998	9998	-3.154E+02	1.00	1.035E-137	0	216	217	0	216	217	217M
9999	3686	-7.084E+02	0.991	0.000E+00	0	728	730	0	728	730	729M
9999	5791	-7.084E+02	1.00	0.000E+00	0	728	730	0	728	730	729M
9999	9999	-7.084E+02	1.00	0.000E+00	0	729	730	0	729	730	730M
10000	3685	-1.011E+02	0.985	1.237E-44	0	69	71	0	69	71	70M
10000	5792	-1.024E+02	1.00	3.488E-45	0	69	71	0	69	71	70M
10000	10000	-1.021E+02	1.00	4.787E-45	0	70	71	0	70	71	71M
10001	1378	-4.829E+02	1.00	1.832E-210	0	313	315	0	313	315	314M
10001	5793	-4.829E+02	1.00	1.832E-210	0	313	315	0	313	315	314M
10001	10001	-4.826E+02	1.00	2.510E-210	0	314	315	0	314	315	315M
10002	1379	-5.256E+02	1.00	5.339E-229	12	364	366	0	352	354	353M
10002	5794	-5.455E+02	1.00	1.279E-237	0	364	366	0	364	366	365M
10002	10002	-5.452E+02	1.00	1.752E-237	0	365	366	0	365	366	366M
10003	1380	-7.303E+02	0.995	6.839E-318	0	481	483	0	481	483	482M
10003	5795	-7.316E+02	1.00	1.940E-318	0	481	483	0	481	483	482M
10003	10003	-7.312E+02	1.00	2.658E-318	0	482	483	0	482	483	483M
10004	1381	-4.678E+02	1.00	7.041E-204	0	307	309	0	307	309	308M
10004	5796	-4.678E+02	1.00	7.041E-204	0	307	309	0	307	309	308M
10004	10004	-4.675E+02	1.00	9.649E-204	0	308	309	0	308	309	309M
10005	1382	-4.301E+02	0.996	1.568E-187	0	283	285	0	283	285	284M
10005	5797	-4.320E+02	1.00	2.365E-188	0	283	285	0	283	285	284M
10005	10005	-4.317E+02	1.00	3.242E-188	0	284	285	0	284	285	285M
10006	1383	-6.286E+02	1.00	1.006E-273	0	419	421	0	419	421	420M
10006	5798	-6.286E+02	1.00	1.006E-273	0	419	421	0	419	421	420M
10006	10006	-6.283E+02	1.00	1.378E-273	0	420	421	0	420	421	421M
10007	1384	-5.720E+02	1.00	3.904E-249	0	390	392	0	390	392	391M
10007	5799	-5.720E+02	1.00	3.904E-249	0	390	392	0	390	392	391M
10007	10007	-5.717E+02	1.00	5.350E-249	0	391	392	0	391	392	392M
10008	1385	-4.530E+02	1.00	1.799E-197	0	299	301	0	299	301	300M
10008	5800	-4.530E+02	1.00	1.799E-197	0	299	301	0	299	301	300M
10008	10008	-4.527E+02	1.00	2.465E-197	0	300	301	0	300	301	301M
10009	1386	-2.067E+02	1.00	1.637E-90	0	145	147	0	145	147	146M
10009	5801	-2.067E+02	1.00	1.637E-90	0	145	147	0	145	147	146M
10009	10009	-2.064E+02	1.00	2.245E-90	0	146	147	0	146	147	147M
10010	1387	-3.469E+02	1.00	2.150E-151	0	229	231	0	229	231	230M
10010	5802	-3.469E+02	1.00	2.150E-151	0	229	231	0	229	231	230M
10010	10010	-3.466E+02	1.00	2.948E-151	0	230	231	0	230	231	231M
10011	1388	-7.084E+02	1.00	0.000E+00	0	904	906	0	904	906	905M
10011	5803	-7.084E+02	1.00	0.000E+00	0	904	906	0	904	906	905M
10011	10011	-7.084E+02	1.00	0.000E+00	0	905	906	0	905	906	906M
10012	1389	-7.084E+02	0.989	0.000E+00	0	658	660	0	659	661	108M1D551M
10012	5804	-7.084E+02	1.00	0.000E+00	0	658	660	0	658	660	659M
10012	10012	-7.084E+02	1.00	0.000E+00	0	659	660	0	659	660	660M
10013	1390	-1.194E+02	1.00	1.387E-52	0	89	91	0	89	91	90M
10013	5805	-1.194E+02	1.00	1.387E-52	0	89	91	0	89	91	90M
10013	10013	-1.191E+02	1.00	1.903E-52	0	90	91	0	90	91	91M
10014	1391	-2.661E+02	0.994	2.624E-116	0	190	192	0	190	192	191M
10014	5806	-2.677E+02	1.00	5.419E-117	0	190	192	0	190	192	191M
10014	10014	-2.674E+02	1.00	7.429E-117	0	191	192	0	191	192	192M
10015	1392	-7.084E+02	0.981	0.000E+00	0	717	719	0	720	722	138M3D580M
10015	5807	-7.084E+02	1.00	0.000E+00	0	717	719	0	717	719	718M
10015	10015	-7.084E+02	1.00	0.000E+00	0	718	719	0	718	719	719M
10016	1393	-4.156E+02	0.996	3.272E-181	0	264	266	0	264	266	265M
10016	5808	-4.178E+02	1.00	3.600E-182	0	264	266	0	264	266	265M
10016	10016	-4.175E+02	1.00	4.934E-182	0	265	266	0	265	266	266M
10017	5809	-1.858E+02	1.00	1.948E-81	0	120	122	0	120	122	121M
10017	10017	-1.855E+02	1.00	2.672E-81	0	121	122	0	121	122	122M
10018	1395	-7.149E+02	1.00	3.326E-311	0	487	489	0	487	489	488M
10018	5810	-7.149E+02	1.00	3.326E-311	0	487	489	0	487	489	488M
10018	10018	-7.146E+02	1.00	4.558E-311	0	488	489	0	488	489	489M
10019	1396	-6.693E+02	0.995	2.050E-291	0	444	446	0	444	446	445M
10019	5811	-6.731E+02	1.00	4.677E-293	0	444	446	0	444	446	445M
10019	10019	-6.728E+02	1.00	6.408E-293	0	445	446	0	445	446	446M
10020	1397	-3.352E+02	0.990	2.673E-146	0	217	219	0	217	219	218M
10020	5812	-3.390E+02	1.00	6.072E-148	0	217	219	0	217	219	218M
10020	10020	-3.387E+02	1.00	8.324E-148	0	218	219	0	218	219	219M
10021	1398	-7.084E+02	1.00	0.000E+00	0	565	567	0	565	567	566M
10021	5813	-7.084E+02	1.00	0.000E+00	0	565	567	0	565	567	566M
10021	10021	-7.084E+02	1.00	0.000E+00	0	566	567	0	566	567	567M
10022	1399	-3.845E+02	0.996	1.005E-167	0	254	256	0	254	256	255M
10022	5814	-3.858E+02	1.00	2.846E-168	0	254	256	0	254	256	255M
10022	10022	-3.855E+02	1.00	3.901E-168	0	255	256	0	255	256	256M
10023	1630	-4.667E+02	1.00	1.991E-203	0	309	311	0	309	311	310M
10023	5815	-4.667E+02	1.00	1.991E-203	0	309	311	0	309	311	310M
10023	10023	-4.664E+02	1.00	2.728E-203	0	310	311	0	310	311	311M
10024	1629	-5.240E+01	0.976	1.746E-23	0	42	44	0	42	44	43M
10024	5816	-5.367E+01	1.00	4.902E-24	0	42	44	0	42	44	43M
10024	10024	-5.335E+01	1.00	6.735E-24	0	43	44	0	43	44	44M
10025	1628	-1.436E+02	1.00	4.408E-63	0	99	101	0	99	101	100M
10025	5817	-1.436E+02	1.00	4.408E-63	0	99	101	0	99	101	100M
10025	10025	-1.433E+02	1.00	6.047E-63	0	100	101	0	100	101	101M
10026	1627	-5.363E+02	0.988	1.217E-233	0	351	353	0	351	353	352M
10026	5818	-5.404E+02	1.00	2.023E-235	0	351	353	0	351	353	352M
10026	10026	-5.401E+02	1.00	2.773E-235	0	352	353	0	352	353	353M
10027	1626	-6.681E+02	0.997	6.742E-291	0	429	431	0	429	431	430M
10027	5819	-6.685E+02	1.00	4.920E-291	0	429	431	0	429	431	430M
10027	10027	-6.681E+02	1.00	6.742E-291	0	430	431	0	430	431	431M
10028	1625	-3.476E+02	0.982	1.058E-151	0	234	236	0	234	236	235M
10028	5820	-3.549E+02	1.00	7.491E-155	0	234	236	0	234	236	235M
10028	10028	-3.546E+02	1.00	1.027E-154	0	235	236	0	235	236	236M
10029	1624	-4.679E+02	1.00	6.348E-204	0	325	327	0	325	327	326M
10029	5821	-4.679E+02	1.00	6.348E-204	0	325	327	0	325	327	326M
10029	10029	-4.676E+02	1.00	8.699E-204	0	326	327	0	326	327	327M
10030	1623	-2.772E+02	1.00	4.206E-121	0	190	192	0	190	192	191M
10030	5822	-2.772E+02	1.00	4.206E-121	0	190	192	0	190	192	191M
10030	10030	-2.769E+02	1.00	5.766E-121	0	191	192	0	191	192	192M
10031	1622	-7.084E+02	0.998	0.000E+00	0	648	650	0	648	650	649M
10031	5823	-7.084E+02	1.00	0.000E+00	0	648	650	0	648	650	649M
10031	10031	-7.084E+02	1.00	0.000E+00	0	649	650	0	649	650	650M
10032	1621	-2.597E+02	0.972	1.610E-113	0	178	181	0	178	181	179M
10032	5824	-2.679E+02	1.00	4.407E-117	0	179	181	0	179	181	180M
10032	10032	-2.676E+02	1.00	6.041E-117	0	180	181	0	180	181	181M
10033	1620	-1.993E+02	1.00	2.846E-87	0	136	138	0	136	138	137M
10033	5825	-1.993E+02	1.00	2.846E-87	0	136	138	0	136	138	137M
10033	10033	-1.990E+02	1.00	3.903E-87	0	137	138	0	137	138	138M
10034	8143	-2.409E+02	1.00	2.356E-105	0	163	165	0	163	165	164M
10034	10034	-2.406E+02	1.00	3.230E-105	0	164	165	0	164	165	165M
10035	2583	-2.663E+02	0.994	2.134E-116	0	179	181	0	179	181	180M
10035	8142	-2.670E+02	1.00	1.136E-116	0	179	181	0	179	181	180M
10035	10035	-2.667E+02	1.00	1.557E-116	0	180	181	0	180	181	181M
10036	2584	-2.414E+02	1.00	1.419E-105	0	159	161	0	159	161	160M
10036	8141	-2.414E+02	1.00	1.419E-105	0	159	161	0	159	161	160M
10036	10036	-2.411E+02	1.00	1.945E-105	0	160	161	0	160	161	161M
10037	2585	-2.662E+02	1.00	2.418E-116	0	175	177	0	175	177	176M
10037	8140	-2.662E+02	1.00	2.418E-116	0	175	177	0	175	177	176M
10037	10037	-2.659E+02	1.00	3.314E-116	0	176	177	0	176	177	177M
10038	2586	-7.084E+02	0.993	0.000E+00	0	944	946	0	944	946	945M
10038	8139	-7.084E+02	1.00	0.000E+00	0	944	946	0	944	946	945M
10038	10038	-7.084E+02	1.00	0.000E+00	0	945	946	0	945	946	946M
10039	2587	-5.192E+02	1.00	3.157E-226	0	332	334	0	332	334	333M
10039	8138	-5.192E+02	1.00	3.157E-226	0	332	334	0	332	334	333M
10039	10039	-5.189E+02	1.00	4.327E-226	0	333	334	0	333	334	334M
10040	3677	-5.600E+02	0.989	6.048E-244	0	376	378	0	376	378	377M
10040	8137	-5.666E+02	1.00	8.092E-247	0	376	378	0	376	378	377M
10040	10040	-5.663E+02	1.00	1.109E-246	0	377	378	0	377	378	378M
10041	3678	-2.874E+02	1.00	1.505E-125	0	187	189	0	187	189	188M
10041	8136	-2.874E+02	1.00	1.505E-125	0	187	189	0	187	189	188M
10041	10041	-2.871E+02	1.00	2.063E-125	0	188	189	0	188	189	189M
10042	3679	-3.026E+02	1.00	3.650E-132	0	205	207	0	205	207	206M
10042	8135	-3.026E+02	1.00	3.650E-132	0	205	207	0	205	207	206M
10042	10042	-3.023E+02	1.00	5.003E-132	0	206	207	0	206	207	207M
10043	3680	-3.897E+02	1.00	5.785E-170	0	265	267	0	265	267	266M
10043	8134	-3.897E+02	1.00	5.785E-170	0	265	267	0	265	267	266M
10043	10043	-3.894E+02	1.00	7.928E-170	0	266	267	0	266	267	267M
10044	3681	-3.812E+02	1.00	2.744E-166	0	264	266	0	264	266	265M
10044	8133	-3.812E+02	1.00	2.744E-166	0	264	266	0	264	266	265M
10044	10044	-3.809E+02	1.00	3.761E-166	0	265	266	0	265	266	266M
10045	3682	-6.044E+02	0.997	3.147E-263	0	390	392	0	390	392	391M
10045	8132	-6.060E+02	1.00	6.511E-264	0	390	392	0	390	392	391M
10045	10045	-6.057E+02	1.00	8.923E-264	0	391	392	0	391	392	392M
10046	3683	-4.893E+02	0.990	3.284E-213	0	326	328	0	326	328	327M
10046	8131	-4.927E+02	1.00	1.025E-214	0	326	328	0	326	328	327M
10046	10046	-4.924E+02	1.00	1.405E-214	0	327	328	0	327	328	328M
10047	3684	-4.794E+02	1.00	6.230E-209	0	321	323	0	321	323	322M
10047	8130	-4.794E+02	1.00	6.230E-209	0	321	323	0	321	323	322M
10047	10047	-4.791E+02	1.00	8.538E-209	0	322	323	0	322	323	323M
10048	3858	-6.968E+02	1.00	2.475E-303	0	450	452	0	450	452	451M
10048	8129	-6.968E+02	1.00	2.475E-303	0	450	452	0	450	452	451M
10048	10048	-6.965E+02	1.00	3.391E-303	0	451	452	0	451	452	452M
10049	3859	-1.578E+02	0.990	2.869E-69	0	105	107	0	105	107	106M
10049	8128	-1.581E+02	1.00	2.092E-69	0	105	107	0	105	107	106M
10049	10049	-1.578E+02	1.00	2.869E-69	0	106	107	0	106	107	107M
10050	3860	-2.028E+02	0.992	8.410E-89	0	135	137	0	135	137	136M
10050	8127	-2.044E+02	1.00	1.734E-89	0	135	137	0	135	137	136M
10050	10050	-2.041E+02	1.00	2.378E-89	0	136	137	0	136	137	137M
10051	3861	-3.700E+02	0.995	1.969E-161	0	247	249	0	247	249	248M
10051	8126	-3.726E+02	1.00	1.580E-162	0	247	249	0	247	249	248M
10051	10051	-3.722E+02	1.00	2.166E-162	0	248	249	0	248	249	249M
10052	3862	-3.509E+02	0.995	3.920E-153	0	231	233	0	231	233	232M
10052	8125	-3.525E+02	1.00	8.100E-154	0	231	233	0	231	233	232M
10052	10052	-3.522E+02	1.00	1.110E-153	0	232	233	0	232	233	233M
10053	3863	-3.617E+02	0.991	7.995E-158	0	236	238	0	236	238	237M
10053	8124	-3.658E+02	1.00	1.326E-159	0	236	238	0	236	238	237M
10053	10053	-3.655E+02	1.00	1.817E-159	0	237	238	0	237	238	238M
10054	3864	-3.090E+02	1.00	6.338E-135	0	204	206	0	204	206	205M
10054	8123	-3.090E+02	1.00	6.338E-135	0	204	206	0	204	206	205M
10054	10054	-3.087E+02	1.00	8.689E-135	0	205	206	0	205	206	206M
10055	500	-1.336E+02	0.530	9.175E-59	2	196	216	0	195	203	28M1D167M
10055	8122	-3.107E+02	1.00	1.119E-135	0	214	216	0	214	216	215M
10055	10055	-3.104E+02	1.00	1.534E-135	0	215	216	0	215	216	216M
10056	1673	-3.087E+02	1.00	8.832E-135	0	211	213	0	211	213	212M
10056	8121	-3.087E+02	1.00	8.832E-135	0	211	213	0	211	213	212M
10056	10056	-3.084E+02	1.00	1.211E-134	0	212	213	0	212	213	213M
10057	1674	-5.069E+02	0.970	7.293E-221	0	340	342	0	340	342	341M
10057	8120	-5.198E+02	1.00	1.785E-226	0	340	342	0	340	342	341M
10057	10057	-5.195E+02	1.00	2.447E-226	0	341	342	0	341	342	342M
10058	1675	-6.020E+02	0.986	3.518E-262	0	381	383	0	381	383	382M
10058	8119	-6.108E+02	1.00	5.182E-266	0	381	383	0	381	383	382M
10058	10058	-6.105E+02	1.00	7.102E-266	0	382	383	0	382	383	383M
10059	1676	-3.475E+02	1.00	1.218E-151	0	237	239	0	237	239	238M
10059	8118	-3.475E+02	1.00	1.218E-151	0	237	239	0	237	239	238M
10059	10059	-3.472E+02	1.00	1.670E-151	0	238	239	0	238	239	239M
10060	1677	-7.084E+02	0.976	0.000E+00	0	721	723	0	721	723	722M
10060	8117	-7.084E+02	1.00	0.000E+00	0	721	723	0	721	723	722M
10060	10060	-7.084E+02	1.00	0.000E+00	0	722	723	0	722	723	723M
10061	1678	-6.416E+01	1.00	1.373E-28	0	54	56	0	54	56	55M
10061	8116	-6.416E+01	1.00	1.373E-28	0	54	56	0	54	56	55M
10061	10061	-6.384E+01	1.00	1.886E-28	0	55	56	0	55	56	56M
10062	1679	-4.063E+02	0.992	3.453E-177	0	280	282	0	280	282	281M
10062	8115	-4.092E+02	1.00	2.024E-178	0	280	282	0	280	282	281M
10062	10062	-4.088E+02	1.00	2.774E-178	0	281	282	0	281	282	282M
10063	1680	-2.943E+02	0.984	1.527E-128	0	188	190	0	188	190	189M
10063	8114	-2.975E+02	1.00	6.514E-130	0	188	190	0	188	190	189M
10063	10063	-2.971E+02	1.00	8.930E-130	0	189	190	0	189	190	190M
10064	1681	-7.084E+02	0.996	0.000E+00	0	512	514	0	512	514	513M
10064	8113	-7.084E+02	1.00	0.000E+00	0	512	514	0	512	514	513M
10064	10064	-7.084E+02	1.00	0.000E+00	0	513	514	0	513	514	514M
10065	1682	-3.308E+02	0.987	2.175E-144	0	230	232	0	230	232	231M
10065	8112	-3.355E+02	1.00	1.920E-146	0	230	232	0	230	232	231M
10065	10065	-3.352E+02	1.00	2.631E-146	0	231	232	0	231	232	232M
10066	1683	-3.499E+02	0.991	1.074E-152	0	239	241	0	239	241	240M
10066	8111	-3.528E+02	1.00	6.291E-154	0	239	241	0	239	241	240M
10066	10066	-3.524E+02	1.00	8.623E-154	0	240	241	0	240	241	241M
10067	1684	-7.084E+02	0.998	0.000E+00	0	727	729	0	727	729	728M
10067	8110	-7.084E+02	1.00	0.000E+00	0	727	729	0	727	729	728M
10067	10067	-7.084E+02	1.00	0.000E+00	0	728	729	0	728	729	729M
10068	1685	-2.208E+02	1.00	1.252E-96	0	141	143	0	141	143	142M
10068	8109	-2.208E+02	1.00	1.252E-96	0	141	143	0	141	143	142M
10068	10068	-2.205E+02	1.00	1.717E-96	0	142	143	0	142	143	143M
10069	1686	-5.527E+02	0.997	9.542E-241	0	365	367	0	365	367	366M
10069	8108	-5.539E+02	1.00	2.706E-241	0	365	367	0	365	367	366M
10069	10069	-5.536E+02	1.00	3.708E-241	0	366	367	0	366	367	367M
10070	1687	-6.520E+02	1.00	6.713E-284	0	430	432	0	430	432	431M
10070	8107	-6.520E+02	1.00	6.713E-284	0	430	432	0	430	432	431M
10070	10070	-6.517E+02	1.00	9.199E-284	0	431	432	0	431	432	432M
10071	1688	-4.863E+02	1.00	6.281E-212	0	315	317	0	315	317	316M
10071	8106	-4.863E+02	1.00	6.281E-212	0	315	317	0	315	317	316M
10071	10071	-4.860E+02	1.00	8.608E-212	0	316	317	0	316	317	317M
10072	1689	-2.945E+02	1.00	1.286E-128	0	191	193	0	191	193	192M
10072	8105	-2.945E+02	1.00	1.286E-128	0	191	193	0	191	193	192M
10072	10072	-2.942E+02	1.00	1.763E-128	0	192	193	0	192	193	193M
10073	1690	-5.524E+02	0.994	1.292E-240	0	358	360	0	358	360	359M
10073	8104	-5.543E+02	1.00	1.950E-241	0	358	360	0	358	360	359M
10073	10073	-5.539E+02	1.00	2.672E-241	0	359	360	0	359	360	360M
10074	1691	-6.083E+02	0.940	6.493E-265	0	449	451	0	449	451	450M
10074	6510	-6.455E+02	1.00	4.704E-281	0	449	451	0	449	451	450M
10074	10074	-6.452E+02	1.00	6.445E-281	0	450	451	0	450	451	451M
10075	1692	-2.817E+02	1.00	4.403E-123	0	187	189	0	187	189	188M
10075	6511	-2.619E+02	0.988	1.885E-114	12	187	189	0	175	177	176M
10075	10075	-2.814E+02	1.00	6.036E-123	0	188	189	0	188	189	189M
10076	10076	-5.989E+02	1.00	7.581E-261	0	387	388	0	387	388	388M
10077	6514	-5.635E+02	1.00	1.844E-245	0	362	364	0	362	364	363M
10077	10077	-5.632E+02	1.00	2.527E-245	0	363	364	0	363	364	364M
10078	6515	-4.733E+02	1.00	2.944E-206	0	345	347	0	345	347	346M
10078	10078	-4.729E+02	1.00	4.034E-206	0	346	347	0	346	347	347M
10079	6516	-5.067E+02	1.00	8.389E-221	0	343	345	0	343	345	344M
10079	10079	-5.064E+02	1.00	1.150E-220	0	344	345	0	344	345	345M
10080	1337	-4.151E+02	0.989	5.244E-181	0	274	276	0	274	276	275M
10080	6517	-4.189E+02	1.00	1.193E-182	0	274	276	0	274	276	275M
10080	10080	-4.186E+02	1.00	1.636E-182	0	275	276	0	275	276	276M
10081	1338	-3.096E+02	0.995	3.537E-135	0	205	207	0	205	207	206M
10081	6518	-3.099E+02	1.00	2.580E-135	0	205	207	0	205	207	206M
10081	10081	-3.096E+02	1.00	3.537E-135	0	206	207	0	206	207	207M
10082	1339	-4.241E+02	0.986	6.339E-185	0	290	292	0	290	292	291M
10082	6519	-4.292E+02	1.00	4.091E-187	0	290	292	0	290	292	291M
10082	10082	-4.289E+02	1.00	5.607E-187	0	291	292	0	291	292	292M
10083	1340	-6.500E+02	0.990	4.996E-283	0	419	421	0	419	421	420M
10083	6520	-6.544E+02	1.00	6.067E-285	0	419	421	0	419	421	420M
10083	10083	-6.541E+02	1.00	8.314E-285	0	420	421	0	420	421	421M
10084	1341	-7.084E+02	0.996	0.000E+00	0	555	557	0	555	557	556M
10084	6521	-7.084E+02	1.00	0.000E+00	0	555	557	0	555	557	556M
10084	10084	-7.084E+02	1.00	0.000E+00	0	556	557	0	556	557	557M
10085	1342	-5.168E+02	0.997	3.625E-225	0	336	339	0	336	340	337M
10085	6522	-5.212E+02	1.00	4.397E-227	0	337	339	0	337	339	338M
10085	10085	-5.209E+02	1.00	6.026E-227	0	338	339	0	338	339	339M
10086	1344	-7.013E+02	0.982	2.771E-305	0	455	457	0	455	457	456M
10086	6523	-7.139E+02	1.00	9.332E-311	0	455	457	0	455	457	456M
10086	10086	-7.136E+02	1.00	1.279E-310	0	456	457	0	456	457	457M
10087	1345	-7.084E+02	0.998	0.000E+00	0	552	554	0	552	554	553M
10087	6524	-7.084E+02	1.00	0.000E+00	0	552	554	0	552	554	553M
10087	10087	-7.084E+02	1.00	0.000E+00	0	553	554	0	553	554	554M
10088	1346	-3.652E+02	1.00	2.449E-159	0	249	251	0	249	251	250M
10088	6525	-3.652E+02	1.00	2.449E-159	0	249	251	0	249	251	250M
10088	10088	-3.649E+02	1.00	3.357E-159	0	250	251	0	250	251	251M
10089	1347	-5.872E+02	0.997	9.963E-256	0	382	384	0	382	384	383M
10089	6526	-5.881E+02	1.00	3.871E-256	0	382	384	0	382	384	383M
10089	10089	-5.878E+02	1.00	5.305E-256	0	383	384	0	383	384	384M
10090	1348	-7.084E+02	0.994	0.000E+00	0	567	569	0	567	569	568M
10090	6527	-7.084E+02	1.00	0.000E+00	0	567	569	0	567	569	568M
10090	10090	-7.084E+02	1.00	0.000E+00	0	568	569	0	568	569	569M
10091	1349	-6.193E+02	0.995	1.140E-269	0	403	405	0	403	405	404M
10091	6528	-6.218E+02	1.00	9.167E-271	0	403	405	0	403	405	404M
10091	10091	-6.215E+02	1.00	1.256E-270	0	404	405	0	404	405	405M
10092	1350	-3.561E+02	1.00	2.225E-155	0	235	237	0	235	237	236M
10092	6529	-3.561E+02	1.00	2.225E-155	0	235	237	0	235	237	236M
10092	10092	-3.558E+02	1.00	3.050E-155	0	236	237	0	236	237	237M
10093	1351	-4.275E+02	1.00	2.276E-186	0	293	295	0	293	295	294M
10093	6530	-4.275E+02	1.00	2.276E-186	0	293	295	0	293	295	294M
10093	10093	-4.271E+02	1.00	3.120E-186	0	294	295	0	294	295	295M
10094	1352	-5.934E+02	0.997	2.005E-258	0	384	386	0	384	386	385M
10094	6531	-5.943E+02	1.00	7.793E-259	0	384	386	0	384	386	385M
10094	10094	-5.940E+02	1.00	1.068E-258	0	385	386	0	385	386	386M
10095	1353	-7.084E+02	0.991	0.000E+00	0	867	869	0	867	869	868M
10095	6532	-7.084E+02	1.00	0.000E+00	0	867	869	0	867	869	868M
10095	10095	-7.084E+02	1.00	0.000E+00	0	868	869	0	868	869	869M
10096	1354	-1.110E+02	0.977	6.438E-49	0	87	89	0	87	89	88M
10096	6533	-1.125E+02	1.00	1.324E-49	0	87	89	0	87	89	88M
10096	10096	-1.122E+02	1.00	1.816E-49	0	88	89	0	88	89	89M
10097	1355	-2.642E+02	0.989	1.742E-115	0	190	192	0	190	192	191M
10097	6534	-2.655E+02	1.00	4.931E-116	0	190	192	0	190	192	191M
10097	10097	-2.652E+02	1.00	6.760E-116	0	191	192	0	191	192	192M
10098	6535	-2.577E+02	1.00	1.189E-112	0	168	170	0	168	170	169M
10098	10098	-2.574E+02	1.00	1.630E-112	0	169	170	0	169	170	170M
10099	6536	-2.159E+02	1.00	1.692E-94	0	138	140	0	138	140	139M
10099	10099	-2.156E+02	1.00	2.320E-94	0	139	140	0	139	140	140M
10100	1357	-1.281E+02	0.936	2.409E-56	0	93	95	0	93	95	94M
10100	6537	-1.372E+02	1.00	2.508E-60	0	93	95	0	93	95	94M
10100	10100	-1.369E+02	1.00	3.441E-60	0	94	95	0	94	95	95M
10101	2123	-6.080E+02	0.990	8.852E-265	0	408	410	0	408	410	409M
10101	6538	-6.140E+02	1.00	2.226E-267	0	408	410	0	408	410	409M
10101	10101	-6.137E+02	1.00	3.050E-267	0	409	410	0	409	410	410M
10102	2122	-3.462E+02	0.987	4.656E-151	0	232	234	0	232	234	233M
10102	6539	-3.490E+02	1.00	2.726E-152	0	232	234	0	232	234	233M
10102	10102	-3.487E+02	1.00	3.736E-152	0	233	234	0	233	234	234M
10103	2445	-3.278E+01	0.267	5.783E-15	1	190	195	20	206	214	171M1D6M4I9M
10103	6540	-2.789E+02	1.00	7.305E-122	0	193	195	0	193	195	194M
10103	10103	-2.786E+02	1.00	1.001E-121	0	194	195	0	194	195	195M
10104	6541	-3.406E+02	1.00	1.212E-148	0	243	245	0	243	245	244M
10104	10104	-3.403E+02	1.00	1.662E-148	0	244	245	0	244	245	245M
10105	2121	-3.424E+02	0.991	2.048E-149	0	232	234	0	232	234	233M
10105	6542	-3.462E+02	1.00	4.656E-151	0	232	234	0	232	234	233M
10105	10105	-3.458E+02	1.00	6.382E-151	0	233	234	0	233	234	234M
10106	2120	-3.385E+02	1.00	9.598E-148	0	220	222	0	220	222	221M
10106	6543	-3.385E+02	1.00	9.598E-148	0	220	222	0	220	222	221M
10106	10106	-3.382E+02	1.00	1.316E-147	0	221	222	0	221	222	222M
10107	2119	-1.857E+02	0.991	2.254E-81	0	123	125	0	123	125	124M
10107	6544	-1.866E+02	1.00	8.739E-82	0	123	125	0	123	125	124M
10107	10107	-1.863E+02	1.00	1.198E-81	0	124	125	0	124	125	125M
10108	2118	-1.809E+02	0.976	2.836E-79	0	125	127	0	125	127	126M
10108	6545	-1.862E+02	1.00	1.321E-81	0	125	127	0	125	127	126M
10108	10108	-1.859E+02	1.00	1.811E-81	0	126	127	0	126	127	127M
10109	2117	-7.084E+02	0.985	0.000E+00	0	695	697	0	695	697	696M
10109	6546	-7.084E+02	1.00	0.000E+00	0	695	697	0	695	697	696M
10109	10109	-7.084E+02	1.00	0.000E+00	0	696	697	0	696	697	697M
10110	2116	-5.627E+02	0.994	4.276E-245	0	380	382	0	380	382	381M
10110	6547	-5.671E+02	1.00	5.193E-247	0	380	382	0	380	382	381M
10110	10110	-5.668E+02	1.00	7.116E-247	0	381	382	0	381	382	382M
10111	2115	-2.211E+02	1.00	9.074E-97	0	154	156	0	154	156	155M
10111	6548	-2.211E+02	1.00	9.074E-97	0	154	156	0	154	156	155M
10111	10111	-2.208E+02	1.00	1.244E-96	0	155	156	0	155	156	156M
10112	2114	-6.475E+02	0.995	6.509E-282	0	420	422	0	420	422	421M
10112	6549	-6.503E+02	1.00	3.820E-283	0	420	422	0	420	422	421M
10112	10112	-6.500E+02	1.00	5.235E-283	0	421	422	0	421	422	422M
10113	2113	-5.599E+02	0.991	7.120E-244	0	366	368	0	366	368	367M
10113	6550	-5.633E+02	1.00	2.224E-245	0	366	368	0	366	368	367M
10113	10113	-5.630E+02	1.00	3.048E-245	0	367	368	0	367	368	368M
10114	2112	-1.664E+02	0.991	5.666E-73	0	118	120	0	118	120	119M
10114	6551	-1.673E+02	1.00	2.196E-73	0	118	120	0	118	120	119M
10114	10114	-1.670E+02	1.00	3.012E-73	0	119	120	0	119	120	120M
10115	2111	-7.197E+02	1.00	2.664E-313	0	478	480	0	478	480	479M
10115	6552	-7.197E+02	1.00	2.664E-313	0	478	480	0	478	480	479M
10115	10115	-7.194E+02	1.00	3.651E-313	0	479	480	0	479	480	480M
10116	2110	-7.029E+02	1.00	5.650E-306	0	475	477	0	475	477	476M
10116	6553	-7.029E+02	1.00	5.650E-306	0	475	477	0	475	477	476M
10116	10116	-7.025E+02	1.00	7.742E-306	0	476	477	0	476	477	477M
10117	2109	-4.420E+02	0.996	1.097E-192	0	292	294	0	292	294	293M
10117	6554	-4.426E+02	1.00	5.839E-193	0	292	294	0	292	294	293M
10117	10117	-4.423E+02	1.00	8.003E-193	0	293	294	0	293	294	294M
10118	2108	-7.084E+02	0.992	0.000E+00	0	504	506	0	504	506	505M
10118	6555	-7.084E+02	1.00	0.000E+00	0	504	506	0	504	506	505M
10118	10118	-7.084E+02	1.00	0.000E+00	0	505	506	0	505	506	506M
10119	3082	-8.261E+01	0.326	1.331E-36	2	289	297	3	282	291	156M1I39M4D10M13I8M2D61M
10119	6556	-4.460E+02	1.00	2.098E-194	0	295	297	0	295	297	296M
10119	10119	-4.456E+02	1.00	2.875E-194	0	296	297	0	296	297	297M
10120	3734	-7.084E+02	0.990	0.000E+00	0	548	550	0	548	550	549M
10120	6557	-7.084E+02	1.00	0.000E+00	0	548	550	0	548	550	549M
10120	10120	-7.084E+02	1.00	0.000E+00	0	549	550	0	549	550	550M
10121	3733	-5.576E+02	1.00	6.852E-243	0	374	376	0	374	376	375M
10121	6558	-5.576E+02	1.00	6.852E-243	0	374	376	0	374	376	375M
10121	10121	-5.573E+02	1.00	9.389E-243	0	375	376	0	375	376	376M
10122	3732	-3.759E+02	0.996	5.492E-164	0	256	258	0	256	258	257M
10122	6559	-3.797E+02	1.00	1.249E-165	0	256	258	0	256	258	257M
10122	10122	-3.794E+02	1.00	1.712E-165	0	257	258	0	257	258	258M
10123	3731	-5.148E+02	0.994	2.764E-224	0	340	342	0	340	342	341M
10123	6560	-5.173E+02	1.00	2.221E-225	0	340	342	0	340	342	341M
10123	10123	-5.170E+02	1.00	3.044E-225	0	341	342	0	341	342	342M
10124	3730	-6.811E+02	0.995	1.637E-296	0	449	451	0	449	451	450M
10124	6561	-6.833E+02	1.00	1.804E-297	0	449	451	0	449	451	450M
10124	10124	-6.830E+02	1.00	2.472E-297	0	450	451	0	450	451	451M
10125	3729	-2.731E+02	0.994	2.381E-119	0	182	184	0	182	184	183M
10125	6562	-2.750E+02	1.00	3.586E-120	0	182	184	0	182	184	183M
10125	10125	-2.747E+02	1.00	4.917E-120	0	183	184	0	183	184	184M
10126	6563	-2.065E+02	1.00	2.095E-90	0	137	139	0	137	139	138M
10126	10126	-2.062E+02	1.00	2.873E-90	0	138	139	0	138	139	139M
10127	4413	-3.601E+02	1.00	4.056E-157	0	237	239	0	237	239	238M
10127	6564	-3.601E+02	1.00	4.056E-157	0	237	239	0	237	239	238M
10127	10127	-3.598E+02	1.00	5.559E-157	0	238	239	0	238	239	239M
10128	1089	-7.084E+02	0.993	0.000E+00	6	628	630	0	622	624	623M
10128	6565	-7.084E+02	1.00	0.000E+00	0	628	630	0	628	630	629M
10128	10128	-7.084E+02	1.00	0.000E+00	0	629	630	0	629	630	630M
10129	1088	-7.084E+02	0.993	0.000E+00	0	596	598	0	596	598	597M
10129	6566	-7.084E+02	1.00	0.000E+00	0	596	598	0	596	598	597M
10129	10129	-7.084E+02	1.00	0.000E+00	0	597	598	0	597	598	598M
10130	1087	-1.196E+02	1.00	1.139E-52	0	85	87	0	85	87	86M
10130	6567	-1.196E+02	1.00	1.139E-52	0	85	87	0	85	87	86M
10130	10130	-1.193E+02	1.00	1.562E-52	0	86	87	0	86	87	87M
10131	1086	-5.231E+02	0.968	6.806E-228	0	351	353	0	351	1320	352M
10131	6568	-5.373E+02	1.00	4.727E-234	0	351	353	0	351	353	352M
10131	10131	-5.369E+02	1.00	6.478E-234	0	352	353	0	352	353	353M
10132	1086	-7.084E+02	0.971	0.000E+00	0	963	965	355	1318	1320	964M
10132	6569	-7.084E+02	1.00	0.000E+00	0	963	965	0	963	965	964M
10132	10132	-7.084E+02	1.00	0.000E+00	0	964	965	0	964	965	965M
10133	1085	-7.084E+02	0.986	0.000E+00	0	1215	1217	0	1215	1217	1216M
10133	6570	-7.084E+02	1.00	0.000E+00	0	1215	1217	0	1215	1217	1216M
10133	10133	-7.084E+02	1.00	0.000E+00	0	1216	1217	0	1216	1217	1217M
10134	1084	-6.665E+02	0.976	3.372E-290	0	423	425	0	423	425	424M
10134	6571	-6.791E+02	1.00	1.134E-295	0	423	425	0	423	425	424M
10134	10134	-6.788E+02	1.00	1.554E-295	0	424	425	0	424	425	425M
10135	1083	-7.084E+02	0.982	0.000E+00	0	620	622	0	620	622	621M
10135	6572	-7.084E+02	1.00	0.000E+00	0	620	622	0	620	622	621M
10135	10135	-7.084E+02	1.00	0.000E+00	0	621	622	0	621	622	622M
10136	1082	-3.849E+02	0.968	6.991E-168	0	253	255	0	253	255	254M
10136	6573	-3.991E+02	1.00	4.817E-174	0	253	255	0	253	255	254M
10136	10136	-3.988E+02	1.00	6.602E-174	0	254	255	0	254	255	255M
10137	1080	-1.441E+02	0.980	2.584E-63	0	101	103	0	101	103	102M
10137	6574	-1.466E+02	1.00	2.061E-64	0	101	103	0	101	103	102M
10137	10137	-1.463E+02	1.00	2.827E-64	0	102	103	0	102	103	103M
10138	1079	-1.655E+02	0.992	1.319E-72	0	129	131	0	129	131	130M
10138	6575	-1.658E+02	1.00	9.621E-73	0	129	131	0	129	131	130M
10138	10138	-1.655E+02	1.00	1.319E-72	0	130	131	0	130	131	131M
10139	1078	-4.130E+02	0.996	4.396E-180	0	279	281	0	279	281	280M
10139	6576	-4.146E+02	1.00	9.091E-181	0	279	281	0	279	281	280M
10139	10139	-4.142E+02	1.00	1.246E-180	0	280	281	0	280	281	281M
10140	1077	-1.776E+02	0.992	7.350E-78	0	127	129	0	127	129	128M
10140	6577	-1.789E+02	1.00	2.078E-78	0	127	129	0	127	129	128M
10140	10140	-1.786E+02	1.00	2.850E-78	0	128	129	0	128	129	129M
10141	1076	-2.892E+02	0.989	2.420E-126	0	195	197	0	195	197	196M
10141	6578	-2.927E+02	1.00	7.531E-128	0	195	197	0	195	197	196M
10141	10141	-2.924E+02	1.00	1.032E-127	0	196	197	0	196	197	197M
10142	1075	-3.178E+02	0.990	9.872E-139	0	212	214	0	212	214	213M
10142	6579	-3.197E+02	1.00	1.488E-139	0	212	214	0	212	214	213M
10142	10142	-3.193E+02	1.00	2.040E-139	0	213	214	0	213	214	214M
10143	1074	-2.046E+02	0.993	1.422E-89	0	144	146	0	144	146	145M
10143	6580	-2.068E+02	1.00	1.560E-90	0	144	146	0	144	146	145M
10143	10143	-2.065E+02	1.00	2.140E-90	0	145	146	0	145	146	146M
10144	1073	-6.178E+02	1.00	5.076E-269	0	408	410	0	408	410	409M
10144	6581	-6.178E+02	1.00	5.076E-269	0	408	410	0	408	410	409M
10144	10144	-6.175E+02	1.00	6.956E-269	0	409	410	0	409	410	410M
10145	1072	-7.084E+02	1.00	0.000E+00	0	521	523	0	521	523	522M
10145	6582	-7.084E+02	1.00	0.000E+00	0	521	523	0	521	523	522M
10145	10145	-7.084E+02	1.00	0.000E+00	0	522	523	0	522	523	523M
10146	1071	-3.858E+02	0.984	2.887E-168	0	261	263	0	261	263	262M
10146	6583	-3.914E+02	1.00	9.909E-171	0	261	263	0	261	263	262M
10146	10146	-3.911E+02	1.00	1.358E-170	0	262	263	0	262	263	263M
10147	1070	-2.432E+02	0.982	2.324E-106	0	174	176	0	174	176	175M
10147	6584	-2.473E+02	1.00	3.844E-108	0	174	176	0	174	176	175M
10147	10147	-2.470E+02	1.00	5.270E-108	0	175	176	0	175	176	176M
10148	1069	-1.426E+02	0.980	1.195E-62	0	100	102	0	100	102	101M
10148	6585	-1.445E+02	1.00	1.793E-63	0	100	102	0	100	102	101M
10148	10148	-1.442E+02	1.00	2.460E-63	0	101	102	0	101	102	102M
10149	1068	-5.018E+02	1.00	1.176E-218	0	314	316	0	314	316	315M
10149	6586	-5.018E+02	1.00	1.176E-218	0	314	316	0	314	316	315M
10149	10149	-5.015E+02	1.00	1.611E-218	0	315	316	0	315	316	316M
10150	1067	-1.984E+02	1.00	6.664E-87	0	134	136	0	134	136	135M
10150	6587	-1.984E+02	1.00	6.664E-87	0	134	136	0	134	136	135M
10150	10150	-1.981E+02	1.00	9.138E-87	0	135	136	0	135	136	136M
10151	1066	-3.413E+02	1.00	5.890E-149	0	221	223	0	221	223	222M
10151	6588	-3.413E+02	1.00	5.890E-149	0	221	223	0	221	223	222M
10151	10151	-3.410E+02	1.00	8.074E-149	0	222	223	0	222	223	223M
10152	1065	-3.019E+02	1.00	7.539E-132	0	207	209	0	207	209	208M
10152	6589	-3.000E+02	0.995	5.003E-131	0	207	209	0	207	209	208M
10152	10152	-3.016E+02	1.00	1.034E-131	0	208	209	0	208	209	209M
10153	1064	-7.084E+02	0.998	0.000E+00	0	595	597	0	595	597	596M
10153	6590	-7.084E+02	1.00	0.000E+00	0	595	597	0	595	597	596M
10153	10153	-7.084E+02	1.00	0.000E+00	0	596	597	0	596	597	597M
10154	4317	-7.084E+02	1.00	0.000E+00	0	564	566	0	564	566	565M
10154	6591	-7.084E+02	1.00	0.000E+00	0	564	566	0	564	566	565M
10154	10154	-7.084E+02	1.00	0.000E+00	0	565	566	0	565	566	566M
10155	2785	-1.776E+02	0.984	7.058E-78	21	146	148	5	130	132	126M
10155	6592	-2.155E+02	1.00	2.489E-94	0	146	148	0	146	148	147M
10155	10155	-2.152E+02	1.00	3.413E-94	0	147	148	0	147	148	148M
10156	2784	-4.635E+02	1.00	5.287E-202	0	305	307	0	305	307	306M
10156	6593	-4.635E+02	1.00	5.287E-202	0	305	307	0	305	307	306M
10156	10156	-4.631E+02	1.00	7.246E-202	0	306	307	0	306	307	307M
10157	2783	-2.962E+02	0.995	2.202E-129	0	207	209	0	207	209	208M
10157	6594	-2.975E+02	1.00	6.237E-130	0	207	209	0	207	209	208M
10157	10157	-2.972E+02	1.00	8.550E-130	0	208	209	0	208	209	209M
10158	2782	-3.776E+02	1.00	1.061E-164	0	268	270	0	268	270	269M
10158	6595	-3.776E+02	1.00	1.061E-164	0	268	270	0	268	270	269M
10158	10158	-3.772E+02	1.00	1.454E-164	0	269	270	0	269	270	270M
10159	2781	-3.944E+02	0.996	5.039E-172	0	258	260	0	258	260	259M
10159	6596	-3.960E+02	1.00	1.042E-172	0	258	260	0	258	260	259M
10159	10159	-3.957E+02	1.00	1.428E-172	0	259	260	0	259	260	260M
10160	2780	-2.513E+02	1.00	7.413E-110	0	164	166	0	164	166	165M
10160	6597	-2.513E+02	1.00	7.413E-110	0	164	166	0	164	166	165M
10160	10160	-2.510E+02	1.00	1.016E-109	0	165	166	0	165	166	166M
10161	2779	-4.272E+02	0.996	2.898E-186	0	278	280	0	278	280	279M
10161	6598	-4.278E+02	1.00	1.543E-186	0	278	280	0	278	280	279M
10161	10161	-4.275E+02	1.00	2.114E-186	0	279	280	0	279	280	280M
10162	2778	-1.774E+02	0.992	8.910E-78	0	131	133	0	131	133	132M
10162	6599	-1.787E+02	1.00	2.519E-78	0	131	133	0	131	133	132M
10162	10162	-1.784E+02	1.00	3.455E-78	0	132	133	0	132	133	133M
10163	2777	-4.348E+02	1.00	1.405E-189	0	290	292	0	290	292	291M
10163	6600	-4.348E+02	1.00	1.405E-189	0	290	292	0	290	292	291M
10163	10163	-4.345E+02	1.00	1.926E-189	0	291	292	0	291	292	292M
10164	2776	-1.002E+02	1.00	2.943E-44	0	80	82	0	80	82	81M
10164	6601	-1.002E+02	1.00	2.943E-44	0	80	82	0	80	82	81M
10164	10164	-9.992E+01	1.00	4.039E-44	0	81	82	0	81	82	82M
10165	2775	-1.933E+02	0.993	1.100E-84	0	155	157	0	155	157	156M
10165	6602	-1.946E+02	1.00	3.113E-85	0	155	157	0	155	157	156M
10165	10165	-1.943E+02	1.00	4.268E-85	0	156	157	0	156	157	157M
10166	2774	-2.456E+02	1.00	2.147E-107	0	177	179	0	177	179	178M
10166	6603	-2.456E+02	1.00	2.147E-107	0	177	179	0	177	179	178M
10166	10166	-2.453E+02	1.00	2.943E-107	0	178	179	0	178	179	179M
10167	2773	-7.084E+02	1.00	0.000E+00	0	513	515	0	513	515	514M
10167	6604	-7.084E+02	1.00	0.000E+00	0	513	515	0	513	515	514M
10167	10167	-7.084E+02	1.00	0.000E+00	0	514	515	0	514	515	515M
10168	2772	-4.189E+02	1.00	1.226E-182	0	288	290	0	288	290	289M
10168	6605	-4.189E+02	1.00	1.226E-182	0	288	290	0	288	290	289M
10168	10168	-4.186E+02	1.00	1.680E-182	0	289	290	0	289	290	290M
10169	2771	-6.955E+02	1.00	8.513E-303	0	463	465	0	463	465	464M
10169	6606	-6.955E+02	1.00	8.513E-303	0	463	465	0	463	465	464M
10169	10169	-6.952E+02	1.00	1.166E-302	0	464	465	0	464	465	465M
10170	2770	-1.843E+02	1.00	8.733E-81	0	138	140	0	138	140	139M
10170	6607	-1.843E+02	1.00	8.733E-81	0	138	140	0	138	140	139M
10170	10170	-1.840E+02	1.00	1.198E-80	0	139	140	0	139	140	140M
10171	2441	-2.733E+02	1.00	1.973E-119	0	198	200	0	198	200	199M
10171	6608	-2.733E+02	1.00	1.973E-119	0	198	200	0	198	200	199M
10171	10171	-2.730E+02	1.00	2.704E-119	0	199	200	0	199	200	200M
10172	2442	-2.745E+02	0.994	6.127E-120	0	180	182	0	180	182	181M
10172	6609	-2.758E+02	1.00	1.734E-120	0	180	182	0	180	182	181M
10172	10172	-2.754E+02	1.00	2.378E-120	0	181	182	0	181	182	182M
10173	2443	-3.833E+02	1.00	3.382E-167	0	253	255	0	253	255	254M
10173	6610	-3.833E+02	1.00	3.382E-167	0	253	255	0	253	255	254M
10173	10173	-3.830E+02	1.00	4.636E-167	0	254	255	0	254	255	255M
10174	2444	-5.827E+02	1.00	8.477E-254	0	403	405	0	403	405	404M
10174	6611	-5.827E+02	1.00	8.477E-254	0	403	405	0	403	405	404M
10174	10174	-5.824E+02	1.00	1.162E-253	0	404	405	0	404	405	405M
10175	2445	-3.197E+02	1.00	1.488E-139	0	212	214	0	212	214	213M
10175	6612	-3.197E+02	1.00	1.488E-139	0	212	214	0	212	214	213M
10175	10175	-3.193E+02	1.00	2.040E-139	0	213	214	0	213	214	214M
10176	2446	-4.422E+02	0.996	8.904E-193	0	301	303	0	301	303	302M
10176	6613	-4.438E+02	1.00	1.842E-193	0	301	303	0	301	303	302M
10176	10176	-4.435E+02	1.00	2.524E-193	0	302	303	0	302	303	303M
10177	2447	-2.965E+02	1.00	1.678E-129	0	188	190	0	188	190	189M
10177	6614	-2.965E+02	1.00	1.678E-129	0	188	190	0	188	190	189M
10177	10177	-2.962E+02	1.00	2.301E-129	0	189	190	0	189	190	190M
10178	2448	-5.828E+02	0.984	8.206E-254	0	382	384	0	382	384	383M
10178	6615	-5.935E+02	1.00	1.826E-258	0	382	384	0	382	384	383M
10178	10178	-5.931E+02	1.00	2.503E-258	0	383	384	0	383	384	384M
10179	2449	-6.038E+02	0.997	5.834E-263	0	383	385	0	383	385	384M
10179	6616	-6.041E+02	1.00	4.257E-263	0	383	385	0	383	385	384M
10179	10179	-6.038E+02	1.00	5.834E-263	0	384	385	0	384	385	385M
10180	2450	-2.495E+02	1.00	4.428E-109	0	175	177	0	175	177	176M
10180	6617	-2.495E+02	1.00	4.428E-109	0	175	177	0	175	177	176M
10180	10180	-2.492E+02	1.00	6.070E-109	0	176	177	0	176	177	177M
10181	2451	-2.044E+02	0.985	1.689E-89	0	141	143	0	141	143	142M
10181	6618	-2.063E+02	1.00	2.540E-90	0	141	143	0	141	143	142M
10181	10181	-2.060E+02	1.00	3.483E-90	0	142	143	0	142	143	143M
10182	2452	-7.084E+02	0.994	0.000E+00	0	703	705	0	703	705	704M
10182	6619	-7.084E+02	1.00	0.000E+00	0	703	705	0	703	705	704M
10182	10182	-7.084E+02	1.00	0.000E+00	0	704	705	0	704	705	705M
10183	2453	-8.853E+01	0.985	3.546E-39	0	67	69	0	67	69	68M
10183	6620	-9.044E+01	1.00	5.301E-40	0	67	69	0	67	69	68M
10183	10183	-9.012E+01	1.00	7.276E-40	0	68	69	0	68	69	69M
10184	2454	-6.158E+02	0.962	3.648E-268	0	403	405	0	403	405	404M
10184	6621	-6.388E+02	1.00	3.742E-278	0	403	405	0	403	405	404M
10184	10184	-6.385E+02	1.00	5.127E-278	0	404	405	0	404	405	405M
10185	2455	-2.863E+02	0.989	4.550E-125	0	197	199	0	197	199	198M
10185	6622	-2.879E+02	1.00	9.398E-126	0	197	199	0	197	199	198M
10185	10185	-2.876E+02	1.00	1.288E-125	0	198	199	0	198	199	199M
10186	1242	-3.508E+01	0.970	5.814E-16	0	33	35	110	143	145	34M
10186	5826	-3.604E+01	1.00	2.237E-16	0	33	35	0	33	35	34M
10186	10609	-3.604E+01	1.00	2.237E-16	0	33	35	0	33	35	34M
10187	4387	-1.184E+01	0.268	7.221E-06	0	92	96	0	91	97	41M1I51M
10187	5827	-1.479E+02	1.00	5.656E-65	0	94	96	0	94	96	95M
10187	10187	-1.476E+02	1.00	7.758E-65	0	95	96	0	95	96	96M
10188	5828	-3.069E+02	1.00	5.051E-134	0	188	190	0	188	190	189M
10188	10188	-3.066E+02	1.00	6.924E-134	0	189	190	0	189	190	190M
10189	2758	-2.203E+02	0.986	2.026E-96	9	151	153	0	142	144	143M
10189	5829	-2.368E+02	1.00	1.507E-103	0	151	153	0	151	153	152M
10189	10189	-2.364E+02	1.00	2.066E-103	0	152	153	0	152	153	153M
10190	2759	-5.918E+02	0.989	9.692E-258	0	384	386	0	384	386	385M
10190	5830	-5.990E+02	1.00	6.903E-261	0	384	386	0	384	386	385M
10190	10190	-5.987E+02	1.00	9.460E-261	0	385	386	0	385	386	386M
10191	2760	-5.716E+02	0.992	5.604E-249	0	391	393	0	391	393	392M
10191	5831	-5.751E+02	1.00	1.752E-250	0	391	393	0	391	393	392M
10191	10191	-5.748E+02	1.00	2.400E-250	0	392	393	0	392	393	393M
10192	2761	-2.329E+02	0.987	7.124E-102	0	159	161	0	159	161	160M
10192	5832	-2.383E+02	1.00	3.331E-104	0	159	161	0	159	161	160M
10192	10192	-2.379E+02	1.00	4.567E-104	0	160	161	0	160	161	161M
10193	2762	-3.259E+02	0.986	3.029E-142	0	221	223	0	221	223	222M
10193	5833	-3.293E+02	1.00	9.434E-144	0	221	223	0	221	223	222M
10193	10193	-3.290E+02	1.00	1.293E-143	0	222	223	0	222	223	223M
10194	2763	-4.182E+02	0.996	2.382E-182	0	282	284	0	282	284	283M
10194	5834	-4.207E+02	1.00	1.913E-183	0	282	284	0	282	284	283M
10194	10194	-4.204E+02	1.00	2.622E-183	0	283	284	0	283	284	284M
10195	2764	-4.737E+02	1.00	1.965E-206	0	316	318	0	316	318	317M
10195	5835	-4.737E+02	1.00	1.965E-206	0	316	318	0	316	318	317M
10195	10195	-4.733E+02	1.00	2.693E-206	0	317	318	0	317	318	318M
10196	2765	-2.685E+02	0.990	2.346E-117	0	199	201	0	199	201	200M
10196	5836	-2.733E+02	1.00	2.068E-119	0	199	201	0	199	201	200M
10196	10196	-2.730E+02	1.00	2.835E-119	0	200	201	0	200	201	201M
10197	2766	-4.013E+02	0.996	5.463E-175	0	267	269	0	267	269	268M
10197	5837	-4.025E+02	1.00	1.548E-175	0	267	269	0	267	269	268M
10197	10197	-4.022E+02	1.00	2.122E-175	0	268	269	0	268	269	269M
10198	2767	-6.812E+02	0.991	1.439E-296	0	453	455	0	453	455	454M
10198	5838	-6.884E+02	1.00	1.027E-299	0	453	455	0	453	455	454M
10198	10198	-6.881E+02	1.00	1.407E-299	0	454	455	0	454	455	455M
10199	2768	-5.594E+02	1.00	1.162E-243	0	363	365	0	363	365	364M
10199	5839	-5.594E+02	1.00	1.162E-243	0	363	365	0	363	365	364M
10199	10199	-5.591E+02	1.00	1.592E-243	0	364	365	0	364	365	365M
10200	2769	-7.084E+02	0.996	0.000E+00	0	891	893	0	891	893	892M
10200	5840	-7.084E+02	1.00	0.000E+00	0	891	893	0	891	893	892M
10200	10200	-7.084E+02	1.00	0.000E+00	0	892	893	0	892	893	893M
10201	4097	-1.240E+02	0.988	1.428E-54	0	86	88	0	86	88	87M
10201	5841	-1.249E+02	1.00	5.528E-55	0	86	88	0	86	88	87M
10201	10201	-1.246E+02	1.00	7.584E-55	0	87	88	0	87	88	88M
10202	4096	-3.684E+02	1.00	9.659E-161	0	254	256	0	254	256	255M
10202	5842	-3.684E+02	1.00	9.659E-161	0	254	256	0	254	256	255M
10202	10202	-3.681E+02	1.00	1.324E-160	0	255	256	0	255	256	256M
10203	4095	-5.045E+02	0.996	7.787E-220	0	330	332	0	330	332	331M
10203	5843	-5.061E+02	1.00	1.611E-220	0	330	332	0	330	332	331M
10203	10203	-5.058E+02	1.00	2.208E-220	0	331	332	0	331	332	332M
10204	5844	-7.084E+02	1.00	0.000E+00	0	1273	1275	0	1273	1275	1274M
10204	10204	-7.084E+02	1.00	0.000E+00	0	1274	1275	0	1274	1275	1275M
10205	5845	-7.022E+02	1.00	1.100E-305	0	469	471	0	469	471	470M
10205	10205	-7.019E+02	1.00	1.508E-305	0	470	471	0	470	471	471M
10206	5846	-5.101E+02	1.00	2.806E-222	0	331	333	0	331	333	332M
10206	10206	-5.098E+02	1.00	3.846E-222	0	332	333	0	332	333	333M
10207	5847	-7.084E+02	1.00	0.000E+00	0	602	604	0	602	604	603M
10207	10207	-7.084E+02	1.00	0.000E+00	0	603	604	0	603	604	604M
10208	5848	-2.330E+02	1.00	6.474E-102	0	157	159	0	157	159	158M
10208	10208	-2.327E+02	1.00	8.877E-102	0	158	159	0	158	159	159M
10209	5849	-2.547E+02	1.00	2.535E-111	0	166	168	0	166	168	167M
10209	10209	-2.543E+02	1.00	3.476E-111	0	167	168	0	167	168	168M
10210	5850	-7.084E+02	1.00	0.000E+00	0	492	494	0	492	494	493M
10210	10210	-7.084E+02	1.00	0.000E+00	0	493	494	0	493	494	494M
10211	5851	-2.269E+02	1.00	2.915E-99	0	166	168	0	166	168	167M
10211	10211	-2.266E+02	1.00	3.997E-99	0	167	168	0	167	168	168M
10212	5852	-3.140E+02	1.00	4.474E-137	0	226	228	0	226	228	227M
10212	10212	-3.136E+02	1.00	6.132E-137	0	227	228	0	227	228	228M
10213	5853	-1.951E+02	1.00	1.951E-85	0	132	134	0	132	134	133M
10213	10213	-1.947E+02	1.00	2.676E-85	0	133	134	0	133	134	134M
10214	5854	-4.779E+02	1.00	2.837E-208	0	313	315	0	313	315	314M
10214	10214	-4.776E+02	1.00	3.889E-208	0	314	315	0	314	315	315M
10215	3413	-1.153E+02	0.380	8.430E-51	20	261	294	2	246	265	11M2I210M5D19M
10215	5855	-4.540E+02	1.00	6.889E-198	0	292	294	0	292	294	293M
10215	10215	-4.537E+02	1.00	9.442E-198	0	293	294	0	293	294	294M
10216	5856	-5.170E+02	1.00	2.905E-225	0	339	341	0	339	341	340M
10216	10216	-5.167E+02	1.00	3.981E-225	0	340	341	0	340	341	341M
10217	5857	-7.084E+02	1.00	0.000E+00	0	602	604	0	602	604	603M
10217	10217	-7.084E+02	1.00	0.000E+00	0	603	604	0	603	604	604M
10218	5858	-1.907E+02	1.00	1.463E-83	0	143	145	0	143	145	144M
10218	10218	-1.904E+02	1.00	2.006E-83	0	144	145	0	144	145	145M
10219	5859	-4.997E+01	1.00	1.993E-22	0	40	42	0	40	42	41M
10219	10219	-4.965E+01	1.00	2.739E-22	0	41	42	0	41	42	42M
10220	5860	-2.591E+02	1.00	2.885E-113	0	178	180	0	178	180	179M
10220	10220	-2.588E+02	1.00	3.956E-113	0	179	180	0	179	180	180M
10221	5861	-9.650E+01	1.00	1.228E-42	0	66	68	0	66	68	67M
10221	10221	-9.619E+01	1.00	1.686E-42	0	67	68	0	67	68	68M
10222	2426	-6.630E+01	0.372	1.602E-29	2	171	179	4	180	186	24M1I3M1D81M2I32M1D11M8D16M
10222	5862	-2.636E+02	1.00	3.320E-115	0	177	179	0	177	179	178M
10222	10222	-2.633E+02	1.00	4.551E-115	0	178	179	0	178	179	179M
10223	5863	-7.084E+02	1.00	0.000E+00	0	1200	1202	0	1200	1202	1201M
10223	10223	-7.084E+02	1.00	0.000E+00	0	1201	1202	0	1201	1202	1202M
10224	5864	-3.450E+02	1.00	1.446E-150	0	216	218	0	216	218	217M
10224	10224	-3.447E+02	1.00	1.982E-150	0	217	218	0	217	218	218M
10225	5865	-3.837E+02	1.00	2.317E-167	0	245	247	0	245	247	246M
10225	10225	-3.834E+02	1.00	3.176E-167	0	246	247	0	246	247	247M
10226	2144	-4.573E+01	0.256	1.383E-20	0	386	388	0	351	353	22M1I22M1D4M7D7M4D28M1D5M15I8M3I13M4I22M2D3M3I7M2I45M3D21M3I13M1I6M5I5M2I10M13I19M4D13M3I9M3I25M1D22M
10226	5866	-5.983E+02	1.00	1.424E-260	0	386	388	0	386	388	387M
10226	10226	-5.980E+02	1.00	1.951E-260	0	387	388	0	387	388	388M
10227	5867	-2.078E+02	1.00	5.498E-91	0	142	144	0	142	144	143M
10227	10227	-2.075E+02	1.00	7.539E-91	0	143	144	0	143	144	144M
10228	3908	-2.206E+02	0.781	1.520E-96	0	182	187	0	182	184	183M
10228	5868	-2.806E+02	1.00	1.414E-122	0	185	187	0	185	187	186M
10228	10228	-2.803E+02	1.00	1.938E-122	0	186	187	0	186	187	187M
10229	5869	-2.205E+02	1.00	1.717E-96	0	141	143	0	141	143	142M
10229	10229	-2.202E+02	1.00	2.354E-96	0	142	143	0	142	143	143M
10230	5870	-1.303E+02	1.00	2.575E-57	0	99	101	0	99	101	100M
10230	10230	-1.300E+02	1.00	3.532E-57	0	100	101	0	100	101	101M
10231	5871	-1.637E+02	1.00	8.413E-72	0	115	117	0	115	117	116M
10231	10231	-1.633E+02	1.00	1.154E-71	0	116	117	0	116	117	117M
10232	5872	-4.592E+02	1.00	3.614E-200	0	301	303	0	301	303	302M
10232	10232	-4.589E+02	1.00	4.953E-200	0	302	303	0	302	303	303M
10233	3178	-5.921E+02	0.997	7.314E-258	0	405	407	0	405	407	406M
10233	5873	-5.933E+02	1.00	2.074E-258	0	405	407	0	405	407	406M
10233	10233	-5.930E+02	1.00	2.843E-258	0	406	407	0	406	407	407M
10234	3177	-7.084E+02	0.982	0.000E+00	1	572	574	0	571	573	572M
10234	5874	-7.084E+02	1.00	0.000E+00	0	572	574	0	572	574	573M
10234	10234	-7.084E+02	1.00	0.000E+00	0	573	574	0	573	574	574M
10235	3176	-7.084E+02	0.981	0.000E+00	0	526	528	0	528	530	224M2D303M
10235	5875	-7.084E+02	1.00	0.000E+00	0	526	528	0	526	528	527M
10235	10235	-7.084E+02	1.00	0.000E+00	0	527	528	0	527	528	528M
10236	3175	-4.195E+02	0.996	6.257E-183	0	267	269	0	267	269	268M
10236	5876	-4.208E+02	1.00	1.773E-183	0	267	269	0	267	269	268M
10236	10236	-4.205E+02	1.00	2.430E-183	0	268	269	0	268	269	269M
10237	3174	-3.745E+02	1.00	2.307E-163	0	253	255	0	253	255	254M
10237	5877	-3.745E+02	1.00	2.307E-163	0	253	255	0	253	255	254M
10237	10237	-3.742E+02	1.00	3.162E-163	0	254	255	0	254	255	255M
10238	3173	-5.853E+02	0.997	6.573E-255	0	409	411	0	409	411	410M
10238	5878	-5.875E+02	1.00	7.246E-256	0	409	411	0	409	411	410M
10238	10238	-5.872E+02	1.00	9.929E-256	0	410	411	0	410	411	411M
10239	3172	-4.463E+02	0.993	1.551E-194	0	302	304	0	302	304	303M
10239	5879	-4.488E+02	1.00	1.246E-195	0	302	304	0	302	304	303M
10239	10239	-4.485E+02	1.00	1.707E-195	0	303	304	0	303	304	304M
10240	3171	-1.405E+02	0.990	9.681E-62	0	104	106	0	104	106	105M
10240	5880	-1.421E+02	1.00	1.993E-62	0	104	106	0	104	106	105M
10240	10240	-1.418E+02	1.00	2.734E-62	0	105	106	0	105	106	106M
10241	5881	-2.678E+02	1.00	4.991E-117	0	175	177	0	175	177	176M
10241	10241	-2.675E+02	1.00	6.843E-117	0	176	177	0	176	177	177M
10242	2211	-7.084E+02	0.955	0.000E+00	0	1480	1636	0	1481	1603	348M1D1133M
10242	5882	-7.084E+02	1.00	0.000E+00	0	1634	1636	0	1634	1636	1635M
10242	10242	-7.084E+02	1.00	0.000E+00	0	1635	1636	0	1635	1636	1636M
10243	2210	-7.084E+02	0.875	0.000E+00	20	1057	1059	0	1034	1036	384M3I651M
10243	5883	-7.084E+02	1.00	0.000E+00	0	1057	1059	0	1057	1059	1058M
10243	10243	-7.084E+02	1.00	0.000E+00	0	1058	1059	0	1058	1059	1059M
10244	2865	-5.851E+02	0.956	7.909E-255	0	413	415	0	414	416	43M1D371M
10244	5884	-6.160E+02	1.00	3.096E-268	0	413	415	0	413	415	414M
10244	10244	-6.156E+02	1.00	4.242E-268	0	414	415	0	414	415	415M
10245	5885	-3.478E+02	1.00	9.031E-152	0	224	226	0	224	226	225M
10245	10245	-3.475E+02	1.00	1.238E-151	0	225	226	0	225	226	226M
10246	2864	-2.006E+02	0.978	7.832E-88	1	142	144	0	141	143	142M
10246	5886	-2.081E+02	1.00	4.009E-91	0	142	144	0	142	144	143M
10246	10246	-2.078E+02	1.00	5.498E-91	0	143	144	0	143	144	144M
10247	2863	-2.308E+02	1.00	6.063E-101	0	151	153	0	151	153	152M
10247	5887	-2.308E+02	1.00	6.063E-101	0	151	153	0	151	153	152M
10247	10247	-2.304E+02	1.00	8.314E-101	0	152	153	0	152	153	153M
10248	2862	-4.759E+02	0.987	2.065E-207	0	315	317	0	315	317	316M
10248	5888	-4.816E+02	1.00	7.098E-210	0	315	317	0	315	317	316M
10248	10248	-4.813E+02	1.00	9.728E-210	0	316	317	0	316	317	317M
10249	2861	-3.462E+02	0.969	4.441E-151	0	231	233	0	231	233	232M
10249	5889	-3.572E+02	1.00	7.149E-156	0	231	233	0	231	233	232M
10249	10249	-3.569E+02	1.00	9.799E-156	0	232	233	0	232	233	233M
10250	2860	-4.955E+02	0.979	6.453E-216	0	339	343	0	339	340	340M
10250	5890	-5.081E+02	1.00	2.167E-221	0	341	343	0	341	343	342M
10250	10250	-5.078E+02	1.00	2.969E-221	0	342	343	0	342	343	343M
10251	3690	-1.083E+02	0.592	9.335E-48	18	142	146	18	142	146	125M
10251	5891	-2.134E+02	1.00	2.060E-93	0	144	146	0	144	146	145M
10251	10251	-2.131E+02	1.00	2.825E-93	0	145	146	0	145	146	146M
10252	2932	-6.157E+02	0.988	4.169E-268	0	433	435	0	433	435	434M
10252	5892	-6.242E+02	1.00	8.443E-272	0	433	435	0	433	435	434M
10252	10252	-6.239E+02	1.00	1.157E-271	0	434	435	0	434	435	435M
10253	3368	-3.111E+02	0.985	7.427E-136	0	212	214	0	212	214	213M
10253	5893	-3.156E+02	1.00	8.979E-138	0	212	214	0	212	214	213M
10253	10253	-3.152E+02	1.00	1.231E-137	0	213	214	0	213	214	214M
10254	3369	-4.841E+02	0.993	5.895E-211	0	309	311	0	309	311	310M
10254	5894	-4.879E+02	1.00	1.342E-212	0	309	311	0	309	311	310M
10254	10254	-4.875E+02	1.00	1.840E-212	0	310	311	0	310	311	311M
10255	3370	-6.065E+02	0.995	4.037E-264	0	400	402	0	400	402	401M
10255	5895	-6.084E+02	1.00	6.097E-265	0	400	402	0	400	402	401M
10255	10255	-6.081E+02	1.00	8.355E-265	0	401	402	0	401	402	402M
10256	3371	-4.077E+02	0.989	9.022E-178	0	285	287	0	285	287	286M
10256	5896	-4.124E+02	1.00	7.981E-180	0	285	287	0	285	287	286M
10256	10256	-4.121E+02	1.00	1.094E-179	0	286	287	0	286	287	287M
10257	3372	-2.174E+02	0.993	4.007E-95	0	154	156	0	154	156	155M
10257	5897	-2.189E+02	1.00	8.267E-96	0	154	156	0	154	156	155M
10257	10257	-2.186E+02	1.00	1.134E-95	0	155	156	0	155	156	156M
10258	3373	-7.084E+02	0.997	0.000E+00	0	880	882	0	880	882	881M
10258	5898	-7.084E+02	1.00	0.000E+00	0	880	882	0	880	882	881M
10258	10258	-7.084E+02	1.00	0.000E+00	0	881	882	0	881	882	882M
10259	3374	-2.942E+02	1.00	1.680E-128	0	190	192	0	190	192	191M
10259	5899	-2.942E+02	1.00	1.680E-128	0	190	192	0	190	192	191M
10259	10259	-2.939E+02	1.00	2.304E-128	0	191	192	0	191	192	192M
10260	209	-1.669E+02	1.00	3.155E-73	0	106	108	0	106	108	107M
10260	5900	-1.669E+02	1.00	3.155E-73	0	106	108	0	106	108	107M
10260	10260	-1.666E+02	1.00	4.328E-73	0	107	108	0	107	108	108M
10261	210	-3.707E+02	0.995	9.678E-162	0	232	234	0	232	234	233M
10261	5901	-3.720E+02	1.00	2.741E-162	0	232	234	0	232	234	233M
10261	10261	-3.717E+02	1.00	3.758E-162	0	233	234	0	233	234	234M
10262	211	-3.375E+02	0.995	2.592E-147	0	221	223	0	221	223	222M
10262	5902	-3.388E+02	1.00	7.342E-148	0	221	223	0	221	223	222M
10262	10262	-3.385E+02	1.00	1.006E-147	0	222	223	0	222	223	223M
10263	212	-4.265E+02	1.00	5.706E-186	0	279	281	0	279	281	280M
10263	5903	-4.265E+02	1.00	5.706E-186	0	279	281	0	279	281	280M
10263	10263	-4.262E+02	1.00	7.821E-186	0	280	281	0	280	281	281M
10264	213	-3.239E+02	0.995	2.099E-141	0	202	204	0	202	204	203M
10264	5904	-3.255E+02	1.00	4.336E-142	0	202	204	0	202	204	203M
10264	10264	-3.252E+02	1.00	5.944E-142	0	203	204	0	203	204	204M
10265	214	-2.957E+02	1.00	3.705E-129	0	198	200	0	198	200	199M
10265	5905	-2.957E+02	1.00	3.705E-129	0	198	200	0	198	200	199M
10265	10265	-2.954E+02	1.00	5.079E-129	0	199	200	0	199	200	200M
10266	5906	-5.743E+02	1.00	3.961E-250	0	395	397	0	395	397	396M
10266	10266	-5.740E+02	1.00	5.428E-250	0	396	397	0	396	397	397M
10267	217	-7.084E+02	1.00	0.000E+00	0	712	714	0	712	714	713M
10267	5907	-7.084E+02	1.00	0.000E+00	0	712	714	0	712	714	713M
10267	10267	-7.084E+02	1.00	0.000E+00	0	713	714	0	713	714	714M
10268	218	-6.966E+02	1.00	2.853E-303	0	487	489	0	487	489	488M
10268	5908	-6.966E+02	1.00	2.853E-303	0	487	489	0	487	489	488M
10268	10268	-6.963E+02	1.00	3.909E-303	0	488	489	0	488	489	489M
10269	219	-3.640E+02	1.00	7.868E-159	0	247	249	0	247	249	248M
10269	5909	-3.640E+02	1.00	7.868E-159	0	247	249	0	247	249	248M
10269	10269	-3.637E+02	1.00	1.078E-158	0	248	249	0	248	249	249M
10270	220	-2.492E+02	1.00	5.884E-109	0	181	183	0	181	183	182M
10270	5910	-2.492E+02	1.00	5.884E-109	0	181	183	0	181	183	182M
10270	10270	-2.489E+02	1.00	8.067E-109	0	182	183	0	182	183	183M
10271	221	-2.650E+02	0.994	8.293E-116	0	181	183	0	181	183	182M
10271	5911	-2.662E+02	1.00	2.347E-116	0	181	183	0	181	183	182M
10271	10271	-2.659E+02	1.00	3.218E-116	0	182	183	0	182	183	183M
10272	222	-2.623E+02	0.994	1.230E-114	0	178	180	0	178	180	179M
10272	5912	-2.639E+02	1.00	2.540E-115	0	178	180	0	178	180	179M
10272	10272	-2.635E+02	1.00	3.482E-115	0	179	180	0	179	180	180M
10273	223	-4.824E+02	1.00	3.068E-210	0	324	326	0	324	326	325M
10273	5913	-4.824E+02	1.00	3.068E-210	0	324	326	0	324	326	325M
10273	10273	-4.821E+02	1.00	4.204E-210	0	325	326	0	325	326	326M
10274	224	-7.431E+02	0.991	1.976E-323	0	472	474	0	472	474	473M
10274	5914	-7.084E+02	1.00	0.000E+00	0	472	474	0	472	474	473M
10274	10274	-7.084E+02	1.00	0.000E+00	0	473	474	0	473	474	474M
10275	4342	-2.845E+02	0.956	2.700E-124	0	208	210	0	208	210	209M
10275	5915	-2.965E+02	1.00	1.684E-129	0	208	210	0	208	210	209M
10275	10275	-2.962E+02	1.00	2.309E-129	0	209	210	0	209	210	210M
10276	5916	-2.630E+02	1.00	5.953E-115	0	196	198	0	196	198	197M
10276	10276	-2.627E+02	1.00	8.160E-115	0	197	198	0	197	198	198M
10277	1118	-5.912E+01	1.00	2.103E-26	0	47	49	0	47	54	48M
10277	5917	-5.912E+01	1.00	2.103E-26	0	47	49	0	47	49	48M
10277	10277	-5.881E+01	1.00	2.889E-26	0	48	49	0	48	49	49M
10278	1117	-1.498E+02	0.990	8.966E-66	0	108	110	0	108	110	109M
10278	5918	-1.507E+02	1.00	3.474E-66	0	108	110	0	108	110	109M
10278	10278	-1.504E+02	1.00	4.765E-66	0	109	110	0	109	110	110M
10279	1116	-2.136E+02	0.966	1.736E-93	0	147	149	0	147	149	148M
10279	5919	-2.202E+02	1.00	2.293E-96	0	147	149	0	147	149	148M
10279	10279	-2.199E+02	1.00	3.144E-96	0	148	149	0	148	149	149M
10280	1115	-5.575E+02	0.965	7.458E-243	0	403	405	0	403	405	404M
10280	5920	-5.755E+02	1.00	1.188E-250	0	403	405	0	403	405	404M
10280	10280	-5.752E+02	1.00	1.628E-250	0	404	405	0	404	405	405M
10281	2613	-3.891E+02	0.668	1.022E-169	6	367	369	5	366	368	362M
10281	5921	-5.655E+02	1.00	2.568E-246	0	367	369	0	367	369	368M
10281	10281	-5.652E+02	1.00	3.519E-246	0	368	369	0	368	369	369M
10282	4280	-8.537E+01	0.590	8.397E-38	0	109	115	0	109	115	110M
10282	5922	-1.615E+02	1.00	6.971E-71	0	113	115	0	113	115	114M
10282	10282	-1.612E+02	1.00	9.561E-71	0	114	115	0	114	115	115M
10283	2863	-1.433E+02	0.671	5.699E-63	0	151	153	0	151	153	152M
10283	5923	-2.248E+02	1.00	2.440E-98	0	151	153	0	151	153	152M
10283	10283	-2.244E+02	1.00	3.346E-98	0	152	153	0	152	153	153M
10284	1125	-4.435E+01	1.00	5.465E-20	0	38	40	0	38	40	39M
10284	5924	-4.435E+01	1.00	5.465E-20	0	38	40	0	38	40	39M
10284	10284	-4.404E+01	1.00	7.510E-20	0	39	40	0	39	40	40M
10285	1126	-3.872E+02	0.992	6.643E-169	0	270	272	0	270	272	271M
10285	5925	-3.904E+02	1.00	2.841E-170	0	270	272	0	270	272	271M
10285	10285	-3.901E+02	1.00	3.893E-170	0	271	272	0	271	272	272M
10286	4472	-1.066E+02	0.986	5.075E-47	0	73	75	0	73	75	74M
10286	5926	-1.101E+02	1.00	1.561E-48	0	73	75	0	73	75	74M
10286	10286	-1.098E+02	1.00	2.143E-48	0	74	75	0	74	75	75M
10287	4310	-6.493E+01	0.757	6.302E-29	0	64	72	0	65	70	5M1D60M
10287	5927	-1.001E+02	1.00	3.364E-44	0	70	72	0	70	72	71M
10287	10287	-9.978E+01	1.00	4.617E-44	0	71	72	0	71	72	72M
10288	4288	-2.308E+02	0.988	5.885E-101	0	172	206	0	172	174	173M
10288	5928	-2.831E+02	1.00	1.083E-123	0	204	206	0	204	206	205M
10288	10288	-2.828E+02	1.00	1.484E-123	0	205	206	0	205	206	206M
10289	4210	-2.442E+02	0.987	8.739E-107	0	163	182	0	163	164	164M
10289	5929	-2.789E+02	1.00	7.394E-122	0	180	182	0	180	182	181M
10289	10289	-2.786E+02	1.00	1.014E-121	0	181	182	0	181	182	182M
10290	4209	-1.873E+02	1.00	4.317E-82	0	128	130	0	128	130	129M
10290	5930	-1.873E+02	1.00	4.317E-82	0	128	130	0	128	130	129M
10290	10290	-1.870E+02	1.00	5.920E-82	0	129	130	0	129	130	130M
10291	4208	-4.774E+01	0.975	1.843E-21	0	40	42	0	40	42	41M
10291	5931	-5.092E+01	1.00	7.685E-23	0	40	42	0	40	42	41M
10291	10291	-5.060E+01	1.00	1.056E-22	0	41	42	0	41	42	42M
10292	4207	-3.249E+02	0.982	8.178E-142	0	222	224	0	222	224	223M
10292	5932	-3.287E+02	1.00	1.858E-143	0	222	224	0	222	224	223M
10292	10292	-3.283E+02	1.00	2.547E-143	0	223	224	0	223	224	224M
10293	4206	-1.112E+02	1.00	5.118E-49	0	76	78	0	76	78	77M
10293	5933	-1.112E+02	1.00	5.118E-49	0	76	78	0	76	78	77M
10293	10293	-1.109E+02	1.00	7.023E-49	0	77	78	0	77	78	78M
10294	4190	-6.261E+02	0.995	1.250E-272	0	419	421	0	419	421	420M
10294	5934	-6.286E+02	1.00	1.006E-273	0	419	421	0	419	421	420M
10294	10294	-6.283E+02	1.00	1.378E-273	0	420	421	0	420	421	421M
10295	4189	-8.177E+01	1.00	3.081E-36	0	63	65	0	63	65	64M
10295	5935	-8.177E+01	1.00	3.081E-36	0	63	65	0	63	65	64M
10295	10295	-8.145E+01	1.00	4.230E-36	0	64	65	0	64	65	65M
10296	4188	-9.900E+01	1.00	1.011E-43	0	73	75	0	73	75	74M
10296	5936	-9.900E+01	1.00	1.011E-43	0	73	75	0	73	75	74M
10296	10296	-9.868E+01	1.00	1.388E-43	0	74	75	0	74	75	75M
10297	4187	-2.712E+02	0.979	1.633E-118	0	196	198	0	196	198	197M
10297	5937	-2.769E+02	1.00	5.588E-121	0	196	198	0	196	198	197M
10297	10297	-2.766E+02	1.00	7.660E-121	0	197	198	0	197	198	198M
10298	4531	-1.314E+02	1.00	8.200E-58	1	92	110	0	91	92	92M
10298	5938	-1.583E+02	1.00	1.766E-69	0	108	110	0	108	110	109M
10298	10298	-1.580E+02	1.00	2.422E-69	0	109	110	0	109	110	110M
10299	2903	-1.743E+02	1.00	2.005E-76	0	117	119	0	117	119	118M
10299	5939	-1.743E+02	1.00	2.005E-76	0	117	119	0	117	119	118M
10299	10299	-1.740E+02	1.00	2.750E-76	0	118	119	0	118	119	119M
10300	2902	-1.968E+02	0.970	3.232E-86	0	133	136	0	133	136	134M
10300	5940	-2.066E+02	1.00	1.812E-90	0	134	136	0	134	136	135M
10300	10300	-2.063E+02	1.00	2.485E-90	0	135	136	0	135	136	136M
10301	2901	-1.909E+02	0.992	1.184E-83	0	132	134	0	132	134	133M
10301	5941	-1.922E+02	1.00	3.347E-84	0	132	134	0	132	134	133M
10301	10301	-1.919E+02	1.00	4.590E-84	0	133	134	0	133	134	134M
10302	2900	-7.084E+02	0.980	0.000E+00	0	822	824	0	822	824	823M
10302	5942	-7.084E+02	1.00	0.000E+00	0	822	824	0	822	824	823M
10302	10302	-7.084E+02	1.00	0.000E+00	0	823	824	0	823	824	824M
10303	2899	-8.240E+01	1.00	1.635E-36	0	63	65	0	63	65	64M
10303	5943	-8.240E+01	1.00	1.635E-36	0	63	65	0	63	65	64M
10303	10303	-8.208E+01	1.00	2.245E-36	0	64	65	0	64	65	65M
10304	2898	-4.755E+02	1.00	3.257E-207	0	317	320	0	317	320	318M
10304	5944	-4.773E+02	1.00	4.916E-208	0	318	320	0	318	320	319M
10304	10304	-4.770E+02	1.00	6.737E-208	0	319	320	0	319	320	320M
10305	2897	-7.084E+02	0.995	0.000E+00	0	459	461	31	490	492	460M
10305	5945	-7.084E+02	1.00	0.000E+00	0	459	461	0	459	461	460M
10305	10305	-7.084E+02	1.00	0.000E+00	0	460	461	0	460	461	461M
10306	2896	-2.490E+02	0.987	7.083E-109	0	165	167	0	165	167	166M
10306	5946	-2.531E+02	1.00	1.171E-110	0	165	167	0	165	167	166M
10306	10306	-2.528E+02	1.00	1.605E-110	0	166	167	0	166	167	167M
10307	2895	-5.262E+02	0.982	2.840E-229	0	337	339	0	337	339	338M
10307	5947	-5.341E+02	1.00	1.075E-232	0	337	339	0	337	339	338M
10307	10307	-5.338E+02	1.00	1.474E-232	0	338	339	0	338	339	339M
10308	2894	-3.830E+02	0.996	4.702E-167	0	260	262	0	260	262	261M
10308	5948	-3.839E+02	1.00	1.826E-167	0	260	262	0	260	262	261M
10308	10308	-3.836E+02	1.00	2.503E-167	0	261	262	0	261	262	262M
10309	2893	-5.749E+02	0.994	2.210E-250	0	396	398	0	396	398	397M
10309	5949	-5.783E+02	1.00	6.908E-252	0	396	398	0	396	398	397M
10309	10309	-5.780E+02	1.00	9.467E-252	0	397	398	0	397	398	398M
10310	3558	-6.551E+02	0.993	2.965E-285	0	451	453	0	451	453	452M
10310	5950	-6.577E+02	1.00	2.386E-286	0	451	453	0	451	453	452M
10310	10310	-6.574E+02	1.00	3.270E-286	0	452	453	0	452	453	453M
10311	3559	-6.598E+02	0.983	2.863E-287	0	419	421	0	419	421	420M
10311	5951	-6.686E+02	1.00	4.222E-291	0	419	421	0	419	421	420M
10311	10311	-6.683E+02	1.00	5.786E-291	0	420	421	0	420	421	421M
10312	3560	-5.444E+02	1.00	3.785E-237	0	367	369	0	367	369	368M
10312	5952	-5.444E+02	1.00	3.785E-237	0	367	369	0	367	369	368M
10312	10312	-5.441E+02	1.00	5.187E-237	0	368	369	0	368	369	369M
10313	3561	-7.084E+02	0.998	0.000E+00	72	1284	1286	0	1212	1214	1213M
10313	5953	-7.084E+02	1.00	0.000E+00	0	1284	1286	0	1284	1286	1285M
10313	10313	-7.084E+02	1.00	0.000E+00	0	1285	1286	0	1285	1286	1286M
10314	1458	-2.919E+02	1.00	1.732E-127	0	186	188	0	186	188	187M
10314	5954	-2.919E+02	1.00	1.732E-127	0	186	188	0	186	188	187M
10314	10314	-2.916E+02	1.00	2.375E-127	0	187	188	0	187	188	188M
10315	1457	-1.004E+02	1.00	2.451E-44	0	70	72	0	70	72	71M
10315	5955	-1.004E+02	1.00	2.451E-44	0	70	72	0	70	72	71M
10315	10315	-1.001E+02	1.00	3.364E-44	0	71	72	0	71	72	72M
10316	1456	-2.805E+02	0.994	1.582E-122	0	194	196	0	194	196	195M
10316	5956	-2.820E+02	1.00	3.267E-123	0	194	196	0	194	196	195M
10316	10316	-2.817E+02	1.00	4.479E-123	0	195	196	0	195	196	196M
10317	1455	-1.010E+02	1.00	1.369E-44	0	71	73	0	71	73	72M
10317	5957	-1.010E+02	1.00	1.369E-44	0	71	73	0	71	73	72M
10317	10317	-1.007E+02	1.00	1.878E-44	0	72	73	0	72	73	73M
10318	1463	-7.084E+02	0.994	0.000E+00	0	520	522	0	520	522	521M
10318	5958	-7.084E+02	1.00	0.000E+00	0	520	522	0	520	522	521M
10318	10318	-7.084E+02	1.00	0.000E+00	0	521	522	0	521	522	522M
10319	1464	-1.293E+02	0.991	6.945E-57	0	113	115	0	113	115	114M
10319	5959	-1.303E+02	1.00	2.691E-57	0	113	115	0	113	115	114M
10319	10319	-1.299E+02	1.00	3.691E-57	0	114	115	0	114	115	115M
10320	1465	-3.100E+02	0.995	2.237E-135	0	202	204	0	202	204	203M
10320	5960	-3.119E+02	1.00	3.371E-136	0	202	204	0	202	204	203M
10320	10320	-3.116E+02	1.00	4.621E-136	0	203	204	0	203	204	204M
10321	1466	-7.084E+02	0.982	0.000E+00	0	811	813	0	811	813	812M
10321	5961	-7.084E+02	1.00	0.000E+00	0	811	813	0	811	813	812M
10321	10321	-7.084E+02	1.00	0.000E+00	0	812	813	0	812	813	813M
10322	1467	-3.733E+02	0.995	7.184E-163	0	237	239	0	237	239	238M
10322	5962	-3.749E+02	1.00	1.485E-163	0	237	239	0	237	239	238M
10322	10322	-3.746E+02	1.00	2.035E-163	0	238	239	0	238	239	239M
10323	1468	-3.265E+02	0.990	1.559E-142	0	207	209	0	207	209	208M
10323	5963	-3.284E+02	1.00	2.349E-143	0	207	209	0	207	209	208M
10323	10323	-3.281E+02	1.00	3.220E-143	0	208	209	0	208	209	209M
10324	1469	-3.761E+02	0.972	4.402E-164	0	258	260	0	258	260	259M
10324	5964	-3.847E+02	1.00	8.849E-168	0	258	260	0	258	260	259M
10324	10324	-3.843E+02	1.00	1.213E-167	0	259	260	0	259	260	260M
10325	1470	-6.773E+02	0.995	7.382E-295	0	470	472	0	470	472	471M
10325	5965	-6.801E+02	1.00	4.336E-296	0	470	472	0	470	472	471M
10325	10325	-6.798E+02	1.00	5.942E-296	0	471	472	0	471	472	472M
10326	4266	-5.824E+02	1.00	1.172E-253	0	379	412	0	379	380	380M
10326	5966	-6.303E+02	1.00	1.875E-274	0	410	412	0	410	412	411M
10326	10326	-6.300E+02	1.00	2.569E-274	0	411	412	0	411	412	412M
10327	4267	-5.032E+02	1.00	2.781E-219	0	337	339	0	337	339	338M
10327	5967	-5.032E+02	1.00	2.781E-219	0	337	339	0	337	339	338M
10327	10327	-5.029E+02	1.00	3.812E-219	0	338	339	0	338	339	339M
10328	5968	-1.574E+02	1.00	4.238E-69	0	113	115	0	113	115	114M
10328	10328	-1.571E+02	1.00	5.813E-69	0	114	115	0	114	115	115M
10329	1472	-7.084E+02	0.994	0.000E+00	0	733	735	0	733	735	734M
10329	5969	-7.084E+02	1.00	0.000E+00	0	733	735	0	733	735	734M
10329	10329	-7.084E+02	1.00	0.000E+00	0	734	735	0	734	735	735M
10330	1473	-1.963E+02	1.00	5.373E-86	0	138	140	0	138	140	139M
10330	5970	-1.963E+02	1.00	5.373E-86	0	138	140	0	138	140	139M
10330	10330	-1.960E+02	1.00	7.367E-86	0	139	140	0	139	140	140M
10331	1474	-2.375E+02	1.00	6.891E-104	0	161	163	0	161	163	162M
10331	5971	-2.375E+02	1.00	6.891E-104	0	161	163	0	161	163	162M
10331	10331	-2.372E+02	1.00	9.448E-104	0	162	163	0	162	163	163M
10332	1475	-7.084E+02	1.00	0.000E+00	0	858	860	0	858	860	859M
10332	5972	-7.084E+02	1.00	0.000E+00	0	858	860	0	858	860	859M
10332	10332	-7.084E+02	1.00	0.000E+00	0	859	860	0	859	860	860M
10333	1476	-4.117E+02	1.00	1.657E-179	0	267	269	0	267	269	268M
10333	5973	-4.117E+02	1.00	1.657E-179	0	267	269	0	267	269	268M
10333	10333	-4.113E+02	1.00	2.271E-179	0	268	269	0	268	269	269M
10334	1477	-2.063E+02	0.978	2.421E-90	0	140	142	0	140	142	141M
10334	5974	-2.089E+02	1.00	1.937E-91	0	140	142	0	140	142	141M
10334	10334	-2.086E+02	1.00	2.656E-91	0	141	142	0	141	142	142M
10335	1478	-2.039E+02	1.00	2.884E-89	0	139	141	0	139	141	140M
10335	5975	-2.039E+02	1.00	2.884E-89	0	139	141	0	139	141	140M
10335	10335	-2.036E+02	1.00	3.955E-89	0	140	141	0	140	141	141M
10336	1479	-3.183E+02	0.995	5.594E-139	0	216	222	0	216	236	217M
10336	5976	-3.275E+02	1.00	5.969E-143	0	220	222	0	220	222	221M
10336	10336	-3.272E+02	1.00	8.182E-143	0	221	222	0	221	222	222M
10337	4351	-2.081E+02	0.992	4.090E-91	9	149	151	0	140	142	141M
10337	5977	-2.230E+02	1.00	1.473E-97	0	149	151	0	149	151	150M
10337	10337	-2.226E+02	1.00	2.020E-97	0	150	151	0	150	151	151M
10338	4350	-2.072E+02	0.979	1.085E-90	0	143	145	0	145	147	6M2D138M
10338	5978	-2.128E+02	1.00	3.692E-93	0	143	145	0	143	145	144M
10338	10338	-2.125E+02	1.00	5.063E-93	0	144	145	0	144	145	145M
10339	4349	-3.806E+01	1.00	2.968E-17	0	31	33	0	31	33	32M
10339	5979	-3.806E+01	1.00	2.968E-17	0	31	33	0	31	33	32M
10339	10339	-3.774E+01	1.00	4.079E-17	0	32	33	0	32	33	33M
10340	3653	-4.645E+02	0.996	1.895E-202	0	310	312	0	310	312	311M
10340	5980	-4.657E+02	1.00	5.370E-203	0	310	312	0	310	312	311M
10340	10340	-4.654E+02	1.00	7.360E-203	0	311	312	0	311	312	312M
10341	3654	-4.280E+02	0.993	1.285E-186	0	301	303	0	301	303	302M
10341	5981	-4.299E+02	1.00	1.939E-187	0	301	303	0	301	303	302M
10341	10341	-4.296E+02	1.00	2.658E-187	0	302	303	0	302	303	303M
10342	3655	-3.376E+02	1.00	2.396E-147	0	226	228	0	226	228	227M
10342	5982	-3.376E+02	1.00	2.396E-147	0	226	228	0	226	228	227M
10342	10342	-3.373E+02	1.00	3.284E-147	0	227	228	0	227	228	228M
10343	3656	-4.809E+02	0.983	1.378E-209	0	309	311	0	309	311	310M
10343	5983	-4.882E+02	1.00	9.794E-213	0	309	311	0	309	311	310M
10343	10343	-4.879E+02	1.00	1.342E-212	0	310	311	0	310	311	311M
10344	3657	-5.621E+02	0.978	7.844E-245	0	366	368	0	366	369	367M
10344	5984	-5.718E+02	1.00	4.489E-249	0	366	368	0	366	368	367M
10344	10344	-5.715E+02	1.00	6.152E-249	0	367	368	0	367	368	368M
10345	3658	-1.033E+02	0.986	1.329E-45	0	75	77	0	75	77	76M
10345	5985	-1.046E+02	1.00	3.747E-46	0	75	77	0	75	77	76M
10345	10345	-1.043E+02	1.00	5.143E-46	0	76	77	0	76	77	77M
10346	3659	-6.283E+02	0.976	1.378E-273	0	419	421	0	419	421	420M
10346	5986	-6.437E+02	1.00	2.723E-280	0	419	421	0	419	421	420M
10346	10346	-6.434E+02	1.00	3.732E-280	0	420	421	0	420	421	421M
10347	3660	-3.759E+02	0.984	5.414E-164	0	249	251	0	249	251	250M
10347	5987	-3.794E+02	1.00	1.688E-165	0	249	251	0	249	251	250M
10347	10347	-3.791E+02	1.00	2.313E-165	0	250	251	0	250	251	251M
10348	3730	-2.081E+02	0.407	4.335E-91	10	412	430	21	420	451	32M1I128M2I7M1D35M3I122M1D46M1I11M2D15M
10348	5988	-6.483E+02	1.00	2.681E-282	0	428	430	0	428	430	429M
10348	10348	-6.480E+02	1.00	3.673E-282	0	429	430	0	429	430	430M
10349	4031	-7.084E+02	0.992	0.000E+00	0	525	527	0	525	527	526M
10349	5989	-7.084E+02	1.00	0.000E+00	0	525	527	0	525	527	526M
10349	10349	-7.084E+02	1.00	0.000E+00	0	526	527	0	526	527	527M
10350	4030	-7.205E+02	0.995	1.194E-313	43	522	524	0	479	481	480M
10350	5990	-7.084E+02	0.998	0.000E+00	0	522	524	0	522	524	523M
10350	10350	-7.084E+02	1.00	0.000E+00	0	523	524	0	523	524	524M
10351	4123	-6.857E+02	0.984	1.610E-298	0	458	460	0	458	460	459M
10351	5991	-6.961E+02	1.00	4.923E-303	0	458	460	0	458	460	459M
10351	10351	-6.958E+02	1.00	6.746E-303	0	459	460	0	459	460	460M
10352	4124	-7.084E+02	0.992	0.000E+00	17	699	701	0	682	684	683M
10352	5992	-7.084E+02	1.00	0.000E+00	0	699	701	0	699	701	700M
10352	10352	-7.084E+02	1.00	0.000E+00	0	700	701	0	700	701	701M
10353	2306	-4.884E+02	0.996	7.852E-213	0	311	313	0	311	313	312M
10353	5993	-4.900E+02	1.00	1.624E-213	0	311	313	0	311	313	312M
10353	10353	-4.897E+02	1.00	2.226E-213	0	312	313	0	312	313	313M
10354	2307	-1.447E+02	1.00	1.402E-63	0	95	97	0	95	97	96M
10354	5994	-1.447E+02	1.00	1.402E-63	0	95	97	0	95	97	96M
10354	10354	-1.444E+02	1.00	1.924E-63	0	96	97	0	96	97	97M
10355	2308	-3.828E+02	0.992	5.515E-167	0	250	252	0	250	252	251M
10355	5995	-3.857E+02	1.00	3.230E-168	0	250	252	0	250	252	251M
10355	10355	-3.853E+02	1.00	4.427E-168	0	251	252	0	251	252	252M
10356	2309	-2.563E+02	0.981	4.988E-112	0	165	167	0	165	167	166M
10356	5996	-2.604E+02	1.00	8.244E-114	0	165	167	0	165	167	166M
10356	10356	-2.601E+02	1.00	1.130E-113	0	166	167	0	166	167	167M
10357	2310	-5.388E+02	0.997	1.025E-234	0	352	354	0	352	354	353M
10357	5997	-5.397E+02	1.00	3.982E-235	0	352	354	0	352	354	353M
10357	10357	-5.394E+02	1.00	5.457E-235	0	353	354	0	353	354	354M
10358	2311	-3.772E+02	0.996	1.556E-164	0	256	258	0	256	258	257M
10358	5998	-3.784E+02	1.00	4.409E-165	0	256	258	0	256	258	257M
10358	10358	-3.781E+02	1.00	6.044E-165	0	257	258	0	257	258	258M
10359	2312	-3.936E+02	0.988	1.143E-171	0	262	264	0	262	264	263M
10359	5999	-3.983E+02	1.00	1.010E-173	0	262	264	0	262	264	263M
10359	10359	-3.980E+02	1.00	1.384E-173	0	263	264	0	263	264	264M
10360	2313	-7.084E+02	0.968	0.000E+00	0	511	513	0	511	513	512M
10360	6000	-7.084E+02	1.00	0.000E+00	0	511	513	0	511	513	512M
10360	10360	-7.084E+02	1.00	0.000E+00	0	512	513	0	512	513	513M
10361	2314	-6.027E+02	0.992	1.855E-262	0	401	403	0	401	403	402M
10361	6001	-6.083E+02	1.00	6.388E-265	0	401	403	0	401	403	402M
10361	10361	-6.080E+02	1.00	8.754E-265	0	402	403	0	402	403	403M
10362	2315	-6.594E+02	0.997	4.361E-287	0	428	430	0	428	430	429M
10362	6002	-6.613E+02	1.00	6.586E-288	0	428	430	0	428	430	429M
10362	10362	-6.609E+02	1.00	9.025E-288	0	429	430	0	429	430	430M
10363	2316	-4.889E+02	1.00	4.657E-213	0	320	322	0	320	322	321M
10363	6003	-4.889E+02	1.00	4.657E-213	0	320	322	0	320	322	321M
10363	10363	-4.886E+02	1.00	6.382E-213	0	321	322	0	321	322	322M
10364	2317	-2.922E+02	0.985	1.309E-127	0	200	202	0	200	202	201M
10364	6004	-2.969E+02	1.00	1.154E-129	0	200	202	0	200	202	201M
10364	10364	-2.966E+02	1.00	1.581E-129	0	201	202	0	201	202	202M
10365	2318	-1.754E+02	0.952	6.391E-77	0	126	128	0	126	128	127M
10365	6005	-1.846E+02	1.00	6.724E-81	0	126	128	0	126	128	127M
10365	10365	-1.843E+02	1.00	9.222E-81	0	127	128	0	127	128	128M
10366	6006	-2.317E+02	1.00	2.331E-101	0	164	166	0	164	166	165M
10366	10366	-2.314E+02	1.00	3.196E-101	0	165	166	0	165	166	166M
10367	6007	-4.413E+02	1.00	2.306E-192	0	281	283	0	281	283	282M
10367	10367	-4.409E+02	1.00	3.160E-192	0	282	283	0	282	283	283M
10368	6008	-6.016E+02	1.00	5.427E-262	0	397	399	0	397	399	398M
10368	10368	-6.013E+02	1.00	7.437E-262	0	398	399	0	398	399	399M
10369	6009	-1.636E+02	1.00	9.046E-72	0	110	112	0	110	112	111M
10369	10369	-1.633E+02	1.00	1.241E-71	0	111	112	0	111	112	112M
10370	3811	-2.651E+02	0.941	7.534E-116	0	188	201	0	188	190	189M
10370	6010	-3.020E+02	1.00	7.072E-132	0	199	201	0	199	201	200M
10370	10370	-3.017E+02	1.00	9.695E-132	0	200	201	0	200	201	201M
10371	6011	-3.079E+02	1.00	1.883E-134	0	207	209	0	207	209	208M
10371	10371	-3.076E+02	1.00	2.581E-134	0	208	209	0	208	209	209M
10372	2234	-5.438E+02	0.994	6.939E-237	0	353	355	0	353	355	354M
10372	6012	-5.463E+02	1.00	5.578E-238	0	353	355	0	353	355	354M
10372	10372	-5.460E+02	1.00	7.644E-238	0	354	355	0	354	355	355M
10373	2233	-2.886E+02	0.989	4.687E-126	0	189	191	0	189	191	190M
10373	6013	-2.924E+02	1.00	1.064E-127	0	189	191	0	189	191	190M
10373	10373	-2.921E+02	1.00	1.458E-127	0	190	191	0	190	191	191M
10374	2232	-1.376E+02	1.00	1.828E-60	0	93	95	0	93	95	94M
10374	6014	-1.376E+02	1.00	1.828E-60	0	93	95	0	93	95	94M
10374	10374	-1.372E+02	1.00	2.508E-60	0	94	95	0	94	95	95M
10375	2231	-3.184E+02	1.00	5.336E-139	0	219	221	0	219	221	220M
10375	6015	-3.184E+02	1.00	5.336E-139	0	219	221	0	219	221	220M
10375	10375	-3.181E+02	1.00	7.315E-139	0	220	221	0	220	221	221M
10376	2230	-3.014E+02	1.00	1.329E-131	0	199	201	0	199	201	200M
10376	6016	-3.014E+02	1.00	1.329E-131	0	199	201	0	199	201	200M
10376	10376	-3.010E+02	1.00	1.822E-131	0	200	201	0	200	201	201M
10377	2229	-4.037E+02	0.996	4.750E-176	0	262	264	0	262	264	263M
10377	6017	-4.050E+02	1.00	1.346E-176	0	262	264	0	262	264	263M
10377	10377	-4.046E+02	1.00	1.845E-176	0	263	264	0	263	264	264M
10378	2228	-4.727E+02	0.996	4.992E-206	0	309	311	0	309	311	310M
10378	6018	-4.743E+02	1.00	1.033E-206	0	309	311	0	309	311	310M
10378	10378	-4.740E+02	1.00	1.415E-206	0	310	311	0	310	311	311M
10379	2227	-5.511E+02	0.991	4.433E-240	0	344	346	0	344	346	345M
10379	6019	-5.546E+02	1.00	1.384E-241	0	344	346	0	344	346	345M
10379	10379	-5.543E+02	1.00	1.897E-241	0	345	346	0	345	346	346M
10380	2226	-7.413E+02	0.989	1.136E-322	0	488	490	0	488	490	489M
10380	6020	-7.444E+02	1.00	4.941E-324	0	488	490	0	488	490	489M
10380	10380	-7.444E+02	1.00	4.941E-324	0	489	490	0	489	490	490M
10381	2225	-6.982E+02	1.00	6.020E-304	0	467	469	0	467	469	468M
10381	6021	-6.982E+02	1.00	6.020E-304	0	467	469	0	467	469	468M
10381	10381	-6.979E+02	1.00	8.248E-304	0	468	469	0	468	469	469M
10382	2224	-5.966E+02	0.966	7.555E-260	0	388	390	0	388	390	389M
10382	6022	-6.174E+02	1.00	7.024E-269	0	388	390	0	388	390	389M
10382	10382	-6.171E+02	1.00	9.626E-269	0	389	390	0	389	390	390M
10383	2223	-7.377E+02	0.995	4.096E-321	0	484	486	0	484	486	485M
10383	6023	-7.399E+02	1.00	4.496E-322	0	484	486	0	484	486	485M
10383	10383	-7.396E+02	1.00	6.176E-322	0	485	486	0	485	486	486M
10384	2222	-1.840E+02	1.00	1.265E-80	0	126	128	0	126	128	127M
10384	6024	-1.840E+02	1.00	1.265E-80	0	126	128	0	126	128	127M
10384	10384	-1.837E+02	1.00	1.734E-80	0	127	128	0	127	128	128M
10385	2221	-4.319E+02	0.953	2.794E-188	0	300	302	0	300	304	301M
10385	6025	-4.539E+02	1.00	7.322E-198	0	300	302	0	300	302	301M
10385	10385	-4.536E+02	1.00	1.004E-197	0	301	302	0	301	302	302M
10386	2220	-2.781E+02	0.954	1.659E-121	0	197	199	0	197	199	198M
10386	6026	-2.873E+02	1.00	1.766E-125	0	197	199	0	197	199	198M
10386	10386	-2.869E+02	1.00	2.421E-125	0	198	199	0	198	199	199M
10387	2219	-4.021E+02	0.988	2.443E-175	0	270	272	0	270	272	271M
10387	6027	-4.068E+02	1.00	2.160E-177	0	270	272	0	270	272	271M
10387	10387	-4.065E+02	1.00	2.960E-177	0	271	272	0	271	272	272M
10388	2218	-6.161E+02	0.987	2.662E-268	0	403	405	0	403	405	404M
10388	6028	-6.243E+02	1.00	7.372E-272	0	403	405	0	403	405	404M
10388	10388	-6.240E+02	1.00	1.010E-271	0	404	405	0	404	405	405M
10389	1732	-3.707E+02	1.00	9.842E-162	0	239	241	0	239	241	240M
10389	6029	-3.707E+02	1.00	9.842E-162	0	239	241	0	239	241	240M
10389	10389	-3.704E+02	1.00	1.349E-161	0	240	241	0	240	241	241M
10390	1731	-5.225E+02	0.973	1.263E-227	0	344	346	0	344	346	345M
10390	6030	-5.329E+02	1.00	3.846E-232	0	344	346	0	344	346	345M
10390	10390	-5.325E+02	1.00	5.270E-232	0	345	346	0	345	346	346M
10391	1730	-5.905E+02	0.970	3.664E-257	0	399	401	0	399	401	400M
10391	6031	-6.075E+02	1.00	1.497E-264	0	399	401	0	399	401	400M
10391	10391	-6.072E+02	1.00	2.052E-264	0	400	401	0	400	401	401M
10392	1729	-7.084E+02	0.987	0.000E+00	0	568	570	0	568	570	569M
10392	6032	-7.084E+02	1.00	0.000E+00	0	568	570	0	568	570	569M
10392	10392	-7.084E+02	1.00	0.000E+00	0	569	570	0	569	570	570M
10393	1728	-5.792E+02	0.971	2.752E-252	0	383	385	0	383	385	384M
10393	6033	-5.959E+02	1.00	1.539E-259	0	383	385	0	383	385	384M
10393	10393	-5.956E+02	1.00	2.109E-259	0	384	385	0	384	385	385M
10394	1727	-5.957E+02	0.972	1.878E-259	0	394	396	0	394	396	395M
10394	6034	-6.112E+02	1.00	3.704E-266	0	394	396	0	394	396	395M
10394	10394	-6.109E+02	1.00	5.076E-266	0	395	396	0	395	396	396M
10395	1726	-4.021E+02	0.977	2.443E-175	0	270	272	0	270	272	271M
10395	6035	-4.112E+02	1.00	2.616E-179	0	270	272	0	270	272	271M
10395	10395	-4.109E+02	1.00	3.586E-179	0	271	272	0	271	272	272M
10396	1725	-6.127E+02	0.985	7.931E-267	0	415	417	0	415	417	416M
10396	6036	-6.222E+02	1.00	6.235E-271	0	415	417	0	415	417	416M
10396	10396	-6.219E+02	1.00	8.544E-271	0	416	417	0	416	417	417M
10397	1724	-5.686E+02	0.994	1.180E-247	0	382	384	0	382	384	383M
10397	6037	-5.724E+02	1.00	2.690E-249	0	382	384	0	382	384	383M
10397	10397	-5.720E+02	1.00	3.686E-249	0	383	384	0	383	384	384M
10398	1723	-6.123E+02	0.985	1.223E-266	0	404	406	0	404	406	405M
10398	6038	-6.221E+02	1.00	7.010E-271	0	404	406	0	404	406	405M
10398	10398	-6.217E+02	1.00	9.606E-271	0	405	406	0	405	406	406M
10399	1722	-4.368E+02	1.00	1.995E-190	0	282	284	0	282	284	283M
10399	6039	-4.368E+02	1.00	1.995E-190	0	282	284	0	282	284	283M
10399	10399	-4.365E+02	1.00	2.734E-190	0	283	284	0	283	284	284M
10400	1721	-3.842E+02	0.981	1.415E-167	0	268	270	0	268	270	269M
10400	6040	-3.924E+02	1.00	3.902E-171	0	268	270	0	268	270	269M
10400	10400	-3.921E+02	1.00	5.348E-171	0	269	270	0	269	270	270M
10401	1720	-4.787E+02	0.984	1.226E-208	0	322	324	0	322	324	323M
10401	6041	-4.857E+02	1.00	1.195E-211	0	322	324	0	322	324	323M
10401	10401	-4.854E+02	1.00	1.638E-211	0	323	324	0	323	324	324M
10402	1719	-5.722E+02	0.992	3.275E-249	0	393	395	0	393	395	394M
10402	6042	-5.756E+02	1.00	1.024E-250	0	393	395	0	393	395	394M
10402	10402	-5.753E+02	1.00	1.403E-250	0	394	395	0	394	395	395M
10403	1718	-4.310E+02	1.00	6.914E-188	0	279	281	0	279	281	280M
10403	6043	-4.310E+02	1.00	6.914E-188	0	279	281	0	279	281	280M
10403	10403	-4.306E+02	1.00	9.476E-188	0	280	281	0	280	281	281M
10404	1717	-5.851E+02	0.995	8.130E-255	0	400	402	0	400	402	401M
10404	6044	-5.882E+02	1.00	3.483E-256	0	400	402	0	400	402	401M
10404	10404	-5.879E+02	1.00	4.772E-256	0	401	402	0	401	402	402M
10405	1716	-7.084E+02	0.972	0.000E+00	0	506	508	0	506	508	507M
10405	6045	-7.084E+02	1.00	0.000E+00	0	506	508	0	506	508	507M
10405	10405	-7.084E+02	1.00	0.000E+00	0	507	508	0	507	508	508M
10406	1715	-3.742E+02	0.988	3.017E-163	0	252	254	0	252	254	253M
10406	6046	-3.789E+02	1.00	2.665E-165	0	252	254	0	252	254	253M
10406	10406	-3.786E+02	1.00	3.653E-165	0	253	254	0	253	254	254M
10407	1714	-3.836E+02	1.00	2.624E-167	0	261	263	0	261	263	262M
10407	6047	-3.836E+02	1.00	2.624E-167	0	261	263	0	261	263	262M
10407	10407	-3.833E+02	1.00	3.596E-167	0	262	263	0	262	263	263M
10408	1311	-5.808E+02	0.997	5.695E-253	0	383	385	0	383	385	384M
10408	6048	-5.827E+02	1.00	8.599E-254	0	383	385	0	383	385	384M
10408	10408	-5.824E+02	1.00	1.178E-253	0	384	385	0	384	385	385M
10409	1310	-6.492E+02	0.983	1.103E-282	0	436	438	0	436	438	437M
10409	6049	-6.565E+02	1.00	7.871E-286	0	436	438	0	436	438	437M
10409	10409	-6.562E+02	1.00	1.079E-285	0	437	438	0	437	438	438M
10410	1309	-3.309E+02	0.995	1.949E-144	0	221	223	0	221	223	222M
10410	6050	-3.322E+02	1.00	5.521E-145	0	221	223	0	221	223	222M
10410	10410	-3.319E+02	1.00	7.568E-145	0	222	223	0	222	223	223M
10411	1308	-3.368E+02	1.00	5.266E-147	0	216	218	0	216	218	217M
10411	6051	-3.368E+02	1.00	5.266E-147	0	216	218	0	216	218	217M
10411	10411	-3.365E+02	1.00	7.219E-147	0	217	218	0	217	218	218M
10412	1307	-6.602E+02	0.995	1.881E-287	0	437	439	0	437	439	438M
10412	6052	-6.630E+02	1.00	1.105E-288	0	437	439	0	437	439	438M
10412	10412	-6.627E+02	1.00	1.514E-288	0	438	439	0	438	439	439M
10413	1306	-6.003E+02	0.990	1.935E-261	0	404	406	0	404	406	405M
10413	6053	-6.063E+02	1.00	4.865E-264	0	404	406	0	404	406	405M
10413	10413	-6.060E+02	1.00	6.667E-264	0	405	406	0	405	406	406M
10414	1305	-2.106E+02	0.986	3.366E-92	0	143	145	0	143	145	144M
10414	6054	-2.119E+02	1.00	9.520E-93	0	143	145	0	143	145	144M
10414	10414	-2.116E+02	1.00	1.305E-92	0	144	145	0	144	145	145M
10415	1304	-7.084E+02	0.990	0.000E+00	0	599	601	0	599	601	600M
10415	6055	-7.084E+02	1.00	0.000E+00	0	599	601	0	599	601	600M
10415	10415	-7.084E+02	1.00	0.000E+00	0	600	601	0	600	601	601M
10416	1303	-4.287E+02	0.988	6.384E-187	0	266	268	0	266	268	267M
10416	6056	-4.306E+02	1.00	9.629E-188	0	266	268	0	266	268	267M
10416	10416	-4.303E+02	1.00	1.320E-187	0	267	268	0	267	268	268M
10417	1302	-7.084E+02	0.993	0.000E+00	0	1159	1161	0	1159	1161	1160M
10417	6057	-7.084E+02	1.00	0.000E+00	0	1159	1161	0	1159	1161	1160M
10417	10417	-7.084E+02	1.00	0.000E+00	0	1160	1161	0	1160	1161	1161M
10418	1301	-4.786E+02	0.993	1.441E-208	0	312	314	0	312	314	313M
10418	6058	-4.824E+02	1.00	3.283E-210	0	312	314	0	312	314	313M
10418	10418	-4.820E+02	1.00	4.499E-210	0	313	314	0	313	314	314M
10419	1300	-4.540E+02	0.993	6.986E-198	0	299	301	0	299	301	300M
10419	6059	-4.565E+02	1.00	5.613E-199	0	299	301	0	299	301	300M
10419	10419	-4.562E+02	1.00	7.692E-199	0	300	301	0	300	301	301M
10420	1299	-7.084E+02	0.989	0.000E+00	0	662	664	0	662	664	663M
10420	6060	-7.084E+02	1.00	0.000E+00	0	662	664	0	662	664	663M
10420	10420	-7.084E+02	1.00	0.000E+00	0	663	664	0	663	664	664M
10421	1298	-3.811E+02	0.988	3.013E-166	0	266	268	0	266	268	267M
10421	6061	-3.836E+02	1.00	2.420E-167	0	266	268	0	266	268	267M
10421	10421	-3.833E+02	1.00	3.317E-167	0	267	268	0	267	268	268M
10422	1297	-7.084E+02	0.994	0.000E+00	0	532	534	0	532	534	533M
10422	6062	-7.084E+02	1.00	0.000E+00	0	532	534	0	532	534	533M
10422	10422	-7.084E+02	1.00	0.000E+00	0	533	534	0	533	534	534M
10423	1296	-5.988E+02	0.997	8.723E-261	0	389	391	0	389	391	390M
10423	6063	-5.998E+02	1.00	3.390E-261	0	389	391	0	389	391	390M
10423	10423	-5.994E+02	1.00	4.645E-261	0	390	391	0	390	391	391M
10424	1295	-2.923E+02	1.00	1.154E-127	0	204	206	0	204	206	205M
10424	6064	-2.923E+02	1.00	1.154E-127	0	204	206	0	204	206	205M
10424	10424	-2.920E+02	1.00	1.581E-127	0	205	206	0	205	206	206M
10425	1294	-7.084E+02	0.998	0.000E+00	0	563	565	0	563	565	564M
10425	6065	-7.084E+02	1.00	0.000E+00	0	563	565	0	563	565	564M
10425	10425	-7.084E+02	1.00	0.000E+00	0	564	565	0	564	565	565M
10426	1293	-3.362E+02	0.986	9.596E-147	0	222	224	0	222	224	223M
10426	6066	-3.409E+02	1.00	8.466E-149	0	222	224	0	222	224	223M
10426	10426	-3.406E+02	1.00	1.161E-148	0	223	224	0	223	224	224M
10427	1292	-6.566E+02	0.988	7.091E-286	0	427	429	0	427	429	428M
10427	6067	-6.641E+02	1.00	3.689E-289	0	427	429	0	427	429	428M
10427	10427	-6.638E+02	1.00	5.055E-289	0	428	429	0	428	429	429M
10428	6068	-6.372E+02	1.00	1.919E-277	0	411	413	0	411	413	412M
10428	10428	-6.368E+02	1.00	2.630E-277	0	412	413	0	412	413	413M
10429	3890	-4.546E+02	0.986	3.898E-198	0	300	302	0	300	302	301M
10429	6069	-4.599E+02	1.00	1.836E-200	0	300	302	0	300	302	301M
10429	10429	-4.596E+02	1.00	2.516E-200	0	301	302	0	301	302	302M
10430	3891	-1.403E+02	1.00	1.172E-61	0	95	97	0	95	97	96M
10430	6070	-1.403E+02	1.00	1.172E-61	0	95	97	0	95	97	96M
10430	10430	-1.400E+02	1.00	1.608E-61	0	96	97	0	96	97	97M
10431	3892	-5.214E+01	0.958	2.273E-23	0	47	49	0	47	49	48M
10431	6071	-5.754E+01	1.00	1.028E-25	0	47	49	0	47	49	48M
10431	10431	-5.722E+01	1.00	1.413E-25	0	48	49	0	48	49	49M
10432	4440	-5.695E+01	1.00	1.841E-25	0	46	48	0	46	48	47M
10432	6072	-5.695E+01	1.00	1.841E-25	0	46	48	0	46	48	47M
10432	10432	-5.664E+01	1.00	2.529E-25	0	47	48	0	47	48	48M
10433	4103	-9.706E+01	0.534	7.025E-43	0	137	143	0	142	156	105M1I21M6D11M
10433	6073	-2.050E+02	1.00	8.982E-90	0	141	143	0	141	143	142M
10433	10433	-2.047E+02	1.00	1.232E-89	0	142	143	0	142	143	143M
10434	4545	-1.051E+02	0.986	2.349E-46	0	72	74	0	72	74	73M
10434	6074	-1.066E+02	1.00	4.826E-47	0	72	74	0	72	74	73M
10434	10434	-1.063E+02	1.00	6.623E-47	0	73	74	0	73	74	74M
10435	4382	-1.446E+02	1.00	1.590E-63	0	98	106	0	98	99	99M
10435	6075	-1.563E+02	1.00	1.327E-68	0	104	106	0	104	106	105M
10435	10435	-1.560E+02	1.00	1.820E-68	0	105	106	0	105	106	106M
10436	4381	-5.881E+01	1.00	2.879E-26	0	72	74	0	72	74	73M
10436	6076	-5.881E+01	1.00	2.879E-26	0	72	74	0	72	74	73M
10436	10436	-5.849E+01	1.00	3.953E-26	0	73	74	0	73	74	74M
10437	1474	-9.065E+01	0.490	4.277E-40	0	158	160	0	160	163	38M1D48M1D73M
10437	6077	-2.348E+02	1.00	1.022E-102	0	158	160	0	158	160	159M
10437	10437	-2.345E+02	1.00	1.402E-102	0	159	160	0	159	160	160M
10438	3137	-7.369E+02	0.993	9.387E-321	0	468	470	0	468	470	469M
10438	6078	-7.400E+02	1.00	4.002E-322	0	468	470	0	468	470	469M
10438	10438	-7.397E+02	1.00	5.534E-322	0	469	470	0	469	470	470M
10439	3138	-7.084E+02	0.997	0.000E+00	0	711	713	0	711	713	712M
10439	6079	-7.084E+02	1.00	0.000E+00	0	711	713	0	711	713	712M
10439	10439	-7.084E+02	1.00	0.000E+00	0	712	713	0	712	713	713M
10440	3139	-4.316E+02	0.993	3.444E-188	0	291	293	0	291	293	292M
10440	6080	-4.345E+02	1.00	2.019E-189	0	291	293	0	291	293	292M
10440	10440	-4.342E+02	1.00	2.767E-189	0	292	293	0	292	293	293M
10441	6081	-1.094E+02	1.00	2.940E-48	0	73	75	0	73	75	74M
10441	10441	-1.091E+02	1.00	4.035E-48	0	74	75	0	74	75	75M
10442	1993	-4.838E+02	0.984	7.480E-211	0	389	391	23	411	413	157M1I232M
10442	6082	-4.964E+02	1.00	2.531E-216	0	389	391	0	389	391	390M
10442	10442	-4.961E+02	1.00	3.468E-216	0	390	391	0	390	391	391M
10443	1992	-1.124E+02	1.00	1.517E-49	0	77	79	0	77	79	78M
10443	6083	-1.124E+02	1.00	1.517E-49	0	77	79	0	77	79	78M
10443	10443	-1.121E+02	1.00	2.082E-49	0	78	79	0	78	79	79M
10444	1991	-3.009E+02	0.985	2.101E-131	0	202	204	0	202	204	203M
10444	6084	-3.066E+02	1.00	7.188E-134	0	202	204	0	202	204	203M
10444	10444	-3.063E+02	1.00	9.854E-134	0	203	204	0	203	204	204M
10445	1990	-2.883E+02	1.00	6.336E-126	0	202	204	0	202	204	203M
10445	6085	-2.883E+02	1.00	6.336E-126	0	202	204	0	202	204	203M
10445	10445	-2.880E+02	1.00	8.685E-126	0	203	204	0	203	204	204M
10446	1989	-2.147E+02	0.993	5.669E-94	0	150	152	0	150	152	151M
10446	6086	-2.157E+02	1.00	2.199E-94	0	150	152	0	150	152	151M
10446	10446	-2.153E+02	1.00	3.015E-94	0	151	152	0	151	152	152M
10447	1988	-7.084E+02	0.994	0.000E+00	0	537	539	0	537	539	538M
10447	6087	-7.084E+02	1.00	0.000E+00	0	537	539	0	537	539	538M
10447	10447	-7.084E+02	1.00	0.000E+00	0	538	539	0	538	539	539M
10448	1987	-7.084E+02	0.974	0.000E+00	0	1153	1155	3	1156	1158	1154M
10448	6088	-7.084E+02	1.00	0.000E+00	0	1153	1155	0	1153	1155	1154M
10448	10448	-7.084E+02	1.00	0.000E+00	0	1154	1155	0	1154	1155	1155M
10449	1986	-4.814E+02	0.990	8.171E-210	0	318	320	0	318	320	319M
10449	6089	-4.868E+02	1.00	3.850E-212	0	318	320	0	318	320	319M
10449	10449	-4.865E+02	1.00	5.276E-212	0	319	320	0	319	320	320M
10450	1985	-1.357E+02	1.00	1.219E-59	0	93	95	0	93	95	94M
10450	6090	-1.357E+02	1.00	1.219E-59	0	93	95	0	93	95	94M
10450	10450	-1.353E+02	1.00	1.672E-59	0	94	95	0	94	95	95M
10451	1984	-2.948E+02	0.986	9.516E-129	0	218	220	0	218	220	219M
10451	6091	-2.998E+02	1.00	6.127E-131	0	218	220	0	218	220	219M
10451	10451	-2.995E+02	1.00	8.398E-131	0	219	220	0	219	220	220M
10452	1983	-3.193E+02	1.00	2.172E-139	0	220	222	0	220	222	221M
10452	6092	-3.193E+02	1.00	2.172E-139	0	220	222	0	220	222	221M
10452	10452	-3.190E+02	1.00	2.977E-139	0	221	222	0	221	222	222M
10453	1982	-3.488E+02	0.995	3.186E-152	0	242	244	0	242	244	243M
10453	6093	-3.501E+02	1.00	9.026E-153	0	242	244	0	242	244	243M
10453	10453	-3.498E+02	1.00	1.237E-152	0	243	244	0	243	244	244M
10454	1981	-4.231E+02	0.989	1.769E-184	0	285	287	0	285	287	286M
10454	6094	-4.272E+02	1.00	2.939E-186	0	285	287	0	285	287	286M
10454	10454	-4.269E+02	1.00	4.028E-186	0	286	287	0	286	287	287M
10455	1980	-4.309E+02	0.993	7.349E-188	0	287	289	0	287	289	288M
10455	6095	-4.334E+02	1.00	5.903E-189	0	287	289	0	287	289	288M
10455	10455	-4.331E+02	1.00	8.091E-189	0	288	289	0	288	289	289M
10456	1979	-4.654E+02	0.987	7.360E-203	0	310	312	0	310	312	311M
10456	6096	-4.730E+02	1.00	3.818E-206	0	310	312	0	310	312	311M
10456	10456	-4.727E+02	1.00	5.232E-206	0	311	312	0	311	312	312M
10457	1978	-3.017E+02	0.966	9.107E-132	0	210	213	0	210	213	211M
10457	6097	-3.093E+02	1.00	4.700E-135	0	211	213	0	211	213	212M
10457	10457	-3.090E+02	1.00	6.443E-135	0	212	213	0	212	213	213M
10458	1977	-7.084E+02	0.984	0.000E+00	0	652	654	0	652	654	653M
10458	6098	-7.084E+02	1.00	0.000E+00	0	652	654	0	652	654	653M
10458	10458	-7.084E+02	1.00	0.000E+00	0	653	654	0	653	654	654M
10459	1976	-4.756E+02	0.996	2.927E-207	0	309	311	0	309	311	310M
10459	6099	-4.762E+02	1.00	1.558E-207	0	309	311	0	309	311	310M
10459	10459	-4.759E+02	1.00	2.135E-207	0	310	311	0	310	311	311M
10460	4341	-4.596E+02	0.990	2.433E-200	0	305	308	0	305	308	306M
10460	6100	-4.662E+02	1.00	3.248E-203	0	306	308	0	306	308	307M
10460	10460	-4.659E+02	1.00	4.452E-203	0	307	308	0	307	308	308M
10461	4340	-2.249E+02	1.00	2.129E-98	17	168	170	0	151	153	152M
10461	6101	-2.508E+02	1.00	1.231E-109	0	168	170	0	168	170	169M
10461	10461	-2.505E+02	1.00	1.688E-109	0	169	170	0	169	170	170M
10462	3219	-3.182E+02	0.973	6.680E-139	0	223	246	0	223	224	224M
10462	6102	-3.632E+02	1.00	1.759E-158	0	244	246	0	244	246	245M
10462	10462	-3.629E+02	1.00	2.411E-158	0	245	246	0	245	246	246M
10463	3220	-4.644E+02	0.980	2.054E-202	0	305	307	0	305	307	306M
10463	6103	-4.713E+02	1.00	2.000E-205	0	305	307	0	305	307	306M
10463	10463	-4.710E+02	1.00	2.741E-205	0	306	307	0	306	307	307M
10464	3221	-4.467E+02	0.989	9.560E-195	0	285	287	0	285	287	286M
10464	6104	-4.512E+02	1.00	1.158E-196	0	285	287	0	285	287	286M
10464	10464	-4.508E+02	1.00	1.587E-196	0	286	287	0	286	287	287M
10465	3222	-2.937E+02	0.971	2.746E-128	0	206	209	0	206	209	207M
10465	6105	-3.038E+02	1.00	1.136E-132	0	207	209	0	207	209	208M
10465	10465	-3.035E+02	1.00	1.558E-132	0	208	209	0	208	209	209M
10466	3223	-4.568E+02	0.996	4.292E-199	0	300	302	0	300	302	301M
10466	6106	-4.580E+02	1.00	1.217E-199	0	300	302	0	300	302	301M
10466	10466	-4.577E+02	1.00	1.667E-199	0	301	302	0	301	302	302M
10467	3224	-1.930E+02	0.993	1.530E-84	0	142	144	0	142	144	143M
10467	6107	-1.955E+02	1.00	1.224E-85	0	142	144	0	142	144	143M
10467	10467	-1.952E+02	1.00	1.678E-85	0	143	144	0	143	144	144M
10468	3225	-3.246E+02	0.991	1.085E-141	0	228	230	0	228	230	229M
10468	6108	-3.268E+02	1.00	1.193E-142	0	228	230	0	228	230	229M
10468	10468	-3.265E+02	1.00	1.636E-142	0	229	230	0	229	230	230M
10469	3226	-7.084E+02	0.989	0.000E+00	0	495	497	0	495	497	496M
10469	6109	-7.084E+02	1.00	0.000E+00	0	495	497	0	495	497	496M
10469	10469	-7.084E+02	1.00	0.000E+00	0	496	497	0	496	497	497M
10470	3227	-3.153E+02	0.957	1.120E-137	0	210	212	0	210	212	211M
10470	6110	-3.276E+02	1.00	5.092E-143	0	210	212	0	210	212	211M
10470	10470	-3.273E+02	1.00	6.980E-143	0	211	212	0	211	212	212M
10471	3228	-2.908E+02	0.979	5.242E-127	0	196	198	0	196	198	197M
10471	6111	-2.968E+02	1.00	1.308E-129	0	196	198	0	196	198	197M
10471	10471	-2.964E+02	1.00	1.793E-129	0	197	198	0	197	198	198M
10472	3229	-5.485E+02	0.974	6.254E-239	0	394	396	0	394	396	395M
10472	6112	-5.620E+02	1.00	8.193E-245	0	394	396	0	394	396	395M
10472	10472	-5.617E+02	1.00	1.123E-244	0	395	396	0	395	396	396M
10473	2670	-7.084E+02	0.987	0.000E+00	0	558	560	0	558	560	559M
10473	6113	-7.084E+02	1.00	0.000E+00	0	558	560	0	558	560	559M
10473	10473	-7.084E+02	1.00	0.000E+00	0	559	560	0	559	560	560M
10474	2671	-4.133E+02	0.969	3.286E-180	0	293	295	0	293	295	294M
10474	6114	-4.268E+02	1.00	4.276E-186	0	293	295	0	293	295	294M
10474	10474	-4.265E+02	1.00	5.860E-186	0	294	295	0	294	295	295M
10475	2672	-1.420E+02	0.989	2.039E-62	0	98	100	0	98	100	99M
10475	6115	-1.433E+02	1.00	5.757E-63	0	98	100	0	98	100	99M
10475	10475	-1.430E+02	1.00	7.898E-63	0	99	100	0	99	100	100M
10476	2673	-3.983E+02	0.978	1.002E-173	0	281	284	0	281	284	282M
10476	6116	-4.078E+02	1.00	7.842E-178	0	282	284	0	282	284	283M
10476	10476	-4.075E+02	1.00	1.075E-177	0	283	284	0	283	284	284M
10477	2674	-3.896E+02	0.970	6.434E-170	0	273	276	0	273	276	274M
10477	6117	-4.009E+02	1.00	7.590E-175	0	274	276	0	274	276	275M
10477	10477	-4.006E+02	1.00	1.040E-174	0	275	276	0	275	276	276M
10478	2675	-2.780E+02	0.935	1.823E-121	0	199	201	0	199	201	200M
10478	6118	-2.982E+02	1.00	3.115E-130	0	199	201	0	199	201	200M
10478	10478	-2.979E+02	1.00	4.270E-130	0	200	201	0	200	201	201M
10479	2676	-4.320E+02	0.948	2.482E-188	0	311	313	0	311	313	312M
10479	6119	-4.562E+02	1.00	7.186E-199	0	311	313	0	311	313	312M
10479	10479	-4.559E+02	1.00	9.849E-199	0	312	313	0	312	313	313M
10480	2677	-1.875E+02	1.00	3.714E-82	0	138	140	0	138	140	139M
10480	6120	-1.875E+02	1.00	3.714E-82	0	138	140	0	138	140	139M
10480	10480	-1.872E+02	1.00	5.093E-82	0	139	140	0	139	140	140M
10481	2678	-3.587E+02	1.00	1.618E-156	0	253	255	0	253	255	254M
10481	6121	-3.587E+02	1.00	1.618E-156	0	253	255	0	253	255	254M
10481	10481	-3.584E+02	1.00	2.217E-156	0	254	255	0	254	255	255M
10482	2679	-4.411E+02	0.993	2.637E-192	0	304	306	0	304	306	305M
10482	6122	-4.436E+02	1.00	2.119E-193	0	304	306	0	304	306	305M
10482	10482	-4.433E+02	1.00	2.904E-193	0	305	306	0	305	306	306M
10483	2680	-7.204E+02	0.987	1.404E-313	0	471	473	0	471	473	472M
10483	6123	-7.279E+02	1.00	7.312E-317	0	471	473	0	471	473	472M
10483	10483	-7.276E+02	1.00	1.002E-316	0	472	473	0	472	473	473M
10484	2681	-4.949E+01	1.00	3.213E-22	0	43	45	0	43	45	44M
10484	6124	-4.949E+01	1.00	3.213E-22	0	43	45	0	43	45	44M
10484	10484	-4.917E+01	1.00	4.415E-22	0	44	45	0	44	45	45M
10485	2682	-5.107E+02	1.00	1.641E-222	0	333	335	0	333	335	334M
10485	6125	-5.107E+02	1.00	1.641E-222	0	333	335	0	333	335	334M
10485	10485	-5.104E+02	1.00	2.249E-222	0	334	335	0	334	335	335M
10486	2683	-7.084E+02	0.997	0.000E+00	0	480	482	0	480	482	481M
10486	6126	-7.084E+02	1.00	0.000E+00	0	480	482	0	480	482	481M
10486	10486	-7.084E+02	1.00	0.000E+00	0	481	482	0	481	482	482M
10487	1323	-7.084E+02	0.997	0.000E+00	0	922	924	0	922	924	923M
10487	6279	-7.084E+02	1.00	0.000E+00	0	922	924	0	922	924	923M
10487	10487	-7.084E+02	1.00	0.000E+00	0	923	924	0	923	924	924M
10488	1324	-2.520E+02	0.994	3.492E-110	0	188	190	0	188	190	189M
10488	6280	-2.523E+02	1.00	2.547E-110	0	188	190	0	188	190	189M
10488	10488	-2.520E+02	1.00	3.492E-110	0	189	190	0	189	190	190M
10489	1325	-3.763E+02	1.00	3.784E-164	0	275	277	0	275	277	276M
10489	6281	-3.763E+02	1.00	3.784E-164	0	275	277	0	275	277	276M
10489	10489	-3.760E+02	1.00	5.186E-164	0	276	277	0	276	277	277M
10490	1326	-6.513E+02	0.978	1.434E-283	0	426	428	0	426	428	427M
10490	6282	-6.651E+02	1.00	1.368E-289	0	426	428	0	426	428	427M
10490	10490	-6.648E+02	1.00	1.875E-289	0	427	428	0	427	428	428M
10491	1327	-4.070E+02	0.996	1.731E-177	0	272	274	0	272	274	273M
10491	6283	-4.080E+02	1.00	6.724E-178	0	272	274	0	272	274	273M
10491	10491	-4.076E+02	1.00	9.215E-178	0	273	274	0	273	274	274M
10492	1328	-7.084E+02	1.00	0.000E+00	0	505	507	0	505	507	506M
10492	6284	-7.084E+02	1.00	0.000E+00	0	505	507	0	505	507	506M
10492	10492	-7.084E+02	1.00	0.000E+00	0	506	507	0	506	507	507M
10493	1329	-1.552E+02	1.00	3.965E-68	0	107	109	0	107	109	108M
10493	6285	-1.552E+02	1.00	3.965E-68	0	107	109	0	107	109	108M
10493	10493	-1.549E+02	1.00	5.438E-68	0	108	109	0	108	109	109M
10494	1330	-6.269E+02	1.00	5.334E-273	0	421	423	0	421	423	422M
10494	6286	-6.269E+02	1.00	5.334E-273	0	421	423	0	421	423	422M
10494	10494	-6.266E+02	1.00	7.309E-273	0	422	423	0	422	423	423M
10495	1331	-5.684E+01	0.891	2.069E-25	0	80	82	0	82	84	74M2D7M
10495	6287	-7.015E+01	1.00	3.421E-31	0	80	82	0	80	82	81M
10495	10495	-6.983E+01	1.00	4.697E-31	0	81	82	0	81	82	82M
10496	1332	-1.351E+02	1.00	2.035E-59	0	97	99	0	97	99	98M
10496	6288	-1.351E+02	1.00	2.035E-59	0	97	99	0	97	99	98M
10496	10496	-1.348E+02	1.00	2.792E-59	0	98	99	0	98	99	99M
10497	1333	-7.084E+02	0.996	0.000E+00	0	792	794	0	792	794	793M
10497	6289	-7.084E+02	1.00	0.000E+00	0	792	794	0	792	794	793M
10497	10497	-7.084E+02	1.00	0.000E+00	0	793	794	0	793	794	794M
10498	1334	-4.940E+02	0.996	2.774E-215	0	325	327	0	325	327	326M
10498	6290	-4.953E+02	1.00	7.863E-216	0	325	327	0	325	327	326M
10498	10498	-4.950E+02	1.00	1.078E-215	0	326	327	0	326	327	327M
10499	6291	-5.142E+02	1.00	4.889E-224	0	332	334	0	332	334	333M
10499	10499	-5.139E+02	1.00	6.700E-224	0	333	334	0	333	334	334M
10500	800	-2.528E+02	1.00	1.684E-110	0	166	168	0	166	168	167M
10500	6292	-2.528E+02	1.00	1.684E-110	0	166	168	0	166	168	167M
10500	10500	-2.524E+02	1.00	2.309E-110	0	167	168	0	167	168	168M
10501	799	-2.737E+02	0.956	1.394E-119	0	184	186	0	184	186	185M
10501	6293	-2.860E+02	1.00	6.315E-125	0	184	186	0	184	186	185M
10501	10501	-2.857E+02	1.00	8.658E-125	0	185	186	0	185	186	186M
10502	798	-1.572E+02	1.00	5.398E-69	0	118	120	0	118	120	119M
10502	6294	-1.572E+02	1.00	5.398E-69	0	118	120	0	118	120	119M
10502	10502	-1.569E+02	1.00	7.404E-69	0	119	120	0	119	120	120M
10503	797	-8.082E+01	1.00	7.972E-36	0	63	65	0	63	65	64M
10503	6295	-8.082E+01	1.00	7.972E-36	0	63	65	0	63	65	64M
10503	10503	-8.050E+01	1.00	1.094E-35	0	64	65	0	64	65	65M
10504	796	-6.269E+02	0.995	5.528E-273	0	415	417	0	415	417	416M
10504	6296	-6.288E+02	1.00	8.349E-274	0	415	417	0	415	417	416M
10504	10504	-6.285E+02	1.00	1.144E-273	0	416	417	0	416	417	417M
10505	795	-2.016E+02	0.964	2.895E-88	0	141	143	0	141	143	142M
10505	6297	-2.069E+02	1.00	1.351E-90	0	141	143	0	141	143	142M
10505	10505	-2.066E+02	1.00	1.853E-90	0	142	143	0	142	143	143M
10506	794	-3.228E+02	0.995	6.240E-141	0	205	207	0	205	207	206M
10506	6298	-3.247E+02	1.00	9.403E-142	0	205	207	0	205	207	206M
10506	10506	-3.244E+02	1.00	1.289E-141	0	206	207	0	206	207	207M
10507	793	-1.376E+02	0.990	1.748E-60	0	105	107	6	111	113	106M
10507	6299	-1.385E+02	1.00	6.772E-61	0	105	107	0	105	107	106M
10507	10507	-1.382E+02	1.00	9.289E-61	0	106	107	0	106	107	107M
10508	792	-7.084E+02	1.00	0.000E+00	0	639	641	0	639	641	640M
10508	6300	-7.084E+02	1.00	0.000E+00	0	639	641	0	639	641	640M
10508	10508	-7.084E+02	1.00	0.000E+00	0	640	641	0	640	641	641M
10509	791	-7.084E+02	0.996	0.000E+00	0	541	543	0	541	543	542M
10509	6301	-7.084E+02	1.00	0.000E+00	0	541	543	0	541	543	542M
10509	10509	-7.084E+02	1.00	0.000E+00	0	542	543	0	542	543	543M
10510	790	-2.453E+02	1.00	2.943E-107	0	177	179	0	177	179	178M
10510	6302	-2.453E+02	1.00	2.943E-107	0	177	179	0	177	179	178M
10510	10510	-2.450E+02	1.00	4.035E-107	0	178	179	0	178	179	179M
10511	789	-1.419E+02	1.00	2.480E-62	0	102	104	0	102	104	103M
10511	6303	-1.419E+02	1.00	2.480E-62	0	102	104	0	102	104	103M
10511	10511	-1.415E+02	1.00	3.402E-62	0	103	104	0	103	104	104M
10512	788	-4.415E+02	1.00	1.763E-192	0	282	284	0	282	284	283M
10512	6304	-4.415E+02	1.00	1.763E-192	0	282	284	0	282	284	283M
10512	10512	-4.412E+02	1.00	2.417E-192	0	283	284	0	283	284	284M
10513	787	-4.236E+02	0.996	1.070E-184	0	281	283	0	281	283	282M
10513	6305	-4.239E+02	1.00	7.806E-185	0	281	283	0	281	283	282M
10513	10513	-4.236E+02	1.00	1.070E-184	0	282	283	0	282	283	283M
10514	786	-3.996E+02	1.00	2.770E-174	0	268	270	0	268	270	269M
10514	6306	-3.996E+02	1.00	2.770E-174	0	268	270	0	268	270	269M
10514	10514	-3.993E+02	1.00	3.796E-174	0	269	270	0	269	270	270M
10515	785	-2.304E+02	0.987	8.898E-101	0	159	161	0	159	161	160M
10515	6307	-2.338E+02	1.00	2.764E-102	0	159	161	0	159	161	160M
10515	10515	-2.335E+02	1.00	3.790E-102	0	160	161	0	160	161	161M
10516	784	-7.338E+02	0.993	1.970E-319	0	486	488	0	486	488	487M
10516	6308	-7.373E+02	1.00	6.161E-321	0	486	488	0	486	488	487M
10516	10516	-7.370E+02	1.00	8.439E-321	0	487	488	0	487	488	488M
10517	783	-1.851E+02	0.955	4.022E-81	0	135	137	0	135	137	136M
10517	6309	-1.930E+02	1.00	1.500E-84	0	135	137	0	135	137	136M
10517	10517	-1.927E+02	1.00	2.057E-84	0	136	137	0	136	137	137M
10518	782	-3.814E+02	0.992	2.304E-166	0	267	269	0	267	269	268M
10518	6310	-3.842E+02	1.00	1.350E-167	0	267	269	0	267	269	268M
10518	10518	-3.839E+02	1.00	1.850E-167	0	268	269	0	268	269	269M
10519	781	-3.857E+02	0.992	3.128E-168	0	256	258	0	256	258	257M
10519	6311	-3.885E+02	1.00	1.832E-169	0	256	258	0	256	258	257M
10519	10519	-3.882E+02	1.00	2.511E-169	0	257	258	0	257	258	258M
10520	780	-7.084E+02	1.00	0.000E+00	0	767	769	0	767	769	768M
10520	6312	-7.084E+02	1.00	0.000E+00	0	767	769	0	767	769	768M
10520	10520	-7.084E+02	1.00	0.000E+00	0	768	769	0	768	769	769M
10521	779	-7.117E+02	0.991	8.565E-310	0	462	464	0	462	464	463M
10521	6313	-7.211E+02	1.00	6.735E-314	0	462	464	0	462	464	463M
10521	10521	-7.208E+02	1.00	9.229E-314	0	463	464	0	463	464	464M
10522	778	-4.332E+02	0.988	7.147E-189	0	271	273	0	271	273	272M
10522	6314	-4.367E+02	1.00	2.229E-190	0	271	273	0	271	273	272M
10522	10522	-4.364E+02	1.00	3.055E-190	0	272	273	0	272	273	273M
10523	777	-4.667E+02	1.00	2.058E-203	0	303	305	0	303	305	304M
10523	6315	-4.667E+02	1.00	2.058E-203	0	303	305	0	303	305	304M
10523	10523	-4.664E+02	1.00	2.821E-203	0	304	305	0	304	305	305M
10524	776	-7.084E+02	1.00	0.000E+00	0	934	936	0	934	936	935M
10524	6316	-7.084E+02	1.00	0.000E+00	0	934	936	0	934	936	935M
10524	10524	-7.084E+02	1.00	0.000E+00	0	935	936	0	935	936	936M
10525	775	-3.867E+02	0.992	1.121E-168	0	261	263	0	261	263	262M
10525	6317	-3.886E+02	1.00	1.692E-169	0	261	263	0	261	263	262M
10525	10525	-3.883E+02	1.00	2.318E-169	0	262	263	0	262	263	263M
10526	774	-4.126E+02	0.993	6.394E-180	0	287	289	0	287	289	288M
10526	6318	-4.142E+02	1.00	1.322E-180	0	287	289	0	287	289	288M
10526	10526	-4.139E+02	1.00	1.812E-180	0	288	289	0	288	289	289M
10527	773	-4.077E+02	0.992	8.265E-178	0	263	265	0	263	265	264M
10527	6319	-4.106E+02	1.00	4.841E-179	0	263	265	0	263	265	264M
10527	10527	-4.103E+02	1.00	6.636E-179	0	264	265	0	264	265	265M
10528	772	-1.868E+02	1.00	7.181E-82	0	132	134	0	132	134	133M
10528	6320	-1.868E+02	1.00	7.181E-82	0	132	134	0	132	134	133M
10528	10528	-1.865E+02	1.00	9.847E-82	0	133	134	0	133	134	134M
10529	771	-4.073E+02	0.992	1.263E-177	0	272	274	0	272	274	273M
10529	6321	-4.105E+02	1.00	5.400E-179	0	272	274	0	272	274	273M
10529	10529	-4.102E+02	1.00	7.401E-179	0	273	274	0	273	274	274M
10530	770	-7.208E+02	1.00	9.533E-314	0	483	485	0	483	485	484M
10530	6322	-7.208E+02	1.00	9.533E-314	0	483	485	0	483	485	484M
10530	10530	-7.204E+02	1.00	1.306E-313	0	484	485	0	484	485	485M
10531	769	-1.323E+02	1.00	3.421E-58	0	103	105	0	103	105	104M
10531	6323	-1.323E+02	1.00	3.421E-58	0	103	105	0	103	105	104M
10531	10531	-1.320E+02	1.00	4.693E-58	0	104	105	0	104	105	105M
10532	768	-5.415E+02	1.00	6.519E-236	0	374	376	0	374	376	375M
10532	6324	-5.415E+02	1.00	6.519E-236	0	374	376	0	374	376	375M
10532	10532	-5.412E+02	1.00	8.934E-236	0	375	376	0	375	376	376M
10533	767	-4.526E+02	0.990	2.617E-197	0	307	309	0	307	309	308M
10533	6325	-4.583E+02	1.00	8.995E-200	0	307	309	0	307	309	308M
10533	10533	-4.580E+02	1.00	1.233E-199	0	308	309	0	308	309	309M
10534	766	-1.918E+02	0.992	5.054E-84	0	134	136	0	134	136	135M
10534	6326	-1.934E+02	1.00	1.042E-84	0	134	136	0	134	136	135M
10534	10534	-1.931E+02	1.00	1.429E-84	0	135	136	0	135	136	136M
10535	765	-5.731E+02	0.994	1.273E-249	0	393	395	0	393	395	394M
10535	6327	-5.759E+02	1.00	7.471E-251	0	393	395	0	393	395	394M
10535	10535	-5.756E+02	1.00	1.024E-250	0	394	395	0	394	395	395M
10536	764	-5.204E+02	0.994	9.380E-227	0	333	335	0	333	335	334M
10536	6328	-5.239E+02	1.00	2.928E-228	0	333	335	0	333	335	334M
10536	10536	-5.236E+02	1.00	4.013E-228	0	334	335	0	334	335	335M
10537	763	-2.583E+02	1.00	6.324E-113	0	168	170	0	168	170	169M
10537	6329	-2.583E+02	1.00	6.324E-113	0	168	170	0	168	170	169M
10537	10537	-2.580E+02	1.00	8.671E-113	0	169	170	0	169	170	170M
10538	762	-4.324E+02	0.996	1.691E-188	0	296	298	0	296	298	297M
10538	6330	-4.343E+02	1.00	2.552E-189	0	296	298	0	296	298	297M
10538	10538	-4.339E+02	1.00	3.497E-189	0	297	298	0	297	298	298M
10539	6331	-3.814E+02	1.00	2.243E-166	0	253	255	0	253	255	254M
10539	10539	-3.811E+02	1.00	3.074E-166	0	254	255	0	254	255	255M
10540	6332	-2.261E+02	1.00	6.398E-99	0	156	158	0	156	158	157M
10540	10540	-2.258E+02	1.00	8.772E-99	0	157	158	0	157	158	158M
10541	3336	-7.084E+02	0.998	0.000E+00	0	917	919	0	917	919	918M
10541	6333	-7.084E+02	1.00	0.000E+00	0	917	919	0	917	919	918M
10541	10541	-7.084E+02	1.00	0.000E+00	0	918	919	0	918	919	919M
10542	3337	-4.128E+02	0.992	5.160E-180	0	269	271	0	269	271	270M
10542	6334	-4.144E+02	1.00	1.067E-180	0	269	271	0	269	271	270M
10542	10542	-4.141E+02	1.00	1.462E-180	0	270	271	0	270	271	271M
10543	3338	-4.429E+02	0.987	4.419E-193	0	313	315	0	313	315	314M
10543	6335	-4.476E+02	1.00	3.912E-195	0	313	315	0	313	315	314M
10543	10543	-4.473E+02	1.00	5.361E-195	0	314	315	0	314	315	315M
10544	3339	-4.108E+02	0.989	3.993E-179	0	279	281	0	279	281	280M
10544	6336	-4.158E+02	1.00	2.576E-181	0	279	281	0	279	281	280M
10544	10544	-4.155E+02	1.00	3.531E-181	0	280	281	0	280	281	281M
10545	3340	-7.084E+02	1.00	0.000E+00	0	529	531	0	529	531	530M
10545	6337	-7.084E+02	1.00	0.000E+00	0	529	531	0	529	531	530M
10545	10545	-7.084E+02	1.00	0.000E+00	0	530	531	0	530	531	531M
10546	3341	-4.404E+02	0.993	5.482E-192	0	286	288	0	286	288	287M
10546	6338	-4.442E+02	1.00	1.248E-193	0	286	288	0	286	288	287M
10546	10546	-4.439E+02	1.00	1.710E-193	0	287	288	0	287	288	288M
10547	3342	-2.256E+02	0.969	1.083E-98	0	161	196	0	161	179	162M
10547	6339	-2.871E+02	1.00	2.100E-125	0	194	196	0	194	196	195M
10547	10547	-2.868E+02	1.00	2.879E-125	0	195	196	0	195	196	196M
10548	3908	-1.484E+02	0.586	3.650E-65	4	182	188	4	182	184	179M
10548	6340	-2.771E+02	1.00	4.768E-121	0	186	188	0	186	188	187M
10548	10548	-2.767E+02	1.00	6.536E-121	0	187	188	0	187	188	188M
10549	6341	-7.084E+02	1.00	0.000E+00	0	683	685	0	683	685	684M
10549	10549	-7.084E+02	1.00	0.000E+00	0	684	685	0	684	685	685M
10550	4067	-5.089E+02	1.00	9.568E-222	0	337	339	0	337	339	338M
10550	6342	-5.089E+02	1.00	9.568E-222	0	337	339	0	337	339	338M
10550	10550	-5.086E+02	1.00	1.311E-221	0	338	339	0	338	339	339M
10551	4066	-2.249E+02	1.00	2.196E-98	0	162	164	0	162	164	163M
10551	6343	-2.249E+02	1.00	2.196E-98	0	162	164	0	162	164	163M
10551	10551	-2.246E+02	1.00	3.010E-98	0	163	164	0	163	164	164M
10552	4065	-7.084E+02	1.00	0.000E+00	0	573	575	0	573	575	574M
10552	6344	-7.084E+02	1.00	0.000E+00	0	573	575	0	573	575	574M
10552	10552	-7.084E+02	1.00	0.000E+00	0	574	575	0	574	575	575M
10553	714	-1.384E+02	0.945	7.832E-61	0	108	110	0	110	112	78M2D31M
10553	6345	-1.495E+02	1.00	1.230E-65	0	108	110	0	108	110	109M
10553	10553	-1.491E+02	1.00	1.687E-65	0	109	110	0	109	110	110M
10554	713	-7.084E+02	0.997	0.000E+00	0	873	875	0	873	875	874M
10554	6346	-7.084E+02	1.00	0.000E+00	0	873	875	0	873	875	874M
10554	10554	-7.084E+02	1.00	0.000E+00	0	874	875	0	874	875	875M
10555	712	-2.400E+02	1.00	5.622E-105	0	168	170	0	168	170	169M
10555	6347	-2.400E+02	1.00	5.622E-105	0	168	170	0	168	170	169M
10555	10555	-2.397E+02	1.00	7.707E-105	0	169	170	0	169	170	170M
10556	711	-4.967E+02	1.00	1.872E-216	0	328	330	0	328	330	329M
10556	6348	-4.967E+02	1.00	1.872E-216	0	328	330	0	328	330	329M
10556	10556	-4.964E+02	1.00	2.566E-216	0	329	330	0	329	330	330M
10557	710	-4.967E+02	0.997	1.866E-216	0	367	447	0	367	369	368M
10557	6349	-6.129E+02	1.00	6.574E-267	0	445	447	0	445	447	446M
10557	10557	-6.126E+02	1.00	9.007E-267	0	446	447	0	446	447	447M
10558	6350	-7.084E+02	1.00	0.000E+00	0	663	665	0	663	665	664M
10558	10558	-7.084E+02	1.00	0.000E+00	0	664	665	0	664	665	665M
10559	707	-6.522E+02	0.993	5.629E-284	0	467	469	0	467	469	468M
10559	6351	-6.566E+02	1.00	6.848E-286	0	467	469	0	467	469	468M
10559	10559	-6.563E+02	1.00	9.383E-286	0	468	469	0	468	469	469M
10560	706	-3.975E+02	1.00	2.291E-173	0	266	268	0	266	268	267M
10560	6352	-3.975E+02	1.00	2.291E-173	0	266	268	0	266	268	267M
10560	10560	-3.972E+02	1.00	3.139E-173	0	267	268	0	267	268	268M
10561	705	-3.375E+02	1.00	2.707E-147	0	242	244	0	242	244	243M
10561	6353	-3.375E+02	1.00	2.707E-147	0	242	244	0	242	244	243M
10561	10561	-3.372E+02	1.00	3.711E-147	0	243	244	0	243	244	244M
10562	704	-2.843E+02	1.00	3.529E-124	0	187	189	0	187	189	188M
10562	6354	-2.843E+02	1.00	3.529E-124	0	187	189	0	187	189	188M
10562	10562	-2.839E+02	1.00	4.838E-124	0	188	189	0	188	189	189M
10563	703	-5.344E+02	0.997	8.059E-233	0	351	353	0	351	353	352M
10563	6355	-5.354E+02	1.00	3.131E-233	0	351	353	0	351	353	352M
10563	10563	-5.350E+02	1.00	4.291E-233	0	352	353	0	352	353	353M
10564	702	-2.078E+02	1.00	5.925E-91	0	137	139	0	137	139	138M
10564	6356	-2.078E+02	1.00	5.925E-91	0	137	139	0	137	139	138M
10564	10564	-2.074E+02	1.00	8.124E-91	0	138	139	0	138	139	139M
10565	701	-1.190E+02	1.00	2.040E-52	0	84	86	0	84	86	85M
10565	6357	-1.190E+02	1.00	2.040E-52	0	84	86	0	84	86	85M
10565	10565	-1.187E+02	1.00	2.799E-52	0	85	86	0	85	86	86M
10566	700	-2.197E+02	1.00	3.809E-96	0	151	153	0	151	153	152M
10566	6358	-2.197E+02	1.00	3.809E-96	0	151	153	0	151	153	152M
10566	10566	-2.194E+02	1.00	5.223E-96	0	152	153	0	152	153	153M
10567	699	-2.772E+02	0.821	4.237E-121	0	217	219	0	217	219	218M
10567	6359	-3.314E+02	1.00	1.177E-144	0	217	219	0	217	219	218M
10567	10567	-3.311E+02	1.00	1.613E-144	0	218	219	0	218	219	219M
10568	6360	-2.049E+02	1.00	9.887E-90	0	143	145	0	143	145	144M
10568	10568	-2.046E+02	1.00	1.356E-89	0	144	145	0	144	145	145M
10569	959	-1.664E+02	0.373	5.170E-73	0	404	409	0	405	410	41M1I15M2I148M1D84M1D30M3D52M1I31M
10569	6361	-6.162E+02	1.00	2.341E-268	0	407	409	0	407	409	408M
10569	10569	-6.159E+02	1.00	3.208E-268	0	408	409	0	408	409	409M
10570	3207	-9.467E+01	0.373	7.678E-42	5	239	242	8	240	245	30M1I8M3I83M1I59M3D50M
10570	6362	-3.483E+02	1.00	5.448E-152	0	240	242	0	240	242	241M
10570	10570	-3.480E+02	1.00	7.467E-152	0	241	242	0	241	242	242M
10571	6363	-2.133E+02	1.00	2.330E-93	0	140	142	0	140	142	141M
10571	10571	-2.130E+02	1.00	3.195E-93	0	141	142	0	141	142	142M
10572	6364	-6.103E+02	1.00	8.788E-266	0	399	401	0	399	401	400M
10572	10572	-6.100E+02	1.00	1.204E-265	0	400	401	0	400	401	401M
10573	6365	-2.597E+02	1.00	1.688E-113	0	180	182	0	180	182	181M
10573	10573	-2.594E+02	1.00	2.315E-113	0	181	182	0	181	182	182M
10574	6366	-6.668E+02	1.00	2.491E-290	0	430	432	0	430	432	431M
10574	10574	-6.665E+02	1.00	3.413E-290	0	431	432	0	431	432	432M
10575	6367	-7.084E+02	1.00	0.000E+00	0	770	772	0	770	772	771M
10575	10575	-7.084E+02	1.00	0.000E+00	0	771	772	0	771	772	772M
10576	6368	-2.990E+02	1.00	1.351E-130	0	208	210	0	208	210	209M
10576	10576	-2.987E+02	1.00	1.852E-130	0	209	210	0	209	210	210M
10577	6369	-2.202E+02	1.00	2.354E-96	0	141	143	0	141	143	142M
10577	10577	-2.199E+02	1.00	3.228E-96	0	142	143	0	142	143	143M
10578	6370	-7.084E+02	1.00	0.000E+00	0	510	512	0	510	512	511M
10578	10578	-7.084E+02	1.00	0.000E+00	0	511	512	0	511	512	512M
10579	6371	-4.886E+02	1.00	6.503E-213	0	307	309	0	307	309	308M
10579	10579	-4.883E+02	1.00	8.913E-213	0	308	309	0	308	309	309M
10580	6372	-3.903E+02	1.00	3.085E-170	0	245	247	0	245	247	246M
10580	10580	-3.900E+02	1.00	4.228E-170	0	246	247	0	246	247	247M
10581	6373	-7.084E+02	1.00	0.000E+00	0	551	553	0	551	553	552M
10581	10581	-7.084E+02	1.00	0.000E+00	0	552	553	0	552	553	553M
10582	6374	-2.762E+02	1.00	1.065E-120	0	183	185	0	183	185	184M
10582	10582	-2.759E+02	1.00	1.460E-120	0	184	185	0	184	185	185M
10583	6375	-1.062E+02	1.00	7.564E-47	0	81	83	0	81	83	82M
10583	10583	-1.059E+02	1.00	1.038E-46	0	82	83	0	82	83	83M
10584	6376	-1.101E+02	1.00	1.507E-48	0	85	87	0	85	87	86M
10584	10584	-1.098E+02	1.00	2.068E-48	0	86	87	0	86	87	87M
10585	6377	-3.999E+02	1.00	2.189E-174	0	263	265	0	263	265	264M
10585	10585	-3.996E+02	1.00	3.000E-174	0	264	265	0	264	265	265M
10586	6378	-3.116E+02	1.00	4.847E-136	0	203	205	0	203	205	204M
10586	10586	-3.113E+02	1.00	6.644E-136	0	204	205	0	204	205	205M
10587	698	-7.070E+02	1.00	9.318E-308	0	468	470	0	468	470	469M
10587	6379	-7.070E+02	1.00	9.318E-308	0	468	470	0	468	470	469M
10587	10587	-7.066E+02	1.00	1.277E-307	0	469	470	0	469	470	470M
10588	697	-5.649E+02	1.00	4.712E-246	0	380	382	0	380	382	381M
10588	6380	-5.649E+02	1.00	4.712E-246	0	380	382	0	380	382	381M
10588	10588	-5.646E+02	1.00	6.458E-246	0	381	382	0	381	382	382M
10589	696	-3.216E+02	1.00	2.133E-140	0	231	233	0	231	233	232M
10589	6381	-3.216E+02	1.00	2.133E-140	0	231	233	0	231	233	232M
10589	10589	-3.213E+02	1.00	2.924E-140	0	232	233	0	232	233	233M
10590	695	-6.319E+02	0.974	3.653E-275	0	429	431	0	429	431	430M
10590	6382	-6.461E+02	1.00	2.548E-281	0	429	431	0	429	431	430M
10590	10590	-6.458E+02	1.00	3.491E-281	0	430	431	0	430	431	431M
10591	694	-5.505E+02	1.00	7.981E-240	0	370	372	0	370	372	371M
10591	6383	-5.505E+02	1.00	7.981E-240	0	370	372	0	370	372	371M
10591	10591	-5.502E+02	1.00	1.094E-239	0	371	372	0	371	372	372M
10592	693	-3.823E+02	0.988	9.703E-167	0	262	264	0	262	264	263M
10592	6384	-3.876E+02	1.00	4.565E-169	0	262	264	0	262	264	263M
10592	10592	-3.873E+02	1.00	6.257E-169	0	263	264	0	263	264	264M
10593	692	-3.872E+02	1.00	7.203E-169	0	265	267	0	265	267	266M
10593	6385	-3.755E+02	1.00	8.374E-164	8	265	267	0	257	259	258M
10593	10593	-3.868E+02	1.00	9.873E-169	0	266	267	0	266	267	267M
10594	691	-6.240E+02	1.00	9.756E-272	0	409	411	0	409	411	410M
10594	6386	-6.240E+02	1.00	9.756E-272	0	409	411	0	409	411	410M
10594	10594	-6.237E+02	1.00	1.337E-271	0	410	411	0	410	411	411M
10595	690	-2.056E+02	1.00	5.012E-90	0	142	144	0	142	144	143M
10595	6387	-2.056E+02	1.00	5.012E-90	0	142	144	0	142	144	143M
10595	10595	-2.053E+02	1.00	6.873E-90	0	143	144	0	143	144	144M
10596	689	-9.877E+01	1.00	1.272E-43	0	65	67	0	65	67	66M
10596	6388	-9.877E+01	1.00	1.272E-43	0	65	67	0	65	67	66M
10596	10596	-9.845E+01	1.00	1.746E-43	0	66	67	0	66	67	67M
10597	688	-2.608E+02	0.994	5.255E-114	0	182	184	0	182	184	183M
10597	6389	-2.621E+02	1.00	1.488E-114	0	182	184	0	182	184	183M
10597	10597	-2.618E+02	1.00	2.040E-114	0	183	184	0	183	184	184M
10598	687	-6.619E+02	0.995	3.347E-288	0	427	429	0	427	429	428M
10598	6390	-6.651E+02	1.00	1.434E-289	0	427	429	0	427	429	428M
10598	10598	-6.648E+02	1.00	1.965E-289	0	428	429	0	428	429	429M
10599	686	-7.084E+02	0.998	0.000E+00	0	726	728	0	726	728	727M
10599	6391	-7.084E+02	1.00	0.000E+00	0	726	728	0	726	728	727M
10599	10599	-7.084E+02	1.00	0.000E+00	0	727	728	0	727	728	728M
10600	685	-5.111E+02	1.00	1.104E-222	0	338	340	0	338	340	339M
10600	6392	-5.111E+02	1.00	1.104E-222	0	338	340	0	338	340	339M
10600	10600	-5.108E+02	1.00	1.514E-222	0	339	340	0	339	340	340M
10601	684	-4.269E+02	0.975	4.164E-186	0	279	281	0	279	281	280M
10601	6393	-4.363E+02	1.00	3.253E-190	0	279	281	0	279	281	280M
10601	10601	-4.360E+02	1.00	4.459E-190	0	280	281	0	280	281	281M
10602	683	-6.656E+02	0.988	8.480E-290	0	436	438	0	436	438	437M
10602	6394	-6.741E+02	1.00	1.715E-293	0	436	438	0	436	438	437M
10602	10602	-6.738E+02	1.00	2.350E-293	0	437	438	0	437	438	438M
10603	682	-6.254E+02	0.995	2.460E-272	0	420	422	0	420	422	421M
10603	6395	-6.279E+02	1.00	1.979E-273	0	420	422	0	420	422	421M
10603	10603	-6.276E+02	1.00	2.711E-273	0	421	422	0	421	422	422M
10604	681	-7.084E+02	1.00	0.000E+00	0	541	543	0	541	543	542M
10604	6396	-7.084E+02	1.00	0.000E+00	0	541	543	0	541	543	542M
10604	10604	-7.084E+02	1.00	0.000E+00	0	542	543	0	542	543	543M
10605	680	-2.479E+02	0.994	2.210E-108	0	169	171	0	169	171	170M
10605	6397	-2.495E+02	1.00	4.562E-109	0	169	171	0	169	171	170M
10605	10605	-2.491E+02	1.00	6.254E-109	0	170	171	0	170	171	171M
10606	679	-6.470E+02	1.00	1.068E-281	0	451	453	0	451	453	452M
10606	6398	-6.470E+02	1.00	1.068E-281	0	451	453	0	451	453	452M
10606	10606	-6.466E+02	1.00	1.464E-281	0	452	453	0	452	453	453M
10607	678	-3.064E+02	1.00	8.288E-134	0	205	207	0	205	207	206M
10607	6399	-3.064E+02	1.00	8.288E-134	0	205	207	0	205	207	206M
10607	10607	-3.061E+02	1.00	1.136E-133	0	206	207	0	206	207	207M
10608	677	-7.084E+02	0.996	0.000E+00	0	616	618	0	616	618	617M
10608	6400	-7.084E+02	1.00	0.000E+00	0	616	618	0	616	618	617M
10608	10608	-7.084E+02	1.00	0.000E+00	0	617	618	0	617	618	618M
10609	1242	-3.508E+01	0.970	5.814E-16	0	33	35	110	143	145	34M
10609	5826	-3.604E+01	1.00	2.237E-16	0	33	35	0	33	35	34M
10609	10186	-3.604E+01	1.00	2.237E-16	0	33	35	0	33	35	34M
10610	2695	-5.460E+02	0.997	7.144E-238	0	399	401	0	399	401	400M
10610	6509	-5.464E+02	1.00	5.214E-238	0	399	401	0	399	401	400M
10610	10610	-5.460E+02	1.00	7.144E-238	0	400	401	0	400	401	401M
10611	2694	-2.628E+02	0.973	7.318E-115	0	187	189	0	187	189	188M
10611	6508	-2.701E+02	1.00	5.166E-118	0	187	189	0	187	189	188M
10611	10611	-2.697E+02	1.00	7.083E-118	0	188	189	0	188	189	189M
10612	4020	-6.176E+02	1.00	5.742E-269	0	431	433	0	431	433	432M
10612	6507	-6.176E+02	1.00	5.742E-269	0	431	433	0	431	433	432M
10612	10612	-6.173E+02	1.00	7.868E-269	0	432	433	0	432	433	433M
10613	4021	-9.112E+01	1.00	2.675E-40	0	66	68	0	66	68	67M
10613	6506	-9.112E+01	1.00	2.675E-40	0	66	68	0	66	68	67M
10613	10613	-9.080E+01	1.00	3.672E-40	0	67	68	0	67	68	68M
10614	4106	-3.321E+02	0.990	5.757E-145	0	215	244	0	215	216	216M
10614	6505	-3.782E+02	1.00	5.864E-165	0	242	244	0	242	244	243M
10614	10614	-3.778E+02	1.00	8.037E-165	0	243	244	0	243	244	244M
10615	4107	-3.258E+02	1.00	3.376E-142	0	230	232	0	230	232	231M
10615	6504	-3.258E+02	1.00	3.376E-142	0	230	232	0	230	232	231M
10615	10615	-3.254E+02	1.00	4.628E-142	0	231	232	0	231	232	232M
10616	4108	-5.056E+02	1.00	2.572E-220	0	340	342	0	340	342	341M
10616	6503	-5.056E+02	1.00	2.572E-220	0	340	342	0	340	342	341M
10616	10616	-5.053E+02	1.00	3.525E-220	0	341	342	0	341	342	342M
10617	4109	-4.252E+02	1.00	2.139E-185	0	287	289	0	287	289	288M
10617	6502	-4.252E+02	1.00	2.139E-185	0	287	289	0	287	289	288M
10617	10617	-4.249E+02	1.00	2.932E-185	0	288	289	0	288	289	289M
10618	1494	-6.569E+02	1.00	5.175E-286	0	427	429	0	427	429	428M
10618	6501	-6.569E+02	1.00	5.175E-286	0	427	429	0	427	429	428M
10618	10618	-6.566E+02	1.00	7.091E-286	0	428	429	0	428	429	429M
10619	1495	-7.084E+02	1.00	0.000E+00	0	523	525	0	523	525	524M
10619	6500	-7.084E+02	1.00	0.000E+00	0	523	525	0	523	525	524M
10619	10619	-7.084E+02	1.00	0.000E+00	0	524	525	0	524	525	525M
10620	1496	-1.207E+02	1.00	3.726E-53	0	88	90	0	88	90	89M
10620	6499	-1.207E+02	1.00	3.726E-53	0	88	90	0	88	90	89M
10620	10620	-1.204E+02	1.00	5.112E-53	0	89	90	0	89	90	90M
10621	1497	-4.306E+02	1.00	9.476E-188	0	279	281	0	279	281	280M
10621	6498	-4.306E+02	1.00	9.476E-188	0	279	281	0	279	281	280M
10621	10621	-4.303E+02	1.00	1.299E-187	0	280	281	0	280	281	281M
10622	1498	-4.653E+02	1.00	8.644E-203	0	300	302	0	300	302	301M
10622	6497	-4.653E+02	1.00	8.644E-203	0	300	302	0	300	302	301M
10622	10622	-4.650E+02	1.00	1.185E-202	0	301	302	0	301	302	302M
10623	1499	-1.084E+02	1.00	8.400E-48	0	75	77	0	75	77	76M
10623	6496	-1.084E+02	1.00	8.400E-48	0	75	77	0	75	77	76M
10623	10623	-1.081E+02	1.00	1.153E-47	0	76	77	0	76	77	77M
10624	1500	-7.084E+02	1.00	0.000E+00	0	625	627	0	625	627	626M
10624	6495	-7.084E+02	1.00	0.000E+00	0	625	627	0	625	627	626M
10624	10624	-7.084E+02	1.00	0.000E+00	0	626	627	0	626	627	627M
10625	1501	-5.106E+02	0.997	1.720E-222	0	334	336	0	334	336	335M
10625	6494	-5.119E+02	1.00	4.876E-223	0	334	336	0	334	336	335M
10625	10625	-5.116E+02	1.00	6.682E-223	0	335	336	0	335	336	336M
10626	1502	-7.084E+02	0.998	0.000E+00	0	515	517	0	515	517	516M
10626	6493	-7.084E+02	1.00	0.000E+00	0	515	517	0	515	517	516M
10626	10626	-7.084E+02	1.00	0.000E+00	0	516	517	0	516	517	517M
10627	1503	-2.958E+02	0.994	3.533E-129	0	197	199	0	197	199	198M
10627	6492	-2.970E+02	1.00	1.000E-129	0	197	199	0	197	199	198M
10627	10627	-2.967E+02	1.00	1.371E-129	0	198	199	0	198	199	199M
10628	1504	-4.029E+02	0.996	1.013E-175	0	258	260	0	258	260	259M
10628	6491	-4.033E+02	1.00	7.387E-176	0	258	260	0	258	260	259M
10628	10628	-4.029E+02	1.00	1.013E-175	0	259	260	0	259	260	260M
10629	1505	-3.765E+02	1.00	2.975E-164	0	243	245	0	243	245	244M
10629	6490	-3.765E+02	1.00	2.975E-164	0	243	245	0	243	245	244M
10629	10629	-3.762E+02	1.00	4.077E-164	0	244	245	0	244	245	245M
10630	1506	-5.540E+02	0.997	2.550E-241	0	357	359	0	357	359	358M
10630	6489	-5.556E+02	1.00	5.275E-242	0	357	359	0	357	359	358M
10630	10630	-5.552E+02	1.00	7.229E-242	0	358	359	0	358	359	359M
10631	1507	-7.146E+02	1.00	4.515E-311	0	480	482	0	480	482	481M
10631	6488	-7.146E+02	1.00	4.515E-311	0	480	482	0	480	482	481M
10631	10631	-7.143E+02	1.00	6.187E-311	0	481	482	0	481	482	482M
10632	1508	-1.965E+02	1.00	4.395E-86	0	147	149	0	147	149	148M
10632	6487	-1.965E+02	1.00	4.395E-86	0	147	149	0	147	149	148M
10632	10632	-1.962E+02	1.00	6.026E-86	0	148	149	0	148	149	149M
10633	1509	-1.034E+02	1.00	1.264E-45	0	74	76	0	74	76	75M
10633	6486	-1.034E+02	1.00	1.264E-45	0	74	76	0	74	76	75M
10633	10633	-1.031E+02	1.00	1.735E-45	0	75	76	0	75	76	76M
10634	1510	-1.751E+02	1.00	8.764E-77	0	126	128	0	126	128	127M
10634	6485	-1.751E+02	1.00	8.764E-77	0	126	128	0	126	128	127M
10634	10634	-1.748E+02	1.00	1.202E-76	0	127	128	0	127	128	128M
10635	1511	-4.291E+02	1.00	4.287E-187	0	291	293	0	291	293	292M
10635	6484	-4.291E+02	1.00	4.287E-187	0	291	293	0	291	293	292M
10635	10635	-4.288E+02	1.00	5.876E-187	0	292	293	0	292	293	293M
10636	1512	-1.472E+02	1.00	1.124E-64	0	108	110	0	108	110	109M
10636	6483	-1.472E+02	1.00	1.124E-64	0	108	110	0	108	110	109M
10636	10636	-1.469E+02	1.00	1.541E-64	0	109	110	0	109	110	110M
10637	1513	-3.124E+02	1.00	2.069E-136	0	205	207	0	205	207	206M
10637	6482	-3.124E+02	1.00	2.069E-136	0	205	207	0	205	207	206M
10637	10637	-3.121E+02	1.00	2.836E-136	0	206	207	0	206	207	207M
10638	1514	-7.084E+02	1.00	0.000E+00	0	662	664	0	662	664	663M
10638	6481	-7.084E+02	1.00	0.000E+00	0	662	664	0	662	664	663M
10638	10638	-7.084E+02	1.00	0.000E+00	0	663	664	0	663	664	664M
10639	1515	-5.373E+02	1.00	4.304E-234	0	349	351	0	349	351	350M
10639	6480	-5.373E+02	1.00	4.304E-234	0	349	351	0	349	351	350M
10639	10639	-5.370E+02	1.00	5.899E-234	0	350	351	0	350	351	351M
10640	1516	-3.541E+02	1.00	1.591E-154	0	250	252	0	250	252	251M
10640	6479	-3.541E+02	1.00	1.591E-154	0	250	252	0	250	252	251M
10640	10640	-3.538E+02	1.00	2.180E-154	0	251	252	0	251	252	252M
10641	1517	-7.084E+02	1.00	0.000E+00	69	791	793	0	722	724	723M
10641	6478	-7.084E+02	1.00	0.000E+00	0	791	793	0	791	793	792M
10641	10641	-7.084E+02	1.00	0.000E+00	0	792	793	0	792	793	793M
10642	6477	-4.137E+02	1.00	2.131E-180	0	277	279	0	277	279	278M
10642	10642	-4.134E+02	1.00	2.920E-180	0	278	279	0	278	279	279M
10643	3065	-7.084E+02	0.983	0.000E+00	0	811	813	0	811	813	812M
10643	6476	-7.084E+02	1.00	0.000E+00	0	811	813	0	811	813	812M
10643	10643	-7.084E+02	1.00	0.000E+00	0	812	813	0	812	813	813M
10644	3064	-7.084E+02	0.981	0.000E+00	0	608	610	0	608	610	609M
10644	6475	-7.084E+02	1.00	0.000E+00	0	608	610	0	608	610	609M
10644	10644	-7.084E+02	1.00	0.000E+00	0	609	610	0	609	610	610M
10645	3063	-6.515E+02	1.00	1.121E-283	0	414	416	0	414	416	415M
10645	6474	-6.515E+02	1.00	1.121E-283	0	414	416	0	414	416	415M
10645	10645	-6.512E+02	1.00	1.537E-283	0	415	416	0	415	416	416M
10646	3062	-2.247E+02	0.987	2.686E-98	0	153	155	0	153	155	154M
10646	6473	-2.266E+02	1.00	4.042E-99	0	153	155	0	153	155	154M
10646	10646	-2.262E+02	1.00	5.542E-99	0	154	155	0	154	155	155M
10647	3061	-2.758E+02	0.983	1.684E-120	0	186	188	0	186	188	187M
10647	6472	-2.802E+02	1.00	2.033E-122	0	186	188	0	186	188	187M
10647	10647	-2.799E+02	1.00	2.787E-122	0	187	188	0	187	188	188M
10648	3060	-5.047E+02	0.991	6.540E-220	0	333	335	0	333	335	334M
10648	6471	-5.094E+02	1.00	5.789E-222	0	333	335	0	333	335	334M
10648	10648	-5.091E+02	1.00	7.933E-222	0	334	335	0	334	335	335M
10649	3059	-2.187E+02	0.994	1.067E-95	0	166	168	0	166	168	167M
10649	6470	-2.199E+02	1.00	3.018E-96	0	166	168	0	166	168	167M
10649	10649	-2.196E+02	1.00	4.138E-96	0	167	168	0	167	168	168M
10650	3058	-1.717E+02	0.985	2.800E-75	0	139	141	0	139	141	140M
10650	6469	-1.742E+02	1.00	2.239E-76	0	139	141	0	139	141	140M
10650	10650	-1.739E+02	1.00	3.070E-76	0	140	141	0	140	141	141M
10651	3057	-4.470E+02	0.990	7.173E-195	0	299	301	0	299	301	300M
10651	6468	-4.530E+02	1.00	1.799E-197	0	299	301	0	299	301	300M
10651	10651	-4.527E+02	1.00	2.465E-197	0	300	301	0	300	301	301M
10652	3056	-3.292E+02	0.938	1.072E-143	0	241	280	0	241	270	242M
10652	6467	-4.118E+02	1.00	1.480E-179	0	278	280	0	278	280	279M
10652	10652	-4.115E+02	1.00	2.029E-179	0	279	280	0	279	280	280M
10653	1632	-5.406E+02	1.00	1.720E-235	0	361	363	0	361	363	362M
10653	6466	-5.406E+02	1.00	1.720E-235	0	361	363	0	361	363	362M
10653	10653	-5.403E+02	1.00	2.357E-235	0	362	363	0	362	363	363M
10654	1633	-4.172E+02	0.988	6.551E-182	0	270	272	0	270	272	271M
10654	6465	-4.213E+02	1.00	1.088E-183	0	270	272	0	270	272	271M
10654	10654	-4.210E+02	1.00	1.491E-183	0	271	272	0	271	272	272M
10655	1634	-4.036E+02	0.974	5.365E-176	0	278	280	0	278	280	279M
10655	6464	-4.118E+02	1.00	1.480E-179	0	278	280	0	278	280	279M
10655	10655	-4.115E+02	1.00	2.029E-179	0	279	280	0	279	280	280M
10656	1635	-4.639E+02	0.990	3.477E-202	0	323	325	0	323	325	324M
10656	6463	-4.667E+02	1.00	2.040E-203	0	323	325	0	323	325	324M
10656	10656	-4.664E+02	1.00	2.795E-203	0	324	325	0	324	325	325M
10657	1636	-5.075E+02	0.973	4.069E-221	0	341	343	0	341	343	342M
10657	6462	-5.201E+02	1.00	1.365E-226	0	341	343	0	341	343	342M
10657	10657	-5.198E+02	1.00	1.871E-226	0	342	343	0	342	343	343M
10658	1637	-3.675E+02	0.988	2.606E-160	0	255	257	0	255	257	256M
10658	6461	-3.703E+02	1.00	1.527E-161	0	255	257	0	255	257	256M
10658	10658	-3.700E+02	1.00	2.093E-161	0	256	257	0	256	257	257M
10659	1638	-5.647E+02	0.997	5.615E-246	0	377	379	0	377	379	378M
10659	6460	-5.666E+02	1.00	8.479E-247	0	377	379	0	377	379	378M
10659	10659	-5.663E+02	1.00	1.162E-246	0	378	379	0	378	379	379M
10660	1639	-7.084E+02	0.985	0.000E+00	0	546	548	0	546	548	547M
10660	6459	-7.084E+02	1.00	0.000E+00	0	546	548	0	546	548	547M
10660	10660	-7.084E+02	1.00	0.000E+00	0	547	548	0	547	548	548M
10661	1640	-2.961E+02	0.984	2.655E-129	0	191	193	0	191	193	192M
10661	6458	-3.005E+02	1.00	3.206E-131	0	191	193	0	191	193	192M
10661	10661	-3.002E+02	1.00	4.395E-131	0	192	193	0	192	193	193M
10662	1641	-3.885E+02	0.992	1.920E-169	0	257	259	0	257	259	258M
10662	6457	-3.920E+02	1.00	5.988E-171	0	257	259	0	257	259	258M
10662	10662	-3.916E+02	1.00	8.207E-171	0	258	259	0	258	259	259M
10663	1642	-6.539E+02	0.997	1.062E-284	0	431	433	0	431	433	432M
10663	6456	-6.548E+02	1.00	4.129E-285	0	431	433	0	431	433	432M
10663	10663	-6.545E+02	1.00	5.657E-285	0	432	433	0	432	433	433M
10664	1643	-1.780E+02	0.992	4.866E-78	0	125	127	0	125	127	126M
10664	6455	-1.793E+02	1.00	1.376E-78	0	125	127	0	125	127	126M
10664	10664	-1.790E+02	1.00	1.887E-78	0	126	127	0	126	127	127M
10665	1644	-2.166E+02	0.993	8.768E-95	0	144	146	0	144	146	145M
10665	6454	-2.182E+02	1.00	1.809E-95	0	144	146	0	144	146	145M
10665	10665	-2.178E+02	1.00	2.480E-95	0	145	146	0	145	146	146M
10666	1646	-7.084E+02	0.966	0.000E+00	0	568	570	0	568	570	569M
10666	6453	-7.084E+02	1.00	0.000E+00	0	568	570	0	568	570	569M
10666	10666	-7.084E+02	1.00	0.000E+00	0	569	570	0	569	570	570M
10667	1647	-7.084E+02	0.991	0.000E+00	0	676	678	0	676	678	677M
10667	6452	-7.084E+02	1.00	0.000E+00	0	676	678	0	676	678	677M
10667	10667	-7.084E+02	1.00	0.000E+00	0	677	678	0	677	678	678M
10668	1648	-2.795E+02	0.950	3.948E-122	0	200	202	0	200	202	201M
10668	6451	-2.928E+02	1.00	6.965E-128	0	200	202	0	200	202	201M
10668	10668	-2.925E+02	1.00	9.548E-128	0	201	202	0	201	202	202M
10669	1649	-7.084E+02	0.971	0.000E+00	0	883	885	0	883	885	884M
10669	6450	-7.084E+02	1.00	0.000E+00	0	883	885	0	883	885	884M
10669	10669	-7.084E+02	1.00	0.000E+00	0	884	885	0	884	885	885M
10670	1650	-3.532E+02	0.987	4.176E-154	0	237	239	0	237	239	238M
10670	6449	-3.551E+02	1.00	6.297E-155	0	237	239	0	237	239	238M
10670	10670	-3.547E+02	1.00	8.632E-155	0	238	239	0	238	239	239M
10671	1651	-7.194E+02	0.970	3.785E-313	0	472	474	0	473	475	301M1D172M
10671	6448	-7.424E+02	1.00	3.953E-323	0	472	474	0	472	474	473M
10671	10671	-7.420E+02	1.00	5.435E-323	0	473	474	0	473	474	474M
10672	3039	-2.792E+02	0.994	5.658E-122	0	181	183	0	181	183	182M
10672	6447	-2.801E+02	1.00	2.196E-122	0	181	183	0	181	183	182M
10672	10672	-2.798E+02	1.00	3.010E-122	0	182	183	0	182	183	183M
10673	3040	-3.128E+02	1.00	1.396E-136	0	210	212	0	210	212	211M
10673	6446	-3.128E+02	1.00	1.396E-136	0	210	212	0	210	212	211M
10673	10673	-3.125E+02	1.00	1.913E-136	0	211	212	0	211	212	212M
10674	3041	-6.359E+02	0.990	7.061E-277	0	439	441	0	439	441	440M
10674	6445	-6.406E+02	1.00	6.264E-279	0	439	441	0	439	441	440M
10674	10674	-6.403E+02	1.00	8.584E-279	0	440	441	0	440	441	441M
10675	3042	-7.084E+02	0.997	0.000E+00	0	905	907	0	905	907	906M
10675	6444	-7.084E+02	1.00	0.000E+00	0	905	907	0	905	907	906M
10675	10675	-7.084E+02	1.00	0.000E+00	0	906	907	0	906	907	907M
10676	3489	-7.084E+02	0.995	0.000E+00	31	1500	1502	20	1489	1491	1470M
10676	6443	-7.084E+02	1.00	0.000E+00	0	1500	1502	0	1500	1502	1501M
10676	10676	-7.084E+02	1.00	0.000E+00	0	1501	1502	0	1501	1502	1502M
10677	3490	-1.717E+02	0.991	2.636E-75	0	118	120	0	118	120	119M
10677	6442	-1.724E+02	1.00	1.401E-75	0	118	120	0	118	120	119M
10677	10677	-1.720E+02	1.00	1.922E-75	0	119	120	0	119	120	120M
10678	6441	-7.084E+02	1.00	0.000E+00	0	878	880	0	878	880	879M
10678	10678	-7.084E+02	1.00	0.000E+00	0	879	880	0	879	880	880M
10679	3493	-2.163E+02	0.993	1.146E-94	0	143	145	0	143	145	144M
10679	6440	-2.188E+02	1.00	9.166E-96	0	143	145	0	143	145	144M
10679	10679	-2.185E+02	1.00	1.257E-95	0	144	145	0	144	145	145M
10680	4239	-4.688E+02	0.990	2.584E-204	0	326	328	0	326	328	327M
10680	6439	-4.751E+02	1.00	4.733E-207	0	326	328	0	326	328	327M
10680	10680	-4.748E+02	1.00	6.487E-207	0	327	328	0	327	328	328M
10681	4240	-5.234E+02	1.00	4.816E-228	37	398	400	0	361	363	362M
10681	6438	-5.811E+02	1.00	4.450E-253	0	398	400	0	398	400	399M
10681	10681	-5.807E+02	1.00	6.098E-253	0	399	400	0	399	400	400M
10682	4169	-2.110E+02	1.00	2.229E-92	0	140	143	0	140	142	141M
10682	6437	-2.126E+02	1.00	4.598E-93	0	141	143	0	141	143	142M
10682	10682	-2.123E+02	1.00	6.305E-93	0	142	143	0	142	143	143M
10683	4167	-3.825E+02	0.965	7.420E-167	0	263	265	0	263	265	264M
10683	6436	-3.973E+02	1.00	2.726E-173	0	263	265	0	263	265	264M
10683	10683	-3.970E+02	1.00	3.736E-173	0	264	265	0	264	265	265M
10684	3243	-3.985E+02	0.996	8.259E-174	43	305	307	0	262	264	263M
10684	6435	-4.685E+02	1.00	3.412E-204	0	305	307	0	305	307	306M
10684	10684	-4.682E+02	1.00	4.677E-204	0	306	307	0	306	307	307M
10685	3242	-1.946E+02	0.993	3.213E-85	0	149	151	0	149	151	150M
10685	6434	-1.949E+02	1.00	2.343E-85	0	149	151	0	149	151	150M
10685	10685	-1.946E+02	1.00	3.213E-85	0	150	151	0	150	151	151M
10686	3241	-9.087E+01	1.00	3.440E-40	0	71	73	0	71	73	72M
10686	6433	-9.087E+01	1.00	3.440E-40	0	71	73	0	71	73	72M
10686	10686	-9.055E+01	1.00	4.722E-40	0	72	73	0	72	73	73M
10687	3240	-3.524E+02	0.982	8.904E-154	0	233	235	0	233	235	234M
10687	6432	-3.606E+02	1.00	2.449E-157	0	233	235	0	233	235	234M
10687	10687	-3.603E+02	1.00	3.356E-157	0	234	235	0	234	235	235M
10688	3239	-2.158E+02	1.00	1.815E-94	0	146	148	0	146	148	147M
10688	6431	-2.158E+02	1.00	1.815E-94	0	146	148	0	146	148	147M
10688	10688	-2.155E+02	1.00	2.489E-94	0	147	148	0	147	148	148M
10689	3238	-1.343E+02	1.00	4.658E-59	0	101	103	0	101	103	102M
10689	6430	-1.343E+02	1.00	4.658E-59	0	101	103	0	101	103	102M
10689	10689	-1.340E+02	1.00	6.390E-59	0	102	103	0	102	103	103M
10690	3237	-4.690E+02	0.990	2.063E-204	0	301	303	0	301	303	302M
10690	6429	-4.734E+02	1.00	2.500E-206	0	301	303	0	301	303	302M
10690	10690	-4.731E+02	1.00	3.427E-206	0	302	303	0	302	303	303M
10691	3236	-2.258E+02	0.993	9.021E-99	0	150	152	0	150	152	151M
10691	6428	-2.261E+02	1.00	6.579E-99	0	150	152	0	150	152	151M
10691	10691	-2.258E+02	1.00	9.021E-99	0	151	152	0	151	152	152M
10692	3235	-7.084E+02	0.995	0.000E+00	0	649	651	0	649	651	650M
10692	6427	-7.084E+02	1.00	0.000E+00	0	649	651	0	649	651	650M
10692	10692	-7.084E+02	1.00	0.000E+00	0	650	651	0	650	651	651M
10693	3234	-4.688E+02	0.996	2.644E-204	0	313	315	0	313	315	314M
10693	6426	-4.710E+02	1.00	2.912E-205	0	313	315	0	313	315	314M
10693	10693	-4.706E+02	1.00	3.991E-205	0	314	315	0	314	315	315M
10694	6425	-2.057E+02	1.00	4.649E-90	0	167	169	0	167	169	168M
10694	10694	-2.054E+02	1.00	6.373E-90	0	168	169	0	168	169	169M
10695	3232	-3.957E+02	0.978	1.369E-172	0	284	286	0	284	286	285M
10695	6424	-4.058E+02	1.00	5.706E-177	0	284	286	0	284	286	285M
10695	10695	-4.055E+02	1.00	7.820E-177	0	285	286	0	285	286	286M
10696	3231	-2.621E+02	0.994	1.513E-114	42	216	218	0	174	176	175M
10696	6423	-3.305E+02	1.00	2.890E-144	0	216	218	0	216	218	217M
10696	10696	-3.302E+02	1.00	3.962E-144	0	217	218	0	217	218	218M
10697	6422	-1.033E+02	1.00	1.329E-45	0	75	77	0	75	77	76M
10697	10697	-1.030E+02	1.00	1.824E-45	0	76	77	0	76	77	77M
10698	2544	-3.553E+02	0.953	4.816E-155	0	238	240	0	238	240	239M
10698	6421	-3.736E+02	1.00	5.496E-163	0	238	240	0	238	240	239M
10698	10698	-3.733E+02	1.00	7.533E-163	0	239	240	0	239	240	240M
10699	2545	-2.505E+02	1.00	1.688E-109	0	168	170	0	168	170	169M
10699	6420	-2.505E+02	1.00	1.688E-109	0	168	170	0	168	170	169M
10699	10699	-2.501E+02	1.00	2.314E-109	0	169	170	0	169	170	170M
10700	2546	-7.084E+02	0.998	0.000E+00	0	574	576	0	574	576	575M
10700	6419	-7.084E+02	1.00	0.000E+00	0	574	576	0	574	576	575M
10700	10700	-7.084E+02	1.00	0.000E+00	0	575	576	0	575	576	576M
10701	2547	-3.685E+02	0.995	8.948E-161	0	239	241	0	239	241	240M
10701	6418	-3.704E+02	1.00	1.349E-161	0	239	241	0	239	241	240M
10701	10701	-3.701E+02	1.00	1.849E-161	0	240	241	0	240	241	241M
10702	2548	-3.980E+02	0.988	1.471E-173	0	270	272	0	270	272	271M
10702	6417	-4.030E+02	1.00	9.490E-176	0	270	272	0	270	272	271M
10702	10702	-4.027E+02	1.00	1.301E-175	0	271	272	0	271	272	272M
10703	2549	-7.099E+02	0.989	5.165E-309	0	460	462	0	460	462	461M
10703	6416	-7.162E+02	1.00	9.481E-312	0	460	462	0	460	462	461M
10703	10703	-7.158E+02	1.00	1.299E-311	0	461	462	0	461	462	462M
10704	2550	-6.987E+02	0.995	3.720E-304	0	477	479	0	477	479	478M
10704	6415	-7.002E+02	1.00	7.703E-305	0	477	479	0	477	479	478M
10704	10704	-6.999E+02	1.00	1.055E-304	0	478	479	0	478	479	479M
10705	2551	-7.084E+02	0.998	0.000E+00	0	502	504	0	502	504	503M
10705	6414	-7.084E+02	1.00	0.000E+00	0	502	504	0	502	504	503M
10705	10705	-7.084E+02	1.00	0.000E+00	0	503	504	0	503	504	504M
10706	2552	-5.903E+02	0.997	4.168E-257	0	395	397	0	395	397	396M
10706	6413	-5.929E+02	1.00	3.352E-258	0	395	397	0	395	397	396M
10706	10706	-5.925E+02	1.00	4.593E-258	0	396	397	0	396	397	397M
10707	2553	-5.065E+02	0.996	1.055E-220	0	321	323	0	321	323	322M
10707	6412	-5.081E+02	1.00	2.183E-221	0	321	323	0	321	323	322M
10707	10707	-5.078E+02	1.00	2.991E-221	0	322	323	0	322	323	323M
10708	2554	-5.957E+02	0.997	2.037E-259	0	389	391	0	389	391	390M
10708	6411	-5.969E+02	1.00	5.777E-260	0	389	391	0	389	391	390M
10708	10708	-5.966E+02	1.00	7.916E-260	0	390	391	0	390	391	391M
10709	3512	-7.084E+02	0.996	0.000E+00	0	569	571	0	569	571	570M
10709	6410	-7.084E+02	1.00	0.000E+00	0	569	571	0	569	571	570M
10709	10709	-7.084E+02	1.00	0.000E+00	0	570	571	0	570	571	571M
10710	3513	-1.648E+02	0.974	2.750E-72	0	118	120	0	118	120	119M
10710	6409	-1.695E+02	1.00	2.406E-74	0	118	120	0	118	120	119M
10710	10710	-1.692E+02	1.00	3.300E-74	0	119	120	0	119	120	120M
10711	3514	-4.551E+02	0.996	2.216E-198	0	288	290	0	288	290	289M
10711	6408	-4.564E+02	1.00	6.280E-199	0	288	290	0	288	290	289M
10711	10711	-4.561E+02	1.00	8.607E-199	0	289	290	0	289	290	290M
10712	3515	-3.908E+02	0.989	1.823E-170	0	274	276	0	275	277	61M1D214M
10712	6407	-3.965E+02	1.00	6.263E-173	0	274	276	0	274	276	275M
10712	10712	-3.962E+02	1.00	8.584E-173	0	275	276	0	275	276	276M
10713	3516	-6.069E+02	0.984	2.618E-264	0	384	386	0	384	386	385M
10713	6406	-6.142E+02	1.00	1.864E-267	0	384	386	0	384	386	385M
10713	10713	-6.139E+02	1.00	2.554E-267	0	385	386	0	385	386	386M
10714	3517	-1.136E+02	0.976	4.418E-50	0	84	86	0	84	86	85M
10714	6405	-1.168E+02	1.00	1.868E-51	0	84	86	0	84	86	85M
10714	10714	-1.165E+02	1.00	2.563E-51	0	85	86	0	85	86	86M
10715	3518	-7.084E+02	0.996	0.000E+00	0	820	869	0	820	821	821M
10715	6404	-7.084E+02	1.00	0.000E+00	0	867	869	0	867	869	868M
10715	10715	-7.084E+02	1.00	0.000E+00	0	868	869	0	868	869	869M
10716	3547	-3.395E+02	0.982	3.787E-148	0	227	229	0	227	229	228M
10716	6403	-3.445E+02	1.00	2.438E-150	0	227	229	0	227	229	228M
10716	10716	-3.442E+02	1.00	3.342E-150	0	228	229	0	228	229	229M
10717	3548	-2.532E+02	0.988	1.036E-110	0	177	191	0	177	254	178M
10717	6402	-2.744E+02	1.00	6.859E-120	0	189	191	0	189	191	190M
10717	10717	-2.741E+02	1.00	9.404E-120	0	190	191	0	190	191	191M
10718	1242	-3.418E+01	0.969	1.430E-15	0	32	34	111	143	145	33M
10718	6727	-3.514E+01	1.00	5.502E-16	0	32	34	0	32	34	33M
10718	11702	-3.514E+01	1.00	5.502E-16	0	32	34	0	32	34	33M
10719	4125	-1.410E+02	1.00	6.096E-62	0	101	103	0	101	103	102M
10719	6728	-1.410E+02	1.00	6.096E-62	0	101	103	0	101	103	102M
10719	10719	-1.406E+02	1.00	8.363E-62	0	102	103	0	102	103	103M
10720	478	-2.786E+02	0.994	1.033E-121	0	187	189	0	187	189	188M
10720	6729	-2.798E+02	1.00	2.923E-122	0	187	189	0	187	189	188M
10720	10720	-2.795E+02	1.00	4.007E-122	0	188	189	0	188	189	189M
10721	479	-6.002E+02	0.989	2.150E-261	0	386	388	0	386	388	387M
10721	6730	-6.046E+02	1.00	2.609E-263	0	386	388	0	386	388	387M
10721	10721	-6.043E+02	1.00	3.576E-263	0	387	388	0	387	388	388M
10722	480	-2.838E+02	0.974	5.412E-124	0	195	198	0	195	198	196M
10722	6731	-2.933E+02	1.00	4.202E-128	0	196	198	0	196	198	197M
10722	10722	-2.930E+02	1.00	5.761E-128	0	197	198	0	197	198	198M
10723	481	-2.029E+02	1.00	7.452E-89	0	126	128	0	126	128	127M
10723	6732	-2.029E+02	1.00	7.452E-89	0	126	128	0	126	128	127M
10723	10723	-2.026E+02	1.00	1.022E-88	0	127	128	0	127	128	128M
10724	482	-5.709E+02	0.997	1.210E-248	0	394	396	0	394	396	395M
10724	6733	-5.721E+02	1.00	3.431E-249	0	394	396	0	394	396	395M
10724	10724	-5.718E+02	1.00	4.701E-249	0	395	396	0	395	396	396M
10725	483	-9.427E+01	1.00	1.146E-41	0	79	81	0	79	81	80M
10725	6734	-9.427E+01	1.00	1.146E-41	0	79	81	0	79	81	80M
10725	10725	-9.395E+01	1.00	1.573E-41	0	80	81	0	80	81	81M
10726	484	-5.291E+02	1.00	1.688E-230	0	344	346	0	344	346	345M
10726	6735	-5.291E+02	1.00	1.688E-230	0	344	346	0	344	346	345M
10726	10726	-5.288E+02	1.00	2.313E-230	0	345	346	0	345	346	346M
10727	485	-6.316E+02	0.995	4.826E-275	0	435	437	0	435	437	436M
10727	6736	-6.364E+02	1.00	4.281E-277	0	435	437	0	435	437	436M
10727	10727	-6.360E+02	1.00	5.866E-277	0	436	437	0	436	437	437M
10728	486	-7.084E+02	0.996	0.000E+00	0	812	814	0	812	814	813M
10728	6737	-7.084E+02	1.00	0.000E+00	0	812	814	0	812	814	813M
10728	10728	-7.084E+02	1.00	0.000E+00	0	813	814	0	813	814	814M
10729	487	-5.250E+02	1.00	9.558E-229	0	336	338	0	336	338	337M
10729	6738	-5.250E+02	1.00	9.558E-229	0	336	338	0	336	338	337M
10729	10729	-5.247E+02	1.00	1.310E-228	0	337	338	0	337	338	338M
10730	488	-3.495E+02	0.995	1.646E-152	0	228	230	0	228	230	229M
10730	6739	-3.508E+02	1.00	4.661E-153	0	228	230	0	228	230	229M
10730	10730	-3.504E+02	1.00	6.390E-153	0	229	230	0	229	230	230M
10731	489	-3.043E+02	1.00	6.647E-133	0	209	211	0	209	211	210M
10731	6740	-3.043E+02	1.00	6.647E-133	0	209	211	0	209	211	210M
10731	10731	-3.040E+02	1.00	9.111E-133	0	210	211	0	210	211	211M
10732	490	-3.720E+02	1.00	2.779E-162	0	259	261	0	259	261	260M
10732	6741	-3.720E+02	1.00	2.779E-162	0	259	261	0	259	261	260M
10732	10732	-3.717E+02	1.00	3.808E-162	0	260	261	0	260	261	261M
10733	491	-4.299E+02	0.993	1.917E-187	0	294	296	0	294	296	295M
10733	6742	-4.321E+02	1.00	2.110E-188	0	294	296	0	294	296	295M
10733	10733	-4.318E+02	1.00	2.892E-188	0	295	296	0	295	296	296M
10734	492	-2.911E+02	1.00	3.943E-127	0	210	212	0	210	212	211M
10734	6743	-2.911E+02	1.00	3.943E-127	0	210	212	0	210	212	211M
10734	10734	-2.907E+02	1.00	5.405E-127	0	211	212	0	211	212	212M
10735	493	-2.016E+02	0.992	2.895E-88	0	141	143	0	141	143	142M
10735	6744	-2.025E+02	1.00	1.123E-88	0	141	143	0	141	143	142M
10735	10735	-2.022E+02	1.00	1.540E-88	0	142	143	0	142	143	143M
10736	494	-7.084E+02	0.998	0.000E+00	0	574	576	0	574	576	575M
10736	6745	-7.084E+02	1.00	0.000E+00	0	574	576	0	574	576	575M
10736	10736	-7.084E+02	1.00	0.000E+00	0	575	576	0	575	576	576M
10737	495	-5.049E+02	0.982	5.240E-220	0	335	337	0	335	337	336M
10737	6746	-5.150E+02	1.00	2.186E-224	0	335	337	0	335	337	336M
10737	10737	-5.147E+02	1.00	2.996E-224	0	336	337	0	336	337	337M
10738	496	-3.758E+02	0.984	6.236E-164	0	252	254	0	252	254	253M
10738	6747	-3.812E+02	1.00	2.932E-166	0	252	254	0	252	254	253M
10738	10738	-3.808E+02	1.00	4.019E-166	0	253	254	0	253	254	254M
10739	497	-4.994E+02	0.990	1.307E-217	0	325	327	0	325	327	326M
10739	6748	-5.048E+02	1.00	6.158E-220	0	325	327	0	325	327	326M
10739	10739	-5.044E+02	1.00	8.440E-220	0	326	327	0	326	327	327M
10740	498	-1.644E+02	1.00	3.865E-72	0	112	114	0	112	114	113M
10740	6749	-1.644E+02	1.00	3.865E-72	0	112	114	0	112	114	113M
10740	10740	-1.641E+02	1.00	5.301E-72	0	113	114	0	113	114	114M
10741	499	-3.945E+02	0.996	4.585E-172	0	256	258	0	256	258	257M
10741	6750	-3.964E+02	1.00	6.915E-173	0	256	258	0	256	258	257M
10741	10741	-3.961E+02	1.00	9.478E-173	0	257	258	0	257	258	258M
10742	500	-2.975E+02	1.00	6.437E-130	0	201	203	0	201	203	202M
10742	6751	-2.975E+02	1.00	6.437E-130	0	201	203	0	201	203	202M
10742	10742	-2.972E+02	1.00	8.824E-130	0	202	203	0	202	203	203M
10743	501	-2.674E+02	0.994	7.309E-117	0	183	185	0	183	185	184M
10743	6752	-2.693E+02	1.00	1.101E-117	0	183	185	0	183	185	184M
10743	10743	-2.690E+02	1.00	1.509E-117	0	184	185	0	184	185	185M
10744	502	-1.682E+02	1.00	8.703E-74	0	125	127	0	125	127	126M
10744	6753	-1.682E+02	1.00	8.703E-74	0	125	127	0	125	127	126M
10744	10744	-1.679E+02	1.00	1.194E-73	0	126	127	0	126	127	127M
10745	503	-3.367E+02	0.991	5.975E-147	0	232	234	0	232	234	233M
10745	6754	-3.405E+02	1.00	1.358E-148	0	232	234	0	232	234	233M
10745	10745	-3.402E+02	1.00	1.862E-148	0	233	234	0	233	234	234M
10746	504	-4.669E+02	0.981	1.615E-203	0	318	320	0	318	320	319M
10746	6755	-4.745E+02	1.00	8.384E-207	0	318	320	0	318	320	319M
10746	10746	-4.742E+02	1.00	1.149E-206	0	319	320	0	319	320	320M
10747	3459	-3.024E+02	0.994	4.691E-132	0	197	199	0	197	199	198M
10747	6756	-3.040E+02	1.00	9.688E-133	0	197	199	0	197	199	198M
10747	10747	-3.037E+02	1.00	1.328E-132	0	198	199	0	198	199	199M
10748	3460	-3.671E+02	0.995	3.756E-160	0	236	238	0	236	238	237M
10748	6757	-3.674E+02	1.00	2.740E-160	0	236	238	0	236	238	237M
10748	10748	-3.671E+02	1.00	3.756E-160	0	237	238	0	237	238	238M
10749	3461	-5.892E+02	1.00	1.290E-256	0	372	374	0	372	374	373M
10749	6758	-5.892E+02	1.00	1.290E-256	0	372	374	0	372	374	373M
10749	10749	-5.889E+02	1.00	1.768E-256	0	373	374	0	373	374	374M
10750	3462	-2.264E+02	0.993	4.895E-99	0	157	159	0	157	159	158M
10750	6759	-2.292E+02	1.00	2.858E-100	0	157	159	0	157	159	158M
10750	10750	-2.289E+02	1.00	3.919E-100	0	158	159	0	158	159	159M
10751	3463	-2.020E+02	0.986	1.956E-88	0	146	148	0	146	148	147M
10751	6760	-2.054E+02	1.00	6.072E-90	0	146	148	0	146	148	147M
10751	10751	-2.051E+02	1.00	8.326E-90	0	147	148	0	147	148	148M
10752	3464	-3.300E+02	0.995	4.862E-144	0	227	229	0	227	229	228M
10752	6761	-3.316E+02	1.00	1.005E-144	0	227	229	0	227	229	228M
10752	10752	-3.313E+02	1.00	1.377E-144	0	228	229	0	228	229	229M
10753	3465	-7.084E+02	1.00	0.000E+00	0	556	558	0	556	558	557M
10753	6762	-7.084E+02	1.00	0.000E+00	0	556	558	0	556	558	557M
10753	10753	-7.084E+02	1.00	0.000E+00	0	557	558	0	557	558	558M
10754	3466	-1.404E+02	1.00	1.040E-61	0	99	101	0	99	101	100M
10754	6763	-1.404E+02	1.00	1.040E-61	0	99	101	0	99	101	100M
10754	10754	-1.401E+02	1.00	1.427E-61	0	100	101	0	100	101	101M
10755	3467	-1.565E+02	1.00	1.118E-68	0	120	122	0	120	122	121M
10755	6764	-1.565E+02	1.00	1.118E-68	0	120	122	0	120	122	121M
10755	10755	-1.561E+02	1.00	1.534E-68	0	121	122	0	121	122	122M
10756	3468	-3.399E+02	0.995	2.435E-148	0	231	233	0	231	233	232M
10756	6765	-3.412E+02	1.00	6.897E-149	0	231	233	0	231	233	232M
10756	10756	-3.408E+02	1.00	9.454E-149	0	232	233	0	232	233	233M
10757	3469	-4.362E+02	0.996	3.720E-190	0	302	304	0	302	304	303M
10757	6766	-4.374E+02	1.00	1.054E-190	0	302	304	0	302	304	303M
10757	10757	-4.371E+02	1.00	1.445E-190	0	303	304	0	303	304	304M
10758	4043	-7.084E+02	0.988	0.000E+00	0	500	503	0	500	515	501M
10758	6767	-7.084E+02	1.00	0.000E+00	0	501	503	0	501	503	502M
10758	10758	-7.084E+02	1.00	0.000E+00	0	502	503	0	502	503	503M
10759	4042	-5.152E+02	0.997	1.836E-224	0	338	340	0	338	340	339M
10759	6768	-5.167E+02	1.00	3.799E-225	0	338	340	0	338	340	339M
10759	10759	-5.164E+02	1.00	5.206E-225	0	339	340	0	339	340	340M
10760	4041	-5.804E+02	1.00	8.871E-253	0	379	381	0	379	381	380M
10760	6769	-5.804E+02	1.00	8.871E-253	0	379	381	0	379	381	380M
10760	10760	-5.801E+02	1.00	1.216E-252	0	380	381	0	380	381	381M
10761	3531	-7.084E+02	1.00	0.000E+00	0	720	722	0	720	722	721M
10761	6770	-7.084E+02	1.00	0.000E+00	0	720	722	0	720	722	721M
10761	10761	-7.084E+02	1.00	0.000E+00	0	721	722	0	721	722	722M
10762	3530	-2.296E+02	1.00	1.855E-100	0	148	150	0	148	150	149M
10762	6771	-2.296E+02	1.00	1.855E-100	0	148	150	0	148	150	149M
10762	10762	-2.293E+02	1.00	2.543E-100	0	149	150	0	149	150	150M
10763	3529	-1.892E+02	0.992	6.959E-83	0	136	138	0	136	138	137M
10763	6772	-1.904E+02	1.00	1.968E-83	0	136	138	0	136	138	137M
10763	10763	-1.901E+02	1.00	2.698E-83	0	137	138	0	137	138	138M
10764	3528	-1.941E+02	0.992	5.140E-85	0	139	141	0	139	141	140M
10764	6773	-1.950E+02	1.00	1.993E-85	0	139	141	0	139	141	140M
10764	10764	-1.947E+02	1.00	2.733E-85	0	140	141	0	140	141	141M
10765	3527	-4.190E+02	0.993	1.029E-182	0	291	293	0	291	293	292M
10765	6774	-4.216E+02	1.00	8.268E-184	0	291	293	0	291	293	292M
10765	10765	-4.212E+02	1.00	1.133E-183	0	292	293	0	292	293	293M
10766	3526	-3.185E+02	0.995	4.822E-139	0	237	239	0	237	239	238M
10766	6775	-3.197E+02	1.00	1.366E-139	0	237	239	0	237	239	238M
10766	10766	-3.194E+02	1.00	1.873E-139	0	238	239	0	238	239	239M
10767	3525	-7.084E+02	0.997	0.000E+00	14	888	890	0	874	876	875M
10767	6776	-7.084E+02	1.00	0.000E+00	0	888	890	0	888	890	889M
10767	10767	-7.084E+02	1.00	0.000E+00	0	889	890	0	889	890	890M
10768	6777	-3.307E+01	1.00	4.324E-15	0	29	31	0	29	31	30M
10768	10768	-3.276E+01	1.00	5.946E-15	0	30	31	0	30	31	31M
10769	3136	-7.084E+02	0.952	0.000E+00	47	593	595	0	546	548	547M
10769	6778	-7.084E+02	1.00	0.000E+00	0	593	595	0	593	595	594M
10769	10769	-7.084E+02	1.00	0.000E+00	0	594	595	0	594	595	595M
10770	3135	-7.084E+02	0.996	0.000E+00	0	605	607	0	605	607	606M
10770	6779	-7.084E+02	1.00	0.000E+00	0	605	607	0	605	607	606M
10770	10770	-7.084E+02	1.00	0.000E+00	0	606	607	0	606	607	607M
10771	3134	-7.084E+02	0.991	0.000E+00	0	669	671	0	669	671	670M
10771	6780	-7.084E+02	1.00	0.000E+00	0	669	671	0	669	671	670M
10771	10771	-7.084E+02	1.00	0.000E+00	0	670	671	0	670	671	671M
10772	3133	-4.399E+02	1.00	9.407E-192	0	311	313	0	311	313	312M
10772	6781	-4.399E+02	1.00	9.407E-192	0	311	313	0	311	313	312M
10772	10772	-4.395E+02	1.00	1.289E-191	0	312	313	0	312	313	313M
10773	3132	-5.400E+02	0.997	2.899E-235	0	379	381	0	379	381	380M
10773	6782	-5.410E+02	1.00	1.127E-235	0	379	381	0	379	381	380M
10773	10773	-5.407E+02	1.00	1.544E-235	0	380	381	0	380	381	381M
10774	3131	-7.084E+02	0.998	0.000E+00	0	575	577	0	575	577	576M
10774	6783	-7.084E+02	1.00	0.000E+00	0	575	577	0	575	577	576M
10774	10774	-7.084E+02	1.00	0.000E+00	0	576	577	0	576	577	577M
10775	3130	-3.860E+02	1.00	2.318E-168	0	243	245	0	243	245	244M
10775	6784	-3.860E+02	1.00	2.318E-168	0	243	245	0	243	245	244M
10775	10775	-3.857E+02	1.00	3.178E-168	0	244	245	0	244	245	245M
10776	3129	-1.823E+02	1.00	6.603E-80	0	121	123	0	121	123	122M
10776	6785	-1.823E+02	1.00	6.603E-80	0	121	123	0	121	123	122M
10776	10776	-1.820E+02	1.00	9.055E-80	0	122	123	0	122	123	123M
10777	1858	-4.332E+02	0.989	7.027E-189	0	284	286	0	284	286	285M
10777	6786	-4.383E+02	1.00	4.533E-191	0	284	286	0	284	286	285M
10777	10777	-4.380E+02	1.00	6.212E-191	0	285	286	0	285	286	286M
10778	1857	-3.781E+02	1.00	6.148E-165	0	243	245	0	243	245	244M
10778	6787	-3.781E+02	1.00	6.148E-165	0	243	245	0	243	245	244M
10778	10778	-3.778E+02	1.00	8.427E-165	0	244	245	0	244	245	245M
10779	1856	-1.100E+02	1.00	1.663E-48	0	87	89	0	87	89	88M
10779	6788	-1.100E+02	1.00	1.663E-48	0	87	89	0	87	89	88M
10779	10779	-1.097E+02	1.00	2.282E-48	0	88	89	0	88	89	89M
10780	1855	-3.158E+02	0.977	6.973E-138	0	220	222	0	220	222	221M
10780	6789	-3.246E+02	1.00	1.020E-141	0	220	222	0	220	222	221M
10780	10780	-3.243E+02	1.00	1.398E-141	0	221	222	0	221	222	222M
10781	1854	-2.530E+02	1.00	1.288E-110	0	167	169	0	167	169	168M
10781	6790	-2.530E+02	1.00	1.288E-110	0	167	169	0	167	169	168M
10781	10781	-2.527E+02	1.00	1.767E-110	0	168	169	0	168	169	169M
10782	1853	-3.995E+02	0.992	3.248E-174	0	258	260	0	258	260	259M
10782	6791	-4.026E+02	1.00	1.388E-175	0	258	260	0	258	260	259M
10782	10782	-4.023E+02	1.00	1.902E-175	0	259	260	0	259	260	260M
10783	1852	-4.833E+02	0.984	1.275E-210	0	312	314	0	312	314	313M
10783	6792	-4.887E+02	1.00	6.006E-213	0	312	314	0	312	314	313M
10783	10783	-4.883E+02	1.00	8.231E-213	0	313	314	0	313	314	314M
10784	1851	-1.642E+02	0.983	4.928E-72	0	117	119	0	117	119	118M
10784	6793	-1.680E+02	1.00	1.112E-73	0	117	119	0	117	119	118M
10784	10784	-1.677E+02	1.00	1.525E-73	0	118	119	0	118	119	119M
10785	1850	-7.084E+02	1.00	0.000E+00	0	1152	1154	0	1152	1154	1153M
10785	6794	-7.084E+02	1.00	0.000E+00	0	1152	1154	0	1152	1154	1153M
10785	10785	-7.084E+02	1.00	0.000E+00	0	1153	1154	0	1153	1154	1154M
10786	1849	-2.251E+02	1.00	1.660E-98	0	143	145	0	143	145	144M
10786	6795	-2.251E+02	1.00	1.660E-98	0	143	145	0	143	145	144M
10786	10786	-2.248E+02	1.00	2.276E-98	0	144	145	0	144	145	145M
10787	1848	-7.363E+02	1.00	1.739E-320	0	488	490	0	488	490	489M
10787	6796	-7.363E+02	1.00	1.739E-320	0	488	490	0	488	490	489M
10787	10787	-7.360E+02	1.00	2.383E-320	0	489	490	0	489	490	490M
10788	1847	-1.683E+02	1.00	8.304E-74	0	111	113	0	111	113	112M
10788	6797	-1.683E+02	1.00	8.304E-74	0	111	113	0	111	113	112M
10788	10788	-1.680E+02	1.00	1.139E-73	0	112	113	0	112	113	113M
10789	1846	-7.084E+02	0.996	0.000E+00	0	618	620	0	618	620	619M
10789	6798	-7.084E+02	1.00	0.000E+00	0	618	620	0	618	620	619M
10789	10789	-7.084E+02	1.00	0.000E+00	0	619	620	0	619	620	620M
10790	1845	-2.396E+02	1.00	8.889E-105	0	171	173	0	171	173	172M
10790	6799	-2.396E+02	1.00	8.889E-105	0	171	173	0	171	173	172M
10790	10790	-2.393E+02	1.00	1.219E-104	0	172	173	0	172	173	173M
10791	1844	-1.562E+02	0.990	1.393E-68	0	105	107	0	105	107	106M
10791	6800	-1.572E+02	1.00	5.398E-69	0	105	107	0	105	107	106M
10791	10791	-1.569E+02	1.00	7.405E-69	0	106	107	0	106	107	107M
10792	1843	-1.842E+02	1.00	9.679E-81	0	127	129	0	127	129	128M
10792	6801	-1.842E+02	1.00	9.679E-81	0	127	129	0	127	129	128M
10792	10792	-1.839E+02	1.00	1.327E-80	0	128	129	0	128	129	129M
10793	1842	-6.151E+02	1.00	7.177E-268	0	404	406	0	404	406	405M
10793	6802	-6.151E+02	1.00	7.177E-268	0	404	406	0	404	406	405M
10793	10793	-6.148E+02	1.00	9.835E-268	0	405	406	0	405	406	406M
10794	1841	-2.264E+02	1.00	4.666E-99	0	156	158	0	156	158	157M
10794	6803	-2.264E+02	1.00	4.666E-99	0	156	158	0	156	158	157M
10794	10794	-2.261E+02	1.00	6.398E-99	0	157	158	0	157	158	158M
10795	1840	-3.088E+02	0.995	7.424E-135	0	214	216	0	214	216	215M
10795	6804	-3.104E+02	1.00	1.534E-135	0	214	216	0	214	216	215M
10795	10795	-3.101E+02	1.00	2.103E-135	0	215	216	0	215	216	216M
10796	1839	-1.996E+02	1.00	2.158E-87	0	150	152	0	150	152	151M
10796	6805	-1.996E+02	1.00	2.158E-87	0	150	152	0	150	152	151M
10796	10796	-1.992E+02	1.00	2.959E-87	0	151	152	0	151	152	152M
10797	1838	-1.172E+02	1.00	1.270E-51	0	89	91	0	89	91	90M
10797	6806	-1.172E+02	1.00	1.270E-51	0	89	91	0	89	91	90M
10797	10797	-1.169E+02	1.00	1.742E-51	0	90	91	0	90	91	91M
10798	1837	-7.084E+02	0.993	0.000E+00	0	620	622	0	620	622	621M
10798	6807	-7.084E+02	1.00	0.000E+00	0	620	622	0	620	622	621M
10798	10798	-7.084E+02	1.00	0.000E+00	0	621	622	0	621	622	622M
10799	3310	-4.908E+02	0.996	7.028E-214	0	317	322	0	317	324	318M
10799	6808	-4.990E+02	1.00	1.941E-217	0	320	322	0	320	322	321M
10799	10799	-4.987E+02	1.00	2.660E-217	0	321	322	0	321	322	322M
10800	3309	-6.402E+02	0.997	8.911E-279	0	406	408	0	406	408	407M
10800	6809	-6.421E+02	1.00	1.346E-279	0	406	408	0	406	408	407M
10800	10800	-6.418E+02	1.00	1.844E-279	0	407	408	0	407	408	408M
10801	3308	-5.977E+02	0.992	2.737E-260	0	400	402	0	400	402	401M
10801	6810	-6.021E+02	1.00	3.324E-262	0	400	402	0	400	402	401M
10801	10801	-6.018E+02	1.00	4.555E-262	0	401	402	0	401	402	402M
10802	3307	-6.262E+02	0.983	1.060E-272	4	429	431	0	425	427	426M
10802	6811	-6.423E+02	1.00	1.117E-279	0	429	431	0	429	431	430M
10802	10802	-6.420E+02	1.00	1.530E-279	0	430	431	0	430	431	431M
10803	3279	-6.864E+02	1.00	7.814E-299	0	456	458	0	456	458	457M
10803	6812	-6.864E+02	1.00	7.814E-299	0	456	458	0	456	458	457M
10803	10803	-6.861E+02	1.00	1.071E-298	0	457	458	0	457	458	458M
10804	3278	-1.404E+02	0.980	1.040E-61	0	99	101	0	99	101	100M
10804	6813	-1.429E+02	1.00	8.295E-63	0	99	101	0	99	101	100M
10804	10804	-1.426E+02	1.00	1.138E-62	0	100	101	0	100	101	101M
10805	3283	-2.215E+02	0.993	6.308E-97	0	153	155	0	153	155	154M
10805	6814	-2.247E+02	1.00	2.686E-98	0	153	155	0	153	155	154M
10805	10805	-2.243E+02	1.00	3.683E-98	0	154	155	0	154	155	155M
10806	2905	-7.084E+02	0.996	0.000E+00	0	593	595	0	593	595	594M
10806	6815	-7.084E+02	1.00	0.000E+00	0	593	595	0	593	595	594M
10806	10806	-7.084E+02	1.00	0.000E+00	0	594	595	0	594	595	595M
10807	2906	-7.403E+02	0.981	3.113E-322	0	476	478	0	476	478	477M
10807	6816	-7.084E+02	1.00	0.000E+00	0	476	478	0	476	478	477M
10807	10807	-7.084E+02	1.00	0.000E+00	0	477	478	0	477	478	478M
10808	2907	-7.027E+02	0.983	6.493E-306	0	478	480	0	478	480	479M
10808	6817	-7.147E+02	1.00	4.115E-311	0	478	480	0	478	480	479M
10808	10808	-7.144E+02	1.00	5.638E-311	0	479	480	0	479	480	480M
10809	2908	-7.084E+02	0.995	0.000E+00	0	612	614	0	612	614	613M
10809	6818	-7.084E+02	1.00	0.000E+00	0	612	614	0	612	614	613M
10809	10809	-7.084E+02	1.00	0.000E+00	0	613	614	0	613	614	614M
10810	2909	-7.084E+02	0.984	0.000E+00	0	635	637	0	635	637	636M
10810	6819	-7.084E+02	1.00	0.000E+00	0	635	637	0	635	637	636M
10810	10810	-7.084E+02	1.00	0.000E+00	0	636	637	0	636	637	637M
10811	2910	-3.974E+02	0.980	2.561E-173	0	255	257	0	255	257	256M
10811	6820	-4.047E+02	1.00	1.816E-176	0	255	257	0	255	257	256M
10811	10811	-4.043E+02	1.00	2.489E-176	0	256	257	0	256	257	257M
10812	2911	-2.923E+02	0.970	1.154E-127	0	204	206	0	204	206	205M
10812	6821	-3.011E+02	1.00	1.685E-131	0	204	206	0	204	206	205M
10812	10812	-3.008E+02	1.00	2.310E-131	0	205	206	0	205	206	206M
10813	2912	-7.084E+02	0.990	0.000E+00	0	625	770	0	625	626	626M
10813	6822	-7.084E+02	1.00	0.000E+00	0	768	770	0	768	770	769M
10813	10813	-7.084E+02	1.00	0.000E+00	0	769	770	0	769	770	770M
10814	4196	-1.320E+02	1.00	4.576E-58	0	96	98	0	96	98	97M
10814	6823	-1.320E+02	1.00	4.576E-58	0	96	98	0	96	98	97M
10814	10814	-1.317E+02	1.00	6.278E-58	0	97	98	0	97	98	98M
10815	4197	-7.084E+02	0.982	0.000E+00	0	506	508	0	506	508	507M
10815	6824	-7.084E+02	1.00	0.000E+00	0	506	508	0	506	508	507M
10815	10815	-7.084E+02	1.00	0.000E+00	0	507	508	0	507	508	508M
10816	4198	-1.383E+02	0.973	9.053E-61	0	111	113	0	111	113	112M
10816	6825	-1.430E+02	1.00	7.907E-63	0	111	113	0	111	113	112M
10816	10816	-1.427E+02	1.00	1.085E-62	0	112	113	0	112	113	113M
10817	1693	-2.604E+02	1.00	8.252E-114	38	205	207	0	167	169	168M
10817	6826	-3.231E+02	1.00	4.552E-141	0	205	207	0	205	207	206M
10817	10817	-3.228E+02	1.00	6.240E-141	0	206	207	0	206	207	207M
10818	1694	-7.084E+02	0.993	0.000E+00	0	714	716	0	714	716	715M
10818	6827	-7.084E+02	1.00	0.000E+00	0	714	716	0	714	716	715M
10818	10818	-7.084E+02	1.00	0.000E+00	0	715	716	0	715	716	716M
10819	1695	-3.123E+02	0.966	2.275E-136	0	207	209	0	207	209	208M
10819	6828	-3.278E+02	1.00	4.414E-143	0	207	209	0	207	209	208M
10819	10819	-3.275E+02	1.00	6.051E-143	0	208	209	0	208	209	209M
10820	1696	-2.399E+02	0.959	6.483E-105	0	171	173	0	171	173	172M
10820	6829	-2.465E+02	1.00	8.589E-108	0	171	173	0	171	173	172M
10820	10820	-2.462E+02	1.00	1.178E-107	0	172	173	0	172	173	173M
10821	1697	-5.203E+02	0.980	1.107E-226	0	350	352	0	350	352	351M
10821	6830	-5.301E+02	1.00	6.337E-231	0	350	352	0	350	352	351M
10821	10821	-5.297E+02	1.00	8.685E-231	0	351	352	0	351	352	352M
10822	1698	-2.942E+02	1.00	1.763E-128	0	191	193	0	191	193	192M
10822	6831	-2.942E+02	1.00	1.763E-128	0	191	193	0	191	193	192M
10822	10822	-2.938E+02	1.00	2.416E-128	0	192	193	0	192	193	193M
10823	1699	-7.084E+02	0.977	0.000E+00	0	521	523	0	521	523	522M
10823	6832	-7.084E+02	1.00	0.000E+00	0	521	523	0	521	523	522M
10823	10823	-7.084E+02	1.00	0.000E+00	0	522	523	0	522	523	523M
10824	1700	-3.502E+02	0.967	7.945E-153	0	246	248	0	246	248	247M
10824	6833	-3.584E+02	1.00	2.188E-156	0	246	248	0	246	248	247M
10824	10824	-3.581E+02	1.00	2.999E-156	0	247	248	0	247	248	248M
10825	1701	-5.629E+02	1.00	3.347E-245	0	368	370	11	379	381	369M
10825	6834	-5.629E+02	1.00	3.347E-245	0	368	370	11	379	381	369M
10825	10825	-5.626E+02	1.00	4.587E-245	0	369	370	0	369	370	370M
10826	1702	-4.174E+02	0.989	5.462E-182	0	293	295	0	294	296	279M1D15M
10826	6835	-4.237E+02	1.00	9.996E-185	0	293	295	0	293	295	294M
10826	10826	-4.234E+02	1.00	1.370E-184	0	294	295	0	294	295	295M
10827	1703	-1.199E+02	0.938	8.757E-53	0	97	101	0	97	99	98M
10827	6836	-1.316E+02	1.00	7.270E-58	0	99	101	0	99	101	100M
10827	10827	-1.313E+02	1.00	9.973E-58	0	100	101	0	100	101	101M
10828	1704	-7.084E+02	0.988	0.000E+00	0	517	519	0	517	519	518M
10828	6837	-7.084E+02	1.00	0.000E+00	0	517	519	0	517	519	518M
10828	10828	-7.084E+02	1.00	0.000E+00	0	518	519	0	518	519	519M
10829	1705	-1.156E+02	1.00	6.485E-51	0	90	92	0	90	92	91M
10829	6838	-1.156E+02	1.00	6.485E-51	0	90	92	0	90	92	91M
10829	10829	-1.152E+02	1.00	8.899E-51	0	91	92	0	91	92	92M
10830	1706	-7.084E+02	0.992	0.000E+00	3	509	511	204	710	712	507M
10830	6839	-7.084E+02	1.00	0.000E+00	0	509	511	0	509	511	510M
10830	10830	-7.084E+02	1.00	0.000E+00	0	510	511	0	510	511	511M
10831	3758	-6.748E+02	0.962	9.006E-294	0	456	458	0	456	458	457M
10831	7054	-6.996E+02	1.00	1.403E-304	0	456	458	0	456	458	457M
10831	10831	-6.993E+02	1.00	1.922E-304	0	457	458	0	457	458	458M
10832	3759	-7.041E+02	1.00	1.709E-306	3	490	492	0	487	489	488M
10832	7053	-7.078E+02	1.00	3.904E-308	0	490	492	0	490	492	491M
10832	10832	-7.075E+02	1.00	5.349E-308	0	491	492	0	491	492	492M
10833	2148	-4.630E+01	0.432	7.829E-21	7	103	112	12	107	552	29M1I67M
10833	7052	-1.623E+02	1.00	3.202E-71	0	110	112	0	110	112	111M
10833	10833	-1.620E+02	1.00	4.391E-71	0	111	112	0	111	112	112M
10834	2086	-4.670E+02	1.00	1.552E-203	0	297	299	0	297	299	298M
10834	7051	-4.670E+02	1.00	1.552E-203	0	297	299	0	297	299	298M
10834	10834	-4.667E+02	1.00	2.127E-203	0	298	299	0	298	299	299M
10835	2087	-2.159E+02	0.986	1.649E-94	0	144	146	0	144	146	145M
10835	7050	-2.200E+02	1.00	2.721E-96	0	144	146	0	144	146	145M
10835	10835	-2.197E+02	1.00	3.731E-96	0	145	146	0	145	146	146M
10836	2088	-2.045E+02	0.992	1.534E-89	0	139	141	0	139	141	140M
10836	7049	-2.061E+02	1.00	3.164E-90	0	139	141	0	139	141	140M
10836	10836	-2.058E+02	1.00	4.338E-90	0	140	141	0	140	141	141M
10837	2089	-2.406E+02	0.987	3.230E-105	0	163	165	0	163	165	164M
10837	7048	-2.428E+02	1.00	3.546E-106	0	163	165	0	163	165	164M
10837	10837	-2.425E+02	1.00	4.862E-106	0	164	165	0	164	165	165M
10838	2090	-2.312E+02	1.00	3.798E-101	0	161	163	0	161	163	162M
10838	7047	-2.312E+02	1.00	3.798E-101	0	161	163	0	161	163	162M
10838	10838	-2.309E+02	1.00	5.208E-101	0	162	163	0	162	163	163M
10839	2091	-1.478E+02	1.00	6.419E-65	0	103	105	0	103	105	104M
10839	7046	-1.478E+02	1.00	6.419E-65	0	103	105	0	103	105	104M
10839	10839	-1.475E+02	1.00	8.805E-65	0	104	105	0	104	105	105M
10840	2092	-7.084E+02	0.993	0.000E+00	0	622	624	0	622	624	623M
10840	7045	-7.084E+02	1.00	0.000E+00	0	622	624	0	622	624	623M
10840	10840	-7.084E+02	1.00	0.000E+00	0	623	624	0	623	624	624M
10841	2093	-2.020E+02	0.993	1.841E-88	0	158	160	0	158	160	159M
10841	7044	-2.052E+02	1.00	7.839E-90	0	158	160	0	158	160	159M
10841	10841	-2.049E+02	1.00	1.075E-89	0	159	160	0	159	160	160M
10842	2094	-1.496E+02	0.990	1.086E-65	0	99	101	0	99	101	100M
10842	7043	-1.505E+02	1.00	4.208E-66	0	99	101	0	99	101	100M
10842	10842	-1.502E+02	1.00	5.772E-66	0	100	101	0	100	101	101M
10843	2095	-3.034E+02	1.00	1.767E-132	0	203	205	0	203	205	204M
10843	7042	-3.034E+02	1.00	1.767E-132	0	203	205	0	203	205	204M
10843	10843	-3.031E+02	1.00	2.422E-132	0	204	205	0	204	205	205M
10844	2096	-4.258E+02	0.978	1.234E-185	0	282	284	0	282	284	283M
10844	7041	-4.349E+02	1.00	1.322E-189	0	282	284	0	282	284	283M
10844	10844	-4.346E+02	1.00	1.812E-189	0	283	284	0	283	284	284M
10845	2097	-4.482E+02	1.00	2.340E-195	0	302	304	0	302	304	303M
10845	7040	-4.482E+02	1.00	2.340E-195	0	302	304	0	302	304	303M
10845	10845	-4.478E+02	1.00	3.207E-195	0	303	304	0	303	304	304M
10846	2098	-3.420E+02	0.982	3.085E-149	0	234	236	0	234	236	235M
10846	7039	-3.486E+02	1.00	4.106E-152	0	234	236	0	234	236	235M
10846	10846	-3.483E+02	1.00	5.629E-152	0	235	236	0	235	236	236M
10847	2099	-6.205E+02	0.997	3.156E-270	0	416	418	0	416	418	417M
10847	7038	-6.209E+02	1.00	2.303E-270	0	416	418	0	416	418	417M
10847	10847	-6.205E+02	1.00	3.156E-270	0	417	418	0	417	418	418M
10848	2100	-4.584E+02	1.00	8.390E-200	0	319	321	0	319	321	320M
10848	7037	-4.584E+02	1.00	8.390E-200	0	319	321	0	319	321	320M
10848	10848	-4.581E+02	1.00	1.150E-199	0	320	321	0	320	321	321M
10849	2101	-7.084E+02	1.00	0.000E+00	0	632	634	0	632	634	633M
10849	7036	-7.084E+02	1.00	0.000E+00	0	632	634	0	632	634	633M
10849	10849	-7.084E+02	1.00	0.000E+00	0	633	634	0	633	634	634M
10850	2102	-1.469E+02	1.00	1.541E-64	0	108	110	0	108	110	109M
10850	7035	-1.469E+02	1.00	1.541E-64	0	108	110	0	108	110	109M
10850	10850	-1.466E+02	1.00	2.114E-64	0	109	110	0	109	110	110M
10851	2103	-6.079E+02	1.00	9.572E-265	0	376	378	0	376	378	377M
10851	7034	-6.079E+02	1.00	9.572E-265	0	376	378	0	376	378	377M
10851	10851	-6.076E+02	1.00	1.312E-264	0	377	378	0	377	378	378M
10852	2104	-2.606E+02	0.984	6.982E-114	0	188	190	0	188	190	189M
10852	7033	-2.669E+02	1.00	1.270E-116	0	188	190	0	188	190	189M
10852	10852	-2.665E+02	1.00	1.741E-116	0	189	190	0	189	190	190M
10853	2105	-5.201E+02	0.979	1.365E-226	0	341	343	0	341	343	342M
10853	7032	-5.339E+02	1.00	1.298E-232	0	341	343	0	341	343	342M
10853	10853	-5.336E+02	1.00	1.779E-232	0	342	343	0	342	343	343M
10854	2106	-5.275E+02	0.997	8.159E-230	0	344	346	0	344	346	345M
10854	7031	-5.294E+02	1.00	1.232E-230	0	344	346	0	344	346	345M
10854	10854	-5.291E+02	1.00	1.688E-230	0	345	346	0	345	346	346M
10855	3557	-6.424E+02	0.995	1.054E-279	0	421	423	0	421	423	422M
10855	7030	-6.443E+02	1.00	1.592E-280	0	421	423	0	421	423	422M
10855	10855	-6.439E+02	1.00	2.182E-280	0	422	423	0	422	423	423M
10856	3556	-7.084E+02	0.996	0.000E+00	0	915	917	0	915	917	916M
10856	7029	-7.084E+02	1.00	0.000E+00	0	915	917	0	915	917	916M
10856	10856	-7.084E+02	1.00	0.000E+00	0	916	917	0	916	917	917M
10857	3555	-4.842E+02	1.00	5.365E-211	0	307	309	0	307	309	308M
10857	7028	-4.842E+02	1.00	5.365E-211	0	307	309	0	307	309	308M
10857	10857	-4.839E+02	1.00	7.353E-211	0	308	309	0	308	309	309M
10858	3554	-4.277E+02	0.969	1.824E-186	0	294	297	0	294	296	295M
10858	7027	-4.460E+02	1.00	2.098E-194	0	295	297	0	295	297	296M
10858	10858	-4.456E+02	1.00	2.875E-194	0	296	297	0	296	297	297M
10859	7026	-5.387E+02	1.00	1.149E-234	0	341	343	0	341	343	342M
10859	10859	-5.384E+02	1.00	1.574E-234	0	342	343	0	342	343	343M
10860	3553	-7.781E+01	0.334	1.615E-34	10	243	252	3	263	270	16M2D18M2I6M5D31M2D39M18D59M1D40M1D23M
10860	7025	-3.771E+02	1.00	1.608E-164	0	250	252	0	250	252	251M
10860	10860	-3.768E+02	1.00	2.204E-164	0	251	252	0	251	252	252M
10861	7024	-3.871E+02	1.00	7.693E-169	0	253	255	0	253	255	254M
10861	10861	-3.868E+02	1.00	1.054E-168	0	254	255	0	254	255	255M
10862	3552	-1.037E+02	0.331	9.044E-46	0	341	345	0	324	326	8M1I82M3I10M2D29M2D4M1I9M16I16M1I130M1D32M
10862	7023	-5.140E+02	1.00	5.972E-224	0	343	345	0	343	345	344M
10862	10862	-5.137E+02	1.00	8.184E-224	0	344	345	0	344	345	345M
10863	7022	-4.847E+02	1.00	3.044E-211	0	295	297	0	295	297	296M
10863	10863	-4.844E+02	1.00	4.172E-211	0	296	297	0	296	297	297M
10864	7021	-3.803E+02	1.00	6.870E-166	0	250	252	0	250	252	251M
10864	10864	-3.800E+02	1.00	9.417E-166	0	251	252	0	251	252	252M
10865	7020	-4.753E+02	1.00	3.827E-207	0	308	310	0	308	310	309M
10865	10865	-4.750E+02	1.00	5.245E-207	0	309	310	0	309	310	310M
10866	72	-8.897E+01	0.971	2.301E-39	0	70	73	0	70	73	71M
10866	7019	-9.245E+01	1.00	7.062E-41	0	71	73	0	71	73	72M
10866	10866	-9.213E+01	1.00	9.694E-41	0	72	73	0	72	73	73M
10867	7018	-5.516E+02	1.00	2.809E-240	0	341	343	0	341	343	342M
10867	10867	-5.513E+02	1.00	3.849E-240	0	342	343	0	342	343	343M
10868	71	-7.084E+02	0.998	0.000E+00	0	591	593	0	591	593	592M
10868	7017	-7.084E+02	1.00	0.000E+00	0	591	593	0	591	593	592M
10868	10868	-7.084E+02	1.00	0.000E+00	0	592	593	0	592	593	593M
10869	70	-3.862E+02	0.984	1.981E-168	0	253	255	0	253	255	254M
10869	7016	-3.921E+02	1.00	4.957E-171	0	253	255	0	253	255	254M
10869	10869	-3.918E+02	1.00	6.794E-171	0	254	255	0	254	255	255M
10870	69	-7.084E+02	0.963	0.000E+00	0	684	686	0	690	692	276M3D17M3D392M
10870	7015	-7.084E+02	1.00	0.000E+00	0	684	686	0	684	686	685M
10870	10870	-7.084E+02	1.00	0.000E+00	0	685	686	0	685	686	686M
10871	68	-7.084E+02	0.989	0.000E+00	0	486	488	0	486	488	487M
10871	7014	-7.084E+02	1.00	0.000E+00	0	486	488	0	486	488	487M
10871	10871	-7.084E+02	1.00	0.000E+00	0	487	488	0	487	488	488M
10872	67	-2.313E+02	0.993	3.647E-101	0	146	149	0	146	149	147M
10872	7013	-2.341E+02	1.00	2.128E-102	0	147	149	0	147	149	148M
10872	10872	-2.338E+02	1.00	2.918E-102	0	148	149	0	148	149	149M
10873	66	-1.925E+02	0.992	2.503E-84	0	126	128	0	126	128	127M
10873	7012	-1.938E+02	1.00	7.078E-85	0	126	128	0	126	128	127M
10873	10873	-1.934E+02	1.00	9.706E-85	0	127	128	0	127	128	128M
10874	65	-2.285E+02	0.993	5.912E-100	0	159	161	0	159	161	160M
10874	7011	-2.310E+02	1.00	4.733E-101	0	159	161	0	159	161	160M
10874	10874	-2.307E+02	1.00	6.490E-101	0	160	161	0	160	161	161M
10875	7010	-3.649E+02	1.00	3.257E-159	0	235	237	0	235	237	236M
10875	10875	-3.646E+02	1.00	4.464E-159	0	236	237	0	236	237	237M
10876	2789	-1.055E+02	0.304	1.553E-46	2	297	299	0	298	309	191M2D12M1D93M
10876	7009	-4.443E+02	1.00	1.114E-193	0	297	299	0	297	299	298M
10876	10876	-4.440E+02	1.00	1.527E-193	0	298	299	0	298	299	299M
10877	64	-7.084E+02	0.996	0.000E+00	0	592	594	0	592	594	593M
10877	7008	-7.084E+02	1.00	0.000E+00	0	592	594	0	592	594	593M
10877	10877	-7.084E+02	1.00	0.000E+00	0	593	594	0	593	594	594M
10878	63	-7.084E+02	0.995	0.000E+00	0	599	601	0	599	601	600M
10878	7007	-7.084E+02	1.00	0.000E+00	0	599	601	0	599	601	600M
10878	10878	-7.084E+02	1.00	0.000E+00	0	600	601	0	600	601	601M
10879	62	-1.809E+02	0.992	2.836E-79	0	125	127	0	125	127	126M
10879	7006	-1.818E+02	1.00	1.099E-79	0	125	127	0	125	127	126M
10879	10879	-1.815E+02	1.00	1.508E-79	0	126	127	0	126	127	127M
10880	61	-7.084E+02	0.994	0.000E+00	0	517	519	34	551	553	518M
10880	7005	-7.084E+02	1.00	0.000E+00	0	517	519	0	517	519	518M
10880	10880	-7.084E+02	1.00	0.000E+00	0	518	519	0	518	519	519M
10881	60	-3.429E+02	1.00	1.180E-149	0	227	229	0	227	229	228M
10881	7004	-3.429E+02	1.00	1.180E-149	0	227	229	0	227	229	228M
10881	10881	-3.426E+02	1.00	1.617E-149	0	228	229	0	228	229	229M
10882	59	-7.084E+02	0.993	0.000E+00	0	479	481	0	479	481	480M
10882	7003	-7.084E+02	1.00	0.000E+00	0	479	481	0	479	481	480M
10882	10882	-7.084E+02	1.00	0.000E+00	0	480	481	0	480	481	481M
10883	58	-6.174E+02	1.00	7.361E-269	0	389	391	0	389	391	390M
10883	7002	-6.174E+02	1.00	7.361E-269	0	389	391	0	389	391	390M
10883	10883	-6.171E+02	1.00	1.009E-268	0	390	391	0	390	391	391M
10884	57	-2.586E+02	0.988	4.701E-113	0	175	177	0	175	177	176M
10884	7001	-2.609E+02	1.00	5.164E-114	0	175	177	0	175	177	176M
10884	10884	-2.605E+02	1.00	7.080E-114	0	176	177	0	176	177	177M
10885	56	-3.535E+02	0.974	2.906E-154	0	236	238	0	236	238	237M
10885	7000	-3.614E+02	1.00	1.096E-157	0	236	238	0	236	238	237M
10885	10885	-3.611E+02	1.00	1.502E-157	0	237	238	0	237	238	238M
10886	55	-2.819E+02	0.989	3.885E-123	0	191	193	0	191	193	192M
10886	6999	-2.853E+02	1.00	1.209E-124	0	191	193	0	191	193	192M
10886	10886	-2.850E+02	1.00	1.657E-124	0	192	193	0	192	193	193M
10887	54	-5.328E+02	0.575	4.205E-232	0	622	624	0	611	613	233M1D188M4I44M2I4M2I76M1I49M3I17M
10887	6998	-7.084E+02	1.00	0.000E+00	0	622	624	0	622	624	623M
10887	10887	-7.084E+02	1.00	0.000E+00	0	623	624	0	623	624	624M
10888	53	-3.219E+02	0.958	1.586E-140	0	218	220	0	218	223	219M
10888	6997	-3.307E+02	1.00	2.318E-144	0	218	220	0	218	220	219M
10888	10888	-3.304E+02	1.00	3.178E-144	0	219	220	0	219	220	220M
10889	52	-6.291E+02	1.00	6.022E-274	0	408	410	0	408	410	409M
10889	6996	-6.291E+02	1.00	6.022E-274	0	408	410	0	408	410	409M
10889	10889	-6.288E+02	1.00	8.252E-274	0	409	410	0	409	410	410M
10890	51	-2.652E+02	0.994	6.408E-116	0	169	171	0	169	171	170M
10890	6995	-2.668E+02	1.00	1.323E-116	0	169	171	0	169	171	170M
10890	10890	-2.665E+02	1.00	1.814E-116	0	170	171	0	170	171	171M
10891	50	-5.319E+02	0.984	9.625E-232	0	330	332	0	330	332	331M
10891	6994	-5.433E+02	1.00	1.137E-236	0	330	332	0	330	332	331M
10891	10891	-5.430E+02	1.00	1.558E-236	0	331	332	0	331	332	332M
10892	49	-4.566E+02	0.993	5.035E-199	0	290	292	0	290	292	291M
10892	6993	-4.591E+02	1.00	4.044E-200	0	290	292	0	290	292	291M
10892	10892	-4.588E+02	1.00	5.543E-200	0	291	292	0	291	292	292M
10893	48	-5.040E+02	0.988	1.317E-219	0	348	350	0	348	350	349M
10893	6992	-5.097E+02	1.00	4.534E-222	0	348	350	0	348	350	349M
10893	10893	-5.093E+02	1.00	6.214E-222	0	349	350	0	349	350	350M
10894	47	-3.808E+02	1.00	4.130E-166	0	266	268	0	266	268	267M
10894	6991	-3.808E+02	1.00	4.130E-166	0	266	268	0	266	268	267M
10894	10894	-3.805E+02	1.00	5.661E-166	0	267	268	0	267	268	268M
10895	46	-4.550E+02	1.00	2.470E-198	0	297	299	0	297	299	298M
10895	6990	-4.550E+02	1.00	2.470E-198	0	297	299	0	297	299	298M
10895	10895	-4.547E+02	1.00	3.386E-198	0	298	299	0	298	299	299M
10896	45	-6.506E+02	0.988	2.820E-283	0	427	429	0	427	429	428M
10896	6989	-6.572E+02	1.00	3.776E-286	0	427	429	0	427	429	428M
10896	10896	-6.569E+02	1.00	5.175E-286	0	428	429	0	428	429	429M
10897	44	-4.451E+02	0.997	5.100E-194	0	355	357	0	355	357	356M
10897	6988	-4.473E+02	1.00	5.624E-195	0	355	357	0	355	357	356M
10897	10897	-4.470E+02	1.00	7.706E-195	0	356	357	0	356	357	357M
10898	43	-2.976E+02	0.984	5.483E-130	0	191	193	0	191	193	192M
10898	6987	-3.014E+02	1.00	1.244E-131	0	191	193	0	191	193	192M
10898	10898	-3.011E+02	1.00	1.706E-131	0	192	193	0	192	193	193M
10899	42	-4.061E+02	0.996	4.456E-177	42	299	301	0	257	259	258M
10899	6986	-4.735E+02	1.00	2.275E-206	0	299	301	0	299	301	300M
10899	10899	-4.732E+02	1.00	3.118E-206	0	300	301	0	300	301	301M
10900	41	-3.282E+02	1.00	2.980E-143	0	212	214	0	212	214	213M
10900	6985	-3.282E+02	1.00	2.980E-143	0	212	214	0	212	214	213M
10900	10900	-3.279E+02	1.00	4.085E-143	0	213	214	0	213	214	214M
10901	40	-7.084E+02	0.997	0.000E+00	0	906	908	0	906	908	907M
10901	6984	-7.084E+02	1.00	0.000E+00	0	906	908	0	906	908	907M
10901	10901	-7.084E+02	1.00	0.000E+00	0	907	908	0	907	908	908M
10902	39	-1.833E+02	0.986	2.403E-80	0	146	148	0	146	148	147M
10902	6983	-1.855E+02	1.00	2.636E-81	0	146	148	0	146	148	147M
10902	10902	-1.852E+02	1.00	3.615E-81	0	147	148	0	147	148	148M
10903	38	-6.316E+02	1.00	4.826E-275	0	435	437	0	435	437	436M
10903	6982	-6.316E+02	1.00	4.826E-275	0	435	437	0	435	437	436M
10903	10903	-6.313E+02	1.00	6.612E-275	0	436	437	0	436	437	437M
10904	37	-3.066E+02	1.00	6.970E-134	0	208	210	0	208	210	209M
10904	6981	-3.066E+02	1.00	6.970E-134	0	208	210	0	208	210	209M
10904	10904	-3.063E+02	1.00	9.554E-134	0	209	210	0	209	210	210M
10905	36	-1.181E+02	0.966	5.164E-52	0	88	92	0	88	127	89M
10905	6980	-1.260E+02	1.00	1.901E-55	0	90	92	0	90	92	91M
10905	10905	-1.257E+02	1.00	2.608E-55	0	91	92	0	91	92	92M
10906	35	-4.457E+02	0.989	2.743E-194	27	321	323	0	294	296	295M
10906	6979	-4.904E+02	1.00	1.009E-213	0	321	323	0	321	323	322M
10906	10906	-4.901E+02	1.00	1.383E-213	0	322	323	0	322	323	323M
10907	34	-1.963E+02	0.949	5.373E-86	0	138	140	0	138	140	139M
10907	6978	-2.068E+02	1.00	1.603E-90	0	138	140	0	138	140	139M
10907	10907	-2.064E+02	1.00	2.198E-90	0	139	140	0	139	140	140M
10908	33	-4.360E+02	0.975	4.316E-190	0	285	287	0	285	287	286M
10908	6977	-4.477E+02	1.00	3.713E-195	0	285	287	0	285	287	286M
10908	10908	-4.474E+02	1.00	5.089E-195	0	286	287	0	286	287	287M
10909	32	-1.099E+02	1.00	1.874E-48	0	83	85	0	83	85	84M
10909	6976	-1.099E+02	1.00	1.874E-48	0	83	85	0	83	85	84M
10909	10909	-1.096E+02	1.00	2.571E-48	0	84	85	0	84	85	85M
10910	31	-7.084E+02	0.991	0.000E+00	0	710	712	0	710	712	711M
10910	6975	-7.084E+02	1.00	0.000E+00	0	710	712	0	710	712	711M
10910	10910	-7.084E+02	1.00	0.000E+00	0	711	712	0	711	712	712M
10911	30	-6.011E+02	0.995	8.554E-262	0	400	402	0	400	402	401M
10911	6974	-6.027E+02	1.00	1.770E-262	0	400	402	0	400	402	401M
10911	10911	-6.024E+02	1.00	2.426E-262	0	401	402	0	401	402	402M
10912	29	-5.191E+02	1.00	3.635E-226	0	335	337	0	335	337	336M
10912	6973	-5.191E+02	1.00	3.635E-226	0	335	337	0	335	337	336M
10912	10912	-5.188E+02	1.00	4.981E-226	0	336	337	0	336	337	337M
10913	28	-5.562E+02	1.00	2.879E-242	0	371	373	0	371	373	372M
10913	6972	-5.562E+02	1.00	2.879E-242	0	371	373	0	371	373	372M
10913	10913	-5.559E+02	1.00	3.945E-242	0	372	373	0	372	373	373M
10914	27	-6.713E+02	0.997	2.949E-292	0	416	418	0	416	418	417M
10914	6971	-6.728E+02	1.00	6.102E-293	0	416	418	0	416	418	417M
10914	10914	-6.725E+02	1.00	8.362E-293	0	417	418	0	417	418	418M
10915	26	-7.084E+02	1.00	0.000E+00	0	800	802	0	800	802	801M
10915	6970	-7.084E+02	1.00	0.000E+00	0	800	802	0	800	802	801M
10915	10915	-7.084E+02	1.00	0.000E+00	0	801	802	0	801	802	802M
10916	25	-7.084E+02	0.998	0.000E+00	0	546	548	0	546	548	547M
10916	6969	-7.084E+02	1.00	0.000E+00	0	546	548	0	546	548	547M
10916	10916	-7.084E+02	1.00	0.000E+00	0	547	548	0	547	548	548M
10917	24	-2.373E+02	0.993	9.007E-104	0	160	162	0	160	162	161M
10917	6968	-2.392E+02	1.00	1.356E-104	0	160	162	0	160	162	161M
10917	10917	-2.388E+02	1.00	1.859E-104	0	161	162	0	161	162	162M
10918	23	-1.620E+02	0.991	4.286E-71	0	116	118	0	116	118	117M
10918	6967	-1.636E+02	1.00	8.831E-72	0	116	118	0	116	118	117M
10918	10918	-1.633E+02	1.00	1.211E-71	0	117	118	0	117	118	118M
10919	22	-2.212E+02	0.986	8.475E-97	0	146	148	0	146	148	147M
10919	6966	-2.244E+02	1.00	3.607E-98	0	146	148	0	146	148	147M
10919	10919	-2.241E+02	1.00	4.946E-98	0	147	148	0	147	148	148M
10920	21	-5.704E+02	0.997	1.886E-248	0	390	392	0	390	392	391M
10920	6965	-5.726E+02	1.00	2.079E-249	0	390	392	0	390	392	391M
10920	10920	-5.723E+02	1.00	2.849E-249	0	391	392	0	391	392	392M
10921	20	-2.466E+02	0.988	8.189E-108	0	170	172	0	170	172	171M
10921	6964	-2.500E+02	1.00	2.545E-109	0	170	172	0	170	172	171M
10921	10921	-2.497E+02	1.00	3.490E-109	0	171	172	0	171	172	172M
10922	19	-5.330E+02	0.997	3.427E-232	0	355	357	0	355	357	356M
10922	6963	-5.339E+02	1.00	1.332E-232	0	355	357	0	355	357	356M
10922	10922	-5.336E+02	1.00	1.825E-232	0	356	357	0	356	357	357M
10923	18	-6.494E+01	1.00	6.235E-29	0	51	53	0	51	53	52M
10923	6962	-6.494E+01	1.00	6.235E-29	0	51	53	0	51	53	52M
10923	10923	-6.463E+01	1.00	8.562E-29	0	52	53	0	52	53	53M
10924	17	-6.109E+02	0.992	4.903E-266	0	400	402	0	400	402	401M
10924	6961	-6.131E+02	1.00	5.403E-267	0	400	402	0	400	402	401M
10924	10924	-6.128E+02	1.00	7.405E-267	0	401	402	0	401	402	402M
10925	16	-7.084E+02	0.997	0.000E+00	0	485	487	0	485	487	486M
10925	6960	-7.084E+02	1.00	0.000E+00	0	485	487	0	485	487	486M
10925	10925	-7.084E+02	1.00	0.000E+00	0	486	487	0	486	487	487M
10926	15	-5.042E+02	0.964	1.031E-219	0	336	338	0	336	338	337M
10926	6959	-5.247E+02	1.00	1.310E-228	0	336	338	0	336	338	337M
10926	10926	-5.244E+02	1.00	1.795E-228	0	337	338	0	337	338	338M
10927	14	-6.482E+02	1.00	3.030E-282	0	451	453	0	451	453	452M
10927	6958	-6.482E+02	1.00	3.030E-282	0	451	453	0	451	453	452M
10927	10927	-6.479E+02	1.00	4.152E-282	0	452	453	0	452	453	453M
10928	13	-7.084E+02	1.00	0.000E+00	0	610	612	0	610	612	611M
10928	6957	-7.084E+02	1.00	0.000E+00	0	610	612	0	610	612	611M
10928	10928	-7.084E+02	1.00	0.000E+00	0	611	612	0	611	612	612M
10929	12	-1.943E+02	1.00	4.327E-85	0	142	144	0	142	144	143M
10929	6956	-1.943E+02	1.00	4.327E-85	0	142	144	0	142	144	143M
10929	10929	-1.939E+02	1.00	5.934E-85	0	143	144	0	143	144	144M
10930	6955	-2.367E+02	1.00	1.581E-103	0	152	154	0	152	154	153M
10930	10930	-2.364E+02	1.00	2.168E-103	0	153	154	0	153	154	154M
10931	10	-1.321E+02	1.00	4.357E-58	0	95	97	0	95	97	96M
10931	6954	-1.321E+02	1.00	4.357E-58	0	95	97	0	95	97	96M
10931	10931	-1.318E+02	1.00	5.977E-58	0	96	97	0	96	97	97M
10932	9	-4.183E+02	0.981	2.138E-182	0	273	275	0	273	275	274M
10932	6953	-4.265E+02	1.00	5.894E-186	0	273	275	0	273	275	274M
10932	10932	-4.262E+02	1.00	8.079E-186	0	274	275	0	274	275	275M
10933	8	-2.940E+02	1.00	1.996E-128	0	187	189	0	187	189	188M
10933	6952	-2.940E+02	1.00	1.996E-128	0	187	189	0	187	189	188M
10933	10933	-2.937E+02	1.00	2.737E-128	0	188	189	0	188	189	189M
10934	7	-3.352E+02	0.978	2.545E-146	0	231	238	0	231	710	232M
10934	6951	-3.497E+02	1.00	1.278E-152	0	236	238	0	236	238	237M
10934	10934	-3.494E+02	1.00	1.752E-152	0	237	238	0	237	238	238M
10935	7055	-3.280E+02	1.00	3.661E-143	0	223	225	0	223	225	224M
10935	10935	-3.277E+02	1.00	5.018E-143	0	224	225	0	224	225	225M
10936	1906	-7.315E+02	0.997	1.960E-318	0	488	490	0	488	490	489M
10936	7056	-7.331E+02	1.00	4.058E-319	0	488	490	0	488	490	489M
10936	10936	-7.328E+02	1.00	5.560E-319	0	489	490	0	489	490	490M
10937	1907	-7.380E+02	0.997	3.019E-321	0	491	493	0	491	493	492M
10937	7057	-7.393E+02	1.00	8.547E-322	0	491	493	0	491	493	492M
10937	10937	-7.390E+02	1.00	1.176E-321	0	492	493	0	492	493	493M
10938	1908	-1.409E+02	1.00	6.722E-62	0	103	105	0	103	105	104M
10938	7058	-1.409E+02	1.00	6.722E-62	0	103	105	0	103	105	104M
10938	10938	-1.405E+02	1.00	9.221E-62	0	104	105	0	104	105	105M
10939	1909	-5.117E+02	1.00	5.952E-223	0	345	347	0	345	347	346M
10939	7059	-5.117E+02	1.00	5.952E-223	0	345	347	0	345	347	346M
10939	10939	-5.114E+02	1.00	8.157E-223	0	346	347	0	346	347	347M
10940	1910	-4.232E+02	1.00	1.688E-184	0	284	286	0	284	286	285M
10940	7060	-4.232E+02	1.00	1.688E-184	0	284	286	0	284	286	285M
10940	10940	-4.228E+02	1.00	2.314E-184	0	285	286	0	285	286	286M
10941	1911	-2.470E+02	0.993	5.587E-108	0	162	164	0	162	164	163M
10941	7061	-2.485E+02	1.00	1.153E-108	0	162	164	0	162	164	163M
10941	10941	-2.482E+02	1.00	1.581E-108	0	163	164	0	163	164	164M
10942	1912	-2.755E+02	0.994	2.201E-120	0	185	187	0	185	187	186M
10942	7062	-2.780E+02	1.00	1.764E-121	0	185	187	0	185	187	186M
10942	10942	-2.777E+02	1.00	2.419E-121	0	186	187	0	186	187	187M
10943	1913	-7.327E+02	1.00	6.039E-319	0	483	485	0	483	485	484M
10943	7063	-7.327E+02	1.00	6.039E-319	0	483	485	0	483	485	484M
10943	10943	-7.324E+02	1.00	8.275E-319	0	484	485	0	484	485	485M
10944	1914	-7.705E+01	1.00	3.434E-34	0	56	58	0	56	58	57M
10944	7064	-7.705E+01	1.00	3.434E-34	0	56	58	0	56	58	57M
10944	10944	-7.674E+01	1.00	4.715E-34	0	57	58	0	57	58	58M
10945	1915	-7.017E+02	0.995	1.863E-305	0	460	462	0	460	462	461M
10945	7065	-7.039E+02	1.00	2.054E-306	0	460	462	0	460	462	461M
10945	10945	-7.036E+02	1.00	2.814E-306	0	461	462	0	461	462	462M
10946	1916	-3.888E+02	1.00	1.357E-169	0	243	245	0	243	245	244M
10946	7066	-3.888E+02	1.00	1.357E-169	0	243	245	0	243	245	244M
10946	10946	-3.885E+02	1.00	1.861E-169	0	244	245	0	244	245	245M
10947	1917	-3.181E+02	1.00	6.751E-139	0	204	206	0	204	206	205M
10947	7067	-3.181E+02	1.00	6.751E-139	0	204	206	0	204	206	205M
10947	10947	-3.178E+02	1.00	9.254E-139	0	205	206	0	205	206	206M
10948	1918	-7.084E+02	0.998	0.000E+00	0	502	504	0	502	504	503M
10948	7068	-7.084E+02	1.00	0.000E+00	0	502	504	0	502	504	503M
10948	10948	-7.084E+02	1.00	0.000E+00	0	503	504	0	503	504	504M
10949	3367	-2.872E+02	0.989	1.794E-125	0	189	233	0	189	190	190M
10949	7069	-3.572E+02	1.00	7.149E-156	0	231	233	0	231	233	232M
10949	10949	-3.569E+02	1.00	9.799E-156	0	232	233	0	232	233	233M
10950	3366	-5.074E+02	0.973	4.467E-221	0	343	345	0	343	345	344M
10950	7070	-5.193E+02	1.00	2.816E-226	0	343	345	0	343	345	344M
10950	10950	-5.190E+02	1.00	3.859E-226	0	344	345	0	344	345	345M
10951	3365	-5.121E+02	0.990	3.856E-223	0	329	331	0	329	331	330M
10951	7071	-5.169E+02	1.00	3.412E-225	0	329	331	0	329	331	330M
10951	10951	-5.165E+02	1.00	4.676E-225	0	330	331	0	330	331	331M
10952	3364	-3.957E+02	0.996	1.449E-172	0	265	267	0	265	267	266M
10952	7072	-3.976E+02	1.00	2.185E-173	0	265	267	0	265	267	266M
10952	10952	-3.973E+02	1.00	2.995E-173	0	266	267	0	266	267	267M
10953	3363	-3.815E+02	0.996	2.027E-166	0	271	273	0	271	273	272M
10953	7073	-3.818E+02	1.00	1.479E-166	0	271	273	0	271	273	272M
10953	10953	-3.815E+02	1.00	2.027E-166	0	272	273	0	272	273	273M
10954	3362	-4.355E+02	0.993	7.233E-190	0	296	298	0	296	298	297M
10954	7074	-4.383E+02	1.00	4.240E-191	0	296	298	0	296	298	297M
10954	10954	-4.380E+02	1.00	5.811E-191	0	297	298	0	297	298	298M
10955	3361	-4.947E+02	0.990	1.427E-215	0	331	333	0	331	333	332M
10955	7075	-4.988E+02	1.00	2.373E-217	0	331	333	0	331	333	332M
10955	10955	-4.985E+02	1.00	3.252E-217	0	332	333	0	332	333	333M
10956	3360	-4.553E+02	1.00	1.777E-198	0	290	292	0	290	292	291M
10956	7076	-4.553E+02	1.00	1.777E-198	0	290	292	0	290	292	291M
10956	10956	-4.550E+02	1.00	2.435E-198	0	291	292	0	291	292	292M
10957	3359	-5.947E+02	1.00	5.166E-259	57	450	452	0	393	395	394M
10957	7077	-6.798E+02	1.00	6.045E-296	0	450	452	0	450	452	451M
10957	10957	-6.795E+02	1.00	8.283E-296	0	451	452	0	451	452	452M
10958	4246	-5.945E+02	0.994	6.621E-259	0	394	396	0	394	396	395M
10958	7078	-5.973E+02	1.00	3.885E-260	0	394	396	0	394	396	395M
10958	10958	-5.970E+02	1.00	5.324E-260	0	395	396	0	395	396	396M
10959	4247	-4.400E+02	0.993	8.473E-192	0	302	304	0	302	304	303M
10959	7079	-4.428E+02	1.00	4.968E-193	0	302	304	0	302	304	303M
10959	10959	-4.425E+02	1.00	6.808E-193	0	303	304	0	303	304	304M
10960	2555	-1.801E+02	0.967	6.025E-79	0	121	123	0	121	123	122M
10960	7080	-1.861E+02	1.00	1.491E-81	0	121	123	0	121	123	122M
10960	10960	-1.858E+02	1.00	2.045E-81	0	122	123	0	122	123	123M
10961	2556	-3.964E+02	0.996	6.959E-173	0	283	285	0	283	285	284M
10961	7081	-3.977E+02	1.00	1.972E-173	0	283	285	0	283	285	284M
10961	10961	-3.974E+02	1.00	2.703E-173	0	284	285	0	284	285	285M
10962	2557	-2.228E+02	0.993	1.701E-97	0	152	154	0	152	154	153M
10962	7082	-2.241E+02	1.00	4.813E-98	0	152	154	0	152	154	153M
10962	10962	-2.238E+02	1.00	6.599E-98	0	153	154	0	153	154	154M
10963	2558	-4.515E+02	0.993	8.022E-197	0	304	306	0	304	306	305M
10963	7083	-4.525E+02	0.996	3.116E-197	0	304	306	0	304	306	305M
10963	10963	-4.544E+02	1.00	4.703E-198	0	305	306	0	305	306	306M
10964	7084	-3.265E+02	1.00	1.559E-142	0	207	209	0	207	209	208M
10964	10964	-3.262E+02	1.00	2.137E-142	0	208	209	0	208	209	209M
10965	2561	-6.169E+02	0.987	1.261E-268	0	414	416	0	414	416	415M
10965	7085	-6.222E+02	1.00	5.952E-271	0	414	416	0	414	416	415M
10965	10965	-6.219E+02	1.00	8.156E-271	0	415	416	0	415	416	416M
10966	2562	-5.615E+02	0.864	1.398E-244	0	433	435	0	442	444	243M1I5M10D185M
10966	7086	-6.465E+02	1.00	1.635E-281	0	433	435	0	433	435	434M
10966	10966	-6.462E+02	1.00	2.240E-281	0	434	435	0	434	435	435M
10967	270	-7.261E+02	0.868	4.763E-316	0	532	534	0	532	534	533M
10967	7087	-7.084E+02	1.00	0.000E+00	0	532	534	0	532	534	533M
10967	10967	-7.084E+02	1.00	0.000E+00	0	533	534	0	533	534	534M
10968	271	-3.236E+02	0.982	3.026E-141	0	223	225	0	223	225	224M
10968	7088	-3.289E+02	1.00	1.421E-143	0	223	225	0	223	225	224M
10968	10968	-3.286E+02	1.00	1.948E-143	0	224	225	0	224	225	225M
10969	272	-6.454E+02	0.954	4.882E-281	0	442	445	2	444	447	443M
10969	7089	-6.725E+02	1.00	8.382E-293	0	443	445	0	443	445	444M
10969	10969	-6.722E+02	1.00	1.149E-292	0	444	445	0	444	445	445M
10970	273	-3.165E+02	0.944	3.365E-138	0	198	200	0	198	200	199M
10970	7090	-3.260E+02	1.00	2.612E-142	0	198	200	0	198	200	199M
10970	10970	-3.257E+02	1.00	3.581E-142	0	199	200	0	199	200	200M
10971	274	-5.951E+02	0.997	3.526E-259	0	394	396	0	394	396	395M
10971	7091	-5.970E+02	1.00	5.324E-260	0	394	396	0	394	396	395M
10971	10971	-5.967E+02	1.00	7.296E-260	0	395	396	0	395	396	396M
10972	275	-4.240E+02	0.986	7.293E-185	0	293	295	0	293	295	294M
10972	7092	-4.309E+02	1.00	7.105E-188	0	293	295	0	293	295	294M
10972	10972	-4.306E+02	1.00	9.737E-188	0	294	295	0	294	295	295M
10973	276	-4.095E+02	0.976	1.457E-178	0	300	302	0	300	302	301M
10973	7093	-4.170E+02	1.00	7.568E-182	0	300	302	0	300	302	301M
10973	10973	-4.167E+02	1.00	1.037E-181	0	301	302	0	301	302	302M
10974	277	-4.251E+02	0.917	2.390E-185	0	337	339	0	337	339	338M
10974	7094	-4.620E+02	1.00	2.349E-201	0	337	339	0	337	339	338M
10974	10974	-4.617E+02	1.00	3.219E-201	0	338	339	0	338	339	339M
10975	278	-2.928E+02	0.979	6.848E-128	0	193	195	0	193	195	194M
10975	7095	-2.979E+02	1.00	4.400E-130	0	193	195	0	193	195	194M
10975	10975	-2.975E+02	1.00	6.032E-130	0	194	195	0	194	195	195M
10976	279	-7.084E+02	0.996	0.000E+00	0	958	960	0	958	960	959M
10976	7096	-7.084E+02	1.00	0.000E+00	0	958	960	0	958	960	959M
10976	10976	-7.084E+02	1.00	0.000E+00	0	959	960	0	959	960	960M
10977	280	-3.222E+02	0.986	1.120E-140	0	224	226	0	224	226	225M
10977	7097	-3.270E+02	1.00	9.884E-143	0	224	226	0	224	226	225M
10977	10977	-3.267E+02	1.00	1.355E-142	0	225	226	0	225	226	226M
10978	281	-3.786E+02	0.985	3.932E-165	0	267	269	0	267	269	268M
10978	7098	-3.836E+02	1.00	2.536E-167	0	267	269	0	267	269	268M
10978	10978	-3.833E+02	1.00	3.476E-167	0	268	269	0	268	269	269M
10979	282	-2.214E+02	0.979	7.333E-97	0	143	145	0	143	145	144M
10979	7099	-2.270E+02	1.00	2.497E-99	0	143	145	0	143	145	144M
10979	10979	-2.267E+02	1.00	3.423E-99	0	144	145	0	144	145	145M
10980	283	-2.002E+02	0.972	1.127E-87	0	143	145	0	143	145	144M
10980	7100	-2.053E+02	1.00	7.211E-90	0	143	145	0	143	145	144M
10980	10980	-2.049E+02	1.00	9.887E-90	0	144	145	0	144	145	145M
10981	284	-1.536E+02	0.982	1.972E-67	0	114	116	0	115	117	105M1D10M
10981	7101	-1.583E+02	1.00	1.724E-69	0	114	116	0	114	116	115M
10981	10981	-1.580E+02	1.00	2.365E-69	0	115	116	0	115	116	116M
10982	285	-7.129E+02	1.00	2.506E-310	0	483	485	0	483	485	484M
10982	7102	-7.129E+02	1.00	2.506E-310	0	483	485	0	483	485	484M
10982	10982	-7.126E+02	1.00	3.434E-310	0	484	485	0	484	485	485M
10983	286	-7.084E+02	1.00	0.000E+00	0	1057	1059	0	1057	1059	1058M
10983	7103	-7.084E+02	1.00	0.000E+00	0	1057	1059	0	1057	1059	1058M
10983	10983	-7.084E+02	1.00	0.000E+00	0	1058	1059	0	1058	1059	1059M
10984	287	-5.809E+02	1.00	5.208E-253	0	415	417	0	415	417	416M
10984	7104	-5.809E+02	1.00	5.208E-253	0	415	417	0	415	417	416M
10984	10984	-5.806E+02	1.00	7.136E-253	0	416	417	0	416	417	417M
10985	288	-3.231E+02	0.990	5.007E-141	0	207	209	0	207	209	208M
10985	7105	-3.249E+02	1.00	7.546E-142	0	207	209	0	207	209	208M
10985	10985	-3.246E+02	1.00	1.034E-141	0	208	209	0	208	209	209M
10986	289	-7.084E+02	0.998	0.000E+00	0	685	687	0	685	687	686M
10986	7106	-7.084E+02	1.00	0.000E+00	0	685	687	0	685	687	686M
10986	10986	-7.084E+02	1.00	0.000E+00	0	686	687	0	686	687	687M
10987	290	-4.821E+02	0.996	4.204E-210	0	324	326	0	324	326	325M
10987	7107	-4.843E+02	1.00	4.630E-211	0	324	326	0	324	326	325M
10987	10987	-4.840E+02	1.00	6.346E-211	0	325	326	0	325	326	326M
10988	291	-1.444E+02	1.00	1.978E-63	0	102	104	0	102	104	103M
10988	7108	-1.444E+02	1.00	1.978E-63	0	102	104	0	102	104	103M
10988	10988	-1.441E+02	1.00	2.713E-63	0	103	104	0	103	104	104M
10989	292	-1.174E+02	1.00	9.920E-52	0	84	86	0	84	86	85M
10989	7109	-1.174E+02	1.00	9.920E-52	0	84	86	0	84	86	85M
10989	10989	-1.171E+02	1.00	1.361E-51	0	85	86	0	85	86	86M
10990	293	-3.352E+02	1.00	2.631E-146	0	230	232	0	230	232	231M
10990	7110	-3.352E+02	1.00	2.631E-146	0	230	232	0	230	232	231M
10990	10990	-3.349E+02	1.00	3.607E-146	0	231	232	0	231	232	232M
10991	294	-3.918E+02	1.00	7.230E-171	0	261	263	0	261	263	262M
10991	7111	-3.918E+02	1.00	7.230E-171	0	261	263	0	261	263	262M
10991	10991	-3.914E+02	1.00	9.909E-171	0	262	263	0	262	263	263M
10992	295	-6.382E+02	0.995	6.635E-278	0	422	424	0	422	424	423M
10992	7112	-6.420E+02	1.00	1.514E-279	0	422	424	0	422	424	423M
10992	10992	-6.417E+02	1.00	2.074E-279	0	423	424	0	423	424	424M
10993	296	-6.937E+02	0.989	5.576E-302	0	456	458	0	456	458	457M
10993	7113	-7.034E+02	1.00	3.200E-306	0	456	458	0	456	458	457M
10993	10993	-7.031E+02	1.00	4.385E-306	0	457	458	0	457	458	458M
10994	297	-2.419E+02	1.00	8.958E-106	0	156	158	0	156	158	157M
10994	7114	-2.419E+02	1.00	8.958E-106	0	156	158	0	156	158	157M
10994	10994	-2.416E+02	1.00	1.228E-105	0	157	158	0	157	158	158M
10995	298	-1.648E+02	0.896	2.810E-72	0	125	127	0	125	127	126M
10995	7115	-1.837E+02	1.00	1.652E-80	0	125	127	0	125	127	126M
10995	10995	-1.834E+02	1.00	2.266E-80	0	126	127	0	126	127	127M
10996	299	-2.806E+02	0.994	1.414E-122	0	185	187	0	185	187	186M
10996	7116	-2.831E+02	1.00	1.133E-123	0	185	187	0	185	187	186M
10996	10996	-2.828E+02	1.00	1.554E-123	0	186	187	0	186	187	187M
10997	300	-6.891E+02	0.997	5.086E-300	5	465	467	0	460	462	461M
10997	7117	-6.977E+02	1.00	1.030E-303	0	465	467	0	465	467	466M
10997	10997	-6.973E+02	1.00	1.411E-303	0	466	467	0	466	467	467M
10998	301	-5.955E+02	1.00	2.456E-259	0	393	395	0	393	395	394M
10998	7118	-5.955E+02	1.00	2.456E-259	0	393	395	0	393	395	394M
10998	10998	-5.952E+02	1.00	3.365E-259	0	394	395	0	394	395	395M
10999	302	-2.110E+02	1.00	2.275E-92	0	148	150	28	176	178	149M
10999	7119	-2.110E+02	1.00	2.275E-92	0	148	150	28	176	178	149M
10999	10999	-2.107E+02	1.00	3.120E-92	0	149	150	0	149	150	150M
11000	303	-3.368E+02	0.990	5.266E-147	0	216	218	0	216	218	217M
11000	7120	-3.406E+02	1.00	1.196E-148	0	216	218	0	216	218	217M
11000	11000	-3.403E+02	1.00	1.640E-148	0	217	218	0	217	218	218M
11001	304	-1.388E+02	1.00	5.422E-61	0	94	96	0	94	96	95M
11001	7121	-1.388E+02	1.00	5.422E-61	0	94	96	0	94	96	95M
11001	11001	-1.385E+02	1.00	7.439E-61	0	95	96	0	95	96	96M
11002	305	-7.084E+02	1.00	0.000E+00	0	627	629	0	627	629	628M
11002	7122	-7.084E+02	1.00	0.000E+00	0	627	629	0	627	629	628M
11002	11002	-7.084E+02	1.00	0.000E+00	0	628	629	0	628	629	629M
11003	306	-8.093E+01	1.00	7.107E-36	0	67	69	0	67	69	68M
11003	7123	-8.093E+01	1.00	7.107E-36	0	67	69	0	67	69	68M
11003	11003	-8.062E+01	1.00	9.756E-36	0	68	69	0	68	69	69M
11004	307	-2.647E+02	1.00	1.064E-115	0	173	175	0	173	175	174M
11004	7124	-2.647E+02	1.00	1.064E-115	0	173	175	0	173	175	174M
11004	11004	-2.644E+02	1.00	1.459E-115	0	174	175	0	174	175	175M
11005	7125	-5.590E+02	1.00	1.770E-243	0	372	374	0	372	374	373M
11005	11005	-5.586E+02	1.00	2.425E-243	0	373	374	0	373	374	374M
11006	308	-4.815E+02	1.00	7.338E-210	0	309	311	0	309	311	310M
11006	7126	-4.815E+02	1.00	7.338E-210	0	309	311	0	309	311	310M
11006	11006	-4.812E+02	1.00	1.006E-209	0	310	311	0	310	311	311M
11007	309	-2.433E+02	0.993	2.240E-106	0	160	162	0	160	162	161M
11007	7127	-2.452E+02	1.00	3.372E-107	0	160	162	0	160	162	161M
11007	11007	-2.448E+02	1.00	4.623E-107	0	161	162	0	161	162	162M
11008	310	-6.605E+02	1.00	1.342E-287	0	423	425	0	423	425	424M
11008	7128	-6.605E+02	1.00	1.342E-287	0	423	425	0	423	425	424M
11008	11008	-6.602E+02	1.00	1.839E-287	0	424	425	0	424	425	425M
11009	311	-1.696E+02	0.992	2.174E-74	0	129	131	0	129	131	130M
11009	7129	-1.706E+02	1.00	8.428E-75	0	129	131	0	129	131	130M
11009	11009	-1.702E+02	1.00	1.156E-74	0	130	131	0	130	131	131M
11010	312	-1.779E+02	1.00	5.238E-78	0	120	122	0	120	122	121M
11010	7130	-1.779E+02	1.00	5.238E-78	0	120	122	0	120	122	121M
11010	11010	-1.776E+02	1.00	7.184E-78	0	121	122	0	121	122	122M
11011	313	-7.084E+02	1.00	0.000E+00	0	610	612	0	610	612	611M
11011	7131	-7.084E+02	1.00	0.000E+00	0	610	612	0	610	612	611M
11011	11011	-7.084E+02	1.00	0.000E+00	0	611	612	0	611	612	612M
11012	314	-3.772E+02	1.00	1.485E-164	0	235	237	0	235	237	236M
11012	7132	-3.772E+02	1.00	1.485E-164	0	235	237	0	235	237	236M
11012	11012	-3.769E+02	1.00	2.035E-164	0	236	237	0	236	237	237M
11013	315	-7.084E+02	1.00	0.000E+00	0	945	947	0	945	947	946M
11013	7133	-7.084E+02	1.00	0.000E+00	0	945	947	0	945	947	946M
11013	11013	-7.084E+02	1.00	0.000E+00	0	946	947	0	946	947	947M
11014	316	-5.723E+02	1.00	2.878E-249	0	397	399	0	397	399	398M
11014	7134	-5.723E+02	1.00	2.878E-249	0	397	399	0	397	399	398M
11014	11014	-5.720E+02	1.00	3.943E-249	0	398	399	0	398	399	399M
11015	317	-7.264E+02	1.00	3.254E-316	0	476	478	0	476	478	477M
11015	7135	-7.264E+02	1.00	3.254E-316	0	476	478	0	476	478	477M
11015	11015	-7.261E+02	1.00	4.459E-316	0	477	478	0	477	478	478M
11016	318	-5.595E+02	0.997	1.009E-243	0	387	389	0	387	389	388M
11016	7136	-5.608E+02	1.00	2.861E-244	0	387	389	0	387	389	388M
11016	11016	-5.605E+02	1.00	3.921E-244	0	388	389	0	388	389	389M
11017	319	-4.267E+02	1.00	4.695E-186	0	285	297	0	285	286	286M
11017	7137	-4.412E+02	1.00	2.372E-192	0	295	297	0	295	297	296M
11017	11017	-4.409E+02	1.00	3.250E-192	0	296	297	0	296	297	297M
11018	3991	-4.422E+02	1.00	9.350E-193	0	292	338	0	292	295	293M
11018	7138	-5.121E+02	1.00	3.907E-223	0	336	338	0	336	338	337M
11018	11018	-5.118E+02	1.00	5.355E-223	0	337	338	0	337	338	338M
11019	3990	-4.146E+02	0.996	9.076E-181	0	306	308	0	306	308	307M
11019	7139	-4.155E+02	1.00	3.526E-181	0	306	308	0	306	308	307M
11019	11019	-4.152E+02	1.00	4.833E-181	0	307	308	0	307	308	308M
11020	3989	-4.493E+02	1.00	7.536E-196	0	298	300	0	298	300	299M
11020	7140	-4.493E+02	1.00	7.536E-196	0	298	300	0	298	300	299M
11020	11020	-4.490E+02	1.00	1.033E-195	0	299	300	0	299	300	300M
11021	3988	-7.383E+02	1.00	2.332E-321	0	499	501	0	499	501	500M
11021	7141	-7.383E+02	1.00	2.332E-321	0	499	501	0	499	501	500M
11021	11021	-7.380E+02	1.00	3.197E-321	0	500	501	0	500	501	501M
11022	7142	-7.084E+02	1.00	0.000E+00	0	737	739	0	737	739	738M
11022	11022	-7.084E+02	1.00	0.000E+00	0	738	739	0	738	739	739M
11023	4679	-4.684E+01	1.00	4.538E-21	6	46	47	5	45	51	41M
11023	7143	-5.701E+01	1.00	1.747E-25	0	46	47	0	46	89	47M
11023	11023	-5.701E+01	1.00	1.747E-25	0	46	47	0	46	47	47M
11024	1244	-5.783E+02	0.979	6.759E-252	0	382	384	0	382	384	383M
11024	7144	-5.913E+02	1.00	1.658E-257	0	382	384	0	382	384	383M
11024	11024	-5.909E+02	1.00	2.271E-257	0	383	384	0	383	384	384M
11025	1245	-7.084E+02	0.990	0.000E+00	0	626	628	0	626	628	627M
11025	7145	-7.084E+02	1.00	0.000E+00	0	626	628	0	626	628	627M
11025	11025	-7.084E+02	1.00	0.000E+00	0	627	628	0	627	628	628M
11026	1246	-2.142E+02	0.987	9.869E-94	0	155	157	0	155	157	156M
11026	7146	-2.167E+02	1.00	7.900E-95	0	155	157	0	155	157	156M
11026	11026	-2.164E+02	1.00	1.083E-94	0	156	157	0	156	157	157M
11027	3260	-3.882E+02	0.996	2.547E-169	0	263	265	0	263	281	264M
11027	7147	-3.885E+02	1.00	1.858E-169	0	263	265	0	263	265	264M
11027	11027	-3.882E+02	1.00	2.547E-169	0	264	265	0	264	265	265M
11028	3261	-5.487E+02	0.994	5.160E-239	0	356	358	0	356	358	357M
11028	7148	-5.509E+02	1.00	5.684E-240	0	356	358	0	356	358	357M
11028	11028	-5.506E+02	1.00	7.790E-240	0	357	358	0	357	358	358M
11029	3262	-6.213E+02	1.00	1.531E-270	0	414	416	0	414	416	415M
11029	7149	-6.213E+02	1.00	1.531E-270	0	414	416	0	414	416	415M
11029	11029	-6.210E+02	1.00	2.099E-270	0	415	416	0	415	416	416M
11030	3263	-5.781E+02	0.984	8.941E-252	0	388	390	0	388	390	389M
11030	7150	-5.847E+02	1.00	1.197E-254	0	388	390	0	388	390	389M
11030	11030	-5.844E+02	1.00	1.640E-254	0	389	390	0	389	390	390M
11031	7151	-3.740E+02	1.00	3.763E-163	0	250	252	0	250	252	251M
11031	11031	-3.737E+02	1.00	5.158E-163	0	251	252	0	251	252	252M
11032	2070	-3.835E+02	0.995	2.889E-167	0	243	245	0	243	245	244M
11032	7152	-3.847E+02	1.00	8.184E-168	0	243	245	0	243	245	244M
11032	11032	-3.844E+02	1.00	1.122E-167	0	244	245	0	244	245	245M
11033	2071	-7.431E+02	0.981	1.976E-323	0	530	532	0	530	532	531M
11033	7153	-7.084E+02	1.00	0.000E+00	0	530	532	0	530	532	531M
11033	11033	-7.084E+02	1.00	0.000E+00	0	531	532	0	531	532	532M
11034	2072	-7.084E+02	0.968	0.000E+00	0	535	537	0	535	537	536M
11034	7154	-7.084E+02	1.00	0.000E+00	0	535	537	0	535	537	536M
11034	11034	-7.084E+02	1.00	0.000E+00	0	536	537	0	536	537	537M
11035	2073	-5.643E+01	0.941	3.117E-25	0	50	52	0	50	52	51M
11035	7155	-6.341E+01	1.00	2.892E-28	0	50	52	0	50	52	51M
11035	11035	-6.309E+01	1.00	3.972E-28	0	51	52	0	51	52	52M
11036	2074	-6.042E+02	0.992	4.062E-263	0	382	384	0	382	384	383M
11036	7156	-6.080E+02	1.00	9.260E-265	0	382	384	0	382	384	383M
11036	11036	-6.076E+02	1.00	1.269E-264	0	383	384	0	383	384	384M
11037	2075	-4.450E+02	0.996	5.326E-194	0	288	290	0	288	290	289M
11037	7157	-4.463E+02	1.00	1.509E-194	0	288	290	0	288	290	289M
11037	11037	-4.460E+02	1.00	2.069E-194	0	289	290	0	289	290	290M
11038	2076	-7.084E+02	0.977	0.000E+00	0	541	543	0	541	543	542M
11038	7158	-7.084E+02	1.00	0.000E+00	0	541	543	0	541	543	542M
11038	11038	-7.084E+02	1.00	0.000E+00	0	542	543	0	542	543	543M
11039	2077	-7.084E+02	0.965	0.000E+00	0	979	981	0	979	981	980M
11039	7159	-7.084E+02	1.00	0.000E+00	0	979	981	0	979	981	980M
11039	11039	-7.084E+02	1.00	0.000E+00	0	980	981	0	980	981	981M
11040	2078	-6.871E+02	0.990	4.020E-299	0	435	437	0	435	437	436M
11040	7160	-6.921E+02	1.00	2.600E-301	0	435	437	0	435	437	436M
11040	11040	-6.918E+02	1.00	3.563E-301	0	436	437	0	436	437	437M
11041	2079	-6.850E+02	0.606	3.279E-298	0	750	752	0	765	767	65M1D99M4D269M1D17M3D5M1I8M1I29M2D51M1I7M3D37M5D77M1I83M
11041	7161	-7.084E+02	1.00	0.000E+00	0	750	752	0	750	752	751M
11041	11041	-7.084E+02	1.00	0.000E+00	0	751	752	0	751	752	752M
11042	2080	-4.819E+02	0.990	5.007E-210	0	321	323	0	321	323	322M
11042	7162	-4.879E+02	1.00	1.256E-212	0	321	323	0	321	323	322M
11042	11042	-4.876E+02	1.00	1.722E-212	0	322	323	0	322	323	323M
11043	2081	-3.835E+02	0.984	2.712E-167	0	255	257	0	255	257	256M
11043	7163	-3.876E+02	1.00	4.500E-169	0	255	257	0	255	257	256M
11043	11043	-3.873E+02	1.00	6.168E-169	0	256	257	0	256	257	257M
11044	2082	-4.489E+02	0.987	1.162E-195	0	314	316	0	314	316	315M
11044	7164	-4.523E+02	1.00	3.628E-197	0	314	316	0	314	316	315M
11044	11044	-4.520E+02	1.00	4.973E-197	0	315	316	0	315	316	316M
11045	2083	-4.341E+02	0.993	2.865E-189	0	312	314	0	312	314	313M
11045	7165	-4.367E+02	1.00	2.303E-190	0	312	314	0	312	314	313M
11045	11045	-4.363E+02	1.00	3.156E-190	0	313	314	0	313	314	314M
11046	2084	-5.335E+01	1.00	6.735E-24	0	42	44	0	42	44	43M
11046	7166	-5.335E+01	1.00	6.735E-24	0	42	44	0	42	44	43M
11046	11046	-5.304E+01	1.00	9.252E-24	0	43	44	0	43	44	44M
11047	7167	-4.521E+01	1.00	2.329E-20	0	34	36	0	34	36	35M
11047	11047	-4.489E+01	1.00	3.201E-20	0	35	36	0	35	36	36M
11048	4045	-7.084E+02	0.955	0.000E+00	0	697	699	0	696	698	177M1I520M
11048	7168	-7.084E+02	1.00	0.000E+00	0	697	699	0	697	699	698M
11048	11048	-7.084E+02	1.00	0.000E+00	0	698	699	0	698	699	699M
11049	4044	-7.084E+02	0.958	0.000E+00	18	614	616	0	596	598	597M
11049	7169	-7.084E+02	1.00	0.000E+00	0	614	616	0	614	616	615M
11049	11049	-7.084E+02	1.00	0.000E+00	0	615	616	0	615	616	616M
11050	7170	-4.373E+02	1.00	1.223E-190	0	285	287	0	285	287	286M
11050	11050	-4.370E+02	1.00	1.676E-190	0	286	287	0	286	287	287M
11051	4192	-3.032E+02	0.985	2.036E-132	0	206	208	0	206	208	207M
11051	7171	-3.070E+02	1.00	4.625E-134	0	206	208	0	206	208	207M
11051	11051	-3.067E+02	1.00	6.340E-134	0	207	208	0	207	208	208M
11052	4343	-1.939E+02	0.957	6.224E-85	0	141	145	0	141	241	142M
11052	7172	-2.049E+02	1.00	9.887E-90	0	143	145	0	143	145	144M
11052	11052	-2.046E+02	1.00	1.356E-89	0	144	145	0	144	145	145M
11053	1900	-5.731E+01	0.356	1.296E-25	0	156	168	159	314	412	69M1I87M
11053	7173	-2.480E+02	1.00	1.915E-108	0	166	168	0	166	168	167M
11053	11053	-2.477E+02	1.00	2.625E-108	0	167	168	0	167	168	168M
11054	4134	-3.439E+02	0.986	4.581E-150	7	227	229	0	220	222	221M
11054	7174	-3.628E+02	1.00	2.776E-158	0	227	229	0	227	229	228M
11054	11054	-3.625E+02	1.00	3.806E-158	0	228	229	0	228	229	229M
11055	4135	-2.692E+02	0.967	1.269E-117	0	186	188	0	186	188	187M
11055	7175	-2.793E+02	1.00	5.238E-122	0	186	188	0	186	188	187M
11055	11055	-2.789E+02	1.00	7.181E-122	0	187	188	0	187	188	188M
11056	3908	-1.081E+02	0.448	1.084E-47	0	182	186	0	182	184	183M
11056	7176	-2.626E+02	1.00	8.704E-115	0	184	186	0	184	186	185M
11056	11056	-2.623E+02	1.00	1.193E-114	0	185	186	0	185	186	186M
11057	478	-3.603E+01	0.291	2.245E-16	0	179	189	0	181	189	69M2D111M
11057	7177	-2.795E+02	1.00	4.007E-122	0	187	189	0	187	189	188M
11057	11057	-2.792E+02	1.00	5.494E-122	0	188	189	0	188	189	189M
11058	3361	-5.964E+01	0.253	1.253E-26	0	357	366	0	327	333	24M1I34M27I38M19I45M2D61M4D41M1D19M6D13M4D36M
11058	7178	-5.530E+02	1.00	6.645E-241	0	364	366	0	364	366	365M
11058	11058	-5.527E+02	1.00	9.106E-241	0	365	366	0	365	366	366M
11059	4015	-3.083E+01	0.248	4.064E-14	3	364	375	2	362	369	15M2I35M1D14M1D70M1D4M4I15M4D10M4I29M1D15M1I6M2D90M2I24M2D22M
11059	7179	-5.797E+02	1.00	1.724E-252	0	373	375	0	373	375	374M
11059	11059	-5.794E+02	1.00	2.363E-252	0	374	375	0	374	375	375M
11060	1417	-8.240E+01	0.262	1.631E-36	20	441	445	13	436	440	156M2I64M2D46M2D64M1I78M1D11M
11060	7180	-6.609E+02	1.00	9.667E-288	0	443	445	0	443	445	444M
11060	11060	-6.606E+02	1.00	1.325E-287	0	444	445	0	444	445	445M
11061	7181	-8.853E+01	1.00	3.546E-39	0	67	69	0	67	69	68M
11061	11061	-8.822E+01	1.00	4.867E-39	0	68	69	0	68	69	69M
11062	767	-2.898E+02	0.671	1.454E-126	5	308	310	0	303	309	304M
11062	7182	-4.428E+02	1.00	4.797E-193	0	308	310	0	308	310	309M
11062	11062	-4.425E+02	1.00	6.574E-193	0	309	310	0	309	310	310M
11063	2698	-1.659E+02	0.404	8.656E-73	0	286	303	0	289	304	137M1I6M5D65M1I77M
11063	7183	-4.365E+02	1.00	2.590E-190	0	301	303	0	301	303	302M
11063	11063	-4.362E+02	1.00	3.550E-190	0	302	303	0	302	303	303M
11064	1885	-2.443E+02	0.833	7.605E-107	0	203	206	0	203	205	204M
11064	7184	-2.879E+02	1.00	9.545E-126	0	204	206	0	204	206	205M
11064	11064	-2.876E+02	1.00	1.308E-125	0	205	206	0	205	206	206M
11065	2224	-3.495E+02	0.579	1.711E-152	0	389	391	0	388	390	213M1I176M
11065	7185	-6.146E+02	1.00	1.255E-267	0	389	391	0	389	391	390M
11065	11065	-6.142E+02	1.00	1.720E-267	0	390	391	0	390	391	391M
11066	7186	-1.804E+02	1.00	4.724E-79	0	116	118	0	116	118	117M
11066	11066	-1.800E+02	1.00	6.478E-79	0	117	118	0	117	118	118M
11067	7187	-6.917E+02	1.00	3.913E-301	0	437	439	0	437	439	438M
11067	11067	-6.914E+02	1.00	5.362E-301	0	438	439	0	438	439	439M
11068	7188	-7.072E+02	1.00	7.560E-308	0	450	452	0	450	452	451M
11068	11068	-7.069E+02	1.00	1.036E-307	0	451	452	0	451	452	452M
11069	2226	-1.915E+02	0.358	6.780E-84	6	470	477	7	475	490	120M2I9M3D175M1D55M2D104M
11069	7189	-7.098E+02	1.00	5.528E-309	0	475	477	0	475	477	476M
11069	11069	-7.095E+02	1.00	7.575E-309	0	476	477	0	476	477	477M
11070	967	-8.036E+01	0.257	1.257E-35	28	367	397	21	340	372	98M3D6M8I49M5I55M5I26M1I4M2I19M2D27M5I9M1D21M
11070	7190	-6.420E+02	1.00	1.508E-279	0	395	397	0	395	397	396M
11070	11070	-6.417E+02	1.00	2.066E-279	0	396	397	0	396	397	397M
11071	1611	-2.497E+02	0.395	3.774E-109	7	519	558	8	494	656	25M4I14M4D321M6I11M16I20M1D2M4I31M1I58M
11071	7191	-7.084E+02	1.00	0.000E+00	0	556	558	0	556	558	557M
11071	11071	-7.084E+02	1.00	0.000E+00	0	557	558	0	557	558	558M
11072	1611	-2.463E+02	0.378	1.040E-107	45	538	555	48	497	656	324M14I10M26I23M3I29M1I64M
11072	7192	-7.084E+02	1.00	0.000E+00	0	553	555	0	553	555	554M
11072	11072	-7.084E+02	1.00	0.000E+00	0	554	555	0	554	555	555M
11073	2303	-7.826E+01	0.296	1.032E-34	3	297	309	2	306	316	90M1D60M4D29M10D18M3I77M2I16M
11073	7193	-4.744E+02	1.00	9.399E-207	0	307	309	0	307	309	308M
11073	11073	-4.741E+02	1.00	1.288E-206	0	308	309	0	308	309	309M
11074	376	-2.341E+02	0.432	2.052E-102	2	428	468	0	434	466	178M2D84M1D129M1D31M4D5M
11074	7194	-6.841E+02	1.00	8.227E-298	0	466	468	0	466	468	467M
11074	11074	-6.837E+02	1.00	1.127E-297	0	467	468	0	467	468	468M
11075	377	-5.838E+02	0.745	2.925E-254	2	497	499	25	520	523	496M
11075	7195	-7.084E+02	1.00	0.000E+00	0	497	499	0	497	499	498M
11075	11075	-7.084E+02	1.00	0.000E+00	0	498	499	0	498	499	499M
11076	7196	-1.779E+02	1.00	5.632E-78	0	115	117	0	115	117	116M
11076	11076	-1.776E+02	1.00	7.724E-78	0	116	117	0	116	117	117M
11077	2647	-4.387E+01	0.259	8.851E-20	26	414	463	65	447	482	28M2I26M1D20M4D19M1I6M3I26M1I65M4D11M1D13M1D35M2I25M4I10M5I34M1D11M4D5M4I33M
11077	7197	-7.196E+02	1.00	3.106E-313	0	461	463	0	461	463	462M
11077	11077	-7.193E+02	1.00	4.256E-313	0	462	463	0	462	463	463M
11078	7198	-7.376E+02	1.00	4.447E-321	0	479	481	0	479	481	480M
11078	11078	-7.373E+02	1.00	6.092E-321	0	480	481	0	480	481	481M
11079	3908	-1.769E+02	0.672	1.519E-77	0	179	185	0	179	184	180M
11079	7199	-2.794E+02	1.00	4.540E-122	0	183	185	0	183	185	184M
11079	11079	-2.791E+02	1.00	6.225E-122	0	184	185	0	184	185	185M
11080	4136	-2.432E+02	0.946	2.512E-106	0	168	171	0	168	171	169M
11080	7200	-2.602E+02	1.00	9.989E-114	0	169	171	0	169	171	170M
11080	11080	-2.599E+02	1.00	1.370E-113	0	170	171	0	170	171	171M
11081	7201	-4.032E+02	1.00	7.621E-176	0	252	254	0	252	254	253M
11081	11081	-4.029E+02	1.00	1.045E-175	0	253	254	0	253	254	254M
11082	4384	-3.507E+01	0.782	5.871E-16	0	45	47	0	45	47	46M
11082	7202	-4.652E+01	1.00	6.236E-21	0	45	47	0	45	47	46M
11082	11082	-4.621E+01	1.00	8.569E-21	0	46	47	0	46	47	47M
11083	2834	-1.872E+02	0.827	5.095E-82	0	150	160	0	150	158	151M
11083	7203	-2.408E+02	1.00	2.542E-105	0	158	160	0	158	160	159M
11083	11083	-2.405E+02	1.00	3.485E-105	0	159	160	0	159	160	160M
11084	738	-1.480E+02	0.990	5.276E-65	0	99	101	0	99	101	100M
11084	7204	-1.499E+02	1.00	7.918E-66	0	99	101	0	99	101	100M
11084	11084	-1.496E+02	1.00	1.086E-65	0	100	101	0	100	101	101M
11085	737	-7.084E+02	0.998	0.000E+00	0	697	699	0	697	699	698M
11085	7205	-7.084E+02	1.00	0.000E+00	0	697	699	0	697	699	698M
11085	11085	-7.084E+02	1.00	0.000E+00	0	698	699	0	698	699	699M
11086	736	-2.842E+02	1.00	3.701E-124	0	188	190	0	188	190	189M
11086	7206	-2.842E+02	1.00	3.701E-124	0	188	190	0	188	190	189M
11086	11086	-2.839E+02	1.00	5.074E-124	0	189	190	0	189	190	190M
11087	735	-5.108E+02	0.997	1.444E-222	0	337	339	0	337	339	338M
11087	7207	-5.121E+02	1.00	4.095E-223	0	337	339	0	337	339	338M
11087	11087	-5.118E+02	1.00	5.612E-223	0	338	339	0	338	339	339M
11088	734	-7.084E+02	1.00	0.000E+00	1	580	582	0	579	581	580M
11088	7208	-7.084E+02	1.00	0.000E+00	0	580	582	0	580	582	581M
11088	11088	-7.084E+02	1.00	0.000E+00	0	581	582	0	581	582	582M
11089	733	-7.084E+02	0.991	0.000E+00	0	701	703	0	701	703	702M
11089	7209	-7.084E+02	1.00	0.000E+00	0	701	703	0	701	703	702M
11089	11089	-7.084E+02	1.00	0.000E+00	0	702	703	0	702	703	703M
11090	732	-1.069E+02	1.00	3.698E-47	0	73	75	0	73	75	74M
11090	7210	-1.069E+02	1.00	3.698E-47	0	73	75	0	73	75	74M
11090	11090	-1.066E+02	1.00	5.075E-47	0	74	75	0	74	75	75M
11091	731	-4.599E+02	0.996	1.818E-200	0	320	322	0	320	322	321M
11091	7211	-4.612E+02	1.00	5.155E-201	0	320	322	0	320	322	321M
11091	11091	-4.609E+02	1.00	7.065E-201	0	321	322	0	321	322	322M
11092	730	-2.001E+02	1.00	1.247E-87	0	132	134	0	132	134	133M
11092	7212	-2.001E+02	1.00	1.247E-87	0	132	134	0	132	134	133M
11092	11092	-1.998E+02	1.00	1.711E-87	0	133	134	0	133	134	134M
11093	729	-7.084E+02	0.994	0.000E+00	0	728	730	0	728	730	729M
11093	7213	-7.084E+02	1.00	0.000E+00	0	728	730	0	728	730	729M
11093	11093	-7.084E+02	1.00	0.000E+00	0	729	730	0	729	730	730M
11094	728	-7.084E+02	0.998	0.000E+00	0	871	873	0	871	873	872M
11094	7214	-7.084E+02	1.00	0.000E+00	0	871	873	0	871	873	872M
11094	11094	-7.084E+02	1.00	0.000E+00	0	872	873	0	872	873	873M
11095	727	-4.554E+02	1.00	1.608E-198	0	308	310	0	308	310	309M
11095	7215	-4.554E+02	1.00	1.608E-198	0	308	310	0	308	310	309M
11095	11095	-4.551E+02	1.00	2.203E-198	0	309	310	0	309	310	310M
11096	726	-4.009E+02	0.996	7.954E-175	0	275	277	0	275	277	276M
11096	7216	-4.040E+02	1.00	3.401E-176	0	275	277	0	275	277	276M
11096	11096	-4.037E+02	1.00	4.661E-176	0	276	277	0	276	277	277M
11097	725	-3.861E+02	1.00	2.077E-168	0	254	256	0	254	256	255M
11097	7217	-3.861E+02	1.00	2.077E-168	0	254	256	0	254	256	255M
11097	11097	-3.858E+02	1.00	2.846E-168	0	255	256	0	255	256	256M
11098	724	-1.709E+02	0.991	6.017E-75	0	122	124	0	122	124	123M
11098	7218	-1.722E+02	1.00	1.701E-75	0	122	124	0	122	124	123M
11098	11098	-1.718E+02	1.00	2.333E-75	0	123	124	0	123	124	124M
11099	723	-1.856E+02	1.00	2.590E-81	0	139	141	0	139	141	140M
11099	7219	-1.856E+02	1.00	2.590E-81	0	139	141	0	139	141	140M
11099	11099	-1.852E+02	1.00	3.552E-81	0	140	141	0	140	141	141M
11100	722	-5.759E+02	0.997	8.022E-251	0	381	383	0	381	383	382M
11100	7220	-5.768E+02	1.00	3.117E-251	0	381	383	0	381	383	382M
11100	11100	-5.765E+02	1.00	4.272E-251	0	382	383	0	382	383	383M
11101	721	-2.739E+02	0.994	1.152E-119	0	180	182	0	180	182	181M
11101	7221	-2.754E+02	1.00	2.378E-120	0	180	182	0	180	182	181M
11101	11101	-2.751E+02	1.00	3.260E-120	0	181	182	0	181	182	182M
11102	720	-2.517E+02	1.00	4.681E-110	0	161	163	0	161	163	162M
11102	7222	-2.517E+02	1.00	4.681E-110	0	161	163	0	161	163	162M
11102	11102	-2.514E+02	1.00	6.418E-110	0	162	163	0	162	163	163M
11103	719	-5.985E+02	0.997	1.221E-260	0	376	378	0	376	378	377M
11103	7223	-6.000E+02	1.00	2.526E-261	0	376	378	0	376	378	377M
11103	11103	-5.997E+02	1.00	3.461E-261	0	377	378	0	377	378	378M
11104	718	-3.623E+02	1.00	4.321E-158	0	243	245	0	243	245	244M
11104	7224	-3.623E+02	1.00	4.321E-158	0	243	245	0	243	245	244M
11104	11104	-3.620E+02	1.00	5.923E-158	0	244	245	0	244	245	245M
11105	717	-7.007E+02	1.00	5.021E-305	0	461	463	0	461	463	462M
11105	7225	-7.007E+02	1.00	5.021E-305	0	461	463	0	461	463	462M
11105	11105	-7.004E+02	1.00	6.880E-305	0	462	463	0	462	463	463M
11106	716	-3.115E+02	0.995	5.418E-136	0	212	214	0	212	214	213M
11106	7226	-3.121E+02	1.00	2.883E-136	0	212	214	0	212	214	213M
11106	11106	-3.118E+02	1.00	3.952E-136	0	213	214	0	213	214	214M
11107	1454	-3.418E+02	0.995	3.502E-149	0	230	232	290	520	522	231M
11107	6926	-3.434E+02	1.00	7.236E-150	0	230	232	290	520	522	231M
11107	11107	-3.431E+02	1.00	9.919E-150	0	231	232	0	231	232	232M
11108	1453	-7.084E+02	0.998	0.000E+00	0	667	669	0	667	669	668M
11108	6925	-7.084E+02	1.00	0.000E+00	0	667	669	0	667	669	668M
11108	11108	-7.084E+02	1.00	0.000E+00	0	668	669	0	668	669	669M
11109	1452	-4.672E+02	0.996	1.220E-203	0	312	314	0	312	314	313M
11109	6924	-4.688E+02	1.00	2.523E-204	0	312	314	0	312	314	313M
11109	11109	-4.685E+02	1.00	3.458E-204	0	313	314	0	313	314	314M
11110	1451	-4.084E+02	1.00	4.465E-178	0	270	272	0	270	272	271M
11110	6923	-4.084E+02	1.00	4.465E-178	0	270	272	0	270	272	271M
11110	11110	-4.080E+02	1.00	6.120E-178	0	271	272	0	271	272	272M
11111	1450	-4.092E+02	0.996	1.843E-178	0	278	280	0	278	280	279M
11111	6922	-4.118E+02	1.00	1.480E-179	0	278	280	0	278	280	279M
11111	11111	-4.115E+02	1.00	2.029E-179	0	279	280	0	279	280	280M
11112	1449	-7.084E+02	0.999	0.000E+00	0	1186	1188	0	1186	1188	1187M
11112	6921	-7.084E+02	1.00	0.000E+00	0	1186	1188	0	1186	1188	1187M
11112	11112	-7.084E+02	1.00	0.000E+00	0	1187	1188	0	1187	1188	1188M
11113	1448	-5.217E+02	0.997	2.761E-227	0	354	356	0	354	356	355M
11113	6920	-5.223E+02	1.00	1.470E-227	0	354	356	0	354	356	355M
11113	11113	-5.220E+02	1.00	2.015E-227	0	355	356	0	355	356	356M
11114	4323	-6.140E+02	1.00	2.109E-267	0	434	436	0	434	436	435M
11114	6919	-6.140E+02	1.00	2.109E-267	0	434	436	0	434	436	435M
11114	11114	-6.137E+02	1.00	2.889E-267	0	435	436	0	435	436	436M
11115	4138	-7.381E+02	0.997	2.693E-321	0	475	477	0	475	477	476M
11115	6918	-7.407E+02	1.00	2.174E-322	0	475	477	0	475	477	476M
11115	11115	-7.403E+02	1.00	2.964E-322	0	476	477	0	476	477	477M
11116	4139	-2.260E+02	1.00	6.927E-99	0	138	140	0	138	140	139M
11116	6917	-2.260E+02	1.00	6.927E-99	0	138	140	0	138	140	139M
11116	11116	-2.257E+02	1.00	9.499E-99	0	139	140	0	139	140	140M
11117	4140	-2.461E+02	1.00	1.308E-107	0	160	162	0	160	162	161M
11117	6916	-2.461E+02	1.00	1.308E-107	0	160	162	0	160	162	161M
11117	11117	-2.458E+02	1.00	1.794E-107	0	161	162	0	161	162	162M
11118	151	-6.364E+01	0.319	2.309E-28	16	274	282	11	267	275	34M3I13M2D47M2I37M2D7M2D10M3I3M1I14M1D85M
11118	6915	-4.328E+02	1.00	1.093E-188	0	280	282	0	280	282	281M
11118	11118	-4.325E+02	1.00	1.498E-188	0	281	282	0	281	282	282M
11119	3776	-2.744E+02	0.966	6.831E-120	0	209	211	0	209	211	210M
11119	6914	-2.835E+02	1.00	7.288E-124	0	209	211	0	209	211	210M
11119	11119	-2.832E+02	1.00	9.990E-124	0	210	211	0	210	211	211M
11120	3777	-6.424E+02	0.995	1.029E-279	0	407	409	0	407	409	408M
11120	6913	-6.449E+02	1.00	8.274E-281	0	407	409	0	407	409	408M
11120	11120	-6.446E+02	1.00	1.134E-280	0	408	409	0	408	409	409M
11121	3778	-7.084E+02	0.998	0.000E+00	0	886	888	0	886	888	887M
11121	6912	-7.084E+02	1.00	0.000E+00	0	886	888	0	886	888	887M
11121	11121	-7.084E+02	1.00	0.000E+00	0	887	888	0	887	888	888M
11122	3779	-6.033E+02	1.00	9.877E-263	0	400	403	0	400	403	401M
11122	6911	-6.055E+02	1.00	1.089E-263	0	401	403	0	401	403	402M
11122	11122	-6.052E+02	1.00	1.492E-263	0	402	403	0	402	403	403M
11123	3780	-1.842E+02	0.984	1.016E-80	0	128	130	0	128	130	129M
11123	6910	-1.877E+02	1.00	3.148E-82	0	128	130	0	128	130	129M
11123	11123	-1.873E+02	1.00	4.317E-82	0	129	130	0	129	130	130M
11124	2821	-1.464E+02	0.991	2.566E-64	0	111	114	0	111	126	112M
11124	6909	-1.480E+02	1.00	5.286E-65	0	112	114	0	112	114	113M
11124	11124	-1.477E+02	1.00	7.250E-65	0	113	114	0	113	114	114M
11125	2820	-3.500E+02	0.995	1.039E-152	0	244	247	0	244	247	245M
11125	6908	-3.534E+02	1.00	3.240E-154	0	245	247	0	245	247	246M
11125	11125	-3.531E+02	1.00	4.440E-154	0	246	247	0	246	247	247M
11126	2819	-2.277E+02	1.00	1.259E-99	0	155	157	0	155	157	156M
11126	6907	-2.277E+02	1.00	1.259E-99	0	155	157	0	155	157	156M
11126	11126	-2.274E+02	1.00	1.726E-99	0	156	157	0	156	157	157M
11127	2818	-1.459E+02	0.990	4.383E-64	0	110	112	0	110	112	111M
11127	6906	-1.484E+02	1.00	3.498E-65	0	110	112	0	110	112	111M
11127	11127	-1.481E+02	1.00	4.798E-65	0	111	112	0	111	112	112M
11128	2817	-3.379E+02	0.978	1.860E-147	0	234	236	0	234	236	235M
11128	6905	-3.473E+02	1.00	1.450E-151	0	234	236	0	234	236	235M
11128	11128	-3.470E+02	1.00	1.987E-151	0	235	236	0	235	236	236M
11129	2816	-2.405E+02	0.971	3.617E-105	0	172	174	0	172	174	173M
11129	6904	-2.474E+02	1.00	3.495E-108	0	172	174	0	172	174	173M
11129	11129	-2.471E+02	1.00	4.792E-108	0	173	174	0	173	174	174M
11130	2815	-5.468E+02	1.00	3.302E-238	0	362	364	0	362	364	363M
11130	6903	-5.468E+02	1.00	3.302E-238	0	362	364	0	362	364	363M
11130	11130	-5.465E+02	1.00	4.526E-238	0	363	364	0	363	364	364M
11131	2814	-3.023E+02	0.995	4.916E-132	0	218	220	0	218	220	219M
11131	6902	-3.027E+02	1.00	3.586E-132	0	218	220	0	218	220	219M
11131	11131	-3.023E+02	1.00	4.916E-132	0	219	220	0	219	220	220M
11132	2813	-5.150E+02	0.980	2.162E-224	0	355	357	0	355	357	356M
11132	6901	-5.248E+02	1.00	1.238E-228	0	355	357	0	355	357	356M
11132	11132	-5.245E+02	1.00	1.697E-228	0	356	357	0	356	357	357M
11133	2812	-4.248E+02	0.996	3.284E-185	0	276	278	0	276	278	277M
11133	6900	-4.267E+02	1.00	4.954E-186	0	276	278	0	276	278	277M
11133	11133	-4.264E+02	1.00	6.790E-186	0	277	278	0	277	278	278M
11134	2811	-4.233E+02	1.00	1.515E-184	0	275	277	0	275	277	276M
11134	6899	-4.233E+02	1.00	1.515E-184	0	275	277	0	275	277	276M
11134	11134	-4.229E+02	1.00	2.077E-184	0	276	277	0	276	277	277M
11135	2810	-7.419E+02	1.00	6.423E-323	0	469	471	0	469	471	470M
11135	6898	-7.419E+02	1.00	6.423E-323	0	469	471	0	469	471	470M
11135	11135	-7.415E+02	1.00	8.893E-323	0	470	471	0	470	471	471M
11136	2809	-6.027E+02	0.982	1.708E-262	0	406	408	0	406	408	407M
11136	6897	-6.112E+02	1.00	3.454E-266	0	406	408	0	406	408	407M
11136	11136	-6.109E+02	1.00	4.734E-266	0	407	408	0	407	408	408M
11137	2808	-5.988E+02	0.987	8.519E-261	0	402	404	0	402	404	403M
11137	6896	-6.045E+02	1.00	2.935E-263	0	402	404	0	402	404	403M
11137	11137	-6.042E+02	1.00	4.022E-263	0	403	404	0	403	404	404M
11138	4290	-3.906E+02	0.992	2.398E-170	0	253	255	0	253	255	254M
11138	6895	-3.956E+02	1.00	1.545E-172	0	253	255	0	253	255	254M
11138	11138	-3.953E+02	1.00	2.118E-172	0	254	255	0	254	255	255M
11139	3949	-4.412E+02	1.00	2.486E-192	0	296	298	0	296	298	297M
11139	6894	-4.412E+02	1.00	2.486E-192	0	296	298	0	296	298	297M
11139	11139	-4.409E+02	1.00	3.406E-192	0	297	298	0	297	298	298M
11140	3948	-4.221E+02	1.00	4.710E-184	0	279	281	0	279	281	280M
11140	6893	-4.221E+02	1.00	4.710E-184	0	279	281	0	279	281	280M
11140	11140	-4.218E+02	1.00	6.455E-184	0	280	281	0	280	281	281M
11141	3947	-3.191E+02	1.00	2.622E-139	0	224	226	0	224	226	225M
11141	6892	-3.191E+02	1.00	2.622E-139	0	224	226	0	224	226	225M
11141	11141	-3.188E+02	1.00	3.595E-139	0	225	226	0	225	226	226M
11142	3946	-3.761E+02	1.00	4.699E-164	0	246	248	0	246	248	247M
11142	6891	-3.761E+02	1.00	4.699E-164	0	246	248	0	246	248	247M
11142	11142	-3.758E+02	1.00	6.441E-164	0	247	248	0	247	248	248M
11143	3945	-6.593E+02	0.975	4.458E-287	2	442	444	12	452	454	441M
11143	6890	-6.782E+02	1.00	2.757E-295	0	442	444	0	442	444	443M
11143	11143	-6.779E+02	1.00	3.778E-295	0	443	444	0	443	444	444M
11144	4287	-2.233E+02	1.00	1.045E-97	0	155	157	0	155	157	156M
11144	6889	-2.233E+02	1.00	1.045E-97	0	155	157	0	155	157	156M
11144	11144	-2.230E+02	1.00	1.432E-97	0	156	157	0	156	157	157M
11145	4286	-3.593E+02	1.00	9.336E-157	0	248	250	0	248	250	249M
11145	6888	-3.593E+02	1.00	9.336E-157	0	248	250	0	248	250	249M
11145	11145	-3.590E+02	1.00	1.280E-156	0	249	250	0	249	250	250M
11146	6887	-2.660E+02	1.00	3.069E-116	0	180	182	0	180	182	181M
11146	11146	-2.657E+02	1.00	4.207E-116	0	181	182	0	181	182	182M
11147	478	-1.210E+02	0.478	2.801E-53	0	183	187	0	183	189	184M
11147	6886	-2.847E+02	1.00	2.340E-124	0	185	187	0	185	187	186M
11147	11147	-2.844E+02	1.00	3.208E-124	0	186	187	0	186	187	187M
11148	4319	-4.442E+02	0.989	1.248E-193	0	286	288	0	286	288	287M
11148	6885	-4.480E+02	1.00	2.840E-195	0	286	288	0	286	288	287M
11148	11148	-4.476E+02	1.00	3.892E-195	0	287	288	0	287	288	288M
11149	3965	-9.611E+01	0.274	1.818E-42	5	395	411	0	398	421	14M3D63M3D7M3I10M5I28M1I56M2I42M1D4M4D75M3D56M2D5M1I4M4D15M
11149	6884	-6.231E+02	1.00	2.511E-271	0	409	411	0	409	411	410M
11149	11149	-6.228E+02	1.00	3.440E-271	0	410	411	0	410	411	411M
11150	4144	-3.837E+01	1.00	2.159E-17	0	31	33	0	31	33	32M
11150	6883	-3.837E+01	1.00	2.159E-17	0	31	33	0	31	33	32M
11150	11150	-3.806E+01	1.00	2.968E-17	0	32	33	0	32	33	33M
11151	3851	-3.510E+02	0.995	3.759E-153	0	248	300	0	248	252	249M
11151	6882	-4.335E+02	1.00	5.263E-189	0	298	300	0	298	300	299M
11151	11151	-4.332E+02	1.00	7.213E-189	0	299	300	0	299	300	300M
11152	3852	-2.055E+02	1.00	5.517E-90	0	144	146	0	144	146	145M
11152	6881	-2.055E+02	1.00	5.517E-90	0	144	146	0	144	146	145M
11152	11152	-2.052E+02	1.00	7.565E-90	0	145	146	0	145	146	146M
11153	3853	-6.971E+02	0.993	1.780E-303	0	470	472	0	470	472	471M
11153	6880	-7.015E+02	1.00	2.164E-305	0	470	472	0	470	472	471M
11153	11153	-7.012E+02	1.00	2.965E-305	0	471	472	0	471	472	472M
11154	3854	-2.228E+02	1.00	1.785E-97	0	153	155	0	153	155	154M
11154	6879	-2.228E+02	1.00	1.785E-97	0	153	155	0	153	155	154M
11154	11154	-2.225E+02	1.00	2.447E-97	0	154	155	0	154	155	155M
11155	3855	-4.343E+02	0.983	2.378E-189	0	308	310	0	308	310	309M
11155	6878	-4.422E+02	1.00	9.010E-193	0	308	310	0	308	310	309M
11155	11155	-4.419E+02	1.00	1.235E-192	0	309	310	0	309	310	310M
11156	3856	-4.236E+02	0.989	1.121E-184	0	282	284	0	282	284	283M
11156	6877	-4.296E+02	1.00	2.810E-187	0	282	284	0	282	284	283M
11156	11156	-4.292E+02	1.00	3.851E-187	0	283	284	0	283	284	284M
11157	3857	-7.125E+01	0.983	1.144E-31	0	58	60	0	58	60	59M
11157	6876	-7.156E+01	1.00	8.335E-32	0	58	60	0	58	60	59M
11157	11157	-7.125E+01	1.00	1.144E-31	0	59	60	0	59	60	60M
11158	3406	-4.972E+02	0.997	1.161E-216	0	338	340	0	338	340	339M
11158	6875	-4.982E+02	1.00	4.511E-217	0	338	340	0	338	340	339M
11158	11158	-4.978E+02	1.00	6.181E-217	0	339	340	0	339	340	340M
11159	3405	-7.084E+02	0.989	0.000E+00	0	844	846	0	844	846	845M
11159	6874	-7.084E+02	1.00	0.000E+00	0	844	846	0	844	846	845M
11159	11159	-7.084E+02	1.00	0.000E+00	0	845	846	0	845	846	846M
11160	3404	-3.755E+02	0.991	8.421E-164	0	245	247	0	245	247	246M
11160	6873	-3.774E+02	1.00	1.270E-164	0	245	247	0	245	247	246M
11160	11160	-3.771E+02	1.00	1.740E-164	0	246	247	0	246	247	247M
11161	4251	-2.428E+02	0.982	3.673E-106	0	175	179	0	175	186	176M
11161	6872	-2.513E+02	1.00	7.333E-110	0	177	179	0	177	179	178M
11161	11161	-2.510E+02	1.00	1.005E-109	0	178	179	0	178	179	179M
11162	3439	-1.659E+02	1.00	9.214E-73	0	115	117	0	115	117	116M
11162	6871	-1.659E+02	1.00	9.214E-73	0	115	117	0	115	117	116M
11162	11162	-1.656E+02	1.00	1.264E-72	0	116	117	0	116	117	117M
11163	3440	-9.287E+01	0.957	4.654E-41	0	69	71	0	69	71	70M
11163	6870	-9.667E+01	1.00	1.041E-42	0	69	71	0	69	71	70M
11163	11163	-9.635E+01	1.00	1.429E-42	0	70	71	0	70	71	71M
11164	3441	-4.967E+02	0.996	1.872E-216	0	328	330	0	328	330	329M
11164	6869	-4.980E+02	1.00	5.307E-217	0	328	330	0	328	330	329M
11164	11164	-4.977E+02	1.00	7.273E-217	0	329	330	0	329	330	330M
11165	3442	-5.740E+02	1.00	5.359E-250	0	361	363	0	361	363	362M
11165	6868	-5.740E+02	1.00	5.359E-250	0	361	363	0	361	363	362M
11165	11165	-5.737E+02	1.00	7.345E-250	0	362	363	0	362	363	363M
11166	3443	-7.392E+02	0.971	8.893E-322	0	485	487	0	485	487	486M
11166	6867	-7.084E+02	1.00	0.000E+00	0	485	487	0	485	487	486M
11166	11166	-7.084E+02	1.00	0.000E+00	0	486	487	0	486	487	487M
11167	3444	-2.486E+02	1.00	1.055E-108	0	180	182	0	180	182	181M
11167	6866	-2.486E+02	1.00	1.055E-108	0	180	182	0	180	182	181M
11167	11167	-2.483E+02	1.00	1.446E-108	0	181	182	0	181	182	182M
11168	3445	-2.870E+02	1.00	2.309E-125	0	196	198	0	196	198	197M
11168	6865	-2.870E+02	1.00	2.309E-125	0	196	198	0	196	198	197M
11168	11168	-2.867E+02	1.00	3.165E-125	0	197	198	0	197	198	198M
11169	3446	-2.758E+02	0.988	1.734E-120	0	180	182	0	180	207	181M
11169	6864	-2.789E+02	1.00	7.394E-122	0	180	182	0	180	182	181M
11169	11169	-2.786E+02	1.00	1.014E-121	0	181	182	0	181	182	182M
11170	3447	-4.066E+02	0.978	2.487E-177	0	273	275	0	273	275	274M
11170	6863	-4.158E+02	1.00	2.663E-181	0	273	275	0	273	275	274M
11170	11170	-4.155E+02	1.00	3.650E-181	0	274	275	0	274	275	275M
11171	3448	-2.597E+02	1.00	1.561E-113	0	185	187	0	185	187	186M
11171	6862	-2.597E+02	1.00	1.561E-113	0	185	187	0	185	187	186M
11171	11171	-2.594E+02	1.00	2.140E-113	0	186	187	0	186	187	187M
11172	3449	-6.861E+01	0.950	1.602E-30	0	60	62	0	60	62	61M
11172	6861	-7.368E+01	1.00	1.003E-32	0	60	62	0	60	62	61M
11172	11172	-7.336E+01	1.00	1.377E-32	0	61	62	0	61	62	62M
11173	2392	-1.227E+02	1.00	5.414E-54	0	81	83	0	81	83	82M
11173	6860	-1.227E+02	1.00	5.414E-54	0	81	83	0	81	83	82M
11173	11173	-1.223E+02	1.00	7.429E-54	0	82	83	0	82	83	83M
11174	2391	-5.885E+02	1.00	2.604E-256	0	387	389	0	387	389	388M
11174	6859	-5.885E+02	1.00	2.604E-256	0	387	389	0	387	389	388M
11174	11174	-5.882E+02	1.00	3.569E-256	0	388	389	0	388	389	389M
11175	2390	-7.084E+02	0.996	0.000E+00	0	661	663	0	661	663	662M
11175	6858	-7.084E+02	1.00	0.000E+00	0	661	663	0	661	663	662M
11175	11175	-7.084E+02	1.00	0.000E+00	0	662	663	0	662	663	663M
11176	2389	-1.994E+02	1.00	2.584E-87	0	134	136	0	134	136	135M
11176	6857	-1.994E+02	1.00	2.584E-87	0	134	136	0	134	136	135M
11176	11176	-1.991E+02	1.00	3.544E-87	0	135	136	0	135	136	136M
11177	2388	-2.864E+02	1.00	4.138E-125	0	195	197	0	195	197	196M
11177	6856	-2.864E+02	1.00	4.138E-125	0	195	197	0	195	197	196M
11177	11177	-2.861E+02	1.00	5.673E-125	0	196	197	0	196	197	197M
11178	2387	-2.921E+02	1.00	1.415E-127	0	195	197	0	195	197	196M
11178	6855	-2.921E+02	1.00	1.415E-127	0	195	197	0	195	197	196M
11178	11178	-2.918E+02	1.00	1.940E-127	0	196	197	0	196	197	197M
11179	2386	-3.745E+02	0.979	2.383E-163	0	247	249	0	247	249	248M
11179	6854	-3.814E+02	1.00	2.315E-166	0	247	249	0	247	249	248M
11179	11179	-3.811E+02	1.00	3.174E-166	0	248	249	0	248	249	249M
11180	2385	-1.046E+02	1.00	3.747E-46	0	75	77	0	75	77	76M
11180	6853	-1.046E+02	1.00	3.747E-46	0	75	77	0	75	77	76M
11180	11180	-1.043E+02	1.00	5.143E-46	0	76	77	0	76	77	77M
11181	2384	-5.359E+02	0.986	1.853E-233	0	360	362	0	360	362	361M
11181	6852	-5.453E+02	1.00	1.454E-237	0	360	362	0	360	362	361M
11181	11181	-5.450E+02	1.00	1.992E-237	0	361	362	0	361	362	362M
11182	2383	-2.283E+02	0.980	7.023E-100	0	156	158	0	156	158	157M
11182	6851	-2.318E+02	1.00	2.181E-101	0	156	158	0	156	158	157M
11182	11182	-2.315E+02	1.00	2.990E-101	0	157	158	0	157	158	158M
11183	2382	-7.084E+02	0.997	0.000E+00	0	1249	1251	0	1249	1251	1250M
11183	6850	-7.084E+02	1.00	0.000E+00	0	1249	1251	0	1249	1251	1250M
11183	11183	-7.084E+02	1.00	0.000E+00	0	1250	1251	0	1250	1251	1251M
11184	2381	-2.338E+02	1.00	3.041E-102	0	161	163	0	161	163	162M
11184	6849	-2.338E+02	1.00	3.041E-102	0	161	163	0	161	163	162M
11184	11184	-2.334E+02	1.00	4.170E-102	0	162	163	0	162	163	163M
11185	2380	-7.281E+02	0.997	6.326E-317	0	495	497	0	495	497	496M
11185	6848	-7.293E+02	1.00	1.795E-317	0	495	497	0	495	497	496M
11185	11185	-7.290E+02	1.00	2.459E-317	0	496	497	0	496	497	497M
11186	4454	-3.222E+02	0.985	1.135E-140	21	231	233	0	210	212	211M
11186	6847	-3.576E+02	1.00	5.215E-156	0	231	233	0	231	233	232M
11186	11186	-3.572E+02	1.00	7.149E-156	0	232	233	0	232	233	233M
11187	3697	-1.810E+02	1.00	2.574E-79	0	121	125	0	121	141	122M
11187	6846	-1.841E+02	1.00	1.094E-80	0	123	125	0	123	125	124M
11187	11187	-1.838E+02	1.00	1.500E-80	0	124	125	0	124	125	125M
11188	3696	-5.138E+02	0.997	7.113E-224	0	340	342	0	340	342	341M
11188	6845	-5.148E+02	1.00	2.764E-224	0	340	342	0	340	342	341M
11188	11188	-5.144E+02	1.00	3.787E-224	0	341	342	0	341	342	342M
11189	3695	-2.197E+02	0.993	3.915E-96	0	145	147	0	145	147	146M
11189	6844	-2.200E+02	1.00	2.855E-96	0	145	147	0	145	147	146M
11189	11189	-2.197E+02	1.00	3.915E-96	0	146	147	0	146	147	147M
11190	3694	-7.084E+02	0.998	0.000E+00	0	614	616	0	614	616	615M
11190	6843	-7.084E+02	1.00	0.000E+00	0	614	616	0	614	616	615M
11190	11190	-7.084E+02	1.00	0.000E+00	0	615	616	0	615	616	616M
11191	4128	-2.409E+02	0.994	2.439E-105	0	177	179	0	177	179	178M
11191	6842	-2.425E+02	1.00	5.035E-106	0	177	179	0	177	179	178M
11191	11191	-2.421E+02	1.00	6.903E-106	0	178	179	0	178	179	179M
11192	4127	-3.282E+02	1.00	2.935E-143	0	225	227	0	225	227	226M
11192	6841	-3.282E+02	1.00	2.935E-143	0	225	227	0	225	227	226M
11192	11192	-3.279E+02	1.00	4.023E-143	0	226	227	0	226	227	227M
11193	4126	-5.369E+02	0.992	6.621E-234	0	399	401	0	399	401	400M
11193	6840	-5.410E+02	1.00	1.103E-235	0	399	401	0	399	401	400M
11193	11193	-5.407E+02	1.00	1.512E-235	0	400	401	0	400	401	401M
11194	1242	-3.694E+01	0.971	9.096E-17	0	34	36	109	143	145	35M
11194	5348	-3.789E+01	1.00	3.501E-17	0	34	36	0	34	36	35M
11194	9408	-3.789E+01	1.00	3.501E-17	0	34	36	0	34	36	35M
11195	4441	-2.176E+01	0.313	3.546E-10	2	113	137	4	116	142	45M2D51M1D4M2I10M
11195	7364	-2.110E+02	1.00	2.287E-92	0	135	137	0	135	137	136M
11195	11195	-2.107E+02	1.00	3.137E-92	0	136	137	0	136	137	137M
11196	3847	-5.887E+02	1.00	2.153E-256	0	385	412	0	385	447	386M
11196	7363	-6.199E+02	1.00	6.141E-270	0	410	412	0	410	412	411M
11196	11196	-6.196E+02	1.00	8.416E-270	0	411	412	0	411	412	412M
11197	3846	-8.012E+01	1.00	1.599E-35	0	58	60	0	58	60	59M
11197	7362	-8.012E+01	1.00	1.599E-35	0	58	60	0	58	60	59M
11197	11197	-7.980E+01	1.00	2.195E-35	0	59	60	0	59	60	60M
11198	3845	-7.141E+02	0.997	7.375E-311	15	477	479	0	462	464	463M
11198	7361	-7.393E+02	1.00	8.399E-322	0	477	479	0	477	479	478M
11198	11198	-7.390E+02	1.00	1.151E-321	0	478	479	0	478	479	479M
11199	2406	-3.968E+02	0.996	4.886E-173	0	257	264	0	257	258	258M
11199	7360	-4.078E+02	1.00	7.884E-178	0	262	264	0	262	264	263M
11199	11199	-4.075E+02	1.00	1.081E-177	0	263	264	0	263	264	264M
11200	2405	-7.084E+02	1.00	0.000E+00	0	672	674	0	672	674	673M
11200	7359	-7.084E+02	1.00	0.000E+00	0	672	674	0	672	674	673M
11200	11200	-7.084E+02	1.00	0.000E+00	0	673	674	0	673	674	674M
11201	2404	-3.066E+02	1.00	6.731E-134	0	194	196	0	194	196	195M
11201	7358	-3.066E+02	1.00	6.731E-134	0	194	196	0	194	196	195M
11201	11201	-3.063E+02	1.00	9.228E-134	0	195	196	0	195	196	196M
11202	2403	-4.700E+02	1.00	7.496E-205	0	313	315	0	313	315	314M
11202	7357	-4.700E+02	1.00	7.496E-205	0	313	315	0	313	315	314M
11202	11202	-4.697E+02	1.00	1.027E-204	0	314	315	0	314	315	315M
11203	2402	-7.179E+02	1.00	1.700E-312	0	484	486	0	484	486	485M
11203	7356	-7.179E+02	1.00	1.700E-312	0	484	486	0	484	486	485M
11203	11203	-7.176E+02	1.00	2.330E-312	0	485	486	0	485	486	486M
11204	2401	-3.510E+02	0.995	3.674E-153	0	243	245	0	243	245	244M
11204	7355	-3.532E+02	1.00	4.042E-154	0	243	245	0	243	245	244M
11204	11204	-3.529E+02	1.00	5.540E-154	0	244	245	0	244	245	245M
11205	2400	-3.251E+02	1.00	6.254E-142	0	223	225	0	223	225	224M
11205	7354	-3.251E+02	1.00	6.254E-142	0	223	225	0	223	225	224M
11205	11205	-3.248E+02	1.00	8.573E-142	0	224	225	0	224	225	225M
11206	2399	-6.018E+02	1.00	4.196E-262	0	405	407	0	405	407	406M
11206	7353	-6.018E+02	1.00	4.196E-262	0	405	407	0	405	407	406M
11206	11206	-6.015E+02	1.00	5.750E-262	0	406	407	0	406	407	407M
11207	2398	-5.676E+02	0.997	3.144E-247	0	376	378	0	376	378	377M
11207	7352	-5.679E+02	1.00	2.295E-247	0	376	378	0	376	378	377M
11207	11207	-5.676E+02	1.00	3.144E-247	0	377	378	0	377	378	378M
11208	2397	-3.251E+02	0.995	6.456E-142	0	217	219	0	217	219	218M
11208	7351	-3.257E+02	1.00	3.436E-142	0	217	219	0	217	219	218M
11208	11208	-3.254E+02	1.00	4.710E-142	0	218	219	0	218	219	219M
11209	2396	-6.153E+02	0.997	6.239E-268	0	401	403	0	401	403	402M
11209	7350	-6.168E+02	1.00	1.291E-268	0	401	403	0	401	403	402M
11209	11209	-6.165E+02	1.00	1.769E-268	0	402	403	0	402	403	403M
11210	2395	-5.163E+02	1.00	5.717E-225	0	340	342	0	340	342	341M
11210	7349	-5.163E+02	1.00	5.717E-225	0	340	342	0	340	342	341M
11210	11210	-5.160E+02	1.00	7.835E-225	0	341	342	0	341	342	342M
11211	2394	-5.277E+02	0.994	6.851E-230	0	347	349	0	347	349	348M
11211	7348	-5.296E+02	1.00	1.034E-230	0	347	349	0	347	349	348M
11211	11211	-5.292E+02	1.00	1.417E-230	0	348	349	0	348	349	349M
11212	2393	-3.238E+02	0.995	2.459E-141	0	232	234	0	232	234	233M
11212	7347	-3.253E+02	1.00	5.083E-142	0	232	234	0	232	234	233M
11212	11212	-3.250E+02	1.00	6.968E-142	0	233	234	0	233	234	234M
11213	1975	-6.239E+02	0.990	1.109E-271	0	405	407	0	405	407	406M
11213	7346	-6.289E+02	1.00	7.173E-274	0	405	407	0	405	407	406M
11213	11213	-6.286E+02	1.00	9.829E-274	0	406	407	0	406	407	407M
11214	1974	-5.701E+02	0.989	2.649E-248	0	377	379	0	377	379	378M
11214	7345	-5.786E+02	1.00	5.351E-252	0	377	379	0	377	379	378M
11214	11214	-5.783E+02	1.00	7.333E-252	0	378	379	0	378	379	379M
11215	1973	-4.779E+02	0.990	2.890E-208	0	300	302	0	300	302	301M
11215	7344	-4.832E+02	1.00	1.361E-210	0	300	302	0	300	302	301M
11215	11215	-4.829E+02	1.00	1.865E-210	0	301	302	0	301	302	302M
11216	1972	-7.084E+02	0.995	0.000E+00	0	613	615	0	613	615	614M
11216	7343	-7.084E+02	1.00	0.000E+00	0	613	615	0	613	615	614M
11216	11216	-7.084E+02	1.00	0.000E+00	0	614	615	0	614	615	615M
11217	1971	-6.464E+02	0.997	1.817E-281	0	415	417	0	415	417	416M
11217	7342	-6.477E+02	1.00	5.152E-282	0	415	417	0	415	417	416M
11217	11217	-6.474E+02	1.00	7.061E-282	0	416	417	0	416	417	417M
11218	1970	-4.528E+02	1.00	2.244E-197	0	297	299	0	297	299	298M
11218	7341	-4.528E+02	1.00	2.244E-197	0	297	299	0	297	299	298M
11218	11218	-4.525E+02	1.00	3.075E-197	0	298	299	0	298	299	299M
11219	1969	-3.569E+02	0.995	1.010E-155	0	245	247	0	245	247	246M
11219	7340	-3.572E+02	1.00	7.369E-156	0	245	247	0	245	247	246M
11219	11219	-3.569E+02	1.00	1.010E-155	0	246	247	0	246	247	247M
11220	1968	-7.084E+02	0.987	0.000E+00	0	479	481	0	479	481	480M
11220	7339	-7.084E+02	1.00	0.000E+00	0	479	481	0	479	481	480M
11220	11220	-7.084E+02	1.00	0.000E+00	0	480	481	0	480	481	481M
11221	1967	-2.348E+02	1.00	1.072E-102	0	159	161	0	159	161	160M
11221	7338	-2.348E+02	1.00	1.072E-102	0	159	161	0	159	161	160M
11221	11221	-2.345E+02	1.00	1.470E-102	0	160	161	0	160	161	161M
11222	1966	-6.528E+02	0.995	3.109E-284	0	427	429	0	427	429	428M
11222	7337	-6.553E+02	1.00	2.500E-285	0	427	429	0	427	429	428M
11222	11222	-6.550E+02	1.00	3.426E-285	0	428	429	0	428	429	429M
11223	1965	-6.482E+02	0.997	3.115E-282	0	438	440	0	438	440	439M
11223	7336	-6.498E+02	1.00	6.448E-283	0	438	440	0	438	440	439M
11223	11223	-6.495E+02	1.00	8.835E-283	0	439	440	0	439	440	440M
11224	1964	-7.084E+02	0.994	0.000E+00	0	566	568	0	566	568	567M
11224	7335	-7.084E+02	1.00	0.000E+00	0	566	568	0	566	568	567M
11224	11224	-7.084E+02	1.00	0.000E+00	0	567	568	0	567	568	568M
11225	1963	-7.084E+02	0.998	0.000E+00	0	744	746	0	744	746	745M
11225	7334	-7.084E+02	1.00	0.000E+00	0	744	746	0	744	746	745M
11225	11225	-7.084E+02	1.00	0.000E+00	0	745	746	0	745	746	746M
11226	1962	-3.937E+02	1.00	1.090E-171	0	261	263	0	261	263	262M
11226	7333	-3.937E+02	1.00	1.090E-171	0	261	263	0	261	263	262M
11226	11226	-3.933E+02	1.00	1.495E-171	0	262	263	0	262	263	263M
11227	1961	-6.444E+02	0.995	1.321E-280	0	417	419	0	417	419	418M
11227	7332	-6.476E+02	1.00	5.658E-282	0	417	419	0	417	419	418M
11227	11227	-6.473E+02	1.00	7.753E-282	0	418	419	0	418	419	419M
11228	4133	-2.328E+02	0.993	8.222E-102	0	159	164	0	159	180	160M
11228	7331	-2.381E+02	1.00	3.845E-104	0	162	164	0	162	164	163M
11228	11228	-2.378E+02	1.00	5.272E-104	0	163	164	0	163	164	164M
11229	4132	-1.886E+02	0.985	1.247E-82	0	135	137	0	135	137	136M
11229	7330	-1.924E+02	1.00	2.820E-84	0	135	137	0	135	137	136M
11229	11229	-1.921E+02	1.00	3.867E-84	0	136	137	0	136	137	137M
11230	4130	-5.584E+02	0.966	3.125E-243	0	391	393	0	391	393	392M
11230	7329	-5.792E+02	1.00	2.916E-252	0	391	393	0	391	393	392M
11230	11230	-5.789E+02	1.00	3.996E-252	0	392	393	0	392	393	393M
11231	4129	-4.511E+02	1.00	1.175E-196	0	292	294	0	292	294	293M
11231	7328	-4.511E+02	1.00	1.175E-196	0	292	294	0	292	294	293M
11231	11231	-4.508E+02	1.00	1.611E-196	0	293	294	0	293	294	294M
11232	867	-6.477E+02	0.997	5.273E-282	0	463	465	0	463	465	464M
11232	7327	-6.489E+02	1.00	1.496E-282	0	463	465	0	463	465	464M
11232	11232	-6.486E+02	1.00	2.050E-282	0	464	465	0	464	465	465M
11233	866	-4.002E+02	0.974	1.620E-174	0	270	272	0	270	272	271M
11233	7326	-4.140E+02	1.00	1.533E-180	0	270	272	0	270	272	271M
11233	11233	-4.137E+02	1.00	2.101E-180	0	271	272	0	271	272	272M
11234	865	-7.084E+02	0.996	0.000E+00	0	919	921	0	919	921	920M
11234	7325	-7.084E+02	1.00	0.000E+00	0	919	921	0	919	921	920M
11234	11234	-7.084E+02	1.00	0.000E+00	0	920	921	0	920	921	921M
11235	864	-1.862E+02	1.00	1.386E-81	0	126	128	0	126	128	127M
11235	7324	-1.862E+02	1.00	1.386E-81	0	126	128	0	126	128	127M
11235	11235	-1.859E+02	1.00	1.901E-81	0	127	128	0	127	128	128M
11236	863	-3.217E+02	0.990	1.945E-140	0	209	211	0	209	211	210M
11236	7323	-3.249E+02	1.00	8.299E-142	0	209	211	0	209	211	210M
11236	11236	-3.245E+02	1.00	1.138E-141	0	210	211	0	210	211	211M
11237	862	-7.288E+02	0.989	3.041E-317	0	486	488	0	486	488	487M
11237	7322	-7.354E+02	1.00	4.078E-320	0	486	488	0	486	488	487M
11237	11237	-7.351E+02	1.00	5.587E-320	0	487	488	0	487	488	488M
11238	861	-1.888E+02	1.00	1.005E-82	0	124	126	0	124	126	125M
11238	7321	-1.888E+02	1.00	1.005E-82	0	124	126	0	124	126	125M
11238	11238	-1.885E+02	1.00	1.379E-82	0	125	126	0	125	126	126M
11239	860	-2.858E+02	0.990	7.901E-125	0	202	204	0	202	204	203M
11239	7320	-2.870E+02	1.00	2.237E-125	0	202	204	0	202	204	203M
11239	11239	-2.867E+02	1.00	3.067E-125	0	203	204	0	203	204	204M
11240	859	-6.668E+02	0.995	2.610E-290	0	431	433	0	431	433	432M
11240	7319	-6.696E+02	1.00	1.532E-291	0	431	433	0	431	433	432M
11240	11240	-6.693E+02	1.00	2.099E-291	0	432	433	0	432	433	433M
11241	858	-3.300E+02	0.969	4.704E-144	0	232	235	0	232	235	233M
11241	7318	-3.373E+02	1.00	3.333E-147	0	233	235	0	233	235	234M
11241	11241	-3.370E+02	1.00	4.569E-147	0	234	235	0	234	235	235M
11242	857	-3.254E+02	0.990	4.857E-142	0	211	213	0	211	213	212M
11242	7317	-3.276E+02	1.00	5.340E-143	0	211	213	0	211	213	212M
11242	11242	-3.273E+02	1.00	7.320E-143	0	212	213	0	212	213	213M
11243	856	-7.084E+02	0.997	0.000E+00	0	944	946	0	944	946	945M
11243	7316	-7.084E+02	1.00	0.000E+00	0	944	946	0	944	946	945M
11243	11243	-7.084E+02	1.00	0.000E+00	0	945	946	0	945	946	946M
11244	855	-4.645E+02	1.00	1.889E-202	0	337	339	0	337	339	338M
11244	7315	-4.645E+02	1.00	1.889E-202	0	337	339	0	337	339	338M
11244	11244	-4.642E+02	1.00	2.589E-202	0	338	339	0	338	339	339M
11245	854	-3.232E+02	1.00	4.207E-141	0	230	232	0	230	232	231M
11245	7314	-3.232E+02	1.00	4.207E-141	0	230	232	0	230	232	231M
11245	11245	-3.229E+02	1.00	5.766E-141	0	231	232	0	231	232	232M
11246	853	-5.386E+02	0.997	1.179E-234	0	355	357	0	355	357	356M
11246	7313	-5.399E+02	1.00	3.344E-235	0	355	357	0	355	357	356M
11246	11246	-5.396E+02	1.00	4.582E-235	0	356	357	0	356	357	357M
11247	852	-5.849E+02	1.00	9.546E-255	0	363	365	0	363	365	364M
11247	7312	-5.849E+02	1.00	9.546E-255	0	363	365	0	363	365	364M
11247	11247	-5.846E+02	1.00	1.308E-254	0	364	365	0	364	365	365M
11248	2089	-2.526E+01	0.269	1.076E-11	4	153	155	7	162	165	13M2D104M3D13M1D20M
11248	7311	-2.386E+02	1.00	2.497E-104	0	153	155	0	153	155	154M
11248	11248	-2.382E+02	1.00	3.423E-104	0	154	155	0	154	155	155M
11249	1607	-7.280E+00	0.201	6.892E-04	21	198	211	21	196	200	112M3I29M1D34M
11249	7310	-3.081E+02	1.00	1.510E-134	0	209	211	0	209	211	210M
11249	11249	-3.078E+02	1.00	2.070E-134	0	210	211	0	210	211	211M
11250	849	-3.241E+02	0.995	1.794E-141	0	232	234	0	232	234	233M
11250	7309	-3.253E+02	1.00	5.083E-142	0	232	234	0	232	234	233M
11250	11250	-3.250E+02	1.00	6.968E-142	0	233	234	0	233	234	234M
11251	848	-6.971E+02	1.00	1.743E-303	0	456	458	0	456	458	457M
11251	7308	-6.971E+02	1.00	1.743E-303	0	456	458	0	456	458	457M
11251	11251	-6.968E+02	1.00	2.389E-303	0	457	458	0	457	458	458M
11252	847	-7.084E+02	0.996	0.000E+00	0	509	511	0	509	511	510M
11252	7307	-7.084E+02	1.00	0.000E+00	0	509	511	0	509	511	510M
11252	11252	-7.084E+02	1.00	0.000E+00	0	510	511	0	510	511	511M
11253	846	-7.123E+02	0.987	4.449E-310	0	475	477	0	475	477	476M
11253	7306	-7.192E+02	1.00	4.351E-313	0	475	477	0	475	477	476M
11253	11253	-7.189E+02	1.00	5.963E-313	0	476	477	0	476	477	477M
11254	845	-2.281E+02	1.00	8.502E-100	0	160	162	0	160	162	161M
11254	7305	-2.281E+02	1.00	8.502E-100	0	160	162	0	160	162	161M
11254	11254	-2.278E+02	1.00	1.166E-99	0	161	162	0	161	162	162M
11255	844	-7.084E+02	0.998	0.000E+00	0	572	574	0	572	574	573M
11255	7304	-7.084E+02	1.00	0.000E+00	0	572	574	0	572	574	573M
11255	11255	-7.084E+02	1.00	0.000E+00	0	573	574	0	573	574	574M
11256	843	-6.822E+02	1.00	5.148E-297	0	458	460	0	458	460	459M
11256	7303	-6.822E+02	1.00	5.148E-297	0	458	460	0	458	460	459M
11256	11256	-6.819E+02	1.00	7.054E-297	0	459	460	0	459	460	460M
11257	842	-5.090E+02	1.00	8.820E-222	0	342	344	0	342	344	343M
11257	7302	-5.090E+02	1.00	8.820E-222	0	342	344	0	342	344	343M
11257	11257	-5.087E+02	1.00	1.209E-221	0	343	344	0	343	344	344M
11258	841	-6.627E+02	1.00	1.559E-288	0	458	460	0	458	460	459M
11258	7301	-6.627E+02	1.00	1.559E-288	0	458	460	0	458	460	459M
11258	11258	-6.624E+02	1.00	2.137E-288	0	459	460	0	459	460	460M
11259	840	-6.779E+02	0.997	4.082E-295	0	464	466	0	464	466	465M
11259	7300	-6.804E+02	1.00	3.285E-296	0	464	466	0	464	466	465M
11259	11259	-6.801E+02	1.00	4.501E-296	0	465	466	0	465	466	466M
11260	839	-4.581E+02	1.00	1.161E-199	0	299	301	0	299	301	300M
11260	7299	-4.581E+02	1.00	1.161E-199	0	299	301	0	299	301	300M
11260	11260	-4.578E+02	1.00	1.591E-199	0	300	301	0	300	301	301M
11261	838	-4.682E+02	1.00	4.798E-204	0	319	321	0	319	321	320M
11261	7298	-4.682E+02	1.00	4.798E-204	0	319	321	0	319	321	320M
11261	11261	-4.678E+02	1.00	6.575E-204	0	320	321	0	320	321	321M
11262	715	-7.084E+02	0.992	0.000E+00	68	697	701	0	629	661	630M
11262	7297	-7.084E+02	1.00	0.000E+00	0	699	701	0	699	701	700M
11262	11262	-7.084E+02	1.00	0.000E+00	0	700	701	0	700	701	701M
11263	3047	-2.000E+01	0.633	2.069E-09	0	29	31	72	101	103	30M
11263	7296	-3.976E+01	1.00	5.412E-18	0	29	31	0	29	31	30M
11263	8775	-3.976E+01	1.00	5.412E-18	0	29	31	0	29	31	30M
11264	1242	-3.694E+01	0.971	9.096E-17	0	34	36	109	143	145	35M
11264	5348	-3.789E+01	1.00	3.501E-17	0	34	36	0	34	36	35M
11264	9408	-3.789E+01	1.00	3.501E-17	0	34	36	0	34	36	35M
11265	4261	-7.084E+02	0.981	0.000E+00	0	660	719	0	660	661	661M
11265	7458	-7.084E+02	1.00	0.000E+00	0	717	719	0	717	719	718M
11265	11265	-7.084E+02	1.00	0.000E+00	0	718	719	0	718	719	719M
11266	4303	-5.597E+02	0.991	8.192E-244	0	369	371	0	369	371	370M
11266	7457	-5.638E+02	1.00	1.363E-245	0	369	371	0	369	371	370M
11266	11266	-5.635E+02	1.00	1.868E-245	0	370	371	0	370	371	371M
11267	4302	-4.636E+01	0.976	7.312E-21	0	42	44	0	42	44	43M
11267	7456	-4.764E+01	1.00	2.051E-21	0	42	44	0	42	44	43M
11267	11267	-4.732E+01	1.00	2.818E-21	0	43	44	0	43	44	44M
11268	7455	-1.969E+02	1.00	3.145E-86	0	140	142	0	140	142	141M
11268	11268	-1.966E+02	1.00	4.313E-86	0	141	142	0	141	142	142M
11269	3982	-7.084E+02	0.967	0.000E+00	0	526	528	0	526	528	527M
11269	7454	-7.084E+02	1.00	0.000E+00	0	526	528	0	526	528	527M
11269	11269	-7.084E+02	1.00	0.000E+00	0	527	528	0	527	528	528M
11270	3980	-2.023E+02	1.00	1.427E-88	0	146	148	0	146	148	147M
11270	7453	-2.023E+02	1.00	1.427E-88	0	146	148	0	146	148	147M
11270	11270	-2.020E+02	1.00	1.956E-88	0	147	148	0	147	148	148M
11271	3881	-1.262E+01	0.343	3.301E-06	8	73	76	10	76	79	8M1D58M
11271	7452	-9.737E+01	1.00	5.176E-43	0	74	76	0	74	76	75M
11271	11271	-9.705E+01	1.00	7.104E-43	0	75	76	0	75	76	76M
11272	7451	-6.564E+01	1.00	3.115E-29	0	56	58	0	56	58	57M
11272	11272	-6.532E+01	1.00	4.277E-29	0	57	58	0	57	58	58M
11273	2208	-2.032E+02	0.992	5.534E-89	13	146	148	0	133	135	134M
11273	7450	-2.272E+02	1.00	2.105E-99	0	146	148	0	146	148	147M
11273	11273	-2.269E+02	1.00	2.886E-99	0	147	148	0	147	148	148M
11274	2207	-6.331E+01	0.981	3.208E-28	0	52	54	0	52	54	53M
11274	7449	-6.521E+01	1.00	4.781E-29	0	52	54	0	52	54	53M
11274	11274	-6.489E+01	1.00	6.566E-29	0	53	54	0	53	54	54M
11275	2206	-7.084E+02	0.983	0.000E+00	0	917	919	0	917	919	918M
11275	7448	-7.084E+02	1.00	0.000E+00	0	917	919	0	917	919	918M
11275	11275	-7.084E+02	1.00	0.000E+00	0	918	919	0	918	919	919M
11276	2205	-3.367E+02	1.00	5.779E-147	0	238	240	0	238	240	239M
11276	7447	-3.367E+02	1.00	5.779E-147	0	238	240	0	238	240	239M
11276	11276	-3.364E+02	1.00	7.922E-147	0	239	240	0	239	240	240M
11277	2893	-2.026E+02	0.401	9.942E-89	5	383	391	9	387	398	379M
11277	7446	-5.727E+02	1.00	1.985E-249	0	389	391	0	389	391	390M
11277	11277	-5.723E+02	1.00	2.720E-249	0	390	391	0	390	391	391M
11278	2202	-2.277E+02	0.993	1.320E-99	0	156	158	0	156	158	157M
11278	7445	-2.289E+02	1.00	3.736E-100	0	156	158	0	156	158	157M
11278	11278	-2.286E+02	1.00	5.122E-100	0	157	158	0	157	158	158M
11279	2201	-3.022E+02	1.00	5.852E-132	0	215	217	0	215	217	216M
11279	7444	-3.022E+02	1.00	5.852E-132	0	215	217	0	215	217	216M
11279	11279	-3.019E+02	1.00	8.022E-132	0	216	217	0	216	217	217M
11280	2200	-4.838E+02	1.00	7.651E-211	0	328	330	0	328	330	329M
11280	7443	-4.838E+02	1.00	7.651E-211	0	328	330	0	328	330	329M
11280	11280	-4.835E+02	1.00	1.048E-210	0	329	330	0	329	330	330M
11281	2199	-4.500E+02	0.989	3.653E-196	0	296	298	0	296	298	297M
11281	7442	-4.541E+02	1.00	6.068E-198	0	296	298	0	296	298	297M
11281	11281	-4.538E+02	1.00	8.316E-198	0	297	298	0	297	298	298M
11282	2198	-2.018E+02	0.993	2.251E-88	26	169	171	0	143	145	144M
11282	7441	-2.479E+02	1.00	2.210E-108	0	169	171	0	169	171	170M
11282	11282	-2.476E+02	1.00	3.030E-108	0	170	171	0	170	171	171M
11283	2197	-7.084E+02	0.996	0.000E+00	0	521	523	0	521	523	522M
11283	7440	-7.084E+02	1.00	0.000E+00	0	521	523	0	521	523	522M
11283	11283	-7.084E+02	1.00	0.000E+00	0	522	523	0	522	523	523M
11284	2196	-6.745E+02	0.997	1.189E-293	0	462	464	0	462	464	463M
11284	7439	-6.761E+02	1.00	2.462E-294	0	462	464	0	462	464	463M
11284	11284	-6.757E+02	1.00	3.374E-294	0	463	464	0	463	464	464M
11285	2195	-4.342E+02	1.00	2.604E-189	0	283	285	0	283	285	284M
11285	7438	-4.342E+02	1.00	2.604E-189	0	283	285	0	283	285	284M
11285	11285	-4.339E+02	1.00	3.569E-189	0	284	285	0	284	285	285M
11286	2194	-6.438E+02	0.971	2.599E-280	0	418	420	0	418	420	419M
11286	7437	-6.614E+02	1.00	5.654E-288	0	418	420	0	418	420	419M
11286	11286	-6.611E+02	1.00	7.748E-288	0	419	420	0	419	420	420M
11287	2193	-2.774E+02	0.994	3.217E-121	0	191	193	0	191	193	192M
11287	7436	-2.790E+02	1.00	6.644E-122	0	191	193	0	191	193	192M
11287	11287	-2.787E+02	1.00	9.108E-122	0	192	193	0	192	193	193M
11288	2192	-6.908E+02	0.989	9.937E-301	0	491	493	0	491	493	492M
11288	7435	-6.971E+02	1.00	1.828E-303	0	491	493	0	491	493	492M
11288	11288	-6.968E+02	1.00	2.504E-303	0	492	493	0	492	493	493M
11289	7434	-7.084E+02	1.00	0.000E+00	0	697	699	0	697	699	698M
11289	11289	-7.084E+02	1.00	0.000E+00	0	698	699	0	698	699	699M
11290	3197	-3.397E+01	1.00	1.759E-15	0	30	32	0	30	32	31M
11290	7433	-3.397E+01	1.00	1.759E-15	0	30	32	0	30	32	31M
11290	11290	-3.366E+01	1.00	2.419E-15	0	31	32	0	31	32	32M
11291	3198	-7.084E+02	0.995	0.000E+00	0	741	743	0	741	743	742M
11291	7432	-7.084E+02	1.00	0.000E+00	0	741	743	0	741	743	742M
11291	11291	-7.084E+02	1.00	0.000E+00	0	742	743	0	742	743	743M
11292	3199	-2.125E+02	1.00	5.063E-93	0	143	145	0	143	145	144M
11292	7431	-2.125E+02	1.00	5.063E-93	0	143	145	0	143	145	144M
11292	11292	-2.122E+02	1.00	6.942E-93	0	144	145	0	144	145	145M
11293	3200	-5.679E+02	0.992	2.431E-247	0	384	386	0	384	386	385M
11293	7430	-5.726E+02	1.00	2.155E-249	0	384	386	0	384	386	385M
11293	11293	-5.723E+02	1.00	2.953E-249	0	385	386	0	385	386	386M
11294	3476	-6.424E+02	0.997	9.943E-280	0	413	415	0	413	415	414M
11294	7429	-6.434E+02	1.00	3.864E-280	0	413	415	0	413	415	414M
11294	11294	-6.431E+02	1.00	5.295E-280	0	414	415	0	414	415	415M
11295	3475	-2.547E+02	1.00	2.535E-111	0	166	168	0	166	168	167M
11295	7428	-2.547E+02	1.00	2.535E-111	0	166	168	0	166	168	167M
11295	11295	-2.543E+02	1.00	3.476E-111	0	167	168	0	167	168	168M
11296	3474	-5.247E+02	0.994	1.327E-228	0	343	345	0	343	345	344M
11296	7427	-5.272E+02	1.00	1.067E-229	0	343	345	0	343	345	344M
11296	11296	-5.269E+02	1.00	1.462E-229	0	344	345	0	344	345	345M
11297	3473	-5.487E+02	0.997	4.868E-239	0	375	377	0	375	377	376M
11297	7426	-5.506E+02	1.00	7.351E-240	0	375	377	0	375	377	376M
11297	11297	-5.503E+02	1.00	1.007E-239	0	376	377	0	376	377	377M
11298	3472	-5.500E+02	1.00	1.358E-239	0	341	343	0	341	343	342M
11298	7425	-5.500E+02	1.00	1.358E-239	0	341	343	0	341	343	342M
11298	11298	-5.497E+02	1.00	1.861E-239	0	342	343	0	342	343	343M
11299	3471	-7.084E+02	0.996	0.000E+00	0	556	558	0	556	558	557M
11299	7424	-7.084E+02	1.00	0.000E+00	0	556	558	0	556	558	557M
11299	11299	-7.084E+02	1.00	0.000E+00	0	557	558	0	557	558	558M
11300	3470	-6.649E+02	0.975	1.686E-289	0	444	446	0	445	447	57M1D388M
11300	7423	-6.829E+02	1.00	2.683E-297	0	444	446	0	444	446	445M
11300	11300	-6.826E+02	1.00	3.677E-297	0	445	446	0	445	446	446M
11301	3342	-1.492E+02	0.601	1.618E-65	0	167	191	5	169	179	156M3I9M
11301	7422	-2.826E+02	1.00	1.880E-123	0	189	191	0	189	191	190M
11301	11301	-2.823E+02	1.00	2.577E-123	0	190	191	0	190	191	191M
11302	3964	-4.404E+02	0.993	5.482E-192	0	286	288	0	286	288	287M
11302	7421	-4.451E+02	1.00	4.847E-194	0	286	288	0	286	288	287M
11302	11302	-4.448E+02	1.00	6.643E-194	0	287	288	0	287	288	288M
11303	3965	-6.582E+02	0.988	1.384E-286	0	419	421	0	419	421	420M
11303	7420	-6.651E+02	1.00	1.351E-289	0	419	421	0	419	421	420M
11303	11303	-6.648E+02	1.00	1.852E-289	0	420	421	0	420	421	421M
11304	3968	-1.207E+02	0.988	3.726E-53	0	88	90	0	88	90	89M
11304	7419	-1.217E+02	1.00	1.443E-53	0	88	90	0	88	90	89M
11304	11304	-1.214E+02	1.00	1.979E-53	0	89	90	0	89	90	90M
11305	7418	-1.367E+02	1.00	4.143E-60	0	84	86	0	84	86	85M
11305	11305	-1.364E+02	1.00	5.684E-60	0	85	86	0	85	86	86M
11306	7417	-1.293E+02	1.00	6.799E-57	0	93	95	0	93	95	94M
11306	11306	-1.290E+02	1.00	9.327E-57	0	94	95	0	94	95	95M
11307	7416	-9.735E+01	1.00	5.256E-43	0	68	70	0	68	70	69M
11307	11307	-9.704E+01	1.00	7.213E-43	0	69	70	0	69	70	70M
11308	4271	-9.687E+01	0.839	8.492E-43	0	80	86	0	80	82	81M
11308	7415	-1.231E+02	1.00	3.339E-54	0	84	86	0	84	86	85M
11308	11308	-1.228E+02	1.00	4.582E-54	0	85	86	0	85	86	86M
11309	4230	-3.888E+02	0.834	1.393E-169	0	318	320	0	319	321	301M1I5M2D12M
11309	7414	-4.695E+02	1.00	1.298E-204	0	318	320	0	318	320	319M
11309	11309	-4.692E+02	1.00	1.779E-204	0	319	320	0	319	320	320M
11310	4407	-4.730E+02	1.00	3.960E-206	0	310	374	0	310	311	311M
11310	7413	-5.700E+02	1.00	2.874E-248	0	372	374	0	372	374	373M
11310	11310	-5.697E+02	1.00	3.938E-248	0	373	374	0	373	374	374M
11311	3595	-1.341E+02	0.878	5.938E-59	0	106	108	0	106	108	107M
11311	7412	-1.565E+02	1.00	1.067E-68	0	106	108	0	106	108	107M
11311	11311	-1.562E+02	1.00	1.463E-68	0	107	108	0	107	108	108M
11312	3596	-2.007E+02	0.965	6.594E-88	0	145	147	0	145	147	146M
11312	7411	-2.083E+02	1.00	3.377E-91	0	145	147	0	145	147	146M
11312	11312	-2.080E+02	1.00	4.631E-91	0	146	147	0	146	147	147M
11313	7410	-7.084E+02	1.00	0.000E+00	0	754	756	0	754	756	755M
11313	11313	-7.084E+02	1.00	0.000E+00	0	755	756	0	755	756	756M
11314	2470	-7.856E+01	0.968	7.589E-35	0	63	72	0	63	72	64M
11314	7409	-9.282E+01	1.00	4.894E-41	0	70	72	0	70	72	71M
11314	11314	-9.250E+01	1.00	6.717E-41	0	71	72	0	71	72	72M
11315	2469	-2.465E+02	0.683	8.552E-108	0	253	255	3	253	255	13M3I23M1I29M2D43M1I141M
11315	7408	-3.902E+02	1.00	3.287E-170	0	253	255	0	253	255	254M
11315	11315	-3.899E+02	1.00	4.505E-170	0	254	255	0	254	255	255M
11316	7407	-1.150E+02	1.00	1.129E-50	0	82	84	0	82	84	83M
11316	11316	-1.147E+02	1.00	1.549E-50	0	83	84	0	83	84	84M
11317	7406	-1.420E+02	1.00	2.093E-62	0	105	107	0	105	107	106M
11317	11317	-1.417E+02	1.00	2.871E-62	0	106	107	0	106	107	107M
11318	3605	-4.980E+01	0.577	2.352E-22	8	94	97	6	95	98	51M3D36M
11318	7405	-1.302E+02	1.00	2.905E-57	0	95	97	0	95	97	96M
11318	11318	-1.299E+02	1.00	3.985E-57	0	96	97	0	96	97	97M
11319	7404	-5.415E+02	1.00	6.516E-236	0	347	349	0	347	349	348M
11319	11319	-5.412E+02	1.00	8.930E-236	0	348	349	0	348	349	349M
11320	7403	-4.598E+02	1.00	1.974E-200	0	315	317	0	315	317	316M
11320	11320	-4.595E+02	1.00	2.705E-200	0	316	317	0	316	317	317M
11321	2462	-1.973E+02	0.562	2.016E-86	8	248	250	10	265	267	93M13D67M2D81M
11321	7402	-3.722E+02	1.00	2.271E-162	0	248	250	0	248	250	249M
11321	11321	-3.719E+02	1.00	3.112E-162	0	249	250	0	249	250	250M
11322	2461	-8.642E+01	0.562	2.942E-38	0	134	141	0	109	113	77M8I7M15I7M2I19M
11322	7401	-2.086E+02	1.00	2.531E-91	0	139	141	0	139	141	140M
11322	11322	-2.083E+02	1.00	3.470E-91	0	140	141	0	140	141	141M
11323	7400	-2.301E+02	1.00	1.200E-100	0	139	141	0	139	141	140M
11323	11323	-2.298E+02	1.00	1.645E-100	0	140	141	0	140	141	141M
11324	2460	-9.330E+01	0.972	3.019E-41	0	73	75	59	132	134	74M
11324	7399	-9.710E+01	1.00	6.757E-43	0	73	75	0	73	75	74M
11324	11324	-9.678E+01	1.00	9.274E-43	0	74	75	0	74	75	75M
11325	3609	-1.768E+02	0.923	1.597E-77	0	129	132	0	129	134	130M
11325	7398	-1.895E+02	1.00	5.213E-83	0	130	132	0	130	132	131M
11325	11325	-1.891E+02	1.00	7.149E-83	0	131	132	0	131	132	132M
11326	7397	-2.516E+02	1.00	5.153E-110	0	163	165	0	163	165	164M
11326	11326	-2.513E+02	1.00	7.066E-110	0	164	165	0	164	165	165M
11327	7396	-3.056E+02	1.00	1.823E-133	0	215	217	0	215	217	216M
11327	11327	-3.053E+02	1.00	2.499E-133	0	216	217	0	216	217	217M
11328	7395	-8.530E+01	1.00	8.975E-38	0	62	64	0	62	64	63M
11328	11328	-8.499E+01	1.00	1.232E-37	0	63	64	0	63	64	64M
11329	3922	-1.994E+02	0.950	2.639E-87	0	141	143	0	141	143	142M
11329	7394	-2.117E+02	1.00	1.185E-92	0	141	143	0	141	143	142M
11329	11329	-2.114E+02	1.00	1.626E-92	0	142	143	0	142	143	143M
11330	3921	-3.370E+02	0.985	4.354E-147	0	212	214	0	212	214	213M
11330	7393	-3.402E+02	1.00	1.858E-148	0	212	214	0	212	214	213M
11330	11330	-3.398E+02	1.00	2.547E-148	0	213	214	0	213	214	214M
11331	3920	-2.246E+02	1.00	2.956E-98	0	155	157	0	155	157	156M
11331	7392	-2.246E+02	1.00	2.956E-98	0	155	157	0	155	157	156M
11331	11331	-2.243E+02	1.00	4.053E-98	0	156	157	0	156	157	157M
11332	1534	-1.086E+02	0.294	7.146E-48	15	458	476	19	497	509	57M1I48M1I16M4D22M1D70M9I13M24D19M9D34M2I12M2D31M1D3M7D12M1I27M3I29M1D17M3D17M
11332	7391	-7.084E+02	1.00	0.000E+00	0	474	476	0	474	476	475M
11332	11332	-7.084E+02	1.00	0.000E+00	0	475	476	0	475	476	476M
11333	2614	-7.084E+02	0.997	0.000E+00	0	482	484	0	482	484	483M
11333	7390	-7.084E+02	1.00	0.000E+00	0	482	484	0	482	484	483M
11333	11333	-7.084E+02	1.00	0.000E+00	0	483	484	0	483	484	484M
11334	2613	-5.529E+02	1.00	7.296E-241	0	366	368	0	366	368	367M
11334	7389	-5.529E+02	1.00	7.296E-241	0	366	368	0	366	368	367M
11334	11334	-5.526E+02	1.00	9.998E-241	0	367	368	0	367	368	368M
11335	2612	-2.028E+02	1.00	8.188E-89	0	141	143	0	141	143	142M
11335	7388	-2.028E+02	1.00	8.188E-89	0	141	143	0	141	143	142M
11335	11335	-2.025E+02	1.00	1.123E-88	0	142	143	0	142	143	143M
11336	2611	-1.139E+02	1.00	3.447E-50	0	79	81	0	79	81	80M
11336	7387	-1.139E+02	1.00	3.447E-50	0	79	81	0	79	81	80M
11336	11336	-1.136E+02	1.00	4.729E-50	0	80	81	0	80	81	81M
11337	2610	-8.245E+01	1.00	1.554E-36	0	62	64	0	62	64	63M
11337	7386	-8.245E+01	1.00	1.554E-36	0	62	64	0	62	64	63M
11337	11337	-8.214E+01	1.00	2.133E-36	0	63	64	0	63	64	64M
11338	2609	-3.710E+02	1.00	7.755E-162	0	254	256	0	254	256	255M
11338	7385	-3.710E+02	1.00	7.755E-162	0	254	256	0	254	256	255M
11338	11338	-3.707E+02	1.00	1.063E-161	0	255	256	0	255	256	256M
11339	2608	-4.749E+02	1.00	5.837E-207	0	317	319	0	317	319	318M
11339	7384	-4.749E+02	1.00	5.837E-207	0	317	319	0	317	319	318M
11339	11339	-4.746E+02	1.00	8.000E-207	0	318	319	0	318	319	319M
11340	2607	-3.105E+02	1.00	1.485E-135	0	220	222	0	220	222	221M
11340	7383	-3.105E+02	1.00	1.485E-135	0	220	222	0	220	222	221M
11340	11340	-3.101E+02	1.00	2.035E-135	0	221	222	0	221	222	222M
11341	2606	-1.807E+02	1.00	3.278E-79	0	128	130	0	128	130	129M
11341	7382	-1.807E+02	1.00	3.278E-79	0	128	130	0	128	130	129M
11341	11341	-1.804E+02	1.00	4.495E-79	0	129	130	0	129	130	130M
11342	2605	-1.986E+02	0.963	5.352E-87	0	136	138	0	136	138	137M
11342	7381	-2.069E+02	1.00	1.456E-90	0	136	138	0	136	138	137M
11342	11342	-2.065E+02	1.00	1.996E-90	0	137	138	0	137	138	138M
11343	7380	-3.290E+02	1.00	1.293E-143	0	221	223	0	221	223	222M
11343	11343	-3.287E+02	1.00	1.773E-143	0	222	223	0	222	223	223M
11344	7379	-7.488E+01	1.00	3.019E-33	0	49	51	0	49	51	50M
11344	11344	-7.456E+01	1.00	4.145E-33	0	50	51	0	50	51	51M
11345	2604	-1.937E+02	0.985	7.242E-85	0	133	135	0	133	135	134M
11345	7378	-1.972E+02	1.00	2.245E-86	0	133	135	0	133	135	134M
11345	11345	-1.969E+02	1.00	3.079E-86	0	134	135	0	134	135	135M
11346	2603	-1.631E+02	0.909	1.542E-71	0	121	123	0	121	123	122M
11346	7377	-1.820E+02	1.00	9.055E-80	0	121	123	0	121	123	122M
11346	11346	-1.817E+02	1.00	1.242E-79	0	122	123	0	122	123	123M
11347	2602	-1.818E+02	0.823	1.165E-79	0	146	148	0	146	148	147M
11347	7376	-2.171E+02	1.00	5.134E-95	0	146	148	0	146	148	147M
11347	11347	-2.168E+02	1.00	7.040E-95	0	147	148	0	147	148	148M
11348	2600	-1.554E+02	0.931	3.263E-68	0	116	118	0	116	118	117M
11348	7375	-1.661E+02	1.00	7.053E-73	0	116	118	0	116	118	117M
11348	11348	-1.658E+02	1.00	9.673E-73	0	117	118	0	117	118	118M
11349	7374	-6.687E+02	1.00	3.712E-291	0	450	452	0	450	452	451M
11349	11349	-6.684E+02	1.00	5.086E-291	0	451	452	0	451	452	452M
11350	2598	-4.433E+02	0.967	2.904E-193	0	304	306	0	304	306	305M
11350	7373	-4.566E+02	1.00	5.178E-199	0	304	306	0	304	306	305M
11350	11350	-4.563E+02	1.00	7.097E-199	0	305	306	0	305	306	306M
11351	2597	-2.378E+02	0.976	5.281E-104	12	182	184	0	170	172	171M
11351	7372	-2.608E+02	1.00	5.255E-114	0	182	184	0	182	184	183M
11351	11351	-2.605E+02	1.00	7.205E-114	0	183	184	0	183	184	184M
11352	7371	-3.627E+02	1.00	2.961E-158	0	235	237	0	235	237	236M
11352	11352	-3.624E+02	1.00	4.059E-158	0	236	237	0	236	237	237M
11353	7370	-4.715E+02	1.00	1.681E-205	0	308	310	0	308	310	309M
11353	11353	-4.712E+02	1.00	2.303E-205	0	309	310	0	309	310	310M
11354	7369	-1.118E+02	1.00	2.857E-49	0	77	79	0	77	79	78M
11354	11354	-1.115E+02	1.00	3.921E-49	0	78	79	0	78	79	79M
11355	7368	-2.610E+02	1.00	4.474E-114	0	172	174	0	172	174	173M
11355	11355	-2.607E+02	1.00	6.135E-114	0	173	174	0	173	174	174M
11356	4336	-1.070E+02	0.894	3.322E-47	6	90	92	5	89	91	85M
11356	7367	-1.292E+02	1.00	8.046E-57	0	90	92	0	90	92	91M
11356	11356	-1.288E+02	1.00	1.104E-56	0	91	92	0	91	92	92M
11357	2939	-3.097E+02	0.945	3.288E-135	0	238	239	0	238	1434	239M
11357	7366	-3.245E+02	1.00	1.207E-141	0	238	239	0	238	239	239M
11357	11357	-3.245E+02	1.00	1.207E-141	0	238	239	0	238	239	239M
11358	1242	-3.508E+01	0.970	5.814E-16	0	33	35	110	143	145	34M
11358	5826	-3.604E+01	1.00	2.237E-16	0	33	35	0	33	35	34M
11358	10186	-3.604E+01	1.00	2.237E-16	0	33	35	0	33	35	34M
11359	4296	-3.701E+02	0.980	1.930E-161	0	260	262	0	260	262	261M
11359	7541	-3.795E+02	1.00	1.508E-165	0	260	262	0	260	262	261M
11359	11359	-3.792E+02	1.00	2.067E-165	0	261	262	0	261	262	262M
11360	4297	-5.528E+02	0.994	8.323E-241	84	472	474	0	388	390	389M
11360	7542	-6.816E+02	1.00	9.849E-297	0	472	474	0	472	474	473M
11360	11360	-6.813E+02	1.00	1.349E-296	0	473	474	0	473	474	474M
11361	7543	-2.102E+02	1.00	4.938E-92	0	151	153	0	151	153	152M
11361	11361	-2.099E+02	1.00	6.771E-92	0	152	153	0	152	153	153M
11362	4368	-4.404E+02	0.996	5.304E-192	0	292	294	0	292	294	293M
11362	7544	-4.433E+02	1.00	3.109E-193	0	292	294	0	292	294	293M
11362	11362	-4.429E+02	1.00	4.260E-193	0	293	294	0	293	294	294M
11363	4018	-1.344E+02	0.488	4.150E-59	7	214	235	4	216	224	10M3D67M2D131M
11363	7545	-3.452E+02	1.00	1.257E-150	0	233	235	0	233	235	234M
11363	11363	-3.448E+02	1.00	1.723E-150	0	234	235	0	234	235	235M
11364	2823	-3.140E+02	0.995	4.346E-137	0	212	214	0	212	214	213M
11364	7546	-3.156E+02	1.00	8.979E-138	0	212	214	0	212	214	213M
11364	11364	-3.152E+02	1.00	1.231E-137	0	213	214	0	213	214	214M
11365	2824	-6.846E+02	0.997	4.807E-298	0	468	470	0	468	470	469M
11365	7547	-6.849E+02	1.00	3.508E-298	0	468	470	0	468	470	469M
11365	11365	-6.846E+02	1.00	4.807E-298	0	469	470	0	469	470	470M
11366	2825	-5.632E+02	0.997	2.525E-245	0	389	391	0	389	391	390M
11366	7548	-5.635E+02	1.00	1.843E-245	0	389	391	0	389	391	390M
11366	11366	-5.632E+02	1.00	2.525E-245	0	390	391	0	390	391	391M
11367	2826	-4.616E+02	1.00	3.297E-201	0	297	299	0	297	299	298M
11367	7549	-4.616E+02	1.00	3.297E-201	0	297	299	0	297	299	298M
11367	11367	-4.613E+02	1.00	4.518E-201	0	298	299	0	298	299	299M
11368	2827	-4.396E+02	1.00	1.259E-191	0	296	299	0	296	299	297M
11368	7550	-4.411E+02	1.00	2.605E-192	0	297	299	0	297	299	298M
11368	11368	-4.408E+02	1.00	3.570E-192	0	298	299	0	298	299	299M
11369	2629	-1.072E+02	1.00	2.834E-47	0	74	76	0	74	76	75M
11369	7551	-1.072E+02	1.00	2.834E-47	0	74	76	0	74	76	75M
11369	11369	-1.069E+02	1.00	3.889E-47	0	75	76	0	75	76	76M
11370	2628	-7.305E+01	0.983	1.891E-32	0	60	62	0	60	62	61M
11370	7552	-7.526E+01	1.00	2.056E-33	0	60	62	0	60	62	61M
11370	11370	-7.495E+01	1.00	2.823E-33	0	61	62	0	61	62	62M
11371	2627	-7.049E+02	0.997	7.091E-307	0	471	473	0	471	473	472M
11371	7553	-7.062E+02	1.00	2.011E-307	0	471	473	0	471	473	472M
11371	11371	-7.059E+02	1.00	2.756E-307	0	472	473	0	472	473	473M
11372	2079	-1.294E+02	0.273	6.259E-57	9	724	726	44	765	767	20M3D19M2I4M4D42M1D5M9D27M5I29M3D16M2D24M2D36M1I20M1D22M1I4M2I3M1D46M4D10M18I26M1I17M4D24M1I12M1D30M2D41M2D52M2D128M1I7M3I17M
11372	7554	-7.084E+02	1.00	0.000E+00	0	724	726	0	724	726	725M
11372	11372	-7.084E+02	1.00	0.000E+00	0	725	726	0	725	726	726M
11373	2624	-6.352E+02	0.997	1.426E-276	0	427	429	0	427	429	428M
11373	7555	-6.355E+02	1.00	1.041E-276	0	427	429	0	427	429	428M
11373	11373	-6.352E+02	1.00	1.426E-276	0	428	429	0	428	429	429M
11374	2623	-1.433E+02	0.989	5.875E-63	0	92	94	0	92	94	93M
11374	7556	-1.436E+02	1.00	4.282E-63	0	92	94	0	92	94	93M
11374	11374	-1.433E+02	1.00	5.875E-63	0	93	94	0	93	94	94M
11375	2622	-4.824E+02	0.993	3.104E-210	0	331	333	0	331	333	332M
11375	7557	-4.852E+02	1.00	1.821E-211	0	331	333	0	331	333	332M
11375	11375	-4.849E+02	1.00	2.495E-211	0	332	333	0	332	333	333M
11376	2621	-4.102E+02	0.989	7.158E-179	0	278	280	0	278	280	279M
11376	7558	-4.140E+02	1.00	1.629E-180	0	278	280	0	278	280	279M
11376	11376	-4.137E+02	1.00	2.233E-180	0	279	280	0	279	280	280M
11377	2620	-4.147E+02	0.985	8.001E-181	0	283	285	0	283	285	284M
11377	7559	-4.188E+02	1.00	1.329E-182	0	283	285	0	283	285	284M
11377	11377	-4.185E+02	1.00	1.822E-182	0	284	285	0	284	285	285M
11378	2619	-7.123E+02	0.983	4.449E-310	0	475	477	0	475	477	476M
11378	7560	-7.230E+02	1.00	9.932E-315	0	475	477	0	475	477	476M
11378	11378	-7.227E+02	1.00	1.361E-314	0	476	477	0	476	477	477M
11379	2618	-1.240E+02	1.00	1.453E-54	0	80	82	0	80	82	81M
11379	7561	-1.240E+02	1.00	1.453E-54	0	80	82	0	80	82	81M
11379	11379	-1.236E+02	1.00	1.994E-54	0	81	82	0	81	82	82M
11380	2617	-7.084E+02	0.987	0.000E+00	0	576	578	0	576	578	577M
11380	7562	-7.084E+02	1.00	0.000E+00	0	576	578	0	576	578	577M
11380	11380	-7.084E+02	1.00	0.000E+00	0	577	578	0	577	578	578M
11381	2616	-3.650E+02	0.991	2.915E-159	0	246	248	0	246	248	247M
11381	7563	-3.685E+02	1.00	9.086E-161	0	246	248	0	246	248	247M
11381	11381	-3.682E+02	1.00	1.245E-160	0	247	248	0	247	248	248M
11382	2155	-6.805E+02	0.993	2.933E-296	0	448	450	0	448	450	449M
11382	7564	-6.849E+02	1.00	3.564E-298	0	448	450	0	448	450	449M
11382	11382	-6.846E+02	1.00	4.884E-298	0	449	450	0	449	450	450M
11383	2154	-2.927E+02	0.990	7.303E-128	0	201	203	0	201	203	202M
11383	7565	-2.956E+02	1.00	4.272E-129	0	201	203	0	201	203	202M
11383	11383	-2.953E+02	1.00	5.856E-129	0	202	203	0	202	203	203M
11384	2153	-1.891E+02	0.984	7.149E-83	0	130	132	0	130	132	131M
11384	7566	-1.910E+02	1.00	1.075E-83	0	130	132	0	130	132	131M
11384	11384	-1.907E+02	1.00	1.474E-83	0	131	132	0	131	132	132M
11385	2152	-4.468E+02	1.00	8.699E-195	0	283	285	0	283	285	284M
11385	7567	-4.468E+02	1.00	8.699E-195	0	283	285	0	283	285	284M
11385	11385	-4.465E+02	1.00	1.192E-194	0	284	285	0	284	285	285M
11386	2151	-4.537E+02	1.00	8.833E-198	0	304	306	0	304	306	305M
11386	7568	-4.537E+02	1.00	8.833E-198	0	304	306	0	304	306	305M
11386	11386	-4.534E+02	1.00	1.211E-197	0	305	306	0	305	306	306M
11387	2150	-4.889E+02	0.955	4.555E-213	0	333	335	0	333	335	334M
11387	7569	-5.085E+02	1.00	1.490E-221	0	333	335	0	333	335	334M
11387	11387	-5.082E+02	1.00	2.042E-221	0	334	335	0	334	335	335M
11388	2149	-3.533E+02	0.980	3.818E-154	0	262	264	0	262	264	263M
11388	7570	-3.608E+02	1.00	1.979E-157	0	262	264	0	262	264	263M
11388	11388	-3.605E+02	1.00	2.712E-157	0	263	264	0	263	264	264M
11389	2148	-7.084E+02	0.974	0.000E+00	0	550	552	0	550	552	551M
11389	7571	-7.084E+02	1.00	0.000E+00	0	550	552	0	550	552	551M
11389	11389	-7.084E+02	1.00	0.000E+00	0	551	552	0	551	552	552M
11390	2147	-3.481E+02	0.974	6.387E-152	0	230	232	0	230	232	231M
11390	7572	-3.576E+02	1.00	4.974E-156	0	230	232	0	230	232	231M
11390	11390	-3.573E+02	1.00	6.818E-156	0	231	232	0	231	232	232M
11391	2146	-6.338E+02	0.985	5.461E-276	0	422	424	0	422	424	423M
11391	7573	-6.395E+02	1.00	1.882E-278	0	422	424	0	422	424	423M
11391	11391	-6.392E+02	1.00	2.579E-278	0	423	424	0	423	424	424M
11392	2145	-4.614E+02	0.996	4.171E-201	0	302	304	0	302	304	303M
11392	7574	-4.630E+02	1.00	8.625E-202	0	302	304	0	302	304	303M
11392	11392	-4.627E+02	1.00	1.182E-201	0	303	304	0	303	304	304M
11393	2144	-5.322E+02	0.994	7.315E-232	0	351	353	0	351	353	352M
11393	7575	-5.354E+02	1.00	3.131E-233	0	351	353	0	351	353	352M
11393	11393	-5.350E+02	1.00	4.291E-233	0	352	353	0	352	353	353M
11394	2143	-3.795E+02	0.988	1.508E-165	0	260	262	0	260	262	261M
11394	7576	-3.833E+02	1.00	3.431E-167	0	260	262	0	260	262	261M
11394	11394	-3.830E+02	1.00	4.702E-167	0	261	262	0	261	262	262M
11395	2142	-6.945E+02	0.989	2.518E-302	0	466	468	0	466	468	467M
11395	7577	-7.017E+02	1.00	1.797E-305	0	466	468	0	466	468	467M
11395	11395	-7.014E+02	1.00	2.463E-305	0	467	468	0	467	468	468M
11396	2141	-7.205E+02	0.958	1.291E-313	0	510	512	0	510	512	511M
11396	7578	-7.084E+02	1.00	0.000E+00	0	510	512	0	510	512	511M
11396	11396	-7.084E+02	1.00	0.000E+00	0	511	512	0	511	512	512M
11397	2140	-5.130E+02	0.997	1.667E-223	0	338	340	0	338	340	339M
11397	7579	-5.133E+02	1.00	1.217E-223	0	338	340	0	338	340	339M
11397	11397	-5.130E+02	1.00	1.667E-223	0	339	340	0	339	340	340M
11398	2139	-4.779E+02	0.996	2.743E-208	0	319	321	0	319	321	320M
11398	7580	-4.795E+02	1.00	5.674E-209	0	319	321	0	319	321	320M
11398	11398	-4.792E+02	1.00	7.775E-209	0	320	321	0	320	321	321M
11399	3091	-5.176E+02	0.993	1.654E-225	0	327	329	0	327	329	328M
11399	7581	-5.204E+02	1.00	9.694E-227	0	327	329	0	327	329	328M
11399	11399	-5.201E+02	1.00	1.329E-226	0	328	329	0	328	329	329M
11400	3092	-5.889E+02	0.992	1.710E-256	0	378	380	0	378	380	379M
11400	7582	-5.937E+02	1.00	1.514E-258	0	378	380	0	378	380	379M
11400	11400	-5.933E+02	1.00	2.075E-258	0	379	380	0	379	380	380M
11401	3093	-4.043E+02	0.996	2.567E-176	0	249	251	0	249	251	250M
11401	7583	-4.053E+02	1.00	9.966E-177	0	249	251	0	249	251	250M
11401	11401	-4.049E+02	1.00	1.366E-176	0	250	251	0	250	251	251M
11402	3094	-6.153E+02	1.00	6.312E-268	0	408	410	0	408	410	409M
11402	7584	-6.153E+02	1.00	6.312E-268	0	408	410	0	408	410	409M
11402	11402	-6.149E+02	1.00	8.649E-268	0	409	410	0	409	410	410M
11403	3095	-5.525E+02	0.994	1.137E-240	0	362	364	0	362	364	363M
11403	7585	-5.544E+02	1.00	1.716E-241	0	362	364	0	362	364	363M
11403	11403	-5.541E+02	1.00	2.351E-241	0	363	364	0	363	364	364M
11404	3096	-5.056E+02	1.00	2.541E-220	0	333	335	0	333	335	334M
11404	7586	-5.056E+02	1.00	2.541E-220	0	333	335	0	333	335	334M
11404	11404	-5.053E+02	1.00	3.482E-220	0	334	335	0	334	335	335M
11405	3097	-6.207E+02	0.990	2.810E-270	0	400	402	0	400	402	401M
11405	7587	-6.270E+02	1.00	5.151E-273	0	400	402	0	400	402	401M
11405	11405	-6.267E+02	1.00	7.059E-273	0	401	402	0	401	402	402M
11406	3098	-6.115E+02	0.992	2.703E-266	0	394	396	0	394	396	395M
11406	7588	-6.153E+02	1.00	6.163E-268	0	394	396	0	394	396	395M
11406	11406	-6.150E+02	1.00	8.446E-268	0	395	396	0	395	396	396M
11407	3099	-4.292E+02	1.00	3.851E-187	0	282	284	0	282	284	283M
11407	7589	-4.292E+02	1.00	3.851E-187	0	282	284	0	282	284	283M
11407	11407	-4.289E+02	1.00	5.278E-187	0	283	284	0	283	284	284M
11408	3100	-1.861E+02	1.00	1.527E-81	0	128	130	0	128	130	129M
11408	7590	-1.861E+02	1.00	1.527E-81	0	128	130	0	128	130	129M
11408	11408	-1.858E+02	1.00	2.094E-81	0	129	130	0	129	130	130M
11409	3101	-1.470E+02	1.00	1.430E-64	0	100	102	0	100	102	101M
11409	7591	-1.470E+02	1.00	1.430E-64	0	100	102	0	100	102	101M
11409	11409	-1.467E+02	1.00	1.962E-64	0	101	102	0	101	102	102M
11410	4404	-6.579E+01	1.00	2.669E-29	0	53	55	4	57	59	54M
11410	7592	-6.579E+01	1.00	2.669E-29	0	53	55	0	53	55	54M
11410	11410	-6.548E+01	1.00	3.666E-29	0	54	55	0	54	55	55M
11411	4403	-1.524E+02	0.973	6.336E-67	0	112	114	0	112	114	113M
11411	7593	-1.587E+02	1.00	1.141E-69	0	112	114	0	112	114	113M
11411	11411	-1.584E+02	1.00	1.565E-69	0	113	114	0	113	114	114M
11412	4402	-1.138E+02	0.954	3.734E-50	0	87	89	0	87	89	88M
11412	7594	-1.192E+02	1.00	1.725E-52	0	87	89	0	87	89	88M
11412	11412	-1.189E+02	1.00	2.366E-52	0	88	89	0	88	89	89M
11413	2913	-4.915E+02	1.00	3.525E-214	0	320	375	0	320	321	321M
11413	7595	-5.794E+02	1.00	2.363E-252	0	373	375	0	373	375	374M
11413	11413	-5.791E+02	1.00	3.238E-252	0	374	375	0	374	375	375M
11414	2914	-2.973E+02	1.00	7.298E-130	0	197	199	0	197	199	198M
11414	7596	-2.973E+02	1.00	7.298E-130	0	197	199	0	197	199	198M
11414	11414	-2.970E+02	1.00	1.000E-129	0	198	199	0	198	199	199M
11415	2915	-1.438E+02	1.00	3.634E-63	0	108	110	0	108	110	109M
11415	7597	-1.438E+02	1.00	3.634E-63	0	108	110	0	108	110	109M
11415	11415	-1.435E+02	1.00	4.985E-63	0	109	110	0	109	110	110M
11416	2916	-1.004E+02	1.00	2.536E-44	0	77	79	0	77	79	78M
11416	7598	-1.004E+02	1.00	2.536E-44	0	77	79	0	77	79	78M
11416	11416	-1.001E+02	1.00	3.480E-44	0	78	79	0	78	79	79M
11417	2917	-5.913E+02	0.989	1.546E-257	0	394	396	0	394	396	395M
11417	7599	-5.986E+02	1.00	1.102E-260	0	394	396	0	394	396	395M
11417	11417	-5.983E+02	1.00	1.510E-260	0	395	396	0	395	396	396M
11418	2918	-5.498E+02	0.986	1.764E-239	0	360	362	0	360	362	361M
11418	7600	-5.564E+02	1.00	2.359E-242	0	360	362	0	360	362	361M
11418	11418	-5.561E+02	1.00	3.233E-242	0	361	362	0	361	362	362M
11419	7601	-3.877E+02	1.00	4.293E-169	0	254	256	0	254	256	255M
11419	11419	-3.874E+02	1.00	5.884E-169	0	255	256	0	255	256	256M
11420	4366	-1.592E+02	0.991	7.522E-70	8	123	125	0	115	117	116M
11420	7602	-1.718E+02	1.00	2.448E-75	0	123	125	0	123	125	124M
11420	11420	-1.715E+02	1.00	3.357E-75	0	124	125	0	124	125	125M
11421	7603	-1.015E+02	1.00	8.034E-45	0	73	75	0	73	75	74M
11421	11421	-1.012E+02	1.00	1.103E-44	0	74	75	0	74	75	75M
11422	4442	-8.293E+01	1.00	9.600E-37	0	65	67	0	65	67	66M
11422	7604	-8.293E+01	1.00	9.600E-37	0	65	67	0	65	67	66M
11422	11422	-8.262E+01	1.00	1.318E-36	0	66	67	0	66	67	67M
11423	4441	-2.240E+02	0.978	5.075E-98	0	140	142	0	140	142	141M
11423	7605	-2.288E+02	1.00	4.453E-100	0	140	142	0	140	142	141M
11423	11423	-2.284E+02	1.00	6.107E-100	0	141	142	0	141	142	142M
11424	3624	-1.233E+02	1.00	2.967E-54	0	88	90	0	88	90	89M
11424	7606	-1.233E+02	1.00	2.967E-54	0	88	90	0	88	90	89M
11424	11424	-1.229E+02	1.00	4.071E-54	0	89	90	0	89	90	90M
11425	3623	-1.939E+02	1.00	6.102E-85	0	136	138	0	136	138	137M
11425	7607	-1.939E+02	1.00	6.102E-85	0	136	138	0	136	138	137M
11425	11425	-1.936E+02	1.00	8.368E-85	0	137	138	0	137	138	138M
11426	3622	-5.447E+02	0.997	2.762E-237	0	367	369	0	367	369	368M
11426	7608	-5.456E+02	1.00	1.073E-237	0	367	369	0	367	369	368M
11426	11426	-5.453E+02	1.00	1.471E-237	0	368	369	0	368	369	369M
11427	3621	-2.709E+02	0.994	2.136E-118	0	195	197	0	195	197	196M
11427	7609	-2.725E+02	1.00	4.412E-119	0	195	197	0	195	197	196M
11427	11427	-2.722E+02	1.00	6.048E-119	0	196	197	0	196	197	197M
11428	3620	-2.345E+02	1.00	1.441E-102	0	152	154	0	152	154	153M
11428	7610	-2.345E+02	1.00	1.441E-102	0	152	154	0	152	154	153M
11428	11428	-2.342E+02	1.00	1.975E-102	0	153	154	0	153	154	154M
11429	7611	-4.501E+02	1.00	3.435E-196	0	288	290	0	288	290	289M
11429	11429	-4.498E+02	1.00	4.708E-196	0	289	290	0	289	290	290M
11430	1713	-5.294E+02	0.975	1.230E-230	0	371	373	0	371	373	372M
11430	7612	-5.388E+02	1.00	9.663E-235	0	371	373	0	371	373	372M
11430	11430	-5.385E+02	1.00	1.324E-234	0	372	373	0	372	373	373M
11431	1712	-5.220E+02	0.983	1.892E-227	0	373	375	0	373	375	374M
11431	7613	-5.324E+02	1.00	5.780E-232	0	373	375	0	373	375	374M
11431	11431	-5.321E+02	1.00	7.921E-232	0	374	375	0	374	375	375M
11432	1711	-7.084E+02	0.991	0.000E+00	0	584	586	0	584	586	585M
11432	7614	-7.084E+02	1.00	0.000E+00	0	584	586	0	584	586	585M
11432	11432	-7.084E+02	1.00	0.000E+00	0	585	586	0	585	586	586M
11433	7615	-4.846E+02	1.00	3.622E-211	0	339	341	0	339	341	340M
11433	11433	-4.842E+02	1.00	4.963E-211	0	340	341	0	340	341	341M
11434	1708	-3.148E+02	0.990	1.855E-137	0	214	216	0	214	216	215M
11434	7616	-3.189E+02	1.00	3.074E-139	0	214	216	0	214	216	215M
11434	11434	-3.186E+02	1.00	4.213E-139	0	215	216	0	215	216	216M
11435	1707	-5.852E+02	0.997	6.995E-255	0	390	392	0	390	392	391M
11435	7617	-5.877E+02	1.00	5.625E-256	0	390	392	0	390	392	391M
11435	11435	-5.874E+02	1.00	7.709E-256	0	391	392	0	391	392	392M
11436	1706	-2.998E+02	0.990	5.986E-131	0	207	233	0	207	712	208M
11436	7618	-3.427E+02	1.00	1.425E-149	0	231	233	0	231	233	232M
11436	11436	-3.424E+02	1.00	1.954E-149	0	232	233	0	232	233	233M
11437	2989	-5.500E+02	0.973	1.380E-239	0	375	377	40	415	417	376M
11437	7678	-5.626E+02	1.00	4.642E-245	0	375	377	0	375	377	376M
11437	11437	-5.623E+02	1.00	6.361E-245	0	376	377	0	376	377	377M
11438	7677	-5.084E+02	1.00	1.615E-221	0	328	330	0	328	330	329M
11438	11438	-5.081E+02	1.00	2.213E-221	0	329	330	0	329	330	330M
11439	7676	-1.555E+02	1.00	2.822E-68	0	113	115	0	113	115	114M
11439	11439	-1.552E+02	1.00	3.871E-68	0	114	115	0	114	115	115M
11440	7675	-3.653E+02	1.00	2.302E-159	0	241	243	0	241	243	242M
11440	11440	-3.650E+02	1.00	3.156E-159	0	242	243	0	242	243	243M
11441	1447	-1.235E+02	0.334	2.432E-54	0	384	387	0	404	414	35M2D3M8D95M1I33M2D17M6D21M1D106M1D7M1D67M
11441	7674	-5.924E+02	1.00	5.408E-258	0	385	387	0	385	387	386M
11441	11441	-5.921E+02	1.00	7.411E-258	0	386	387	0	386	387	387M
11442	3207	-7.241E+01	0.315	3.585E-32	8	248	256	5	239	245	40M4I83M1I63M1I49M
11442	7673	-3.804E+02	1.00	6.053E-166	0	254	256	0	254	256	255M
11442	11442	-3.801E+02	1.00	8.297E-166	0	255	256	0	255	256	256M
11443	7672	-7.084E+02	1.00	0.000E+00	0	626	628	0	626	628	627M
11443	11443	-7.084E+02	1.00	0.000E+00	0	627	628	0	627	628	628M
11444	791	-1.455E+02	0.305	6.497E-64	16	528	545	23	535	543	15M5I100M2I20M3D15M1I6M2D28M2I46M2I75M2D20M3D6M1I4M2D5M1D36M2D75M5D10M6I10M1I22M
11444	7671	-7.084E+02	1.00	0.000E+00	0	543	545	0	543	545	544M
11444	11444	-7.084E+02	1.00	0.000E+00	0	544	545	0	544	545	545M
11445	1614	-1.691E+01	0.313	4.508E-08	0	98	104	0	98	111	99M
11445	7670	-1.355E+02	1.00	1.381E-59	0	102	104	0	102	104	103M
11445	11445	-1.352E+02	1.00	1.894E-59	0	103	104	0	103	104	104M
11446	1613	-4.031E+02	0.544	9.062E-176	10	537	551	15	561	572	10M6D211M4D10M4D83M6D5M2I155M1D52M
11446	7669	-7.084E+02	1.00	0.000E+00	0	549	551	0	549	551	550M
11446	11446	-7.084E+02	1.00	0.000E+00	0	550	551	0	550	551	551M
11447	3361	-1.950E+02	0.440	2.054E-85	0	323	329	6	327	333	165M1I18M2I57M1D81M
11447	7668	-4.946E+02	1.00	1.622E-215	0	327	329	0	327	329	328M
11447	11447	-4.943E+02	1.00	2.223E-215	0	328	329	0	328	329	329M
11448	346	-2.761E+02	0.441	1.225E-120	14	473	482	21	479	483	315M1I144M
11448	7667	-7.348E+02	1.00	7.936E-320	0	480	482	0	480	482	481M
11448	11448	-7.344E+02	1.00	1.087E-319	0	481	482	0	481	482	482M
11449	3494	-3.385E+02	0.731	1.018E-147	0	296	298	0	297	299	201M1D96M
11449	7666	-4.557E+02	1.00	1.255E-198	0	296	298	0	296	298	297M
11449	11449	-4.554E+02	1.00	1.720E-198	0	297	298	0	297	298	298M
11450	4448	-3.067E+02	0.746	6.640E-134	23	274	277	0	251	254	252M
11450	7665	-4.453E+02	1.00	3.950E-194	0	275	277	0	275	277	276M
11450	11450	-4.450E+02	1.00	5.414E-194	0	276	277	0	276	277	277M
11451	1873	-2.580E+02	0.407	8.990E-113	12	491	507	22	498	508	74M1I288M3D8M4I27M2I43M1D33M
11451	7664	-7.084E+02	1.00	0.000E+00	0	505	507	0	505	507	506M
11451	11451	-7.084E+02	1.00	0.000E+00	0	506	507	0	506	507	507M
11452	3494	-2.938E+02	0.658	2.626E-128	43	335	348	4	296	299	293M
11452	7663	-5.258E+02	1.00	4.331E-229	0	346	348	0	346	348	347M
11452	11452	-5.255E+02	1.00	5.935E-229	0	347	348	0	347	348	348M
11453	2657	-3.054E+02	0.780	2.231E-133	0	266	269	0	266	269	22M2D11M2I232M
11453	7662	-4.107E+02	1.00	4.266E-179	0	267	269	0	267	269	268M
11453	11453	-4.104E+02	1.00	5.848E-179	0	268	269	0	268	269	269M
11454	7661	-5.084E+02	1.00	1.636E-221	0	335	337	0	335	337	336M
11454	11454	-5.081E+02	1.00	2.243E-221	0	336	337	0	336	337	337M
11455	1317	-5.394E+01	0.407	3.747E-24	2	114	141	5	117	146	113M
11455	7660	-1.922E+02	1.00	3.417E-84	0	139	141	0	139	141	140M
11455	11455	-1.919E+02	1.00	4.686E-84	0	140	141	0	140	141	141M
11456	2655	-6.179E+02	0.990	4.676E-269	0	407	415	0	407	413	408M
11456	7659	-6.327E+02	1.00	1.735E-275	0	413	415	0	413	415	414M
11456	11456	-6.323E+02	1.00	2.377E-275	0	414	415	0	414	415	415M
11457	2656	-5.349E+02	0.983	4.937E-233	0	353	356	0	353	356	354M
11457	7658	-5.444E+02	1.00	3.872E-237	0	354	356	0	354	356	355M
11457	11457	-5.440E+02	1.00	5.306E-237	0	355	356	0	355	356	356M
11458	7657	-2.914E+02	1.00	2.874E-127	0	190	192	0	190	192	191M
11458	11458	-2.911E+02	1.00	3.940E-127	0	191	192	0	191	192	192M
11459	2658	-1.803E+02	0.905	5.048E-79	0	137	139	0	137	139	138M
11459	7656	-1.954E+02	1.00	1.320E-85	0	137	139	0	137	139	138M
11459	11459	-1.951E+02	1.00	1.811E-85	0	138	139	0	138	139	139M
11460	2659	-3.460E+02	0.965	5.538E-151	0	229	231	0	229	231	230M
11460	7655	-3.554E+02	1.00	4.313E-155	0	229	231	0	229	231	230M
11460	11460	-3.551E+02	1.00	5.912E-155	0	230	231	0	230	231	231M
11461	2660	-5.929E+02	0.975	3.087E-258	0	400	402	0	400	402	401M
11461	7654	-6.112E+02	1.00	3.578E-266	0	400	402	0	400	402	401M
11461	11461	-6.109E+02	1.00	4.903E-266	0	401	402	0	401	402	402M
11462	2661	-2.716E+02	0.989	1.100E-118	0	181	183	0	181	183	182M
11462	7653	-2.741E+02	1.00	8.811E-120	0	181	183	0	181	183	182M
11462	11462	-2.738E+02	1.00	1.208E-119	0	182	183	0	182	183	183M
11463	4356	-4.950E+02	0.993	1.054E-215	0	304	340	0	304	305	305M
11463	7652	-5.549E+02	1.00	1.043E-241	0	338	340	0	338	340	339M
11463	11463	-5.546E+02	1.00	1.429E-241	0	339	340	0	339	340	340M
11464	7651	-2.700E+02	1.00	5.417E-118	0	188	190	0	188	190	189M
11464	11464	-2.697E+02	1.00	7.427E-118	0	189	190	0	189	190	190M
11465	2791	-1.440E+02	1.00	2.913E-63	0	97	99	0	97	115	98M
11465	7650	-1.440E+02	1.00	2.913E-63	0	97	99	0	97	99	98M
11465	11465	-1.437E+02	1.00	3.995E-63	0	98	99	0	98	99	99M
11466	2790	-3.152E+02	0.995	1.231E-137	0	212	214	0	212	214	213M
11466	7649	-3.156E+02	1.00	8.979E-138	0	212	214	0	212	214	213M
11466	11466	-3.152E+02	1.00	1.231E-137	0	213	214	0	213	214	214M
11467	2789	-4.719E+02	0.990	1.170E-205	0	307	309	0	307	309	308M
11467	7648	-4.779E+02	1.00	2.933E-208	0	307	309	0	307	309	308M
11467	11467	-4.775E+02	1.00	4.020E-208	0	308	309	0	308	309	309M
11468	2788	-7.084E+02	0.997	0.000E+00	0	479	481	0	479	481	480M
11468	7647	-7.084E+02	1.00	0.000E+00	0	479	481	0	479	481	480M
11468	11468	-7.084E+02	1.00	0.000E+00	0	480	481	0	480	481	481M
11469	2787	-7.084E+02	0.991	0.000E+00	0	611	613	0	611	613	612M
11469	7646	-7.084E+02	1.00	0.000E+00	0	611	613	0	611	613	612M
11469	11469	-7.084E+02	1.00	0.000E+00	0	612	613	0	612	613	613M
11470	7645	-3.370E+02	1.00	4.294E-147	0	225	227	0	225	227	226M
11470	11470	-3.367E+02	1.00	5.886E-147	0	226	227	0	226	227	227M
11471	4320	-6.976E+02	0.986	1.068E-303	0	459	461	0	459	461	460M
11471	7644	-7.058E+02	1.00	2.961E-307	0	459	461	0	459	461	460M
11471	11471	-7.055E+02	1.00	4.057E-307	0	460	461	0	460	461	461M
11472	3368	-2.003E+02	0.795	1.013E-87	0	180	183	27	207	214	181M
11472	7643	-2.603E+02	1.00	9.419E-114	0	181	183	0	181	183	182M
11472	11472	-2.599E+02	1.00	1.291E-113	0	182	183	0	182	183	183M
11473	7642	-7.084E+02	1.00	0.000E+00	0	580	582	0	580	582	581M
11473	11473	-7.084E+02	1.00	0.000E+00	0	581	582	0	581	582	582M
11474	7641	-7.084E+02	1.00	0.000E+00	0	2140	2142	0	2140	2142	2141M
11474	11474	-7.084E+02	1.00	0.000E+00	0	2141	2142	0	2141	2142	2142M
11475	7640	-2.332E+02	1.00	5.092E-102	0	152	154	0	152	154	153M
11475	11475	-2.329E+02	1.00	6.982E-102	0	153	154	0	153	154	154M
11476	4068	-5.542E+01	0.956	8.546E-25	0	45	47	0	45	47	46M
11476	7639	-5.701E+01	1.00	1.747E-25	0	45	47	0	45	47	46M
11476	11476	-5.669E+01	1.00	2.400E-25	0	46	47	0	46	47	47M
11477	2962	-6.526E+02	0.991	3.824E-284	0	445	447	0	445	447	446M
11477	7638	-6.567E+02	1.00	6.369E-286	0	445	447	0	445	447	446M
11477	11477	-6.564E+02	1.00	8.727E-286	0	446	447	0	446	447	447M
11478	2961	-4.172E+02	0.966	6.249E-182	0	269	271	0	269	271	270M
11478	7637	-4.305E+02	1.00	1.110E-187	0	269	271	0	269	271	270M
11478	11478	-4.302E+02	1.00	1.521E-187	0	270	271	0	270	271	271M
11479	2960	-6.014E+02	0.995	6.488E-262	0	428	430	0	428	430	429M
11479	7636	-6.030E+02	1.00	1.343E-262	0	428	430	0	428	430	429M
11479	11479	-6.027E+02	1.00	1.841E-262	0	429	430	0	429	430	430M
11480	2959	-3.643E+02	0.983	6.216E-159	0	242	244	0	242	244	243M
11480	7635	-3.684E+02	1.00	1.031E-160	0	242	244	0	242	244	243M
11480	11480	-3.681E+02	1.00	1.413E-160	0	243	244	0	243	244	244M
11481	2967	-4.619E+02	0.986	2.484E-201	0	291	293	0	291	293	292M
11481	7634	-4.676E+02	1.00	8.530E-204	0	291	293	0	291	293	292M
11481	11481	-4.673E+02	1.00	1.169E-203	0	292	293	0	292	293	293M
11482	3588	-6.834E+02	0.995	1.569E-297	0	446	448	0	446	448	447M
11482	7633	-6.872E+02	1.00	3.579E-299	0	446	448	0	446	448	447M
11482	11482	-6.869E+02	1.00	4.905E-299	0	447	448	0	447	448	448M
11483	3587	-4.806E+02	0.990	1.889E-209	0	309	311	0	309	311	310M
11483	7632	-4.844E+02	1.00	4.301E-211	0	309	311	0	309	311	310M
11483	11483	-4.841E+02	1.00	5.895E-211	0	310	311	0	310	311	311M
11484	3586	-1.895E+02	0.979	5.172E-83	0	143	145	0	143	145	144M
11484	7631	-1.920E+02	1.00	4.138E-84	0	143	145	0	143	145	144M
11484	11484	-1.917E+02	1.00	5.674E-84	0	144	145	0	144	145	145M
11485	3585	-1.998E+02	0.967	1.650E-87	0	151	153	0	151	153	152M
11485	7630	-2.090E+02	1.00	1.745E-91	0	151	153	0	151	153	152M
11485	11485	-2.087E+02	1.00	2.393E-91	0	152	153	0	152	153	153M
11486	3584	-3.440E+02	0.995	4.038E-150	0	231	233	0	231	233	232M
11486	7629	-3.453E+02	1.00	1.144E-150	0	231	233	0	231	233	232M
11486	11486	-3.449E+02	1.00	1.568E-150	0	232	233	0	232	233	233M
11487	3583	-6.567E+02	1.00	6.304E-286	0	438	440	0	438	440	439M
11487	7628	-6.567E+02	1.00	6.304E-286	0	438	440	0	438	440	439M
11487	11487	-6.564E+02	1.00	8.639E-286	0	439	440	0	439	440	440M
11488	3582	-4.881E+02	0.993	1.055E-212	0	324	326	0	324	326	325M
11488	7627	-4.903E+02	1.00	1.162E-213	0	324	326	0	324	326	325M
11488	11488	-4.900E+02	1.00	1.592E-213	0	325	326	0	325	326	326M
11489	3581	-3.298E+02	0.968	5.785E-144	0	224	226	0	224	226	225M
11489	7626	-3.361E+02	1.00	1.055E-146	0	224	226	0	224	226	225M
11489	11489	-3.358E+02	1.00	1.446E-146	0	225	226	0	225	226	226M
11490	3987	-6.128E+02	0.954	7.647E-267	0	421	423	26	447	449	422M
11490	7625	-6.373E+02	1.00	1.630E-277	0	421	423	0	421	423	422M
11490	11490	-6.370E+02	1.00	2.233E-277	0	422	423	0	422	423	423M
11491	7624	-7.775E+01	1.00	1.713E-34	0	61	63	0	61	63	62M
11491	11491	-7.743E+01	1.00	2.352E-34	0	62	63	0	62	63	63M
11492	7623	-7.084E+02	1.00	0.000E+00	0	1620	1622	0	1620	1622	1621M
11492	11492	-7.084E+02	1.00	0.000E+00	0	1621	1622	0	1621	1622	1622M
11493	3986	-5.125E+02	0.997	2.593E-223	0	361	363	0	361	363	362M
11493	7622	-5.128E+02	1.00	1.892E-223	0	361	363	0	361	363	362M
11493	11493	-5.125E+02	1.00	2.593E-223	0	362	363	0	362	363	363M
11494	3985	-7.084E+02	0.994	0.000E+00	0	524	526	0	524	526	525M
11494	7621	-7.084E+02	1.00	0.000E+00	0	524	526	0	524	526	525M
11494	11494	-7.084E+02	1.00	0.000E+00	0	525	526	0	525	526	526M
11495	3984	-2.430E+02	0.988	2.812E-106	0	169	207	0	169	170	170M
11495	7620	-3.058E+02	1.00	1.558E-133	0	205	207	0	205	207	206M
11495	11495	-3.055E+02	1.00	2.135E-133	0	206	207	0	206	207	207M
11496	2989	-5.535E+02	0.981	4.314E-241	0	375	377	40	415	417	376M
11496	7619	-5.626E+02	1.00	4.642E-245	0	375	377	0	375	377	376M
11496	11496	-5.623E+02	1.00	6.361E-245	0	376	377	0	376	377	377M
11497	1242	-3.508E+01	0.970	5.814E-16	0	33	35	110	143	145	34M
11497	5826	-3.604E+01	1.00	2.237E-16	0	33	35	0	33	35	34M
11497	10186	-3.604E+01	1.00	2.237E-16	0	33	35	0	33	35	34M
11498	4251	-1.611E+02	0.734	1.068E-70	0	174	178	0	175	186	40M1I36M1D29M1D69M
11498	7750	-2.488E+02	1.00	8.727E-109	0	176	178	0	176	178	177M
11498	11498	-2.485E+02	1.00	1.196E-108	0	177	178	0	177	178	178M
11499	7749	-1.337E+02	1.00	8.966E-59	0	95	97	0	95	97	96M
11499	11499	-1.333E+02	1.00	1.230E-58	0	96	97	0	96	97	97M
11500	1918	-1.610E+02	0.331	1.243E-70	13	349	352	14	439	504	7M6I34M5I50M3I6M89D53M1I48M17D13M1D50M5I2M2D54M
11500	7748	-5.382E+02	1.00	1.753E-234	0	350	352	0	350	352	351M
11500	11500	-5.379E+02	1.00	2.402E-234	0	351	352	0	351	352	352M
11501	7747	-3.407E+02	1.00	1.125E-148	0	228	230	0	228	230	229M
11501	11501	-3.403E+02	1.00	1.542E-148	0	229	230	0	229	230	230M
11502	2647	-4.021E+01	0.248	3.456E-18	24	397	458	66	428	482	25M2I29M1D24M1D40M3D4M1D6M5I75M1D19M2I28M2I4M1I19M4I16M3I46M1D20M
11502	7746	-7.283E+02	1.00	4.972E-317	0	456	458	0	456	458	457M
11502	11502	-7.280E+02	1.00	6.813E-317	0	457	458	0	457	458	458M
11503	7745	-3.010E+02	1.00	1.911E-131	0	200	202	0	200	202	201M
11503	11503	-3.007E+02	1.00	2.619E-131	0	201	202	0	201	202	202M
11504	7744	-6.446E+02	1.00	1.148E-280	0	414	416	0	414	416	415M
11504	11504	-6.443E+02	1.00	1.573E-280	0	415	416	0	415	416	416M
11505	7743	-6.723E+02	1.00	1.034E-292	0	434	436	0	434	436	435M
11505	11505	-6.720E+02	1.00	1.417E-292	0	435	436	0	435	436	436M
11506	590	-3.249E+02	0.464	7.620E-142	13	488	514	5	480	497	113M1I79M1D82M1I152M1D48M
11506	7742	-7.084E+02	1.00	0.000E+00	0	512	514	0	512	514	513M
11506	11506	-7.084E+02	1.00	0.000E+00	0	513	514	0	513	514	514M
11507	2886	-1.155E+02	0.385	6.610E-51	2	293	305	55	338	347	14M1D5M6I134M4I40M2D54M1D7M2I26M
11507	7741	-4.708E+02	1.00	3.420E-205	0	303	305	0	303	305	304M
11507	11507	-4.705E+02	1.00	4.687E-205	0	304	305	0	304	305	305M
11508	285	-4.921E+02	0.699	1.893E-214	4	461	466	5	463	485	41M1D417M
11508	7740	-6.936E+02	1.00	5.903E-302	0	464	466	0	464	466	465M
11508	11508	-6.933E+02	1.00	8.088E-302	0	465	466	0	465	466	466M
11509	2892	-7.084E+02	0.994	0.000E+00	0	1035	1037	0	1035	1037	1036M
11509	7739	-7.084E+02	1.00	0.000E+00	0	1035	1037	0	1035	1037	1036M
11509	11509	-7.084E+02	1.00	0.000E+00	0	1036	1037	0	1036	1037	1037M
11510	2891	-5.670E+02	0.992	5.554E-247	0	395	397	0	395	397	396M
11510	7738	-5.711E+02	1.00	9.247E-249	0	395	397	0	395	397	396M
11510	11510	-5.708E+02	1.00	1.267E-248	0	396	397	0	396	397	397M
11511	2890	-3.676E+02	0.983	2.340E-160	0	246	248	0	246	248	247M
11511	7737	-3.701E+02	1.00	1.878E-161	0	246	248	0	246	248	247M
11511	11511	-3.698E+02	1.00	2.574E-161	0	247	248	0	247	248	248M
11512	2889	-5.200E+02	0.985	1.465E-226	0	356	358	0	356	358	357M
11512	7736	-5.282E+02	1.00	4.054E-230	0	356	358	0	356	358	357M
11512	11512	-5.279E+02	1.00	5.555E-230	0	357	358	0	357	358	358M
11513	2888	-5.083E+02	1.00	1.774E-221	0	330	332	0	330	332	331M
11513	7735	-5.083E+02	1.00	1.774E-221	0	330	332	0	330	332	331M
11513	11513	-5.080E+02	1.00	2.431E-221	0	331	332	0	331	332	332M
11514	2887	-5.200E+02	0.997	1.448E-226	9	349	351	0	340	342	341M
11514	7734	-5.364E+02	1.00	1.108E-233	0	349	351	0	349	351	350M
11514	11514	-5.361E+02	1.00	1.518E-233	0	350	351	0	350	351	351M
11515	2886	-4.566E+02	0.967	4.941E-199	0	303	305	42	345	347	304M
11515	7733	-4.717E+02	1.00	1.328E-205	0	303	305	0	303	305	304M
11515	11515	-4.714E+02	1.00	1.821E-205	0	304	305	0	304	305	305M
11516	2885	-4.124E+02	0.972	7.981E-180	0	285	287	0	285	287	286M
11516	7732	-4.215E+02	1.00	8.556E-184	0	285	287	0	285	287	286M
11516	11516	-4.212E+02	1.00	1.173E-183	0	286	287	0	286	287	287M
11517	2884	-4.013E+02	0.960	5.107E-175	0	279	281	0	279	281	280M
11517	7731	-4.165E+02	1.00	1.372E-181	0	279	281	0	279	281	280M
11517	11517	-4.161E+02	1.00	1.880E-181	0	280	281	0	280	281	281M
11518	7730	-1.288E+02	1.00	1.135E-56	0	97	99	0	97	99	98M
11518	11518	-1.285E+02	1.00	1.557E-56	0	98	99	0	98	99	99M
11519	7729	-4.263E+02	1.00	7.461E-186	0	278	280	0	278	280	279M
11519	11519	-4.260E+02	1.00	1.023E-185	0	279	280	0	279	280	280M
11520	7728	-3.275E+02	1.00	5.592E-143	0	232	234	0	232	234	233M
11520	11520	-3.272E+02	1.00	7.665E-143	0	233	234	0	233	234	234M
11521	7727	-5.833E+01	1.00	4.655E-26	0	44	46	0	44	46	45M
11521	11521	-5.801E+01	1.00	6.394E-26	0	45	46	0	45	46	46M
11522	7726	-2.447E+02	1.00	5.338E-107	0	163	165	0	163	165	164M
11522	11522	-2.444E+02	1.00	7.319E-107	0	164	165	0	164	165	165M
11523	7725	-5.681E+02	1.00	1.970E-247	0	366	368	0	366	368	367M
11523	11523	-5.677E+02	1.00	2.699E-247	0	367	368	0	367	368	368M
11524	3575	-2.541E+02	0.939	4.566E-111	0	180	187	0	180	183	181M
11524	7724	-2.752E+02	1.00	3.018E-120	0	185	187	0	185	187	186M
11524	11524	-2.749E+02	1.00	4.137E-120	0	186	187	0	186	187	187M
11525	3574	-1.292E+02	1.00	7.693E-57	6	102	104	5	101	103	97M
11525	7723	-1.374E+02	1.00	2.072E-60	0	102	104	0	102	104	103M
11525	11525	-1.371E+02	1.00	2.843E-60	0	103	104	0	103	104	104M
11526	3276	-2.007E+02	0.965	6.594E-88	0	144	147	0	144	147	145M
11526	7722	-2.099E+02	1.00	6.966E-92	0	145	147	0	145	147	146M
11526	11526	-2.096E+02	1.00	9.553E-92	0	146	147	0	146	147	147M
11527	3275	-3.146E+02	0.976	2.425E-137	0	213	215	0	213	215	214M
11527	7721	-3.212E+02	1.00	3.223E-140	0	213	215	0	213	215	214M
11527	11527	-3.209E+02	1.00	4.418E-140	0	214	215	0	214	215	215M
11528	3274	-4.810E+02	0.993	1.289E-209	0	321	323	0	321	323	322M
11528	7720	-4.835E+02	1.00	1.036E-210	0	321	323	0	321	323	322M
11528	11528	-4.832E+02	1.00	1.419E-210	0	322	323	0	322	323	323M
11529	3273	-5.810E+02	0.958	4.780E-253	0	386	388	0	386	388	387M
11529	7719	-6.043E+02	1.00	3.576E-263	0	386	388	0	386	388	387M
11529	11529	-6.040E+02	1.00	4.900E-263	0	387	388	0	387	388	388M
11530	3272	-6.399E+02	0.995	1.290E-278	0	441	443	0	441	443	442M
11530	7718	-6.424E+02	1.00	1.038E-279	0	441	443	0	441	443	442M
11530	11530	-6.421E+02	1.00	1.423E-279	0	442	443	0	442	443	443M
11531	3271	-7.084E+02	0.979	0.000E+00	0	527	529	0	527	529	528M
11531	7717	-7.084E+02	1.00	0.000E+00	0	527	529	0	527	529	528M
11531	11531	-7.084E+02	1.00	0.000E+00	0	528	529	0	528	529	529M
11532	3270	-4.225E+02	0.992	3.387E-184	0	272	274	0	272	274	273M
11532	7716	-4.243E+02	1.00	5.109E-185	0	272	274	0	272	274	273M
11532	11532	-4.240E+02	1.00	7.002E-185	0	273	274	0	273	274	274M
11533	3269	-7.084E+02	0.994	0.000E+00	0	514	516	0	514	516	515M
11533	7715	-7.084E+02	1.00	0.000E+00	0	514	516	0	514	516	515M
11533	11533	-7.084E+02	1.00	0.000E+00	0	515	516	0	515	516	516M
11534	3268	-5.019E+02	0.997	1.051E-218	0	352	354	0	352	354	353M
11534	7714	-5.032E+02	1.00	2.979E-219	0	352	354	0	352	354	353M
11534	11534	-5.029E+02	1.00	4.083E-219	0	353	354	0	353	354	354M
11535	1907	-8.286E+01	0.270	1.030E-36	14	472	487	2	469	493	34M1D30M1I70M5I106M16D11M2D29M1I25M1I10M6I12M4D39M2D30M4D7M5I13M1I23M
11535	7713	-7.374E+02	1.00	5.879E-321	0	485	487	0	485	487	486M
11535	11535	-7.370E+02	1.00	8.058E-321	0	486	487	0	486	487	487M
11536	7712	-3.664E+02	1.00	7.758E-160	0	238	240	0	238	240	239M
11536	11536	-3.660E+02	1.00	1.063E-159	0	239	240	0	239	240	240M
11537	7711	-1.201E+02	1.00	7.268E-53	0	76	78	0	76	78	77M
11537	11537	-1.197E+02	1.00	9.973E-53	0	77	78	0	77	78	78M
11538	7710	-3.705E+02	1.00	1.298E-161	0	265	267	0	265	267	266M
11538	11538	-3.701E+02	1.00	1.779E-161	0	266	267	0	266	267	267M
11539	7709	-2.851E+02	1.00	1.551E-124	0	183	185	0	183	185	184M
11539	11539	-2.848E+02	1.00	2.127E-124	0	184	185	0	184	185	185M
11540	7708	-1.458E+02	1.00	4.591E-64	0	98	100	0	98	100	99M
11540	11540	-1.455E+02	1.00	6.298E-64	0	99	100	0	99	100	100M
11541	7707	-7.263E+01	1.00	2.874E-32	0	62	64	0	62	64	63M
11541	11541	-7.231E+01	1.00	3.946E-32	0	63	64	0	63	64	64M
11542	7706	-1.796E+02	1.00	1.003E-78	0	125	127	0	125	127	126M
11542	11542	-1.793E+02	1.00	1.376E-78	0	126	127	0	126	127	127M
11543	7705	-1.130E+02	1.00	8.740E-50	0	85	87	0	85	87	86M
11543	11543	-1.126E+02	1.00	1.199E-49	0	86	87	0	86	87	87M
11544	7704	-3.637E+02	1.00	1.096E-158	0	234	236	0	234	236	235M
11544	11544	-3.634E+02	1.00	1.503E-158	0	235	236	0	235	236	236M
11545	7703	-3.475E+02	1.00	1.258E-151	0	231	233	0	231	233	232M
11545	11545	-3.471E+02	1.00	1.724E-151	0	232	233	0	232	233	233M
11546	7702	-1.116E+02	1.00	3.488E-49	0	81	83	0	81	83	82M
11546	11546	-1.113E+02	1.00	4.786E-49	0	82	83	0	82	83	83M
11547	2458	-1.595E+02	0.900	5.227E-70	1	120	124	24	143	159	120M
11547	7701	-1.838E+02	1.00	1.429E-80	0	122	124	0	122	124	123M
11547	11547	-1.835E+02	1.00	1.959E-80	0	123	124	0	123	124	124M
11548	2999	-4.621E+01	0.925	8.561E-21	0	39	41	0	39	41	40M
11548	7700	-4.875E+01	1.00	6.735E-22	0	39	41	0	39	41	40M
11548	11548	-4.843E+01	1.00	9.254E-22	0	40	41	0	40	41	41M
11549	2998	-6.748E+02	0.951	8.915E-294	0	449	451	14	463	465	450M
11549	7699	-7.085E+02	1.00	2.046E-308	0	449	451	0	449	451	450M
11549	11549	-7.082E+02	1.00	2.804E-308	0	450	451	0	450	451	451M
11550	2997	-3.697E+02	0.960	2.737E-161	0	254	256	0	254	256	255M
11550	7698	-3.858E+02	1.00	2.846E-168	0	254	256	0	254	256	255M
11550	11550	-3.855E+02	1.00	3.901E-168	0	255	256	0	255	256	256M
11551	2996	-7.084E+02	0.977	0.000E+00	0	496	498	0	496	498	497M
11551	7697	-7.084E+02	1.00	0.000E+00	0	496	498	0	496	498	497M
11551	11551	-7.084E+02	1.00	0.000E+00	0	497	498	0	497	498	498M
11552	2995	-4.215E+02	0.948	9.077E-184	0	293	295	0	293	295	294M
11552	7696	-4.420E+02	1.00	1.150E-192	0	293	295	0	293	295	294M
11552	11552	-4.416E+02	1.00	1.575E-192	0	294	295	0	294	295	295M
11553	3090	-3.876E+02	0.966	4.625E-169	0	269	271	0	267	269	209M2I59M
11553	7695	-4.018E+02	1.00	3.195E-175	0	269	271	0	269	271	270M
11553	11553	-4.015E+02	1.00	4.379E-175	0	270	271	0	270	271	271M
11554	3089	-4.019E+02	0.965	3.004E-175	0	261	263	0	261	263	262M
11554	7694	-4.145E+02	1.00	1.002E-180	0	261	263	0	261	263	262M
11554	11554	-4.141E+02	1.00	1.373E-180	0	262	263	0	262	263	263M
11555	3088	-2.259E+02	0.912	8.122E-99	2	161	163	3	162	164	160M
11555	7693	-2.521E+02	1.00	3.414E-110	0	161	163	0	161	163	162M
11555	11555	-2.517E+02	1.00	4.681E-110	0	162	163	0	162	163	163M
11556	3087	-3.880E+02	0.988	2.987E-169	0	253	255	0	253	255	254M
11556	7692	-3.931E+02	1.00	1.925E-171	0	253	255	0	253	255	254M
11556	11556	-3.928E+02	1.00	2.638E-171	0	254	255	0	254	255	255M
11557	3086	-4.683E+02	0.978	4.308E-204	17	337	339	0	320	322	321M
11557	7691	-5.064E+02	1.00	1.190E-220	0	337	339	0	337	339	338M
11557	11557	-5.061E+02	1.00	1.631E-220	0	338	339	0	338	339	339M
11558	3085	-4.919E+02	0.982	2.462E-214	0	338	340	0	338	340	339M
11558	7690	-5.013E+02	1.00	1.931E-218	0	338	340	0	338	340	339M
11558	11558	-5.010E+02	1.00	2.646E-218	0	339	340	0	339	340	340M
11559	3084	-5.493E+02	1.00	2.711E-239	0	349	351	0	349	351	350M
11559	7689	-5.493E+02	1.00	2.711E-239	0	349	351	0	349	351	350M
11559	11559	-5.490E+02	1.00	3.716E-239	0	350	351	0	350	351	351M
11560	7688	-3.055E+02	1.00	2.069E-133	0	211	213	0	211	213	212M
11560	11560	-3.052E+02	1.00	2.836E-133	0	212	213	0	212	213	213M
11561	7687	-2.510E+02	1.00	9.687E-110	0	163	165	0	163	165	164M
11561	11561	-2.507E+02	1.00	1.328E-109	0	164	165	0	164	165	165M
11562	3083	-4.271E+02	0.996	3.120E-186	0	293	295	0	293	295	294M
11562	7686	-4.284E+02	1.00	8.843E-187	0	293	295	0	293	295	294M
11562	11562	-4.281E+02	1.00	1.212E-186	0	294	295	0	294	295	295M
11563	3082	-4.235E+02	0.986	1.136E-184	0	289	291	0	289	291	290M
11563	7685	-4.299E+02	1.00	2.078E-187	0	289	291	0	289	291	290M
11563	11563	-4.295E+02	1.00	2.848E-187	0	290	291	0	290	291	291M
11564	3081	-6.769E+02	0.997	1.040E-294	0	457	459	0	457	459	458M
11564	7684	-6.782E+02	1.00	2.950E-295	0	457	459	0	457	459	458M
11564	11564	-6.779E+02	1.00	4.043E-295	0	458	459	0	458	459	459M
11565	3080	-4.721E+02	0.987	9.177E-206	0	322	324	0	322	324	323M
11565	7683	-4.772E+02	1.00	5.928E-208	0	322	324	0	322	324	323M
11565	11565	-4.768E+02	1.00	8.124E-208	0	323	324	0	323	324	324M
11566	2985	-4.494E+02	0.986	7.036E-196	0	300	312	0	300	313	301M
11566	7682	-4.714E+02	1.00	1.846E-205	0	310	312	0	310	312	311M
11566	11566	-4.711E+02	1.00	2.530E-205	0	311	312	0	311	312	312M
11567	2986	-5.972E+02	0.997	4.417E-260	0	390	392	0	390	392	391M
11567	7681	-5.975E+02	1.00	3.223E-260	0	390	392	0	390	392	391M
11567	11567	-5.972E+02	1.00	4.417E-260	0	391	392	0	391	392	392M
11568	2987	-7.084E+02	0.998	0.000E+00	0	594	596	0	594	596	595M
11568	7680	-7.084E+02	1.00	0.000E+00	0	594	596	0	594	596	595M
11568	11568	-7.084E+02	1.00	0.000E+00	0	595	596	0	595	596	596M
11569	2988	-5.928E+01	0.884	1.790E-26	0	51	52	0	51	123	52M
11569	7679	-6.753E+01	1.00	4.678E-30	0	51	52	0	51	52	52M
11569	11569	-6.753E+01	1.00	4.678E-30	0	51	52	0	51	52	52M
11570	954	-4.732E+01	1.00	2.807E-21	0	37	38	0	37	38	38M
11570	5151	-4.732E+01	1.00	2.807E-21	0	37	38	0	37	38	38M
11570	9211	-4.732E+01	1.00	2.807E-21	0	37	38	0	37	38	38M
11571	3726	-1.952E+02	1.00	1.688E-85	0	127	131	0	127	134	128M
11571	7814	-1.987E+02	1.00	5.232E-87	0	129	131	0	129	131	130M
11571	11571	-1.984E+02	1.00	7.174E-87	0	130	131	0	130	131	131M
11572	3725	-7.084E+02	0.993	0.000E+00	0	496	498	0	496	498	497M
11572	7813	-7.084E+02	1.00	0.000E+00	0	496	498	0	496	498	497M
11572	11572	-7.084E+02	1.00	0.000E+00	0	497	498	0	497	498	498M
11573	3724	-3.293E+02	0.972	9.434E-144	0	221	223	0	221	223	222M
11573	7812	-3.363E+02	1.00	9.152E-147	0	221	223	0	221	223	222M
11573	11573	-3.360E+02	1.00	1.255E-146	0	222	223	0	222	223	223M
11574	3723	-2.927E+02	0.995	7.415E-128	0	208	210	0	208	210	209M
11574	7811	-2.949E+02	1.00	8.152E-129	0	208	210	0	208	210	209M
11574	11574	-2.946E+02	1.00	1.118E-128	0	209	210	0	209	210	210M
11575	3722	-7.084E+02	0.997	0.000E+00	0	757	759	0	757	759	758M
11575	7810	-7.084E+02	1.00	0.000E+00	0	757	759	0	757	759	758M
11575	11575	-7.084E+02	1.00	0.000E+00	0	758	759	0	758	759	759M
11576	3721	-4.090E+02	0.992	2.410E-178	0	277	279	0	277	279	278M
11576	7809	-4.121E+02	1.00	1.030E-179	0	277	279	0	277	279	278M
11576	11576	-4.118E+02	1.00	1.412E-179	0	278	279	0	278	279	279M
11577	3720	-3.433E+02	1.00	8.172E-150	24	246	248	0	222	224	223M
11577	7808	-3.821E+02	1.00	1.175E-166	0	246	248	0	246	248	247M
11577	11577	-3.818E+02	1.00	1.611E-166	0	247	248	0	247	248	248M
11578	7807	-1.441E+02	1.00	2.524E-63	0	107	109	0	107	109	108M
11578	11578	-1.438E+02	1.00	3.462E-63	0	108	109	0	108	109	109M
11579	3199	-2.924E+01	0.259	2.000E-13	0	127	147	5	135	145	39M3D89M
11579	7806	-2.165E+02	1.00	9.200E-95	0	145	147	0	145	147	146M
11579	11579	-2.162E+02	1.00	1.262E-94	0	146	147	0	146	147	147M
11580	430	-5.931E+02	0.994	2.563E-258	0	396	398	0	396	398	397M
11580	7805	-5.956E+02	1.00	2.061E-259	0	396	398	0	396	398	397M
11580	11580	-5.953E+02	1.00	2.824E-259	0	397	398	0	397	398	398M
11581	431	-3.884E+02	0.992	1.996E-169	0	278	280	0	278	280	279M
11581	7804	-3.916E+02	1.00	8.538E-171	0	278	280	0	278	280	279M
11581	11581	-3.913E+02	1.00	1.170E-170	0	279	280	0	279	280	280M
11582	432	-3.880E+02	0.992	3.132E-169	0	254	256	0	254	256	255M
11582	7803	-3.924E+02	1.00	3.792E-171	0	254	256	0	254	256	255M
11582	11582	-3.921E+02	1.00	5.197E-171	0	255	256	0	255	256	256M
11583	433	-4.605E+02	0.996	1.038E-200	0	308	310	0	308	310	309M
11583	7802	-4.621E+02	1.00	2.147E-201	0	308	310	0	308	310	309M
11583	11583	-4.617E+02	1.00	2.942E-201	0	309	310	0	309	310	310M
11584	434	-3.632E+02	1.00	1.844E-158	0	245	247	0	245	247	246M
11584	7801	-3.632E+02	1.00	1.844E-158	0	245	247	0	245	247	246M
11584	11584	-3.629E+02	1.00	2.527E-158	0	246	247	0	246	247	247M
11585	435	-5.609E+02	0.997	2.580E-244	0	378	380	0	378	380	379M
11585	7800	-5.612E+02	1.00	1.883E-244	0	378	380	0	378	380	379M
11585	11585	-5.609E+02	1.00	2.580E-244	0	379	380	0	379	380	380M
11586	436	-6.914E+02	1.00	5.551E-301	0	458	460	0	458	460	459M
11586	7799	-6.914E+02	1.00	5.551E-301	0	458	460	0	458	460	459M
11586	11586	-6.910E+02	1.00	7.606E-301	0	459	460	0	459	460	460M
11587	437	-1.286E+02	1.00	1.372E-56	0	88	90	0	88	90	89M
11587	7798	-1.286E+02	1.00	1.372E-56	0	88	90	0	88	90	89M
11587	11587	-1.283E+02	1.00	1.882E-56	0	89	90	0	89	90	90M
11588	438	-3.553E+02	1.00	5.049E-155	0	239	241	0	239	241	240M
11588	7797	-3.543E+02	0.995	1.300E-154	0	239	241	15	254	256	240M
11588	11588	-3.550E+02	1.00	6.921E-155	0	240	241	0	240	241	241M
11589	439	-6.399E+02	0.988	1.243E-278	0	447	449	0	447	449	448M
11589	7796	-6.487E+02	1.00	1.838E-282	0	447	449	0	447	449	448M
11589	11589	-6.484E+02	1.00	2.518E-282	0	448	449	0	448	449	449M
11590	440	-4.211E+02	0.983	1.258E-183	0	300	302	0	300	302	301M
11590	7795	-4.281E+02	1.00	1.226E-186	0	300	302	0	300	302	301M
11590	11590	-4.278E+02	1.00	1.681E-186	0	301	302	0	301	302	302M
11591	441	-2.771E+02	0.989	4.624E-121	0	192	194	0	192	194	193M
11591	7794	-2.783E+02	1.00	1.309E-121	0	192	194	0	192	194	193M
11591	11591	-2.780E+02	1.00	1.795E-121	0	193	194	0	193	194	194M
11592	442	-5.160E+02	0.974	7.656E-225	0	353	355	0	353	355	354M
11592	7793	-5.293E+02	1.00	1.369E-230	0	353	355	0	353	355	354M
11592	11592	-5.290E+02	1.00	1.876E-230	0	354	355	0	354	355	355M
11593	443	-7.084E+02	1.00	0.000E+00	0	624	626	0	624	626	625M
11593	7792	-7.084E+02	1.00	0.000E+00	0	624	626	0	624	626	625M
11593	11593	-7.084E+02	1.00	0.000E+00	0	625	626	0	625	626	626M
11594	444	-3.111E+02	0.990	8.034E-136	0	207	209	0	207	209	208M
11594	7791	-3.136E+02	1.00	6.443E-137	0	207	209	0	207	209	208M
11594	11594	-3.133E+02	1.00	8.832E-137	0	208	209	0	208	209	209M
11595	445	-4.264E+02	0.996	6.687E-186	0	269	271	0	269	271	270M
11595	7790	-4.267E+02	1.00	4.879E-186	0	269	271	0	269	271	270M
11595	11595	-4.264E+02	1.00	6.687E-186	0	270	271	0	270	271	271M
11596	446	-2.570E+02	1.00	2.505E-112	0	177	179	0	177	179	178M
11596	7789	-2.570E+02	1.00	2.505E-112	0	177	179	0	177	179	178M
11596	11596	-2.567E+02	1.00	3.434E-112	0	178	179	0	178	179	179M
11597	447	-4.762E+02	0.987	1.558E-207	0	309	311	0	309	311	310M
11597	7788	-4.822E+02	1.00	3.907E-210	0	309	311	0	309	311	310M
11597	11597	-4.819E+02	1.00	5.354E-210	0	310	311	0	310	311	311M
11598	448	-6.016E+02	1.00	5.427E-262	0	397	399	0	397	399	398M
11598	7787	-6.016E+02	1.00	5.427E-262	0	397	399	0	397	399	398M
11598	11598	-6.013E+02	1.00	7.437E-262	0	398	399	0	398	399	399M
11599	449	-6.623E+02	0.993	2.410E-288	0	447	449	0	447	449	448M
11599	7786	-6.664E+02	1.00	4.013E-290	0	447	449	0	447	449	448M
11599	11599	-6.660E+02	1.00	5.499E-290	0	448	449	0	448	449	449M
11600	450	-1.198E+02	0.975	9.810E-53	0	82	84	0	82	84	83M
11600	7785	-1.204E+02	1.00	5.211E-53	0	82	84	0	82	84	83M
11600	11600	-1.201E+02	1.00	7.149E-53	0	83	84	0	83	84	84M
11601	451	-7.084E+02	1.00	0.000E+00	0	616	618	0	616	618	617M
11601	7784	-7.084E+02	1.00	0.000E+00	0	616	618	0	616	618	617M
11601	11601	-7.084E+02	1.00	0.000E+00	0	617	618	0	617	618	618M
11602	452	-1.319E+02	1.00	5.047E-58	0	98	100	0	98	100	99M
11602	7783	-1.319E+02	1.00	5.047E-58	0	98	100	0	98	100	99M
11602	11602	-1.316E+02	1.00	6.923E-58	0	99	100	0	99	100	100M
11603	453	-4.666E+02	0.993	2.261E-203	0	305	307	0	305	307	306M
11603	7782	-4.717E+02	1.00	1.460E-205	0	305	307	0	305	307	306M
11603	11603	-4.713E+02	1.00	2.000E-205	0	306	307	0	306	307	307M
11604	454	-4.137E+02	0.992	2.101E-180	0	270	272	0	270	272	271M
11604	7781	-4.169E+02	1.00	8.979E-182	0	270	272	0	270	272	271M
11604	11604	-4.166E+02	1.00	1.231E-181	0	271	272	0	271	272	272M
11605	455	-6.330E+02	1.00	1.191E-275	0	432	434	0	432	434	433M
11605	7780	-6.330E+02	1.00	1.191E-275	0	432	434	0	432	434	433M
11605	11605	-6.327E+02	1.00	1.632E-275	0	433	434	0	433	434	434M
11606	456	-5.694E+02	1.00	5.213E-248	0	378	380	0	378	380	379M
11606	7779	-5.694E+02	1.00	5.213E-248	0	378	380	0	378	380	379M
11606	11606	-5.691E+02	1.00	7.143E-248	0	379	380	0	379	380	380M
11607	457	-4.779E+02	0.997	2.941E-208	0	334	336	0	334	336	335M
11607	7778	-4.794E+02	1.00	6.085E-209	0	334	336	0	334	336	335M
11607	11607	-4.791E+02	1.00	8.339E-209	0	335	336	0	335	336	336M
11608	458	-3.018E+02	1.00	8.688E-132	0	210	212	0	210	212	211M
11608	7777	-3.018E+02	1.00	8.688E-132	0	210	212	0	210	212	211M
11608	11608	-3.015E+02	1.00	1.191E-131	0	211	212	0	211	212	212M
11609	459	-7.084E+02	0.992	0.000E+00	0	521	523	0	521	523	522M
11609	7776	-7.084E+02	1.00	0.000E+00	0	521	523	0	521	523	522M
11609	11609	-7.084E+02	1.00	0.000E+00	0	522	523	0	522	523	523M
11610	460	-7.036E+02	0.983	2.618E-306	0	472	474	0	472	474	473M
11610	7775	-7.128E+02	1.00	2.824E-310	0	472	474	0	472	474	473M
11610	11610	-7.124E+02	1.00	3.870E-310	0	473	474	0	473	474	474M
11611	461	-5.822E+02	0.987	1.371E-253	0	393	395	0	393	395	394M
11611	7774	-5.907E+02	1.00	2.771E-257	0	393	395	0	393	395	394M
11611	11611	-5.904E+02	1.00	3.797E-257	0	394	395	0	394	395	395M
11612	462	-7.084E+02	0.990	0.000E+00	0	514	516	0	514	516	515M
11612	7773	-7.084E+02	1.00	0.000E+00	0	514	516	0	514	516	515M
11612	11612	-7.084E+02	1.00	0.000E+00	0	515	516	0	515	516	516M
11613	463	-5.292E+02	1.00	1.503E-230	0	355	357	0	355	357	356M
11613	7772	-5.292E+02	1.00	1.503E-230	0	355	357	0	355	357	356M
11613	11613	-5.289E+02	1.00	2.060E-230	0	356	357	0	356	357	357M
11614	464	-5.275E+02	1.00	8.447E-230	0	365	367	0	365	367	366M
11614	7771	-5.275E+02	1.00	8.447E-230	0	365	367	0	365	367	366M
11614	11614	-5.271E+02	1.00	1.157E-229	0	366	367	0	366	367	367M
11615	465	-7.234E+02	1.00	6.991E-315	0	481	483	0	481	483	482M
11615	7770	-7.234E+02	1.00	6.991E-315	0	481	483	0	481	483	482M
11615	11615	-7.231E+02	1.00	9.580E-315	0	482	483	0	482	483	483M
11616	466	-2.041E+02	1.00	2.266E-89	0	134	136	0	134	136	135M
11616	7769	-2.041E+02	1.00	2.266E-89	0	134	136	0	134	136	135M
11616	11616	-2.038E+02	1.00	3.107E-89	0	135	136	0	135	136	136M
11617	467	-2.829E+02	0.990	1.435E-123	0	210	212	0	210	212	211M
11617	7768	-2.857E+02	1.00	8.399E-125	0	210	212	0	210	212	211M
11617	11617	-2.854E+02	1.00	1.151E-124	0	211	212	0	211	212	212M
11618	468	-1.007E+02	1.00	1.878E-44	0	71	73	0	71	73	72M
11618	7767	-1.007E+02	1.00	1.878E-44	0	71	73	0	71	73	72M
11618	11618	-1.004E+02	1.00	2.578E-44	0	72	73	0	72	73	73M
11619	469	-3.288E+02	1.00	1.538E-143	0	218	220	0	218	220	219M
11619	7766	-3.288E+02	1.00	1.538E-143	0	218	220	0	218	220	219M
11619	11619	-3.285E+02	1.00	2.108E-143	0	219	220	0	219	220	220M
11620	470	-6.861E+02	1.00	1.070E-298	0	429	431	0	429	431	430M
11620	7765	-6.861E+02	1.00	1.070E-298	0	429	431	0	429	431	430M
11620	11620	-6.858E+02	1.00	1.467E-298	0	430	431	0	430	431	431M
11621	471	-5.375E+02	0.991	3.834E-234	0	360	362	0	360	362	361M
11621	7764	-5.406E+02	1.00	1.641E-235	0	360	362	0	360	362	361M
11621	11621	-5.403E+02	1.00	2.249E-235	0	361	362	0	361	362	362M
11622	472	-2.181E+02	1.00	1.846E-95	0	151	153	0	151	153	152M
11622	7763	-2.181E+02	1.00	1.846E-95	0	151	153	0	151	153	152M
11622	11622	-2.178E+02	1.00	2.531E-95	0	152	153	0	152	153	153M
11623	473	-6.558E+02	0.997	1.534E-285	0	464	466	0	464	466	465M
11623	7762	-6.571E+02	1.00	4.352E-286	0	464	466	0	464	466	465M
11623	11623	-6.568E+02	1.00	5.963E-286	0	465	466	0	465	466	466M
11624	474	-1.544E+02	1.00	9.064E-68	0	111	113	0	111	113	112M
11624	7761	-1.544E+02	1.00	9.064E-68	0	111	113	0	111	113	112M
11624	11624	-1.541E+02	1.00	1.243E-67	0	112	113	0	112	113	113M
11625	475	-8.628E+01	1.00	3.367E-38	0	74	76	0	74	76	75M
11625	7760	-8.628E+01	1.00	3.367E-38	0	74	76	0	74	76	75M
11625	11625	-8.597E+01	1.00	4.621E-38	0	75	76	0	75	76	76M
11626	476	-4.329E+02	0.996	9.630E-189	0	284	286	0	284	286	285M
11626	7759	-4.354E+02	1.00	7.735E-190	0	284	286	0	284	286	285M
11626	11626	-4.351E+02	1.00	1.060E-189	0	285	286	0	285	286	286M
11627	477	-7.084E+02	0.865	0.000E+00	0	592	596	0	592	599	593M
11627	7758	-7.084E+02	1.00	0.000E+00	0	594	596	0	594	596	595M
11627	11627	-7.084E+02	1.00	0.000E+00	0	595	596	0	595	596	596M
11628	7757	-4.426E+02	1.00	6.232E-193	0	280	282	0	280	282	281M
11628	11628	-4.423E+02	1.00	8.542E-193	0	281	282	0	281	282	282M
11629	7756	-4.266E+02	1.00	5.193E-186	0	277	279	0	277	279	278M
11629	11629	-4.263E+02	1.00	7.118E-186	0	278	279	0	278	279	279M
11630	7755	-1.047E+02	1.00	3.390E-46	0	73	75	0	73	75	74M
11630	11630	-1.044E+02	1.00	4.652E-46	0	74	75	0	74	75	75M
11631	7754	-7.084E+02	1.00	0.000E+00	0	496	498	0	496	498	497M
11631	11631	-7.084E+02	1.00	0.000E+00	0	497	498	0	497	498	498M
11632	7753	-1.442E+02	1.00	2.342E-63	0	99	101	0	99	101	100M
11632	11632	-1.439E+02	1.00	3.213E-63	0	100	101	0	100	101	101M
11633	2039	-6.560E+01	0.297	3.250E-29	23	282	289	24	281	284	101M4I14M4D8M4D26M4I20M2I14M1I16M1D50M
11633	7752	-4.101E+02	1.00	7.958E-179	0	287	289	0	287	289	288M
11633	11633	-4.098E+02	1.00	1.091E-178	0	288	289	0	288	289	289M
11634	3741	-3.806E+01	0.968	2.968E-17	0	31	33	0	31	33	32M
11634	7883	-3.933E+01	1.00	8.312E-18	0	31	33	0	31	33	32M
11634	11634	-3.901E+01	1.00	1.143E-17	0	32	33	0	32	33	33M
11635	3740	-4.665E+02	1.00	2.568E-203	0	301	303	0	301	303	302M
11635	7882	-4.665E+02	1.00	2.568E-203	0	301	303	0	301	303	302M
11635	11635	-4.662E+02	1.00	3.519E-203	0	302	303	0	302	303	303M
11636	3739	-7.084E+02	0.992	0.000E+00	0	536	538	0	536	538	537M
11636	7881	-7.084E+02	1.00	0.000E+00	0	536	538	0	536	538	537M
11636	11636	-7.084E+02	1.00	0.000E+00	0	537	538	0	537	538	538M
11637	3738	-2.593E+02	0.989	2.427E-113	0	181	183	0	181	183	182M
11637	7880	-2.618E+02	1.00	1.945E-114	0	181	183	0	181	183	182M
11637	11637	-2.615E+02	1.00	2.666E-114	0	182	183	0	182	183	183M
11638	3737	-2.409E+02	0.982	2.288E-105	0	169	171	0	169	171	170M
11638	7879	-2.428E+02	1.00	3.444E-106	0	169	171	0	169	171	170M
11638	11638	-2.425E+02	1.00	4.722E-106	0	170	171	0	170	171	171M
11639	3736	-6.552E+02	0.995	2.937E-285	0	444	446	0	444	446	445M
11639	7878	-6.580E+02	1.00	1.725E-286	0	444	446	0	444	446	445M
11639	11639	-6.577E+02	1.00	2.363E-286	0	445	446	0	445	446	446M
11640	3917	-6.185E+02	1.00	2.469E-269	0	424	442	0	424	432	425M
11640	7877	-6.440E+02	1.00	2.052E-280	0	440	442	0	440	442	441M
11640	11640	-6.437E+02	1.00	2.812E-280	0	441	442	0	441	442	442M
11641	3915	-5.052E+02	1.00	3.775E-220	0	328	330	0	328	330	329M
11641	7876	-5.052E+02	1.00	3.775E-220	0	328	330	0	328	330	329M
11641	11641	-5.049E+02	1.00	5.173E-220	0	329	330	0	329	330	330M
11642	2175	-7.084E+02	1.00	0.000E+00	0	533	535	0	533	535	534M
11642	7875	-7.084E+02	1.00	0.000E+00	0	533	535	0	533	535	534M
11642	11642	-7.084E+02	1.00	0.000E+00	0	534	535	0	534	535	535M
11643	2174	-2.304E+02	1.00	8.483E-101	0	158	160	0	158	160	159M
11643	7874	-2.304E+02	1.00	8.483E-101	0	158	160	0	158	160	159M
11643	11643	-2.301E+02	1.00	1.163E-100	0	159	160	0	159	160	160M
11644	2173	-1.448E+02	1.00	1.278E-63	0	106	108	0	106	108	107M
11644	7873	-1.448E+02	1.00	1.278E-63	0	106	108	0	106	108	107M
11644	11644	-1.445E+02	1.00	1.753E-63	0	107	108	0	107	108	108M
11645	2172	-4.676E+02	0.989	8.136E-204	0	290	292	0	290	292	291M
11645	7872	-4.727E+02	1.00	5.247E-206	0	290	292	0	290	292	291M
11645	11645	-4.724E+02	1.00	7.192E-206	0	291	292	0	291	292	292M
11646	2171	-1.379E+02	1.00	1.305E-60	0	99	101	0	99	101	100M
11646	7871	-1.379E+02	1.00	1.305E-60	0	99	101	0	99	101	100M
11646	11646	-1.376E+02	1.00	1.790E-60	0	100	101	0	100	101	101M
11647	2170	-1.422E+02	0.980	1.722E-62	0	101	103	0	101	103	102M
11647	7870	-1.447E+02	1.00	1.373E-63	0	101	103	0	101	103	102M
11647	11647	-1.444E+02	1.00	1.884E-63	0	102	103	0	102	103	103M
11648	2169	-7.084E+02	0.996	0.000E+00	0	565	567	0	565	567	566M
11648	7869	-7.084E+02	1.00	0.000E+00	0	565	567	0	565	567	566M
11648	11648	-7.084E+02	1.00	0.000E+00	0	566	567	0	566	567	567M
11649	2168	-2.370E+02	0.993	1.177E-103	0	159	161	0	159	161	160M
11649	7868	-2.383E+02	1.00	3.331E-104	0	159	161	0	159	161	160M
11649	11649	-2.379E+02	1.00	4.567E-104	0	160	161	0	160	161	161M
11650	2167	-3.224E+02	0.990	9.274E-141	0	220	222	0	220	222	221M
11650	7867	-3.250E+02	1.00	7.441E-142	0	220	222	0	220	222	221M
11650	11650	-3.246E+02	1.00	1.020E-141	0	221	222	0	221	222	222M
11651	2166	-3.037E+02	1.00	1.289E-132	0	203	205	0	203	205	204M
11651	7866	-3.037E+02	1.00	1.289E-132	0	203	205	0	203	205	204M
11651	11651	-3.034E+02	1.00	1.767E-132	0	204	205	0	204	205	205M
11652	2165	-2.631E+02	0.968	5.597E-115	0	188	190	0	188	190	189M
11652	7865	-2.700E+02	1.00	5.417E-118	0	188	190	0	188	190	189M
11652	11652	-2.697E+02	1.00	7.427E-118	0	189	190	0	189	190	190M
11653	2164	-2.779E+02	0.989	2.096E-121	0	182	184	0	182	184	183M
11653	7864	-2.813E+02	1.00	6.519E-123	0	182	184	0	182	184	183M
11653	11653	-2.810E+02	1.00	8.938E-123	0	183	184	0	183	184	184M
11654	2163	-7.084E+02	1.00	0.000E+00	0	671	673	0	671	673	672M
11654	7863	-7.084E+02	1.00	0.000E+00	0	671	673	0	671	673	672M
11654	11654	-7.084E+02	1.00	0.000E+00	0	672	673	0	672	673	673M
11655	2162	-2.617E+02	0.994	2.269E-114	0	171	173	0	171	173	172M
11655	7862	-2.620E+02	1.00	1.655E-114	0	171	173	0	171	173	172M
11655	11655	-2.617E+02	1.00	2.269E-114	0	172	173	0	172	173	173M
11656	2161	-6.833E+02	1.00	1.847E-297	0	436	438	0	436	438	437M
11656	7861	-6.833E+02	1.00	1.847E-297	0	436	438	0	436	438	437M
11656	11656	-6.829E+02	1.00	2.531E-297	0	437	438	0	437	438	438M
11657	2160	-3.255E+02	1.00	4.492E-142	0	216	218	0	216	218	217M
11657	7860	-3.255E+02	1.00	4.492E-142	0	216	218	0	216	218	217M
11657	11657	-3.251E+02	1.00	6.158E-142	0	217	218	0	217	218	218M
11658	2159	-3.491E+02	0.995	2.365E-152	0	229	231	0	229	231	230M
11658	7859	-3.501E+02	1.00	9.183E-153	0	229	231	0	229	231	230M
11658	11658	-3.498E+02	1.00	1.259E-152	0	230	231	0	230	231	231M
11659	2158	-3.876E+02	0.992	4.565E-169	0	262	264	0	262	264	263M
11659	7858	-3.901E+02	1.00	3.665E-170	0	262	264	0	262	264	263M
11659	11659	-3.898E+02	1.00	5.024E-170	0	263	264	0	263	264	264M
11660	2157	-7.215E+02	0.997	4.323E-314	0	466	468	0	466	468	467M
11660	7857	-7.228E+02	1.00	1.226E-314	0	466	468	0	466	468	467M
11660	11660	-7.225E+02	1.00	1.680E-314	0	467	468	0	467	468	468M
11661	2156	-5.034E+02	0.990	2.429E-219	37	368	370	0	331	333	332M
11661	7856	-5.601E+02	1.00	5.705E-244	0	368	370	0	368	370	369M
11661	11661	-5.598E+02	1.00	7.818E-244	0	369	370	0	369	370	370M
11662	3479	-4.033E+02	1.00	7.046E-176	0	257	259	0	257	259	258M
11662	7855	-4.033E+02	1.00	7.046E-176	0	257	259	0	257	259	258M
11662	11662	-4.030E+02	1.00	9.658E-176	0	258	259	0	258	259	259M
11663	3478	-2.412E+02	1.00	1.854E-105	0	158	160	0	158	160	159M
11663	7854	-2.412E+02	1.00	1.854E-105	0	158	160	0	158	160	159M
11663	11663	-2.408E+02	1.00	2.542E-105	0	159	160	0	159	160	160M
11664	3477	-7.084E+02	1.00	0.000E+00	0	808	810	0	808	810	809M
11664	7853	-7.084E+02	1.00	0.000E+00	0	808	810	0	808	810	809M
11664	11664	-7.084E+02	1.00	0.000E+00	0	809	810	0	809	810	810M
11665	7852	-7.084E+02	1.00	0.000E+00	0	2264	2266	0	2264	2266	2265M
11665	11665	-7.084E+02	1.00	0.000E+00	0	2265	2266	0	2265	2266	2266M
11666	3591	-3.796E+02	0.976	1.373E-165	0	258	260	0	258	260	259M
11666	7851	-3.878E+02	1.00	3.782E-169	0	258	260	0	258	260	259M
11666	11666	-3.875E+02	1.00	5.183E-169	0	259	260	0	259	260	260M
11667	4183	-2.975E+02	0.979	6.032E-130	0	193	195	0	193	195	194M
11667	7850	-3.035E+02	1.00	1.504E-132	0	193	195	0	193	195	194M
11667	11667	-3.032E+02	1.00	2.063E-132	0	194	195	0	194	195	195M
11668	4181	-1.572E+02	0.973	5.538E-69	0	112	114	0	112	114	113M
11668	7849	-1.610E+02	1.00	1.249E-70	0	112	114	0	112	114	113M
11668	11668	-1.606E+02	1.00	1.713E-70	0	113	114	0	113	114	114M
11669	7848	-3.778E+01	1.00	3.905E-17	0	36	38	0	36	38	37M
11669	11669	-3.746E+01	1.00	5.369E-17	0	37	38	0	37	38	38M
11670	1117	-5.858E+01	0.456	3.629E-26	0	102	106	0	102	110	103M
11670	7847	-1.500E+02	1.00	7.377E-66	0	104	106	0	104	106	105M
11670	11670	-1.497E+02	1.00	1.012E-65	0	105	106	0	105	106	106M
11671	7846	-1.256E+02	1.00	2.936E-55	0	86	88	0	86	88	87M
11671	11671	-1.252E+02	1.00	4.029E-55	0	87	88	0	87	88	88M
11672	7845	-3.821E+02	1.00	1.156E-166	0	239	241	0	239	241	240M
11672	11672	-3.818E+02	1.00	1.585E-166	0	240	241	0	240	241	241M
11673	7844	-2.095E+02	1.00	1.057E-91	0	134	136	0	134	136	135M
11673	11673	-2.092E+02	1.00	1.449E-91	0	135	136	0	135	136	136M
11674	4231	-1.185E+02	1.00	3.477E-52	0	82	84	0	82	84	83M
11674	7843	-1.185E+02	1.00	3.477E-52	0	82	84	0	82	84	83M
11674	11674	-1.182E+02	1.00	4.771E-52	0	83	84	0	83	84	84M
11675	4230	-1.581E+02	0.527	2.164E-69	40	309	311	40	319	321	4M2D25M1D6M4D10M3I2M3I38M2D37M3D12M4D130M
11675	7842	-4.648E+02	1.00	1.319E-202	0	309	311	0	309	311	310M
11675	11675	-4.645E+02	1.00	1.808E-202	0	310	311	0	310	311	311M
11676	4407	-4.730E+02	1.00	3.960E-206	0	310	374	0	310	311	311M
11676	7841	-5.697E+02	1.00	3.938E-248	0	372	374	0	372	374	373M
11676	11676	-5.694E+02	1.00	5.397E-248	0	373	374	0	373	374	374M
11677	3595	-1.505E+02	0.943	4.323E-66	0	106	108	0	106	108	107M
11677	7840	-1.603E+02	1.00	2.405E-70	0	106	108	0	106	108	107M
11677	11677	-1.600E+02	1.00	3.298E-70	0	107	108	0	107	108	108M
11678	4387	-1.359E+02	0.958	9.803E-60	0	95	97	0	95	97	96M
11678	7839	-1.409E+02	1.00	6.230E-62	0	95	97	0	95	97	96M
11678	11678	-1.406E+02	1.00	8.546E-62	0	96	97	0	96	97	97M
11679	3596	-1.982E+02	0.958	8.644E-87	0	145	148	0	145	147	146M
11679	7838	-2.080E+02	1.00	4.858E-91	0	146	148	0	146	148	147M
11679	11679	-2.076E+02	1.00	6.662E-91	0	147	148	0	147	148	148M
11680	7837	-1.085E+02	1.00	7.475E-48	0	79	81	0	79	81	80M
11680	11680	-1.082E+02	1.00	1.026E-47	0	80	81	0	80	81	81M
11681	7836	-8.193E+01	1.00	2.612E-36	0	66	68	0	66	68	67M
11681	11681	-8.162E+01	1.00	3.586E-36	0	67	68	0	67	68	68M
11682	7835	-2.143E+02	1.00	8.844E-94	0	166	168	0	166	168	167M
11682	11682	-2.139E+02	1.00	1.213E-93	0	167	168	0	167	168	168M
11683	7834	-4.914E+02	1.00	3.836E-214	0	334	336	0	334	336	335M
11683	11683	-4.911E+02	1.00	5.258E-214	0	335	336	0	335	336	336M
11684	2470	-8.078E+01	0.984	8.259E-36	0	63	72	0	63	72	64M
11684	7833	-9.313E+01	1.00	3.565E-41	0	70	72	0	70	72	71M
11684	11684	-9.282E+01	1.00	4.894E-41	0	71	72	0	71	72	72M
11685	2469	-2.710E+02	0.742	2.085E-118	5	249	251	9	253	255	245M
11685	7832	-3.844E+02	1.00	1.087E-167	0	249	251	0	249	251	250M
11685	11685	-3.841E+02	1.00	1.490E-167	0	250	251	0	250	251	251M
11686	7831	-1.430E+02	1.00	8.108E-63	0	105	107	0	105	107	106M
11686	11686	-1.427E+02	1.00	1.112E-62	0	106	107	0	106	107	107M
11687	2466	-1.080E+02	0.954	1.225E-47	3	89	91	37	123	125	87M
11687	7830	-1.188E+02	1.00	2.611E-52	0	89	91	0	89	91	90M
11687	11687	-1.185E+02	1.00	3.583E-52	0	90	91	0	90	91	91M
11688	2465	-5.051E+01	0.614	1.156E-22	1	70	75	26	95	99	70M
11688	7829	-1.022E+02	1.00	4.266E-45	0	73	75	0	73	75	74M
11688	11688	-1.018E+02	1.00	5.854E-45	0	74	75	0	74	75	75M
11689	2463	-4.190E+02	0.959	1.078E-182	0	292	294	0	292	294	293M
11689	7828	-4.404E+02	1.00	5.304E-192	0	292	294	0	292	294	293M
11689	11689	-4.401E+02	1.00	7.269E-192	0	293	294	0	293	294	294M
11690	2462	-3.872E+02	0.969	7.203E-169	0	264	267	0	264	267	265M
11690	7827	-3.995E+02	1.00	3.296E-174	0	265	267	0	265	267	266M
11690	11690	-3.991E+02	1.00	4.518E-174	0	266	267	0	266	267	267M
11691	2461	-1.629E+02	1.00	1.787E-71	0	111	113	0	111	113	112M
11691	7826	-1.629E+02	1.00	1.787E-71	0	111	113	0	111	113	112M
11691	11691	-1.626E+02	1.00	2.451E-71	0	112	113	0	112	113	113M
11692	2460	-1.314E+02	0.664	8.618E-58	0	129	131	0	132	134	91M7D26M4I9M
11692	7825	-2.059E+02	1.00	3.666E-90	0	129	131	0	129	131	130M
11692	11692	-2.056E+02	1.00	5.028E-90	0	130	131	0	130	131	131M
11693	3609	-1.802E+02	0.953	5.449E-79	0	129	134	0	129	134	130M
11693	7824	-1.913E+02	1.00	8.632E-84	0	132	134	0	132	134	133M
11693	11693	-1.909E+02	1.00	1.184E-83	0	133	134	0	133	134	134M
11694	2458	-2.406E+02	1.00	3.322E-105	0	157	159	0	157	159	158M
11694	7823	-2.406E+02	1.00	3.322E-105	0	157	159	0	157	159	158M
11694	11694	-2.403E+02	1.00	4.555E-105	0	158	159	0	158	159	159M
11695	2457	-9.249E+01	1.00	6.796E-41	0	70	85	0	70	73	71M
11695	7822	-1.115E+02	1.00	3.851E-49	0	83	85	0	83	85	84M
11695	11695	-1.112E+02	1.00	5.285E-49	0	84	85	0	84	85	85M
11696	4111	-9.245E+01	0.875	7.062E-41	0	71	73	0	71	73	72M
11696	7821	-1.038E+02	1.00	7.924E-46	0	71	73	0	71	73	72M
11696	11696	-1.035E+02	1.00	1.088E-45	0	72	73	0	72	73	73M
11697	7820	-2.864E+02	1.00	4.186E-125	0	182	184	0	182	184	183M
11697	11697	-2.861E+02	1.00	5.739E-125	0	183	184	0	183	184	184M
11698	3881	-8.333E+01	0.805	6.430E-37	0	76	78	1	77	79	77M
11698	7819	-1.077E+02	1.00	1.663E-47	0	76	78	0	76	78	77M
11698	11698	-1.074E+02	1.00	2.282E-47	0	77	78	0	77	78	78M
11699	3611	-7.751E+00	0.515	4.305E-04	0	30	32	0	32	73	18M2D13M
11699	7821	-9.682E+00	0.545	6.239E-05	0	30	32	0	32	73	18M2D13M
11699	11699	-3.716E+01	1.00	7.293E-17	0	31	32	0	31	32	32M
11700	4280	-1.587E+02	0.982	1.198E-69	0	113	115	0	113	115	114M
11700	7818	-1.615E+02	1.00	6.971E-71	0	113	115	0	113	115	114M
11700	11700	-1.612E+02	1.00	9.561E-71	0	114	115	0	114	115	115M
11701	4282	-9.817E+01	0.961	2.325E-43	0	77	79	0	77	79	78M
11701	7817	-1.032E+02	1.00	1.469E-45	0	77	79	0	77	79	78M
11701	11701	-1.029E+02	1.00	2.016E-45	0	78	79	0	78	79	79M
11702	1242	-3.418E+01	0.969	1.430E-15	0	32	34	111	143	145	33M
11702	6727	-3.514E+01	1.00	5.502E-16	0	32	34	0	32	34	33M
11702	10718	-3.514E+01	1.00	5.502E-16	0	32	34	0	32	34	33M
11703	2138	-6.067E+02	1.00	3.389E-264	0	403	405	0	403	405	404M
11703	7884	-6.067E+02	1.00	3.389E-264	0	403	405	0	403	405	404M
11703	11703	-6.063E+02	1.00	4.644E-264	0	404	405	0	404	405	405M
11704	2137	-5.926E+02	0.997	4.427E-258	0	374	376	0	374	376	375M
11704	7885	-5.938E+02	1.00	1.255E-258	0	374	376	0	374	376	375M
11704	11704	-5.935E+02	1.00	1.720E-258	0	375	376	0	375	376	376M
11705	2136	-4.278E+02	0.960	1.695E-186	0	280	282	0	280	282	281M
11705	7886	-4.454E+02	1.00	3.651E-194	0	280	282	0	280	282	281M
11705	11705	-4.451E+02	1.00	5.004E-194	0	281	282	0	281	282	282M
11706	2135	-1.598E+02	1.00	4.011E-70	0	110	112	0	110	112	111M
11706	7887	-1.598E+02	1.00	4.011E-70	0	110	112	0	110	112	111M
11706	11706	-1.595E+02	1.00	5.501E-70	0	111	112	0	111	112	112M
11707	2134	-5.050E+02	0.997	4.772E-220	0	333	335	0	333	335	334M
11707	7888	-5.075E+02	1.00	3.835E-221	0	333	335	0	333	335	334M
11707	11707	-5.072E+02	1.00	5.256E-221	0	334	335	0	334	335	335M
11708	2133	-4.700E+02	1.00	7.755E-205	27	334	336	2	309	311	308M
11708	7889	-5.053E+02	1.00	3.649E-220	0	334	336	0	334	336	335M
11708	11708	-5.050E+02	1.00	5.001E-220	0	335	336	0	335	336	336M
11709	2131	-5.037E+02	0.994	1.683E-219	0	333	335	0	333	335	334M
11709	7890	-5.066E+02	1.00	9.871E-221	0	333	335	0	333	335	334M
11709	11709	-5.063E+02	1.00	1.353E-220	0	334	335	0	334	335	335M
11710	2130	-7.084E+02	0.998	0.000E+00	0	642	644	0	642	644	643M
11710	7891	-7.084E+02	1.00	0.000E+00	0	642	644	0	642	644	643M
11710	11710	-7.084E+02	1.00	0.000E+00	0	643	644	0	643	644	644M
11711	2129	-2.708E+02	0.994	2.384E-118	0	184	186	0	184	186	185M
11711	7892	-2.712E+02	1.00	1.739E-118	0	184	186	0	184	186	185M
11711	11711	-2.708E+02	1.00	2.384E-118	0	185	186	0	185	186	186M
11712	2128	-1.680E+02	0.992	1.055E-73	0	129	131	0	129	131	130M
11712	7893	-1.696E+02	1.00	2.174E-74	0	129	131	0	129	131	130M
11712	11712	-1.693E+02	1.00	2.981E-74	0	130	131	0	130	131	131M
11713	2127	-7.084E+02	1.00	0.000E+00	0	821	823	0	821	823	822M
11713	7894	-7.084E+02	1.00	0.000E+00	0	821	823	0	821	823	822M
11713	11713	-7.084E+02	1.00	0.000E+00	0	822	823	0	822	823	823M
11714	2126	-5.451E+02	0.997	1.901E-237	0	359	361	0	359	361	360M
11714	7895	-5.463E+02	1.00	5.390E-238	0	359	361	0	359	361	360M
11714	11714	-5.460E+02	1.00	7.387E-238	0	360	361	0	360	361	361M
11715	2125	-5.589E+02	1.00	1.964E-243	0	381	383	0	381	383	382M
11715	7896	-5.589E+02	1.00	1.964E-243	0	381	383	0	381	383	382M
11715	11715	-5.585E+02	1.00	2.692E-243	0	382	383	0	382	383	383M
11716	2124	-6.971E+02	0.997	1.846E-303	0	464	466	0	464	466	465M
11716	7897	-6.996E+02	1.00	1.485E-304	0	464	466	0	464	466	465M
11716	11716	-6.993E+02	1.00	2.035E-304	0	465	466	0	465	466	466M
11717	1259	-4.949E+01	1.00	3.213E-22	0	43	45	0	43	45	44M
11717	7898	-4.949E+01	1.00	3.213E-22	0	43	45	0	43	45	44M
11717	11717	-4.917E+01	1.00	4.415E-22	0	44	45	0	44	45	45M
11718	1260	-1.829E+02	0.992	3.770E-80	0	129	131	0	129	131	130M
11718	7899	-1.851E+02	1.00	4.133E-81	0	129	131	0	129	131	130M
11718	11718	-1.848E+02	1.00	5.668E-81	0	130	131	0	130	131	131M
11719	1261	-1.654E+02	1.00	1.459E-72	0	105	107	0	105	107	106M
11719	7900	-1.654E+02	1.00	1.459E-72	0	105	107	0	105	107	106M
11719	11719	-1.651E+02	1.00	2.001E-72	0	106	107	0	106	107	107M
11720	1262	-7.084E+02	0.998	0.000E+00	0	585	587	0	585	587	586M
11720	7901	-7.084E+02	1.00	0.000E+00	0	585	587	0	585	587	586M
11720	11720	-7.084E+02	1.00	0.000E+00	0	586	587	0	586	587	587M
11721	1263	-6.703E+02	0.995	7.684E-292	0	450	452	0	450	452	451M
11721	7902	-6.722E+02	1.00	1.161E-292	0	450	452	0	450	452	451M
11721	11721	-6.719E+02	1.00	1.591E-292	0	451	452	0	451	452	452M
11722	7903	-1.196E+02	1.00	1.196E-52	0	86	88	0	86	88	87M
11722	11722	-1.192E+02	1.00	1.641E-52	0	87	88	0	87	88	88M
11723	2970	-4.713E+02	0.984	2.176E-205	0	327	329	0	323	325	164M4I160M
11723	7904	-4.804E+02	1.00	2.338E-209	0	327	329	0	327	329	328M
11723	11723	-4.801E+02	1.00	3.204E-209	0	328	329	0	328	329	329M
11724	2971	-3.509E+02	0.991	3.920E-153	0	231	233	0	231	233	232M
11724	7905	-3.538E+02	1.00	2.295E-154	0	231	233	0	231	233	232M
11724	11724	-3.535E+02	1.00	3.145E-154	0	232	233	0	232	233	233M
11725	2972	-1.096E+02	1.00	2.447E-48	0	82	84	0	82	84	83M
11725	7906	-1.096E+02	1.00	2.447E-48	0	82	84	0	82	84	83M
11725	11725	-1.093E+02	1.00	3.357E-48	0	83	84	0	83	84	84M
11726	2973	-2.543E+02	1.00	3.715E-111	0	174	176	0	174	176	175M
11726	7907	-2.543E+02	1.00	3.715E-111	0	174	176	0	174	176	175M
11726	11726	-2.540E+02	1.00	5.094E-111	0	175	176	0	175	176	176M
11727	2974	-6.383E+01	1.00	1.897E-28	0	48	50	0	48	50	49M
11727	7908	-6.383E+01	1.00	1.897E-28	0	48	50	0	48	50	49M
11727	11727	-6.351E+01	1.00	2.606E-28	0	49	50	0	49	50	50M
11728	2975	-6.900E+02	0.988	2.175E-300	0	440	442	0	440	442	441M
11728	7909	-6.982E+02	1.00	6.027E-304	0	440	442	0	440	442	441M
11728	11728	-6.979E+02	1.00	8.259E-304	0	441	442	0	441	442	442M
11729	2976	-5.486E+02	0.974	5.337E-239	0	350	352	0	350	352	351M
11729	7910	-5.628E+02	1.00	3.702E-245	0	350	352	0	350	352	351M
11729	11729	-5.625E+02	1.00	5.073E-245	0	351	352	0	351	352	352M
11730	3437	-6.299E+02	0.979	2.806E-274	0	385	387	0	385	387	386M
11730	7911	-6.466E+02	1.00	1.565E-281	0	385	387	0	385	387	386M
11730	11730	-6.463E+02	1.00	2.145E-281	0	386	387	0	386	387	387M
11731	3436	-1.713E+02	0.975	3.983E-75	0	120	122	0	120	122	121M
11731	7912	-1.735E+02	1.00	4.364E-76	0	120	122	0	120	122	121M
11731	11731	-1.732E+02	1.00	5.985E-76	0	121	122	0	121	122	122M
11732	3435	-4.582E+02	1.00	1.047E-199	0	317	319	0	317	319	318M
11732	7913	-4.582E+02	1.00	1.047E-199	0	317	319	0	317	319	318M
11732	11732	-4.579E+02	1.00	1.435E-199	0	318	319	0	318	319	319M
11733	3434	-2.888E+02	0.994	3.648E-126	0	197	199	0	197	199	198M
11733	7914	-2.910E+02	1.00	4.010E-127	0	197	199	0	197	199	198M
11733	11733	-2.907E+02	1.00	5.497E-127	0	198	199	0	198	199	199M
11734	3433	-6.020E+02	0.984	3.556E-262	22	415	417	0	393	395	394M
11734	7915	-6.455E+02	1.00	4.676E-281	0	415	417	0	415	417	416M
11734	11734	-6.452E+02	1.00	6.407E-281	0	416	417	0	416	417	417M
11735	3432	-7.025E+02	0.989	8.234E-306	0	456	458	0	456	458	457M
11735	7916	-7.082E+02	1.00	2.838E-308	0	456	458	0	456	458	457M
11735	11735	-7.078E+02	1.00	3.888E-308	0	457	458	0	457	458	458M
11736	3431	-1.776E+02	1.00	7.184E-78	0	120	122	0	120	122	121M
11736	7917	-1.776E+02	1.00	7.184E-78	0	120	122	0	120	122	121M
11736	11736	-1.773E+02	1.00	9.853E-78	0	121	122	0	121	122	122M
11737	3430	-2.400E+02	1.00	5.896E-105	0	169	171	0	169	171	170M
11737	7918	-2.400E+02	1.00	5.896E-105	0	169	171	0	169	171	170M
11737	11737	-2.397E+02	1.00	8.083E-105	0	170	171	0	170	171	171M
11738	3429	-5.460E+02	0.994	7.214E-238	0	357	374	0	357	358	358M
11738	7919	-5.709E+02	1.00	1.117E-248	0	372	374	0	372	374	373M
11738	11738	-5.706E+02	1.00	1.530E-248	0	373	374	0	373	374	374M
11739	3784	-6.615E+02	0.997	5.036E-288	0	429	431	0	429	431	430M
11739	7920	-6.640E+02	1.00	4.050E-289	0	429	431	0	429	431	430M
11739	11739	-6.637E+02	1.00	5.550E-289	0	430	431	0	430	431	431M
11740	3783	-1.705E+02	1.00	8.661E-75	0	123	125	0	123	125	124M
11740	7921	-1.705E+02	1.00	8.661E-75	0	123	125	0	123	125	124M
11740	11740	-1.702E+02	1.00	1.188E-74	0	124	125	0	124	125	125M
11741	3782	-4.778E+02	0.988	3.081E-208	0	335	337	0	335	337	336M
11741	7922	-4.832E+02	1.00	1.453E-210	0	335	337	0	335	337	336M
11741	11741	-4.829E+02	1.00	1.991E-210	0	336	337	0	336	337	337M
11742	4325	-3.806E+02	0.963	4.971E-166	31	304	306	3	276	278	274M
11742	7923	-4.446E+02	1.00	8.232E-194	0	304	306	0	304	306	305M
11742	11742	-4.443E+02	1.00	1.128E-193	0	305	306	0	305	306	306M
11743	2346	-7.084E+02	0.998	0.000E+00	0	645	647	0	645	647	646M
11743	7924	-7.084E+02	1.00	0.000E+00	0	645	647	0	645	647	646M
11743	11743	-7.084E+02	1.00	0.000E+00	0	646	647	0	646	647	647M
11744	2347	-2.428E+02	1.00	3.556E-106	0	183	185	0	183	185	184M
11744	7925	-2.428E+02	1.00	3.556E-106	0	183	185	0	183	185	184M
11744	11744	-2.425E+02	1.00	4.875E-106	0	184	185	0	184	185	185M
11745	2348	-4.566E+02	0.996	4.874E-199	0	296	298	0	296	298	297M
11745	7926	-4.579E+02	1.00	1.381E-199	0	296	298	0	296	298	297M
11745	11745	-4.576E+02	1.00	1.893E-199	0	297	298	0	297	298	298M
11746	2349	-4.180E+02	0.989	3.011E-182	0	287	289	0	287	289	288M
11746	7927	-4.221E+02	1.00	5.003E-184	0	287	289	0	287	289	288M
11746	11746	-4.218E+02	1.00	6.856E-184	0	288	289	0	288	289	289M
11747	2350	-8.307E+01	1.00	8.400E-37	0	75	77	0	75	77	76M
11747	7928	-8.307E+01	1.00	8.400E-37	0	75	77	0	75	77	76M
11747	11747	-8.275E+01	1.00	1.153E-36	0	76	77	0	76	77	77M
11748	2351	-1.413E+02	0.990	4.340E-62	0	107	109	0	107	109	108M
11748	7929	-1.429E+02	1.00	8.936E-63	0	107	109	0	107	109	108M
11748	11748	-1.426E+02	1.00	1.226E-62	0	108	109	0	108	109	109M
11749	2352	-5.547E+02	0.991	1.236E-241	0	355	357	0	355	357	356M
11749	7930	-5.582E+02	1.00	3.860E-243	0	355	357	0	355	357	356M
11749	11749	-5.579E+02	1.00	5.290E-243	0	356	357	0	356	357	357M
11750	2353	-2.674E+02	1.00	7.664E-117	0	179	186	0	179	188	180M
11750	7931	-2.743E+02	1.00	7.415E-120	0	184	186	0	184	186	185M
11750	11750	-2.740E+02	1.00	1.017E-119	0	185	186	0	185	186	186M
11751	360	-3.355E+02	0.974	1.922E-146	0	232	259	0	232	337	233M
11751	7932	-3.847E+02	1.00	8.442E-168	0	257	259	0	257	259	258M
11751	11751	-3.844E+02	1.00	1.157E-167	0	258	259	0	258	259	259M
11752	359	-1.875E+02	1.00	3.556E-82	0	124	126	0	124	126	125M
11752	7933	-1.875E+02	1.00	3.556E-82	0	124	126	0	124	126	125M
11752	11752	-1.872E+02	1.00	4.877E-82	0	125	126	0	125	126	126M
11753	358	-2.161E+02	1.00	1.457E-94	0	148	150	0	148	150	149M
11753	7934	-2.161E+02	1.00	1.457E-94	0	148	150	0	148	150	149M
11753	11753	-2.158E+02	1.00	1.998E-94	0	149	150	0	149	150	150M
11754	357	-7.084E+02	0.998	0.000E+00	0	877	879	0	877	879	878M
11754	7935	-7.084E+02	1.00	0.000E+00	0	877	879	0	877	879	878M
11754	11754	-7.084E+02	1.00	0.000E+00	0	878	879	0	878	879	879M
11755	356	-3.897E+02	0.988	5.618E-170	0	251	253	0	251	253	252M
11755	7936	-3.944E+02	1.00	4.961E-172	0	251	253	0	251	253	252M
11755	11755	-3.941E+02	1.00	6.800E-172	0	252	253	0	252	253	253M
11756	355	-2.646E+02	1.00	1.212E-115	0	189	191	0	189	191	190M
11756	7937	-2.646E+02	1.00	1.212E-115	0	189	191	0	189	191	190M
11756	11756	-2.643E+02	1.00	1.661E-115	0	190	191	0	190	191	191M
11757	354	-7.084E+02	0.995	0.000E+00	0	658	660	0	658	660	659M
11757	7938	-7.084E+02	1.00	0.000E+00	0	658	660	0	658	660	659M
11757	11757	-7.084E+02	1.00	0.000E+00	0	659	660	0	659	660	660M
11758	353	-1.063E+02	1.00	6.517E-47	0	78	80	0	78	80	79M
11758	7939	-1.063E+02	1.00	6.517E-47	0	78	80	0	78	80	79M
11758	11758	-1.060E+02	1.00	8.943E-47	0	79	80	0	79	80	80M
11759	352	-6.955E+01	0.963	6.249E-31	0	54	56	0	54	56	55M
11759	7940	-7.208E+01	1.00	4.944E-32	0	54	56	0	54	56	55M
11759	11759	-7.177E+01	1.00	6.788E-32	0	55	56	0	55	56	56M
11760	351	-2.468E+02	1.00	6.766E-108	0	166	168	0	166	168	167M
11760	7941	-2.468E+02	1.00	6.766E-108	0	166	168	0	166	168	167M
11760	11760	-2.465E+02	1.00	9.277E-108	0	167	168	0	167	168	168M
11761	350	-1.199E+02	0.989	8.130E-53	0	91	93	0	91	93	92M
11761	7942	-1.212E+02	1.00	2.294E-53	0	91	93	0	91	93	92M
11761	11761	-1.209E+02	1.00	3.148E-53	0	92	93	0	92	93	93M
11762	349	-7.084E+02	0.996	0.000E+00	0	568	570	0	568	570	569M
11762	7943	-7.084E+02	1.00	0.000E+00	0	568	570	0	568	570	569M
11762	11762	-7.084E+02	1.00	0.000E+00	0	569	570	0	569	570	570M
11763	348	-6.373E+01	1.00	2.106E-28	0	50	52	0	50	52	51M
11763	7944	-6.373E+01	1.00	2.106E-28	0	50	52	0	50	52	51M
11763	11763	-6.341E+01	1.00	2.892E-28	0	51	52	0	51	52	52M
11764	347	-1.061E+02	1.00	8.508E-47	0	77	79	0	77	79	78M
11764	7945	-1.061E+02	1.00	8.508E-47	0	77	79	0	77	79	78M
11764	11764	-1.058E+02	1.00	1.168E-46	0	78	79	0	78	79	79M
11765	346	-7.084E+02	0.997	0.000E+00	0	481	483	0	481	483	482M
11765	7946	-7.084E+02	1.00	0.000E+00	0	481	483	0	481	483	482M
11765	11765	-7.084E+02	1.00	0.000E+00	0	482	483	0	482	483	483M
11766	345	-3.501E+02	1.00	9.183E-153	0	229	231	0	229	231	230M
11766	7947	-3.501E+02	1.00	9.183E-153	0	229	231	0	229	231	230M
11766	11766	-3.498E+02	1.00	1.259E-152	0	230	231	0	230	231	231M
11767	344	-4.385E+02	1.00	3.634E-191	0	286	288	0	286	288	287M
11767	7948	-4.385E+02	1.00	3.634E-191	0	286	288	0	286	288	287M
11767	11767	-4.382E+02	1.00	4.980E-191	0	287	288	0	287	288	288M
11768	343	-3.437E+02	1.00	5.245E-150	0	250	252	0	250	252	251M
11768	7949	-3.437E+02	1.00	5.245E-150	0	250	252	0	250	252	251M
11768	11768	-3.434E+02	1.00	7.189E-150	0	251	252	0	251	252	252M
11769	342	-2.831E+02	1.00	1.135E-123	0	205	207	0	205	207	206M
11769	7950	-2.831E+02	1.00	1.135E-123	0	205	207	0	205	207	206M
11769	11769	-2.828E+02	1.00	1.555E-123	0	206	207	0	206	207	207M
11770	341	-1.795E+02	1.00	1.075E-78	0	133	135	0	133	135	134M
11770	7951	-1.795E+02	1.00	1.075E-78	0	133	135	0	133	135	134M
11770	11770	-1.792E+02	1.00	1.474E-78	0	134	135	0	134	135	135M
11771	340	-2.724E+02	1.00	5.215E-119	0	172	174	0	172	174	173M
11771	7952	-2.724E+02	1.00	5.215E-119	0	172	174	0	172	174	173M
11771	11771	-2.720E+02	1.00	7.149E-119	0	173	174	0	173	174	174M
11772	339	-5.486E+02	0.997	5.337E-239	0	350	352	0	350	352	351M
11772	7953	-5.508E+02	1.00	5.879E-240	0	350	352	0	350	352	351M
11772	11772	-5.505E+02	1.00	8.056E-240	0	351	352	0	351	352	352M
11773	338	-2.561E+02	0.994	5.759E-112	0	168	170	0	168	170	169M
11773	7954	-2.574E+02	1.00	1.630E-112	0	168	170	0	168	170	169M
11773	11773	-2.571E+02	1.00	2.235E-112	0	169	170	0	169	170	170M
11774	337	-4.533E+02	0.996	1.315E-197	0	279	281	0	279	281	280M
11774	7955	-4.555E+02	1.00	1.448E-198	0	279	281	0	279	281	280M
11774	11774	-4.552E+02	1.00	1.984E-198	0	280	281	0	280	281	281M
11775	336	-1.673E+02	0.966	2.305E-73	0	119	121	0	119	122	120M
11775	7956	-1.729E+02	1.00	7.819E-76	0	119	121	0	119	121	120M
11775	11775	-1.726E+02	1.00	1.072E-75	0	120	121	0	120	121	121M
11776	335	-1.717E+02	1.00	2.636E-75	0	118	120	0	118	120	119M
11776	7957	-1.717E+02	1.00	2.636E-75	0	118	120	0	118	120	119M
11776	11776	-1.714E+02	1.00	3.615E-75	0	119	120	0	119	120	120M
11777	334	-4.521E+02	0.996	4.353E-197	0	271	273	0	271	273	272M
11777	7958	-4.525E+02	1.00	3.176E-197	0	271	273	0	271	273	272M
11777	11777	-4.521E+02	1.00	4.353E-197	0	272	273	0	272	273	273M
11778	333	-4.023E+02	0.992	1.902E-175	0	258	260	0	258	260	259M
11778	7959	-4.051E+02	1.00	1.114E-176	0	258	260	0	258	260	259M
11778	11778	-4.048E+02	1.00	1.527E-176	0	259	260	0	259	260	260M
11779	332	-7.084E+02	0.920	0.000E+00	0	776	778	0	729	731	310M47I420M
11779	7960	-7.084E+02	1.00	0.000E+00	0	776	778	0	776	778	777M
11779	11779	-7.084E+02	1.00	0.000E+00	0	777	778	0	777	778	778M
11780	331	-7.084E+02	0.997	0.000E+00	0	725	727	0	725	727	726M
11780	7961	-7.084E+02	1.00	0.000E+00	0	725	727	0	725	727	726M
11780	11780	-7.084E+02	1.00	0.000E+00	0	726	727	0	726	727	727M
11781	330	-3.630E+02	1.00	2.152E-158	0	255	257	0	255	257	256M
11781	7962	-3.630E+02	1.00	2.152E-158	0	255	257	0	255	257	256M
11781	11781	-3.627E+02	1.00	2.949E-158	0	256	257	0	256	257	257M
11782	329	-1.907E+02	0.986	1.534E-83	0	144	146	0	144	146	145M
11782	7963	-1.945E+02	1.00	3.472E-85	0	144	146	0	144	146	145M
11782	11782	-1.942E+02	1.00	4.761E-85	0	145	146	0	145	146	146M
11783	328	-8.707E+01	1.00	1.539E-38	0	71	73	0	71	73	72M
11783	7964	-8.707E+01	1.00	1.539E-38	0	71	73	0	71	73	72M
11783	11783	-8.675E+01	1.00	2.112E-38	0	72	73	0	72	73	73M
11784	327	-4.222E+02	0.986	4.200E-184	0	287	292	0	287	292	288M
11784	7965	-4.311E+02	1.00	6.173E-188	0	290	292	0	290	292	291M
11784	11784	-4.308E+02	1.00	8.460E-188	0	291	292	0	291	292	292M
11785	326	-3.142E+02	0.985	3.429E-137	0	207	209	0	207	209	208M
11785	7966	-3.186E+02	1.00	4.144E-139	0	207	209	0	207	209	208M
11785	11785	-3.183E+02	1.00	5.680E-139	0	208	209	0	208	209	209M
11786	325	-2.588E+02	0.994	4.148E-113	0	179	181	0	179	181	180M
11786	7967	-2.603E+02	1.00	8.565E-114	0	179	181	0	179	181	180M
11786	11786	-2.600E+02	1.00	1.174E-113	0	180	181	0	180	181	181M
11787	324	-2.980E+02	1.00	3.703E-130	0	196	198	0	196	198	197M
11787	7968	-2.980E+02	1.00	3.703E-130	0	196	198	0	196	198	197M
11787	11787	-2.977E+02	1.00	5.076E-130	0	197	198	0	197	198	198M
11788	323	-6.144E+02	1.00	1.425E-267	0	385	387	0	385	387	386M
11788	7969	-6.144E+02	1.00	1.425E-267	0	385	387	0	385	387	386M
11788	11788	-6.141E+02	1.00	1.953E-267	0	386	387	0	386	387	387M
11789	322	-7.084E+02	1.00	0.000E+00	0	564	566	0	564	566	565M
11789	7970	-7.084E+02	1.00	0.000E+00	0	564	566	0	564	566	565M
11789	11789	-7.084E+02	1.00	0.000E+00	0	565	566	0	565	566	566M
11790	321	-2.600E+02	0.722	1.160E-113	0	226	228	0	226	228	227M
11790	7971	-3.531E+02	1.00	4.662E-154	0	226	228	0	226	228	227M
11790	11790	-3.527E+02	1.00	6.391E-154	0	227	228	0	227	228	228M
11791	320	-6.863E+02	0.606	9.097E-299	0	742	744	1	766	768	260M8D142M3D8M3D30M1D35M16D9M2I38M1I16M3D80M13I5M5D104M
11791	7972	-7.084E+02	1.00	0.000E+00	0	742	744	0	742	744	743M
11791	11791	-7.084E+02	1.00	0.000E+00	0	743	744	0	743	744	744M
11792	3103	-6.338E+02	1.00	5.623E-276	0	443	445	0	443	445	444M
11792	7973	-6.338E+02	1.00	5.623E-276	0	443	445	0	443	445	444M
11792	11792	-6.335E+02	1.00	7.705E-276	0	444	445	0	444	445	445M
11793	3104	-2.997E+02	1.00	6.747E-131	0	200	202	0	200	202	201M
11793	7974	-2.997E+02	1.00	6.747E-131	0	200	202	0	200	202	201M
11793	11793	-2.994E+02	1.00	9.250E-131	0	201	202	0	201	202	202M
11794	3105	-6.555E+02	1.00	2.025E-285	0	436	438	0	436	438	437M
11794	7975	-6.555E+02	1.00	2.025E-285	0	436	438	0	436	438	437M
11794	11794	-6.552E+02	1.00	2.775E-285	0	437	438	0	437	438	438M
11795	3106	-3.715E+02	0.991	4.765E-162	0	237	239	0	237	239	238M
11795	7976	-3.737E+02	1.00	5.241E-163	0	237	239	0	237	239	238M
11795	11795	-3.733E+02	1.00	7.184E-163	0	238	239	0	238	239	239M
11796	3107	-2.542E+02	1.00	4.155E-111	0	183	185	0	183	185	184M
11796	7977	-2.542E+02	1.00	4.155E-111	0	183	185	0	183	185	184M
11796	11796	-2.538E+02	1.00	5.696E-111	0	184	185	0	184	185	185M
11797	3108	-7.084E+02	1.00	0.000E+00	0	507	509	0	507	509	508M
11797	7978	-7.084E+02	1.00	0.000E+00	0	507	509	0	507	509	508M
11797	11797	-7.084E+02	1.00	0.000E+00	0	508	509	0	508	509	509M
11798	3109	-7.084E+02	0.994	0.000E+00	0	713	715	0	713	715	714M
11798	7979	-7.084E+02	1.00	0.000E+00	0	713	715	0	713	715	714M
11798	11798	-7.084E+02	1.00	0.000E+00	0	714	715	0	714	715	715M
11799	3110	-6.466E+02	1.00	1.598E-281	0	419	421	0	419	421	420M
11799	7980	-6.466E+02	1.00	1.598E-281	0	419	421	0	419	421	420M
11799	11799	-6.462E+02	1.00	2.190E-281	0	420	421	0	420	421	421M
11800	7981	-3.405E+02	1.00	1.296E-148	0	231	233	0	231	233	232M
11800	11800	-3.402E+02	1.00	1.776E-148	0	232	233	0	232	233	233M
11801	1905	-2.897E+02	0.989	1.460E-126	0	191	193	0	191	193	192M
11801	7982	-2.916E+02	1.00	2.199E-127	0	191	193	0	191	193	192M
11801	11801	-2.913E+02	1.00	3.014E-127	0	192	193	0	192	193	193M
11802	1904	-2.374E+02	0.988	8.093E-104	0	171	173	0	171	173	172M
11802	7983	-2.415E+02	1.00	1.338E-105	0	171	173	0	171	173	172M
11802	11802	-2.412E+02	1.00	1.835E-105	0	172	173	0	172	173	173M
11803	1903	-5.412E+02	0.980	9.046E-236	0	354	356	0	354	356	355M
11803	7984	-5.532E+02	1.00	5.701E-241	0	354	356	0	354	356	355M
11803	11803	-5.529E+02	1.00	7.813E-241	0	355	356	0	355	356	356M
11804	1902	-3.750E+02	0.955	1.330E-163	0	248	250	0	248	250	249M
11804	7985	-3.873E+02	1.00	6.073E-169	0	248	250	0	248	250	249M
11804	11804	-3.870E+02	1.00	8.324E-169	0	249	250	0	249	250	250M
11805	1901	-6.114E+02	1.00	3.110E-266	0	397	399	0	397	399	398M
11805	7986	-6.114E+02	1.00	3.110E-266	0	397	399	0	397	399	398M
11805	11805	-6.110E+02	1.00	4.262E-266	0	398	399	0	398	399	399M
11806	1900	-5.985E+02	0.997	1.236E-260	0	410	412	0	410	412	411M
11806	7987	-5.994E+02	1.00	4.802E-261	0	410	412	0	410	412	411M
11806	11806	-5.991E+02	1.00	6.581E-261	0	411	412	0	411	412	412M
11807	1899	-4.616E+02	1.00	3.231E-201	0	310	312	0	310	312	311M
11807	7988	-4.616E+02	1.00	3.231E-201	0	310	312	0	310	312	311M
11807	11807	-4.613E+02	1.00	4.428E-201	0	311	312	0	311	312	312M
11808	2176	-7.063E+02	0.993	1.885E-307	0	487	492	0	487	513	488M
11808	7989	-7.163E+02	1.00	7.914E-312	0	490	492	0	490	492	491M
11808	11808	-7.160E+02	1.00	1.084E-311	0	491	492	0	491	492	492M
11809	2177	-8.985E+01	1.00	9.496E-40	0	66	68	0	66	68	67M
11809	7990	-8.985E+01	1.00	9.496E-40	0	66	68	0	66	68	67M
11809	11809	-8.954E+01	1.00	1.303E-39	0	67	68	0	67	68	68M
11810	2178	-3.587E+02	0.995	1.624E-156	0	233	235	0	233	235	234M
11810	7991	-3.590E+02	1.00	1.185E-156	0	233	235	0	233	235	234M
11810	11810	-3.587E+02	1.00	1.624E-156	0	234	235	0	234	235	235M
11811	2179	-5.755E+02	0.997	1.188E-250	0	399	405	0	399	401	400M
11811	7992	-5.821E+02	1.00	1.592E-253	0	403	405	0	403	405	404M
11811	11811	-5.818E+02	1.00	2.181E-253	0	404	405	0	404	405	405M
11812	2180	-7.084E+02	0.997	0.000E+00	0	691	693	10	701	703	692M
11812	7993	-7.084E+02	1.00	0.000E+00	0	691	693	0	691	693	692M
11812	11812	-7.084E+02	1.00	0.000E+00	0	692	693	0	692	693	693M
11813	2181	-2.901E+02	1.00	1.015E-126	0	190	192	0	190	192	191M
11813	7994	-2.901E+02	1.00	1.015E-126	0	190	192	0	190	192	191M
11813	11813	-2.898E+02	1.00	1.392E-126	0	191	192	0	191	192	192M
11814	2182	-7.084E+02	0.989	0.000E+00	0	847	849	0	847	849	848M
11814	7995	-7.084E+02	1.00	0.000E+00	0	847	849	0	847	849	848M
11814	11814	-7.084E+02	1.00	0.000E+00	0	848	849	0	848	849	849M
11815	2183	-3.820E+02	0.980	1.211E-166	0	260	262	0	260	262	261M
11815	7996	-3.899E+02	1.00	4.573E-170	0	260	262	0	260	262	261M
11815	11815	-3.896E+02	1.00	6.267E-170	0	261	262	0	261	262	262M
11816	2184	-2.572E+02	0.994	2.030E-112	0	166	168	0	166	168	167M
11816	7997	-2.581E+02	1.00	7.878E-113	0	166	168	0	166	168	167M
11816	11816	-2.578E+02	1.00	1.080E-112	0	167	168	0	167	168	168M
11817	2185	-1.826E+02	1.00	4.814E-80	0	121	123	0	121	123	122M
11817	7998	-1.826E+02	1.00	4.814E-80	0	121	123	0	121	123	122M
11817	11817	-1.823E+02	1.00	6.603E-80	0	122	123	0	122	123	123M
11818	2186	-4.813E+02	0.986	9.454E-210	0	301	303	0	301	303	302M
11818	7999	-4.876E+02	1.00	1.729E-212	0	301	303	0	301	303	302M
11818	11818	-4.873E+02	1.00	2.369E-212	0	302	303	0	302	303	303M
11819	2187	-5.415E+01	1.00	3.044E-24	0	45	47	0	45	47	46M
11819	8000	-5.415E+01	1.00	3.044E-24	0	45	47	0	45	47	46M
11819	11819	-5.383E+01	1.00	4.181E-24	0	46	47	0	46	47	47M
11820	2188	-5.871E+02	0.992	1.080E-255	0	376	379	0	376	378	377M
11820	8001	-5.909E+02	1.00	2.463E-257	0	377	379	0	377	379	378M
11820	11820	-5.905E+02	1.00	3.375E-257	0	378	379	0	378	379	379M
11821	2345	-2.180E+02	0.986	2.032E-95	0	149	155	0	149	150	150M
11821	8002	-2.285E+02	1.00	6.082E-100	0	153	155	0	153	155	154M
11821	11821	-2.281E+02	1.00	8.339E-100	0	154	155	0	154	155	155M
11822	2344	-7.084E+02	0.987	0.000E+00	0	1505	1507	0	1505	1507	1506M
11822	8003	-7.084E+02	1.00	0.000E+00	0	1505	1507	0	1505	1507	1506M
11822	11822	-7.084E+02	1.00	0.000E+00	0	1506	1507	0	1506	1507	1507M
11823	2343	-7.084E+02	0.997	0.000E+00	0	691	693	0	691	693	692M
11823	8004	-7.084E+02	1.00	0.000E+00	0	691	693	0	691	693	692M
11823	11823	-7.084E+02	1.00	0.000E+00	0	692	693	0	692	693	693M
11824	2342	-2.727E+02	1.00	3.525E-119	0	177	179	0	177	179	178M
11824	8005	-2.727E+02	1.00	3.525E-119	0	177	179	0	177	179	178M
11824	11824	-2.724E+02	1.00	4.833E-119	0	178	179	0	178	179	179M
11825	2341	-1.739E+02	1.00	3.031E-76	0	119	121	0	119	121	120M
11825	8006	-1.739E+02	1.00	3.031E-76	0	119	121	0	119	121	120M
11825	11825	-1.736E+02	1.00	4.157E-76	0	120	121	0	120	121	121M
11826	2340	-1.837E+02	1.00	1.734E-80	0	126	128	0	126	128	127M
11826	8007	-1.837E+02	1.00	1.734E-80	0	126	128	0	126	128	127M
11826	11826	-1.833E+02	1.00	2.379E-80	0	127	128	0	127	128	128M
11827	2339	-2.961E+02	0.990	2.660E-129	0	211	213	0	211	213	212M
11827	8008	-2.998E+02	1.00	6.042E-131	0	211	213	0	211	213	212M
11827	11827	-2.995E+02	1.00	8.283E-131	0	212	213	0	212	213	213M
11828	2338	-5.184E+02	1.00	7.561E-226	0	371	373	0	371	373	372M
11828	8009	-5.184E+02	1.00	7.561E-226	0	371	373	0	371	373	372M
11828	11828	-5.180E+02	1.00	1.036E-225	0	372	373	0	372	373	373M
11829	2337	-7.084E+02	0.998	0.000E+00	0	1031	1033	0	1031	1033	1032M
11829	8010	-7.084E+02	1.00	0.000E+00	0	1031	1033	0	1031	1033	1032M
11829	11829	-7.084E+02	1.00	0.000E+00	0	1032	1033	0	1032	1033	1033M
11830	2336	-7.084E+02	0.996	0.000E+00	0	570	572	0	570	572	571M
11830	8011	-7.084E+02	1.00	0.000E+00	0	570	572	0	570	572	571M
11830	11830	-7.084E+02	1.00	0.000E+00	0	571	572	0	571	572	572M
11831	2335	-1.575E+02	1.00	4.037E-69	0	111	114	0	111	114	112M
11831	8012	-1.587E+02	1.00	1.141E-69	0	112	114	0	112	114	113M
11831	11831	-1.584E+02	1.00	1.565E-69	0	113	114	0	113	114	114M
11832	2334	-1.675E+02	1.00	1.722E-73	0	113	115	0	113	115	114M
11832	8013	-1.675E+02	1.00	1.722E-73	0	113	115	0	113	115	114M
11832	11832	-1.672E+02	1.00	2.362E-73	0	114	115	0	114	115	115M
11833	8014	-1.699E+02	1.00	1.671E-74	0	117	119	0	117	119	118M
11833	11833	-1.696E+02	1.00	2.292E-74	0	118	119	0	118	119	119M
11834	1	-2.224E+02	0.986	2.640E-97	0	148	150	0	148	150	149M
11834	8015	-2.243E+02	1.00	3.972E-98	0	148	150	0	148	150	149M
11834	11834	-2.240E+02	1.00	5.446E-98	0	149	150	0	149	150	150M
11835	2	-3.669E+02	0.991	4.329E-160	0	239	241	0	239	241	240M
11835	8016	-3.688E+02	1.00	6.528E-161	0	239	241	0	239	241	240M
11835	11835	-3.685E+02	1.00	8.948E-161	0	240	241	0	240	241	241M
11836	3	-3.564E+02	0.991	1.623E-155	0	235	237	0	235	237	236M
11836	8017	-3.602E+02	1.00	3.690E-157	0	235	237	0	235	237	236M
11836	11836	-3.599E+02	1.00	5.058E-157	0	236	237	0	236	237	237M
11837	4	-3.814E+02	0.985	2.225E-166	0	273	275	0	273	275	274M
11837	8018	-3.862E+02	1.00	1.968E-168	0	273	275	0	273	275	274M
11837	11837	-3.858E+02	1.00	2.697E-168	0	274	275	0	274	275	275M
11838	5	-4.231E+02	0.996	1.832E-184	0	306	308	0	306	308	307M
11838	8019	-4.243E+02	1.00	5.193E-185	0	306	308	0	306	308	307M
11838	11838	-4.240E+02	1.00	7.116E-185	0	307	308	0	307	308	308M
11839	6	-5.727E+02	0.994	1.916E-249	0	368	370	0	368	370	369M
11839	8020	-5.752E+02	1.00	1.540E-250	0	368	370	0	368	370	369M
11839	11839	-5.749E+02	1.00	2.111E-250	0	369	370	0	369	370	370M
11840	7	-6.674E+02	0.992	1.421E-290	0	418	420	290	708	710	419M
11840	8021	-6.718E+02	1.00	1.725E-292	0	418	420	0	418	420	419M
11840	11840	-6.715E+02	1.00	2.364E-292	0	419	420	0	419	420	420M
11841	1242	-3.508E+01	0.970	5.814E-16	0	33	35	110	143	145	34M
11841	5826	-3.604E+01	1.00	2.237E-16	0	33	35	0	33	35	34M
11841	10186	-3.604E+01	1.00	2.237E-16	0	33	35	0	33	35	34M
11842	3505	-7.084E+02	0.964	0.000E+00	0	817	819	323	1140	1142	818M
11842	8063	-7.084E+02	1.00	0.000E+00	0	817	819	0	817	819	818M
11842	11842	-7.084E+02	1.00	0.000E+00	0	818	819	0	818	819	819M
11843	2733	-1.776E+02	0.953	7.713E-78	0	128	130	0	128	130	129M
11843	8062	-1.861E+02	1.00	1.527E-81	0	128	130	0	128	130	129M
11843	11843	-1.858E+02	1.00	2.094E-81	0	129	130	0	129	130	130M
11844	2734	-2.600E+02	0.917	1.231E-113	0	180	182	0	180	182	181M
11844	8061	-2.799E+02	1.00	2.870E-122	0	180	182	0	180	182	181M
11844	11844	-2.795E+02	1.00	3.934E-122	0	181	182	0	181	182	182M
11845	2049	-6.573E+01	0.214	2.852E-29	39	770	773	54	801	804	9M1D102M18I30M3I28M1I20M2I4M5D7M3I10M1I5M12I16M5I14M1I12M6D101M7D15M6D23M4D6M2D13M9D21M11D3M1I71M7D43M4I20M12D19M1D9M2I16M1I46M1I14M
11845	8060	-7.084E+02	1.00	0.000E+00	0	771	773	0	771	773	772M
11845	11845	-7.084E+02	1.00	0.000E+00	0	772	773	0	772	773	773M
11846	270	-7.014E+02	0.842	2.323E-305	19	546	549	1	528	534	528M
11846	8059	-7.084E+02	1.00	0.000E+00	0	547	549	0	547	549	548M
11846	11846	-7.084E+02	1.00	0.000E+00	0	548	549	0	548	549	549M
11847	4311	-4.944E+01	0.897	3.381E-22	0	38	40	0	38	45	39M
11847	8058	-5.706E+01	1.00	1.654E-25	0	38	40	0	38	40	39M
11847	11847	-5.674E+01	1.00	2.273E-25	0	39	40	0	39	40	40M
11848	8057	-2.397E+02	1.00	7.565E-105	0	161	163	0	161	163	162M
11848	11848	-2.394E+02	1.00	1.037E-104	0	162	163	0	162	163	163M
11849	3965	-1.035E+02	0.333	1.108E-45	4	408	458	0	395	421	33M1D11M1I29M2D13M10I40M1I51M1I5M1I35M2I8M2D66M1I39M4D29M1I28M
11849	8056	-6.956E+02	1.00	8.423E-303	0	456	458	0	456	458	457M
11849	11849	-6.952E+02	1.00	1.154E-302	0	457	458	0	457	458	458M
11850	1560	-1.160E+02	0.978	3.990E-51	0	93	95	0	93	95	94M
11850	8055	-1.189E+02	1.00	2.316E-52	0	93	95	0	93	95	94M
11850	11850	-1.186E+02	1.00	3.178E-52	0	94	95	0	94	95	95M
11851	1561	-2.383E+02	0.994	3.235E-104	0	185	187	0	185	187	186M
11851	8054	-2.399E+02	1.00	6.682E-105	0	185	187	0	185	187	186M
11851	11851	-2.396E+02	1.00	9.160E-105	0	186	187	0	186	187	187M
11852	1562	-2.902E+02	0.933	9.244E-127	0	208	210	0	209	211	195M1D14M
11852	8053	-3.098E+02	1.00	2.975E-135	0	208	210	0	208	210	209M
11852	11852	-3.094E+02	1.00	4.078E-135	0	209	210	0	209	210	210M
11853	1563	-6.522E+02	0.954	5.434E-284	0	439	441	0	439	441	440M
11853	8052	-6.784E+02	1.00	2.397E-295	0	439	441	0	439	441	440M
11853	11853	-6.781E+02	1.00	3.285E-295	0	440	441	0	440	441	441M
11854	1564	-6.055E+02	0.992	1.089E-263	0	401	403	0	401	403	402M
11854	8051	-6.099E+02	1.00	1.322E-265	0	401	403	0	401	403	402M
11854	11854	-6.096E+02	1.00	1.812E-265	0	402	403	0	402	403	403M
11855	1565	-6.180E+02	0.987	3.881E-269	0	409	411	0	409	411	410M
11855	8050	-6.240E+02	1.00	9.756E-272	0	409	411	0	409	411	410M
11855	11855	-6.237E+02	1.00	1.337E-271	0	410	411	0	410	411	411M
11856	1566	-1.017E+02	1.00	6.675E-45	0	82	84	0	82	84	83M
11856	8049	-1.017E+02	1.00	6.675E-45	0	82	84	0	82	84	83M
11856	11856	-1.014E+02	1.00	9.160E-45	0	83	84	0	83	84	84M
11857	1567	-1.928E+02	1.00	1.780E-84	0	132	134	0	132	134	133M
11857	8048	-1.928E+02	1.00	1.780E-84	0	132	134	0	132	134	133M
11857	11857	-1.925E+02	1.00	2.441E-84	0	133	134	0	133	134	134M
11858	1568	-3.042E+02	0.995	7.658E-133	0	212	214	0	212	214	213M
11858	8047	-3.055E+02	1.00	2.169E-133	0	212	214	0	212	214	213M
11858	11858	-3.052E+02	1.00	2.973E-133	0	213	214	0	213	214	214M
11859	1569	-2.893E+02	1.00	2.346E-126	0	201	203	0	201	203	202M
11859	8046	-2.893E+02	1.00	2.346E-126	0	201	203	0	201	203	202M
11859	11859	-2.890E+02	1.00	3.216E-126	0	202	203	0	202	203	203M
11860	1570	-4.463E+02	0.993	1.531E-194	0	295	297	0	295	297	296M
11860	8045	-4.482E+02	1.00	2.310E-195	0	295	297	0	295	297	296M
11860	11860	-4.479E+02	1.00	3.165E-195	0	296	297	0	296	297	297M
11861	1571	-1.792E+02	0.984	1.515E-78	0	127	129	0	127	129	128M
11861	8044	-1.823E+02	1.00	6.439E-80	0	127	129	0	127	129	128M
11861	11861	-1.820E+02	1.00	8.830E-80	0	128	129	0	128	129	129M
11862	1572	-3.976E+02	0.989	2.043E-173	0	277	279	0	277	279	278M
11862	8043	-4.027E+02	1.00	1.318E-175	0	277	279	0	277	279	278M
11862	11862	-4.024E+02	1.00	1.806E-175	0	278	279	0	278	279	279M
11863	1573	-2.001E+02	1.00	1.247E-87	0	132	134	0	132	134	133M
11863	8042	-2.001E+02	1.00	1.247E-87	0	132	134	0	132	134	133M
11863	11863	-1.998E+02	1.00	1.711E-87	0	133	134	0	133	134	134M
11864	1574	-3.306E+02	1.00	2.624E-144	0	234	236	0	234	236	235M
11864	8041	-3.306E+02	1.00	2.624E-144	0	234	236	0	234	236	235M
11864	11864	-3.303E+02	1.00	3.597E-144	0	235	236	0	235	236	236M
11865	1575	-4.458E+02	0.993	2.580E-194	0	286	288	0	286	288	287M
11865	8040	-4.480E+02	1.00	2.840E-195	0	286	288	0	286	288	287M
11865	11865	-4.476E+02	1.00	3.892E-195	0	287	288	0	287	288	288M
11866	1576	-3.745E+02	1.00	2.273E-163	0	246	248	0	246	248	247M
11866	8039	-3.745E+02	1.00	2.273E-163	0	246	248	0	246	248	247M
11866	11866	-3.742E+02	1.00	3.116E-163	0	247	248	0	247	248	248M
11867	1577	-7.084E+02	0.989	0.000E+00	0	546	548	0	546	548	547M
11867	8038	-7.084E+02	1.00	0.000E+00	0	546	548	0	546	548	547M
11867	11867	-7.084E+02	1.00	0.000E+00	0	547	548	0	547	548	548M
11868	1578	-7.181E+02	1.00	1.304E-312	0	458	460	0	458	460	459M
11868	8037	-7.181E+02	1.00	1.304E-312	0	458	460	0	458	460	459M
11868	11868	-7.178E+02	1.00	1.787E-312	0	459	460	0	459	460	460M
11869	1579	-7.084E+02	0.995	0.000E+00	0	1070	1072	0	1070	1072	1071M
11869	8036	-7.084E+02	1.00	0.000E+00	0	1070	1072	0	1070	1072	1071M
11869	11869	-7.084E+02	1.00	0.000E+00	0	1071	1072	0	1071	1072	1072M
11870	1580	-7.084E+02	0.983	0.000E+00	0	610	612	0	610	612	611M
11870	8035	-7.084E+02	1.00	0.000E+00	0	610	612	0	610	612	611M
11870	11870	-7.084E+02	1.00	0.000E+00	0	611	612	0	611	612	612M
11871	1581	-5.150E+02	0.980	2.241E-224	0	349	351	0	349	351	350M
11871	8034	-5.257E+02	1.00	4.983E-229	0	349	351	0	349	351	350M
11871	11871	-5.254E+02	1.00	6.829E-229	0	350	351	0	350	351	351M
11872	1582	-4.983E+02	0.985	3.921E-217	0	335	337	0	335	337	336M
11872	8033	-5.033E+02	1.00	2.533E-219	0	335	337	0	335	337	336M
11872	11872	-5.030E+02	1.00	3.472E-219	0	336	337	0	336	337	337M
11873	1583	-7.291E+02	0.959	2.331E-317	0	517	530	0	517	518	518M
11873	8032	-7.084E+02	1.00	0.000E+00	0	528	530	0	528	530	529M
11873	11873	-7.084E+02	1.00	0.000E+00	0	529	530	0	529	530	530M
11874	2685	-6.248E+02	0.992	4.569E-272	0	413	415	0	413	415	414M
11874	8031	-6.282E+02	1.00	1.428E-273	0	413	415	0	413	415	414M
11874	11874	-6.279E+02	1.00	1.957E-273	0	414	415	0	414	415	415M
11875	2686	-7.084E+02	0.988	0.000E+00	0	703	705	0	703	705	704M
11875	8030	-7.084E+02	1.00	0.000E+00	0	703	705	0	703	705	704M
11875	11875	-7.084E+02	1.00	0.000E+00	0	704	705	0	704	705	705M
11876	2687	-3.338E+02	1.00	1.038E-145	0	219	221	0	219	221	220M
11876	8029	-3.338E+02	1.00	1.038E-145	0	219	221	0	219	221	220M
11876	11876	-3.335E+02	1.00	1.422E-145	0	220	221	0	220	221	221M
11877	2688	-5.427E+02	1.00	2.098E-236	0	343	345	0	343	345	344M
11877	8028	-5.427E+02	1.00	2.098E-236	0	343	345	0	343	345	344M
11877	11877	-5.424E+02	1.00	2.875E-236	0	344	345	0	344	345	345M
11878	2689	-6.132E+02	0.997	5.086E-267	0	419	421	0	419	421	420M
11878	8027	-6.157E+02	1.00	4.092E-268	0	419	421	0	419	421	420M
11878	11878	-6.154E+02	1.00	5.607E-268	0	420	421	0	420	421	421M
11879	2690	-7.004E+02	1.00	6.418E-305	0	446	448	0	446	448	447M
11879	8026	-7.004E+02	1.00	6.418E-305	0	446	448	0	446	448	447M
11879	11879	-7.001E+02	1.00	8.794E-305	0	447	448	0	447	448	448M
11880	2691	-7.084E+02	0.988	0.000E+00	0	675	677	0	675	677	676M
11880	8025	-7.084E+02	1.00	0.000E+00	0	675	677	0	675	677	676M
11880	11880	-7.084E+02	1.00	0.000E+00	0	676	677	0	676	677	677M
11881	1047	-1.632E+02	0.991	1.299E-71	2	124	126	240	362	364	123M
11881	8024	-1.689E+02	1.00	4.410E-74	0	124	126	0	124	126	125M
11881	11881	-1.686E+02	1.00	6.048E-74	0	125	126	0	125	126	126M
11882	11882	-2.632E+01	1.00	3.693E-12	0	20	21	0	20	21	21M
11883	3404	-2.291E+02	0.635	3.293E-100	2	234	237	10	245	247	117M3D116M
11883	8102	-3.507E+02	1.00	4.735E-153	0	235	237	0	235	237	236M
11883	11883	-3.504E+02	1.00	6.491E-153	0	236	237	0	236	237	237M
11884	3405	-7.084E+02	0.619	0.000E+00	12	851	853	11	844	846	11M1I20M1D82M3I69M3I651M
11884	8101	-7.084E+02	1.00	0.000E+00	0	851	853	0	851	853	852M
11884	11884	-7.084E+02	1.00	0.000E+00	0	852	853	0	852	853	853M
11885	4171	-5.165E+02	1.00	4.968E-225	0	337	339	0	337	339	338M
11885	8100	-5.165E+02	1.00	4.968E-225	0	337	339	0	337	339	338M
11885	11885	-5.162E+02	1.00	6.808E-225	0	338	339	0	338	339	339M
11886	3521	-4.308E+02	0.936	7.691E-188	17	315	317	0	299	301	48M1D251M
11886	8099	-4.876E+02	1.00	1.780E-212	0	315	317	0	315	317	316M
11886	11886	-4.873E+02	1.00	2.440E-212	0	316	317	0	316	317	317M
11887	3520	-5.743E+02	1.00	3.964E-250	0	368	370	0	368	370	369M
11887	8098	-5.743E+02	1.00	3.964E-250	0	368	370	0	368	370	369M
11887	11887	-5.740E+02	1.00	5.432E-250	0	369	370	0	369	370	370M
11888	3519	-7.084E+02	0.988	0.000E+00	29	622	624	0	593	595	594M
11888	8097	-7.084E+02	1.00	0.000E+00	0	622	624	0	622	624	623M
11888	11888	-7.084E+02	1.00	0.000E+00	0	623	624	0	623	624	624M
11889	4348	-5.819E+02	0.963	1.858E-253	0	386	388	0	386	388	387M
11889	8096	-5.993E+02	1.00	5.532E-261	0	386	388	0	386	388	387M
11889	11889	-5.989E+02	1.00	7.581E-261	0	387	388	0	387	388	388M
11890	4103	-5.630E+01	0.495	3.544E-25	0	104	122	0	106	156	19M2D86M
11890	8095	-1.713E+02	1.00	3.983E-75	0	120	122	0	120	122	121M
11890	11890	-1.710E+02	1.00	5.462E-75	0	121	122	0	121	122	122M
11891	4103	-2.297E+02	0.974	1.805E-100	0	154	156	0	154	156	155M
11891	8094	-2.385E+02	1.00	2.620E-104	0	154	156	0	154	156	155M
11891	11891	-2.382E+02	1.00	3.592E-104	0	155	156	0	155	156	156M
11892	4104	-7.084E+02	0.992	0.000E+00	0	507	509	11	518	520	508M
11892	8093	-7.084E+02	1.00	0.000E+00	0	507	509	0	507	509	508M
11892	11892	-7.084E+02	1.00	0.000E+00	0	508	509	0	508	509	509M
11893	4105	-2.906E+02	0.989	6.535E-127	1	194	196	20	213	215	194M
11893	8092	-2.943E+02	1.00	1.483E-128	0	194	196	0	194	196	195M
11893	11893	-2.940E+02	1.00	2.033E-128	0	195	196	0	195	196	196M
11894	4476	-8.582E+01	1.00	5.361E-38	14	77	79	0	63	65	64M
11894	8091	-1.073E+02	1.00	2.399E-47	0	77	79	0	77	79	78M
11894	11894	-1.070E+02	1.00	3.292E-47	0	78	79	0	78	79	79M
11895	8090	-6.781E+01	1.00	3.559E-30	0	57	59	0	57	59	58M
11895	11895	-6.749E+01	1.00	4.888E-30	0	58	59	0	58	59	59M
11896	3358	-5.515E+02	0.985	2.986E-240	0	349	351	0	349	351	350M
11896	8089	-5.578E+02	1.00	5.468E-243	0	349	351	0	349	351	350M
11896	11896	-5.575E+02	1.00	7.494E-243	0	350	351	0	350	351	351M
11897	3357	-6.199E+02	0.994	6.118E-270	0	383	385	0	383	385	384M
11897	8088	-6.205E+02	1.00	3.258E-270	0	383	385	0	383	385	384M
11897	11897	-6.202E+02	1.00	4.464E-270	0	384	385	0	384	385	385M
11898	3356	-1.357E+02	0.978	1.219E-59	0	93	95	0	93	95	94M
11898	8087	-1.401E+02	1.00	1.457E-61	0	93	95	0	93	95	94M
11898	11898	-1.398E+02	1.00	1.999E-61	0	94	95	0	94	95	95M
11899	3355	-3.944E+02	0.996	4.961E-172	0	251	253	0	251	253	252M
11899	8086	-3.960E+02	1.00	1.025E-172	0	251	253	0	251	253	252M
11899	11899	-3.957E+02	1.00	1.406E-172	0	252	253	0	252	253	253M
11900	3354	-4.740E+02	0.980	1.395E-206	0	302	304	0	302	304	303M
11900	8085	-4.828E+02	1.00	2.049E-210	0	302	304	0	302	304	303M
11900	11900	-4.825E+02	1.00	2.809E-210	0	303	304	0	303	304	304M
11901	3353	-7.084E+02	0.998	0.000E+00	0	690	692	0	690	692	691M
11901	8084	-7.084E+02	1.00	0.000E+00	0	690	692	0	690	692	691M
11901	11901	-7.084E+02	1.00	0.000E+00	0	691	692	0	691	692	692M
11902	3352	-7.084E+02	0.986	0.000E+00	0	592	594	10	605	607	578M3D15M
11902	8083	-7.084E+02	1.00	0.000E+00	0	592	594	0	592	594	593M
11902	11902	-7.084E+02	1.00	0.000E+00	0	593	594	0	593	594	594M
11903	3351	-1.849E+02	1.00	4.776E-81	0	132	134	0	132	134	133M
11903	8082	-1.849E+02	1.00	4.776E-81	0	132	134	0	132	134	133M
11903	11903	-1.846E+02	1.00	6.549E-81	0	133	134	0	133	134	134M
11904	2370	-3.301E+02	1.00	4.491E-144	0	212	214	0	212	214	213M
11904	8081	-3.301E+02	1.00	4.491E-144	0	212	214	0	212	214	213M
11904	11904	-3.298E+02	1.00	6.157E-144	0	213	214	0	213	214	214M
11905	2369	-3.760E+02	0.996	5.240E-164	0	255	257	0	255	257	256M
11905	8080	-3.779E+02	1.00	7.903E-165	0	255	257	0	255	257	256M
11905	11905	-3.775E+02	1.00	1.083E-164	0	256	257	0	256	257	257M
11906	2368	-2.938E+02	0.966	2.499E-128	0	205	207	0	205	207	206M
11906	8079	-3.067E+02	1.00	6.046E-134	0	205	207	0	205	207	206M
11906	11906	-3.064E+02	1.00	8.288E-134	0	206	207	0	206	207	207M
11907	2367	-3.356E+02	0.995	1.831E-146	0	229	231	0	229	231	230M
11907	8078	-3.371E+02	1.00	3.784E-147	0	229	231	0	229	231	230M
11907	11907	-3.368E+02	1.00	5.187E-147	0	230	231	0	230	231	231M
11908	2366	-3.732E+02	0.954	8.252E-163	0	260	262	0	260	262	261M
11908	8077	-3.902E+02	1.00	3.336E-170	0	260	262	0	260	262	261M
11908	11908	-3.899E+02	1.00	4.573E-170	0	261	262	0	261	262	262M
11909	2365	-1.573E+02	0.956	4.670E-69	0	115	117	0	115	117	116M
11909	8076	-1.659E+02	1.00	9.214E-73	0	115	117	0	115	117	116M
11909	11909	-1.656E+02	1.00	1.264E-72	0	116	117	0	116	117	117M
11910	2364	-7.084E+02	0.995	0.000E+00	0	470	472	0	470	472	471M
11910	8075	-7.084E+02	1.00	0.000E+00	0	470	472	0	470	472	471M
11910	11910	-7.084E+02	1.00	0.000E+00	0	471	472	0	471	472	472M
11911	2363	-2.517E+02	1.00	4.912E-110	0	162	164	0	162	164	163M
11911	8074	-2.517E+02	1.00	4.912E-110	0	162	164	0	162	164	163M
11911	11911	-2.514E+02	1.00	6.734E-110	0	163	164	0	163	164	164M
11912	2362	-5.330E+02	0.994	3.341E-232	0	341	343	0	341	343	342M
11912	8073	-5.352E+02	1.00	3.679E-233	0	341	343	0	341	343	342M
11912	11912	-5.349E+02	1.00	5.042E-233	0	342	343	0	342	343	343M
11913	3612	-5.489E+02	0.991	4.082E-239	0	351	353	0	351	353	352M
11913	8072	-5.543E+02	1.00	1.924E-241	0	351	353	0	351	353	352M
11913	11913	-5.540E+02	1.00	2.637E-241	0	352	353	0	352	353	353M
11914	3613	-4.990E+02	0.977	2.006E-217	0	314	316	0	314	316	315M
11914	8071	-5.106E+02	1.00	1.727E-222	0	314	316	0	314	316	315M
11914	11914	-5.103E+02	1.00	2.367E-222	0	315	316	0	315	316	316M
11915	3614	-2.631E+02	0.988	5.672E-115	0	175	177	0	175	177	176M
11915	8070	-2.659E+02	1.00	3.314E-116	0	175	177	0	175	177	176M
11915	11915	-2.656E+02	1.00	4.544E-116	0	176	177	0	176	177	177M
11916	3615	-6.362E+02	0.980	4.938E-277	0	411	413	0	411	413	412M
11916	8069	-6.469E+02	1.00	1.100E-281	0	411	413	0	411	413	412M
11916	11916	-6.466E+02	1.00	1.507E-281	0	412	413	0	412	413	413M
11917	3616	-3.625E+02	0.957	3.727E-158	0	260	262	0	260	262	261M
11917	8068	-3.833E+02	1.00	3.431E-167	0	260	262	0	260	262	261M
11917	11917	-3.830E+02	1.00	4.702E-167	0	261	262	0	261	262	262M
11918	3617	-6.414E+02	0.978	2.809E-279	0	414	417	0	414	417	415M
11918	8067	-6.549E+02	1.00	3.672E-285	0	415	417	0	415	417	416M
11918	11918	-6.546E+02	1.00	5.031E-285	0	416	417	0	416	417	417M
11919	3618	-4.308E+02	0.989	8.460E-188	0	290	292	0	290	413	291M
11919	8066	-4.345E+02	1.00	1.926E-189	0	290	292	0	290	292	291M
11919	11919	-4.342E+02	1.00	2.640E-189	0	291	292	0	291	292	292M
11920	2879	-4.151E+01	0.446	9.411E-19	0	119	137	324	443	452	17M1I6M1D96M
11920	8065	-1.766E+02	1.00	2.029E-77	0	135	137	0	135	137	136M
11920	11920	-1.763E+02	1.00	2.783E-77	0	136	137	0	136	137	137M
11921	4224	-4.993E+02	1.00	1.436E-217	0	327	329	0	327	329	328M
11921	8064	-4.993E+02	1.00	1.436E-217	0	327	329	0	327	329	328M
11921	11921	-4.990E+02	1.00	1.967E-217	0	328	329	0	328	329	329M
11922	1242	-3.694E+01	0.971	9.096E-17	0	34	36	109	143	145	35M
11922	5348	-3.789E+01	1.00	3.501E-17	0	34	36	0	34	36	35M
11922	9408	-3.789E+01	1.00	3.501E-17	0	34	36	0	34	36	35M
11923	3671	-6.840E+02	0.995	8.437E-298	3	487	489	10	494	496	485M
11923	8145	-6.925E+02	1.00	1.711E-301	0	487	489	0	487	489	488M
11923	11923	-6.922E+02	1.00	2.345E-301	0	488	489	0	488	489	489M
11924	3670	-4.220E+02	1.00	5.423E-184	0	282	284	0	282	284	283M
11924	8146	-4.220E+02	1.00	5.423E-184	0	282	284	0	282	284	283M
11924	11924	-4.217E+02	1.00	7.432E-184	0	283	284	0	283	284	284M
11925	3669	-1.395E+02	1.00	2.557E-61	0	98	100	0	98	100	99M
11925	8147	-1.395E+02	1.00	2.557E-61	0	98	100	0	98	100	99M
11925	11925	-1.392E+02	1.00	3.508E-61	0	99	100	0	99	100	100M
11926	3668	-1.750E+02	1.00	9.908E-77	0	122	124	0	122	124	123M
11926	8148	-1.750E+02	1.00	9.908E-77	0	122	124	0	122	124	123M
11926	11926	-1.747E+02	1.00	1.359E-76	0	123	124	0	123	124	124M
11927	8149	-3.251E+02	1.00	6.658E-142	0	211	213	0	211	213	212M
11927	11927	-3.248E+02	1.00	9.127E-142	0	212	213	0	212	213	213M
11928	2950	-7.084E+02	0.998	0.000E+00	0	635	637	0	635	637	636M
11928	8150	-7.084E+02	1.00	0.000E+00	0	635	637	0	635	637	636M
11928	11928	-7.084E+02	1.00	0.000E+00	0	636	637	0	636	637	637M
11929	2951	-3.671E+02	0.995	3.582E-160	0	235	237	0	235	237	236M
11929	8151	-3.684E+02	1.00	1.015E-160	0	235	237	0	235	237	236M
11929	11929	-3.681E+02	1.00	1.391E-160	0	236	237	0	236	237	237M
11930	2952	-3.354E+02	1.00	2.179E-146	0	226	228	0	226	228	227M
11930	8152	-3.354E+02	1.00	2.179E-146	0	226	228	0	226	228	227M
11930	11930	-3.351E+02	1.00	2.986E-146	0	227	228	0	227	228	228M
11931	2953	-2.522E+02	1.00	2.846E-110	0	177	179	299	476	478	178M
11931	8153	-2.522E+02	1.00	2.846E-110	0	177	179	0	177	179	178M
11931	11931	-2.519E+02	1.00	3.901E-110	0	178	179	0	178	179	179M
11932	2953	-4.184E+02	0.996	1.909E-182	0	280	286	0	280	478	281M
11932	8154	-4.272E+02	1.00	2.804E-186	0	284	286	0	284	286	285M
11932	11932	-4.269E+02	1.00	3.843E-186	0	285	286	0	285	286	286M
11933	2954	-4.001E+02	1.00	1.649E-174	0	257	259	0	257	259	258M
11933	8155	-4.001E+02	1.00	1.649E-174	0	257	259	0	257	259	258M
11933	11933	-3.998E+02	1.00	2.260E-174	0	258	259	0	258	259	259M
11934	2955	-4.446E+02	1.00	8.406E-194	0	291	293	0	291	293	292M
11934	8156	-4.446E+02	1.00	8.406E-194	0	291	293	0	291	293	292M
11934	11934	-4.443E+02	1.00	1.152E-193	0	292	293	0	292	293	293M
11935	2956	-4.100E+02	1.00	8.807E-179	0	269	271	0	269	271	270M
11935	8157	-4.100E+02	1.00	8.807E-179	0	269	271	0	269	271	270M
11935	11935	-4.097E+02	1.00	1.207E-178	0	270	271	0	270	271	271M
11936	2957	-7.394E+01	1.00	7.767E-33	0	55	57	0	55	57	56M
11936	8158	-7.394E+01	1.00	7.767E-33	0	55	57	0	55	57	56M
11936	11936	-7.362E+01	1.00	1.066E-32	0	56	57	0	56	57	57M
11937	1423	-6.750E+02	1.00	6.984E-294	0	437	439	0	437	439	438M
11937	8159	-6.750E+02	1.00	6.984E-294	0	437	439	0	437	439	438M
11937	11937	-6.747E+02	1.00	9.571E-294	0	438	439	0	438	439	439M
11938	1422	-2.647E+02	1.00	1.116E-115	0	174	176	0	174	176	175M
11938	8160	-2.647E+02	1.00	1.116E-115	0	174	176	0	174	176	175M
11938	11938	-2.644E+02	1.00	1.530E-115	0	175	176	0	175	176	176M
11939	1421	-1.847E+02	1.00	6.242E-81	0	131	133	0	131	133	132M
11939	8161	-1.847E+02	1.00	6.242E-81	0	131	133	0	131	133	132M
11939	11939	-1.844E+02	1.00	8.560E-81	0	132	133	0	132	133	133M
11940	1420	-1.802E+02	0.992	5.597E-79	0	126	128	0	126	128	127M
11940	8162	-1.821E+02	1.00	8.414E-80	0	126	128	0	126	128	127M
11940	11940	-1.818E+02	1.00	1.154E-79	0	127	128	0	127	128	128M
11941	1419	-7.084E+02	1.00	0.000E+00	0	558	560	0	558	560	559M
11941	8163	-7.084E+02	1.00	0.000E+00	0	558	560	0	558	560	559M
11941	11941	-7.084E+02	1.00	0.000E+00	0	559	560	0	559	560	560M
11942	1418	-7.084E+02	1.00	0.000E+00	0	738	740	0	738	740	739M
11942	8164	-7.084E+02	1.00	0.000E+00	0	738	740	0	738	740	739M
11942	11942	-7.084E+02	1.00	0.000E+00	0	739	740	0	739	740	740M
11943	1417	-6.684E+02	0.993	5.465E-291	0	438	440	0	438	440	439M
11943	8165	-6.712E+02	1.00	3.208E-292	0	438	440	0	438	440	439M
11943	11943	-6.709E+02	1.00	4.396E-292	0	439	440	0	439	440	440M
11944	1416	-3.161E+02	1.00	5.010E-138	0	213	215	0	213	215	214M
11944	8166	-3.161E+02	1.00	5.010E-138	0	213	215	0	213	215	214M
11944	11944	-3.158E+02	1.00	6.867E-138	0	214	215	0	214	215	215M
11945	1415	-2.369E+02	0.993	1.270E-103	0	154	156	0	154	156	155M
11945	8167	-2.379E+02	1.00	4.925E-104	0	154	156	0	154	156	155M
11945	11945	-2.376E+02	1.00	6.753E-104	0	155	156	0	155	156	156M
11946	1414	-7.084E+02	0.998	0.000E+00	0	529	531	0	529	531	530M
11946	8168	-7.084E+02	1.00	0.000E+00	0	529	531	0	529	531	530M
11946	11946	-7.084E+02	1.00	0.000E+00	0	530	531	0	530	531	531M
11947	1413	-3.067E+02	1.00	6.340E-134	0	206	208	0	206	208	207M
11947	8169	-3.067E+02	1.00	6.340E-134	0	206	208	0	206	208	207M
11947	11947	-3.064E+02	1.00	8.691E-134	0	207	208	0	207	208	208M
11948	1412	-6.852E+02	0.989	2.656E-298	0	462	464	0	462	464	463M
11948	8170	-6.896E+02	1.00	3.229E-300	0	462	464	0	462	464	463M
11948	11948	-6.893E+02	1.00	4.425E-300	0	463	464	0	463	464	464M
11949	1411	-4.017E+02	0.992	3.516E-175	0	251	253	0	251	253	252M
11949	8171	-4.045E+02	1.00	2.059E-176	0	251	253	0	251	253	252M
11949	11949	-4.042E+02	1.00	2.822E-176	0	252	253	0	252	253	253M
11950	1410	-5.307E+02	0.997	3.374E-231	0	350	352	0	350	352	351M
11950	8172	-5.316E+02	1.00	1.311E-231	0	350	352	0	350	352	351M
11950	11950	-5.313E+02	1.00	1.797E-231	0	351	352	0	351	352	352M
11951	1409	-1.655E+02	0.991	1.327E-72	0	116	118	0	116	118	117M
11951	8173	-1.671E+02	1.00	2.734E-73	0	116	118	0	116	118	117M
11951	11951	-1.668E+02	1.00	3.749E-73	0	117	118	0	117	118	118M
11952	1408	-2.310E+02	0.993	4.596E-101	0	165	167	0	165	167	166M
11952	8174	-2.323E+02	1.00	1.301E-101	0	165	167	0	165	167	166M
11952	11952	-2.320E+02	1.00	1.783E-101	0	166	167	0	166	167	167M
11953	1407	-7.084E+02	1.00	0.000E+00	0	791	793	0	791	793	792M
11953	8175	-7.084E+02	1.00	0.000E+00	0	791	793	0	791	793	792M
11953	11953	-7.084E+02	1.00	0.000E+00	0	792	793	0	792	793	793M
11954	1406	-6.453E+02	0.985	5.379E-281	0	418	420	0	418	420	419M
11954	8176	-6.501E+02	1.00	4.768E-283	0	418	420	0	418	420	419M
11954	11954	-6.498E+02	1.00	6.533E-283	0	419	420	0	419	420	420M
11955	1405	-1.858E+02	0.970	1.943E-81	0	133	135	0	133	135	134M
11955	8177	-1.903E+02	1.00	2.336E-83	0	133	135	0	133	135	134M
11955	11955	-1.900E+02	1.00	3.203E-83	0	134	135	0	134	135	135M
11956	1404	-2.313E+02	0.950	3.621E-101	0	160	162	0	160	162	161M
11956	8178	-2.420E+02	1.00	7.917E-106	0	160	162	0	160	162	161M
11956	11956	-2.417E+02	1.00	1.086E-105	0	161	162	0	161	162	162M
11957	1403	-2.868E+02	1.00	2.828E-125	0	187	189	0	187	189	188M
11957	8179	-2.868E+02	1.00	2.828E-125	0	187	189	0	187	189	188M
11957	11957	-2.865E+02	1.00	3.878E-125	0	188	189	0	188	189	189M
11958	1402	-2.416E+02	1.00	1.139E-105	0	161	163	0	161	163	162M
11958	8180	-2.416E+02	1.00	1.139E-105	0	161	163	0	161	163	162M
11958	11958	-2.413E+02	1.00	1.561E-105	0	162	163	0	162	163	163M
11959	1401	-4.818E+02	0.987	5.829E-210	0	331	333	0	331	333	332M
11959	8181	-4.890E+02	1.00	4.149E-213	0	331	333	0	331	333	332M
11959	11959	-4.887E+02	1.00	5.686E-213	0	332	333	0	332	333	333M
11960	1400	-2.774E+02	0.994	3.414E-121	0	179	181	0	179	181	180M
11960	8182	-2.786E+02	1.00	9.664E-122	0	179	181	0	179	181	180M
11960	11960	-2.783E+02	1.00	1.325E-121	0	180	181	0	180	181	181M
11961	4292	-2.509E+02	1.00	1.119E-109	0	166	168	0	166	168	167M
11961	8183	-2.509E+02	1.00	1.119E-109	0	166	168	0	166	168	167M
11961	11961	-2.506E+02	1.00	1.534E-109	0	167	168	0	167	168	168M
11962	4293	-5.013E+02	0.994	1.896E-218	0	339	408	0	339	351	340M
11962	8184	-6.144E+02	1.00	1.480E-267	0	406	408	0	406	408	407M
11962	11962	-6.141E+02	1.00	2.027E-267	0	407	408	0	407	408	408M
11963	1585	-2.355E+02	1.00	5.437E-103	0	158	160	0	158	160	159M
11963	8185	-2.355E+02	1.00	5.437E-103	0	158	160	0	158	160	159M
11963	11963	-2.352E+02	1.00	7.455E-103	0	159	160	0	159	160	160M
11964	1586	-5.314E+02	0.997	1.669E-231	0	335	337	0	335	337	336M
11964	8186	-5.317E+02	1.00	1.218E-231	0	335	337	0	335	337	336M
11964	11964	-5.314E+02	1.00	1.669E-231	0	336	337	0	336	337	337M
11965	1587	-7.084E+02	0.996	0.000E+00	0	540	542	0	540	542	541M
11965	8187	-7.084E+02	1.00	0.000E+00	0	540	542	0	540	542	541M
11965	11965	-7.084E+02	1.00	0.000E+00	0	541	542	0	541	542	542M
11966	1588	-4.103E+02	1.00	6.130E-179	0	267	270	0	267	270	268M
11966	8188	-4.116E+02	1.00	1.737E-179	0	268	270	0	268	270	269M
11966	11966	-4.113E+02	1.00	2.381E-179	0	269	270	0	269	270	270M
11967	1589	-6.609E+02	1.00	9.667E-288	0	443	445	0	443	445	444M
11967	8189	-6.609E+02	1.00	9.667E-288	0	443	445	0	443	445	444M
11967	11967	-6.606E+02	1.00	1.325E-287	0	444	445	0	444	445	445M
11968	1590	-1.772E+02	1.00	1.086E-77	0	122	124	0	122	124	123M
11968	8190	-1.772E+02	1.00	1.086E-77	0	122	124	0	122	124	123M
11968	11968	-1.769E+02	1.00	1.489E-77	0	123	124	0	123	124	124M
11969	1591	-3.173E+02	1.00	1.659E-138	0	223	225	0	223	225	224M
11969	8191	-3.173E+02	1.00	1.659E-138	0	223	225	0	223	225	224M
11969	11969	-3.169E+02	1.00	2.275E-138	0	224	225	0	224	225	225M
11970	1592	-2.256E+02	1.00	1.020E-98	0	146	148	0	146	148	147M
11970	8192	-2.256E+02	1.00	1.020E-98	0	146	148	0	146	148	147M
11970	11970	-2.253E+02	1.00	1.399E-98	0	147	148	0	147	148	148M
11971	1593	-4.351E+02	0.992	1.095E-189	0	278	280	0	278	280	279M
11971	8193	-4.376E+02	1.00	8.793E-191	0	278	280	0	278	280	279M
11971	11971	-4.373E+02	1.00	1.205E-190	0	279	280	0	279	280	280M
11972	1594	-4.046E+02	0.996	1.872E-176	0	269	271	0	269	271	270M
11972	8194	-4.059E+02	1.00	5.305E-177	0	269	271	0	269	271	270M
11972	11972	-4.056E+02	1.00	7.271E-177	0	270	271	0	270	271	271M
11973	1595	-4.749E+02	0.993	5.639E-207	0	323	325	0	323	325	324M
11973	8195	-4.768E+02	1.00	8.512E-208	0	323	325	0	323	325	324M
11973	11973	-4.765E+02	1.00	1.167E-207	0	324	325	0	324	325	325M
11974	1596	-2.145E+02	1.00	6.916E-94	0	141	143	0	141	143	142M
11974	8196	-2.145E+02	1.00	6.916E-94	0	141	143	0	141	143	142M
11974	11974	-2.142E+02	1.00	9.484E-94	0	142	143	0	142	143	143M
11975	1597	-1.732E+02	1.00	6.119E-76	0	127	129	0	127	129	128M
11975	8197	-1.732E+02	1.00	6.119E-76	0	127	129	0	127	129	128M
11975	11975	-1.729E+02	1.00	8.391E-76	0	128	129	0	128	129	129M
11976	1598	-3.324E+02	0.995	4.356E-145	0	216	218	0	216	218	217M
11976	8198	-3.340E+02	1.00	9.000E-146	0	216	218	0	216	218	217M
11976	11976	-3.337E+02	1.00	1.234E-145	0	217	218	0	217	218	218M
11977	1599	-2.101E+02	1.00	5.748E-92	0	141	143	0	141	143	142M
11977	8199	-2.101E+02	1.00	5.748E-92	0	141	143	0	141	143	142M
11977	11977	-2.098E+02	1.00	7.881E-92	0	142	143	0	142	143	143M
11978	1600	-3.213E+02	0.995	2.842E-140	0	217	219	0	217	219	218M
11978	8200	-3.226E+02	1.00	8.048E-141	0	217	219	0	217	219	218M
11978	11978	-3.223E+02	1.00	1.103E-140	0	218	219	0	218	219	219M
11979	1601	-7.084E+02	0.975	0.000E+00	0	645	647	0	645	647	646M
11979	8201	-7.084E+02	1.00	0.000E+00	0	645	647	0	645	647	646M
11979	11979	-7.084E+02	1.00	0.000E+00	0	646	647	0	646	647	647M
11980	1602	-3.986E+02	0.974	7.935E-174	0	277	279	0	277	279	278M
11980	8202	-4.080E+02	1.00	6.204E-178	0	277	279	0	277	279	278M
11980	11980	-4.077E+02	1.00	8.503E-178	0	278	279	0	278	279	279M
11981	1603	-5.896E+02	0.997	8.796E-257	0	384	386	0	384	386	385M
11981	8203	-5.921E+02	1.00	7.072E-258	0	384	386	0	384	386	385M
11981	11981	-5.918E+02	1.00	9.692E-258	0	385	386	0	385	386	386M
11982	1604	-7.084E+02	0.975	0.000E+00	0	536	538	0	536	538	537M
11982	8204	-7.084E+02	1.00	0.000E+00	0	536	538	0	536	538	537M
11982	11982	-7.084E+02	1.00	0.000E+00	0	537	538	0	537	538	538M
11983	1605	-4.290E+02	0.969	4.934E-187	0	294	296	0	295	304	288M1D7M
11983	8205	-4.441E+02	1.00	1.326E-193	0	294	296	0	294	296	295M
11983	11983	-4.438E+02	1.00	1.818E-193	0	295	296	0	295	296	296M
11984	1606	-7.084E+02	0.993	0.000E+00	0	600	602	0	600	602	601M
11984	8206	-7.084E+02	1.00	0.000E+00	0	600	602	0	600	602	601M
11984	11984	-7.084E+02	1.00	0.000E+00	0	601	602	0	601	602	602M
11985	1607	-3.017E+02	0.994	9.245E-132	0	198	200	0	198	200	199M
11985	8207	-3.020E+02	1.00	6.744E-132	0	198	200	0	198	200	199M
11985	11985	-3.017E+02	1.00	9.245E-132	0	199	200	0	199	200	200M
11986	1608	-5.911E+02	0.992	1.998E-257	0	386	388	0	386	388	387M
11986	8208	-5.955E+02	1.00	2.426E-259	0	386	388	0	386	388	387M
11986	11986	-5.952E+02	1.00	3.325E-259	0	387	388	0	387	388	388M
11987	1609	-2.711E+02	0.946	1.912E-118	0	186	188	0	186	188	187M
11987	8209	-2.840E+02	1.00	4.613E-124	0	186	188	0	186	188	187M
11987	11987	-2.837E+02	1.00	6.324E-124	0	187	188	0	187	188	188M
11988	8210	-2.027E+02	1.00	9.053E-89	0	130	132	0	130	132	131M
11988	11988	-2.024E+02	1.00	1.241E-88	0	131	132	0	131	132	132M
11989	1463	-3.300E+02	1.00	4.638E-144	0	227	228	0	227	522	228M
11989	6926	-3.300E+02	1.00	4.638E-144	0	227	228	0	227	522	228M
11989	11989	-3.300E+02	1.00	4.638E-144	0	227	228	0	227	228	228M
11990	3395	-2.405E+02	0.994	3.617E-105	0	172	174	0	172	174	173M
11990	6927	-2.408E+02	1.00	2.638E-105	0	172	174	0	172	174	173M
11990	11990	-2.405E+02	1.00	3.617E-105	0	173	174	0	173	174	174M
11991	3394	-2.541E+02	0.989	4.566E-111	0	185	187	0	185	187	186M
11991	6928	-2.582E+02	1.00	7.559E-113	0	185	187	0	185	187	186M
11991	11991	-2.579E+02	1.00	1.036E-112	0	186	187	0	186	187	187M
11992	3393	-4.543E+02	1.00	5.098E-198	0	299	301	0	299	301	300M
11992	6929	-4.543E+02	1.00	5.098E-198	0	299	301	0	299	301	300M
11992	11992	-4.540E+02	1.00	6.986E-198	0	300	301	0	300	301	301M
11993	3392	-4.910E+02	0.994	5.834E-214	0	343	345	0	343	345	344M
11993	6930	-4.945E+02	1.00	1.823E-215	0	343	345	0	343	345	344M
11993	11993	-4.941E+02	1.00	2.498E-215	0	344	345	0	344	345	345M
11994	3391	-1.605E+02	1.00	1.933E-70	0	108	110	0	108	110	109M
11994	6931	-1.605E+02	1.00	1.933E-70	0	108	110	0	108	110	109M
11994	11994	-1.602E+02	1.00	2.652E-70	0	109	110	0	109	110	110M
11995	3390	-2.041E+02	0.957	2.316E-89	0	141	143	0	141	143	142M
11995	6932	-2.098E+02	1.00	7.881E-92	0	141	143	0	141	143	142M
11995	11995	-2.095E+02	1.00	1.081E-91	0	142	143	0	142	143	143M
11996	3389	-6.140E+01	1.00	2.153E-27	0	52	54	0	52	54	53M
11996	6933	-6.140E+01	1.00	2.153E-27	0	52	54	0	52	54	53M
11996	11996	-6.109E+01	1.00	2.957E-27	0	53	54	0	53	54	54M
11997	3388	-7.084E+02	0.979	0.000E+00	0	623	625	0	623	625	624M
11997	6934	-7.084E+02	1.00	0.000E+00	0	623	625	0	623	625	624M
11997	11997	-7.084E+02	1.00	0.000E+00	0	624	625	0	624	625	625M
11998	3387	-3.461E+02	0.982	5.038E-151	0	227	229	0	227	229	228M
11998	6935	-3.495E+02	1.00	1.570E-152	0	227	229	0	227	229	228M
11998	11998	-3.492E+02	1.00	2.151E-152	0	228	229	0	228	229	229M
11999	3386	-4.652E+02	0.996	9.360E-203	0	295	297	0	295	297	296M
11999	6936	-4.671E+02	1.00	1.412E-203	0	295	297	0	295	297	296M
11999	11999	-4.668E+02	1.00	1.935E-203	0	296	297	0	296	297	297M
12000	3385	-2.920E+02	0.953	1.538E-127	31	244	246	0	213	215	214M
12000	6937	-3.550E+02	1.00	6.389E-155	0	244	246	0	244	246	245M
12000	12000	-3.547E+02	1.00	8.758E-155	0	245	246	0	245	246	246M
12001	3417	-7.413E+02	0.985	1.136E-322	0	488	490	3	491	493	489M
12001	6938	-7.084E+02	1.00	0.000E+00	0	488	490	0	488	490	489M
12001	12001	-7.084E+02	1.00	0.000E+00	0	489	490	0	489	490	490M
12002	3416	-3.365E+02	0.954	7.305E-147	0	242	245	0	242	245	243M
12002	6939	-3.535E+02	1.00	2.949E-154	0	243	245	0	243	245	244M
12002	12002	-3.532E+02	1.00	4.042E-154	0	244	245	0	244	245	245M
12003	3415	-4.480E+02	0.986	2.749E-195	0	292	294	0	292	294	293M
12003	6940	-4.530E+02	1.00	1.774E-197	0	292	294	0	292	294	293M
12003	12003	-4.527E+02	1.00	2.431E-197	0	293	294	0	293	294	294M
12004	3414	-4.160E+02	1.00	2.091E-181	0	288	290	0	288	290	289M
12004	6941	-4.160E+02	1.00	2.091E-181	0	288	290	0	288	290	289M
12004	12004	-4.157E+02	1.00	2.866E-181	0	289	290	0	289	290	290M
12005	3413	-3.838E+02	0.988	2.103E-167	0	263	265	0	263	265	264M
12005	6942	-3.882E+02	1.00	2.547E-169	0	263	265	0	263	265	264M
12005	12005	-3.879E+02	1.00	3.491E-169	0	264	265	0	264	265	265M
12006	3412	-5.218E+02	0.997	2.485E-227	0	345	347	0	345	347	346M
12006	6943	-5.221E+02	1.00	1.814E-227	0	345	347	0	345	347	346M
12006	12006	-5.218E+02	1.00	2.485E-227	0	346	347	0	346	347	347M
12007	3411	-2.120E+02	0.985	8.238E-93	0	140	142	0	140	395	141M
12007	6944	-2.146E+02	1.00	6.590E-94	0	140	142	0	140	142	141M
12007	12007	-2.142E+02	1.00	9.037E-94	0	141	142	0	141	142	142M
12008	3411	-3.793E+02	0.987	1.826E-165	0	244	246	149	393	395	245M
12008	6945	-3.825E+02	1.00	7.801E-167	0	244	246	0	244	246	245M
12008	12008	-3.822E+02	1.00	1.069E-166	0	245	246	0	245	246	246M
12009	3410	-6.507E+02	0.982	2.646E-283	38	487	489	0	449	451	450M
12009	6946	-7.244E+02	1.00	2.620E-315	0	487	489	0	487	489	488M
12009	12009	-7.240E+02	1.00	3.590E-315	0	488	489	0	488	489	489M
12010	4339	-6.928E+02	0.993	1.384E-301	21	462	464	0	441	443	442M
12010	6947	-7.318E+02	1.00	1.502E-318	0	462	464	0	462	464	463M
12010	12010	-7.315E+02	1.00	2.058E-318	0	463	464	0	463	464	464M
12011	4235	-5.500E+02	0.994	1.399E-239	0	366	432	0	366	367	367M
12011	6948	-6.605E+02	1.00	1.358E-287	0	430	432	0	430	432	431M
12011	12011	-6.602E+02	1.00	1.861E-287	0	431	432	0	431	432	432M
12012	4236	-3.702E+02	0.955	1.717E-161	0	271	273	0	271	273	272M
12012	6949	-3.907E+02	1.00	2.172E-170	0	271	273	0	271	273	272M
12012	12012	-3.903E+02	1.00	2.977E-170	0	272	273	0	272	273	273M
12013	1242	-3.508E+01	0.970	5.814E-16	0	33	35	110	143	145	34M
12013	5826	-3.604E+01	1.00	2.237E-16	0	33	35	0	33	35	34M
12013	10186	-3.604E+01	1.00	2.237E-16	0	33	35	0	33	35	34M
12014	2939	-3.068E+02	0.941	5.613E-134	0	238	239	0	238	1434	239M
12014	8232	-3.238E+02	1.00	2.268E-141	0	238	239	0	238	239	239M
12014	12014	-3.238E+02	1.00	2.268E-141	0	238	239	0	238	239	239M
12015	4336	-8.506E+01	0.762	1.143E-37	8	86	88	7	86	91	34M1D45M
12015	8233	-1.249E+02	1.00	5.528E-55	0	86	88	0	86	88	87M
12015	12015	-1.246E+02	1.00	7.584E-55	0	87	88	0	87	88	88M
12016	8234	-3.421E+02	1.00	2.764E-149	0	225	227	0	225	227	226M
12016	12016	-3.418E+02	1.00	3.789E-149	0	226	227	0	226	227	227M
12017	8235	-2.333E+02	1.00	4.853E-102	0	151	153	0	151	153	152M
12017	12017	-2.330E+02	1.00	6.654E-102	0	152	153	0	152	153	153M
12018	8236	-1.414E+02	1.00	3.837E-62	0	98	100	0	98	100	99M
12018	12018	-1.411E+02	1.00	5.263E-62	0	99	100	0	99	100	100M
12019	2597	-2.412E+02	0.982	1.750E-105	0	170	172	0	170	172	171M
12019	8237	-2.478E+02	1.00	2.318E-108	0	170	172	0	170	172	171M
12019	12019	-2.475E+02	1.00	3.178E-108	0	171	172	0	171	172	172M
12020	2598	-4.544E+02	0.996	4.703E-198	0	304	306	0	304	306	305M
12020	8238	-4.553E+02	1.00	1.827E-198	0	304	306	0	304	306	305M
12020	12020	-4.550E+02	1.00	2.504E-198	0	305	306	0	305	306	306M
12021	2599	-2.696E+02	0.551	8.331E-118	0	391	393	0	322	324	49M35I5M14I2M3I5M13I31M2I28M5I6M3D194M
12021	8239	-5.956E+02	1.00	2.237E-259	0	391	393	0	391	393	392M
12021	12021	-5.952E+02	1.00	3.065E-259	0	392	393	0	392	393	393M
12022	2600	-1.589E+02	0.974	1.010E-69	0	116	118	0	116	118	117M
12022	8240	-1.630E+02	1.00	1.661E-71	0	116	118	0	116	118	117M
12022	12022	-1.627E+02	1.00	2.279E-71	0	117	118	0	117	118	118M
12023	8241	-2.689E+02	1.00	1.678E-117	0	172	174	0	172	174	173M
12023	12023	-2.686E+02	1.00	2.300E-117	0	173	174	0	173	174	174M
12024	2601	-9.150E+01	1.00	1.826E-40	0	68	73	0	68	73	69M
12024	8242	-9.625E+01	1.00	1.580E-42	0	71	73	0	71	73	72M
12024	12024	-9.593E+01	1.00	2.169E-42	0	72	73	0	72	73	73M
12025	2602	-1.925E+02	0.863	2.539E-84	0	146	148	0	146	148	147M
12025	8243	-2.200E+02	1.00	2.996E-96	0	146	148	0	146	148	147M
12025	12025	-2.196E+02	1.00	4.108E-96	0	147	148	0	147	148	148M
12026	2603	-1.517E+02	0.844	1.341E-66	0	121	123	0	121	123	122M
12026	8244	-1.801E+02	1.00	6.025E-79	0	121	123	0	121	123	122M
12026	12026	-1.798E+02	1.00	8.264E-79	0	122	123	0	122	123	123M
12027	2604	-1.513E+02	0.786	1.902E-66	0	135	137	0	133	135	45M1I79M1I10M
12027	8245	-2.000E+02	1.00	1.442E-87	0	135	137	0	135	137	136M
12027	12027	-1.996E+02	1.00	1.978E-87	0	136	137	0	136	137	137M
12028	8246	-1.396E+02	1.00	2.318E-61	0	96	98	0	96	98	97M
12028	12028	-1.393E+02	1.00	3.179E-61	0	97	98	0	97	98	98M
12029	8247	-8.710E+01	1.00	1.485E-38	0	64	66	0	64	66	65M
12029	12029	-8.679E+01	1.00	2.038E-38	0	65	66	0	65	66	66M
12030	2605	-1.653E+02	0.901	1.690E-72	0	121	123	15	136	138	122M
12030	8248	-1.814E+02	1.00	1.703E-79	0	121	123	0	121	123	122M
12030	12030	-1.811E+02	1.00	2.336E-79	0	122	123	0	122	123	123M
12031	2606	-4.063E+01	0.452	2.256E-18	0	110	127	0	106	130	9M1I28M7I7M4D59M
12031	8249	-1.717E+02	1.00	2.696E-75	0	125	127	0	125	127	126M
12031	12031	-1.714E+02	1.00	3.697E-75	0	126	127	0	126	127	127M
12032	2607	-2.892E+01	0.357	2.757E-13	2	110	112	119	220	222	66M7I36M
12032	8250	-1.487E+02	1.00	2.550E-65	0	110	112	0	110	112	111M
12032	12032	-1.484E+02	1.00	3.498E-65	0	111	112	0	111	112	112M
12033	8251	-4.810E+02	1.00	1.333E-209	0	315	317	0	315	317	316M
12033	12033	-4.806E+02	1.00	1.827E-209	0	316	317	0	316	317	317M
12034	8252	-3.715E+02	1.00	4.383E-162	0	262	264	0	262	264	263M
12034	12034	-3.712E+02	1.00	6.007E-162	0	263	264	0	263	264	264M
12035	8253	-1.462E+02	1.00	3.118E-64	0	103	105	0	103	105	104M
12035	12035	-1.459E+02	1.00	4.277E-64	0	104	105	0	104	105	105M
12036	8254	-5.584E+01	1.00	5.583E-25	0	49	51	0	49	51	50M
12036	12036	-5.553E+01	1.00	7.670E-25	0	50	51	0	50	51	51M
12037	2611	-4.629E+01	0.591	7.883E-21	0	68	77	0	70	81	4M2D65M
12037	8255	-1.087E+02	1.00	6.121E-48	0	75	77	0	75	77	76M
12037	12037	-1.084E+02	1.00	8.400E-48	0	76	77	0	76	77	77M
12038	2613	-4.795E+02	0.856	5.787E-209	6	367	369	5	366	368	362M
12038	8256	-5.548E+02	1.00	1.154E-241	0	367	369	0	367	369	368M
12038	12038	-5.545E+02	1.00	1.582E-241	0	368	369	0	368	369	369M
12039	2614	-9.559E+01	0.275	3.056E-42	2	441	447	3	474	484	37M4I54M1I38M13D34M1D36M11D6M1D63M2D12M2D60M2I26M9D67M
12039	8257	-6.813E+02	1.00	1.358E-296	0	445	447	0	445	447	446M
12039	12039	-6.809E+02	1.00	1.861E-296	0	446	447	0	446	447	447M
12040	8258	-6.789E+02	1.00	1.502E-295	0	429	431	0	429	431	430M
12040	12040	-6.785E+02	1.00	2.058E-295	0	430	431	0	430	431	431M
12041	8259	-2.422E+02	1.00	6.790E-106	0	170	172	0	170	172	171M
12041	12041	-2.418E+02	1.00	9.309E-106	0	171	172	0	171	172	172M
12042	3921	-3.029E+02	0.863	2.704E-132	0	212	214	0	212	214	213M
12042	8260	-3.408E+02	1.00	9.887E-149	0	212	214	0	212	214	213M
12042	12042	-3.405E+02	1.00	1.355E-148	0	213	214	0	213	214	214M
12043	3922	-1.222E+02	0.645	8.295E-54	0	142	145	0	140	143	87M1D4M3I49M
12043	8261	-2.188E+02	1.00	9.166E-96	0	143	145	0	143	145	144M
12043	12043	-2.185E+02	1.00	1.257E-95	0	144	145	0	144	145	145M
12044	4103	-9.761E+01	0.520	4.044E-43	0	144	152	0	146	156	109M1D3M3I6M4D24M
12044	8262	-2.305E+02	1.00	7.923E-101	0	150	152	0	150	152	151M
12044	12044	-2.302E+02	1.00	1.086E-100	0	151	152	0	151	152	152M
12045	3712	-7.079E+02	1.00	3.527E-308	0	481	483	9	490	492	482M
12045	8275	-7.079E+02	1.00	3.527E-308	0	481	483	0	481	483	482M
12045	12045	-7.076E+02	1.00	4.833E-308	0	482	483	0	482	483	483M
12046	3713	-1.550E+02	1.00	4.818E-68	0	111	113	0	111	113	112M
12046	8274	-1.550E+02	1.00	4.818E-68	0	111	113	0	111	113	112M
12046	12046	-1.547E+02	1.00	6.608E-68	0	112	113	0	112	113	113M
12047	3714	-1.118E+02	1.00	2.671E-49	0	82	84	0	82	84	83M
12047	8273	-1.118E+02	1.00	2.671E-49	0	82	84	0	82	84	83M
12047	12047	-1.115E+02	1.00	3.665E-49	0	83	84	0	83	84	84M
12048	3715	-6.221E+02	1.00	6.844E-271	0	417	419	0	417	419	418M
12048	8272	-6.221E+02	1.00	6.844E-271	0	417	419	0	417	419	418M
12048	12048	-6.218E+02	1.00	9.378E-271	0	418	419	0	418	419	419M
12049	3716	-3.335E+02	1.00	1.445E-145	0	226	228	0	226	228	227M
12049	8271	-3.335E+02	1.00	1.445E-145	0	226	228	0	226	228	227M
12049	12049	-3.332E+02	1.00	1.981E-145	0	227	228	0	227	228	228M
12050	3717	-6.450E+02	0.990	7.615E-281	0	439	441	0	439	441	440M
12050	8270	-6.510E+02	1.00	1.916E-283	0	439	441	0	439	441	440M
12050	12050	-6.507E+02	1.00	2.625E-283	0	440	441	0	440	441	441M
12051	3718	-5.302E+02	0.983	5.382E-231	0	360	362	0	360	362	361M
12051	8269	-5.397E+02	1.00	4.224E-235	0	360	362	0	360	362	361M
12051	12051	-5.394E+02	1.00	5.788E-235	0	361	362	0	361	362	362M
12052	8268	-7.104E+02	1.00	2.882E-309	0	461	463	0	461	463	462M
12052	12052	-7.101E+02	1.00	3.950E-309	0	462	463	0	462	463	463M
12053	4405	-2.948E+02	0.807	9.586E-129	0	266	282	0	280	281	50M1D203M13D14M
12053	8267	-3.839E+02	1.00	1.807E-167	0	280	282	0	280	282	281M
12053	12053	-3.836E+02	1.00	2.477E-167	0	281	282	0	281	282	282M
12054	8266	-1.960E+02	1.00	7.567E-86	0	132	134	0	132	134	133M
12054	12054	-1.957E+02	1.00	1.038E-85	0	133	134	0	133	134	134M
12055	8265	-1.949E+02	1.00	2.315E-85	0	129	131	0	129	131	130M
12055	12055	-1.946E+02	1.00	3.174E-85	0	130	131	0	130	131	131M
12056	8264	-5.628E+02	1.00	3.977E-245	0	392	394	0	392	394	393M
12056	12056	-5.624E+02	1.00	5.450E-245	0	393	394	0	393	394	394M
12057	8263	-7.084E+02	1.00	0.000E+00	0	564	566	0	564	566	565M
12057	12057	-7.084E+02	1.00	0.000E+00	0	565	566	0	565	566	566M
12058	1242	-3.508E+01	0.970	5.814E-16	0	33	35	110	143	145	34M
12058	5826	-3.604E+01	1.00	2.237E-16	0	33	35	0	33	35	34M
12058	10186	-3.604E+01	1.00	2.237E-16	0	33	35	0	33	35	34M
12059	8288	-7.425E+01	1.00	5.656E-33	0	55	57	0	55	57	56M
12059	12059	-7.394E+01	1.00	7.767E-33	0	56	57	0	56	57	57M
12060	2950	-7.084E+02	0.966	0.000E+00	0	635	637	0	635	637	636M
12060	8287	-7.084E+02	1.00	0.000E+00	0	635	637	0	635	637	636M
12060	12060	-7.084E+02	1.00	0.000E+00	0	636	637	0	636	637	637M
12061	2951	-3.605E+02	0.974	2.692E-157	0	235	237	0	235	237	236M
12061	8286	-3.681E+02	1.00	1.391E-160	0	235	237	0	235	237	236M
12061	12061	-3.678E+02	1.00	1.907E-160	0	236	237	0	236	237	237M
12062	8285	-1.153E+02	1.00	8.066E-51	0	88	90	0	88	90	89M
12062	12062	-1.150E+02	1.00	1.107E-50	0	89	90	0	89	90	90M
12063	8284	-1.724E+02	1.00	1.335E-75	0	117	119	0	117	119	118M
12063	12063	-1.721E+02	1.00	1.830E-75	0	118	119	0	118	119	119M
12064	8283	-1.468E+02	1.00	1.740E-64	0	104	106	0	104	106	105M
12064	12064	-1.465E+02	1.00	2.387E-64	0	105	106	0	105	106	106M
12065	2439	-1.462E+02	0.384	3.144E-64	6	303	311	6	302	305	36M3D17M1D64M3I74M2I102M
12065	8282	-4.636E+02	1.00	4.654E-202	0	309	311	0	309	311	310M
12065	12065	-4.633E+02	1.00	6.378E-202	0	310	311	0	310	311	311M
12066	8281	-9.768E+01	1.00	3.771E-43	0	74	76	0	74	76	75M
12066	12066	-9.737E+01	1.00	5.176E-43	0	75	76	0	75	76	76M
12067	8280	-7.084E+02	1.00	0.000E+00	0	499	501	0	499	501	500M
12067	12067	-7.084E+02	1.00	0.000E+00	0	500	501	0	500	501	501M
12068	8279	-5.942E+02	1.00	8.557E-259	0	386	388	0	386	388	387M
12068	12068	-5.939E+02	1.00	1.173E-258	0	387	388	0	387	388	388M
12069	8278	-2.667E+02	1.00	1.535E-116	0	192	194	0	192	194	193M
12069	12069	-2.664E+02	1.00	2.104E-116	0	193	194	0	193	194	194M
12070	477	-7.084E+02	1.00	0.000E+00	0	597	599	0	597	599	598M
12070	8277	-7.084E+02	1.00	0.000E+00	0	597	599	0	597	599	598M
12070	12070	-7.084E+02	1.00	0.000E+00	0	598	599	0	598	599	599M
12071	1242	-3.694E+01	0.971	9.096E-17	0	34	36	109	143	145	35M
12071	5348	-3.789E+01	1.00	3.501E-17	0	34	36	0	34	36	35M
12071	9408	-3.789E+01	1.00	3.501E-17	0	34	36	0	34	36	35M
12072	1242	-3.508E+01	0.970	5.814E-16	0	33	35	110	143	145	34M
12072	5826	-3.604E+01	1.00	2.237E-16	0	33	35	0	33	35	34M
12072	10186	-3.604E+01	1.00	2.237E-16	0	33	35	0	33	35	34M
12073	3548	-1.124E+02	0.987	1.566E-49	7	84	86	175	252	254	78M
12073	8314	-1.247E+02	1.00	6.867E-55	0	84	86	0	84	86	85M
12073	12073	-1.244E+02	1.00	9.422E-55	0	85	86	0	85	86	86M
12074	3549	-3.370E+02	0.986	4.502E-147	0	226	228	0	226	228	227M
12074	8313	-3.423E+02	1.00	2.114E-149	0	226	228	0	226	228	227M
12074	12074	-3.420E+02	1.00	2.898E-149	0	227	228	0	227	228	228M
12075	3550	-2.683E+02	0.983	2.975E-117	0	184	186	0	184	186	185M
12075	8312	-2.715E+02	1.00	1.268E-118	0	184	186	0	184	186	185M
12075	12075	-2.712E+02	1.00	1.739E-118	0	185	186	0	185	186	186M
12076	1989	-6.272E+01	0.378	5.792E-28	11	150	166	0	139	152	140M
12076	8311	-2.371E+02	1.00	1.090E-103	0	164	166	0	164	166	165M
12076	12076	-2.368E+02	1.00	1.495E-103	0	165	166	0	165	166	166M
12077	8310	-1.838E+02	1.00	1.500E-80	0	123	125	0	123	125	124M
12077	12077	-1.835E+02	1.00	2.057E-80	0	124	125	0	124	125	125M
12078	3908	-2.091E+02	0.788	1.622E-91	0	179	185	0	179	184	180M
12078	8309	-2.684E+02	1.00	2.836E-117	0	183	185	0	183	185	184M
12078	12078	-2.680E+02	1.00	3.889E-117	0	184	185	0	184	185	185M
12079	3995	-7.084E+02	0.990	0.000E+00	0	755	757	0	755	757	756M
12079	8308	-7.084E+02	1.00	0.000E+00	0	755	757	0	755	757	756M
12079	12079	-7.084E+02	1.00	0.000E+00	0	756	757	0	756	757	757M
12080	3994	-5.988E+02	0.997	9.017E-261	0	410	412	0	410	412	411M
12080	8307	-6.000E+02	1.00	2.558E-261	0	410	412	0	410	412	411M
12080	12080	-5.997E+02	1.00	3.505E-261	0	411	412	0	411	412	412M
12081	3993	-1.058E+02	1.00	1.091E-46	0	82	84	0	82	84	83M
12081	8306	-1.058E+02	1.00	1.091E-46	0	82	84	0	82	84	83M
12081	12081	-1.055E+02	1.00	1.497E-46	0	83	84	0	83	84	84M
12082	4212	-2.246E+02	0.987	2.956E-98	0	155	157	0	155	157	156M
12082	8305	-2.258E+02	1.00	8.363E-99	0	155	157	0	155	157	156M
12082	12082	-2.255E+02	1.00	1.147E-98	0	156	157	0	156	157	157M
12083	4214	-1.373E+02	1.00	2.387E-60	0	92	94	0	92	94	93M
12083	8304	-1.373E+02	1.00	2.387E-60	0	92	94	0	92	94	93M
12083	12083	-1.370E+02	1.00	3.275E-60	0	93	94	0	93	94	94M
12084	4459	-1.663E+02	0.983	6.076E-73	0	120	128	0	120	123	121M
12084	12084	-1.792E+02	1.00	1.444E-78	0	127	128	0	127	128	128M
12085	3025	-1.861E+02	0.759	1.458E-81	0	165	169	0	165	169	166M
12085	8364	-2.492E+02	1.00	5.684E-109	0	167	169	0	167	169	168M
12085	12085	-2.489E+02	1.00	7.794E-109	0	168	169	0	168	169	169M
12086	1242	-3.508E+01	0.970	5.814E-16	0	33	35	110	143	145	34M
12086	5826	-3.604E+01	1.00	2.237E-16	0	33	35	0	33	35	34M
12086	10186	-3.604E+01	1.00	2.237E-16	0	33	35	0	33	35	34M
12087	1480	-5.494E+02	0.997	2.587E-239	0	348	350	0	348	350	349M
12087	8230	-5.509E+02	1.00	5.351E-240	0	348	350	0	348	350	349M
12087	12087	-5.506E+02	1.00	7.334E-240	0	349	350	0	349	350	350M
12088	1481	-3.798E+02	1.00	1.100E-165	0	260	262	0	260	262	261M
12088	8229	-3.798E+02	1.00	1.100E-165	0	260	262	0	260	262	261M
12088	12088	-3.795E+02	1.00	1.508E-165	0	261	262	0	261	262	262M
12089	1482	-1.459E+02	1.00	4.491E-64	0	104	106	0	104	106	105M
12089	8228	-1.459E+02	1.00	4.491E-64	0	104	106	0	104	106	105M
12089	12089	-1.455E+02	1.00	6.160E-64	0	105	106	0	105	106	106M
12090	1483	-6.797E+02	0.997	6.488E-296	0	438	440	0	438	440	439M
12090	8227	-6.810E+02	1.00	1.840E-296	0	438	440	0	438	440	439M
12090	12090	-6.806E+02	1.00	2.521E-296	0	439	440	0	439	440	440M
12091	1484	-5.910E+02	0.997	2.094E-257	0	387	389	0	387	389	388M
12091	8226	-5.923E+02	1.00	5.938E-258	0	387	389	0	387	389	388M
12091	12091	-5.920E+02	1.00	8.137E-258	0	388	389	0	388	389	389M
12092	1485	-5.129E+02	0.997	1.831E-223	0	340	342	0	340	342	341M
12092	8225	-5.144E+02	1.00	3.787E-224	0	340	342	0	340	342	341M
12092	12092	-5.141E+02	1.00	5.190E-224	0	341	342	0	341	342	342M
12093	1486	-7.084E+02	0.997	0.000E+00	0	877	879	0	877	879	878M
12093	8224	-7.084E+02	1.00	0.000E+00	0	877	879	0	877	879	878M
12093	12093	-7.084E+02	1.00	0.000E+00	0	878	879	0	878	879	879M
12094	1487	-6.245E+02	1.00	5.827E-272	0	425	427	0	425	427	426M
12094	8223	-6.245E+02	1.00	5.827E-272	0	425	427	0	425	427	426M
12094	12094	-6.242E+02	1.00	7.984E-272	0	426	427	0	426	427	427M
12095	12095	-1.595E+02	1.00	5.501E-70	0	111	112	0	111	112	112M
12096	1242	-3.694E+01	0.971	9.096E-17	0	34	36	109	143	145	35M
12096	5348	-3.789E+01	1.00	3.501E-17	0	34	36	0	34	36	35M
12096	9408	-3.789E+01	1.00	3.501E-17	0	34	36	0	34	36	35M
12097	1322	-7.084E+02	0.978	0.000E+00	7	872	874	69	934	936	866M
12097	8300	-7.084E+02	1.00	0.000E+00	0	872	874	0	872	874	873M
12097	12097	-7.084E+02	1.00	0.000E+00	0	873	874	0	873	874	874M
12098	1321	-4.373E+02	0.996	1.158E-190	0	304	306	0	304	306	305M
12098	8299	-4.383E+02	1.00	4.497E-191	0	304	306	0	304	306	305M
12098	12098	-4.380E+02	1.00	6.163E-191	0	305	306	0	305	306	306M
12099	1320	-4.398E+02	1.00	9.986E-192	0	272	274	0	272	274	273M
12099	8298	-4.398E+02	1.00	9.986E-192	0	272	274	0	272	274	273M
12099	12099	-4.395E+02	1.00	1.369E-191	0	273	274	0	273	274	274M
12100	1319	-7.433E+02	0.997	1.482E-323	0	495	497	0	495	497	496M
12100	8297	-7.084E+02	1.00	0.000E+00	0	495	497	0	495	497	496M
12100	12100	-7.084E+02	1.00	0.000E+00	0	496	497	0	496	497	497M
12101	1318	-2.085E+02	1.00	2.924E-91	0	142	144	0	142	144	143M
12101	8296	-2.085E+02	1.00	2.924E-91	0	142	144	0	142	144	143M
12101	12101	-2.081E+02	1.00	4.009E-91	0	143	144	0	143	144	144M
12102	1317	-1.951E+02	0.986	1.847E-85	0	144	146	0	144	146	145M
12102	8295	-1.983E+02	1.00	7.857E-87	0	144	146	0	144	146	145M
12102	12102	-1.979E+02	1.00	1.077E-86	0	145	146	0	145	146	146M
12103	1316	-1.898E+02	1.00	3.898E-83	0	124	126	0	124	126	125M
12103	8294	-1.898E+02	1.00	3.898E-83	0	124	126	0	124	126	125M
12103	12103	-1.894E+02	1.00	5.346E-83	0	125	126	0	125	126	126M
12104	1315	-4.189E+02	1.00	1.138E-182	0	273	275	0	273	275	274M
12104	8293	-4.189E+02	1.00	1.138E-182	0	273	275	0	273	275	274M
12104	12104	-4.186E+02	1.00	1.560E-182	0	274	275	0	274	275	275M
12105	1314	-2.487E+02	0.994	9.893E-109	0	172	174	0	172	174	173M
12105	8292	-2.506E+02	1.00	1.490E-109	0	172	174	0	172	174	173M
12105	12105	-2.503E+02	1.00	2.042E-109	0	173	174	0	173	174	174M
12106	1313	-5.027E+02	0.996	4.634E-219	0	321	323	0	321	323	322M
12106	8291	-5.046E+02	1.00	6.993E-220	0	321	323	0	321	323	322M
12106	12106	-5.043E+02	1.00	9.584E-220	0	322	323	0	322	323	323M
12107	1312	-4.442E+02	1.00	1.168E-193	0	298	300	0	298	300	299M
12107	8290	-4.442E+02	1.00	1.168E-193	0	298	300	0	298	300	299M
12107	12107	-4.439E+02	1.00	1.600E-193	0	299	300	0	299	300	300M
12108	3830	-8.717E+01	1.00	1.392E-38	0	70	71	0	70	154	71M
12108	8327	-8.717E+01	1.00	1.392E-38	0	70	71	0	70	154	71M
12108	12108	-8.717E+01	1.00	1.392E-38	0	70	71	0	70	71	71M
12109	2049	-7.084E+02	1.00	0.000E+00	0	802	804	0	802	804	803M
12109	8326	-7.084E+02	1.00	0.000E+00	0	802	804	0	802	804	803M
12109	12109	-7.084E+02	1.00	0.000E+00	0	803	804	0	803	804	804M
12110	2048	-1.469E+02	1.00	1.657E-64	0	103	105	0	103	105	104M
12110	8325	-1.469E+02	1.00	1.657E-64	0	103	105	0	103	105	104M
12110	12110	-1.465E+02	1.00	2.273E-64	0	104	105	0	104	105	105M
12111	2047	-1.375E+02	1.00	1.921E-60	0	94	96	0	94	96	95M
12111	8324	-1.375E+02	1.00	1.921E-60	0	94	96	0	94	96	95M
12111	12111	-1.372E+02	1.00	2.635E-60	0	95	96	0	95	96	96M
12112	3246	-2.563E+02	1.00	4.849E-112	0	171	173	0	171	173	172M
12112	8332	-2.563E+02	1.00	4.849E-112	0	171	173	0	171	173	172M
12112	12112	-2.560E+02	1.00	6.648E-112	0	172	173	0	172	173	173M
12113	8331	-5.219E+01	1.00	2.157E-23	0	46	48	0	46	48	47M
12113	12113	-5.187E+01	1.00	2.963E-23	0	47	48	0	47	48	48M
12114	8330	-2.674E+02	1.00	7.429E-117	0	190	192	0	190	192	191M
12114	12114	-2.671E+02	1.00	1.018E-116	0	191	192	0	191	192	192M
12115	3834	-3.414E+02	0.757	5.480E-149	0	304	317	0	303	308	227M1I77M
12115	8329	-4.740E+02	1.00	1.368E-206	0	315	317	0	315	317	316M
12115	12115	-4.737E+02	1.00	1.875E-206	0	316	317	0	316	317	317M
12116	8328	-1.772E+02	1.00	1.086E-77	0	122	124	0	122	124	123M
12116	12116	-1.769E+02	1.00	1.489E-77	0	123	124	0	123	124	124M
12117	3830	-1.724E+02	1.00	1.302E-75	0	123	125	29	152	154	124M
12117	8327	-1.724E+02	1.00	1.302E-75	0	123	125	29	152	154	124M
12117	12117	-1.721E+02	1.00	1.785E-75	0	124	125	0	124	125	125M
12118	2939	-9.320E+01	1.00	3.336E-41	0	75	77	1357	1432	1434	76M
12118	8340	-9.320E+01	1.00	3.336E-41	0	75	77	0	75	77	76M
12118	12118	-9.288E+01	1.00	4.578E-41	0	76	77	0	76	77	77M
12119	8341	-2.880E+02	1.00	8.151E-126	0	194	196	0	194	196	195M
12119	12119	-2.877E+02	1.00	1.117E-125	0	195	196	0	195	196	196M
12120	3502	-1.995E+02	0.977	2.235E-87	0	131	133	0	131	133	132M
12120	8342	-2.039E+02	1.00	2.687E-89	0	131	133	0	131	133	132M
12120	12120	-2.036E+02	1.00	3.685E-89	0	132	133	0	132	133	133M
12121	3503	-2.499E+02	0.976	3.024E-109	0	167	169	0	167	169	168M
12121	8343	-2.533E+02	1.00	9.398E-111	0	167	169	0	167	169	168M
12121	12121	-2.530E+02	1.00	1.288E-110	0	168	169	0	168	169	169M
12122	3504	-1.698E+02	0.925	1.841E-74	0	119	121	0	119	121	120M
12122	8344	-1.830E+02	1.00	3.185E-80	0	119	121	0	119	121	120M
12122	12122	-1.827E+02	1.00	4.368E-80	0	120	121	0	120	121	121M
12123	3505	-5.452E+02	0.997	1.596E-237	0	363	364	0	363	1142	364M
12123	8345	-5.465E+02	1.00	4.526E-238	0	363	364	0	363	364	364M
12123	12123	-5.465E+02	1.00	4.526E-238	0	363	364	0	363	364	364M
12124	8334	-1.070E+02	1.00	3.241E-47	13	96	98	0	83	85	84M
12124	12124	-1.276E+02	1.00	3.828E-56	0	97	98	0	97	98	98M
12125	8335	-1.332E+02	0.989	1.386E-58	0	91	93	0	91	93	92M
12125	12125	-1.335E+02	1.00	1.010E-58	0	92	93	0	92	93	93M
12126	8336	-8.667E+01	1.00	2.283E-38	0	60	62	0	60	62	61M
12126	12126	-8.636E+01	1.00	3.133E-38	0	61	62	0	61	62	62M
12127	8337	-1.094E+02	1.00	3.040E-48	0	80	82	0	80	82	81M
12127	12127	-1.091E+02	1.00	4.172E-48	0	81	82	0	81	82	82M
12128	8338	-1.158E+02	1.00	5.163E-51	0	79	81	0	79	81	80M
12128	12128	-1.155E+02	1.00	7.085E-51	0	80	81	0	80	81	81M
12129	8339	-4.570E+02	1.00	3.343E-199	0	288	290	0	288	290	289M
12129	12129	-4.567E+02	1.00	4.582E-199	0	289	290	0	289	290	290M
12130	4401	-2.369E+02	0.624	1.332E-103	12	272	274	0	260	262	261M
12130	8348	-4.158E+02	1.00	2.540E-181	0	272	274	0	272	274	273M
12130	12130	-4.155E+02	1.00	3.482E-181	0	273	274	0	273	274	274M
12131	382	-2.831E+02	0.873	1.150E-123	0	212	214	77	289	294	213M
12131	8347	-3.231E+02	1.00	4.633E-141	0	212	214	0	212	214	213M
12131	12131	-3.228E+02	1.00	6.351E-141	0	213	214	0	213	214	214M
12132	8346	-1.860E+02	1.00	1.603E-81	0	129	131	0	129	131	130M
12132	12132	-1.857E+02	1.00	2.198E-81	0	130	131	0	130	131	131M
12133	12133	-4.395E+02	1.00	1.284E-191	0	285	286	0	285	286	286M
12134	8351	-1.984E+02	1.00	6.664E-87	0	134	136	0	134	136	135M
12134	12134	-1.981E+02	1.00	9.138E-87	0	135	136	0	135	136	136M
12135	8350	-1.158E+02	1.00	4.964E-51	0	91	93	0	91	93	92M
12135	12135	-1.155E+02	1.00	6.811E-51	0	92	93	0	92	93	93M
12136	8349	-2.833E+02	0.994	9.361E-124	0	182	183	0	182	322	183M
12136	12136	-2.845E+02	1.00	2.650E-124	0	182	183	0	182	183	183M
12137	2939	-7.115E+02	0.690	9.780E-310	0	814	815	197	1008	1434	186M4I188M4I28M4D20M1D385M
12137	8353	-7.084E+02	1.00	0.000E+00	0	814	815	0	814	815	815M
12137	12137	-7.084E+02	1.00	0.000E+00	0	814	815	0	814	815	815M
12138	12138	-5.233E+02	1.00	5.500E-228	0	334	335	0	334	335	335M
12139	8355	-1.228E+02	0.989	4.720E-54	0	91	93	0	91	93	92M
12139	12139	-1.244E+02	1.00	9.708E-55	0	92	93	0	92	93	93M
12140	8357	-6.219E+02	1.00	8.349E-271	0	401	403	0	401	403	402M
12140	12140	-6.216E+02	1.00	1.144E-270	0	402	403	0	402	403	403M
12141	2939	-5.900E+02	0.944	5.977E-257	0	431	432	967	1398	1434	432M
12141	8358	-6.237E+02	1.00	1.380E-271	0	431	432	0	431	432	432M
12141	12141	-6.237E+02	1.00	1.380E-271	0	431	432	0	431	432	432M
12142	2939	-5.966E+02	0.962	8.017E-260	0	431	432	967	1398	1434	432M
12142	8359	-6.190E+02	1.00	1.555E-269	0	431	432	0	431	432	432M
12142	12142	-6.190E+02	1.00	1.555E-269	0	431	432	0	431	432	432M
12143	12143	-2.745E+02	1.00	5.936E-120	0	207	208	0	207	208	208M
12144	12144	-2.848E+02	1.00	1.969E-124	0	189	190	0	189	190	190M
12145	4372	-5.861E+02	1.00	2.914E-255	0	379	380	0	379	397	380M
12145	8360	-5.861E+02	1.00	2.914E-255	0	379	380	0	379	380	380M
12145	12145	-5.861E+02	1.00	2.914E-255	0	379	380	0	379	380	380M
12146	1243	-2.612E+02	1.00	3.591E-114	0	174	176	14	188	190	175M
12146	8362	-2.612E+02	1.00	3.591E-114	0	174	176	0	174	176	175M
12146	12146	-2.609E+02	1.00	4.923E-114	0	175	176	0	175	176	176M
12147	1242	-1.984E+02	0.985	6.664E-87	0	135	136	0	135	145	136M
12147	8361	-2.010E+02	1.00	5.329E-88	0	135	136	0	135	136	136M
12147	12147	-2.010E+02	1.00	5.329E-88	0	135	136	0	135	136	136M
12148	4447	-3.165E+02	0.844	3.636E-138	0	231	235	0	231	235	232M
12148	8366	-3.716E+02	0.995	3.941E-162	0	233	235	0	233	235	234M
12148	12148	-3.732E+02	1.00	8.143E-163	0	234	235	0	234	235	235M
12149	12149	-4.149E+02	1.00	6.755E-181	0	267	268	0	267	268	268M
12150	4370	-3.233E+02	0.982	3.830E-141	0	229	230	28	257	431	230M
12150	8363	-3.287E+02	1.00	1.799E-143	0	229	230	0	229	335	230M
12150	12150	-3.287E+02	1.00	1.799E-143	0	229	230	0	229	230	230M
12151	12151	-2.531E+02	1.00	1.158E-110	0	179	180	0	179	180	180M
12152	12152	-3.211E+02	1.00	3.485E-140	0	209	210	0	209	210	210M
12153	12153	-1.145E+02	1.00	1.924E-50	0	81	82	0	81	82	82M
12154	12154	-1.143E+02	1.00	2.273E-50	0	78	79	0	78	79	79M
12155	5514	-6.890E+01	0.424	1.192E-30	0	159	185	225	380	520	48M5I12M2D44M3I6M1I17M3D24M
12155	12155	-2.794E+02	1.00	4.540E-122	0	184	185	0	184	185	185M
12156	3495	-2.471E+02	0.966	4.647E-108	0	179	180	9	188	525	180M
12156	8374	-2.547E+02	1.00	2.391E-111	0	179	180	0	179	180	180M
12156	12156	-2.547E+02	1.00	2.391E-111	0	179	180	0	179	180	180M
12157	8369	-1.919E+02	0.977	4.374E-84	0	131	133	88	219	221	132M
12157	12157	-1.983E+02	1.00	7.905E-87	0	132	133	0	132	133	133M
12158	4329	-1.623E+02	0.888	3.125E-71	0	116	118	0	116	204	117M
12158	8376	-1.519E+02	1.00	1.054E-66	0	100	118	0	100	101	101M
12158	12158	-1.826E+02	1.00	5.175E-80	0	117	118	0	117	118	118M
12159	12159	-4.546E+01	1.00	1.799E-20	0	42	43	0	42	43	43M
12160	12160	-8.942E+01	1.00	1.461E-39	0	63	64	0	63	64	64M
12161	729	-4.893E+01	0.326	5.633E-22	16	155	157	4	153	730	12M3D69M4D27M3D32M
12161	7213	-4.893E+01	0.326	5.633E-22	16	155	157	4	153	730	12M3D69M4D27M3D32M
12161	12161	-2.230E+02	1.00	1.432E-97	0	156	157	0	156	157	157M
12162	12162	-2.249E+02	1.00	2.055E-98	0	155	156	0	155	156	156M
12163	12163	-1.080E+02	1.00	1.274E-47	0	78	79	0	78	79	79M
12164	12164	-4.160E+01	1.00	8.581E-19	0	37	38	0	37	38	38M
12165	12165	-2.815E+01	1.00	5.969E-13	0	27	28	0	27	28	28M
12166	12166	-2.184E+02	1.00	1.346E-95	0	152	153	0	152	153	153M
12167	7404	-3.258E+01	0.441	7.058E-15	10	77	78	263	326	349	6M4I58M
12167	12167	-1.182E+02	1.00	4.851E-52	0	77	78	0	77	78	78M
12168	12168	-2.048E+02	1.00	1.088E-89	0	146	147	0	146	147	147M
12169	12169	-1.983E+02	1.00	7.701E-87	0	138	139	0	138	139	139M
12170	8372	-1.870E+02	0.992	6.346E-82	0	137	138	0	137	198	138M
12170	12170	-1.889E+02	1.00	9.543E-83	0	137	138	0	137	138	138M
12171	579	-3.667E+01	0.587	1.188E-16	1	78	79	2	77	117	55M4I6M2D13M
12171	4740	-3.667E+01	0.587	1.188E-16	1	78	79	2	77	117	55M4I6M2D13M
12171	12171	-9.722E+01	1.00	6.010E-43	0	78	79	0	78	79	79M
12172	578	-4.362E+01	0.679	1.142E-19	0	52	54	124	176	178	53M
12172	4741	-4.362E+01	0.679	1.142E-19	0	52	54	124	176	178	53M
12172	12172	-6.489E+01	1.00	6.566E-29	0	53	54	0	53	54	54M
12173	12173	-1.626E+02	1.00	2.334E-71	0	111	112	0	111	112	112M
12174	12174	-1.886E+02	1.00	1.221E-82	0	129	130	0	129	130	130M
12175	3418	-1.814E+02	0.948	1.616E-79	0	134	135	194	328	3006	135M
12175	8388	-1.903E+02	1.00	2.336E-83	0	134	135	0	134	135	135M
12175	12175	-1.903E+02	1.00	2.336E-83	0	134	135	0	134	135	135M
12176	12176	-1.754E+02	1.00	6.706E-77	0	128	129	0	128	129	129M
12177	12177	-9.647E+01	1.00	1.273E-42	0	74	75	0	74	75	75M
12178	297	-9.331E+01	0.557	2.988E-41	0	127	128	16	146	158	57M3D71M
12178	7114	-9.331E+01	0.557	2.988E-41	0	127	128	16	146	158	57M3D71M
12178	12178	-1.874E+02	1.00	3.919E-82	0	127	128	0	127	128	128M
12179	12179	-4.362E+01	1.00	1.142E-19	0	35	36	0	35	36	36M
12180	12180	-1.689E+02	1.00	4.410E-74	0	125	126	0	125	126	126M
12181	12181	-1.847E+02	1.00	5.814E-81	0	124	125	0	124	125	125M
12182	12182	-8.985E+01	1.00	9.496E-40	0	67	68	0	67	68	68M
12183	12183	-1.896E+02	1.00	4.620E-83	0	122	123	0	122	123	123M
12184	2328	-9.674E+01	0.614	9.650E-43	0	121	122	904	1024	1398	61M1I60M
12184	5663	-9.674E+01	0.614	9.650E-43	0	121	122	897	1017	1391	61M1I60M
12184	12184	-1.678E+02	1.00	1.286E-73	0	121	122	0	121	122	122M
12185	12185	-1.783E+02	1.00	3.820E-78	0	121	122	0	121	122	122M
12186	12186	-1.650E+02	1.00	2.104E-72	0	120	121	0	120	121	121M
12187	12187	-1.034E+02	1.00	1.203E-45	0	74	75	0	74	75	75M
12188	12188	-1.759E+02	1.00	3.936E-77	0	117	118	0	117	118	118M
12189	4098	-1.744E+02	1.00	1.819E-76	0	116	117	374	490	515	117M
12189	8215	-1.744E+02	1.00	1.819E-76	0	116	117	374	490	517	117M
12189	12189	-1.744E+02	1.00	1.819E-76	0	116	117	0	116	117	117M
12190	1161	-7.268E+01	0.491	2.729E-32	0	115	116	138	255	444	102M2D14M
12190	5046	-7.268E+01	0.491	2.729E-32	0	115	116	138	255	444	102M2D14M
12190	12190	-1.751E+02	1.00	9.210E-77	0	115	116	0	115	116	116M
12191	2277	-2.877E+01	0.358	3.216E-13	0	115	116	171	275	628	38M4I20M1I6M3I7M1I8M3I5M1D20M
12191	5771	-2.877E+01	0.358	3.216E-13	0	115	116	171	275	628	38M4I20M1I6M3I7M1I8M3I5M1D20M
12191	12191	-1.754E+02	1.00	6.715E-77	0	115	116	0	115	116	116M
12192	1379	-5.723E+01	0.491	1.394E-25	0	112	115	105	220	354	39M2D29M2D2M1D26M2I15M
12192	5794	-5.723E+01	0.491	1.394E-25	0	112	115	117	232	366	39M2D29M2D2M1D26M2I15M
12192	12192	-1.679E+02	1.00	1.256E-73	0	114	115	0	114	115	115M
12193	12193	-1.508E+02	1.00	3.228E-66	0	114	115	0	114	115	115M
12194	12194	-1.549E+02	1.00	5.309E-68	0	114	115	0	114	115	115M
12195	1262	-1.684E+01	0.241	4.838E-08	4	114	115	248	351	587	22M8I26M5D11M4I40M
12195	7901	-1.684E+01	0.241	4.838E-08	4	114	115	248	351	587	22M8I26M5D11M4I40M
12195	12195	-1.720E+02	1.00	2.066E-75	0	114	115	0	114	115	115M
12196	2114	-1.875E+01	0.611	7.170E-09	0	35	36	0	35	422	36M
12196	6549	-1.875E+01	0.611	7.170E-09	0	35	36	0	35	422	36M
12196	12196	-4.044E+01	1.00	2.746E-18	0	35	36	0	35	36	36M
12197	12197	-1.603E+02	1.00	2.350E-70	0	113	114	0	113	114	114M
12198	1018	-6.620E+01	0.666	1.773E-29	0	71	72	0	71	84	72M
12198	4838	-6.620E+01	0.666	1.773E-29	0	71	72	0	71	84	72M
12198	12198	-9.883E+01	1.00	1.194E-43	0	71	72	0	71	72	72M
12199	12199	-6.933E+01	1.00	7.739E-31	0	53	54	0	53	54	54M
12200	12200	-7.208E+01	1.00	4.944E-32	0	55	56	0	55	56	56M
12201	12201	-1.105E+02	1.00	9.950E-49	0	84	85	0	84	85	85M
12202	12202	-1.529E+02	1.00	3.993E-67	0	110	111	0	110	111	111M
12203	12203	-5.044E+01	1.00	1.239E-22	0	44	45	0	44	45	45M
12204	3899	-1.624E+02	1.00	2.903E-71	0	109	110	12	121	164	110M
12204	12204	-1.624E+02	1.00	2.903E-71	0	109	110	0	109	110	110M
12205	12205	-1.288E+02	1.00	1.182E-56	0	86	87	0	86	87	87M
12206	12206	-1.599E+02	1.00	3.638E-70	0	109	110	0	109	110	110M
12207	2176	-3.757E+01	0.381	4.826E-17	0	107	109	310	419	513	35M1D56M1D17M
12207	7989	-3.757E+01	0.381	4.826E-17	0	107	109	310	419	492	35M1D56M1D17M
12207	12207	-1.511E+02	1.00	2.412E-66	0	108	109	0	108	109	109M
12208	7747	-1.439E+02	0.953	3.298E-63	0	107	108	71	178	230	108M
12208	12208	-1.505E+02	1.00	4.323E-66	0	107	108	0	107	108	108M
12209	12209	-1.086E+02	1.00	6.765E-48	0	78	79	0	78	79	79M
12210	12210	-1.354E+02	1.00	1.558E-59	0	99	100	0	99	100	100M
12211	2324	-8.155E+01	0.712	3.848E-36	0	100	102	0	100	232	101M
12211	5667	-8.155E+01	0.712	3.848E-36	0	100	102	0	100	232	101M
12211	12211	-1.274E+02	1.00	4.653E-56	0	101	102	0	101	102	102M
12212	12212	-1.373E+02	1.00	2.387E-60	0	93	94	0	93	94	94M
12213	12213	-2.156E+01	1.00	4.313E-10	0	25	26	0	25	26	26M
12214	12214	-8.152E+01	1.00	3.965E-36	0	69	70	0	69	70	70M
12215	12215	-9.355E+01	1.00	2.349E-41	0	69	70	0	69	70	70M
12216	2947	-1.440E+02	0.981	2.992E-63	0	105	106	236	341	477	106M
12216	12216	-1.478E+02	1.00	6.741E-65	0	105	106	0	105	106	106M
12217	12217	-1.611E+02	1.00	1.103E-70	0	104	105	0	104	105	105M
12218	8369	-7.770E+01	0.953	1.802E-34	0	63	64	3	66	221	64M
12218	12218	-8.404E+01	1.00	3.187E-37	0	63	64	0	63	64	64M
12219	12219	-1.321E+02	1.00	4.259E-58	0	102	103	0	102	103	103M
12220	12220	-1.472E+02	1.00	1.197E-64	0	91	92	0	91	92	92M
12221	12221	-6.886E+01	1.00	1.241E-30	0	56	57	0	56	57	57M
12222	12222	-1.458E+02	1.00	4.822E-64	0	100	101	0	100	101	101M
12223	12223	-1.436E+02	1.00	4.408E-63	0	100	101	0	100	101	101M
12224	12224	-8.196E+01	1.00	2.535E-36	0	54	55	0	54	55	55M
12225	12225	-1.364E+02	1.00	6.035E-60	0	99	100	0	99	100	100M
12226	12226	-1.421E+02	1.00	1.941E-62	0	98	99	0	98	99	99M
12227	12227	-1.346E+02	1.00	3.647E-59	0	97	98	0	97	98	98M
12228	12228	-1.447E+02	1.00	1.402E-63	0	96	97	0	96	97	97M
12229	12229	-1.198E+02	1.00	9.418E-53	0	95	96	0	95	96	96M
12230	12230	-1.318E+02	1.00	5.691E-58	0	95	96	0	95	96	96M
12231	12231	-1.040E+02	1.00	7.058E-46	0	76	77	0	76	77	77M
12232	12232	-2.386E+01	1.00	4.356E-11	0	24	25	0	24	25	25M
12233	12233	-1.296E+02	1.00	5.205E-57	0	95	96	0	95	96	96M
12234	12234	-1.335E+02	1.00	1.061E-58	0	93	94	0	93	94	94M
12235	12235	-1.316E+02	1.00	7.075E-58	0	93	94	0	93	94	94M
12236	2137	-7.433E+01	0.604	5.254E-33	0	93	94	131	226	376	46M2D48M
12236	7885	-7.433E+01	0.604	5.254E-33	0	93	94	131	226	376	46M2D48M
12236	12236	-1.398E+02	1.00	1.903E-61	0	93	94	0	93	94	94M
12237	12237	-1.259E+02	1.00	2.203E-55	0	94	95	0	94	95	95M
12238	12238	-9.482E+01	1.00	6.619E-42	0	69	70	0	69	70	70M
12239	12239	-6.394E+01	1.00	1.709E-28	0	47	48	0	47	48	48M
12240	12240	-1.310E+02	1.00	1.332E-57	0	93	94	0	93	94	94M
12241	4526	-1.142E+02	0.988	2.466E-50	0	86	87	1	87	110	87M
12241	8372	-1.168E+02	1.00	1.962E-51	0	86	87	27	113	198	87M
12241	12241	-1.168E+02	1.00	1.962E-51	0	86	87	0	86	87	87M
12242	4484	-1.121E+02	1.00	2.149E-49	0	85	86	2	87	217	86M
12242	8363	-1.121E+02	1.00	2.149E-49	0	85	86	220	305	335	86M
12242	12242	-1.121E+02	1.00	2.149E-49	0	85	86	0	85	86	86M
12243	4370	-1.035E+02	0.987	1.125E-45	0	79	80	178	257	431	80M
12243	8363	-1.019E+02	0.975	5.475E-45	0	79	80	150	229	335	80M
12243	12243	-1.044E+02	1.00	4.352E-46	0	79	80	0	79	80	80M
12244	4626	-1.007E+02	0.973	1.758E-44	0	75	78	3	78	79	76M
12244	8470	-1.061E+02	1.00	8.094E-47	0	77	78	0	77	78	78M
12244	12244	-1.061E+02	1.00	8.094E-47	0	77	78	0	77	78	78M
12245	4573	-1.027E+02	1.00	2.503E-45	0	76	77	14	90	98	77M
12245	8471	-1.027E+02	1.00	2.503E-45	0	76	77	0	76	77	77M
12245	12245	-1.027E+02	1.00	2.503E-45	0	76	77	0	76	77	77M
12246	4626	-1.015E+02	1.00	8.034E-45	0	74	75	3	77	79	75M
12246	8472	-1.015E+02	1.00	8.034E-45	0	74	75	0	74	75	75M
12246	12246	-1.015E+02	1.00	8.034E-45	0	74	75	0	74	75	75M
12247	4629	-9.720E+01	1.00	6.113E-43	0	72	73	0	72	76	73M
12247	8474	-9.720E+01	1.00	6.113E-43	0	72	73	0	72	73	73M
12247	12247	-9.720E+01	1.00	6.113E-43	0	72	73	0	72	73	73M
12248	4629	-9.292E+01	1.00	4.425E-41	0	69	70	3	72	76	70M
12248	8476	-9.292E+01	1.00	4.425E-41	0	69	70	0	69	70	70M
12248	12248	-9.292E+01	1.00	4.425E-41	0	69	70	0	69	70	70M
12249	4629	-9.292E+01	1.00	4.425E-41	0	69	70	3	72	76	70M
12249	8476	-9.292E+01	1.00	4.425E-41	0	69	70	0	69	70	70M
12249	12248	-9.292E+01	1.00	4.425E-41	0	69	70	0	69	70	70M
12250	4579	-8.388E+01	1.00	3.711E-37	0	66	67	6	72	90	67M
12250	8363	-8.388E+01	1.00	3.711E-37	0	66	67	194	260	335	67M
12250	12250	-8.388E+01	1.00	3.711E-37	0	66	67	0	66	67	67M
12251	4526	-8.087E+01	1.00	7.578E-36	0	63	64	24	87	110	64M
12251	7143	-8.087E+01	1.00	7.578E-36	0	63	64	25	88	89	64M
12251	12251	-8.087E+01	1.00	7.578E-36	0	63	64	0	63	64	64M
12252	4526	-7.653E+01	1.00	5.785E-34	0	60	62	46	106	110	61M
12252	8475	-7.780E+01	1.00	1.628E-34	0	61	62	10	71	72	62M
12252	12252	-7.780E+01	1.00	1.628E-34	0	61	62	0	61	62	62M
12253	4626	-7.447E+01	0.966	4.565E-33	0	58	59	3	61	79	59M
12253	8470	-7.732E+01	1.00	2.633E-34	0	58	59	0	58	78	59M
12253	12253	-7.732E+01	1.00	2.633E-34	0	58	59	0	58	59	59M
12254	4579	-6.913E+01	0.982	9.510E-31	0	57	58	32	89	90	58M
12254	8477	-7.008E+01	1.00	3.673E-31	0	57	58	9	66	67	58M
12254	12254	-7.008E+01	1.00	3.673E-31	0	57	58	0	57	58	58M
12255	4626	-6.981E+01	0.964	4.791E-31	0	56	57	21	77	79	57M
12255	8481	-7.267E+01	1.00	2.761E-32	0	56	57	0	56	57	57M
12255	12255	-7.267E+01	1.00	2.761E-32	0	56	57	0	56	57	57M
12256	4590	-6.611E+01	0.961	1.944E-29	0	51	55	32	83	84	52M
12256	8483	-7.277E+01	1.00	2.490E-32	0	54	55	0	54	55	55M
12256	12256	-7.277E+01	1.00	2.490E-32	0	54	55	0	54	55	55M
12257	4590	-6.611E+01	0.961	1.944E-29	0	51	55	32	83	84	52M
12257	8483	-7.277E+01	1.00	2.490E-32	0	54	55	0	54	55	55M
12257	12256	-7.277E+01	1.00	2.490E-32	0	54	55	0	54	55	55M
12258	4590	-6.897E+01	1.00	1.119E-30	0	51	55	32	83	84	52M
12258	8485	-7.277E+01	1.00	2.490E-32	0	54	55	0	54	55	55M
12258	12258	-7.277E+01	1.00	2.490E-32	0	54	55	0	54	55	55M
12259	4579	-6.394E+01	1.00	1.701E-28	0	53	54	32	85	90	54M
12259	8477	-6.394E+01	1.00	1.701E-28	0	53	54	9	62	67	54M
12259	12259	-6.394E+01	1.00	1.701E-28	0	53	54	0	53	54	54M
12260	4590	-6.944E+01	1.00	6.976E-31	0	51	52	32	83	84	52M
12260	8488	-6.944E+01	1.00	6.976E-31	0	51	52	0	51	52	52M
12260	12260	-6.944E+01	1.00	6.976E-31	0	51	52	0	51	52	52M
12261	4590	-6.944E+01	1.00	6.976E-31	0	51	52	32	83	84	52M
12261	8488	-6.944E+01	1.00	6.976E-31	0	51	52	0	51	52	52M
12261	12260	-6.944E+01	1.00	6.976E-31	0	51	52	0	51	52	52M
12262	4590	-6.108E+01	0.958	2.972E-27	0	47	48	32	79	84	48M
12262	8483	-6.394E+01	1.00	1.709E-28	0	47	48	0	47	55	48M
12262	12262	-6.394E+01	1.00	1.709E-28	0	47	48	0	47	48	48M
12263	4635	-5.505E+01	1.00	1.237E-24	0	47	48	7	54	73	48M
12263	8487	-5.505E+01	1.00	1.237E-24	0	47	48	0	47	52	48M
12263	12263	-5.505E+01	1.00	1.237E-24	0	47	48	0	47	48	48M
12264	4370	-6.045E+01	0.958	5.606E-27	0	47	48	4	51	431	48M
12264	8490	-6.330E+01	1.00	3.223E-28	0	47	48	0	47	48	48M
12264	12264	-6.330E+01	1.00	3.223E-28	0	47	48	0	47	48	48M
12265	4370	-6.045E+01	0.958	5.606E-27	0	47	48	4	51	431	48M
12265	8490	-6.330E+01	1.00	3.223E-28	0	47	48	0	47	48	48M
12265	12264	-6.330E+01	1.00	3.223E-28	0	47	48	0	47	48	48M
12266	4630	-5.129E+01	1.00	5.307E-23	0	46	47	0	46	76	47M
12266	8363	-5.129E+01	1.00	5.307E-23	0	46	47	188	234	335	47M
12266	12266	-5.129E+01	1.00	5.307E-23	0	46	47	0	46	47	47M
12267	4626	-5.933E+01	1.00	1.704E-26	0	44	45	0	44	79	45M
12267	8491	-5.933E+01	1.00	1.704E-26	0	44	45	0	44	45	45M
12267	12267	-5.933E+01	1.00	1.704E-26	0	44	45	0	44	45	45M
12268	3751	-4.541E+01	0.977	1.898E-20	0	43	44	41	84	1970	44M
12268	7295	-4.573E+01	1.00	1.381E-20	0	43	44	274	317	2312	44M
12268	12268	-4.573E+01	1.00	1.381E-20	0	43	44	0	43	44	44M
 