0	0	-1.230E+02	1.00	3.946E-54	0	82	83	0	82	83	83M
0	8014	-9.227E+01	0.829	8.455E-41	0	81	83	0	81	119	82M
0	11833	-9.227E+01	0.829	8.455E-41	0	81	83	0	81	119	82M
1	1	-2.249E+02	1.00	2.112E-98	0	149	150	0	149	150	150M
1	8015	-2.236E+02	0.986	7.467E-98	0	148	150	0	148	150	149M
1	11834	-2.236E+02	0.986	7.467E-98	0	148	150	0	148	150	149M
2	2	-3.692E+02	1.00	4.762E-161	0	240	241	0	240	241	241M
2	8016	-3.673E+02	0.991	3.158E-160	0	239	241	0	239	241	240M
2	11835	-3.673E+02	0.991	3.158E-160	0	239	241	0	239	241	240M
3	3	-3.593E+02	1.00	9.503E-157	0	236	237	0	236	237	237M
3	8017	-3.564E+02	0.991	1.623E-155	0	235	237	0	235	237	236M
3	11836	-3.564E+02	0.991	1.623E-155	0	235	237	0	235	237	236M
4	4	-3.868E+02	1.00	1.048E-168	0	274	275	0	274	275	275M
4	8018	-3.821E+02	0.985	1.185E-166	0	273	275	0	273	275	274M
4	11837	-3.821E+02	0.985	1.185E-166	0	273	275	0	273	275	274M
5	5	-4.234E+02	1.00	1.337E-184	0	307	308	0	307	308	308M
5	8019	-4.228E+02	0.996	2.510E-184	0	306	308	0	306	308	307M
5	11838	-4.228E+02	0.996	2.510E-184	0	306	308	0	306	308	307M
6	6	-5.762E+02	1.00	5.984E-251	0	369	370	0	369	370	370M
6	8020	-5.730E+02	0.994	1.398E-249	0	368	370	0	368	370	369M
6	11839	-5.730E+02	0.994	1.398E-249	0	368	370	0	368	370	369M
7	7	-7.084E+02	1.00	0.000E+00	0	709	710	0	709	710	710M
7	5265	-5.924E+01	0.238	1.864E-26	15	686	710	9	681	699	31M9I16M5D18M9D4M1I6M1I15M4D5M6I28M1D39M2I77M2D9M4D25M4D6M2D10M4D12M2I11M1I2M2I7M1I16M4D16M5D38M1I17M1I41M6I15M1D14M1D14M1I10M2I31M2I3M5I70M4I9M2D10M
7	9325	-5.924E+01	0.238	1.864E-26	15	686	710	9	681	699	31M9I16M5D18M9D4M1I6M1I15M4D5M6I28M1D39M2I77M2D9M4D25M4D6M2D10M4D12M2I11M1I2M2I7M1I16M4D16M5D38M1I17M1I41M6I15M1D14M1D14M1I10M2I31M2I3M5I70M4I9M2D10M
8	8	-2.937E+02	1.00	2.737E-128	0	188	189	0	188	189	189M
8	6952	-2.940E+02	1.00	1.996E-128	0	187	189	0	187	189	188M
8	10933	-2.940E+02	1.00	1.996E-128	0	187	189	0	187	189	188M
9	9	-4.256E+02	1.00	1.518E-185	0	274	275	0	274	275	275M
9	6953	-4.189E+02	0.981	1.138E-182	0	273	275	0	273	275	274M
9	10932	-4.189E+02	0.981	1.138E-182	0	273	275	0	273	275	274M
10	10	-1.318E+02	1.00	5.977E-58	0	96	97	0	96	97	97M
10	6954	-1.321E+02	1.00	4.357E-58	0	95	97	0	95	97	96M
10	10931	-1.321E+02	1.00	4.357E-58	0	95	97	0	95	97	96M
11	11	-1.797E+02	1.00	8.885E-79	0	117	118	0	117	118	118M
11	6955	-1.785E+02	0.991	3.144E-78	0	116	118	36	152	154	117M
11	10930	-1.785E+02	0.991	3.144E-78	0	116	118	36	152	154	117M
12	12	-1.939E+02	1.00	5.934E-85	0	143	144	0	143	144	144M
12	6956	-1.943E+02	1.00	4.327E-85	0	142	144	0	142	144	143M
12	10929	-1.943E+02	1.00	4.327E-85	0	142	144	0	142	144	143M
13	13	-7.084E+02	1.00	0.000E+00	0	611	612	0	611	612	612M
13	6957	-7.084E+02	1.00	0.000E+00	0	610	612	0	610	612	611M
13	10928	-7.084E+02	1.00	0.000E+00	0	610	612	0	610	612	611M
14	14	-6.479E+02	1.00	4.152E-282	0	452	453	0	452	453	453M
14	6958	-6.482E+02	1.00	3.030E-282	0	451	453	0	451	453	452M
14	10927	-6.482E+02	1.00	3.030E-282	0	451	453	0	451	453	452M
15	15	-5.260E+02	1.00	3.713E-229	0	337	338	0	337	338	338M
15	6959	-5.061E+02	0.964	1.557E-220	0	336	338	0	336	338	337M
15	10926	-5.061E+02	0.964	1.557E-220	0	336	338	0	336	338	337M
16	16	-7.084E+02	1.00	0.000E+00	0	486	487	0	486	487	487M
16	6960	-7.084E+02	0.997	0.000E+00	0	485	487	0	485	487	486M
16	10925	-7.084E+02	0.997	0.000E+00	0	485	487	0	485	487	486M
17	17	-6.128E+02	1.00	7.405E-267	0	401	402	0	401	402	402M
17	6961	-6.109E+02	0.992	4.903E-266	0	400	402	0	400	402	401M
17	10924	-6.109E+02	0.992	4.903E-266	0	400	402	0	400	402	401M
18	18	-6.463E+01	1.00	8.562E-29	0	52	53	0	52	53	53M
18	6962	-6.494E+01	1.00	6.235E-29	0	51	53	0	51	53	52M
18	10923	-6.494E+01	1.00	6.235E-29	0	51	53	0	51	53	52M
19	19	-5.339E+02	1.00	1.332E-232	0	356	357	0	356	357	357M
19	6963	-5.333E+02	0.997	2.501E-232	0	355	357	0	355	357	356M
19	10922	-5.333E+02	0.997	2.501E-232	0	355	357	0	355	357	356M
20	20	-2.494E+02	1.00	4.785E-109	0	171	172	0	171	172	172M
20	6964	-2.472E+02	0.988	4.357E-108	0	170	172	0	170	172	171M
20	10921	-2.472E+02	0.988	4.357E-108	0	170	172	0	170	172	171M
21	21	-5.726E+02	1.00	2.079E-249	0	391	392	0	391	392	392M
21	6965	-5.710E+02	0.997	1.005E-248	0	390	392	0	390	392	391M
21	10920	-5.710E+02	0.997	1.005E-248	0	390	392	0	390	392	391M
22	22	-2.244E+02	1.00	3.607E-98	0	147	148	0	147	148	148M
22	6966	-2.218E+02	0.986	4.507E-97	0	146	148	0	146	148	147M
22	10919	-2.218E+02	0.986	4.507E-97	0	146	148	0	146	148	147M
23	23	-1.633E+02	1.00	1.211E-71	0	117	118	0	117	118	118M
23	6967	-1.623E+02	0.991	3.125E-71	0	116	118	0	116	118	117M
23	10918	-1.623E+02	0.991	3.125E-71	0	116	118	0	116	118	117M
24	24	-2.385E+02	1.00	2.549E-104	0	161	162	0	161	162	162M
24	6968	-2.373E+02	0.993	9.007E-104	0	160	162	0	160	162	161M
24	10917	-2.373E+02	0.993	9.007E-104	0	160	162	0	160	162	161M
25	25	-7.084E+02	1.00	0.000E+00	0	547	548	0	547	548	548M
25	6969	-7.084E+02	0.998	0.000E+00	0	546	548	0	546	548	547M
25	10916	-7.084E+02	0.998	0.000E+00	0	546	548	0	546	548	547M
26	26	-7.084E+02	1.00	0.000E+00	0	801	802	0	801	802	802M
26	6970	-7.084E+02	1.00	0.000E+00	0	800	802	0	800	802	801M
26	10915	-7.084E+02	1.00	0.000E+00	0	800	802	0	800	802	801M
27	27	-6.722E+02	1.00	1.146E-292	0	417	418	0	417	418	418M
27	6971	-6.716E+02	0.997	2.152E-292	0	416	418	0	416	418	417M
27	10914	-6.716E+02	0.997	2.152E-292	0	416	418	0	416	418	417M
28	28	-5.559E+02	1.00	3.945E-242	0	372	373	0	372	373	373M
28	6972	-5.562E+02	1.00	2.879E-242	0	371	373	0	371	373	372M
28	10913	-5.562E+02	1.00	2.879E-242	0	371	373	0	371	373	372M
29	29	-5.188E+02	1.00	4.981E-226	0	336	337	0	336	337	337M
29	6973	-5.191E+02	1.00	3.635E-226	0	335	337	0	335	337	336M
29	10912	-5.191E+02	1.00	3.635E-226	0	335	337	0	335	337	336M
30	30	-6.011E+02	1.00	8.554E-262	0	401	402	0	401	402	402M
30	6974	-6.002E+02	0.995	2.201E-261	0	400	402	0	400	402	401M
30	10911	-6.002E+02	0.995	2.201E-261	0	400	402	0	400	402	401M
31	31	-7.084E+02	1.00	0.000E+00	0	711	712	0	711	712	712M
31	6975	-7.084E+02	0.991	0.000E+00	0	710	712	0	710	712	711M
31	10910	-7.084E+02	0.991	0.000E+00	0	710	712	0	710	712	711M
32	32	-1.096E+02	1.00	2.571E-48	0	84	85	0	84	85	85M
32	6976	-1.099E+02	1.00	1.874E-48	0	83	85	0	83	85	84M
32	10909	-1.099E+02	1.00	1.874E-48	0	83	85	0	83	85	84M
33	33	-4.458E+02	1.00	2.461E-194	0	286	287	0	286	287	287M
33	6977	-4.345E+02	0.975	2.087E-189	0	285	287	0	285	287	286M
33	10908	-4.345E+02	0.975	2.087E-189	0	285	287	0	285	287	286M
34	34	-2.077E+02	1.00	6.218E-91	0	139	140	0	139	140	140M
34	6978	-1.960E+02	0.949	7.367E-86	0	138	140	0	138	140	139M
34	10907	-1.960E+02	0.949	7.367E-86	0	138	140	0	138	140	139M
35	35	-4.485E+02	1.00	1.608E-195	0	295	296	0	295	296	296M
35	6979	-4.454E+02	0.989	3.759E-194	0	294	296	27	321	323	295M
35	10906	-4.454E+02	0.989	3.759E-194	0	294	296	27	321	323	295M
36	36	-1.790E+02	1.00	1.887E-78	0	126	127	0	126	127	127M
37	37	-3.063E+02	1.00	9.554E-134	0	209	210	0	209	210	210M
37	6981	-3.066E+02	1.00	6.970E-134	0	208	210	0	208	210	209M
37	10904	-3.066E+02	1.00	6.970E-134	0	208	210	0	208	210	209M
38	38	-6.313E+02	1.00	6.612E-275	0	436	437	0	436	437	437M
38	6982	-6.316E+02	1.00	4.826E-275	0	435	437	0	435	437	436M
38	10903	-6.316E+02	1.00	4.826E-275	0	435	437	0	435	437	436M
39	39	-1.865E+02	1.00	1.022E-81	0	147	148	0	147	148	148M
39	6983	-1.836E+02	0.986	1.752E-80	0	146	148	0	146	148	147M
39	10902	-1.836E+02	0.986	1.752E-80	0	146	148	0	146	148	147M
40	40	-7.084E+02	1.00	0.000E+00	0	907	908	0	907	908	908M
40	6984	-7.084E+02	0.997	0.000E+00	0	906	908	0	906	908	907M
40	10901	-7.084E+02	0.997	0.000E+00	0	906	908	0	906	908	907M
41	41	-3.279E+02	1.00	4.085E-143	0	213	214	0	213	214	214M
41	6985	-3.282E+02	1.00	2.980E-143	0	212	214	0	212	214	213M
41	10900	-3.282E+02	1.00	2.980E-143	0	212	214	0	212	214	213M
42	42	-4.090E+02	1.00	2.417E-178	0	258	259	0	258	259	259M
42	6986	-4.090E+02	0.996	2.417E-178	0	257	259	42	299	301	258M
42	10899	-4.090E+02	0.996	2.417E-178	0	257	259	42	299	301	258M
43	43	-3.008E+02	1.00	2.339E-131	0	192	193	0	192	193	193M
43	6987	-2.973E+02	0.984	7.517E-130	0	191	193	0	191	193	192M
43	10898	-2.973E+02	0.984	7.517E-130	0	191	193	0	191	193	192M
44	44	-4.476E+02	1.00	4.105E-195	0	356	357	0	356	357	357M
44	6988	-4.448E+02	0.997	6.988E-194	0	355	357	0	355	357	356M
44	10897	-4.448E+02	0.997	6.988E-194	0	355	357	0	355	357	356M
45	45	-6.582E+02	1.00	1.468E-286	0	428	429	0	428	429	429M
45	6989	-6.506E+02	0.988	2.820E-283	0	427	429	0	427	429	428M
45	10896	-6.506E+02	0.988	2.820E-283	0	427	429	0	427	429	428M
46	46	-4.547E+02	1.00	3.386E-198	0	298	299	0	298	299	299M
46	6990	-4.550E+02	1.00	2.470E-198	0	297	299	0	297	299	298M
46	10895	-4.550E+02	1.00	2.470E-198	0	297	299	0	297	299	298M
47	47	-3.805E+02	1.00	5.661E-166	0	267	268	0	267	268	268M
47	6991	-3.808E+02	1.00	4.130E-166	0	266	268	0	266	268	267M
47	10894	-3.808E+02	1.00	4.130E-166	0	266	268	0	266	268	267M
48	48	-5.106E+02	1.00	1.762E-222	0	349	350	0	349	350	350M
48	6992	-5.046E+02	0.988	7.015E-220	0	348	350	0	348	350	349M
48	10893	-5.046E+02	0.988	7.015E-220	0	348	350	0	348	350	349M
49	49	-4.588E+02	1.00	5.543E-200	0	291	292	0	291	292	292M
49	6993	-4.563E+02	0.993	6.901E-199	0	290	292	0	290	292	291M
49	10892	-4.563E+02	0.993	6.901E-199	0	290	292	0	290	292	291M
50	50	-5.401E+02	1.00	2.658E-235	0	331	332	0	331	332	332M
50	6994	-5.307E+02	0.984	3.396E-231	0	330	332	0	330	332	331M
50	10891	-5.307E+02	0.984	3.396E-231	0	330	332	0	330	332	331M
51	51	-2.678E+02	1.00	5.133E-117	0	170	171	0	170	171	171M
51	6995	-2.656E+02	0.994	4.674E-116	0	169	171	0	169	171	170M
51	10890	-2.656E+02	0.994	4.674E-116	0	169	171	0	169	171	170M
52	52	-6.288E+02	1.00	8.252E-274	0	409	410	0	409	410	410M
52	6996	-6.291E+02	1.00	6.022E-274	0	408	410	0	408	410	409M
52	10889	-6.291E+02	1.00	6.022E-274	0	408	410	0	408	410	409M
53	53	-3.378E+02	1.00	1.891E-147	0	222	223	0	222	223	223M
53	6997	-3.224E+02	0.958	9.723E-141	0	218	223	0	218	220	219M
53	10888	-3.224E+02	0.958	9.723E-141	0	218	223	0	218	220	219M
54	54	-7.084E+02	1.00	0.000E+00	0	612	613	0	612	613	613M
54	6998	-5.404E+02	0.573	1.930E-235	0	611	613	0	622	624	233M1I188M4D44M2D4M2D76M1D43M3D23M
54	10887	-5.404E+02	0.573	1.930E-235	0	611	613	0	622	624	233M1I188M4D44M2D4M2D76M1D43M3D23M
55	55	-2.847E+02	1.00	2.272E-124	0	192	193	0	192	193	193M
55	6999	-2.819E+02	0.989	3.885E-123	0	191	193	0	191	193	192M
55	10886	-2.819E+02	0.989	3.885E-123	0	191	193	0	191	193	192M
56	56	-3.636E+02	1.00	1.205E-158	0	237	238	0	237	238	238M
56	7000	-3.542E+02	0.974	1.547E-154	0	236	238	0	236	238	237M
56	10885	-3.542E+02	0.974	1.547E-154	0	236	238	0	236	238	237M
57	57	-2.615E+02	1.00	2.747E-114	0	176	177	0	176	177	177M
57	7001	-2.590E+02	0.988	3.429E-113	0	175	177	0	175	177	176M
57	10884	-2.590E+02	0.988	3.429E-113	0	175	177	0	175	177	176M
58	58	-6.171E+02	1.00	1.009E-268	0	390	391	0	390	391	391M
58	7002	-6.174E+02	1.00	7.361E-269	0	389	391	0	389	391	390M
58	10883	-6.174E+02	1.00	7.361E-269	0	389	391	0	389	391	390M
59	59	-7.084E+02	1.00	0.000E+00	0	480	481	0	480	481	481M
59	7003	-7.084E+02	0.993	0.000E+00	0	479	481	0	479	481	480M
59	10882	-7.084E+02	0.993	0.000E+00	0	479	481	0	479	481	480M
60	60	-3.426E+02	1.00	1.617E-149	0	228	229	0	228	229	229M
60	7004	-3.429E+02	1.00	1.180E-149	0	227	229	0	227	229	228M
60	10881	-3.429E+02	1.00	1.180E-149	0	227	229	0	227	229	228M
61	61	-7.084E+02	1.00	0.000E+00	0	552	553	0	552	553	553M
61	7005	-7.084E+02	0.994	0.000E+00	34	551	553	0	517	519	518M
61	10880	-7.084E+02	0.994	0.000E+00	34	551	553	0	517	519	518M
62	62	-1.815E+02	1.00	1.508E-79	0	126	127	0	126	127	127M
62	7006	-1.805E+02	0.992	3.889E-79	0	125	127	0	125	127	126M
62	10879	-1.805E+02	0.992	3.889E-79	0	125	127	0	125	127	126M
63	63	-7.084E+02	1.00	0.000E+00	0	600	601	0	600	601	601M
63	7007	-7.084E+02	0.995	0.000E+00	0	599	601	0	599	601	600M
63	10878	-7.084E+02	0.995	0.000E+00	0	599	601	0	599	601	600M
64	64	-7.084E+02	1.00	0.000E+00	0	593	594	0	593	594	594M
64	7008	-7.084E+02	0.996	0.000E+00	0	592	594	0	592	594	593M
64	10877	-7.084E+02	0.996	0.000E+00	0	592	594	0	592	594	593M
65	65	-2.304E+02	1.00	8.898E-101	0	160	161	0	160	161	161M
65	7011	-2.288E+02	0.993	4.312E-100	0	159	161	0	159	161	160M
65	10874	-2.288E+02	0.993	4.312E-100	0	159	161	0	159	161	160M
66	66	-1.931E+02	1.00	1.331E-84	0	127	128	0	127	128	128M
66	7012	-1.925E+02	0.992	2.503E-84	0	126	128	0	126	128	127M
66	10873	-1.925E+02	0.992	2.503E-84	0	126	128	0	126	128	127M
67	67	-2.347E+02	1.00	1.132E-102	0	148	149	0	148	149	149M
67	7013	-2.322E+02	0.993	1.414E-101	0	146	149	0	146	149	147M
67	10872	-2.322E+02	0.993	1.414E-101	0	146	149	0	146	149	147M
68	68	-7.084E+02	1.00	0.000E+00	0	487	488	0	487	488	488M
68	7014	-7.084E+02	0.989	0.000E+00	0	486	488	0	486	488	487M
68	10871	-7.084E+02	0.989	0.000E+00	0	486	488	0	486	488	487M
69	69	-7.084E+02	1.00	0.000E+00	0	691	692	0	691	692	692M
69	7015	-7.084E+02	0.963	0.000E+00	0	690	692	0	684	686	276M3I17M3I392M
69	10870	-7.084E+02	0.963	0.000E+00	0	690	692	0	684	686	276M3I17M3I392M
70	70	-3.959E+02	1.00	1.127E-172	0	254	255	0	254	255	255M
70	7016	-3.880E+02	0.984	2.987E-169	0	253	255	0	253	255	254M
70	10869	-3.880E+02	0.984	2.987E-169	0	253	255	0	253	255	254M
71	71	-7.084E+02	1.00	0.000E+00	0	592	593	0	592	593	593M
71	7017	-7.084E+02	0.998	0.000E+00	0	591	593	0	591	593	592M
71	10868	-7.084E+02	0.998	0.000E+00	0	591	593	0	591	593	592M
72	72	-9.213E+01	1.00	9.694E-41	0	72	73	0	72	73	73M
72	7019	-8.928E+01	0.971	1.676E-39	0	70	73	0	70	73	71M
72	10866	-8.928E+01	0.971	1.676E-39	0	70	73	0	70	73	71M
73	73	-5.531E+02	1.00	6.341E-241	0	364	365	0	364	365	365M
73	7023	-2.463E+01	0.233	2.011E-11	0	360	365	0	336	345	37M2D13M1I4M4I36M2D7M10I17M23I16M3I8M1I5M16D37M2I84M5I19M5D29M
73	10862	-2.463E+01	0.233	2.011E-11	0	360	365	0	336	345	37M2D13M1I4M4I36M2D7M10I17M23I16M3I8M1I5M16D37M2I84M5I19M5D29M
74	74	-3.985E+02	1.00	8.767E-174	0	260	261	0	260	261	261M
75	75	-5.401E+02	1.00	2.646E-235	0	351	352	0	351	352	352M
76	76	-3.545E+02	1.00	1.059E-154	0	229	230	0	229	230	230M
77	77	-3.403E+02	1.00	1.591E-148	0	223	224	0	223	224	224M
78	78	-4.162E+02	1.00	1.711E-181	0	278	279	0	278	279	279M
79	79	-2.858E+02	1.00	7.901E-125	0	203	204	0	203	204	204M
79	5589	-2.839E+02	0.990	5.243E-124	0	202	204	0	202	204	203M
79	9809	-2.839E+02	0.990	5.243E-124	0	202	204	0	202	204	203M
80	80	-4.774E+02	1.00	4.691E-208	0	318	319	0	318	319	319M
80	5590	-4.758E+02	0.996	2.268E-207	0	317	319	0	317	319	318M
80	9808	-4.758E+02	0.996	2.268E-207	0	317	319	0	317	319	318M
81	81	-1.627E+02	1.00	2.117E-71	0	109	110	0	109	110	110M
81	5591	-1.630E+02	1.00	1.543E-71	0	108	110	0	108	110	109M
81	9807	-1.630E+02	1.00	1.543E-71	0	108	110	0	108	110	109M
82	82	-6.105E+02	1.00	7.377E-266	0	403	404	0	403	404	404M
82	5592	-6.108E+02	1.00	5.383E-266	0	402	404	0	402	404	403M
82	9806	-6.108E+02	1.00	5.383E-266	0	402	404	0	402	404	403M
83	83	-7.084E+02	1.00	0.000E+00	0	697	698	0	697	698	698M
83	5593	-7.084E+02	0.997	0.000E+00	0	696	698	0	696	698	697M
83	9805	-7.084E+02	0.997	0.000E+00	0	696	698	0	696	698	697M
84	84	-1.233E+02	1.00	2.967E-54	0	89	90	0	89	90	90M
84	5594	-1.236E+02	1.00	2.163E-54	0	88	90	0	88	90	89M
84	9804	-1.236E+02	1.00	2.163E-54	0	88	90	0	88	90	89M
85	85	-6.819E+02	1.00	7.063E-297	0	432	433	0	432	433	433M
85	5595	-6.791E+02	0.993	1.204E-295	0	431	433	0	431	433	432M
85	9803	-6.791E+02	0.993	1.204E-295	0	431	433	0	431	433	432M
86	86	-7.084E+02	1.00	0.000E+00	0	587	588	0	587	588	588M
86	5596	-7.084E+02	0.976	0.000E+00	0	586	588	0	586	588	587M
86	9802	-7.084E+02	0.976	0.000E+00	0	586	588	0	586	588	587M
87	87	-7.084E+02	1.00	0.000E+00	0	1232	1233	0	1232	1233	1233M
87	5597	-7.084E+02	0.992	0.000E+00	0	1231	1233	0	1231	1233	1232M
87	9801	-7.084E+02	0.992	0.000E+00	0	1231	1233	0	1231	1233	1232M
88	88	-7.084E+02	1.00	0.000E+00	0	1211	1212	0	1211	1212	1212M
88	5598	-7.084E+02	0.991	0.000E+00	0	1210	1212	0	1210	1212	1211M
88	9800	-7.084E+02	0.991	0.000E+00	0	1210	1212	0	1210	1212	1211M
89	89	-2.489E+02	1.00	7.794E-109	0	168	169	0	168	169	169M
89	5599	-2.492E+02	1.00	5.684E-109	0	167	169	0	167	169	168M
89	9799	-2.492E+02	1.00	5.684E-109	0	167	169	0	167	169	168M
90	90	-7.371E+02	1.00	7.880E-321	0	472	473	0	472	473	473M
90	5600	-7.339E+02	0.995	1.839E-319	0	471	473	0	471	473	472M
90	9798	-7.339E+02	0.995	1.839E-319	0	471	473	0	471	473	472M
91	91	-3.498E+02	1.00	1.163E-152	0	235	236	0	235	236	236M
91	5601	-3.502E+02	1.00	8.487E-153	0	234	236	0	234	236	235M
91	9797	-3.502E+02	1.00	8.487E-153	0	234	236	0	234	236	235M
92	92	-4.747E+02	1.00	6.951E-207	0	315	316	0	315	316	316M
92	5602	-4.747E+02	0.996	6.951E-207	0	314	316	0	314	316	315M
92	9796	-4.747E+02	0.996	6.951E-207	0	314	316	0	314	316	315M
93	93	-3.265E+02	1.00	1.612E-142	0	222	223	0	222	223	223M
93	5603	-3.268E+02	1.00	1.176E-142	0	221	223	0	221	223	222M
93	9795	-3.268E+02	1.00	1.176E-142	0	221	223	0	221	223	222M
94	94	-7.084E+02	1.00	0.000E+00	0	539	540	0	539	540	540M
94	5604	-7.084E+02	1.00	0.000E+00	0	538	540	0	538	540	539M
94	9794	-7.084E+02	1.00	0.000E+00	0	538	540	0	538	540	539M
95	95	-6.908E+02	1.00	9.608E-301	0	437	438	0	437	438	438M
95	5605	-6.700E+02	0.970	1.030E-291	0	436	438	0	436	438	437M
95	9793	-6.700E+02	0.970	1.030E-291	0	436	438	0	436	438	437M
96	96	-3.958E+02	1.00	1.299E-172	0	257	258	0	257	258	258M
96	5606	-3.961E+02	1.00	9.478E-173	0	256	258	0	256	258	257M
96	9792	-3.961E+02	1.00	9.478E-173	0	256	258	0	256	258	257M
97	97	-7.084E+02	1.00	0.000E+00	0	500	501	0	500	501	501M
97	5607	-7.084E+02	1.00	0.000E+00	0	499	501	0	499	501	500M
97	9791	-7.084E+02	1.00	0.000E+00	0	499	501	0	499	501	500M
98	98	-6.982E+02	1.00	5.686E-304	0	460	461	0	460	461	461M
98	5608	-6.923E+02	0.991	2.260E-301	0	459	461	0	459	461	460M
98	9790	-6.923E+02	0.991	2.260E-301	0	459	461	0	459	461	460M
99	99	-7.084E+02	1.00	0.000E+00	0	945	946	0	945	946	946M
99	5609	-7.084E+02	0.998	0.000E+00	0	944	946	0	944	946	945M
99	9789	-7.084E+02	0.998	0.000E+00	0	944	946	0	944	946	945M
100	100	-1.574E+02	1.00	4.548E-69	0	122	123	0	122	123	123M
100	5610	-1.567E+02	0.991	8.554E-69	0	121	123	0	121	123	122M
100	9788	-1.567E+02	0.991	8.554E-69	0	121	123	0	121	123	122M
101	101	-7.084E+02	1.00	0.000E+00	0	603	604	0	603	604	604M
101	5611	-7.084E+02	0.998	0.000E+00	0	602	604	0	602	604	603M
101	9787	-7.084E+02	0.998	0.000E+00	0	602	604	0	602	604	603M
102	102	-2.593E+02	1.00	2.385E-113	0	175	176	0	175	176	176M
102	5612	-2.593E+02	0.994	2.385E-113	0	174	176	0	174	176	175M
102	9786	-2.593E+02	0.994	2.385E-113	0	174	176	0	174	176	175M
103	103	-1.159E+02	1.00	4.727E-51	0	91	92	0	91	92	92M
103	5613	-1.159E+02	0.989	4.727E-51	0	90	92	0	90	92	91M
103	9785	-1.159E+02	0.989	4.727E-51	0	90	92	0	90	92	91M
104	104	-1.821E+02	1.00	8.595E-80	0	134	135	0	134	135	135M
104	5614	-1.802E+02	0.992	5.717E-79	0	133	135	0	133	135	134M
104	9784	-1.802E+02	0.992	5.717E-79	0	133	135	0	133	135	134M
105	105	-1.875E+02	1.00	3.818E-82	0	133	134	0	133	134	134M
105	5615	-1.865E+02	0.992	9.847E-82	0	132	134	0	132	134	133M
105	9783	-1.865E+02	0.992	9.847E-82	0	132	134	0	132	134	133M
106	106	-7.084E+02	1.00	0.000E+00	0	899	900	0	899	900	900M
106	5616	-7.084E+02	1.00	0.000E+00	0	898	900	0	898	900	899M
106	9782	-7.084E+02	1.00	0.000E+00	0	898	900	0	898	900	899M
107	107	-7.162E+02	1.00	9.091E-312	0	494	495	0	494	495	495M
107	5617	-7.156E+02	0.997	1.707E-311	0	493	495	0	493	495	494M
107	9781	-7.156E+02	0.997	1.707E-311	0	493	495	0	493	495	494M
108	108	-2.540E+02	1.00	4.857E-111	0	174	175	0	174	175	175M
108	5618	-2.543E+02	1.00	3.543E-111	0	173	175	0	173	175	174M
108	9780	-2.543E+02	1.00	3.543E-111	0	173	175	0	173	175	174M
109	109	-1.311E+02	1.00	1.125E-57	0	109	110	0	109	110	110M
109	5619	-1.289E+02	0.981	1.028E-56	0	108	110	0	108	110	109M
109	9779	-1.289E+02	0.981	1.028E-56	0	108	110	0	108	110	109M
110	110	-3.891E+02	1.00	9.892E-170	0	264	265	0	264	265	265M
110	5620	-3.876E+02	0.996	4.785E-169	0	263	265	0	263	265	264M
110	9778	-3.876E+02	0.996	4.785E-169	0	263	265	0	263	265	264M
111	111	-7.084E+02	1.00	0.000E+00	0	570	571	0	570	571	571M
111	5621	-7.084E+02	0.996	0.000E+00	0	569	571	0	569	571	570M
111	9777	-7.084E+02	0.996	0.000E+00	0	569	571	0	569	571	570M
112	112	-5.819E+02	1.00	1.916E-253	0	408	409	0	408	409	409M
112	5622	-5.822E+02	1.00	1.398E-253	0	407	409	0	407	409	408M
112	9776	-5.822E+02	1.00	1.398E-253	0	407	409	0	407	409	408M
113	113	-4.341E+02	1.00	2.861E-189	0	286	287	0	286	287	287M
113	5623	-4.269E+02	0.979	4.028E-186	0	285	287	0	285	287	286M
113	9775	-4.269E+02	0.979	4.028E-186	0	285	287	0	285	287	286M
114	114	-2.863E+02	1.00	4.550E-125	0	198	199	0	198	199	199M
114	5624	-2.866E+02	1.00	3.319E-125	0	197	199	0	197	199	198M
114	9774	-2.866E+02	1.00	3.319E-125	0	197	199	0	197	199	198M
115	115	-4.462E+02	1.00	1.625E-194	0	304	305	0	304	305	305M
115	5625	-4.440E+02	0.993	1.476E-193	0	303	305	0	303	305	304M
115	9773	-4.440E+02	0.993	1.476E-193	0	303	305	0	303	305	304M
116	116	-3.672E+02	1.00	3.524E-160	0	249	250	0	249	250	250M
116	5626	-3.675E+02	1.00	2.571E-160	0	248	250	0	248	250	249M
116	9772	-3.675E+02	1.00	2.571E-160	0	248	250	0	248	250	249M
117	117	-1.596E+02	1.00	4.751E-70	0	108	109	0	108	109	109M
117	5627	-1.599E+02	1.00	3.464E-70	0	107	109	0	107	109	108M
117	9771	-1.599E+02	1.00	3.464E-70	0	107	109	0	107	109	108M
118	118	-6.887E+02	1.00	8.319E-300	0	436	437	0	436	437	437M
118	5628	-6.830E+02	0.986	2.415E-297	0	435	437	0	435	437	436M
118	9770	-6.830E+02	0.986	2.415E-297	0	435	437	0	435	437	436M
119	119	-7.084E+02	1.00	0.000E+00	0	555	556	0	555	556	556M
119	5629	-7.084E+02	0.998	0.000E+00	0	554	556	0	554	556	555M
119	9769	-7.084E+02	0.998	0.000E+00	0	554	556	0	554	556	555M
120	120	-2.911E+02	1.00	3.866E-127	0	184	185	0	184	185	185M
120	5630	-2.914E+02	1.00	2.820E-127	0	183	185	0	183	185	184M
120	9768	-2.914E+02	1.00	2.820E-127	0	183	185	0	183	185	184M
121	121	-2.137E+02	1.00	1.577E-93	0	146	147	0	146	147	147M
121	5631	-2.140E+02	1.00	1.150E-93	0	145	147	0	145	147	146M
121	9767	-2.140E+02	1.00	1.150E-93	0	145	147	0	145	147	146M
122	122	-4.707E+02	1.00	3.763E-205	0	333	334	0	333	334	334M
122	5632	-4.710E+02	1.00	2.746E-205	0	332	334	0	332	334	333M
122	9766	-4.710E+02	1.00	2.746E-205	0	332	334	0	332	334	333M
123	123	-9.424E+01	1.00	1.185E-41	0	68	69	0	68	69	69M
123	5633	-9.455E+01	1.00	8.637E-42	0	67	69	0	67	69	68M
123	9765	-9.455E+01	1.00	8.637E-42	0	67	69	0	67	69	68M
124	124	-7.084E+02	1.00	0.000E+00	0	699	700	0	699	700	700M
124	5634	-7.084E+02	0.998	0.000E+00	0	698	700	0	698	700	699M
124	9764	-7.084E+02	0.998	0.000E+00	0	698	700	0	698	700	699M
125	125	-3.838E+02	1.00	2.074E-167	0	257	258	0	257	258	258M
125	5635	-3.841E+02	1.00	1.513E-167	0	256	258	0	256	258	257M
125	9763	-3.841E+02	1.00	1.513E-167	0	256	258	0	256	258	257M
126	126	-3.167E+02	1.00	2.971E-138	0	203	204	0	203	204	204M
126	5636	-3.094E+02	0.980	4.204E-135	0	202	204	0	202	204	203M
126	9762	-3.094E+02	0.980	4.204E-135	0	202	204	0	202	204	203M
127	127	-4.358E+02	1.00	5.384E-190	0	284	285	0	284	285	285M
127	5637	-4.323E+02	0.989	1.726E-188	0	283	285	0	283	285	284M
127	9761	-4.323E+02	0.989	1.726E-188	0	283	285	0	283	285	284M
128	128	-2.729E+02	1.00	3.070E-119	0	195	196	0	195	196	196M
128	5638	-2.732E+02	1.00	2.239E-119	0	194	196	0	194	196	195M
128	9760	-2.732E+02	1.00	2.239E-119	0	194	196	0	194	196	195M
129	129	-4.182E+02	1.00	2.505E-182	0	264	265	0	264	265	265M
129	5639	-4.141E+02	0.984	1.509E-180	0	263	265	0	263	265	264M
129	9759	-4.141E+02	0.984	1.509E-180	0	263	265	0	263	265	264M
130	130	-7.084E+02	1.00	0.000E+00	0	602	603	0	602	603	603M
130	5640	-7.084E+02	0.998	0.000E+00	0	601	603	0	601	603	602M
130	9758	-7.084E+02	0.998	0.000E+00	0	601	603	0	601	603	602M
131	131	-2.590E+02	1.00	3.429E-113	0	176	177	0	176	177	177M
131	5641	-2.268E+02	0.880	3.253E-99	0	175	177	0	175	177	176M
131	9757	-2.268E+02	0.880	3.253E-99	0	175	177	0	175	177	176M
132	132	-4.774E+02	1.00	4.564E-208	0	304	305	0	304	305	305M
132	5644	-4.777E+02	1.00	3.330E-208	0	303	305	0	303	305	304M
132	9754	-4.777E+02	1.00	3.330E-208	0	303	305	0	303	305	304M
133	133	-5.108E+02	1.00	1.494E-222	0	332	333	0	332	333	333M
134	134	-7.084E+02	1.00	0.000E+00	0	717	718	0	717	718	718M
134	5645	-7.084E+02	1.00	0.000E+00	0	716	718	0	716	718	717M
134	9753	-7.084E+02	1.00	0.000E+00	0	716	718	0	716	718	717M
135	135	-5.786E+02	1.00	4.988E-252	0	390	391	0	390	391	391M
135	5646	-5.790E+02	1.00	3.640E-252	0	389	391	0	389	391	390M
135	9752	-5.790E+02	1.00	3.640E-252	0	389	391	0	389	391	390M
136	136	-2.328E+02	1.00	8.222E-102	0	163	164	0	163	164	164M
136	5647	-2.321E+02	0.993	1.546E-101	0	162	164	0	162	164	163M
136	9751	-2.321E+02	0.993	1.546E-101	0	162	164	0	162	164	163M
137	137	-3.658E+02	1.00	1.390E-159	0	238	239	0	238	239	239M
137	5648	-3.626E+02	0.987	3.255E-158	0	237	239	0	237	239	238M
137	9750	-3.626E+02	0.987	3.255E-158	0	237	239	0	237	239	238M
138	138	-2.872E+02	1.00	1.788E-125	0	185	186	0	185	186	186M
138	5649	-2.800E+02	0.978	2.534E-122	0	184	186	0	184	186	185M
138	9749	-2.800E+02	0.978	2.534E-122	0	184	186	0	184	186	185M
139	139	-1.950E+02	1.00	2.149E-85	0	135	136	0	135	136	136M
139	5650	-1.953E+02	1.00	1.567E-85	0	134	136	0	134	136	135M
139	9748	-1.953E+02	1.00	1.567E-85	0	134	136	0	134	136	135M
140	140	-3.613E+02	1.00	1.183E-157	0	252	253	0	252	253	253M
140	5651	-3.579E+02	0.992	3.793E-156	0	251	253	0	251	253	252M
140	9747	-3.579E+02	0.992	3.793E-156	0	251	253	0	251	253	252M
141	141	-3.505E+02	1.00	5.906E-153	0	234	235	0	234	235	235M
141	5652	-3.508E+02	1.00	4.309E-153	0	233	235	0	233	235	234M
141	9746	-3.508E+02	1.00	4.309E-153	0	233	235	0	233	235	234M
142	142	-6.044E+02	1.00	3.367E-263	0	379	380	0	379	380	380M
142	5653	-6.047E+02	1.00	2.457E-263	0	378	380	0	378	380	379M
142	9745	-6.047E+02	1.00	2.457E-263	0	378	380	0	378	380	379M
143	143	-4.685E+02	1.00	3.526E-204	0	300	301	0	300	301	301M
143	5654	-4.543E+02	0.970	5.098E-198	0	299	301	0	299	301	300M
143	9744	-4.543E+02	0.970	5.098E-198	0	299	301	0	299	301	300M
144	144	-7.084E+02	1.00	0.000E+00	0	639	640	0	639	640	640M
144	5655	-7.084E+02	1.00	0.000E+00	0	638	640	0	638	640	639M
144	9743	-7.084E+02	1.00	0.000E+00	0	638	640	0	638	640	639M
145	145	-1.692E+02	1.00	3.143E-74	0	118	119	0	118	119	119M
145	5656	-1.696E+02	1.00	2.292E-74	0	117	119	0	117	119	118M
145	9742	-1.696E+02	1.00	2.292E-74	0	117	119	0	117	119	118M
146	146	-2.872E+02	1.00	1.875E-125	0	186	187	0	186	187	187M
146	5657	-2.594E+02	0.919	2.140E-113	0	185	187	10	192	194	164M3I19M
146	9741	-2.594E+02	0.919	2.140E-113	0	185	187	10	192	194	164M3I19M
147	147	-4.315E+02	1.00	3.984E-188	0	275	276	0	275	276	276M
147	5385	-4.318E+02	1.00	2.907E-188	0	274	276	0	274	276	275M
147	9445	-4.318E+02	1.00	2.907E-188	0	274	276	0	274	276	275M
148	148	-3.674E+02	1.00	2.695E-160	0	250	251	0	250	251	251M
148	5386	-3.677E+02	1.00	1.966E-160	0	249	251	0	249	251	250M
148	9446	-3.677E+02	1.00	1.966E-160	0	249	251	0	249	251	250M
149	149	-4.002E+02	1.00	1.602E-174	0	291	292	0	291	292	292M
149	5387	-3.992E+02	0.996	4.124E-174	0	290	292	0	290	292	291M
149	9447	-3.992E+02	0.996	4.124E-174	0	290	292	0	290	292	291M
150	150	-2.414E+02	1.00	1.488E-105	0	161	162	0	161	162	162M
150	5388	-2.370E+02	0.975	1.235E-103	0	160	162	0	160	162	161M
150	9448	-2.370E+02	0.975	1.235E-103	0	160	162	0	160	162	161M
151	151	-4.265E+02	1.00	5.894E-186	0	274	275	0	274	275	275M
151	5389	-4.256E+02	0.996	1.518E-185	0	273	275	0	273	275	274M
151	9449	-4.256E+02	0.996	1.518E-185	0	273	275	0	273	275	274M
152	152	-3.393E+02	1.00	4.426E-148	0	238	239	0	238	239	239M
152	5390	-3.343E+02	0.983	6.870E-146	0	237	239	0	237	239	238M
152	9450	-3.343E+02	0.983	6.870E-146	0	237	239	0	237	239	238M
153	153	-1.468E+02	1.00	1.740E-64	0	105	106	0	105	106	106M
153	5391	-1.471E+02	1.00	1.268E-64	0	104	106	0	104	106	105M
153	9451	-1.471E+02	1.00	1.268E-64	0	104	106	0	104	106	105M
154	154	-2.141E+02	1.00	1.016E-93	0	150	151	0	150	151	151M
154	5392	-2.144E+02	1.00	7.410E-94	0	149	151	0	149	151	150M
154	9452	-2.144E+02	1.00	7.410E-94	0	149	151	0	149	151	150M
155	155	-2.923E+02	1.00	1.154E-127	0	205	206	0	205	206	206M
155	5393	-2.926E+02	1.00	8.416E-128	0	204	206	0	204	206	205M
155	9453	-2.926E+02	1.00	8.416E-128	0	204	206	0	204	206	205M
156	156	-5.167E+02	1.00	3.929E-225	0	333	334	0	333	334	334M
156	5394	-5.170E+02	1.00	2.867E-225	0	332	334	0	332	334	333M
156	9454	-5.170E+02	1.00	2.867E-225	0	332	334	0	332	334	333M
157	157	-5.671E+02	1.00	4.956E-247	0	380	381	0	380	381	381M
157	5395	-5.675E+02	1.00	3.617E-247	0	379	381	0	379	381	380M
157	9455	-5.675E+02	1.00	3.617E-247	0	379	381	0	379	381	380M
158	158	-3.173E+02	1.00	1.560E-138	0	216	217	0	216	217	217M
158	5396	-3.176E+02	1.00	1.138E-138	0	215	217	0	215	217	216M
158	9456	-3.176E+02	1.00	1.138E-138	0	215	217	0	215	217	216M
159	159	-4.210E+02	1.00	1.422E-183	0	270	271	0	270	271	271M
159	5397	-4.213E+02	1.00	1.037E-183	0	269	271	0	269	271	270M
159	9457	-4.213E+02	1.00	1.037E-183	0	269	271	0	269	271	270M
160	160	-3.788E+02	1.00	3.217E-165	0	257	258	0	257	258	258M
160	5398	-3.791E+02	1.00	2.347E-165	0	256	258	0	256	258	257M
160	9458	-3.791E+02	1.00	2.347E-165	0	256	258	0	256	258	257M
161	161	-4.594E+02	1.00	2.934E-200	0	311	312	0	311	312	312M
161	5399	-4.598E+02	1.00	2.141E-200	0	310	312	0	310	312	311M
161	9459	-4.598E+02	1.00	2.141E-200	0	310	312	0	310	312	311M
162	162	-2.952E+02	1.00	6.234E-129	0	210	211	0	210	211	211M
162	5400	-2.838E+02	0.971	5.316E-124	0	209	211	0	209	211	210M
162	9460	-2.838E+02	0.971	5.316E-124	0	209	211	0	209	211	210M
163	163	-3.454E+02	1.00	9.467E-151	0	228	229	0	228	229	229M
163	5401	-3.442E+02	0.995	3.342E-150	0	227	229	0	227	229	228M
163	9461	-3.442E+02	0.995	3.342E-150	0	227	229	0	227	229	228M
164	164	-6.008E+02	1.00	1.241E-261	0	409	410	0	409	410	410M
164	5402	-5.715E+02	0.951	6.561E-249	0	408	410	0	408	410	409M
164	9462	-5.715E+02	0.951	6.561E-249	0	408	410	0	408	410	409M
165	165	-6.369E+02	1.00	2.424E-277	0	417	418	0	417	418	418M
165	5404	-6.372E+02	1.00	1.769E-277	0	416	418	0	416	418	417M
165	9464	-6.372E+02	1.00	1.769E-277	0	416	418	0	416	418	417M
166	166	-6.938E+02	1.00	5.043E-302	0	482	483	0	482	483	483M
166	5405	-6.925E+02	0.997	1.778E-301	0	481	483	0	481	483	482M
166	9465	-6.925E+02	0.997	1.778E-301	0	481	483	0	481	483	482M
167	167	-7.084E+02	1.00	0.000E+00	0	1059	1060	0	1059	1060	1060M
167	5406	-7.084E+02	0.993	0.000E+00	0	1058	1060	0	1058	1060	1059M
167	9466	-7.084E+02	0.993	0.000E+00	0	1058	1060	0	1058	1060	1059M
168	168	-5.788E+02	1.00	4.076E-252	0	406	407	0	406	407	407M
168	5407	-5.766E+02	0.995	3.697E-251	0	405	407	0	405	407	406M
168	9467	-5.766E+02	0.995	3.697E-251	0	405	407	0	405	407	406M
169	169	-5.288E+02	1.00	2.106E-230	0	343	344	0	343	344	344M
169	5409	-5.292E+02	1.00	1.537E-230	0	342	344	0	342	344	343M
169	9469	-5.292E+02	1.00	1.537E-230	0	342	344	0	342	344	343M
170	170	-3.874E+02	1.00	5.695E-169	0	261	262	0	261	262	262M
170	5410	-3.877E+02	1.00	4.155E-169	0	260	262	0	260	262	261M
170	9470	-3.877E+02	1.00	4.155E-169	0	260	262	0	260	262	261M
171	171	-3.221E+02	1.00	1.352E-140	0	229	230	0	229	230	230M
171	5411	-3.192E+02	0.991	2.309E-139	0	228	230	0	228	230	229M
171	9471	-3.192E+02	0.991	2.309E-139	0	228	230	0	228	230	229M
172	172	-3.532E+02	1.00	3.984E-154	0	237	238	0	237	238	238M
172	5412	-3.510E+02	0.991	3.622E-153	0	236	238	0	236	238	237M
172	9472	-3.510E+02	0.991	3.622E-153	0	236	238	0	236	238	237M
173	173	-3.775E+02	1.00	1.190E-164	0	258	259	0	258	259	259M
173	5413	-3.743E+02	0.992	2.784E-163	0	257	259	0	257	259	258M
173	9473	-3.743E+02	0.992	2.784E-163	0	257	259	0	257	259	258M
174	174	-1.416E+02	1.00	3.321E-62	0	109	110	0	109	110	110M
174	5414	-1.419E+02	1.00	2.421E-62	0	108	110	0	108	110	109M
174	9474	-1.419E+02	1.00	2.421E-62	0	108	110	0	108	110	109M
175	175	-1.322E+02	1.00	3.832E-58	0	87	88	0	87	88	88M
175	5415	-1.243E+02	0.942	1.041E-54	0	86	88	0	86	88	87M
175	9475	-1.243E+02	0.942	1.041E-54	0	86	88	0	86	88	87M
176	176	-7.095E+02	1.00	7.681E-309	0	456	457	0	456	457	457M
176	5416	-7.019E+02	0.989	1.476E-305	0	455	457	0	455	457	456M
176	9476	-7.019E+02	0.989	1.476E-305	0	455	457	0	455	457	456M
177	177	-7.084E+02	1.00	0.000E+00	0	486	487	0	486	487	487M
177	5417	-7.084E+02	0.987	0.000E+00	0	485	487	0	486	488	148M1D338M
177	9477	-7.084E+02	0.987	0.000E+00	0	485	487	0	486	488	148M1D338M
178	178	-4.315E+02	1.00	4.101E-188	0	289	290	0	289	290	290M
178	5418	-3.773E+02	0.854	1.430E-164	0	288	290	0	288	290	289M
178	9478	-3.773E+02	0.854	1.430E-164	0	288	290	0	288	290	289M
179	179	-3.960E+02	1.00	1.042E-172	0	259	260	0	259	260	260M
179	5419	-3.963E+02	1.00	7.600E-173	0	258	260	0	258	260	259M
179	9479	-3.963E+02	1.00	7.600E-173	0	258	260	0	258	260	259M
180	180	-3.710E+02	1.00	7.894E-162	0	242	243	0	242	243	243M
180	5420	-3.650E+02	0.983	3.156E-159	0	241	243	0	241	243	242M
180	9480	-3.650E+02	0.983	3.156E-159	0	241	243	0	241	243	242M
181	181	-5.847E+02	1.00	1.144E-254	0	422	423	0	422	423	423M
181	5421	-5.797E+02	0.992	1.767E-252	0	421	423	0	421	423	422M
181	9481	-5.797E+02	0.992	1.767E-252	0	421	423	0	421	423	422M
182	182	-7.084E+02	1.00	0.000E+00	0	585	586	0	585	586	586M
182	5422	-7.084E+02	0.991	0.000E+00	0	584	586	0	584	586	585M
182	9482	-7.084E+02	0.991	0.000E+00	0	584	586	0	584	586	585M
183	183	-1.581E+02	1.00	2.092E-69	0	119	120	0	119	120	120M
183	5423	-1.585E+02	1.00	1.525E-69	0	118	120	0	118	120	119M
183	9483	-1.585E+02	1.00	1.525E-69	0	118	120	0	118	120	119M
184	184	-3.256E+02	1.00	3.777E-142	0	220	221	0	220	221	221M
184	5424	-3.250E+02	0.995	7.097E-142	0	219	221	0	219	221	220M
184	9484	-3.250E+02	0.995	7.097E-142	0	219	221	0	219	221	220M
185	185	-6.602E+02	1.00	1.920E-287	0	452	453	0	452	453	453M
185	5425	-6.574E+02	0.995	3.270E-286	0	451	453	0	451	453	452M
185	9485	-6.574E+02	0.995	3.270E-286	0	451	453	0	451	453	452M
186	186	-7.267E+01	1.00	2.761E-32	0	56	57	0	56	57	57M
186	5426	-7.298E+01	1.00	2.011E-32	0	55	57	0	55	57	56M
186	9486	-7.298E+01	1.00	2.011E-32	0	55	57	0	55	57	56M
187	187	-4.710E+02	1.00	2.702E-205	0	299	300	0	299	300	300M
187	5427	-4.682E+02	0.989	4.611E-204	0	298	300	0	298	300	299M
187	9487	-4.682E+02	0.989	4.611E-204	0	298	300	0	298	300	299M
188	188	-2.555E+02	1.00	1.122E-111	0	183	184	0	183	184	184M
188	5428	-2.558E+02	1.00	8.182E-112	0	182	184	0	182	184	183M
188	9488	-2.558E+02	1.00	8.182E-112	0	182	184	0	182	184	183M
189	189	-7.084E+02	1.00	0.000E+00	0	798	799	0	798	799	799M
189	5429	-7.084E+02	0.998	0.000E+00	0	797	799	0	797	799	798M
189	9489	-7.084E+02	0.998	0.000E+00	0	797	799	0	797	799	798M
190	190	-4.640E+02	1.00	3.197E-202	0	302	303	0	302	303	303M
190	5430	-4.643E+02	1.00	2.332E-202	0	301	303	0	301	303	302M
190	9490	-4.643E+02	1.00	2.332E-202	0	301	303	0	301	303	302M
191	191	-1.302E+02	1.00	2.965E-57	0	90	91	0	90	91	91M
191	5431	-1.305E+02	1.00	2.161E-57	0	89	91	0	89	91	90M
191	9491	-1.305E+02	1.00	2.161E-57	0	89	91	0	89	91	90M
192	192	-5.187E+02	1.00	5.221E-226	0	337	338	0	337	338	338M
192	5432	-5.178E+02	0.997	1.344E-225	0	336	338	0	336	338	337M
192	9492	-5.178E+02	0.997	1.344E-225	0	336	338	0	336	338	337M
193	193	-6.473E+02	1.00	7.796E-282	0	452	453	0	452	453	453M
193	5433	-6.476E+02	1.00	5.689E-282	0	451	453	0	451	453	452M
193	9493	-6.476E+02	1.00	5.689E-282	0	451	453	0	451	453	452M
194	194	-5.882E+02	1.00	3.526E-256	0	381	382	0	381	382	382M
194	5434	-5.885E+02	1.00	2.573E-256	0	380	382	0	380	382	381M
194	9494	-5.885E+02	1.00	2.573E-256	0	380	382	0	380	382	381M
195	195	-4.908E+02	1.00	6.931E-214	0	314	315	0	314	315	315M
195	5435	-4.845E+02	0.984	3.788E-211	0	313	315	0	313	315	314M
195	9495	-4.845E+02	0.984	3.788E-211	0	313	315	0	313	315	314M
196	196	-5.481E+02	1.00	9.042E-239	0	369	370	0	369	370	370M
196	5436	-5.484E+02	1.00	6.598E-239	0	368	370	0	368	370	369M
196	9496	-5.484E+02	1.00	6.598E-239	0	368	370	0	368	370	369M
197	197	-7.084E+02	1.00	0.000E+00	0	756	757	0	756	757	757M
197	5437	-7.084E+02	0.997	0.000E+00	8	755	757	0	747	749	748M
197	9497	-7.084E+02	0.997	0.000E+00	8	755	757	0	747	749	748M
198	198	-1.925E+02	1.00	2.503E-84	0	127	128	0	127	128	128M
198	5438	-1.928E+02	1.00	1.825E-84	0	126	128	0	126	128	127M
198	9498	-1.928E+02	1.00	1.825E-84	0	126	128	0	126	128	127M
199	199	-7.084E+02	1.00	0.000E+00	0	486	487	0	486	487	487M
199	5439	-7.358E+02	0.979	2.840E-320	0	485	487	0	485	487	486M
199	9499	-7.358E+02	0.979	2.840E-320	0	485	487	0	485	487	486M
200	200	-4.919E+02	1.00	2.371E-214	0	318	319	0	318	319	319M
200	5440	-4.878E+02	0.990	1.427E-212	0	317	319	0	317	319	318M
200	9500	-4.878E+02	0.990	1.427E-212	0	317	319	0	317	319	318M
201	201	-3.321E+02	1.00	5.867E-145	0	210	211	0	210	211	211M
201	5441	-3.321E+02	0.995	5.867E-145	0	209	211	0	209	211	210M
201	9501	-3.321E+02	0.995	5.867E-145	0	209	211	0	209	211	210M
202	202	-3.847E+02	1.00	8.054E-168	0	257	258	0	257	258	258M
202	5442	-3.743E+02	0.972	2.656E-163	0	256	258	0	256	258	257M
202	9502	-3.743E+02	0.972	2.656E-163	0	256	258	0	256	258	257M
203	203	-3.032E+02	1.00	2.036E-132	0	207	208	0	207	208	208M
203	5443	-2.976E+02	0.980	5.950E-130	0	206	208	0	206	208	207M
203	9503	-2.976E+02	0.980	5.950E-130	0	206	208	0	206	208	207M
204	204	-3.805E+02	1.00	5.856E-166	0	261	262	0	261	262	262M
204	5444	-3.808E+02	1.00	4.273E-166	0	260	262	0	260	262	261M
204	9504	-3.808E+02	1.00	4.273E-166	0	260	262	0	260	262	261M
205	205	-8.520E+01	1.00	9.935E-38	0	65	66	0	65	66	66M
205	5445	-8.330E+01	0.984	6.648E-37	0	64	66	0	64	66	65M
205	9505	-8.330E+01	0.984	6.648E-37	0	64	66	0	64	66	65M
206	206	-1.745E+02	1.00	1.691E-76	0	121	122	0	121	122	122M
206	5446	-1.748E+02	1.00	1.233E-76	0	120	122	0	120	122	121M
206	9506	-1.748E+02	1.00	1.233E-76	0	120	122	0	120	122	121M
207	207	-4.230E+02	1.00	1.943E-184	0	288	289	0	288	289	289M
207	5447	-4.233E+02	1.00	1.418E-184	0	287	289	0	287	289	288M
207	9507	-4.233E+02	1.00	1.418E-184	0	287	289	0	287	289	288M
208	208	-1.126E+02	1.00	1.284E-49	0	81	82	0	81	82	82M
208	5448	-1.129E+02	1.00	9.360E-50	0	80	82	0	80	82	81M
208	9508	-1.129E+02	1.00	9.360E-50	0	80	82	0	80	82	81M
209	209	-1.666E+02	1.00	4.328E-73	0	107	108	0	107	108	108M
209	5900	-1.669E+02	1.00	3.155E-73	0	106	108	0	106	108	107M
209	10260	-1.669E+02	1.00	3.155E-73	0	106	108	0	106	108	107M
210	210	-3.720E+02	1.00	2.741E-162	0	233	234	0	233	234	234M
210	5901	-3.707E+02	0.995	9.678E-162	0	232	234	0	232	234	233M
210	10261	-3.707E+02	0.995	9.678E-162	0	232	234	0	232	234	233M
211	211	-3.385E+02	1.00	1.006E-147	0	222	223	0	222	223	223M
211	5902	-3.378E+02	0.995	1.891E-147	0	221	223	0	221	223	222M
211	10262	-3.378E+02	0.995	1.891E-147	0	221	223	0	221	223	222M
212	212	-4.262E+02	1.00	7.821E-186	0	280	281	0	280	281	281M
212	5903	-4.265E+02	1.00	5.706E-186	0	279	281	0	279	281	280M
212	10263	-4.265E+02	1.00	5.706E-186	0	279	281	0	279	281	280M
213	213	-3.258E+02	1.00	3.163E-142	0	203	204	0	203	204	204M
213	5904	-3.246E+02	0.995	1.117E-141	0	202	204	0	202	204	203M
213	10264	-3.246E+02	0.995	1.117E-141	0	202	204	0	202	204	203M
214	214	-2.954E+02	1.00	5.079E-129	0	199	200	0	199	200	200M
214	5905	-2.957E+02	1.00	3.705E-129	0	198	200	0	198	200	199M
214	10265	-2.957E+02	1.00	3.705E-129	0	198	200	0	198	200	199M
215	215	-2.369E+02	1.00	1.295E-103	0	162	163	0	162	163	163M
215	5906	-2.372E+02	1.00	9.448E-104	0	161	163	234	395	397	162M
215	10266	-2.372E+02	1.00	9.448E-104	0	161	163	234	395	397	162M
216	216	-2.951E+02	1.00	6.850E-129	0	212	213	0	212	213	213M
216	5906	-2.954E+02	1.00	4.997E-129	0	211	213	0	211	397	212M
216	10266	-2.954E+02	1.00	4.997E-129	0	211	213	0	211	397	212M
217	217	-7.084E+02	1.00	0.000E+00	0	713	714	0	713	714	714M
217	5907	-7.084E+02	1.00	0.000E+00	0	712	714	0	712	714	713M
217	10267	-7.084E+02	1.00	0.000E+00	0	712	714	0	712	714	713M
218	218	-6.963E+02	1.00	3.909E-303	0	488	489	0	488	489	489M
218	5908	-6.966E+02	1.00	2.853E-303	0	487	489	0	487	489	488M
218	10268	-6.966E+02	1.00	2.853E-303	0	487	489	0	487	489	488M
219	219	-3.637E+02	1.00	1.078E-158	0	248	249	0	248	249	249M
219	5909	-3.640E+02	1.00	7.868E-159	0	247	249	0	247	249	248M
219	10269	-3.640E+02	1.00	7.868E-159	0	247	249	0	247	249	248M
220	220	-2.489E+02	1.00	8.067E-109	0	182	183	0	182	183	183M
220	5910	-2.492E+02	1.00	5.884E-109	0	181	183	0	181	183	182M
220	10270	-2.492E+02	1.00	5.884E-109	0	181	183	0	181	183	182M
221	221	-2.659E+02	1.00	3.218E-116	0	182	183	0	182	183	183M
221	5911	-2.650E+02	0.994	8.293E-116	0	181	183	0	181	183	182M
221	10271	-2.650E+02	0.994	8.293E-116	0	181	183	0	181	183	182M
222	222	-2.632E+02	1.00	4.773E-115	0	179	180	0	179	180	180M
222	5912	-2.620E+02	0.994	1.686E-114	0	178	180	0	178	180	179M
222	10272	-2.620E+02	0.994	1.686E-114	0	178	180	0	178	180	179M
223	223	-4.821E+02	1.00	4.204E-210	0	325	326	0	325	326	326M
223	5913	-4.824E+02	1.00	3.068E-210	0	324	326	0	324	326	325M
223	10273	-4.824E+02	1.00	3.068E-210	0	324	326	0	324	326	325M
224	224	-7.084E+02	1.00	0.000E+00	0	473	474	0	473	474	474M
224	5914	-7.420E+02	0.991	5.435E-323	0	472	474	0	472	474	473M
224	10274	-7.420E+02	0.991	5.435E-323	0	472	474	0	472	474	473M
225	225	-5.219E+02	1.00	2.234E-227	0	337	338	0	337	338	338M
226	226	-9.460E+01	1.00	8.211E-42	0	67	68	0	67	68	68M
227	227	-2.777E+02	1.00	2.490E-121	0	180	181	0	180	181	181M
227	8061	-2.275E+02	0.794	1.524E-99	0	179	181	0	179	182	180M
227	11844	-2.275E+02	0.794	1.524E-99	0	179	181	0	179	182	180M
228	228	-1.747E+02	1.00	1.359E-76	0	123	124	0	123	124	124M
229	229	-3.689E+02	1.00	6.202E-161	0	259	260	0	259	260	260M
230	230	-7.084E+02	1.00	0.000E+00	0	804	805	0	804	805	805M
231	231	-1.114E+02	1.00	4.122E-49	0	79	80	0	79	80	80M
232	232	-7.084E+02	1.00	0.000E+00	0	2271	2272	0	2271	2272	2272M
233	233	-2.116E+02	1.00	1.270E-92	0	150	151	0	150	151	151M
234	234	-1.863E+02	1.00	1.287E-81	0	132	133	0	132	133	133M
235	235	-7.084E+02	1.00	0.000E+00	0	749	750	0	749	750	750M
236	236	-2.896E+02	1.00	1.737E-126	0	209	210	0	209	210	210M
237	237	-2.394E+02	1.00	1.066E-104	0	156	157	0	156	157	157M
238	238	-7.084E+02	1.00	0.000E+00	0	678	679	0	678	679	679M
239	239	-2.769E+02	1.00	5.666E-121	0	184	185	0	184	185	185M
240	240	-1.347E+02	1.00	3.306E-59	0	95	96	0	95	96	96M
241	241	-1.830E+02	1.00	3.333E-80	0	134	135	0	134	135	135M
242	242	-5.189E+02	1.00	4.385E-226	0	340	341	0	340	341	341M
243	243	-2.979E+02	1.00	4.259E-130	0	220	221	0	220	221	221M
244	244	-1.523E+02	1.00	7.512E-67	0	110	111	0	110	111	111M
245	245	-7.084E+02	1.00	0.000E+00	0	563	564	0	563	564	564M
246	246	-1.115E+02	1.00	3.851E-49	0	84	85	0	84	85	85M
247	247	-7.084E+02	1.00	0.000E+00	0	540	541	0	540	541	541M
248	248	-1.024E+02	1.00	3.316E-45	0	69	70	0	69	70	70M
249	249	-2.837E+02	1.00	6.137E-124	0	193	194	0	193	194	194M
250	250	-9.514E+01	1.00	4.822E-42	0	69	70	0	69	70	70M
251	251	-7.084E+02	1.00	0.000E+00	0	869	870	0	869	870	870M
252	252	-1.366E+02	1.00	4.811E-60	0	88	89	0	88	89	89M
253	253	-2.127E+02	1.00	4.281E-93	0	134	135	0	134	135	135M
254	254	-1.103E+02	1.00	1.299E-48	0	83	84	0	83	84	84M
255	255	-3.344E+02	1.00	5.791E-146	0	221	222	0	221	222	222M
255	6215	-5.146E+01	0.330	4.493E-23	22	204	222	20	222	230	19M1D23M12D16M4D21M1D63M2D41M
255	8967	-5.146E+01	0.330	4.493E-23	22	204	222	20	222	230	19M1D23M12D16M4D21M1D63M2D41M
256	256	-2.034E+02	1.00	4.518E-89	0	156	157	0	156	157	157M
257	257	-4.409E+01	1.00	7.138E-20	0	44	45	0	44	45	45M
258	258	-6.537E+02	1.00	1.326E-284	0	430	431	0	430	431	431M
259	259	-2.835E+02	1.00	7.881E-124	0	185	186	0	185	186	186M
260	260	-1.011E+02	1.00	1.237E-44	0	70	71	0	70	71	71M
260	6136	-4.658E+01	0.590	5.902E-21	0	60	71	6	66	76	61M
260	8888	-4.658E+01	0.590	5.902E-21	0	60	71	6	66	76	61M
261	261	-1.533E+02	1.00	2.641E-67	0	108	109	0	108	109	109M
262	262	-4.170E+02	1.00	8.020E-182	0	282	283	0	282	283	283M
263	263	-7.084E+02	1.00	0.000E+00	0	691	692	0	691	692	692M
264	264	-2.951E+02	1.00	6.841E-129	0	192	193	0	192	193	193M
265	265	-1.139E+02	1.00	3.554E-50	0	87	88	0	87	88	88M
266	266	-2.447E+02	1.00	5.230E-107	0	157	158	0	157	158	158M
267	267	-7.305E+02	1.00	5.814E-318	0	465	466	0	465	466	466M
268	268	-1.405E+02	1.00	9.430E-62	0	98	99	0	98	99	99M
269	269	-1.032E+02	1.00	1.544E-45	0	79	80	0	79	80	80M
270	270	-7.084E+02	1.00	0.000E+00	0	533	534	0	533	534	534M
270	7087	-7.257E+02	0.868	6.526E-316	0	532	534	0	532	534	533M
270	10967	-7.257E+02	0.868	6.526E-316	0	532	534	0	532	534	533M
271	271	-3.299E+02	1.00	5.519E-144	0	224	225	0	224	225	225M
271	7088	-3.245E+02	0.982	1.175E-141	0	223	225	0	223	225	224M
271	10968	-3.245E+02	0.982	1.175E-141	0	223	225	0	223	225	224M
272	272	-6.746E+02	1.00	1.014E-293	0	446	447	0	446	447	447M
272	7089	-6.463E+02	0.954	2.082E-281	2	444	447	0	442	445	443M
272	10969	-6.463E+02	0.954	2.082E-281	2	444	447	0	442	445	443M
273	273	-3.270E+02	1.00	1.014E-142	0	199	200	0	199	200	200M
273	7090	-3.159E+02	0.944	6.324E-138	0	198	200	0	198	200	199M
273	10970	-3.159E+02	0.944	6.324E-138	0	198	200	0	198	200	199M
274	274	-5.957E+02	1.00	1.878E-259	0	395	396	0	395	396	396M
274	7091	-5.948E+02	0.997	4.831E-259	0	394	396	0	394	396	395M
274	10971	-5.948E+02	0.997	4.831E-259	0	394	396	0	394	396	395M
275	275	-4.303E+02	1.00	1.334E-187	0	294	295	0	294	295	295M
275	7092	-4.237E+02	0.986	9.996E-185	0	293	295	0	293	295	294M
275	10972	-4.237E+02	0.986	9.996E-185	0	293	295	0	293	295	294M
276	276	-4.167E+02	1.00	1.037E-181	0	301	302	0	301	302	302M
276	7093	-4.101E+02	0.976	7.761E-179	0	300	302	0	300	302	301M
276	10973	-4.101E+02	0.976	7.761E-179	0	300	302	0	300	302	301M
277	277	-4.632E+02	1.00	6.661E-202	0	338	339	0	338	339	339M
277	7094	-4.216E+02	0.917	7.643E-184	0	337	339	0	337	339	338M
277	10974	-4.216E+02	0.917	7.643E-184	0	337	339	0	337	339	338M
278	278	-2.988E+02	1.00	1.708E-130	0	194	195	0	194	195	195M
278	7095	-2.934E+02	0.979	3.644E-128	0	193	195	0	193	195	194M
278	10975	-2.934E+02	0.979	3.644E-128	0	193	195	0	193	195	194M
279	279	-7.084E+02	1.00	0.000E+00	0	959	960	0	959	960	960M
279	7096	-7.084E+02	0.996	0.000E+00	0	958	960	0	958	960	959M
279	10976	-7.084E+02	0.996	0.000E+00	0	958	960	0	958	960	959M
280	280	-3.260E+02	1.00	2.546E-142	0	225	226	0	225	226	226M
280	7097	-3.219E+02	0.986	1.535E-140	0	224	226	0	224	226	225M
280	10977	-3.219E+02	0.986	1.535E-140	0	224	226	0	224	226	225M
281	281	-3.827E+02	1.00	6.530E-167	0	268	269	0	268	269	269M
281	7098	-3.782E+02	0.985	5.389E-165	0	267	269	0	267	269	268M
281	10978	-3.782E+02	0.985	5.389E-165	0	267	269	0	267	269	268M
282	282	-2.267E+02	1.00	3.423E-99	0	144	145	0	144	145	145M
282	7099	-2.214E+02	0.979	7.333E-97	0	143	145	0	143	145	144M
282	10979	-2.214E+02	0.979	7.333E-97	0	143	145	0	143	145	144M
283	283	-2.040E+02	1.00	2.549E-89	0	144	145	0	144	145	145M
283	7100	-2.002E+02	0.972	1.127E-87	0	143	145	0	143	145	144M
283	10980	-2.002E+02	0.972	1.127E-87	0	143	145	0	143	145	144M
284	284	-1.602E+02	1.00	2.718E-70	0	116	117	0	116	117	117M
284	7101	-1.539E+02	0.982	1.509E-67	0	115	117	0	114	116	105M1I10M
284	10981	-1.539E+02	0.982	1.509E-67	0	115	117	0	114	116	105M1I10M
285	285	-7.126E+02	1.00	3.434E-310	0	484	485	0	484	485	485M
285	7102	-7.129E+02	1.00	2.506E-310	0	483	485	0	483	485	484M
285	10982	-7.129E+02	1.00	2.506E-310	0	483	485	0	483	485	484M
286	286	-7.084E+02	1.00	0.000E+00	0	1058	1059	0	1058	1059	1059M
286	7103	-7.084E+02	1.00	0.000E+00	0	1057	1059	0	1057	1059	1058M
286	10983	-7.084E+02	1.00	0.000E+00	0	1057	1059	0	1057	1059	1058M
287	287	-5.806E+02	1.00	7.136E-253	0	416	417	0	416	417	417M
287	7104	-5.809E+02	1.00	5.208E-253	0	415	417	0	415	417	416M
287	10984	-5.809E+02	1.00	5.208E-253	0	415	417	0	415	417	416M
288	288	-3.246E+02	1.00	1.034E-141	0	208	209	0	208	209	209M
288	7105	-3.231E+02	0.990	5.007E-141	0	207	209	0	207	209	208M
288	10985	-3.231E+02	0.990	5.007E-141	0	207	209	0	207	209	208M
289	289	-7.084E+02	1.00	0.000E+00	0	686	687	0	686	687	687M
289	7106	-7.084E+02	0.998	0.000E+00	0	685	687	0	685	687	686M
289	10986	-7.084E+02	0.998	0.000E+00	0	685	687	0	685	687	686M
290	290	-4.843E+02	1.00	4.630E-211	0	325	326	0	325	326	326M
290	7107	-4.821E+02	0.996	4.204E-210	0	324	326	0	324	326	325M
290	10987	-4.821E+02	0.996	4.204E-210	0	324	326	0	324	326	325M
291	291	-1.441E+02	1.00	2.713E-63	0	103	104	0	103	104	104M
291	7108	-1.444E+02	1.00	1.978E-63	0	102	104	0	102	104	103M
291	10988	-1.444E+02	1.00	1.978E-63	0	102	104	0	102	104	103M
292	292	-1.171E+02	1.00	1.361E-51	0	85	86	0	85	86	86M
292	7109	-1.174E+02	1.00	9.920E-52	0	84	86	0	84	86	85M
292	10989	-1.174E+02	1.00	9.920E-52	0	84	86	0	84	86	85M
293	293	-3.349E+02	1.00	3.607E-146	0	231	232	0	231	232	232M
293	7110	-3.352E+02	1.00	2.631E-146	0	230	232	0	230	232	231M
293	10990	-3.352E+02	1.00	2.631E-146	0	230	232	0	230	232	231M
294	294	-3.914E+02	1.00	9.909E-171	0	262	263	0	262	263	263M
294	7111	-3.918E+02	1.00	7.230E-171	0	261	263	0	261	263	262M
294	10991	-3.918E+02	1.00	7.230E-171	0	261	263	0	261	263	262M
295	295	-6.404E+02	1.00	7.313E-279	0	423	424	0	423	424	424M
295	7112	-6.379E+02	0.995	9.092E-278	0	422	424	0	422	424	423M
295	10992	-6.379E+02	0.995	9.092E-278	0	422	424	0	422	424	423M
296	296	-7.006E+02	1.00	5.451E-305	0	457	458	0	457	458	458M
296	7113	-6.921E+02	0.989	2.694E-301	0	456	458	0	456	458	457M
296	10993	-6.921E+02	0.989	2.694E-301	0	456	458	0	456	458	457M
297	297	-2.416E+02	1.00	1.228E-105	0	157	158	0	157	158	158M
297	7114	-2.419E+02	1.00	8.958E-106	0	156	158	0	156	158	157M
297	10994	-2.419E+02	1.00	8.958E-106	0	156	158	0	156	158	157M
298	298	-1.805E+02	1.00	3.889E-79	0	126	127	0	126	127	127M
298	7115	-1.644E+02	0.896	3.853E-72	0	125	127	0	125	127	126M
298	10995	-1.644E+02	0.896	3.853E-72	0	125	127	0	125	127	126M
299	299	-2.812E+02	1.00	7.523E-123	0	186	187	0	186	187	187M
299	7116	-2.796E+02	0.994	3.643E-122	0	185	187	0	185	187	186M
299	10996	-2.796E+02	0.994	3.643E-122	0	185	187	0	185	187	186M
300	300	-6.900E+02	1.00	2.148E-300	0	461	462	0	461	462	462M
300	7117	-6.894E+02	0.997	4.032E-300	0	460	462	5	465	467	461M
300	10997	-6.894E+02	0.997	4.032E-300	0	460	462	5	465	467	461M
301	301	-5.952E+02	1.00	3.365E-259	0	394	395	0	394	395	395M
301	7118	-5.955E+02	1.00	2.456E-259	0	393	395	0	393	395	394M
301	10998	-5.955E+02	1.00	2.456E-259	0	393	395	0	393	395	394M
302	302	-2.479E+02	1.00	2.249E-108	0	177	178	0	177	178	178M
302	7119	-2.482E+02	1.00	1.640E-108	0	176	178	0	176	178	177M
302	10999	-2.094E+02	1.00	1.172E-91	28	176	178	0	148	150	149M
303	303	-3.387E+02	1.00	7.937E-148	0	217	218	0	217	218	218M
303	7120	-3.359E+02	0.990	1.357E-146	0	216	218	0	216	218	217M
303	11000	-3.359E+02	0.990	1.357E-146	0	216	218	0	216	218	217M
304	304	-1.385E+02	1.00	7.439E-61	0	95	96	0	95	96	96M
304	7121	-1.388E+02	1.00	5.422E-61	0	94	96	0	94	96	95M
304	11001	-1.388E+02	1.00	5.422E-61	0	94	96	0	94	96	95M
305	305	-7.084E+02	1.00	0.000E+00	0	628	629	0	628	629	629M
305	7122	-7.084E+02	1.00	0.000E+00	0	627	629	0	627	629	628M
305	11002	-7.084E+02	1.00	0.000E+00	0	627	629	0	627	629	628M
306	306	-8.062E+01	1.00	9.756E-36	0	68	69	0	68	69	69M
306	7123	-8.093E+01	1.00	7.107E-36	0	67	69	0	67	69	68M
306	11003	-8.093E+01	1.00	7.107E-36	0	67	69	0	67	69	68M
307	307	-2.644E+02	1.00	1.459E-115	0	174	175	0	174	175	175M
307	7124	-2.647E+02	1.00	1.064E-115	0	173	175	0	173	175	174M
307	11004	-2.647E+02	1.00	1.064E-115	0	173	175	0	173	175	174M
308	308	-4.812E+02	1.00	1.006E-209	0	310	311	0	310	311	311M
308	7126	-4.815E+02	1.00	7.338E-210	0	309	311	0	309	311	310M
308	11006	-4.815E+02	1.00	7.338E-210	0	309	311	0	309	311	310M
309	309	-2.448E+02	1.00	4.623E-107	0	161	162	0	161	162	162M
309	7127	-2.436E+02	0.993	1.634E-106	0	160	162	0	160	162	161M
309	11007	-2.436E+02	0.993	1.634E-106	0	160	162	0	160	162	161M
310	310	-6.602E+02	1.00	1.839E-287	0	424	425	0	424	425	425M
310	7128	-6.605E+02	1.00	1.342E-287	0	423	425	0	423	425	424M
310	11008	-6.605E+02	1.00	1.342E-287	0	423	425	0	423	425	424M
311	311	-1.709E+02	1.00	6.146E-75	0	130	131	0	130	131	131M
311	7129	-1.699E+02	0.992	1.585E-74	0	129	131	0	129	131	130M
311	11009	-1.699E+02	0.992	1.585E-74	0	129	131	0	129	131	130M
312	312	-1.776E+02	1.00	7.184E-78	0	121	122	0	121	122	122M
312	7130	-1.779E+02	1.00	5.238E-78	0	120	122	0	120	122	121M
312	11010	-1.779E+02	1.00	5.238E-78	0	120	122	0	120	122	121M
313	313	-7.084E+02	1.00	0.000E+00	0	611	612	0	611	612	612M
313	7131	-7.084E+02	1.00	0.000E+00	0	610	612	0	610	612	611M
313	11011	-7.084E+02	1.00	0.000E+00	0	610	612	0	610	612	611M
314	314	-3.769E+02	1.00	2.035E-164	0	236	237	0	236	237	237M
314	7132	-3.772E+02	1.00	1.485E-164	0	235	237	0	235	237	236M
314	11012	-3.772E+02	1.00	1.485E-164	0	235	237	0	235	237	236M
315	315	-7.084E+02	1.00	0.000E+00	0	946	947	0	946	947	947M
315	7133	-7.084E+02	1.00	0.000E+00	0	945	947	0	945	947	946M
315	11013	-7.084E+02	1.00	0.000E+00	0	945	947	0	945	947	946M
316	316	-5.720E+02	1.00	3.943E-249	0	398	399	0	398	399	399M
316	7134	-5.723E+02	1.00	2.878E-249	0	397	399	0	397	399	398M
316	11014	-5.723E+02	1.00	2.878E-249	0	397	399	0	397	399	398M
317	317	-7.261E+02	1.00	4.459E-316	0	477	478	0	477	478	478M
317	7135	-7.264E+02	1.00	3.254E-316	0	476	478	0	476	478	477M
317	11015	-7.264E+02	1.00	3.254E-316	0	476	478	0	476	478	477M
318	318	-5.601E+02	1.00	5.373E-244	0	388	389	0	388	389	389M
318	7136	-5.595E+02	0.997	1.009E-243	0	387	389	0	387	389	388M
318	11016	-5.595E+02	0.997	1.009E-243	0	387	389	0	387	389	388M
319	319	-4.272E+02	1.00	2.804E-186	0	285	286	0	285	286	286M
319	7137	-4.272E+02	1.00	2.804E-186	0	285	286	0	285	297	286M
319	11017	-4.272E+02	1.00	2.804E-186	0	285	286	0	285	297	286M
320	320	-7.084E+02	1.00	0.000E+00	0	767	768	0	767	768	768M
320	7972	-6.799E+02	0.604	5.235E-296	1	766	768	0	742	744	260M8I145M6I35M1I35M16I9M2D39M1D15M3I80M13D5M5I104M
320	11791	-6.799E+02	0.604	5.235E-296	1	766	768	0	742	744	260M8I145M6I35M1I35M16I9M2D39M1D15M3I80M13D5M5I104M
321	321	-3.490E+02	1.00	2.812E-152	0	227	228	0	227	228	228M
321	7971	-2.600E+02	0.722	1.160E-113	0	226	228	0	226	228	227M
321	11790	-2.600E+02	0.722	1.160E-113	0	226	228	0	226	228	227M
322	322	-7.084E+02	1.00	0.000E+00	0	565	566	0	565	566	566M
322	7970	-7.084E+02	1.00	0.000E+00	0	564	566	0	564	566	565M
322	11789	-7.084E+02	1.00	0.000E+00	0	564	566	0	564	566	565M
323	323	-6.141E+02	1.00	1.953E-267	0	386	387	0	386	387	387M
323	7969	-6.144E+02	1.00	1.425E-267	0	385	387	0	385	387	386M
323	11788	-6.144E+02	1.00	1.425E-267	0	385	387	0	385	387	386M
324	324	-2.977E+02	1.00	5.076E-130	0	197	198	0	197	198	198M
324	7968	-2.980E+02	1.00	3.703E-130	0	196	198	0	196	198	197M
324	11787	-2.980E+02	1.00	3.703E-130	0	196	198	0	196	198	197M
325	325	-2.594E+02	1.00	2.207E-113	0	180	181	0	180	181	181M
325	7967	-2.585E+02	0.994	5.687E-113	0	179	181	0	179	181	180M
325	11786	-2.585E+02	0.994	5.687E-113	0	179	181	0	179	181	180M
326	326	-3.196E+02	1.00	1.609E-139	0	208	209	0	208	209	209M
326	7966	-3.161E+02	0.985	5.167E-138	0	207	209	0	207	209	208M
326	11785	-3.161E+02	0.985	5.167E-138	0	207	209	0	207	209	208M
327	327	-4.308E+02	1.00	8.460E-188	0	291	292	0	291	292	292M
327	7965	-4.213E+02	0.986	1.081E-183	0	287	292	0	287	292	288M
327	11784	-4.213E+02	0.986	1.081E-183	0	287	292	0	287	292	288M
328	328	-8.675E+01	1.00	2.112E-38	0	72	73	0	72	73	73M
328	7964	-8.707E+01	1.00	1.539E-38	0	71	73	0	71	73	72M
328	11783	-8.707E+01	1.00	1.539E-38	0	71	73	0	71	73	72M
329	329	-1.929E+02	1.00	1.683E-84	0	145	146	0	145	146	146M
329	7963	-1.894E+02	0.986	5.425E-83	0	144	146	0	144	146	145M
329	11782	-1.894E+02	0.986	5.425E-83	0	144	146	0	144	146	145M
330	330	-3.627E+02	1.00	2.949E-158	0	256	257	0	256	257	257M
330	7962	-3.630E+02	1.00	2.152E-158	0	255	257	0	255	257	256M
330	11781	-3.630E+02	1.00	2.152E-158	0	255	257	0	255	257	256M
331	331	-7.084E+02	1.00	0.000E+00	0	726	727	0	726	727	727M
331	7961	-7.084E+02	0.997	0.000E+00	0	725	727	0	725	727	726M
331	11780	-7.084E+02	0.997	0.000E+00	0	725	727	0	725	727	726M
332	332	-7.084E+02	1.00	0.000E+00	0	730	731	0	730	731	731M
332	7960	-7.084E+02	0.920	0.000E+00	0	729	731	0	776	778	310M47D420M
332	11779	-7.084E+02	0.920	0.000E+00	0	729	731	0	776	778	310M47D420M
333	333	-4.055E+02	1.00	8.128E-177	0	259	260	0	259	260	260M
333	7959	-4.023E+02	0.992	1.902E-175	0	258	260	0	258	260	259M
333	11778	-4.023E+02	0.992	1.902E-175	0	258	260	0	258	260	259M
334	334	-4.518E+02	1.00	5.967E-197	0	272	273	0	272	273	273M
334	7958	-4.518E+02	0.996	5.967E-197	0	271	273	0	271	273	272M
334	11777	-4.518E+02	0.996	5.967E-197	0	271	273	0	271	273	272M
335	335	-1.714E+02	1.00	3.615E-75	0	119	120	0	119	120	120M
335	7957	-1.717E+02	1.00	2.636E-75	0	118	120	0	118	120	119M
335	11776	-1.717E+02	1.00	2.636E-75	0	118	120	0	118	120	119M
336	336	-1.751E+02	1.00	8.993E-77	0	121	122	0	121	122	122M
336	7956	-1.672E+02	0.966	2.419E-73	0	119	122	0	119	121	120M
336	11775	-1.672E+02	0.966	2.419E-73	0	119	122	0	119	121	120M
337	337	-4.552E+02	1.00	1.984E-198	0	280	281	0	280	281	281M
337	7955	-4.533E+02	0.996	1.315E-197	0	279	281	0	279	281	280M
337	11774	-4.533E+02	0.996	1.315E-197	0	279	281	0	279	281	280M
338	338	-2.571E+02	1.00	2.235E-112	0	169	170	0	169	170	170M
338	7954	-2.561E+02	0.994	5.759E-112	0	168	170	0	168	170	169M
338	11773	-2.561E+02	0.994	5.759E-112	0	168	170	0	168	170	169M
339	339	-5.505E+02	1.00	8.056E-240	0	351	352	0	351	352	352M
339	7953	-5.490E+02	0.997	3.894E-239	0	350	352	0	350	352	351M
339	11772	-5.490E+02	0.997	3.894E-239	0	350	352	0	350	352	351M
340	340	-2.720E+02	1.00	7.149E-119	0	173	174	0	173	174	174M
340	7952	-2.724E+02	1.00	5.215E-119	0	172	174	0	172	174	173M
340	11771	-2.724E+02	1.00	5.215E-119	0	172	174	0	172	174	173M
341	341	-1.792E+02	1.00	1.474E-78	0	134	135	0	134	135	135M
341	7951	-1.795E+02	1.00	1.075E-78	0	133	135	0	133	135	134M
341	11770	-1.795E+02	1.00	1.075E-78	0	133	135	0	133	135	134M
342	342	-2.828E+02	1.00	1.555E-123	0	206	207	0	206	207	207M
342	7950	-2.831E+02	1.00	1.135E-123	0	205	207	0	205	207	206M
342	11769	-2.831E+02	1.00	1.135E-123	0	205	207	0	205	207	206M
343	343	-3.434E+02	1.00	7.189E-150	0	251	252	0	251	252	252M
343	7949	-3.437E+02	1.00	5.245E-150	0	250	252	0	250	252	251M
343	11768	-3.437E+02	1.00	5.245E-150	0	250	252	0	250	252	251M
344	344	-4.382E+02	1.00	4.980E-191	0	287	288	0	287	288	288M
344	7948	-4.385E+02	1.00	3.634E-191	0	286	288	0	286	288	287M
344	11767	-4.385E+02	1.00	3.634E-191	0	286	288	0	286	288	287M
345	345	-3.498E+02	1.00	1.259E-152	0	230	231	0	230	231	231M
345	7947	-3.501E+02	1.00	9.183E-153	0	229	231	0	229	231	230M
345	11766	-3.501E+02	1.00	9.183E-153	0	229	231	0	229	231	230M
346	346	-7.084E+02	1.00	0.000E+00	0	482	483	0	482	483	483M
346	7946	-7.084E+02	0.997	0.000E+00	0	481	483	0	481	483	482M
346	11765	-7.084E+02	0.997	0.000E+00	0	481	483	0	481	483	482M
347	347	-1.058E+02	1.00	1.168E-46	0	78	79	0	78	79	79M
347	7945	-1.061E+02	1.00	8.508E-47	0	77	79	0	77	79	78M
347	11764	-1.061E+02	1.00	8.508E-47	0	77	79	0	77	79	78M
348	348	-6.341E+01	1.00	2.892E-28	0	51	52	0	51	52	52M
348	7944	-6.373E+01	1.00	2.106E-28	0	50	52	0	50	52	51M
348	11763	-6.373E+01	1.00	2.106E-28	0	50	52	0	50	52	51M
349	349	-7.084E+02	1.00	0.000E+00	0	569	570	0	569	570	570M
349	7943	-7.084E+02	0.996	0.000E+00	0	568	570	0	568	570	569M
349	11762	-7.084E+02	0.996	0.000E+00	0	568	570	0	568	570	569M
350	350	-1.215E+02	1.00	1.672E-53	0	92	93	0	92	93	93M
350	7942	-1.206E+02	0.989	4.319E-53	0	91	93	0	91	93	92M
350	11761	-1.206E+02	0.989	4.319E-53	0	91	93	0	91	93	92M
351	351	-2.465E+02	1.00	9.277E-108	0	167	168	0	167	168	168M
351	7941	-2.468E+02	1.00	6.766E-108	0	166	168	0	166	168	167M
351	11760	-2.468E+02	1.00	6.766E-108	0	166	168	0	166	168	167M
352	352	-7.208E+01	1.00	4.944E-32	0	55	56	0	55	56	56M
352	7940	-6.955E+01	0.963	6.249E-31	0	54	56	0	54	56	55M
352	11759	-6.955E+01	0.963	6.249E-31	0	54	56	0	54	56	55M
353	353	-1.060E+02	1.00	8.943E-47	0	79	80	0	79	80	80M
353	7939	-1.063E+02	1.00	6.517E-47	0	78	80	0	78	80	79M
353	11758	-1.063E+02	1.00	6.517E-47	0	78	80	0	78	80	79M
354	354	-7.084E+02	1.00	0.000E+00	0	659	660	0	659	660	660M
354	7938	-7.084E+02	0.995	0.000E+00	0	658	660	0	658	660	659M
354	11757	-7.084E+02	0.995	0.000E+00	0	658	660	0	658	660	659M
355	355	-2.643E+02	1.00	1.661E-115	0	190	191	0	190	191	191M
355	7937	-2.646E+02	1.00	1.212E-115	0	189	191	0	189	191	190M
355	11756	-2.646E+02	1.00	1.212E-115	0	189	191	0	189	191	190M
356	356	-3.938E+02	1.00	9.321E-172	0	252	253	0	252	253	253M
356	7936	-3.897E+02	0.988	5.618E-170	0	251	253	0	251	253	252M
356	11755	-3.897E+02	0.988	5.618E-170	0	251	253	0	251	253	252M
357	357	-7.084E+02	1.00	0.000E+00	0	878	879	0	878	879	879M
357	7935	-7.084E+02	0.998	0.000E+00	0	877	879	0	877	879	878M
357	11754	-7.084E+02	0.998	0.000E+00	0	877	879	0	877	879	878M
358	358	-2.158E+02	1.00	1.998E-94	0	149	150	0	149	150	150M
358	7934	-2.161E+02	1.00	1.457E-94	0	148	150	0	148	150	149M
358	11753	-2.161E+02	1.00	1.457E-94	0	148	150	0	148	150	149M
359	359	-1.872E+02	1.00	4.877E-82	0	125	126	0	125	126	126M
359	7933	-1.875E+02	1.00	3.556E-82	0	124	126	0	124	126	125M
359	11752	-1.875E+02	1.00	3.556E-82	0	124	126	0	124	126	125M
360	360	-5.040E+02	1.00	1.349E-219	0	336	337	0	336	337	337M
360	7668	-3.818E+01	0.250	2.625E-17	0	332	337	0	323	329	11M3I45M1D29M3I46M3I7M1I61M2D18M1I13M3D7M1D15M6I18M4D19M3I24M
360	11447	-3.818E+01	0.250	2.625E-17	0	332	337	0	323	329	11M3I45M1D29M3I46M3I7M1I61M2D18M1I13M3D7M1D15M6I18M4D19M3I24M
361	361	-1.085E+02	1.00	7.856E-48	0	81	82	0	81	82	82M
361	5521	-1.088E+02	1.00	5.725E-48	0	80	82	0	80	82	81M
361	9877	-1.088E+02	1.00	5.725E-48	0	80	82	0	80	82	81M
362	362	-7.084E+02	1.00	0.000E+00	0	636	637	0	636	637	637M
362	5522	-7.084E+02	0.993	0.000E+00	0	635	637	0	635	637	636M
362	9876	-7.084E+02	0.993	0.000E+00	0	635	637	0	635	637	636M
363	363	-2.946E+02	1.00	1.171E-128	0	210	211	0	210	211	211M
363	5523	-2.911E+02	0.985	3.762E-127	0	209	211	0	209	211	210M
363	9875	-2.911E+02	0.985	3.762E-127	0	209	211	0	209	211	210M
364	364	-5.010E+02	1.00	2.506E-218	0	311	312	0	311	312	312M
364	5524	-4.976E+02	0.983	8.031E-217	0	310	312	0	310	312	311M
364	9874	-4.976E+02	0.983	8.031E-217	0	310	312	0	310	312	311M
365	365	-5.624E+02	1.00	5.462E-245	0	366	367	0	366	367	367M
365	5525	-5.571E+02	0.991	1.158E-242	0	365	367	0	365	367	366M
365	9873	-5.571E+02	0.991	1.158E-242	0	365	367	0	365	367	366M
366	366	-5.992E+02	1.00	5.619E-261	0	428	429	0	428	429	429M
366	5526	-5.986E+02	0.997	1.055E-260	0	427	429	0	427	429	428M
366	9872	-5.986E+02	0.997	1.055E-260	0	427	429	0	427	429	428M
367	367	-5.665E+02	1.00	9.199E-247	0	373	374	0	373	374	374M
367	5527	-5.634E+02	0.994	2.149E-245	0	372	374	0	372	374	373M
367	9871	-5.634E+02	0.994	2.149E-245	0	372	374	0	372	374	373M
368	368	-5.766E+02	1.00	3.667E-251	0	372	373	0	372	373	373M
368	5528	-5.770E+02	1.00	2.676E-251	0	371	373	0	371	373	372M
368	9870	-5.770E+02	1.00	2.676E-251	0	371	373	0	371	373	372M
369	369	-6.305E+02	1.00	1.519E-274	0	454	455	0	454	455	455M
369	5529	-6.097E+02	0.973	1.616E-265	0	453	455	0	453	455	454M
369	9869	-6.097E+02	0.973	1.616E-265	0	453	455	0	453	455	454M
370	370	-5.773E+02	1.00	1.912E-251	0	419	420	0	419	420	420M
370	5530	-5.442E+02	0.950	4.396E-237	0	418	420	0	419	421	343M1D76M
370	9868	-5.442E+02	0.950	4.396E-237	0	418	420	0	419	421	343M1D76M
371	371	-4.911E+02	1.00	5.301E-214	0	315	316	0	315	316	316M
371	5531	-4.823E+02	0.980	3.606E-210	0	314	316	0	314	316	315M
371	9867	-4.823E+02	0.980	3.606E-210	0	314	316	0	314	316	315M
372	372	-4.213E+02	1.00	1.122E-183	0	265	266	0	265	266	266M
372	5532	-4.178E+02	0.992	3.600E-182	0	264	266	0	264	266	265M
372	9866	-4.178E+02	0.992	3.600E-182	0	264	266	0	264	266	265M
373	373	-5.065E+02	1.00	1.084E-220	0	336	337	0	336	337	337M
373	5533	-5.068E+02	1.00	7.910E-221	0	335	337	0	335	337	336M
373	9865	-5.068E+02	1.00	7.910E-221	0	335	337	0	335	337	336M
374	374	-1.006E+02	1.00	1.975E-44	0	73	74	0	73	74	74M
374	5534	-1.009E+02	1.00	1.439E-44	0	72	74	0	72	74	73M
374	9864	-1.009E+02	1.00	1.439E-44	0	72	74	0	72	74	73M
375	428	-5.568E+01	1.00	6.557E-25	0	46	48	0	46	48	47M
376	427	-6.772E+02	1.00	7.663E-295	0	464	466	0	464	466	465M
376	5474	-6.750E+02	0.995	6.950E-294	0	464	466	0	464	466	465M
376	9534	-6.750E+02	0.995	6.950E-294	0	464	466	0	464	466	465M
377	426	-7.084E+02	1.00	0.000E+00	0	521	523	0	521	523	522M
377	5473	-7.084E+02	0.986	0.000E+00	0	521	523	0	521	523	522M
377	9533	-7.084E+02	0.986	0.000E+00	0	521	523	0	521	523	522M
378	425	-7.188E+02	1.00	6.629E-313	0	457	459	0	457	459	458M
378	5472	-7.116E+02	0.986	9.295E-310	0	457	459	0	457	459	458M
378	9532	-7.116E+02	0.986	9.295E-310	0	457	459	0	457	459	458M
379	424	-4.714E+02	1.00	1.908E-205	0	304	306	0	304	306	305M
379	5471	-4.714E+02	1.00	1.908E-205	0	304	306	0	304	306	305M
379	9531	-4.714E+02	1.00	1.908E-205	0	304	306	0	304	306	305M
380	423	-4.259E+02	1.00	1.090E-185	0	266	268	0	266	268	267M
380	5470	-4.048E+02	0.943	1.625E-176	0	266	268	0	266	268	267M
380	9530	-4.048E+02	0.943	1.625E-176	0	266	268	0	266	268	267M
381	381	-7.084E+02	1.00	0.000E+00	0	502	503	0	502	503	503M
381	5469	-7.084E+02	1.00	0.000E+00	0	501	503	0	501	503	502M
381	9529	-7.084E+02	1.00	0.000E+00	0	501	503	0	501	503	502M
382	421	-4.515E+02	1.00	8.577E-197	0	292	294	0	292	294	293M
382	5468	-4.515E+02	1.00	8.577E-197	0	292	294	0	292	294	293M
382	9528	-4.515E+02	1.00	8.577E-197	0	292	294	0	292	294	293M
383	420	-5.785E+02	1.00	6.001E-252	0	366	368	0	366	368	367M
383	5467	-5.684E+02	0.983	1.437E-247	0	366	368	0	366	368	367M
383	9527	-5.684E+02	0.983	1.437E-247	0	366	368	0	366	368	367M
384	419	-5.046E+02	1.00	7.182E-220	0	335	337	0	335	337	336M
384	5466	-5.033E+02	0.997	2.533E-219	0	335	337	0	335	337	336M
384	9526	-5.033E+02	0.997	2.533E-219	0	335	337	0	335	337	336M
385	418	-8.648E+01	1.00	2.758E-38	0	70	72	0	70	72	71M
385	5465	-8.648E+01	1.00	2.758E-38	0	70	72	0	70	72	71M
385	9525	-8.648E+01	1.00	2.758E-38	0	70	72	0	70	72	71M
386	417	-1.899E+02	1.00	3.328E-83	0	147	149	0	147	149	148M
386	5464	-1.899E+02	1.00	3.328E-83	0	147	149	0	147	149	148M
386	9524	-1.899E+02	1.00	3.328E-83	0	147	149	0	147	149	148M
387	416	-7.103E+02	1.00	3.231E-309	0	477	479	0	477	479	478M
387	5463	-7.037E+02	0.993	2.410E-306	0	477	479	0	477	479	478M
387	9523	-7.037E+02	0.993	2.410E-306	0	477	479	0	477	479	478M
388	415	-4.823E+02	1.00	3.486E-210	0	320	322	0	320	322	321M
388	5462	-4.801E+02	0.996	3.166E-209	0	320	322	0	320	322	321M
388	9522	-4.801E+02	0.996	3.166E-209	0	320	322	0	320	322	321M
389	414	-3.249E+02	1.00	8.050E-142	0	215	217	0	215	217	216M
389	5461	-3.164E+02	0.967	4.017E-138	0	215	217	0	215	217	216M
389	9521	-3.164E+02	0.967	4.017E-138	0	215	217	0	215	217	216M
390	390	-7.084E+02	1.00	0.000E+00	0	629	630	0	629	630	630M
390	5460	-7.084E+02	0.998	0.000E+00	0	628	630	0	628	630	629M
390	9520	-7.084E+02	0.998	0.000E+00	0	628	630	0	628	630	629M
391	391	-7.084E+02	1.00	0.000E+00	0	513	514	0	513	514	514M
391	5459	-7.084E+02	0.998	0.000E+00	0	512	514	0	512	514	513M
391	9519	-7.084E+02	0.998	0.000E+00	0	512	514	0	512	514	513M
392	411	-2.782E+02	1.00	1.439E-121	0	194	196	0	194	196	195M
392	5458	-2.748E+02	0.989	4.625E-120	0	194	196	0	194	196	195M
392	9518	-2.748E+02	0.989	4.625E-120	0	194	196	0	194	196	195M
393	410	-5.031E+02	1.00	3.161E-219	0	333	335	0	333	335	334M
393	5457	-5.031E+02	1.00	3.161E-219	0	333	335	0	333	335	334M
393	9517	-5.031E+02	1.00	3.161E-219	0	333	335	0	333	335	334M
394	409	-2.159E+02	1.00	1.713E-94	0	158	160	0	158	160	159M
394	5456	-2.156E+02	0.993	2.349E-94	0	158	160	0	158	160	159M
394	9516	-2.156E+02	0.993	2.349E-94	0	158	160	0	158	160	159M
395	408	-5.707E+02	1.00	1.478E-248	0	378	380	0	378	380	379M
395	5455	-5.618E+02	0.984	1.003E-244	0	378	380	0	378	380	379M
395	9515	-5.618E+02	0.984	1.003E-244	0	378	380	0	378	380	379M
396	407	-2.261E+02	1.00	6.579E-99	0	150	152	0	150	152	151M
396	5454	-2.248E+02	0.993	2.326E-98	0	150	152	0	150	152	151M
396	9514	-2.248E+02	0.993	2.326E-98	0	150	152	0	150	152	151M
397	406	-5.342E+02	1.00	1.018E-232	0	356	358	0	356	358	357M
397	5453	-5.342E+02	1.00	1.018E-232	0	356	358	0	356	358	357M
397	9513	-5.342E+02	1.00	1.018E-232	0	356	358	0	356	358	357M
398	405	-2.819E+02	1.00	3.705E-123	0	190	192	0	190	192	191M
398	5452	-2.810E+02	0.994	9.545E-123	0	190	192	0	190	192	191M
398	9512	-2.810E+02	0.994	9.545E-123	0	190	192	0	190	192	191M
399	404	-1.730E+02	1.00	7.621E-76	0	125	127	0	125	127	126M
399	5451	-1.720E+02	0.992	1.966E-75	0	125	127	0	125	127	126M
399	9511	-1.720E+02	0.992	1.966E-75	0	125	127	0	125	127	126M
400	403	-5.818E+02	1.00	2.112E-253	0	382	384	0	382	384	383M
400	5450	-5.818E+02	1.00	2.112E-253	0	382	384	0	382	384	383M
400	9510	-5.818E+02	1.00	2.112E-253	0	382	384	0	382	384	383M
401	402	-9.983E+01	1.00	4.390E-44	0	69	71	0	69	71	70M
401	5449	-9.983E+01	1.00	4.390E-44	0	69	71	0	69	71	70M
401	9509	-9.983E+01	1.00	4.390E-44	0	69	71	0	69	71	70M
402	401	-9.983E+01	1.00	4.390E-44	0	69	71	0	69	71	70M
402	5449	-9.983E+01	1.00	4.390E-44	0	69	71	0	69	71	70M
402	9509	-9.983E+01	1.00	4.390E-44	0	69	71	0	69	71	70M
403	400	-5.818E+02	1.00	2.112E-253	0	382	384	0	382	384	383M
403	5450	-5.818E+02	1.00	2.112E-253	0	382	384	0	382	384	383M
403	9510	-5.818E+02	1.00	2.112E-253	0	382	384	0	382	384	383M
404	399	-1.730E+02	1.00	7.621E-76	0	125	127	0	125	127	126M
404	5451	-1.720E+02	0.992	1.966E-75	0	125	127	0	125	127	126M
404	9511	-1.720E+02	0.992	1.966E-75	0	125	127	0	125	127	126M
405	398	-2.819E+02	1.00	3.705E-123	0	190	192	0	190	192	191M
405	5452	-2.810E+02	0.994	9.545E-123	0	190	192	0	190	192	191M
405	9512	-2.810E+02	0.994	9.545E-123	0	190	192	0	190	192	191M
406	397	-5.342E+02	1.00	1.018E-232	0	356	358	0	356	358	357M
406	5453	-5.342E+02	1.00	1.018E-232	0	356	358	0	356	358	357M
406	9513	-5.342E+02	1.00	1.018E-232	0	356	358	0	356	358	357M
407	396	-2.261E+02	1.00	6.579E-99	0	150	152	0	150	152	151M
407	5454	-2.248E+02	0.993	2.326E-98	0	150	152	0	150	152	151M
407	9514	-2.248E+02	0.993	2.326E-98	0	150	152	0	150	152	151M
408	395	-5.707E+02	1.00	1.478E-248	0	378	380	0	378	380	379M
408	5455	-5.618E+02	0.984	1.003E-244	0	378	380	0	378	380	379M
408	9515	-5.618E+02	0.984	1.003E-244	0	378	380	0	378	380	379M
409	394	-2.159E+02	1.00	1.713E-94	0	158	160	0	158	160	159M
409	5456	-2.156E+02	0.993	2.349E-94	0	158	160	0	158	160	159M
409	9516	-2.156E+02	0.993	2.349E-94	0	158	160	0	158	160	159M
410	393	-5.031E+02	1.00	3.161E-219	0	333	335	0	333	335	334M
410	5457	-5.031E+02	1.00	3.161E-219	0	333	335	0	333	335	334M
410	9517	-5.031E+02	1.00	3.161E-219	0	333	335	0	333	335	334M
411	392	-2.782E+02	1.00	1.439E-121	0	194	196	0	194	196	195M
411	5458	-2.748E+02	0.989	4.625E-120	0	194	196	0	194	196	195M
411	9518	-2.748E+02	0.989	4.625E-120	0	194	196	0	194	196	195M
412	391	-7.084E+02	1.00	0.000E+00	0	512	514	0	512	514	513M
412	5459	-7.084E+02	0.998	0.000E+00	0	512	514	0	512	514	513M
412	9519	-7.084E+02	0.998	0.000E+00	0	512	514	0	512	514	513M
413	390	-7.084E+02	1.00	0.000E+00	0	628	630	0	628	630	629M
413	5460	-7.084E+02	0.998	0.000E+00	0	628	630	0	628	630	629M
413	9520	-7.084E+02	0.998	0.000E+00	0	628	630	0	628	630	629M
414	389	-3.249E+02	1.00	8.050E-142	0	215	217	0	215	217	216M
414	5461	-3.164E+02	0.967	4.017E-138	0	215	217	0	215	217	216M
414	9521	-3.164E+02	0.967	4.017E-138	0	215	217	0	215	217	216M
415	388	-4.823E+02	1.00	3.486E-210	0	320	322	0	320	322	321M
415	5462	-4.801E+02	0.996	3.166E-209	0	320	322	0	320	322	321M
415	9522	-4.801E+02	0.996	3.166E-209	0	320	322	0	320	322	321M
416	387	-7.103E+02	1.00	3.231E-309	0	477	479	0	477	479	478M
416	5463	-7.037E+02	0.993	2.410E-306	0	477	479	0	477	479	478M
416	9523	-7.037E+02	0.993	2.410E-306	0	477	479	0	477	479	478M
417	386	-1.899E+02	1.00	3.328E-83	0	147	149	0	147	149	148M
417	5464	-1.899E+02	1.00	3.328E-83	0	147	149	0	147	149	148M
417	9524	-1.899E+02	1.00	3.328E-83	0	147	149	0	147	149	148M
418	385	-8.648E+01	1.00	2.758E-38	0	70	72	0	70	72	71M
418	5465	-8.648E+01	1.00	2.758E-38	0	70	72	0	70	72	71M
418	9525	-8.648E+01	1.00	2.758E-38	0	70	72	0	70	72	71M
419	384	-5.046E+02	1.00	7.182E-220	0	335	337	0	335	337	336M
419	5466	-5.033E+02	0.997	2.533E-219	0	335	337	0	335	337	336M
419	9526	-5.033E+02	0.997	2.533E-219	0	335	337	0	335	337	336M
420	383	-5.785E+02	1.00	6.001E-252	0	366	368	0	366	368	367M
420	5467	-5.684E+02	0.983	1.437E-247	0	366	368	0	366	368	367M
420	9527	-5.684E+02	0.983	1.437E-247	0	366	368	0	366	368	367M
421	382	-4.515E+02	1.00	8.577E-197	0	292	294	0	292	294	293M
421	5468	-4.515E+02	1.00	8.577E-197	0	292	294	0	292	294	293M
421	9528	-4.515E+02	1.00	8.577E-197	0	292	294	0	292	294	293M
422	381	-7.084E+02	1.00	0.000E+00	0	501	503	0	501	503	502M
422	5469	-7.084E+02	1.00	0.000E+00	0	501	503	0	501	503	502M
422	9529	-7.084E+02	1.00	0.000E+00	0	501	503	0	501	503	502M
423	380	-4.259E+02	1.00	1.090E-185	0	266	268	0	266	268	267M
423	5470	-4.048E+02	0.943	1.625E-176	0	266	268	0	266	268	267M
423	9530	-4.048E+02	0.943	1.625E-176	0	266	268	0	266	268	267M
424	379	-4.714E+02	1.00	1.908E-205	0	304	306	0	304	306	305M
424	5471	-4.714E+02	1.00	1.908E-205	0	304	306	0	304	306	305M
424	9531	-4.714E+02	1.00	1.908E-205	0	304	306	0	304	306	305M
425	378	-7.188E+02	1.00	6.629E-313	0	457	459	0	457	459	458M
425	5472	-7.116E+02	0.986	9.295E-310	0	457	459	0	457	459	458M
425	9532	-7.116E+02	0.986	9.295E-310	0	457	459	0	457	459	458M
426	377	-7.084E+02	1.00	0.000E+00	0	521	523	0	521	523	522M
426	5473	-7.084E+02	0.986	0.000E+00	0	521	523	0	521	523	522M
426	9533	-7.084E+02	0.986	0.000E+00	0	521	523	0	521	523	522M
427	376	-6.772E+02	1.00	7.663E-295	0	464	466	0	464	466	465M
427	5474	-6.750E+02	0.995	6.950E-294	0	464	466	0	464	466	465M
427	9534	-6.750E+02	0.995	6.950E-294	0	464	466	0	464	466	465M
428	375	-5.568E+01	1.00	6.557E-25	0	46	48	0	46	48	47M
429	429	-7.012E+01	1.00	3.512E-31	0	50	51	0	50	51	51M
430	430	-5.963E+02	1.00	1.098E-259	0	397	398	0	397	398	398M
430	7805	-5.934E+02	0.994	1.870E-258	0	396	398	0	396	398	397M
430	11580	-5.934E+02	0.994	1.870E-258	0	396	398	0	396	398	397M
431	431	-3.919E+02	1.00	6.230E-171	0	279	280	0	279	280	280M
431	7804	-3.894E+02	0.992	7.755E-170	0	278	280	0	278	280	279M
431	11581	-3.894E+02	0.992	7.755E-170	0	278	280	0	278	280	279M
432	432	-3.905E+02	1.00	2.514E-170	0	255	256	0	255	256	256M
432	7803	-3.880E+02	0.992	3.132E-169	0	254	256	0	254	256	255M
432	11582	-3.880E+02	0.992	3.132E-169	0	254	256	0	254	256	255M
433	433	-4.614E+02	1.00	4.032E-201	0	309	310	0	309	310	310M
433	7802	-4.605E+02	0.996	1.038E-200	0	308	310	0	308	310	309M
433	11583	-4.605E+02	0.996	1.038E-200	0	308	310	0	308	310	309M
434	434	-3.629E+02	1.00	2.527E-158	0	246	247	0	246	247	247M
434	7801	-3.632E+02	1.00	1.844E-158	0	245	247	0	245	247	246M
434	11584	-3.632E+02	1.00	1.844E-158	0	245	247	0	245	247	246M
435	435	-5.612E+02	1.00	1.883E-244	0	379	380	0	379	380	380M
435	7800	-5.612E+02	0.997	1.883E-244	0	378	380	0	378	380	379M
435	11585	-5.612E+02	0.997	1.883E-244	0	378	380	0	378	380	379M
436	436	-6.910E+02	1.00	7.606E-301	0	459	460	0	459	460	460M
436	7799	-6.914E+02	1.00	5.551E-301	0	458	460	0	458	460	459M
436	11586	-6.914E+02	1.00	5.551E-301	0	458	460	0	458	460	459M
437	437	-1.283E+02	1.00	1.882E-56	0	89	90	0	89	90	90M
437	7798	-1.286E+02	1.00	1.372E-56	0	88	90	0	88	90	89M
437	11587	-1.286E+02	1.00	1.372E-56	0	88	90	0	88	90	89M
438	438	-3.550E+02	1.00	6.921E-155	0	240	241	0	240	241	241M
438	7797	-3.543E+02	0.995	1.300E-154	0	239	241	15	254	256	240M
438	11588	-3.553E+02	1.00	5.049E-155	0	239	241	0	239	241	240M
439	439	-6.503E+02	1.00	3.805E-283	0	448	449	0	448	449	449M
439	7796	-6.415E+02	0.988	2.574E-279	0	447	449	0	447	449	448M
439	11589	-6.415E+02	0.988	2.574E-279	0	447	449	0	447	449	448M
440	440	-4.297E+02	1.00	2.537E-187	0	301	302	0	301	302	302M
440	7795	-4.224E+02	0.983	3.567E-184	0	300	302	0	300	302	301M
440	11590	-4.224E+02	0.983	3.567E-184	0	300	302	0	300	302	301M
441	441	-2.780E+02	1.00	1.795E-121	0	193	194	0	193	194	194M
441	7794	-2.771E+02	0.989	4.624E-121	0	192	194	0	192	194	193M
441	11591	-2.771E+02	0.989	4.624E-121	0	192	194	0	192	194	193M
442	442	-5.271E+02	1.00	1.243E-229	0	354	355	0	354	355	355M
442	7793	-5.154E+02	0.974	1.438E-224	0	353	355	0	353	355	354M
442	11592	-5.154E+02	0.974	1.438E-224	0	353	355	0	353	355	354M
443	443	-7.084E+02	1.00	0.000E+00	0	625	626	0	625	626	626M
443	7792	-7.084E+02	1.00	0.000E+00	0	624	626	0	624	626	625M
443	11593	-7.084E+02	1.00	0.000E+00	0	624	626	0	624	626	625M
444	444	-3.133E+02	1.00	8.832E-137	0	208	209	0	208	209	209M
444	7791	-3.111E+02	0.990	8.034E-136	0	207	209	0	207	209	208M
444	11594	-3.111E+02	0.990	8.034E-136	0	207	209	0	207	209	208M
445	445	-4.264E+02	1.00	6.687E-186	0	270	271	0	270	271	271M
445	7790	-4.264E+02	0.996	6.687E-186	0	269	271	0	269	271	270M
445	11595	-4.264E+02	0.996	6.687E-186	0	269	271	0	269	271	270M
446	446	-2.567E+02	1.00	3.434E-112	0	178	179	0	178	179	179M
446	7789	-2.570E+02	1.00	2.505E-112	0	177	179	0	177	179	178M
446	11596	-2.570E+02	1.00	2.505E-112	0	177	179	0	177	179	178M
447	447	-4.815E+02	1.00	7.338E-210	0	310	311	0	310	311	311M
447	7788	-4.765E+02	0.987	1.137E-207	0	309	311	0	309	311	310M
447	11597	-4.765E+02	0.987	1.137E-207	0	309	311	0	309	311	310M
448	448	-6.013E+02	1.00	7.437E-262	0	398	399	0	398	399	399M
448	7787	-6.016E+02	1.00	5.427E-262	0	397	399	0	397	399	398M
448	11598	-6.016E+02	1.00	5.427E-262	0	397	399	0	397	399	398M
449	449	-6.670E+02	1.00	2.137E-290	0	448	449	0	448	449	449M
449	7786	-6.616E+02	0.993	4.524E-288	0	447	449	0	447	449	448M
449	11599	-6.616E+02	0.993	4.524E-288	0	447	449	0	447	449	448M
450	450	-1.204E+02	1.00	5.211E-53	0	83	84	0	83	84	84M
450	7785	-1.201E+02	0.975	7.149E-53	0	82	84	0	82	84	83M
450	11600	-1.201E+02	0.975	7.149E-53	0	82	84	0	82	84	83M
451	451	-7.084E+02	1.00	0.000E+00	0	617	618	0	617	618	618M
451	7784	-7.084E+02	1.00	0.000E+00	0	616	618	0	616	618	617M
451	11601	-7.084E+02	1.00	0.000E+00	0	616	618	0	616	618	617M
452	452	-1.316E+02	1.00	6.923E-58	0	99	100	0	99	100	100M
452	7783	-1.319E+02	1.00	5.047E-58	0	98	100	0	98	100	99M
452	11602	-1.319E+02	1.00	5.047E-58	0	98	100	0	98	100	99M
453	453	-4.685E+02	1.00	3.412E-204	0	306	307	0	306	307	307M
453	7782	-4.660E+02	0.993	4.247E-203	0	305	307	0	305	307	306M
453	11603	-4.660E+02	0.993	4.247E-203	0	305	307	0	305	307	306M
454	454	-4.175E+02	1.00	4.780E-182	0	271	272	0	271	272	272M
454	7781	-4.140E+02	0.992	1.533E-180	0	270	272	0	270	272	271M
454	11604	-4.140E+02	0.992	1.533E-180	0	270	272	0	270	272	271M
455	455	-6.327E+02	1.00	1.632E-275	0	433	434	0	433	434	434M
455	7780	-6.330E+02	1.00	1.191E-275	0	432	434	0	432	434	433M
455	11605	-6.330E+02	1.00	1.191E-275	0	432	434	0	432	434	433M
456	456	-5.691E+02	1.00	7.143E-248	0	379	380	0	379	380	380M
456	7779	-5.694E+02	1.00	5.213E-248	0	378	380	0	378	380	379M
456	11606	-5.694E+02	1.00	5.213E-248	0	378	380	0	378	380	379M
457	457	-4.788E+02	1.00	1.143E-208	0	335	336	0	335	336	336M
457	7778	-4.779E+02	0.997	2.941E-208	0	334	336	0	334	336	335M
457	11607	-4.779E+02	0.997	2.941E-208	0	334	336	0	334	336	335M
458	458	-3.015E+02	1.00	1.191E-131	0	211	212	0	211	212	212M
458	7777	-3.018E+02	1.00	8.688E-132	0	210	212	0	210	212	211M
458	11608	-3.018E+02	1.00	8.688E-132	0	210	212	0	210	212	211M
459	459	-7.084E+02	1.00	0.000E+00	0	522	523	0	522	523	523M
459	7776	-7.084E+02	0.992	0.000E+00	0	521	523	0	521	523	522M
459	11609	-7.084E+02	0.992	0.000E+00	0	521	523	0	521	523	522M
460	460	-7.143E+02	1.00	5.846E-311	0	473	474	0	473	474	474M
460	7775	-7.049E+02	0.983	7.428E-307	0	472	474	0	472	474	473M
460	11610	-7.049E+02	0.983	7.428E-307	0	472	474	0	472	474	473M
461	461	-5.914E+02	1.00	1.476E-257	0	394	395	0	394	395	395M
461	7774	-5.835E+02	0.987	3.887E-254	0	393	395	0	393	395	394M
461	11611	-5.835E+02	0.987	3.887E-254	0	393	395	0	393	395	394M
462	462	-7.084E+02	1.00	0.000E+00	0	515	516	0	515	516	516M
462	7773	-7.084E+02	0.990	0.000E+00	0	514	516	0	514	516	515M
462	11612	-7.084E+02	0.990	0.000E+00	0	514	516	0	514	516	515M
463	463	-5.289E+02	1.00	2.060E-230	0	356	357	0	356	357	357M
463	7772	-5.292E+02	1.00	1.503E-230	0	355	357	0	355	357	356M
463	11613	-5.292E+02	1.00	1.503E-230	0	355	357	0	355	357	356M
464	464	-5.271E+02	1.00	1.157E-229	0	366	367	0	366	367	367M
464	7771	-5.275E+02	1.00	8.447E-230	0	365	367	0	365	367	366M
464	11614	-5.275E+02	1.00	8.447E-230	0	365	367	0	365	367	366M
465	465	-7.231E+02	1.00	9.580E-315	0	482	483	0	482	483	483M
465	7770	-7.234E+02	1.00	6.991E-315	0	481	483	0	481	483	482M
465	11615	-7.234E+02	1.00	6.991E-315	0	481	483	0	481	483	482M
466	466	-2.038E+02	1.00	3.107E-89	0	135	136	0	135	136	136M
466	7769	-2.041E+02	1.00	2.266E-89	0	134	136	0	134	136	135M
466	11616	-2.041E+02	1.00	2.266E-89	0	134	136	0	134	136	135M
467	467	-2.857E+02	1.00	8.399E-125	0	211	212	0	211	212	212M
467	7768	-2.822E+02	0.990	2.697E-123	0	210	212	0	210	212	211M
467	11617	-2.822E+02	0.990	2.697E-123	0	210	212	0	210	212	211M
468	468	-1.004E+02	1.00	2.578E-44	0	72	73	0	72	73	73M
468	7767	-1.007E+02	1.00	1.878E-44	0	71	73	0	71	73	72M
468	11618	-1.007E+02	1.00	1.878E-44	0	71	73	0	71	73	72M
469	469	-3.285E+02	1.00	2.108E-143	0	219	220	0	219	220	220M
469	7766	-3.288E+02	1.00	1.538E-143	0	218	220	0	218	220	219M
469	11619	-3.288E+02	1.00	1.538E-143	0	218	220	0	218	220	219M
470	470	-6.858E+02	1.00	1.467E-298	0	430	431	0	430	431	431M
470	7765	-6.861E+02	1.00	1.070E-298	0	429	431	0	429	431	430M
470	11620	-6.861E+02	1.00	1.070E-298	0	429	431	0	429	431	430M
471	471	-5.397E+02	1.00	4.224E-235	0	361	362	0	361	362	362M
471	7764	-5.368E+02	0.991	7.199E-234	0	360	362	0	360	362	361M
471	11621	-5.368E+02	0.991	7.199E-234	0	360	362	0	360	362	361M
472	472	-2.178E+02	1.00	2.531E-95	0	152	153	0	152	153	153M
472	7763	-2.181E+02	1.00	1.846E-95	0	151	153	0	151	153	152M
472	11622	-2.181E+02	1.00	1.846E-95	0	151	153	0	151	153	152M
473	473	-6.583E+02	1.00	1.235E-286	0	465	466	0	465	466	466M
473	7762	-6.574E+02	0.997	3.176E-286	0	464	466	0	464	466	465M
473	11623	-6.574E+02	0.997	3.176E-286	0	464	466	0	464	466	465M
474	474	-1.541E+02	1.00	1.243E-67	0	112	113	0	112	113	113M
474	7761	-1.544E+02	1.00	9.064E-68	0	111	113	0	111	113	112M
474	11624	-1.544E+02	1.00	9.064E-68	0	111	113	0	111	113	112M
475	475	-8.597E+01	1.00	4.621E-38	0	75	76	0	75	76	76M
475	7760	-8.628E+01	1.00	3.367E-38	0	74	76	0	74	76	75M
475	11625	-8.628E+01	1.00	3.367E-38	0	74	76	0	74	76	75M
476	476	-4.342E+02	1.00	2.729E-189	0	285	286	0	285	286	286M
476	7759	-4.326E+02	0.996	1.320E-188	0	284	286	0	284	286	285M
476	11626	-4.326E+02	0.996	1.320E-188	0	284	286	0	284	286	285M
477	477	-7.084E+02	1.00	0.000E+00	0	598	599	0	598	599	599M
477	8277	-7.084E+02	1.00	0.000E+00	0	597	599	0	597	599	598M
477	12070	-7.084E+02	1.00	0.000E+00	0	597	599	0	597	599	598M
478	531	-2.802E+02	1.00	2.132E-122	0	187	189	0	187	189	188M
478	6729	-2.789E+02	0.994	7.532E-122	0	187	189	0	187	189	188M
478	10720	-2.789E+02	0.994	7.532E-122	0	187	189	0	187	189	188M
479	530	-6.049E+02	1.00	1.904E-263	0	386	388	0	386	388	387M
479	6730	-5.999E+02	0.989	2.946E-261	0	386	388	0	386	388	387M
479	10721	-5.999E+02	0.989	2.946E-261	0	386	388	0	386	388	387M
480	529	-2.933E+02	1.00	4.202E-128	0	196	198	0	196	198	197M
480	6731	-2.835E+02	0.974	7.419E-124	0	195	198	0	195	198	196M
480	10722	-2.835E+02	0.974	7.419E-124	0	195	198	0	195	198	196M
481	528	-2.029E+02	1.00	7.452E-89	0	126	128	0	126	128	127M
481	6732	-2.029E+02	1.00	7.452E-89	0	126	128	0	126	128	127M
481	10723	-2.029E+02	1.00	7.452E-89	0	126	128	0	126	128	127M
482	527	-5.724E+02	1.00	2.504E-249	0	394	396	0	394	396	395M
482	6733	-5.709E+02	0.997	1.210E-248	0	394	396	0	394	396	395M
482	10724	-5.709E+02	0.997	1.210E-248	0	394	396	0	394	396	395M
483	526	-9.427E+01	1.00	1.146E-41	0	79	81	0	79	81	80M
483	6734	-9.427E+01	1.00	1.146E-41	0	79	81	0	79	81	80M
483	10725	-9.427E+01	1.00	1.146E-41	0	79	81	0	79	81	80M
484	525	-5.291E+02	1.00	1.688E-230	0	344	346	0	344	346	345M
484	6735	-5.291E+02	1.00	1.688E-230	0	344	346	0	344	346	345M
484	10726	-5.291E+02	1.00	1.688E-230	0	344	346	0	344	346	345M
485	524	-6.357E+02	1.00	8.038E-277	0	435	437	0	435	437	436M
485	6736	-6.316E+02	0.995	4.826E-275	0	435	437	0	435	437	436M
485	10727	-6.316E+02	0.995	4.826E-275	0	435	437	0	435	437	436M
486	486	-7.084E+02	1.00	0.000E+00	0	813	814	0	813	814	814M
486	6737	-7.084E+02	0.996	0.000E+00	0	812	814	0	812	814	813M
486	10728	-7.084E+02	0.996	0.000E+00	0	812	814	0	812	814	813M
487	522	-5.250E+02	1.00	9.558E-229	0	336	338	0	336	338	337M
487	6738	-5.250E+02	1.00	9.558E-229	0	336	338	0	336	338	337M
487	10729	-5.250E+02	1.00	9.558E-229	0	336	338	0	336	338	337M
488	521	-3.504E+02	1.00	6.390E-153	0	228	230	0	228	230	229M
488	6739	-3.495E+02	0.995	1.646E-152	0	228	230	0	228	230	229M
488	10730	-3.495E+02	0.995	1.646E-152	0	228	230	0	228	230	229M
489	520	-3.043E+02	1.00	6.647E-133	0	209	211	0	209	211	210M
489	6740	-3.043E+02	1.00	6.647E-133	0	209	211	0	209	211	210M
489	10731	-3.043E+02	1.00	6.647E-133	0	209	211	0	209	211	210M
490	519	-3.720E+02	1.00	2.779E-162	0	259	261	0	259	261	260M
490	6741	-3.720E+02	1.00	2.779E-162	0	259	261	0	259	261	260M
490	10732	-3.720E+02	1.00	2.779E-162	0	259	261	0	259	261	260M
491	518	-4.334E+02	1.00	5.982E-189	0	294	296	0	294	296	295M
491	6742	-4.306E+02	0.993	1.020E-187	0	294	296	0	294	296	295M
491	10733	-4.306E+02	0.993	1.020E-187	0	294	296	0	294	296	295M
492	517	-2.911E+02	1.00	3.943E-127	0	210	212	0	210	212	211M
492	6743	-2.911E+02	1.00	3.943E-127	0	210	212	0	210	212	211M
492	10734	-2.911E+02	1.00	3.943E-127	0	210	212	0	210	212	211M
493	516	-2.028E+02	1.00	8.188E-89	0	141	143	0	141	143	142M
493	6744	-2.016E+02	0.992	2.895E-88	0	141	143	0	141	143	142M
493	10735	-2.016E+02	0.992	2.895E-88	0	141	143	0	141	143	142M
494	494	-7.084E+02	1.00	0.000E+00	0	575	576	0	575	576	576M
494	6745	-7.084E+02	0.998	0.000E+00	0	574	576	0	574	576	575M
494	10736	-7.084E+02	0.998	0.000E+00	0	574	576	0	574	576	575M
495	514	-5.150E+02	1.00	2.186E-224	0	335	337	0	335	337	336M
495	6746	-5.046E+02	0.982	7.182E-220	0	335	337	0	335	337	336M
495	10737	-5.046E+02	0.982	7.182E-220	0	335	337	0	335	337	336M
496	513	-3.830E+02	1.00	4.422E-167	0	252	254	0	252	254	253M
496	6747	-3.761E+02	0.984	4.550E-164	0	252	254	0	252	254	253M
496	10738	-3.761E+02	0.984	4.550E-164	0	252	254	0	252	254	253M
497	512	-5.044E+02	1.00	8.440E-220	0	325	327	0	325	327	326M
497	6748	-5.000E+02	0.990	6.959E-218	0	325	327	0	325	327	326M
497	10739	-5.000E+02	0.990	6.959E-218	0	325	327	0	325	327	326M
498	511	-1.644E+02	1.00	3.865E-72	0	112	114	0	112	114	113M
498	6749	-1.644E+02	1.00	3.865E-72	0	112	114	0	112	114	113M
498	10740	-1.644E+02	1.00	3.865E-72	0	112	114	0	112	114	113M
499	510	-3.964E+02	1.00	6.915E-173	0	256	258	0	256	258	257M
499	6750	-3.948E+02	0.996	3.345E-172	0	256	258	0	256	258	257M
499	10741	-3.948E+02	0.996	3.345E-172	0	256	258	0	256	258	257M
500	509	-2.975E+02	1.00	6.437E-130	0	201	203	0	201	203	202M
500	6751	-2.975E+02	1.00	6.437E-130	0	201	203	0	201	203	202M
500	10742	-2.975E+02	1.00	6.437E-130	0	201	203	0	201	203	202M
501	508	-2.684E+02	1.00	2.836E-117	0	183	185	0	183	185	184M
501	6752	-2.668E+02	0.994	1.374E-116	0	183	185	0	183	185	184M
501	10743	-2.668E+02	0.994	1.374E-116	0	183	185	0	183	185	184M
502	507	-1.682E+02	1.00	8.703E-74	0	125	127	0	125	127	126M
502	6753	-1.682E+02	1.00	8.703E-74	0	125	127	0	125	127	126M
502	10744	-1.682E+02	1.00	8.703E-74	0	125	127	0	125	127	126M
503	506	-3.402E+02	1.00	1.862E-148	0	232	234	0	232	234	233M
503	6754	-3.364E+02	0.991	8.190E-147	0	232	234	0	232	234	233M
503	10745	-3.364E+02	0.991	8.190E-147	0	232	234	0	232	234	233M
504	505	-4.751E+02	1.00	4.464E-207	0	318	320	0	318	320	319M
504	6755	-4.660E+02	0.981	4.157E-203	0	318	320	0	318	320	319M
504	10746	-4.660E+02	0.981	4.157E-203	0	318	320	0	318	320	319M
505	504	-4.751E+02	1.00	4.464E-207	0	318	320	0	318	320	319M
505	6755	-4.660E+02	0.981	4.157E-203	0	318	320	0	318	320	319M
505	10746	-4.660E+02	0.981	4.157E-203	0	318	320	0	318	320	319M
506	503	-3.402E+02	1.00	1.862E-148	0	232	234	0	232	234	233M
506	6754	-3.364E+02	0.991	8.190E-147	0	232	234	0	232	234	233M
506	10745	-3.364E+02	0.991	8.190E-147	0	232	234	0	232	234	233M
507	502	-1.682E+02	1.00	8.703E-74	0	125	127	0	125	127	126M
507	6753	-1.682E+02	1.00	8.703E-74	0	125	127	0	125	127	126M
507	10744	-1.682E+02	1.00	8.703E-74	0	125	127	0	125	127	126M
508	501	-2.684E+02	1.00	2.836E-117	0	183	185	0	183	185	184M
508	6752	-2.668E+02	0.994	1.374E-116	0	183	185	0	183	185	184M
508	10743	-2.668E+02	0.994	1.374E-116	0	183	185	0	183	185	184M
509	500	-2.975E+02	1.00	6.437E-130	0	201	203	0	201	203	202M
509	6751	-2.975E+02	1.00	6.437E-130	0	201	203	0	201	203	202M
509	10742	-2.975E+02	1.00	6.437E-130	0	201	203	0	201	203	202M
510	499	-3.964E+02	1.00	6.915E-173	0	256	258	0	256	258	257M
510	6750	-3.948E+02	0.996	3.345E-172	0	256	258	0	256	258	257M
510	10741	-3.948E+02	0.996	3.345E-172	0	256	258	0	256	258	257M
511	498	-1.644E+02	1.00	3.865E-72	0	112	114	0	112	114	113M
511	6749	-1.644E+02	1.00	3.865E-72	0	112	114	0	112	114	113M
511	10740	-1.644E+02	1.00	3.865E-72	0	112	114	0	112	114	113M
512	497	-5.044E+02	1.00	8.440E-220	0	325	327	0	325	327	326M
512	6748	-5.000E+02	0.990	6.959E-218	0	325	327	0	325	327	326M
512	10739	-5.000E+02	0.990	6.959E-218	0	325	327	0	325	327	326M
513	496	-3.830E+02	1.00	4.422E-167	0	252	254	0	252	254	253M
513	6747	-3.761E+02	0.984	4.550E-164	0	252	254	0	252	254	253M
513	10738	-3.761E+02	0.984	4.550E-164	0	252	254	0	252	254	253M
514	495	-5.150E+02	1.00	2.186E-224	0	335	337	0	335	337	336M
514	6746	-5.046E+02	0.982	7.182E-220	0	335	337	0	335	337	336M
514	10737	-5.046E+02	0.982	7.182E-220	0	335	337	0	335	337	336M
515	494	-7.084E+02	1.00	0.000E+00	0	574	576	0	574	576	575M
515	6745	-7.084E+02	0.998	0.000E+00	0	574	576	0	574	576	575M
515	10736	-7.084E+02	0.998	0.000E+00	0	574	576	0	574	576	575M
516	493	-2.028E+02	1.00	8.188E-89	0	141	143	0	141	143	142M
516	6744	-2.016E+02	0.992	2.895E-88	0	141	143	0	141	143	142M
516	10735	-2.016E+02	0.992	2.895E-88	0	141	143	0	141	143	142M
517	492	-2.911E+02	1.00	3.943E-127	0	210	212	0	210	212	211M
517	6743	-2.911E+02	1.00	3.943E-127	0	210	212	0	210	212	211M
517	10734	-2.911E+02	1.00	3.943E-127	0	210	212	0	210	212	211M
518	491	-4.334E+02	1.00	5.982E-189	0	294	296	0	294	296	295M
518	6742	-4.306E+02	0.993	1.020E-187	0	294	296	0	294	296	295M
518	10733	-4.306E+02	0.993	1.020E-187	0	294	296	0	294	296	295M
519	490	-3.720E+02	1.00	2.779E-162	0	259	261	0	259	261	260M
519	6741	-3.720E+02	1.00	2.779E-162	0	259	261	0	259	261	260M
519	10732	-3.720E+02	1.00	2.779E-162	0	259	261	0	259	261	260M
520	489	-3.043E+02	1.00	6.647E-133	0	209	211	0	209	211	210M
520	6740	-3.043E+02	1.00	6.647E-133	0	209	211	0	209	211	210M
520	10731	-3.043E+02	1.00	6.647E-133	0	209	211	0	209	211	210M
521	488	-3.504E+02	1.00	6.390E-153	0	228	230	0	228	230	229M
521	6739	-3.495E+02	0.995	1.646E-152	0	228	230	0	228	230	229M
521	10730	-3.495E+02	0.995	1.646E-152	0	228	230	0	228	230	229M
522	487	-5.250E+02	1.00	9.558E-229	0	336	338	0	336	338	337M
522	6738	-5.250E+02	1.00	9.558E-229	0	336	338	0	336	338	337M
522	10729	-5.250E+02	1.00	9.558E-229	0	336	338	0	336	338	337M
523	486	-7.084E+02	1.00	0.000E+00	0	812	814	0	812	814	813M
523	6737	-7.084E+02	0.996	0.000E+00	0	812	814	0	812	814	813M
523	10728	-7.084E+02	0.996	0.000E+00	0	812	814	0	812	814	813M
524	485	-6.357E+02	1.00	8.038E-277	0	435	437	0	435	437	436M
524	6736	-6.316E+02	0.995	4.826E-275	0	435	437	0	435	437	436M
524	10727	-6.316E+02	0.995	4.826E-275	0	435	437	0	435	437	436M
525	484	-5.291E+02	1.00	1.688E-230	0	344	346	0	344	346	345M
525	6735	-5.291E+02	1.00	1.688E-230	0	344	346	0	344	346	345M
525	10726	-5.291E+02	1.00	1.688E-230	0	344	346	0	344	346	345M
526	483	-9.427E+01	1.00	1.146E-41	0	79	81	0	79	81	80M
526	6734	-9.427E+01	1.00	1.146E-41	0	79	81	0	79	81	80M
526	10725	-9.427E+01	1.00	1.146E-41	0	79	81	0	79	81	80M
527	482	-5.724E+02	1.00	2.504E-249	0	394	396	0	394	396	395M
527	6733	-5.709E+02	0.997	1.210E-248	0	394	396	0	394	396	395M
527	10724	-5.709E+02	0.997	1.210E-248	0	394	396	0	394	396	395M
528	481	-2.029E+02	1.00	7.452E-89	0	126	128	0	126	128	127M
528	6732	-2.029E+02	1.00	7.452E-89	0	126	128	0	126	128	127M
528	10723	-2.029E+02	1.00	7.452E-89	0	126	128	0	126	128	127M
529	480	-2.933E+02	1.00	4.202E-128	0	196	198	0	196	198	197M
529	6731	-2.835E+02	0.974	7.419E-124	0	195	198	0	195	198	196M
529	10722	-2.835E+02	0.974	7.419E-124	0	195	198	0	195	198	196M
530	479	-6.049E+02	1.00	1.904E-263	0	386	388	0	386	388	387M
530	6730	-5.999E+02	0.989	2.946E-261	0	386	388	0	386	388	387M
530	10721	-5.999E+02	0.989	2.946E-261	0	386	388	0	386	388	387M
531	478	-2.802E+02	1.00	2.132E-122	0	187	189	0	187	189	188M
531	6729	-2.789E+02	0.994	7.532E-122	0	187	189	0	187	189	188M
531	10720	-2.789E+02	0.994	7.532E-122	0	187	189	0	187	189	188M
532	532	-7.084E+02	1.00	0.000E+00	0	618	619	0	618	619	619M
532	4786	-7.084E+02	0.990	0.000E+00	0	617	619	149	766	768	618M
532	8585	-7.084E+02	0.990	0.000E+00	0	617	619	149	766	768	618M
533	533	-3.955E+02	1.00	1.645E-172	0	262	263	0	262	263	263M
533	4785	-3.914E+02	0.988	9.909E-171	0	261	263	0	261	263	262M
533	8584	-3.914E+02	0.988	9.909E-171	0	261	263	0	261	263	262M
534	534	-5.175E+02	1.00	1.763E-225	0	316	317	0	316	317	317M
534	4784	-5.163E+02	0.996	6.221E-225	0	315	317	0	315	317	316M
534	8583	-5.163E+02	0.996	6.221E-225	0	315	317	0	315	317	316M
535	535	-3.036E+02	1.00	1.461E-132	0	200	201	0	200	201	201M
535	4783	-3.039E+02	1.00	1.066E-132	0	199	201	0	199	201	200M
535	8582	-3.039E+02	1.00	1.066E-132	0	199	201	0	199	201	200M
536	536	-7.084E+02	1.00	0.000E+00	0	634	635	0	634	635	635M
536	4782	-7.084E+02	0.998	0.000E+00	0	633	635	0	633	635	634M
536	8581	-7.084E+02	0.998	0.000E+00	0	633	635	0	633	635	634M
537	537	-4.480E+02	1.00	2.749E-195	0	293	294	0	293	294	294M
537	4781	-4.458E+02	0.996	2.497E-194	0	292	294	0	292	294	293M
537	8580	-4.458E+02	0.996	2.497E-194	0	292	294	0	292	294	293M
538	538	-7.084E+02	1.00	0.000E+00	0	615	616	0	615	616	616M
538	4780	-7.084E+02	0.980	0.000E+00	0	614	616	0	605	607	407M9I199M
538	8579	-7.084E+02	0.980	0.000E+00	0	614	616	0	605	607	407M9I199M
539	539	-7.907E+01	1.00	4.583E-35	0	61	62	0	61	62	62M
540	540	-3.995E+02	1.00	3.189E-174	0	272	273	0	272	273	273M
540	4779	-3.998E+02	1.00	2.327E-174	0	271	273	0	271	273	272M
540	8578	-3.998E+02	1.00	2.327E-174	0	271	273	0	271	273	272M
541	541	-3.652E+02	1.00	2.601E-159	0	258	259	0	258	259	259M
541	4778	-3.642E+02	0.996	6.697E-159	0	257	259	0	257	259	258M
541	8577	-3.642E+02	0.996	6.697E-159	0	257	259	0	257	259	258M
542	542	-3.149E+02	1.00	1.657E-137	0	226	227	0	226	227	227M
542	4777	-3.153E+02	1.00	1.209E-137	0	225	227	0	225	227	226M
542	8576	-3.153E+02	1.00	1.209E-137	0	225	227	0	225	227	226M
543	543	-3.140E+02	1.00	4.346E-137	0	213	214	0	213	214	214M
543	4776	-3.143E+02	1.00	3.170E-137	0	212	214	0	212	214	213M
543	8575	-3.143E+02	1.00	3.170E-137	0	212	214	0	212	214	213M
544	544	-1.337E+02	1.00	8.535E-59	0	95	96	0	95	96	96M
544	4775	-1.340E+02	1.00	6.222E-59	0	94	96	0	94	96	95M
544	8574	-1.340E+02	1.00	6.222E-59	0	94	96	0	94	96	95M
545	545	-5.109E+02	1.00	1.378E-222	0	337	338	0	337	338	338M
545	4774	-5.112E+02	1.00	1.006E-222	0	336	338	0	336	338	337M
545	8573	-5.112E+02	1.00	1.006E-222	0	336	338	0	336	338	337M
546	546	-2.881E+02	1.00	7.412E-126	0	193	194	0	193	194	194M
546	4773	-2.884E+02	1.00	5.407E-126	0	192	194	0	192	194	193M
546	8572	-2.884E+02	1.00	5.407E-126	0	192	194	0	192	194	193M
547	547	-1.891E+02	1.00	7.873E-83	0	133	134	0	133	134	134M
547	4772	-1.859E+02	0.977	1.852E-81	0	132	134	0	132	134	133M
547	8571	-1.859E+02	0.977	1.852E-81	0	132	134	0	132	134	133M
548	548	-3.097E+02	1.00	3.270E-135	0	211	212	0	211	212	212M
548	4771	-3.065E+02	0.990	7.662E-134	0	210	212	0	210	212	211M
548	8570	-3.065E+02	0.990	7.662E-134	0	210	212	0	210	212	211M
549	549	-7.084E+02	1.00	0.000E+00	0	681	682	0	681	682	682M
549	4770	-7.084E+02	0.998	0.000E+00	0	680	682	0	680	682	681M
549	8569	-7.084E+02	0.998	0.000E+00	0	680	682	0	680	682	681M
550	550	-4.263E+02	1.00	7.011E-186	0	271	272	0	271	272	272M
550	4769	-4.266E+02	1.00	5.115E-186	0	270	272	0	270	272	271M
550	8568	-4.266E+02	1.00	5.115E-186	0	270	272	0	270	272	271M
551	551	-5.113E+02	1.00	9.035E-223	0	328	329	0	328	329	329M
551	4768	-5.072E+02	0.987	5.436E-221	0	327	329	0	327	329	328M
551	8567	-5.072E+02	0.987	5.436E-221	0	327	329	0	327	329	328M
552	552	-7.084E+02	1.00	0.000E+00	0	857	858	0	857	858	858M
552	4767	-7.084E+02	0.998	0.000E+00	0	856	858	0	855	857	36M1I820M
552	8566	-7.084E+02	0.998	0.000E+00	0	856	858	0	855	857	36M1I820M
553	553	-4.447E+02	1.00	7.651E-194	0	290	291	0	290	291	291M
553	4766	-4.450E+02	1.00	5.582E-194	0	289	291	0	289	291	290M
553	8565	-4.450E+02	1.00	5.582E-194	0	289	291	0	289	291	290M
554	554	-6.334E+02	1.00	8.378E-276	0	439	440	0	439	440	440M
554	4765	-6.337E+02	1.00	6.114E-276	0	438	440	0	438	440	439M
554	8564	-6.337E+02	1.00	6.114E-276	0	438	440	0	438	440	439M
555	555	-4.999E+02	1.00	7.791E-218	0	315	316	0	315	316	316M
555	4764	-4.993E+02	0.996	1.463E-217	0	314	316	0	314	316	315M
555	8563	-4.993E+02	0.996	1.463E-217	0	314	316	0	314	316	315M
556	556	-3.743E+02	1.00	2.784E-163	0	258	259	0	258	259	259M
556	4763	-3.734E+02	0.996	7.169E-163	0	257	259	0	257	259	258M
556	8562	-3.734E+02	0.996	7.169E-163	0	257	259	0	257	259	258M
557	557	-2.163E+02	1.00	1.202E-94	0	145	146	0	145	146	146M
557	4762	-2.147E+02	0.986	5.828E-94	0	144	146	0	144	146	145M
557	8561	-2.147E+02	0.986	5.828E-94	0	144	146	0	144	146	145M
558	558	-3.811E+02	1.00	3.074E-166	0	254	255	0	254	255	255M
558	4761	-3.814E+02	1.00	2.243E-166	0	253	255	0	253	255	254M
558	8560	-3.814E+02	1.00	2.243E-166	0	253	255	0	253	255	254M
559	559	-7.084E+02	1.00	0.000E+00	0	515	516	0	515	516	516M
559	4760	-7.084E+02	0.998	0.000E+00	0	514	516	0	514	516	515M
559	8559	-7.084E+02	0.998	0.000E+00	0	514	516	0	514	516	515M
560	560	-6.218E+02	1.00	8.639E-271	0	396	397	0	396	397	397M
560	4759	-6.168E+02	0.984	1.336E-268	0	395	397	0	395	397	396M
560	8558	-6.168E+02	0.984	1.336E-268	0	395	397	0	395	397	396M
561	561	-3.754E+02	1.00	9.552E-164	0	242	243	0	242	243	243M
561	4758	-3.757E+02	1.00	6.969E-164	0	241	243	0	241	243	242M
561	8557	-3.757E+02	1.00	6.969E-164	0	241	243	0	241	243	242M
562	562	-1.437E+02	1.00	3.722E-63	0	103	104	0	103	104	104M
562	4757	-1.441E+02	1.00	2.713E-63	0	102	104	0	102	104	103M
562	8556	-1.441E+02	1.00	2.713E-63	0	102	104	0	102	104	103M
563	563	-3.118E+02	1.00	3.770E-136	0	212	213	0	212	213	213M
563	4756	-3.121E+02	1.00	2.750E-136	0	211	213	0	211	213	212M
563	8555	-3.121E+02	1.00	2.750E-136	0	211	213	0	211	213	212M
564	564	-2.818E+02	1.00	4.139E-123	0	200	201	0	200	201	201M
564	4755	-2.821E+02	1.00	3.020E-123	0	199	201	0	199	201	200M
564	8554	-2.821E+02	1.00	3.020E-123	0	199	201	0	199	201	200M
565	565	-1.404E+02	1.00	1.016E-61	0	106	107	0	106	107	107M
565	4754	-1.408E+02	1.00	7.410E-62	0	105	107	0	105	107	106M
565	8553	-1.408E+02	1.00	7.410E-62	0	105	107	0	105	107	106M
566	566	-4.246E+02	1.00	3.907E-185	0	274	275	0	274	275	275M
566	4753	-4.249E+02	1.00	2.851E-185	0	273	275	0	273	275	274M
566	8552	-4.249E+02	1.00	2.851E-185	0	273	275	0	273	275	274M
567	567	-1.317E+02	1.00	6.410E-58	0	91	92	0	91	92	92M
567	4752	-1.320E+02	1.00	4.672E-58	0	90	92	0	90	92	91M
567	8551	-1.320E+02	1.00	4.672E-58	0	90	92	0	90	92	91M
568	568	-1.454E+02	1.00	7.484E-64	0	109	110	0	109	110	110M
568	4751	-1.457E+02	1.00	5.456E-64	0	108	110	0	108	110	109M
568	8550	-1.457E+02	1.00	5.456E-64	0	108	110	0	108	110	109M
569	569	-3.640E+02	1.00	8.644E-159	0	250	251	0	250	251	251M
569	4750	-3.643E+02	1.00	6.306E-159	0	249	251	0	249	251	250M
569	8549	-3.643E+02	1.00	6.306E-159	0	249	251	0	249	251	250M
570	570	-1.955E+02	1.00	1.258E-85	0	137	138	0	137	138	138M
570	4749	-1.958E+02	1.00	9.177E-86	0	136	138	0	136	138	137M
570	8548	-1.958E+02	1.00	9.177E-86	0	136	138	0	136	138	137M
571	571	-7.633E+01	1.00	7.086E-34	0	65	66	0	65	66	66M
571	4748	-7.665E+01	1.00	5.161E-34	0	64	66	0	64	66	65M
571	8547	-7.665E+01	1.00	5.161E-34	0	64	66	0	64	66	65M
572	572	-1.127E+02	1.00	1.141E-49	0	85	86	0	85	86	86M
572	4747	-1.130E+02	1.00	8.319E-50	0	84	86	0	84	86	85M
572	8546	-1.130E+02	1.00	8.319E-50	0	84	86	0	84	86	85M
573	573	-1.716E+02	1.00	3.048E-75	0	122	123	0	122	123	123M
573	4746	-1.719E+02	1.00	2.222E-75	0	121	123	0	121	123	122M
573	8545	-1.719E+02	1.00	2.222E-75	0	121	123	0	121	123	122M
574	574	-1.411E+02	1.00	5.145E-62	0	105	106	0	105	106	106M
574	4745	-1.414E+02	1.00	3.751E-62	0	104	106	0	104	106	105M
574	8544	-1.414E+02	1.00	3.751E-62	0	104	106	0	104	106	105M
575	575	-2.595E+02	1.00	2.007E-113	0	178	179	0	178	179	179M
575	4744	-2.598E+02	1.00	1.464E-113	0	177	179	0	177	179	178M
575	8543	-2.598E+02	1.00	1.464E-113	0	177	179	0	177	179	178M
576	576	-1.397E+02	1.00	2.056E-61	0	101	102	0	101	102	102M
576	4743	-1.401E+02	1.00	1.499E-61	0	100	102	0	100	102	101M
576	8542	-1.401E+02	1.00	1.499E-61	0	100	102	0	100	102	101M
577	577	-1.740E+02	1.00	2.740E-76	0	131	132	0	131	132	132M
577	4742	-1.727E+02	0.992	9.692E-76	0	130	132	0	130	132	131M
577	8541	-1.727E+02	0.992	9.692E-76	0	130	132	0	130	132	131M
578	578	-2.529E+02	1.00	1.444E-110	0	177	178	0	177	178	178M
578	4741	-2.532E+02	1.00	1.053E-110	0	176	178	0	176	178	177M
578	8540	-2.532E+02	1.00	1.053E-110	0	176	178	0	176	178	177M
579	579	-1.523E+02	1.00	7.326E-67	0	116	117	0	116	117	117M
579	4740	-1.526E+02	1.00	5.341E-67	0	115	117	0	115	117	116M
579	8539	-1.526E+02	1.00	5.341E-67	0	115	117	0	115	117	116M
580	580	-2.273E+02	1.00	1.934E-99	0	165	166	0	165	166	166M
580	4739	-2.276E+02	1.00	1.410E-99	0	164	166	0	164	166	165M
580	8538	-2.276E+02	1.00	1.410E-99	0	164	166	0	164	166	165M
581	581	-7.542E+01	1.00	1.764E-33	0	58	59	0	58	59	59M
581	4738	-7.573E+01	1.00	1.285E-33	0	57	59	0	57	59	58M
581	8537	-7.573E+01	1.00	1.285E-33	0	57	59	0	57	59	58M
582	582	-1.947E+02	1.00	2.656E-85	0	146	147	0	146	147	147M
582	4737	-1.951E+02	1.00	1.937E-85	0	145	147	0	145	147	146M
582	8536	-1.951E+02	1.00	1.937E-85	0	145	147	0	145	147	146M
583	583	-6.622E+02	1.00	2.644E-288	0	450	451	0	450	451	451M
583	4736	-6.625E+02	1.00	1.930E-288	0	449	451	0	449	451	450M
583	8535	-6.625E+02	1.00	1.930E-288	0	449	451	0	449	451	450M
584	584	-4.409E+01	1.00	7.116E-20	0	38	39	0	38	39	39M
584	4735	-4.441E+01	1.00	5.178E-20	0	37	39	0	37	39	38M
584	8534	-4.441E+01	1.00	5.178E-20	0	37	39	0	37	39	38M
585	585	-1.632E+02	1.00	1.271E-71	0	118	119	0	118	119	119M
585	4734	-1.636E+02	1.00	9.270E-72	0	117	119	0	117	119	118M
585	8533	-1.636E+02	1.00	9.270E-72	0	117	119	0	117	119	118M
586	586	-1.798E+02	1.00	8.056E-79	0	128	129	0	128	129	129M
586	4733	-1.801E+02	1.00	5.874E-79	0	127	129	0	127	129	128M
586	8532	-1.801E+02	1.00	5.874E-79	0	127	129	0	127	129	128M
587	587	-3.000E+02	1.00	5.003E-131	0	208	209	0	208	209	209M
587	4732	-3.003E+02	1.00	3.649E-131	0	207	209	0	207	209	208M
587	8531	-3.003E+02	1.00	3.649E-131	0	207	209	0	207	209	208M
588	588	-4.920E+02	1.00	2.043E-214	0	335	336	0	335	336	336M
588	4731	-4.924E+02	1.00	1.491E-214	0	334	336	0	334	336	335M
588	8530	-4.924E+02	1.00	1.491E-214	0	334	336	0	334	336	335M
589	589	-1.733E+02	1.00	5.295E-76	0	125	126	0	125	126	126M
589	4730	-1.736E+02	1.00	3.861E-76	0	124	126	0	124	126	125M
589	8529	-1.736E+02	1.00	3.861E-76	0	124	126	0	124	126	125M
590	590	-7.084E+02	1.00	0.000E+00	0	496	497	0	496	497	497M
590	4729	-7.084E+02	0.991	0.000E+00	0	495	497	0	495	497	496M
590	8528	-7.084E+02	0.991	0.000E+00	0	495	497	0	495	497	496M
591	591	-7.705E+01	1.00	3.434E-34	0	57	58	0	57	58	58M
592	592	-9.270E+01	1.00	5.490E-41	0	67	68	0	67	68	68M
592	5709	-9.270E+01	0.985	5.490E-41	0	66	68	0	66	68	67M
592	9917	-9.270E+01	0.985	5.490E-41	0	66	68	0	66	68	67M
593	640	-4.055E+02	1.00	8.095E-177	0	278	280	0	278	280	279M
593	5708	-4.039E+02	0.996	3.914E-176	0	278	280	0	278	280	279M
593	9916	-4.039E+02	0.996	3.914E-176	0	278	280	0	278	280	279M
594	639	-6.333E+02	1.00	9.343E-276	0	420	422	0	420	422	421M
594	5707	-6.323E+02	0.997	2.404E-275	0	420	422	0	420	422	421M
594	9915	-6.323E+02	0.997	2.404E-275	0	420	422	0	420	422	421M
595	638	-6.111E+02	1.00	4.017E-266	0	389	391	0	389	391	390M
595	5706	-6.029E+02	0.984	1.451E-262	0	389	391	0	389	391	390M
595	9914	-6.029E+02	0.984	1.451E-262	0	389	391	0	389	391	390M
596	637	-2.462E+02	1.00	1.163E-107	0	151	153	0	151	153	152M
596	5705	-2.443E+02	0.993	7.726E-107	0	151	153	0	151	153	152M
596	9913	-2.443E+02	0.993	7.726E-107	0	151	153	0	151	153	152M
597	636	-5.574E+01	1.00	6.194E-25	0	51	53	0	51	53	52M
597	5704	-5.574E+01	1.00	6.194E-25	0	51	53	0	51	53	52M
597	9912	-5.574E+01	1.00	6.194E-25	0	51	53	0	51	53	52M
598	635	-3.708E+02	1.00	9.096E-162	0	244	246	0	244	246	245M
598	5703	-3.692E+02	0.995	4.401E-161	0	244	246	0	244	246	245M
598	9911	-3.692E+02	0.995	4.401E-161	0	244	246	0	244	246	245M
599	634	-1.919E+02	1.00	4.592E-84	0	119	121	0	119	121	120M
599	5702	-1.919E+02	1.00	4.592E-84	0	119	121	0	119	121	120M
599	9910	-1.919E+02	1.00	4.592E-84	0	119	121	0	119	121	120M
600	633	-5.553E+02	1.00	7.030E-242	0	343	345	0	343	345	344M
600	5701	-5.540E+02	0.994	2.480E-241	0	343	345	0	343	345	344M
600	9909	-5.540E+02	0.994	2.480E-241	0	343	345	0	343	345	344M
601	632	-2.727E+02	1.00	3.525E-119	0	177	179	0	177	179	178M
601	5700	-2.699E+02	0.988	6.032E-118	0	177	179	0	177	179	178M
601	9908	-2.699E+02	0.988	6.032E-118	0	177	179	0	177	179	178M
602	631	-1.192E+02	1.00	1.672E-52	0	80	82	0	80	82	81M
602	5699	-1.180E+02	0.987	5.926E-52	0	80	82	0	80	82	81M
602	9907	-1.180E+02	0.987	5.926E-52	0	80	82	0	80	82	81M
603	630	-2.951E+02	1.00	7.040E-129	0	185	187	0	185	187	186M
603	5698	-2.919E+02	0.989	1.651E-127	0	185	187	0	185	187	186M
603	9906	-2.919E+02	0.989	1.651E-127	0	185	187	0	185	187	186M
604	629	-5.292E+02	1.00	1.466E-230	0	341	343	0	341	343	342M
604	5697	-5.264E+02	0.994	2.500E-229	0	341	343	0	341	343	342M
604	9905	-5.264E+02	0.994	2.500E-229	0	341	343	0	341	343	342M
605	628	-7.084E+02	1.00	0.000E+00	0	473	475	0	473	475	474M
605	5696	-7.345E+02	0.989	1.075E-319	0	473	475	0	473	475	474M
605	9904	-7.345E+02	0.989	1.075E-319	0	473	475	0	473	475	474M
606	627	-1.819E+02	1.00	9.978E-80	0	123	125	0	123	125	124M
606	5695	-1.699E+02	0.935	1.629E-74	0	123	125	0	123	125	124M
606	9903	-1.699E+02	0.935	1.629E-74	0	123	125	0	123	125	124M
607	626	-4.436E+02	1.00	2.298E-193	0	299	301	0	299	301	300M
607	5694	-4.420E+02	0.993	1.111E-192	0	299	301	0	299	301	300M
607	9902	-4.420E+02	0.993	1.111E-192	0	299	301	0	299	301	300M
608	625	-3.934E+02	1.00	1.380E-171	0	266	268	0	266	268	267M
608	5693	-3.900E+02	0.988	4.423E-170	0	266	268	0	266	268	267M
608	9901	-3.900E+02	0.988	4.423E-170	0	266	268	0	266	268	267M
609	624	-5.661E+02	1.00	1.429E-246	0	395	397	0	395	397	396M
609	5692	-5.623E+02	0.994	6.263E-245	0	395	397	0	395	397	396M
609	9900	-5.623E+02	0.994	6.263E-245	0	395	397	0	395	397	396M
610	623	-3.264E+02	1.00	1.744E-142	0	216	218	0	216	218	217M
610	5691	-3.264E+02	1.00	1.744E-142	0	216	218	0	216	218	217M
610	9899	-3.264E+02	1.00	1.744E-142	0	216	218	0	216	218	217M
611	622	-3.972E+02	1.00	3.036E-173	0	272	274	0	272	274	273M
611	5690	-3.972E+02	1.00	3.036E-173	0	272	274	0	272	274	273M
611	9898	-3.972E+02	1.00	3.036E-173	0	272	274	0	272	274	273M
612	621	-1.466E+02	1.00	2.162E-64	0	115	117	0	115	117	116M
612	5689	-1.359E+02	0.905	1.002E-59	0	115	117	0	115	117	116M
612	9897	-1.359E+02	0.905	1.002E-59	0	115	117	0	115	117	116M
613	620	-5.622E+02	1.00	6.587E-245	0	369	371	0	369	371	370M
613	5688	-5.622E+02	1.00	6.587E-245	0	369	371	0	369	371	370M
613	9896	-5.622E+02	1.00	6.587E-245	0	369	371	0	369	371	370M
614	619	-1.768E+02	1.00	1.640E-77	0	124	126	0	124	126	125M
614	5687	-1.752E+02	0.992	7.958E-77	0	124	126	0	124	126	125M
614	9895	-1.752E+02	0.992	7.958E-77	0	124	126	0	124	126	125M
615	615	-7.084E+02	1.00	0.000E+00	0	1041	1042	0	1041	1042	1042M
615	5686	-7.084E+02	0.998	0.000E+00	0	1040	1042	0	1040	1042	1041M
615	9894	-7.084E+02	0.998	0.000E+00	0	1040	1042	0	1040	1042	1041M
616	617	-5.265E+02	1.00	2.174E-229	0	365	367	0	365	367	366M
616	5685	-5.227E+02	0.994	9.531E-228	0	365	367	0	365	367	366M
616	9893	-5.227E+02	0.994	9.531E-228	0	365	367	0	365	367	366M
617	616	-5.265E+02	1.00	2.174E-229	0	365	367	0	365	367	366M
617	5685	-5.227E+02	0.994	9.531E-228	0	365	367	0	365	367	366M
617	9893	-5.227E+02	0.994	9.531E-228	0	365	367	0	365	367	366M
618	615	-7.084E+02	1.00	0.000E+00	0	1040	1042	0	1040	1042	1041M
618	5686	-7.084E+02	0.998	0.000E+00	0	1040	1042	0	1040	1042	1041M
618	9894	-7.084E+02	0.998	0.000E+00	0	1040	1042	0	1040	1042	1041M
619	614	-1.768E+02	1.00	1.640E-77	0	124	126	0	124	126	125M
619	5687	-1.752E+02	0.992	7.958E-77	0	124	126	0	124	126	125M
619	9895	-1.752E+02	0.992	7.958E-77	0	124	126	0	124	126	125M
620	613	-5.622E+02	1.00	6.587E-245	0	369	371	0	369	371	370M
620	5688	-5.622E+02	1.00	6.587E-245	0	369	371	0	369	371	370M
620	9896	-5.622E+02	1.00	6.587E-245	0	369	371	0	369	371	370M
621	612	-1.466E+02	1.00	2.162E-64	0	115	117	0	115	117	116M
621	5689	-1.359E+02	0.905	1.002E-59	0	115	117	0	115	117	116M
621	9897	-1.359E+02	0.905	1.002E-59	0	115	117	0	115	117	116M
622	611	-3.972E+02	1.00	3.036E-173	0	272	274	0	272	274	273M
622	5690	-3.972E+02	1.00	3.036E-173	0	272	274	0	272	274	273M
622	9898	-3.972E+02	1.00	3.036E-173	0	272	274	0	272	274	273M
623	610	-3.264E+02	1.00	1.744E-142	0	216	218	0	216	218	217M
623	5691	-3.264E+02	1.00	1.744E-142	0	216	218	0	216	218	217M
623	9899	-3.264E+02	1.00	1.744E-142	0	216	218	0	216	218	217M
624	609	-5.661E+02	1.00	1.429E-246	0	395	397	0	395	397	396M
624	5692	-5.623E+02	0.994	6.263E-245	0	395	397	0	395	397	396M
624	9900	-5.623E+02	0.994	6.263E-245	0	395	397	0	395	397	396M
625	608	-3.934E+02	1.00	1.380E-171	0	266	268	0	266	268	267M
625	5693	-3.900E+02	0.988	4.423E-170	0	266	268	0	266	268	267M
625	9901	-3.900E+02	0.988	4.423E-170	0	266	268	0	266	268	267M
626	607	-4.436E+02	1.00	2.298E-193	0	299	301	0	299	301	300M
626	5694	-4.420E+02	0.993	1.111E-192	0	299	301	0	299	301	300M
626	9902	-4.420E+02	0.993	1.111E-192	0	299	301	0	299	301	300M
627	606	-1.819E+02	1.00	9.978E-80	0	123	125	0	123	125	124M
627	5695	-1.699E+02	0.935	1.629E-74	0	123	125	0	123	125	124M
627	9903	-1.699E+02	0.935	1.629E-74	0	123	125	0	123	125	124M
628	605	-7.084E+02	1.00	0.000E+00	0	473	475	0	473	475	474M
628	5696	-7.345E+02	0.989	1.075E-319	0	473	475	0	473	475	474M
628	9904	-7.345E+02	0.989	1.075E-319	0	473	475	0	473	475	474M
629	604	-5.292E+02	1.00	1.466E-230	0	341	343	0	341	343	342M
629	5697	-5.264E+02	0.994	2.500E-229	0	341	343	0	341	343	342M
629	9905	-5.264E+02	0.994	2.500E-229	0	341	343	0	341	343	342M
630	603	-2.951E+02	1.00	7.040E-129	0	185	187	0	185	187	186M
630	5698	-2.919E+02	0.989	1.651E-127	0	185	187	0	185	187	186M
630	9906	-2.919E+02	0.989	1.651E-127	0	185	187	0	185	187	186M
631	602	-1.192E+02	1.00	1.672E-52	0	80	82	0	80	82	81M
631	5699	-1.180E+02	0.987	5.926E-52	0	80	82	0	80	82	81M
631	9907	-1.180E+02	0.987	5.926E-52	0	80	82	0	80	82	81M
632	601	-2.727E+02	1.00	3.525E-119	0	177	179	0	177	179	178M
632	5700	-2.699E+02	0.988	6.032E-118	0	177	179	0	177	179	178M
632	9908	-2.699E+02	0.988	6.032E-118	0	177	179	0	177	179	178M
633	600	-5.553E+02	1.00	7.030E-242	0	343	345	0	343	345	344M
633	5701	-5.540E+02	0.994	2.480E-241	0	343	345	0	343	345	344M
633	9909	-5.540E+02	0.994	2.480E-241	0	343	345	0	343	345	344M
634	599	-1.919E+02	1.00	4.592E-84	0	119	121	0	119	121	120M
634	5702	-1.919E+02	1.00	4.592E-84	0	119	121	0	119	121	120M
634	9910	-1.919E+02	1.00	4.592E-84	0	119	121	0	119	121	120M
635	598	-3.708E+02	1.00	9.096E-162	0	244	246	0	244	246	245M
635	5703	-3.692E+02	0.995	4.401E-161	0	244	246	0	244	246	245M
635	9911	-3.692E+02	0.995	4.401E-161	0	244	246	0	244	246	245M
636	597	-5.574E+01	1.00	6.194E-25	0	51	53	0	51	53	52M
636	5704	-5.574E+01	1.00	6.194E-25	0	51	53	0	51	53	52M
636	9912	-5.574E+01	1.00	6.194E-25	0	51	53	0	51	53	52M
637	596	-2.462E+02	1.00	1.163E-107	0	151	153	0	151	153	152M
637	5705	-2.443E+02	0.993	7.726E-107	0	151	153	0	151	153	152M
637	9913	-2.443E+02	0.993	7.726E-107	0	151	153	0	151	153	152M
638	595	-6.111E+02	1.00	4.017E-266	0	389	391	0	389	391	390M
638	5706	-6.029E+02	0.984	1.451E-262	0	389	391	0	389	391	390M
638	9914	-6.029E+02	0.984	1.451E-262	0	389	391	0	389	391	390M
639	594	-6.333E+02	1.00	9.343E-276	0	420	422	0	420	422	421M
639	5707	-6.323E+02	0.997	2.404E-275	0	420	422	0	420	422	421M
639	9915	-6.323E+02	0.997	2.404E-275	0	420	422	0	420	422	421M
640	593	-4.055E+02	1.00	8.095E-177	0	278	280	0	278	280	279M
640	5708	-4.039E+02	0.996	3.914E-176	0	278	280	0	278	280	279M
640	9916	-4.039E+02	0.996	3.914E-176	0	278	280	0	278	280	279M
641	592	-5.330E+01	1.00	7.101E-24	0	43	45	23	66	68	44M
641	5709	-5.298E+01	0.977	9.756E-24	0	43	45	23	66	68	44M
641	9917	-5.298E+01	0.977	9.756E-24	0	43	45	23	66	68	44M
642	642	-6.296E+02	1.00	3.689E-274	0	412	413	0	412	413	413M
642	7667	-2.215E+02	0.427	6.355E-97	11	410	413	7	407	482	17M1D4M1I147M2D4M2I100M2D4M3I46M2D72M
642	11448	-2.215E+02	0.427	6.355E-97	11	410	413	7	407	482	17M1D4M1I147M2D4M2I100M2D4M3I46M2D72M
643	674	-5.500E+02	1.00	1.396E-239	0	355	357	0	355	357	356M
643	6845	-7.186E+01	0.267	6.169E-32	33	350	357	19	335	342	215M1I102M
643	11188	-7.186E+01	0.267	6.169E-32	33	350	357	19	335	342	215M1I102M
644	673	-4.418E+02	1.00	1.387E-192	0	297	299	0	297	299	298M
645	645	-7.084E+02	1.00	0.000E+00	0	515	516	0	515	516	516M
646	671	-6.882E+02	1.00	1.282E-299	0	451	453	0	451	453	452M
646	6671	-6.450E+01	0.243	9.766E-29	21	445	453	9	406	408	11M1D17M2D7M2D53M7I83M3I19M11I17M2I75M1I5M2I12M4I20M1D55M3I18M
646	8824	-6.450E+01	0.243	9.766E-29	21	445	453	9	406	408	11M1D17M2D7M2D53M7I83M3I19M11I17M2I75M1I5M2I12M4I20M1D55M3I18M
647	670	-7.044E+02	1.00	1.272E-306	0	443	445	0	443	445	444M
648	669	-4.611E+02	1.00	5.716E-201	0	302	304	0	302	304	303M
649	649	-7.084E+02	1.00	0.000E+00	0	528	529	0	528	529	529M
649	5989	-4.225E+02	0.581	3.349E-184	5	527	529	5	525	527	356M2I165M
649	10349	-4.225E+02	0.581	3.349E-184	5	527	529	5	525	527	356M2I165M
650	667	-3.340E+02	1.00	8.985E-146	0	236	238	0	236	238	237M
650	6525	-2.727E+01	0.267	1.439E-12	11	227	238	1	220	251	66M3D9M2D98M2D11M4I29M
650	10088	-2.727E+01	0.267	1.439E-12	11	227	238	1	220	251	66M3D9M2D98M2D11M4I29M
651	666	-7.084E+02	1.00	0.000E+00	0	582	584	0	582	584	583M
652	665	-1.987E+02	1.00	4.984E-87	0	128	130	0	128	130	129M
653	664	-2.712E+02	1.00	1.707E-118	0	177	179	0	177	179	178M
654	663	-6.622E+02	1.00	2.616E-288	0	415	417	0	415	417	416M
654	5951	-9.051E+01	0.303	4.934E-40	9	414	417	19	419	421	19M2D12M1I22M7D23M1I98M1I6M2I43M3I4M2D13M2I54M1D40M2I23M2I13M3I19M
654	10311	-9.051E+01	0.303	4.934E-40	9	414	417	19	419	421	19M2D12M1I22M7D23M1I98M1I6M2I43M3I4M2D13M2I54M1D40M2I23M2I13M3I19M
655	662	-5.792E+02	1.00	2.986E-252	0	378	380	0	378	380	379M
655	5434	-3.971E+02	0.672	3.398E-173	0	378	380	1	379	382	379M
655	9494	-3.971E+02	0.672	3.398E-173	0	378	380	1	379	382	379M
656	656	-7.084E+02	1.00	0.000E+00	0	625	626	0	625	626	626M
656	6065	-2.942E+01	0.240	1.665E-13	73	573	626	46	551	565	60M5I9M1D16M1D20M13D8M3D10M4D44M3D15M5I25M2D3M5I19M4I37M2I8M3I12M5D12M2I11M7D32M1I14M4I14M18I5M2D3M3D20M6D5M5I7M10D15M1I22M
656	10425	-2.942E+01	0.240	1.665E-13	73	573	626	46	551	565	60M5I9M1D16M1D20M13D8M3D10M4D44M3D15M5I25M2D3M5I19M4I37M2I8M3I12M5D12M2I11M7D32M1I14M4I14M18I5M2D3M3D20M6D5M5I7M10D15M1I22M
657	660	-7.243E+02	1.00	2.847E-315	0	482	484	0	482	484	483M
657	6695	-1.742E+02	0.318	2.131E-76	4	474	484	7	481	491	88M4D4M3I28M1I79M3I24M1D118M7D82M1I40M
657	8848	-1.742E+02	0.318	2.131E-76	4	474	484	7	481	491	88M4D4M3I28M1I79M3I24M1D118M7D82M1I40M
658	659	-4.342E+02	1.00	2.565E-189	0	276	278	0	276	278	277M
658	5998	-6.990E+01	0.294	4.412E-31	15	263	278	11	249	258	61M6D8M13I136M3I28M
658	10358	-6.990E+01	0.294	4.412E-31	15	263	278	11	249	258	61M6D8M13I136M3I28M
659	658	-4.342E+02	1.00	2.565E-189	0	276	278	0	276	278	277M
659	5998	-6.990E+01	0.294	4.412E-31	15	263	278	11	249	258	61M6D8M13I136M3I28M
659	10358	-6.990E+01	0.294	4.412E-31	15	263	278	11	249	258	61M6D8M13I136M3I28M
660	657	-7.243E+02	1.00	2.847E-315	0	482	484	0	482	484	483M
660	6695	-1.742E+02	0.318	2.131E-76	4	474	484	7	481	491	88M4D4M3I28M1I79M3I24M1D118M7D82M1I40M
660	8848	-1.742E+02	0.318	2.131E-76	4	474	484	7	481	491	88M4D4M3I28M1I79M3I24M1D118M7D82M1I40M
661	656	-7.084E+02	1.00	0.000E+00	0	624	626	0	624	626	625M
661	6065	-2.942E+01	0.240	1.665E-13	73	573	626	46	551	565	60M5I9M1D16M1D20M13D8M3D10M4D44M3D15M5I25M2D3M5I19M4I37M2I8M3I12M5D12M2I11M7D32M1I14M4I14M18I5M2D3M3D20M6D5M5I7M10D15M1I22M
661	10425	-2.942E+01	0.240	1.665E-13	73	573	626	46	551	565	60M5I9M1D16M1D20M13D8M3D10M4D44M3D15M5I25M2D3M5I19M4I37M2I8M3I12M5D12M2I11M7D32M1I14M4I14M18I5M2D3M3D20M6D5M5I7M10D15M1I22M
662	655	-5.792E+02	1.00	2.986E-252	0	378	380	0	378	380	379M
662	5434	-3.971E+02	0.672	3.398E-173	0	378	380	1	379	382	379M
662	9494	-3.971E+02	0.672	3.398E-173	0	378	380	1	379	382	379M
663	654	-6.622E+02	1.00	2.616E-288	0	415	417	0	415	417	416M
663	5951	-9.051E+01	0.303	4.934E-40	9	414	417	19	419	421	19M2D12M1I22M7D23M1I98M1I6M2I43M3I4M2D13M2I54M1D40M2I23M2I13M3I19M
663	10311	-9.051E+01	0.303	4.934E-40	9	414	417	19	419	421	19M2D12M1I22M7D23M1I98M1I6M2I43M3I4M2D13M2I54M1D40M2I23M2I13M3I19M
664	653	-2.712E+02	1.00	1.707E-118	0	177	179	0	177	179	178M
665	652	-1.987E+02	1.00	4.984E-87	0	128	130	0	128	130	129M
666	651	-7.084E+02	1.00	0.000E+00	0	582	584	0	582	584	583M
667	650	-3.340E+02	1.00	8.985E-146	0	236	238	0	236	238	237M
667	6525	-2.727E+01	0.267	1.439E-12	11	227	238	1	220	251	66M3D9M2D98M2D11M4I29M
667	10088	-2.727E+01	0.267	1.439E-12	11	227	238	1	220	251	66M3D9M2D98M2D11M4I29M
668	649	-7.084E+02	1.00	0.000E+00	0	527	529	0	527	529	528M
668	5989	-4.225E+02	0.581	3.349E-184	5	527	529	5	525	527	356M2I165M
668	10349	-4.225E+02	0.581	3.349E-184	5	527	529	5	525	527	356M2I165M
669	648	-4.611E+02	1.00	5.716E-201	0	302	304	0	302	304	303M
670	647	-7.044E+02	1.00	1.272E-306	0	443	445	0	443	445	444M
671	646	-6.882E+02	1.00	1.282E-299	0	451	453	0	451	453	452M
671	6671	-6.450E+01	0.243	9.766E-29	21	445	453	9	406	408	11M1D17M2D7M2D53M7I83M3I19M11I17M2I75M1I5M2I12M4I20M1D55M3I18M
671	8824	-6.450E+01	0.243	9.766E-29	21	445	453	9	406	408	11M1D17M2D7M2D53M7I83M3I19M11I17M2I75M1I5M2I12M4I20M1D55M3I18M
672	645	-7.084E+02	1.00	0.000E+00	0	514	516	0	514	516	515M
673	644	-4.418E+02	1.00	1.387E-192	0	297	299	0	297	299	298M
674	643	-5.500E+02	1.00	1.396E-239	0	355	357	0	355	357	356M
674	6845	-7.186E+01	0.267	6.169E-32	33	350	357	19	335	342	215M1I102M
674	11188	-7.186E+01	0.267	6.169E-32	33	350	357	19	335	342	215M1I102M
675	675	-7.084E+02	1.00	0.000E+00	0	486	487	0	486	487	487M
675	7667	-2.675E+02	0.445	6.853E-117	11	479	487	7	477	482	17M1D4M1I147M2D4M2I100M2D4M3I46M2D116M1D5M1I9M1D10M
675	11448	-2.675E+02	0.445	6.853E-117	11	479	487	7	477	482	17M1D4M1I147M2D4M2I100M2D4M3I46M2D116M1D5M1I9M1D10M
676	675	-1.789E+02	1.00	2.079E-78	0	114	116	371	485	487	115M
676	7667	-5.782E+01	0.509	7.739E-26	1	108	116	369	477	482	83M1D5M1I9M1D10M
676	11448	-5.782E+01	0.509	7.739E-26	1	108	116	369	477	482	83M1D5M1I9M1D10M
677	677	-7.084E+02	1.00	0.000E+00	0	617	618	0	617	618	618M
677	6400	-7.084E+02	0.996	0.000E+00	0	616	618	0	616	618	617M
677	10608	-7.084E+02	0.996	0.000E+00	0	616	618	0	616	618	617M
678	678	-3.061E+02	1.00	1.136E-133	0	206	207	0	206	207	207M
678	6399	-3.064E+02	1.00	8.288E-134	0	205	207	0	205	207	206M
678	10607	-3.064E+02	1.00	8.288E-134	0	205	207	0	205	207	206M
679	679	-6.466E+02	1.00	1.464E-281	0	452	453	0	452	453	453M
679	6398	-6.470E+02	1.00	1.068E-281	0	451	453	0	451	453	452M
679	10606	-6.470E+02	1.00	1.068E-281	0	451	453	0	451	453	452M
680	680	-2.491E+02	1.00	6.254E-109	0	170	171	0	170	171	171M
680	6397	-2.482E+02	0.994	1.612E-108	0	169	171	0	169	171	170M
680	10605	-2.482E+02	0.994	1.612E-108	0	169	171	0	169	171	170M
681	681	-7.084E+02	1.00	0.000E+00	0	542	543	0	542	543	543M
681	6396	-7.084E+02	1.00	0.000E+00	0	541	543	0	541	543	542M
681	10604	-7.084E+02	1.00	0.000E+00	0	541	543	0	541	543	542M
682	682	-6.270E+02	1.00	5.091E-273	0	421	422	0	421	422	422M
682	6395	-6.254E+02	0.995	2.460E-272	0	420	422	0	420	422	421M
682	10603	-6.254E+02	0.995	2.460E-272	0	420	422	0	420	422	421M
683	683	-6.735E+02	1.00	3.221E-293	0	437	438	0	437	438	438M
683	6394	-6.662E+02	0.988	4.516E-290	0	436	438	0	436	438	437M
683	10602	-6.662E+02	0.988	4.516E-290	0	436	438	0	436	438	437M
684	684	-4.335E+02	1.00	5.552E-189	0	280	281	0	280	281	281M
684	6393	-4.253E+02	0.975	2.014E-185	0	279	281	0	279	281	280M
684	10601	-4.253E+02	0.975	2.014E-185	0	279	281	0	279	281	280M
685	685	-5.108E+02	1.00	1.514E-222	0	339	340	0	339	340	340M
685	6392	-5.111E+02	1.00	1.104E-222	0	338	340	0	338	340	339M
685	10600	-5.111E+02	1.00	1.104E-222	0	338	340	0	338	340	339M
686	686	-7.084E+02	1.00	0.000E+00	0	727	728	0	727	728	728M
686	6391	-7.084E+02	0.998	0.000E+00	0	726	728	0	726	728	727M
686	10599	-7.084E+02	0.998	0.000E+00	0	726	728	0	726	728	727M
687	687	-6.654E+02	1.00	1.046E-289	0	428	429	0	428	429	429M
687	6390	-6.623E+02	0.995	2.443E-288	0	427	429	0	427	429	428M
687	10598	-6.623E+02	0.995	2.443E-288	0	427	429	0	427	429	428M
688	688	-2.627E+02	1.00	7.916E-115	0	183	184	0	183	184	184M
688	6389	-2.612E+02	0.994	3.833E-114	0	182	184	0	182	184	183M
688	10597	-2.612E+02	0.994	3.833E-114	0	182	184	0	182	184	183M
689	689	-9.845E+01	1.00	1.746E-43	0	66	67	0	66	67	67M
689	6388	-9.877E+01	1.00	1.272E-43	0	65	67	0	65	67	66M
689	10596	-9.877E+01	1.00	1.272E-43	0	65	67	0	65	67	66M
690	690	-2.053E+02	1.00	6.873E-90	0	143	144	0	143	144	144M
690	6387	-2.056E+02	1.00	5.012E-90	0	142	144	0	142	144	143M
690	10595	-2.056E+02	1.00	5.012E-90	0	142	144	0	142	144	143M
691	691	-6.237E+02	1.00	1.337E-271	0	410	411	0	410	411	411M
691	6386	-6.240E+02	1.00	9.756E-272	0	409	411	0	409	411	410M
691	10594	-6.240E+02	1.00	9.756E-272	0	409	411	0	409	411	410M
692	692	-3.868E+02	1.00	9.873E-169	0	266	267	0	266	267	267M
692	6385	-3.755E+02	1.00	8.374E-164	8	265	267	0	257	259	258M
692	10593	-3.872E+02	1.00	7.203E-169	0	265	267	0	265	267	266M
693	693	-3.876E+02	1.00	4.565E-169	0	263	264	0	263	264	264M
693	6384	-3.832E+02	0.988	3.769E-167	0	262	264	0	262	264	263M
693	10592	-3.832E+02	0.988	3.769E-167	0	262	264	0	262	264	263M
694	694	-5.502E+02	1.00	1.094E-239	0	371	372	0	371	372	372M
694	6383	-5.505E+02	1.00	7.981E-240	0	370	372	0	370	372	371M
694	10591	-5.505E+02	1.00	7.981E-240	0	370	372	0	370	372	371M
695	695	-6.461E+02	1.00	2.548E-281	0	430	431	0	430	431	431M
695	6382	-6.319E+02	0.974	3.653E-275	0	429	431	0	429	431	430M
695	10590	-6.319E+02	0.974	3.653E-275	0	429	431	0	429	431	430M
696	696	-3.213E+02	1.00	2.924E-140	0	232	233	0	232	233	233M
696	6381	-3.216E+02	1.00	2.133E-140	0	231	233	0	231	233	232M
696	10589	-3.216E+02	1.00	2.133E-140	0	231	233	0	231	233	232M
697	697	-5.646E+02	1.00	6.458E-246	0	381	382	0	381	382	382M
697	6380	-5.649E+02	1.00	4.712E-246	0	380	382	0	380	382	381M
697	10588	-5.649E+02	1.00	4.712E-246	0	380	382	0	380	382	381M
698	698	-7.066E+02	1.00	1.277E-307	0	469	470	0	469	470	470M
698	6379	-7.070E+02	1.00	9.318E-308	0	468	470	0	468	470	469M
698	10587	-7.070E+02	1.00	9.318E-308	0	468	470	0	468	470	469M
699	699	-3.365E+02	1.00	7.570E-147	0	218	219	0	218	219	219M
699	6359	-2.803E+02	0.821	1.810E-122	0	217	219	0	217	219	218M
699	10567	-2.803E+02	0.821	1.810E-122	0	217	219	0	217	219	218M
700	700	-2.194E+02	1.00	5.223E-96	0	152	153	0	152	153	153M
700	6358	-2.197E+02	1.00	3.809E-96	0	151	153	0	151	153	152M
700	10566	-2.197E+02	1.00	3.809E-96	0	151	153	0	151	153	152M
701	701	-1.187E+02	1.00	2.799E-52	0	85	86	0	85	86	86M
701	6357	-1.190E+02	1.00	2.040E-52	0	84	86	0	84	86	85M
701	10565	-1.190E+02	1.00	2.040E-52	0	84	86	0	84	86	85M
702	702	-2.074E+02	1.00	8.124E-91	0	138	139	0	138	139	139M
702	6356	-2.078E+02	1.00	5.925E-91	0	137	139	0	137	139	138M
702	10564	-2.078E+02	1.00	5.925E-91	0	137	139	0	137	139	138M
703	703	-5.350E+02	1.00	4.291E-233	0	352	353	0	352	353	353M
703	6355	-5.344E+02	0.997	8.059E-233	0	351	353	0	351	353	352M
703	10563	-5.344E+02	0.997	8.059E-233	0	351	353	0	351	353	352M
704	704	-2.839E+02	1.00	4.838E-124	0	188	189	0	188	189	189M
704	6354	-2.843E+02	1.00	3.529E-124	0	187	189	0	187	189	188M
704	10562	-2.843E+02	1.00	3.529E-124	0	187	189	0	187	189	188M
705	705	-3.372E+02	1.00	3.711E-147	0	243	244	0	243	244	244M
705	6353	-3.375E+02	1.00	2.707E-147	0	242	244	0	242	244	243M
705	10561	-3.375E+02	1.00	2.707E-147	0	242	244	0	242	244	243M
706	706	-3.972E+02	1.00	3.139E-173	0	267	268	0	267	268	268M
706	6352	-3.975E+02	1.00	2.291E-173	0	266	268	0	266	268	267M
706	10560	-3.975E+02	1.00	2.291E-173	0	266	268	0	266	268	267M
707	707	-6.572E+02	1.00	3.648E-286	0	468	469	0	468	469	469M
707	6351	-6.528E+02	0.993	2.998E-284	0	467	469	0	467	469	468M
707	10559	-6.528E+02	0.993	2.998E-284	0	467	469	0	467	469	468M
708	708	-7.265E+02	1.00	3.107E-316	0	510	511	0	510	511	511M
708	6350	-7.252E+02	0.996	1.095E-315	0	509	511	154	663	665	510M
708	10558	-7.252E+02	0.996	1.095E-315	0	509	511	154	663	665	510M
709	709	-2.093E+02	1.00	1.248E-91	0	145	146	0	145	146	146M
709	6350	-2.096E+02	1.00	9.105E-92	0	144	146	0	144	665	145M
709	10558	-2.096E+02	1.00	9.105E-92	0	144	146	0	144	665	145M
710	710	-5.003E+02	1.00	5.414E-218	0	368	369	0	368	369	369M
710	6349	-4.993E+02	0.997	1.393E-217	0	367	369	0	367	447	368M
710	10557	-4.993E+02	0.997	1.393E-217	0	367	369	0	367	447	368M
711	711	-4.964E+02	1.00	2.566E-216	0	329	330	0	329	330	330M
711	6348	-4.967E+02	1.00	1.872E-216	0	328	330	0	328	330	329M
711	10556	-4.967E+02	1.00	1.872E-216	0	328	330	0	328	330	329M
712	712	-2.397E+02	1.00	7.707E-105	0	169	170	0	169	170	170M
712	6347	-2.400E+02	1.00	5.622E-105	0	168	170	0	168	170	169M
712	10555	-2.400E+02	1.00	5.622E-105	0	168	170	0	168	170	169M
713	713	-7.084E+02	1.00	0.000E+00	0	874	875	0	874	875	875M
713	6346	-7.084E+02	0.997	0.000E+00	0	873	875	0	873	875	874M
713	10554	-7.084E+02	0.997	0.000E+00	0	873	875	0	873	875	874M
714	714	-1.535E+02	1.00	2.228E-67	0	111	112	0	111	112	112M
714	6345	-1.393E+02	0.945	3.343E-61	0	110	112	0	108	110	78M2I31M
714	10553	-1.393E+02	0.945	3.343E-61	0	110	112	0	108	110	78M2I31M
715	715	-7.084E+02	1.00	0.000E+00	0	660	661	0	660	661	661M
715	7297	-7.084E+02	0.992	0.000E+00	0	629	661	68	697	701	630M
715	11262	-7.084E+02	0.992	0.000E+00	0	629	661	68	697	701	630M
716	716	-3.115E+02	1.00	5.418E-136	0	213	214	0	213	214	214M
716	7226	-3.111E+02	0.995	7.427E-136	0	212	214	0	212	214	213M
716	11106	-3.111E+02	0.995	7.427E-136	0	212	214	0	212	214	213M
717	717	-7.004E+02	1.00	6.880E-305	0	462	463	0	462	463	463M
717	7225	-7.007E+02	1.00	5.021E-305	0	461	463	0	461	463	462M
717	11105	-7.007E+02	1.00	5.021E-305	0	461	463	0	461	463	462M
718	718	-3.620E+02	1.00	5.923E-158	0	244	245	0	244	245	245M
718	7224	-3.623E+02	1.00	4.321E-158	0	243	245	0	243	245	244M
718	11104	-3.623E+02	1.00	4.321E-158	0	243	245	0	243	245	244M
719	719	-6.000E+02	1.00	2.526E-261	0	377	378	0	377	378	378M
719	7223	-5.985E+02	0.997	1.221E-260	0	376	378	0	376	378	377M
719	11103	-5.985E+02	0.997	1.221E-260	0	376	378	0	376	378	377M
720	720	-2.514E+02	1.00	6.418E-110	0	162	163	0	162	163	163M
720	7222	-2.517E+02	1.00	4.681E-110	0	161	163	0	161	163	162M
720	11102	-2.517E+02	1.00	4.681E-110	0	161	163	0	161	163	162M
721	721	-2.748E+02	1.00	4.469E-120	0	181	182	0	181	182	182M
721	7221	-2.739E+02	0.994	1.152E-119	0	180	182	0	180	182	181M
721	11101	-2.739E+02	0.994	1.152E-119	0	180	182	0	180	182	181M
722	722	-5.771E+02	1.00	2.275E-251	0	382	383	0	382	383	383M
722	7220	-5.759E+02	0.997	8.022E-251	0	381	383	0	381	383	382M
722	11100	-5.759E+02	0.997	8.022E-251	0	381	383	0	381	383	382M
723	723	-1.852E+02	1.00	3.552E-81	0	140	141	0	140	141	141M
723	7219	-1.856E+02	1.00	2.590E-81	0	139	141	0	139	141	140M
723	11099	-1.856E+02	1.00	2.590E-81	0	139	141	0	139	141	140M
724	724	-1.715E+02	1.00	3.199E-75	0	123	124	0	123	124	124M
724	7218	-1.709E+02	0.991	6.017E-75	0	122	124	0	122	124	123M
724	11098	-1.709E+02	0.991	6.017E-75	0	122	124	0	122	124	123M
725	725	-3.858E+02	1.00	2.846E-168	0	255	256	0	255	256	256M
725	7217	-3.861E+02	1.00	2.077E-168	0	254	256	0	254	256	255M
725	11097	-3.861E+02	1.00	2.077E-168	0	254	256	0	254	256	255M
726	726	-4.043E+02	1.00	2.482E-176	0	276	277	0	276	277	277M
726	7216	-4.025E+02	0.996	1.645E-175	0	275	277	0	275	277	276M
726	11096	-4.025E+02	0.996	1.645E-175	0	275	277	0	275	277	276M
727	727	-4.551E+02	1.00	2.203E-198	0	309	310	0	309	310	310M
727	7215	-4.554E+02	1.00	1.608E-198	0	308	310	0	308	310	309M
727	11095	-4.554E+02	1.00	1.608E-198	0	308	310	0	308	310	309M
728	728	-7.084E+02	1.00	0.000E+00	0	872	873	0	872	873	873M
728	7214	-7.084E+02	0.998	0.000E+00	0	871	873	0	871	873	872M
728	11094	-7.084E+02	0.998	0.000E+00	0	871	873	0	871	873	872M
729	729	-7.084E+02	1.00	0.000E+00	0	729	730	0	729	730	730M
729	7213	-7.084E+02	0.994	0.000E+00	0	728	730	0	728	730	729M
729	11093	-7.084E+02	0.994	0.000E+00	0	728	730	0	728	730	729M
730	730	-1.998E+02	1.00	1.711E-87	0	133	134	0	133	134	134M
730	7212	-2.001E+02	1.00	1.247E-87	0	132	134	0	132	134	133M
730	11092	-2.001E+02	1.00	1.247E-87	0	132	134	0	132	134	133M
731	731	-4.596E+02	1.00	2.492E-200	0	321	322	0	321	322	322M
731	7211	-4.587E+02	0.996	6.414E-200	0	320	322	0	320	322	321M
731	11091	-4.587E+02	0.996	6.414E-200	0	320	322	0	320	322	321M
732	732	-1.066E+02	1.00	5.075E-47	0	74	75	0	74	75	75M
732	7210	-1.069E+02	1.00	3.698E-47	0	73	75	0	73	75	74M
732	11090	-1.069E+02	1.00	3.698E-47	0	73	75	0	73	75	74M
733	733	-7.084E+02	1.00	0.000E+00	0	702	703	0	702	703	703M
733	7209	-7.084E+02	0.991	0.000E+00	0	701	703	0	701	703	702M
733	11089	-7.084E+02	0.991	0.000E+00	0	701	703	0	701	703	702M
734	734	-7.084E+02	1.00	0.000E+00	0	580	581	0	580	581	581M
734	7208	-7.084E+02	1.00	0.000E+00	0	579	581	1	580	582	580M
734	11088	-7.084E+02	1.00	0.000E+00	0	579	581	1	580	582	580M
735	735	-5.118E+02	1.00	5.612E-223	0	338	339	0	338	339	339M
735	7207	-5.108E+02	0.997	1.444E-222	0	337	339	0	337	339	338M
735	11087	-5.108E+02	0.997	1.444E-222	0	337	339	0	337	339	338M
736	736	-2.839E+02	1.00	5.074E-124	0	189	190	0	189	190	190M
736	7206	-2.842E+02	1.00	3.701E-124	0	188	190	0	188	190	189M
736	11086	-2.842E+02	1.00	3.701E-124	0	188	190	0	188	190	189M
737	737	-7.084E+02	1.00	0.000E+00	0	698	699	0	698	699	699M
737	7205	-7.084E+02	0.998	0.000E+00	0	697	699	0	697	699	698M
737	11085	-7.084E+02	0.998	0.000E+00	0	697	699	0	697	699	698M
738	738	-1.493E+02	1.00	1.490E-65	0	100	101	0	100	101	101M
738	7204	-1.480E+02	0.990	5.276E-65	0	99	101	0	99	101	100M
738	11084	-1.480E+02	0.990	5.276E-65	0	99	101	0	99	101	100M
739	739	-5.306E+02	1.00	3.610E-231	0	339	340	0	339	340	340M
740	740	-1.275E+02	1.00	4.316E-56	0	93	94	0	93	94	94M
741	741	-1.210E+02	1.00	2.768E-53	0	83	84	0	83	84	84M
742	742	-1.516E+02	1.00	1.446E-66	0	104	105	0	104	105	105M
743	743	-3.290E+02	1.00	1.311E-143	0	209	210	0	209	210	210M
744	744	-2.424E+02	1.00	5.134E-106	0	152	153	0	152	153	153M
745	745	-2.038E+02	1.00	3.027E-89	0	141	142	0	141	142	142M
746	746	-2.209E+02	1.00	1.107E-96	0	146	147	0	146	147	147M
747	747	-6.680E+01	1.00	9.788E-30	0	53	54	0	53	54	54M
748	748	-9.970E+01	1.00	5.019E-44	0	79	80	0	79	80	80M
749	749	-3.563E+02	1.00	1.870E-155	0	239	240	0	239	240	240M
750	750	-1.396E+02	1.00	2.318E-61	0	97	98	0	97	98	98M
751	751	-2.298E+02	1.00	1.549E-100	0	165	166	0	165	166	166M
752	752	-4.529E+02	1.00	2.043E-197	0	296	297	0	296	297	297M
753	753	-7.084E+02	1.00	0.000E+00	0	916	917	0	916	917	917M
754	754	-1.971E+02	1.00	2.417E-86	0	129	130	0	129	130	130M
755	755	-2.184E+02	1.00	1.482E-95	0	154	155	0	154	155	155M
756	756	-1.787E+02	1.00	2.527E-78	0	119	120	0	119	120	120M
757	757	-1.028E+02	1.00	2.154E-45	0	73	74	0	73	74	74M
758	758	-1.583E+02	1.00	1.719E-69	0	102	103	0	102	103	103M
759	759	-3.404E+02	1.00	1.444E-148	0	241	242	0	241	242	242M
760	760	-4.293E+01	1.00	2.278E-19	0	36	37	0	36	37	37M
761	761	-2.716E+02	1.00	1.153E-118	0	183	184	0	183	184	184M
761	6331	-2.709E+02	0.994	2.167E-118	0	182	184	71	253	255	183M
761	10539	-2.709E+02	0.994	2.167E-118	0	182	184	71	253	255	183M
762	762	-4.327E+02	1.00	1.234E-188	0	297	298	0	297	298	298M
762	6330	-4.314E+02	0.996	4.353E-188	0	296	298	0	296	298	297M
762	10538	-4.314E+02	0.996	4.353E-188	0	296	298	0	296	298	297M
763	763	-2.580E+02	1.00	8.671E-113	0	169	170	0	169	170	170M
763	6329	-2.583E+02	1.00	6.324E-113	0	168	170	0	168	170	169M
763	10537	-2.583E+02	1.00	6.324E-113	0	168	170	0	168	170	169M
764	764	-5.236E+02	1.00	4.013E-228	0	334	335	0	334	335	335M
764	6328	-5.204E+02	0.994	9.380E-227	0	333	335	0	333	335	334M
764	10536	-5.204E+02	0.994	9.380E-227	0	333	335	0	333	335	334M
765	765	-5.753E+02	1.00	1.403E-250	0	394	395	0	394	395	395M
765	6327	-5.731E+02	0.994	1.273E-249	0	393	395	0	393	395	394M
765	10535	-5.731E+02	0.994	1.273E-249	0	393	395	0	393	395	394M
766	766	-1.937E+02	1.00	7.600E-85	0	135	136	0	135	136	136M
766	6326	-1.921E+02	0.992	3.686E-84	0	134	136	0	134	136	135M
766	10534	-1.921E+02	0.992	3.686E-84	0	134	136	0	134	136	135M
767	767	-4.558E+02	1.00	1.119E-198	0	308	309	0	308	309	309M
767	6325	-4.520E+02	0.990	4.915E-197	0	307	309	0	307	309	308M
767	10533	-4.520E+02	0.990	4.915E-197	0	307	309	0	307	309	308M
768	768	-5.412E+02	1.00	8.934E-236	0	375	376	0	375	376	376M
768	6324	-5.415E+02	1.00	6.519E-236	0	374	376	0	374	376	375M
768	10532	-5.415E+02	1.00	6.519E-236	0	374	376	0	374	376	375M
769	769	-1.320E+02	1.00	4.693E-58	0	104	105	0	104	105	105M
769	6323	-1.323E+02	1.00	3.421E-58	0	103	105	0	103	105	104M
769	10531	-1.323E+02	1.00	3.421E-58	0	103	105	0	103	105	104M
770	770	-7.204E+02	1.00	1.306E-313	0	484	485	0	484	485	485M
770	6322	-7.208E+02	1.00	9.533E-314	0	483	485	0	483	485	484M
770	10530	-7.208E+02	1.00	9.533E-314	0	483	485	0	483	485	484M
771	771	-4.098E+02	1.00	1.014E-178	0	273	274	0	273	274	274M
771	6321	-4.073E+02	0.992	1.263E-177	0	272	274	0	272	274	273M
771	10529	-4.073E+02	0.992	1.263E-177	0	272	274	0	272	274	273M
772	772	-1.865E+02	1.00	9.847E-82	0	133	134	0	133	134	134M
772	6320	-1.868E+02	1.00	7.181E-82	0	132	134	0	132	134	133M
772	10528	-1.868E+02	1.00	7.181E-82	0	132	134	0	132	134	133M
773	773	-4.093E+02	1.00	1.709E-178	0	264	265	0	264	265	265M
773	6319	-4.074E+02	0.992	1.133E-177	0	263	265	0	263	265	264M
773	10527	-4.074E+02	0.992	1.133E-177	0	263	265	0	263	265	264M
774	774	-4.142E+02	1.00	1.322E-180	0	288	289	0	288	289	289M
774	6318	-4.129E+02	0.993	4.665E-180	0	287	289	0	287	289	288M
774	10526	-4.129E+02	0.993	4.665E-180	0	287	289	0	287	289	288M
775	775	-3.886E+02	1.00	1.692E-169	0	262	263	0	262	263	263M
775	6317	-3.867E+02	0.992	1.121E-168	0	261	263	0	261	263	262M
775	10525	-3.867E+02	0.992	1.121E-168	0	261	263	0	261	263	262M
776	776	-7.084E+02	1.00	0.000E+00	0	935	936	0	935	936	936M
776	6316	-7.084E+02	1.00	0.000E+00	0	934	936	0	934	936	935M
776	10524	-7.084E+02	1.00	0.000E+00	0	934	936	0	934	936	935M
777	777	-4.664E+02	1.00	2.821E-203	0	304	305	0	304	305	305M
777	6315	-4.667E+02	1.00	2.058E-203	0	303	305	0	303	305	304M
777	10523	-4.667E+02	1.00	2.058E-203	0	303	305	0	303	305	304M
778	778	-4.357E+02	1.00	5.738E-190	0	272	273	0	272	273	273M
778	6314	-4.329E+02	0.988	9.796E-189	0	271	273	0	271	273	272M
778	10522	-4.329E+02	0.988	9.796E-189	0	271	273	0	271	273	272M
779	779	-7.192E+02	1.00	4.459E-313	0	463	464	0	463	464	464M
779	6313	-7.107E+02	0.991	2.204E-309	0	462	464	0	462	464	463M
779	10521	-7.107E+02	0.991	2.204E-309	0	462	464	0	462	464	463M
780	780	-7.084E+02	1.00	0.000E+00	0	768	769	0	768	769	769M
780	6312	-7.084E+02	1.00	0.000E+00	0	767	769	0	767	769	768M
780	10520	-7.084E+02	1.00	0.000E+00	0	767	769	0	767	769	768M
781	781	-3.885E+02	1.00	1.832E-169	0	257	258	0	257	258	258M
781	6311	-3.854E+02	0.992	4.287E-168	0	256	258	0	256	258	257M
781	10519	-3.854E+02	0.992	4.287E-168	0	256	258	0	256	258	257M
782	782	-3.836E+02	1.00	2.536E-167	0	268	269	0	268	269	269M
782	6310	-3.811E+02	0.992	3.158E-166	0	267	269	0	267	269	268M
782	10518	-3.811E+02	0.992	3.158E-166	0	267	269	0	267	269	268M
783	783	-1.949E+02	1.00	2.255E-85	0	136	137	0	136	137	137M
783	6309	-1.861E+02	0.955	1.560E-81	0	135	137	0	135	137	136M
783	10517	-1.861E+02	0.955	1.560E-81	0	135	137	0	135	137	136M
784	784	-7.389E+02	1.00	1.275E-321	0	487	488	0	487	488	488M
784	6308	-7.338E+02	0.993	1.970E-319	0	486	488	0	486	488	487M
784	10516	-7.338E+02	0.993	1.970E-319	0	486	488	0	486	488	487M
785	785	-2.345E+02	1.00	1.470E-102	0	160	161	0	160	161	161M
785	6307	-2.310E+02	0.987	4.733E-101	0	159	161	0	159	161	160M
785	10515	-2.310E+02	0.987	4.733E-101	0	159	161	0	159	161	160M
786	786	-3.993E+02	1.00	3.796E-174	0	269	270	0	269	270	270M
786	6306	-3.996E+02	1.00	2.770E-174	0	268	270	0	268	270	269M
786	10514	-3.996E+02	1.00	2.770E-174	0	268	270	0	268	270	269M
787	787	-4.233E+02	1.00	1.466E-184	0	282	283	0	282	283	283M
787	6305	-4.233E+02	0.996	1.466E-184	0	281	283	0	281	283	282M
787	10513	-4.233E+02	0.996	1.466E-184	0	281	283	0	281	283	282M
788	788	-4.412E+02	1.00	2.417E-192	0	283	284	0	283	284	284M
788	6304	-4.415E+02	1.00	1.763E-192	0	282	284	0	282	284	283M
788	10512	-4.415E+02	1.00	1.763E-192	0	282	284	0	282	284	283M
789	789	-1.415E+02	1.00	3.402E-62	0	103	104	0	103	104	104M
789	6303	-1.419E+02	1.00	2.480E-62	0	102	104	0	102	104	103M
789	10511	-1.419E+02	1.00	2.480E-62	0	102	104	0	102	104	103M
790	790	-2.450E+02	1.00	4.035E-107	0	178	179	0	178	179	179M
790	6302	-2.453E+02	1.00	2.943E-107	0	177	179	0	177	179	178M
790	10510	-2.453E+02	1.00	2.943E-107	0	177	179	0	177	179	178M
791	791	-7.084E+02	1.00	0.000E+00	0	542	543	0	542	543	543M
791	6301	-7.084E+02	0.996	0.000E+00	0	541	543	0	541	543	542M
791	10509	-7.084E+02	0.996	0.000E+00	0	541	543	0	541	543	542M
792	792	-7.084E+02	1.00	0.000E+00	0	640	641	0	640	641	641M
792	6300	-7.084E+02	1.00	0.000E+00	0	639	641	0	639	641	640M
792	10508	-7.084E+02	1.00	0.000E+00	0	639	641	0	639	641	640M
793	793	-1.487E+02	1.00	2.677E-65	0	112	113	0	112	113	113M
793	6299	-1.376E+02	0.990	1.703E-60	6	111	113	0	105	107	106M
793	10507	-1.376E+02	0.990	1.703E-60	6	111	113	0	105	107	106M
794	794	-3.244E+02	1.00	1.289E-141	0	206	207	0	206	207	207M
794	6298	-3.228E+02	0.995	6.240E-141	0	205	207	0	205	207	206M
794	10506	-3.228E+02	0.995	6.240E-141	0	205	207	0	205	207	206M
795	795	-2.088E+02	1.00	2.032E-91	0	142	143	0	142	143	143M
795	6297	-2.031E+02	0.964	5.971E-89	0	141	143	0	141	143	142M
795	10505	-2.031E+02	0.964	5.971E-89	0	141	143	0	141	143	142M
796	796	-6.275E+02	1.00	2.944E-273	0	416	417	0	416	417	417M
796	6296	-6.263E+02	0.995	1.038E-272	0	415	417	0	415	417	416M
796	10504	-6.263E+02	0.995	1.038E-272	0	415	417	0	415	417	416M
797	797	-8.050E+01	1.00	1.094E-35	0	64	65	0	64	65	65M
797	6295	-8.082E+01	1.00	7.972E-36	0	63	65	0	63	65	64M
797	10503	-8.082E+01	1.00	7.972E-36	0	63	65	0	63	65	64M
798	798	-1.569E+02	1.00	7.404E-69	0	119	120	0	119	120	120M
798	6294	-1.572E+02	1.00	5.398E-69	0	118	120	0	118	120	119M
798	10502	-1.572E+02	1.00	5.398E-69	0	118	120	0	118	120	119M
799	799	-2.844E+02	1.00	3.058E-124	0	185	186	0	185	186	186M
799	6293	-2.737E+02	0.956	1.394E-119	0	184	186	0	184	186	185M
799	10501	-2.737E+02	0.956	1.394E-119	0	184	186	0	184	186	185M
800	800	-2.524E+02	1.00	2.309E-110	0	167	168	0	167	168	168M
800	6292	-2.528E+02	1.00	1.684E-110	0	166	168	0	166	168	167M
800	10500	-2.528E+02	1.00	1.684E-110	0	166	168	0	166	168	167M
801	801	-3.446E+01	1.00	1.081E-15	0	28	29	0	28	29	29M
802	802	-1.426E+02	1.00	1.220E-62	0	95	96	0	95	96	96M
802	6268	-1.429E+02	1.00	8.897E-63	0	94	96	0	94	96	95M
802	9020	-1.429E+02	1.00	8.897E-63	0	94	96	0	94	96	95M
803	803	-1.143E+02	1.00	2.188E-50	0	90	91	0	90	91	91M
803	6267	-1.147E+02	1.00	1.595E-50	0	89	91	0	89	91	90M
803	9019	-1.147E+02	1.00	1.595E-50	0	89	91	0	89	91	90M
804	804	-4.096E+02	1.00	1.283E-178	0	278	279	0	278	279	279M
804	6266	-4.099E+02	1.00	9.360E-179	0	277	279	0	277	279	278M
804	9018	-4.099E+02	1.00	9.360E-179	0	277	279	0	277	279	278M
805	805	-3.395E+02	1.00	3.547E-148	0	240	241	0	240	241	241M
805	6265	-3.386E+02	0.995	9.134E-148	0	239	241	0	239	241	240M
805	9017	-3.386E+02	0.995	9.134E-148	0	239	241	0	239	241	240M
806	806	-5.220E+02	1.00	1.991E-227	0	348	349	0	348	349	349M
806	6264	-5.188E+02	0.991	4.652E-226	0	347	349	0	347	349	348M
806	9016	-5.188E+02	0.991	4.652E-226	0	347	349	0	347	349	348M
807	807	-4.861E+02	1.00	8.096E-212	0	308	309	0	308	309	309M
807	6263	-4.829E+02	0.993	1.893E-210	0	307	309	0	307	309	308M
807	9015	-4.829E+02	0.993	1.893E-210	0	307	309	0	307	309	308M
808	808	-3.065E+02	1.00	7.418E-134	0	217	218	0	217	218	218M
808	6262	-3.069E+02	1.00	5.412E-134	0	216	218	0	216	218	217M
808	9014	-3.069E+02	1.00	5.412E-134	0	216	218	0	216	218	217M
809	809	-4.817E+01	1.00	1.205E-21	0	39	40	0	39	40	40M
810	810	-7.084E+02	1.00	0.000E+00	0	679	680	0	679	680	680M
810	6260	-7.084E+02	1.00	0.000E+00	0	678	680	0	678	680	679M
810	9012	-7.084E+02	1.00	0.000E+00	0	678	680	0	678	680	679M
811	811	-2.236E+02	1.00	7.835E-98	0	150	151	0	150	151	151M
811	6259	-2.223E+02	0.993	2.770E-97	0	149	151	0	149	151	150M
811	9011	-2.223E+02	0.993	2.770E-97	0	149	151	0	149	151	150M
812	812	-7.349E+02	1.00	7.148E-320	0	472	473	0	472	473	473M
812	6258	-7.336E+02	0.997	2.520E-319	0	471	473	0	471	473	472M
812	9010	-7.336E+02	0.997	2.520E-319	0	471	473	0	471	473	472M
813	813	-4.510E+02	1.00	1.309E-196	0	302	303	0	302	303	303M
813	6257	-4.514E+02	1.00	9.552E-197	0	301	303	0	301	303	302M
813	9009	-4.514E+02	1.00	9.552E-197	0	301	303	0	301	303	302M
814	814	-4.035E+02	1.00	5.651E-176	0	260	261	0	260	261	261M
814	6256	-4.023E+02	0.996	1.994E-175	0	259	261	0	259	261	260M
814	9008	-4.023E+02	0.996	1.994E-175	0	259	261	0	259	261	260M
815	815	-4.340E+02	1.00	3.354E-189	0	276	277	0	276	277	277M
815	6255	-4.330E+02	0.996	8.635E-189	0	275	277	0	275	277	276M
815	9007	-4.330E+02	0.996	8.635E-189	0	275	277	0	275	277	276M
816	816	-2.229E+02	1.00	1.546E-97	0	151	152	0	151	152	152M
816	6254	-2.232E+02	1.00	1.127E-97	0	150	152	0	150	152	151M
816	9006	-2.232E+02	1.00	1.127E-97	0	150	152	0	150	152	151M
817	817	-5.091E+02	1.00	8.215E-222	0	355	356	0	355	356	356M
817	6253	-5.037E+02	0.988	1.741E-219	0	354	356	0	354	356	355M
817	9005	-5.037E+02	0.988	1.741E-219	0	354	356	0	354	356	355M
818	818	-1.496E+02	1.00	1.116E-65	0	107	108	0	107	108	108M
818	6252	-1.448E+02	0.971	1.278E-63	0	106	108	0	106	108	107M
818	9004	-1.448E+02	0.971	1.278E-63	0	106	108	0	106	108	107M
819	819	-1.929E+02	1.00	1.696E-84	0	132	133	0	132	133	133M
819	6251	-1.932E+02	1.00	1.237E-84	0	131	133	0	131	133	132M
819	9003	-1.932E+02	1.00	1.237E-84	0	131	133	0	131	133	132M
820	820	-2.197E+02	1.00	3.731E-96	0	145	146	0	145	146	146M
820	6250	-2.200E+02	1.00	2.721E-96	0	144	146	0	144	146	145M
820	9002	-2.200E+02	1.00	2.721E-96	0	144	146	0	144	146	145M
821	821	-5.559E+02	1.00	3.945E-242	0	372	373	0	372	373	373M
821	6249	-5.536E+02	0.994	3.580E-241	0	371	373	0	371	373	372M
821	9001	-5.536E+02	0.994	3.580E-241	0	371	373	0	371	373	372M
822	822	-5.346E+02	1.00	6.766E-233	0	355	356	0	355	356	356M
822	6248	-5.349E+02	1.00	4.937E-233	0	354	356	0	354	356	355M
822	9000	-5.349E+02	1.00	4.937E-233	0	354	356	0	354	356	355M
823	823	-3.425E+02	1.00	1.778E-149	0	230	231	0	230	231	231M
823	6247	-3.334E+02	0.969	1.665E-145	0	229	231	0	229	231	230M
823	8999	-3.334E+02	0.969	1.665E-145	0	229	231	0	229	231	230M
824	824	-7.084E+02	1.00	0.000E+00	0	1198	1199	0	1198	1199	1199M
824	6246	-7.084E+02	0.976	0.000E+00	0	1197	1199	0	1197	1199	1198M
824	8998	-7.084E+02	0.976	0.000E+00	0	1197	1199	0	1197	1199	1198M
825	825	-6.581E+02	1.00	1.519E-286	0	422	423	0	422	423	423M
825	6245	-6.559E+02	0.995	1.379E-285	0	421	423	0	421	423	422M
825	8997	-6.559E+02	0.995	1.379E-285	0	421	423	0	421	423	422M
826	826	-2.552E+02	1.00	1.526E-111	0	163	164	0	163	164	164M
826	6244	-2.539E+02	0.987	5.393E-111	0	162	164	0	162	164	163M
826	8996	-2.539E+02	0.987	5.393E-111	0	162	164	0	162	164	163M
827	827	-1.901E+02	1.00	2.842E-83	0	125	126	0	125	126	126M
827	6243	-1.891E+02	1.00	7.331E-83	0	123	126	0	123	126	124M
827	8995	-1.891E+02	1.00	7.331E-83	0	123	126	0	123	126	124M
828	828	-2.110E+02	1.00	2.387E-92	0	150	151	0	150	151	151M
828	6242	-2.097E+02	0.993	8.438E-92	0	149	151	0	149	151	150M
828	8994	-2.097E+02	0.993	8.438E-92	0	149	151	0	149	151	150M
829	829	-4.596E+02	1.00	2.516E-200	0	301	302	0	301	302	302M
829	6241	-4.391E+02	0.950	1.986E-191	0	300	302	0	300	302	301M
829	8993	-4.391E+02	0.950	1.986E-191	0	300	302	0	300	302	301M
830	830	-5.915E+02	1.00	1.294E-257	0	371	372	0	371	372	372M
830	6240	-5.814E+02	0.978	3.099E-253	0	370	372	0	370	372	371M
830	8992	-5.814E+02	0.978	3.099E-253	0	370	372	0	370	372	371M
831	831	-5.603E+02	1.00	4.731E-244	0	365	366	0	365	366	366M
831	6239	-5.603E+02	0.997	4.731E-244	0	364	366	0	364	366	365M
831	8991	-5.603E+02	0.997	4.731E-244	0	364	366	0	364	366	365M
832	832	-2.488E+02	1.00	9.256E-109	0	165	166	0	165	166	166M
832	6238	-2.472E+02	0.993	4.485E-108	0	164	166	0	164	166	165M
832	8990	-2.472E+02	0.993	4.485E-108	0	164	166	0	164	166	165M
833	833	-5.267E+02	1.00	1.856E-229	0	383	384	0	383	384	384M
833	6237	-5.242E+02	0.997	2.307E-228	0	382	384	0	382	384	383M
833	8989	-5.242E+02	0.997	2.307E-228	0	382	384	0	382	384	383M
834	834	-7.084E+02	1.00	0.000E+00	0	507	508	0	507	508	508M
834	6236	-7.084E+02	0.998	0.000E+00	0	506	508	0	506	508	507M
834	8988	-7.084E+02	0.998	0.000E+00	0	506	508	0	506	508	507M
835	835	-7.084E+02	1.00	0.000E+00	0	661	662	0	661	662	662M
835	6235	-7.084E+02	0.992	0.000E+00	0	660	662	0	660	662	661M
835	8987	-7.084E+02	0.992	0.000E+00	0	660	662	0	660	662	661M
836	836	-6.670E+02	1.00	2.066E-290	0	427	428	0	427	428	428M
836	6138	-6.648E+02	0.997	1.875E-289	0	426	428	0	426	428	427M
836	8890	-6.648E+02	0.997	1.875E-289	0	426	428	0	426	428	427M
837	837	-3.748E+02	1.00	1.632E-163	0	240	241	0	240	241	241M
837	6137	-3.427E+02	1.00	1.516E-149	0	219	241	0	219	256	220M
837	8889	-3.427E+02	1.00	1.516E-149	0	219	241	0	219	256	220M
838	838	-4.678E+02	1.00	6.575E-204	0	320	321	0	320	321	321M
838	7298	-4.682E+02	1.00	4.798E-204	0	319	321	0	319	321	320M
838	11261	-4.682E+02	1.00	4.798E-204	0	319	321	0	319	321	320M
839	839	-4.578E+02	1.00	1.591E-199	0	300	301	0	300	301	301M
839	7299	-4.581E+02	1.00	1.161E-199	0	299	301	0	299	301	300M
839	11260	-4.581E+02	1.00	1.161E-199	0	299	301	0	299	301	300M
840	840	-6.782E+02	1.00	2.979E-295	0	465	466	0	465	466	466M
840	7300	-6.766E+02	0.997	1.439E-294	0	464	466	0	464	466	465M
840	11259	-6.766E+02	0.997	1.439E-294	0	464	466	0	464	466	465M
841	841	-6.624E+02	1.00	2.137E-288	0	459	460	0	459	460	460M
841	7301	-6.627E+02	1.00	1.559E-288	0	458	460	0	458	460	459M
841	11258	-6.627E+02	1.00	1.559E-288	0	458	460	0	458	460	459M
842	842	-5.087E+02	1.00	1.209E-221	0	343	344	0	343	344	344M
842	7302	-5.090E+02	1.00	8.820E-222	0	342	344	0	342	344	343M
842	11257	-5.090E+02	1.00	8.820E-222	0	342	344	0	342	344	343M
843	843	-6.819E+02	1.00	7.054E-297	0	459	460	0	459	460	460M
843	7303	-6.822E+02	1.00	5.148E-297	0	458	460	0	458	460	459M
843	11256	-6.822E+02	1.00	5.148E-297	0	458	460	0	458	460	459M
844	844	-7.084E+02	1.00	0.000E+00	0	573	574	0	573	574	574M
844	7304	-7.084E+02	0.998	0.000E+00	0	572	574	0	572	574	573M
844	11255	-7.084E+02	0.998	0.000E+00	0	572	574	0	572	574	573M
845	845	-2.278E+02	1.00	1.166E-99	0	161	162	0	161	162	162M
845	7305	-2.281E+02	1.00	8.502E-100	0	160	162	0	160	162	161M
845	11254	-2.281E+02	1.00	8.502E-100	0	160	162	0	160	162	161M
846	846	-7.199E+02	1.00	2.318E-313	0	476	477	0	476	477	477M
846	7306	-7.139E+02	0.987	9.209E-311	0	475	477	0	475	477	476M
846	11253	-7.139E+02	0.987	9.209E-311	0	475	477	0	475	477	476M
847	847	-7.084E+02	1.00	0.000E+00	0	510	511	0	510	511	511M
847	7307	-7.084E+02	0.996	0.000E+00	0	509	511	0	509	511	510M
847	11252	-7.084E+02	0.996	0.000E+00	0	509	511	0	509	511	510M
848	848	-6.968E+02	1.00	2.389E-303	0	457	458	0	457	458	458M
848	7308	-6.971E+02	1.00	1.743E-303	0	456	458	0	456	458	457M
848	11251	-6.971E+02	1.00	1.743E-303	0	456	458	0	456	458	457M
849	849	-3.253E+02	1.00	5.083E-142	0	233	234	0	233	234	234M
849	7309	-3.241E+02	0.995	1.794E-141	0	232	234	0	232	234	233M
849	11250	-3.241E+02	0.995	1.794E-141	0	232	234	0	232	234	233M
850	850	-4.549E+02	1.00	2.844E-198	0	301	302	0	301	302	302M
850	6554	-6.863E+01	0.298	1.572E-30	3	292	302	1	286	294	75M3I4M1I104M7D3M1D9M6I9M2I74M
850	10117	-6.863E+01	0.298	1.572E-30	3	292	302	1	286	294	75M3I4M1I104M7D3M1D9M6I9M2I74M
851	851	-2.892E+02	1.00	2.494E-126	0	190	191	0	190	191	191M
851	4928	-3.876E+01	0.261	1.470E-17	0	154	191	0	150	186	28M1D13M1D16M4I27M2I65M
851	8727	-3.876E+01	0.261	1.470E-17	0	154	191	0	150	186	28M1D13M1D16M4I27M2I65M
852	852	-5.846E+02	1.00	1.308E-254	0	364	365	0	364	365	365M
852	7312	-5.849E+02	1.00	9.546E-255	0	363	365	0	363	365	364M
852	11247	-5.849E+02	1.00	9.546E-255	0	363	365	0	363	365	364M
853	853	-5.399E+02	1.00	3.344E-235	0	356	357	0	356	357	357M
853	7313	-5.386E+02	0.997	1.179E-234	0	355	357	0	355	357	356M
853	11246	-5.386E+02	0.997	1.179E-234	0	355	357	0	355	357	356M
854	854	-3.229E+02	1.00	5.766E-141	0	231	232	0	231	232	232M
854	7314	-3.232E+02	1.00	4.207E-141	0	230	232	0	230	232	231M
854	11245	-3.232E+02	1.00	4.207E-141	0	230	232	0	230	232	231M
855	855	-4.642E+02	1.00	2.589E-202	0	338	339	0	338	339	339M
855	7315	-4.645E+02	1.00	1.889E-202	0	337	339	0	337	339	338M
855	11244	-4.645E+02	1.00	1.889E-202	0	337	339	0	337	339	338M
856	856	-7.084E+02	1.00	0.000E+00	0	945	946	0	945	946	946M
856	7316	-7.084E+02	0.997	0.000E+00	0	944	946	0	944	946	945M
856	11243	-7.084E+02	0.997	0.000E+00	0	944	946	0	944	946	945M
857	857	-3.276E+02	1.00	5.340E-143	0	212	213	0	212	213	213M
857	7317	-3.254E+02	0.990	4.857E-142	0	211	213	0	211	213	212M
857	11242	-3.254E+02	0.990	4.857E-142	0	211	213	0	211	213	212M
858	858	-3.382E+02	1.00	1.294E-147	0	234	235	0	234	235	235M
858	7318	-3.307E+02	0.969	2.504E-144	0	232	235	0	232	235	233M
858	11241	-3.307E+02	0.969	2.504E-144	0	232	235	0	232	235	233M
859	859	-6.677E+02	1.00	1.014E-290	0	432	433	0	432	433	433M
859	7319	-6.658E+02	0.995	6.716E-290	0	431	433	0	431	433	432M
859	11240	-6.658E+02	0.995	6.716E-290	0	431	433	0	431	433	432M
860	860	-2.870E+02	1.00	2.237E-125	0	203	204	0	203	204	204M
860	7320	-2.858E+02	0.990	7.901E-125	0	202	204	0	202	204	203M
860	11239	-2.858E+02	0.990	7.901E-125	0	202	204	0	202	204	203M
861	861	-1.885E+02	1.00	1.379E-82	0	125	126	0	125	126	126M
861	7321	-1.888E+02	1.00	1.005E-82	0	124	126	0	124	126	125M
861	11238	-1.888E+02	1.00	1.005E-82	0	124	126	0	124	126	125M
862	862	-7.373E+02	1.00	6.161E-321	0	487	488	0	487	488	488M
862	7322	-7.307E+02	0.989	4.595E-318	0	486	488	0	486	488	487M
862	11237	-7.307E+02	0.989	4.595E-318	0	486	488	0	486	488	487M
863	863	-3.267E+02	1.00	1.251E-142	0	210	211	0	210	211	211M
863	7323	-3.230E+02	0.990	5.507E-141	0	209	211	0	209	211	210M
863	11236	-3.230E+02	0.990	5.507E-141	0	209	211	0	209	211	210M
864	864	-1.859E+02	1.00	1.901E-81	0	127	128	0	127	128	128M
864	7324	-1.862E+02	1.00	1.386E-81	0	126	128	0	126	128	127M
864	11235	-1.862E+02	1.00	1.386E-81	0	126	128	0	126	128	127M
865	865	-7.084E+02	1.00	0.000E+00	0	920	921	0	920	921	921M
865	7325	-7.084E+02	0.996	0.000E+00	0	919	921	0	919	921	920M
865	11234	-7.084E+02	0.996	0.000E+00	0	919	921	0	919	921	920M
866	866	-4.140E+02	1.00	1.533E-180	0	271	272	0	271	272	272M
866	7326	-4.005E+02	0.974	1.182E-174	0	270	272	0	270	272	271M
866	11233	-4.005E+02	0.974	1.182E-174	0	270	272	0	270	272	271M
867	867	-6.489E+02	1.00	1.496E-282	0	464	465	0	464	465	465M
867	7327	-6.477E+02	0.997	5.273E-282	0	463	465	0	463	465	464M
867	11232	-6.477E+02	0.997	5.273E-282	0	463	465	0	463	465	464M
868	868	-3.231E+02	1.00	4.858E-141	0	214	215	0	214	215	215M
868	7463	-3.234E+02	1.00	3.544E-141	0	213	215	0	213	215	214M
868	9723	-3.234E+02	1.00	3.544E-141	0	213	215	0	213	215	214M
869	869	-3.464E+02	1.00	3.613E-151	0	241	242	0	241	242	242M
869	7464	-3.458E+02	0.995	6.787E-151	0	240	242	0	240	242	241M
869	9722	-3.458E+02	0.995	6.787E-151	0	240	242	0	240	242	241M
870	870	-3.513E+02	1.00	2.642E-153	0	237	238	0	237	238	238M
870	7465	-3.488E+02	0.991	3.292E-152	0	236	238	0	236	238	237M
870	9721	-3.488E+02	0.991	3.292E-152	0	236	238	0	236	238	237M
871	871	-8.008E+01	1.00	1.662E-35	0	66	67	0	66	67	67M
871	7466	-8.040E+01	1.00	1.211E-35	0	65	67	0	65	67	66M
871	9720	-8.040E+01	1.00	1.211E-35	0	65	67	0	65	67	66M
872	872	-5.135E+02	1.00	1.021E-223	0	342	343	0	342	343	343M
872	7467	-5.094E+02	0.994	6.143E-222	0	341	343	0	341	343	342M
872	9719	-5.094E+02	0.994	6.143E-222	0	341	343	0	341	343	342M
873	873	-3.479E+02	1.00	8.350E-152	0	230	231	0	230	231	231M
873	7468	-3.482E+02	1.00	6.091E-152	0	229	231	0	229	231	230M
873	9718	-3.482E+02	1.00	6.091E-152	0	229	231	0	229	231	230M
874	874	-1.721E+02	1.00	1.785E-75	0	124	125	0	124	125	125M
874	7469	-1.724E+02	1.00	1.302E-75	0	123	125	0	123	125	124M
874	9717	-1.724E+02	1.00	1.302E-75	0	123	125	0	123	125	124M
875	875	-4.429E+02	1.00	4.692E-193	0	275	276	0	275	276	276M
875	7470	-4.432E+02	1.00	3.423E-193	0	274	276	0	274	276	275M
875	9716	-4.432E+02	1.00	3.423E-193	0	274	276	0	274	276	275M
876	876	-7.084E+02	1.00	0.000E+00	0	605	606	0	605	606	606M
876	7471	-7.084E+02	1.00	0.000E+00	0	604	606	0	604	606	605M
876	9715	-7.084E+02	1.00	0.000E+00	0	604	606	0	604	606	605M
877	877	-2.246E+02	1.00	2.896E-98	0	149	150	0	149	150	150M
877	7472	-2.249E+02	1.00	2.112E-98	0	148	150	0	148	151	149M
877	9714	-2.249E+02	1.00	2.112E-98	0	148	150	0	148	151	149M
878	878	-6.681E+02	1.00	7.037E-291	0	458	459	0	458	459	459M
878	7473	-6.684E+02	1.00	5.136E-291	0	457	459	0	457	459	458M
878	9713	-6.684E+02	1.00	5.136E-291	0	457	459	0	457	459	458M
879	879	-7.084E+02	1.00	0.000E+00	0	549	550	0	549	550	550M
879	7474	-7.084E+02	0.994	0.000E+00	0	548	550	0	548	550	549M
879	9712	-7.084E+02	0.994	0.000E+00	0	548	550	0	548	550	549M
880	880	-1.992E+02	1.00	2.986E-87	0	138	139	0	138	139	139M
880	7475	-1.983E+02	0.992	7.701E-87	0	137	139	0	137	139	138M
880	9711	-1.983E+02	0.992	7.701E-87	0	137	139	0	137	139	138M
881	881	-2.935E+02	1.00	3.371E-128	0	199	200	0	199	200	200M
881	7476	-2.938E+02	1.00	2.459E-128	0	198	200	0	198	200	199M
881	9710	-2.938E+02	1.00	2.459E-128	0	198	200	0	198	200	199M
882	882	-5.415E+02	1.00	6.917E-236	0	356	357	0	356	357	357M
882	7477	-5.396E+02	0.994	4.582E-235	0	355	357	0	355	357	356M
882	9709	-5.396E+02	0.994	4.582E-235	0	355	357	0	355	357	356M
883	883	-4.210E+02	1.00	1.422E-183	0	270	271	0	270	271	271M
883	7478	-4.185E+02	0.988	1.771E-182	0	269	271	0	269	271	270M
883	9708	-4.185E+02	0.988	1.771E-182	0	269	271	0	269	271	270M
884	884	-5.195E+02	1.00	2.531E-226	0	335	336	0	335	336	336M
884	7479	-5.185E+02	0.997	6.514E-226	0	334	336	0	334	336	335M
884	9707	-5.185E+02	0.997	6.514E-226	0	334	336	0	334	336	335M
885	885	-3.132E+02	1.00	9.102E-137	0	202	203	0	202	203	203M
885	7480	-3.123E+02	0.995	2.345E-136	0	201	203	0	201	203	202M
885	9706	-3.123E+02	0.995	2.345E-136	0	201	203	0	201	203	202M
886	886	-4.018E+02	1.00	3.238E-175	0	277	278	0	277	278	278M
886	7481	-4.021E+02	1.00	2.362E-175	0	276	278	0	276	278	277M
886	9705	-4.021E+02	1.00	2.362E-175	0	276	278	0	276	278	277M
887	887	-4.234E+02	1.00	1.370E-184	0	294	295	0	294	295	295M
887	7482	-4.237E+02	1.00	9.996E-185	0	293	295	0	293	295	294M
887	9704	-4.237E+02	1.00	9.996E-185	0	293	295	0	293	295	294M
888	888	-5.331E+02	1.00	2.978E-232	0	353	354	0	353	354	354M
888	7483	-5.334E+02	1.00	2.173E-232	0	352	354	0	352	354	353M
888	9703	-5.334E+02	1.00	2.173E-232	0	352	354	0	352	354	353M
889	889	-4.631E+02	1.00	7.594E-202	0	307	308	0	307	308	308M
889	7484	-4.634E+02	1.00	5.541E-202	0	306	308	0	306	308	307M
889	9702	-4.634E+02	1.00	5.541E-202	0	306	308	0	306	308	307M
890	890	-3.802E+02	1.00	7.795E-166	0	247	248	0	247	248	248M
890	7485	-2.859E+02	0.761	6.722E-125	0	246	248	0	245	247	212M1I34M
890	9701	-2.859E+02	0.761	6.722E-125	0	246	248	0	245	247	212M1I34M
891	891	-4.127E+02	1.00	5.943E-180	0	273	274	0	273	274	274M
891	7486	-4.130E+02	1.00	4.336E-180	0	272	274	0	272	274	273M
891	9700	-4.130E+02	1.00	4.336E-180	0	272	274	0	272	274	273M
892	892	-3.627E+02	1.00	2.961E-158	0	236	237	0	236	237	237M
892	7487	-3.630E+02	1.00	2.160E-158	0	235	237	0	235	237	236M
892	9699	-3.630E+02	1.00	2.160E-158	0	235	237	0	235	237	236M
893	893	-3.387E+02	1.00	7.699E-148	0	223	224	0	223	224	224M
893	7488	-3.391E+02	1.00	5.616E-148	0	222	224	0	222	224	223M
893	9698	-3.391E+02	1.00	5.616E-148	0	222	224	0	222	224	223M
894	894	-1.778E+02	1.00	6.313E-78	0	138	139	0	138	139	139M
894	7489	-1.768E+02	0.992	1.628E-77	0	137	139	0	137	139	138M
894	9697	-1.768E+02	0.992	1.628E-77	0	137	139	0	137	139	138M
895	895	-3.511E+02	1.00	3.243E-153	0	228	229	0	228	229	229M
895	7490	-3.514E+02	1.00	2.366E-153	0	227	229	0	227	229	228M
895	9696	-3.514E+02	1.00	2.366E-153	0	227	229	0	227	229	228M
896	896	-2.279E+02	1.00	1.090E-99	0	153	154	0	153	154	154M
896	7491	-2.269E+02	0.993	2.810E-99	0	152	154	0	152	154	153M
896	9695	-2.269E+02	0.993	2.810E-99	0	152	154	0	152	154	153M
897	897	-2.779E+02	1.00	2.035E-121	0	189	190	0	189	190	190M
897	7492	-2.684E+02	0.973	2.623E-117	0	188	190	0	188	190	189M
897	9694	-2.684E+02	0.973	2.623E-117	0	188	190	0	188	190	189M
898	898	-3.119E+02	1.00	3.429E-136	0	210	211	0	210	211	211M
898	7493	-3.100E+02	0.995	2.275E-135	0	209	211	0	209	211	210M
898	9693	-3.100E+02	0.995	2.275E-135	0	209	211	0	209	211	210M
899	899	-3.850E+02	1.00	6.544E-168	0	266	267	0	266	267	267M
899	7494	-3.831E+02	0.992	4.338E-167	0	265	267	0	265	267	266M
899	9692	-3.831E+02	0.992	4.338E-167	0	265	267	0	265	267	266M
900	900	-1.500E+02	1.00	7.377E-66	0	105	106	0	105	106	106M
900	7495	-1.503E+02	1.00	5.378E-66	0	104	106	0	104	106	105M
900	9691	-1.503E+02	1.00	5.378E-66	0	104	106	0	104	106	105M
901	901	-5.844E+02	1.00	1.527E-254	0	401	402	0	401	402	402M
901	7497	-5.847E+02	1.00	1.114E-254	0	400	402	0	400	402	401M
901	9689	-5.847E+02	1.00	1.114E-254	0	400	402	0	400	402	401M
902	902	-7.084E+02	1.00	0.000E+00	0	1277	1278	0	1277	1278	1278M
902	7498	-7.084E+02	0.997	0.000E+00	0	1276	1278	0	1276	1278	1277M
902	9688	-7.084E+02	0.997	0.000E+00	0	1276	1278	0	1276	1278	1277M
903	903	-6.973E+02	1.00	1.430E-303	0	446	447	0	446	447	447M
903	7499	-6.976E+02	1.00	1.043E-303	0	445	447	0	445	447	446M
903	9687	-6.976E+02	1.00	1.043E-303	0	445	447	0	445	447	446M
904	904	-2.818E+02	1.00	3.948E-123	0	199	200	0	199	200	200M
904	7500	-2.812E+02	0.994	7.420E-123	0	198	200	0	198	200	199M
904	9686	-2.812E+02	0.994	7.420E-123	0	198	200	0	198	200	199M
905	905	-4.996E+02	1.00	1.012E-217	0	334	335	0	334	335	335M
905	7501	-5.000E+02	1.00	7.387E-218	0	333	335	0	333	335	334M
905	9685	-5.000E+02	1.00	7.387E-218	0	333	335	0	333	335	334M
906	906	-6.098E+01	1.00	3.300E-27	0	49	50	0	49	50	50M
906	7502	-5.971E+01	1.00	1.174E-26	0	47	50	0	47	445	48M
906	9684	-5.971E+01	1.00	1.174E-26	0	47	50	0	47	445	48M
907	907	-2.142E+01	1.00	4.969E-10	0	22	23	0	22	23	23M
908	908	-3.446E+01	1.00	1.081E-15	0	28	29	0	28	29	29M
909	952	-3.922E+01	1.00	9.281E-18	0	33	35	0	33	35	34M
910	951	-1.384E+02	1.00	7.814E-61	0	95	97	0	95	97	96M
911	950	-4.774E+02	1.00	4.749E-208	0	324	326	0	324	326	325M
912	949	-4.737E+02	1.00	1.939E-206	0	309	311	0	309	311	310M
913	948	-4.433E+02	1.00	2.966E-193	0	291	293	0	291	293	292M
914	947	-1.208E+02	1.00	3.547E-53	0	87	89	0	87	89	88M
915	946	-1.354E+02	1.00	1.558E-59	0	98	100	0	98	100	99M
916	945	-2.241E+02	1.00	4.946E-98	0	146	148	0	146	148	147M
917	944	-1.018E+02	1.00	5.854E-45	0	73	75	0	73	75	74M
918	943	-1.222E+02	1.00	8.625E-54	0	84	86	0	84	86	85M
918	6070	-1.126E+01	0.320	1.286E-05	8	81	86	11	88	97	46M4D28M
918	10430	-1.126E+01	0.320	1.286E-05	8	81	86	11	88	97	46M4D28M
919	942	-5.177E+02	1.00	1.494E-225	0	345	347	0	345	347	346M
920	941	-5.522E+02	1.00	1.557E-240	0	362	364	0	362	364	363M
921	940	-4.582E+02	1.00	1.057E-199	0	297	299	0	297	299	298M
922	939	-2.013E+02	1.00	3.886E-88	0	134	136	0	134	136	135M
922	8048	-6.045E+01	0.403	5.602E-27	0	123	136	2	125	134	124M
922	11857	-6.045E+01	0.403	5.602E-27	0	123	136	2	125	134	124M
923	938	-4.225E+02	1.00	3.101E-184	0	297	299	0	297	299	298M
923	4986	-1.928E+02	0.536	1.943E-84	0	296	299	29	328	332	5M1I21M1D26M1D45M5D9M2I11M1I176M
923	9046	-1.928E+02	0.536	1.943E-84	0	296	299	29	328	332	5M1I21M1D26M1D45M5D9M2I11M1I176M
924	937	-2.504E+02	1.00	1.770E-109	0	169	171	0	169	171	170M
924	8140	-7.792E+01	0.438	1.444E-34	13	164	171	20	174	177	84M2D50M1D18M
924	10037	-7.792E+01	0.438	1.444E-34	13	164	171	20	174	177	84M2D50M1D18M
925	936	-2.072E+02	1.00	1.085E-90	0	143	145	0	143	145	144M
925	8177	-1.749E+01	0.301	2.545E-08	7	134	145	0	127	135	31M1I39M6I27M3D9M1I6M5D8M
925	11955	-1.749E+01	0.301	2.545E-08	7	134	145	0	127	135	31M1I39M6I27M3D9M1I6M5D8M
926	935	-1.516E+02	1.00	1.484E-66	0	110	112	0	110	112	111M
927	934	-2.057E+02	1.00	4.552E-90	0	140	142	0	140	142	141M
928	928	-7.084E+02	1.00	0.000E+00	0	561	562	0	561	562	562M
928	7054	-5.373E+01	0.231	4.617E-24	100	553	562	3	456	458	55M1I14M1I29M1I20M4I4M1I23M1D49M1D21M3D65M1D33M3D16M1I116M
928	10831	-5.373E+01	0.231	4.617E-24	100	553	562	3	456	458	55M1I14M1I29M1I20M4I4M1I23M1D49M1D21M3D65M1D33M3D16M1I116M
929	932	-3.103E+02	1.00	1.763E-135	0	197	199	0	197	199	198M
930	931	-6.506E+01	1.00	5.580E-29	0	55	57	0	55	57	56M
931	930	-6.506E+01	1.00	5.580E-29	0	55	57	0	55	57	56M
932	929	-3.103E+02	1.00	1.763E-135	0	197	199	0	197	199	198M
933	928	-7.084E+02	1.00	0.000E+00	0	560	562	0	560	562	561M
933	7054	-5.373E+01	0.231	4.617E-24	100	553	562	3	456	458	55M1I14M1I29M1I20M4I4M1I23M1D49M1D21M3D65M1D33M3D16M1I116M
933	10831	-5.373E+01	0.231	4.617E-24	100	553	562	3	456	458	55M1I14M1I29M1I20M4I4M1I23M1D49M1D21M3D65M1D33M3D16M1I116M
934	927	-2.057E+02	1.00	4.552E-90	0	140	142	0	140	142	141M
935	926	-1.516E+02	1.00	1.484E-66	0	110	112	0	110	112	111M
936	925	-2.072E+02	1.00	1.085E-90	0	143	145	0	143	145	144M
936	8177	-1.749E+01	0.301	2.545E-08	7	134	145	0	127	135	31M1I39M6I27M3D9M1I6M5D8M
936	11955	-1.749E+01	0.301	2.545E-08	7	134	145	0	127	135	31M1I39M6I27M3D9M1I6M5D8M
937	924	-2.504E+02	1.00	1.770E-109	0	169	171	0	169	171	170M
937	8140	-7.792E+01	0.438	1.444E-34	13	164	171	20	174	177	84M2D50M1D18M
937	10037	-7.792E+01	0.438	1.444E-34	13	164	171	20	174	177	84M2D50M1D18M
938	923	-4.225E+02	1.00	3.101E-184	0	297	299	0	297	299	298M
938	4986	-1.928E+02	0.536	1.943E-84	0	296	299	29	328	332	5M1I21M1D26M1D45M5D9M2I11M1I176M
938	9046	-1.928E+02	0.536	1.943E-84	0	296	299	29	328	332	5M1I21M1D26M1D45M5D9M2I11M1I176M
939	922	-2.013E+02	1.00	3.886E-88	0	134	136	0	134	136	135M
939	8048	-6.045E+01	0.403	5.602E-27	0	123	136	2	125	134	124M
939	11857	-6.045E+01	0.403	5.602E-27	0	123	136	2	125	134	124M
940	921	-4.582E+02	1.00	1.057E-199	0	297	299	0	297	299	298M
941	920	-5.522E+02	1.00	1.557E-240	0	362	364	0	362	364	363M
942	919	-5.177E+02	1.00	1.494E-225	0	345	347	0	345	347	346M
943	918	-1.222E+02	1.00	8.625E-54	0	84	86	0	84	86	85M
943	6070	-1.126E+01	0.320	1.286E-05	8	81	86	11	88	97	46M4D28M
943	10430	-1.126E+01	0.320	1.286E-05	8	81	86	11	88	97	46M4D28M
944	917	-1.018E+02	1.00	5.854E-45	0	73	75	0	73	75	74M
945	916	-2.241E+02	1.00	4.946E-98	0	146	148	0	146	148	147M
946	915	-1.354E+02	1.00	1.558E-59	0	98	100	0	98	100	99M
947	914	-1.208E+02	1.00	3.547E-53	0	87	89	0	87	89	88M
948	913	-4.433E+02	1.00	2.966E-193	0	291	293	0	291	293	292M
949	912	-4.737E+02	1.00	1.939E-206	0	309	311	0	309	311	310M
950	911	-4.774E+02	1.00	4.749E-208	0	324	326	0	324	326	325M
951	910	-1.384E+02	1.00	7.814E-61	0	95	97	0	95	97	96M
952	909	-3.922E+01	1.00	9.281E-18	0	33	35	0	33	35	34M
953	953	-3.446E+01	1.00	1.081E-15	0	28	29	0	28	29	29M
954	954	-4.732E+01	1.00	2.807E-21	0	37	38	0	37	38	38M
954	5151	-4.732E+01	1.00	2.807E-21	0	37	38	0	37	38	38M
954	9211	-4.732E+01	1.00	2.807E-21	0	37	38	0	37	38	38M
955	955	-7.084E+02	1.00	0.000E+00	0	712	713	0	712	713	713M
955	5150	-7.084E+02	0.998	0.000E+00	0	711	713	0	711	713	712M
955	9210	-7.084E+02	0.998	0.000E+00	0	711	713	0	711	713	712M
956	956	-2.129E+02	1.00	3.488E-93	0	156	157	0	156	157	157M
956	5149	-2.132E+02	1.00	2.544E-93	0	155	157	0	155	157	156M
956	9209	-2.132E+02	1.00	2.544E-93	0	155	157	0	155	157	156M
957	957	-1.800E+02	1.00	6.639E-79	0	124	125	0	124	125	125M
957	5148	-1.803E+02	1.00	4.841E-79	0	123	125	0	123	125	124M
957	9208	-1.803E+02	1.00	4.841E-79	0	123	125	0	123	125	124M
958	958	-6.465E+02	1.00	1.651E-281	0	441	442	0	441	442	442M
958	5147	-6.440E+02	0.995	2.052E-280	0	440	442	0	440	442	441M
958	9207	-6.440E+02	0.995	2.052E-280	0	440	442	0	440	442	441M
959	959	-6.190E+02	1.00	1.440E-269	0	409	410	0	409	410	410M
959	5146	-6.184E+02	0.997	2.703E-269	0	408	410	0	408	410	409M
959	9206	-6.184E+02	0.997	2.703E-269	0	408	410	0	408	410	409M
960	960	-2.334E+02	1.00	4.407E-102	0	150	151	0	150	151	151M
960	5145	-2.337E+02	1.00	3.214E-102	0	149	151	0	149	151	150M
960	9205	-2.337E+02	1.00	3.214E-102	0	149	151	0	149	151	150M
961	961	-4.408E+02	1.00	3.816E-192	0	286	287	0	286	287	287M
961	5144	-4.259E+02	0.965	1.037E-185	0	285	287	0	285	287	286M
961	9204	-4.259E+02	0.965	1.037E-185	0	285	287	0	285	287	286M
962	962	-2.664E+02	1.00	1.940E-116	0	178	179	0	178	179	179M
962	5143	-2.661E+02	0.994	2.660E-116	0	177	179	8	185	187	178M
962	9203	-2.661E+02	0.994	2.660E-116	0	177	179	8	185	187	178M
963	963	-7.084E+02	1.00	0.000E+00	0	541	542	0	541	542	542M
963	5142	-7.084E+02	1.00	0.000E+00	0	540	542	0	540	542	541M
963	9202	-7.084E+02	1.00	0.000E+00	0	540	542	0	540	542	541M
964	964	-5.135E+02	1.00	1.021E-223	0	342	343	0	342	343	343M
964	5141	-5.097E+02	0.991	4.482E-222	0	341	343	0	341	343	342M
964	9201	-5.097E+02	0.991	4.482E-222	0	341	343	0	341	343	342M
965	965	-4.969E+02	1.00	1.531E-216	0	318	319	0	318	319	319M
965	5140	-4.969E+02	0.996	1.531E-216	0	317	319	0	317	319	318M
965	9200	-4.969E+02	0.996	1.531E-216	0	317	319	0	317	319	318M
966	966	-7.265E+02	1.00	3.139E-316	0	483	484	0	483	484	484M
966	5139	-7.246E+02	0.995	2.078E-315	0	482	484	0	482	484	483M
966	9199	-7.246E+02	0.995	2.078E-315	0	482	484	0	482	484	483M
967	967	-6.051E+02	1.00	1.686E-263	0	371	372	0	371	372	372M
967	5138	-6.054E+02	1.00	1.230E-263	0	370	372	0	370	372	371M
967	9198	-6.054E+02	1.00	1.230E-263	0	370	372	0	370	372	371M
968	968	-5.093E+02	1.00	6.798E-222	0	324	325	0	324	325	325M
968	5137	-4.894E+02	0.966	2.854E-213	0	323	325	0	323	325	324M
968	9197	-4.894E+02	0.966	2.854E-213	0	323	325	0	323	325	324M
969	969	-7.084E+02	1.00	0.000E+00	0	548	549	0	548	549	549M
969	5136	-7.084E+02	1.00	0.000E+00	0	547	549	0	547	549	548M
969	9196	-7.084E+02	1.00	0.000E+00	0	547	549	0	547	549	548M
970	970	-5.846E+02	1.00	1.266E-254	0	370	371	0	370	371	371M
970	5135	-5.824E+02	0.994	1.149E-253	0	369	371	0	369	371	370M
970	9195	-5.824E+02	0.994	1.149E-253	0	369	371	0	369	371	370M
971	971	-5.019E+02	1.00	1.050E-218	0	326	327	0	326	327	327M
971	5134	-5.022E+02	1.00	7.664E-219	0	325	327	0	325	327	326M
971	9194	-5.022E+02	1.00	7.664E-219	0	325	327	0	325	327	326M
972	972	-6.320E+02	1.00	3.286E-275	0	394	395	0	394	395	395M
972	5133	-6.270E+02	0.989	5.084E-273	0	393	395	0	393	395	394M
972	9193	-6.270E+02	0.989	5.084E-273	0	393	395	0	393	395	394M
973	973	-1.341E+02	1.00	5.746E-59	0	87	88	0	87	88	88M
973	5132	-1.344E+02	1.00	4.188E-59	0	86	88	0	86	88	87M
973	9192	-1.344E+02	1.00	4.188E-59	0	86	88	0	86	88	87M
974	974	-2.406E+02	1.00	3.079E-105	0	163	164	0	163	164	164M
974	5131	-2.410E+02	1.00	2.246E-105	0	162	164	0	162	164	163M
974	9191	-2.410E+02	1.00	2.246E-105	0	162	164	0	162	164	163M
975	975	-2.327E+02	1.00	8.877E-102	0	158	159	0	158	159	159M
975	5130	-2.330E+02	1.00	6.474E-102	0	157	159	0	157	159	158M
975	9190	-2.330E+02	1.00	6.474E-102	0	157	159	0	157	159	158M
976	976	-2.807E+02	1.00	1.225E-122	0	183	184	0	183	184	184M
976	5129	-2.810E+02	1.00	8.938E-123	0	182	184	0	182	184	183M
976	9189	-2.810E+02	1.00	8.938E-123	0	182	184	0	182	184	183M
977	977	-3.806E+02	1.00	5.174E-166	0	245	246	0	245	246	246M
977	5128	-3.752E+02	0.983	1.101E-163	0	244	246	0	244	246	245M
977	9188	-3.752E+02	0.983	1.101E-163	0	244	246	0	244	246	245M
978	978	-5.285E+02	1.00	2.923E-230	0	350	351	0	350	351	351M
978	5127	-5.279E+02	0.997	5.490E-230	0	349	351	0	349	351	350M
978	9187	-5.279E+02	0.997	5.490E-230	0	349	351	0	349	351	350M
979	979	-5.663E+02	1.00	1.175E-246	0	385	386	0	385	386	386M
979	5126	-5.612E+02	0.992	1.816E-244	0	384	386	0	384	386	385M
979	9186	-5.612E+02	0.992	1.816E-244	0	384	386	0	384	386	385M
980	980	-7.084E+02	1.00	0.000E+00	0	621	622	0	621	622	622M
980	5125	-7.084E+02	1.00	0.000E+00	0	620	622	0	620	622	621M
980	9185	-7.084E+02	1.00	0.000E+00	0	620	622	0	620	622	621M
981	981	-6.245E+02	1.00	6.104E-272	0	427	428	0	427	428	428M
981	5124	-6.210E+02	0.992	1.952E-270	0	426	428	0	426	428	427M
981	9184	-6.210E+02	0.992	1.952E-270	0	426	428	0	426	428	427M
982	982	-7.084E+02	1.00	0.000E+00	0	569	570	0	569	570	570M
982	5123	-7.084E+02	0.992	0.000E+00	0	568	570	0	568	570	569M
982	9183	-7.084E+02	0.992	0.000E+00	0	568	570	0	568	570	569M
983	983	-2.879E+02	1.00	9.689E-126	0	192	193	0	192	193	193M
983	5122	-2.869E+02	0.989	2.496E-125	0	191	193	0	191	193	192M
983	9182	-2.869E+02	0.989	2.496E-125	0	191	193	0	191	193	192M
984	984	-4.342E+02	1.00	2.565E-189	0	277	278	0	277	278	278M
984	5121	-4.346E+02	1.00	1.872E-189	0	276	278	0	276	278	277M
984	9181	-4.346E+02	1.00	1.872E-189	0	276	278	0	276	278	277M
985	985	-7.084E+02	1.00	0.000E+00	0	600	601	0	600	601	601M
985	5359	-7.084E+02	0.976	0.000E+00	0	599	601	0	599	601	600M
985	9419	-7.084E+02	0.976	0.000E+00	0	599	601	0	599	601	600M
986	986	-7.084E+02	1.00	0.000E+00	0	513	514	0	513	514	514M
986	5360	-7.084E+02	0.996	0.000E+00	0	512	514	0	512	514	513M
986	9420	-7.084E+02	0.996	0.000E+00	0	512	514	0	512	514	513M
987	987	-7.400E+02	1.00	4.002E-322	0	469	470	0	469	470	470M
987	5361	-7.404E+02	1.00	2.915E-322	0	468	470	0	468	470	469M
987	9421	-7.404E+02	1.00	2.915E-322	0	468	470	0	468	470	469M
988	988	-2.669E+02	1.00	1.261E-116	0	169	170	0	169	170	170M
988	5362	-2.659E+02	0.994	3.249E-116	0	168	170	0	168	170	169M
988	9422	-2.659E+02	0.994	3.249E-116	0	168	170	0	168	170	169M
989	989	-4.484E+02	1.00	1.914E-195	0	292	293	0	292	293	293M
989	5363	-4.487E+02	1.00	1.396E-195	0	291	293	0	291	293	292M
989	9423	-4.487E+02	1.00	1.396E-195	0	291	293	0	291	293	292M
990	990	-7.286E+02	1.00	3.798E-317	0	485	486	0	485	486	486M
990	5364	-6.325E+02	0.881	1.969E-275	0	484	486	0	480	482	228M3D10M3I20M4I220M
990	9424	-6.325E+02	0.881	1.969E-275	0	484	486	0	480	482	228M3D10M3I20M4I220M
991	991	-7.660E+01	1.00	5.428E-34	0	66	67	0	66	67	67M
991	5365	-7.565E+01	0.984	1.405E-33	0	65	67	0	65	67	66M
991	9425	-7.565E+01	0.984	1.405E-33	0	65	67	0	65	67	66M
992	992	-2.095E+02	1.00	1.002E-91	0	147	148	0	147	148	148M
992	5366	-2.098E+02	1.00	7.309E-92	0	146	148	0	146	148	147M
992	9426	-2.098E+02	1.00	7.309E-92	0	146	148	0	146	148	147M
993	993	-3.234E+02	1.00	3.653E-141	0	208	209	0	208	209	209M
993	5367	-3.237E+02	1.00	2.665E-141	0	207	209	0	207	209	208M
993	9427	-3.237E+02	1.00	2.665E-141	0	207	209	0	207	209	208M
994	994	-3.888E+02	1.00	1.447E-169	0	252	253	0	252	253	253M
994	5368	-3.862E+02	0.992	1.802E-168	0	251	253	0	251	253	252M
994	9428	-3.862E+02	0.992	1.802E-168	0	251	253	0	251	253	252M
995	995	-5.824E+02	1.00	1.192E-253	0	391	392	0	391	392	392M
995	5369	-5.811E+02	0.997	4.203E-253	0	390	392	0	390	392	391M
995	9429	-5.811E+02	0.997	4.203E-253	0	390	392	0	390	392	391M
996	996	-6.454E+02	1.00	5.314E-281	0	412	413	0	412	413	413M
996	5370	-6.457E+02	1.00	3.878E-281	0	411	413	0	411	413	412M
996	9430	-6.457E+02	1.00	3.878E-281	0	411	413	0	411	413	412M
997	997	-7.084E+02	1.00	0.000E+00	0	756	757	0	756	757	757M
997	5371	-7.084E+02	1.00	0.000E+00	0	755	757	0	755	757	756M
997	9431	-7.084E+02	1.00	0.000E+00	0	755	757	0	755	757	756M
998	998	-7.084E+02	1.00	0.000E+00	0	949	950	0	949	950	950M
998	5372	-7.084E+02	0.996	0.000E+00	0	948	950	0	948	950	949M
998	9432	-7.084E+02	0.996	0.000E+00	0	948	950	0	948	950	949M
999	999	-3.619E+02	1.00	6.722E-158	0	240	241	0	240	241	241M
999	5373	-3.584E+02	0.987	2.157E-156	0	239	241	0	239	241	240M
999	9433	-3.584E+02	0.987	2.157E-156	0	239	241	0	239	241	240M
1000	1000	-4.301E+02	1.00	1.620E-187	0	278	279	0	278	279	279M
1000	5374	-4.276E+02	0.992	2.017E-186	0	277	279	0	277	279	278M
1000	9434	-4.276E+02	0.992	2.017E-186	0	277	279	0	277	279	278M
1001	1001	-7.131E+02	1.00	2.112E-310	0	460	461	0	460	461	461M
1001	5375	-7.115E+02	0.995	1.020E-309	0	459	461	0	459	461	460M
1001	9435	-7.115E+02	0.995	1.020E-309	0	459	461	0	459	461	460M
1002	1002	-2.671E+02	1.00	1.032E-116	0	178	179	0	178	179	179M
1002	5376	-2.633E+02	0.983	4.551E-115	0	177	179	0	177	179	178M
1002	9436	-2.633E+02	0.983	4.551E-115	0	177	179	0	177	179	178M
1003	1003	-1.890E+02	1.00	8.078E-83	0	127	128	0	127	128	128M
1003	5377	-1.893E+02	1.00	5.891E-83	0	126	128	0	126	128	127M
1003	9437	-1.893E+02	1.00	5.891E-83	0	126	128	0	126	128	127M
1004	1004	-7.084E+02	1.00	0.000E+00	0	821	822	0	821	822	822M
1004	5378	-7.084E+02	0.997	0.000E+00	0	820	822	0	820	822	821M
1004	9438	-7.084E+02	0.997	0.000E+00	0	820	822	0	820	822	821M
1005	1005	-5.320E+02	1.00	9.316E-232	0	337	338	0	337	338	338M
1005	5379	-5.323E+02	1.00	6.798E-232	0	336	338	0	336	338	337M
1005	9439	-5.323E+02	1.00	6.798E-232	0	336	338	0	336	338	337M
1006	1006	-7.255E+02	1.00	8.280E-316	0	470	471	0	470	471	471M
1006	5380	-7.258E+02	1.00	6.042E-316	0	469	471	0	469	471	470M
1006	9440	-7.258E+02	1.00	6.042E-316	0	469	471	0	469	471	470M
1007	1007	-5.235E+01	1.00	1.841E-23	0	44	45	0	44	45	45M
1007	5381	-5.267E+01	1.00	1.340E-23	0	43	45	0	43	45	44M
1007	9441	-5.267E+01	1.00	1.340E-23	0	43	45	0	43	45	44M
1008	1008	-5.925E+02	1.00	4.864E-258	0	404	405	0	404	405	405M
1008	5382	-5.865E+02	0.990	1.934E-255	0	403	405	0	403	405	404M
1008	9442	-5.865E+02	0.990	1.934E-255	0	403	405	0	403	405	404M
1009	1009	-6.582E+02	1.00	1.447E-286	0	448	449	0	448	449	449M
1009	5383	-6.566E+02	0.997	6.988E-286	0	447	449	0	447	449	448M
1009	9443	-6.566E+02	0.997	6.988E-286	0	447	449	0	447	449	448M
1010	1010	-5.462E+02	1.00	6.126E-238	0	356	357	0	356	357	357M
1010	5384	-5.465E+02	1.00	4.470E-238	0	355	357	0	355	357	356M
1010	9444	-5.465E+02	1.00	4.470E-238	0	355	357	0	355	357	356M
1011	1011	-2.059E+02	1.00	3.793E-90	0	157	158	0	157	158	158M
1011	4845	-2.015E+02	0.980	3.148E-88	0	156	158	0	156	158	157M
1011	8644	-2.015E+02	0.980	3.148E-88	0	156	158	0	156	158	157M
1012	1012	-2.595E+02	1.00	1.947E-113	0	184	185	0	184	185	185M
1012	4844	-2.589E+02	0.994	3.658E-113	0	183	185	0	183	185	184M
1012	8643	-2.589E+02	0.994	3.658E-113	0	183	185	0	183	185	184M
1013	1013	-4.855E+02	1.00	1.392E-211	0	333	334	0	333	334	334M
1013	4843	-4.767E+02	0.984	9.451E-208	0	332	334	0	332	334	333M
1013	8642	-4.767E+02	0.984	9.451E-208	0	332	334	0	332	334	333M
1014	1014	-3.799E+02	1.00	9.801E-166	0	272	273	0	272	273	273M
1014	4842	-3.777E+02	0.996	8.902E-165	0	271	273	0	271	273	272M
1014	8641	-3.777E+02	0.996	8.902E-165	0	271	273	0	271	273	272M
1015	1015	-7.084E+02	1.00	0.000E+00	0	1288	1289	0	1288	1289	1289M
1015	4841	-7.084E+02	0.992	0.000E+00	0	1287	1289	0	1287	1289	1288M
1015	8640	-7.084E+02	0.992	0.000E+00	0	1287	1289	0	1287	1289	1288M
1016	1016	-2.228E+02	1.00	1.734E-97	0	160	161	0	160	161	161M
1016	4840	-2.108E+02	0.943	2.803E-92	0	159	161	0	159	161	160M
1016	8639	-2.108E+02	0.943	2.803E-92	0	159	161	0	159	161	160M
1017	1017	-1.966E+02	1.00	4.313E-86	0	141	142	0	141	142	142M
1017	4839	-1.767E+02	0.893	1.878E-77	0	140	142	0	140	142	141M
1017	8638	-1.767E+02	0.893	1.878E-77	0	140	142	0	140	142	141M
1018	1018	-1.112E+02	1.00	5.029E-49	0	83	84	0	83	84	84M
1018	4838	-1.115E+02	1.00	3.665E-49	0	82	84	0	82	84	83M
1018	8637	-1.115E+02	1.00	3.665E-49	0	82	84	0	82	84	83M
1019	1019	-2.845E+02	1.00	2.650E-124	0	182	183	0	182	183	183M
1019	4837	-2.839E+02	0.994	4.980E-124	0	181	183	0	181	183	182M
1019	8636	-2.839E+02	0.994	4.980E-124	0	181	183	0	181	183	182M
1020	1020	-3.774E+02	1.00	1.270E-164	0	246	247	0	246	247	247M
1020	4836	-3.768E+02	0.995	2.386E-164	0	245	247	0	245	247	246M
1020	8635	-3.768E+02	0.995	2.386E-164	0	245	247	0	245	247	246M
1021	1021	-1.665E+02	1.00	4.776E-73	0	122	123	0	122	123	123M
1021	4835	-1.668E+02	1.00	3.482E-73	0	121	123	0	121	123	122M
1021	8634	-1.668E+02	1.00	3.482E-73	0	121	123	0	121	123	122M
1022	1022	-5.055E+02	1.00	2.985E-220	0	324	325	0	324	325	325M
1022	4834	-5.045E+02	0.996	7.683E-220	0	323	325	0	323	325	324M
1022	8633	-5.045E+02	0.996	7.683E-220	0	323	325	0	323	325	324M
1023	1023	-5.033E+02	1.00	2.686E-219	0	344	345	0	344	345	345M
1023	4833	-4.900E+02	0.979	1.501E-213	0	343	345	0	343	345	344M
1023	8632	-4.900E+02	0.979	1.501E-213	0	343	345	0	343	345	344M
1024	1024	-4.546E+02	1.00	3.898E-198	0	301	302	0	301	302	302M
1024	4832	-4.457E+02	0.980	2.652E-194	0	300	302	0	300	302	301M
1024	8631	-4.457E+02	0.980	2.652E-194	0	300	302	0	300	302	301M
1025	1025	-3.620E+02	1.00	6.084E-158	0	258	259	0	258	259	259M
1025	4831	-3.620E+02	0.996	6.084E-158	0	257	259	0	257	259	258M
1025	8630	-3.620E+02	0.996	6.084E-158	0	257	259	0	257	259	258M
1026	1026	-2.057E+02	1.00	4.428E-90	0	147	148	0	147	148	148M
1026	4830	-2.061E+02	1.00	3.229E-90	0	146	148	0	146	148	147M
1026	8629	-2.061E+02	1.00	3.229E-90	0	146	148	0	146	148	147M
1027	1027	-4.209E+02	1.00	1.607E-183	0	286	287	0	286	287	287M
1027	4829	-4.149E+02	0.982	6.411E-181	0	285	287	0	285	287	286M
1027	8628	-4.149E+02	0.982	6.411E-181	0	285	287	0	285	287	286M
1028	1028	-4.268E+02	1.00	4.276E-186	0	294	295	0	294	295	295M
1028	4828	-4.237E+02	0.996	9.996E-185	0	292	295	0	292	295	293M
1028	8627	-4.237E+02	0.996	9.996E-185	0	292	295	0	292	295	293M
1029	1029	-6.196E+02	1.00	8.032E-270	0	410	411	0	410	411	411M
1029	4827	-6.199E+02	1.00	5.862E-270	0	409	411	0	409	411	410M
1029	8626	-6.199E+02	1.00	5.862E-270	0	409	411	0	409	411	410M
1030	1030	-7.331E+02	1.00	4.114E-319	0	469	470	0	469	470	470M
1030	4826	-7.334E+02	1.00	3.002E-319	0	468	470	0	468	470	469M
1030	8625	-7.334E+02	1.00	3.002E-319	0	468	470	0	468	470	469M
1031	1031	-1.713E+02	1.00	4.180E-75	0	122	123	0	122	123	123M
1031	4825	-1.716E+02	1.00	3.048E-75	0	121	123	0	121	123	122M
1031	8624	-1.716E+02	1.00	3.048E-75	0	121	123	0	121	123	122M
1032	1032	-1.513E+02	1.00	1.984E-66	0	104	105	0	104	105	105M
1032	4824	-1.516E+02	1.00	1.446E-66	0	103	105	0	103	105	104M
1032	8623	-1.516E+02	1.00	1.446E-66	0	103	105	0	103	105	104M
1033	1033	-3.010E+02	1.00	1.969E-131	0	195	196	0	195	196	196M
1033	4823	-2.997E+02	0.994	6.953E-131	0	194	196	0	194	196	195M
1033	8622	-2.997E+02	0.994	6.953E-131	0	194	196	0	194	196	195M
1034	1034	-1.656E+02	1.00	1.174E-72	0	121	122	0	121	122	122M
1034	4822	-1.647E+02	0.991	3.029E-72	0	120	122	0	120	122	121M
1034	8621	-1.647E+02	0.991	3.029E-72	0	120	122	0	120	122	121M
1035	1035	-5.863E+02	1.00	2.439E-255	0	409	410	0	409	410	410M
1035	4821	-5.837E+02	0.995	3.031E-254	0	408	410	0	408	410	409M
1035	8620	-5.837E+02	0.995	3.031E-254	0	408	410	0	408	410	409M
1036	1036	-7.084E+02	1.00	0.000E+00	0	716	717	0	716	717	717M
1036	4820	-7.084E+02	0.988	0.000E+00	0	715	717	0	715	717	716M
1036	8619	-7.084E+02	0.988	0.000E+00	0	715	717	0	715	717	716M
1037	1037	-2.847E+02	1.00	2.166E-124	0	191	192	0	191	192	192M
1037	4819	-2.851E+02	1.00	1.580E-124	0	190	192	0	190	192	191M
1037	8618	-2.851E+02	1.00	1.580E-124	0	190	192	0	190	192	191M
1038	1038	-5.533E+02	1.00	4.906E-241	0	372	373	0	372	373	373M
1038	4818	-5.536E+02	1.00	3.580E-241	0	371	373	0	371	373	372M
1038	8617	-5.536E+02	1.00	3.580E-241	0	371	373	0	371	373	372M
1039	1039	-2.904E+02	1.00	7.535E-127	0	198	199	0	198	199	199M
1039	4817	-2.907E+02	1.00	5.497E-127	0	197	199	0	197	199	198M
1039	8616	-2.907E+02	1.00	5.497E-127	0	197	199	0	197	199	198M
1040	1040	-2.155E+02	1.00	2.662E-94	0	155	156	0	155	156	156M
1040	4816	-2.158E+02	1.00	1.942E-94	0	154	156	0	154	156	155M
1040	8615	-2.158E+02	1.00	1.942E-94	0	154	156	0	154	156	155M
1041	1041	-2.793E+02	1.00	5.238E-122	0	187	188	0	187	188	188M
1041	4815	-2.796E+02	1.00	3.821E-122	0	186	188	0	186	188	187M
1041	8614	-2.796E+02	1.00	3.821E-122	0	186	188	0	186	188	187M
1042	1042	-2.498E+02	1.00	3.387E-109	0	177	178	0	177	178	178M
1042	4814	-2.428E+02	0.971	3.503E-106	0	176	178	0	176	178	177M
1042	8613	-2.428E+02	0.971	3.503E-106	0	176	178	0	176	178	177M
1043	1043	-4.115E+02	1.00	1.880E-179	0	264	265	0	264	265	265M
1043	4813	-4.002E+02	0.977	1.597E-174	0	263	265	0	263	265	264M
1043	8612	-4.002E+02	0.977	1.597E-174	0	263	265	0	263	265	264M
1044	1044	-6.397E+02	1.00	1.507E-278	0	425	426	0	425	426	426M
1044	4812	-6.284E+02	0.985	1.269E-273	0	424	426	0	424	426	425M
1044	8611	-6.284E+02	0.985	1.269E-273	0	424	426	0	424	426	425M
1045	1045	-6.288E+02	1.00	8.349E-274	0	416	417	0	416	417	417M
1045	4811	-6.288E+02	1.00	8.349E-274	0	416	417	0	416	478	417M
1045	8610	-6.288E+02	1.00	8.349E-274	0	416	417	0	416	478	417M
1046	1063	-5.365E+02	1.00	1.034E-233	0	361	363	0	361	363	362M
1047	1062	-5.386E+02	1.00	1.193E-234	0	362	364	0	362	364	363M
1048	1061	-7.084E+02	1.00	0.000E+00	0	787	789	0	787	789	788M
1048	5883	-7.084E+02	0.686	0.000E+00	0	774	789	0	774	1059	404M4D285M4I82M
1048	10243	-7.084E+02	0.686	0.000E+00	0	774	789	0	774	1059	404M4D285M4I82M
1049	1060	-2.997E+02	1.00	7.292E-131	0	195	197	0	195	197	196M
1049	7422	-1.228E+02	0.486	4.718E-54	12	192	197	2	182	191	181M
1049	11301	-1.228E+02	0.486	4.718E-54	12	192	197	2	182	191	181M
1050	1059	-4.528E+02	1.00	2.244E-197	0	297	299	0	297	299	298M
1051	1058	-5.998E+02	1.00	3.235E-261	0	388	390	0	388	390	389M
1052	1052	-7.084E+02	1.00	0.000E+00	0	1083	1084	0	1083	1084	1084M
1053	1056	-7.234E+02	1.00	6.842E-315	0	467	469	0	467	469	468M
1054	1054	-7.084E+02	1.00	0.000E+00	0	761	762	0	761	762	762M
1055	1054	-7.084E+02	1.00	0.000E+00	0	760	762	0	760	762	761M
1056	1053	-7.234E+02	1.00	6.842E-315	0	467	469	0	467	469	468M
1057	1052	-7.084E+02	1.00	0.000E+00	0	1082	1084	0	1082	1084	1083M
1058	1051	-5.998E+02	1.00	3.235E-261	0	388	390	0	388	390	389M
1059	1050	-4.528E+02	1.00	2.244E-197	0	297	299	0	297	299	298M
1060	1049	-2.997E+02	1.00	7.292E-131	0	195	197	0	195	197	196M
1060	7422	-1.228E+02	0.486	4.718E-54	12	192	197	2	182	191	181M
1060	11301	-1.228E+02	0.486	4.718E-54	12	192	197	2	182	191	181M
1061	1048	-7.084E+02	1.00	0.000E+00	0	787	789	0	787	789	788M
1061	5883	-7.084E+02	0.686	0.000E+00	0	774	789	0	774	1059	404M4D285M4I82M
1061	10243	-7.084E+02	0.686	0.000E+00	0	774	789	0	774	1059	404M4D285M4I82M
1062	1047	-5.386E+02	1.00	1.193E-234	0	362	364	0	362	364	363M
1063	1046	-5.365E+02	1.00	1.034E-233	0	361	363	0	361	363	362M
1064	1064	-7.084E+02	1.00	0.000E+00	0	596	597	0	596	597	597M
1064	6590	-7.084E+02	0.998	0.000E+00	0	595	597	0	595	597	596M
1064	10153	-7.084E+02	0.998	0.000E+00	0	595	597	0	595	597	596M
1065	1065	-3.016E+02	1.00	1.034E-131	0	208	209	0	208	209	209M
1065	6589	-3.000E+02	0.995	5.003E-131	0	207	209	0	207	209	208M
1065	10152	-3.019E+02	1.00	7.539E-132	0	207	209	0	207	209	208M
1066	1066	-3.410E+02	1.00	8.074E-149	0	222	223	0	222	223	223M
1066	6588	-3.413E+02	1.00	5.890E-149	0	221	223	0	221	223	222M
1066	10151	-3.413E+02	1.00	5.890E-149	0	221	223	0	221	223	222M
1067	1067	-1.981E+02	1.00	9.138E-87	0	135	136	0	135	136	136M
1067	6587	-1.984E+02	1.00	6.664E-87	0	134	136	0	134	136	135M
1067	10150	-1.984E+02	1.00	6.664E-87	0	134	136	0	134	136	135M
1068	1068	-5.015E+02	1.00	1.611E-218	0	315	316	0	315	316	316M
1068	6586	-5.018E+02	1.00	1.176E-218	0	314	316	0	314	316	315M
1068	10149	-5.018E+02	1.00	1.176E-218	0	314	316	0	314	316	315M
1069	1069	-1.451E+02	1.00	9.531E-64	0	101	102	0	101	102	102M
1069	6585	-1.432E+02	0.980	6.351E-63	0	100	102	0	100	102	101M
1069	10148	-1.432E+02	0.980	6.351E-63	0	100	102	0	100	102	101M
1070	1070	-2.502E+02	1.00	2.246E-109	0	175	176	0	175	176	176M
1070	6584	-2.458E+02	0.982	1.862E-107	0	174	176	0	174	176	175M
1070	10147	-2.458E+02	0.982	1.862E-107	0	174	176	0	174	176	175M
1071	1071	-3.949E+02	1.00	3.090E-172	0	262	263	0	262	263	263M
1071	6583	-3.877E+02	0.984	4.355E-169	0	261	263	0	261	263	262M
1071	10146	-3.877E+02	0.984	4.355E-169	0	261	263	0	261	263	262M
1072	1072	-7.084E+02	1.00	0.000E+00	0	522	523	0	522	523	523M
1072	6582	-7.084E+02	1.00	0.000E+00	0	521	523	0	521	523	522M
1072	10145	-7.084E+02	1.00	0.000E+00	0	521	523	0	521	523	522M
1073	1073	-6.175E+02	1.00	6.956E-269	0	409	410	0	409	410	410M
1073	6581	-6.178E+02	1.00	5.076E-269	0	408	410	0	408	410	409M
1073	10144	-6.178E+02	1.00	5.076E-269	0	408	410	0	408	410	409M
1074	1074	-2.084E+02	1.00	3.219E-91	0	145	146	0	145	146	146M
1074	6580	-2.055E+02	0.993	5.517E-90	0	144	146	0	144	146	145M
1074	10143	-2.055E+02	0.993	5.517E-90	0	144	146	0	144	146	145M
1075	1075	-3.206E+02	1.00	5.776E-140	0	213	214	0	213	214	214M
1075	6579	-3.181E+02	0.990	7.202E-139	0	212	214	0	212	214	213M
1075	10142	-3.181E+02	0.990	7.202E-139	0	212	214	0	212	214	213M
1076	1076	-2.927E+02	1.00	7.531E-128	0	196	197	0	196	197	197M
1076	6578	-2.899E+02	0.989	1.288E-126	0	195	197	0	195	197	196M
1076	10141	-2.899E+02	0.989	1.288E-126	0	195	197	0	195	197	196M
1077	1077	-1.804E+02	1.00	4.283E-79	0	128	129	0	128	129	129M
1077	6577	-1.789E+02	0.992	2.078E-78	0	127	129	0	127	129	128M
1077	10140	-1.789E+02	0.992	2.078E-78	0	127	129	0	127	129	128M
1078	1078	-4.139E+02	1.00	1.708E-180	0	280	281	0	280	281	281M
1078	6576	-4.130E+02	0.996	4.396E-180	0	279	281	0	279	281	280M
1078	10139	-4.130E+02	0.996	4.396E-180	0	279	281	0	279	281	280M
1079	1079	-1.655E+02	1.00	1.319E-72	0	130	131	0	130	131	131M
1079	6575	-1.655E+02	0.992	1.319E-72	0	129	131	0	129	131	130M
1079	10138	-1.655E+02	0.992	1.319E-72	0	129	131	0	129	131	130M
1080	1080	-1.479E+02	1.00	5.820E-65	0	102	103	0	102	103	103M
1080	6574	-1.447E+02	0.980	1.373E-63	0	101	103	0	101	103	102M
1080	10137	-1.447E+02	0.980	1.373E-63	0	101	103	0	101	103	102M
1081	1081	-8.689E+01	1.00	1.841E-38	0	63	64	0	63	64	64M
1082	1082	-3.978E+02	1.00	1.700E-173	0	254	255	0	254	255	255M
1082	6573	-3.843E+02	0.968	1.313E-167	0	253	255	0	253	255	254M
1082	10136	-3.843E+02	0.968	1.313E-167	0	253	255	0	253	255	254M
1083	1083	-7.084E+02	1.00	0.000E+00	0	621	622	0	621	622	622M
1083	6572	-7.084E+02	0.982	0.000E+00	0	620	622	0	620	622	621M
1083	10135	-7.084E+02	0.982	0.000E+00	0	620	622	0	620	622	621M
1084	1084	-6.813E+02	1.00	1.249E-296	0	424	425	0	424	425	425M
1084	6571	-6.684E+02	0.976	5.092E-291	0	423	425	0	423	425	424M
1084	10134	-6.684E+02	0.976	5.092E-291	0	423	425	0	423	425	424M
1085	1085	-7.084E+02	1.00	0.000E+00	0	1216	1217	0	1216	1217	1217M
1085	6570	-7.084E+02	0.986	0.000E+00	0	1215	1217	0	1215	1217	1216M
1085	10133	-7.084E+02	0.986	0.000E+00	0	1215	1217	0	1215	1217	1216M
1086	1086	-7.084E+02	1.00	0.000E+00	0	1319	1320	0	1319	1320	1320M
1087	1087	-1.193E+02	1.00	1.562E-52	0	86	87	0	86	87	87M
1087	6567	-1.196E+02	1.00	1.139E-52	0	85	87	0	85	87	86M
1087	10130	-1.196E+02	1.00	1.139E-52	0	85	87	0	85	87	86M
1088	1088	-7.084E+02	1.00	0.000E+00	0	597	598	0	597	598	598M
1088	6566	-7.084E+02	0.993	0.000E+00	0	596	598	0	596	598	597M
1088	10129	-7.084E+02	0.993	0.000E+00	0	596	598	0	596	598	597M
1089	1089	-7.084E+02	1.00	0.000E+00	0	623	624	0	623	624	624M
1089	6565	-7.084E+02	0.993	0.000E+00	0	622	624	6	628	630	623M
1089	10128	-7.084E+02	0.993	0.000E+00	0	622	624	6	628	630	623M
1090	1090	-5.186E+02	1.00	5.930E-226	0	333	334	0	333	334	334M
1090	4879	-5.189E+02	1.00	4.327E-226	0	332	334	0	332	334	333M
1090	8678	-5.189E+02	1.00	4.327E-226	0	332	334	0	332	334	333M
1091	1091	-4.489E+02	1.00	1.096E-195	0	307	308	0	307	308	308M
1091	4878	-4.477E+02	0.996	3.867E-195	0	306	308	0	306	308	307M
1091	8677	-4.477E+02	0.996	3.867E-195	0	306	308	0	306	308	307M
1092	1092	-1.472E+02	1.00	1.180E-64	0	110	111	0	110	111	111M
1092	4877	-1.475E+02	1.00	8.599E-65	0	109	111	0	109	111	110M
1092	8676	-1.475E+02	1.00	8.599E-65	0	109	111	0	109	111	110M
1093	1093	-7.084E+02	1.00	0.000E+00	0	610	611	0	610	611	611M
1093	4876	-7.084E+02	0.996	0.000E+00	0	609	611	0	609	611	610M
1093	8675	-7.084E+02	0.996	0.000E+00	0	609	611	0	609	611	610M
1094	1094	-7.084E+02	1.00	0.000E+00	0	499	500	0	499	500	500M
1094	4875	-7.084E+02	0.997	0.000E+00	0	498	500	0	498	500	499M
1094	8674	-7.084E+02	0.997	0.000E+00	0	498	500	0	498	500	499M
1095	1095	-7.027E+02	1.00	6.668E-306	0	466	467	0	466	467	467M
1095	4874	-7.005E+02	0.995	6.048E-305	0	465	467	0	465	467	466M
1095	8673	-7.005E+02	0.995	6.048E-305	0	465	467	0	465	467	466M
1096	1096	-5.477E+02	1.00	1.425E-238	0	372	373	0	372	373	373M
1096	4873	-5.480E+02	1.00	1.040E-238	0	371	373	0	371	373	372M
1096	8672	-5.480E+02	1.00	1.040E-238	0	371	373	0	371	373	372M
1097	1097	-1.564E+02	1.00	1.235E-68	0	110	111	0	110	111	111M
1097	4872	-1.523E+02	0.954	7.512E-67	0	109	111	0	109	111	110M
1097	8671	-1.523E+02	0.954	7.512E-67	0	109	111	0	109	111	110M
1098	1098	-4.174E+02	1.00	5.506E-182	0	274	275	0	274	275	275M
1098	4871	-4.167E+02	0.996	1.034E-181	0	273	275	0	273	275	274M
1098	8670	-4.167E+02	0.996	1.034E-181	0	273	275	0	273	275	274M
1099	1099	-7.084E+02	1.00	0.000E+00	0	851	852	0	851	852	852M
1099	4870	-7.084E+02	1.00	0.000E+00	0	850	852	0	850	852	851M
1099	8669	-7.084E+02	1.00	0.000E+00	0	850	852	0	850	852	851M
1100	1100	-5.155E+02	1.00	1.310E-224	0	352	353	0	352	353	353M
1100	4869	-5.158E+02	1.00	9.558E-225	0	351	353	0	351	353	352M
1100	8668	-5.158E+02	1.00	9.558E-225	0	351	353	0	351	353	352M
1101	1101	-3.127E+02	1.00	1.534E-136	0	213	214	0	213	214	214M
1101	4868	-3.118E+02	0.995	3.952E-136	0	212	214	0	212	214	213M
1101	8667	-3.118E+02	0.995	3.952E-136	0	212	214	0	212	214	213M
1102	1102	-3.509E+02	1.00	4.036E-153	0	246	247	0	246	247	247M
1102	4867	-3.512E+02	1.00	2.944E-153	0	245	247	0	245	247	246M
1102	8666	-3.512E+02	1.00	2.944E-153	0	245	247	0	245	247	246M
1103	1103	-2.562E+02	1.00	5.595E-112	0	175	176	0	175	176	176M
1103	4866	-2.562E+02	0.994	5.595E-112	0	174	176	0	174	176	175M
1103	8665	-2.562E+02	0.994	5.595E-112	0	174	176	0	174	176	175M
1104	1104	-7.084E+02	1.00	0.000E+00	0	721	722	0	721	722	722M
1104	4865	-7.084E+02	1.00	0.000E+00	0	720	722	0	720	722	721M
1104	8664	-7.084E+02	1.00	0.000E+00	0	720	722	0	720	722	721M
1105	1105	-2.744E+02	1.00	6.541E-120	0	189	190	0	189	190	190M
1105	4864	-2.747E+02	1.00	4.772E-120	0	188	190	0	188	190	189M
1105	8663	-2.747E+02	1.00	4.772E-120	0	188	190	0	188	190	189M
1106	1106	-5.529E+02	1.00	7.207E-241	0	360	361	0	360	361	361M
1106	4863	-5.520E+02	0.997	1.855E-240	0	359	361	0	359	361	360M
1106	8662	-5.520E+02	0.997	1.855E-240	0	359	361	0	359	361	360M
1107	1107	-4.238E+02	1.00	8.687E-185	0	291	292	0	291	292	292M
1107	4862	-4.226E+02	0.996	3.065E-184	0	290	292	0	290	292	291M
1107	8661	-4.226E+02	0.996	3.065E-184	0	290	292	0	290	292	291M
1108	1108	-7.084E+02	1.00	0.000E+00	0	1493	1494	0	1493	1494	1494M
1108	4861	-7.084E+02	0.998	0.000E+00	0	1492	1494	0	1492	1494	1493M
1108	8660	-7.084E+02	0.998	0.000E+00	0	1492	1494	0	1492	1494	1493M
1109	1109	-7.084E+02	1.00	0.000E+00	0	473	474	0	473	474	474M
1109	4860	-7.084E+02	1.00	0.000E+00	0	472	474	0	472	474	473M
1109	8659	-7.084E+02	1.00	0.000E+00	0	472	474	0	472	474	473M
1110	1110	-4.615E+02	1.00	3.923E-201	0	295	296	0	295	296	296M
1110	4859	-4.583E+02	0.993	9.173E-200	0	294	296	0	294	296	295M
1110	8658	-4.583E+02	0.993	9.173E-200	0	294	296	0	294	296	295M
1111	1111	-2.798E+02	1.00	3.117E-122	0	196	197	0	196	197	197M
1111	4858	-2.788E+02	0.994	8.030E-122	0	195	197	0	195	197	196M
1111	8657	-2.788E+02	0.994	8.030E-122	0	195	197	0	195	197	196M
1112	1112	-3.847E+02	1.00	8.667E-168	0	272	273	0	272	273	273M
1112	4857	-3.828E+02	0.992	5.744E-167	0	272	273	0	272	361	273M
1112	8656	-3.828E+02	0.992	5.744E-167	0	272	273	0	272	361	273M
1113	1124	-3.476E+01	1.00	7.995E-16	0	33	35	0	33	35	34M
1113	5924	-2.871E+01	0.939	3.403E-13	0	32	35	0	32	40	33M
1113	10284	-2.871E+01	0.939	3.403E-13	0	32	35	0	32	40	33M
1114	1123	-3.805E+02	1.00	5.424E-166	0	245	247	0	245	247	246M
1114	5921	-2.775E+02	0.900	3.184E-121	35	245	247	170	367	369	9M1I4M12I185M
1114	10281	-2.775E+02	0.900	3.184E-121	35	245	247	170	367	369	9M1I4M12I185M
1115	1122	-5.783E+02	1.00	6.976E-252	0	403	405	0	403	405	404M
1115	5920	-5.607E+02	0.965	3.196E-244	0	403	405	0	403	405	404M
1115	10280	-5.607E+02	0.965	3.196E-244	0	403	405	0	403	405	404M
1116	1121	-2.202E+02	1.00	2.293E-96	0	147	149	0	147	149	148M
1116	5919	-2.142E+02	0.966	9.231E-94	0	147	149	0	147	149	148M
1116	10279	-2.142E+02	0.966	9.231E-94	0	147	149	0	147	149	148M
1117	1120	-1.517E+02	1.00	1.346E-66	0	108	110	0	108	110	109M
1117	5918	-1.504E+02	0.990	4.765E-66	0	108	110	0	108	110	109M
1117	10278	-1.504E+02	0.990	4.765E-66	0	108	110	0	108	110	109M
1118	1119	-6.680E+01	1.00	9.788E-30	0	52	54	0	52	54	53M
1118	5917	-5.823E+01	1.00	5.146E-26	0	47	54	0	47	49	48M
1118	10277	-5.823E+01	1.00	5.146E-26	0	47	54	0	47	49	48M
1119	1118	-6.680E+01	1.00	9.788E-30	0	52	54	0	52	54	53M
1119	5917	-5.823E+01	1.00	5.146E-26	0	47	54	0	47	49	48M
1119	10277	-5.823E+01	1.00	5.146E-26	0	47	54	0	47	49	48M
1120	1117	-1.517E+02	1.00	1.346E-66	0	108	110	0	108	110	109M
1120	5918	-1.504E+02	0.990	4.765E-66	0	108	110	0	108	110	109M
1120	10278	-1.504E+02	0.990	4.765E-66	0	108	110	0	108	110	109M
1121	1116	-2.202E+02	1.00	2.293E-96	0	147	149	0	147	149	148M
1121	5919	-2.142E+02	0.966	9.231E-94	0	147	149	0	147	149	148M
1121	10279	-2.142E+02	0.966	9.231E-94	0	147	149	0	147	149	148M
1122	1115	-5.783E+02	1.00	6.976E-252	0	403	405	0	403	405	404M
1122	5920	-5.607E+02	0.965	3.196E-244	0	403	405	0	403	405	404M
1122	10280	-5.607E+02	0.965	3.196E-244	0	403	405	0	403	405	404M
1123	1114	-3.805E+02	1.00	5.424E-166	0	245	247	0	245	247	246M
1123	5921	-2.775E+02	0.900	3.184E-121	35	245	247	170	367	369	9M1I4M12I185M
1123	10281	-2.775E+02	0.900	3.184E-121	35	245	247	170	367	369	9M1I4M12I185M
1124	1113	-3.476E+01	1.00	7.995E-16	0	33	35	0	33	35	34M
1124	5924	-2.871E+01	0.939	3.403E-13	0	32	35	0	32	40	33M
1124	10284	-2.871E+01	0.939	3.403E-13	0	32	35	0	32	40	33M
1125	1128	-4.435E+01	1.00	5.465E-20	0	38	40	0	38	40	39M
1125	5924	-4.435E+01	1.00	5.465E-20	0	38	40	0	38	40	39M
1125	10284	-4.435E+01	1.00	5.465E-20	0	38	40	0	38	40	39M
1126	1127	-3.898E+02	1.00	5.336E-170	0	270	272	0	270	272	271M
1126	5925	-3.866E+02	0.992	1.248E-168	0	270	272	0	270	272	271M
1126	10285	-3.866E+02	0.992	1.248E-168	0	270	272	0	270	272	271M
1127	1126	-3.898E+02	1.00	5.336E-170	0	270	272	0	270	272	271M
1127	5925	-3.866E+02	0.992	1.248E-168	0	270	272	0	270	272	271M
1127	10285	-3.866E+02	0.992	1.248E-168	0	270	272	0	270	272	271M
1128	1125	-4.435E+01	1.00	5.465E-20	0	38	40	0	38	40	39M
1128	5924	-4.435E+01	1.00	5.465E-20	0	38	40	0	38	40	39M
1128	10284	-4.435E+01	1.00	5.465E-20	0	38	40	0	38	40	39M
1129	1125	-4.435E+01	1.00	5.465E-20	0	38	40	0	38	40	39M
1129	5924	-4.435E+01	1.00	5.465E-20	0	38	40	0	38	40	39M
1129	10284	-4.435E+01	1.00	5.465E-20	0	38	40	0	38	40	39M
1130	1126	-3.898E+02	1.00	5.336E-170	0	270	272	0	270	272	271M
1130	5925	-3.866E+02	0.992	1.248E-168	0	270	272	0	270	272	271M
1130	10285	-3.866E+02	0.992	1.248E-168	0	270	272	0	270	272	271M
1131	1126	-3.898E+02	1.00	5.336E-170	0	270	272	0	270	272	271M
1131	5925	-3.866E+02	0.992	1.248E-168	0	270	272	0	270	272	271M
1131	10285	-3.866E+02	0.992	1.248E-168	0	270	272	0	270	272	271M
1132	1125	-4.435E+01	1.00	5.465E-20	0	38	40	0	38	40	39M
1132	5924	-4.435E+01	1.00	5.465E-20	0	38	40	0	38	40	39M
1132	10284	-4.435E+01	1.00	5.465E-20	0	38	40	0	38	40	39M
1133	1113	-3.476E+01	1.00	7.995E-16	0	33	35	0	33	35	34M
1133	5924	-2.871E+01	0.939	3.403E-13	0	32	35	0	32	40	33M
1133	10284	-2.871E+01	0.939	3.403E-13	0	32	35	0	32	40	33M
1134	1114	-3.805E+02	1.00	5.424E-166	0	245	247	0	245	247	246M
1134	5921	-2.775E+02	0.900	3.184E-121	35	245	247	170	367	369	9M1I4M12I185M
1134	10281	-2.775E+02	0.900	3.184E-121	35	245	247	170	367	369	9M1I4M12I185M
1135	1115	-5.783E+02	1.00	6.976E-252	0	403	405	0	403	405	404M
1135	5920	-5.607E+02	0.965	3.196E-244	0	403	405	0	403	405	404M
1135	10280	-5.607E+02	0.965	3.196E-244	0	403	405	0	403	405	404M
1136	1116	-2.202E+02	1.00	2.293E-96	0	147	149	0	147	149	148M
1136	5919	-2.142E+02	0.966	9.231E-94	0	147	149	0	147	149	148M
1136	10279	-2.142E+02	0.966	9.231E-94	0	147	149	0	147	149	148M
1137	1117	-1.517E+02	1.00	1.346E-66	0	108	110	0	108	110	109M
1137	5918	-1.504E+02	0.990	4.765E-66	0	108	110	0	108	110	109M
1137	10278	-1.504E+02	0.990	4.765E-66	0	108	110	0	108	110	109M
1138	1118	-6.680E+01	1.00	9.788E-30	0	52	54	0	52	54	53M
1138	5917	-5.823E+01	1.00	5.146E-26	0	47	54	0	47	49	48M
1138	10277	-5.823E+01	1.00	5.146E-26	0	47	54	0	47	49	48M
1139	1118	-6.680E+01	1.00	9.788E-30	0	52	54	0	52	54	53M
1139	5917	-5.823E+01	1.00	5.146E-26	0	47	54	0	47	49	48M
1139	10277	-5.823E+01	1.00	5.146E-26	0	47	54	0	47	49	48M
1140	1117	-1.517E+02	1.00	1.346E-66	0	108	110	0	108	110	109M
1140	5918	-1.504E+02	0.990	4.765E-66	0	108	110	0	108	110	109M
1140	10278	-1.504E+02	0.990	4.765E-66	0	108	110	0	108	110	109M
1141	1116	-2.202E+02	1.00	2.293E-96	0	147	149	0	147	149	148M
1141	5919	-2.142E+02	0.966	9.231E-94	0	147	149	0	147	149	148M
1141	10279	-2.142E+02	0.966	9.231E-94	0	147	149	0	147	149	148M
1142	1115	-5.783E+02	1.00	6.976E-252	0	403	405	0	403	405	404M
1142	5920	-5.607E+02	0.965	3.196E-244	0	403	405	0	403	405	404M
1142	10280	-5.607E+02	0.965	3.196E-244	0	403	405	0	403	405	404M
1143	1114	-3.805E+02	1.00	5.424E-166	0	245	247	0	245	247	246M
1143	5921	-2.775E+02	0.900	3.184E-121	35	245	247	170	367	369	9M1I4M12I185M
1143	10281	-2.775E+02	0.900	3.184E-121	35	245	247	170	367	369	9M1I4M12I185M
1144	1113	-3.476E+01	1.00	7.995E-16	0	33	35	0	33	35	34M
1144	5924	-2.871E+01	0.939	3.403E-13	0	32	35	0	32	40	33M
1144	10284	-2.871E+01	0.939	3.403E-13	0	32	35	0	32	40	33M
1145	1113	-3.476E+01	1.00	7.995E-16	0	33	35	0	33	35	34M
1145	5924	-2.871E+01	0.939	3.403E-13	0	32	35	0	32	40	33M
1145	10284	-2.871E+01	0.939	3.403E-13	0	32	35	0	32	40	33M
1146	1114	-3.805E+02	1.00	5.424E-166	0	245	247	0	245	247	246M
1146	5921	-2.775E+02	0.900	3.184E-121	35	245	247	170	367	369	9M1I4M12I185M
1146	10281	-2.775E+02	0.900	3.184E-121	35	245	247	170	367	369	9M1I4M12I185M
1147	1115	-5.783E+02	1.00	6.976E-252	0	403	405	0	403	405	404M
1147	5920	-5.607E+02	0.965	3.196E-244	0	403	405	0	403	405	404M
1147	10280	-5.607E+02	0.965	3.196E-244	0	403	405	0	403	405	404M
1148	1116	-2.202E+02	1.00	2.293E-96	0	147	149	0	147	149	148M
1148	5919	-2.142E+02	0.966	9.231E-94	0	147	149	0	147	149	148M
1148	10279	-2.142E+02	0.966	9.231E-94	0	147	149	0	147	149	148M
1149	1117	-1.517E+02	1.00	1.346E-66	0	108	110	0	108	110	109M
1149	5918	-1.504E+02	0.990	4.765E-66	0	108	110	0	108	110	109M
1149	10278	-1.504E+02	0.990	4.765E-66	0	108	110	0	108	110	109M
1150	1118	-6.680E+01	1.00	9.788E-30	0	52	54	0	52	54	53M
1150	5917	-5.823E+01	1.00	5.146E-26	0	47	54	0	47	49	48M
1150	10277	-5.823E+01	1.00	5.146E-26	0	47	54	0	47	49	48M
1151	1118	-6.680E+01	1.00	9.788E-30	0	52	54	0	52	54	53M
1151	5917	-5.823E+01	1.00	5.146E-26	0	47	54	0	47	49	48M
1151	10277	-5.823E+01	1.00	5.146E-26	0	47	54	0	47	49	48M
1152	1117	-1.517E+02	1.00	1.346E-66	0	108	110	0	108	110	109M
1152	5918	-1.504E+02	0.990	4.765E-66	0	108	110	0	108	110	109M
1152	10278	-1.504E+02	0.990	4.765E-66	0	108	110	0	108	110	109M
1153	1116	-2.202E+02	1.00	2.293E-96	0	147	149	0	147	149	148M
1153	5919	-2.142E+02	0.966	9.231E-94	0	147	149	0	147	149	148M
1153	10279	-2.142E+02	0.966	9.231E-94	0	147	149	0	147	149	148M
1154	1115	-5.783E+02	1.00	6.976E-252	0	403	405	0	403	405	404M
1154	5920	-5.607E+02	0.965	3.196E-244	0	403	405	0	403	405	404M
1154	10280	-5.607E+02	0.965	3.196E-244	0	403	405	0	403	405	404M
1155	1114	-3.805E+02	1.00	5.424E-166	0	245	247	0	245	247	246M
1155	5921	-2.775E+02	0.900	3.184E-121	35	245	247	170	367	369	9M1I4M12I185M
1155	10281	-2.775E+02	0.900	3.184E-121	35	245	247	170	367	369	9M1I4M12I185M
1156	1113	-3.476E+01	1.00	7.995E-16	0	33	35	0	33	35	34M
1156	5924	-2.871E+01	0.939	3.403E-13	0	32	35	0	32	40	33M
1156	10284	-2.871E+01	0.939	3.403E-13	0	32	35	0	32	40	33M
1157	1157	-2.564E+02	1.00	4.354E-112	0	183	184	0	183	184	184M
1157	5042	-2.564E+02	0.994	4.354E-112	0	182	184	0	182	184	183M
1157	9102	-2.564E+02	0.994	4.354E-112	0	182	184	0	182	184	183M
1158	1158	-3.409E+02	1.00	9.308E-149	0	225	226	0	225	226	226M
1158	5043	-3.412E+02	1.00	6.790E-149	0	224	226	0	224	226	225M
1158	9103	-3.412E+02	1.00	6.790E-149	0	224	226	0	224	226	225M
1159	1159	-7.084E+02	1.00	0.000E+00	0	595	596	0	595	596	596M
1159	5044	-7.084E+02	1.00	0.000E+00	0	594	596	0	594	596	595M
1159	9104	-7.084E+02	1.00	0.000E+00	0	594	596	0	594	596	595M
1160	1160	-2.590E+02	1.00	3.364E-113	0	169	170	0	169	170	170M
1160	5045	-2.593E+02	1.00	2.454E-113	0	168	170	0	168	170	169M
1160	9105	-2.593E+02	1.00	2.454E-113	0	168	170	0	168	170	169M
1161	1161	-7.107E+02	1.00	2.227E-309	0	443	444	0	443	444	444M
1161	5046	-7.110E+02	1.00	1.625E-309	0	442	444	0	442	444	443M
1161	9106	-7.110E+02	1.00	1.625E-309	0	442	444	0	442	444	443M
1162	1162	-7.084E+02	1.00	0.000E+00	0	894	895	0	894	895	895M
1162	5047	-7.084E+02	0.997	0.000E+00	0	893	895	0	893	895	894M
1162	9107	-7.084E+02	0.997	0.000E+00	0	893	895	0	893	895	894M
1163	1163	-5.058E+02	1.00	2.236E-220	0	338	339	0	338	339	339M
1163	5048	-5.061E+02	1.00	1.631E-220	0	337	339	0	337	339	338M
1163	9108	-5.061E+02	1.00	1.631E-220	0	337	339	0	337	339	338M
1164	1164	-2.834E+02	1.00	8.506E-124	0	180	181	0	180	181	181M
1164	5049	-2.837E+02	1.00	6.204E-124	0	179	181	0	179	181	180M
1164	9109	-2.837E+02	1.00	6.204E-124	0	179	181	0	179	181	180M
1165	1165	-2.317E+02	1.00	2.485E-101	0	173	174	0	173	174	174M
1165	5050	-2.307E+02	0.994	6.405E-101	0	172	174	0	172	174	173M
1165	9110	-2.307E+02	0.994	6.405E-101	0	172	174	0	172	174	173M
1166	1166	-1.346E+02	1.00	3.395E-59	0	102	103	0	102	103	103M
1166	5051	-1.349E+02	1.00	2.475E-59	0	101	103	0	101	103	102M
1166	9111	-1.349E+02	1.00	2.475E-59	0	101	103	0	101	103	102M
1167	1167	-7.084E+02	1.00	0.000E+00	0	629	630	0	629	630	630M
1167	5052	-7.084E+02	1.00	0.000E+00	0	628	630	0	628	630	629M
1167	9112	-7.084E+02	1.00	0.000E+00	0	628	630	0	628	630	629M
1168	1168	-7.084E+02	1.00	0.000E+00	0	532	533	0	532	533	533M
1168	5053	-7.084E+02	1.00	0.000E+00	0	531	533	0	531	533	532M
1168	9113	-7.084E+02	1.00	0.000E+00	0	531	533	0	531	533	532M
1169	1169	-6.974E+02	1.00	1.283E-303	0	498	499	0	498	499	499M
1169	5054	-6.977E+02	1.00	9.367E-304	0	497	499	0	497	499	498M
1169	9114	-6.977E+02	1.00	9.367E-304	0	497	499	0	497	499	498M
1170	1170	-3.043E+02	1.00	6.968E-133	0	211	212	0	211	212	212M
1170	5055	-3.046E+02	1.00	5.083E-133	0	210	212	0	210	212	211M
1170	9115	-3.046E+02	1.00	5.083E-133	0	210	212	0	210	212	211M
1171	1171	-1.399E+02	1.00	1.689E-61	0	97	98	0	97	98	98M
1171	5056	-1.396E+02	0.979	2.318E-61	0	96	98	0	96	98	97M
1171	9116	-1.396E+02	0.979	2.318E-61	0	96	98	0	96	98	97M
1172	1172	-4.473E+02	1.00	5.673E-195	0	295	296	0	295	296	296M
1172	5057	-4.476E+02	1.00	4.139E-195	0	294	296	0	294	296	295M
1172	9117	-4.476E+02	1.00	4.139E-195	0	294	296	0	294	296	295M
1173	1173	-3.894E+02	1.00	8.073E-170	0	253	254	0	253	254	254M
1173	5058	-3.878E+02	0.996	3.906E-169	0	252	254	0	252	254	253M
1173	9118	-3.878E+02	0.996	3.906E-169	0	252	254	0	252	254	253M
1174	1174	-2.187E+02	1.00	1.036E-95	0	140	141	0	140	141	141M
1174	5059	-2.190E+02	1.00	7.555E-96	0	139	141	0	139	141	140M
1174	9119	-2.190E+02	1.00	7.555E-96	0	139	141	0	139	141	140M
1175	1175	-1.018E+02	1.00	6.155E-45	0	75	76	0	75	76	76M
1175	5060	-1.021E+02	1.00	4.485E-45	0	74	76	0	74	76	75M
1175	9120	-1.021E+02	1.00	4.485E-45	0	74	76	0	74	76	75M
1176	1176	-7.084E+02	1.00	0.000E+00	0	558	559	0	558	559	559M
1176	5061	-7.084E+02	0.989	0.000E+00	0	557	559	0	557	559	558M
1176	9121	-7.084E+02	0.989	0.000E+00	0	557	559	0	557	559	558M
1177	1177	-6.379E+01	1.00	1.985E-28	0	56	57	0	56	57	57M
1177	5062	-6.252E+01	0.982	7.062E-28	0	55	57	0	55	57	56M
1177	9122	-6.252E+01	0.982	7.062E-28	0	55	57	0	55	57	56M
1178	1178	-6.163E+02	1.00	2.107E-268	0	399	400	0	399	400	400M
1178	5063	-6.034E+02	0.984	8.588E-263	0	398	400	0	398	400	399M
1178	9123	-6.034E+02	0.984	8.588E-263	0	398	400	0	398	400	399M
1179	1179	-4.705E+02	1.00	4.471E-205	0	303	304	0	303	304	304M
1179	5064	-4.428E+02	0.969	4.968E-193	10	302	304	0	292	294	293M
1179	9124	-4.428E+02	0.969	4.968E-193	10	302	304	0	292	294	293M
1180	1180	-5.358E+02	1.00	2.001E-233	0	383	384	0	383	384	384M
1180	5065	-5.245E+02	0.984	1.684E-228	0	382	384	0	376	378	22M6I355M
1180	9125	-5.245E+02	0.984	1.684E-228	0	382	384	0	376	378	22M6I355M
1181	1181	-7.084E+02	1.00	0.000E+00	0	547	548	0	547	548	548M
1181	5066	-7.084E+02	0.996	0.000E+00	0	546	548	0	546	548	547M
1181	9126	-7.084E+02	0.996	0.000E+00	0	546	548	0	546	548	547M
1182	1182	-2.823E+02	1.00	2.457E-123	0	189	190	0	189	190	190M
1182	5067	-2.826E+02	1.00	1.792E-123	0	188	190	0	188	190	189M
1182	9127	-2.826E+02	1.00	1.792E-123	0	188	190	0	188	190	189M
1183	1183	-2.938E+02	1.00	2.619E-128	0	207	208	0	207	208	208M
1183	5068	-2.925E+02	0.995	9.249E-128	0	206	208	0	206	208	207M
1183	9128	-2.925E+02	0.995	9.249E-128	0	206	208	0	206	208	207M
1184	1184	-2.855E+02	1.00	1.033E-124	0	202	203	0	202	203	203M
1184	5262	-2.858E+02	1.00	7.536E-125	0	201	203	0	201	203	202M
1184	9322	-2.858E+02	1.00	7.536E-125	0	201	203	0	201	203	202M
1185	1185	-1.514E+02	1.00	1.799E-66	0	102	103	0	102	103	103M
1185	5263	-1.517E+02	1.00	1.311E-66	0	101	103	0	101	103	102M
1185	9323	-1.517E+02	1.00	1.311E-66	0	101	103	0	101	103	102M
1186	1186	-4.930E+02	1.00	7.575E-215	0	334	335	0	334	335	335M
1186	5264	-4.921E+02	0.997	1.950E-214	0	333	335	0	333	335	334M
1186	9324	-4.921E+02	0.997	1.950E-214	0	333	335	0	333	335	334M
1187	1187	-7.084E+02	1.00	0.000E+00	0	698	699	0	698	699	699M
1187	5265	-7.084E+02	0.995	0.000E+00	0	697	699	0	697	699	698M
1187	9325	-7.084E+02	0.995	0.000E+00	0	697	699	0	697	699	698M
1188	1188	-3.154E+01	1.00	2.009E-14	0	29	30	0	29	30	30M
1189	1189	-7.084E+02	1.00	0.000E+00	0	979	980	0	979	980	980M
1189	5266	-7.084E+02	0.992	0.000E+00	0	978	980	0	978	980	979M
1189	9326	-7.084E+02	0.992	0.000E+00	0	978	980	0	978	980	979M
1190	1190	-5.985E+02	1.00	1.180E-260	0	383	384	0	383	384	384M
1190	5267	-5.957E+02	0.989	2.012E-259	0	382	384	0	382	384	383M
1190	9327	-5.957E+02	0.989	2.012E-259	0	382	384	0	382	384	383M
1191	1191	-6.347E+02	1.00	2.289E-276	0	445	446	0	445	446	446M
1191	5268	-6.322E+02	0.993	2.845E-275	0	444	446	0	444	446	445M
1191	9328	-6.322E+02	0.993	2.845E-275	0	444	446	0	444	446	445M
1192	1192	-3.186E+02	1.00	4.417E-139	0	216	217	0	216	217	217M
1192	5269	-3.189E+02	1.00	3.223E-139	0	215	217	0	215	217	216M
1192	9329	-3.189E+02	1.00	3.223E-139	0	215	217	0	215	217	216M
1193	1193	-7.084E+02	1.00	0.000E+00	0	513	514	0	513	514	514M
1193	5270	-7.084E+02	1.00	0.000E+00	0	512	514	0	512	514	513M
1193	9330	-7.084E+02	1.00	0.000E+00	0	512	514	0	512	514	513M
1194	1194	-3.233E+02	1.00	3.957E-141	0	223	224	0	223	224	224M
1194	5271	-3.236E+02	1.00	2.887E-141	0	222	224	0	222	224	223M
1194	9331	-3.236E+02	1.00	2.887E-141	0	222	224	0	222	224	223M
1195	1195	-3.490E+02	1.00	2.682E-152	0	226	227	0	226	227	227M
1195	5272	-3.465E+02	0.991	3.343E-151	0	225	227	0	225	227	226M
1195	9332	-3.465E+02	0.991	3.343E-151	0	225	227	0	225	227	226M
1196	1196	-7.084E+02	1.00	0.000E+00	0	506	507	0	506	507	507M
1196	5273	-7.084E+02	0.990	0.000E+00	0	505	507	0	505	507	506M
1196	9333	-7.084E+02	0.990	0.000E+00	0	505	507	0	505	507	506M
1197	1197	-5.330E+02	1.00	3.385E-232	0	349	350	0	349	350	350M
1197	5274	-5.324E+02	0.997	6.357E-232	0	348	350	0	348	350	349M
1197	9334	-5.324E+02	0.997	6.357E-232	0	348	350	0	348	350	349M
1198	1198	-3.671E+02	1.00	3.694E-160	0	250	251	0	250	251	251M
1198	5275	-3.646E+02	0.992	4.601E-159	0	249	251	0	249	251	250M
1198	9335	-3.646E+02	0.992	4.601E-159	0	249	251	0	249	251	250M
1199	1199	-2.043E+02	1.00	1.820E-89	0	137	138	0	137	138	138M
1199	5276	-2.021E+02	0.992	1.660E-88	0	136	138	0	136	138	137M
1199	9336	-2.021E+02	0.992	1.660E-88	0	136	138	0	136	138	137M
1200	1200	-7.084E+02	1.00	0.000E+00	0	758	759	0	758	759	759M
1200	5277	-7.084E+02	1.00	0.000E+00	0	757	759	0	757	759	758M
1200	9337	-7.084E+02	1.00	0.000E+00	0	757	759	0	757	759	758M
1201	1201	-1.682E+02	1.00	8.935E-74	0	120	121	0	120	121	121M
1201	5278	-1.685E+02	1.00	6.515E-74	0	119	121	0	119	121	120M
1201	9338	-1.685E+02	1.00	6.515E-74	0	119	121	0	119	121	120M
1202	1202	-5.376E+02	1.00	3.291E-234	0	351	352	0	351	352	352M
1202	5279	-5.364E+02	0.997	1.161E-233	0	350	352	0	350	352	351M
1202	9339	-5.364E+02	0.997	1.161E-233	0	350	352	0	350	352	351M
1203	1203	-4.881E+02	1.00	1.060E-212	0	305	306	0	305	306	306M
1203	5280	-4.871E+02	0.996	2.730E-212	0	304	306	0	304	306	305M
1203	9340	-4.871E+02	0.996	2.730E-212	0	304	306	0	304	306	305M
1204	1204	-2.793E+02	1.00	4.995E-122	0	186	187	0	186	187	187M
1204	5281	-2.796E+02	1.00	3.643E-122	0	185	187	0	185	187	186M
1204	9341	-2.796E+02	1.00	3.643E-122	0	185	187	0	185	187	186M
1205	1205	-7.084E+02	1.00	0.000E+00	0	674	675	0	674	675	675M
1205	5282	-7.084E+02	0.994	0.000E+00	0	673	675	0	673	675	674M
1205	9342	-7.084E+02	0.994	0.000E+00	0	673	675	0	673	675	674M
1206	1206	-1.972E+02	1.00	2.357E-86	0	135	136	0	135	136	136M
1206	5283	-1.931E+02	0.977	1.429E-84	0	134	136	0	134	136	135M
1206	9343	-1.931E+02	0.977	1.429E-84	0	134	136	0	134	136	135M
1207	1207	-3.563E+02	1.00	1.784E-155	0	238	239	0	238	239	239M
1207	5284	-3.497E+02	0.983	1.340E-152	0	237	239	0	237	239	238M
1207	9344	-3.497E+02	0.983	1.340E-152	0	237	239	0	237	239	238M
1208	1208	-5.719E+02	1.00	4.429E-249	0	360	361	0	360	361	361M
1208	5285	-5.674E+02	0.997	3.651E-247	0	357	361	0	357	365	358M
1208	9345	-5.674E+02	0.997	3.651E-247	0	357	361	0	357	365	358M
1209	1209	-5.637E+01	1.00	3.297E-25	0	46	47	0	46	47	47M
1210	1210	-5.859E+02	1.00	3.500E-255	0	410	411	0	410	411	411M
1210	5950	-1.231E+02	0.338	3.624E-54	14	366	411	24	402	453	161M1I27M27D99M1D13M1I51M
1210	10310	-1.231E+02	0.338	3.624E-54	14	366	411	24	402	453	161M1I27M27D99M1D13M1I51M
1211	1211	-2.156E+02	1.00	2.307E-94	0	152	153	0	152	153	153M
1212	1212	-3.254E+02	1.00	5.014E-142	0	226	227	0	226	227	227M
1213	1213	-1.217E+02	1.00	1.399E-53	0	82	83	0	82	83	83M
1213	5327	-5.425E+01	0.506	2.743E-24	3	81	83	238	316	318	79M
1213	9387	-5.425E+01	0.506	2.743E-24	3	81	83	238	316	318	79M
1214	1214	-3.210E+02	1.00	3.949E-140	0	205	206	0	205	206	206M
1214	5327	-8.849E+01	0.376	3.711E-39	1	200	206	5	205	318	98M1I53M1D21M1D27M
1214	9387	-8.849E+01	0.376	3.711E-39	1	200	206	5	205	318	98M1I53M1D21M1D27M
1215	1215	-5.839E+02	1.00	2.538E-254	0	358	359	0	358	359	359M
1216	1216	-6.449E+02	1.00	8.438E-281	0	395	396	0	395	396	396M
1216	5317	-1.486E+02	0.340	3.047E-65	13	394	396	15	417	419	18M4D26M2D8M1D4M4D95M1D24M4D13M1D28M3D19M2I39M1D53M1D16M1D37M
1216	9377	-1.486E+02	0.340	3.047E-65	13	394	396	15	417	419	18M4D26M2D8M1D4M4D95M1D24M4D13M1D28M3D19M2I39M1D53M1D16M1D37M
1217	1217	-5.377E+02	1.00	2.962E-234	0	322	323	0	322	323	323M
1217	6646	-2.335E+02	0.510	3.779E-102	10	320	323	13	332	336	14M1D6M7D91M1D6M3I20M1I40M3I5M1D5M6D117M
1217	8799	-2.335E+02	0.510	3.779E-102	10	320	323	13	332	336	14M1D6M7D91M1D6M3I20M1I40M3I5M1D5M6D117M
1218	1218	-7.084E+02	1.00	0.000E+00	0	561	562	0	561	562	562M
1218	6645	-3.566E+02	0.464	1.412E-155	5	560	562	6	557	559	17M3D82M11I88M3D24M1D56M2D74M3D8M1I52M1I133M3I6M
1218	8798	-3.566E+02	0.464	1.412E-155	5	560	562	6	557	559	17M3D82M11I88M3D24M1D56M2D74M3D8M1I52M1I133M3I6M
1219	1219	-6.437E+02	1.00	2.838E-280	0	448	449	0	448	449	449M
1219	5299	-1.122E+02	0.294	1.811E-49	3	403	449	13	416	452	200M2D12M2D12M1I81M9I31M9D55M
1219	9359	-1.122E+02	0.294	1.811E-49	3	403	449	13	416	452	200M2D12M2D12M1I81M9I31M9D55M
1220	1220	-6.753E+02	1.00	5.461E-294	0	426	427	0	426	427	427M
1220	8159	-5.372E+01	0.250	4.690E-24	23	424	427	31	435	439	22M6I5M3D31M3I93M1I5M8I27M1D28M5D32M13D18M3D38M4I25M1I31M1D24M
1220	11937	-5.372E+01	0.250	4.690E-24	23	424	427	31	435	439	22M6I5M3D31M3I93M1I5M8I27M1D28M5D32M13D18M3D38M4I25M1I31M1D24M
1221	1221	-7.084E+02	1.00	0.000E+00	0	556	557	0	556	557	557M
1222	1222	-4.519E+02	1.00	5.511E-197	0	297	298	0	297	298	298M
1223	1223	-4.204E+02	1.00	2.748E-183	0	284	285	0	284	285	285M
1223	5758	-2.990E+02	0.712	1.334E-130	0	273	285	0	274	278	54M1D220M
1223	9966	-2.990E+02	0.712	1.334E-130	0	273	285	0	274	278	54M1D220M
1224	1224	-7.084E+02	1.00	0.000E+00	0	495	496	0	495	496	496M
1224	6767	-3.188E+02	0.441	3.688E-139	0	494	496	0	496	503	257M1I91M2D101M1D45M
1224	10758	-3.188E+02	0.441	3.688E-139	0	494	496	0	496	503	257M1I91M2D101M1D45M
1225	1225	-5.046E+02	1.00	7.526E-220	0	337	338	0	337	338	338M
1225	6845	-5.537E+01	0.250	8.949E-25	15	328	338	18	331	342	52M1I92M1D169M
1225	11188	-5.537E+01	0.250	8.949E-25	15	328	338	18	331	342	52M1I92M1D169M
1226	1226	-3.025E+02	1.00	4.139E-132	0	202	203	0	202	203	203M
1226	7978	-5.951E+01	0.331	1.430E-26	1	191	203	313	503	509	41M3D26M3I78M1I4M1I31M2D6M
1226	11797	-5.951E+01	0.331	1.430E-26	1	191	203	313	503	509	41M3D26M3I78M1I4M1I31M2D6M
1227	1227	-4.515E+02	1.00	8.298E-197	0	299	300	0	299	300	300M
1227	7978	-4.380E+01	0.263	9.502E-20	2	283	300	6	287	509	12M1I7M3I60M2I24M8D16M3I7M1I25M3I52M6D14M1I51M
1227	11797	-4.380E+01	0.263	9.502E-20	2	283	300	6	287	509	12M1I7M3I60M2I24M8D16M3I7M1I25M3I52M6D14M1I51M
1228	1228	-6.438E+02	1.00	2.537E-280	0	432	433	0	432	433	433M
1228	7628	-2.862E+02	0.471	5.267E-125	4	430	433	10	437	440	373M1D54M
1228	11487	-2.862E+02	0.471	5.267E-125	4	430	433	10	437	440	373M1D54M
1229	1229	-4.679E+02	1.00	6.410E-204	0	306	307	0	306	307	307M
1229	5134	-1.304E+02	0.368	2.251E-57	4	296	307	7	301	327	257M1I28M1D4M2D3M
1229	9194	-1.304E+02	0.368	2.251E-57	4	296	307	7	301	327	257M1I28M1D4M2D3M
1230	1230	-4.339E+02	1.00	3.792E-189	0	292	293	0	292	293	293M
1231	1231	-7.084E+02	1.00	0.000E+00	0	507	508	0	507	508	508M
1231	8215	-6.577E+02	0.830	2.403E-286	0	501	508	0	500	517	13M1I488M
1231	10758	-2.598E+02	0.386	1.434E-113	25	506	508	15	499	503	118M1D210M1I16M3D10M1I21M1D105M
1232	1232	-4.179E+02	1.00	3.376E-182	0	277	278	0	277	278	278M
1232	8214	-3.498E+02	0.848	1.245E-152	0	276	278	0	275	277	8M1I268M
1232	9966	-7.329E+01	0.338	1.484E-32	8	266	278	0	266	278	51M1D24M2I7M1D101M2D22M3D7M3D45M
1233	1233	-4.934E+02	1.00	5.141E-215	0	319	320	0	319	320	320M
1233	8213	-4.194E+02	0.832	7.455E-183	0	316	320	0	316	321	317M
1233	8658	-6.726E+01	0.298	6.181E-30	26	299	320	15	279	296	99M1D5M1I10M1I25M1I42M10I13M3I28M2D7M4D29M
1234	1234	-2.408E+02	1.00	2.592E-105	0	166	167	0	166	167	167M
1234	8211	-2.112E+02	1.00	1.980E-92	0	147	167	0	147	208	148M
1234	9626	-5.452E+01	0.395	2.101E-24	0	139	167	1	144	206	114M4D26M
1235	1258	-5.099E+02	1.00	3.632E-222	0	350	352	0	350	352	351M
1235	5355	-5.099E+02	1.00	3.632E-222	0	350	352	0	350	352	351M
1235	9415	-5.099E+02	1.00	3.632E-222	0	350	352	0	350	352	351M
1236	1257	-3.959E+02	1.00	1.161E-172	0	267	269	0	267	269	268M
1236	5354	-3.934E+02	0.992	1.446E-171	0	267	269	0	267	269	268M
1236	9414	-3.934E+02	0.992	1.446E-171	0	267	269	0	267	269	268M
1237	1256	-3.276E+02	1.00	5.091E-143	0	230	232	0	230	232	231M
1237	5353	-3.276E+02	1.00	5.091E-143	0	230	232	0	230	232	231M
1237	9413	-3.276E+02	1.00	5.091E-143	0	230	232	0	230	232	231M
1238	1255	-5.104E+02	1.00	2.219E-222	0	326	328	0	326	328	327M
1238	5352	-4.637E+02	0.914	3.999E-202	0	326	328	0	326	328	327M
1238	9412	-4.637E+02	0.914	3.999E-202	0	326	328	0	326	328	327M
1239	1239	-7.084E+02	1.00	0.000E+00	0	791	792	0	791	792	792M
1239	5351	-7.084E+02	0.979	0.000E+00	0	790	792	0	790	792	791M
1239	9411	-7.084E+02	0.979	0.000E+00	0	790	792	0	790	792	791M
1240	1240	-7.084E+02	1.00	0.000E+00	0	499	500	0	499	500	500M
1240	5350	-7.349E+02	0.963	7.115E-320	0	498	500	0	498	500	499M
1240	9410	-7.349E+02	0.963	7.115E-320	0	498	500	0	498	500	499M
1241	1252	-2.709E+02	1.00	2.273E-118	0	183	185	0	183	185	184M
1241	5349	-2.709E+02	1.00	2.273E-118	0	183	185	0	183	185	184M
1241	9409	-2.709E+02	1.00	2.273E-118	0	183	185	0	183	185	184M
1242	1251	-2.122E+02	1.00	6.942E-93	0	143	145	0	143	145	144M
1242	8361	-1.974E+02	0.985	1.931E-86	0	135	145	0	135	136	136M
1242	12147	-1.974E+02	0.985	1.931E-86	0	135	145	0	135	136	136M
1243	1250	-2.817E+02	1.00	4.618E-123	0	188	190	0	188	190	189M
1243	8362	-2.602E+02	1.00	9.571E-114	14	188	190	0	174	176	175M
1243	12146	-2.602E+02	1.00	9.571E-114	14	188	190	0	174	176	175M
1244	1249	-5.947E+02	1.00	5.178E-259	0	382	384	0	382	384	383M
1244	7144	-5.799E+02	0.979	1.399E-252	0	382	384	0	382	384	383M
1244	11024	-5.799E+02	0.979	1.399E-252	0	382	384	0	382	384	383M
1245	1248	-7.084E+02	1.00	0.000E+00	0	626	628	0	626	628	627M
1245	7145	-7.084E+02	0.990	0.000E+00	0	626	628	0	626	628	627M
1245	11025	-7.084E+02	0.990	0.000E+00	0	626	628	0	626	628	627M
1246	1247	-2.157E+02	1.00	2.037E-94	0	155	157	0	155	157	156M
1246	7146	-2.132E+02	0.987	2.544E-93	0	155	157	0	155	157	156M
1246	11026	-2.132E+02	0.987	2.544E-93	0	155	157	0	155	157	156M
1247	1246	-2.157E+02	1.00	2.037E-94	0	155	157	0	155	157	156M
1247	7146	-2.132E+02	0.987	2.544E-93	0	155	157	0	155	157	156M
1247	11026	-2.132E+02	0.987	2.544E-93	0	155	157	0	155	157	156M
1248	1245	-7.084E+02	1.00	0.000E+00	0	626	628	0	626	628	627M
1248	7145	-7.084E+02	0.990	0.000E+00	0	626	628	0	626	628	627M
1248	11025	-7.084E+02	0.990	0.000E+00	0	626	628	0	626	628	627M
1249	1244	-5.947E+02	1.00	5.178E-259	0	382	384	0	382	384	383M
1249	7144	-5.799E+02	0.979	1.399E-252	0	382	384	0	382	384	383M
1249	11024	-5.799E+02	0.979	1.399E-252	0	382	384	0	382	384	383M
1250	1243	-2.817E+02	1.00	4.618E-123	0	188	190	0	188	190	189M
1250	8362	-2.602E+02	1.00	9.571E-114	14	188	190	0	174	176	175M
1250	12146	-2.602E+02	1.00	9.571E-114	14	188	190	0	174	176	175M
1251	1242	-2.122E+02	1.00	6.942E-93	0	143	145	0	143	145	144M
1251	8361	-1.974E+02	0.985	1.931E-86	0	135	145	0	135	136	136M
1251	12147	-1.974E+02	0.985	1.931E-86	0	135	145	0	135	136	136M
1252	1241	-2.709E+02	1.00	2.273E-118	0	183	185	0	183	185	184M
1252	5349	-2.709E+02	1.00	2.273E-118	0	183	185	0	183	185	184M
1252	9409	-2.709E+02	1.00	2.273E-118	0	183	185	0	183	185	184M
1253	1240	-7.084E+02	1.00	0.000E+00	0	498	500	0	498	500	499M
1253	5350	-7.349E+02	0.963	7.115E-320	0	498	500	0	498	500	499M
1253	9410	-7.349E+02	0.963	7.115E-320	0	498	500	0	498	500	499M
1254	1239	-7.084E+02	1.00	0.000E+00	0	790	792	0	790	792	791M
1254	5351	-7.084E+02	0.979	0.000E+00	0	790	792	0	790	792	791M
1254	9411	-7.084E+02	0.979	0.000E+00	0	790	792	0	790	792	791M
1255	1238	-5.104E+02	1.00	2.219E-222	0	326	328	0	326	328	327M
1255	5352	-4.637E+02	0.914	3.999E-202	0	326	328	0	326	328	327M
1255	9412	-4.637E+02	0.914	3.999E-202	0	326	328	0	326	328	327M
1256	1237	-3.276E+02	1.00	5.091E-143	0	230	232	0	230	232	231M
1256	5353	-3.276E+02	1.00	5.091E-143	0	230	232	0	230	232	231M
1256	9413	-3.276E+02	1.00	5.091E-143	0	230	232	0	230	232	231M
1257	1236	-3.959E+02	1.00	1.161E-172	0	267	269	0	267	269	268M
1257	5354	-3.934E+02	0.992	1.446E-171	0	267	269	0	267	269	268M
1257	9414	-3.934E+02	0.992	1.446E-171	0	267	269	0	267	269	268M
1258	1235	-5.099E+02	1.00	3.632E-222	0	350	352	0	350	352	351M
1258	5355	-5.099E+02	1.00	3.632E-222	0	350	352	0	350	352	351M
1258	9415	-5.099E+02	1.00	3.632E-222	0	350	352	0	350	352	351M
1259	1290	-4.949E+01	1.00	3.213E-22	0	43	45	0	43	45	44M
1259	7898	-4.949E+01	1.00	3.213E-22	0	43	45	0	43	45	44M
1259	11717	-4.949E+01	1.00	3.213E-22	0	43	45	0	43	45	44M
1260	1289	-1.851E+02	1.00	4.133E-81	0	129	131	0	129	131	130M
1260	7899	-1.826E+02	0.992	5.171E-80	0	129	131	0	129	131	130M
1260	11718	-1.826E+02	0.992	5.171E-80	0	129	131	0	129	131	130M
1261	1288	-1.654E+02	1.00	1.459E-72	0	105	107	0	105	107	106M
1261	7900	-1.654E+02	1.00	1.459E-72	0	105	107	0	105	107	106M
1261	11719	-1.654E+02	1.00	1.459E-72	0	105	107	0	105	107	106M
1262	1262	-7.084E+02	1.00	0.000E+00	0	586	587	0	586	587	587M
1262	7901	-7.084E+02	0.998	0.000E+00	0	585	587	0	585	587	586M
1262	11720	-7.084E+02	0.998	0.000E+00	0	585	587	0	585	587	586M
1263	1286	-6.735E+02	1.00	3.292E-293	0	450	452	0	450	452	451M
1263	7902	-6.709E+02	0.995	4.092E-292	0	450	452	0	450	452	451M
1263	11721	-6.709E+02	0.995	4.092E-292	0	450	452	0	450	452	451M
1264	1285	-6.448E+02	1.00	9.640E-281	0	417	419	0	417	419	418M
1264	6138	-7.601E+01	0.276	9.769E-34	10	412	419	29	426	428	19M2I20M1D52M6D7M4D14M7I18M1D76M1I50M4I33M1D15M3I55M1I26M
1264	8890	-7.601E+01	0.276	9.769E-34	10	412	419	29	426	428	19M2I20M1D52M6D7M4D14M7I18M1D76M1I50M4I33M1D15M3I55M1I26M
1265	1284	-4.250E+02	1.00	2.670E-185	0	285	287	0	285	287	286M
1266	1283	-1.058E+02	1.00	1.168E-46	0	77	79	0	77	79	78M
1267	1282	-9.799E+01	1.00	2.790E-43	0	68	70	0	68	70	69M
1267	6135	-7.454E+01	0.797	4.226E-33	0	68	70	0	68	70	69M
1267	8887	-7.454E+01	0.797	4.226E-33	0	68	70	0	68	70	69M
1268	1281	-2.580E+02	1.00	8.671E-113	0	168	170	0	168	170	169M
1268	6134	-1.855E+02	0.711	2.870E-81	0	168	170	0	183	185	37M14D2M1D130M
1268	8886	-1.855E+02	0.711	2.870E-81	0	168	170	0	183	185	37M14D2M1D130M
1269	1280	-1.826E+02	1.00	4.814E-80	0	121	123	0	121	123	122M
1269	6133	-1.700E+02	0.942	1.479E-74	0	121	123	0	121	123	122M
1269	8885	-1.700E+02	0.942	1.479E-74	0	121	123	0	121	123	122M
1270	1279	-1.590E+02	1.00	8.512E-70	0	106	108	0	106	108	107M
1271	1278	-1.982E+02	1.00	8.296E-87	0	132	134	0	132	134	133M
1272	1277	-1.380E+02	1.00	1.126E-60	0	96	98	0	96	98	97M
1273	1273	-7.084E+02	1.00	0.000E+00	0	809	810	0	809	810	810M
1274	1275	-1.527E+02	1.00	4.968E-67	0	107	109	0	107	109	108M
1274	4955	-1.008E+02	0.675	1.627E-44	0	107	109	0	107	194	108M
1274	8754	-1.008E+02	0.675	1.627E-44	0	107	109	0	107	194	108M
1275	1274	-1.527E+02	1.00	4.968E-67	0	107	109	0	107	109	108M
1275	4955	-1.008E+02	0.675	1.627E-44	0	107	109	0	107	194	108M
1275	8754	-1.008E+02	0.675	1.627E-44	0	107	109	0	107	194	108M
1276	1273	-7.084E+02	1.00	0.000E+00	0	808	810	0	808	810	809M
1277	1272	-1.380E+02	1.00	1.126E-60	0	96	98	0	96	98	97M
1278	1271	-1.982E+02	1.00	8.296E-87	0	132	134	0	132	134	133M
1279	1270	-1.590E+02	1.00	8.512E-70	0	106	108	0	106	108	107M
1280	1269	-1.826E+02	1.00	4.814E-80	0	121	123	0	121	123	122M
1280	6133	-1.700E+02	0.942	1.479E-74	0	121	123	0	121	123	122M
1280	8885	-1.700E+02	0.942	1.479E-74	0	121	123	0	121	123	122M
1281	1268	-2.580E+02	1.00	8.671E-113	0	168	170	0	168	170	169M
1281	6134	-1.855E+02	0.711	2.870E-81	0	168	170	0	183	185	37M14D2M1D130M
1281	8886	-1.855E+02	0.711	2.870E-81	0	168	170	0	183	185	37M14D2M1D130M
1282	1267	-9.799E+01	1.00	2.790E-43	0	68	70	0	68	70	69M
1282	6135	-7.454E+01	0.797	4.226E-33	0	68	70	0	68	70	69M
1282	8887	-7.454E+01	0.797	4.226E-33	0	68	70	0	68	70	69M
1283	1266	-1.058E+02	1.00	1.168E-46	0	77	79	0	77	79	78M
1284	1265	-4.250E+02	1.00	2.670E-185	0	285	287	0	285	287	286M
1285	1264	-6.448E+02	1.00	9.640E-281	0	417	419	0	417	419	418M
1285	6138	-7.601E+01	0.276	9.769E-34	10	412	419	29	426	428	19M2I20M1D52M6D7M4D14M7I18M1D76M1I50M4I33M1D15M3I55M1I26M
1285	8890	-7.601E+01	0.276	9.769E-34	10	412	419	29	426	428	19M2I20M1D52M6D7M4D14M7I18M1D76M1I50M4I33M1D15M3I55M1I26M
1286	1263	-6.735E+02	1.00	3.292E-293	0	450	452	0	450	452	451M
1286	7902	-6.709E+02	0.995	4.092E-292	0	450	452	0	450	452	451M
1286	11721	-6.709E+02	0.995	4.092E-292	0	450	452	0	450	452	451M
1287	1262	-7.084E+02	1.00	0.000E+00	0	585	587	0	585	587	586M
1287	7901	-7.084E+02	0.998	0.000E+00	0	585	587	0	585	587	586M
1287	11720	-7.084E+02	0.998	0.000E+00	0	585	587	0	585	587	586M
1288	1261	-1.654E+02	1.00	1.459E-72	0	105	107	0	105	107	106M
1288	7900	-1.654E+02	1.00	1.459E-72	0	105	107	0	105	107	106M
1288	11719	-1.654E+02	1.00	1.459E-72	0	105	107	0	105	107	106M
1289	1260	-1.851E+02	1.00	4.133E-81	0	129	131	0	129	131	130M
1289	7899	-1.826E+02	0.992	5.171E-80	0	129	131	0	129	131	130M
1289	11718	-1.826E+02	0.992	5.171E-80	0	129	131	0	129	131	130M
1290	1259	-4.949E+01	1.00	3.213E-22	0	43	45	0	43	45	44M
1290	7898	-4.949E+01	1.00	3.213E-22	0	43	45	0	43	45	44M
1290	11717	-4.949E+01	1.00	3.213E-22	0	43	45	0	43	45	44M
1291	1291	-2.135E+02	1.00	1.920E-93	0	137	138	0	137	138	138M
1291	6068	-2.084E+02	0.963	3.002E-91	0	136	138	275	411	413	137M
1291	10428	-2.084E+02	0.963	3.002E-91	0	136	138	275	411	413	137M
1292	1292	-6.635E+02	1.00	6.928E-289	0	428	429	0	428	429	429M
1292	6067	-6.563E+02	0.988	9.717E-286	0	427	429	0	427	429	428M
1292	10427	-6.563E+02	0.988	9.717E-286	0	427	429	0	427	429	428M
1293	1293	-3.397E+02	1.00	2.989E-148	0	223	224	0	223	224	224M
1293	6066	-3.353E+02	0.986	2.472E-146	0	222	224	0	222	224	223M
1293	10426	-3.353E+02	0.986	2.472E-146	0	222	224	0	222	224	223M
1294	1294	-7.084E+02	1.00	0.000E+00	0	564	565	0	564	565	565M
1294	6065	-7.084E+02	0.998	0.000E+00	0	563	565	0	563	565	564M
1294	10425	-7.084E+02	0.998	0.000E+00	0	563	565	0	563	565	564M
1295	1295	-2.920E+02	1.00	1.581E-127	0	205	206	0	205	206	206M
1295	6064	-2.923E+02	1.00	1.154E-127	0	204	206	0	204	206	205M
1295	10424	-2.923E+02	1.00	1.154E-127	0	204	206	0	204	206	205M
1296	1296	-6.004E+02	1.00	1.805E-261	0	390	391	0	390	391	391M
1296	6063	-5.998E+02	0.997	3.390E-261	0	389	391	0	389	391	390M
1296	10423	-5.998E+02	0.997	3.390E-261	0	389	391	0	389	391	390M
1297	1297	-7.084E+02	1.00	0.000E+00	0	533	534	0	533	534	534M
1297	6062	-7.084E+02	0.994	0.000E+00	0	532	534	0	532	534	533M
1297	10422	-7.084E+02	0.994	0.000E+00	0	532	534	0	532	534	533M
1298	1298	-3.836E+02	1.00	2.420E-167	0	267	268	0	267	268	268M
1298	6061	-3.811E+02	0.988	3.013E-166	0	266	268	0	266	268	267M
1298	10421	-3.811E+02	0.988	3.013E-166	0	266	268	0	266	268	267M
1299	1299	-7.084E+02	1.00	0.000E+00	0	663	664	0	663	664	664M
1299	6060	-7.084E+02	0.989	0.000E+00	0	662	664	0	662	664	663M
1299	10420	-7.084E+02	0.989	0.000E+00	0	662	664	0	662	664	663M
1300	1300	-4.562E+02	1.00	7.692E-199	0	300	301	0	300	301	301M
1300	6059	-4.543E+02	0.993	5.098E-198	0	299	301	0	299	301	300M
1300	10419	-4.543E+02	0.993	5.098E-198	0	299	301	0	299	301	300M
1301	1301	-4.830E+02	1.00	1.748E-210	0	313	314	0	313	314	314M
1301	6058	-4.789E+02	0.993	1.052E-208	0	312	314	0	312	314	313M
1301	10418	-4.789E+02	0.993	1.052E-208	0	312	314	0	312	314	313M
1302	1302	-7.084E+02	1.00	0.000E+00	0	1160	1161	0	1160	1161	1161M
1302	6057	-7.084E+02	0.993	0.000E+00	0	1159	1161	0	1159	1161	1160M
1302	10417	-7.084E+02	0.993	0.000E+00	0	1159	1161	0	1159	1161	1160M
1303	1303	-4.297E+02	1.00	2.479E-187	0	267	268	0	267	268	268M
1303	6056	-4.284E+02	0.988	8.750E-187	0	266	268	0	266	268	267M
1303	10416	-4.284E+02	0.988	8.750E-187	0	266	268	0	266	268	267M
1304	1304	-7.084E+02	1.00	0.000E+00	0	600	601	0	600	601	601M
1304	6055	-7.084E+02	0.990	0.000E+00	0	599	601	0	599	601	600M
1304	10415	-7.084E+02	0.990	0.000E+00	0	599	601	0	599	601	600M
1305	1305	-2.116E+02	1.00	1.305E-92	0	144	145	0	144	145	145M
1305	6054	-2.106E+02	0.986	3.366E-92	0	143	145	0	143	145	144M
1305	10414	-2.106E+02	0.986	3.366E-92	0	143	145	0	143	145	144M
1306	1306	-6.050E+02	1.00	1.715E-263	0	405	406	0	405	406	406M
1306	6053	-6.003E+02	0.990	1.935E-261	0	404	406	0	404	406	405M
1306	10413	-6.003E+02	0.990	1.935E-261	0	404	406	0	404	406	405M
1307	1307	-6.621E+02	1.00	2.842E-288	0	438	439	0	438	439	439M
1307	6052	-6.596E+02	0.995	3.533E-287	0	437	439	0	437	439	438M
1307	10412	-6.596E+02	0.995	3.533E-287	0	437	439	0	437	439	438M
1308	1308	-3.365E+02	1.00	7.219E-147	0	217	218	0	217	218	218M
1308	6051	-3.368E+02	1.00	5.266E-147	0	216	218	0	216	218	217M
1308	10411	-3.368E+02	1.00	5.266E-147	0	216	218	0	216	218	217M
1309	1309	-3.319E+02	1.00	7.568E-145	0	222	223	0	222	223	223M
1309	6050	-3.309E+02	0.995	1.949E-144	0	221	223	0	221	223	222M
1309	10410	-3.309E+02	0.995	1.949E-144	0	221	223	0	221	223	222M
1310	1310	-6.546E+02	1.00	5.211E-285	0	437	438	0	437	438	438M
1310	6049	-6.492E+02	0.983	1.103E-282	0	436	438	0	436	438	437M
1310	10409	-6.492E+02	0.983	1.103E-282	0	436	438	0	436	438	437M
1311	1311	-5.821E+02	1.00	1.615E-253	0	384	385	0	384	385	385M
1311	6048	-5.808E+02	0.997	5.695E-253	0	383	385	0	383	385	384M
1311	10408	-5.808E+02	0.997	5.695E-253	0	383	385	0	383	385	384M
1312	1312	-4.439E+02	1.00	1.600E-193	0	299	300	0	299	300	300M
1312	8290	-4.442E+02	1.00	1.168E-193	0	298	300	0	298	300	299M
1312	12107	-4.442E+02	1.00	1.168E-193	0	298	300	0	298	300	299M
1313	1313	-5.037E+02	1.00	1.800E-219	0	322	323	0	322	323	323M
1313	8291	-5.024E+02	0.996	6.351E-219	0	321	323	0	321	323	322M
1313	12106	-5.024E+02	0.996	6.351E-219	0	321	323	0	321	323	322M
1314	1314	-2.500E+02	1.00	2.800E-109	0	173	174	0	173	174	174M
1314	8292	-2.487E+02	0.994	9.893E-109	0	172	174	0	172	174	173M
1314	12105	-2.487E+02	0.994	9.893E-109	0	172	174	0	172	174	173M
1315	1315	-4.186E+02	1.00	1.560E-182	0	274	275	0	274	275	275M
1315	8293	-4.189E+02	1.00	1.138E-182	0	273	275	0	273	275	274M
1315	12104	-4.189E+02	1.00	1.138E-182	0	273	275	0	273	275	274M
1316	1316	-1.894E+02	1.00	5.346E-83	0	125	126	0	125	126	126M
1316	8294	-1.898E+02	1.00	3.898E-83	0	124	126	0	124	126	125M
1316	12103	-1.898E+02	1.00	3.898E-83	0	124	126	0	124	126	125M
1317	1317	-1.976E+02	1.00	1.477E-86	0	145	146	0	145	146	146M
1317	8295	-1.951E+02	0.986	1.847E-85	0	144	146	0	144	146	145M
1317	12102	-1.951E+02	0.986	1.847E-85	0	144	146	0	144	146	145M
1318	1318	-2.081E+02	1.00	4.009E-91	0	143	144	0	143	144	144M
1318	8296	-2.085E+02	1.00	2.924E-91	0	142	144	0	142	144	143M
1318	12101	-2.085E+02	1.00	2.924E-91	0	142	144	0	142	144	143M
1319	1319	-7.444E+02	1.00	4.941E-324	0	496	497	0	496	497	497M
1319	8297	-7.433E+02	0.997	1.482E-323	0	495	497	0	495	497	496M
1319	12100	-7.433E+02	0.997	1.482E-323	0	495	497	0	495	497	496M
1320	1320	-4.395E+02	1.00	1.369E-191	0	273	274	0	273	274	274M
1320	8298	-4.398E+02	1.00	9.986E-192	0	272	274	0	272	274	273M
1320	12099	-4.398E+02	1.00	9.986E-192	0	272	274	0	272	274	273M
1321	1321	-4.386E+02	1.00	3.282E-191	0	305	306	0	305	306	306M
1321	8299	-4.377E+02	0.996	8.447E-191	0	304	306	0	304	306	305M
1321	12098	-4.377E+02	0.996	8.447E-191	0	304	306	0	304	306	305M
1322	1322	-7.084E+02	1.00	0.000E+00	0	935	936	0	935	936	936M
1322	8300	-7.084E+02	0.978	0.000E+00	69	934	936	7	872	874	866M
1322	12097	-7.084E+02	0.978	0.000E+00	69	934	936	7	872	874	866M
1323	1323	-7.084E+02	1.00	0.000E+00	0	923	924	0	923	924	924M
1323	6279	-7.084E+02	0.997	0.000E+00	0	922	924	0	922	924	923M
1323	10487	-7.084E+02	0.997	0.000E+00	0	922	924	0	922	924	923M
1324	1324	-2.520E+02	1.00	3.492E-110	0	189	190	0	189	190	190M
1324	6280	-2.520E+02	0.994	3.492E-110	0	188	190	0	188	190	189M
1324	10488	-2.520E+02	0.994	3.492E-110	0	188	190	0	188	190	189M
1325	1325	-3.760E+02	1.00	5.186E-164	0	276	277	0	276	277	277M
1325	6281	-3.763E+02	1.00	3.784E-164	0	275	277	0	275	277	276M
1325	10489	-3.763E+02	1.00	3.784E-164	0	275	277	0	275	277	276M
1326	1326	-6.642E+02	1.00	3.521E-289	0	427	428	0	427	428	428M
1326	6282	-6.519E+02	0.978	7.634E-284	0	426	428	0	426	428	427M
1326	10490	-6.519E+02	0.978	7.634E-284	0	426	428	0	426	428	427M
1327	1327	-4.076E+02	1.00	9.215E-178	0	273	274	0	273	274	274M
1327	6283	-4.067E+02	0.996	2.373E-177	0	272	274	0	272	274	273M
1327	10491	-4.067E+02	0.996	2.373E-177	0	272	274	0	272	274	273M
1328	1328	-7.084E+02	1.00	0.000E+00	0	506	507	0	506	507	507M
1328	6284	-7.084E+02	1.00	0.000E+00	0	505	507	0	505	507	506M
1328	10492	-7.084E+02	1.00	0.000E+00	0	505	507	0	505	507	506M
1329	1329	-1.549E+02	1.00	5.438E-68	0	108	109	0	108	109	109M
1329	6285	-1.552E+02	1.00	3.965E-68	0	107	109	0	107	109	108M
1329	10493	-1.552E+02	1.00	3.965E-68	0	107	109	0	107	109	108M
1330	1330	-6.266E+02	1.00	7.309E-273	0	422	423	0	422	423	423M
1330	6286	-6.269E+02	1.00	5.334E-273	0	421	423	0	421	423	422M
1330	10494	-6.269E+02	1.00	5.334E-273	0	421	423	0	421	423	422M
1331	1331	-6.657E+01	1.00	1.230E-29	0	83	84	0	83	84	84M
1331	6287	-5.230E+01	0.891	1.928E-23	0	82	84	0	80	82	74M2I7M
1331	10495	-5.230E+01	0.891	1.928E-23	0	82	84	0	80	82	74M2I7M
1332	1332	-1.348E+02	1.00	2.792E-59	0	98	99	0	98	99	99M
1332	6288	-1.351E+02	1.00	2.035E-59	0	97	99	0	97	99	98M
1332	10496	-1.351E+02	1.00	2.035E-59	0	97	99	0	97	99	98M
1333	1333	-7.084E+02	1.00	0.000E+00	0	793	794	0	793	794	794M
1333	6289	-7.084E+02	0.996	0.000E+00	0	792	794	0	792	794	793M
1333	10497	-7.084E+02	0.996	0.000E+00	0	792	794	0	792	794	793M
1334	1334	-4.950E+02	1.00	1.078E-215	0	326	327	0	326	327	327M
1334	6290	-4.937E+02	0.996	3.802E-215	0	325	327	0	325	327	326M
1334	10498	-4.937E+02	0.996	3.802E-215	0	325	327	0	325	327	326M
1335	1335	-3.149E+02	1.00	1.740E-137	0	207	208	0	207	208	208M
1335	6291	-3.092E+02	0.971	5.084E-135	0	206	208	0	206	334	207M
1335	10499	-3.092E+02	0.971	5.084E-135	0	206	208	0	206	334	207M
1336	1336	-3.834E+02	1.00	2.979E-167	0	258	259	0	258	259	259M
1336	6516	-3.740E+02	0.972	3.816E-163	0	257	259	86	343	345	258M
1336	10079	-3.740E+02	0.972	3.816E-163	0	257	259	86	343	345	258M
1337	1337	-4.176E+02	1.00	4.211E-182	0	275	276	0	275	276	276M
1337	6517	-4.139E+02	0.989	1.850E-180	0	274	276	0	274	276	275M
1337	10080	-4.139E+02	0.989	1.850E-180	0	274	276	0	274	276	275M
1338	1338	-3.096E+02	1.00	3.537E-135	0	206	207	0	206	207	207M
1338	6518	-3.096E+02	0.995	3.537E-135	0	205	207	0	205	207	206M
1338	10081	-3.096E+02	0.995	3.537E-135	0	205	207	0	205	207	206M
1339	1339	-4.298E+02	1.00	2.178E-187	0	291	292	0	291	292	292M
1339	6519	-4.251E+02	0.986	2.462E-185	0	290	292	0	290	292	291M
1339	10082	-4.251E+02	0.986	2.462E-185	0	290	292	0	290	292	291M
1340	1340	-6.538E+02	1.00	1.139E-284	0	420	421	0	420	421	421M
1340	6520	-6.494E+02	0.990	9.381E-283	0	419	421	0	419	421	420M
1340	10083	-6.494E+02	0.990	9.381E-283	0	419	421	0	419	421	420M
1341	1341	-7.084E+02	1.00	0.000E+00	0	556	557	0	556	557	557M
1341	6521	-7.084E+02	0.996	0.000E+00	0	555	557	0	555	557	556M
1341	10084	-7.084E+02	0.996	0.000E+00	0	555	557	0	555	557	556M
1342	1342	-5.230E+02	1.00	6.956E-228	0	339	340	0	339	340	340M
1342	6522	-5.180E+02	0.997	1.077E-225	0	336	340	0	336	339	337M
1342	10085	-5.180E+02	0.997	1.077E-225	0	336	340	0	336	339	337M
1343	1343	-7.084E+02	1.00	0.000E+00	0	613	614	0	613	614	614M
1344	1344	-7.129E+02	1.00	2.401E-310	0	456	457	0	456	457	457M
1344	6523	-7.003E+02	0.982	7.129E-305	0	455	457	0	455	457	456M
1344	10086	-7.003E+02	0.982	7.129E-305	0	455	457	0	455	457	456M
1345	1345	-7.084E+02	1.00	0.000E+00	0	553	554	0	553	554	554M
1345	6524	-7.084E+02	0.998	0.000E+00	0	552	554	0	552	554	553M
1345	10087	-7.084E+02	0.998	0.000E+00	0	552	554	0	552	554	553M
1346	1346	-3.649E+02	1.00	3.357E-159	0	250	251	0	250	251	251M
1346	6525	-3.652E+02	1.00	2.449E-159	0	249	251	0	249	251	250M
1346	10088	-3.652E+02	1.00	2.449E-159	0	249	251	0	249	251	250M
1347	1347	-5.881E+02	1.00	3.871E-256	0	383	384	0	383	384	384M
1347	6526	-5.872E+02	0.997	9.963E-256	0	382	384	0	382	384	383M
1347	10089	-5.872E+02	0.997	9.963E-256	0	382	384	0	382	384	383M
1348	1348	-7.084E+02	1.00	0.000E+00	0	568	569	0	568	569	569M
1348	6527	-7.084E+02	0.994	0.000E+00	0	567	569	0	567	569	568M
1348	10090	-7.084E+02	0.994	0.000E+00	0	567	569	0	567	569	568M
1349	1349	-6.205E+02	1.00	3.233E-270	0	404	405	0	404	405	405M
1349	6528	-6.186E+02	0.995	2.141E-269	0	403	405	0	403	405	404M
1349	10091	-6.186E+02	0.995	2.141E-269	0	403	405	0	403	405	404M
1350	1350	-3.558E+02	1.00	3.050E-155	0	236	237	0	236	237	237M
1350	6529	-3.561E+02	1.00	2.225E-155	0	235	237	0	235	237	236M
1350	10092	-3.561E+02	1.00	2.225E-155	0	235	237	0	235	237	236M
1351	1351	-4.271E+02	1.00	3.120E-186	0	294	295	0	294	295	295M
1351	6530	-4.275E+02	1.00	2.276E-186	0	293	295	0	293	295	294M
1351	10093	-4.275E+02	1.00	2.276E-186	0	293	295	0	293	295	294M
1352	1352	-5.937E+02	1.00	1.463E-258	0	385	386	0	385	386	386M
1352	6531	-5.931E+02	0.997	2.748E-258	0	384	386	0	384	386	385M
1352	10094	-5.931E+02	0.997	2.748E-258	0	384	386	0	384	386	385M
1353	1353	-7.084E+02	1.00	0.000E+00	0	868	869	0	868	869	869M
1353	6532	-7.084E+02	0.991	0.000E+00	0	867	869	0	867	869	868M
1353	10095	-7.084E+02	0.991	0.000E+00	0	867	869	0	867	869	868M
1354	1354	-1.129E+02	1.00	9.646E-50	0	88	89	0	88	89	89M
1354	6533	-1.116E+02	0.977	3.419E-49	0	87	89	0	87	89	88M
1354	10096	-1.116E+02	0.977	3.419E-49	0	87	89	0	87	89	88M
1355	1355	-2.636E+02	1.00	3.273E-115	0	191	192	0	191	192	192M
1355	6534	-2.623E+02	0.989	1.156E-114	0	190	192	0	190	192	191M
1355	10097	-2.623E+02	0.989	1.156E-114	0	190	192	0	190	192	191M
1356	1356	-2.459E+02	1.00	1.662E-107	0	166	167	0	166	167	167M
1357	1357	-1.366E+02	1.00	4.720E-60	0	94	95	0	94	95	95M
1357	6537	-1.268E+02	0.936	8.533E-56	0	93	95	0	93	95	94M
1357	10100	-1.268E+02	0.936	8.533E-56	0	93	95	0	93	95	94M
1358	1358	-7.084E+02	1.00	0.000E+00	0	476	477	0	476	477	477M
1358	5094	-7.084E+02	1.00	0.000E+00	0	475	477	0	475	477	476M
1358	9154	-7.084E+02	1.00	0.000E+00	0	475	477	0	475	477	476M
1359	1359	-5.898E+02	1.00	7.348E-257	0	415	416	0	415	416	416M
1359	5093	-5.891E+02	0.997	1.380E-256	0	414	416	0	414	416	415M
1359	9153	-5.891E+02	0.997	1.380E-256	0	414	416	0	414	416	415M
1360	1360	-2.297E+02	1.00	1.721E-100	0	154	155	0	154	155	155M
1360	5092	-2.300E+02	1.00	1.255E-100	0	153	155	0	153	155	154M
1360	9152	-2.300E+02	1.00	1.255E-100	0	153	155	0	153	155	154M
1361	1361	-7.084E+02	1.00	0.000E+00	0	669	670	0	669	670	670M
1361	5091	-7.084E+02	0.998	0.000E+00	0	668	670	9	677	679	669M
1361	9151	-7.084E+02	0.998	0.000E+00	0	668	670	9	677	679	669M
1362	1362	-4.941E+02	1.00	2.617E-215	0	345	346	0	345	346	346M
1362	5090	-4.894E+02	0.988	2.954E-213	0	344	346	0	344	346	345M
1362	9150	-4.894E+02	0.988	2.954E-213	0	344	346	0	344	346	345M
1363	1363	-7.084E+02	1.00	0.000E+00	0	1149	1150	0	1149	1150	1150M
1363	5089	-7.084E+02	0.995	0.000E+00	0	1148	1150	0	1148	1150	1149M
1363	9149	-7.084E+02	0.995	0.000E+00	0	1148	1150	0	1148	1150	1149M
1364	1364	-3.267E+02	1.00	1.311E-142	0	231	232	0	231	232	232M
1364	5088	-3.270E+02	1.00	9.565E-143	0	230	232	0	230	232	231M
1364	9148	-3.270E+02	1.00	9.565E-143	0	230	232	0	230	232	231M
1365	1365	-3.912E+02	1.00	1.253E-170	0	267	268	0	267	268	268M
1365	5087	-3.915E+02	1.00	9.146E-171	0	266	268	0	266	268	267M
1365	9147	-3.915E+02	1.00	9.146E-171	0	266	268	0	266	268	267M
1366	1366	-3.756E+02	1.00	7.421E-164	0	250	251	0	250	251	251M
1366	5086	-3.715E+02	0.984	4.472E-162	0	249	251	0	249	251	250M
1366	9146	-3.715E+02	0.984	4.472E-162	0	249	251	0	249	251	250M
1367	1367	-3.768E+02	1.00	2.170E-164	0	244	245	0	244	245	245M
1367	5085	-3.671E+02	0.975	3.816E-160	0	243	245	0	243	245	244M
1367	9145	-3.671E+02	0.975	3.816E-160	0	243	245	0	243	245	244M
1368	1368	-6.742E+02	1.00	1.570E-293	0	469	470	0	469	470	470M
1368	5084	-6.745E+02	1.00	1.146E-293	0	468	470	0	468	470	469M
1368	9144	-6.745E+02	1.00	1.146E-293	0	468	470	0	468	470	469M
1369	1369	-3.832E+02	1.00	3.643E-167	0	269	270	0	269	270	270M
1369	5083	-3.836E+02	1.00	2.658E-167	0	268	270	0	268	270	269M
1369	9143	-3.836E+02	1.00	2.658E-167	0	268	270	0	268	270	269M
1370	1370	-4.933E+02	1.00	5.569E-215	0	314	315	0	314	315	315M
1370	5082	-4.924E+02	0.996	1.433E-214	0	313	315	0	313	315	314M
1370	9142	-4.924E+02	0.996	1.433E-214	0	313	315	0	313	315	314M
1371	1371	-4.633E+02	1.00	6.457E-202	0	317	318	0	317	318	318M
1371	5081	-4.494E+02	0.981	6.791E-196	0	316	318	0	316	318	317M
1371	9141	-4.494E+02	0.981	6.791E-196	0	316	318	0	316	318	317M
1372	1372	-7.084E+02	1.00	0.000E+00	0	803	804	0	803	804	804M
1372	5080	-7.084E+02	0.965	0.000E+00	0	802	804	0	802	804	803M
1372	9140	-7.084E+02	0.965	0.000E+00	0	802	804	0	802	804	803M
1373	1373	-3.650E+02	1.00	3.010E-159	0	241	242	0	241	242	242M
1373	5079	-3.584E+02	0.979	2.261E-156	0	240	242	0	240	242	241M
1373	9139	-3.584E+02	0.979	2.261E-156	0	240	242	0	240	242	241M
1374	1374	-7.084E+02	1.00	0.000E+00	0	697	698	0	697	698	698M
1374	5078	-6.207E+02	0.649	2.716E-270	0	696	698	0	676	678	309M1I9M7I14M7I26M3D5M2I9M1D127M3D39M6I6M1D3M8I7M1I33M9I20M9D14M4D35M
1374	9138	-6.207E+02	0.649	2.716E-270	0	696	698	0	676	678	309M1I9M7I14M7I26M3D5M2I9M1D127M3D39M6I6M1D3M8I7M1I33M9I20M9D14M4D35M
1375	1375	-6.710E+02	1.00	3.729E-292	0	449	450	0	449	450	450M
1375	5077	-2.629E+02	0.463	6.387E-115	0	448	450	0	491	493	112M9D74M5D16M15I8M1I55M8D6M28D7M7D35M1I19M2D27M1I22M4D8M2I12M1I23M1D4M
1375	9137	-2.629E+02	0.463	6.387E-115	0	448	450	0	491	493	112M9D74M5D16M15I8M1I55M8D6M28D7M7D35M1I19M2D27M1I22M4D8M2I12M1I23M1D4M
1376	1376	-2.940E+02	1.00	2.094E-128	0	189	190	0	189	190	190M
1376	5076	-2.943E+02	1.00	1.527E-128	0	188	190	0	188	190	189M
1376	9136	-2.943E+02	1.00	1.527E-128	0	188	190	0	188	190	189M
1377	1377	-2.766E+02	1.00	7.660E-121	0	197	198	0	197	198	198M
1377	5075	-2.763E+02	0.994	1.050E-120	0	196	198	0	196	198	197M
1377	9135	-2.763E+02	0.994	1.050E-120	0	196	198	0	196	198	197M
1378	1378	-4.826E+02	1.00	2.510E-210	0	314	315	0	314	315	315M
1378	5793	-4.829E+02	1.00	1.832E-210	0	313	315	0	313	315	314M
1378	10001	-4.829E+02	1.00	1.832E-210	0	313	315	0	313	315	314M
1379	1379	-5.243E+02	1.00	2.022E-228	0	353	354	0	353	354	354M
1379	5794	-5.246E+02	1.00	1.475E-228	0	352	354	12	364	366	353M
1379	10002	-5.246E+02	1.00	1.475E-228	0	352	354	12	364	366	353M
1380	1380	-7.319E+02	1.00	1.416E-318	0	482	483	0	482	483	483M
1380	5795	-7.303E+02	0.995	6.839E-318	0	481	483	0	481	483	482M
1380	10003	-7.303E+02	0.995	6.839E-318	0	481	483	0	481	483	482M
1381	1381	-4.675E+02	1.00	9.649E-204	0	308	309	0	308	309	309M
1381	5796	-4.678E+02	1.00	7.041E-204	0	307	309	0	307	309	308M
1381	10004	-4.678E+02	1.00	7.041E-204	0	307	309	0	307	309	308M
1382	1382	-4.323E+02	1.00	1.726E-188	0	284	285	0	284	285	285M
1382	5797	-4.301E+02	0.996	1.568E-187	0	283	285	0	283	285	284M
1382	10005	-4.301E+02	0.996	1.568E-187	0	283	285	0	283	285	284M
1383	1383	-6.283E+02	1.00	1.378E-273	0	420	421	0	420	421	421M
1383	5798	-6.286E+02	1.00	1.006E-273	0	419	421	0	419	421	420M
1383	10006	-6.286E+02	1.00	1.006E-273	0	419	421	0	419	421	420M
1384	1384	-5.717E+02	1.00	5.350E-249	0	391	392	0	391	392	392M
1384	5799	-5.720E+02	1.00	3.904E-249	0	390	392	0	390	392	391M
1384	10007	-5.720E+02	1.00	3.904E-249	0	390	392	0	390	392	391M
1385	1385	-4.527E+02	1.00	2.465E-197	0	300	301	0	300	301	301M
1385	5800	-4.530E+02	1.00	1.799E-197	0	299	301	0	299	301	300M
1385	10008	-4.530E+02	1.00	1.799E-197	0	299	301	0	299	301	300M
1386	1386	-2.064E+02	1.00	2.245E-90	0	146	147	0	146	147	147M
1386	5801	-2.067E+02	1.00	1.637E-90	0	145	147	0	145	147	146M
1386	10009	-2.067E+02	1.00	1.637E-90	0	145	147	0	145	147	146M
1387	1387	-3.466E+02	1.00	2.948E-151	0	230	231	0	230	231	231M
1387	5802	-3.469E+02	1.00	2.150E-151	0	229	231	0	229	231	230M
1387	10010	-3.469E+02	1.00	2.150E-151	0	229	231	0	229	231	230M
1388	1388	-7.084E+02	1.00	0.000E+00	0	905	906	0	905	906	906M
1388	5803	-7.084E+02	1.00	0.000E+00	0	904	906	0	904	906	905M
1388	10011	-7.084E+02	1.00	0.000E+00	0	904	906	0	904	906	905M
1389	1389	-7.084E+02	1.00	0.000E+00	0	660	661	0	660	661	661M
1389	5804	-7.084E+02	0.989	0.000E+00	0	659	661	0	658	660	108M1I551M
1389	10012	-7.084E+02	0.989	0.000E+00	0	659	661	0	658	660	108M1I551M
1390	1390	-1.191E+02	1.00	1.903E-52	0	90	91	0	90	91	91M
1390	5805	-1.194E+02	1.00	1.387E-52	0	89	91	0	89	91	90M
1390	10013	-1.194E+02	1.00	1.387E-52	0	89	91	0	89	91	90M
1391	1391	-2.690E+02	1.00	1.534E-117	0	191	192	0	191	192	192M
1391	5806	-2.674E+02	0.994	7.429E-117	0	190	192	0	190	192	191M
1391	10014	-2.674E+02	0.994	7.429E-117	0	190	192	0	190	192	191M
1392	1392	-7.084E+02	1.00	0.000E+00	0	721	722	0	721	722	722M
1392	5807	-7.084E+02	0.981	0.000E+00	0	720	722	0	717	719	138M3I580M
1392	10015	-7.084E+02	0.981	0.000E+00	0	720	722	0	717	719	138M3I580M
1393	1393	-4.162E+02	1.00	1.741E-181	0	265	266	0	265	266	266M
1393	5808	-4.150E+02	0.996	6.146E-181	0	264	266	0	264	266	265M
1393	10016	-4.150E+02	0.996	6.146E-181	0	264	266	0	264	266	265M
1394	1394	-1.305E+02	1.00	2.057E-57	0	89	90	0	89	90	90M
1394	5809	-1.299E+02	0.988	3.872E-57	0	88	90	32	120	122	89M
1394	10017	-1.299E+02	0.988	3.872E-57	0	88	90	32	120	122	89M
1395	1395	-7.146E+02	1.00	4.558E-311	0	488	489	0	488	489	489M
1395	5810	-7.149E+02	1.00	3.326E-311	0	487	489	0	487	489	488M
1395	10018	-7.149E+02	1.00	3.326E-311	0	487	489	0	487	489	488M
1396	1396	-6.731E+02	1.00	4.677E-293	0	445	446	0	445	446	446M
1396	5811	-6.690E+02	0.995	2.808E-291	0	444	446	0	444	446	445M
1396	10019	-6.690E+02	0.995	2.808E-291	0	444	446	0	444	446	445M
1397	1397	-3.396E+02	1.00	3.232E-148	0	218	219	0	218	219	219M
1397	5812	-3.365E+02	0.990	7.570E-147	0	217	219	0	217	219	218M
1397	10020	-3.365E+02	0.990	7.570E-147	0	217	219	0	217	219	218M
1398	1398	-7.084E+02	1.00	0.000E+00	0	566	567	0	566	567	567M
1398	5813	-7.084E+02	1.00	0.000E+00	0	565	567	0	565	567	566M
1398	10021	-7.084E+02	1.00	0.000E+00	0	565	567	0	565	567	566M
1399	1399	-3.858E+02	1.00	2.846E-168	0	255	256	0	255	256	256M
1399	5814	-3.845E+02	0.996	1.005E-167	0	254	256	0	254	256	255M
1399	10022	-3.845E+02	0.996	1.005E-167	0	254	256	0	254	256	255M
1400	1400	-2.783E+02	1.00	1.325E-121	0	180	181	0	180	181	181M
1400	8182	-2.774E+02	0.994	3.414E-121	0	179	181	0	179	181	180M
1400	11960	-2.774E+02	0.994	3.414E-121	0	179	181	0	179	181	180M
1401	1401	-4.881E+02	1.00	1.068E-212	0	332	333	0	332	333	333M
1401	8181	-4.808E+02	0.987	1.500E-209	0	331	333	0	331	333	332M
1401	11959	-4.808E+02	0.987	1.500E-209	0	331	333	0	331	333	332M
1402	1402	-2.413E+02	1.00	1.561E-105	0	162	163	0	162	163	163M
1402	8180	-2.416E+02	1.00	1.139E-105	0	161	163	0	161	163	162M
1402	11958	-2.416E+02	1.00	1.139E-105	0	161	163	0	161	163	162M
1403	1403	-2.865E+02	1.00	3.878E-125	0	188	189	0	188	189	189M
1403	8179	-2.868E+02	1.00	2.828E-125	0	187	189	0	187	189	188M
1403	11957	-2.868E+02	1.00	2.828E-125	0	187	189	0	187	189	188M
1404	1404	-2.420E+02	1.00	7.917E-106	0	161	162	0	161	162	162M
1404	8178	-2.325E+02	0.950	1.025E-101	0	160	162	0	160	162	161M
1404	11956	-2.325E+02	0.950	1.025E-101	0	160	162	0	160	162	161M
1405	1405	-1.909E+02	1.00	1.242E-83	0	134	135	0	134	135	135M
1405	8177	-1.858E+02	0.970	1.943E-81	0	133	135	0	133	135	134M
1405	11955	-1.858E+02	0.970	1.943E-81	0	133	135	0	133	135	134M
1406	1406	-6.504E+02	1.00	3.479E-283	0	419	420	0	419	420	420M
1406	8176	-6.463E+02	0.985	2.090E-281	0	418	420	0	418	420	419M
1406	11954	-6.463E+02	0.985	2.090E-281	0	418	420	0	418	420	419M
1407	1407	-7.084E+02	1.00	0.000E+00	0	792	793	0	792	793	793M
1407	8175	-7.084E+02	1.00	0.000E+00	0	791	793	0	791	793	792M
1407	11953	-7.084E+02	1.00	0.000E+00	0	791	793	0	791	793	792M
1408	1408	-2.323E+02	1.00	1.301E-101	0	166	167	0	166	167	167M
1408	8174	-2.314E+02	0.993	3.352E-101	0	165	167	0	165	167	166M
1408	11952	-2.314E+02	0.993	3.352E-101	0	165	167	0	165	167	166M
1409	1409	-1.665E+02	1.00	5.142E-73	0	117	118	0	117	118	118M
1409	8173	-1.655E+02	0.991	1.327E-72	0	116	118	0	116	118	117M
1409	11951	-1.655E+02	0.991	1.327E-72	0	116	118	0	116	118	117M
1410	1410	-5.313E+02	1.00	1.797E-231	0	351	352	0	351	352	352M
1410	8172	-5.307E+02	0.997	3.374E-231	0	350	352	0	350	352	351M
1410	11950	-5.307E+02	0.997	3.374E-231	0	350	352	0	350	352	351M
1411	1411	-4.045E+02	1.00	2.059E-176	0	252	253	0	252	253	253M
1411	8171	-4.017E+02	0.992	3.516E-175	0	251	253	0	251	253	252M
1411	11949	-4.017E+02	0.992	3.516E-175	0	251	253	0	251	253	252M
1412	1412	-6.893E+02	1.00	4.425E-300	0	463	464	0	463	464	464M
1412	8170	-6.855E+02	0.989	1.939E-298	0	462	464	0	462	464	463M
1412	11948	-6.855E+02	0.989	1.939E-298	0	462	464	0	462	464	463M
1413	1413	-3.064E+02	1.00	8.691E-134	0	207	208	0	207	208	208M
1413	8169	-3.067E+02	1.00	6.340E-134	0	206	208	0	206	208	207M
1413	11947	-3.067E+02	1.00	6.340E-134	0	206	208	0	206	208	207M
1414	1414	-7.084E+02	1.00	0.000E+00	0	530	531	0	530	531	531M
1414	8168	-7.084E+02	0.998	0.000E+00	0	529	531	0	529	531	530M
1414	11946	-7.084E+02	0.998	0.000E+00	0	529	531	0	529	531	530M
1415	1415	-2.379E+02	1.00	4.925E-104	0	155	156	0	155	156	156M
1415	8167	-2.372E+02	0.993	9.260E-104	0	154	156	0	154	156	155M
1415	11945	-2.372E+02	0.993	9.260E-104	0	154	156	0	154	156	155M
1416	1416	-3.158E+02	1.00	6.867E-138	0	214	215	0	214	215	215M
1416	8166	-3.161E+02	1.00	5.010E-138	0	213	215	0	213	215	214M
1416	11944	-3.161E+02	1.00	5.010E-138	0	213	215	0	213	215	214M
1417	1417	-6.721E+02	1.00	1.247E-292	0	439	440	0	439	440	440M
1417	8165	-6.693E+02	0.993	2.124E-291	0	438	440	0	438	440	439M
1417	11943	-6.693E+02	0.993	2.124E-291	0	438	440	0	438	440	439M
1418	1418	-7.084E+02	1.00	0.000E+00	0	739	740	0	739	740	740M
1418	8164	-7.084E+02	1.00	0.000E+00	0	738	740	0	738	740	739M
1418	11942	-7.084E+02	1.00	0.000E+00	0	738	740	0	738	740	739M
1419	1419	-7.084E+02	1.00	0.000E+00	0	559	560	0	559	560	560M
1419	8163	-7.084E+02	1.00	0.000E+00	0	558	560	0	558	560	559M
1419	11941	-7.084E+02	1.00	0.000E+00	0	558	560	0	558	560	559M
1420	1420	-1.818E+02	1.00	1.154E-79	0	127	128	0	127	128	128M
1420	8162	-1.802E+02	0.992	5.597E-79	0	126	128	0	126	128	127M
1420	11940	-1.802E+02	0.992	5.597E-79	0	126	128	0	126	128	127M
1421	1421	-1.844E+02	1.00	8.560E-81	0	132	133	0	132	133	133M
1421	8161	-1.847E+02	1.00	6.242E-81	0	131	133	0	131	133	132M
1421	11939	-1.847E+02	1.00	6.242E-81	0	131	133	0	131	133	132M
1422	1422	-2.644E+02	1.00	1.530E-115	0	175	176	0	175	176	176M
1422	8160	-2.647E+02	1.00	1.116E-115	0	174	176	0	174	176	175M
1422	11938	-2.647E+02	1.00	1.116E-115	0	174	176	0	174	176	175M
1423	1423	-6.747E+02	1.00	9.571E-294	0	438	439	0	438	439	439M
1423	8159	-6.750E+02	1.00	6.984E-294	0	437	439	0	437	439	438M
1423	11937	-6.750E+02	1.00	6.984E-294	0	437	439	0	437	439	438M
1424	1424	-4.125E+02	1.00	7.268E-180	0	284	285	0	284	285	285M
1424	5335	-4.062E+02	0.975	3.973E-177	0	283	285	120	403	405	284M
1424	9395	-4.062E+02	0.975	3.973E-177	0	283	285	120	403	405	284M
1425	1425	-4.017E+02	1.00	3.574E-175	0	259	260	0	259	260	260M
1425	5334	-3.897E+02	0.965	5.704E-170	0	257	260	0	257	260	258M
1425	9394	-3.897E+02	0.965	5.704E-170	0	257	260	0	257	260	258M
1426	1426	-7.084E+02	1.00	0.000E+00	0	824	825	0	824	825	825M
1426	5333	-7.084E+02	0.986	0.000E+00	4	823	825	0	819	821	820M
1426	9393	-7.084E+02	0.986	0.000E+00	4	823	825	0	819	821	820M
1427	1427	-7.084E+02	1.00	0.000E+00	0	495	496	0	495	496	496M
1427	5332	-7.363E+02	0.975	1.677E-320	0	494	496	0	494	496	495M
1427	9392	-7.363E+02	0.975	1.677E-320	0	494	496	0	494	496	495M
1428	1428	-1.812E+02	1.00	2.019E-79	0	119	120	0	119	120	120M
1428	5331	-1.784E+02	0.983	3.466E-78	0	118	120	306	424	426	119M
1428	9391	-1.784E+02	0.983	3.466E-78	0	118	120	306	424	426	119M
1429	1429	-3.722E+02	1.00	2.166E-162	0	248	249	0	248	249	249M
1429	5331	-3.461E+02	0.954	5.017E-151	0	242	249	0	242	426	243M
1429	9391	-3.461E+02	0.954	5.017E-151	0	242	249	0	242	426	243M
1430	1430	-7.084E+02	1.00	0.000E+00	0	768	769	0	768	769	769M
1430	5330	-7.084E+02	0.988	0.000E+00	0	767	769	0	767	769	768M
1430	9390	-7.084E+02	0.988	0.000E+00	0	767	769	0	767	769	768M
1431	1431	-4.629E+02	1.00	9.040E-202	0	304	305	0	304	305	305M
1431	5329	-4.569E+02	0.983	3.605E-199	0	303	305	0	303	305	304M
1431	9389	-4.569E+02	0.983	3.605E-199	0	303	305	0	303	305	304M
1432	1432	-4.815E+02	1.00	7.440E-210	0	317	318	0	317	318	318M
1432	5328	-4.752E+02	0.984	4.065E-207	0	316	318	0	316	318	317M
1432	9388	-4.752E+02	0.984	4.065E-207	0	316	318	0	316	318	317M
1433	1433	-4.976E+02	1.00	7.775E-217	0	317	318	0	317	318	318M
1433	5327	-4.954E+02	0.996	7.061E-216	0	316	318	0	316	318	317M
1433	9387	-4.954E+02	0.996	7.061E-216	0	316	318	0	316	318	317M
1434	1434	-3.579E+02	1.00	3.742E-156	0	245	246	0	245	246	246M
1434	5326	-3.557E+02	0.991	3.401E-155	0	244	246	0	244	246	245M
1434	9386	-3.557E+02	0.991	3.401E-155	0	244	246	0	244	246	245M
1435	1435	-2.395E+02	1.00	9.888E-105	0	161	162	0	161	162	162M
1435	5325	-2.398E+02	1.00	7.212E-105	0	160	162	0	160	162	161M
1435	9385	-2.398E+02	1.00	7.212E-105	0	160	162	0	160	162	161M
1436	1436	-6.756E+02	1.00	3.803E-294	0	425	426	0	425	426	426M
1436	5324	-6.709E+02	0.992	4.291E-292	0	424	426	0	424	426	425M
1436	9384	-6.709E+02	0.992	4.291E-292	0	424	426	0	424	426	425M
1437	1437	-2.697E+02	1.00	7.165E-118	0	175	176	0	175	176	176M
1437	5323	-2.650E+02	0.982	8.142E-116	0	174	176	0	174	176	175M
1437	9383	-2.650E+02	0.982	8.142E-116	0	174	176	0	174	176	175M
1438	1438	-1.878E+02	1.00	2.655E-82	0	119	120	0	119	120	120M
1438	5322	-1.882E+02	1.00	1.936E-82	0	118	120	0	118	120	119M
1438	9382	-1.882E+02	1.00	1.936E-82	0	118	120	0	118	120	119M
1439	1439	-5.980E+02	1.00	2.044E-260	0	388	389	0	388	389	389M
1439	5321	-5.973E+02	0.997	3.839E-260	0	387	389	0	387	389	388M
1439	9381	-5.973E+02	0.997	3.839E-260	0	387	389	0	387	389	388M
1440	1440	-5.576E+02	1.00	7.096E-243	0	369	370	0	369	370	370M
1440	5320	-5.503E+02	0.986	9.963E-240	0	368	370	0	368	370	369M
1440	9380	-5.503E+02	0.986	9.963E-240	0	368	370	0	368	370	369M
1441	1441	-2.461E+02	1.00	1.295E-107	0	174	175	0	174	175	175M
1441	5319	-2.430E+02	0.988	3.039E-106	0	173	175	6	179	181	174M
1441	9379	-2.430E+02	0.988	3.039E-106	0	173	175	6	179	181	174M
1442	1442	-6.572E+02	1.00	3.899E-286	0	449	450	0	449	450	450M
1442	5318	-6.547E+02	0.995	4.845E-285	0	448	450	0	448	450	449M
1442	9378	-6.547E+02	0.995	4.845E-285	0	448	450	0	448	450	449M
1443	1443	-6.656E+02	1.00	8.977E-290	0	418	419	0	418	419	419M
1443	5317	-6.558E+02	0.976	1.567E-285	0	417	419	0	417	419	418M
1443	9377	-6.558E+02	0.976	1.567E-285	0	417	419	0	417	419	418M
1444	1444	-3.619E+02	1.00	6.822E-158	0	247	248	0	247	248	248M
1444	5316	-3.603E+02	0.991	3.300E-157	0	246	248	0	246	248	247M
1444	9376	-3.603E+02	0.991	3.300E-157	0	246	248	0	246	248	247M
1445	1445	-3.591E+02	1.00	1.078E-156	0	232	233	0	232	233	233M
1445	5315	-3.538E+02	0.982	2.295E-154	0	231	233	0	231	233	232M
1445	9375	-3.538E+02	0.982	2.295E-154	0	231	233	0	231	233	232M
1446	1446	-5.987E+02	1.00	1.012E-260	0	373	374	0	373	374	374M
1446	5314	-5.892E+02	0.981	1.290E-256	0	372	374	0	372	374	373M
1446	9374	-5.892E+02	0.981	1.290E-256	0	372	374	0	372	374	373M
1447	1447	-6.425E+02	1.00	9.489E-280	0	413	414	0	413	414	414M
1447	5313	-6.340E+02	0.987	4.695E-276	0	412	414	0	412	414	413M
1447	9373	-6.340E+02	0.987	4.695E-276	0	412	414	0	412	414	413M
1448	1448	-5.220E+02	1.00	2.015E-227	0	355	356	0	355	356	356M
1448	6920	-5.217E+02	0.997	2.761E-227	0	354	356	0	354	356	355M
1448	11113	-5.217E+02	0.997	2.761E-227	0	354	356	0	354	356	355M
1449	1449	-7.084E+02	1.00	0.000E+00	0	1187	1188	0	1187	1188	1188M
1449	6921	-7.084E+02	0.999	0.000E+00	0	1186	1188	0	1186	1188	1187M
1449	11112	-7.084E+02	0.999	0.000E+00	0	1186	1188	0	1186	1188	1187M
1450	1450	-4.083E+02	1.00	4.744E-178	0	279	280	0	279	280	280M
1450	6922	-4.070E+02	0.996	1.674E-177	0	278	280	0	278	280	279M
1450	11111	-4.070E+02	0.996	1.674E-177	0	278	280	0	278	280	279M
1451	1451	-4.080E+02	1.00	6.120E-178	0	271	272	0	271	272	272M
1451	6923	-4.084E+02	1.00	4.465E-178	0	270	272	0	270	272	271M
1451	11110	-4.084E+02	1.00	4.465E-178	0	270	272	0	270	272	271M
1452	1452	-4.688E+02	1.00	2.523E-204	0	313	314	0	313	314	314M
1452	6924	-4.675E+02	0.996	8.901E-204	0	312	314	0	312	314	313M
1452	11109	-4.675E+02	0.996	8.901E-204	0	312	314	0	312	314	313M
1453	1453	-7.084E+02	1.00	0.000E+00	0	668	669	0	668	669	669M
1453	6925	-7.084E+02	0.998	0.000E+00	0	667	669	0	667	669	668M
1453	11108	-7.084E+02	0.998	0.000E+00	0	667	669	0	667	669	668M
1454	1454	-7.084E+02	1.00	0.000E+00	0	521	522	0	521	522	522M
1454	6926	-7.084E+02	0.996	0.000E+00	0	520	522	0	520	522	521M
1454	10318	-7.084E+02	0.994	0.000E+00	0	520	522	0	520	522	521M
1455	1462	-1.010E+02	1.00	1.369E-44	0	71	73	0	71	73	72M
1455	5957	-1.010E+02	1.00	1.369E-44	0	71	73	0	71	73	72M
1455	10317	-1.010E+02	1.00	1.369E-44	0	71	73	0	71	73	72M
1456	1461	-2.830E+02	1.00	1.268E-123	0	194	196	0	194	196	195M
1456	5956	-2.805E+02	0.994	1.582E-122	0	194	196	0	194	196	195M
1456	10316	-2.805E+02	0.994	1.582E-122	0	194	196	0	194	196	195M
1457	1460	-1.004E+02	1.00	2.451E-44	0	70	72	0	70	72	71M
1457	5955	-1.004E+02	1.00	2.451E-44	0	70	72	0	70	72	71M
1457	10315	-1.004E+02	1.00	2.451E-44	0	70	72	0	70	72	71M
1458	1459	-2.919E+02	1.00	1.732E-127	0	186	188	0	186	188	187M
1458	5954	-2.919E+02	1.00	1.732E-127	0	186	188	0	186	188	187M
1458	10314	-2.919E+02	1.00	1.732E-127	0	186	188	0	186	188	187M
1459	1458	-2.919E+02	1.00	1.732E-127	0	186	188	0	186	188	187M
1459	5954	-2.919E+02	1.00	1.732E-127	0	186	188	0	186	188	187M
1459	10314	-2.919E+02	1.00	1.732E-127	0	186	188	0	186	188	187M
1460	1457	-1.004E+02	1.00	2.451E-44	0	70	72	0	70	72	71M
1460	5955	-1.004E+02	1.00	2.451E-44	0	70	72	0	70	72	71M
1460	10315	-1.004E+02	1.00	2.451E-44	0	70	72	0	70	72	71M
1461	1456	-2.830E+02	1.00	1.268E-123	0	194	196	0	194	196	195M
1461	5956	-2.805E+02	0.994	1.582E-122	0	194	196	0	194	196	195M
1461	10316	-2.805E+02	0.994	1.582E-122	0	194	196	0	194	196	195M
1462	1455	-1.010E+02	1.00	1.369E-44	0	71	73	0	71	73	72M
1462	5957	-1.010E+02	1.00	1.369E-44	0	71	73	0	71	73	72M
1462	10317	-1.010E+02	1.00	1.369E-44	0	71	73	0	71	73	72M
1463	1463	-7.084E+02	1.00	0.000E+00	0	521	522	0	521	522	522M
1463	6926	-7.084E+02	0.996	0.000E+00	0	520	522	0	520	522	521M
1463	10318	-7.084E+02	0.994	0.000E+00	0	520	522	0	520	522	521M
1464	1464	-1.303E+02	1.00	2.691E-57	0	114	115	0	114	115	115M
1464	5959	-1.293E+02	0.991	6.945E-57	0	113	115	0	113	115	114M
1464	10319	-1.293E+02	0.991	6.945E-57	0	113	115	0	113	115	114M
1465	1465	-3.113E+02	1.00	6.335E-136	0	203	204	0	203	204	204M
1465	5960	-3.100E+02	0.995	2.237E-135	0	202	204	0	202	204	203M
1465	10320	-3.100E+02	0.995	2.237E-135	0	202	204	0	202	204	203M
1466	1466	-7.084E+02	1.00	0.000E+00	0	812	813	0	812	813	813M
1466	5961	-7.084E+02	0.982	0.000E+00	0	811	813	0	811	813	812M
1466	10321	-7.084E+02	0.982	0.000E+00	0	811	813	0	811	813	812M
1467	1467	-3.743E+02	1.00	2.789E-163	0	238	239	0	238	239	239M
1467	5962	-3.730E+02	0.995	9.847E-163	0	237	239	0	237	239	238M
1467	10322	-3.730E+02	0.995	9.847E-163	0	237	239	0	237	239	238M
1468	1468	-3.281E+02	1.00	3.220E-143	0	208	209	0	208	209	209M
1468	5963	-3.265E+02	0.990	1.559E-142	0	207	209	0	207	209	208M
1468	10323	-3.265E+02	0.990	1.559E-142	0	207	209	0	207	209	208M
1469	1469	-3.840E+02	1.00	1.662E-167	0	259	260	0	259	260	260M
1469	5964	-3.761E+02	0.972	4.402E-164	0	258	260	0	258	260	259M
1469	10324	-3.761E+02	0.972	4.402E-164	0	258	260	0	258	260	259M
1470	1470	-6.810E+02	1.00	1.686E-296	0	471	472	0	471	472	472M
1470	5965	-6.785E+02	0.995	2.094E-295	0	470	472	0	470	472	471M
1470	10325	-6.785E+02	0.995	2.094E-295	0	470	472	0	470	472	471M
1471	1471	-1.204E+02	1.00	5.112E-53	0	89	90	0	89	90	90M
1471	5968	-1.163E+02	0.966	3.122E-51	0	89	90	0	89	115	90M
1471	10328	-1.163E+02	0.966	3.122E-51	0	89	90	0	89	115	90M
1472	1472	-7.084E+02	1.00	0.000E+00	0	734	735	0	734	735	735M
1472	5969	-7.084E+02	0.994	0.000E+00	0	733	735	0	733	735	734M
1472	10329	-7.084E+02	0.994	0.000E+00	0	733	735	0	733	735	734M
1473	1473	-1.960E+02	1.00	7.367E-86	0	139	140	0	139	140	140M
1473	5970	-1.963E+02	1.00	5.373E-86	0	138	140	0	138	140	139M
1473	10330	-1.963E+02	1.00	5.373E-86	0	138	140	0	138	140	139M
1474	1474	-2.372E+02	1.00	9.448E-104	0	162	163	0	162	163	163M
1474	5971	-2.375E+02	1.00	6.891E-104	0	161	163	0	161	163	162M
1474	10331	-2.375E+02	1.00	6.891E-104	0	161	163	0	161	163	162M
1475	1475	-7.084E+02	1.00	0.000E+00	0	859	860	0	859	860	860M
1475	5972	-7.084E+02	1.00	0.000E+00	0	858	860	0	858	860	859M
1475	10332	-7.084E+02	1.00	0.000E+00	0	858	860	0	858	860	859M
1476	1476	-4.113E+02	1.00	2.271E-179	0	268	269	0	268	269	269M
1476	5973	-4.117E+02	1.00	1.657E-179	0	267	269	0	267	269	268M
1476	10333	-4.117E+02	1.00	1.657E-179	0	267	269	0	267	269	268M
1477	1477	-2.089E+02	1.00	1.937E-91	0	141	142	0	141	142	142M
1477	5974	-2.063E+02	0.978	2.421E-90	0	140	142	0	140	142	141M
1477	10334	-2.063E+02	0.978	2.421E-90	0	140	142	0	140	142	141M
1478	1478	-2.036E+02	1.00	3.955E-89	0	140	141	0	140	141	141M
1478	5975	-2.039E+02	1.00	2.884E-89	0	139	141	0	139	141	140M
1478	10335	-2.039E+02	1.00	2.884E-89	0	139	141	0	139	141	140M
1479	1479	-3.457E+02	1.00	7.014E-151	0	235	236	0	235	236	236M
1479	5976	-3.177E+02	0.995	1.079E-138	0	216	236	0	216	222	217M
1479	10336	-3.177E+02	0.995	1.079E-138	0	216	236	0	216	222	217M
1480	1480	-5.503E+02	1.00	1.005E-239	0	349	350	0	349	350	350M
1480	8230	-5.494E+02	0.997	2.587E-239	0	348	350	0	348	350	349M
1480	12087	-5.494E+02	0.997	2.587E-239	0	348	350	0	348	350	349M
1481	1481	-3.795E+02	1.00	1.508E-165	0	261	262	0	261	262	262M
1481	8229	-3.798E+02	1.00	1.100E-165	0	260	262	0	260	262	261M
1481	12088	-3.798E+02	1.00	1.100E-165	0	260	262	0	260	262	261M
1482	1482	-1.455E+02	1.00	6.160E-64	0	105	106	0	105	106	106M
1482	8228	-1.459E+02	1.00	4.491E-64	0	104	106	0	104	106	105M
1482	12089	-1.459E+02	1.00	4.491E-64	0	104	106	0	104	106	105M
1483	1483	-6.813E+02	1.00	1.343E-296	0	439	440	0	439	440	440M
1483	8227	-6.800E+02	0.997	4.735E-296	0	438	440	0	438	440	439M
1483	12090	-6.800E+02	0.997	4.735E-296	0	438	440	0	438	440	439M
1484	1484	-5.923E+02	1.00	5.938E-258	0	388	389	0	388	389	389M
1484	8226	-5.910E+02	0.997	2.094E-257	0	387	389	0	387	389	388M
1484	12091	-5.910E+02	0.997	2.094E-257	0	387	389	0	387	389	388M
1485	1485	-5.141E+02	1.00	5.190E-224	0	341	342	0	341	342	342M
1485	8225	-5.129E+02	0.997	1.831E-223	0	340	342	0	340	342	341M
1485	12092	-5.129E+02	0.997	1.831E-223	0	340	342	0	340	342	341M
1486	1486	-7.084E+02	1.00	0.000E+00	0	878	879	0	878	879	879M
1486	8224	-7.084E+02	0.997	0.000E+00	0	877	879	0	877	879	878M
1486	12093	-7.084E+02	0.997	0.000E+00	0	877	879	0	877	879	878M
1487	1487	-6.242E+02	1.00	7.984E-272	0	426	427	0	426	427	427M
1487	8223	-6.245E+02	1.00	5.827E-272	0	425	427	0	425	427	426M
1487	12094	-6.245E+02	1.00	5.827E-272	0	425	427	0	425	427	426M
1488	1488	-1.089E+02	1.00	4.841E-48	0	84	85	0	84	85	85M
1488	8222	-1.093E+02	1.00	3.528E-48	0	83	85	0	83	85	84M
1488	12095	-8.711E+01	1.00	1.478E-38	0	69	85	0	69	112	70M
1489	1489	-2.726E+02	1.00	4.141E-119	0	188	189	0	188	189	189M
1489	8221	-2.713E+02	0.989	1.463E-118	0	187	189	0	187	189	188M
1490	1490	-1.624E+02	1.00	2.960E-71	0	129	130	0	129	130	130M
1490	8220	-1.627E+02	1.00	2.159E-71	0	128	130	0	128	130	129M
1491	1491	-2.844E+02	1.00	3.058E-124	0	185	186	0	185	186	186M
1491	8219	-2.828E+02	0.989	1.481E-123	0	184	186	0	184	186	185M
1491	10373	-5.322E+01	0.292	7.690E-24	6	183	186	10	181	191	25M6I147M
1492	1492	-5.086E+02	1.00	1.357E-221	0	332	333	0	332	333	333M
1492	8218	-5.070E+02	0.993	6.558E-221	0	331	333	0	331	333	332M
1492	9051	-7.578E+01	0.275	1.226E-33	5	321	333	9	330	340	40M4D56M4D3M2D8M1I6M4I199M
1493	1493	-6.290E+02	1.00	6.891E-274	0	439	440	0	439	440	440M
1493	8217	-6.293E+02	1.00	5.029E-274	0	438	440	0	438	440	439M
1494	1494	-6.566E+02	1.00	7.091E-286	0	428	429	0	428	429	429M
1494	6501	-6.569E+02	1.00	5.175E-286	0	427	429	0	427	429	428M
1494	10618	-6.569E+02	1.00	5.175E-286	0	427	429	0	427	429	428M
1495	1495	-7.084E+02	1.00	0.000E+00	0	524	525	0	524	525	525M
1495	6500	-7.084E+02	1.00	0.000E+00	0	523	525	0	523	525	524M
1495	10619	-7.084E+02	1.00	0.000E+00	0	523	525	0	523	525	524M
1496	1496	-1.204E+02	1.00	5.112E-53	0	89	90	0	89	90	90M
1496	6499	-1.207E+02	1.00	3.726E-53	0	88	90	0	88	90	89M
1496	10620	-1.207E+02	1.00	3.726E-53	0	88	90	0	88	90	89M
1497	1497	-4.303E+02	1.00	1.299E-187	0	280	281	0	280	281	281M
1497	6498	-4.306E+02	1.00	9.476E-188	0	279	281	0	279	281	280M
1497	10621	-4.306E+02	1.00	9.476E-188	0	279	281	0	279	281	280M
1498	1498	-4.650E+02	1.00	1.185E-202	0	301	302	0	301	302	302M
1498	6497	-4.653E+02	1.00	8.644E-203	0	300	302	0	300	302	301M
1498	10622	-4.653E+02	1.00	8.644E-203	0	300	302	0	300	302	301M
1499	1499	-1.081E+02	1.00	1.153E-47	0	76	77	0	76	77	77M
1499	6496	-1.084E+02	1.00	8.400E-48	0	75	77	0	75	77	76M
1499	10623	-1.084E+02	1.00	8.400E-48	0	75	77	0	75	77	76M
1500	1500	-7.084E+02	1.00	0.000E+00	0	626	627	0	626	627	627M
1500	6495	-7.084E+02	1.00	0.000E+00	0	625	627	0	625	627	626M
1500	10624	-7.084E+02	1.00	0.000E+00	0	625	627	0	625	627	626M
1501	1501	-5.122E+02	1.00	3.558E-223	0	335	336	0	335	336	336M
1501	6494	-5.113E+02	0.997	9.157E-223	0	334	336	0	334	336	335M
1501	10625	-5.113E+02	0.997	9.157E-223	0	334	336	0	334	336	335M
1502	1502	-7.084E+02	1.00	0.000E+00	0	516	517	0	516	517	517M
1502	6493	-7.084E+02	0.998	0.000E+00	0	515	517	0	515	517	516M
1502	10626	-7.084E+02	0.998	0.000E+00	0	515	517	0	515	517	516M
1503	1503	-2.964E+02	1.00	1.880E-129	0	198	199	0	198	199	199M
1503	6492	-2.955E+02	0.994	4.844E-129	0	197	199	0	197	199	198M
1503	10627	-2.955E+02	0.994	4.844E-129	0	197	199	0	197	199	198M
1504	1504	-4.029E+02	1.00	1.013E-175	0	259	260	0	259	260	260M
1504	6491	-4.029E+02	0.996	1.013E-175	0	258	260	0	258	260	259M
1504	10628	-4.029E+02	0.996	1.013E-175	0	258	260	0	258	260	259M
1505	1505	-3.762E+02	1.00	4.077E-164	0	244	245	0	244	245	245M
1505	6490	-3.765E+02	1.00	2.975E-164	0	243	245	0	243	245	244M
1505	10629	-3.765E+02	1.00	2.975E-164	0	243	245	0	243	245	244M
1506	1506	-5.552E+02	1.00	7.229E-242	0	358	359	0	358	359	359M
1506	6489	-5.540E+02	0.997	2.550E-241	0	357	359	0	357	359	358M
1506	10630	-5.540E+02	0.997	2.550E-241	0	357	359	0	357	359	358M
1507	1507	-7.143E+02	1.00	6.187E-311	0	481	482	0	481	482	482M
1507	6488	-7.146E+02	1.00	4.515E-311	0	480	482	0	480	482	481M
1507	10631	-7.146E+02	1.00	4.515E-311	0	480	482	0	480	482	481M
1508	1508	-1.962E+02	1.00	6.026E-86	0	148	149	0	148	149	149M
1508	6487	-1.965E+02	1.00	4.395E-86	0	147	149	0	147	149	148M
1508	10632	-1.965E+02	1.00	4.395E-86	0	147	149	0	147	149	148M
1509	1509	-1.031E+02	1.00	1.735E-45	0	75	76	0	75	76	76M
1509	6486	-1.034E+02	1.00	1.264E-45	0	74	76	0	74	76	75M
1509	10633	-1.034E+02	1.00	1.264E-45	0	74	76	0	74	76	75M
1510	1510	-1.748E+02	1.00	1.202E-76	0	127	128	0	127	128	128M
1510	6485	-1.751E+02	1.00	8.764E-77	0	126	128	0	126	128	127M
1510	10634	-1.751E+02	1.00	8.764E-77	0	126	128	0	126	128	127M
1511	1511	-4.288E+02	1.00	5.876E-187	0	292	293	0	292	293	293M
1511	6484	-4.291E+02	1.00	4.287E-187	0	291	293	0	291	293	292M
1511	10635	-4.291E+02	1.00	4.287E-187	0	291	293	0	291	293	292M
1512	1512	-1.469E+02	1.00	1.541E-64	0	109	110	0	109	110	110M
1512	6483	-1.472E+02	1.00	1.124E-64	0	108	110	0	108	110	109M
1512	10636	-1.472E+02	1.00	1.124E-64	0	108	110	0	108	110	109M
1513	1513	-3.121E+02	1.00	2.836E-136	0	206	207	0	206	207	207M
1513	6482	-3.124E+02	1.00	2.069E-136	0	205	207	0	205	207	206M
1513	10637	-3.124E+02	1.00	2.069E-136	0	205	207	0	205	207	206M
1514	1514	-7.084E+02	1.00	0.000E+00	0	663	664	0	663	664	664M
1514	6481	-7.084E+02	1.00	0.000E+00	0	662	664	0	662	664	663M
1514	10638	-7.084E+02	1.00	0.000E+00	0	662	664	0	662	664	663M
1515	1515	-5.370E+02	1.00	5.899E-234	0	350	351	0	350	351	351M
1515	6480	-5.373E+02	1.00	4.304E-234	0	349	351	0	349	351	350M
1515	10639	-5.373E+02	1.00	4.304E-234	0	349	351	0	349	351	350M
1516	1516	-3.538E+02	1.00	2.180E-154	0	251	252	0	251	252	252M
1516	6479	-3.541E+02	1.00	1.591E-154	0	250	252	0	250	252	251M
1516	10640	-3.541E+02	1.00	1.591E-154	0	250	252	0	250	252	251M
1517	1517	-7.084E+02	1.00	0.000E+00	0	723	724	0	723	724	724M
1517	6478	-7.084E+02	1.00	0.000E+00	0	722	724	69	791	793	723M
1517	10641	-7.084E+02	1.00	0.000E+00	0	722	724	69	791	793	723M
1518	1559	-8.779E+01	1.00	7.490E-39	0	63	65	0	63	65	64M
1519	1558	-1.519E+02	1.00	1.054E-66	0	103	105	0	103	105	104M
1520	1557	-3.776E+02	1.00	1.033E-164	0	254	256	0	254	256	255M
1521	1556	-2.190E+02	1.00	7.724E-96	0	146	148	0	146	148	147M
1522	1555	-2.325E+02	1.00	1.025E-101	0	160	162	0	160	162	161M
1523	1554	-8.435E+01	1.00	2.322E-37	0	62	64	0	62	64	63M
1524	1553	-1.710E+02	1.00	5.321E-75	0	126	128	0	126	128	127M
1525	1552	-1.607E+02	1.00	1.626E-70	0	124	126	0	124	126	125M
1526	1551	-4.849E+02	1.00	2.584E-211	0	325	327	0	325	327	326M
1527	1550	-2.208E+02	1.00	1.305E-96	0	155	157	0	155	157	156M
1528	1549	-6.116E+02	1.00	2.492E-266	0	399	401	0	399	401	400M
1529	1548	-8.710E+01	1.00	1.485E-38	0	64	66	0	64	66	65M
1530	1547	-1.571E+02	1.00	5.669E-69	0	106	108	0	106	108	107M
1531	1546	-1.452E+02	1.00	9.074E-64	0	99	101	0	99	101	100M
1532	1545	-4.037E+02	1.00	4.820E-176	0	269	271	0	269	271	270M
1533	1544	-6.788E+02	1.00	1.538E-295	0	443	445	0	443	445	444M
1534	1534	-7.084E+02	1.00	0.000E+00	0	508	509	0	508	509	509M
1534	7391	-1.033E+02	0.293	1.313E-45	18	497	509	14	458	476	58M1D48M1D16M4I22M1I70M9D14M24I18M9I34M2D12M2I31M1I4M7I11M1D27M3D29M1I17M3I17M
1534	11332	-1.033E+02	0.293	1.313E-45	18	497	509	14	458	476	58M1D48M1D16M4I22M1I70M9D14M24I18M9I34M2D12M2I31M1I4M7I11M1D27M3D29M1I17M3I17M
1535	1542	-2.253E+02	1.00	1.388E-98	0	159	161	0	159	161	160M
1535	7392	-6.479E+01	0.481	7.245E-29	0	134	161	0	131	157	95M1I24M2I13M
1535	11331	-6.479E+01	0.481	7.245E-29	0	134	161	0	131	157	95M1I24M2I13M
1536	1541	-3.411E+02	1.00	7.213E-149	0	212	214	0	212	214	213M
1536	7393	-2.913E+02	0.849	3.160E-127	0	212	214	0	212	214	213M
1536	11330	-2.913E+02	0.849	3.160E-127	0	212	214	0	212	214	213M
1537	1540	-2.347E+02	1.00	1.157E-102	0	154	156	0	154	156	155M
1537	8261	-1.192E+02	0.571	1.699E-52	0	153	156	0	142	145	107M11I36M
1537	12043	-1.192E+02	0.571	1.699E-52	0	153	156	0	142	145	107M11I36M
1538	1539	-1.391E+02	1.00	3.953E-61	0	94	96	0	94	96	95M
1538	8262	-1.324E+02	0.957	3.023E-58	0	94	96	56	150	152	95M
1538	12044	-1.324E+02	0.957	3.023E-58	0	94	96	56	150	152	95M
1539	1538	-1.391E+02	1.00	3.953E-61	0	94	96	0	94	96	95M
1539	8262	-1.324E+02	0.957	3.023E-58	0	94	96	56	150	152	95M
1539	12044	-1.324E+02	0.957	3.023E-58	0	94	96	56	150	152	95M
1540	1537	-2.347E+02	1.00	1.157E-102	0	154	156	0	154	156	155M
1540	8261	-1.192E+02	0.571	1.699E-52	0	153	156	0	142	145	107M11I36M
1540	12043	-1.192E+02	0.571	1.699E-52	0	153	156	0	142	145	107M11I36M
1541	1536	-3.411E+02	1.00	7.213E-149	0	212	214	0	212	214	213M
1541	7393	-2.913E+02	0.849	3.160E-127	0	212	214	0	212	214	213M
1541	11330	-2.913E+02	0.849	3.160E-127	0	212	214	0	212	214	213M
1542	1535	-2.253E+02	1.00	1.388E-98	0	159	161	0	159	161	160M
1542	7392	-6.479E+01	0.481	7.245E-29	0	134	161	0	131	157	95M1I24M2I13M
1542	11331	-6.479E+01	0.481	7.245E-29	0	134	161	0	131	157	95M1I24M2I13M
1543	1534	-7.084E+02	1.00	0.000E+00	0	507	509	0	507	509	508M
1543	7391	-1.033E+02	0.293	1.313E-45	18	497	509	14	458	476	58M1D48M1D16M4I22M1I70M9D14M24I18M9I34M2D12M2I31M1I4M7I11M1D27M3D29M1I17M3I17M
1543	11332	-1.033E+02	0.293	1.313E-45	18	497	509	14	458	476	58M1D48M1D16M4I22M1I70M9D14M24I18M9I34M2D12M2I31M1I4M7I11M1D27M3D29M1I17M3I17M
1544	1533	-6.788E+02	1.00	1.538E-295	0	443	445	0	443	445	444M
1545	1532	-4.037E+02	1.00	4.820E-176	0	269	271	0	269	271	270M
1546	1531	-1.452E+02	1.00	9.074E-64	0	99	101	0	99	101	100M
1547	1530	-1.571E+02	1.00	5.669E-69	0	106	108	0	106	108	107M
1548	1529	-8.710E+01	1.00	1.485E-38	0	64	66	0	64	66	65M
1549	1528	-6.116E+02	1.00	2.492E-266	0	399	401	0	399	401	400M
1550	1527	-2.208E+02	1.00	1.305E-96	0	155	157	0	155	157	156M
1551	1526	-4.849E+02	1.00	2.584E-211	0	325	327	0	325	327	326M
1552	1525	-1.607E+02	1.00	1.626E-70	0	124	126	0	124	126	125M
1553	1524	-1.710E+02	1.00	5.321E-75	0	126	128	0	126	128	127M
1554	1523	-8.435E+01	1.00	2.322E-37	0	62	64	0	62	64	63M
1555	1522	-2.325E+02	1.00	1.025E-101	0	160	162	0	160	162	161M
1556	1521	-2.190E+02	1.00	7.724E-96	0	146	148	0	146	148	147M
1557	1520	-3.776E+02	1.00	1.033E-164	0	254	256	0	254	256	255M
1558	1519	-1.519E+02	1.00	1.054E-66	0	103	105	0	103	105	104M
1559	1518	-8.779E+01	1.00	7.490E-39	0	63	65	0	63	65	64M
1560	1560	-1.186E+02	1.00	3.178E-52	0	94	95	0	94	95	95M
1560	8055	-1.160E+02	0.978	3.990E-51	0	93	95	0	93	95	94M
1560	11850	-1.160E+02	0.978	3.990E-51	0	93	95	0	93	95	94M
1561	1561	-2.392E+02	1.00	1.256E-104	0	186	187	0	186	187	187M
1561	8054	-2.383E+02	0.994	3.235E-104	0	185	187	0	185	187	186M
1561	11851	-2.383E+02	0.994	3.235E-104	0	185	187	0	185	187	186M
1562	1562	-3.094E+02	1.00	4.276E-135	0	210	211	0	210	211	211M
1562	8053	-2.883E+02	0.933	6.428E-126	0	209	211	0	208	210	195M1I14M
1562	11852	-2.883E+02	0.933	6.428E-126	0	209	211	0	208	210	195M1I14M
1563	1563	-6.790E+02	1.00	1.276E-295	0	440	441	0	440	441	441M
1563	8052	-6.541E+02	0.954	8.209E-285	0	439	441	0	439	441	440M
1563	11853	-6.541E+02	0.954	8.209E-285	0	439	441	0	439	441	440M
1564	1564	-6.090E+02	1.00	3.402E-265	0	402	403	0	402	403	403M
1564	8051	-6.052E+02	0.992	1.492E-263	0	401	403	0	401	403	402M
1564	11854	-6.052E+02	0.992	1.492E-263	0	401	403	0	401	403	402M
1565	1565	-6.237E+02	1.00	1.337E-271	0	410	411	0	410	411	411M
1565	8050	-6.174E+02	0.987	7.288E-269	0	409	411	0	409	411	410M
1565	11855	-6.174E+02	0.987	7.288E-269	0	409	411	0	409	411	410M
1566	1566	-1.014E+02	1.00	9.160E-45	0	83	84	0	83	84	84M
1566	8049	-1.017E+02	1.00	6.675E-45	0	82	84	0	82	84	83M
1566	11856	-1.017E+02	1.00	6.675E-45	0	82	84	0	82	84	83M
1567	1567	-1.925E+02	1.00	2.441E-84	0	133	134	0	133	134	134M
1567	8048	-1.928E+02	1.00	1.780E-84	0	132	134	0	132	134	133M
1567	11857	-1.928E+02	1.00	1.780E-84	0	132	134	0	132	134	133M
1568	1568	-3.045E+02	1.00	5.587E-133	0	213	214	0	213	214	214M
1568	8047	-3.036E+02	0.995	1.439E-132	0	212	214	0	212	214	213M
1568	11858	-3.036E+02	0.995	1.439E-132	0	212	214	0	212	214	213M
1569	1569	-2.890E+02	1.00	3.216E-126	0	202	203	0	202	203	203M
1569	8046	-2.893E+02	1.00	2.346E-126	0	201	203	0	201	203	202M
1569	11859	-2.893E+02	1.00	2.346E-126	0	201	203	0	201	203	202M
1570	1570	-4.482E+02	1.00	2.310E-195	0	296	297	0	296	297	297M
1570	8045	-4.463E+02	0.993	1.531E-194	0	295	297	0	295	297	296M
1570	11860	-4.463E+02	0.993	1.531E-194	0	295	297	0	295	297	296M
1571	1571	-1.814E+02	1.00	1.661E-79	0	128	129	0	128	129	129M
1571	8044	-1.779E+02	0.984	5.360E-78	0	127	129	0	127	129	128M
1571	11861	-1.779E+02	0.984	5.360E-78	0	127	129	0	127	129	128M
1572	1572	-4.024E+02	1.00	1.806E-175	0	278	279	0	278	279	279M
1572	8043	-3.976E+02	0.989	2.043E-173	0	277	279	0	277	279	278M
1572	11862	-3.976E+02	0.989	2.043E-173	0	277	279	0	277	279	278M
1573	1573	-1.998E+02	1.00	1.711E-87	0	133	134	0	133	134	134M
1573	8042	-2.001E+02	1.00	1.247E-87	0	132	134	0	132	134	133M
1573	11863	-2.001E+02	1.00	1.247E-87	0	132	134	0	132	134	133M
1574	1574	-3.303E+02	1.00	3.597E-144	0	235	236	0	235	236	236M
1574	8041	-3.306E+02	1.00	2.624E-144	0	234	236	0	234	236	235M
1574	11864	-3.306E+02	1.00	2.624E-144	0	234	236	0	234	236	235M
1575	1575	-4.461E+02	1.00	1.882E-194	0	287	288	0	287	288	288M
1575	8040	-4.448E+02	0.993	6.643E-194	0	286	288	0	286	288	287M
1575	11865	-4.448E+02	0.993	6.643E-194	0	286	288	0	286	288	287M
1576	1576	-3.742E+02	1.00	3.116E-163	0	247	248	0	247	248	248M
1576	8039	-3.745E+02	1.00	2.273E-163	0	246	248	0	246	248	247M
1576	11866	-3.745E+02	1.00	2.273E-163	0	246	248	0	246	248	247M
1577	1577	-7.084E+02	1.00	0.000E+00	0	547	548	0	547	548	548M
1577	8038	-7.084E+02	0.989	0.000E+00	0	546	548	0	546	548	547M
1577	11867	-7.084E+02	0.989	0.000E+00	0	546	548	0	546	548	547M
1578	1578	-7.178E+02	1.00	1.787E-312	0	459	460	0	459	460	460M
1578	8037	-7.181E+02	1.00	1.304E-312	0	458	460	0	458	460	459M
1578	11868	-7.181E+02	1.00	1.304E-312	0	458	460	0	458	460	459M
1579	1579	-7.084E+02	1.00	0.000E+00	0	1071	1072	0	1071	1072	1072M
1579	8036	-7.084E+02	0.995	0.000E+00	0	1070	1072	0	1070	1072	1071M
1579	11869	-7.084E+02	0.995	0.000E+00	0	1070	1072	0	1070	1072	1071M
1580	1580	-7.084E+02	1.00	0.000E+00	0	611	612	0	611	612	612M
1580	8035	-7.084E+02	0.983	0.000E+00	0	610	612	0	610	612	611M
1580	11870	-7.084E+02	0.983	0.000E+00	0	610	612	0	610	612	611M
1581	1581	-5.238E+02	1.00	3.301E-228	0	350	351	0	350	351	351M
1581	8034	-5.143E+02	0.980	4.208E-224	0	349	351	0	349	351	350M
1581	11871	-5.143E+02	0.980	4.208E-224	0	349	351	0	349	351	350M
1582	1582	-5.040E+02	1.00	1.349E-219	0	336	337	0	336	337	337M
1582	8033	-4.983E+02	0.985	3.921E-217	0	335	337	0	335	337	336M
1582	11872	-4.983E+02	0.985	3.921E-217	0	335	337	0	335	337	336M
1583	1583	-7.084E+02	1.00	0.000E+00	0	517	518	0	517	518	518M
1583	8032	-7.309E+02	0.959	3.810E-318	0	517	518	0	517	530	518M
1583	11873	-7.309E+02	0.959	3.810E-318	0	517	518	0	517	530	518M
1584	1584	-1.071E+02	1.00	2.979E-47	0	76	77	0	76	77	77M
1584	8184	-9.352E+01	1.00	2.430E-41	8	75	77	339	406	408	68M
1584	11962	-9.352E+01	1.00	2.430E-41	8	75	77	339	406	408	68M
1585	1585	-2.352E+02	1.00	7.455E-103	0	159	160	0	159	160	160M
1585	8185	-2.355E+02	1.00	5.437E-103	0	158	160	0	158	160	159M
1585	11963	-2.355E+02	1.00	5.437E-103	0	158	160	0	158	160	159M
1586	1586	-5.317E+02	1.00	1.218E-231	0	336	337	0	336	337	337M
1586	8186	-5.317E+02	0.997	1.218E-231	0	335	337	0	335	337	336M
1586	11964	-5.317E+02	0.997	1.218E-231	0	335	337	0	335	337	336M
1587	1587	-7.084E+02	1.00	0.000E+00	0	541	542	0	541	542	542M
1587	8187	-7.084E+02	0.996	0.000E+00	0	540	542	0	540	542	541M
1587	11965	-7.084E+02	0.996	0.000E+00	0	540	542	0	540	542	541M
1588	1588	-4.110E+02	1.00	3.263E-179	0	269	270	0	269	270	270M
1588	8188	-4.100E+02	1.00	8.402E-179	0	267	270	0	267	270	268M
1588	11966	-4.100E+02	1.00	8.402E-179	0	267	270	0	267	270	268M
1589	1589	-6.606E+02	1.00	1.325E-287	0	444	445	0	444	445	445M
1589	8189	-6.609E+02	1.00	9.667E-288	0	443	445	0	443	445	444M
1589	11967	-6.609E+02	1.00	9.667E-288	0	443	445	0	443	445	444M
1590	1590	-1.769E+02	1.00	1.489E-77	0	123	124	0	123	124	124M
1590	8190	-1.772E+02	1.00	1.086E-77	0	122	124	0	122	124	123M
1590	11968	-1.772E+02	1.00	1.086E-77	0	122	124	0	122	124	123M
1591	1591	-3.169E+02	1.00	2.275E-138	0	224	225	0	224	225	225M
1591	8191	-3.173E+02	1.00	1.659E-138	0	223	225	0	223	225	224M
1591	11969	-3.173E+02	1.00	1.659E-138	0	223	225	0	223	225	224M
1592	1592	-2.253E+02	1.00	1.399E-98	0	147	148	0	147	148	148M
1592	8192	-2.256E+02	1.00	1.020E-98	0	146	148	0	146	148	147M
1592	11970	-2.256E+02	1.00	1.020E-98	0	146	148	0	146	148	147M
1593	1593	-4.376E+02	1.00	8.793E-191	0	279	280	0	279	280	280M
1593	8193	-4.354E+02	0.992	7.990E-190	0	278	280	0	278	280	279M
1593	11971	-4.354E+02	0.992	7.990E-190	0	278	280	0	278	280	279M
1594	1594	-4.056E+02	1.00	7.271E-177	0	270	271	0	270	271	271M
1594	8194	-4.046E+02	0.996	1.872E-176	0	269	271	0	269	271	270M
1594	11972	-4.046E+02	0.996	1.872E-176	0	269	271	0	269	271	270M
1595	1595	-4.765E+02	1.00	1.167E-207	0	324	325	0	324	325	325M
1595	8195	-4.749E+02	0.993	5.639E-207	0	323	325	0	323	325	324M
1595	11973	-4.749E+02	0.993	5.639E-207	0	323	325	0	323	325	324M
1596	1596	-2.142E+02	1.00	9.484E-94	0	142	143	0	142	143	143M
1596	8196	-2.145E+02	1.00	6.916E-94	0	141	143	0	141	143	142M
1596	11974	-2.145E+02	1.00	6.916E-94	0	141	143	0	141	143	142M
1597	1597	-1.729E+02	1.00	8.391E-76	0	128	129	0	128	129	129M
1597	8197	-1.732E+02	1.00	6.119E-76	0	127	129	0	127	129	128M
1597	11975	-1.732E+02	1.00	6.119E-76	0	127	129	0	127	129	128M
1598	1598	-3.330E+02	1.00	2.318E-145	0	217	218	0	217	218	218M
1598	8198	-3.324E+02	0.995	4.356E-145	0	216	218	0	216	218	217M
1598	11976	-3.324E+02	0.995	4.356E-145	0	216	218	0	216	218	217M
1599	1599	-2.098E+02	1.00	7.881E-92	0	142	143	0	142	143	143M
1599	8199	-2.101E+02	1.00	5.748E-92	0	141	143	0	141	143	142M
1599	11977	-2.101E+02	1.00	5.748E-92	0	141	143	0	141	143	142M
1600	1600	-3.238E+02	1.00	2.280E-141	0	218	219	0	218	219	219M
1600	8200	-3.223E+02	0.995	1.103E-140	0	217	219	0	217	219	218M
1600	11978	-3.223E+02	0.995	1.103E-140	0	217	219	0	217	219	218M
1601	1601	-7.084E+02	1.00	0.000E+00	0	646	647	0	646	647	647M
1601	8201	-7.084E+02	0.975	0.000E+00	0	645	647	0	645	647	646M
1601	11979	-7.084E+02	0.975	0.000E+00	0	645	647	0	645	647	646M
1602	1602	-4.077E+02	1.00	8.503E-178	0	278	279	0	278	279	279M
1602	8202	-3.986E+02	0.974	7.935E-174	0	277	279	0	277	279	278M
1602	11980	-3.986E+02	0.974	7.935E-174	0	277	279	0	277	279	278M
1603	1603	-5.931E+02	1.00	2.748E-258	0	385	386	0	385	386	386M
1603	8203	-5.896E+02	0.997	8.796E-257	0	384	386	0	384	386	385M
1603	11981	-5.896E+02	0.997	8.796E-257	0	384	386	0	384	386	385M
1604	1604	-7.084E+02	1.00	0.000E+00	0	537	538	0	537	538	538M
1604	8204	-7.084E+02	0.975	0.000E+00	0	536	538	0	536	538	537M
1604	11982	-7.084E+02	0.975	0.000E+00	0	536	538	0	536	538	537M
1605	1605	-4.526E+02	1.00	2.837E-197	0	303	304	0	303	304	304M
1605	8205	-4.264E+02	0.969	6.508E-186	0	295	304	0	294	296	288M1I7M
1605	11983	-4.264E+02	0.969	6.508E-186	0	295	304	0	294	296	288M1I7M
1606	1606	-7.084E+02	1.00	0.000E+00	0	601	602	0	601	602	602M
1606	8206	-7.084E+02	0.993	0.000E+00	0	600	602	0	600	602	601M
1606	11984	-7.084E+02	0.993	0.000E+00	0	600	602	0	600	602	601M
1607	1607	-3.017E+02	1.00	9.245E-132	0	199	200	0	199	200	200M
1607	8207	-3.017E+02	0.994	9.245E-132	0	198	200	0	198	200	199M
1607	11985	-3.017E+02	0.994	9.245E-132	0	198	200	0	198	200	199M
1608	1608	-5.936E+02	1.00	1.607E-258	0	387	388	0	387	388	388M
1608	8208	-5.901E+02	0.992	5.143E-257	0	386	388	0	386	388	387M
1608	11986	-5.901E+02	0.992	5.143E-257	0	386	388	0	386	388	387M
1609	1609	-2.840E+02	1.00	4.613E-124	0	187	188	0	187	188	188M
1609	8209	-2.717E+02	0.946	1.017E-118	0	186	188	0	186	188	187M
1609	11987	-2.717E+02	0.946	1.017E-118	0	186	188	0	186	188	187M
1610	1610	-4.578E+02	1.00	1.518E-199	0	299	300	0	299	300	300M
1610	4966	-4.581E+02	1.00	1.107E-199	0	298	300	0	298	300	299M
1610	8765	-4.581E+02	1.00	1.107E-199	0	298	300	0	298	300	299M
1611	1611	-7.084E+02	1.00	0.000E+00	0	655	656	0	655	656	656M
1611	4967	-7.084E+02	0.998	0.000E+00	0	654	656	0	654	656	655M
1611	8766	-7.084E+02	0.998	0.000E+00	0	654	656	0	654	656	655M
1612	1612	-3.293E+02	1.00	1.004E-143	0	230	231	0	230	231	231M
1612	4968	-3.296E+02	1.00	7.323E-144	0	229	231	0	229	231	230M
1612	8767	-3.296E+02	1.00	7.323E-144	0	229	231	0	229	231	230M
1613	1613	-7.084E+02	1.00	0.000E+00	0	571	572	0	571	572	572M
1613	7669	-4.038E+02	0.545	4.418E-176	16	561	572	11	537	551	9M6I211M4I10M4I83M6I5M2D155M1I52M
1613	8768	-7.084E+02	0.998	0.000E+00	0	570	572	0	570	572	571M
1614	1614	-1.504E+02	1.00	5.003E-66	0	110	111	0	110	111	111M
1614	8322	-1.507E+02	1.00	3.647E-66	0	109	111	0	109	111	110M
1614	8769	-1.507E+02	1.00	3.647E-66	0	109	111	0	109	111	110M
1615	1615	-7.084E+02	1.00	0.000E+00	0	1165	1166	0	1165	1166	1166M
1615	8321	-7.084E+02	0.999	0.000E+00	0	1164	1166	0	1164	1166	1165M
1615	8770	-7.084E+02	0.999	0.000E+00	0	1164	1166	0	1164	1166	1165M
1616	1616	-3.940E+02	1.00	7.837E-172	0	255	256	0	255	256	256M
1616	8320	-3.918E+02	0.996	7.123E-171	0	254	256	0	254	256	255M
1616	8771	-3.918E+02	0.996	7.123E-171	0	254	256	0	254	256	255M
1617	1617	-3.164E+02	1.00	4.017E-138	0	216	217	0	216	217	217M
1617	8319	-3.167E+02	1.00	2.931E-138	0	215	217	0	215	217	216M
1617	8772	-3.167E+02	1.00	2.931E-138	0	215	217	0	215	217	216M
1618	1618	-3.566E+02	1.00	1.321E-155	0	245	246	0	245	246	246M
1618	8318	-3.557E+02	0.995	3.401E-155	0	244	246	0	244	246	245M
1618	8773	-3.557E+02	0.995	3.401E-155	0	244	246	0	244	246	245M
1619	1619	-5.657E+02	1.00	2.058E-246	0	370	371	0	370	371	371M
1619	8317	-5.632E+02	0.994	2.559E-245	0	369	371	0	369	371	370M
1619	8774	-5.632E+02	0.994	2.559E-245	0	369	371	0	369	371	370M
1620	1620	-1.990E+02	1.00	3.903E-87	0	137	138	0	137	138	138M
1620	5825	-1.993E+02	1.00	2.846E-87	0	136	138	0	136	138	137M
1620	10033	-1.993E+02	1.00	2.846E-87	0	136	138	0	136	138	137M
1621	1621	-2.670E+02	1.00	1.136E-116	0	180	181	0	180	181	181M
1621	5824	-2.591E+02	0.972	3.026E-113	0	178	181	0	178	181	179M
1621	10032	-2.591E+02	0.972	3.026E-113	0	178	181	0	178	181	179M
1622	1622	-7.084E+02	1.00	0.000E+00	0	649	650	0	649	650	650M
1622	5823	-7.084E+02	0.998	0.000E+00	0	648	650	0	648	650	649M
1622	10031	-7.084E+02	0.998	0.000E+00	0	648	650	0	648	650	649M
1623	1623	-2.769E+02	1.00	5.766E-121	0	191	192	0	191	192	192M
1623	5822	-2.772E+02	1.00	4.206E-121	0	190	192	0	190	192	191M
1623	10030	-2.772E+02	1.00	4.206E-121	0	190	192	0	190	192	191M
1624	1624	-4.676E+02	1.00	8.699E-204	0	326	327	0	326	327	327M
1624	5821	-4.679E+02	1.00	6.348E-204	0	325	327	0	325	327	326M
1624	10029	-4.679E+02	1.00	6.348E-204	0	325	327	0	325	327	326M
1625	1625	-3.539E+02	1.00	1.929E-154	0	235	236	0	235	236	236M
1625	5820	-3.473E+02	0.982	1.450E-151	0	234	236	0	234	236	235M
1625	10028	-3.473E+02	0.982	1.450E-151	0	234	236	0	234	236	235M
1626	1626	-6.685E+02	1.00	4.920E-291	0	430	431	0	430	431	431M
1626	5819	-6.685E+02	0.997	4.920E-291	0	429	431	0	429	431	430M
1626	10027	-6.685E+02	0.997	4.920E-291	0	429	431	0	429	431	430M
1627	1627	-5.407E+02	1.00	1.476E-235	0	352	353	0	352	353	353M
1627	5818	-5.366E+02	0.988	8.877E-234	0	351	353	0	351	353	352M
1627	10026	-5.366E+02	0.988	8.877E-234	0	351	353	0	351	353	352M
1628	1628	-1.433E+02	1.00	6.047E-63	0	100	101	0	100	101	101M
1628	5817	-1.436E+02	1.00	4.408E-63	0	99	101	0	99	101	100M
1628	10025	-1.436E+02	1.00	4.408E-63	0	99	101	0	99	101	100M
1629	1629	-5.335E+01	1.00	6.735E-24	0	43	44	0	43	44	44M
1629	5816	-5.240E+01	0.976	1.746E-23	0	42	44	0	42	44	43M
1629	10024	-5.240E+01	0.976	1.746E-23	0	42	44	0	42	44	43M
1630	1630	-4.664E+02	1.00	2.728E-203	0	310	311	0	310	311	311M
1630	5815	-4.667E+02	1.00	1.991E-203	0	309	311	0	309	311	310M
1630	10023	-4.667E+02	1.00	1.991E-203	0	309	311	0	309	311	310M
1631	1631	-3.064E+01	1.00	4.938E-14	0	28	29	0	28	29	29M
1632	1632	-5.403E+02	1.00	2.357E-235	0	362	363	0	362	363	363M
1632	6466	-5.406E+02	1.00	1.720E-235	0	361	363	0	361	363	362M
1632	10653	-5.406E+02	1.00	1.720E-235	0	361	363	0	361	363	362M
1633	1633	-4.200E+02	1.00	3.838E-183	0	271	272	0	271	272	272M
1633	6465	-4.172E+02	0.988	6.551E-182	0	270	272	0	270	272	271M
1633	10654	-4.172E+02	0.988	6.551E-182	0	270	272	0	270	272	271M
1634	1634	-4.118E+02	1.00	1.480E-179	0	279	280	0	279	280	280M
1634	6464	-4.045E+02	0.974	2.084E-176	0	278	280	0	278	280	279M
1634	10655	-4.045E+02	0.974	2.084E-176	0	278	280	0	278	280	279M
1635	1635	-4.673E+02	1.00	1.086E-203	0	324	325	0	324	325	325M
1635	6463	-4.639E+02	0.990	3.477E-202	0	323	325	0	323	325	324M
1635	10656	-4.639E+02	0.990	3.477E-202	0	323	325	0	323	325	324M
1636	1636	-5.191E+02	1.00	3.514E-226	0	342	343	0	342	343	343M
1636	6462	-5.059E+02	0.973	1.967E-220	0	341	343	0	341	343	342M
1636	10657	-5.059E+02	0.973	1.967E-220	0	341	343	0	341	343	342M
1637	1637	-3.709E+02	1.00	8.128E-162	0	256	257	0	256	257	257M
1637	6461	-3.675E+02	0.988	2.606E-160	0	255	257	0	255	257	256M
1637	10658	-3.675E+02	0.988	2.606E-160	0	255	257	0	255	257	256M
1638	1638	-5.672E+02	1.00	4.515E-247	0	378	379	0	378	379	379M
1638	6460	-5.650E+02	0.997	4.097E-246	0	377	379	0	377	379	378M
1638	10659	-5.650E+02	0.997	4.097E-246	0	377	379	0	377	379	378M
1639	1639	-7.084E+02	1.00	0.000E+00	0	547	548	0	547	548	548M
1639	6459	-7.084E+02	0.985	0.000E+00	0	546	548	0	546	548	547M
1639	10660	-7.084E+02	0.985	0.000E+00	0	546	548	0	546	548	547M
1640	1640	-3.017E+02	1.00	9.077E-132	0	192	193	0	192	193	193M
1640	6458	-2.976E+02	0.984	5.483E-130	0	191	193	0	191	193	192M
1640	10661	-2.976E+02	0.984	5.483E-130	0	191	193	0	191	193	192M
1641	1641	-3.904E+02	1.00	2.896E-170	0	258	259	0	258	259	259M
1641	6457	-3.875E+02	0.992	4.945E-169	0	257	259	0	257	259	258M
1641	10662	-3.875E+02	0.992	4.945E-169	0	257	259	0	257	259	258M
1642	1642	-6.548E+02	1.00	4.129E-285	0	432	433	0	432	433	433M
1642	6456	-6.539E+02	0.997	1.062E-284	0	431	433	0	431	433	432M
1642	10663	-6.539E+02	0.997	1.062E-284	0	431	433	0	431	433	432M
1643	1643	-1.783E+02	1.00	3.548E-78	0	126	127	0	126	127	127M
1643	6455	-1.777E+02	0.992	6.674E-78	0	125	127	0	125	127	126M
1643	10664	-1.777E+02	0.992	6.674E-78	0	125	127	0	125	127	126M
1644	1644	-2.178E+02	1.00	2.480E-95	0	145	146	0	145	146	146M
1644	6454	-2.163E+02	0.993	1.202E-94	0	144	146	0	144	146	145M
1644	10665	-2.163E+02	0.993	1.202E-94	0	144	146	0	144	146	145M
1645	1645	-5.140E+01	1.00	4.776E-23	0	44	45	0	44	45	45M
1646	1646	-7.084E+02	1.00	0.000E+00	0	569	570	0	569	570	570M
1646	6453	-7.084E+02	0.966	0.000E+00	0	568	570	0	568	570	569M
1646	10666	-7.084E+02	0.966	0.000E+00	0	568	570	0	568	570	569M
1647	1647	-7.084E+02	1.00	0.000E+00	0	677	678	0	677	678	678M
1647	6452	-7.084E+02	0.991	0.000E+00	0	676	678	0	676	678	677M
1647	10667	-7.084E+02	0.991	0.000E+00	0	676	678	0	676	678	677M
1648	1648	-2.928E+02	1.00	6.965E-128	0	201	202	0	201	202	202M
1648	6451	-2.811E+02	0.950	8.155E-123	0	200	202	0	200	202	201M
1648	10668	-2.811E+02	0.950	8.155E-123	0	200	202	0	200	202	201M
1649	1649	-7.084E+02	1.00	0.000E+00	0	884	885	0	884	885	885M
1649	6450	-7.084E+02	0.971	0.000E+00	0	883	885	0	883	885	884M
1649	10669	-7.084E+02	0.971	0.000E+00	0	883	885	0	883	885	884M
1650	1650	-3.551E+02	1.00	6.297E-155	0	238	239	0	238	239	239M
1650	6449	-3.532E+02	0.987	4.176E-154	0	237	239	0	237	239	238M
1650	10670	-3.532E+02	0.987	4.176E-154	0	237	239	0	237	239	238M
1651	1651	-7.424E+02	1.00	3.953E-323	0	474	475	0	474	475	475M
1651	6448	-7.203E+02	0.970	1.541E-313	0	473	475	0	472	474	301M1I172M
1651	10671	-7.203E+02	0.970	1.541E-313	0	473	475	0	472	474	301M1I172M
1652	1652	-7.084E+02	1.00	0.000E+00	0	568	569	0	568	569	569M
1652	4965	-7.084E+02	0.992	0.000E+00	0	567	569	0	567	569	568M
1652	8764	-7.084E+02	0.992	0.000E+00	0	567	569	0	567	569	568M
1653	1653	-7.084E+02	1.00	0.000E+00	0	944	945	0	944	945	945M
1653	4963	-7.084E+02	0.997	0.000E+00	0	942	945	0	942	944	943M
1653	8762	-7.084E+02	0.997	0.000E+00	0	942	945	0	942	944	943M
1654	1654	-2.998E+02	1.00	6.434E-131	0	200	201	0	200	201	201M
1654	4962	-2.991E+02	0.995	1.209E-130	0	199	201	0	199	201	200M
1654	8761	-2.991E+02	0.995	1.209E-130	0	199	201	0	199	201	200M
1655	1655	-4.862E+02	1.00	6.989E-212	0	325	326	0	325	326	326M
1655	4961	-4.824E+02	0.990	3.068E-210	0	324	326	0	324	326	325M
1655	8760	-4.824E+02	0.990	3.068E-210	0	324	326	0	324	326	325M
1656	1656	-1.592E+02	1.00	7.362E-70	0	117	118	0	117	118	118M
1656	4960	-1.595E+02	1.00	5.368E-70	0	116	118	0	116	118	117M
1656	8759	-1.595E+02	1.00	5.368E-70	0	116	118	0	116	118	117M
1657	1657	-1.572E+02	1.00	5.538E-69	0	113	114	0	113	114	114M
1657	4959	-1.550E+02	0.982	5.057E-68	0	112	114	0	112	114	113M
1657	8758	-1.550E+02	0.982	5.057E-68	0	112	114	0	112	114	113M
1658	1658	-3.478E+02	1.00	8.612E-152	0	224	225	0	224	225	225M
1658	4958	-3.482E+02	1.00	6.283E-152	0	223	225	0	223	225	224M
1658	8757	-3.482E+02	1.00	6.283E-152	0	223	225	0	223	225	224M
1659	1659	-5.192E+02	1.00	3.162E-226	0	360	361	0	360	361	361M
1659	4957	-5.098E+02	0.986	4.027E-222	0	359	361	0	359	361	360M
1659	8756	-5.098E+02	0.986	4.027E-222	0	359	361	0	359	361	360M
1660	1660	-6.308E+02	1.00	1.108E-274	0	454	455	0	454	455	455M
1660	4956	-6.311E+02	1.00	8.089E-275	0	453	455	0	453	455	454M
1660	8755	-6.311E+02	1.00	8.089E-275	0	453	455	0	453	455	454M
1661	1661	-2.790E+02	1.00	6.967E-122	0	193	194	0	193	194	194M
1661	4955	-2.774E+02	0.994	3.373E-121	0	192	194	0	192	194	193M
1661	8754	-2.774E+02	0.994	3.373E-121	0	192	194	0	192	194	193M
1662	1662	-1.410E+02	1.00	5.671E-62	0	107	108	0	107	108	108M
1662	4954	-1.413E+02	1.00	4.134E-62	0	106	108	0	106	108	107M
1662	8753	-1.413E+02	1.00	4.134E-62	0	106	108	0	106	108	107M
1663	1663	-3.368E+02	1.00	5.438E-147	0	231	232	0	231	232	232M
1663	4953	-3.371E+02	1.00	3.967E-147	0	230	232	0	230	232	231M
1663	8752	-3.371E+02	1.00	3.967E-147	0	230	232	0	230	232	231M
1664	1664	-2.656E+02	1.00	4.412E-116	0	182	183	0	182	183	183M
1664	4952	-2.659E+02	1.00	3.218E-116	0	181	183	0	181	183	182M
1664	8751	-2.659E+02	1.00	3.218E-116	0	181	183	0	181	183	182M
1665	1665	-7.231E+02	1.00	8.730E-315	0	480	481	0	480	481	481M
1665	4951	-7.222E+02	0.997	2.246E-314	0	479	481	0	479	481	480M
1665	8750	-7.222E+02	0.997	2.246E-314	0	479	481	0	479	481	480M
1666	1666	-7.084E+02	1.00	0.000E+00	0	514	515	0	514	515	515M
1666	4950	-7.084E+02	0.992	0.000E+00	0	513	515	0	513	515	514M
1666	8749	-7.084E+02	0.992	0.000E+00	0	513	515	0	513	515	514M
1667	1667	-6.518E+02	1.00	8.780E-284	0	430	431	0	430	431	431M
1667	4949	-6.489E+02	0.995	1.496E-282	0	429	431	0	429	431	430M
1667	8748	-6.489E+02	0.995	1.496E-282	0	429	431	0	429	431	430M
1668	1668	-7.253E+02	1.00	1.056E-315	0	482	483	0	482	483	483M
1668	4948	-7.199E+02	0.989	2.235E-313	0	481	483	0	481	483	482M
1668	8747	-7.199E+02	0.989	2.235E-313	0	481	483	0	481	483	482M
1669	1669	-4.951E+02	1.00	9.812E-216	0	324	325	0	324	325	325M
1669	4947	-4.903E+02	0.990	1.109E-213	0	323	325	0	323	325	324M
1669	8746	-4.903E+02	0.990	1.109E-213	0	323	325	0	323	325	324M
1670	1670	-3.190E+02	1.00	3.023E-139	0	208	209	0	208	209	209M
1670	4946	-3.177E+02	0.995	1.067E-138	0	207	209	0	207	209	208M
1670	8745	-3.177E+02	0.995	1.067E-138	0	207	209	0	207	209	208M
1671	1671	-4.582E+02	1.00	9.932E-200	0	290	291	0	290	291	291M
1671	4945	-4.541E+02	0.989	5.981E-198	0	289	291	0	289	291	290M
1671	8744	-4.541E+02	0.989	5.981E-198	0	289	291	0	289	291	290M
1672	1672	-2.592E+02	1.00	2.751E-113	0	178	179	0	178	179	179M
1672	8122	-2.289E+02	0.987	3.927E-100	0	161	179	0	161	216	162M
1672	10055	-2.289E+02	0.987	3.927E-100	0	161	179	0	161	216	162M
1673	1673	-3.084E+02	1.00	1.211E-134	0	212	213	0	212	213	213M
1673	8121	-3.087E+02	1.00	8.832E-135	0	211	213	0	211	213	212M
1673	10056	-3.087E+02	1.00	8.832E-135	0	211	213	0	211	213	212M
1674	1674	-5.176E+02	1.00	1.621E-225	0	341	342	0	341	342	342M
1674	8120	-5.069E+02	0.970	7.293E-221	0	340	342	0	340	342	341M
1674	10057	-5.069E+02	0.970	7.293E-221	0	340	342	0	340	342	341M
1675	1675	-6.115E+02	1.00	2.759E-266	0	382	383	0	382	383	383M
1675	8119	-6.033E+02	0.986	9.976E-263	0	381	383	0	381	383	382M
1675	10058	-6.033E+02	0.986	9.976E-263	0	381	383	0	381	383	382M
1676	1676	-3.472E+02	1.00	1.670E-151	0	238	239	0	238	239	239M
1676	8118	-3.475E+02	1.00	1.218E-151	0	237	239	0	237	239	238M
1676	10059	-3.475E+02	1.00	1.218E-151	0	237	239	0	237	239	238M
1677	1677	-7.084E+02	1.00	0.000E+00	0	722	723	0	722	723	723M
1677	8117	-7.084E+02	0.976	0.000E+00	0	721	723	0	721	723	722M
1677	10060	-7.084E+02	0.976	0.000E+00	0	721	723	0	721	723	722M
1678	1678	-6.384E+01	1.00	1.886E-28	0	55	56	0	55	56	56M
1678	8116	-6.416E+01	1.00	1.373E-28	0	54	56	0	54	56	55M
1678	10061	-6.416E+01	1.00	1.373E-28	0	54	56	0	54	56	55M
1679	1679	-4.085E+02	1.00	3.802E-178	0	281	282	0	281	282	282M
1679	8115	-4.063E+02	0.992	3.453E-177	0	280	282	0	280	282	281M
1679	10062	-4.063E+02	0.992	3.453E-177	0	280	282	0	280	282	281M
1680	1680	-2.971E+02	1.00	8.930E-130	0	189	190	0	189	190	190M
1680	8114	-2.940E+02	0.984	2.094E-128	0	188	190	0	188	190	189M
1680	10063	-2.940E+02	0.984	2.094E-128	0	188	190	0	188	190	189M
1681	1681	-7.084E+02	1.00	0.000E+00	0	513	514	0	513	514	514M
1681	8113	-7.084E+02	0.996	0.000E+00	0	512	514	0	512	514	513M
1681	10064	-7.084E+02	0.996	0.000E+00	0	512	514	0	512	514	513M
1682	1682	-3.339E+02	1.00	9.288E-146	0	231	232	0	231	232	232M
1682	8112	-3.305E+02	0.987	2.981E-144	0	230	232	0	230	232	231M
1682	10065	-3.305E+02	0.987	2.981E-144	0	230	232	0	230	232	231M
1683	1683	-3.524E+02	1.00	8.623E-154	0	240	241	0	240	241	241M
1683	8111	-3.499E+02	0.991	1.074E-152	0	239	241	0	239	241	240M
1683	10066	-3.499E+02	0.991	1.074E-152	0	239	241	0	239	241	240M
1684	1684	-7.084E+02	1.00	0.000E+00	0	728	729	0	728	729	729M
1684	8110	-7.084E+02	0.998	0.000E+00	0	727	729	0	727	729	728M
1684	10067	-7.084E+02	0.998	0.000E+00	0	727	729	0	727	729	728M
1685	1685	-2.205E+02	1.00	1.717E-96	0	142	143	0	142	143	143M
1685	8109	-2.208E+02	1.00	1.252E-96	0	141	143	0	141	143	142M
1685	10068	-2.208E+02	1.00	1.252E-96	0	141	143	0	141	143	142M
1686	1686	-5.533E+02	1.00	5.081E-241	0	366	367	0	366	367	367M
1686	8108	-5.527E+02	0.997	9.542E-241	0	365	367	0	365	367	366M
1686	10069	-5.527E+02	0.997	9.542E-241	0	365	367	0	365	367	366M
1687	1687	-6.517E+02	1.00	9.199E-284	0	431	432	0	431	432	432M
1687	8107	-6.520E+02	1.00	6.713E-284	0	430	432	0	430	432	431M
1687	10070	-6.520E+02	1.00	6.713E-284	0	430	432	0	430	432	431M
1688	1688	-4.860E+02	1.00	8.608E-212	0	316	317	0	316	317	317M
1688	8106	-4.863E+02	1.00	6.281E-212	0	315	317	0	315	317	316M
1688	10071	-4.863E+02	1.00	6.281E-212	0	315	317	0	315	317	316M
1689	1689	-2.942E+02	1.00	1.763E-128	0	192	193	0	192	193	193M
1689	8105	-2.945E+02	1.00	1.286E-128	0	191	193	0	191	193	192M
1689	10072	-2.945E+02	1.00	1.286E-128	0	191	193	0	191	193	192M
1690	1690	-5.539E+02	1.00	2.672E-241	0	359	360	0	359	360	360M
1690	8104	-5.524E+02	0.994	1.292E-240	0	358	360	0	358	360	359M
1690	10073	-5.524E+02	0.994	1.292E-240	0	358	360	0	358	360	359M
1691	1691	-6.474E+02	1.00	7.107E-282	0	450	451	0	450	451	451M
1691	6510	-6.102E+02	0.940	9.814E-266	0	449	451	0	449	451	450M
1691	10074	-6.102E+02	0.940	9.814E-266	0	449	451	0	449	451	450M
1692	1692	-2.814E+02	1.00	6.036E-123	0	188	189	0	188	189	189M
1692	6511	-2.619E+02	0.988	1.885E-114	12	187	189	0	175	177	176M
1692	10075	-2.817E+02	1.00	4.403E-123	0	187	189	0	187	189	188M
1693	1693	-2.612E+02	1.00	3.521E-114	0	168	169	0	168	169	169M
1693	6826	-2.616E+02	1.00	2.568E-114	0	167	169	38	205	207	168M
1693	10817	-2.616E+02	1.00	2.568E-114	0	167	169	38	205	207	168M
1694	1694	-7.084E+02	1.00	0.000E+00	0	715	716	0	715	716	716M
1694	6827	-7.084E+02	0.993	0.000E+00	0	714	716	0	714	716	715M
1694	10818	-7.084E+02	0.993	0.000E+00	0	714	716	0	714	716	715M
1695	1695	-3.265E+02	1.00	1.559E-142	0	208	209	0	208	209	209M
1695	6828	-3.120E+02	0.966	3.119E-136	0	207	209	0	207	209	208M
1695	10819	-3.120E+02	0.966	3.119E-136	0	207	209	0	207	209	208M
1696	1696	-2.465E+02	1.00	8.589E-108	0	172	173	0	172	173	173M
1696	6829	-2.399E+02	0.959	6.483E-105	0	171	173	0	171	173	172M
1696	10820	-2.399E+02	0.959	6.483E-105	0	171	173	0	171	173	172M
1697	1697	-5.304E+02	1.00	4.624E-231	0	351	352	0	351	352	352M
1697	6830	-5.203E+02	0.980	1.107E-226	0	350	352	0	350	352	351M
1697	10821	-5.203E+02	0.980	1.107E-226	0	350	352	0	350	352	351M
1698	1698	-2.938E+02	1.00	2.416E-128	0	192	193	0	192	193	193M
1698	6831	-2.942E+02	1.00	1.763E-128	0	191	193	0	191	193	192M
1698	10822	-2.942E+02	1.00	1.763E-128	0	191	193	0	191	193	192M
1699	1699	-7.084E+02	1.00	0.000E+00	0	522	523	0	522	523	523M
1699	6832	-7.084E+02	0.977	0.000E+00	0	521	523	0	521	523	522M
1699	10823	-7.084E+02	0.977	0.000E+00	0	521	523	0	521	523	522M
1700	1700	-3.594E+02	1.00	8.498E-157	0	247	248	0	247	248	248M
1700	6833	-3.509E+02	0.967	4.229E-153	0	246	248	0	246	248	247M
1700	10824	-3.509E+02	0.967	4.229E-153	0	246	248	0	246	248	247M
1701	1701	-5.785E+02	1.00	5.875E-252	0	380	381	0	380	381	381M
1701	6834	-5.788E+02	1.00	4.287E-252	0	379	381	0	379	381	380M
1701	10825	-5.624E+02	1.00	5.593E-245	11	379	381	0	368	370	369M
1702	1702	-4.252E+02	1.00	2.166E-185	0	295	296	0	295	296	296M
1702	6835	-4.183E+02	0.989	2.223E-182	0	294	296	0	293	295	279M1I15M
1702	10826	-4.183E+02	0.989	2.223E-182	0	294	296	0	293	295	279M1I15M
1703	1703	-1.282E+02	1.00	2.136E-56	0	98	99	0	98	99	99M
1703	6836	-1.196E+02	0.938	1.090E-52	0	97	99	0	97	101	98M
1703	10827	-1.196E+02	0.938	1.090E-52	0	97	99	0	97	101	98M
1704	1704	-7.084E+02	1.00	0.000E+00	0	518	519	0	518	519	519M
1704	6837	-7.084E+02	0.988	0.000E+00	0	517	519	0	517	519	518M
1704	10828	-7.084E+02	0.988	0.000E+00	0	517	519	0	517	519	518M
1705	1705	-1.152E+02	1.00	8.899E-51	0	91	92	0	91	92	92M
1705	6838	-1.156E+02	1.00	6.485E-51	0	90	92	0	90	92	91M
1705	10829	-1.156E+02	1.00	6.485E-51	0	90	92	0	90	92	91M
1706	1706	-7.084E+02	1.00	0.000E+00	0	711	712	0	711	712	712M
1706	7458	-2.691E+02	0.344	1.313E-117	0	710	712	0	717	719	22M5D22M3I86M1D46M1D156M1I15M2D33M3I31M1I58M1I35M1I35M2I13M6D36M1I20M1D26M3D45M1D19M
1706	11265	-2.691E+02	0.344	1.313E-117	0	710	712	0	717	719	22M5D22M3I86M1D46M1D156M1I15M2D33M3I31M1I58M1I35M1I35M2I13M6D36M1I20M1D26M3D45M1D19M
1707	1707	-5.865E+02	1.00	1.984E-255	0	391	392	0	391	392	392M
1707	7617	-5.852E+02	0.997	6.995E-255	0	390	392	0	390	392	391M
1707	11435	-5.852E+02	0.997	6.995E-255	0	390	392	0	390	392	391M
1708	1708	-3.170E+02	1.00	2.039E-138	0	215	216	0	215	216	216M
1708	7616	-3.148E+02	0.990	1.855E-137	0	214	216	0	214	216	215M
1708	11434	-3.148E+02	0.990	1.855E-137	0	214	216	0	214	216	215M
1709	1709	-4.711E+01	1.00	3.481E-21	0	47	48	0	47	48	48M
1710	1710	-3.003E+02	1.00	3.649E-131	0	208	209	0	208	209	209M
1710	7615	-2.890E+02	0.966	3.114E-126	0	207	209	132	339	341	208M
1710	11433	-2.890E+02	0.966	3.114E-126	0	207	209	132	339	341	208M
1711	1711	-7.084E+02	1.00	0.000E+00	0	585	586	0	585	586	586M
1711	7614	-7.084E+02	0.991	0.000E+00	0	584	586	0	584	586	585M
1711	11432	-7.084E+02	0.991	0.000E+00	0	584	586	0	584	586	585M
1712	1712	-5.312E+02	1.00	2.038E-231	0	374	375	0	374	375	375M
1712	7613	-5.224E+02	0.983	1.381E-227	0	373	375	0	373	375	374M
1712	11431	-5.224E+02	0.983	1.381E-227	0	373	375	0	373	375	374M
1713	1713	-5.401E+02	1.00	2.740E-235	0	372	373	0	372	373	373M
1713	7612	-5.300E+02	0.975	6.550E-231	0	371	373	0	371	373	372M
1713	11430	-5.300E+02	0.975	6.550E-231	0	371	373	0	371	373	372M
1714	1714	-3.833E+02	1.00	3.596E-167	0	262	263	0	262	263	263M
1714	6047	-3.836E+02	1.00	2.624E-167	0	261	263	0	261	263	262M
1714	10407	-3.836E+02	1.00	2.624E-167	0	261	263	0	261	263	262M
1715	1715	-3.793E+02	1.00	1.944E-165	0	253	254	0	253	254	254M
1715	6046	-3.745E+02	0.988	2.201E-163	0	252	254	0	252	254	253M
1715	10406	-3.745E+02	0.988	2.201E-163	0	252	254	0	252	254	253M
1716	1716	-7.084E+02	1.00	0.000E+00	0	507	508	0	507	508	508M
1716	6045	-7.084E+02	0.972	0.000E+00	0	506	508	0	506	508	507M
1716	10405	-7.084E+02	0.972	0.000E+00	0	506	508	0	506	508	507M
1717	1717	-5.870E+02	1.00	1.228E-255	0	401	402	0	401	402	402M
1717	6044	-5.847E+02	0.995	1.114E-254	0	400	402	0	400	402	401M
1717	10404	-5.847E+02	0.995	1.114E-254	0	400	402	0	400	402	401M
1718	1718	-4.306E+02	1.00	9.476E-188	0	280	281	0	280	281	281M
1718	6043	-4.310E+02	1.00	6.914E-188	0	279	281	0	279	281	280M
1718	10403	-4.310E+02	1.00	6.914E-188	0	279	281	0	279	281	280M
1719	1719	-5.756E+02	1.00	1.024E-250	0	394	395	0	394	395	395M
1719	6042	-5.722E+02	0.992	3.275E-249	0	393	395	0	393	395	394M
1719	10402	-5.722E+02	0.992	3.275E-249	0	393	395	0	393	395	394M
1720	1720	-4.850E+02	1.00	2.245E-211	0	323	324	0	323	324	324M
1720	6041	-4.784E+02	0.984	1.680E-208	0	322	324	0	322	324	323M
1720	10401	-4.784E+02	0.984	1.680E-208	0	322	324	0	322	324	323M
1721	1721	-3.908E+02	1.00	1.887E-170	0	269	270	0	269	270	270M
1721	6040	-3.836E+02	0.981	2.658E-167	0	268	270	0	268	270	269M
1721	10400	-3.836E+02	0.981	2.658E-167	0	268	270	0	268	270	269M
1722	1722	-4.365E+02	1.00	2.734E-190	0	283	284	0	283	284	284M
1722	6039	-4.368E+02	1.00	1.995E-190	0	282	284	0	282	284	283M
1722	10399	-4.368E+02	1.00	1.995E-190	0	282	284	0	282	284	283M
1723	1723	-6.202E+02	1.00	4.642E-270	0	405	406	0	405	406	406M
1723	6038	-6.120E+02	0.985	1.676E-266	0	404	406	0	404	406	405M
1723	10398	-6.120E+02	0.985	1.676E-266	0	404	406	0	404	406	405M
1724	1724	-5.711E+02	1.00	9.486E-249	0	383	384	0	383	384	384M
1724	6037	-5.686E+02	0.994	1.180E-247	0	382	384	0	382	384	383M
1724	10397	-5.686E+02	0.994	1.180E-247	0	382	384	0	382	384	383M
1725	1725	-6.203E+02	1.00	4.128E-270	0	416	417	0	416	417	417M
1725	6036	-6.130E+02	0.985	5.788E-267	0	415	417	0	415	417	416M
1725	10396	-6.130E+02	0.985	5.788E-267	0	415	417	0	415	417	416M
1726	1726	-4.121E+02	1.00	1.016E-179	0	271	272	0	271	272	272M
1726	6035	-4.033E+02	0.977	6.924E-176	0	270	272	0	270	272	271M
1726	10395	-4.033E+02	0.977	6.924E-176	0	270	272	0	270	272	271M
1727	1727	-6.105E+02	1.00	6.956E-266	0	395	396	0	395	396	396M
1727	6034	-5.945E+02	0.972	6.621E-259	0	394	396	0	394	396	395M
1727	10394	-5.945E+02	0.972	6.621E-259	0	394	396	0	394	396	395M
1728	1728	-5.944E+02	1.00	7.436E-259	0	384	385	0	384	385	385M
1728	6033	-5.780E+02	0.971	9.705E-252	0	383	385	0	383	385	384M
1728	10393	-5.780E+02	0.971	9.705E-252	0	383	385	0	383	385	384M
1729	1729	-7.084E+02	1.00	0.000E+00	0	569	570	0	569	570	570M
1729	6032	-7.084E+02	0.987	0.000E+00	0	568	570	0	568	570	569M
1729	10392	-7.084E+02	0.987	0.000E+00	0	568	570	0	568	570	569M
1730	1730	-6.084E+02	1.00	5.819E-265	0	400	401	0	400	401	401M
1730	6031	-5.908E+02	0.970	2.674E-257	0	399	401	0	399	401	400M
1730	10391	-5.908E+02	0.970	2.674E-257	0	399	401	0	399	401	400M
1731	1731	-5.284E+02	1.00	3.170E-230	0	345	346	0	345	346	346M
1731	6030	-5.209E+02	0.973	6.104E-227	0	344	346	0	344	346	345M
1731	10390	-5.209E+02	0.973	6.104E-227	0	344	346	0	344	346	345M
1732	1732	-3.704E+02	1.00	1.349E-161	0	240	241	0	240	241	241M
1732	6029	-3.707E+02	1.00	9.842E-162	0	239	241	0	239	241	240M
1732	10389	-3.707E+02	1.00	9.842E-162	0	239	241	0	239	241	240M
1733	1733	-5.480E+02	1.00	9.885E-239	0	344	345	0	344	345	345M
1734	1734	-6.840E+02	1.00	8.534E-298	0	461	462	0	461	462	462M
1734	6714	-6.796E+02	0.989	7.020E-296	0	460	462	0	460	462	461M
1734	8867	-6.796E+02	0.989	7.020E-296	0	460	462	0	460	462	461M
1735	1735	-4.760E+02	1.00	1.880E-207	0	314	315	0	314	315	315M
1735	6713	-4.744E+02	0.993	9.090E-207	0	313	315	0	313	315	314M
1735	8866	-4.744E+02	0.993	9.090E-207	0	313	315	0	313	315	314M
1736	1736	-4.542E+02	1.00	5.789E-198	0	296	297	0	296	297	297M
1736	6712	-4.485E+02	0.979	1.685E-195	0	295	297	0	295	297	296M
1736	8865	-4.485E+02	0.979	1.685E-195	0	295	297	0	295	297	296M
1737	1737	-2.639E+02	1.00	2.421E-115	0	178	179	0	178	179	179M
1737	6711	-2.582E+02	0.983	7.090E-113	0	177	179	11	188	190	178M
1737	8864	-2.582E+02	0.983	7.090E-113	0	177	179	11	188	190	178M
1738	1738	-4.903E+02	1.00	1.136E-213	0	338	339	0	338	339	339M
1738	6710	-4.780E+02	0.976	2.467E-208	0	337	339	0	337	339	338M
1738	8863	-4.780E+02	0.976	2.467E-208	0	337	339	0	337	339	338M
1739	1739	-7.084E+02	1.00	0.000E+00	0	1068	1069	0	1068	1069	1069M
1739	6709	-7.084E+02	0.975	0.000E+00	11	1067	1069	0	1056	1058	1057M
1739	8862	-7.084E+02	0.975	0.000E+00	11	1067	1069	0	1056	1058	1057M
1740	1740	-3.703E+02	1.00	1.547E-161	0	263	264	0	263	264	264M
1740	6708	-3.668E+02	0.992	4.958E-160	0	262	264	0	262	264	263M
1740	8861	-3.668E+02	0.992	4.958E-160	0	262	264	0	262	264	263M
1741	1741	-7.084E+02	1.00	0.000E+00	0	496	497	0	496	497	497M
1741	6707	-7.084E+02	0.965	0.000E+00	0	495	497	0	495	497	496M
1741	8860	-7.084E+02	0.965	0.000E+00	0	495	497	0	495	497	496M
1742	1742	-4.260E+02	1.00	1.025E-185	0	306	307	0	306	307	307M
1742	6706	-3.907E+02	0.931	2.177E-170	0	305	307	0	305	307	306M
1742	8859	-3.907E+02	0.931	2.177E-170	0	305	307	0	305	307	306M
1743	1743	-2.844E+02	1.00	3.020E-124	0	198	199	0	198	199	199M
1743	6705	-2.835E+02	0.994	7.779E-124	0	197	199	0	197	199	198M
1743	8858	-2.835E+02	0.994	7.779E-124	0	197	199	0	197	199	198M
1744	1744	-2.247E+02	1.00	2.507E-98	0	146	147	0	146	147	147M
1744	6704	-2.251E+02	1.00	1.828E-98	0	145	147	0	145	147	146M
1744	8857	-2.251E+02	1.00	1.828E-98	0	145	147	0	145	147	146M
1745	1745	-1.307E+02	1.00	1.655E-57	0	91	92	0	91	92	92M
1745	6703	-1.311E+02	1.00	1.206E-57	0	90	92	0	90	92	91M
1745	8856	-1.311E+02	1.00	1.206E-57	0	90	92	0	90	92	91M
1746	1746	-3.303E+02	1.00	3.597E-144	0	235	236	0	235	236	236M
1746	6702	-3.281E+02	0.991	3.269E-143	0	234	236	0	234	236	235M
1746	8855	-3.281E+02	0.991	3.269E-143	0	234	236	0	234	236	235M
1747	1747	-7.084E+02	1.00	0.000E+00	0	637	638	0	637	638	638M
1747	6701	-7.084E+02	0.992	0.000E+00	0	636	638	0	636	638	637M
1747	8854	-7.084E+02	0.992	0.000E+00	0	636	638	0	636	638	637M
1748	1748	-6.448E+02	1.00	9.166E-281	0	444	445	0	444	445	445M
1748	6700	-6.432E+02	0.995	4.428E-280	0	443	445	0	443	445	444M
1748	8853	-6.432E+02	0.995	4.428E-280	0	443	445	0	443	445	444M
1749	1749	-4.502E+02	1.00	2.887E-196	0	292	293	0	292	293	293M
1749	6699	-4.493E+02	0.996	7.433E-196	0	291	293	0	291	293	292M
1749	8852	-4.493E+02	0.996	7.433E-196	0	291	293	0	291	293	292M
1750	1750	-2.119E+02	1.00	8.992E-93	0	156	157	0	156	157	157M
1750	6698	-1.958E+02	0.916	8.808E-86	0	155	157	0	155	157	156M
1750	8851	-1.958E+02	0.916	8.808E-86	0	155	157	0	155	157	156M
1751	1751	-7.437E+02	1.00	9.881E-324	0	486	487	0	486	487	487M
1751	6697	-7.431E+02	0.997	1.976E-323	0	485	487	60	545	547	486M
1751	8850	-7.431E+02	0.997	1.976E-323	0	485	487	60	545	547	486M
1752	1763	-3.795E+02	1.00	1.610E-165	0	248	250	155	403	405	249M
1752	4809	-3.795E+02	1.00	1.610E-165	0	248	250	155	403	405	249M
1752	8608	-3.795E+02	1.00	1.610E-165	0	248	250	155	403	405	249M
1753	1762	-5.282E+02	1.00	3.955E-230	0	342	344	0	342	344	343M
1753	4808	-5.260E+02	0.997	3.591E-229	0	342	344	0	342	344	343M
1753	8607	-5.260E+02	0.997	3.591E-229	0	342	344	0	342	344	343M
1754	1761	-7.444E+02	1.00	4.941E-324	0	488	490	0	488	490	489M
1754	4807	-7.422E+02	0.997	4.447E-323	0	488	490	0	488	490	489M
1754	8606	-7.422E+02	0.997	4.447E-323	0	488	490	0	488	490	489M
1755	1760	-6.853E+02	1.00	2.370E-298	0	446	448	0	446	448	447M
1755	4806	-6.840E+02	0.995	8.355E-298	0	446	448	0	446	448	447M
1755	8605	-6.840E+02	0.995	8.355E-298	0	446	448	0	446	448	447M
1756	1759	-4.979E+02	1.00	5.753E-217	0	323	325	0	323	325	324M
1756	4805	-4.881E+02	0.984	1.007E-212	0	323	325	0	323	325	324M
1756	8604	-4.881E+02	0.984	1.007E-212	0	323	325	0	323	325	324M
1757	1758	-3.228E+02	1.00	6.245E-141	0	252	254	0	252	254	253M
1757	4804	-3.216E+02	0.996	2.203E-140	0	252	254	0	252	254	253M
1757	8603	-3.216E+02	0.996	2.203E-140	0	252	254	0	252	254	253M
1758	1757	-3.228E+02	1.00	6.245E-141	0	252	254	0	252	254	253M
1758	4804	-3.216E+02	0.996	2.203E-140	0	252	254	0	252	254	253M
1758	8603	-3.216E+02	0.996	2.203E-140	0	252	254	0	252	254	253M
1759	1756	-4.979E+02	1.00	5.753E-217	0	323	325	0	323	325	324M
1759	4805	-4.881E+02	0.984	1.007E-212	0	323	325	0	323	325	324M
1759	8604	-4.881E+02	0.984	1.007E-212	0	323	325	0	323	325	324M
1760	1755	-6.853E+02	1.00	2.370E-298	0	446	448	0	446	448	447M
1760	4806	-6.840E+02	0.995	8.355E-298	0	446	448	0	446	448	447M
1760	8605	-6.840E+02	0.995	8.355E-298	0	446	448	0	446	448	447M
1761	1754	-7.444E+02	1.00	4.941E-324	0	488	490	0	488	490	489M
1761	4807	-7.422E+02	0.997	4.447E-323	0	488	490	0	488	490	489M
1761	8606	-7.422E+02	0.997	4.447E-323	0	488	490	0	488	490	489M
1762	1753	-5.282E+02	1.00	3.955E-230	0	342	344	0	342	344	343M
1762	4808	-5.260E+02	0.997	3.591E-229	0	342	344	0	342	344	343M
1762	8607	-5.260E+02	0.997	3.591E-229	0	342	344	0	342	344	343M
1763	1763	-6.249E+02	1.00	3.926E-272	0	404	405	0	404	405	405M
1763	4809	-6.253E+02	1.00	2.865E-272	0	403	405	0	403	405	404M
1763	8608	-6.253E+02	1.00	2.865E-272	0	403	405	0	403	405	404M
1764	1765	-6.584E+02	1.00	1.162E-286	0	422	424	0	422	424	423M
1764	4810	-6.584E+02	1.00	1.162E-286	0	422	424	0	422	424	423M
1764	8609	-6.584E+02	1.00	1.162E-286	0	422	424	0	422	424	423M
1765	1764	-6.584E+02	1.00	1.162E-286	0	422	424	0	422	424	423M
1765	4810	-6.584E+02	1.00	1.162E-286	0	422	424	0	422	424	423M
1765	8609	-6.584E+02	1.00	1.162E-286	0	422	424	0	422	424	423M
1766	1766	-6.356E+02	1.00	9.272E-277	0	412	413	0	412	413	413M
1766	4809	-5.767E+02	0.930	3.561E-251	0	400	413	0	400	405	401M
1766	8608	-5.767E+02	0.930	3.561E-251	0	400	413	0	400	405	401M
1767	1768	-5.625E+02	1.00	4.974E-245	0	363	365	0	363	365	364M
1767	4808	-3.147E+02	0.605	2.061E-137	0	339	365	0	337	344	285M2I53M
1767	8607	-3.147E+02	0.605	2.061E-137	0	339	365	0	337	344	285M2I53M
1768	1767	-5.625E+02	1.00	4.974E-245	0	363	365	0	363	365	364M
1768	4808	-3.147E+02	0.605	2.061E-137	0	339	365	0	337	344	285M2I53M
1768	8607	-3.147E+02	0.605	2.061E-137	0	339	365	0	337	344	285M2I53M
1769	1766	-3.901E+02	1.00	3.787E-170	0	256	258	155	411	413	257M
1769	4809	-3.308E+02	0.886	2.074E-144	0	245	258	155	400	405	246M
1769	8608	-3.308E+02	0.886	2.074E-144	0	245	258	155	400	405	246M
1770	1770	-5.737E+02	1.00	7.241E-250	0	355	356	0	355	356	356M
1770	4693	-5.711E+02	0.994	9.011E-249	0	354	356	0	354	356	355M
1770	8492	-5.711E+02	0.994	9.011E-249	0	354	356	0	354	356	355M
1771	1771	-3.986E+02	1.00	7.572E-174	0	277	278	0	277	278	278M
1771	4694	-3.989E+02	1.00	5.525E-174	0	276	278	0	276	278	277M
1771	8493	-3.989E+02	1.00	5.525E-174	0	276	278	0	276	278	277M
1772	1772	-4.547E+02	1.00	3.446E-198	0	285	286	0	285	286	286M
1772	4695	-4.550E+02	1.00	2.514E-198	0	284	286	0	284	286	285M
1772	8494	-4.550E+02	1.00	2.514E-198	0	284	286	0	284	286	285M
1773	1773	-3.237E+02	1.00	2.616E-141	0	201	202	0	201	202	202M
1773	4696	-3.177E+02	0.980	1.048E-138	0	200	202	0	200	202	201M
1773	8495	-3.177E+02	0.980	1.048E-138	0	200	202	0	200	202	201M
1774	1774	-2.511E+02	1.00	8.717E-110	0	175	176	0	175	176	176M
1774	4697	-2.489E+02	0.988	7.936E-109	0	174	176	0	174	176	175M
1774	8496	-2.489E+02	0.988	7.936E-109	0	174	176	0	174	176	175M
1775	1775	-1.151E+02	1.00	1.022E-50	0	81	82	0	81	82	82M
1775	4698	-1.154E+02	1.00	7.447E-51	0	80	82	0	80	82	81M
1775	8497	-1.154E+02	1.00	7.447E-51	0	80	82	0	80	82	81M
1776	1776	-4.933E+02	1.00	5.722E-215	0	328	329	0	328	329	329M
1776	4699	-4.936E+02	1.00	4.175E-215	0	327	329	0	327	329	328M
1776	8498	-4.936E+02	1.00	4.175E-215	0	327	329	0	327	329	328M
1777	1777	-3.342E+02	1.00	7.570E-146	0	220	221	0	220	221	221M
1777	4700	-3.345E+02	1.00	5.523E-146	0	219	221	0	219	221	220M
1777	8499	-3.345E+02	1.00	5.523E-146	0	219	221	0	219	221	220M
1778	1778	-7.084E+02	1.00	0.000E+00	0	661	662	0	661	662	662M
1778	4701	-7.084E+02	0.998	0.000E+00	0	660	662	0	660	662	661M
1778	8500	-7.084E+02	0.998	0.000E+00	0	660	662	0	660	662	661M
1779	1779	-7.084E+02	1.00	0.000E+00	0	483	484	0	483	484	484M
1779	4702	-7.084E+02	0.997	0.000E+00	0	482	484	0	482	484	483M
1779	8501	-7.084E+02	0.997	0.000E+00	0	482	484	0	482	484	483M
1780	1780	-5.339E+02	1.00	1.286E-232	0	362	363	0	362	363	363M
1780	4703	-5.343E+02	1.00	9.382E-233	0	361	363	0	361	363	362M
1780	8502	-5.343E+02	1.00	9.382E-233	0	361	363	0	361	363	362M
1781	1781	-2.289E+02	1.00	3.919E-100	0	158	159	0	158	159	159M
1781	4704	-2.267E+02	0.993	3.570E-99	0	157	159	0	157	159	158M
1781	8503	-2.267E+02	0.993	3.570E-99	0	157	159	0	157	159	158M
1782	1782	-4.155E+02	1.00	3.619E-181	0	294	295	0	294	295	295M
1782	4705	-4.092E+02	0.986	1.977E-178	0	293	295	0	293	295	294M
1782	8504	-4.092E+02	0.986	1.977E-178	0	293	295	0	293	295	294M
1783	1783	-3.296E+02	1.00	7.215E-144	0	223	224	0	223	224	224M
1783	4706	-3.299E+02	1.00	5.264E-144	0	222	224	0	222	224	223M
1783	8505	-3.299E+02	1.00	5.264E-144	0	222	224	0	222	224	223M
1784	1784	-3.441E+02	1.00	3.729E-150	0	237	238	0	237	238	238M
1784	4707	-3.425E+02	0.995	1.804E-149	0	236	238	0	236	238	237M
1784	8506	-3.425E+02	0.995	1.804E-149	0	236	238	0	236	238	237M
1785	1785	-2.721E+02	1.00	6.545E-119	0	191	192	0	191	192	192M
1785	4708	-2.724E+02	1.00	4.774E-119	0	190	192	0	190	192	191M
1785	8507	-2.724E+02	1.00	4.774E-119	0	190	192	0	190	192	191M
1786	1786	-3.021E+02	1.00	6.131E-132	0	197	198	0	197	198	198M
1786	4709	-2.983E+02	0.984	2.701E-130	0	196	198	0	196	198	197M
1786	8508	-2.983E+02	0.984	2.701E-130	0	196	198	0	196	198	197M
1787	1787	-6.084E+02	1.00	6.231E-265	0	415	416	0	415	416	416M
1787	4710	-6.087E+02	1.00	4.547E-265	0	414	416	0	414	416	415M
1787	8509	-6.087E+02	1.00	4.547E-265	0	414	416	0	414	416	415M
1788	1788	-4.242E+02	1.00	6.190E-185	0	304	305	0	304	305	305M
1788	4711	-4.197E+02	0.986	5.102E-183	0	303	305	0	303	305	304M
1788	8510	-4.197E+02	0.986	5.102E-183	0	303	305	0	303	305	304M
1789	1789	-4.077E+02	1.00	8.265E-178	0	264	265	0	264	265	265M
1789	4712	-4.027E+02	0.988	1.282E-175	0	263	265	0	263	265	264M
1789	8511	-4.027E+02	0.988	1.282E-175	0	263	265	0	263	265	264M
1790	1790	-3.361E+02	1.00	1.121E-146	0	213	214	0	213	214	214M
1790	4713	-3.348E+02	0.995	3.960E-146	0	212	214	0	212	214	213M
1790	8512	-3.348E+02	0.995	3.960E-146	0	212	214	0	212	214	213M
1791	1791	-2.361E+02	1.00	2.810E-103	0	165	166	0	165	166	166M
1791	4714	-2.364E+02	1.00	2.050E-103	0	164	166	0	164	166	165M
1791	8513	-2.364E+02	1.00	2.050E-103	0	164	166	0	164	166	165M
1792	1792	-3.387E+02	1.00	7.821E-148	0	230	231	0	230	231	231M
1792	4715	-3.378E+02	0.991	2.014E-147	0	229	231	0	229	231	230M
1792	8514	-3.378E+02	0.991	2.014E-147	0	229	231	0	229	231	230M
1793	1793	-1.240E+02	1.00	1.469E-54	0	94	95	0	94	95	95M
1794	1794	-7.084E+02	1.00	0.000E+00	0	562	563	0	562	563	563M
1795	1795	-3.139E+02	1.00	4.700E-137	0	208	209	0	208	209	209M
1796	1796	-6.515E+02	1.00	1.173E-283	0	443	444	0	443	444	444M
1797	1797	-1.582E+02	1.00	2.044E-69	0	112	113	0	112	113	113M
1798	1798	-6.456E+02	1.00	4.310E-281	0	421	422	0	421	422	422M
1799	1799	-1.356E+02	1.00	1.280E-59	0	95	96	0	95	96	96M
1800	1800	-7.997E+01	1.00	1.864E-35	0	62	63	0	62	63	63M
1801	1801	-1.781E+02	1.00	4.527E-78	0	118	119	0	118	119	119M
1802	1802	-2.185E+02	1.00	1.283E-95	0	151	152	0	151	152	152M
1803	1803	-1.786E+02	1.00	2.785E-78	0	121	122	0	121	122	122M
1804	1804	-2.459E+02	1.00	1.629E-107	0	159	160	0	159	160	160M
1805	1805	-2.458E+02	1.00	1.862E-107	0	175	176	0	175	176	176M
1806	1806	-2.105E+02	1.00	3.777E-92	0	153	154	0	153	154	154M
1807	1807	-7.084E+02	1.00	0.000E+00	0	1216	1217	0	1216	1217	1217M
1808	1808	-2.446E+02	1.00	5.913E-107	0	153	154	0	153	154	154M
1809	1809	-2.473E+02	1.00	3.960E-108	0	169	170	0	169	170	170M
1810	1810	-1.833E+02	1.00	2.560E-80	0	122	123	0	122	123	123M
1811	1811	-7.084E+02	1.00	0.000E+00	0	945	946	0	945	946	946M
1812	1812	-7.084E+02	1.00	0.000E+00	0	623	624	0	623	624	624M
1813	1813	-3.648E+02	1.00	3.736E-159	0	259	260	0	259	260	260M
1814	1814	-9.875E+01	1.00	1.297E-43	0	79	80	0	79	80	80M
1815	1815	-2.608E+02	1.00	5.314E-114	0	170	171	0	170	171	171M
1816	1816	-1.631E+02	1.00	1.401E-71	0	120	121	0	120	121	121M
1817	1817	-6.552E+01	1.00	3.497E-29	0	47	48	0	47	48	48M
1817	5328	-1.296E-03	0.295	6.649E+00	3	46	48	125	145	318	10M23I11M
1817	9388	-1.296E-03	0.295	6.649E+00	3	46	48	125	145	318	10M23I11M
1818	1818	-1.288E+02	1.00	1.192E-56	0	99	100	0	99	100	100M
1818	4880	-1.291E+02	1.00	8.686E-57	0	98	100	0	98	100	99M
1818	8679	-1.291E+02	1.00	8.686E-57	0	98	100	0	98	100	99M
1819	1819	-7.084E+02	1.00	0.000E+00	0	502	503	0	502	503	503M
1819	4881	-7.084E+02	1.00	0.000E+00	0	501	503	0	501	503	502M
1819	8680	-7.084E+02	1.00	0.000E+00	0	501	503	0	501	503	502M
1820	1820	-7.097E+02	1.00	6.291E-309	0	472	473	0	472	473	473M
1820	4882	-7.090E+02	0.997	1.181E-308	0	471	473	0	471	473	472M
1820	8681	-7.090E+02	0.997	1.181E-308	0	471	473	0	471	473	472M
1821	1821	-4.615E+02	1.00	3.742E-201	0	294	295	0	294	295	295M
1821	4883	-4.596E+02	0.993	2.480E-200	0	293	295	0	293	295	294M
1821	8682	-4.596E+02	0.993	2.480E-200	0	293	295	0	293	295	294M
1822	1822	-4.709E+02	1.00	3.052E-205	0	315	316	0	315	316	316M
1822	4884	-4.703E+02	0.996	5.732E-205	0	314	316	0	314	316	315M
1822	8683	-4.703E+02	0.996	5.732E-205	0	314	316	0	314	316	315M
1823	1823	-1.591E+02	1.00	7.922E-70	0	112	113	0	112	113	113M
1823	4885	-1.594E+02	1.00	5.776E-70	0	111	113	0	111	113	112M
1823	8684	-1.594E+02	1.00	5.776E-70	0	111	113	0	111	113	112M
1824	1824	-4.484E+02	1.00	1.831E-195	0	318	319	0	318	319	319M
1824	4886	-4.443E+02	0.990	1.101E-193	0	317	319	0	317	319	318M
1824	8685	-4.443E+02	0.990	1.101E-193	0	317	319	0	317	319	318M
1825	1825	-7.084E+02	1.00	0.000E+00	0	1052	1053	0	1052	1053	1053M
1825	4887	-7.084E+02	0.985	0.000E+00	0	1051	1053	0	1051	1053	1052M
1825	8686	-7.084E+02	0.985	0.000E+00	0	1051	1053	0	1051	1053	1052M
1826	1826	-5.759E+02	1.00	7.904E-251	0	402	403	0	402	403	403M
1826	4888	-5.601E+02	0.967	5.472E-244	0	401	403	0	401	403	402M
1826	8687	-5.601E+02	0.967	5.472E-244	0	401	403	0	401	403	402M
1827	1827	-6.707E+02	1.00	5.018E-292	0	469	470	0	469	470	470M
1827	4889	-6.698E+02	0.997	1.291E-291	0	468	470	0	468	470	469M
1827	8688	-6.698E+02	0.997	1.291E-291	0	468	470	0	468	470	469M
1828	1828	-1.848E+02	1.00	5.538E-81	0	123	124	0	123	124	124M
1828	4890	-1.851E+02	1.00	4.038E-81	0	122	124	0	122	124	123M
1828	8689	-1.851E+02	1.00	4.038E-81	0	122	124	0	122	124	123M
1829	1829	-3.082E+02	1.00	1.485E-134	0	203	204	0	203	204	204M
1829	4891	-3.085E+02	1.00	1.083E-134	0	202	204	0	202	204	203M
1829	8690	-3.085E+02	1.00	1.083E-134	0	202	204	0	202	204	203M
1830	1830	-8.969E+01	1.00	1.120E-39	0	64	65	0	64	65	65M
1830	4892	-9.000E+01	1.00	8.156E-40	0	63	65	0	63	65	64M
1830	8691	-9.000E+01	1.00	8.156E-40	0	63	65	0	63	65	64M
1831	1831	-1.869E+02	1.00	6.689E-82	0	125	126	0	125	126	126M
1831	4893	-1.841E+02	0.991	1.148E-80	1	124	126	20	143	145	124M
1831	8692	-1.841E+02	0.991	1.148E-80	1	124	126	20	143	145	124M
1832	1832	-3.371E+02	1.00	3.784E-147	0	230	231	0	230	231	231M
1832	4894	-3.346E+02	0.991	4.716E-146	0	229	231	0	229	231	230M
1832	8693	-3.346E+02	0.991	4.716E-146	0	229	231	0	229	231	230M
1833	1833	-1.929E+02	1.00	1.739E-84	0	126	127	0	126	127	127M
1833	4895	-1.932E+02	1.00	1.268E-84	0	125	127	0	125	127	126M
1833	8694	-1.932E+02	1.00	1.268E-84	0	125	127	0	125	127	126M
1834	1834	-7.084E+02	1.00	0.000E+00	0	553	554	0	553	554	554M
1834	4896	-7.084E+02	1.00	0.000E+00	0	552	554	0	552	554	553M
1834	8695	-7.084E+02	1.00	0.000E+00	0	552	554	0	552	554	553M
1835	1835	-6.479E+02	1.00	4.178E-282	0	425	426	0	425	426	426M
1835	4897	-6.482E+02	1.00	3.049E-282	0	424	426	0	424	426	425M
1835	8696	-6.482E+02	1.00	3.049E-282	0	424	426	0	424	426	425M
1836	1836	-5.632E+01	1.00	3.474E-25	0	41	42	0	41	42	42M
1836	6808	-5.632E+01	1.00	3.474E-25	0	41	42	198	239	322	42M
1836	10799	-5.632E+01	1.00	3.474E-25	0	41	42	198	239	322	42M
1837	1837	-7.084E+02	1.00	0.000E+00	0	621	622	0	621	622	622M
1837	6807	-7.084E+02	0.993	0.000E+00	0	620	622	0	620	622	621M
1837	10798	-7.084E+02	0.993	0.000E+00	0	620	622	0	620	622	621M
1838	1838	-1.169E+02	1.00	1.742E-51	0	90	91	0	90	91	91M
1838	6806	-1.172E+02	1.00	1.270E-51	0	89	91	0	89	91	90M
1838	10797	-1.172E+02	1.00	1.270E-51	0	89	91	0	89	91	90M
1839	1839	-1.992E+02	1.00	2.959E-87	0	151	152	0	151	152	152M
1839	6805	-1.996E+02	1.00	2.158E-87	0	150	152	0	150	152	151M
1839	10796	-1.996E+02	1.00	2.158E-87	0	150	152	0	150	152	151M
1840	1840	-3.111E+02	1.00	8.163E-136	0	215	216	0	215	216	216M
1840	6804	-3.088E+02	0.995	7.424E-135	0	214	216	0	214	216	215M
1840	10795	-3.088E+02	0.995	7.424E-135	0	214	216	0	214	216	215M
1841	1841	-2.261E+02	1.00	6.398E-99	0	157	158	0	157	158	158M
1841	6803	-2.264E+02	1.00	4.666E-99	0	156	158	0	156	158	157M
1841	10794	-2.264E+02	1.00	4.666E-99	0	156	158	0	156	158	157M
1842	1842	-6.148E+02	1.00	9.835E-268	0	405	406	0	405	406	406M
1842	6802	-6.151E+02	1.00	7.177E-268	0	404	406	0	404	406	405M
1842	10793	-6.151E+02	1.00	7.177E-268	0	404	406	0	404	406	405M
1843	1843	-1.839E+02	1.00	1.327E-80	0	128	129	0	128	129	129M
1843	6801	-1.842E+02	1.00	9.679E-81	0	127	129	0	127	129	128M
1843	10792	-1.842E+02	1.00	9.679E-81	0	127	129	0	127	129	128M
1844	1844	-1.572E+02	1.00	5.398E-69	0	106	107	0	106	107	107M
1844	6800	-1.562E+02	0.990	1.393E-68	0	105	107	0	105	107	106M
1844	10791	-1.562E+02	0.990	1.393E-68	0	105	107	0	105	107	106M
1845	1845	-2.393E+02	1.00	1.219E-104	0	172	173	0	172	173	173M
1845	6799	-2.396E+02	1.00	8.889E-105	0	171	173	0	171	173	172M
1845	10790	-2.396E+02	1.00	8.889E-105	0	171	173	0	171	173	172M
1846	1846	-7.084E+02	1.00	0.000E+00	0	619	620	0	619	620	620M
1846	6798	-7.084E+02	0.996	0.000E+00	0	618	620	0	618	620	619M
1846	10789	-7.084E+02	0.996	0.000E+00	0	618	620	0	618	620	619M
1847	1847	-1.680E+02	1.00	1.139E-73	0	112	113	0	112	113	113M
1847	6797	-1.683E+02	1.00	8.304E-74	0	111	113	0	111	113	112M
1847	10788	-1.683E+02	1.00	8.304E-74	0	111	113	0	111	113	112M
1848	1848	-7.360E+02	1.00	2.383E-320	0	489	490	0	489	490	490M
1848	6796	-7.363E+02	1.00	1.739E-320	0	488	490	0	488	490	489M
1848	10787	-7.363E+02	1.00	1.739E-320	0	488	490	0	488	490	489M
1849	1849	-2.248E+02	1.00	2.276E-98	0	144	145	0	144	145	145M
1849	6795	-2.251E+02	1.00	1.660E-98	0	143	145	0	143	145	144M
1849	10786	-2.251E+02	1.00	1.660E-98	0	143	145	0	143	145	144M
1850	1850	-7.084E+02	1.00	0.000E+00	0	1153	1154	0	1153	1154	1154M
1850	6794	-7.084E+02	1.00	0.000E+00	0	1152	1154	0	1152	1154	1153M
1850	10785	-7.084E+02	1.00	0.000E+00	0	1152	1154	0	1152	1154	1153M
1851	1851	-1.674E+02	1.00	2.092E-73	0	118	119	0	118	119	119M
1851	6793	-1.639E+02	0.983	6.759E-72	0	117	119	0	117	119	118M
1851	10784	-1.639E+02	0.983	6.759E-72	0	117	119	0	117	119	118M
1852	1852	-4.887E+02	1.00	6.006E-213	0	313	314	0	313	314	314M
1852	6792	-4.842E+02	0.984	4.954E-211	0	312	314	0	312	314	313M
1852	10783	-4.842E+02	0.984	4.954E-211	0	312	314	0	312	314	313M
1853	1853	-4.014E+02	1.00	4.898E-175	0	259	260	0	259	260	260M
1853	6791	-3.992E+02	0.992	4.452E-174	0	258	260	0	258	260	259M
1853	10782	-3.992E+02	0.992	4.452E-174	0	258	260	0	258	260	259M
1854	1854	-2.527E+02	1.00	1.767E-110	0	168	169	0	168	169	169M
1854	6790	-2.530E+02	1.00	1.288E-110	0	167	169	0	167	169	168M
1854	10781	-2.530E+02	1.00	1.288E-110	0	167	169	0	167	169	168M
1855	1855	-3.246E+02	1.00	1.020E-141	0	221	222	0	221	222	222M
1855	6789	-3.161E+02	0.977	5.087E-138	0	220	222	0	220	222	221M
1855	10780	-3.161E+02	0.977	5.087E-138	0	220	222	0	220	222	221M
1856	1856	-1.097E+02	1.00	2.282E-48	0	88	89	0	88	89	89M
1856	6788	-1.100E+02	1.00	1.663E-48	0	87	89	0	87	89	88M
1856	10779	-1.100E+02	1.00	1.663E-48	0	87	89	0	87	89	88M
1857	1857	-3.778E+02	1.00	8.427E-165	0	244	245	0	244	245	245M
1857	6787	-3.781E+02	1.00	6.148E-165	0	243	245	0	243	245	244M
1857	10778	-3.781E+02	1.00	6.148E-165	0	243	245	0	243	245	244M
1858	1858	-4.367E+02	1.00	2.192E-190	0	285	286	0	285	286	286M
1858	6786	-4.323E+02	0.989	1.809E-188	0	284	286	0	284	286	285M
1858	10777	-4.323E+02	0.989	1.809E-188	0	284	286	0	284	286	285M
1859	1859	-1.807E+02	1.00	3.363E-79	0	123	124	0	123	124	124M
1859	5734	-1.810E+02	1.00	2.452E-79	0	122	124	89	211	213	123M
1859	9942	-1.810E+02	1.00	2.452E-79	0	122	124	89	211	213	123M
1860	1860	-3.850E+02	1.00	6.544E-168	0	266	267	0	266	267	267M
1860	5735	-3.799E+02	0.988	1.015E-165	0	265	267	0	265	267	266M
1860	9943	-3.799E+02	0.988	1.015E-165	0	265	267	0	265	267	266M
1861	1861	-7.084E+02	1.00	0.000E+00	0	612	613	0	612	613	613M
1861	5736	-7.084E+02	0.986	0.000E+00	0	611	613	0	611	613	612M
1861	9944	-7.084E+02	0.986	0.000E+00	0	611	613	0	611	613	612M
1862	1862	-6.809E+02	1.00	1.971E-296	0	454	455	0	454	455	455M
1862	5737	-6.799E+02	0.997	5.072E-296	0	453	455	0	453	455	454M
1862	9945	-6.799E+02	0.997	5.072E-296	0	453	455	0	453	455	454M
1863	1863	-2.633E+02	1.00	4.465E-115	0	171	172	0	171	172	172M
1863	5738	-2.605E+02	0.976	7.643E-114	0	170	172	0	170	172	171M
1863	9946	-2.605E+02	0.976	7.643E-114	0	170	172	0	170	172	171M
1864	1864	-4.742E+02	1.00	1.119E-206	0	305	306	0	305	306	306M
1864	5739	-4.717E+02	0.993	1.392E-205	0	304	306	0	304	306	305M
1864	9947	-4.717E+02	0.993	1.392E-205	0	304	306	0	304	306	305M
1865	1865	-2.148E+02	1.00	5.151E-94	0	149	150	0	149	150	150M
1865	5740	-2.151E+02	1.00	3.757E-94	0	148	150	0	148	150	149M
1865	9948	-2.151E+02	1.00	3.757E-94	0	148	150	0	148	150	149M
1866	1866	-2.227E+02	1.00	1.964E-97	0	156	157	0	156	157	157M
1866	5741	-2.230E+02	1.00	1.432E-97	0	155	157	0	155	157	156M
1866	9949	-2.230E+02	1.00	1.432E-97	0	155	157	0	155	157	156M
1867	1867	-5.649E+02	1.00	4.446E-246	0	373	374	0	373	374	374M
1867	5742	-5.631E+02	0.997	2.945E-245	0	372	374	0	372	374	373M
1867	9950	-5.631E+02	0.997	2.945E-245	0	372	374	0	372	374	373M
1868	1868	-6.165E+02	1.00	1.762E-268	0	429	430	0	429	430	430M
1868	5743	-6.168E+02	1.00	1.286E-268	0	428	430	0	428	430	429M
1868	9951	-6.168E+02	1.00	1.286E-268	0	428	430	0	428	430	429M
1869	1869	-5.892E+02	1.00	1.305E-256	0	407	408	0	407	408	408M
1869	5744	-5.895E+02	1.00	9.524E-257	0	406	408	0	406	408	407M
1869	9952	-5.895E+02	1.00	9.524E-257	0	406	408	0	406	408	407M
1870	1870	-1.475E+02	1.00	9.027E-65	0	111	112	0	111	112	112M
1870	5745	-1.478E+02	1.00	6.581E-65	0	110	112	0	110	112	111M
1870	9953	-1.478E+02	1.00	6.581E-65	0	110	112	0	110	112	111M
1871	1871	-2.284E+02	1.00	6.201E-100	0	161	162	0	161	162	162M
1871	5746	-2.287E+02	1.00	4.523E-100	0	160	162	0	160	162	161M
1871	9954	-2.287E+02	1.00	4.523E-100	0	160	162	0	160	162	161M
1872	1872	-2.143E+02	1.00	8.798E-94	0	147	148	0	147	148	148M
1872	5747	-2.004E+02	0.931	9.484E-88	0	146	148	0	146	148	147M
1872	9955	-2.004E+02	0.931	9.484E-88	0	146	148	0	146	148	147M
1873	1873	-7.084E+02	1.00	0.000E+00	0	507	508	0	507	508	508M
1873	7664	-2.511E+02	0.409	8.897E-110	22	498	508	12	491	507	74M1D288M3I8M4D7M2I14M4D47M1I33M
1873	11451	-2.511E+02	0.409	8.897E-110	22	498	508	12	491	507	74M1D288M3I8M4D7M2I14M4D47M1I33M
1874	1874	-2.344E+02	1.00	1.542E-102	0	161	162	0	161	162	162M
1875	1875	-6.303E+02	1.00	1.852E-274	0	404	405	0	404	405	405M
1875	5748	-6.287E+02	0.997	8.951E-274	0	403	405	0	403	405	404M
1875	9956	-6.287E+02	0.997	8.951E-274	0	403	405	0	403	405	404M
1876	1876	-4.487E+02	1.00	1.312E-195	0	284	285	0	284	285	285M
1876	5749	-4.446E+02	0.992	7.903E-194	0	283	285	0	283	285	284M
1876	9957	-4.446E+02	0.992	7.903E-194	0	283	285	0	283	285	284M
1877	1877	-4.217E+02	1.00	7.432E-184	0	283	284	0	283	284	284M
1877	5750	-4.176E+02	0.982	4.475E-182	0	282	284	0	282	284	283M
1877	9958	-4.176E+02	0.982	4.475E-182	0	282	284	0	282	284	283M
1878	1878	-6.207E+02	1.00	2.590E-270	0	406	407	0	406	407	407M
1878	5751	-6.091E+02	0.977	2.992E-265	0	405	407	0	405	407	406M
1878	9959	-6.091E+02	0.977	2.992E-265	0	405	407	0	405	407	406M
1879	1879	-3.850E+02	1.00	6.361E-168	0	252	253	0	252	253	253M
1879	5753	-3.768E+02	0.972	2.310E-164	0	251	253	0	251	253	252M
1879	9961	-3.768E+02	0.972	2.310E-164	0	251	253	0	251	253	252M
1880	1880	-7.084E+02	1.00	0.000E+00	0	552	553	0	552	553	553M
1880	6696	-7.084E+02	1.00	0.000E+00	0	551	553	0	551	553	552M
1880	8849	-7.084E+02	1.00	0.000E+00	0	551	553	0	551	553	552M
1881	1881	-7.394E+02	1.00	7.806E-322	0	490	491	0	490	491	491M
1881	6695	-7.394E+02	0.997	7.806E-322	0	489	491	0	489	491	490M
1881	8848	-7.394E+02	0.997	7.806E-322	0	489	491	0	489	491	490M
1882	1882	-3.026E+02	1.00	3.827E-132	0	207	208	0	207	208	208M
1882	6694	-3.029E+02	1.00	2.792E-132	0	206	208	0	206	208	207M
1882	8847	-3.029E+02	1.00	2.792E-132	0	206	208	0	206	208	207M
1883	1883	-7.084E+02	1.00	0.000E+00	0	540	541	0	540	541	541M
1883	6693	-7.084E+02	0.992	0.000E+00	0	539	541	0	539	541	540M
1883	8846	-7.084E+02	0.992	0.000E+00	0	539	541	0	539	541	540M
1884	1884	-7.084E+02	1.00	0.000E+00	0	688	689	0	688	689	689M
1884	6692	-7.084E+02	1.00	0.000E+00	0	687	689	0	687	689	688M
1884	8845	-7.084E+02	1.00	0.000E+00	0	687	689	0	687	689	688M
1885	1885	-2.923E+02	1.00	1.100E-127	0	204	205	0	204	205	205M
1885	6691	-2.926E+02	1.00	8.027E-128	0	203	205	0	203	205	204M
1885	8844	-2.926E+02	1.00	8.027E-128	0	203	205	0	203	205	204M
1886	1886	-2.548E+02	1.00	2.239E-111	0	171	172	0	171	172	172M
1886	6690	-2.551E+02	1.00	1.633E-111	0	170	172	0	170	172	171M
1886	8843	-2.551E+02	1.00	1.633E-111	0	170	172	0	170	172	171M
1887	1887	-6.931E+01	1.00	7.963E-31	0	66	67	0	66	67	67M
1887	6689	-6.962E+01	1.00	5.799E-31	0	65	67	0	65	67	66M
1887	8842	-6.962E+01	1.00	5.799E-31	0	65	67	0	65	67	66M
1888	1888	-5.168E+02	1.00	3.749E-225	0	332	333	0	332	333	333M
1888	6688	-5.136E+02	0.993	8.761E-224	0	331	333	0	331	333	332M
1888	8841	-5.136E+02	0.993	8.761E-224	0	331	333	0	331	333	332M
1889	1889	-5.968E+02	1.00	6.611E-260	0	420	421	0	420	421	421M
1889	6687	-5.971E+02	1.00	4.824E-260	0	419	421	0	419	421	420M
1889	8840	-5.971E+02	1.00	4.824E-260	0	419	421	0	419	421	420M
1890	1890	-2.640E+02	1.00	2.201E-115	0	176	177	0	176	177	177M
1890	6686	-2.643E+02	1.00	1.605E-115	0	175	177	0	175	177	176M
1890	8839	-2.643E+02	1.00	1.605E-115	0	175	177	0	175	177	176M
1891	1891	-1.657E+02	1.00	1.092E-72	0	113	114	0	113	114	114M
1891	6685	-1.660E+02	1.00	7.962E-73	0	112	114	0	112	114	113M
1891	8838	-1.660E+02	1.00	7.962E-73	0	112	114	0	112	114	113M
1892	1892	-7.084E+02	1.00	0.000E+00	0	664	665	0	664	665	665M
1892	6684	-7.084E+02	0.998	0.000E+00	0	663	665	0	663	665	664M
1892	8837	-7.084E+02	0.998	0.000E+00	0	663	665	0	663	665	664M
1893	1893	-6.573E+02	1.00	3.398E-286	0	419	420	0	419	420	420M
1893	6683	-6.576E+02	1.00	2.479E-286	0	418	420	0	418	420	419M
1893	8836	-6.576E+02	1.00	2.479E-286	0	418	420	0	418	420	419M
1894	1894	-2.090E+02	1.00	1.758E-91	0	139	140	0	139	140	140M
1894	6682	-2.093E+02	1.00	1.282E-91	0	138	140	0	138	140	139M
1894	8835	-2.093E+02	1.00	1.282E-91	0	138	140	0	138	140	139M
1895	1895	-3.911E+02	1.00	1.358E-170	0	262	263	0	262	263	263M
1895	6681	-3.848E+02	0.977	7.434E-168	0	261	263	0	261	263	262M
1895	8834	-3.848E+02	0.977	7.434E-168	0	261	263	0	261	263	262M
1896	1896	-2.840E+02	1.00	4.477E-124	0	193	194	0	193	194	194M
1896	6680	-2.815E+02	0.989	5.585E-123	0	192	194	0	192	194	193M
1896	8833	-2.815E+02	0.989	5.585E-123	0	192	194	0	192	194	193M
1897	1897	-1.424E+02	1.00	1.486E-62	0	99	100	0	99	100	100M
1897	6679	-1.405E+02	0.989	9.905E-62	0	98	100	0	98	100	99M
1897	8832	-1.405E+02	0.989	9.905E-62	0	98	100	0	98	100	99M
1898	1898	-3.996E+02	1.00	2.903E-174	0	270	271	0	270	271	271M
1898	6678	-3.999E+02	1.00	2.118E-174	0	269	271	0	269	271	270M
1898	8831	-3.999E+02	1.00	2.118E-174	0	269	271	0	269	271	270M
1899	1899	-4.613E+02	1.00	4.428E-201	0	311	312	0	311	312	312M
1899	7988	-4.616E+02	1.00	3.231E-201	0	310	312	0	310	312	311M
1899	11807	-4.616E+02	1.00	3.231E-201	0	310	312	0	310	312	311M
1900	1900	-5.991E+02	1.00	6.581E-261	0	411	412	0	411	412	412M
1900	7987	-5.981E+02	0.997	1.693E-260	0	410	412	0	410	412	411M
1900	11806	-5.981E+02	0.997	1.693E-260	0	410	412	0	410	412	411M
1901	1901	-6.110E+02	1.00	4.262E-266	0	398	399	0	398	399	399M
1901	7986	-6.114E+02	1.00	3.110E-266	0	397	399	0	397	399	398M
1901	11805	-6.114E+02	1.00	3.110E-266	0	397	399	0	397	399	398M
1902	1902	-3.873E+02	1.00	6.073E-169	0	249	250	0	249	250	250M
1902	7985	-3.744E+02	0.955	2.498E-163	0	248	250	0	248	250	249M
1902	11804	-3.744E+02	0.955	2.498E-163	0	248	250	0	248	250	249M
1903	1903	-5.519E+02	1.00	2.011E-240	0	355	356	0	355	356	356M
1903	7984	-5.415E+02	0.980	6.601E-236	0	354	356	0	354	356	355M
1903	11803	-5.415E+02	0.980	6.601E-236	0	354	356	0	354	356	355M
1904	1904	-2.412E+02	1.00	1.835E-105	0	172	173	0	172	173	173M
1904	7983	-2.367E+02	0.988	1.521E-103	0	171	173	0	171	173	172M
1904	11802	-2.367E+02	0.988	1.521E-103	0	171	173	0	171	173	172M
1905	1905	-2.920E+02	1.00	1.604E-127	0	192	193	0	192	193	193M
1905	7982	-2.897E+02	0.989	1.460E-126	0	191	193	0	191	193	192M
1905	11801	-2.897E+02	0.989	1.460E-126	0	191	193	0	191	193	192M
1906	1906	-7.334E+02	1.00	2.961E-319	0	489	490	0	489	490	490M
1906	7056	-7.312E+02	0.997	2.686E-318	0	488	490	0	488	490	489M
1906	10936	-7.312E+02	0.997	2.686E-318	0	488	490	0	488	490	489M
1907	1907	-7.393E+02	1.00	8.547E-322	0	492	493	0	492	493	493M
1907	7057	-7.380E+02	0.997	3.019E-321	0	491	493	0	491	493	492M
1907	10937	-7.380E+02	0.997	3.019E-321	0	491	493	0	491	493	492M
1908	1908	-1.405E+02	1.00	9.221E-62	0	104	105	0	104	105	105M
1908	7058	-1.409E+02	1.00	6.722E-62	0	103	105	0	103	105	104M
1908	10938	-1.409E+02	1.00	6.722E-62	0	103	105	0	103	105	104M
1909	1909	-5.114E+02	1.00	8.157E-223	0	346	347	0	346	347	347M
1909	7059	-5.117E+02	1.00	5.952E-223	0	345	347	0	345	347	346M
1909	10939	-5.117E+02	1.00	5.952E-223	0	345	347	0	345	347	346M
1910	1910	-4.228E+02	1.00	2.314E-184	0	285	286	0	285	286	286M
1910	7060	-4.232E+02	1.00	1.688E-184	0	284	286	0	284	286	285M
1910	10940	-4.232E+02	1.00	1.688E-184	0	284	286	0	284	286	285M
1911	1911	-2.479E+02	1.00	2.168E-108	0	163	164	0	163	164	164M
1911	7061	-2.470E+02	0.993	5.587E-108	0	162	164	0	162	164	163M
1911	10941	-2.470E+02	0.993	5.587E-108	0	162	164	0	162	164	163M
1912	1912	-2.752E+02	1.00	3.018E-120	0	186	187	0	186	187	187M
1912	7062	-2.739E+02	0.994	1.066E-119	0	185	187	0	185	187	186M
1912	10942	-2.739E+02	0.994	1.066E-119	0	185	187	0	185	187	186M
1913	1913	-7.324E+02	1.00	8.275E-319	0	484	485	0	484	485	485M
1913	7063	-7.327E+02	1.00	6.039E-319	0	483	485	0	483	485	484M
1913	10943	-7.327E+02	1.00	6.039E-319	0	483	485	0	483	485	484M
1914	1914	-7.674E+01	1.00	4.715E-34	0	57	58	0	57	58	58M
1914	7064	-7.705E+01	1.00	3.434E-34	0	56	58	0	56	58	57M
1914	10944	-7.705E+01	1.00	3.434E-34	0	56	58	0	56	58	57M
1915	1915	-7.029E+02	1.00	5.284E-306	0	461	462	0	461	462	462M
1915	7065	-7.010E+02	0.995	3.498E-305	0	460	462	0	460	462	461M
1915	10945	-7.010E+02	0.995	3.498E-305	0	460	462	0	460	462	461M
1916	1916	-3.885E+02	1.00	1.861E-169	0	244	245	0	244	245	245M
1916	7066	-3.888E+02	1.00	1.357E-169	0	243	245	0	243	245	244M
1916	10946	-3.888E+02	1.00	1.357E-169	0	243	245	0	243	245	244M
1917	1917	-3.178E+02	1.00	9.254E-139	0	205	206	0	205	206	206M
1917	7067	-3.181E+02	1.00	6.751E-139	0	204	206	0	204	206	205M
1917	10947	-3.181E+02	1.00	6.751E-139	0	204	206	0	204	206	205M
1918	1918	-7.084E+02	1.00	0.000E+00	0	503	504	0	503	504	504M
1918	7068	-7.084E+02	0.998	0.000E+00	0	502	504	0	502	504	503M
1918	10948	-7.084E+02	0.998	0.000E+00	0	502	504	0	502	504	503M
1919	1919	-1.570E+02	1.00	6.713E-69	0	104	105	0	104	105	105M
1919	6677	-1.529E+02	1.00	4.086E-67	3	103	105	0	100	102	101M
1919	8830	-1.529E+02	1.00	4.086E-67	3	103	105	0	100	102	101M
1920	1920	-1.439E+02	1.00	3.059E-63	0	99	100	0	99	100	100M
1920	6676	-1.392E+02	0.979	3.508E-61	0	98	100	0	98	100	99M
1920	8829	-1.392E+02	0.979	3.508E-61	0	98	100	0	98	100	99M
1921	1921	-5.781E+02	1.00	8.783E-252	0	355	356	0	355	356	356M
1921	6675	-5.765E+02	0.997	4.246E-251	0	354	356	0	354	356	355M
1921	8828	-5.765E+02	0.997	4.246E-251	0	354	356	0	354	356	355M
1922	1922	-3.694E+02	1.00	3.579E-161	0	254	255	0	254	255	255M
1922	6674	-3.653E+02	0.988	2.156E-159	0	253	255	0	253	255	254M
1922	8827	-3.653E+02	0.988	2.156E-159	0	253	255	0	253	255	254M
1923	1923	-4.879E+02	1.00	1.281E-212	0	309	310	0	309	310	310M
1923	6673	-4.756E+02	0.970	2.792E-207	0	308	310	0	308	310	309M
1923	8826	-4.756E+02	0.970	2.792E-207	0	308	310	0	308	310	309M
1924	1924	-6.221E+02	1.00	6.384E-271	0	403	404	0	403	404	404M
1924	6672	-6.193E+02	0.992	1.088E-269	0	402	404	0	402	404	403M
1924	8825	-6.193E+02	0.992	1.088E-269	0	402	404	0	402	404	403M
1925	1925	-5.964E+02	1.00	9.309E-260	0	407	408	0	407	408	408M
1925	6671	-5.968E+02	1.00	6.794E-260	0	406	408	0	406	408	407M
1925	8824	-5.968E+02	1.00	6.794E-260	0	406	408	0	406	408	407M
1926	1926	-2.717E+02	1.00	9.802E-119	0	173	174	0	173	174	174M
1926	6670	-2.720E+02	1.00	7.149E-119	0	172	174	0	172	174	173M
1926	8823	-2.720E+02	1.00	7.149E-119	0	172	174	0	172	174	173M
1927	1927	-4.041E+02	1.00	3.096E-176	0	274	275	0	274	275	275M
1927	6669	-3.874E+02	0.963	5.577E-169	0	273	275	0	273	275	274M
1927	8822	-3.874E+02	0.963	5.577E-169	0	273	275	0	273	275	274M
1928	1928	-3.951E+02	1.00	2.477E-172	0	264	265	0	264	265	265M
1928	6668	-3.939E+02	0.996	8.742E-172	0	263	265	0	263	265	264M
1928	8821	-3.939E+02	0.996	8.742E-172	0	263	265	0	263	265	264M
1929	1929	-3.848E+02	1.00	7.792E-168	0	263	264	0	263	264	264M
1929	6667	-3.851E+02	1.00	5.685E-168	0	262	264	0	262	264	263M
1929	8820	-3.851E+02	1.00	5.685E-168	0	262	264	0	262	264	263M
1930	1930	-7.344E+02	1.00	1.099E-319	0	488	489	0	488	489	489M
1930	6666	-7.335E+02	0.997	2.827E-319	0	487	489	0	487	489	488M
1930	8819	-7.335E+02	0.997	2.827E-319	0	487	489	0	487	489	488M
1931	1931	-7.084E+02	1.00	0.000E+00	0	546	547	0	546	547	547M
1931	6665	-7.084E+02	0.987	0.000E+00	0	545	547	0	545	547	546M
1931	8818	-7.084E+02	0.987	0.000E+00	0	545	547	0	545	547	546M
1932	1932	-6.378E+02	1.00	9.958E-278	0	398	399	0	398	399	399M
1932	6664	-6.337E+02	0.992	5.986E-276	0	397	399	0	397	399	398M
1932	8817	-6.337E+02	0.992	5.986E-276	0	397	399	0	397	399	398M
1933	1933	-6.485E+02	1.00	2.250E-282	0	432	433	0	432	433	433M
1933	6663	-6.460E+02	0.993	2.797E-281	0	431	433	0	431	433	432M
1933	8816	-6.460E+02	0.993	2.797E-281	0	431	433	0	431	433	432M
1934	1934	-2.310E+02	1.00	4.733E-101	0	160	161	0	160	161	161M
1934	6662	-2.294E+02	0.987	2.294E-100	0	159	161	0	159	161	160M
1934	8815	-2.294E+02	0.987	2.294E-100	0	159	161	0	159	161	160M
1935	1935	-6.630E+02	1.00	1.212E-288	0	440	441	0	440	441	441M
1935	6661	-6.633E+02	1.00	8.847E-289	0	439	441	0	439	441	440M
1935	8814	-6.633E+02	1.00	8.847E-289	0	439	441	0	439	441	440M
1936	1936	-3.955E+02	1.00	1.645E-172	0	262	263	0	262	263	263M
1936	6660	-3.899E+02	0.988	4.793E-170	0	261	263	0	261	263	262M
1936	8813	-3.899E+02	0.988	4.793E-170	0	261	263	0	261	263	262M
1937	1937	-5.877E+02	1.00	6.019E-256	0	406	407	0	406	407	407M
1937	6659	-5.779E+02	0.980	1.049E-251	0	405	407	0	405	407	406M
1937	8812	-5.779E+02	0.980	1.049E-251	0	405	407	0	405	407	406M
1938	1938	-5.559E+02	1.00	3.673E-242	0	357	358	0	357	358	358M
1938	6658	-5.480E+02	0.983	9.691E-239	2	356	358	26	380	382	355M
1938	8811	-5.480E+02	0.983	9.691E-239	2	356	358	26	380	382	355M
1939	1939	-4.509E+01	1.00	2.608E-20	0	43	44	0	43	44	44M
1939	4971	-4.128E+01	0.976	1.185E-18	0	41	44	142	183	444	42M
1939	9031	-4.128E+01	0.976	1.185E-18	0	41	44	139	180	441	42M
1940	1940	-1.165E+02	1.00	2.511E-51	0	91	92	0	91	92	92M
1941	1941	-2.874E+02	1.00	1.532E-125	0	195	196	0	195	196	196M
1941	4971	-2.846E+02	0.989	2.619E-124	0	194	196	248	442	444	195M
1941	9031	-2.846E+02	0.989	2.619E-124	0	194	196	245	439	441	195M
1942	1942	-7.084E+02	1.00	0.000E+00	0	641	642	0	641	642	642M
1942	4972	-4.781E+02	0.522	2.422E-208	0	640	642	0	647	650	35M1D16M7D49M1I20M7D123M2I12M3D59M1I196M2D31M11I26M1I7M1I18M1I24M5D7M
1942	9032	-4.781E+02	0.522	2.422E-208	0	640	642	0	647	650	35M1D16M7D49M1I20M7D123M2I12M3D59M1I196M2D31M11I26M1I7M1I18M1I24M5D7M
1943	1943	-2.929E+02	1.00	6.109E-128	0	185	186	0	185	186	186M
1943	4973	-2.926E+02	0.994	8.375E-128	0	184	186	0	184	186	185M
1943	9033	-2.926E+02	0.994	8.375E-128	0	184	186	0	184	186	185M
1944	1944	-3.065E+02	1.00	7.904E-134	0	205	206	0	205	206	206M
1944	4974	-3.068E+02	1.00	5.766E-134	0	204	206	0	204	206	205M
1944	9034	-3.068E+02	1.00	5.766E-134	0	204	206	0	204	206	205M
1945	1945	-2.687E+02	1.00	1.937E-117	0	176	177	0	176	177	177M
1945	4975	-2.650E+02	0.982	8.541E-116	0	175	177	0	175	177	176M
1945	9035	-2.650E+02	0.982	8.541E-116	0	175	177	0	175	177	176M
1946	1946	-3.196E+02	1.00	1.585E-139	0	221	222	0	221	222	222M
1946	4976	-3.168E+02	0.981	2.707E-138	0	220	222	0	220	222	221M
1946	9036	-3.168E+02	0.981	2.707E-138	0	220	222	0	220	222	221M
1947	1947	-3.952E+02	1.00	2.363E-172	0	263	264	0	263	264	264M
1947	4977	-3.930E+02	0.988	2.147E-171	0	262	264	0	262	264	263M
1947	9037	-3.930E+02	0.988	2.147E-171	0	262	264	0	262	264	263M
1948	1948	-7.084E+02	1.00	0.000E+00	0	483	484	0	483	484	484M
1948	4978	-7.084E+02	1.00	0.000E+00	0	482	484	0	482	484	483M
1948	9038	-7.084E+02	1.00	0.000E+00	0	482	484	0	482	484	483M
1949	1949	-4.451E+02	1.00	5.004E-194	0	281	282	0	281	282	282M
1949	4979	-4.407E+02	0.989	4.131E-192	0	280	282	0	280	282	281M
1949	9039	-4.407E+02	0.989	4.131E-192	0	280	282	0	280	282	281M
1950	1950	-1.260E+02	1.00	1.810E-55	0	90	91	0	90	91	91M
1950	4980	-1.248E+02	0.988	6.412E-55	0	89	91	0	89	91	90M
1950	9040	-1.248E+02	0.988	6.412E-55	0	89	91	0	89	91	90M
1951	1951	-3.442E+02	1.00	3.342E-150	0	228	229	0	228	229	229M
1951	4981	-3.407E+02	0.995	1.073E-148	0	227	229	0	227	229	228M
1951	9041	-3.407E+02	0.995	1.073E-148	0	227	229	0	227	229	228M
1952	1952	-4.092E+02	1.00	1.905E-178	0	273	274	0	273	274	274M
1952	4982	-4.057E+02	0.989	6.109E-177	0	272	274	0	272	274	273M
1952	9042	-4.057E+02	0.989	6.109E-177	0	272	274	0	272	274	273M
1953	1953	-2.014E+02	1.00	3.361E-88	0	132	133	0	132	133	133M
1953	4983	-2.005E+02	0.992	8.667E-88	0	131	133	0	131	133	132M
1953	9043	-2.005E+02	0.992	8.667E-88	0	131	133	0	131	133	132M
1954	1954	-7.084E+02	1.00	0.000E+00	0	644	645	0	644	645	645M
1954	4984	-7.084E+02	0.976	0.000E+00	0	643	645	0	643	645	644M
1954	9044	-7.084E+02	0.976	0.000E+00	0	643	645	0	643	645	644M
1955	1955	-3.992E+02	1.00	4.178E-174	0	251	252	0	251	252	252M
1955	4985	-3.907E+02	0.972	2.081E-170	0	250	252	0	250	252	251M
1955	9045	-3.907E+02	0.972	2.081E-170	0	250	252	0	250	252	251M
1956	1956	-4.787E+02	1.00	1.300E-208	0	331	332	0	331	332	332M
1956	4986	-4.752E+02	0.993	4.162E-207	0	330	332	0	330	332	331M
1956	9046	-4.752E+02	0.993	4.162E-207	0	330	332	0	330	332	331M
1957	1957	-1.357E+02	1.00	1.165E-59	0	106	107	0	106	107	107M
1957	4987	-1.360E+02	1.00	8.491E-60	0	105	107	0	105	107	106M
1957	9047	-1.360E+02	1.00	8.491E-60	0	105	107	0	105	107	106M
1958	1958	-2.317E+02	1.00	2.400E-101	0	159	160	0	159	160	160M
1958	4988	-2.270E+02	0.974	2.731E-99	0	158	160	0	158	160	159M
1958	9048	-2.270E+02	0.974	2.731E-99	0	158	160	0	158	160	159M
1959	1959	-6.144E+02	1.00	1.412E-267	0	406	407	0	406	407	407M
1959	4989	-6.138E+02	0.997	2.652E-267	0	405	407	0	405	407	406M
1959	9049	-6.138E+02	0.997	2.652E-267	0	405	407	0	405	407	406M
1960	1960	-5.422E+02	1.00	3.354E-236	0	354	355	0	354	355	355M
1960	4990	-5.406E+02	0.997	1.621E-235	0	353	355	0	353	355	354M
1960	9050	-5.406E+02	0.997	1.621E-235	0	353	355	0	353	355	354M
1961	1961	-6.473E+02	1.00	7.753E-282	0	418	419	0	418	419	419M
1961	7332	-6.444E+02	0.995	1.321E-280	0	417	419	0	417	419	418M
1961	11227	-6.444E+02	0.995	1.321E-280	0	417	419	0	417	419	418M
1962	1962	-3.933E+02	1.00	1.495E-171	0	262	263	0	262	263	263M
1962	7333	-3.937E+02	1.00	1.090E-171	0	261	263	0	261	263	262M
1962	11226	-3.937E+02	1.00	1.090E-171	0	261	263	0	261	263	262M
1963	1963	-7.084E+02	1.00	0.000E+00	0	745	746	0	745	746	746M
1963	7334	-7.084E+02	0.998	0.000E+00	0	744	746	0	744	746	745M
1963	11225	-7.084E+02	0.998	0.000E+00	0	744	746	0	744	746	745M
1964	1964	-7.084E+02	1.00	0.000E+00	0	567	568	0	567	568	568M
1964	7335	-7.084E+02	0.994	0.000E+00	0	566	568	0	566	568	567M
1964	11224	-7.084E+02	0.994	0.000E+00	0	566	568	0	566	568	567M
1965	1965	-6.513E+02	1.00	1.335E-283	0	439	440	0	439	440	440M
1965	7336	-6.491E+02	0.997	1.211E-282	0	438	440	0	438	440	439M
1965	11223	-6.491E+02	0.997	1.211E-282	0	438	440	0	438	440	439M
1966	1966	-6.560E+02	1.00	1.332E-285	0	428	429	0	428	429	429M
1966	7337	-6.531E+02	0.995	2.268E-284	0	427	429	0	427	429	428M
1966	11222	-6.531E+02	0.995	2.268E-284	0	427	429	0	427	429	428M
1967	1967	-2.345E+02	1.00	1.470E-102	0	160	161	0	160	161	161M
1967	7338	-2.348E+02	1.00	1.072E-102	0	159	161	0	159	161	160M
1967	11221	-2.348E+02	1.00	1.072E-102	0	159	161	0	159	161	160M
1968	1968	-7.084E+02	1.00	0.000E+00	0	480	481	0	480	481	481M
1968	7339	-7.084E+02	0.987	0.000E+00	0	479	481	0	479	481	480M
1968	11220	-7.084E+02	0.987	0.000E+00	0	479	481	0	479	481	480M
1969	1969	-3.569E+02	1.00	1.010E-155	0	246	247	0	246	247	247M
1969	7340	-3.569E+02	0.995	1.010E-155	0	245	247	0	245	247	246M
1969	11219	-3.569E+02	0.995	1.010E-155	0	245	247	0	245	247	246M
1970	1970	-4.525E+02	1.00	3.075E-197	0	298	299	0	298	299	299M
1970	7341	-4.528E+02	1.00	2.244E-197	0	297	299	0	297	299	298M
1970	11218	-4.528E+02	1.00	2.244E-197	0	297	299	0	297	299	298M
1971	1971	-6.464E+02	1.00	1.817E-281	0	416	417	0	416	417	417M
1971	7342	-6.455E+02	0.997	4.676E-281	0	415	417	0	415	417	416M
1971	11217	-6.455E+02	0.997	4.676E-281	0	415	417	0	415	417	416M
1972	1972	-7.084E+02	1.00	0.000E+00	0	614	615	0	614	615	615M
1972	7343	-7.084E+02	0.995	0.000E+00	0	613	615	0	613	615	614M
1972	11216	-7.084E+02	0.995	0.000E+00	0	613	615	0	613	615	614M
1973	1973	-4.832E+02	1.00	1.361E-210	0	301	302	0	301	302	302M
1973	7344	-4.785E+02	0.990	1.539E-208	0	300	302	0	300	302	301M
1973	11215	-4.785E+02	0.990	1.539E-208	0	300	302	0	300	302	301M
1974	1974	-5.770E+02	1.00	2.586E-251	0	378	379	0	378	379	379M
1974	7345	-5.704E+02	0.989	1.933E-248	0	377	379	0	377	379	378M
1974	11214	-5.704E+02	0.989	1.933E-248	0	377	379	0	377	379	378M
1975	1975	-6.293E+02	1.00	5.234E-274	0	406	407	0	406	407	407M
1975	7346	-6.236E+02	0.990	1.520E-271	0	405	407	0	405	407	406M
1975	11213	-6.236E+02	0.990	1.520E-271	0	405	407	0	405	407	406M
1976	1976	-4.759E+02	1.00	2.135E-207	0	310	311	0	310	311	311M
1976	6099	-4.756E+02	0.996	2.927E-207	0	309	311	0	309	311	310M
1976	10459	-4.756E+02	0.996	2.927E-207	0	309	311	0	309	311	310M
1977	1977	-7.084E+02	1.00	0.000E+00	0	653	654	0	653	654	654M
1977	6098	-7.084E+02	0.984	0.000E+00	0	652	654	0	652	654	653M
1977	10458	-7.084E+02	0.984	0.000E+00	0	652	654	0	652	654	653M
1978	1978	-3.106E+02	1.00	1.331E-135	0	212	213	0	212	213	213M
1978	6097	-3.017E+02	0.966	9.107E-132	0	210	213	0	210	213	211M
1978	10457	-3.017E+02	0.966	9.107E-132	0	210	213	0	210	213	211M
1979	1979	-4.730E+02	1.00	3.818E-206	0	311	312	0	311	312	312M
1979	6096	-4.664E+02	0.987	2.859E-203	0	310	312	0	310	312	311M
1979	10456	-4.664E+02	0.987	2.859E-203	0	310	312	0	310	312	311M
1980	1980	-4.331E+02	1.00	8.091E-189	0	288	289	0	288	289	289M
1980	6095	-4.309E+02	0.993	7.349E-188	0	287	289	0	287	289	288M
1980	10455	-4.309E+02	0.993	7.349E-188	0	287	289	0	287	289	288M
1981	1981	-4.278E+02	1.00	1.565E-186	0	286	287	0	286	287	287M
1981	6094	-4.237E+02	0.989	9.419E-185	0	285	287	0	285	287	286M
1981	10454	-4.237E+02	0.989	9.419E-185	0	285	287	0	285	287	286M
1982	1982	-3.501E+02	1.00	9.026E-153	0	243	244	0	243	244	244M
1982	6093	-3.495E+02	0.995	1.696E-152	0	242	244	0	242	244	243M
1982	10453	-3.495E+02	0.995	1.696E-152	0	242	244	0	242	244	243M
1983	1983	-3.190E+02	1.00	2.977E-139	0	221	222	0	221	222	222M
1983	6092	-3.193E+02	1.00	2.172E-139	0	220	222	0	220	222	221M
1983	10452	-3.193E+02	1.00	2.172E-139	0	220	222	0	220	222	221M
1984	1984	-2.992E+02	1.00	1.151E-130	0	219	220	0	219	220	220M
1984	6091	-2.951E+02	0.986	6.942E-129	0	218	220	0	218	220	219M
1984	10451	-2.951E+02	0.986	6.942E-129	0	218	220	0	218	220	219M
1985	1985	-1.353E+02	1.00	1.672E-59	0	94	95	0	94	95	95M
1985	6090	-1.357E+02	1.00	1.219E-59	0	93	95	0	93	95	94M
1985	10450	-1.357E+02	1.00	1.219E-59	0	93	95	0	93	95	94M
1986	1986	-4.859E+02	1.00	9.909E-212	0	319	320	0	319	320	320M
1986	6089	-4.811E+02	0.990	1.120E-209	0	318	320	0	318	320	319M
1986	10449	-4.811E+02	0.990	1.120E-209	0	318	320	0	318	320	319M
1987	1987	-7.084E+02	1.00	0.000E+00	0	1157	1158	0	1157	1158	1158M
1987	6088	-7.084E+02	0.974	0.000E+00	3	1156	1158	0	1153	1155	1154M
1987	10448	-7.084E+02	0.974	0.000E+00	3	1156	1158	0	1153	1155	1154M
1988	1988	-7.084E+02	1.00	0.000E+00	0	538	539	0	538	539	539M
1988	6087	-7.084E+02	0.994	0.000E+00	0	537	539	0	537	539	538M
1988	10447	-7.084E+02	0.994	0.000E+00	0	537	539	0	537	539	538M
1989	1989	-2.153E+02	1.00	3.015E-94	0	151	152	0	151	152	152M
1989	6086	-2.147E+02	0.993	5.669E-94	0	150	152	0	150	152	151M
1989	10446	-2.147E+02	0.993	5.669E-94	0	150	152	0	150	152	151M
1990	1990	-2.880E+02	1.00	8.685E-126	0	203	204	0	203	204	204M
1990	6085	-2.883E+02	1.00	6.336E-126	0	202	204	0	202	204	203M
1990	10445	-2.883E+02	1.00	6.336E-126	0	202	204	0	202	204	203M
1991	1991	-3.056E+02	1.00	1.852E-133	0	203	204	0	203	204	204M
1991	6084	-3.015E+02	0.985	1.118E-131	0	202	204	0	202	204	203M
1991	10444	-3.015E+02	0.985	1.118E-131	0	202	204	0	202	204	203M
1992	1992	-1.121E+02	1.00	2.082E-49	0	78	79	0	78	79	79M
1992	6083	-1.124E+02	1.00	1.517E-49	0	77	79	0	77	79	78M
1992	10443	-1.124E+02	1.00	1.517E-49	0	77	79	0	77	79	78M
1993	1993	-5.304E+02	1.00	4.555E-231	0	412	413	0	412	413	413M
1993	6082	-4.869E+02	0.984	3.383E-212	23	411	413	0	389	391	157M1D232M
1993	10442	-4.869E+02	0.984	3.383E-212	23	411	413	0	389	391	157M1D232M
1994	1994	-4.398E+02	1.00	9.630E-192	0	299	300	0	299	300	300M
1994	5550	-4.401E+02	1.00	7.027E-192	0	298	300	0	298	300	299M
1994	9848	-4.401E+02	1.00	7.027E-192	0	298	300	0	298	300	299M
1995	1995	-3.317E+02	1.00	8.722E-145	0	225	226	0	225	226	226M
1995	5551	-3.320E+02	1.00	6.363E-145	0	224	226	0	224	226	225M
1995	9847	-3.320E+02	1.00	6.363E-145	0	224	226	0	224	226	225M
1996	1996	-3.070E+02	1.00	4.768E-134	0	201	202	0	201	202	202M
1996	5552	-3.054E+02	0.990	2.308E-133	0	200	202	0	200	202	201M
1996	9846	-3.054E+02	0.990	2.308E-133	0	200	202	0	200	202	201M
1997	1997	-3.481E+02	1.00	6.387E-152	0	231	232	0	231	232	232M
1997	5553	-3.444E+02	0.987	2.810E-150	0	230	232	0	230	232	231M
1997	9845	-3.444E+02	0.987	2.810E-150	0	230	232	0	230	232	231M
1998	1998	-3.333E+02	1.00	1.719E-145	0	224	225	0	224	225	225M
1998	5554	-3.336E+02	1.00	1.254E-145	0	223	225	0	223	225	224M
1998	9844	-3.336E+02	1.00	1.254E-145	0	223	225	0	223	225	224M
1999	1999	-4.630E+02	1.00	8.741E-202	0	310	311	0	310	311	311M
1999	5555	-4.595E+02	0.996	2.800E-200	0	309	311	0	309	311	310M
1999	9843	-4.595E+02	0.996	2.800E-200	0	309	311	0	309	311	310M
2000	2000	-7.084E+02	1.00	0.000E+00	0	1110	1111	0	1110	1111	1111M
2000	5556	-7.084E+02	0.994	0.000E+00	0	1109	1111	0	1109	1111	1110M
2000	9842	-7.084E+02	0.994	0.000E+00	0	1109	1111	0	1109	1111	1110M
2001	2001	-7.084E+02	1.00	0.000E+00	0	613	614	0	613	614	614M
2001	5557	-7.084E+02	0.996	0.000E+00	0	612	614	0	612	614	613M
2001	9841	-7.084E+02	0.996	0.000E+00	0	612	614	0	612	614	613M
2002	2002	-4.537E+02	1.00	8.716E-198	0	298	299	0	298	299	299M
2002	5558	-4.487E+02	0.989	1.351E-195	0	297	299	0	297	299	298M
2002	9840	-4.487E+02	0.989	1.351E-195	0	297	299	0	297	299	298M
2003	2003	-3.800E+02	1.00	9.417E-166	0	251	252	0	251	252	252M
2003	5559	-3.787E+02	0.996	3.324E-165	0	250	252	0	250	252	251M
2003	9839	-3.787E+02	0.996	3.324E-165	0	250	252	0	250	252	251M
2004	2004	-6.003E+02	1.00	1.868E-261	0	384	385	0	384	385	385M
2004	5560	-5.881E+02	0.979	4.057E-256	0	383	385	0	383	385	384M
2004	9838	-5.881E+02	0.979	4.057E-256	0	383	385	0	383	385	384M
2005	2005	-2.187E+02	1.00	1.030E-95	0	153	154	0	153	154	154M
2005	5561	-2.190E+02	1.00	7.513E-96	0	152	154	0	152	154	153M
2005	9837	-2.190E+02	1.00	7.513E-96	0	152	154	0	152	154	153M
2006	2006	-6.459E+02	1.00	3.129E-281	0	448	449	0	448	449	449M
2006	5562	-6.453E+02	0.997	5.875E-281	0	447	449	0	447	449	448M
2006	9836	-6.453E+02	0.997	5.875E-281	0	447	449	0	447	449	448M
2007	2007	-6.341E+02	1.00	3.941E-276	0	416	417	0	416	417	417M
2007	5563	-6.335E+02	0.997	7.401E-276	0	415	417	0	415	417	416M
2007	9835	-6.335E+02	0.997	7.401E-276	0	415	417	0	415	417	416M
2008	2008	-6.235E+02	1.00	1.688E-271	0	415	416	0	415	416	416M
2008	5564	-6.143E+02	0.983	1.567E-267	0	414	416	0	414	416	415M
2008	9834	-6.143E+02	0.983	1.567E-267	0	414	416	0	414	416	415M
2009	2009	-7.084E+02	1.00	0.000E+00	0	497	498	0	497	498	498M
2009	5198	-7.084E+02	1.00	0.000E+00	0	496	498	0	496	498	497M
2009	9258	-7.084E+02	1.00	0.000E+00	0	496	498	0	496	498	497M
2010	2010	-5.557E+02	1.00	4.700E-242	0	369	370	0	369	370	370M
2010	5199	-5.560E+02	1.00	3.430E-242	0	368	370	0	368	370	369M
2010	9259	-5.560E+02	1.00	3.430E-242	0	368	370	0	368	370	369M
2011	2011	-6.951E+02	1.00	1.359E-302	0	447	448	0	447	448	448M
2011	5200	-6.954E+02	1.00	9.920E-303	0	446	448	0	446	448	447M
2011	9260	-6.954E+02	1.00	9.920E-303	0	446	448	0	446	448	447M
2012	2012	-3.571E+02	1.00	8.366E-156	0	242	243	0	242	243	243M
2012	5201	-3.574E+02	1.00	6.104E-156	0	241	243	0	241	243	242M
2012	9261	-3.574E+02	1.00	6.104E-156	0	241	243	0	241	243	242M
2013	2013	-2.526E+02	1.00	2.012E-110	0	184	185	0	184	185	185M
2013	5202	-2.529E+02	1.00	1.468E-110	0	183	185	0	183	185	184M
2013	9262	-2.529E+02	1.00	1.468E-110	0	183	185	0	183	185	184M
2014	2014	-3.800E+02	1.00	8.983E-166	0	250	251	0	250	251	251M
2014	5203	-3.778E+02	0.992	8.164E-165	0	249	251	0	249	251	250M
2014	9263	-3.778E+02	0.992	8.164E-165	0	249	251	0	249	251	250M
2015	2015	-4.013E+02	1.00	5.284E-175	0	274	275	0	274	275	275M
2015	5204	-4.016E+02	1.00	3.855E-175	0	273	275	0	273	275	274M
2015	9264	-4.016E+02	1.00	3.855E-175	0	273	275	0	273	275	274M
2016	2016	-5.931E+02	1.00	2.685E-258	0	398	399	0	398	399	399M
2016	5205	-5.921E+02	0.997	6.909E-258	0	397	399	0	397	399	398M
2016	9265	-5.921E+02	0.997	6.909E-258	0	397	399	0	397	399	398M
2017	2017	-6.763E+02	1.00	1.933E-294	0	451	452	0	451	452	452M
2017	5206	-6.725E+02	0.993	8.471E-293	0	450	452	0	450	452	451M
2017	9266	-6.725E+02	0.993	8.471E-293	0	450	452	0	450	452	451M
2018	2018	-7.084E+02	1.00	0.000E+00	0	846	847	0	846	847	847M
2018	5207	-7.084E+02	0.956	0.000E+00	0	845	847	0	840	842	572M5I269M
2018	9267	-7.084E+02	0.956	0.000E+00	0	845	847	0	840	842	572M5I269M
2019	2019	-2.155E+02	1.00	2.503E-94	0	167	168	0	167	168	168M
2019	5208	-2.158E+02	1.00	1.826E-94	0	166	168	0	166	168	167M
2019	9268	-2.158E+02	1.00	1.826E-94	0	166	168	0	166	168	167M
2020	2020	-5.364E+02	1.00	1.070E-233	0	356	357	0	356	357	357M
2020	5209	-5.355E+02	0.997	2.755E-233	0	355	357	0	355	357	356M
2020	9269	-5.355E+02	0.997	2.755E-233	0	355	357	0	355	357	356M
2021	2021	-2.354E+02	1.00	5.984E-103	0	161	162	0	161	162	162M
2021	5210	-2.357E+02	1.00	4.364E-103	0	160	162	0	160	162	161M
2021	9270	-2.357E+02	1.00	4.364E-103	0	160	162	0	160	162	161M
2022	2022	-4.003E+02	1.00	1.453E-174	0	262	263	0	262	263	263M
2022	5211	-4.006E+02	1.00	1.060E-174	0	261	263	0	261	263	262M
2022	9271	-4.006E+02	1.00	1.060E-174	0	261	263	0	261	263	262M
2023	2023	-4.126E+02	1.00	6.173E-180	0	294	295	0	294	295	295M
2023	5212	-4.104E+02	0.996	5.605E-179	0	293	295	0	293	295	294M
2023	9272	-4.104E+02	0.996	5.605E-179	0	293	295	0	293	295	294M
2024	2024	-2.140E+02	1.00	1.194E-93	0	160	161	0	160	161	161M
2024	5213	-2.124E+02	0.993	5.784E-93	0	159	161	0	159	161	160M
2024	9273	-2.124E+02	0.993	5.784E-93	0	159	161	0	159	161	160M
2025	2025	-5.116E+02	1.00	6.846E-223	0	349	350	0	349	350	350M
2025	5214	-5.100E+02	0.997	3.309E-222	0	348	350	0	348	350	349M
2025	9274	-5.100E+02	0.997	3.309E-222	0	348	350	0	348	350	349M
2026	2026	-2.089E+02	1.00	1.796E-91	0	146	147	0	146	147	147M
2026	5215	-2.093E+02	1.00	1.310E-91	0	145	147	0	145	147	146M
2026	9275	-2.093E+02	1.00	1.310E-91	0	145	147	0	145	147	146M
2027	2027	-3.524E+02	1.00	9.186E-154	0	228	229	0	228	229	229M
2027	5216	-3.454E+02	0.982	9.467E-151	0	227	229	0	227	229	228M
2027	9276	-3.454E+02	0.982	9.467E-151	0	227	229	0	227	229	228M
2028	2028	-2.608E+02	1.00	5.462E-114	0	164	165	0	164	165	165M
2028	7289	-2.507E+02	0.957	1.328E-109	0	164	165	0	164	211	165M
2028	9585	-2.507E+02	0.957	1.328E-109	0	164	165	0	164	211	165M
2029	2029	-1.984E+02	1.00	7.174E-87	0	130	131	0	130	131	131M
2030	2030	-2.830E+02	1.00	1.268E-123	0	195	196	0	195	196	196M
2031	2031	-2.251E+02	1.00	1.730E-98	0	158	159	0	158	159	159M
2031	7288	-2.248E+02	0.993	2.372E-98	0	157	159	0	157	159	158M
2031	9586	-2.248E+02	0.993	2.372E-98	0	157	159	0	157	159	158M
2032	2032	-7.084E+02	1.00	0.000E+00	0	1076	1077	0	1076	1077	1077M
2032	7287	-7.084E+02	0.998	0.000E+00	0	1075	1077	0	1075	1077	1076M
2032	9587	-7.084E+02	0.998	0.000E+00	0	1075	1077	0	1075	1077	1076M
2033	2033	-5.946E+02	1.00	5.883E-259	0	379	380	0	379	380	380M
2033	7286	-5.933E+02	0.997	2.075E-258	0	378	380	0	378	380	379M
2033	9588	-5.933E+02	0.997	2.075E-258	0	378	380	0	378	380	379M
2034	2034	-2.458E+02	1.00	1.854E-107	0	195	196	0	195	196	196M
2034	7285	-2.432E+02	0.989	2.312E-106	0	194	196	0	194	196	195M
2034	9589	-2.432E+02	0.989	2.312E-106	0	194	196	0	194	196	195M
2035	2035	-2.851E+02	1.00	1.595E-124	0	178	179	0	178	179	179M
2035	7284	-2.844E+02	0.994	2.999E-124	0	177	179	0	177	179	178M
2035	9590	-2.844E+02	0.994	2.999E-124	0	177	179	0	177	179	178M
2036	2036	-1.429E+02	1.00	8.512E-63	0	107	108	0	107	108	108M
2036	7283	-1.432E+02	1.00	6.205E-63	0	106	108	0	106	108	107M
2036	9591	-1.432E+02	1.00	6.205E-63	0	106	108	0	106	108	107M
2037	2037	-3.142E+02	1.00	3.653E-137	0	216	217	0	216	217	217M
2037	7282	-3.145E+02	1.00	2.665E-137	0	215	217	0	215	217	216M
2037	9592	-3.145E+02	1.00	2.665E-137	0	215	217	0	215	217	216M
2038	2038	-7.084E+02	1.00	0.000E+00	0	631	632	0	631	632	632M
2038	7281	-7.084E+02	0.998	0.000E+00	0	630	632	0	630	632	631M
2038	9593	-7.084E+02	0.998	0.000E+00	0	630	632	0	630	632	631M
2039	2039	-4.185E+02	1.00	1.738E-182	0	283	284	0	283	284	284M
2039	7280	-4.132E+02	0.989	3.692E-180	0	281	284	0	281	284	282M
2039	9594	-4.132E+02	0.989	3.692E-180	0	281	284	0	281	284	282M
2040	2040	-1.443E+02	1.00	2.077E-63	0	104	105	0	104	105	105M
2040	7279	-1.446E+02	1.00	1.514E-63	0	103	105	0	103	105	104M
2040	9595	-1.446E+02	1.00	1.514E-63	0	103	105	0	103	105	104M
2041	2041	-1.753E+02	1.00	7.403E-77	0	117	118	0	117	118	118M
2041	7278	-1.611E+02	0.940	1.106E-70	0	116	118	0	116	122	117M
2041	9596	-1.611E+02	0.940	1.106E-70	0	116	118	0	116	122	117M
2042	2042	-7.084E+02	1.00	0.000E+00	0	587	588	0	587	588	588M
2042	7277	-7.084E+02	0.972	0.000E+00	0	586	588	0	586	588	587M
2042	9597	-7.084E+02	0.972	0.000E+00	0	586	588	0	586	588	587M
2043	2043	-4.173E+02	1.00	5.852E-182	0	282	283	0	282	283	283M
2043	7276	-4.173E+02	0.996	5.852E-182	0	281	283	0	281	283	282M
2043	9598	-4.173E+02	0.996	5.852E-182	0	281	283	0	281	283	282M
2044	2044	-3.473E+02	1.00	1.472E-151	0	222	223	0	222	223	223M
2044	7275	-3.451E+02	0.990	1.338E-150	0	221	223	0	221	223	222M
2044	9599	-3.451E+02	0.990	1.338E-150	0	221	223	0	221	223	222M
2045	2045	-2.001E+02	1.00	1.275E-87	0	140	141	0	140	141	141M
2045	7274	-2.004E+02	1.00	9.299E-88	0	139	141	0	139	141	140M
2045	9600	-2.004E+02	1.00	9.299E-88	0	139	141	0	139	141	140M
2046	2046	-6.655E+02	1.00	9.309E-290	0	439	440	0	439	440	440M
2046	7273	-6.655E+02	0.997	9.309E-290	0	438	440	0	438	440	439M
2046	9601	-6.655E+02	0.997	9.309E-290	0	438	440	0	438	440	439M
2047	2052	-1.375E+02	1.00	1.921E-60	0	94	96	0	94	96	95M
2047	8324	-1.375E+02	1.00	1.921E-60	0	94	96	0	94	96	95M
2047	12111	-1.375E+02	1.00	1.921E-60	0	94	96	0	94	96	95M
2048	2051	-1.469E+02	1.00	1.657E-64	0	103	105	0	103	105	104M
2048	8325	-1.469E+02	1.00	1.657E-64	0	103	105	0	103	105	104M
2048	12110	-1.469E+02	1.00	1.657E-64	0	103	105	0	103	105	104M
2049	2049	-7.084E+02	1.00	0.000E+00	0	803	804	0	803	804	804M
2049	8326	-7.084E+02	1.00	0.000E+00	0	802	804	0	802	804	803M
2049	12109	-7.084E+02	1.00	0.000E+00	0	802	804	0	802	804	803M
2050	2049	-7.084E+02	1.00	0.000E+00	0	802	804	0	802	804	803M
2050	8326	-7.084E+02	1.00	0.000E+00	0	802	804	0	802	804	803M
2050	12109	-7.084E+02	1.00	0.000E+00	0	802	804	0	802	804	803M
2051	2048	-1.469E+02	1.00	1.657E-64	0	103	105	0	103	105	104M
2051	8325	-1.469E+02	1.00	1.657E-64	0	103	105	0	103	105	104M
2051	12110	-1.469E+02	1.00	1.657E-64	0	103	105	0	103	105	104M
2052	2047	-1.375E+02	1.00	1.921E-60	0	94	96	0	94	96	95M
2052	8324	-1.375E+02	1.00	1.921E-60	0	94	96	0	94	96	95M
2052	12111	-1.375E+02	1.00	1.921E-60	0	94	96	0	94	96	95M
2053	2054	-7.368E+01	1.00	1.003E-32	0	60	62	0	60	62	61M
2054	2053	-7.368E+01	1.00	1.003E-32	0	60	62	0	60	62	61M
2055	2068	-1.494E+02	1.00	1.259E-65	0	102	104	0	102	104	103M
2055	8324	-5.265E+01	0.548	1.356E-23	0	92	104	0	92	96	93M
2055	12111	-5.265E+01	0.548	1.356E-23	0	92	104	0	92	96	93M
2056	2067	-1.465E+02	1.00	2.273E-64	0	103	105	0	103	105	104M
2057	2066	-2.710E+02	1.00	2.028E-118	0	174	176	0	174	176	175M
2058	2065	-2.817E+02	1.00	4.769E-123	0	202	204	0	202	204	203M
2059	2064	-4.454E+02	1.00	3.587E-194	0	293	295	0	293	295	294M
2059	5512	-4.454E+02	1.00	3.587E-194	0	293	295	0	293	295	294M
2059	9572	-4.454E+02	1.00	3.587E-194	0	293	295	0	293	295	294M
2060	2063	-7.230E+02	1.00	1.061E-314	0	490	492	0	490	492	491M
2060	5511	-7.230E+02	1.00	1.061E-314	0	490	492	0	490	492	491M
2060	9571	-7.230E+02	1.00	1.061E-314	0	490	492	0	490	492	491M
2061	2062	-2.540E+02	1.00	4.712E-111	0	179	181	0	179	181	180M
2062	2061	-2.540E+02	1.00	4.712E-111	0	179	181	0	179	181	180M
2063	2060	-7.230E+02	1.00	1.061E-314	0	490	492	0	490	492	491M
2063	5511	-7.230E+02	1.00	1.061E-314	0	490	492	0	490	492	491M
2063	9571	-7.230E+02	1.00	1.061E-314	0	490	492	0	490	492	491M
2064	2059	-4.454E+02	1.00	3.587E-194	0	293	295	0	293	295	294M
2064	5512	-4.454E+02	1.00	3.587E-194	0	293	295	0	293	295	294M
2064	9572	-4.454E+02	1.00	3.587E-194	0	293	295	0	293	295	294M
2065	2058	-2.817E+02	1.00	4.769E-123	0	202	204	0	202	204	203M
2066	2057	-2.710E+02	1.00	2.028E-118	0	174	176	0	174	176	175M
2067	2056	-1.465E+02	1.00	2.273E-64	0	103	105	0	103	105	104M
2068	2055	-1.494E+02	1.00	1.259E-65	0	102	104	0	102	104	103M
2068	8324	-5.265E+01	0.548	1.356E-23	0	92	104	0	92	96	93M
2068	12111	-5.265E+01	0.548	1.356E-23	0	92	104	0	92	96	93M
2069	2069	-1.850E+02	1.00	4.450E-81	0	125	126	0	125	126	126M
2069	7151	-1.800E+02	0.976	6.969E-79	0	124	126	0	124	252	125M
2069	11031	-1.800E+02	0.976	6.969E-79	0	124	126	0	124	252	125M
2070	2070	-3.844E+02	1.00	1.122E-167	0	244	245	0	244	245	245M
2070	7152	-3.835E+02	0.995	2.889E-167	0	243	245	0	243	245	244M
2070	11032	-3.835E+02	0.995	2.889E-167	0	243	245	0	243	245	244M
2071	2071	-7.084E+02	1.00	0.000E+00	0	531	532	0	531	532	532M
2071	7153	-7.431E+02	0.981	1.976E-323	0	530	532	0	530	532	531M
2071	11033	-7.431E+02	0.981	1.976E-323	0	530	532	0	530	532	531M
2072	2072	-7.084E+02	1.00	0.000E+00	0	536	537	0	536	537	537M
2072	7154	-7.084E+02	0.968	0.000E+00	0	535	537	0	535	537	536M
2072	11034	-7.084E+02	0.968	0.000E+00	0	535	537	0	535	537	536M
2073	2073	-6.341E+01	1.00	2.892E-28	0	51	52	0	51	52	52M
2073	7155	-5.643E+01	0.941	3.117E-25	0	50	52	0	50	52	51M
2073	11035	-5.643E+01	0.941	3.117E-25	0	50	52	0	50	52	51M
2074	2074	-6.092E+02	1.00	2.625E-265	0	383	384	0	383	384	384M
2074	7156	-6.051E+02	0.992	1.578E-263	0	382	384	0	382	384	383M
2074	11036	-6.051E+02	0.992	1.578E-263	0	382	384	0	382	384	383M
2075	2075	-4.460E+02	1.00	2.069E-194	0	289	290	0	289	290	290M
2075	7157	-4.450E+02	0.996	5.326E-194	0	288	290	0	288	290	289M
2075	11037	-4.450E+02	0.996	5.326E-194	0	288	290	0	288	290	289M
2076	2076	-7.084E+02	1.00	0.000E+00	0	542	543	0	542	543	543M
2076	7158	-7.084E+02	0.977	0.000E+00	0	541	543	0	541	543	542M
2076	11038	-7.084E+02	0.977	0.000E+00	0	541	543	0	541	543	542M
2077	2077	-7.084E+02	1.00	0.000E+00	0	980	981	0	980	981	981M
2077	7159	-7.084E+02	0.965	0.000E+00	0	979	981	0	979	981	980M
2077	11039	-7.084E+02	0.965	0.000E+00	0	979	981	0	979	981	980M
2078	2078	-6.912E+02	1.00	6.691E-301	0	436	437	0	436	437	437M
2078	7160	-6.865E+02	0.990	7.549E-299	0	435	437	0	435	437	436M
2078	11040	-6.865E+02	0.990	7.549E-299	0	435	437	0	435	437	436M
2079	2079	-7.084E+02	1.00	0.000E+00	0	766	767	0	766	767	767M
2079	7161	-6.878E+02	0.606	1.958E-299	0	765	767	0	750	752	67M1I97M4I269M1I18M3I4M1D8M1D29M2I51M1D7M3I37M5I77M1D83M
2079	11041	-6.878E+02	0.606	1.958E-299	0	765	767	0	750	752	67M1I97M4I269M1I18M3I4M1D8M1D29M2I51M1D7M3I37M5I77M1D83M
2080	2080	-4.863E+02	1.00	6.073E-212	0	322	323	0	322	323	323M
2080	7162	-4.819E+02	0.990	5.007E-210	0	321	323	0	321	323	322M
2080	11042	-4.819E+02	0.990	5.007E-210	0	321	323	0	321	323	322M
2081	2081	-3.870E+02	1.00	8.454E-169	0	256	257	0	256	257	257M
2081	7163	-3.838E+02	0.984	1.978E-167	0	255	257	0	255	257	256M
2081	11043	-3.838E+02	0.984	1.978E-167	0	255	257	0	255	257	256M
2082	2082	-4.514E+02	1.00	9.339E-197	0	315	316	0	315	316	316M
2082	7164	-4.489E+02	0.987	1.162E-195	0	314	316	0	314	316	315M
2082	11044	-4.489E+02	0.987	1.162E-195	0	314	316	0	314	316	315M
2083	2083	-4.376E+02	1.00	8.947E-191	0	313	314	0	313	314	314M
2083	7165	-4.354E+02	0.993	8.122E-190	0	312	314	0	312	314	313M
2083	11045	-4.354E+02	0.993	8.122E-190	0	312	314	0	312	314	313M
2084	2084	-5.304E+01	1.00	9.252E-24	0	43	44	0	43	44	44M
2084	7166	-5.335E+01	1.00	6.735E-24	0	42	44	0	42	44	43M
2084	11046	-5.335E+01	1.00	6.735E-24	0	42	44	0	42	44	43M
2085	2085	-3.281E+01	1.00	5.621E-15	0	29	30	0	29	30	30M
2085	7052	-3.281E+01	1.00	5.621E-15	0	29	30	0	29	112	30M
2085	10833	-3.281E+01	1.00	5.621E-15	0	29	30	0	29	112	30M
2086	2086	-4.667E+02	1.00	2.127E-203	0	298	299	0	298	299	299M
2086	7051	-4.670E+02	1.00	1.552E-203	0	297	299	0	297	299	298M
2086	10834	-4.670E+02	1.00	1.552E-203	0	297	299	0	297	299	298M
2087	2087	-2.197E+02	1.00	3.731E-96	0	145	146	0	145	146	146M
2087	7050	-2.163E+02	0.986	1.202E-94	0	144	146	0	144	146	145M
2087	10835	-2.163E+02	0.986	1.202E-94	0	144	146	0	144	146	145M
2088	2088	-2.058E+02	1.00	4.338E-90	0	140	141	0	140	141	141M
2088	7049	-2.042E+02	0.992	2.103E-89	0	139	141	0	139	141	140M
2088	10836	-2.042E+02	0.992	2.103E-89	0	139	141	0	139	141	140M
2089	2089	-2.428E+02	1.00	3.546E-106	0	164	165	0	164	165	165M
2089	7048	-2.406E+02	0.987	3.230E-105	0	163	165	0	163	165	164M
2089	10837	-2.406E+02	0.987	3.230E-105	0	163	165	0	163	165	164M
2090	2090	-2.309E+02	1.00	5.208E-101	0	162	163	0	162	163	163M
2090	7047	-2.312E+02	1.00	3.798E-101	0	161	163	0	161	163	162M
2090	10838	-2.312E+02	1.00	3.798E-101	0	161	163	0	161	163	162M
2091	2091	-1.475E+02	1.00	8.805E-65	0	104	105	0	104	105	105M
2091	7046	-1.478E+02	1.00	6.419E-65	0	103	105	0	103	105	104M
2091	10839	-1.478E+02	1.00	6.419E-65	0	103	105	0	103	105	104M
2092	2092	-7.084E+02	1.00	0.000E+00	0	623	624	0	623	624	624M
2092	7045	-7.084E+02	0.993	0.000E+00	0	622	624	0	622	624	623M
2092	10840	-7.084E+02	0.993	0.000E+00	0	622	624	0	622	624	623M
2093	2093	-2.042E+02	1.00	2.021E-89	0	159	160	0	159	160	160M
2093	7044	-2.023E+02	0.993	1.342E-88	0	158	160	0	158	160	159M
2093	10841	-2.023E+02	0.993	1.342E-88	0	158	160	0	158	160	159M
2094	2094	-1.496E+02	1.00	1.086E-65	0	100	101	0	100	101	101M
2094	7043	-1.490E+02	0.990	2.044E-65	0	99	101	0	99	101	100M
2094	10842	-1.490E+02	0.990	2.044E-65	0	99	101	0	99	101	100M
2095	2095	-3.031E+02	1.00	2.422E-132	0	204	205	0	204	205	205M
2095	7042	-3.034E+02	1.00	1.767E-132	0	203	205	0	203	205	204M
2095	10843	-3.034E+02	1.00	1.767E-132	0	203	205	0	203	205	204M
2096	2096	-4.352E+02	1.00	9.648E-190	0	283	284	0	283	284	284M
2096	7041	-4.258E+02	0.978	1.234E-185	0	282	284	0	282	284	283M
2096	10844	-4.258E+02	0.978	1.234E-185	0	282	284	0	282	284	283M
2097	2097	-4.478E+02	1.00	3.207E-195	0	303	304	0	303	304	304M
2097	7040	-4.482E+02	1.00	2.340E-195	0	302	304	0	302	304	303M
2097	10845	-4.482E+02	1.00	2.340E-195	0	302	304	0	302	304	303M
2098	2098	-3.483E+02	1.00	5.629E-152	0	235	236	0	235	236	236M
2098	7039	-3.416E+02	0.982	4.228E-149	0	234	236	0	234	236	235M
2098	10846	-3.416E+02	0.982	4.228E-149	0	234	236	0	234	236	235M
2099	2099	-6.205E+02	1.00	3.156E-270	0	417	418	0	417	418	418M
2099	7038	-6.205E+02	0.997	3.156E-270	0	416	418	0	416	418	417M
2099	10847	-6.205E+02	0.997	3.156E-270	0	416	418	0	416	418	417M
2100	2100	-4.581E+02	1.00	1.150E-199	0	320	321	0	320	321	321M
2100	7037	-4.584E+02	1.00	8.390E-200	0	319	321	0	319	321	320M
2100	10848	-4.584E+02	1.00	8.390E-200	0	319	321	0	319	321	320M
2101	2101	-7.084E+02	1.00	0.000E+00	0	633	634	0	633	634	634M
2101	7036	-7.084E+02	1.00	0.000E+00	0	632	634	0	632	634	633M
2101	10849	-7.084E+02	1.00	0.000E+00	0	632	634	0	632	634	633M
2102	2102	-1.466E+02	1.00	2.114E-64	0	109	110	0	109	110	110M
2102	7035	-1.469E+02	1.00	1.541E-64	0	108	110	0	108	110	109M
2102	10850	-1.469E+02	1.00	1.541E-64	0	108	110	0	108	110	109M
2103	2103	-6.076E+02	1.00	1.312E-264	0	377	378	0	377	378	378M
2103	7034	-6.079E+02	1.00	9.572E-265	0	376	378	0	376	378	377M
2103	10851	-6.079E+02	1.00	9.572E-265	0	376	378	0	376	378	377M
2104	2104	-2.643E+02	1.00	1.585E-115	0	189	190	0	189	190	190M
2104	7033	-2.602E+02	0.984	9.571E-114	0	188	190	0	188	190	189M
2104	10852	-2.602E+02	0.984	9.571E-114	0	188	190	0	188	190	189M
2105	2105	-5.320E+02	1.00	8.599E-232	0	342	343	0	342	343	343M
2105	7032	-5.198E+02	0.979	1.871E-226	0	341	343	0	341	343	342M
2105	10853	-5.198E+02	0.979	1.871E-226	0	341	343	0	341	343	342M
2106	2106	-5.284E+02	1.00	3.170E-230	0	345	346	0	345	346	346M
2106	7031	-5.272E+02	0.997	1.118E-229	0	344	346	0	344	346	345M
2106	10854	-5.272E+02	0.997	1.118E-229	0	344	346	0	344	346	345M
2107	2107	-2.822E+02	1.00	2.834E-123	0	192	193	0	192	193	193M
2107	6556	-2.768E+02	0.979	6.046E-121	0	192	193	0	192	297	193M
2107	10119	-2.768E+02	0.979	6.046E-121	0	192	193	0	192	297	193M
2108	2108	-7.084E+02	1.00	0.000E+00	0	505	506	0	505	506	506M
2108	6555	-7.084E+02	0.992	0.000E+00	0	504	506	0	504	506	505M
2108	10118	-7.084E+02	0.992	0.000E+00	0	504	506	0	504	506	505M
2109	2109	-4.426E+02	1.00	5.839E-193	0	293	294	0	293	294	294M
2109	6554	-4.420E+02	0.996	1.097E-192	0	292	294	0	292	294	293M
2109	10117	-4.420E+02	0.996	1.097E-192	0	292	294	0	292	294	293M
2110	2110	-7.025E+02	1.00	7.742E-306	0	476	477	0	476	477	477M
2110	6553	-7.029E+02	1.00	5.650E-306	0	475	477	0	475	477	476M
2110	10116	-7.029E+02	1.00	5.650E-306	0	475	477	0	475	477	476M
2111	2111	-7.194E+02	1.00	3.651E-313	0	479	480	0	479	480	480M
2111	6552	-7.197E+02	1.00	2.664E-313	0	478	480	0	478	480	479M
2111	10115	-7.197E+02	1.00	2.664E-313	0	478	480	0	478	480	479M
2112	2112	-1.673E+02	1.00	2.196E-73	0	119	120	0	119	120	120M
2112	6551	-1.664E+02	0.991	5.666E-73	0	118	120	0	118	120	119M
2112	10114	-1.664E+02	0.991	5.666E-73	0	118	120	0	118	120	119M
2113	2113	-5.618E+02	1.00	1.075E-244	0	367	368	0	367	368	368M
2113	6550	-5.596E+02	0.991	9.758E-244	0	366	368	0	366	368	367M
2113	10113	-5.596E+02	0.991	9.758E-244	0	366	368	0	366	368	367M
2114	2114	-6.493E+02	1.00	9.830E-283	0	421	422	0	421	422	422M
2114	6549	-6.471E+02	0.995	8.919E-282	0	420	422	0	420	422	421M
2114	10112	-6.471E+02	0.995	8.919E-282	0	420	422	0	420	422	421M
2115	2115	-2.208E+02	1.00	1.244E-96	0	155	156	0	155	156	156M
2115	6548	-2.211E+02	1.00	9.074E-97	0	154	156	0	154	156	155M
2115	10111	-2.211E+02	1.00	9.074E-97	0	154	156	0	154	156	155M
2116	2116	-5.633E+02	1.00	2.277E-245	0	381	382	0	381	382	382M
2116	6547	-5.602E+02	0.994	5.317E-244	0	380	382	0	380	382	381M
2116	10110	-5.602E+02	0.994	5.317E-244	0	380	382	0	380	382	381M
2117	2117	-7.084E+02	1.00	0.000E+00	0	696	697	0	696	697	697M
2117	6546	-7.084E+02	0.985	0.000E+00	0	695	697	0	695	697	696M
2117	10109	-7.084E+02	0.985	0.000E+00	0	695	697	0	695	697	696M
2118	2118	-1.865E+02	1.00	9.629E-82	0	126	127	0	126	127	127M
2118	6545	-1.809E+02	0.976	2.836E-79	0	125	127	0	125	127	126M
2118	10108	-1.809E+02	0.976	2.836E-79	0	125	127	0	125	127	126M
2119	2119	-1.866E+02	1.00	8.739E-82	0	124	125	0	124	125	125M
2119	6544	-1.857E+02	0.991	2.254E-81	0	123	125	0	123	125	124M
2119	10107	-1.857E+02	0.991	2.254E-81	0	123	125	0	123	125	124M
2120	2120	-3.382E+02	1.00	1.316E-147	0	221	222	0	221	222	222M
2120	6543	-3.385E+02	1.00	9.598E-148	0	220	222	0	220	222	221M
2120	10106	-3.385E+02	1.00	9.598E-148	0	220	222	0	220	222	221M
2121	2121	-3.455E+02	1.00	8.748E-151	0	233	234	0	233	234	234M
2121	6542	-3.424E+02	0.991	2.048E-149	0	232	234	0	232	234	233M
2121	10105	-3.424E+02	0.991	2.048E-149	0	232	234	0	232	234	233M
2122	2122	-3.496E+02	1.00	1.451E-152	0	233	234	0	233	234	234M
2122	6539	-3.462E+02	0.987	4.656E-151	0	232	234	0	232	234	233M
2122	10102	-3.462E+02	0.987	4.656E-151	0	232	234	0	232	234	233M
2123	2123	-6.134E+02	1.00	4.179E-267	0	409	410	0	409	410	410M
2123	6538	-6.077E+02	0.990	1.213E-264	0	408	410	0	408	410	409M
2123	10101	-6.077E+02	0.990	1.213E-264	0	408	410	0	408	410	409M
2124	2124	-6.977E+02	1.00	9.832E-304	0	465	466	0	465	466	466M
2124	7897	-6.961E+02	0.997	4.750E-303	0	464	466	0	464	466	465M
2124	11716	-6.961E+02	0.997	4.750E-303	0	464	466	0	464	466	465M
2125	2125	-5.585E+02	1.00	2.692E-243	0	382	383	0	382	383	383M
2125	7896	-5.589E+02	1.00	1.964E-243	0	381	383	0	381	383	382M
2125	11715	-5.589E+02	1.00	1.964E-243	0	381	383	0	381	383	382M
2126	2126	-5.451E+02	1.00	1.901E-237	0	360	361	0	360	361	361M
2126	7895	-5.444E+02	0.997	3.570E-237	0	359	361	0	359	361	360M
2126	11714	-5.444E+02	0.997	3.570E-237	0	359	361	0	359	361	360M
2127	2127	-7.084E+02	1.00	0.000E+00	0	822	823	0	822	823	823M
2127	7894	-7.084E+02	1.00	0.000E+00	0	821	823	0	821	823	822M
2127	11713	-7.084E+02	1.00	0.000E+00	0	821	823	0	821	823	822M
2128	2128	-1.693E+02	1.00	2.981E-74	0	130	131	0	130	131	131M
2128	7893	-1.684E+02	0.992	7.689E-74	0	129	131	0	129	131	130M
2128	11712	-1.684E+02	0.992	7.689E-74	0	129	131	0	129	131	130M
2129	2129	-2.702E+02	1.00	4.480E-118	0	185	186	0	185	186	186M
2129	7892	-2.702E+02	0.994	4.480E-118	0	184	186	0	184	186	185M
2129	11711	-2.702E+02	0.994	4.480E-118	0	184	186	0	184	186	185M
2130	2130	-7.084E+02	1.00	0.000E+00	0	643	644	0	643	644	644M
2130	7891	-7.084E+02	0.998	0.000E+00	0	642	644	0	642	644	643M
2130	11710	-7.084E+02	0.998	0.000E+00	0	642	644	0	642	644	643M
2131	2131	-5.066E+02	1.00	9.871E-221	0	334	335	0	334	335	335M
2131	7890	-5.037E+02	0.994	1.683E-219	0	333	335	0	333	335	334M
2131	11709	-5.037E+02	0.994	1.683E-219	0	333	335	0	333	335	334M
2132	2132	-2.647E+02	1.00	1.084E-115	0	181	182	0	181	182	182M
2132	7889	-2.445E+02	1.00	6.375E-107	0	169	182	0	169	336	170M
2132	11708	-2.445E+02	1.00	6.375E-107	0	169	182	0	169	336	170M
2133	2133	-4.743E+02	1.00	1.033E-206	0	310	311	0	310	311	311M
2133	7889	-4.711E+02	1.00	2.414E-205	2	309	311	27	334	336	308M
2133	11708	-4.711E+02	1.00	2.414E-205	2	309	311	27	334	336	308M
2134	2134	-5.066E+02	1.00	9.871E-221	0	334	335	0	334	335	335M
2134	7888	-5.053E+02	0.997	3.482E-220	0	333	335	0	333	335	334M
2134	11707	-5.053E+02	0.997	3.482E-220	0	333	335	0	333	335	334M
2135	2135	-1.595E+02	1.00	5.501E-70	0	111	112	0	111	112	112M
2135	7887	-1.598E+02	1.00	4.011E-70	0	110	112	0	110	112	111M
2135	11706	-1.598E+02	1.00	4.011E-70	0	110	112	0	110	112	111M
2136	2136	-4.410E+02	1.00	3.014E-192	0	281	282	0	281	282	282M
2136	7886	-4.259E+02	0.960	1.124E-185	0	280	282	0	280	282	281M
2136	11705	-4.259E+02	0.960	1.124E-185	0	280	282	0	280	282	281M
2137	2137	-5.945E+02	1.00	6.683E-259	0	375	376	0	375	376	376M
2137	7885	-5.929E+02	0.997	3.230E-258	0	374	376	0	374	376	375M
2137	11704	-5.929E+02	0.997	3.230E-258	0	374	376	0	374	376	375M
2138	2138	-6.063E+02	1.00	4.644E-264	0	404	405	0	404	405	405M
2138	7884	-6.067E+02	1.00	3.389E-264	0	403	405	0	403	405	404M
2138	11703	-6.067E+02	1.00	3.389E-264	0	403	405	0	403	405	404M
2139	2139	-4.798E+02	1.00	4.140E-209	0	320	321	0	320	321	321M
2139	7580	-4.782E+02	0.996	2.001E-208	0	319	321	0	319	321	320M
2139	11398	-4.782E+02	0.996	2.001E-208	0	319	321	0	319	321	320M
2140	2140	-5.130E+02	1.00	1.667E-223	0	339	340	0	339	340	340M
2140	7579	-5.130E+02	0.997	1.667E-223	0	338	340	0	338	340	339M
2140	11397	-5.130E+02	0.997	1.667E-223	0	338	340	0	338	340	339M
2141	2141	-7.444E+02	1.00	4.941E-324	0	511	512	0	511	512	512M
2141	7578	-7.173E+02	0.958	3.010E-312	0	510	512	0	510	512	511M
2141	11396	-7.173E+02	0.958	3.010E-312	0	510	512	0	510	512	511M
2142	2142	-7.023E+02	1.00	9.572E-306	0	467	468	0	467	468	468M
2142	7577	-6.948E+02	0.989	1.837E-302	0	466	468	0	466	468	467M
2142	11395	-6.948E+02	0.989	1.837E-302	0	466	468	0	466	468	467M
2143	2143	-3.842E+02	1.00	1.332E-167	0	261	262	0	261	262	262M
2143	7576	-3.805E+02	0.988	5.856E-166	0	260	262	0	260	262	261M
2143	11394	-3.805E+02	0.988	5.856E-166	0	260	262	0	260	262	261M
2144	2144	-5.341E+02	1.00	1.104E-232	0	352	353	0	352	353	353M
2144	7575	-5.319E+02	0.994	1.003E-231	0	351	353	0	351	353	352M
2144	11393	-5.319E+02	0.994	1.003E-231	0	351	353	0	351	353	352M
2145	2145	-4.627E+02	1.00	1.182E-201	0	303	304	0	303	304	304M
2145	7574	-4.614E+02	0.996	4.171E-201	0	302	304	0	302	304	303M
2145	11392	-4.614E+02	0.996	4.171E-201	0	302	304	0	302	304	303M
2146	2146	-6.395E+02	1.00	1.882E-278	0	423	424	0	423	424	424M
2146	7573	-6.338E+02	0.985	5.461E-276	0	422	424	0	422	424	423M
2146	11391	-6.338E+02	0.985	5.461E-276	0	422	424	0	422	424	423M
2147	2147	-3.589E+02	1.00	1.409E-156	0	231	232	0	231	232	232M
2147	7572	-3.472E+02	0.974	1.645E-151	0	230	232	0	230	232	231M
2147	11390	-3.472E+02	0.974	1.645E-151	0	230	232	0	230	232	231M
2148	2148	-7.084E+02	1.00	0.000E+00	0	551	552	0	551	552	552M
2148	7571	-7.084E+02	0.974	0.000E+00	0	550	552	0	550	552	551M
2148	11389	-7.084E+02	0.974	0.000E+00	0	550	552	0	550	552	551M
2149	2149	-3.624E+02	1.00	4.091E-158	0	263	264	0	263	264	264M
2149	7570	-3.564E+02	0.980	1.633E-155	0	262	264	0	262	264	263M
2149	11388	-3.564E+02	0.980	1.633E-155	0	262	264	0	262	264	263M
2150	2150	-5.078E+02	1.00	2.798E-221	0	334	335	0	334	335	335M
2150	7569	-4.892E+02	0.955	3.324E-213	0	333	335	0	333	335	334M
2150	11387	-4.892E+02	0.955	3.324E-213	0	333	335	0	333	335	334M
2151	2151	-4.534E+02	1.00	1.211E-197	0	305	306	0	305	306	306M
2151	7568	-4.537E+02	1.00	8.833E-198	0	304	306	0	304	306	305M
2151	11386	-4.537E+02	1.00	8.833E-198	0	304	306	0	304	306	305M
2152	2152	-4.465E+02	1.00	1.192E-194	0	284	285	0	284	285	285M
2152	7567	-4.468E+02	1.00	8.699E-195	0	283	285	0	283	285	284M
2152	11385	-4.468E+02	1.00	8.699E-195	0	283	285	0	283	285	284M
2153	2153	-1.901E+02	1.00	2.772E-83	0	131	132	0	131	132	132M
2153	7566	-1.888E+02	0.984	9.803E-83	0	130	132	0	130	132	131M
2153	11384	-1.888E+02	0.984	9.803E-83	0	130	132	0	130	132	131M
2154	2154	-2.946E+02	1.00	1.100E-128	0	202	203	0	202	203	203M
2154	7565	-2.924E+02	0.990	1.001E-127	0	201	203	0	201	203	202M
2154	11383	-2.924E+02	0.990	1.001E-127	0	201	203	0	201	203	202M
2155	2155	-6.840E+02	1.00	9.171E-298	0	449	450	0	449	450	450M
2155	7564	-6.795E+02	0.993	7.547E-296	0	448	450	0	448	450	449M
2155	11382	-6.795E+02	0.993	7.547E-296	0	448	450	0	448	450	449M
2156	2156	-5.092E+02	1.00	7.223E-222	0	332	333	0	332	333	333M
2156	7856	-5.057E+02	0.990	2.314E-220	0	331	333	37	368	370	332M
2156	11661	-5.057E+02	0.990	2.314E-220	0	331	333	37	368	370	332M
2157	2157	-7.225E+02	1.00	1.680E-314	0	467	468	0	467	468	468M
2157	7857	-7.215E+02	0.997	4.323E-314	0	466	468	0	466	468	467M
2157	11660	-7.215E+02	0.997	4.323E-314	0	466	468	0	466	468	467M
2158	2158	-3.911E+02	1.00	1.424E-170	0	263	264	0	263	264	264M
2158	7858	-3.873E+02	0.992	6.257E-169	0	262	264	0	262	264	263M
2158	11659	-3.873E+02	0.992	6.257E-169	0	262	264	0	262	264	263M
2159	2159	-3.498E+02	1.00	1.259E-152	0	230	231	0	230	231	231M
2159	7859	-3.491E+02	0.995	2.365E-152	0	229	231	0	229	231	230M
2159	11658	-3.491E+02	0.995	2.365E-152	0	229	231	0	229	231	230M
2160	2160	-3.251E+02	1.00	6.158E-142	0	217	218	0	217	218	218M
2160	7860	-3.255E+02	1.00	4.492E-142	0	216	218	0	216	218	217M
2160	11657	-3.255E+02	1.00	4.492E-142	0	216	218	0	216	218	217M
2161	2161	-6.829E+02	1.00	2.531E-297	0	437	438	0	437	438	438M
2161	7861	-6.833E+02	1.00	1.847E-297	0	436	438	0	436	438	437M
2161	11656	-6.833E+02	1.00	1.847E-297	0	436	438	0	436	438	437M
2162	2162	-2.617E+02	1.00	2.269E-114	0	172	173	0	172	173	173M
2162	7862	-2.617E+02	0.994	2.269E-114	0	171	173	0	171	173	172M
2162	11655	-2.617E+02	0.994	2.269E-114	0	171	173	0	171	173	172M
2163	2163	-7.084E+02	1.00	0.000E+00	0	672	673	0	672	673	673M
2163	7863	-7.084E+02	1.00	0.000E+00	0	671	673	0	671	673	672M
2163	11654	-7.084E+02	1.00	0.000E+00	0	671	673	0	671	673	672M
2164	2164	-2.810E+02	1.00	8.938E-123	0	183	184	0	183	184	184M
2164	7864	-2.776E+02	0.989	2.874E-121	0	182	184	0	182	184	183M
2164	11653	-2.776E+02	0.989	2.874E-121	0	182	184	0	182	184	183M
2165	2165	-2.706E+02	1.00	2.883E-118	0	189	190	0	189	190	190M
2165	7865	-2.628E+02	0.968	7.673E-115	0	188	190	0	188	190	189M
2165	11652	-2.628E+02	0.968	7.673E-115	0	188	190	0	188	190	189M
2166	2166	-3.034E+02	1.00	1.767E-132	0	204	205	0	204	205	205M
2166	7866	-3.037E+02	1.00	1.289E-132	0	203	205	0	203	205	204M
2166	11651	-3.037E+02	1.00	1.289E-132	0	203	205	0	203	205	204M
2167	2167	-3.246E+02	1.00	1.020E-141	0	221	222	0	221	222	222M
2167	7867	-3.218E+02	0.990	1.743E-140	0	220	222	0	220	222	221M
2167	11650	-3.218E+02	0.990	1.743E-140	0	220	222	0	220	222	221M
2168	2168	-2.376E+02	1.00	6.262E-104	0	160	161	0	160	161	161M
2168	7868	-2.367E+02	0.993	1.614E-103	0	159	161	0	159	161	160M
2168	11649	-2.367E+02	0.993	1.614E-103	0	159	161	0	159	161	160M
2169	2169	-7.084E+02	1.00	0.000E+00	0	566	567	0	566	567	567M
2169	7869	-7.084E+02	0.996	0.000E+00	0	565	567	0	565	567	566M
2169	11648	-7.084E+02	0.996	0.000E+00	0	565	567	0	565	567	566M
2170	2170	-1.444E+02	1.00	1.884E-63	0	102	103	0	102	103	103M
2170	7870	-1.422E+02	0.980	1.722E-62	0	101	103	0	101	103	102M
2170	11647	-1.422E+02	0.980	1.722E-62	0	101	103	0	101	103	102M
2171	2171	-1.376E+02	1.00	1.790E-60	0	100	101	0	100	101	101M
2171	7871	-1.379E+02	1.00	1.305E-60	0	99	101	0	99	101	100M
2171	11646	-1.379E+02	1.00	1.305E-60	0	99	101	0	99	101	100M
2172	2172	-4.711E+02	1.00	2.538E-205	0	291	292	0	291	292	292M
2172	7872	-4.670E+02	0.989	1.528E-203	0	290	292	0	290	292	291M
2172	11645	-4.670E+02	0.989	1.528E-203	0	290	292	0	290	292	291M
2173	2173	-1.445E+02	1.00	1.753E-63	0	107	108	0	107	108	108M
2173	7873	-1.448E+02	1.00	1.278E-63	0	106	108	0	106	108	107M
2173	11644	-1.448E+02	1.00	1.278E-63	0	106	108	0	106	108	107M
2174	2174	-2.301E+02	1.00	1.163E-100	0	159	160	0	159	160	160M
2174	7874	-2.304E+02	1.00	8.483E-101	0	158	160	0	158	160	159M
2174	11643	-2.304E+02	1.00	8.483E-101	0	158	160	0	158	160	159M
2175	2175	-7.084E+02	1.00	0.000E+00	0	534	535	0	534	535	535M
2175	7875	-7.084E+02	1.00	0.000E+00	0	533	535	0	533	535	534M
2175	11642	-7.084E+02	1.00	0.000E+00	0	533	535	0	533	535	534M
2176	2176	-7.084E+02	1.00	0.000E+00	0	512	513	0	512	513	513M
2176	7989	-7.062E+02	0.993	1.928E-307	0	487	513	0	487	492	488M
2176	11808	-7.062E+02	0.993	1.928E-307	0	487	513	0	487	492	488M
2177	2177	-8.954E+01	1.00	1.303E-39	0	67	68	0	67	68	68M
2177	7990	-8.985E+01	1.00	9.496E-40	0	66	68	0	66	68	67M
2177	11809	-8.985E+01	1.00	9.496E-40	0	66	68	0	66	68	67M
2178	2178	-3.587E+02	1.00	1.624E-156	0	234	235	0	234	235	235M
2178	7991	-3.587E+02	0.995	1.624E-156	0	233	235	0	233	235	234M
2178	11810	-3.587E+02	0.995	1.624E-156	0	233	235	0	233	235	234M
2179	2179	-5.760E+02	1.00	7.204E-251	0	400	401	0	400	401	401M
2179	7992	-5.750E+02	0.997	1.854E-250	0	399	401	0	399	405	400M
2179	11811	-5.750E+02	0.997	1.854E-250	0	399	401	0	399	405	400M
2180	2180	-7.084E+02	1.00	0.000E+00	0	702	703	0	702	703	703M
2180	7993	-7.084E+02	0.998	0.000E+00	11	701	703	1	691	693	691M
2180	11812	-7.084E+02	0.998	0.000E+00	11	701	703	1	691	693	691M
2181	2181	-2.898E+02	1.00	1.392E-126	0	191	192	0	191	192	192M
2181	7994	-2.901E+02	1.00	1.015E-126	0	190	192	0	190	192	191M
2181	11813	-2.901E+02	1.00	1.015E-126	0	190	192	0	190	192	191M
2182	2182	-7.084E+02	1.00	0.000E+00	0	848	849	0	848	849	849M
2182	7995	-7.084E+02	0.989	0.000E+00	0	847	849	0	847	849	848M
2182	11814	-7.084E+02	0.989	0.000E+00	0	847	849	0	847	849	848M
2183	2183	-3.887E+02	1.00	1.614E-169	0	261	262	0	261	262	262M
2183	7996	-3.824E+02	0.980	8.834E-167	0	260	262	0	260	262	261M
2183	11815	-3.824E+02	0.980	8.834E-167	0	260	262	0	260	262	261M
2184	2184	-2.584E+02	1.00	5.746E-113	0	167	168	0	167	168	168M
2184	7997	-2.572E+02	0.994	2.030E-112	0	166	168	0	166	168	167M
2184	11816	-2.572E+02	0.994	2.030E-112	0	166	168	0	166	168	167M
2185	2185	-1.823E+02	1.00	6.603E-80	0	122	123	0	122	123	123M
2185	7998	-1.826E+02	1.00	4.814E-80	0	121	123	0	121	123	122M
2185	11817	-1.826E+02	1.00	4.814E-80	0	121	123	0	121	123	122M
2186	2186	-4.873E+02	1.00	2.369E-212	0	302	303	0	302	303	303M
2186	7999	-4.804E+02	0.986	2.434E-209	0	301	303	0	301	303	302M
2186	11818	-4.804E+02	0.986	2.434E-209	0	301	303	0	301	303	302M
2187	2187	-5.383E+01	1.00	4.181E-24	0	46	47	0	46	47	47M
2187	8000	-5.415E+01	1.00	3.044E-24	0	45	47	0	45	47	46M
2187	11819	-5.415E+01	1.00	3.044E-24	0	45	47	0	45	47	46M
2188	2188	-5.900E+02	1.00	6.048E-257	0	377	378	0	377	378	378M
2188	8001	-5.874E+02	0.992	7.523E-256	0	376	378	0	376	379	377M
2188	11820	-5.874E+02	0.992	7.523E-256	0	376	378	0	376	379	377M
2189	2189	-4.660E+02	1.00	4.325E-203	0	293	294	0	293	294	294M
2190	2190	-7.315E+02	1.00	1.988E-318	0	469	470	0	469	470	470M
2191	2191	-5.099E+02	1.00	3.591E-222	0	344	345	0	344	345	345M
2191	7434	-5.099E+02	1.00	3.591E-222	0	344	345	0	344	699	345M
2191	11289	-5.099E+02	1.00	3.591E-222	0	344	345	0	344	699	345M
2192	2192	-6.971E+02	1.00	1.828E-303	0	492	493	0	492	493	493M
2192	7435	-6.911E+02	0.989	7.253E-301	0	491	493	0	491	493	492M
2192	11288	-6.911E+02	0.989	7.253E-301	0	491	493	0	491	493	492M
2193	2193	-2.790E+02	1.00	6.644E-122	0	192	193	0	192	193	193M
2193	7436	-2.778E+02	0.994	2.347E-121	0	191	193	0	191	193	192M
2193	11287	-2.778E+02	0.994	2.347E-121	0	191	193	0	191	193	192M
2194	2194	-6.636E+02	1.00	6.230E-289	0	419	420	0	419	420	420M
2194	7437	-6.444E+02	0.971	1.384E-280	0	418	420	0	418	420	419M
2194	11286	-6.444E+02	0.971	1.384E-280	0	418	420	0	418	420	419M
2195	2195	-4.339E+02	1.00	3.569E-189	0	284	285	0	284	285	285M
2195	7438	-4.342E+02	1.00	2.604E-189	0	283	285	0	283	285	284M
2195	11285	-4.342E+02	1.00	2.604E-189	0	283	285	0	283	285	284M
2196	2196	-6.751E+02	1.00	6.335E-294	0	463	464	0	463	464	464M
2196	7439	-6.742E+02	0.997	1.630E-293	0	462	464	0	462	464	463M
2196	11284	-6.742E+02	0.997	1.630E-293	0	462	464	0	462	464	463M
2197	2197	-7.084E+02	1.00	0.000E+00	0	522	523	0	522	523	523M
2197	7440	-7.084E+02	0.996	0.000E+00	0	521	523	0	521	523	522M
2197	11283	-7.084E+02	0.996	0.000E+00	0	521	523	0	521	523	522M
2198	2198	-2.068E+02	1.00	1.487E-90	0	144	145	0	144	145	145M
2198	7441	-2.046E+02	0.993	1.356E-89	0	143	145	26	169	171	144M
2198	11282	-2.046E+02	0.993	1.356E-89	0	143	145	26	169	171	144M
2199	2199	-4.551E+02	1.00	2.357E-198	0	297	298	0	297	298	298M
2199	7442	-4.503E+02	0.989	2.665E-196	0	296	298	0	296	298	297M
2199	11281	-4.503E+02	0.989	2.665E-196	0	296	298	0	296	298	297M
2200	2200	-4.835E+02	1.00	1.048E-210	0	329	330	0	329	330	330M
2200	7443	-4.838E+02	1.00	7.651E-211	0	328	330	0	328	330	329M
2200	11280	-4.838E+02	1.00	7.651E-211	0	328	330	0	328	330	329M
2201	2201	-3.019E+02	1.00	8.022E-132	0	216	217	0	216	217	217M
2201	7444	-3.022E+02	1.00	5.852E-132	0	215	217	0	215	217	216M
2201	11279	-3.022E+02	1.00	5.852E-132	0	215	217	0	215	217	216M
2202	2202	-2.283E+02	1.00	7.023E-100	0	157	158	0	157	158	158M
2202	7445	-2.277E+02	0.993	1.320E-99	0	156	158	0	156	158	157M
2202	11278	-2.277E+02	0.993	1.320E-99	0	156	158	0	156	158	157M
2203	2203	-5.075E+02	1.00	3.835E-221	0	334	335	0	334	335	335M
2203	7446	-4.344E+02	0.973	2.144E-189	0	303	335	0	303	391	304M
2203	11277	-4.344E+02	0.973	2.144E-189	0	303	335	0	303	391	304M
2204	2204	-9.858E+01	1.00	1.534E-43	0	76	77	0	76	77	77M
2204	7446	-9.858E+01	0.986	1.534E-43	0	75	77	314	389	391	76M
2204	11277	-9.858E+01	0.986	1.534E-43	0	75	77	314	389	391	76M
2205	2205	-3.364E+02	1.00	7.922E-147	0	239	240	0	239	240	240M
2205	7447	-3.367E+02	1.00	5.779E-147	0	238	240	0	238	240	239M
2205	11276	-3.367E+02	1.00	5.779E-147	0	238	240	0	238	240	239M
2206	2206	-7.084E+02	1.00	0.000E+00	0	918	919	0	918	919	919M
2206	7448	-7.084E+02	0.983	0.000E+00	0	917	919	0	917	919	918M
2206	11275	-7.084E+02	0.983	0.000E+00	0	917	919	0	917	919	918M
2207	2207	-6.489E+01	1.00	6.566E-29	0	53	54	0	53	54	54M
2207	7449	-6.331E+01	0.981	3.208E-28	0	52	54	0	52	54	53M
2207	11274	-6.331E+01	0.981	3.208E-28	0	52	54	0	52	54	53M
2208	2208	-2.038E+02	1.00	2.961E-89	0	134	135	0	134	135	135M
2208	7450	-2.038E+02	0.992	2.961E-89	0	133	135	13	146	148	134M
2208	11273	-2.038E+02	0.992	2.961E-89	0	133	135	13	146	148	134M
2209	2209	-7.084E+02	1.00	0.000E+00	0	687	688	0	687	688	688M
2209	5883	-7.084E+02	0.814	0.000E+00	0	687	688	20	710	1059	382M3D306M
2209	10243	-7.084E+02	0.814	0.000E+00	0	687	688	20	710	1059	382M3D306M
2210	2210	-7.084E+02	1.00	0.000E+00	0	1035	1036	0	1035	1036	1036M
2210	5883	-7.084E+02	0.875	0.000E+00	0	1034	1036	20	1057	1059	382M3D653M
2210	10243	-7.084E+02	0.875	0.000E+00	0	1034	1036	20	1057	1059	382M3D653M
2211	2211	-7.084E+02	1.00	0.000E+00	0	1602	1603	0	1602	1603	1603M
2211	5882	-7.084E+02	0.955	0.000E+00	0	1481	1603	0	1480	1636	348M1I1133M
2211	10242	-7.084E+02	0.955	0.000E+00	0	1481	1603	0	1480	1636	348M1I1133M
2212	2213	-1.061E+02	1.00	7.948E-47	0	82	84	0	82	84	83M
2213	2212	-1.061E+02	1.00	7.948E-47	0	82	84	0	82	84	83M
2214	2211	-7.084E+02	1.00	0.000E+00	0	1601	1603	0	1601	1603	1602M
2214	5882	-7.084E+02	0.955	0.000E+00	0	1481	1603	0	1480	1636	348M1I1133M
2214	10242	-7.084E+02	0.955	0.000E+00	0	1481	1603	0	1480	1636	348M1I1133M
2215	2215	-7.084E+02	1.00	0.000E+00	0	601	602	0	601	602	602M
2215	5883	-7.084E+02	0.998	0.000E+00	3	600	602	460	1057	1059	598M
2215	10243	-7.084E+02	0.998	0.000E+00	3	600	602	460	1057	1059	598M
2216	2216	-6.956E+02	1.00	8.328E-303	0	450	451	0	450	451	451M
2216	5883	-6.908E+02	0.997	9.392E-301	0	447	451	13	460	1059	448M
2216	10243	-6.908E+02	0.997	9.392E-301	0	447	451	13	460	1059	448M
2217	2217	-6.751E+02	1.00	6.142E-294	0	442	443	0	442	443	443M
2218	2218	-6.227E+02	1.00	3.562E-271	0	404	405	0	404	405	405M
2218	6028	-6.161E+02	0.987	2.662E-268	0	403	405	0	403	405	404M
2218	10388	-6.161E+02	0.987	2.662E-268	0	403	405	0	403	405	404M
2219	2219	-4.071E+02	1.00	1.576E-177	0	271	272	0	271	272	272M
2219	6027	-4.021E+02	0.988	2.443E-175	0	270	272	0	270	272	271M
2219	10387	-4.021E+02	0.988	2.443E-175	0	270	272	0	270	272	271M
2220	2220	-2.876E+02	1.00	1.288E-125	0	198	199	0	198	199	199M
2220	6026	-2.775E+02	0.954	3.117E-121	0	197	199	0	197	199	198M
2220	10386	-2.775E+02	0.954	3.117E-121	0	197	199	0	197	199	198M
2221	2221	-4.563E+02	1.00	6.462E-199	0	303	304	0	303	304	304M
2221	6025	-4.324E+02	0.953	1.633E-188	0	300	304	0	300	302	301M
2221	10385	-4.324E+02	0.953	1.633E-188	0	300	304	0	300	302	301M
2222	2222	-1.837E+02	1.00	1.734E-80	0	127	128	0	127	128	128M
2222	6024	-1.840E+02	1.00	1.265E-80	0	126	128	0	126	128	127M
2222	10384	-1.840E+02	1.00	1.265E-80	0	126	128	0	126	128	127M
2223	2223	-7.409E+02	1.00	1.779E-322	0	485	486	0	485	486	486M
2223	6023	-7.393E+02	0.995	8.498E-322	0	484	486	0	484	486	485M
2223	10383	-7.393E+02	0.995	8.498E-322	0	484	486	0	484	486	485M
2224	2224	-6.181E+02	1.00	3.740E-269	0	389	390	0	389	390	390M
2224	6022	-5.960E+02	0.966	1.419E-259	0	388	390	0	388	390	389M
2224	10382	-5.960E+02	0.966	1.419E-259	0	388	390	0	388	390	389M
2225	2225	-6.979E+02	1.00	8.248E-304	0	468	469	0	468	469	469M
2225	6021	-6.982E+02	1.00	6.020E-304	0	467	469	0	467	469	468M
2225	10381	-6.982E+02	1.00	6.020E-304	0	467	469	0	467	469	468M
2226	2226	-7.444E+02	1.00	4.941E-324	0	489	490	0	489	490	490M
2226	6020	-7.410E+02	0.989	1.532E-322	0	488	490	0	488	490	489M
2226	10380	-7.410E+02	0.989	1.532E-322	0	488	490	0	488	490	489M
2227	2227	-5.555E+02	1.00	5.377E-242	0	345	346	0	345	346	346M
2227	6019	-5.514E+02	0.991	3.235E-240	0	344	346	0	344	346	345M
2227	10379	-5.514E+02	0.991	3.235E-240	0	344	346	0	344	346	345M
2228	2228	-4.740E+02	1.00	1.415E-206	0	310	311	0	310	311	311M
2228	6018	-4.730E+02	0.996	3.643E-206	0	309	311	0	309	311	310M
2228	10378	-4.730E+02	0.996	3.643E-206	0	309	311	0	309	311	310M
2229	2229	-4.043E+02	1.00	2.529E-176	0	263	264	0	263	264	264M
2229	6017	-4.037E+02	0.996	4.750E-176	0	262	264	0	262	264	263M
2229	10377	-4.037E+02	0.996	4.750E-176	0	262	264	0	262	264	263M
2230	2230	-3.010E+02	1.00	1.822E-131	0	200	201	0	200	201	201M
2230	6016	-3.014E+02	1.00	1.329E-131	0	199	201	0	199	201	200M
2230	10376	-3.014E+02	1.00	1.329E-131	0	199	201	0	199	201	200M
2231	2231	-3.181E+02	1.00	7.315E-139	0	220	221	0	220	221	221M
2231	6015	-3.184E+02	1.00	5.336E-139	0	219	221	0	219	221	220M
2231	10375	-3.184E+02	1.00	5.336E-139	0	219	221	0	219	221	220M
2232	2232	-1.372E+02	1.00	2.508E-60	0	94	95	0	94	95	95M
2232	6014	-1.376E+02	1.00	1.828E-60	0	93	95	0	93	95	94M
2232	10374	-1.376E+02	1.00	1.828E-60	0	93	95	0	93	95	94M
2233	2233	-2.917E+02	1.00	1.999E-127	0	190	191	0	190	191	191M
2233	6013	-2.889E+02	0.989	3.419E-126	0	189	191	0	189	191	190M
2233	10373	-2.889E+02	0.989	3.419E-126	0	189	191	0	189	191	190M
2234	2234	-5.454E+02	1.00	1.436E-237	0	354	355	0	354	355	355M
2234	6012	-5.438E+02	0.994	6.939E-237	0	353	355	0	353	355	354M
2234	10372	-5.438E+02	0.994	6.939E-237	0	353	355	0	353	355	354M
2235	2235	-6.510E+02	1.00	1.810E-283	0	432	433	0	432	433	433M
2235	5565	-6.482E+02	0.995	3.083E-282	0	431	433	0	431	433	432M
2235	9833	-6.482E+02	0.995	3.083E-282	0	431	433	0	431	433	432M
2236	2236	-1.197E+02	1.00	1.031E-52	0	84	85	0	84	85	85M
2236	5566	-1.200E+02	1.00	7.514E-53	0	83	85	0	83	85	84M
2236	9832	-1.200E+02	1.00	7.514E-53	0	83	85	0	83	85	84M
2237	2237	-1.576E+02	1.00	3.489E-69	0	110	111	0	110	111	111M
2237	5567	-1.570E+02	0.990	6.564E-69	0	109	111	0	109	111	110M
2237	9831	-1.570E+02	0.990	6.564E-69	0	109	111	0	109	111	110M
2238	2238	-1.856E+02	1.00	2.484E-81	0	126	127	0	126	127	127M
2238	5568	-1.828E+02	0.984	4.262E-80	0	125	127	0	125	127	126M
2238	9830	-1.828E+02	0.984	4.262E-80	0	125	127	0	125	127	126M
2239	2239	-2.139E+02	1.00	1.334E-93	0	136	137	0	136	137	137M
2239	5569	-2.088E+02	0.985	2.086E-91	0	135	137	0	135	137	136M
2239	9829	-2.088E+02	0.985	2.086E-91	0	135	137	0	135	137	136M
2240	2240	-6.263E+02	1.00	9.674E-273	0	401	402	0	401	402	402M
2240	5570	-6.087E+02	0.967	4.449E-265	0	400	402	0	400	402	401M
2240	9828	-6.087E+02	0.967	4.449E-265	0	400	402	0	400	402	401M
2241	2241	-3.261E+02	1.00	2.350E-142	0	210	211	0	210	211	211M
2241	5571	-3.176E+02	0.976	1.174E-138	0	209	211	0	209	211	210M
2241	9827	-3.176E+02	0.976	1.174E-138	0	209	211	0	209	211	210M
2242	2242	-9.697E+01	1.00	7.683E-43	0	64	65	0	64	65	65M
2242	5572	-9.729E+01	1.00	5.598E-43	0	63	65	0	63	65	64M
2242	9826	-9.729E+01	1.00	5.598E-43	0	63	65	0	63	65	64M
2243	2243	-3.423E+02	1.00	2.142E-149	0	214	215	0	214	215	215M
2243	5573	-3.407E+02	0.995	1.037E-148	0	213	215	0	213	215	214M
2243	9825	-3.407E+02	0.995	1.037E-148	0	213	215	0	213	215	214M
2244	2244	-5.262E+02	1.00	2.840E-229	0	338	339	0	338	339	339M
2244	5574	-5.209E+02	0.988	6.026E-227	0	337	339	0	337	339	338M
2244	9824	-5.209E+02	0.988	6.026E-227	0	337	339	0	337	339	338M
2245	2245	-5.034E+02	1.00	2.307E-219	0	334	335	0	334	335	335M
2245	5575	-5.006E+02	0.991	3.933E-218	0	333	335	0	333	335	334M
2245	9823	-5.006E+02	0.991	3.933E-218	0	333	335	0	333	335	334M
2246	2246	-4.388E+02	1.00	2.779E-191	0	288	289	0	288	289	289M
2246	5576	-4.359E+02	0.989	4.742E-190	0	287	289	0	287	289	288M
2246	9822	-4.359E+02	0.989	4.742E-190	0	287	289	0	287	289	288M
2247	2247	-3.104E+02	1.00	1.632E-135	0	203	204	0	203	204	204M
2247	5577	-3.107E+02	1.00	1.191E-135	0	202	204	0	202	204	203M
2247	9821	-3.107E+02	1.00	1.191E-135	0	202	204	0	202	204	203M
2248	2248	-7.084E+02	1.00	0.000E+00	0	570	571	0	570	571	571M
2248	5578	-7.084E+02	1.00	0.000E+00	0	569	571	0	569	571	570M
2248	9820	-7.084E+02	1.00	0.000E+00	0	569	571	0	569	571	570M
2249	2249	-1.799E+02	1.00	7.314E-79	0	126	127	0	126	127	127M
2250	2250	-1.235E+02	1.00	2.434E-54	0	85	86	0	85	86	86M
2250	5579	-1.228E+02	0.988	4.582E-54	0	84	86	0	84	86	85M
2250	9819	-1.228E+02	0.988	4.582E-54	0	84	86	0	84	86	85M
2251	2251	-4.178E+02	1.00	3.709E-182	0	279	280	0	279	280	280M
2251	5580	-4.181E+02	1.00	2.706E-182	0	278	280	0	278	280	279M
2251	9818	-4.181E+02	1.00	2.706E-182	0	278	280	0	278	280	279M
2252	2252	-7.084E+02	1.00	0.000E+00	0	519	520	0	519	520	520M
2252	5581	-7.084E+02	0.990	0.000E+00	0	518	520	0	518	520	519M
2252	9817	-7.084E+02	0.990	0.000E+00	0	518	520	0	518	520	519M
2253	2253	-1.632E+02	1.00	1.303E-71	0	112	113	0	112	113	113M
2253	5582	-1.635E+02	1.00	9.498E-72	0	111	113	0	111	113	112M
2253	9816	-1.635E+02	1.00	9.498E-72	0	111	113	0	111	113	112M
2254	2254	-1.467E+02	1.00	1.964E-64	0	114	115	0	114	115	115M
2254	5583	-1.470E+02	1.00	1.432E-64	0	113	115	0	113	115	114M
2254	9815	-1.470E+02	1.00	1.432E-64	0	113	115	0	113	115	114M
2255	2255	-2.809E+02	1.00	1.050E-122	0	193	194	0	193	194	194M
2255	5584	-2.783E+02	0.989	1.309E-121	0	192	194	0	192	194	193M
2255	9814	-2.783E+02	0.989	1.309E-121	0	192	194	0	192	194	193M
2256	2256	-1.753E+02	1.00	7.177E-77	0	136	137	0	136	137	137M
2256	5585	-1.756E+02	1.00	5.233E-77	0	135	137	265	400	402	136M
2256	9813	-1.756E+02	1.00	5.233E-77	0	135	137	265	400	402	136M
2257	2257	-8.779E+01	1.00	7.490E-39	0	64	65	0	64	65	65M
2257	5709	-7.987E+01	0.966	2.063E-35	0	59	65	0	59	68	60M
2257	9917	-7.987E+01	0.966	2.063E-35	0	59	65	0	59	68	60M
2258	2258	-3.632E+02	1.00	1.816E-158	0	239	240	0	239	240	240M
2258	5710	-3.635E+02	1.00	1.325E-158	0	238	240	0	238	240	239M
2258	9918	-3.635E+02	1.00	1.325E-158	0	238	240	0	238	240	239M
2259	2259	-3.000E+02	1.00	4.922E-131	0	201	202	0	201	202	202M
2259	5711	-3.004E+02	1.00	3.591E-131	0	200	202	0	200	202	201M
2259	9919	-3.004E+02	1.00	3.591E-131	0	200	202	0	200	202	201M
2260	2260	-4.450E+02	1.00	5.660E-194	0	297	298	0	297	298	298M
2260	5712	-4.437E+02	0.996	1.997E-193	0	296	298	0	296	298	297M
2260	9920	-4.437E+02	0.996	1.997E-193	0	296	298	0	296	298	297M
2261	2261	-3.395E+02	1.00	3.662E-148	0	214	215	0	214	215	215M
2261	5713	-3.370E+02	0.981	4.566E-147	0	213	215	0	213	215	214M
2261	9921	-3.370E+02	0.981	4.566E-147	0	213	215	0	213	215	214M
2262	2262	-4.370E+02	1.00	1.604E-190	0	312	313	0	312	313	313M
2262	5714	-4.329E+02	0.990	9.645E-189	0	310	313	0	310	312	311M
2262	9922	-4.329E+02	0.990	9.645E-189	0	310	313	0	310	312	311M
2263	2263	-6.475E+02	1.00	6.185E-282	0	447	448	0	447	448	448M
2263	5715	-6.314E+02	0.982	5.858E-275	0	446	448	0	446	448	447M
2263	9923	-6.314E+02	0.982	5.858E-275	0	446	448	0	446	448	447M
2264	2264	-2.381E+02	1.00	3.955E-104	0	157	158	0	157	158	158M
2264	5716	-2.302E+02	0.974	1.057E-100	0	155	158	0	155	157	156M
2264	9924	-2.302E+02	0.974	1.057E-100	0	155	158	0	155	157	156M
2265	2265	-5.546E+02	1.00	1.339E-241	0	351	352	0	351	352	352M
2265	5717	-5.537E+02	0.997	3.447E-241	0	350	352	0	350	352	351M
2265	9925	-5.537E+02	0.997	3.447E-241	0	350	352	0	350	352	351M
2266	2266	-3.919E+02	1.00	6.277E-171	0	259	260	0	259	260	260M
2266	5718	-3.906E+02	0.996	2.215E-170	0	258	260	0	258	260	259M
2266	9926	-3.906E+02	0.996	2.215E-170	0	258	260	0	258	260	259M
2267	2267	-2.839E+02	1.00	4.980E-124	0	182	183	0	182	183	183M
2267	5719	-2.842E+02	1.00	3.633E-124	0	181	183	0	181	183	182M
2267	9927	-2.842E+02	1.00	3.633E-124	0	181	183	0	181	183	182M
2268	2268	-3.261E+02	1.00	2.350E-142	0	210	211	0	210	211	211M
2268	5720	-3.245E+02	0.995	1.138E-141	0	209	211	0	209	211	210M
2268	9928	-3.245E+02	0.995	1.138E-141	0	209	211	0	209	211	210M
2269	2269	-6.824E+02	1.00	4.328E-297	0	435	436	0	435	436	436M
2269	5721	-6.648E+02	0.963	1.988E-289	0	434	436	0	434	436	435M
2269	9929	-6.648E+02	0.963	1.988E-289	0	434	436	0	434	436	435M
2270	2270	-6.978E+02	1.00	8.552E-304	0	462	463	0	462	463	463M
2270	5722	-6.982E+02	1.00	6.241E-304	0	461	463	0	461	463	462M
2270	9930	-6.982E+02	1.00	6.241E-304	0	461	463	0	461	463	462M
2271	2271	-3.521E+02	1.00	1.201E-153	0	227	228	0	227	228	228M
2271	5723	-3.439E+02	0.964	4.369E-150	0	226	228	0	226	228	227M
2271	9931	-3.439E+02	0.964	4.369E-150	0	226	228	0	226	228	227M
2272	2272	-6.405E+02	1.00	6.662E-279	0	421	422	0	421	422	422M
2272	5724	-6.336E+02	0.988	6.818E-276	0	420	422	0	420	422	421M
2272	9932	-6.336E+02	0.988	6.818E-276	0	420	422	0	420	422	421M
2273	2273	-5.613E+02	1.00	1.695E-244	0	370	371	0	370	371	371M
2273	5725	-5.559E+02	0.981	3.593E-242	0	369	371	0	369	371	370M
2273	9933	-5.559E+02	0.981	3.593E-242	0	369	371	0	369	371	370M
2274	2274	-1.755E+02	1.00	6.246E-77	0	120	121	0	120	121	121M
2275	2275	-7.096E+02	1.00	6.910E-309	0	447	448	0	447	448	448M
2275	5769	-7.099E+02	1.00	5.043E-309	0	446	448	0	446	448	447M
2275	9977	-7.099E+02	1.00	5.043E-309	0	446	448	0	446	448	447M
2276	2276	-2.856E+02	1.00	9.246E-125	0	193	194	0	193	194	194M
2276	5770	-2.850E+02	0.994	1.738E-124	0	192	194	0	192	194	193M
2276	9978	-2.850E+02	0.994	1.738E-124	0	192	194	0	192	194	193M
2277	2277	-7.084E+02	1.00	0.000E+00	0	627	628	0	627	628	628M
2277	5771	-7.084E+02	1.00	0.000E+00	0	626	628	0	626	628	627M
2277	9979	-7.084E+02	1.00	0.000E+00	0	626	628	0	626	628	627M
2278	2278	-3.879E+02	1.00	3.491E-169	0	264	265	0	264	265	265M
2278	5772	-3.847E+02	0.992	8.166E-168	0	263	265	0	263	265	264M
2278	9980	-3.847E+02	0.992	8.166E-168	0	263	265	0	263	265	264M
2279	2279	-2.603E+02	1.00	8.650E-114	0	167	168	0	167	168	168M
2279	5773	-2.594E+02	0.988	2.229E-113	0	166	168	0	166	168	167M
2279	9981	-2.594E+02	0.988	2.229E-113	0	166	168	0	166	168	167M
2280	2280	-5.380E+02	1.00	2.229E-234	0	336	337	0	336	337	337M
2280	5774	-5.339E+02	0.988	1.341E-232	0	335	337	0	335	337	336M
2280	9982	-5.339E+02	0.988	1.341E-232	0	335	337	0	335	337	336M
2281	2281	-5.987E+02	1.00	9.460E-261	0	385	386	0	385	386	386M
2281	5775	-5.975E+02	0.997	3.336E-260	0	384	386	0	384	386	385M
2281	9983	-5.975E+02	0.997	3.336E-260	0	384	386	0	384	386	385M
2282	2282	-3.811E+02	1.00	3.122E-166	0	241	242	0	241	242	242M
2282	5776	-3.754E+02	0.979	9.110E-164	0	240	242	0	240	242	241M
2282	9984	-3.754E+02	0.979	9.110E-164	0	240	242	0	240	242	241M
2283	2283	-6.475E+02	1.00	6.536E-282	0	455	456	0	455	456	456M
2283	5777	-6.415E+02	0.989	2.595E-279	0	454	456	0	454	456	455M
2283	9985	-6.415E+02	0.989	2.595E-279	0	454	456	0	454	456	455M
2284	2284	-1.552E+02	1.00	3.776E-68	0	107	108	0	107	108	108M
2284	5778	-1.540E+02	0.990	1.337E-67	0	106	108	0	106	108	107M
2284	9986	-1.540E+02	0.990	1.337E-67	0	106	108	0	106	108	107M
2285	2285	-2.379E+02	1.00	4.654E-104	0	167	168	0	167	168	168M
2285	5779	-2.382E+02	1.00	3.395E-104	0	166	168	0	166	168	167M
2285	9987	-2.382E+02	1.00	3.395E-104	0	166	168	0	166	168	167M
2286	2286	-5.195E+02	1.00	2.459E-226	0	321	322	0	321	322	322M
2286	5780	-5.151E+02	0.987	2.028E-224	0	320	322	0	320	322	321M
2286	9988	-5.151E+02	0.987	2.028E-224	0	320	322	0	320	322	321M
2287	2287	-1.719E+02	1.00	2.278E-75	0	116	117	0	116	117	117M
2287	5781	-1.703E+02	0.991	1.105E-74	0	115	117	0	115	117	116M
2287	9989	-1.703E+02	0.991	1.105E-74	0	115	117	0	115	117	116M
2288	2288	-2.641E+02	1.00	2.038E-115	0	181	182	0	181	182	182M
2288	5782	-2.644E+02	1.00	1.486E-115	0	180	182	0	180	182	181M
2288	9990	-2.644E+02	1.00	1.486E-115	0	180	182	0	180	182	181M
2289	2289	-3.833E+02	1.00	3.545E-167	0	255	256	0	255	256	256M
2289	5783	-3.807E+02	0.992	4.416E-166	0	254	256	0	254	256	255M
2289	9991	-3.807E+02	0.992	4.416E-166	0	254	256	0	254	256	255M
2290	2290	-7.084E+02	1.00	0.000E+00	0	604	605	0	604	605	605M
2290	5784	-7.084E+02	0.975	0.000E+00	0	603	605	0	603	605	604M
2290	9992	-7.084E+02	0.975	0.000E+00	0	603	605	0	603	605	604M
2291	2291	-1.548E+02	1.00	5.995E-68	0	110	111	0	110	111	111M
2291	5785	-1.384E+02	0.989	8.220E-61	11	109	111	298	396	398	99M
2291	9993	-1.384E+02	0.989	8.220E-61	11	109	111	298	396	398	99M
2292	2292	-5.717E+01	1.00	1.491E-25	0	43	44	0	43	44	44M
2292	5004	-5.590E+01	1.00	5.309E-25	0	41	44	23	64	456	42M
2292	9064	-5.590E+01	1.00	5.309E-25	0	41	44	23	64	456	42M
2293	2293	-7.221E+02	1.00	2.384E-314	0	461	462	0	461	462	462M
2293	5003	-7.130E+02	0.991	2.213E-310	0	460	462	0	460	462	461M
2293	9063	-7.130E+02	0.991	2.213E-310	0	460	462	0	460	462	461M
2294	2294	-4.520E+02	1.00	5.150E-197	0	309	310	0	309	310	310M
2294	5002	-4.520E+02	0.996	5.150E-197	0	308	310	0	308	310	309M
2294	9062	-4.520E+02	0.996	5.150E-197	0	308	310	0	308	310	309M
2295	2295	-6.499E+02	1.00	5.609E-283	0	436	437	0	436	437	437M
2295	5001	-6.490E+02	0.997	1.443E-282	0	435	437	0	435	437	436M
2295	9061	-6.490E+02	0.997	1.443E-282	0	435	437	0	435	437	436M
2296	2296	-3.891E+02	1.00	9.892E-170	0	264	265	0	264	265	265M
2296	5000	-3.819E+02	0.977	1.394E-166	0	263	265	0	263	265	264M
2296	9060	-3.819E+02	0.977	1.394E-166	0	263	265	0	263	265	264M
2297	2297	-4.491E+02	1.00	8.783E-196	0	309	310	0	309	310	310M
2297	4999	-4.438E+02	0.983	1.864E-193	0	308	310	0	308	310	309M
2297	9059	-4.438E+02	0.983	1.864E-193	0	308	310	0	308	310	309M
2298	2298	-7.084E+02	1.00	0.000E+00	0	468	469	0	468	469	469M
2298	4998	-7.413E+02	0.989	1.087E-322	0	467	469	0	467	469	468M
2298	9058	-7.413E+02	0.989	1.087E-322	0	467	469	0	467	469	468M
2299	2299	-5.890E+02	1.00	1.557E-256	0	377	378	0	377	378	378M
2299	4997	-5.777E+02	0.973	1.314E-251	0	376	378	0	376	378	377M
2299	9057	-5.777E+02	0.973	1.314E-251	0	376	378	0	376	378	377M
2300	2300	-6.370E+02	1.00	2.285E-277	0	409	410	0	409	410	410M
2300	4996	-6.285E+02	0.985	1.131E-273	0	408	410	0	408	410	409M
2300	9056	-6.285E+02	0.985	1.131E-273	0	408	410	0	408	410	409M
2301	2301	-6.639E+02	1.00	4.712E-289	0	440	441	0	440	441	441M
2301	4995	-6.595E+02	0.993	3.877E-287	0	439	441	0	439	441	440M
2301	9055	-6.595E+02	0.993	3.877E-287	0	439	441	0	439	441	440M
2302	2302	-6.368E+02	1.00	2.721E-277	0	406	407	0	406	407	407M
2302	4994	-6.362E+02	0.997	5.111E-277	0	405	407	0	405	407	406M
2302	9054	-6.362E+02	0.997	5.111E-277	0	405	407	0	405	407	406M
2303	2303	-4.879E+02	1.00	1.239E-212	0	315	316	0	315	316	316M
2303	4993	-4.832E+02	0.990	1.401E-210	0	314	316	0	314	316	315M
2303	9053	-4.832E+02	0.990	1.401E-210	0	314	316	0	314	316	315M
2304	2304	-6.139E+02	1.00	2.470E-267	0	391	392	0	391	392	392M
2304	4992	-6.123E+02	0.997	1.194E-266	0	390	392	0	390	392	391M
2304	9052	-6.123E+02	0.997	1.194E-266	0	390	392	0	390	392	391M
2305	2305	-5.196E+02	1.00	2.228E-226	0	339	340	0	339	340	340M
2305	4991	-5.104E+02	0.979	2.074E-222	0	338	340	0	338	340	339M
2305	9051	-5.104E+02	0.979	2.074E-222	0	338	340	0	338	340	339M
2306	2306	-4.906E+02	1.00	8.646E-214	0	312	313	0	312	313	313M
2306	5993	-4.884E+02	0.996	7.852E-213	0	311	313	0	311	313	312M
2306	10353	-4.884E+02	0.996	7.852E-213	0	311	313	0	311	313	312M
2307	2307	-1.444E+02	1.00	1.924E-63	0	96	97	0	96	97	97M
2307	5994	-1.447E+02	1.00	1.402E-63	0	95	97	0	95	97	96M
2307	10354	-1.447E+02	1.00	1.402E-63	0	95	97	0	95	97	96M
2308	2308	-3.857E+02	1.00	3.230E-168	0	251	252	0	251	252	252M
2308	5995	-3.831E+02	0.992	4.024E-167	0	250	252	0	250	252	251M
2308	10355	-3.831E+02	0.992	4.024E-167	0	250	252	0	250	252	251M
2309	2309	-2.613E+02	1.00	3.199E-114	0	166	167	0	166	167	167M
2309	5996	-2.569E+02	0.981	2.653E-112	0	165	167	0	165	167	166M
2309	10356	-2.569E+02	0.981	2.653E-112	0	165	167	0	165	167	166M
2310	2310	-5.397E+02	1.00	3.982E-235	0	353	354	0	353	354	354M
2310	5997	-5.388E+02	0.997	1.025E-234	0	352	354	0	352	354	353M
2310	10357	-5.388E+02	0.997	1.025E-234	0	352	354	0	352	354	353M
2311	2311	-3.784E+02	1.00	4.409E-165	0	257	258	0	257	258	258M
2311	5998	-3.772E+02	0.996	1.556E-164	0	256	258	0	256	258	257M
2311	10358	-3.772E+02	0.996	1.556E-164	0	256	258	0	256	258	257M
2312	2312	-3.980E+02	1.00	1.384E-173	0	263	264	0	263	264	264M
2312	5999	-3.936E+02	0.988	1.143E-171	0	262	264	0	262	264	263M
2312	10359	-3.936E+02	0.988	1.143E-171	0	262	264	0	262	264	263M
2313	2313	-7.084E+02	1.00	0.000E+00	0	512	513	0	512	513	513M
2313	6000	-7.084E+02	0.968	0.000E+00	0	511	513	0	511	513	512M
2313	10360	-7.084E+02	0.968	0.000E+00	0	511	513	0	511	513	512M
2314	2314	-6.083E+02	1.00	6.388E-265	0	402	403	0	402	403	403M
2314	6001	-6.030E+02	0.992	1.353E-262	0	401	403	0	401	403	402M
2314	10361	-6.030E+02	0.992	1.353E-262	0	401	403	0	401	403	402M
2315	2315	-6.606E+02	1.00	1.237E-287	0	429	430	0	429	430	430M
2315	6002	-6.591E+02	0.997	5.976E-287	0	428	430	0	428	430	429M
2315	10362	-6.591E+02	0.997	5.976E-287	0	428	430	0	428	430	429M
2316	2316	-4.886E+02	1.00	6.382E-213	0	321	322	0	321	322	322M
2316	6003	-4.889E+02	1.00	4.657E-213	0	320	322	0	320	322	321M
2316	10363	-4.889E+02	1.00	4.657E-213	0	320	322	0	320	322	321M
2317	2317	-2.972E+02	1.00	8.415E-130	0	201	202	0	201	202	202M
2317	6004	-2.928E+02	0.985	6.965E-128	0	200	202	0	200	202	201M
2317	10364	-2.928E+02	0.985	6.965E-128	0	200	202	0	200	202	201M
2318	2318	-1.824E+02	1.00	6.135E-80	0	127	128	0	127	128	128M
2318	6005	-1.754E+02	0.952	6.391E-77	0	126	128	0	126	128	127M
2318	10365	-1.754E+02	0.952	6.391E-77	0	126	128	0	126	128	127M
2319	2319	-7.084E+02	1.00	0.000E+00	0	1718	1719	0	1718	1719	1719M
2320	3327	-4.838E+01	1.00	9.763E-22	0	40	42	0	40	42	41M
2320	5671	-4.838E+01	1.00	9.763E-22	0	40	42	16	56	58	41M
2320	9030	-4.838E+01	1.00	9.763E-22	0	40	42	16	56	58	41M
2321	2321	-2.112E+02	1.00	1.971E-92	0	146	147	0	146	147	147M
2321	5670	-2.115E+02	1.00	1.437E-92	0	145	147	0	145	147	146M
2321	9728	-2.115E+02	1.00	1.437E-92	0	145	147	0	145	147	146M
2322	2322	-2.684E+02	1.00	2.785E-117	0	177	178	0	177	178	178M
2322	5669	-2.687E+02	1.00	2.032E-117	0	176	178	0	176	178	177M
2322	9729	-2.687E+02	1.00	2.032E-117	0	176	178	0	176	178	177M
2323	2323	-2.016E+02	1.00	2.895E-88	0	142	143	0	142	143	143M
2323	5668	-2.019E+02	1.00	2.111E-88	0	141	143	0	141	143	142M
2323	9730	-2.019E+02	1.00	2.111E-88	0	141	143	0	141	143	142M
2324	2324	-3.207E+02	1.00	5.241E-140	0	231	232	0	231	232	232M
2324	5667	-3.210E+02	1.00	3.824E-140	0	230	232	0	230	232	231M
2324	9731	-3.210E+02	1.00	3.824E-140	0	230	232	0	230	232	231M
2325	2325	-2.278E+02	1.00	1.186E-99	0	168	169	0	168	169	169M
2325	5666	-2.281E+02	1.00	8.651E-100	0	167	169	0	167	169	168M
2325	9732	-2.281E+02	1.00	8.651E-100	0	167	169	0	167	169	168M
2326	2326	-1.519E+02	1.00	1.026E-66	0	123	124	0	123	124	124M
2326	5665	-1.523E+02	1.00	7.479E-67	0	122	124	0	122	124	123M
2326	9733	-1.523E+02	1.00	7.479E-67	0	122	124	0	122	124	123M
2327	2327	-7.084E+02	1.00	0.000E+00	0	1362	1363	0	1362	1363	1363M
2327	5664	-7.084E+02	0.999	0.000E+00	0	1361	1363	0	1361	1363	1362M
2327	9734	-7.084E+02	1.00	0.000E+00	0	1361	1363	0	1361	1363	1362M
2328	2328	-7.084E+02	1.00	0.000E+00	0	1397	1398	0	1397	1398	1398M
2328	5663	-7.084E+02	1.00	0.000E+00	7	1396	1398	0	1389	1391	1390M
2328	9735	-7.084E+02	1.00	0.000E+00	0	1396	1398	0	1396	1398	1397M
2329	2329	-1.441E+02	1.00	2.510E-63	0	121	122	0	121	122	122M
2329	5662	-1.445E+02	1.00	1.830E-63	0	120	122	0	120	122	121M
2329	9736	-1.445E+02	1.00	1.830E-63	0	120	122	0	120	122	121M
2330	2330	-1.399E+02	1.00	1.813E-61	0	118	119	0	118	119	119M
2330	5661	-1.402E+02	1.00	1.322E-61	0	117	119	0	117	119	118M
2330	9737	-1.402E+02	1.00	1.322E-61	0	117	119	0	117	119	118M
2331	2331	-2.497E+02	1.00	3.591E-109	0	165	166	0	165	166	166M
2331	5660	-2.465E+02	0.987	8.431E-108	0	164	166	0	164	166	165M
2331	9738	-2.465E+02	0.987	8.431E-108	0	164	166	0	164	166	165M
2332	2332	-4.579E+02	1.00	1.361E-199	0	290	291	0	290	291	291M
2332	5659	-4.500E+02	0.986	3.601E-196	0	289	291	0	289	291	290M
2332	9739	-4.500E+02	0.986	3.601E-196	0	289	291	0	289	291	290M
2333	2333	-6.664E+02	1.00	3.792E-290	0	474	475	0	474	475	475M
2333	5658	-6.652E+02	0.997	1.336E-289	0	473	475	0	473	475	474M
2333	9740	-6.652E+02	0.997	1.336E-289	0	473	475	0	473	475	474M
2334	2334	-1.672E+02	1.00	2.362E-73	0	114	115	0	114	115	115M
2334	8013	-1.675E+02	1.00	1.722E-73	0	113	115	0	113	115	114M
2334	11832	-1.675E+02	1.00	1.722E-73	0	113	115	0	113	115	114M
2335	2335	-1.584E+02	1.00	1.565E-69	0	113	114	0	113	114	114M
2335	8012	-1.575E+02	1.00	4.037E-69	0	111	114	0	111	114	112M
2335	11831	-1.575E+02	1.00	4.037E-69	0	111	114	0	111	114	112M
2336	2336	-7.084E+02	1.00	0.000E+00	0	571	572	0	571	572	572M
2336	8011	-7.084E+02	0.996	0.000E+00	0	570	572	0	570	572	571M
2336	11830	-7.084E+02	0.996	0.000E+00	0	570	572	0	570	572	571M
2337	2337	-7.084E+02	1.00	0.000E+00	0	1032	1033	0	1032	1033	1033M
2337	8010	-7.084E+02	0.998	0.000E+00	0	1031	1033	0	1031	1033	1032M
2337	11829	-7.084E+02	0.998	0.000E+00	0	1031	1033	0	1031	1033	1032M
2338	2338	-5.180E+02	1.00	1.036E-225	0	372	373	0	372	373	373M
2338	8009	-5.184E+02	1.00	7.561E-226	0	371	373	0	371	373	372M
2338	11828	-5.184E+02	1.00	7.561E-226	0	371	373	0	371	373	372M
2339	2339	-3.011E+02	1.00	1.711E-131	0	212	213	0	212	213	213M
2339	8008	-2.979E+02	0.990	4.009E-130	0	211	213	0	211	213	212M
2339	11827	-2.979E+02	0.990	4.009E-130	0	211	213	0	211	213	212M
2340	2340	-1.833E+02	1.00	2.379E-80	0	127	128	0	127	128	128M
2340	8007	-1.837E+02	1.00	1.734E-80	0	126	128	0	126	128	127M
2340	11826	-1.837E+02	1.00	1.734E-80	0	126	128	0	126	128	127M
2341	2341	-1.736E+02	1.00	4.157E-76	0	120	121	0	120	121	121M
2341	8006	-1.739E+02	1.00	3.031E-76	0	119	121	0	119	121	120M
2341	11825	-1.739E+02	1.00	3.031E-76	0	119	121	0	119	121	120M
2342	2342	-2.724E+02	1.00	4.833E-119	0	178	179	0	178	179	179M
2342	8005	-2.727E+02	1.00	3.525E-119	0	177	179	0	177	179	178M
2342	11824	-2.727E+02	1.00	3.525E-119	0	177	179	0	177	179	178M
2343	2343	-7.084E+02	1.00	0.000E+00	0	692	693	0	692	693	693M
2343	8004	-7.084E+02	0.997	0.000E+00	0	691	693	0	691	693	692M
2343	11823	-7.084E+02	0.997	0.000E+00	0	691	693	0	691	693	692M
2344	2344	-7.084E+02	1.00	0.000E+00	0	1506	1507	0	1506	1507	1507M
2344	8003	-7.084E+02	0.987	0.000E+00	0	1505	1507	0	1505	1507	1506M
2344	11822	-7.084E+02	0.987	0.000E+00	0	1505	1507	0	1505	1507	1506M
2345	2345	-2.243E+02	1.00	3.972E-98	0	149	150	0	149	150	150M
2345	8002	-2.195E+02	0.986	4.523E-96	0	149	150	0	149	155	150M
2345	11821	-2.195E+02	0.986	4.523E-96	0	149	150	0	149	155	150M
2346	2346	-7.084E+02	1.00	0.000E+00	0	646	647	0	646	647	647M
2346	7924	-7.084E+02	0.998	0.000E+00	0	645	647	0	645	647	646M
2346	11743	-7.084E+02	0.998	0.000E+00	0	645	647	0	645	647	646M
2347	2360	-2.428E+02	1.00	3.556E-106	0	183	185	0	183	185	184M
2347	7925	-2.428E+02	1.00	3.556E-106	0	183	185	0	183	185	184M
2347	11744	-2.428E+02	1.00	3.556E-106	0	183	185	0	183	185	184M
2348	2359	-4.576E+02	1.00	1.893E-199	0	296	298	0	296	298	297M
2348	7926	-4.566E+02	0.996	4.874E-199	0	296	298	0	296	298	297M
2348	11745	-4.566E+02	0.996	4.874E-199	0	296	298	0	296	298	297M
2349	2358	-4.246E+02	1.00	4.019E-185	0	287	289	0	287	289	288M
2349	7927	-4.199E+02	0.989	4.544E-183	0	287	289	0	287	289	288M
2349	11746	-4.199E+02	0.989	4.544E-183	0	287	289	0	287	289	288M
2350	2357	-8.307E+01	1.00	8.400E-37	0	75	77	0	75	77	76M
2350	7928	-8.307E+01	1.00	8.400E-37	0	75	77	0	75	77	76M
2350	11747	-8.307E+01	1.00	8.400E-37	0	75	77	0	75	77	76M
2351	2356	-1.438E+02	1.00	3.462E-63	0	107	109	0	107	109	108M
2351	7929	-1.413E+02	0.990	4.340E-62	0	107	109	0	107	109	108M
2351	11748	-1.413E+02	0.990	4.340E-62	0	107	109	0	107	109	108M
2352	2355	-5.579E+02	1.00	5.290E-243	0	355	357	0	355	357	356M
2352	7930	-5.547E+02	0.991	1.236E-241	0	355	357	0	355	357	356M
2352	11749	-5.547E+02	0.991	1.236E-241	0	355	357	0	355	357	356M
2353	2354	-2.774E+02	1.00	3.478E-121	0	186	188	0	186	188	187M
2353	7931	-2.679E+02	1.00	4.484E-117	0	179	188	0	179	186	180M
2353	11750	-2.679E+02	1.00	4.484E-117	0	179	188	0	179	186	180M
2354	2353	-2.774E+02	1.00	3.478E-121	0	186	188	0	186	188	187M
2354	7931	-2.679E+02	1.00	4.484E-117	0	179	188	0	179	186	180M
2354	11750	-2.679E+02	1.00	4.484E-117	0	179	188	0	179	186	180M
2355	2352	-5.579E+02	1.00	5.290E-243	0	355	357	0	355	357	356M
2355	7930	-5.547E+02	0.991	1.236E-241	0	355	357	0	355	357	356M
2355	11749	-5.547E+02	0.991	1.236E-241	0	355	357	0	355	357	356M
2356	2351	-1.438E+02	1.00	3.462E-63	0	107	109	0	107	109	108M
2356	7929	-1.413E+02	0.990	4.340E-62	0	107	109	0	107	109	108M
2356	11748	-1.413E+02	0.990	4.340E-62	0	107	109	0	107	109	108M
2357	2350	-8.307E+01	1.00	8.400E-37	0	75	77	0	75	77	76M
2357	7928	-8.307E+01	1.00	8.400E-37	0	75	77	0	75	77	76M
2357	11747	-8.307E+01	1.00	8.400E-37	0	75	77	0	75	77	76M
2358	2349	-4.246E+02	1.00	4.019E-185	0	287	289	0	287	289	288M
2358	7927	-4.199E+02	0.989	4.544E-183	0	287	289	0	287	289	288M
2358	11746	-4.199E+02	0.989	4.544E-183	0	287	289	0	287	289	288M
2359	2348	-4.576E+02	1.00	1.893E-199	0	296	298	0	296	298	297M
2359	7926	-4.566E+02	0.996	4.874E-199	0	296	298	0	296	298	297M
2359	11745	-4.566E+02	0.996	4.874E-199	0	296	298	0	296	298	297M
2360	2347	-2.428E+02	1.00	3.556E-106	0	183	185	0	183	185	184M
2360	7925	-2.428E+02	1.00	3.556E-106	0	183	185	0	183	185	184M
2360	11744	-2.428E+02	1.00	3.556E-106	0	183	185	0	183	185	184M
2361	2346	-7.084E+02	1.00	0.000E+00	0	645	647	0	645	647	646M
2361	7924	-7.084E+02	0.998	0.000E+00	0	645	647	0	645	647	646M
2361	11743	-7.084E+02	0.998	0.000E+00	0	645	647	0	645	647	646M
2362	2379	-5.355E+02	1.00	2.685E-233	0	341	343	0	341	343	342M
2362	8073	-5.327E+02	0.994	4.578E-232	0	341	343	0	341	343	342M
2362	11912	-5.327E+02	0.994	4.578E-232	0	341	343	0	341	343	342M
2363	2378	-2.517E+02	1.00	4.912E-110	0	162	164	0	162	164	163M
2363	8074	-2.517E+02	1.00	4.912E-110	0	162	164	0	162	164	163M
2363	11911	-2.517E+02	1.00	4.912E-110	0	162	164	0	162	164	163M
2364	2364	-7.084E+02	1.00	0.000E+00	0	471	472	0	471	472	472M
2364	8075	-7.084E+02	0.995	0.000E+00	0	470	472	0	470	472	471M
2364	11910	-7.084E+02	0.995	0.000E+00	0	470	472	0	470	472	471M
2365	2376	-1.640E+02	1.00	6.134E-72	0	115	117	0	115	117	116M
2365	8076	-1.570E+02	0.956	6.405E-69	0	115	117	0	115	117	116M
2365	11909	-1.570E+02	0.956	6.405E-69	0	115	117	0	115	117	116M
2366	2375	-3.893E+02	1.00	8.590E-170	0	260	262	0	260	262	261M
2366	8077	-3.726E+02	0.954	1.550E-162	0	260	262	0	260	262	261M
2366	11908	-3.726E+02	0.954	1.550E-162	0	260	262	0	260	262	261M
2367	2374	-3.368E+02	1.00	5.187E-147	0	229	231	0	229	231	230M
2367	8078	-3.353E+02	0.995	2.510E-146	0	229	231	0	229	231	230M
2367	11907	-3.353E+02	0.995	2.510E-146	0	229	231	0	229	231	230M
2368	2373	-3.067E+02	1.00	6.046E-134	0	205	207	0	205	207	206M
2368	8079	-2.938E+02	0.966	2.499E-128	0	205	207	0	205	207	206M
2368	11906	-2.938E+02	0.966	2.499E-128	0	205	207	0	205	207	206M
2369	2372	-3.791E+02	1.00	2.239E-165	0	255	257	0	255	257	256M
2369	8080	-3.766E+02	0.996	2.789E-164	0	255	257	0	255	257	256M
2369	11905	-3.766E+02	0.996	2.789E-164	0	255	257	0	255	257	256M
2370	2371	-3.301E+02	1.00	4.491E-144	0	212	214	0	212	214	213M
2370	8081	-3.301E+02	1.00	4.491E-144	0	212	214	0	212	214	213M
2370	11904	-3.301E+02	1.00	4.491E-144	0	212	214	0	212	214	213M
2371	2370	-3.301E+02	1.00	4.491E-144	0	212	214	0	212	214	213M
2371	8081	-3.301E+02	1.00	4.491E-144	0	212	214	0	212	214	213M
2371	11904	-3.301E+02	1.00	4.491E-144	0	212	214	0	212	214	213M
2372	2369	-3.791E+02	1.00	2.239E-165	0	255	257	0	255	257	256M
2372	8080	-3.766E+02	0.996	2.789E-164	0	255	257	0	255	257	256M
2372	11905	-3.766E+02	0.996	2.789E-164	0	255	257	0	255	257	256M
2373	2368	-3.067E+02	1.00	6.046E-134	0	205	207	0	205	207	206M
2373	8079	-2.938E+02	0.966	2.499E-128	0	205	207	0	205	207	206M
2373	11906	-2.938E+02	0.966	2.499E-128	0	205	207	0	205	207	206M
2374	2367	-3.368E+02	1.00	5.187E-147	0	229	231	0	229	231	230M
2374	8078	-3.353E+02	0.995	2.510E-146	0	229	231	0	229	231	230M
2374	11907	-3.353E+02	0.995	2.510E-146	0	229	231	0	229	231	230M
2375	2366	-3.893E+02	1.00	8.590E-170	0	260	262	0	260	262	261M
2375	8077	-3.726E+02	0.954	1.550E-162	0	260	262	0	260	262	261M
2375	11908	-3.726E+02	0.954	1.550E-162	0	260	262	0	260	262	261M
2376	2365	-1.640E+02	1.00	6.134E-72	0	115	117	0	115	117	116M
2376	8076	-1.570E+02	0.956	6.405E-69	0	115	117	0	115	117	116M
2376	11909	-1.570E+02	0.956	6.405E-69	0	115	117	0	115	117	116M
2377	2364	-7.084E+02	1.00	0.000E+00	0	470	472	0	470	472	471M
2377	8075	-7.084E+02	0.995	0.000E+00	0	470	472	0	470	472	471M
2377	11910	-7.084E+02	0.995	0.000E+00	0	470	472	0	470	472	471M
2378	2363	-2.517E+02	1.00	4.912E-110	0	162	164	0	162	164	163M
2378	8074	-2.517E+02	1.00	4.912E-110	0	162	164	0	162	164	163M
2378	11911	-2.517E+02	1.00	4.912E-110	0	162	164	0	162	164	163M
2379	2362	-5.355E+02	1.00	2.685E-233	0	341	343	0	341	343	342M
2379	8073	-5.327E+02	0.994	4.578E-232	0	341	343	0	341	343	342M
2379	11912	-5.327E+02	0.994	4.578E-232	0	341	343	0	341	343	342M
2380	2380	-7.284E+02	1.00	4.617E-317	0	496	497	0	496	497	497M
2380	6848	-7.278E+02	0.997	8.667E-317	0	495	497	0	495	497	496M
2380	11185	-7.278E+02	0.997	8.667E-317	0	495	497	0	495	497	496M
2381	2381	-2.334E+02	1.00	4.170E-102	0	162	163	0	162	163	163M
2381	6849	-2.338E+02	1.00	3.041E-102	0	161	163	0	161	163	162M
2381	11184	-2.338E+02	1.00	3.041E-102	0	161	163	0	161	163	162M
2382	2382	-7.084E+02	1.00	0.000E+00	0	1250	1251	0	1250	1251	1251M
2382	6850	-7.084E+02	0.997	0.000E+00	0	1249	1251	0	1249	1251	1250M
2382	11183	-7.084E+02	0.997	0.000E+00	0	1249	1251	0	1249	1251	1250M
2383	2383	-2.296E+02	1.00	1.987E-100	0	157	158	0	157	158	158M
2383	6851	-2.267E+02	0.980	3.403E-99	0	156	158	0	156	158	157M
2383	11182	-2.267E+02	0.980	3.403E-99	0	156	158	0	156	158	157M
2384	2384	-5.466E+02	1.00	4.122E-238	0	361	362	0	361	362	362M
2384	6852	-5.381E+02	0.986	2.041E-234	0	360	362	0	360	362	361M
2384	11181	-5.381E+02	0.986	2.041E-234	0	360	362	0	360	362	361M
2385	2385	-1.043E+02	1.00	5.143E-46	0	76	77	0	76	77	77M
2385	6853	-1.046E+02	1.00	3.747E-46	0	75	77	0	75	77	76M
2385	11180	-1.046E+02	1.00	3.747E-46	0	75	77	0	75	77	76M
2386	2386	-3.817E+02	1.00	1.689E-166	0	248	249	0	248	249	249M
2386	6854	-3.741E+02	0.979	3.267E-163	0	247	249	0	247	249	248M
2386	11179	-3.741E+02	0.979	3.267E-163	0	247	249	0	247	249	248M
2387	2387	-2.918E+02	1.00	1.940E-127	0	196	197	0	196	197	197M
2387	6855	-2.921E+02	1.00	1.415E-127	0	195	197	0	195	197	196M
2387	11178	-2.921E+02	1.00	1.415E-127	0	195	197	0	195	197	196M
2388	2388	-2.861E+02	1.00	5.673E-125	0	196	197	0	196	197	197M
2388	6856	-2.864E+02	1.00	4.138E-125	0	195	197	0	195	197	196M
2388	11177	-2.864E+02	1.00	4.138E-125	0	195	197	0	195	197	196M
2389	2389	-1.991E+02	1.00	3.544E-87	0	135	136	0	135	136	136M
2389	6857	-1.994E+02	1.00	2.584E-87	0	134	136	0	134	136	135M
2389	11176	-1.994E+02	1.00	2.584E-87	0	134	136	0	134	136	135M
2390	2390	-7.084E+02	1.00	0.000E+00	0	662	663	0	662	663	663M
2390	6858	-7.084E+02	0.996	0.000E+00	0	661	663	0	661	663	662M
2390	11175	-7.084E+02	0.996	0.000E+00	0	661	663	0	661	663	662M
2391	2391	-5.882E+02	1.00	3.569E-256	0	388	389	0	388	389	389M
2391	6859	-5.885E+02	1.00	2.604E-256	0	387	389	0	387	389	388M
2391	11174	-5.885E+02	1.00	2.604E-256	0	387	389	0	387	389	388M
2392	2392	-1.223E+02	1.00	7.429E-54	0	82	83	0	82	83	83M
2392	6860	-1.227E+02	1.00	5.414E-54	0	81	83	0	81	83	82M
2392	11173	-1.227E+02	1.00	5.414E-54	0	81	83	0	81	83	82M
2393	2393	-3.253E+02	1.00	5.083E-142	0	233	234	0	233	234	234M
2393	7347	-3.238E+02	0.995	2.459E-141	0	232	234	0	232	234	233M
2393	11212	-3.238E+02	0.995	2.459E-141	0	232	234	0	232	234	233M
2394	2394	-5.283E+02	1.00	3.648E-230	0	348	349	0	348	349	349M
2394	7348	-5.270E+02	0.994	1.287E-229	0	347	349	0	347	349	348M
2394	11211	-5.270E+02	0.994	1.287E-229	0	347	349	0	347	349	348M
2395	2395	-5.160E+02	1.00	7.835E-225	0	341	342	0	341	342	342M
2395	7349	-5.163E+02	1.00	5.717E-225	0	340	342	0	340	342	341M
2395	11210	-5.163E+02	1.00	5.717E-225	0	340	342	0	340	342	341M
2396	2396	-6.162E+02	1.00	2.425E-268	0	402	403	0	402	403	403M
2396	7350	-6.146E+02	0.997	1.172E-267	0	401	403	0	401	403	402M
2396	11209	-6.146E+02	0.997	1.172E-267	0	401	403	0	401	403	402M
2397	2397	-3.251E+02	1.00	6.456E-142	0	218	219	0	218	219	219M
2397	7351	-3.248E+02	0.995	8.850E-142	0	217	219	0	217	219	218M
2397	11208	-3.248E+02	0.995	8.850E-142	0	217	219	0	217	219	218M
2398	2398	-5.676E+02	1.00	3.144E-247	0	377	378	0	377	378	378M
2398	7352	-5.676E+02	0.997	3.144E-247	0	376	378	0	376	378	377M
2398	11207	-5.676E+02	0.997	3.144E-247	0	376	378	0	376	378	377M
2399	2399	-6.015E+02	1.00	5.750E-262	0	406	407	0	406	407	407M
2399	7353	-6.018E+02	1.00	4.196E-262	0	405	407	0	405	407	406M
2399	11206	-6.018E+02	1.00	4.196E-262	0	405	407	0	405	407	406M
2400	2400	-3.248E+02	1.00	8.573E-142	0	224	225	0	224	225	225M
2400	7354	-3.251E+02	1.00	6.254E-142	0	223	225	0	223	225	224M
2400	11205	-3.251E+02	1.00	6.254E-142	0	223	225	0	223	225	224M
2401	2401	-3.516E+02	1.00	1.955E-153	0	244	245	0	244	245	245M
2401	7355	-3.504E+02	0.995	6.902E-153	0	243	245	0	243	245	244M
2401	11204	-3.504E+02	0.995	6.902E-153	0	243	245	0	243	245	244M
2402	2402	-7.176E+02	1.00	2.330E-312	0	485	486	0	485	486	486M
2402	7356	-7.179E+02	1.00	1.700E-312	0	484	486	0	484	486	485M
2402	11203	-7.179E+02	1.00	1.700E-312	0	484	486	0	484	486	485M
2403	2403	-4.697E+02	1.00	1.027E-204	0	314	315	0	314	315	315M
2403	7357	-4.700E+02	1.00	7.496E-205	0	313	315	0	313	315	314M
2403	11202	-4.700E+02	1.00	7.496E-205	0	313	315	0	313	315	314M
2404	2404	-3.063E+02	1.00	9.228E-134	0	195	196	0	195	196	196M
2404	7358	-3.066E+02	1.00	6.731E-134	0	194	196	0	194	196	195M
2404	11201	-3.066E+02	1.00	6.731E-134	0	194	196	0	194	196	195M
2405	2405	-7.084E+02	1.00	0.000E+00	0	673	674	0	673	674	674M
2405	7359	-7.084E+02	1.00	0.000E+00	0	672	674	0	672	674	673M
2405	11200	-7.084E+02	1.00	0.000E+00	0	672	674	0	672	674	673M
2406	2406	-3.993E+02	1.00	4.050E-174	0	257	258	0	257	258	258M
2406	7360	-3.974E+02	0.996	2.685E-173	0	257	258	0	257	264	258M
2406	11199	-3.974E+02	0.996	2.685E-173	0	257	258	0	257	264	258M
2407	2407	-2.451E+02	1.00	3.670E-107	0	176	177	0	176	177	177M
2407	4911	-2.426E+02	0.994	4.580E-106	0	176	177	0	176	184	177M
2407	8710	-2.426E+02	0.994	4.580E-106	0	176	177	0	176	184	177M
2408	2408	-4.215E+02	1.00	8.762E-184	0	300	301	0	300	301	301M
2408	4912	-4.127E+02	0.976	5.955E-180	0	299	301	0	299	301	300M
2408	8711	-4.127E+02	0.976	5.955E-180	0	299	301	0	299	301	300M
2409	2409	-1.564E+02	1.00	1.202E-68	0	103	104	0	103	104	104M
2409	4913	-1.456E+02	0.941	5.586E-64	0	102	104	0	102	104	103M
2409	8712	-1.456E+02	0.941	5.586E-64	0	102	104	0	102	104	103M
2410	2410	-1.873E+02	1.00	4.531E-82	0	130	131	0	130	131	131M
2410	4914	-1.860E+02	1.00	1.603E-81	0	128	131	0	128	130	129M
2410	8713	-1.860E+02	1.00	1.603E-81	0	128	131	0	128	130	129M
2411	2411	-3.164E+02	1.00	3.953E-138	0	209	210	0	209	210	210M
2411	4915	-3.142E+02	0.990	3.595E-137	0	208	210	0	208	210	209M
2411	8714	-3.142E+02	0.990	3.595E-137	0	208	210	0	208	210	209M
2412	2412	-4.822E+02	1.00	3.779E-210	0	316	317	0	316	317	317M
2412	4916	-4.816E+02	0.996	7.098E-210	0	315	317	0	315	317	316M
2412	8715	-4.816E+02	0.996	7.098E-210	0	315	317	0	315	317	316M
2413	2413	-3.796E+02	1.00	1.353E-165	0	252	253	0	252	253	253M
2413	4917	-3.799E+02	1.00	9.872E-166	0	251	253	0	251	253	252M
2413	8716	-3.799E+02	1.00	9.872E-166	0	251	253	0	251	253	252M
2414	2414	-3.358E+02	1.00	1.466E-146	0	212	213	0	212	213	213M
2414	4918	-3.342E+02	0.995	7.095E-146	0	211	213	0	211	213	212M
2414	8717	-3.342E+02	0.995	7.095E-146	0	211	213	0	211	213	212M
2415	2415	-5.053E+02	1.00	3.482E-220	0	334	335	0	334	335	335M
2415	4919	-4.981E+02	0.985	4.894E-217	0	333	335	0	333	335	334M
2415	8718	-4.981E+02	0.985	4.894E-217	0	333	335	0	333	335	334M
2416	2416	-3.309E+02	1.00	1.979E-144	0	229	230	0	229	230	230M
2416	4920	-3.312E+02	1.00	1.444E-144	0	228	230	0	228	230	229M
2416	8719	-3.312E+02	1.00	1.444E-144	0	228	230	0	228	230	229M
2417	2417	-7.436E+01	1.00	5.102E-33	0	54	55	0	54	55	55M
2418	2418	-1.076E+02	1.00	1.932E-47	0	80	81	0	80	81	81M
2418	4921	-1.060E+02	0.962	9.399E-47	0	79	81	0	79	81	80M
2418	8720	-1.060E+02	0.962	9.399E-47	0	79	81	0	79	81	80M
2419	2419	-2.885E+02	1.00	5.244E-126	0	199	200	0	199	200	200M
2419	4922	-2.853E+02	0.989	1.229E-124	0	198	200	0	198	200	199M
2419	8721	-2.853E+02	0.989	1.229E-124	0	198	200	0	198	200	199M
2420	2420	-5.536E+02	1.00	3.885E-241	0	367	368	0	367	368	368M
2420	4923	-5.539E+02	1.00	2.835E-241	0	366	368	0	366	368	367M
2420	8722	-5.539E+02	1.00	2.835E-241	0	366	368	0	366	368	367M
2421	2421	-1.884E+02	1.00	1.538E-82	0	147	148	0	147	148	148M
2421	4924	-1.874E+02	0.993	3.966E-82	0	146	148	0	146	148	147M
2421	8723	-1.874E+02	0.993	3.966E-82	0	146	148	0	146	148	147M
2422	2422	-7.084E+02	1.00	0.000E+00	0	625	626	0	625	626	626M
2422	4925	-7.084E+02	0.998	0.000E+00	0	624	626	0	624	626	625M
2422	8724	-7.084E+02	0.998	0.000E+00	0	624	626	0	624	626	625M
2423	2423	-1.730E+02	1.00	7.626E-76	0	113	114	0	113	114	114M
2424	2424	-2.175E+02	1.00	3.471E-95	0	152	153	0	152	153	153M
2424	4926	-2.118E+02	0.973	1.019E-92	0	150	153	0	150	153	151M
2424	8725	-2.118E+02	0.973	1.019E-92	0	150	153	0	150	153	151M
2425	2425	-4.932E+02	1.00	6.722E-215	0	318	319	0	318	319	319M
2426	2426	-2.844E+02	1.00	3.058E-124	0	185	186	0	185	186	186M
2426	4928	-2.831E+02	0.994	1.080E-123	0	184	186	0	184	186	185M
2426	8727	-2.831E+02	0.994	1.080E-123	0	184	186	0	184	186	185M
2427	2427	-7.084E+02	1.00	0.000E+00	0	802	803	0	802	803	803M
2427	7243	-7.084E+02	0.997	0.000E+00	0	801	803	0	801	803	802M
2427	9631	-7.084E+02	0.997	0.000E+00	0	801	803	0	801	803	802M
2428	2428	-3.927E+02	1.00	2.943E-171	0	263	264	0	263	264	264M
2428	7242	-3.930E+02	1.00	2.147E-171	0	262	264	0	262	264	263M
2428	9632	-3.930E+02	1.00	2.147E-171	0	262	264	0	262	264	263M
2429	2429	-1.867E+02	1.00	8.521E-82	0	130	131	0	130	131	131M
2429	7241	-1.870E+02	1.00	6.213E-82	0	129	131	0	129	131	130M
2429	9633	-1.870E+02	1.00	6.213E-82	0	129	131	0	129	131	130M
2430	2430	-5.390E+02	1.00	8.212E-235	0	355	356	0	355	356	356M
2430	7240	-5.232E+02	0.966	5.713E-228	0	354	356	0	354	356	355M
2430	9634	-5.232E+02	0.966	5.713E-228	0	354	356	0	354	356	355M
2431	2431	-4.922E+02	1.00	1.673E-214	0	324	325	0	324	325	325M
2431	7239	-4.866E+02	0.987	4.867E-212	0	323	325	0	323	325	324M
2431	9635	-4.866E+02	0.987	4.867E-212	0	323	325	0	323	325	324M
2432	2432	-4.689E+02	1.00	2.354E-204	0	325	326	0	325	326	326M
2432	7238	-4.692E+02	1.00	1.718E-204	0	324	326	0	324	326	325M
2432	9636	-4.692E+02	1.00	1.718E-204	0	324	326	0	324	326	325M
2433	2433	-6.972E+02	1.00	1.606E-303	0	462	463	0	462	463	463M
2433	7237	-6.975E+02	1.00	1.172E-303	0	461	463	0	461	463	462M
2433	9637	-6.975E+02	1.00	1.172E-303	0	461	463	0	461	463	462M
2434	2434	-7.292E+02	1.00	2.043E-317	0	492	493	0	492	493	493M
2434	7236	-7.295E+02	1.00	1.491E-317	0	491	493	0	491	493	492M
2434	9638	-7.295E+02	1.00	1.491E-317	0	491	493	0	491	493	492M
2435	2435	-8.950E+01	1.00	1.349E-39	0	74	75	0	74	75	75M
2435	7235	-8.982E+01	1.00	9.832E-40	0	73	75	0	73	75	74M
2435	9639	-8.982E+01	1.00	9.832E-40	0	73	75	0	73	75	74M
2436	2436	-6.310E+02	1.00	9.202E-275	0	416	417	0	416	417	417M
2436	7234	-6.304E+02	0.997	1.728E-274	0	415	417	0	415	417	416M
2436	9640	-6.304E+02	0.997	1.728E-274	0	415	417	0	415	417	416M
2437	2437	-4.356E+02	1.00	6.406E-190	0	281	282	0	281	282	282M
2437	7233	-4.334E+02	0.992	5.820E-189	0	280	282	0	280	282	281M
2437	9641	-4.334E+02	0.992	5.820E-189	0	280	282	0	280	282	281M
2438	2438	-2.919E+02	1.00	1.738E-127	0	207	208	0	207	208	208M
2438	7232	-2.909E+02	0.995	4.477E-127	0	206	208	0	206	208	207M
2438	9642	-2.909E+02	0.995	4.477E-127	0	206	208	0	206	208	207M
2439	2439	-4.588E+02	1.00	5.441E-200	0	304	305	0	304	305	305M
2439	7231	-4.569E+02	0.990	3.605E-199	0	303	305	4	307	309	304M
2439	9643	-4.569E+02	0.990	3.605E-199	0	303	305	4	307	309	304M
2440	2440	-2.424E+02	1.00	5.504E-106	0	160	161	0	160	161	161M
2441	2441	-2.730E+02	1.00	2.704E-119	0	199	200	0	199	200	200M
2441	6608	-2.733E+02	1.00	1.973E-119	0	198	200	0	198	200	199M
2441	10171	-2.733E+02	1.00	1.973E-119	0	198	200	0	198	200	199M
2442	2442	-2.754E+02	1.00	2.378E-120	0	181	182	0	181	182	182M
2442	6609	-2.745E+02	0.994	6.127E-120	0	180	182	0	180	182	181M
2442	10172	-2.745E+02	0.994	6.127E-120	0	180	182	0	180	182	181M
2443	2443	-3.830E+02	1.00	4.636E-167	0	254	255	0	254	255	255M
2443	6610	-3.833E+02	1.00	3.382E-167	0	253	255	0	253	255	254M
2443	10173	-3.833E+02	1.00	3.382E-167	0	253	255	0	253	255	254M
2444	2444	-5.824E+02	1.00	1.162E-253	0	404	405	0	404	405	405M
2444	6611	-5.827E+02	1.00	8.477E-254	0	403	405	0	403	405	404M
2444	10174	-5.827E+02	1.00	8.477E-254	0	403	405	0	403	405	404M
2445	2445	-3.193E+02	1.00	2.040E-139	0	213	214	0	213	214	214M
2445	6612	-3.197E+02	1.00	1.488E-139	0	212	214	0	212	214	213M
2445	10175	-3.197E+02	1.00	1.488E-139	0	212	214	0	212	214	213M
2446	2446	-4.447E+02	1.00	7.154E-194	0	302	303	0	302	303	303M
2446	6613	-4.425E+02	0.996	6.497E-193	0	301	303	0	301	303	302M
2446	10176	-4.425E+02	0.996	6.497E-193	0	301	303	0	301	303	302M
2447	2447	-2.962E+02	1.00	2.301E-129	0	189	190	0	189	190	190M
2447	6614	-2.965E+02	1.00	1.678E-129	0	188	190	0	188	190	189M
2447	10177	-2.965E+02	1.00	1.678E-129	0	188	190	0	188	190	189M
2448	2448	-5.947E+02	1.00	5.178E-259	0	383	384	0	383	384	384M
2448	6615	-5.824E+02	0.984	1.125E-253	0	382	384	0	382	384	383M
2448	10178	-5.824E+02	0.984	1.125E-253	0	382	384	0	382	384	383M
2449	2449	-6.038E+02	1.00	5.834E-263	0	384	385	0	384	385	385M
2449	6616	-6.038E+02	0.997	5.834E-263	0	383	385	0	383	385	384M
2449	10179	-6.038E+02	0.997	5.834E-263	0	383	385	0	383	385	384M
2450	2450	-2.492E+02	1.00	6.070E-109	0	176	177	0	176	177	177M
2450	6617	-2.495E+02	1.00	4.428E-109	0	175	177	0	175	177	176M
2450	10180	-2.495E+02	1.00	4.428E-109	0	175	177	0	175	177	176M
2451	2451	-2.044E+02	1.00	1.689E-89	0	142	143	0	142	143	143M
2451	6618	-2.025E+02	0.985	1.123E-88	0	141	143	0	141	143	142M
2451	10181	-2.025E+02	0.985	1.123E-88	0	141	143	0	141	143	142M
2452	2452	-7.084E+02	1.00	0.000E+00	0	704	705	0	704	705	705M
2452	6619	-7.084E+02	0.994	0.000E+00	0	703	705	0	703	705	704M
2452	10182	-7.084E+02	0.994	0.000E+00	0	703	705	0	703	705	704M
2453	2453	-8.949E+01	1.00	1.371E-39	0	68	69	0	68	69	69M
2453	6620	-8.790E+01	0.985	6.680E-39	0	67	69	0	67	69	68M
2453	10183	-8.790E+01	0.985	6.680E-39	0	67	69	0	67	69	68M
2454	2454	-6.350E+02	1.00	1.641E-276	0	404	405	0	404	405	405M
2454	6621	-6.139E+02	0.962	2.415E-267	0	403	405	0	403	405	404M
2454	10184	-6.139E+02	0.962	2.415E-267	0	403	405	0	403	405	404M
2455	2455	-2.869E+02	1.00	2.421E-125	0	198	199	0	198	199	199M
2455	6622	-2.857E+02	0.989	8.550E-125	0	197	199	0	197	199	198M
2455	10185	-2.857E+02	0.989	8.550E-125	0	197	199	0	197	199	198M
2456	2456	-3.446E+01	1.00	1.081E-15	0	28	29	0	28	29	29M
2457	2488	-9.340E+01	1.00	2.731E-41	0	71	73	0	71	73	72M
2457	7822	-9.245E+01	1.00	7.062E-41	0	70	73	0	70	85	71M
2457	11695	-9.245E+01	1.00	7.062E-41	0	70	73	0	70	85	71M
2458	2487	-2.406E+02	1.00	3.322E-105	0	157	159	0	157	159	158M
2458	7823	-2.406E+02	1.00	3.322E-105	0	157	159	0	157	159	158M
2458	11694	-2.406E+02	1.00	3.322E-105	0	157	159	0	157	159	158M
2459	2486	-1.925E+02	1.00	2.561E-84	0	133	135	0	133	135	134M
2459	7824	-1.369E+02	0.770	3.528E-60	0	133	135	0	132	134	13M2I13M1D106M
2459	11693	-1.369E+02	0.770	3.528E-60	0	133	135	0	132	134	13M2I13M1D106M
2460	2485	-2.036E+02	1.00	3.868E-89	0	132	134	0	132	134	133M
2460	7825	-1.278E+02	0.664	3.199E-56	0	132	134	0	129	131	91M7I26M4D9M
2460	11692	-1.278E+02	0.664	3.199E-56	0	132	134	0	129	131	91M7I26M4D9M
2461	2484	-1.629E+02	1.00	1.787E-71	0	111	113	0	111	113	112M
2461	7826	-1.629E+02	1.00	1.787E-71	0	111	113	0	111	113	112M
2461	11691	-1.629E+02	1.00	1.787E-71	0	111	113	0	111	113	112M
2462	2483	-4.020E+02	1.00	2.647E-175	0	265	267	0	265	267	266M
2462	7827	-3.881E+02	0.969	2.798E-169	0	264	267	0	264	267	265M
2462	11690	-3.881E+02	0.969	2.798E-169	0	264	267	0	264	267	265M
2463	2482	-4.407E+02	1.00	3.870E-192	0	292	294	0	292	294	293M
2463	7828	-4.196E+02	0.959	5.741E-183	0	292	294	0	292	294	293M
2463	11689	-4.196E+02	0.959	5.741E-183	0	292	294	0	292	294	293M
2464	2481	-1.647E+02	1.00	2.886E-72	0	119	121	0	119	121	120M
2465	2480	-1.389E+02	1.00	4.581E-61	0	97	99	0	97	99	98M
2466	2479	-1.683E+02	1.00	7.904E-74	0	123	125	0	123	125	124M
2467	2478	-1.674E+02	1.00	2.092E-73	0	117	119	0	117	119	118M
2468	2477	-8.287E+01	1.00	1.022E-36	0	60	62	0	60	62	61M
2469	2476	-3.912E+02	1.00	1.276E-170	0	253	255	0	253	255	254M
2469	7832	-2.720E+02	0.742	7.087E-119	9	253	255	5	249	251	245M
2469	11685	-2.720E+02	0.742	7.087E-119	9	253	255	5	249	251	245M
2470	2475	-9.377E+01	1.00	1.893E-41	0	70	72	0	70	72	71M
2470	7833	-8.078E+01	0.984	8.259E-36	0	63	72	0	63	72	64M
2470	11684	-8.078E+01	0.984	8.259E-36	0	63	72	0	63	72	64M
2471	2474	-1.421E+02	1.00	1.848E-62	0	96	98	0	96	98	97M
2472	2473	-4.580E+02	1.00	1.191E-199	0	313	315	0	313	315	314M
2473	2472	-4.580E+02	1.00	1.191E-199	0	313	315	0	313	315	314M
2474	2471	-1.421E+02	1.00	1.848E-62	0	96	98	0	96	98	97M
2475	2470	-9.377E+01	1.00	1.893E-41	0	70	72	0	70	72	71M
2475	7833	-8.078E+01	0.984	8.259E-36	0	63	72	0	63	72	64M
2475	11684	-8.078E+01	0.984	8.259E-36	0	63	72	0	63	72	64M
2476	2469	-3.912E+02	1.00	1.276E-170	0	253	255	0	253	255	254M
2476	7832	-2.720E+02	0.742	7.087E-119	9	253	255	5	249	251	245M
2476	11685	-2.720E+02	0.742	7.087E-119	9	253	255	5	249	251	245M
2477	2468	-8.287E+01	1.00	1.022E-36	0	60	62	0	60	62	61M
2478	2467	-1.674E+02	1.00	2.092E-73	0	117	119	0	117	119	118M
2479	2466	-1.683E+02	1.00	7.904E-74	0	123	125	0	123	125	124M
2480	2465	-1.389E+02	1.00	4.581E-61	0	97	99	0	97	99	98M
2481	2464	-1.647E+02	1.00	2.886E-72	0	119	121	0	119	121	120M
2482	2463	-4.407E+02	1.00	3.870E-192	0	292	294	0	292	294	293M
2482	7828	-4.196E+02	0.959	5.741E-183	0	292	294	0	292	294	293M
2482	11689	-4.196E+02	0.959	5.741E-183	0	292	294	0	292	294	293M
2483	2462	-4.020E+02	1.00	2.647E-175	0	265	267	0	265	267	266M
2483	7827	-3.881E+02	0.969	2.798E-169	0	264	267	0	264	267	265M
2483	11690	-3.881E+02	0.969	2.798E-169	0	264	267	0	264	267	265M
2484	2461	-1.629E+02	1.00	1.787E-71	0	111	113	0	111	113	112M
2484	7826	-1.629E+02	1.00	1.787E-71	0	111	113	0	111	113	112M
2484	11691	-1.629E+02	1.00	1.787E-71	0	111	113	0	111	113	112M
2485	2460	-2.036E+02	1.00	3.868E-89	0	132	134	0	132	134	133M
2485	7825	-1.278E+02	0.664	3.199E-56	0	132	134	0	129	131	91M7I26M4D9M
2485	11692	-1.278E+02	0.664	3.199E-56	0	132	134	0	129	131	91M7I26M4D9M
2486	2459	-1.925E+02	1.00	2.561E-84	0	133	135	0	133	135	134M
2486	7824	-1.369E+02	0.770	3.528E-60	0	133	135	0	132	134	13M2I13M1D106M
2486	11693	-1.369E+02	0.770	3.528E-60	0	133	135	0	132	134	13M2I13M1D106M
2487	2458	-2.406E+02	1.00	3.322E-105	0	157	159	0	157	159	158M
2487	7823	-2.406E+02	1.00	3.322E-105	0	157	159	0	157	159	158M
2487	11694	-2.406E+02	1.00	3.322E-105	0	157	159	0	157	159	158M
2488	2457	-9.340E+01	1.00	2.731E-41	0	71	73	0	71	73	72M
2488	7822	-9.245E+01	1.00	7.062E-41	0	70	73	0	70	85	71M
2488	11695	-9.245E+01	1.00	7.062E-41	0	70	73	0	70	85	71M
2489	2489	-3.446E+01	1.00	1.081E-15	0	28	29	0	28	29	29M
2490	2511	-1.797E+02	1.00	9.329E-79	0	117	119	0	117	119	118M
2490	5180	-1.784E+02	0.991	3.301E-78	0	117	119	42	159	161	118M
2490	9240	-1.784E+02	0.991	3.301E-78	0	117	119	42	159	161	118M
2491	2510	-7.279E+02	1.00	7.393E-317	0	478	480	0	478	480	479M
2491	5181	-7.229E+02	0.993	1.142E-314	0	478	480	0	478	480	479M
2491	9241	-7.229E+02	0.993	1.142E-314	0	478	480	0	478	480	479M
2492	2509	-4.117E+02	1.00	1.571E-179	0	286	288	0	286	288	287M
2492	5182	-4.108E+02	0.996	4.044E-179	0	286	288	0	286	288	287M
2492	9242	-4.108E+02	0.996	4.044E-179	0	286	288	0	286	288	287M
2493	2508	-1.529E+02	1.00	3.890E-67	0	102	104	0	102	104	103M
2493	5183	-1.529E+02	1.00	3.890E-67	0	102	104	0	102	104	103M
2493	9243	-1.529E+02	1.00	3.890E-67	0	102	104	0	102	104	103M
2494	2507	-1.338E+02	1.00	8.125E-59	0	93	95	0	93	95	94M
2494	5184	-1.338E+02	1.00	8.125E-59	0	93	95	0	93	95	94M
2494	9244	-1.338E+02	1.00	8.125E-59	0	93	95	0	93	95	94M
2495	2506	-1.570E+02	1.00	6.405E-69	0	115	117	0	115	117	116M
2495	5185	-1.532E+02	0.982	2.839E-67	0	115	117	0	115	117	116M
2495	9245	-1.532E+02	0.982	2.839E-67	0	115	117	0	115	117	116M
2496	2505	-1.779E+02	1.00	5.499E-78	0	121	123	0	121	123	122M
2496	5186	-1.766E+02	0.983	1.945E-77	0	121	123	0	121	123	122M
2496	9246	-1.766E+02	0.983	1.945E-77	0	121	123	0	121	123	122M
2497	2504	-5.065E+02	1.00	1.034E-220	0	334	336	0	334	336	335M
2497	5187	-5.053E+02	0.997	3.649E-220	0	334	336	0	334	336	335M
2497	9247	-5.053E+02	0.997	3.649E-220	0	334	336	0	334	336	335M
2498	2503	-7.000E+02	1.00	1.035E-304	0	463	465	0	463	465	464M
2498	5188	-7.000E+02	1.00	1.035E-304	0	463	465	0	463	465	464M
2498	9248	-7.000E+02	1.00	1.035E-304	0	463	465	0	463	465	464M
2499	2502	-1.408E+02	1.00	6.874E-62	0	97	99	0	97	99	98M
2499	5189	-1.408E+02	1.00	6.874E-62	0	97	99	0	97	99	98M
2499	9249	-1.408E+02	1.00	6.874E-62	0	97	99	0	97	99	98M
2500	2501	-6.928E+01	1.00	8.150E-31	0	53	55	0	53	55	54M
2500	5190	-6.706E+01	0.962	7.505E-30	0	53	55	99	152	154	54M
2500	9250	-6.706E+01	0.962	7.505E-30	0	53	55	99	152	154	54M
2501	2500	-6.928E+01	1.00	8.150E-31	0	53	55	0	53	55	54M
2501	5190	-6.706E+01	0.962	7.505E-30	0	53	55	99	152	154	54M
2501	9250	-6.706E+01	0.962	7.505E-30	0	53	55	99	152	154	54M
2502	2499	-1.408E+02	1.00	6.874E-62	0	97	99	0	97	99	98M
2502	5189	-1.408E+02	1.00	6.874E-62	0	97	99	0	97	99	98M
2502	9249	-1.408E+02	1.00	6.874E-62	0	97	99	0	97	99	98M
2503	2498	-7.000E+02	1.00	1.035E-304	0	463	465	0	463	465	464M
2503	5188	-7.000E+02	1.00	1.035E-304	0	463	465	0	463	465	464M
2503	9248	-7.000E+02	1.00	1.035E-304	0	463	465	0	463	465	464M
2504	2497	-5.065E+02	1.00	1.034E-220	0	334	336	0	334	336	335M
2504	5187	-5.053E+02	0.997	3.649E-220	0	334	336	0	334	336	335M
2504	9247	-5.053E+02	0.997	3.649E-220	0	334	336	0	334	336	335M
2505	2496	-1.779E+02	1.00	5.499E-78	0	121	123	0	121	123	122M
2505	5186	-1.766E+02	0.983	1.945E-77	0	121	123	0	121	123	122M
2505	9246	-1.766E+02	0.983	1.945E-77	0	121	123	0	121	123	122M
2506	2495	-1.570E+02	1.00	6.405E-69	0	115	117	0	115	117	116M
2506	5185	-1.532E+02	0.982	2.839E-67	0	115	117	0	115	117	116M
2506	9245	-1.532E+02	0.982	2.839E-67	0	115	117	0	115	117	116M
2507	2494	-1.338E+02	1.00	8.125E-59	0	93	95	0	93	95	94M
2507	5184	-1.338E+02	1.00	8.125E-59	0	93	95	0	93	95	94M
2507	9244	-1.338E+02	1.00	8.125E-59	0	93	95	0	93	95	94M
2508	2493	-1.529E+02	1.00	3.890E-67	0	102	104	0	102	104	103M
2508	5183	-1.529E+02	1.00	3.890E-67	0	102	104	0	102	104	103M
2508	9243	-1.529E+02	1.00	3.890E-67	0	102	104	0	102	104	103M
2509	2492	-4.117E+02	1.00	1.571E-179	0	286	288	0	286	288	287M
2509	5182	-4.108E+02	0.996	4.044E-179	0	286	288	0	286	288	287M
2509	9242	-4.108E+02	0.996	4.044E-179	0	286	288	0	286	288	287M
2510	2491	-7.279E+02	1.00	7.393E-317	0	478	480	0	478	480	479M
2510	5181	-7.229E+02	0.993	1.142E-314	0	478	480	0	478	480	479M
2510	9241	-7.229E+02	0.993	1.142E-314	0	478	480	0	478	480	479M
2511	2490	-1.797E+02	1.00	9.329E-79	0	117	119	0	117	119	118M
2511	5180	-1.784E+02	0.991	3.301E-78	0	117	119	42	159	161	118M
2511	9240	-1.784E+02	0.991	3.301E-78	0	117	119	42	159	161	118M
2512	2521	-4.070E+02	1.00	1.733E-177	0	252	254	0	252	254	253M
2512	7268	-3.830E+02	0.995	4.422E-167	0	239	254	0	239	253	240M
2512	9606	-3.830E+02	0.995	4.422E-167	0	239	254	0	239	253	240M
2513	2520	-4.723E+02	1.00	7.516E-206	0	311	313	0	311	313	312M
2513	7269	-4.714E+02	0.996	1.935E-205	0	311	313	0	311	313	312M
2513	9605	-4.714E+02	0.996	1.935E-205	0	311	313	0	311	313	312M
2514	2514	-7.084E+02	1.00	0.000E+00	0	610	611	0	610	611	611M
2514	7270	-7.084E+02	0.998	0.000E+00	0	609	611	0	609	611	610M
2514	9604	-7.084E+02	0.998	0.000E+00	0	609	611	0	609	611	610M
2515	2515	-7.084E+02	1.00	0.000E+00	0	505	506	0	505	506	506M
2515	7271	-7.084E+02	0.986	0.000E+00	0	504	506	0	504	506	505M
2515	9603	-7.084E+02	0.986	0.000E+00	0	504	506	0	504	506	505M
2516	2516	-7.084E+02	1.00	0.000E+00	0	502	503	0	502	503	503M
2516	7272	-7.084E+02	0.990	0.000E+00	0	501	503	0	501	503	502M
2516	9602	-7.084E+02	0.990	0.000E+00	0	501	503	0	501	503	502M
2517	2516	-7.084E+02	1.00	0.000E+00	0	501	503	0	501	503	502M
2517	7272	-7.084E+02	0.990	0.000E+00	0	501	503	0	501	503	502M
2517	9602	-7.084E+02	0.990	0.000E+00	0	501	503	0	501	503	502M
2518	2515	-7.084E+02	1.00	0.000E+00	0	504	506	0	504	506	505M
2518	7271	-7.084E+02	0.986	0.000E+00	0	504	506	0	504	506	505M
2518	9603	-7.084E+02	0.986	0.000E+00	0	504	506	0	504	506	505M
2519	2514	-7.084E+02	1.00	0.000E+00	0	609	611	0	609	611	610M
2519	7270	-7.084E+02	0.998	0.000E+00	0	609	611	0	609	611	610M
2519	9604	-7.084E+02	0.998	0.000E+00	0	609	611	0	609	611	610M
2520	2513	-4.723E+02	1.00	7.516E-206	0	311	313	0	311	313	312M
2520	7269	-4.714E+02	0.996	1.935E-205	0	311	313	0	311	313	312M
2520	9605	-4.714E+02	0.996	1.935E-205	0	311	313	0	311	313	312M
2521	2512	-4.070E+02	1.00	1.733E-177	0	252	254	0	252	254	253M
2521	7268	-3.830E+02	0.995	4.422E-167	0	239	254	0	239	253	240M
2521	9606	-3.830E+02	0.995	4.422E-167	0	239	254	0	239	253	240M
2522	2522	-1.460E+02	1.00	4.072E-64	0	103	104	0	103	104	104M
2522	5169	-1.241E+02	1.00	1.211E-54	14	102	104	0	88	90	89M
2522	9229	-1.241E+02	1.00	1.211E-54	14	102	104	0	88	90	89M
2523	2523	-7.084E+02	1.00	0.000E+00	0	848	849	0	848	849	849M
2523	5170	-7.084E+02	0.997	0.000E+00	0	847	849	0	847	849	848M
2523	9230	-7.084E+02	0.997	0.000E+00	0	847	849	0	847	849	848M
2524	2524	-7.084E+02	1.00	0.000E+00	0	540	541	0	540	541	541M
2524	5171	-7.084E+02	1.00	0.000E+00	0	539	541	0	539	541	540M
2524	9231	-7.084E+02	1.00	0.000E+00	0	539	541	0	539	541	540M
2525	2525	-7.084E+02	1.00	0.000E+00	0	926	927	0	926	927	927M
2525	5172	-7.084E+02	0.974	0.000E+00	0	925	927	0	925	927	926M
2525	9232	-7.084E+02	0.974	0.000E+00	0	925	927	0	925	927	926M
2526	2526	-3.158E+02	1.00	7.428E-138	0	209	210	0	209	210	210M
2526	5173	-3.151E+02	0.995	1.396E-137	0	208	210	0	208	210	209M
2526	9233	-3.151E+02	0.995	1.396E-137	0	208	210	0	208	210	209M
2527	2527	-7.084E+02	1.00	0.000E+00	0	757	758	0	757	758	758M
2527	5174	-7.084E+02	0.981	0.000E+00	0	756	758	0	756	758	757M
2527	9234	-7.084E+02	0.981	0.000E+00	0	756	758	0	756	758	757M
2528	2528	-5.430E+02	1.00	1.531E-236	0	344	345	0	344	345	345M
2528	5175	-5.351E+02	0.982	4.042E-233	0	343	345	0	343	345	344M
2528	9235	-5.351E+02	0.982	4.042E-233	0	343	345	0	343	345	344M
2529	2529	-1.134E+02	1.00	5.770E-50	0	84	85	0	84	85	85M
2529	5176	-1.118E+02	0.988	2.807E-49	0	83	85	0	83	85	84M
2529	9236	-1.118E+02	0.988	2.807E-49	0	83	85	0	83	85	84M
2530	2530	-2.401E+02	1.00	5.518E-105	0	162	163	0	162	163	163M
2530	5177	-2.338E+02	0.987	3.041E-102	0	161	163	0	160	162	150M1I11M
2530	9237	-2.338E+02	0.987	3.041E-102	0	161	163	0	160	162	150M1I11M
2531	2531	-4.666E+02	1.00	2.370E-203	0	307	308	0	307	308	308M
2531	5178	-4.669E+02	1.00	1.729E-203	0	306	308	0	306	308	307M
2531	9238	-4.669E+02	1.00	1.729E-203	0	306	308	0	306	308	307M
2532	2532	-6.296E+02	1.00	3.521E-274	0	411	412	0	411	412	412M
2532	5179	-6.082E+02	0.968	7.090E-265	0	410	412	0	410	412	411M
2532	9239	-6.082E+02	0.968	7.090E-265	0	410	412	0	410	412	411M
2533	2533	-1.394E+02	1.00	2.743E-61	0	94	95	0	94	95	95M
2533	6717	-1.372E+02	0.978	2.508E-60	0	93	95	0	93	95	94M
2533	8870	-1.372E+02	0.978	2.508E-60	0	93	95	0	93	95	94M
2534	2534	-4.573E+02	1.00	2.456E-199	0	316	317	0	316	317	317M
2535	2535	-7.084E+02	1.00	0.000E+00	0	907	908	0	907	908	908M
2536	2536	-5.772E+02	1.00	2.171E-251	0	381	382	0	381	382	382M
2537	2537	-7.084E+02	1.00	0.000E+00	0	1026	1027	0	1026	1027	1027M
2538	2538	-3.472E+02	1.00	1.645E-151	0	231	232	0	231	232	232M
2539	2539	-5.251E+02	1.00	8.701E-229	0	335	336	0	335	336	336M
2540	2540	-9.132E+01	1.00	2.183E-40	0	63	64	0	63	64	64M
2541	2541	-3.765E+02	1.00	3.064E-164	0	258	259	0	258	259	259M
2541	6724	-3.768E+02	1.00	2.236E-164	0	257	259	143	400	402	258M
2541	8877	-3.768E+02	1.00	2.236E-164	0	257	259	143	400	402	258M
2542	2542	-1.777E+01	1.00	1.909E-08	0	19	20	0	19	20	20M
2543	2543	-1.340E+02	1.00	6.222E-59	0	95	96	0	95	96	96M
2543	6423	-1.160E+02	1.00	4.190E-51	0	82	96	0	82	218	83M
2543	10696	-1.160E+02	1.00	4.190E-51	0	82	96	0	82	218	83M
2544	2544	-3.755E+02	1.00	8.286E-164	0	239	240	0	239	240	240M
2544	6421	-3.563E+02	0.953	1.870E-155	0	238	240	0	238	240	239M
2544	10698	-3.563E+02	0.953	1.870E-155	0	238	240	0	238	240	239M
2545	2545	-2.501E+02	1.00	2.314E-109	0	169	170	0	169	170	170M
2545	6420	-2.505E+02	1.00	1.688E-109	0	168	170	0	168	170	169M
2545	10699	-2.505E+02	1.00	1.688E-109	0	168	170	0	168	170	169M
2546	2546	-7.084E+02	1.00	0.000E+00	0	575	576	0	575	576	576M
2546	6419	-7.084E+02	0.998	0.000E+00	0	574	576	0	574	576	575M
2546	10700	-7.084E+02	0.998	0.000E+00	0	574	576	0	574	576	575M
2547	2547	-3.701E+02	1.00	1.849E-161	0	240	241	0	240	241	241M
2547	6418	-3.682E+02	0.995	1.226E-160	0	239	241	0	239	241	240M
2547	10701	-3.682E+02	0.995	1.226E-160	0	239	241	0	239	241	240M
2548	2548	-4.014E+02	1.00	4.590E-175	0	271	272	0	271	272	272M
2548	6417	-3.973E+02	0.988	2.764E-173	0	270	272	0	270	272	271M
2548	10702	-3.973E+02	0.988	2.764E-173	0	270	272	0	270	272	271M
2549	2549	-7.136E+02	1.00	1.179E-310	0	461	462	0	461	462	462M
2549	6416	-7.092E+02	0.989	9.699E-309	0	460	462	0	460	462	461M
2549	10703	-7.092E+02	0.989	9.699E-309	0	460	462	0	460	462	461M
2550	2550	-7.006E+02	1.00	5.622E-305	0	478	479	0	478	479	479M
2550	6415	-6.990E+02	0.995	2.715E-304	0	477	479	0	477	479	478M
2550	10704	-6.990E+02	0.995	2.715E-304	0	477	479	0	477	479	478M
2551	2551	-7.084E+02	1.00	0.000E+00	0	503	504	0	503	504	504M
2551	6414	-7.084E+02	0.998	0.000E+00	0	502	504	0	502	504	503M
2551	10705	-7.084E+02	0.998	0.000E+00	0	502	504	0	502	504	503M
2552	2552	-5.916E+02	1.00	1.182E-257	0	396	397	0	396	397	397M
2552	6413	-5.903E+02	0.997	4.168E-257	0	395	397	0	395	397	396M
2552	10706	-5.903E+02	0.997	4.168E-257	0	395	397	0	395	397	396M
2553	2553	-5.084E+02	1.00	1.593E-221	0	322	323	0	322	323	323M
2553	6412	-5.068E+02	0.996	7.700E-221	0	321	323	0	321	323	322M
2553	10707	-5.068E+02	0.996	7.700E-221	0	321	323	0	321	323	322M
2554	2554	-5.972E+02	1.00	4.215E-260	0	390	391	0	390	391	391M
2554	6411	-5.960E+02	0.997	1.487E-259	0	389	391	0	389	391	390M
2554	10708	-5.960E+02	0.997	1.487E-259	0	389	391	0	389	391	390M
2555	2570	-1.845E+02	1.00	7.235E-81	0	121	123	0	121	123	122M
2555	7080	-1.795E+02	0.967	1.133E-78	0	121	123	0	121	123	122M
2555	10960	-1.795E+02	0.967	1.133E-78	0	121	123	0	121	123	122M
2556	2569	-3.974E+02	1.00	2.703E-173	0	283	285	0	283	285	284M
2556	7081	-3.964E+02	0.996	6.959E-173	0	283	285	0	283	285	284M
2556	10961	-3.964E+02	0.996	6.959E-173	0	283	285	0	283	285	284M
2557	2568	-2.244E+02	1.00	3.510E-98	0	152	154	0	152	154	153M
2557	7082	-2.228E+02	0.993	1.701E-97	0	152	154	0	152	154	153M
2557	10962	-2.228E+02	0.993	1.701E-97	0	152	154	0	152	154	153M
2558	2567	-4.547E+02	1.00	3.431E-198	0	304	306	0	304	306	305M
2558	7083	-4.490E+02	0.990	9.983E-196	0	304	306	0	304	306	305M
2558	10963	-4.512E+02	0.993	1.099E-196	0	304	306	0	304	306	305M
2559	2566	-2.057E+02	1.00	4.673E-90	0	134	136	0	134	136	135M
2559	7084	-1.997E+02	0.962	1.884E-87	0	134	136	73	207	209	135M
2559	10964	-1.997E+02	0.962	1.884E-87	0	134	136	73	207	209	135M
2560	2565	-7.621E+01	1.00	8.018E-34	0	54	56	0	54	56	55M
2560	7084	-7.113E+01	1.00	1.280E-31	0	51	56	0	51	209	52M
2560	10964	-7.113E+01	1.00	1.280E-31	0	51	56	0	51	209	52M
2561	2564	-6.210E+02	1.00	2.099E-270	0	414	416	0	414	416	415M
2561	7085	-6.153E+02	0.987	6.090E-268	0	414	416	0	414	416	415M
2561	10965	-6.153E+02	0.987	6.090E-268	0	414	416	0	414	416	415M
2562	2563	-6.653E+02	1.00	1.121E-289	0	442	444	0	442	444	443M
2562	7086	-5.639E+02	0.864	1.238E-245	0	442	444	0	433	435	243M1D5M10I185M
2562	10966	-5.639E+02	0.864	1.238E-245	0	442	444	0	433	435	243M1D5M10I185M
2563	2562	-6.653E+02	1.00	1.121E-289	0	442	444	0	442	444	443M
2563	7086	-5.639E+02	0.864	1.238E-245	0	442	444	0	433	435	243M1D5M10I185M
2563	10966	-5.639E+02	0.864	1.238E-245	0	442	444	0	433	435	243M1D5M10I185M
2564	2561	-6.210E+02	1.00	2.099E-270	0	414	416	0	414	416	415M
2564	7085	-6.153E+02	0.987	6.090E-268	0	414	416	0	414	416	415M
2564	10965	-6.153E+02	0.987	6.090E-268	0	414	416	0	414	416	415M
2565	2560	-7.621E+01	1.00	8.018E-34	0	54	56	0	54	56	55M
2565	7084	-7.113E+01	1.00	1.280E-31	0	51	56	0	51	209	52M
2565	10964	-7.113E+01	1.00	1.280E-31	0	51	56	0	51	209	52M
2566	2559	-2.057E+02	1.00	4.673E-90	0	134	136	0	134	136	135M
2566	7084	-1.997E+02	0.962	1.884E-87	0	134	136	73	207	209	135M
2566	10964	-1.997E+02	0.962	1.884E-87	0	134	136	73	207	209	135M
2567	2558	-4.547E+02	1.00	3.431E-198	0	304	306	0	304	306	305M
2567	7083	-4.490E+02	0.990	9.983E-196	0	304	306	0	304	306	305M
2567	10963	-4.512E+02	0.993	1.099E-196	0	304	306	0	304	306	305M
2568	2557	-2.244E+02	1.00	3.510E-98	0	152	154	0	152	154	153M
2568	7082	-2.228E+02	0.993	1.701E-97	0	152	154	0	152	154	153M
2568	10962	-2.228E+02	0.993	1.701E-97	0	152	154	0	152	154	153M
2569	2556	-3.974E+02	1.00	2.703E-173	0	283	285	0	283	285	284M
2569	7081	-3.964E+02	0.996	6.959E-173	0	283	285	0	283	285	284M
2569	10961	-3.964E+02	0.996	6.959E-173	0	283	285	0	283	285	284M
2570	2555	-1.845E+02	1.00	7.235E-81	0	121	123	0	121	123	122M
2570	7080	-1.795E+02	0.967	1.133E-78	0	121	123	0	121	123	122M
2570	10960	-1.795E+02	0.967	1.133E-78	0	121	123	0	121	123	122M
2571	2571	-3.467E+02	1.00	2.798E-151	0	249	250	0	249	250	250M
2571	7230	-3.470E+02	1.00	2.042E-151	0	248	250	0	248	250	249M
2571	9644	-3.470E+02	1.00	2.042E-151	0	248	250	0	248	250	249M
2572	2572	-4.355E+02	1.00	7.064E-190	0	310	311	0	310	311	311M
2572	7229	-4.359E+02	1.00	5.155E-190	0	309	311	0	309	311	310M
2572	9645	-4.359E+02	1.00	5.155E-190	0	309	311	0	309	311	310M
2573	2573	-7.084E+02	1.00	0.000E+00	0	904	905	0	904	905	905M
2573	7228	-7.084E+02	1.00	0.000E+00	0	903	905	0	903	905	904M
2573	9646	-7.084E+02	1.00	0.000E+00	0	903	905	0	903	905	904M
2574	2574	-7.084E+02	1.00	0.000E+00	0	548	549	0	548	549	549M
2574	7539	-7.084E+02	0.984	0.000E+00	0	514	549	0	514	515	515M
2574	9647	-7.084E+02	0.985	0.000E+00	0	547	549	0	547	549	548M
2575	2575	-1.745E+02	1.00	1.571E-76	0	126	127	0	126	127	127M
2575	7538	-1.717E+02	0.984	2.696E-75	0	125	127	0	125	127	126M
2575	9648	-1.717E+02	0.984	2.696E-75	0	125	127	0	125	127	126M
2576	2576	-4.937E+02	1.00	3.802E-215	0	326	327	0	326	327	327M
2576	7537	-4.918E+02	0.993	2.519E-214	0	325	327	0	325	327	326M
2576	9649	-4.918E+02	0.993	2.519E-214	0	325	327	0	325	327	326M
2577	2577	-4.144E+02	1.00	1.101E-180	0	264	265	0	264	265	265M
2577	7536	-4.027E+02	0.977	1.282E-175	0	263	265	0	263	265	264M
2577	9650	-4.027E+02	0.977	1.282E-175	0	263	265	0	263	265	264M
2578	2578	-5.437E+02	1.00	7.714E-237	0	363	364	0	363	364	364M
2578	7535	-5.383E+02	0.988	1.635E-234	0	362	364	0	362	364	363M
2578	9651	-5.383E+02	0.988	1.635E-234	0	362	364	0	362	364	363M
2579	2579	-5.345E+02	1.00	7.090E-233	0	356	357	0	356	357	357M
2579	7534	-5.323E+02	0.994	6.436E-232	0	355	357	0	355	357	356M
2579	9652	-5.323E+02	0.994	6.436E-232	0	355	357	0	355	357	356M
2580	2580	-5.221E+02	1.00	1.807E-227	0	373	374	0	373	374	374M
2580	7533	-5.212E+02	0.997	4.649E-227	0	372	374	0	372	374	373M
2580	9653	-5.212E+02	0.997	4.649E-227	0	372	374	0	372	374	373M
2581	2581	-7.121E+02	1.00	5.712E-310	0	495	496	0	495	496	496M
2581	7532	-7.124E+02	1.00	4.169E-310	0	494	496	0	494	496	495M
2581	9654	-7.124E+02	1.00	4.169E-310	0	494	496	0	494	496	495M
2582	2593	-1.652E+02	1.00	1.733E-72	0	115	117	0	115	117	116M
2582	8143	-1.602E+02	0.965	2.718E-70	0	115	117	48	163	165	116M
2582	10034	-1.602E+02	0.965	2.718E-70	0	115	117	48	163	165	116M
2583	2592	-2.682E+02	1.00	3.214E-117	0	179	181	0	179	181	180M
2583	8142	-2.676E+02	0.994	6.041E-117	0	179	181	0	179	181	180M
2583	10035	-2.676E+02	0.994	6.041E-117	0	179	181	0	179	181	180M
2584	2591	-2.414E+02	1.00	1.419E-105	0	159	161	0	159	161	160M
2584	8141	-2.414E+02	1.00	1.419E-105	0	159	161	0	159	161	160M
2584	10036	-2.414E+02	1.00	1.419E-105	0	159	161	0	159	161	160M
2585	2590	-2.662E+02	1.00	2.418E-116	0	175	177	0	175	177	176M
2585	8140	-2.662E+02	1.00	2.418E-116	0	175	177	0	175	177	176M
2585	10037	-2.662E+02	1.00	2.418E-116	0	175	177	0	175	177	176M
2586	2586	-7.084E+02	1.00	0.000E+00	0	945	946	0	945	946	946M
2586	8139	-7.084E+02	0.993	0.000E+00	0	944	946	0	944	946	945M
2586	10038	-7.084E+02	0.993	0.000E+00	0	944	946	0	944	946	945M
2587	2588	-5.192E+02	1.00	3.157E-226	0	332	334	0	332	334	333M
2587	8138	-5.192E+02	1.00	3.157E-226	0	332	334	0	332	334	333M
2587	10039	-5.192E+02	1.00	3.157E-226	0	332	334	0	332	334	333M
2588	2587	-5.192E+02	1.00	3.157E-226	0	332	334	0	332	334	333M
2588	8138	-5.192E+02	1.00	3.157E-226	0	332	334	0	332	334	333M
2588	10039	-5.192E+02	1.00	3.157E-226	0	332	334	0	332	334	333M
2589	2586	-7.084E+02	1.00	0.000E+00	0	944	946	0	944	946	945M
2589	8139	-7.084E+02	0.993	0.000E+00	0	944	946	0	944	946	945M
2589	10038	-7.084E+02	0.993	0.000E+00	0	944	946	0	944	946	945M
2590	2585	-2.662E+02	1.00	2.418E-116	0	175	177	0	175	177	176M
2590	8140	-2.662E+02	1.00	2.418E-116	0	175	177	0	175	177	176M
2590	10037	-2.662E+02	1.00	2.418E-116	0	175	177	0	175	177	176M
2591	2584	-2.414E+02	1.00	1.419E-105	0	159	161	0	159	161	160M
2591	8141	-2.414E+02	1.00	1.419E-105	0	159	161	0	159	161	160M
2591	10036	-2.414E+02	1.00	1.419E-105	0	159	161	0	159	161	160M
2592	2583	-2.682E+02	1.00	3.214E-117	0	179	181	0	179	181	180M
2592	8142	-2.676E+02	0.994	6.041E-117	0	179	181	0	179	181	180M
2592	10035	-2.676E+02	0.994	6.041E-117	0	179	181	0	179	181	180M
2593	2582	-1.652E+02	1.00	1.733E-72	0	115	117	0	115	117	116M
2593	8143	-1.602E+02	0.965	2.718E-70	0	115	117	48	163	165	116M
2593	10034	-1.602E+02	0.965	2.718E-70	0	115	117	48	163	165	116M
2594	2594	-1.489E+02	1.00	2.099E-65	0	107	108	0	107	108	108M
2595	2595	-1.915E+02	1.00	6.605E-84	0	134	135	0	134	135	135M
2595	6195	-2.026E+01	0.295	1.583E-09	21	131	135	27	141	314	87M4D24M
2595	8947	-2.026E+01	0.295	1.583E-09	21	131	135	27	141	314	87M4D24M
2596	2596	-8.324E+01	1.00	7.077E-37	0	60	61	0	60	61	61M
2597	2597	-2.434E+02	1.00	1.922E-106	0	171	172	0	171	172	172M
2597	8237	-2.390E+02	0.982	1.593E-104	0	170	172	0	170	172	171M
2597	12019	-2.390E+02	0.982	1.593E-104	0	170	172	0	170	172	171M
2598	2598	-4.553E+02	1.00	1.827E-198	0	305	306	0	305	306	306M
2598	8238	-4.547E+02	0.996	3.431E-198	0	304	306	0	304	306	305M
2598	12020	-4.547E+02	0.996	3.431E-198	0	304	306	0	304	306	305M
2599	2599	-4.910E+02	1.00	5.633E-214	0	323	324	0	323	324	324M
2599	8239	-2.728E+02	0.549	3.401E-119	0	322	324	0	391	393	69M37D18M28D5M2D28M5D6M3I194M
2599	12021	-2.728E+02	0.549	3.401E-119	0	322	324	0	391	393	69M37D18M28D5M2D28M5D6M3I194M
2600	2600	-1.642E+02	1.00	4.695E-72	0	117	118	0	117	118	118M
2600	8240	-1.604E+02	0.974	2.080E-70	0	116	118	0	116	118	117M
2600	12022	-1.604E+02	0.974	2.080E-70	0	116	118	0	116	118	117M
2601	2601	-9.720E+01	1.00	6.113E-43	0	72	73	0	72	73	73M
2601	8242	-9.150E+01	1.00	1.826E-40	0	68	73	0	68	73	69M
2601	12024	-9.150E+01	1.00	1.826E-40	0	68	73	0	68	73	69M
2602	2602	-2.171E+02	1.00	5.134E-95	0	147	148	0	147	148	148M
2602	8243	-1.919E+02	0.863	4.774E-84	0	146	148	0	146	148	147M
2602	12025	-1.919E+02	0.863	4.774E-84	0	146	148	0	146	148	147M
2603	2603	-1.785E+02	1.00	2.924E-78	0	122	123	0	122	123	123M
2603	7377	-1.602E+02	0.909	2.648E-70	0	121	123	0	121	123	122M
2603	11346	-1.602E+02	0.909	2.648E-70	0	121	123	0	121	123	122M
2604	2604	-1.975E+02	1.00	1.637E-86	0	134	135	0	134	135	135M
2604	7378	-1.934E+02	0.985	9.932E-85	0	133	135	0	133	135	134M
2604	11345	-1.934E+02	0.985	9.932E-85	0	133	135	0	133	135	134M
2605	2605	-2.053E+02	1.00	7.058E-90	0	137	138	0	137	138	138M
2605	7381	-1.977E+02	0.963	1.380E-86	0	136	138	0	136	138	137M
2605	11342	-1.977E+02	0.963	1.380E-86	0	136	138	0	136	138	137M
2606	2606	-1.804E+02	1.00	4.495E-79	0	129	130	0	129	130	130M
2606	7382	-1.807E+02	1.00	3.278E-79	0	128	130	0	128	130	129M
2606	11341	-1.807E+02	1.00	3.278E-79	0	128	130	0	128	130	129M
2607	2607	-3.101E+02	1.00	2.035E-135	0	221	222	0	221	222	222M
2607	7383	-3.105E+02	1.00	1.485E-135	0	220	222	0	220	222	221M
2607	11340	-3.105E+02	1.00	1.485E-135	0	220	222	0	220	222	221M
2608	2608	-4.746E+02	1.00	8.000E-207	0	318	319	0	318	319	319M
2608	7384	-4.749E+02	1.00	5.837E-207	0	317	319	0	317	319	318M
2608	11339	-4.749E+02	1.00	5.837E-207	0	317	319	0	317	319	318M
2609	2609	-3.707E+02	1.00	1.063E-161	0	255	256	0	255	256	256M
2609	7385	-3.710E+02	1.00	7.755E-162	0	254	256	0	254	256	255M
2609	11338	-3.710E+02	1.00	7.755E-162	0	254	256	0	254	256	255M
2610	2610	-8.214E+01	1.00	2.133E-36	0	63	64	0	63	64	64M
2610	7386	-8.245E+01	1.00	1.554E-36	0	62	64	0	62	64	63M
2610	11337	-8.245E+01	1.00	1.554E-36	0	62	64	0	62	64	63M
2611	2611	-1.136E+02	1.00	4.729E-50	0	80	81	0	80	81	81M
2611	7387	-1.139E+02	1.00	3.447E-50	0	79	81	0	79	81	80M
2611	11336	-1.139E+02	1.00	3.447E-50	0	79	81	0	79	81	80M
2612	2612	-2.025E+02	1.00	1.123E-88	0	142	143	0	142	143	143M
2612	7388	-2.028E+02	1.00	8.188E-89	0	141	143	0	141	143	142M
2612	11335	-2.028E+02	1.00	8.188E-89	0	141	143	0	141	143	142M
2613	2613	-5.526E+02	1.00	9.998E-241	0	367	368	0	367	368	368M
2613	7389	-5.529E+02	1.00	7.296E-241	0	366	368	0	366	368	367M
2613	11334	-5.529E+02	1.00	7.296E-241	0	366	368	0	366	368	367M
2614	2614	-7.084E+02	1.00	0.000E+00	0	483	484	0	483	484	484M
2614	7390	-7.084E+02	0.997	0.000E+00	0	482	484	0	482	484	483M
2614	11333	-7.084E+02	0.997	0.000E+00	0	482	484	0	482	484	483M
2615	2615	-4.667E+02	1.00	2.029E-203	0	297	298	0	297	298	298M
2615	7391	-4.582E+02	0.989	1.008E-199	1	296	298	179	474	476	296M
2615	11332	-4.582E+02	0.989	1.008E-199	1	296	298	179	474	476	296M
2616	2616	-3.672E+02	1.00	3.207E-160	0	247	248	0	247	248	248M
2616	7563	-3.644E+02	0.991	5.476E-159	0	246	248	0	246	248	247M
2616	11381	-3.644E+02	0.991	5.476E-159	0	246	248	0	246	248	247M
2617	2617	-7.084E+02	1.00	0.000E+00	0	577	578	0	577	578	578M
2617	7562	-7.084E+02	0.987	0.000E+00	0	576	578	0	576	578	577M
2617	11380	-7.084E+02	0.987	0.000E+00	0	576	578	0	576	578	577M
2618	2618	-1.236E+02	1.00	1.994E-54	0	81	82	0	81	82	82M
2618	7561	-1.240E+02	1.00	1.453E-54	0	80	82	0	80	82	81M
2618	11379	-1.240E+02	1.00	1.453E-54	0	80	82	0	80	82	81M
2619	2619	-7.205E+02	1.00	1.234E-313	0	476	477	0	476	477	477M
2619	7560	-7.114E+02	0.983	1.144E-309	0	475	477	0	475	477	476M
2619	11378	-7.114E+02	0.983	1.144E-309	0	475	477	0	475	477	476M
2620	2620	-4.191E+02	1.00	9.698E-183	0	284	285	0	284	285	285M
2620	7559	-4.150E+02	0.985	5.838E-181	0	283	285	0	283	285	284M
2620	11377	-4.150E+02	0.985	5.838E-181	0	283	285	0	283	285	284M
2621	2621	-4.152E+02	1.00	4.617E-181	0	279	280	0	279	280	280M
2621	7558	-4.111E+02	0.989	2.780E-179	0	278	280	0	278	280	279M
2621	11376	-4.111E+02	0.989	2.780E-179	0	278	280	0	278	280	279M
2622	2622	-4.840E+02	1.00	6.422E-211	0	332	333	0	332	333	333M
2622	7557	-4.818E+02	0.993	5.829E-210	0	331	333	0	331	333	332M
2622	11375	-4.818E+02	0.993	5.829E-210	0	331	333	0	331	333	332M
2623	2623	-1.433E+02	1.00	5.875E-63	0	93	94	0	93	94	94M
2623	7556	-1.433E+02	0.989	5.875E-63	0	92	94	0	92	94	93M
2623	11374	-1.433E+02	0.989	5.875E-63	0	92	94	0	92	94	93M
2624	2624	-6.348E+02	1.00	1.955E-276	0	428	429	0	428	429	429M
2624	7555	-6.348E+02	0.997	1.955E-276	0	427	429	0	427	429	428M
2624	11373	-6.348E+02	0.997	1.955E-276	0	427	429	0	427	429	428M
2625	2625	-6.646E+02	1.00	2.286E-289	0	438	439	0	438	439	439M
2625	7554	-6.205E+02	0.980	3.248E-270	9	424	439	0	415	726	416M
2625	11372	-6.205E+02	0.980	3.248E-270	9	424	439	0	415	726	416M
2626	2626	-4.775E+02	1.00	4.075E-208	0	315	316	0	315	316	316M
2626	7554	-4.429E+02	0.945	4.629E-193	5	314	316	416	724	726	101M1I208M
2626	11372	-4.429E+02	0.945	4.629E-193	5	314	316	416	724	726	101M1I208M
2627	2627	-7.056E+02	1.00	3.776E-307	0	472	473	0	472	473	473M
2627	7553	-7.049E+02	0.997	7.091E-307	0	471	473	0	471	473	472M
2627	11371	-7.049E+02	0.997	7.091E-307	0	471	473	0	471	473	472M
2628	2628	-7.495E+01	1.00	2.823E-33	0	61	62	0	61	62	62M
2628	7552	-7.305E+01	0.983	1.891E-32	0	60	62	0	60	62	61M
2628	11370	-7.305E+01	0.983	1.891E-32	0	60	62	0	60	62	61M
2629	2629	-1.069E+02	1.00	3.889E-47	0	75	76	0	75	76	76M
2629	7551	-1.072E+02	1.00	2.834E-47	0	74	76	0	74	76	75M
2629	11369	-1.072E+02	1.00	2.834E-47	0	74	76	0	74	76	75M
2630	2643	-6.996E+02	1.00	1.504E-304	0	444	446	0	444	446	445M
2630	4944	-6.996E+02	1.00	1.504E-304	0	444	446	0	444	446	445M
2630	8743	-6.996E+02	1.00	1.504E-304	0	444	446	0	444	446	445M
2631	2642	-4.380E+02	1.00	5.926E-191	0	283	285	0	283	285	284M
2631	4943	-4.295E+02	0.975	2.945E-187	0	283	285	0	283	285	284M
2631	8742	-4.295E+02	0.975	2.945E-187	0	283	285	0	283	285	284M
2632	2641	-2.171E+02	1.00	5.023E-95	0	139	141	0	139	141	140M
2632	4942	-2.171E+02	1.00	5.023E-95	0	139	141	0	139	141	140M
2632	8741	-2.171E+02	1.00	5.023E-95	0	139	141	0	139	141	140M
2633	2640	-6.379E+01	1.00	1.985E-28	0	55	57	0	55	57	56M
2633	4941	-6.379E+01	1.00	1.985E-28	0	55	57	0	55	57	56M
2633	8740	-6.379E+01	1.00	1.985E-28	0	55	57	0	55	57	56M
2634	2639	-5.911E+02	1.00	1.990E-257	0	413	415	0	413	415	414M
2634	4940	-5.829E+02	0.983	7.173E-254	0	413	415	0	413	415	414M
2634	8739	-5.829E+02	0.983	7.173E-254	0	413	415	0	413	415	414M
2635	2638	-4.483E+02	1.00	1.965E-195	0	305	307	0	305	307	306M
2635	4939	-4.427E+02	0.990	5.715E-193	0	304	307	0	304	307	305M
2635	8738	-4.427E+02	0.990	5.715E-193	0	304	307	0	304	307	305M
2636	2637	-4.091E+02	1.00	2.071E-178	0	294	296	0	294	296	295M
2636	4938	-4.035E+02	0.986	6.024E-176	0	294	296	0	294	296	295M
2636	8737	-4.035E+02	0.986	6.024E-176	0	294	296	0	294	296	295M
2637	2636	-4.091E+02	1.00	2.071E-178	0	294	296	0	294	296	295M
2637	4938	-4.035E+02	0.986	6.024E-176	0	294	296	0	294	296	295M
2637	8737	-4.035E+02	0.986	6.024E-176	0	294	296	0	294	296	295M
2638	2635	-4.483E+02	1.00	1.965E-195	0	305	307	0	305	307	306M
2638	4939	-4.427E+02	0.990	5.715E-193	0	304	307	0	304	307	305M
2638	8738	-4.427E+02	0.990	5.715E-193	0	304	307	0	304	307	305M
2639	2634	-5.911E+02	1.00	1.990E-257	0	413	415	0	413	415	414M
2639	4940	-5.829E+02	0.983	7.173E-254	0	413	415	0	413	415	414M
2639	8739	-5.829E+02	0.983	7.173E-254	0	413	415	0	413	415	414M
2640	2633	-6.379E+01	1.00	1.985E-28	0	55	57	0	55	57	56M
2640	4941	-6.379E+01	1.00	1.985E-28	0	55	57	0	55	57	56M
2640	8740	-6.379E+01	1.00	1.985E-28	0	55	57	0	55	57	56M
2641	2632	-2.171E+02	1.00	5.023E-95	0	139	141	0	139	141	140M
2641	4942	-2.171E+02	1.00	5.023E-95	0	139	141	0	139	141	140M
2641	8741	-2.171E+02	1.00	5.023E-95	0	139	141	0	139	141	140M
2642	2631	-4.380E+02	1.00	5.926E-191	0	283	285	0	283	285	284M
2642	4943	-4.295E+02	0.975	2.945E-187	0	283	285	0	283	285	284M
2642	8742	-4.295E+02	0.975	2.945E-187	0	283	285	0	283	285	284M
2643	2630	-6.996E+02	1.00	1.504E-304	0	444	446	0	444	446	445M
2643	4944	-6.996E+02	1.00	1.504E-304	0	444	446	0	444	446	445M
2643	8743	-6.996E+02	1.00	1.504E-304	0	444	446	0	444	446	445M
2644	2644	-7.084E+02	1.00	0.000E+00	0	1028	1029	0	1028	1029	1029M
2645	2645	-1.550E+02	1.00	4.929E-68	0	119	120	0	119	120	120M
2646	2646	-6.413E+02	1.00	3.010E-279	0	431	432	0	431	432	432M
2646	7077	-5.128E+02	0.776	1.908E-223	0	429	432	21	450	452	430M
2646	10957	-5.128E+02	0.776	1.908E-223	0	429	432	21	450	452	430M
2647	2647	-7.084E+02	1.00	0.000E+00	0	481	482	0	481	482	482M
2648	2648	-6.549E+02	1.00	3.668E-285	0	443	444	0	443	444	444M
2648	7117	-2.319E+02	0.413	1.928E-101	8	430	444	19	451	467	157M4D8M4D82M2D176M
2648	10997	-2.319E+02	0.413	1.928E-101	8	430	444	19	451	467	157M4D8M4D82M2D176M
2649	2649	-3.416E+02	1.00	4.228E-149	0	235	236	0	235	236	236M
2650	2650	-3.484E+02	1.00	4.959E-152	0	239	240	0	239	240	240M
2651	2651	-4.040E+02	1.00	3.412E-176	0	256	257	0	256	257	257M
2652	2652	-7.221E+02	1.00	2.555E-314	0	476	477	0	476	477	477M
2652	6695	-2.095E+02	0.367	1.011E-91	6	471	477	7	479	491	121M1I63M1D17M1D32M1D100M1D16M4D116M
2652	8848	-2.095E+02	0.367	1.011E-91	6	471	477	7	479	491	121M1I63M1D17M1D32M1D100M1D16M4D116M
2653	2653	-2.468E+02	1.00	6.265E-108	0	172	173	0	172	173	173M
2653	8311	-2.383E+01	0.302	4.475E-11	30	171	173	9	154	166	60M4I16M2I12M9D25M1D23M
2653	12076	-2.383E+01	0.302	4.475E-11	30	171	173	9	154	166	60M4I16M2I12M9D25M1D23M
2654	2654	-2.945E+02	1.00	1.286E-128	0	192	193	0	192	193	193M
2654	4809	-2.762E+02	0.957	1.136E-120	4	192	193	5	193	405	189M
2654	8608	-2.762E+02	0.957	1.136E-120	4	192	193	5	193	405	189M
2655	2668	-6.280E+02	1.00	1.783E-273	0	411	413	0	411	413	412M
2655	7659	-6.170E+02	0.990	1.096E-268	0	407	413	0	407	415	408M
2655	11456	-6.170E+02	0.990	1.096E-268	0	407	413	0	407	415	408M
2656	2667	-5.440E+02	1.00	5.306E-237	0	354	356	0	354	356	355M
2656	7658	-5.349E+02	0.983	4.937E-233	0	353	356	0	353	356	354M
2656	11457	-5.349E+02	0.983	4.937E-233	0	353	356	0	353	356	354M
2657	2666	-4.085E+02	1.00	3.877E-178	0	267	269	0	267	269	268M
2657	7662	-3.080E+02	0.780	1.794E-134	0	266	269	0	266	269	22M2I11M2D232M
2657	11453	-3.080E+02	0.780	1.794E-134	0	266	269	0	266	269	22M2I11M2D232M
2658	2665	-1.904E+02	1.00	2.065E-83	0	137	139	0	137	139	138M
2658	7656	-1.759E+02	0.905	4.198E-77	0	137	139	0	137	139	138M
2658	11459	-1.759E+02	0.905	4.198E-77	0	137	139	0	137	139	138M
2659	2664	-3.570E+02	1.00	8.912E-156	0	229	231	0	229	231	230M
2659	7655	-3.466E+02	0.965	2.948E-151	0	229	231	0	229	231	230M
2659	11460	-3.466E+02	0.965	2.948E-151	0	229	231	0	229	231	230M
2660	2663	-6.068E+02	1.00	2.946E-264	0	400	402	0	400	402	401M
2660	7654	-5.917E+02	0.975	1.089E-257	0	400	402	0	400	402	401M
2660	11461	-5.917E+02	0.975	1.089E-257	0	400	402	0	400	402	401M
2661	2662	-2.760E+02	1.00	1.327E-120	0	181	183	0	181	183	182M
2661	7653	-2.726E+02	0.989	4.267E-119	0	181	183	0	181	183	182M
2661	11462	-2.726E+02	0.989	4.267E-119	0	181	183	0	181	183	182M
2662	2661	-2.760E+02	1.00	1.327E-120	0	181	183	0	181	183	182M
2662	7653	-2.726E+02	0.989	4.267E-119	0	181	183	0	181	183	182M
2662	11462	-2.726E+02	0.989	4.267E-119	0	181	183	0	181	183	182M
2663	2660	-6.068E+02	1.00	2.946E-264	0	400	402	0	400	402	401M
2663	7654	-5.917E+02	0.975	1.089E-257	0	400	402	0	400	402	401M
2663	11461	-5.917E+02	0.975	1.089E-257	0	400	402	0	400	402	401M
2664	2659	-3.570E+02	1.00	8.912E-156	0	229	231	0	229	231	230M
2664	7655	-3.466E+02	0.965	2.948E-151	0	229	231	0	229	231	230M
2664	11460	-3.466E+02	0.965	2.948E-151	0	229	231	0	229	231	230M
2665	2658	-1.904E+02	1.00	2.065E-83	0	137	139	0	137	139	138M
2665	7656	-1.759E+02	0.905	4.198E-77	0	137	139	0	137	139	138M
2665	11459	-1.759E+02	0.905	4.198E-77	0	137	139	0	137	139	138M
2666	2657	-4.085E+02	1.00	3.877E-178	0	267	269	0	267	269	268M
2666	7662	-3.080E+02	0.780	1.794E-134	0	266	269	0	266	269	22M2I11M2D232M
2666	11453	-3.080E+02	0.780	1.794E-134	0	266	269	0	266	269	22M2I11M2D232M
2667	2656	-5.440E+02	1.00	5.306E-237	0	354	356	0	354	356	355M
2667	7658	-5.349E+02	0.983	4.937E-233	0	353	356	0	353	356	354M
2667	11457	-5.349E+02	0.983	4.937E-233	0	353	356	0	353	356	354M
2668	2655	-6.280E+02	1.00	1.783E-273	0	411	413	0	411	413	412M
2668	7659	-6.170E+02	0.990	1.096E-268	0	407	413	0	407	415	408M
2668	11456	-6.170E+02	0.990	1.096E-268	0	407	413	0	407	415	408M
2669	2669	-3.511E+02	1.00	3.243E-153	0	228	229	0	228	229	229M
2669	6656	-6.426E+01	0.303	1.238E-28	5	224	229	85	298	302	95M1I11M4I9M1I65M1I7M1D26M
2669	8809	-6.426E+01	0.303	1.238E-28	5	224	229	85	298	302	95M1I11M4I9M1I65M1I7M1D26M
2670	2670	-7.084E+02	1.00	0.000E+00	0	559	560	0	559	560	560M
2670	6113	-7.084E+02	0.987	0.000E+00	0	558	560	0	558	560	559M
2670	10473	-7.084E+02	0.987	0.000E+00	0	558	560	0	558	560	559M
2671	2671	-4.284E+02	1.00	8.843E-187	0	294	295	0	294	295	295M
2671	6114	-4.139E+02	0.969	1.750E-180	0	293	295	0	293	295	294M
2671	10474	-4.139E+02	0.969	1.750E-180	0	293	295	0	293	295	294M
2672	2672	-1.433E+02	1.00	5.757E-63	0	99	100	0	99	100	100M
2672	6115	-1.424E+02	0.989	1.486E-62	0	98	100	0	98	100	99M
2672	10475	-1.424E+02	0.989	1.486E-62	0	98	100	0	98	100	99M
2673	2673	-4.094E+02	1.00	1.622E-178	0	283	284	0	283	284	284M
2673	6116	-3.987E+02	0.978	7.313E-174	0	281	284	0	281	284	282M
2673	10476	-3.987E+02	0.978	7.313E-174	0	281	284	0	281	284	282M
2674	2674	-4.012E+02	1.00	5.538E-175	0	275	276	0	275	276	276M
2674	6117	-3.896E+02	0.970	6.434E-170	0	273	276	0	273	276	274M
2674	10477	-3.896E+02	0.970	6.434E-170	0	273	276	0	273	276	274M
2675	2675	-2.998E+02	1.00	6.434E-131	0	200	201	0	200	201	201M
2675	6118	-2.786E+02	0.935	9.701E-122	0	199	201	0	199	201	200M
2675	10478	-2.786E+02	0.935	9.701E-122	0	199	201	0	199	201	200M
2676	2676	-4.562E+02	1.00	7.186E-199	0	312	313	0	312	313	313M
2676	6119	-4.320E+02	0.948	2.482E-188	0	311	313	0	311	313	312M
2676	10479	-4.320E+02	0.948	2.482E-188	0	311	313	0	311	313	312M
2677	2677	-1.872E+02	1.00	5.093E-82	0	139	140	0	139	140	140M
2677	6120	-1.875E+02	1.00	3.714E-82	0	138	140	0	138	140	139M
2677	10480	-1.875E+02	1.00	3.714E-82	0	138	140	0	138	140	139M
2678	2678	-3.584E+02	1.00	2.217E-156	0	254	255	0	254	255	255M
2678	6121	-3.587E+02	1.00	1.618E-156	0	253	255	0	253	255	254M
2678	10481	-3.587E+02	1.00	1.618E-156	0	253	255	0	253	255	254M
2679	2679	-4.443E+02	1.00	1.128E-193	0	305	306	0	305	306	306M
2679	6122	-4.408E+02	0.993	3.614E-192	0	304	306	0	304	306	305M
2679	10482	-4.408E+02	0.993	3.614E-192	0	304	306	0	304	306	305M
2680	2680	-7.301E+02	1.00	8.060E-318	0	472	473	0	472	473	473M
2680	6123	-7.216E+02	0.987	3.983E-314	0	471	473	0	471	473	472M
2680	10483	-7.216E+02	0.987	3.983E-314	0	471	473	0	471	473	472M
2681	2681	-4.917E+01	1.00	4.415E-22	0	44	45	0	44	45	45M
2681	6124	-4.949E+01	1.00	3.213E-22	0	43	45	0	43	45	44M
2681	10484	-4.949E+01	1.00	3.213E-22	0	43	45	0	43	45	44M
2682	2682	-5.104E+02	1.00	2.249E-222	0	334	335	0	334	335	335M
2682	6125	-5.107E+02	1.00	1.641E-222	0	333	335	0	333	335	334M
2682	10485	-5.107E+02	1.00	1.641E-222	0	333	335	0	333	335	334M
2683	2683	-7.084E+02	1.00	0.000E+00	0	481	482	0	481	482	482M
2683	6126	-7.084E+02	0.997	0.000E+00	0	480	482	0	480	482	481M
2683	10486	-7.084E+02	0.997	0.000E+00	0	480	482	0	480	482	481M
2684	2684	-7.272E+01	1.00	2.622E-32	0	55	56	0	55	56	56M
2684	8032	-6.606E+01	0.928	2.047E-29	0	55	56	462	517	530	56M
2684	11873	-6.606E+01	0.928	2.047E-29	0	55	56	462	517	530	56M
2685	2685	-6.286E+02	1.00	1.042E-273	0	414	415	0	414	415	415M
2685	8031	-6.248E+02	0.992	4.569E-272	0	413	415	0	413	415	414M
2685	11874	-6.248E+02	0.992	4.569E-272	0	413	415	0	413	415	414M
2686	2686	-7.084E+02	1.00	0.000E+00	0	704	705	0	704	705	705M
2686	8030	-7.084E+02	0.988	0.000E+00	0	703	705	0	703	705	704M
2686	11875	-7.084E+02	0.988	0.000E+00	0	703	705	0	703	705	704M
2687	2687	-3.335E+02	1.00	1.422E-145	0	220	221	0	220	221	221M
2687	8029	-3.338E+02	1.00	1.038E-145	0	219	221	0	219	221	220M
2687	11876	-3.338E+02	1.00	1.038E-145	0	219	221	0	219	221	220M
2688	2688	-5.424E+02	1.00	2.875E-236	0	344	345	0	344	345	345M
2688	8028	-5.427E+02	1.00	2.098E-236	0	343	345	0	343	345	344M
2688	11877	-5.427E+02	1.00	2.098E-236	0	343	345	0	343	345	344M
2689	2689	-6.141E+02	1.00	1.977E-267	0	420	421	0	420	421	421M
2689	8027	-6.128E+02	0.997	6.970E-267	0	419	421	0	419	421	420M
2689	11878	-6.128E+02	0.997	6.970E-267	0	419	421	0	419	421	420M
2690	2690	-7.001E+02	1.00	8.794E-305	0	447	448	0	447	448	448M
2690	8026	-7.004E+02	1.00	6.418E-305	0	446	448	0	446	448	447M
2690	11879	-7.004E+02	1.00	6.418E-305	0	446	448	0	446	448	447M
2691	2691	-7.084E+02	1.00	0.000E+00	0	676	677	0	676	677	677M
2691	8025	-7.084E+02	0.988	0.000E+00	0	675	677	0	675	677	676M
2691	11880	-7.084E+02	0.988	0.000E+00	0	675	677	0	675	677	676M
2692	2692	-6.077E+02	1.00	1.200E-264	0	402	403	0	402	403	403M
2692	6138	-8.084E+01	0.301	7.810E-36	21	398	403	40	414	428	32M1I73M2I34M4D38M2D13M1I15M6I46M2D34M1D36M1D4M2I8M1I32M
2692	8890	-8.084E+01	0.301	7.810E-36	21	398	403	40	414	428	32M1I73M2I34M4D38M2D13M1I15M6I46M2D34M1D36M1D4M2I8M1I32M
2693	2693	-1.529E+02	1.00	4.087E-67	0	117	118	0	117	118	118M
2694	2694	-2.720E+02	1.00	7.783E-119	0	188	189	0	188	189	189M
2694	6508	-2.644E+02	0.973	1.511E-115	0	187	189	0	187	189	188M
2694	10611	-2.644E+02	0.973	1.511E-115	0	187	189	0	187	189	188M
2695	2695	-5.467E+02	1.00	3.805E-238	0	400	401	0	400	401	401M
2695	6509	-5.467E+02	0.997	3.805E-238	0	399	401	0	399	401	400M
2695	10610	-5.467E+02	0.997	3.805E-238	0	399	401	0	399	401	400M
2696	2696	-2.299E+02	1.00	1.420E-100	0	150	151	0	150	151	151M
2697	2697	-7.199E+02	1.00	2.239E-313	0	455	456	0	455	456	456M
2698	2698	-4.308E+02	1.00	7.894E-188	0	303	304	0	303	304	304M
2698	7183	-1.653E+02	0.404	1.684E-72	0	289	304	0	286	303	137M1D6M5I65M1D77M
2698	11063	-1.653E+02	0.404	1.684E-72	0	289	304	0	286	303	137M1D6M5I65M1D77M
2699	2699	-3.583E+02	1.00	2.370E-156	0	242	243	0	242	243	243M
2700	2700	-3.384E+02	1.00	1.038E-147	0	236	237	0	236	237	237M
2700	5506	-3.347E+02	0.987	4.563E-146	0	235	237	0	235	237	236M
2700	9566	-3.347E+02	0.987	4.563E-146	0	235	237	0	235	237	236M
2701	2701	-7.084E+02	1.00	0.000E+00	0	566	567	0	566	567	567M
2701	5505	-7.084E+02	0.998	0.000E+00	0	565	567	0	565	567	566M
2701	9565	-7.084E+02	0.998	0.000E+00	0	565	567	0	565	567	566M
2702	2702	-3.896E+02	1.00	6.354E-170	0	268	269	0	268	269	269M
2702	5504	-3.842E+02	0.985	1.350E-167	0	267	269	0	267	269	268M
2702	9564	-3.842E+02	0.985	1.350E-167	0	267	269	0	267	269	268M
2703	2703	-2.910E+02	1.00	4.074E-127	0	205	206	0	205	206	206M
2703	5503	-2.888E+02	0.995	3.706E-126	0	204	206	0	204	206	205M
2703	9563	-2.888E+02	0.995	3.706E-126	0	204	206	0	204	206	205M
2704	2704	-4.274E+02	1.00	2.500E-186	0	296	297	0	296	297	297M
2704	5500	-4.192E+02	0.976	9.050E-183	0	294	297	0	294	301	295M
2704	9560	-4.192E+02	0.976	9.050E-183	0	294	297	0	294	301	295M
2705	2705	-2.712E+02	1.00	1.658E-118	0	184	185	0	184	185	185M
2705	5499	-2.655E+02	0.978	4.852E-116	0	183	185	0	183	185	184M
2705	9559	-2.655E+02	0.978	4.852E-116	0	183	185	0	183	185	184M
2706	2706	-2.637E+02	1.00	2.959E-115	0	169	170	0	169	170	170M
2707	2707	-6.605E+01	1.00	2.059E-29	0	49	50	0	49	50	50M
2708	2713	-4.346E+02	1.00	1.777E-189	0	295	297	0	295	297	296M
2708	4898	-4.346E+02	1.00	1.777E-189	0	295	297	0	295	297	296M
2708	8697	-4.346E+02	1.00	1.777E-189	0	295	297	0	295	297	296M
2709	2709	-7.084E+02	1.00	0.000E+00	0	729	730	0	729	730	730M
2709	4899	-7.084E+02	0.997	0.000E+00	0	728	730	0	728	730	729M
2709	8698	-7.084E+02	0.997	0.000E+00	0	728	730	0	728	730	729M
2710	2711	-7.084E+02	1.00	0.000E+00	0	781	783	0	781	783	782M
2710	4900	-7.084E+02	0.998	0.000E+00	0	781	783	0	781	783	782M
2710	8699	-7.084E+02	0.998	0.000E+00	0	781	783	0	781	783	782M
2711	2710	-7.084E+02	1.00	0.000E+00	0	781	783	0	781	783	782M
2711	4900	-7.084E+02	0.998	0.000E+00	0	781	783	0	781	783	782M
2711	8699	-7.084E+02	0.998	0.000E+00	0	781	783	0	781	783	782M
2712	2709	-7.084E+02	1.00	0.000E+00	0	728	730	0	728	730	729M
2712	4899	-7.084E+02	0.997	0.000E+00	0	728	730	0	728	730	729M
2712	8698	-7.084E+02	0.997	0.000E+00	0	728	730	0	728	730	729M
2713	2708	-4.346E+02	1.00	1.777E-189	0	295	297	0	295	297	296M
2713	4898	-4.346E+02	1.00	1.777E-189	0	295	297	0	295	297	296M
2713	8697	-4.346E+02	1.00	1.777E-189	0	295	297	0	295	297	296M
2714	2714	-7.084E+02	1.00	0.000E+00	0	810	811	0	810	811	811M
2714	4718	-7.084E+02	0.996	0.000E+00	0	809	811	0	809	811	810M
2714	8517	-7.084E+02	0.996	0.000E+00	0	809	811	0	809	811	810M
2715	2715	-7.084E+02	1.00	0.000E+00	0	684	685	0	684	685	685M
2715	4719	-7.084E+02	0.994	0.000E+00	0	683	685	0	683	685	684M
2715	8518	-7.084E+02	0.994	0.000E+00	0	683	685	0	683	685	684M
2716	2716	-1.012E+02	1.00	1.177E-44	0	69	70	0	69	70	70M
2716	4720	-9.988E+01	0.985	4.174E-44	0	68	70	0	68	70	69M
2716	8519	-9.988E+01	0.985	4.174E-44	0	68	70	0	68	70	69M
2717	2717	-1.691E+02	1.00	3.714E-74	0	128	129	0	128	129	129M
2717	4721	-1.568E+02	0.991	8.313E-69	0	119	129	0	119	144	120M
2717	8520	-1.568E+02	0.991	8.313E-69	0	119	129	0	119	144	120M
2718	2718	-7.084E+02	1.00	0.000E+00	0	731	732	0	731	732	732M
2718	4722	-7.084E+02	0.997	0.000E+00	0	730	732	0	730	732	731M
2718	8521	-7.084E+02	0.997	0.000E+00	0	730	732	0	730	732	731M
2719	2719	-2.921E+02	1.00	1.325E-127	0	188	189	0	188	189	189M
2719	4723	-2.906E+02	0.994	6.418E-127	0	187	189	0	187	189	188M
2719	8522	-2.906E+02	0.994	6.418E-127	0	187	189	0	187	189	188M
2720	2720	-5.403E+02	1.00	2.249E-235	0	361	362	0	361	362	362M
2720	4724	-5.406E+02	1.00	1.641E-235	0	360	362	0	360	362	361M
2720	8523	-5.406E+02	1.00	1.641E-235	0	360	362	0	360	362	361M
2721	2721	-3.227E+01	1.00	9.667E-15	0	33	34	0	33	34	34M
2721	4725	-3.259E+01	1.00	7.030E-15	0	32	34	0	32	34	33M
2721	8524	-3.259E+01	1.00	7.030E-15	0	32	34	0	32	34	33M
2722	2722	-1.314E+02	1.00	8.200E-58	0	96	97	0	96	97	97M
2722	4726	-1.229E+02	0.947	4.185E-54	0	95	97	0	95	97	96M
2722	8525	-1.229E+02	0.947	4.185E-54	0	95	97	0	95	97	96M
2723	2723	-1.216E+02	1.00	1.624E-53	0	85	86	0	85	86	86M
2723	4727	-1.219E+02	1.00	1.183E-53	0	84	86	0	84	86	85M
2723	8526	-1.219E+02	1.00	1.183E-53	0	84	86	0	84	86	85M
2724	2724	-6.023E+02	1.00	2.725E-262	0	390	391	0	390	391	391M
2724	4728	-6.016E+02	0.997	5.118E-262	0	389	391	0	389	391	390M
2724	8527	-6.016E+02	0.997	5.118E-262	0	389	391	0	389	391	390M
2725	2725	-1.065E+02	1.00	5.336E-47	0	75	76	0	75	76	76M
2726	2726	-7.084E+02	1.00	0.000E+00	0	1007	1008	0	1007	1008	1008M
2727	2727	-3.397E+02	1.00	3.081E-148	0	217	218	0	217	218	218M
2728	2728	-4.386E+02	1.00	3.307E-191	0	285	286	0	285	286	286M
2729	2729	-7.084E+02	1.00	0.000E+00	0	605	606	0	605	606	606M
2730	2730	-3.617E+02	1.00	8.339E-158	0	258	259	0	258	259	259M
2731	2731	-2.266E+02	1.00	3.867E-99	0	140	141	0	140	141	141M
2732	2732	-7.084E+02	1.00	0.000E+00	0	829	830	0	829	830	830M
2733	2733	-1.842E+02	1.00	1.016E-80	0	129	130	0	129	130	130M
2733	5153	-1.826E+02	0.992	4.927E-80	0	128	130	0	128	130	129M
2733	9213	-1.826E+02	0.992	4.927E-80	0	128	130	0	128	130	129M
2734	2734	-2.773E+02	1.00	3.581E-121	0	181	182	0	181	182	182M
2734	8061	-2.584E+02	0.917	5.964E-113	0	180	182	0	180	182	181M
2734	11844	-2.584E+02	0.917	5.964E-113	0	180	182	0	180	182	181M
2735	2735	-4.874E+02	1.00	2.202E-212	0	334	335	0	334	335	335M
2736	2736	-5.532E+02	1.00	5.439E-241	0	354	355	0	354	355	355M
2736	5754	-5.318E+02	0.960	1.101E-231	0	353	355	44	397	399	354M
2736	9962	-5.318E+02	0.960	1.101E-231	0	353	355	44	397	399	354M
2737	2737	-7.046E+02	1.00	9.849E-307	0	452	453	0	452	453	453M
2737	5755	-7.027E+02	0.997	6.520E-306	0	451	453	0	451	453	452M
2737	9963	-7.027E+02	0.997	6.520E-306	0	451	453	0	451	453	452M
2738	2738	-3.567E+02	1.00	1.184E-155	0	236	237	0	236	237	237M
2738	5756	-3.570E+02	1.00	8.639E-156	0	235	237	0	235	237	236M
2738	9964	-3.570E+02	1.00	8.639E-156	0	235	237	0	235	237	236M
2739	2739	-3.100E+02	1.00	2.236E-135	0	223	224	0	223	224	224M
2739	5757	-3.104E+02	1.00	1.631E-135	0	222	224	0	222	224	223M
2739	9965	-3.104E+02	1.00	1.631E-135	0	222	224	0	222	224	223M
2740	2740	-4.210E+02	1.00	1.443E-183	0	277	278	0	277	278	278M
2740	5758	-4.201E+02	0.992	3.716E-183	0	276	278	0	276	278	277M
2740	9966	-4.201E+02	0.992	3.716E-183	0	276	278	0	276	278	277M
2741	2741	-6.462E+02	1.00	2.304E-281	0	455	456	0	455	456	456M
2741	5759	-6.449E+02	0.997	8.120E-281	0	454	456	0	454	456	455M
2741	9967	-6.449E+02	0.997	8.120E-281	0	454	456	0	454	456	455M
2742	2742	-6.013E+02	1.00	7.257E-262	0	384	385	0	384	385	385M
2742	5760	-5.922E+02	0.984	6.749E-258	0	383	385	0	383	385	384M
2742	9968	-5.922E+02	0.984	6.749E-258	0	383	385	0	383	385	384M
2743	2743	-6.537E+02	1.00	1.280E-284	0	436	437	0	436	437	437M
2743	5761	-6.540E+02	1.00	9.340E-285	0	435	437	0	435	437	436M
2743	9969	-6.540E+02	1.00	9.340E-285	0	435	437	0	435	437	436M
2744	2744	-2.849E+02	1.00	1.790E-124	0	187	188	0	187	188	188M
2744	5762	-2.802E+02	0.983	2.033E-122	0	186	188	0	186	188	187M
2744	9970	-2.802E+02	0.983	2.033E-122	0	186	188	0	186	188	187M
2745	2745	-2.749E+02	1.00	4.062E-120	0	179	180	0	179	180	180M
2745	5763	-2.718E+02	0.988	9.529E-119	0	178	180	0	178	180	179M
2745	9971	-2.718E+02	0.988	9.529E-119	0	178	180	0	178	180	179M
2746	2746	-7.084E+02	1.00	0.000E+00	0	525	526	0	525	526	526M
2746	5764	-7.084E+02	0.998	0.000E+00	0	524	526	0	524	526	525M
2746	9972	-7.084E+02	0.998	0.000E+00	0	524	526	0	524	526	525M
2747	2747	-2.567E+02	1.00	3.371E-112	0	171	172	0	171	172	172M
2747	5765	-2.548E+02	0.988	2.239E-111	0	170	172	0	170	172	171M
2747	9973	-2.548E+02	0.988	2.239E-111	0	170	172	0	170	172	171M
2748	2748	-7.084E+02	1.00	0.000E+00	0	572	573	0	572	573	573M
2748	6642	-7.084E+02	0.991	0.000E+00	0	571	573	182	753	755	572M
2748	8795	-7.084E+02	0.991	0.000E+00	0	571	573	182	753	755	572M
2749	2749	-3.072E+02	1.00	4.005E-134	0	258	259	0	258	259	259M
2749	6642	-2.974E+02	1.00	7.002E-130	0	210	259	0	210	755	211M
2749	8795	-2.974E+02	1.00	7.002E-130	0	210	259	0	210	755	211M
2750	2750	-3.285E+02	1.00	2.073E-143	0	212	213	0	212	213	213M
2750	6643	-3.289E+02	1.00	1.512E-143	0	211	213	0	211	213	212M
2750	8796	-3.289E+02	1.00	1.512E-143	0	211	213	0	211	213	212M
2751	2751	-3.084E+02	1.00	1.191E-134	0	205	206	0	205	206	206M
2751	6644	-3.074E+02	0.995	3.068E-134	0	204	206	0	204	206	205M
2751	8797	-3.074E+02	0.995	3.068E-134	0	204	206	0	204	206	205M
2752	2752	-7.084E+02	1.00	0.000E+00	0	558	559	0	558	559	559M
2752	6645	-7.084E+02	0.992	0.000E+00	0	557	559	0	557	559	558M
2752	8798	-7.084E+02	0.992	0.000E+00	0	557	559	0	557	559	558M
2753	2753	-5.538E+02	1.00	3.046E-241	0	335	336	0	335	336	336M
2753	6646	-5.387E+02	0.973	1.132E-234	0	334	336	0	334	336	335M
2753	8799	-5.387E+02	0.973	1.132E-234	0	334	336	0	334	336	335M
2754	2754	-7.467E+01	1.00	3.716E-33	0	54	55	0	54	55	55M
2754	6647	-7.499E+01	1.00	2.706E-33	0	53	55	0	53	55	54M
2754	8800	-7.499E+01	1.00	2.706E-33	0	53	55	0	53	55	54M
2755	2755	-7.084E+02	1.00	0.000E+00	0	515	516	0	515	516	516M
2755	6648	-7.084E+02	0.998	0.000E+00	0	514	516	0	514	516	515M
2755	8801	-7.084E+02	0.998	0.000E+00	0	514	516	0	514	516	515M
2756	2756	-6.880E+02	1.00	1.657E-299	0	444	445	0	444	445	445M
2756	6649	-6.684E+02	0.975	5.034E-291	0	443	445	0	443	445	444M
2756	8802	-6.684E+02	0.975	5.034E-291	0	443	445	0	443	445	444M
2757	2757	-7.084E+02	1.00	0.000E+00	0	543	544	0	543	544	544M
2757	6650	-7.084E+02	1.00	0.000E+00	0	542	544	0	542	544	543M
2757	8803	-7.084E+02	1.00	0.000E+00	0	542	544	0	542	544	543M
2758	2758	-2.246E+02	1.00	2.973E-98	0	143	144	0	143	144	144M
2758	5829	-2.211E+02	0.986	9.582E-97	0	142	144	9	151	153	143M
2758	10189	-2.211E+02	0.986	9.582E-97	0	142	144	9	151	153	143M
2759	2759	-5.965E+02	1.00	8.586E-260	0	385	386	0	385	386	386M
2759	5830	-5.909E+02	0.989	2.494E-257	0	384	386	0	384	386	385M
2759	10190	-5.909E+02	0.989	2.494E-257	0	384	386	0	384	386	385M
2760	2760	-5.754E+02	1.00	1.278E-250	0	392	393	0	392	393	393M
2760	5831	-5.719E+02	0.992	4.090E-249	0	391	393	0	391	393	392M
2760	10191	-5.719E+02	0.992	4.090E-249	0	391	393	0	391	393	392M
2761	2761	-2.376E+02	1.00	6.262E-104	0	160	161	0	160	161	161M
2761	5832	-2.332E+02	0.987	5.196E-102	0	159	161	0	159	161	160M
2761	10192	-2.332E+02	0.987	5.196E-102	0	159	161	0	159	161	160M
2762	2762	-3.278E+02	1.00	4.566E-143	0	222	223	0	222	223	223M
2762	5833	-3.237E+02	0.986	2.754E-141	0	221	223	0	221	223	222M
2762	10193	-3.237E+02	0.986	2.754E-141	0	221	223	0	221	223	222M
2763	2763	-4.220E+02	1.00	5.423E-184	0	283	284	0	283	284	284M
2763	5834	-4.185E+02	0.996	1.738E-182	0	282	284	0	282	284	283M
2763	10194	-4.185E+02	0.996	1.738E-182	0	282	284	0	282	284	283M
2764	2764	-4.733E+02	1.00	2.693E-206	0	317	318	0	317	318	318M
2764	5835	-4.737E+02	1.00	1.965E-206	0	316	318	0	316	318	317M
2764	10195	-4.737E+02	1.00	1.965E-206	0	316	318	0	316	318	317M
2765	2765	-2.720E+02	1.00	7.302E-119	0	200	201	0	200	201	201M
2765	5836	-2.689E+02	0.990	1.711E-117	0	199	201	0	199	201	200M
2765	10196	-2.689E+02	0.990	1.711E-117	0	199	201	0	199	201	200M
2766	2766	-4.016E+02	1.00	3.986E-175	0	268	269	0	268	269	269M
2766	5837	-4.009E+02	0.996	7.488E-175	0	267	269	0	267	269	268M
2766	10197	-4.009E+02	0.996	7.488E-175	0	267	269	0	267	269	268M
2767	2767	-6.891E+02	1.00	5.467E-300	0	454	455	0	454	455	455M
2767	5838	-6.809E+02	0.991	1.971E-296	0	453	455	0	453	455	454M
2767	10198	-6.809E+02	0.991	1.971E-296	0	453	455	0	453	455	454M
2768	2768	-5.591E+02	1.00	1.592E-243	0	364	365	0	364	365	365M
2768	5839	-5.594E+02	1.00	1.162E-243	0	363	365	0	363	365	364M
2768	10199	-5.594E+02	1.00	1.162E-243	0	363	365	0	363	365	364M
2769	2769	-7.084E+02	1.00	0.000E+00	0	892	893	0	892	893	893M
2769	5840	-7.084E+02	0.996	0.000E+00	0	891	893	0	891	893	892M
2769	10200	-7.084E+02	0.996	0.000E+00	0	891	893	0	891	893	892M
2770	2770	-1.840E+02	1.00	1.198E-80	0	139	140	0	139	140	140M
2770	6607	-1.843E+02	1.00	8.733E-81	0	138	140	0	138	140	139M
2770	10170	-1.843E+02	1.00	8.733E-81	0	138	140	0	138	140	139M
2771	2771	-6.952E+02	1.00	1.166E-302	0	464	465	0	464	465	465M
2771	6606	-6.955E+02	1.00	8.513E-303	0	463	465	0	463	465	464M
2771	10169	-6.955E+02	1.00	8.513E-303	0	463	465	0	463	465	464M
2772	2772	-4.186E+02	1.00	1.680E-182	0	289	290	0	289	290	290M
2772	6605	-4.189E+02	1.00	1.226E-182	0	288	290	0	288	290	289M
2772	10168	-4.189E+02	1.00	1.226E-182	0	288	290	0	288	290	289M
2773	2773	-7.084E+02	1.00	0.000E+00	0	514	515	0	514	515	515M
2773	6604	-7.084E+02	1.00	0.000E+00	0	513	515	0	513	515	514M
2773	10167	-7.084E+02	1.00	0.000E+00	0	513	515	0	513	515	514M
2774	2774	-2.453E+02	1.00	2.943E-107	0	178	179	0	178	179	179M
2774	6603	-2.456E+02	1.00	2.147E-107	0	177	179	0	177	179	178M
2774	10166	-2.456E+02	1.00	2.147E-107	0	177	179	0	177	179	178M
2775	2775	-1.949E+02	1.00	2.270E-85	0	156	157	0	156	157	157M
2775	6602	-1.940E+02	0.993	5.853E-85	0	155	157	0	155	157	156M
2775	10165	-1.940E+02	0.993	5.853E-85	0	155	157	0	155	157	156M
2776	2776	-9.992E+01	1.00	4.039E-44	0	81	82	0	81	82	82M
2776	6601	-1.002E+02	1.00	2.943E-44	0	80	82	0	80	82	81M
2776	10164	-1.002E+02	1.00	2.943E-44	0	80	82	0	80	82	81M
2777	2777	-4.345E+02	1.00	1.926E-189	0	291	292	0	291	292	292M
2777	6600	-4.348E+02	1.00	1.405E-189	0	290	292	0	290	292	291M
2777	10163	-4.348E+02	1.00	1.405E-189	0	290	292	0	290	292	291M
2778	2778	-1.790E+02	1.00	1.837E-78	0	132	133	0	132	133	133M
2778	6599	-1.777E+02	0.992	6.497E-78	0	131	133	0	131	133	132M
2778	10162	-1.777E+02	0.992	6.497E-78	0	131	133	0	131	133	132M
2779	2779	-4.278E+02	1.00	1.543E-186	0	279	280	0	279	280	280M
2779	6598	-4.272E+02	0.996	2.898E-186	0	278	280	0	278	280	279M
2779	10161	-4.272E+02	0.996	2.898E-186	0	278	280	0	278	280	279M
2780	2780	-2.510E+02	1.00	1.016E-109	0	165	166	0	165	166	166M
2780	6597	-2.513E+02	1.00	7.413E-110	0	164	166	0	164	166	165M
2780	10160	-2.513E+02	1.00	7.413E-110	0	164	166	0	164	166	165M
2781	2781	-3.957E+02	1.00	1.428E-172	0	259	260	0	259	260	260M
2781	6596	-3.944E+02	0.996	5.039E-172	0	258	260	0	258	260	259M
2781	10159	-3.944E+02	0.996	5.039E-172	0	258	260	0	258	260	259M
2782	2782	-3.772E+02	1.00	1.454E-164	0	269	270	0	269	270	270M
2782	6595	-3.776E+02	1.00	1.061E-164	0	268	270	0	268	270	269M
2782	10158	-3.776E+02	1.00	1.061E-164	0	268	270	0	268	270	269M
2783	2783	-2.981E+02	1.00	3.319E-130	0	208	209	0	208	209	209M
2783	6594	-2.966E+02	0.995	1.607E-129	0	207	209	0	207	209	208M
2783	10157	-2.966E+02	0.995	1.607E-129	0	207	209	0	207	209	208M
2784	2784	-4.631E+02	1.00	7.246E-202	0	306	307	0	306	307	307M
2784	6593	-4.635E+02	1.00	5.287E-202	0	305	307	0	305	307	306M
2784	10156	-4.635E+02	1.00	5.287E-202	0	305	307	0	305	307	306M
2785	2785	-1.891E+02	1.00	7.149E-83	0	131	132	0	131	132	132M
2785	6592	-1.784E+02	0.984	3.292E-78	5	130	132	21	146	148	126M
2785	10155	-1.784E+02	0.984	3.292E-78	5	130	132	21	146	148	126M
2786	2797	-2.407E+02	1.00	2.798E-105	0	160	162	0	160	162	161M
2786	7645	-2.253E+02	0.974	1.456E-98	5	160	162	70	225	227	156M
2786	11470	-2.253E+02	0.974	1.456E-98	5	160	162	70	225	227	156M
2787	2787	-7.084E+02	1.00	0.000E+00	0	612	613	0	612	613	613M
2787	7646	-7.084E+02	0.991	0.000E+00	0	611	613	0	611	613	612M
2787	11469	-7.084E+02	0.991	0.000E+00	0	611	613	0	611	613	612M
2788	2795	-7.084E+02	1.00	0.000E+00	0	479	481	0	479	481	480M
2788	7647	-7.084E+02	0.997	0.000E+00	0	479	481	0	479	481	480M
2788	11468	-7.084E+02	0.997	0.000E+00	0	479	481	0	479	481	480M
2789	2794	-4.772E+02	1.00	5.510E-208	0	307	309	0	307	309	308M
2789	7648	-4.725E+02	0.990	6.229E-206	0	307	309	0	307	309	308M
2789	11467	-4.725E+02	0.990	6.229E-206	0	307	309	0	307	309	308M
2790	2793	-3.159E+02	1.00	6.550E-138	0	212	214	0	212	214	213M
2790	7649	-3.156E+02	0.995	8.979E-138	0	212	214	0	212	214	213M
2790	11466	-3.156E+02	0.995	8.979E-138	0	212	214	0	212	214	213M
2791	2792	-1.663E+02	1.00	6.095E-73	0	113	115	0	113	115	114M
2791	7650	-1.426E+02	1.00	1.194E-62	0	97	115	0	97	99	98M
2791	11465	-1.426E+02	1.00	1.194E-62	0	97	115	0	97	99	98M
2792	2791	-1.663E+02	1.00	6.095E-73	0	113	115	0	113	115	114M
2792	7650	-1.426E+02	1.00	1.194E-62	0	97	115	0	97	99	98M
2792	11465	-1.426E+02	1.00	1.194E-62	0	97	115	0	97	99	98M
2793	2790	-3.159E+02	1.00	6.550E-138	0	212	214	0	212	214	213M
2793	7649	-3.156E+02	0.995	8.979E-138	0	212	214	0	212	214	213M
2793	11466	-3.156E+02	0.995	8.979E-138	0	212	214	0	212	214	213M
2794	2789	-4.772E+02	1.00	5.510E-208	0	307	309	0	307	309	308M
2794	7648	-4.725E+02	0.990	6.229E-206	0	307	309	0	307	309	308M
2794	11467	-4.725E+02	0.990	6.229E-206	0	307	309	0	307	309	308M
2795	2788	-7.084E+02	1.00	0.000E+00	0	479	481	0	479	481	480M
2795	7647	-7.084E+02	0.997	0.000E+00	0	479	481	0	479	481	480M
2795	11468	-7.084E+02	0.997	0.000E+00	0	479	481	0	479	481	480M
2796	2787	-7.084E+02	1.00	0.000E+00	0	611	613	0	611	613	612M
2796	7646	-7.084E+02	0.991	0.000E+00	0	611	613	0	611	613	612M
2796	11469	-7.084E+02	0.991	0.000E+00	0	611	613	0	611	613	612M
2797	2786	-2.407E+02	1.00	2.798E-105	0	160	162	0	160	162	161M
2797	7645	-2.253E+02	0.974	1.456E-98	5	160	162	70	225	227	156M
2797	11470	-2.253E+02	0.974	1.456E-98	5	160	162	70	225	227	156M
2798	2807	-5.400E+02	1.00	3.005E-235	0	346	348	0	346	348	347M
2798	5010	-5.378E+02	0.994	2.729E-234	0	346	348	0	346	348	347M
2798	9070	-5.378E+02	0.994	2.729E-234	0	346	348	0	346	348	347M
2799	2806	-5.025E+02	1.00	6.143E-219	0	327	329	0	327	329	328M
2799	5009	-5.025E+02	1.00	6.143E-219	0	327	329	0	327	329	328M
2799	9069	-5.025E+02	1.00	6.143E-219	0	327	329	0	327	329	328M
2800	2805	-5.556E+02	1.00	5.204E-242	0	350	352	0	350	352	351M
2800	5006	-5.537E+02	0.997	3.447E-241	0	350	352	0	350	352	351M
2800	9066	-5.537E+02	0.997	3.447E-241	0	350	352	0	350	352	351M
2801	2804	-4.993E+02	1.00	1.454E-217	0	334	336	0	334	336	335M
2801	5005	-4.898E+02	0.973	1.854E-213	0	334	336	0	334	336	335M
2801	9065	-4.898E+02	0.973	1.854E-213	0	334	336	0	334	336	335M
2802	2803	-7.032E+02	1.00	3.994E-306	0	454	456	0	454	456	455M
2802	5004	-7.010E+02	0.993	3.624E-305	0	454	456	0	454	456	455M
2802	9064	-7.010E+02	0.993	3.624E-305	0	454	456	0	454	456	455M
2803	2802	-7.032E+02	1.00	3.994E-306	0	454	456	0	454	456	455M
2803	5004	-7.010E+02	0.993	3.624E-305	0	454	456	0	454	456	455M
2803	9064	-7.010E+02	0.993	3.624E-305	0	454	456	0	454	456	455M
2804	2801	-4.993E+02	1.00	1.454E-217	0	334	336	0	334	336	335M
2804	5005	-4.898E+02	0.973	1.854E-213	0	334	336	0	334	336	335M
2804	9065	-4.898E+02	0.973	1.854E-213	0	334	336	0	334	336	335M
2805	2800	-5.556E+02	1.00	5.204E-242	0	350	352	0	350	352	351M
2805	5006	-5.537E+02	0.997	3.447E-241	0	350	352	0	350	352	351M
2805	9066	-5.537E+02	0.997	3.447E-241	0	350	352	0	350	352	351M
2806	2799	-5.025E+02	1.00	6.143E-219	0	327	329	0	327	329	328M
2806	5009	-5.025E+02	1.00	6.143E-219	0	327	329	0	327	329	328M
2806	9069	-5.025E+02	1.00	6.143E-219	0	327	329	0	327	329	328M
2807	2798	-5.400E+02	1.00	3.005E-235	0	346	348	0	346	348	347M
2807	5010	-5.378E+02	0.994	2.729E-234	0	346	348	0	346	348	347M
2807	9070	-5.378E+02	0.994	2.729E-234	0	346	348	0	346	348	347M
2808	2808	-6.058E+02	1.00	8.323E-264	0	403	404	0	403	404	404M
2808	6896	-5.995E+02	0.987	4.537E-261	0	402	404	0	402	404	403M
2808	11137	-5.995E+02	0.987	4.537E-261	0	402	404	0	402	404	403M
2809	2809	-6.119E+02	1.00	1.840E-266	0	407	408	0	407	408	408M
2809	6897	-6.043E+02	0.982	3.536E-263	0	406	408	0	406	408	407M
2809	11136	-6.043E+02	0.982	3.536E-263	0	406	408	0	406	408	407M
2810	2810	-7.415E+02	1.00	8.893E-323	0	470	471	0	470	471	471M
2810	6898	-7.419E+02	1.00	6.423E-323	0	469	471	0	469	471	470M
2810	11135	-7.419E+02	1.00	6.423E-323	0	469	471	0	469	471	470M
2811	2811	-4.229E+02	1.00	2.077E-184	0	276	277	0	276	277	277M
2811	6899	-4.233E+02	1.00	1.515E-184	0	275	277	0	275	277	276M
2811	11134	-4.233E+02	1.00	1.515E-184	0	275	277	0	275	277	276M
2812	2812	-4.257E+02	1.00	1.276E-185	0	277	278	0	277	278	278M
2812	6900	-4.248E+02	0.996	3.284E-185	0	276	278	0	276	278	277M
2812	11133	-4.248E+02	0.996	3.284E-185	0	276	278	0	276	278	277M
2813	2813	-5.257E+02	1.00	4.812E-229	0	356	357	0	356	357	357M
2813	6901	-5.147E+02	0.980	2.963E-224	0	355	357	0	355	357	356M
2813	11132	-5.147E+02	0.980	2.963E-224	0	355	357	0	355	357	356M
2814	2814	-3.023E+02	1.00	4.916E-132	0	219	220	0	219	220	220M
2814	6902	-3.023E+02	0.995	4.916E-132	0	218	220	0	218	220	219M
2814	11131	-3.023E+02	0.995	4.916E-132	0	218	220	0	218	220	219M
2815	2815	-5.465E+02	1.00	4.526E-238	0	363	364	0	363	364	364M
2815	6903	-5.468E+02	1.00	3.302E-238	0	362	364	0	362	364	363M
2815	11130	-5.468E+02	1.00	3.302E-238	0	362	364	0	362	364	363M
2816	2816	-2.465E+02	1.00	9.008E-108	0	173	174	0	173	174	174M
2816	6904	-2.399E+02	0.971	6.799E-105	0	172	174	0	172	174	173M
2816	11129	-2.399E+02	0.971	6.799E-105	0	172	174	0	172	174	173M
2817	2817	-3.473E+02	1.00	1.450E-151	0	235	236	0	235	236	236M
2817	6905	-3.382E+02	0.978	1.357E-147	0	234	236	0	234	236	235M
2817	11128	-3.382E+02	0.978	1.357E-147	0	234	236	0	234	236	235M
2818	2818	-1.472E+02	1.00	1.238E-64	0	111	112	0	111	112	112M
2818	6906	-1.459E+02	0.990	4.383E-64	0	110	112	0	110	112	111M
2818	11127	-1.459E+02	0.990	4.383E-64	0	110	112	0	110	112	111M
2819	2819	-2.274E+02	1.00	1.726E-99	0	156	157	0	156	157	157M
2819	6907	-2.277E+02	1.00	1.259E-99	0	155	157	0	155	157	156M
2819	11126	-2.277E+02	1.00	1.259E-99	0	155	157	0	155	157	156M
2820	2820	-3.553E+02	1.00	4.886E-155	0	246	247	0	246	247	247M
2820	6908	-3.503E+02	0.995	7.581E-153	0	244	247	0	244	247	245M
2820	11125	-3.503E+02	0.995	7.581E-153	0	244	247	0	244	247	245M
2821	2821	-1.718E+02	1.00	2.569E-75	0	125	126	0	125	126	126M
2821	6909	-1.481E+02	0.991	4.999E-65	0	111	126	0	111	114	112M
2821	11124	-1.481E+02	0.991	4.999E-65	0	111	126	0	111	114	112M
2822	2833	-2.696E+02	1.00	8.421E-118	0	184	186	0	184	186	185M
2822	7545	-2.696E+02	1.00	8.421E-118	0	184	186	49	233	235	185M
2822	11363	-2.696E+02	1.00	8.421E-118	0	184	186	49	233	235	185M
2823	2832	-3.171E+02	1.00	1.855E-138	0	212	214	0	212	214	213M
2823	7546	-3.146E+02	0.995	2.313E-137	0	212	214	0	212	214	213M
2823	11364	-3.146E+02	0.995	2.313E-137	0	212	214	0	212	214	213M
2824	2831	-6.852E+02	1.00	2.560E-298	0	468	470	0	468	470	469M
2824	7547	-6.849E+02	0.997	3.508E-298	0	468	470	0	468	470	469M
2824	11365	-6.849E+02	0.997	3.508E-298	0	468	470	0	468	470	469M
2825	2830	-5.642E+02	1.00	9.814E-246	0	389	391	0	389	391	390M
2825	7548	-5.638E+02	0.997	1.345E-245	0	389	391	0	389	391	390M
2825	11366	-5.638E+02	0.997	1.345E-245	0	389	391	0	389	391	390M
2826	2829	-4.616E+02	1.00	3.297E-201	0	297	299	0	297	299	298M
2826	7549	-4.616E+02	1.00	3.297E-201	0	297	299	0	297	299	298M
2826	11367	-4.616E+02	1.00	3.297E-201	0	297	299	0	297	299	298M
2827	2828	-4.402E+02	1.00	6.705E-192	0	297	299	0	297	299	298M
2827	7550	-4.389E+02	1.00	2.366E-191	0	296	299	0	296	299	297M
2827	11368	-4.389E+02	1.00	2.366E-191	0	296	299	0	296	299	297M
2828	2827	-4.402E+02	1.00	6.705E-192	0	297	299	0	297	299	298M
2828	7550	-4.389E+02	1.00	2.366E-191	0	296	299	0	296	299	297M
2828	11368	-4.389E+02	1.00	2.366E-191	0	296	299	0	296	299	297M
2829	2826	-4.616E+02	1.00	3.297E-201	0	297	299	0	297	299	298M
2829	7549	-4.616E+02	1.00	3.297E-201	0	297	299	0	297	299	298M
2829	11367	-4.616E+02	1.00	3.297E-201	0	297	299	0	297	299	298M
2830	2825	-5.642E+02	1.00	9.814E-246	0	389	391	0	389	391	390M
2830	7548	-5.638E+02	0.997	1.345E-245	0	389	391	0	389	391	390M
2830	11366	-5.638E+02	0.997	1.345E-245	0	389	391	0	389	391	390M
2831	2824	-6.852E+02	1.00	2.560E-298	0	468	470	0	468	470	469M
2831	7547	-6.849E+02	0.997	3.508E-298	0	468	470	0	468	470	469M
2831	11365	-6.849E+02	0.997	3.508E-298	0	468	470	0	468	470	469M
2832	2823	-3.171E+02	1.00	1.855E-138	0	212	214	0	212	214	213M
2832	7546	-3.146E+02	0.995	2.313E-137	0	212	214	0	212	214	213M
2832	11364	-3.146E+02	0.995	2.313E-137	0	212	214	0	212	214	213M
2833	2822	-2.696E+02	1.00	8.421E-118	0	184	186	0	184	186	185M
2833	7545	-2.696E+02	1.00	8.421E-118	0	184	186	49	233	235	185M
2833	11363	-2.696E+02	1.00	8.421E-118	0	184	186	49	233	235	185M
2834	2834	-2.368E+02	1.00	1.398E-103	0	157	158	0	157	158	158M
2834	7203	-1.873E+02	0.833	4.639E-82	0	149	158	0	149	160	150M
2834	11083	-1.873E+02	0.833	4.639E-82	0	149	158	0	149	160	150M
2835	2835	-5.098E+02	1.00	3.896E-222	0	339	340	0	339	340	340M
2835	7070	-1.990E+02	0.425	3.936E-87	0	330	340	0	330	345	331M
2835	10950	-1.990E+02	0.425	3.936E-87	0	330	340	0	330	345	331M
2836	2836	-5.218E+02	1.00	2.485E-227	0	346	347	0	346	347	347M
2836	6522	-1.992E+01	0.239	2.237E-09	1	330	347	2	336	339	29M4D13M3D20M2D15M2D39M7I7M4D20M2D24M3D7M2D11M6D5M9D32M3I27M20I3M6I10M1D10M1D18M2D4M
2836	10085	-1.992E+01	0.239	2.237E-09	1	330	347	2	336	339	29M4D13M3D20M2D15M2D39M7I7M4D20M2D24M3D7M2D11M6D5M9D32M3I27M20I3M6I10M1D10M1D18M2D4M
2837	2837	-4.993E+02	1.00	1.463E-217	0	315	316	0	315	316	316M
2837	4764	-1.282E+02	0.372	2.010E-56	0	300	316	11	309	316	87M1D25M1I11M1I36M2D33M4I44M2D5M1I53M
2837	8563	-1.282E+02	0.372	2.010E-56	0	300	316	11	309	316	87M1D25M1I11M1I36M2D33M4I44M2D5M1I53M
2838	2838	-4.821E+02	1.00	4.435E-210	0	306	307	0	306	307	307M
2838	7886	-4.129E+01	0.247	1.173E-18	21	294	307	22	273	282	47M1D20M5I2M1I36M3I12M1I25M4I53M7I13M2I43M
2838	11705	-4.129E+01	0.247	1.173E-18	21	294	307	22	273	282	47M1D20M5I2M1I36M3I12M1I25M4I53M7I13M2I43M
2839	2839	-7.084E+02	1.00	0.000E+00	0	501	502	0	501	502	502M
2839	8215	-2.769E+02	0.419	5.468E-121	3	490	502	1	496	517	9M9D120M1I237M1D26M1I94M
2839	10758	-2.267E+02	0.360	3.497E-99	11	489	502	9	489	503	335M1I17M3D126M
2840	2840	-4.650E+02	1.00	1.146E-202	0	307	308	0	307	308	308M
2841	2841	-4.713E+02	1.00	2.000E-205	0	306	307	0	306	307	307M
2841	7648	-2.411E+02	0.523	1.915E-105	2	304	307	3	306	309	212M1D91M
2841	11467	-2.411E+02	0.523	1.915E-105	2	304	307	3	306	309	212M1D91M
2842	2842	-3.304E+02	1.00	3.228E-144	0	226	227	0	226	227	227M
2842	4946	-1.219E+02	0.471	1.177E-53	13	207	227	7	200	209	169M1I25M
2842	8745	-1.219E+02	0.471	1.177E-53	13	207	227	7	200	209	169M1I25M
2843	2843	-4.255E+02	1.00	1.668E-185	0	276	277	0	276	277	277M
2843	5286	-1.069E+02	0.368	3.933E-47	11	274	277	9	271	282	56M1D79M2I9M1I30M12D23M3I9M4I4M2I5M2I35M
2843	9346	-1.069E+02	0.368	3.933E-47	11	274	277	9	271	282	56M1D79M2I9M1I30M12D23M3I9M4I4M2I5M2I35M
2844	2844	-5.187E+02	1.00	5.150E-226	0	330	331	0	330	331	331M
2844	7071	-2.072E+02	0.458	1.085E-90	5	325	331	3	324	331	177M4D6M3I135M
2844	10951	-2.072E+02	0.458	1.085E-90	5	325	331	3	324	331	177M4D6M3I135M
2845	2845	-4.327E+02	1.00	1.241E-188	0	277	278	0	277	278	278M
2845	7071	-2.965E+02	0.714	1.658E-129	1	263	278	63	325	331	263M
2845	10951	-2.965E+02	0.714	1.658E-129	1	263	278	63	325	331	263M
2846	2859	-2.812E+02	1.00	7.523E-123	0	185	187	0	185	187	186M
2846	5074	-2.799E+02	0.989	2.658E-122	0	185	187	2	187	189	186M
2846	9134	-2.799E+02	0.989	2.658E-122	0	185	187	2	187	189	186M
2847	2858	-4.462E+02	1.00	1.582E-194	0	289	291	0	289	291	290M
2847	5073	-4.409E+02	0.986	3.361E-192	0	289	291	0	289	291	290M
2847	9133	-4.409E+02	0.986	3.361E-192	0	289	291	0	289	291	290M
2848	2857	-1.062E+02	1.00	7.323E-47	0	74	76	0	74	76	75M
2849	2856	-6.228E+02	1.00	3.283E-271	0	408	410	0	408	410	409M
2849	5072	-6.124E+02	0.982	1.075E-266	0	408	410	0	408	410	409M
2849	9132	-6.124E+02	0.982	1.075E-266	0	408	410	0	408	410	409M
2850	2855	-2.140E+02	1.00	1.157E-93	0	165	167	0	165	167	166M
2850	5071	-2.118E+02	0.987	1.053E-92	0	165	167	0	165	167	166M
2850	9131	-2.118E+02	0.987	1.053E-92	0	165	167	0	165	167	166M
2851	2851	-7.084E+02	1.00	0.000E+00	0	687	688	0	687	688	688M
2851	5070	-7.084E+02	0.998	0.000E+00	0	686	688	0	686	688	687M
2851	9130	-7.084E+02	0.998	0.000E+00	0	686	688	0	686	688	687M
2852	2853	-8.092E+01	1.00	7.202E-36	0	61	63	0	61	63	62M
2852	5069	-8.092E+01	1.00	7.202E-36	0	61	63	0	61	63	62M
2852	9129	-8.092E+01	1.00	7.202E-36	0	61	63	0	61	63	62M
2853	2852	-8.092E+01	1.00	7.202E-36	0	61	63	0	61	63	62M
2853	5069	-8.092E+01	1.00	7.202E-36	0	61	63	0	61	63	62M
2853	9129	-8.092E+01	1.00	7.202E-36	0	61	63	0	61	63	62M
2854	2851	-7.084E+02	1.00	0.000E+00	0	686	688	0	686	688	687M
2854	5070	-7.084E+02	0.998	0.000E+00	0	686	688	0	686	688	687M
2854	9130	-7.084E+02	0.998	0.000E+00	0	686	688	0	686	688	687M
2855	2850	-2.140E+02	1.00	1.157E-93	0	165	167	0	165	167	166M
2855	5071	-2.118E+02	0.987	1.053E-92	0	165	167	0	165	167	166M
2855	9131	-2.118E+02	0.987	1.053E-92	0	165	167	0	165	167	166M
2856	2849	-6.228E+02	1.00	3.283E-271	0	408	410	0	408	410	409M
2856	5072	-6.124E+02	0.982	1.075E-266	0	408	410	0	408	410	409M
2856	9132	-6.124E+02	0.982	1.075E-266	0	408	410	0	408	410	409M
2857	2848	-1.062E+02	1.00	7.323E-47	0	74	76	0	74	76	75M
2858	2847	-4.462E+02	1.00	1.582E-194	0	289	291	0	289	291	290M
2858	5073	-4.409E+02	0.986	3.361E-192	0	289	291	0	289	291	290M
2858	9133	-4.409E+02	0.986	3.361E-192	0	289	291	0	289	291	290M
2859	2846	-2.812E+02	1.00	7.523E-123	0	185	187	0	185	187	186M
2859	5074	-2.799E+02	0.989	2.658E-122	0	185	187	2	187	189	186M
2859	9134	-2.799E+02	0.989	2.658E-122	0	185	187	2	187	189	186M
2860	2860	-5.041E+02	1.00	1.132E-219	0	339	340	0	339	340	340M
2860	5890	-4.959E+02	0.979	4.094E-216	0	339	340	0	339	343	340M
2860	10250	-4.959E+02	0.979	4.094E-216	0	339	340	0	339	343	340M
2861	2870	-3.572E+02	1.00	7.149E-156	0	231	233	0	231	233	232M
2861	5889	-3.465E+02	0.969	3.240E-151	0	231	233	0	231	233	232M
2861	10249	-3.465E+02	0.969	3.240E-151	0	231	233	0	231	233	232M
2862	2869	-4.825E+02	1.00	2.758E-210	0	315	317	0	315	317	316M
2862	5888	-4.765E+02	0.987	1.099E-207	0	315	317	0	315	317	316M
2862	10248	-4.765E+02	0.987	1.099E-207	0	315	317	0	315	317	316M
2863	2868	-2.308E+02	1.00	6.063E-101	0	151	153	0	151	153	152M
2863	5887	-2.308E+02	1.00	6.063E-101	0	151	153	0	151	153	152M
2863	10247	-2.308E+02	1.00	6.063E-101	0	151	153	0	151	153	152M
2864	2867	-2.091E+02	1.00	1.482E-91	0	141	143	0	141	143	142M
2864	5886	-2.016E+02	0.978	2.895E-88	0	141	143	1	142	144	142M
2864	10246	-2.016E+02	0.978	2.895E-88	0	141	143	1	142	144	142M
2865	2866	-6.156E+02	1.00	4.444E-268	0	414	416	0	414	416	415M
2865	5884	-5.838E+02	0.956	2.920E-254	0	414	416	0	413	415	43M1I371M
2865	10244	-5.838E+02	0.956	2.920E-254	0	414	416	0	413	415	43M1I371M
2866	2865	-6.156E+02	1.00	4.444E-268	0	414	416	0	414	416	415M
2866	5884	-5.838E+02	0.956	2.920E-254	0	414	416	0	413	415	43M1I371M
2866	10244	-5.838E+02	0.956	2.920E-254	0	414	416	0	413	415	43M1I371M
2867	2864	-2.091E+02	1.00	1.482E-91	0	141	143	0	141	143	142M
2867	5886	-2.016E+02	0.978	2.895E-88	0	141	143	1	142	144	142M
2867	10246	-2.016E+02	0.978	2.895E-88	0	141	143	1	142	144	142M
2868	2863	-2.308E+02	1.00	6.063E-101	0	151	153	0	151	153	152M
2868	5887	-2.308E+02	1.00	6.063E-101	0	151	153	0	151	153	152M
2868	10247	-2.308E+02	1.00	6.063E-101	0	151	153	0	151	153	152M
2869	2862	-4.825E+02	1.00	2.758E-210	0	315	317	0	315	317	316M
2869	5888	-4.765E+02	0.987	1.099E-207	0	315	317	0	315	317	316M
2869	10248	-4.765E+02	0.987	1.099E-207	0	315	317	0	315	317	316M
2870	2861	-3.572E+02	1.00	7.149E-156	0	231	233	0	231	233	232M
2870	5889	-3.465E+02	0.969	3.240E-151	0	231	233	0	231	233	232M
2870	10249	-3.465E+02	0.969	3.240E-151	0	231	233	0	231	233	232M
2871	2860	-5.041E+02	1.00	1.132E-219	0	339	340	0	339	340	340M
2871	5890	-4.959E+02	0.979	4.094E-216	0	339	340	0	339	343	340M
2871	10250	-4.959E+02	0.979	4.094E-216	0	339	340	0	339	343	340M
2872	2872	-7.084E+02	1.00	0.000E+00	0	794	795	0	794	795	795M
2872	5306	-7.084E+02	0.992	0.000E+00	0	794	795	0	794	810	795M
2872	9366	-7.084E+02	0.992	0.000E+00	0	794	795	0	794	810	795M
2873	2873	-6.970E+02	1.00	1.935E-303	0	439	440	0	439	440	440M
2873	5305	-6.825E+02	0.981	3.808E-297	0	438	440	0	438	440	439M
2873	9365	-6.825E+02	0.981	3.808E-297	0	438	440	0	438	440	439M
2874	2874	-7.444E+02	1.00	4.941E-324	0	483	484	0	483	484	484M
2874	5304	-7.343E+02	0.983	1.193E-319	0	482	484	0	482	484	483M
2874	9364	-7.343E+02	0.983	1.193E-319	0	482	484	0	482	484	483M
2875	2875	-3.879E+02	1.00	3.416E-169	0	277	278	0	277	278	278M
2875	5303	-3.835E+02	0.989	2.818E-167	0	276	278	0	276	278	277M
2875	9363	-3.835E+02	0.989	2.818E-167	0	276	278	0	276	278	277M
2876	2876	-3.240E+02	1.00	2.039E-141	0	209	210	0	209	210	210M
2876	5302	-3.243E+02	1.00	1.487E-141	0	208	210	0	208	210	209M
2876	9362	-3.243E+02	1.00	1.487E-141	0	208	210	0	208	210	209M
2877	2877	-3.883E+02	1.00	2.212E-169	0	241	242	0	241	242	242M
2877	5301	-3.877E+02	0.995	4.155E-169	0	240	242	0	240	242	241M
2877	9361	-3.877E+02	0.995	4.155E-169	0	240	242	0	240	242	241M
2878	2878	-2.028E+02	1.00	8.826E-89	0	137	138	0	137	138	138M
2878	5300	-2.031E+02	1.00	6.436E-89	0	136	138	0	136	138	137M
2878	9360	-2.031E+02	1.00	6.436E-89	0	136	138	0	136	138	137M
2879	2879	-6.738E+02	1.00	2.403E-293	0	451	452	0	451	452	452M
2879	5299	-6.741E+02	1.00	1.754E-293	0	450	452	0	450	452	451M
2879	9359	-6.741E+02	1.00	1.754E-293	0	450	452	0	450	452	451M
2880	2880	-3.924E+02	1.00	3.671E-171	0	261	262	0	261	262	262M
2880	5298	-3.795E+02	0.973	1.508E-165	0	260	262	0	260	262	261M
2880	9358	-3.795E+02	0.973	1.508E-165	0	260	262	0	260	262	261M
2881	2881	-6.650E+02	1.00	1.626E-289	0	451	452	0	451	452	452M
2881	5297	-6.583E+02	0.986	1.213E-286	0	450	452	0	450	452	451M
2881	9357	-6.583E+02	0.986	1.213E-286	0	450	452	0	450	452	451M
2882	2882	-4.079E+02	1.00	7.141E-178	0	281	282	0	281	282	282M
2882	5296	-4.038E+02	0.989	4.299E-176	0	280	282	122	402	404	281M
2882	9356	-4.038E+02	0.989	4.299E-176	0	280	282	122	402	404	281M
2883	2883	-2.956E+02	1.00	4.004E-129	0	194	195	0	194	195	195M
2884	2884	-4.161E+02	1.00	1.880E-181	0	280	281	0	280	281	281M
2884	7731	-4.016E+02	0.960	3.726E-175	0	279	281	0	279	281	280M
2884	11517	-4.016E+02	0.960	3.726E-175	0	279	281	0	279	281	280M
2885	2885	-4.228E+02	1.00	2.425E-184	0	286	287	0	286	287	287M
2885	7732	-4.140E+02	0.972	1.650E-180	0	285	287	0	285	287	286M
2885	11516	-4.140E+02	0.972	1.650E-180	0	285	287	0	285	287	286M
2886	2886	-5.341E+02	1.00	1.143E-232	0	346	347	0	346	347	347M
2886	7733	-4.528E+02	0.967	2.302E-197	42	345	347	0	303	305	304M
2886	11515	-4.528E+02	0.967	2.302E-197	42	345	347	0	303	305	304M
2887	2887	-5.223E+02	1.00	1.435E-227	0	341	342	0	341	342	342M
2887	7734	-5.207E+02	0.997	6.937E-227	0	340	342	9	349	351	341M
2887	11514	-5.207E+02	0.997	6.937E-227	0	340	342	9	349	351	341M
2888	2888	-5.080E+02	1.00	2.431E-221	0	331	332	0	331	332	332M
2888	7735	-5.083E+02	1.00	1.774E-221	0	330	332	0	330	332	331M
2888	11513	-5.083E+02	1.00	1.774E-221	0	330	332	0	330	332	331M
2889	2889	-5.291E+02	1.00	1.575E-230	0	357	358	0	357	358	358M
2889	7736	-5.203E+02	0.985	1.069E-226	0	356	358	0	356	358	357M
2889	11512	-5.203E+02	0.985	1.069E-226	0	356	358	0	356	358	357M
2890	2890	-3.704E+02	1.00	1.370E-161	0	247	248	0	247	248	248M
2890	7737	-3.682E+02	0.983	1.245E-160	0	246	248	0	246	248	247M
2890	11511	-3.682E+02	0.983	1.245E-160	0	246	248	0	246	248	247M
2891	2891	-5.724E+02	1.00	2.623E-249	0	396	397	0	396	397	397M
2891	7738	-5.683E+02	0.992	1.575E-247	0	395	397	0	395	397	396M
2891	11510	-5.683E+02	0.992	1.575E-247	0	395	397	0	395	397	396M
2892	2892	-7.084E+02	1.00	0.000E+00	0	1036	1037	0	1036	1037	1037M
2892	7739	-7.084E+02	0.994	0.000E+00	0	1035	1037	0	1035	1037	1036M
2892	11509	-7.084E+02	0.994	0.000E+00	0	1035	1037	0	1035	1037	1036M
2893	2893	-5.771E+02	1.00	2.436E-251	0	397	398	0	397	398	398M
2893	5949	-5.749E+02	0.994	2.210E-250	0	396	398	0	396	398	397M
2893	10309	-5.749E+02	0.994	2.210E-250	0	396	398	0	396	398	397M
2894	2894	-3.839E+02	1.00	1.826E-167	0	261	262	0	261	262	262M
2894	5948	-3.830E+02	0.996	4.702E-167	0	260	262	0	260	262	261M
2894	10308	-3.830E+02	0.996	4.702E-167	0	260	262	0	260	262	261M
2895	2895	-5.341E+02	1.00	1.075E-232	0	338	339	0	338	339	339M
2895	5947	-5.247E+02	0.982	1.373E-228	0	337	339	0	337	339	338M
2895	10307	-5.247E+02	0.982	1.373E-228	0	337	339	0	337	339	338M
2896	2896	-2.534E+02	1.00	8.539E-111	0	166	167	0	166	167	167M
2896	5946	-2.490E+02	0.987	7.083E-109	0	165	167	0	165	167	166M
2896	10306	-2.490E+02	0.987	7.083E-109	0	165	167	0	165	167	166M
2897	2897	-7.084E+02	1.00	0.000E+00	0	491	492	0	491	492	492M
2897	5945	-7.084E+02	0.995	0.000E+00	31	490	492	0	459	461	460M
2897	10305	-7.084E+02	0.995	0.000E+00	31	490	492	0	459	461	460M
2898	2898	-4.767E+02	1.00	9.233E-208	0	319	320	0	319	320	320M
2898	5944	-4.758E+02	1.00	2.377E-207	0	317	320	0	317	320	318M
2898	10304	-4.758E+02	1.00	2.377E-207	0	317	320	0	317	320	318M
2899	2899	-8.208E+01	1.00	2.245E-36	0	64	65	0	64	65	65M
2899	5943	-8.240E+01	1.00	1.635E-36	0	63	65	0	63	65	64M
2899	10303	-8.240E+01	1.00	1.635E-36	0	63	65	0	63	65	64M
2900	2900	-7.084E+02	1.00	0.000E+00	0	823	824	0	823	824	824M
2900	5942	-7.084E+02	0.980	0.000E+00	0	822	824	0	822	824	823M
2900	10302	-7.084E+02	0.980	0.000E+00	0	822	824	0	822	824	823M
2901	2901	-1.919E+02	1.00	4.590E-84	0	133	134	0	133	134	134M
2901	5941	-1.909E+02	0.992	1.184E-83	0	132	134	0	132	134	133M
2901	10301	-1.909E+02	0.992	1.184E-83	0	132	134	0	132	134	133M
2902	2902	-2.054E+02	1.00	6.408E-90	0	135	136	0	135	136	136M
2902	5940	-1.981E+02	0.970	9.138E-87	0	133	136	0	133	136	134M
2902	10300	-1.981E+02	0.970	9.138E-87	0	133	136	0	133	136	134M
2903	2903	-1.740E+02	1.00	2.750E-76	0	118	119	0	118	119	119M
2903	5939	-1.743E+02	1.00	2.005E-76	0	117	119	0	117	119	118M
2903	10299	-1.743E+02	1.00	2.005E-76	0	117	119	0	117	119	118M
2904	2904	-4.414E+01	1.00	6.741E-20	0	37	38	0	37	38	38M
2904	6814	-4.287E+01	0.973	2.405E-19	0	37	38	96	133	155	38M
2904	10805	-4.287E+01	0.973	2.405E-19	0	37	38	96	133	155	38M
2905	2905	-7.084E+02	1.00	0.000E+00	0	594	595	0	594	595	595M
2905	6815	-7.084E+02	0.996	0.000E+00	0	593	595	0	593	595	594M
2905	10806	-7.084E+02	0.996	0.000E+00	0	593	595	0	593	595	594M
2906	2906	-7.084E+02	1.00	0.000E+00	0	477	478	0	477	478	478M
2906	6816	-7.409E+02	0.981	1.680E-322	0	476	478	0	476	478	477M
2906	10807	-7.409E+02	0.981	1.680E-322	0	476	478	0	476	478	477M
2907	2907	-7.156E+02	1.00	1.599E-311	0	479	480	0	479	480	480M
2907	6817	-7.043E+02	0.983	1.344E-306	0	478	480	0	478	480	479M
2907	10808	-7.043E+02	0.983	1.344E-306	0	478	480	0	478	480	479M
2908	2908	-7.084E+02	1.00	0.000E+00	0	613	614	0	613	614	614M
2908	6818	-7.084E+02	0.995	0.000E+00	0	612	614	0	612	614	613M
2908	10809	-7.084E+02	0.995	0.000E+00	0	612	614	0	612	614	613M
2909	2909	-7.084E+02	1.00	0.000E+00	0	636	637	0	636	637	637M
2909	6819	-7.084E+02	0.984	0.000E+00	0	635	637	0	635	637	636M
2909	10810	-7.084E+02	0.984	0.000E+00	0	635	637	0	635	637	636M
2910	2910	-4.040E+02	1.00	3.412E-176	0	256	257	0	256	257	257M
2910	6820	-3.965E+02	0.980	6.596E-173	0	255	257	0	255	257	256M
2910	10811	-3.965E+02	0.980	6.596E-173	0	255	257	0	255	257	256M
2911	2911	-3.027E+02	1.00	3.481E-132	0	205	206	0	205	206	206M
2911	6821	-2.926E+02	0.970	8.416E-128	0	204	206	0	204	206	205M
2911	10812	-2.926E+02	0.970	8.416E-128	0	204	206	0	204	206	205M
2912	2912	-7.084E+02	1.00	0.000E+00	0	625	626	0	625	626	626M
2912	6822	-7.084E+02	0.990	0.000E+00	0	625	626	0	625	770	626M
2912	10813	-7.084E+02	0.990	0.000E+00	0	625	626	0	625	770	626M
2913	2913	-4.943E+02	1.00	2.093E-215	0	320	321	0	320	321	321M
2913	7595	-4.943E+02	1.00	2.093E-215	0	320	321	0	320	375	321M
2913	11413	-4.943E+02	1.00	2.093E-215	0	320	321	0	320	375	321M
2914	2925	-2.973E+02	1.00	7.298E-130	0	197	199	0	197	199	198M
2914	7596	-2.973E+02	1.00	7.298E-130	0	197	199	0	197	199	198M
2914	11414	-2.973E+02	1.00	7.298E-130	0	197	199	0	197	199	198M
2915	2924	-1.438E+02	1.00	3.634E-63	0	108	110	0	108	110	109M
2915	7597	-1.438E+02	1.00	3.634E-63	0	108	110	0	108	110	109M
2915	11415	-1.438E+02	1.00	3.634E-63	0	108	110	0	108	110	109M
2916	2923	-1.004E+02	1.00	2.536E-44	0	77	79	0	77	79	78M
2916	7598	-1.004E+02	1.00	2.536E-44	0	77	79	0	77	79	78M
2916	11416	-1.004E+02	1.00	2.536E-44	0	77	79	0	77	79	78M
2917	2922	-5.989E+02	1.00	8.040E-261	0	394	396	0	394	396	395M
2917	7599	-5.910E+02	0.989	2.118E-257	0	394	396	0	394	396	395M
2917	11417	-5.910E+02	0.989	2.118E-257	0	394	396	0	394	396	395M
2918	2921	-5.573E+02	1.00	9.165E-243	0	360	362	0	360	362	361M
2918	7600	-5.498E+02	0.986	1.764E-239	0	360	362	0	360	362	361M
2918	11418	-5.498E+02	0.986	1.764E-239	0	360	362	0	360	362	361M
2919	2920	-2.686E+02	1.00	2.345E-117	0	179	181	0	179	181	180M
2919	7601	-2.660E+02	0.988	2.926E-116	0	179	181	75	254	256	180M
2919	11419	-2.660E+02	0.988	2.926E-116	0	179	181	75	254	256	180M
2920	2919	-2.686E+02	1.00	2.345E-117	0	179	181	0	179	181	180M
2920	7601	-2.660E+02	0.988	2.926E-116	0	179	181	75	254	256	180M
2920	11419	-2.660E+02	0.988	2.926E-116	0	179	181	75	254	256	180M
2921	2918	-5.573E+02	1.00	9.165E-243	0	360	362	0	360	362	361M
2921	7600	-5.498E+02	0.986	1.764E-239	0	360	362	0	360	362	361M
2921	11418	-5.498E+02	0.986	1.764E-239	0	360	362	0	360	362	361M
2922	2917	-5.989E+02	1.00	8.040E-261	0	394	396	0	394	396	395M
2922	7599	-5.910E+02	0.989	2.118E-257	0	394	396	0	394	396	395M
2922	11417	-5.910E+02	0.989	2.118E-257	0	394	396	0	394	396	395M
2923	2916	-1.004E+02	1.00	2.536E-44	0	77	79	0	77	79	78M
2923	7598	-1.004E+02	1.00	2.536E-44	0	77	79	0	77	79	78M
2923	11416	-1.004E+02	1.00	2.536E-44	0	77	79	0	77	79	78M
2924	2915	-1.438E+02	1.00	3.634E-63	0	108	110	0	108	110	109M
2924	7597	-1.438E+02	1.00	3.634E-63	0	108	110	0	108	110	109M
2924	11415	-1.438E+02	1.00	3.634E-63	0	108	110	0	108	110	109M
2925	2914	-2.973E+02	1.00	7.298E-130	0	197	199	0	197	199	198M
2925	7596	-2.973E+02	1.00	7.298E-130	0	197	199	0	197	199	198M
2925	11414	-2.973E+02	1.00	7.298E-130	0	197	199	0	197	199	198M
2926	2913	-4.943E+02	1.00	2.093E-215	0	320	321	0	320	321	321M
2926	7595	-4.943E+02	1.00	2.093E-215	0	320	321	0	320	375	321M
2926	11413	-4.943E+02	1.00	2.093E-215	0	320	321	0	320	375	321M
2927	2938	-4.882E+02	1.00	9.166E-213	0	321	323	0	321	323	322M
2927	6943	-1.028E+02	0.351	2.167E-45	29	316	323	60	343	347	73M2D73M1I58M6D26M3I6M3I6M3I20M2I14M
2927	12006	-1.028E+02	0.351	2.167E-45	29	316	323	60	343	347	73M2D73M1I58M6D26M3I6M3I6M3I20M2I14M
2928	2937	-3.686E+02	1.00	8.501E-161	0	258	260	0	258	260	259M
2928	6941	-1.162E+02	0.370	3.384E-51	7	257	260	36	286	290	251M
2928	12004	-1.162E+02	0.370	3.384E-51	7	257	260	36	286	290	251M
2929	2936	-3.974E+02	1.00	2.601E-173	0	262	264	0	262	264	263M
2929	5855	-1.565E+02	0.497	1.082E-68	5	231	264	21	247	294	227M
2929	10215	-1.565E+02	0.497	1.082E-68	5	231	264	21	247	294	227M
2930	2935	-5.091E+02	1.00	7.667E-222	0	339	341	0	339	341	340M
2931	2934	-3.786E+02	1.00	3.772E-165	0	246	248	0	246	248	247M
2932	2933	-6.239E+02	1.00	1.157E-271	0	433	435	0	433	435	434M
2932	5892	-6.154E+02	0.988	5.712E-268	0	433	435	0	433	435	434M
2932	10252	-6.154E+02	0.988	5.712E-268	0	433	435	0	433	435	434M
2933	2932	-6.239E+02	1.00	1.157E-271	0	433	435	0	433	435	434M
2933	5892	-6.154E+02	0.988	5.712E-268	0	433	435	0	433	435	434M
2933	10252	-6.154E+02	0.988	5.712E-268	0	433	435	0	433	435	434M
2934	2931	-3.786E+02	1.00	3.772E-165	0	246	248	0	246	248	247M
2935	2930	-5.091E+02	1.00	7.667E-222	0	339	341	0	339	341	340M
2936	2929	-3.974E+02	1.00	2.601E-173	0	262	264	0	262	264	263M
2936	5855	-1.565E+02	0.497	1.082E-68	5	231	264	21	247	294	227M
2936	10215	-1.565E+02	0.497	1.082E-68	5	231	264	21	247	294	227M
2937	2928	-3.686E+02	1.00	8.501E-161	0	258	260	0	258	260	259M
2937	6941	-1.162E+02	0.370	3.384E-51	7	257	260	36	286	290	251M
2937	12004	-1.162E+02	0.370	3.384E-51	7	257	260	36	286	290	251M
2938	2927	-4.882E+02	1.00	9.166E-213	0	321	323	0	321	323	322M
2938	6943	-1.028E+02	0.351	2.167E-45	29	316	323	60	343	347	73M2D73M1I58M6D26M3I6M3I6M3I20M2I14M
2938	12006	-1.028E+02	0.351	2.167E-45	29	316	323	60	343	347	73M2D73M1I58M6D26M3I6M3I6M3I20M2I14M
2939	2944	-7.084E+02	1.00	0.000E+00	0	1432	1434	0	1432	1434	1433M
2940	2943	-1.584E+02	1.00	1.682E-69	0	107	109	0	107	109	108M
2941	2942	-3.546E+02	1.00	9.634E-155	0	226	228	0	226	228	227M
2942	2941	-3.546E+02	1.00	9.634E-155	0	226	228	0	226	228	227M
2943	2940	-1.584E+02	1.00	1.682E-69	0	107	109	0	107	109	108M
2944	2939	-7.084E+02	1.00	0.000E+00	0	1432	1434	0	1432	1434	1433M
2945	2945	-3.446E+01	1.00	1.081E-15	0	28	29	0	28	29	29M
2946	2946	-6.902E+01	1.00	1.063E-30	0	53	54	0	53	54	54M
2947	2947	-7.084E+02	1.00	0.000E+00	0	476	477	0	476	477	477M
2948	2948	-5.780E+02	1.00	9.922E-252	0	371	372	0	371	372	372M
2949	2949	-4.625E+02	1.00	1.361E-201	0	306	307	0	306	307	307M
2950	2950	-7.084E+02	1.00	0.000E+00	0	636	637	0	636	637	637M
2950	8150	-7.084E+02	0.998	0.000E+00	0	635	637	0	635	637	636M
2950	11928	-7.084E+02	0.998	0.000E+00	0	635	637	0	635	637	636M
2951	2951	-3.681E+02	1.00	1.391E-160	0	236	237	0	236	237	237M
2951	8151	-3.671E+02	0.995	3.582E-160	0	235	237	0	235	237	236M
2951	11929	-3.671E+02	0.995	3.582E-160	0	235	237	0	235	237	236M
2952	2952	-3.351E+02	1.00	2.986E-146	0	227	228	0	227	228	228M
2952	8152	-3.354E+02	1.00	2.179E-146	0	226	228	0	226	228	227M
2952	11930	-3.354E+02	1.00	2.179E-146	0	226	228	0	226	228	227M
2953	2953	-7.208E+02	1.00	9.437E-314	0	477	478	0	477	478	478M
2953	4950	-1.164E+02	0.276	2.815E-51	9	468	478	26	507	515	80M2I18M14D7M5D31M1I97M4I147M1D27M8D6M3I29M4D8M
2953	8749	-1.164E+02	0.276	2.815E-51	9	468	478	26	507	515	80M2I18M14D7M5D31M1I97M4I147M1D27M8D6M3I29M4D8M
2954	2954	-3.998E+02	1.00	2.260E-174	0	258	259	0	258	259	259M
2954	8155	-4.001E+02	1.00	1.649E-174	0	257	259	0	257	259	258M
2954	11933	-4.001E+02	1.00	1.649E-174	0	257	259	0	257	259	258M
2955	2955	-4.443E+02	1.00	1.152E-193	0	292	293	0	292	293	293M
2955	8156	-4.446E+02	1.00	8.406E-194	0	291	293	0	291	293	292M
2955	11934	-4.446E+02	1.00	8.406E-194	0	291	293	0	291	293	292M
2956	2956	-4.097E+02	1.00	1.207E-178	0	270	271	0	270	271	271M
2956	8157	-4.100E+02	1.00	8.807E-179	0	269	271	0	269	271	270M
2956	11935	-4.100E+02	1.00	8.807E-179	0	269	271	0	269	271	270M
2957	2957	-7.362E+01	1.00	1.066E-32	0	56	57	0	56	57	57M
2957	8158	-7.394E+01	1.00	7.767E-33	0	55	57	0	55	57	56M
2957	11936	-7.394E+01	1.00	7.767E-33	0	55	57	0	55	57	56M
2958	2958	-4.700E+02	1.00	7.530E-205	0	294	295	0	294	295	295M
2958	7634	-4.618E+02	0.986	2.730E-201	2	293	295	0	291	293	292M
2958	11481	-4.618E+02	0.986	2.730E-201	2	293	295	0	291	293	292M
2959	2966	-3.706E+02	1.00	1.134E-161	0	242	244	0	242	244	243M
2959	7635	-3.652E+02	0.983	2.414E-159	0	242	244	0	242	244	243M
2959	11480	-3.652E+02	0.983	2.414E-159	0	242	244	0	242	244	243M
2960	2965	-6.027E+02	1.00	1.841E-262	0	428	430	0	428	430	429M
2960	7636	-6.014E+02	0.995	6.488E-262	0	428	430	0	428	430	429M
2960	11479	-6.014E+02	0.995	6.488E-262	0	428	430	0	428	430	429M
2961	2964	-4.314E+02	1.00	4.311E-188	0	269	271	0	269	271	270M
2961	7637	-4.166E+02	0.966	1.174E-181	0	269	271	0	269	271	270M
2961	11478	-4.166E+02	0.966	1.174E-181	0	269	271	0	269	271	270M
2962	2963	-6.570E+02	1.00	4.648E-286	0	445	447	0	445	447	446M
2962	7638	-6.523E+02	0.991	5.239E-284	0	445	447	0	445	447	446M
2962	11477	-6.523E+02	0.991	5.239E-284	0	445	447	0	445	447	446M
2963	2962	-6.570E+02	1.00	4.648E-286	0	445	447	0	445	447	446M
2963	7638	-6.523E+02	0.991	5.239E-284	0	445	447	0	445	447	446M
2963	11477	-6.523E+02	0.991	5.239E-284	0	445	447	0	445	447	446M
2964	2961	-4.314E+02	1.00	4.311E-188	0	269	271	0	269	271	270M
2964	7637	-4.166E+02	0.966	1.174E-181	0	269	271	0	269	271	270M
2964	11478	-4.166E+02	0.966	1.174E-181	0	269	271	0	269	271	270M
2965	2960	-6.027E+02	1.00	1.841E-262	0	428	430	0	428	430	429M
2965	7636	-6.014E+02	0.995	6.488E-262	0	428	430	0	428	430	429M
2965	11479	-6.014E+02	0.995	6.488E-262	0	428	430	0	428	430	429M
2966	2959	-3.706E+02	1.00	1.134E-161	0	242	244	0	242	244	243M
2966	7635	-3.652E+02	0.983	2.414E-159	0	242	244	0	242	244	243M
2966	11480	-3.652E+02	0.983	2.414E-159	0	242	244	0	242	244	243M
2967	2958	-4.670E+02	1.00	1.602E-203	0	291	293	2	293	295	292M
2967	7634	-4.619E+02	0.986	2.484E-201	0	291	293	0	291	293	292M
2967	11481	-4.619E+02	0.986	2.484E-201	0	291	293	0	291	293	292M
2968	2968	-5.547E+01	1.00	8.093E-25	0	39	40	0	39	40	40M
2968	7634	-5.420E+01	0.975	2.882E-24	0	39	40	0	39	293	40M
2968	11481	-5.420E+01	0.975	2.882E-24	0	39	40	0	39	293	40M
2969	2969	-5.515E+01	1.00	1.114E-24	0	45	46	0	45	46	46M
2969	7903	-5.515E+01	1.00	1.114E-24	0	45	46	0	45	88	46M
2969	11722	-5.515E+01	1.00	1.114E-24	0	45	46	0	45	88	46M
2970	2983	-4.803E+02	1.00	2.658E-209	0	323	325	0	323	325	324M
2970	7904	-4.746E+02	0.984	7.728E-207	0	323	325	0	327	329	151M4D173M
2970	11723	-4.746E+02	0.984	7.728E-207	0	323	325	0	327	329	151M4D173M
2971	2982	-3.544E+02	1.00	1.221E-154	0	231	233	0	231	233	232M
2971	7905	-3.512E+02	0.991	2.860E-153	0	231	233	0	231	233	232M
2971	11724	-3.512E+02	0.991	2.860E-153	0	231	233	0	231	233	232M
2972	2981	-1.096E+02	1.00	2.447E-48	0	82	84	0	82	84	83M
2972	7906	-1.096E+02	1.00	2.447E-48	0	82	84	0	82	84	83M
2972	11725	-1.096E+02	1.00	2.447E-48	0	82	84	0	82	84	83M
2973	2980	-2.543E+02	1.00	3.715E-111	0	174	176	0	174	176	175M
2973	7907	-2.543E+02	1.00	3.715E-111	0	174	176	0	174	176	175M
2973	11726	-2.543E+02	1.00	3.715E-111	0	174	176	0	174	176	175M
2974	2979	-6.383E+01	1.00	1.897E-28	0	48	50	0	48	50	49M
2974	7908	-6.383E+01	1.00	1.897E-28	0	48	50	0	48	50	49M
2974	11727	-6.383E+01	1.00	1.897E-28	0	48	50	0	48	50	49M
2975	2978	-6.982E+02	1.00	6.027E-304	0	440	442	0	440	442	441M
2975	7909	-6.900E+02	0.988	2.175E-300	0	440	442	0	440	442	441M
2975	11728	-6.900E+02	0.988	2.175E-300	0	440	442	0	440	442	441M
2976	2977	-5.612E+02	1.00	1.789E-244	0	350	352	0	350	352	351M
2976	7910	-5.483E+02	0.974	7.314E-239	0	350	352	0	350	352	351M
2976	11729	-5.483E+02	0.974	7.314E-239	0	350	352	0	350	352	351M
2977	2976	-5.612E+02	1.00	1.789E-244	0	350	352	0	350	352	351M
2977	7910	-5.483E+02	0.974	7.314E-239	0	350	352	0	350	352	351M
2977	11729	-5.483E+02	0.974	7.314E-239	0	350	352	0	350	352	351M
2978	2975	-6.982E+02	1.00	6.027E-304	0	440	442	0	440	442	441M
2978	7909	-6.900E+02	0.988	2.175E-300	0	440	442	0	440	442	441M
2978	11728	-6.900E+02	0.988	2.175E-300	0	440	442	0	440	442	441M
2979	2974	-6.383E+01	1.00	1.897E-28	0	48	50	0	48	50	49M
2979	7908	-6.383E+01	1.00	1.897E-28	0	48	50	0	48	50	49M
2979	11727	-6.383E+01	1.00	1.897E-28	0	48	50	0	48	50	49M
2980	2973	-2.543E+02	1.00	3.715E-111	0	174	176	0	174	176	175M
2980	7907	-2.543E+02	1.00	3.715E-111	0	174	176	0	174	176	175M
2980	11726	-2.543E+02	1.00	3.715E-111	0	174	176	0	174	176	175M
2981	2972	-1.096E+02	1.00	2.447E-48	0	82	84	0	82	84	83M
2981	7906	-1.096E+02	1.00	2.447E-48	0	82	84	0	82	84	83M
2981	11725	-1.096E+02	1.00	2.447E-48	0	82	84	0	82	84	83M
2982	2971	-3.544E+02	1.00	1.221E-154	0	231	233	0	231	233	232M
2982	7905	-3.512E+02	0.991	2.860E-153	0	231	233	0	231	233	232M
2982	11724	-3.512E+02	0.991	2.860E-153	0	231	233	0	231	233	232M
2983	2970	-4.803E+02	1.00	2.658E-209	0	323	325	0	323	325	324M
2983	7904	-4.746E+02	0.984	7.728E-207	0	323	325	0	327	329	151M4D173M
2983	11723	-4.746E+02	0.984	7.728E-207	0	323	325	0	327	329	151M4D173M
2984	2969	-5.515E+01	1.00	1.114E-24	0	45	46	0	45	46	46M
2984	7903	-5.515E+01	1.00	1.114E-24	0	45	46	0	45	88	46M
2984	11722	-5.515E+01	1.00	1.114E-24	0	45	46	0	45	88	46M
2985	2994	-4.786E+02	1.00	1.375E-208	0	311	313	0	311	313	312M
2985	7682	-4.499E+02	0.986	3.925E-196	0	300	313	0	300	312	301M
2985	11566	-4.499E+02	0.986	3.925E-196	0	300	313	0	300	312	301M
2986	2993	-5.975E+02	1.00	3.223E-260	0	390	392	0	390	392	391M
2986	7681	-5.972E+02	0.997	4.417E-260	0	390	392	0	390	392	391M
2986	11567	-5.972E+02	0.997	4.417E-260	0	390	392	0	390	392	391M
2987	2992	-7.084E+02	1.00	0.000E+00	0	594	596	0	594	596	595M
2987	7680	-7.084E+02	0.998	0.000E+00	0	594	596	0	594	596	595M
2987	11568	-7.084E+02	0.998	0.000E+00	0	594	596	0	594	596	595M
2988	2991	-1.807E+02	1.00	3.204E-79	0	121	123	0	121	123	122M
2989	2990	-6.231E+02	1.00	2.423E-271	0	415	417	0	415	417	416M
2989	7619	-5.522E+02	0.981	1.459E-240	40	415	417	0	375	377	376M
2989	11496	-5.522E+02	0.981	1.459E-240	40	415	417	0	375	377	376M
2990	2989	-6.231E+02	1.00	2.423E-271	0	415	417	0	415	417	416M
2990	7619	-5.522E+02	0.981	1.459E-240	40	415	417	0	375	377	376M
2990	11496	-5.522E+02	0.981	1.459E-240	40	415	417	0	375	377	376M
2991	2988	-1.807E+02	1.00	3.204E-79	0	121	123	0	121	123	122M
2992	2987	-7.084E+02	1.00	0.000E+00	0	594	596	0	594	596	595M
2992	7680	-7.084E+02	0.998	0.000E+00	0	594	596	0	594	596	595M
2992	11568	-7.084E+02	0.998	0.000E+00	0	594	596	0	594	596	595M
2993	2986	-5.975E+02	1.00	3.223E-260	0	390	392	0	390	392	391M
2993	7681	-5.972E+02	0.997	4.417E-260	0	390	392	0	390	392	391M
2993	11567	-5.972E+02	0.997	4.417E-260	0	390	392	0	390	392	391M
2994	2985	-4.786E+02	1.00	1.375E-208	0	311	313	0	311	313	312M
2994	7682	-4.499E+02	0.986	3.925E-196	0	300	313	0	300	312	301M
2994	11566	-4.499E+02	0.986	3.925E-196	0	300	313	0	300	312	301M
2995	3006	-4.391E+02	1.00	1.961E-191	0	293	295	0	293	295	294M
2995	7696	-4.218E+02	0.948	6.624E-184	0	293	295	0	293	295	294M
2995	11552	-4.218E+02	0.948	6.624E-184	0	293	295	0	293	295	294M
2996	2996	-7.084E+02	1.00	0.000E+00	0	497	498	0	497	498	498M
2996	7697	-7.084E+02	0.977	0.000E+00	0	496	498	0	496	498	497M
2996	11551	-7.084E+02	0.977	0.000E+00	0	496	498	0	496	498	497M
2997	3004	-3.830E+02	1.00	4.859E-167	0	254	256	0	254	256	255M
2997	7698	-3.681E+02	0.960	1.324E-160	0	254	256	0	254	256	255M
2997	11550	-3.681E+02	0.960	1.324E-160	0	254	256	0	254	256	255M
2998	3003	-7.321E+02	1.00	1.148E-318	0	463	465	0	463	465	464M
2998	7699	-6.744E+02	0.951	1.246E-293	14	463	465	0	449	451	450M
2998	11549	-6.744E+02	0.951	1.246E-293	14	463	465	0	449	451	450M
2999	3002	-4.875E+01	1.00	6.735E-22	0	39	41	0	39	41	40M
2999	7700	-4.621E+01	0.925	8.561E-21	0	39	41	0	39	41	40M
2999	11548	-4.621E+01	0.925	8.561E-21	0	39	41	0	39	41	40M
3000	3001	-4.282E+01	1.00	2.539E-19	0	37	39	0	37	39	38M
3001	3000	-4.282E+01	1.00	2.539E-19	0	37	39	0	37	39	38M
3002	2999	-4.875E+01	1.00	6.735E-22	0	39	41	0	39	41	40M
3002	7700	-4.621E+01	0.925	8.561E-21	0	39	41	0	39	41	40M
3002	11548	-4.621E+01	0.925	8.561E-21	0	39	41	0	39	41	40M
3003	2998	-7.321E+02	1.00	1.148E-318	0	463	465	0	463	465	464M
3003	7699	-6.744E+02	0.951	1.246E-293	14	463	465	0	449	451	450M
3003	11549	-6.744E+02	0.951	1.246E-293	14	463	465	0	449	451	450M
3004	2997	-3.830E+02	1.00	4.859E-167	0	254	256	0	254	256	255M
3004	7698	-3.681E+02	0.960	1.324E-160	0	254	256	0	254	256	255M
3004	11550	-3.681E+02	0.960	1.324E-160	0	254	256	0	254	256	255M
3005	2996	-7.084E+02	1.00	0.000E+00	0	496	498	0	496	498	497M
3005	7697	-7.084E+02	0.977	0.000E+00	0	496	498	0	496	498	497M
3005	11551	-7.084E+02	0.977	0.000E+00	0	496	498	0	496	498	497M
3006	2995	-4.391E+02	1.00	1.961E-191	0	293	295	0	293	295	294M
3006	7696	-4.218E+02	0.948	6.624E-184	0	293	295	0	293	295	294M
3006	11552	-4.218E+02	0.948	6.624E-184	0	293	295	0	293	295	294M
3007	3007	-1.917E+02	1.00	5.565E-84	0	137	138	0	137	138	138M
3007	4786	-1.775E+02	1.00	8.254E-78	0	128	138	0	128	768	129M
3007	8585	-1.775E+02	1.00	8.254E-78	0	128	138	0	128	768	129M
3008	3008	-7.084E+02	1.00	0.000E+00	0	607	608	0	607	608	608M
3008	4787	-7.084E+02	0.998	0.000E+00	0	606	608	0	606	608	607M
3008	8586	-7.084E+02	0.998	0.000E+00	0	606	608	0	606	608	607M
3009	3009	-3.342E+02	1.00	6.885E-146	0	218	219	0	218	219	219M
3009	4788	-3.346E+02	1.00	5.023E-146	0	217	219	0	217	219	218M
3009	8587	-3.346E+02	1.00	5.023E-146	0	217	219	0	217	219	218M
3010	3010	-1.121E+02	1.00	2.045E-49	0	84	85	0	84	85	85M
3010	4789	-1.112E+02	0.988	5.285E-49	0	83	85	0	83	85	84M
3010	8588	-1.112E+02	0.988	5.285E-49	0	83	85	0	83	85	84M
3011	3011	-5.561E+02	1.00	2.981E-242	0	366	367	0	366	367	367M
3011	4790	-5.552E+02	0.997	7.672E-242	0	365	367	0	365	367	366M
3011	8589	-5.552E+02	0.997	7.672E-242	0	365	367	0	365	367	366M
3012	3012	-3.992E+02	1.00	4.310E-174	0	265	266	0	265	266	266M
3012	4791	-3.941E+02	0.984	6.685E-172	0	264	266	0	264	266	265M
3012	8590	-3.941E+02	0.984	6.685E-172	0	264	266	0	264	266	265M
3013	3013	-6.440E+02	1.00	1.987E-280	0	420	421	0	420	421	421M
3013	4792	-6.444E+02	1.00	1.450E-280	0	419	421	0	419	421	420M
3013	8591	-6.444E+02	1.00	1.450E-280	0	419	421	0	419	421	420M
3014	3014	-2.027E+02	1.00	9.262E-89	0	138	139	0	138	139	139M
3014	4793	-1.926E+02	0.963	2.264E-84	0	137	139	0	137	139	138M
3014	8592	-1.926E+02	0.963	2.264E-84	0	137	139	0	137	139	138M
3015	3015	-1.966E+02	1.00	4.313E-86	0	141	142	0	141	142	142M
3015	4794	-1.681E+02	0.856	9.465E-74	0	138	142	0	138	141	139M
3015	8593	-1.681E+02	0.856	9.465E-74	0	138	142	0	138	141	139M
3016	3016	-5.039E+02	1.00	1.512E-219	0	325	326	0	325	326	326M
3016	4795	-5.020E+02	0.996	1.002E-218	0	324	326	0	324	326	325M
3016	8594	-5.020E+02	0.996	1.002E-218	0	324	326	0	324	326	325M
3017	3017	-7.084E+02	1.00	0.000E+00	0	689	690	0	689	690	690M
3017	4796	-7.084E+02	0.998	0.000E+00	0	688	690	0	688	690	689M
3017	8595	-7.084E+02	0.998	0.000E+00	0	688	690	0	688	690	689M
3018	3018	-4.322E+02	1.00	1.987E-188	0	287	288	0	287	288	288M
3018	7258	-4.306E+02	0.993	9.611E-188	0	286	288	0	286	288	287M
3018	9616	-4.306E+02	0.993	9.611E-188	0	286	288	0	286	288	287M
3019	3019	-4.643E+02	1.00	2.225E-202	0	301	302	0	301	302	302M
3019	7257	-4.646E+02	1.00	1.624E-202	0	300	302	0	300	302	301M
3019	9617	-4.646E+02	1.00	1.624E-202	0	300	302	0	300	302	301M
3020	3020	-1.745E+02	1.00	1.648E-76	0	127	128	0	127	128	128M
3020	7256	-1.748E+02	1.00	1.202E-76	0	126	128	0	126	128	127M
3020	9618	-1.748E+02	1.00	1.202E-76	0	126	128	0	126	128	127M
3021	3021	-5.610E+02	1.00	2.323E-244	0	370	371	0	370	371	371M
3021	7255	-5.613E+02	1.00	1.695E-244	0	369	371	0	369	371	370M
3021	9619	-5.613E+02	1.00	1.695E-244	0	369	371	0	369	371	370M
3022	3022	-2.450E+02	1.00	3.894E-107	0	164	165	0	164	165	165M
3022	7254	-2.419E+02	0.987	9.140E-106	0	163	165	0	163	165	164M
3022	9620	-2.419E+02	0.987	9.140E-106	0	163	165	0	163	165	164M
3023	3023	-2.845E+02	1.00	2.916E-124	0	184	185	0	184	185	185M
3023	7253	-2.781E+02	0.967	1.604E-121	0	183	185	0	183	185	184M
3023	9621	-2.781E+02	0.967	1.604E-121	0	183	185	0	183	185	184M
3024	3024	-7.084E+02	1.00	0.000E+00	0	1332	1333	0	1332	1333	1333M
3024	7252	-7.084E+02	0.995	0.000E+00	0	1331	1333	0	1331	1333	1332M
3024	9622	-7.084E+02	0.995	0.000E+00	0	1331	1333	0	1331	1333	1332M
3025	3025	-2.508E+02	1.00	1.173E-109	0	168	169	0	168	169	169M
3025	8364	-1.871E+02	0.750	5.657E-82	0	167	169	0	167	169	168M
3025	12085	-1.871E+02	0.750	5.657E-82	0	167	169	0	167	169	168M
3026	3026	-1.200E+02	1.00	7.896E-53	0	85	86	0	85	86	86M
3027	3038	-7.084E+02	1.00	0.000E+00	0	927	929	0	927	929	928M
3028	3037	-1.873E+02	1.00	4.426E-82	0	122	124	0	122	124	123M
3029	3036	-3.769E+02	1.00	2.070E-164	0	242	244	0	242	244	243M
3030	3035	-1.019E+02	1.00	5.568E-45	0	72	74	0	72	74	73M
3031	3034	-1.579E+02	1.00	2.544E-69	0	109	111	0	109	111	110M
3031	5153	-1.033E+02	0.688	1.425E-45	3	108	111	21	126	130	106M
3031	9213	-1.033E+02	0.688	1.425E-45	3	108	111	21	126	130	106M
3032	3033	-3.200E+02	1.00	1.035E-139	0	211	213	0	211	213	212M
3033	3032	-3.200E+02	1.00	1.035E-139	0	211	213	0	211	213	212M
3034	3031	-1.579E+02	1.00	2.544E-69	0	109	111	0	109	111	110M
3034	5153	-1.033E+02	0.688	1.425E-45	3	108	111	21	126	130	106M
3034	9213	-1.033E+02	0.688	1.425E-45	3	108	111	21	126	130	106M
3035	3030	-1.019E+02	1.00	5.568E-45	0	72	74	0	72	74	73M
3036	3029	-3.769E+02	1.00	2.070E-164	0	242	244	0	242	244	243M
3037	3028	-1.873E+02	1.00	4.426E-82	0	122	124	0	122	124	123M
3038	3027	-7.084E+02	1.00	0.000E+00	0	927	929	0	927	929	928M
3039	3046	-2.804E+02	1.00	1.602E-122	0	181	183	0	181	183	182M
3039	6447	-2.789E+02	0.994	7.756E-122	0	181	183	0	181	183	182M
3039	10672	-2.789E+02	0.994	7.756E-122	0	181	183	0	181	183	182M
3040	3045	-3.128E+02	1.00	1.396E-136	0	210	212	0	210	212	211M
3040	6446	-3.128E+02	1.00	1.396E-136	0	210	212	0	210	212	211M
3040	10673	-3.128E+02	1.00	1.396E-136	0	210	212	0	210	212	211M
3041	3044	-6.396E+02	1.00	1.612E-278	0	439	441	0	439	441	440M
3041	6445	-6.359E+02	0.990	7.061E-277	0	439	441	0	439	441	440M
3041	10674	-6.359E+02	0.990	7.061E-277	0	439	441	0	439	441	440M
3042	3043	-7.084E+02	1.00	0.000E+00	0	905	907	0	905	907	906M
3042	6444	-7.084E+02	0.997	0.000E+00	0	905	907	0	905	907	906M
3042	10675	-7.084E+02	0.997	0.000E+00	0	905	907	0	905	907	906M
3043	3042	-7.084E+02	1.00	0.000E+00	0	905	907	0	905	907	906M
3043	6444	-7.084E+02	0.997	0.000E+00	0	905	907	0	905	907	906M
3043	10675	-7.084E+02	0.997	0.000E+00	0	905	907	0	905	907	906M
3044	3041	-6.396E+02	1.00	1.612E-278	0	439	441	0	439	441	440M
3044	6445	-6.359E+02	0.990	7.061E-277	0	439	441	0	439	441	440M
3044	10674	-6.359E+02	0.990	7.061E-277	0	439	441	0	439	441	440M
3045	3040	-3.128E+02	1.00	1.396E-136	0	210	212	0	210	212	211M
3045	6446	-3.128E+02	1.00	1.396E-136	0	210	212	0	210	212	211M
3045	10673	-3.128E+02	1.00	1.396E-136	0	210	212	0	210	212	211M
3046	3039	-2.804E+02	1.00	1.602E-122	0	181	183	0	181	183	182M
3046	6447	-2.789E+02	0.994	7.756E-122	0	181	183	0	181	183	182M
3046	10672	-2.789E+02	0.994	7.756E-122	0	181	183	0	181	183	182M
3047	3054	-1.520E+02	1.00	9.559E-67	0	101	103	0	101	103	102M
3047	8357	-1.008E+02	0.680	1.679E-44	2	101	103	302	401	403	100M
3047	12140	-1.008E+02	0.680	1.679E-44	2	101	103	302	401	403	100M
3048	3053	-4.281E+02	1.00	1.196E-186	0	286	288	0	286	288	287M
3048	5015	-4.130E+02	0.968	4.452E-180	0	285	288	0	285	288	286M
3048	9075	-4.130E+02	0.968	4.452E-180	0	285	288	0	285	288	286M
3049	3052	-4.576E+02	1.00	1.893E-199	0	296	298	0	296	298	297M
3049	5016	-4.428E+02	0.966	5.140E-193	0	296	298	0	296	298	297M
3049	9076	-4.428E+02	0.966	5.140E-193	0	296	298	0	296	298	297M
3050	3050	-7.084E+02	1.00	0.000E+00	0	973	974	0	973	974	974M
3050	5017	-7.084E+02	0.989	0.000E+00	6	972	974	7	973	975	967M
3050	9077	-7.084E+02	0.989	0.000E+00	6	972	974	7	973	975	967M
3051	3051	-7.084E+02	1.00	0.000E+00	0	890	891	0	890	891	891M
3051	5017	-7.084E+02	0.991	0.000E+00	0	889	891	84	973	975	890M
3051	9077	-7.084E+02	0.991	0.000E+00	0	889	891	84	973	975	890M
3052	3049	-4.576E+02	1.00	1.893E-199	0	296	298	0	296	298	297M
3052	5016	-4.428E+02	0.966	5.140E-193	0	296	298	0	296	298	297M
3052	9076	-4.428E+02	0.966	5.140E-193	0	296	298	0	296	298	297M
3053	3048	-4.281E+02	1.00	1.196E-186	0	286	288	0	286	288	287M
3053	5015	-4.130E+02	0.968	4.452E-180	0	285	288	0	285	288	286M
3053	9075	-4.130E+02	0.968	4.452E-180	0	285	288	0	285	288	286M
3054	3047	-1.520E+02	1.00	9.559E-67	0	101	103	0	101	103	102M
3054	8357	-1.008E+02	0.680	1.679E-44	2	101	103	302	401	403	100M
3054	12140	-1.008E+02	0.680	1.679E-44	2	101	103	302	401	403	100M
3055	3055	-1.156E+02	1.00	6.300E-51	0	84	85	0	84	85	85M
3055	6467	-1.146E+02	0.988	1.628E-50	0	83	85	195	278	280	84M
3055	10652	-1.146E+02	0.988	1.628E-50	0	83	85	195	278	280	84M
3056	3056	-3.924E+02	1.00	3.902E-171	0	269	270	0	269	270	270M
3056	6467	-3.290E+02	0.953	1.273E-143	0	236	270	0	236	280	237M
3056	10652	-3.290E+02	0.953	1.273E-143	0	236	270	0	236	280	237M
3057	3057	-4.514E+02	1.00	8.696E-197	0	300	301	0	300	301	301M
3057	6468	-4.470E+02	0.990	7.173E-195	0	299	301	0	299	301	300M
3057	10651	-4.470E+02	0.990	7.173E-195	0	299	301	0	299	301	300M
3058	3058	-1.748E+02	1.00	1.191E-76	0	140	141	0	140	141	141M
3058	6469	-1.717E+02	0.985	2.800E-75	0	139	141	0	139	141	140M
3058	10650	-1.717E+02	0.985	2.800E-75	0	139	141	0	139	141	140M
3059	3059	-2.196E+02	1.00	4.138E-96	0	167	168	0	167	168	168M
3059	6470	-2.190E+02	0.994	7.779E-96	0	166	168	0	166	168	167M
3059	10649	-2.190E+02	0.994	7.779E-96	0	166	168	0	166	168	167M
3060	3060	-5.094E+02	1.00	5.789E-222	0	334	335	0	334	335	335M
3060	6471	-5.047E+02	0.991	6.540E-220	0	333	335	0	333	335	334M
3060	10648	-5.047E+02	0.991	6.540E-220	0	333	335	0	333	335	334M
3061	3061	-2.821E+02	1.00	3.062E-123	0	187	188	0	187	188	188M
3061	6472	-2.761E+02	0.983	1.228E-120	0	186	188	0	186	188	187M
3061	10647	-2.761E+02	0.983	1.228E-120	0	186	188	0	186	188	187M
3062	3062	-2.272E+02	1.00	2.150E-99	0	154	155	0	154	155	155M
3062	6473	-2.253E+02	0.987	1.429E-98	0	153	155	0	153	155	154M
3062	10646	-2.253E+02	0.987	1.429E-98	0	153	155	0	153	155	154M
3063	3063	-6.512E+02	1.00	1.537E-283	0	415	416	0	415	416	416M
3063	6474	-6.515E+02	1.00	1.121E-283	0	414	416	0	414	416	415M
3063	10645	-6.515E+02	1.00	1.121E-283	0	414	416	0	414	416	415M
3064	3064	-7.084E+02	1.00	0.000E+00	0	609	610	0	609	610	610M
3064	6475	-7.084E+02	0.981	0.000E+00	0	608	610	0	608	610	609M
3064	10644	-7.084E+02	0.981	0.000E+00	0	608	610	0	608	610	609M
3065	3065	-7.084E+02	1.00	0.000E+00	0	812	813	0	812	813	813M
3065	6476	-7.084E+02	0.983	0.000E+00	0	811	813	0	811	813	812M
3065	10643	-7.084E+02	0.983	0.000E+00	0	811	813	0	811	813	812M
3066	3066	-7.184E+02	1.00	1.057E-312	0	468	469	0	468	469	469M
3066	7502	-6.746E+02	0.995	1.094E-293	24	467	469	0	443	445	444M
3066	9684	-6.746E+02	0.995	1.094E-293	24	467	469	0	443	445	444M
3067	3067	-1.978E+02	1.00	1.253E-86	0	135	136	0	135	136	136M
3067	7503	-1.981E+02	1.00	9.138E-87	0	134	136	0	134	136	135M
3067	9683	-1.981E+02	1.00	9.138E-87	0	134	136	0	134	136	135M
3068	3068	-3.235E+02	1.00	3.217E-141	0	232	233	0	232	233	233M
3068	7504	-3.229E+02	0.995	6.043E-141	0	231	233	0	231	233	232M
3068	9682	-3.229E+02	0.995	6.043E-141	0	231	233	0	231	233	232M
3069	3069	-2.062E+02	1.00	2.718E-90	0	150	151	0	150	151	151M
3069	7505	-2.053E+02	0.993	7.008E-90	0	149	151	0	149	151	150M
3069	9681	-2.053E+02	0.993	7.008E-90	0	149	151	0	149	151	150M
3070	3070	-5.395E+02	1.00	4.795E-235	0	467	468	0	467	468	468M
3070	7506	-5.084E+02	0.955	1.624E-221	0	466	468	0	447	449	268M19I180M
3070	9680	-5.084E+02	0.955	1.624E-221	0	466	468	0	447	449	268M19I180M
3071	3071	-6.494E+02	1.00	9.059E-283	0	426	427	0	426	427	427M
3071	7507	-6.497E+02	1.00	6.611E-283	0	425	427	0	425	427	426M
3071	9679	-6.497E+02	1.00	6.611E-283	0	425	427	0	425	427	426M
3072	3072	-2.657E+02	1.00	4.081E-116	0	187	188	0	187	188	188M
3072	7508	-2.647E+02	0.994	1.051E-115	0	186	188	0	186	188	187M
3072	9678	-2.647E+02	0.994	1.051E-115	0	186	188	0	186	188	187M
3073	3073	-7.933E+01	1.00	3.512E-35	0	62	63	0	62	63	63M
3073	7509	-7.965E+01	1.00	2.558E-35	0	61	63	0	61	63	62M
3073	9677	-7.965E+01	1.00	2.558E-35	0	61	63	0	61	63	62M
3074	3074	-4.869E+02	1.00	3.389E-212	0	323	324	0	323	324	324M
3074	7510	-4.872E+02	1.00	2.473E-212	0	322	324	0	322	324	323M
3074	9676	-4.872E+02	1.00	2.473E-212	0	322	324	0	322	324	323M
3075	3075	-3.901E+02	1.00	3.970E-170	0	258	259	0	258	259	259M
3075	7511	-3.904E+02	1.00	2.896E-170	0	257	259	0	257	259	258M
3075	9675	-3.904E+02	1.00	2.896E-170	0	257	259	0	257	259	258M
3076	3076	-3.002E+02	1.00	4.140E-131	0	204	205	0	204	205	205M
3076	7512	-2.993E+02	0.995	1.066E-130	0	203	205	0	203	205	204M
3076	9674	-2.993E+02	0.995	1.066E-130	0	203	205	0	203	205	204M
3077	3077	-1.515E+02	1.00	1.595E-66	0	106	107	0	106	107	107M
3077	7513	-1.515E+02	0.990	1.595E-66	0	105	107	0	105	107	106M
3077	9673	-1.515E+02	0.990	1.595E-66	0	105	107	0	105	107	106M
3078	3078	-1.785E+02	1.00	2.990E-78	0	129	130	0	129	130	130M
3078	7514	-1.779E+02	0.992	5.624E-78	0	128	130	0	128	130	129M
3078	9672	-1.779E+02	0.992	5.624E-78	0	128	130	0	128	130	129M
3079	3079	-4.212E+02	1.00	1.140E-183	0	272	273	0	272	273	273M
3079	7515	-2.901E+02	0.708	9.874E-127	0	271	273	540	810	812	35M1D15M2I175M1D18M1I26M
3079	9671	-2.901E+02	0.708	9.874E-127	0	271	273	540	810	812	35M1D15M2I175M1D18M1I26M
3080	3080	-4.772E+02	1.00	5.928E-208	0	323	324	0	323	324	324M
3080	7683	-4.724E+02	0.987	6.696E-206	0	322	324	0	322	324	323M
3080	11565	-4.724E+02	0.987	6.696E-206	0	322	324	0	322	324	323M
3081	3081	-6.769E+02	1.00	1.040E-294	0	458	459	0	458	459	459M
3081	7684	-6.760E+02	0.997	2.676E-294	0	457	459	0	457	459	458M
3081	11564	-6.760E+02	0.997	2.676E-294	0	457	459	0	457	459	458M
3082	3082	-4.305E+02	1.00	1.106E-187	0	290	291	0	290	291	291M
3082	7685	-4.245E+02	0.986	4.413E-185	0	289	291	0	289	291	290M
3082	11563	-4.245E+02	0.986	4.413E-185	0	289	291	0	289	291	290M
3083	3083	-4.284E+02	1.00	8.843E-187	0	294	295	0	294	295	295M
3083	7686	-4.275E+02	0.996	2.276E-186	0	293	295	0	293	295	294M
3083	11562	-4.275E+02	0.996	2.276E-186	0	293	295	0	293	295	294M
3084	3084	-5.490E+02	1.00	3.716E-239	0	350	351	0	350	351	351M
3084	7689	-5.493E+02	1.00	2.711E-239	0	349	351	0	349	351	350M
3084	11559	-5.493E+02	1.00	2.711E-239	0	349	351	0	349	351	350M
3085	3085	-5.026E+02	1.00	5.474E-219	0	339	340	0	339	340	340M
3085	7690	-4.925E+02	0.982	1.311E-214	0	338	340	0	338	340	339M
3085	11558	-4.925E+02	0.982	1.311E-214	0	338	340	0	338	340	339M
3086	3086	-4.763E+02	1.00	1.390E-207	0	321	322	0	321	322	322M
3086	7691	-4.687E+02	0.978	2.677E-204	0	320	322	17	337	339	321M
3086	11557	-4.687E+02	0.978	2.677E-204	0	320	322	17	337	339	321M
3087	3087	-3.937E+02	1.00	1.025E-171	0	254	255	0	254	255	255M
3087	7692	-3.877E+02	0.988	4.095E-169	0	253	255	0	253	255	254M
3087	11556	-3.877E+02	0.988	4.095E-169	0	253	255	0	253	255	254M
3088	3088	-2.548E+02	1.00	2.092E-111	0	163	164	0	163	164	164M
3088	7693	-2.280E+02	0.912	9.352E-100	3	162	164	2	161	163	160M
3088	11555	-2.280E+02	0.912	9.352E-100	3	162	164	2	161	163	160M
3089	3089	-4.113E+02	1.00	2.344E-179	0	262	263	0	262	263	263M
3089	7694	-4.006E+02	0.965	1.060E-174	0	261	263	0	261	263	262M
3089	11554	-4.006E+02	0.965	1.060E-174	0	261	263	0	261	263	262M
3090	3090	-3.990E+02	1.00	4.964E-174	0	268	269	0	268	269	269M
3090	7695	-3.886E+02	0.966	1.636E-169	0	267	269	0	269	271	209M2D59M
3090	11553	-3.886E+02	0.966	1.636E-169	0	267	269	0	269	271	209M2D59M
3091	3091	-5.192E+02	1.00	3.420E-226	0	328	329	0	328	329	329M
3091	7581	-5.173E+02	0.993	2.266E-225	0	327	329	0	327	329	328M
3091	11399	-5.173E+02	0.993	2.266E-225	0	327	329	0	327	329	328M
3092	3092	-5.930E+02	1.00	2.844E-258	0	379	380	0	379	380	380M
3092	7582	-5.883E+02	0.992	3.210E-256	0	378	380	0	378	380	379M
3092	11400	-5.883E+02	0.992	3.210E-256	0	378	380	0	378	380	379M
3093	3093	-4.049E+02	1.00	1.366E-176	0	250	251	0	250	251	251M
3093	7583	-4.043E+02	0.996	2.567E-176	0	249	251	0	249	251	250M
3093	11401	-4.043E+02	0.996	2.567E-176	0	249	251	0	249	251	250M
3094	3094	-6.149E+02	1.00	8.649E-268	0	409	410	0	409	410	410M
3094	7584	-6.153E+02	1.00	6.312E-268	0	408	410	0	408	410	409M
3094	11402	-6.153E+02	1.00	6.312E-268	0	408	410	0	408	410	409M
3095	3095	-5.538E+02	1.00	3.222E-241	0	363	364	0	363	364	364M
3095	7585	-5.522E+02	0.994	1.557E-240	0	362	364	0	362	364	363M
3095	11403	-5.522E+02	0.994	1.557E-240	0	362	364	0	362	364	363M
3096	3096	-5.053E+02	1.00	3.482E-220	0	334	335	0	334	335	335M
3096	7586	-5.056E+02	1.00	2.541E-220	0	333	335	0	333	335	334M
3096	11404	-5.056E+02	1.00	2.541E-220	0	333	335	0	333	335	334M
3097	3097	-6.292E+02	1.00	5.676E-274	0	401	402	0	401	402	402M
3097	7587	-6.210E+02	0.990	2.050E-270	0	400	402	0	400	402	401M
3097	11405	-6.210E+02	0.990	2.050E-270	0	400	402	0	400	402	401M
3098	3098	-6.137E+02	1.00	2.978E-267	0	395	396	0	395	396	396M
3098	7588	-6.109E+02	0.992	5.076E-266	0	394	396	0	394	396	395M
3098	11406	-6.109E+02	0.992	5.076E-266	0	394	396	0	394	396	395M
3099	3099	-4.289E+02	1.00	5.278E-187	0	283	284	0	283	284	284M
3099	7589	-4.292E+02	1.00	3.851E-187	0	282	284	0	282	284	283M
3099	11407	-4.292E+02	1.00	3.851E-187	0	282	284	0	282	284	283M
3100	3100	-1.858E+02	1.00	2.094E-81	0	129	130	0	129	130	130M
3100	7590	-1.861E+02	1.00	1.527E-81	0	128	130	0	128	130	129M
3100	11408	-1.861E+02	1.00	1.527E-81	0	128	130	0	128	130	129M
3101	3101	-1.467E+02	1.00	1.962E-64	0	101	102	0	101	102	102M
3101	7591	-1.470E+02	1.00	1.430E-64	0	100	102	0	100	102	101M
3101	11409	-1.470E+02	1.00	1.430E-64	0	100	102	0	100	102	101M
3102	3102	-5.824E+01	1.00	5.095E-26	0	59	60	0	59	60	60M
3103	3103	-6.335E+02	1.00	7.705E-276	0	444	445	0	444	445	445M
3103	7973	-6.338E+02	1.00	5.623E-276	0	443	445	0	443	445	444M
3103	11792	-6.338E+02	1.00	5.623E-276	0	443	445	0	443	445	444M
3104	3104	-2.994E+02	1.00	9.250E-131	0	201	202	0	201	202	202M
3104	7974	-2.997E+02	1.00	6.747E-131	0	200	202	0	200	202	201M
3104	11793	-2.997E+02	1.00	6.747E-131	0	200	202	0	200	202	201M
3105	3105	-6.552E+02	1.00	2.775E-285	0	437	438	0	437	438	438M
3105	7975	-6.555E+02	1.00	2.025E-285	0	436	438	0	436	438	437M
3105	11794	-6.555E+02	1.00	2.025E-285	0	436	438	0	436	438	437M
3106	3106	-3.727E+02	1.00	1.350E-162	0	238	239	0	238	239	239M
3106	7976	-3.711E+02	0.991	6.531E-162	0	237	239	0	237	239	238M
3106	11795	-3.711E+02	0.991	6.531E-162	0	237	239	0	237	239	238M
3107	3107	-2.538E+02	1.00	5.696E-111	0	184	185	0	184	185	185M
3107	7977	-2.542E+02	1.00	4.155E-111	0	183	185	0	183	185	184M
3107	11796	-2.542E+02	1.00	4.155E-111	0	183	185	0	183	185	184M
3108	3108	-7.084E+02	1.00	0.000E+00	0	508	509	0	508	509	509M
3108	7978	-7.084E+02	1.00	0.000E+00	0	507	509	0	507	509	508M
3108	11797	-7.084E+02	1.00	0.000E+00	0	507	509	0	507	509	508M
3109	3109	-7.084E+02	1.00	0.000E+00	0	714	715	0	714	715	715M
3109	7979	-7.084E+02	0.994	0.000E+00	0	713	715	0	713	715	714M
3109	11798	-7.084E+02	0.994	0.000E+00	0	713	715	0	713	715	714M
3110	3110	-6.462E+02	1.00	2.190E-281	0	420	421	0	420	421	421M
3110	7980	-6.466E+02	1.00	1.598E-281	0	419	421	0	419	421	420M
3110	11799	-6.466E+02	1.00	1.598E-281	0	419	421	0	419	421	420M
3111	3128	-4.441E+01	1.00	5.178E-20	0	37	39	0	37	39	38M
3111	6128	-4.441E+01	1.00	5.178E-20	0	37	39	0	37	39	38M
3111	8880	-4.441E+01	1.00	5.178E-20	0	37	39	0	37	39	38M
3112	3127	-7.084E+02	1.00	0.000E+00	0	820	822	0	820	822	821M
3112	6129	-7.084E+02	1.00	0.000E+00	0	820	822	0	820	822	821M
3112	8881	-7.084E+02	1.00	0.000E+00	0	820	822	0	820	822	821M
3113	3126	-1.323E+02	1.00	3.578E-58	0	91	93	0	91	93	92M
3113	6130	-1.323E+02	1.00	3.578E-58	0	91	93	0	91	93	92M
3113	8882	-1.323E+02	1.00	3.578E-58	0	91	93	0	91	93	92M
3114	3125	-4.218E+01	1.00	4.795E-19	0	37	39	0	37	39	38M
3114	6131	-4.218E+01	1.00	4.795E-19	0	37	39	0	37	39	38M
3114	8883	-4.218E+01	1.00	4.795E-19	0	37	39	0	37	39	38M
3115	3124	-1.499E+02	1.00	8.317E-66	0	100	102	0	100	102	101M
3115	6132	-1.499E+02	1.00	8.317E-66	0	100	102	0	100	102	101M
3115	8884	-1.499E+02	1.00	8.317E-66	0	100	102	0	100	102	101M
3116	3123	-1.894E+02	1.00	5.612E-83	0	125	127	0	125	127	126M
3116	6133	-1.821E+02	1.00	8.016E-80	4	125	127	0	121	123	122M
3116	8885	-1.821E+02	1.00	8.016E-80	4	125	127	0	121	123	122M
3117	3122	-2.813E+02	1.00	6.838E-123	0	183	185	0	183	185	184M
3117	6134	-2.813E+02	1.00	6.838E-123	0	183	185	0	183	185	184M
3117	8886	-2.813E+02	1.00	6.838E-123	0	183	185	0	183	185	184M
3118	3121	-9.640E+01	1.00	1.359E-42	0	68	70	0	68	70	69M
3118	6135	-9.640E+01	1.00	1.359E-42	0	68	70	0	68	70	69M
3118	8887	-9.640E+01	1.00	1.359E-42	0	68	70	0	68	70	69M
3119	3120	-1.056E+02	1.00	1.379E-46	0	74	76	0	74	76	75M
3119	6136	-1.056E+02	1.00	1.379E-46	0	74	76	0	74	76	75M
3119	8888	-1.056E+02	1.00	1.379E-46	0	74	76	0	74	76	75M
3120	3119	-1.056E+02	1.00	1.379E-46	0	74	76	0	74	76	75M
3120	6136	-1.056E+02	1.00	1.379E-46	0	74	76	0	74	76	75M
3120	8888	-1.056E+02	1.00	1.379E-46	0	74	76	0	74	76	75M
3121	3118	-9.640E+01	1.00	1.359E-42	0	68	70	0	68	70	69M
3121	6135	-9.640E+01	1.00	1.359E-42	0	68	70	0	68	70	69M
3121	8887	-9.640E+01	1.00	1.359E-42	0	68	70	0	68	70	69M
3122	3117	-2.813E+02	1.00	6.838E-123	0	183	185	0	183	185	184M
3122	6134	-2.813E+02	1.00	6.838E-123	0	183	185	0	183	185	184M
3122	8886	-2.813E+02	1.00	6.838E-123	0	183	185	0	183	185	184M
3123	3116	-1.894E+02	1.00	5.612E-83	0	125	127	0	125	127	126M
3123	6133	-1.821E+02	1.00	8.016E-80	4	125	127	0	121	123	122M
3123	8885	-1.821E+02	1.00	8.016E-80	4	125	127	0	121	123	122M
3124	3115	-1.499E+02	1.00	8.317E-66	0	100	102	0	100	102	101M
3124	6132	-1.499E+02	1.00	8.317E-66	0	100	102	0	100	102	101M
3124	8884	-1.499E+02	1.00	8.317E-66	0	100	102	0	100	102	101M
3125	3114	-4.218E+01	1.00	4.795E-19	0	37	39	0	37	39	38M
3125	6131	-4.218E+01	1.00	4.795E-19	0	37	39	0	37	39	38M
3125	8883	-4.218E+01	1.00	4.795E-19	0	37	39	0	37	39	38M
3126	3113	-1.323E+02	1.00	3.578E-58	0	91	93	0	91	93	92M
3126	6130	-1.323E+02	1.00	3.578E-58	0	91	93	0	91	93	92M
3126	8882	-1.323E+02	1.00	3.578E-58	0	91	93	0	91	93	92M
3127	3112	-7.084E+02	1.00	0.000E+00	0	820	822	0	820	822	821M
3127	6129	-7.084E+02	1.00	0.000E+00	0	820	822	0	820	822	821M
3127	8881	-7.084E+02	1.00	0.000E+00	0	820	822	0	820	822	821M
3128	3111	-4.441E+01	1.00	5.178E-20	0	37	39	0	37	39	38M
3128	6128	-4.441E+01	1.00	5.178E-20	0	37	39	0	37	39	38M
3128	8880	-4.441E+01	1.00	5.178E-20	0	37	39	0	37	39	38M
3129	3129	-1.820E+02	1.00	9.055E-80	0	122	123	0	122	123	123M
3129	6785	-1.823E+02	1.00	6.603E-80	0	121	123	0	121	123	122M
3129	10776	-1.823E+02	1.00	6.603E-80	0	121	123	0	121	123	122M
3130	3130	-3.857E+02	1.00	3.178E-168	0	244	245	0	244	245	245M
3130	6784	-3.860E+02	1.00	2.318E-168	0	243	245	0	243	245	244M
3130	10775	-3.860E+02	1.00	2.318E-168	0	243	245	0	243	245	244M
3131	3131	-7.084E+02	1.00	0.000E+00	0	576	577	0	576	577	577M
3131	6783	-7.084E+02	0.998	0.000E+00	0	575	577	0	575	577	576M
3131	10774	-7.084E+02	0.998	0.000E+00	0	575	577	0	575	577	576M
3132	3132	-5.407E+02	1.00	1.544E-235	0	380	381	0	380	381	381M
3132	6782	-5.400E+02	0.997	2.899E-235	0	379	381	0	379	381	380M
3132	10773	-5.400E+02	0.997	2.899E-235	0	379	381	0	379	381	380M
3133	3133	-4.395E+02	1.00	1.289E-191	0	312	313	0	312	313	313M
3133	6781	-4.399E+02	1.00	9.407E-192	0	311	313	0	311	313	312M
3133	10772	-4.399E+02	1.00	9.407E-192	0	311	313	0	311	313	312M
3134	3134	-7.084E+02	1.00	0.000E+00	0	670	671	0	670	671	671M
3134	6780	-7.084E+02	0.991	0.000E+00	0	669	671	0	669	671	670M
3134	10771	-7.084E+02	0.991	0.000E+00	0	669	671	0	669	671	670M
3135	3135	-7.084E+02	1.00	0.000E+00	0	606	607	0	606	607	607M
3135	6779	-7.084E+02	0.996	0.000E+00	0	605	607	0	605	607	606M
3135	10770	-7.084E+02	0.996	0.000E+00	0	605	607	0	605	607	606M
3136	3136	-7.084E+02	1.00	0.000E+00	0	547	548	0	547	548	548M
3136	6778	-7.084E+02	0.952	0.000E+00	0	546	548	47	593	595	547M
3136	10769	-7.084E+02	0.952	0.000E+00	0	546	548	47	593	595	547M
3137	3144	-7.407E+02	1.00	2.124E-322	0	468	470	0	468	470	469M
3137	6078	-7.363E+02	0.993	1.762E-320	0	468	470	0	468	470	469M
3137	10438	-7.363E+02	0.993	1.762E-320	0	468	470	0	468	470	469M
3138	3143	-7.084E+02	1.00	0.000E+00	0	711	713	0	711	713	712M
3138	6079	-7.084E+02	0.997	0.000E+00	0	711	713	0	711	713	712M
3138	10439	-7.084E+02	0.997	0.000E+00	0	711	713	0	711	713	712M
3139	3142	-4.339E+02	1.00	3.792E-189	0	291	293	0	291	293	292M
3139	6080	-4.313E+02	0.993	4.720E-188	0	291	293	0	291	293	292M
3139	10440	-4.313E+02	0.993	4.720E-188	0	291	293	0	291	293	292M
3140	3141	-1.065E+02	1.00	5.512E-47	0	81	83	0	81	83	82M
3141	3140	-1.065E+02	1.00	5.512E-47	0	81	83	0	81	83	82M
3142	3139	-4.339E+02	1.00	3.792E-189	0	291	293	0	291	293	292M
3142	6080	-4.313E+02	0.993	4.720E-188	0	291	293	0	291	293	292M
3142	10440	-4.313E+02	0.993	4.720E-188	0	291	293	0	291	293	292M
3143	3138	-7.084E+02	1.00	0.000E+00	0	711	713	0	711	713	712M
3143	6079	-7.084E+02	0.997	0.000E+00	0	711	713	0	711	713	712M
3143	10439	-7.084E+02	0.997	0.000E+00	0	711	713	0	711	713	712M
3144	3137	-7.407E+02	1.00	2.124E-322	0	468	470	0	468	470	469M
3144	6078	-7.363E+02	0.993	1.762E-320	0	468	470	0	468	470	469M
3144	10438	-7.363E+02	0.993	1.762E-320	0	468	470	0	468	470	469M
3145	3156	-1.912E+02	1.00	9.058E-84	0	133	135	0	133	135	134M
3145	7524	-1.720E+02	0.953	2.104E-75	0	127	135	0	127	811	128M
3145	9662	-1.720E+02	0.953	2.104E-75	0	127	135	0	127	811	128M
3146	3155	-3.388E+02	1.00	7.116E-148	0	227	229	0	227	229	228M
3146	7525	-3.360E+02	0.991	1.216E-146	0	227	229	0	227	229	228M
3146	9661	-3.360E+02	0.991	1.216E-146	0	227	229	0	227	229	228M
3147	3154	-6.032E+02	1.00	1.107E-262	0	417	419	0	417	419	418M
3147	7526	-6.032E+02	1.00	1.107E-262	0	417	419	8	425	427	418M
3147	9660	-6.032E+02	1.00	1.107E-262	0	417	419	8	425	427	418M
3148	3153	-4.365E+02	1.00	2.590E-190	0	301	303	0	301	303	302M
3148	7527	-4.365E+02	1.00	2.590E-190	0	301	303	0	301	303	302M
3148	9659	-4.365E+02	1.00	2.590E-190	0	301	303	0	301	303	302M
3149	3152	-2.208E+02	1.00	1.244E-96	0	154	156	0	154	156	155M
3149	7528	-2.189E+02	0.993	8.267E-96	0	154	156	0	154	156	155M
3149	9658	-2.189E+02	0.993	8.267E-96	0	154	156	0	154	156	155M
3150	3151	-4.912E+02	1.00	4.825E-214	0	312	314	0	312	314	313M
3150	7529	-4.909E+02	0.996	6.613E-214	0	312	314	0	312	314	313M
3150	9657	-4.909E+02	0.996	6.613E-214	0	312	314	0	312	314	313M
3151	3150	-4.912E+02	1.00	4.825E-214	0	312	314	0	312	314	313M
3151	7529	-4.909E+02	0.996	6.613E-214	0	312	314	0	312	314	313M
3151	9657	-4.909E+02	0.996	6.613E-214	0	312	314	0	312	314	313M
3152	3149	-2.208E+02	1.00	1.244E-96	0	154	156	0	154	156	155M
3152	7528	-2.189E+02	0.993	8.267E-96	0	154	156	0	154	156	155M
3152	9658	-2.189E+02	0.993	8.267E-96	0	154	156	0	154	156	155M
3153	3148	-4.365E+02	1.00	2.590E-190	0	301	303	0	301	303	302M
3153	7527	-4.365E+02	1.00	2.590E-190	0	301	303	0	301	303	302M
3153	9659	-4.365E+02	1.00	2.590E-190	0	301	303	0	301	303	302M
3154	3147	-6.032E+02	1.00	1.107E-262	0	417	419	0	417	419	418M
3154	7526	-6.032E+02	1.00	1.107E-262	0	417	419	8	425	427	418M
3154	9660	-6.032E+02	1.00	1.107E-262	0	417	419	8	425	427	418M
3155	3146	-3.388E+02	1.00	7.116E-148	0	227	229	0	227	229	228M
3155	7525	-3.360E+02	0.991	1.216E-146	0	227	229	0	227	229	228M
3155	9661	-3.360E+02	0.991	1.216E-146	0	227	229	0	227	229	228M
3156	3145	-1.912E+02	1.00	9.058E-84	0	133	135	0	133	135	134M
3156	7524	-1.720E+02	0.953	2.104E-75	0	127	135	0	127	811	128M
3156	9662	-1.720E+02	0.953	2.104E-75	0	127	135	0	127	811	128M
3157	3157	-3.800E+02	1.00	8.841E-166	0	243	244	0	243	244	244M
3158	3158	-2.028E+02	1.00	8.591E-89	0	143	144	0	143	144	144M
3159	3159	-6.882E+02	1.00	1.371E-299	0	467	468	0	467	468	468M
3160	3160	-5.745E+02	1.00	3.135E-250	0	364	365	0	364	365	365M
3161	3161	-2.687E+02	1.00	2.069E-117	0	184	185	0	184	185	185M
3162	3162	-2.419E+02	1.00	8.713E-106	0	163	164	0	163	164	164M
3163	3163	-2.909E+02	1.00	4.846E-127	0	202	203	0	202	203	203M
3164	3164	-2.404E+02	1.00	4.100E-105	0	169	170	0	169	170	170M
3165	3165	-7.185E+02	1.00	8.872E-313	0	471	472	0	471	472	472M
3166	3166	-2.118E+02	1.00	1.069E-92	0	153	154	0	153	154	154M
3167	3167	-2.854E+02	1.00	1.099E-124	0	190	191	0	190	191	191M
3167	4847	-2.431E+01	0.247	2.777E-11	0	166	191	3	167	210	29M1D37M1D7M1I9M1D71M4I9M
3167	8646	-2.431E+01	0.247	2.777E-11	0	166	191	3	167	210	29M1D37M1D7M1I9M1D71M4I9M
3168	3168	-2.957E+02	1.00	3.766E-129	0	206	207	0	206	207	207M
3169	3169	-1.997E+02	1.00	1.925E-87	0	142	143	0	142	143	143M
3170	3170	-3.355E+02	1.00	1.982E-146	0	225	226	0	225	226	226M
3170	6741	-1.764E+01	0.259	2.183E-08	2	224	226	4	250	261	29M1I16M7D12M1I4M8D8M18D61M6I21M1I3M2I11M2D47M
3170	10732	-1.764E+01	0.259	2.183E-08	2	224	226	4	250	261	29M1I16M7D12M1I4M8D8M18D61M6I21M1I3M2I11M2D47M
3171	3171	-1.421E+02	1.00	1.993E-62	0	105	106	0	105	106	106M
3171	5880	-1.405E+02	0.990	9.681E-62	0	104	106	0	104	106	105M
3171	10240	-1.405E+02	0.990	9.681E-62	0	104	106	0	104	106	105M
3172	3172	-4.482E+02	1.00	2.340E-195	0	303	304	0	303	304	304M
3172	5879	-4.463E+02	0.993	1.551E-194	0	302	304	0	302	304	303M
3172	10239	-4.463E+02	0.993	1.551E-194	0	302	304	0	302	304	303M
3173	3173	-5.894E+02	1.00	1.095E-256	0	410	411	0	410	411	411M
3173	5878	-5.865E+02	0.997	1.864E-255	0	409	411	0	409	411	410M
3173	10238	-5.865E+02	0.997	1.864E-255	0	409	411	0	409	411	410M
3174	3174	-3.742E+02	1.00	3.162E-163	0	254	255	0	254	255	255M
3174	5877	-3.745E+02	1.00	2.307E-163	0	253	255	0	253	255	254M
3174	10237	-3.745E+02	1.00	2.307E-163	0	253	255	0	253	255	254M
3175	3175	-4.208E+02	1.00	1.773E-183	0	268	269	0	268	269	269M
3175	5876	-4.195E+02	0.996	6.257E-183	0	267	269	0	267	269	268M
3175	10236	-4.195E+02	0.996	6.257E-183	0	267	269	0	267	269	268M
3176	3176	-7.084E+02	1.00	0.000E+00	0	529	530	0	529	530	530M
3176	5875	-7.084E+02	0.981	0.000E+00	0	528	530	0	526	528	224M2I303M
3176	10235	-7.084E+02	0.981	0.000E+00	0	528	530	0	526	528	224M2I303M
3177	3177	-7.084E+02	1.00	0.000E+00	0	572	573	0	572	573	573M
3177	5874	-7.084E+02	0.982	0.000E+00	0	571	573	1	572	574	572M
3177	10234	-7.084E+02	0.982	0.000E+00	0	571	573	1	572	574	572M
3178	3178	-5.937E+02	1.00	1.514E-258	0	406	407	0	406	407	407M
3178	5873	-5.927E+02	0.997	3.895E-258	0	405	407	0	405	407	406M
3178	10233	-5.927E+02	0.997	3.895E-258	0	405	407	0	405	407	406M
3179	3179	-8.916E+01	1.00	1.905E-39	0	62	63	0	62	63	63M
3180	3180	-3.023E+02	1.00	5.246E-132	0	207	208	0	207	208	208M
3180	5684	-3.001E+02	0.990	4.772E-131	0	206	208	0	206	208	207M
3180	9892	-3.001E+02	0.990	4.772E-131	0	206	208	0	206	208	207M
3181	3181	-7.084E+02	1.00	0.000E+00	0	894	895	0	894	895	895M
3181	5683	-7.084E+02	0.997	0.000E+00	0	893	895	0	893	895	894M
3181	9891	-7.084E+02	0.997	0.000E+00	0	893	895	0	893	895	894M
3182	3182	-6.322E+02	1.00	2.793E-275	0	431	432	0	431	432	432M
3182	5682	-6.290E+02	0.993	6.518E-274	0	430	432	0	430	432	431M
3182	9890	-6.290E+02	0.993	6.518E-274	0	430	432	0	430	432	431M
3183	3183	-4.444E+02	1.00	1.014E-193	0	296	297	0	296	297	297M
3183	5681	-4.349E+02	0.983	1.296E-189	0	295	297	0	295	297	296M
3183	9889	-4.349E+02	0.983	1.296E-189	0	295	297	0	295	297	296M
3184	3184	-3.570E+02	1.00	8.770E-156	0	243	244	0	243	244	244M
3184	5680	-3.561E+02	0.995	2.258E-155	0	242	244	0	242	244	243M
3184	9888	-3.561E+02	0.995	2.258E-155	0	242	244	0	242	244	243M
3185	3185	-6.698E+02	1.00	1.332E-291	0	429	430	0	429	430	430M
3185	5679	-6.679E+02	0.997	8.817E-291	0	428	430	0	428	430	429M
3185	9887	-6.679E+02	0.997	8.817E-291	0	428	430	0	428	430	429M
3186	3186	-7.084E+02	1.00	0.000E+00	0	595	596	0	595	596	596M
3186	5678	-7.084E+02	0.998	0.000E+00	0	594	596	0	594	596	595M
3186	9886	-7.084E+02	0.998	0.000E+00	0	594	596	0	594	596	595M
3187	3187	-7.084E+02	1.00	0.000E+00	0	692	693	0	692	693	693M
3187	6633	-7.084E+02	0.998	0.000E+00	0	691	693	0	691	693	692M
3187	8786	-7.084E+02	0.998	0.000E+00	0	691	693	0	691	693	692M
3188	3188	-3.415E+02	1.00	4.954E-149	0	225	226	0	225	226	226M
3188	6634	-3.418E+02	1.00	3.614E-149	0	224	226	0	224	226	225M
3188	8787	-3.418E+02	1.00	3.614E-149	0	224	226	0	224	226	225M
3189	3189	-4.053E+02	1.00	9.507E-177	0	269	270	0	269	270	270M
3189	6635	-4.015E+02	0.988	4.178E-175	0	268	270	0	268	270	269M
3189	8788	-4.015E+02	0.988	4.178E-175	0	268	270	0	268	270	269M
3190	3190	-7.084E+02	1.00	0.000E+00	0	819	820	0	819	820	820M
3190	6636	-7.084E+02	0.990	0.000E+00	0	818	820	0	818	820	819M
3190	8789	-7.084E+02	0.990	0.000E+00	0	818	820	0	818	820	819M
3191	3191	-3.381E+02	1.00	1.469E-147	0	230	231	0	230	231	231M
3191	6637	-3.280E+02	0.965	3.543E-143	0	229	231	0	229	231	230M
3191	8790	-3.280E+02	0.965	3.543E-143	0	229	231	0	229	231	230M
3192	3192	-2.708E+02	1.00	2.500E-118	0	186	187	0	186	187	187M
3192	6638	-2.679E+02	0.983	4.276E-117	0	185	187	0	185	187	186M
3192	8791	-2.679E+02	0.983	4.276E-117	0	185	187	0	185	187	186M
3193	3193	-3.031E+02	1.00	2.422E-132	0	204	205	0	204	205	205M
3193	6639	-3.034E+02	1.00	1.767E-132	0	203	205	0	203	205	204M
3193	8792	-3.034E+02	1.00	1.767E-132	0	203	205	0	203	205	204M
3194	3194	-5.075E+02	1.00	3.883E-221	0	341	342	0	341	342	342M
3194	6640	-5.053E+02	0.997	3.525E-220	0	340	342	0	340	342	341M
3194	8793	-5.053E+02	0.997	3.525E-220	0	340	342	0	340	342	341M
3195	3195	-3.796E+02	1.00	1.353E-165	0	252	253	0	252	253	253M
3195	6641	-3.784E+02	0.996	4.776E-165	0	252	253	0	252	336	253M
3195	8794	-3.784E+02	0.996	4.776E-165	0	252	253	0	252	336	253M
3196	3205	-3.915E+02	1.00	9.585E-171	0	267	269	0	267	269	268M
3196	7434	-3.817E+02	0.981	1.681E-166	2	267	269	432	697	699	266M
3196	11289	-3.817E+02	0.981	1.681E-166	2	267	269	432	697	699	266M
3197	3204	-3.397E+01	1.00	1.759E-15	0	30	32	0	30	32	31M
3197	7433	-3.397E+01	1.00	1.759E-15	0	30	32	0	30	32	31M
3197	11290	-3.397E+01	1.00	1.759E-15	0	30	32	0	30	32	31M
3198	3203	-7.084E+02	1.00	0.000E+00	0	741	743	0	741	743	742M
3198	7432	-7.084E+02	0.995	0.000E+00	0	741	743	0	741	743	742M
3198	11291	-7.084E+02	0.995	0.000E+00	0	741	743	0	741	743	742M
3199	3202	-2.125E+02	1.00	5.063E-93	0	143	145	0	143	145	144M
3199	7431	-2.125E+02	1.00	5.063E-93	0	143	145	0	143	145	144M
3199	11292	-2.125E+02	1.00	5.063E-93	0	143	145	0	143	145	144M
3200	3201	-5.726E+02	1.00	2.155E-249	0	384	386	0	384	386	385M
3200	7430	-5.682E+02	0.992	1.774E-247	0	384	386	0	384	386	385M
3200	11293	-5.682E+02	0.992	1.774E-247	0	384	386	0	384	386	385M
3201	3200	-5.726E+02	1.00	2.155E-249	0	384	386	0	384	386	385M
3201	7430	-5.682E+02	0.992	1.774E-247	0	384	386	0	384	386	385M
3201	11293	-5.682E+02	0.992	1.774E-247	0	384	386	0	384	386	385M
3202	3199	-2.125E+02	1.00	5.063E-93	0	143	145	0	143	145	144M
3202	7431	-2.125E+02	1.00	5.063E-93	0	143	145	0	143	145	144M
3202	11292	-2.125E+02	1.00	5.063E-93	0	143	145	0	143	145	144M
3203	3198	-7.084E+02	1.00	0.000E+00	0	741	743	0	741	743	742M
3203	7432	-7.084E+02	0.995	0.000E+00	0	741	743	0	741	743	742M
3203	11291	-7.084E+02	0.995	0.000E+00	0	741	743	0	741	743	742M
3204	3197	-3.397E+01	1.00	1.759E-15	0	30	32	0	30	32	31M
3204	7433	-3.397E+01	1.00	1.759E-15	0	30	32	0	30	32	31M
3204	11290	-3.397E+01	1.00	1.759E-15	0	30	32	0	30	32	31M
3205	3196	-3.915E+02	1.00	9.585E-171	0	267	269	0	267	269	268M
3205	7434	-3.817E+02	0.981	1.681E-166	2	267	269	432	697	699	266M
3205	11289	-3.817E+02	0.981	1.681E-166	2	267	269	432	697	699	266M
3206	3206	-4.440E+02	1.00	1.493E-193	0	311	312	0	311	312	312M
3206	5108	-4.424E+02	0.996	7.217E-193	0	310	312	17	327	329	311M
3206	9168	-4.424E+02	0.996	7.217E-193	0	310	312	17	327	329	311M
3207	3207	-3.488E+02	1.00	3.339E-152	0	244	245	0	244	245	245M
3207	5109	-3.491E+02	1.00	2.436E-152	0	243	245	0	243	245	244M
3207	9169	-3.491E+02	1.00	2.436E-152	0	243	245	0	243	245	244M
3208	3208	-9.785E+01	1.00	3.191E-43	0	78	79	0	78	79	79M
3208	5110	-9.817E+01	1.00	2.325E-43	0	77	79	0	77	79	78M
3208	9170	-9.817E+01	1.00	2.325E-43	0	77	79	0	77	79	78M
3209	3209	-2.267E+02	1.00	3.403E-99	0	157	158	0	157	158	158M
3209	5111	-2.270E+02	1.00	2.482E-99	0	156	158	0	156	158	157M
3209	9171	-2.270E+02	1.00	2.482E-99	0	156	158	0	156	158	157M
3210	3210	-3.760E+02	1.00	4.999E-164	0	255	256	0	255	256	256M
3210	5112	-3.732E+02	0.996	8.534E-163	0	254	256	0	254	256	255M
3210	9172	-3.732E+02	0.996	8.534E-163	0	254	256	0	254	256	255M
3211	3211	-3.324E+02	1.00	4.428E-145	0	224	225	0	224	225	225M
3211	5113	-3.327E+02	1.00	3.230E-145	0	223	225	0	223	225	224M
3211	9173	-3.327E+02	1.00	3.230E-145	0	223	225	0	223	225	224M
3212	3212	-3.184E+02	1.00	5.090E-139	0	219	220	0	219	220	220M
3212	5114	-3.178E+02	0.995	9.565E-139	0	218	220	0	218	220	219M
3212	9174	-3.178E+02	0.995	9.565E-139	0	218	220	0	218	220	219M
3213	3213	-7.084E+02	1.00	0.000E+00	0	593	594	0	593	594	594M
3213	5115	-7.084E+02	0.993	0.000E+00	0	592	594	0	592	594	593M
3213	9175	-7.084E+02	0.993	0.000E+00	0	592	594	0	592	594	593M
3214	3214	-2.746E+02	1.00	5.672E-120	0	186	187	0	186	187	187M
3214	5116	-2.692E+02	0.978	1.211E-117	0	185	187	0	185	187	186M
3214	9176	-2.692E+02	0.978	1.211E-117	0	185	187	0	185	187	186M
3215	3215	-1.869E+02	1.00	7.022E-82	0	126	127	0	126	127	127M
3215	5117	-1.872E+02	1.00	5.120E-82	0	125	127	0	125	127	126M
3215	9177	-1.872E+02	1.00	5.120E-82	0	125	127	0	125	127	126M
3216	3216	-2.992E+02	1.00	1.188E-130	0	193	194	0	193	194	194M
3216	5118	-2.995E+02	1.00	8.664E-131	0	192	194	0	192	194	193M
3216	9178	-2.995E+02	1.00	8.664E-131	0	192	194	0	192	194	193M
3217	3217	-1.317E+02	1.00	6.593E-58	0	98	99	0	98	99	99M
3217	5119	-1.320E+02	1.00	4.806E-58	0	97	99	0	97	99	98M
3217	9179	-1.320E+02	1.00	4.806E-58	0	97	99	0	97	99	98M
3218	3218	-4.646E+02	1.00	1.747E-202	0	316	317	0	316	317	317M
3218	5120	-4.649E+02	1.00	1.275E-202	0	315	317	0	315	317	316M
3218	9180	-4.649E+02	1.00	1.275E-202	0	315	317	0	315	317	316M
3219	3219	-3.258E+02	1.00	3.175E-142	0	223	224	0	223	224	224M
3219	6102	-3.170E+02	0.973	2.170E-138	0	223	224	0	223	246	224M
3219	10462	-3.170E+02	0.973	2.170E-138	0	223	224	0	223	246	224M
3220	3220	-4.713E+02	1.00	2.000E-205	0	306	307	0	306	307	307M
3220	6103	-4.647E+02	0.980	1.499E-202	0	305	307	0	305	307	306M
3220	10463	-4.647E+02	0.980	1.499E-202	0	305	307	0	305	307	306M
3221	3221	-4.508E+02	1.00	1.587E-196	0	286	287	0	286	287	287M
3221	6104	-4.464E+02	0.989	1.310E-194	0	285	287	0	285	287	286M
3221	10464	-4.464E+02	0.989	1.310E-194	0	285	287	0	285	287	286M
3222	3222	-3.048E+02	1.00	4.411E-133	0	208	209	0	208	209	209M
3222	6105	-2.937E+02	0.971	2.746E-128	0	206	209	0	206	209	207M
3222	10465	-2.937E+02	0.971	2.746E-128	0	206	209	0	206	209	207M
3223	3223	-4.583E+02	1.00	8.877E-200	0	301	302	0	301	302	302M
3223	6106	-4.568E+02	0.996	4.292E-199	0	300	302	0	300	302	301M
3223	10466	-4.568E+02	0.996	4.292E-199	0	300	302	0	300	302	301M
3224	3224	-1.936E+02	1.00	8.137E-85	0	143	144	0	143	144	144M
3224	6107	-1.924E+02	0.993	2.877E-84	0	142	144	0	142	144	143M
3224	10467	-1.924E+02	0.993	2.877E-84	0	142	144	0	142	144	143M
3225	3225	-3.265E+02	1.00	1.636E-142	0	229	230	0	229	230	230M
3225	6108	-3.246E+02	0.991	1.085E-141	0	228	230	0	228	230	229M
3225	10468	-3.246E+02	0.991	1.085E-141	0	228	230	0	228	230	229M
3226	3226	-7.084E+02	1.00	0.000E+00	0	496	497	0	496	497	497M
3226	6109	-7.084E+02	0.989	0.000E+00	0	495	497	0	495	497	496M
3226	10469	-7.084E+02	0.989	0.000E+00	0	495	497	0	495	497	496M
3227	3227	-3.261E+02	1.00	2.465E-142	0	211	212	0	211	212	212M
3227	6110	-3.141E+02	0.957	3.953E-137	0	210	212	0	210	212	211M
3227	10470	-3.141E+02	0.957	3.953E-137	0	210	212	0	210	212	211M
3228	3228	-2.983E+02	1.00	2.701E-130	0	197	198	0	197	198	198M
3228	6111	-2.923E+02	0.979	1.083E-127	0	196	198	0	196	198	197M
3228	10471	-2.923E+02	0.979	1.083E-127	0	196	198	0	196	198	197M
3229	3229	-5.623E+02	1.00	5.979E-245	0	395	396	0	395	396	396M
3229	6112	-5.491E+02	0.974	3.331E-239	0	394	396	0	394	396	395M
3229	10472	-5.491E+02	0.974	3.331E-239	0	394	396	0	394	396	395M
3230	3230	-3.463E+02	1.00	4.168E-151	0	224	225	0	224	225	225M
3231	3231	-2.666E+02	1.00	1.681E-116	0	175	176	0	175	176	176M
3231	6423	-2.637E+02	0.994	2.877E-115	0	174	176	42	216	218	175M
3231	10696	-2.637E+02	0.994	2.877E-115	0	174	176	42	216	218	175M
3232	3232	-4.011E+02	1.00	6.450E-175	0	285	286	0	285	286	286M
3232	6424	-3.935E+02	0.978	1.244E-171	0	284	286	0	284	286	285M
3232	10695	-3.935E+02	0.978	1.244E-171	0	284	286	0	284	286	285M
3233	3233	-9.647E+01	1.00	1.273E-42	0	74	75	0	74	75	75M
3234	3234	-4.713E+02	1.00	2.125E-205	0	314	315	0	314	315	315M
3234	6426	-4.691E+02	0.996	1.929E-204	0	313	315	0	313	315	314M
3234	10693	-4.691E+02	0.996	1.929E-204	0	313	315	0	313	315	314M
3235	3235	-7.084E+02	1.00	0.000E+00	0	650	651	0	650	651	651M
3235	6427	-7.084E+02	0.995	0.000E+00	0	649	651	0	649	651	650M
3235	10692	-7.084E+02	0.995	0.000E+00	0	649	651	0	649	651	650M
3236	3236	-2.258E+02	1.00	9.021E-99	0	151	152	0	151	152	152M
3236	6428	-2.258E+02	0.993	9.021E-99	0	150	152	0	150	152	151M
3236	10691	-2.258E+02	0.993	9.021E-99	0	150	152	0	150	152	151M
3237	3237	-4.725E+02	1.00	6.436E-206	0	302	303	0	302	303	303M
3237	6429	-4.681E+02	0.990	5.310E-204	0	301	303	0	301	303	302M
3237	10690	-4.681E+02	0.990	5.310E-204	0	301	303	0	301	303	302M
3238	3238	-1.340E+02	1.00	6.390E-59	0	102	103	0	102	103	103M
3238	6430	-1.343E+02	1.00	4.658E-59	0	101	103	0	101	103	102M
3238	10689	-1.343E+02	1.00	4.658E-59	0	101	103	0	101	103	102M
3239	3239	-2.155E+02	1.00	2.489E-94	0	147	148	0	147	148	148M
3239	6431	-2.158E+02	1.00	1.815E-94	0	146	148	0	146	148	147M
3239	10688	-2.158E+02	1.00	1.815E-94	0	146	148	0	146	148	147M
3240	3240	-3.609E+02	1.00	1.786E-157	0	234	235	0	234	235	235M
3240	6432	-3.527E+02	0.982	6.496E-154	0	233	235	0	233	235	234M
3240	10687	-3.527E+02	0.982	6.496E-154	0	233	235	0	233	235	234M
3241	3241	-9.055E+01	1.00	4.722E-40	0	72	73	0	72	73	73M
3241	6433	-9.087E+01	1.00	3.440E-40	0	71	73	0	71	73	72M
3241	10686	-9.087E+01	1.00	3.440E-40	0	71	73	0	71	73	72M
3242	3242	-1.946E+02	1.00	3.213E-85	0	150	151	0	150	151	151M
3242	6434	-1.946E+02	0.993	3.213E-85	0	149	151	0	149	151	150M
3242	10685	-1.946E+02	0.993	3.213E-85	0	149	151	0	149	151	150M
3243	3243	-4.015E+02	1.00	4.317E-175	0	263	264	0	263	264	264M
3243	6435	-4.005E+02	0.996	1.111E-174	0	262	264	43	305	307	263M
3243	10684	-4.005E+02	0.996	1.111E-174	0	262	264	43	305	307	263M
3244	3259	-4.621E+02	1.00	2.147E-201	0	308	310	0	308	310	309M
3244	8329	-2.668E+02	0.617	1.374E-116	0	305	310	0	304	317	84M1I221M
3244	12115	-2.668E+02	0.617	1.374E-116	0	305	310	0	304	317	84M1I221M
3245	3258	-2.467E+02	1.00	6.890E-108	0	173	175	0	173	175	174M
3246	3257	-2.563E+02	1.00	4.849E-112	0	171	173	0	171	173	172M
3246	8332	-2.563E+02	1.00	4.849E-112	0	171	173	0	171	173	172M
3246	12112	-2.563E+02	1.00	4.849E-112	0	171	173	0	171	173	172M
3247	3256	-1.219E+02	1.00	1.105E-53	0	89	91	0	89	91	90M
3248	3255	-1.502E+02	1.00	5.647E-66	0	105	107	0	105	107	106M
3249	3254	-8.774E+01	1.00	7.880E-39	0	64	66	0	64	66	65M
3250	3253	-1.005E+02	1.00	2.183E-44	0	74	76	0	74	76	75M
3250	5933	-3.363E+01	0.453	2.479E-15	7	70	76	10	73	78	64M
3250	10293	-3.363E+01	0.453	2.479E-15	7	70	76	10	73	78	64M
3251	3252	-9.978E+01	1.00	4.617E-44	0	70	72	0	70	72	71M
3251	5927	-6.208E+01	0.661	1.094E-27	0	70	72	0	67	72	5M3I63M
3251	10287	-6.208E+01	0.661	1.094E-27	0	70	72	0	67	72	5M3I63M
3252	3251	-9.978E+01	1.00	4.617E-44	0	70	72	0	70	72	71M
3252	5927	-6.208E+01	0.661	1.094E-27	0	70	72	0	67	72	5M3I63M
3252	10287	-6.208E+01	0.661	1.094E-27	0	70	72	0	67	72	5M3I63M
3253	3250	-1.005E+02	1.00	2.183E-44	0	74	76	0	74	76	75M
3253	5933	-3.363E+01	0.453	2.479E-15	7	70	76	10	73	78	64M
3253	10293	-3.363E+01	0.453	2.479E-15	7	70	76	10	73	78	64M
3254	3249	-8.774E+01	1.00	7.880E-39	0	64	66	0	64	66	65M
3255	3248	-1.502E+02	1.00	5.647E-66	0	105	107	0	105	107	106M
3256	3247	-1.219E+02	1.00	1.105E-53	0	89	91	0	89	91	90M
3257	3246	-2.563E+02	1.00	4.849E-112	0	171	173	0	171	173	172M
3257	8332	-2.563E+02	1.00	4.849E-112	0	171	173	0	171	173	172M
3257	12112	-2.563E+02	1.00	4.849E-112	0	171	173	0	171	173	172M
3258	3245	-2.467E+02	1.00	6.890E-108	0	173	175	0	173	175	174M
3259	3244	-4.621E+02	1.00	2.147E-201	0	308	310	0	308	310	309M
3259	8329	-2.668E+02	0.617	1.374E-116	0	305	310	0	304	317	84M1I221M
3259	12115	-2.668E+02	0.617	1.374E-116	0	305	310	0	304	317	84M1I221M
3260	3267	-4.165E+02	1.00	1.372E-181	0	279	281	0	279	281	280M
3260	7147	-3.884E+02	0.996	2.092E-169	0	263	281	0	263	265	264M
3260	11027	-3.884E+02	0.996	2.092E-169	0	263	281	0	263	265	264M
3261	3266	-5.515E+02	1.00	3.027E-240	0	356	358	0	356	358	357M
3261	7148	-5.487E+02	0.994	5.160E-239	0	356	358	0	356	358	357M
3261	11028	-5.487E+02	0.994	5.160E-239	0	356	358	0	356	358	357M
3262	3265	-6.213E+02	1.00	1.531E-270	0	414	416	0	414	416	415M
3262	7149	-6.213E+02	1.00	1.531E-270	0	414	416	0	414	416	415M
3262	11029	-6.213E+02	1.00	1.531E-270	0	414	416	0	414	416	415M
3263	3264	-5.844E+02	1.00	1.640E-254	0	388	390	0	388	390	389M
3263	7150	-5.787E+02	0.984	4.761E-252	0	388	390	0	388	390	389M
3263	11030	-5.787E+02	0.984	4.761E-252	0	388	390	0	388	390	389M
3264	3263	-5.844E+02	1.00	1.640E-254	0	388	390	0	388	390	389M
3264	7150	-5.787E+02	0.984	4.761E-252	0	388	390	0	388	390	389M
3264	11030	-5.787E+02	0.984	4.761E-252	0	388	390	0	388	390	389M
3265	3262	-6.213E+02	1.00	1.531E-270	0	414	416	0	414	416	415M
3265	7149	-6.213E+02	1.00	1.531E-270	0	414	416	0	414	416	415M
3265	11029	-6.213E+02	1.00	1.531E-270	0	414	416	0	414	416	415M
3266	3261	-5.515E+02	1.00	3.027E-240	0	356	358	0	356	358	357M
3266	7148	-5.487E+02	0.994	5.160E-239	0	356	358	0	356	358	357M
3266	11028	-5.487E+02	0.994	5.160E-239	0	356	358	0	356	358	357M
3267	3260	-4.165E+02	1.00	1.372E-181	0	279	281	0	279	281	280M
3267	7147	-3.884E+02	0.996	2.092E-169	0	263	281	0	263	265	264M
3267	11027	-3.884E+02	0.996	2.092E-169	0	263	281	0	263	265	264M
3268	3268	-5.041E+02	1.00	1.158E-219	0	353	354	0	353	354	354M
3268	7714	-5.025E+02	0.997	5.595E-219	0	352	354	0	352	354	353M
3268	11534	-5.025E+02	0.997	5.595E-219	0	352	354	0	352	354	353M
3269	3269	-7.084E+02	1.00	0.000E+00	0	515	516	0	515	516	516M
3269	7715	-7.084E+02	0.994	0.000E+00	0	514	516	0	514	516	515M
3269	11533	-7.084E+02	0.994	0.000E+00	0	514	516	0	514	516	515M
3270	3270	-4.240E+02	1.00	7.002E-185	0	273	274	0	273	274	274M
3270	7716	-4.225E+02	0.992	3.387E-184	0	272	274	0	272	274	273M
3270	11532	-4.225E+02	0.992	3.387E-184	0	272	274	0	272	274	273M
3271	3271	-7.084E+02	1.00	0.000E+00	0	528	529	0	528	529	529M
3271	7717	-7.084E+02	0.979	0.000E+00	0	527	529	0	527	529	528M
3271	11531	-7.084E+02	0.979	0.000E+00	0	527	529	0	527	529	528M
3272	3272	-6.408E+02	1.00	5.016E-279	0	442	443	0	442	443	443M
3272	7718	-6.386E+02	0.995	4.549E-278	0	441	443	0	441	443	442M
3272	11530	-6.386E+02	0.995	4.549E-278	0	441	443	0	441	443	442M
3273	3273	-6.043E+02	1.00	3.576E-263	0	387	388	0	387	388	388M
3273	7719	-5.816E+02	0.958	2.545E-253	0	386	388	0	386	388	387M
3273	11529	-5.816E+02	0.958	2.545E-253	0	386	388	0	386	388	387M
3274	3274	-4.826E+02	1.00	2.666E-210	0	322	323	0	322	323	323M
3274	7720	-4.807E+02	0.993	1.766E-209	0	321	323	0	321	323	322M
3274	11528	-4.807E+02	0.993	1.766E-209	0	321	323	0	321	323	322M
3275	3275	-3.215E+02	1.00	2.351E-140	0	214	215	0	214	215	215M
3275	7721	-3.155E+02	0.976	9.414E-138	0	213	215	0	213	215	214M
3275	11527	-3.155E+02	0.976	9.414E-138	0	213	215	0	213	215	214M
3276	3276	-2.108E+02	1.00	2.702E-92	0	146	147	0	146	147	147M
3276	7722	-2.017E+02	0.965	2.557E-88	0	144	147	0	144	147	145M
3276	11526	-2.017E+02	0.965	2.557E-88	0	144	147	0	144	147	145M
3277	3277	-1.406E+02	1.00	8.977E-62	0	97	98	0	97	98	98M
3277	6814	-1.377E+02	0.989	1.545E-60	0	97	98	0	97	155	98M
3277	10805	-1.377E+02	0.989	1.545E-60	0	97	98	0	97	155	98M
3278	3281	-1.439E+02	1.00	3.213E-63	0	99	101	0	99	101	100M
3278	6813	-1.411E+02	0.980	5.528E-62	0	99	101	0	99	101	100M
3278	10804	-1.411E+02	0.980	5.528E-62	0	99	101	0	99	101	100M
3279	3280	-6.864E+02	1.00	7.814E-299	0	456	458	0	456	458	457M
3279	6812	-6.864E+02	1.00	7.814E-299	0	456	458	0	456	458	457M
3279	10803	-6.864E+02	1.00	7.814E-299	0	456	458	0	456	458	457M
3280	3279	-6.864E+02	1.00	7.814E-299	0	456	458	0	456	458	457M
3280	6812	-6.864E+02	1.00	7.814E-299	0	456	458	0	456	458	457M
3280	10803	-6.864E+02	1.00	7.814E-299	0	456	458	0	456	458	457M
3281	3278	-1.439E+02	1.00	3.213E-63	0	99	101	0	99	101	100M
3281	6813	-1.411E+02	0.980	5.528E-62	0	99	101	0	99	101	100M
3281	10804	-1.411E+02	0.980	5.528E-62	0	99	101	0	99	101	100M
3282	3282	-1.525E+02	1.00	6.181E-67	0	106	107	0	106	107	107M
3282	6814	-1.389E+02	0.989	4.937E-61	0	98	107	0	98	155	99M
3282	10805	-1.389E+02	0.989	4.937E-61	0	98	107	0	98	155	99M
3283	3283	-2.240E+02	1.00	5.049E-98	0	154	155	0	154	155	155M
3283	6814	-2.215E+02	0.993	6.308E-97	0	153	155	0	153	155	154M
3283	10805	-2.215E+02	0.993	6.308E-97	0	153	155	0	153	155	154M
3284	3278	-1.439E+02	1.00	3.213E-63	0	99	101	0	99	101	100M
3284	6813	-1.411E+02	0.980	5.528E-62	0	99	101	0	99	101	100M
3284	10804	-1.411E+02	0.980	5.528E-62	0	99	101	0	99	101	100M
3285	3279	-6.864E+02	1.00	7.814E-299	0	456	458	0	456	458	457M
3285	6812	-6.864E+02	1.00	7.814E-299	0	456	458	0	456	458	457M
3285	10803	-6.864E+02	1.00	7.814E-299	0	456	458	0	456	458	457M
3286	3279	-6.864E+02	1.00	7.814E-299	0	456	458	0	456	458	457M
3286	6812	-6.864E+02	1.00	7.814E-299	0	456	458	0	456	458	457M
3286	10803	-6.864E+02	1.00	7.814E-299	0	456	458	0	456	458	457M
3287	3278	-1.439E+02	1.00	3.213E-63	0	99	101	0	99	101	100M
3287	6813	-1.411E+02	0.980	5.528E-62	0	99	101	0	99	101	100M
3287	10804	-1.411E+02	0.980	5.528E-62	0	99	101	0	99	101	100M
3288	3277	-1.406E+02	1.00	8.977E-62	0	97	98	0	97	98	98M
3288	6814	-1.377E+02	0.989	1.545E-60	0	97	98	0	97	155	98M
3288	10805	-1.377E+02	0.989	1.545E-60	0	97	98	0	97	155	98M
3289	3299	-3.893E+02	1.00	8.734E-170	0	247	249	0	247	249	248M
3289	5224	-3.760E+02	0.959	4.926E-164	0	247	249	0	247	249	248M
3289	9284	-3.760E+02	0.959	4.926E-164	0	247	249	0	247	249	248M
3290	3298	-6.768E+02	1.00	1.206E-294	0	467	469	0	467	469	468M
3290	5223	-6.733E+02	0.995	3.856E-293	0	467	469	0	467	469	468M
3290	9283	-6.733E+02	0.995	3.856E-293	0	467	469	0	467	469	468M
3291	3297	-6.656E+02	1.00	8.174E-290	0	415	417	0	415	417	416M
3291	5222	-6.600E+02	0.990	2.374E-287	0	415	417	0	415	417	416M
3291	9282	-6.600E+02	0.990	2.374E-287	0	415	417	0	415	417	416M
3292	3296	-2.107E+02	1.00	3.120E-92	0	148	150	0	148	150	149M
3292	5221	-2.107E+02	1.00	3.120E-92	0	148	150	0	148	150	149M
3292	9281	-2.107E+02	1.00	3.120E-92	0	148	150	0	148	150	149M
3293	3295	-2.814E+02	1.00	5.925E-123	0	180	182	0	180	182	181M
3293	5220	-2.704E+02	0.983	3.703E-118	0	177	182	0	177	179	178M
3293	9280	-2.704E+02	0.983	3.703E-118	0	177	182	0	177	179	178M
3294	3294	-1.572E+02	1.00	5.398E-69	0	106	107	0	106	107	107M
3295	3293	-2.814E+02	1.00	5.925E-123	0	180	182	0	180	182	181M
3295	5220	-2.704E+02	0.983	3.703E-118	0	177	182	0	177	179	178M
3295	9280	-2.704E+02	0.983	3.703E-118	0	177	182	0	177	179	178M
3296	3292	-2.107E+02	1.00	3.120E-92	0	148	150	0	148	150	149M
3296	5221	-2.107E+02	1.00	3.120E-92	0	148	150	0	148	150	149M
3296	9281	-2.107E+02	1.00	3.120E-92	0	148	150	0	148	150	149M
3297	3291	-6.656E+02	1.00	8.174E-290	0	415	417	0	415	417	416M
3297	5222	-6.600E+02	0.990	2.374E-287	0	415	417	0	415	417	416M
3297	9282	-6.600E+02	0.990	2.374E-287	0	415	417	0	415	417	416M
3298	3290	-6.768E+02	1.00	1.206E-294	0	467	469	0	467	469	468M
3298	5223	-6.733E+02	0.995	3.856E-293	0	467	469	0	467	469	468M
3298	9283	-6.733E+02	0.995	3.856E-293	0	467	469	0	467	469	468M
3299	3289	-3.893E+02	1.00	8.734E-170	0	247	249	0	247	249	248M
3299	5224	-3.760E+02	0.959	4.926E-164	0	247	249	0	247	249	248M
3299	9284	-3.760E+02	0.959	4.926E-164	0	247	249	0	247	249	248M
3300	3300	-2.114E+02	1.00	1.582E-92	0	148	149	0	148	149	149M
3300	6657	-1.874E+02	0.891	4.159E-82	0	147	149	0	147	149	148M
3300	8810	-1.874E+02	0.891	4.159E-82	0	147	149	0	147	149	148M
3301	3301	-4.497E+02	1.00	5.174E-196	0	291	292	0	291	292	292M
3301	6656	-4.481E+02	0.993	2.502E-195	0	290	292	10	300	302	291M
3301	8809	-4.481E+02	0.993	2.502E-195	0	290	292	10	300	302	291M
3302	3302	-3.508E+02	1.00	4.645E-153	0	249	250	0	249	250	250M
3302	6655	-3.489E+02	0.991	3.080E-152	0	248	250	0	248	250	249M
3302	8808	-3.489E+02	0.991	3.080E-152	0	248	250	0	248	250	249M
3303	3303	-6.814E+02	1.00	1.127E-296	0	442	443	0	442	443	443M
3303	6654	-6.786E+02	0.995	1.920E-295	0	441	443	0	441	443	442M
3303	8807	-6.786E+02	0.995	1.920E-295	0	441	443	0	441	443	442M
3304	3304	-4.428E+02	1.00	4.997E-193	0	283	284	0	283	284	284M
3304	6653	-4.324E+02	0.978	1.647E-188	2	282	284	0	280	282	281M
3304	8806	-4.324E+02	0.978	1.647E-188	2	282	284	0	280	282	281M
3305	3305	-4.978E+02	1.00	6.707E-217	0	334	335	0	334	335	335M
3305	6652	-4.933E+02	0.985	5.527E-215	0	333	335	0	333	335	334M
3305	8805	-4.933E+02	0.985	5.527E-215	0	333	335	0	333	335	334M
3306	3306	-7.084E+02	1.00	0.000E+00	0	1228	1229	0	1228	1229	1229M
3306	6651	-7.084E+02	0.999	0.000E+00	0	1227	1229	0	1227	1229	1228M
3306	8804	-7.084E+02	0.999	0.000E+00	0	1227	1229	0	1227	1229	1228M
3307	3314	-6.375E+02	1.00	1.433E-277	0	425	427	0	425	427	426M
3307	6811	-6.271E+02	0.983	4.688E-273	0	425	427	4	429	431	426M
3307	10802	-6.271E+02	0.983	4.688E-273	0	425	427	4	429	431	426M
3308	3313	-6.011E+02	1.00	8.554E-262	0	400	402	0	400	402	401M
3308	6810	-5.977E+02	0.992	2.737E-260	0	400	402	0	400	402	401M
3308	10801	-5.977E+02	0.992	2.737E-260	0	400	402	0	400	402	401M
3309	3312	-6.428E+02	1.00	7.165E-280	0	406	408	0	406	408	407M
3309	6809	-6.405E+02	0.997	6.503E-279	0	406	408	0	406	408	407M
3309	10800	-6.405E+02	0.997	6.503E-279	0	406	408	0	406	408	407M
3310	3311	-4.992E+02	1.00	1.556E-217	0	322	324	0	322	324	323M
3310	6808	-4.894E+02	0.996	2.723E-213	0	317	324	0	317	322	318M
3310	10799	-4.894E+02	0.996	2.723E-213	0	317	324	0	317	322	318M
3311	3310	-4.992E+02	1.00	1.556E-217	0	322	324	0	322	324	323M
3311	6808	-4.894E+02	0.996	2.723E-213	0	317	324	0	317	322	318M
3311	10799	-4.894E+02	0.996	2.723E-213	0	317	324	0	317	322	318M
3312	3309	-6.428E+02	1.00	7.165E-280	0	406	408	0	406	408	407M
3312	6809	-6.405E+02	0.997	6.503E-279	0	406	408	0	406	408	407M
3312	10800	-6.405E+02	0.997	6.503E-279	0	406	408	0	406	408	407M
3313	3308	-6.011E+02	1.00	8.554E-262	0	400	402	0	400	402	401M
3313	6810	-5.977E+02	0.992	2.737E-260	0	400	402	0	400	402	401M
3313	10801	-5.977E+02	0.992	2.737E-260	0	400	402	0	400	402	401M
3314	3307	-6.375E+02	1.00	1.433E-277	0	425	427	0	425	427	426M
3314	6811	-6.271E+02	0.983	4.688E-273	0	425	427	4	429	431	426M
3314	10802	-6.271E+02	0.983	4.688E-273	0	425	427	4	429	431	426M
3315	3315	-3.715E+02	1.00	4.618E-162	0	244	245	0	244	245	245M
3315	5096	-3.428E+02	0.922	1.334E-149	0	243	245	0	243	245	244M
3315	9156	-3.428E+02	0.922	1.334E-149	0	243	245	0	243	245	244M
3316	3316	-6.740E+02	1.00	1.926E-293	0	426	427	0	426	427	427M
3316	5097	-6.696E+02	0.992	1.586E-291	0	425	427	0	425	427	426M
3316	9157	-6.696E+02	0.992	1.586E-291	0	425	427	0	425	427	426M
3317	3317	-5.819E+02	1.00	1.858E-253	0	387	388	0	387	388	388M
3317	5098	-5.640E+02	0.976	1.170E-245	2	386	388	0	384	386	385M
3317	9158	-5.640E+02	0.976	1.170E-245	2	386	388	0	384	386	385M
3318	3318	-3.876E+02	1.00	4.431E-169	0	249	250	0	249	250	250M
3318	5099	-3.747E+02	0.963	1.823E-163	0	248	250	0	248	250	249M
3318	9159	-3.747E+02	0.963	1.823E-163	0	248	250	0	248	250	249M
3319	3319	-3.235E+02	1.00	3.125E-141	0	218	219	0	218	219	219M
3319	5100	-3.169E+02	0.995	2.350E-138	0	213	219	0	213	215	214M
3319	9160	-3.169E+02	0.995	2.350E-138	0	213	219	0	213	215	214M
3320	3320	-4.574E+02	1.00	2.209E-199	0	307	308	0	307	308	308M
3320	5101	-4.574E+02	0.996	2.209E-199	0	306	308	0	306	308	307M
3320	9161	-4.574E+02	0.996	2.209E-199	0	306	308	0	306	308	307M
3321	3321	-2.898E+02	1.00	1.416E-126	0	198	199	0	198	199	199M
3321	5102	-2.901E+02	1.00	1.033E-126	0	197	199	0	197	199	198M
3321	9162	-2.901E+02	1.00	1.033E-126	0	197	199	0	197	199	198M
3322	3322	-3.751E+02	1.00	1.287E-163	0	255	256	0	255	256	256M
3322	5103	-3.754E+02	1.00	9.391E-164	0	254	256	0	254	256	255M
3322	9163	-3.754E+02	1.00	9.391E-164	0	254	256	0	254	256	255M
3323	3323	-3.096E+02	1.00	3.373E-135	0	205	206	0	205	206	206M
3323	5104	-3.099E+02	1.00	2.461E-135	0	204	206	0	204	206	205M
3323	9164	-3.099E+02	1.00	2.461E-135	0	204	206	0	204	206	205M
3324	3324	-3.521E+02	1.00	1.180E-153	0	220	221	0	220	221	221M
3324	5105	-3.515E+02	0.995	2.217E-153	0	219	221	0	219	221	220M
3324	9165	-3.515E+02	0.995	2.217E-153	0	219	221	0	219	221	220M
3325	3325	-2.825E+02	1.00	2.130E-123	0	186	187	0	186	187	187M
3325	5106	-2.828E+02	1.00	1.554E-123	0	185	187	0	185	187	186M
3325	9166	-2.828E+02	1.00	1.554E-123	0	185	187	0	185	187	186M
3326	3326	-7.939E+01	1.00	3.338E-35	0	61	62	0	61	62	62M
3326	5107	-7.970E+01	1.00	2.431E-35	0	60	62	0	60	62	61M
3326	9167	-7.970E+01	1.00	2.431E-35	0	60	62	0	60	62	61M
3327	2320	-4.838E+01	1.00	9.763E-22	0	40	42	0	40	42	41M
3327	5671	-4.838E+01	1.00	9.763E-22	0	40	42	16	56	58	41M
3327	9030	-4.838E+01	1.00	9.763E-22	0	40	42	16	56	58	41M
3328	3328	-4.407E+02	1.00	3.870E-192	0	293	294	0	293	294	294M
3328	6277	-4.335E+02	0.982	5.446E-189	0	292	294	0	292	294	293M
3328	9029	-4.335E+02	0.982	5.446E-189	0	292	294	0	292	294	293M
3329	3329	-4.509E+02	1.00	1.466E-196	0	291	292	0	291	292	292M
3329	6276	-4.512E+02	1.00	1.070E-196	0	290	292	0	290	292	291M
3329	9028	-4.512E+02	1.00	1.070E-196	0	290	292	0	290	292	291M
3330	3330	-2.226E+02	1.00	2.119E-97	0	151	152	0	151	152	152M
3330	6275	-2.229E+02	1.00	1.546E-97	0	150	152	0	150	152	151M
3330	9027	-2.229E+02	1.00	1.546E-97	0	150	152	0	150	152	151M
3331	3331	-4.304E+02	1.00	1.164E-187	0	271	272	0	271	272	272M
3331	6274	-4.307E+02	1.00	8.490E-188	0	270	272	0	270	272	271M
3331	9026	-4.307E+02	1.00	8.490E-188	0	270	272	0	270	272	271M
3332	3332	-3.911E+02	1.00	1.424E-170	0	243	244	0	243	244	244M
3332	6273	-3.914E+02	1.00	1.039E-170	0	242	244	0	242	244	243M
3332	9025	-3.914E+02	1.00	1.039E-170	0	242	244	0	242	244	243M
3333	3333	-4.734E+02	1.00	2.452E-206	0	315	316	0	315	316	316M
3333	6272	-4.738E+02	1.00	1.789E-206	0	314	316	0	314	316	315M
3333	9024	-4.738E+02	1.00	1.789E-206	0	314	316	0	314	316	315M
3334	3334	-7.084E+02	1.00	0.000E+00	0	1010	1011	0	1010	1011	1011M
3334	6271	-7.084E+02	0.996	0.000E+00	0	1009	1011	0	1009	1011	1010M
3334	9023	-7.084E+02	0.996	0.000E+00	0	1009	1011	0	1009	1011	1010M
3335	3335	-3.014E+02	1.00	1.289E-131	0	206	207	0	206	207	207M
3335	6270	-3.001E+02	0.995	4.551E-131	0	205	207	0	205	207	206M
3335	9022	-3.001E+02	0.995	4.551E-131	0	205	207	0	205	207	206M
3336	3336	-7.084E+02	1.00	0.000E+00	0	918	919	0	918	919	919M
3336	6333	-7.084E+02	0.998	0.000E+00	0	917	919	0	917	919	918M
3336	10541	-7.084E+02	0.998	0.000E+00	0	917	919	0	917	919	918M
3337	3337	-4.131E+02	1.00	3.765E-180	0	270	271	0	270	271	271M
3337	6334	-4.122E+02	0.992	9.693E-180	0	269	271	0	269	271	270M
3337	10542	-4.122E+02	0.992	9.693E-180	0	269	271	0	269	271	270M
3338	3338	-4.498E+02	1.00	4.309E-196	0	314	315	0	314	315	315M
3338	6335	-4.451E+02	0.987	4.867E-194	0	313	315	0	313	315	314M
3338	10543	-4.451E+02	0.987	4.867E-194	0	313	315	0	313	315	314M
3339	3339	-4.180E+02	1.00	2.836E-182	0	280	281	0	280	281	281M
3339	6336	-4.127E+02	0.989	6.025E-180	0	279	281	0	279	281	280M
3339	10544	-4.127E+02	0.989	6.025E-180	0	279	281	0	279	281	280M
3340	3340	-7.084E+02	1.00	0.000E+00	0	530	531	0	530	531	531M
3340	6337	-7.084E+02	1.00	0.000E+00	0	529	531	0	529	531	530M
3340	10545	-7.084E+02	1.00	0.000E+00	0	529	531	0	529	531	530M
3341	3341	-4.423E+02	1.00	8.271E-193	0	287	288	0	287	288	288M
3341	6338	-4.388E+02	0.993	2.651E-191	0	286	288	0	286	288	287M
3341	10546	-4.388E+02	0.993	2.651E-191	0	286	288	0	286	288	287M
3342	3342	-2.567E+02	1.00	3.434E-112	0	178	179	0	178	179	179M
3342	6339	-2.248E+02	0.969	2.373E-98	0	161	179	0	161	196	162M
3342	10547	-2.248E+02	0.969	2.373E-98	0	161	179	0	161	196	162M
3343	3343	-7.084E+02	1.00	0.000E+00	0	558	559	0	558	559	559M
3343	5728	-7.084E+02	1.00	0.000E+00	0	557	559	0	557	559	558M
3343	9936	-7.084E+02	1.00	0.000E+00	0	557	559	0	557	559	558M
3344	3344	-1.640E+02	1.00	5.925E-72	0	162	163	0	162	163	163M
3345	3345	-6.170E+02	1.00	1.058E-268	0	418	419	0	418	419	419M
3345	5729	-6.174E+02	1.00	7.718E-269	0	417	419	94	511	513	418M
3345	9937	-6.174E+02	1.00	7.718E-269	0	417	419	94	511	513	418M
3346	3346	-7.019E+02	1.00	1.508E-305	0	470	471	0	470	471	471M
3346	5730	-7.022E+02	1.00	1.100E-305	0	469	471	0	469	471	470M
3346	9938	-7.022E+02	1.00	1.100E-305	0	469	471	0	469	471	470M
3347	3347	-6.169E+02	1.00	1.232E-268	0	401	402	0	401	402	402M
3347	5731	-6.100E+02	0.990	1.262E-265	0	400	402	0	400	402	401M
3347	9939	-6.100E+02	0.990	1.262E-265	0	400	402	0	400	402	401M
3348	3348	-4.900E+02	1.00	1.499E-213	0	317	318	0	317	318	318M
3348	5732	-4.831E+02	0.984	1.539E-210	0	316	318	0	316	318	317M
3348	9940	-4.831E+02	0.984	1.539E-210	0	316	318	0	316	318	317M
3349	3349	-7.084E+02	1.00	0.000E+00	0	608	609	0	608	609	609M
3349	5733	-7.084E+02	0.981	0.000E+00	0	607	609	0	607	609	608M
3349	9941	-7.084E+02	0.981	0.000E+00	0	607	609	0	607	609	608M
3350	3350	-3.360E+01	1.00	2.558E-15	0	32	33	0	32	33	33M
3351	3351	-1.846E+02	1.00	6.549E-81	0	133	134	0	133	134	134M
3351	8082	-1.849E+02	1.00	4.776E-81	0	132	134	0	132	134	133M
3351	11903	-1.849E+02	1.00	4.776E-81	0	132	134	0	132	134	133M
3352	3352	-7.084E+02	1.00	0.000E+00	0	606	607	0	606	607	607M
3352	8083	-7.084E+02	0.986	0.000E+00	10	605	607	0	592	594	578M3I15M
3352	11902	-7.084E+02	0.986	0.000E+00	10	605	607	0	592	594	578M3I15M
3353	3353	-7.084E+02	1.00	0.000E+00	0	691	692	0	691	692	692M
3353	8084	-7.084E+02	0.998	0.000E+00	0	690	692	0	690	692	691M
3353	11901	-7.084E+02	0.998	0.000E+00	0	690	692	0	690	692	691M
3354	3354	-4.828E+02	1.00	2.049E-210	0	303	304	0	303	304	304M
3354	8085	-4.740E+02	0.980	1.395E-206	0	302	304	0	302	304	303M
3354	11900	-4.740E+02	0.980	1.395E-206	0	302	304	0	302	304	303M
3355	3355	-3.957E+02	1.00	1.406E-172	0	252	253	0	252	253	253M
3355	8086	-3.944E+02	0.996	4.961E-172	0	251	253	0	251	253	252M
3355	11899	-3.944E+02	0.996	4.961E-172	0	251	253	0	251	253	252M
3356	3356	-1.385E+02	1.00	7.081E-61	0	94	95	0	94	95	95M
3356	8087	-1.353E+02	0.978	1.672E-59	0	93	95	0	93	95	94M
3356	11898	-1.353E+02	0.978	1.672E-59	0	93	95	0	93	95	94M
3357	3357	-6.199E+02	1.00	6.118E-270	0	384	385	0	384	385	385M
3357	8088	-6.196E+02	0.994	8.384E-270	0	383	385	0	383	385	384M
3357	11897	-6.196E+02	0.994	8.384E-270	0	383	385	0	383	385	384M
3358	3358	-5.591E+02	1.00	1.550E-243	0	350	351	0	350	351	351M
3358	8089	-5.525E+02	0.985	1.160E-240	0	349	351	0	349	351	350M
3358	11896	-5.525E+02	0.985	1.160E-240	0	349	351	0	349	351	350M
3359	3359	-5.958E+02	1.00	1.792E-259	0	394	395	0	394	395	395M
3359	7077	-5.961E+02	1.00	1.308E-259	0	393	395	57	450	452	394M
3359	10957	-5.961E+02	1.00	1.308E-259	0	393	395	57	450	452	394M
3360	3360	-4.550E+02	1.00	2.435E-198	0	291	292	0	291	292	292M
3360	7076	-4.553E+02	1.00	1.777E-198	0	290	292	0	290	292	291M
3360	10956	-4.553E+02	1.00	1.777E-198	0	290	292	0	290	292	291M
3361	3361	-4.988E+02	1.00	2.373E-217	0	332	333	0	332	333	333M
3361	7075	-4.953E+02	0.990	7.599E-216	0	331	333	0	331	333	332M
3361	10955	-4.953E+02	0.990	7.599E-216	0	331	333	0	331	333	332M
3362	3362	-4.387E+02	1.00	3.094E-191	0	297	298	0	297	298	298M
3362	7074	-4.358E+02	0.993	5.277E-190	0	296	298	0	296	298	297M
3362	10954	-4.358E+02	0.993	5.277E-190	0	296	298	0	296	298	297M
3363	3363	-3.818E+02	1.00	1.479E-166	0	272	273	0	272	273	273M
3363	7073	-3.818E+02	0.996	1.479E-166	0	271	273	0	271	273	272M
3363	10953	-3.818E+02	0.996	1.479E-166	0	271	273	0	271	273	272M
3364	3364	-3.969E+02	1.00	4.105E-173	0	266	267	0	266	267	267M
3364	7072	-3.957E+02	0.996	1.449E-172	0	265	267	0	265	267	266M
3364	10952	-3.957E+02	0.996	1.449E-172	0	265	267	0	265	267	266M
3365	3365	-5.159E+02	1.00	8.783E-225	0	330	331	0	330	331	331M
3365	7071	-5.118E+02	0.990	5.284E-223	0	329	331	0	329	331	330M
3365	10951	-5.118E+02	0.990	5.284E-223	0	329	331	0	329	331	330M
3366	3366	-5.197E+02	1.00	2.055E-226	0	344	345	0	344	345	345M
3366	7070	-5.061E+02	0.973	1.576E-220	0	343	345	0	343	345	344M
3366	10950	-5.061E+02	0.973	1.576E-220	0	343	345	0	343	345	344M
3367	3367	-2.918E+02	1.00	1.906E-127	0	189	190	0	189	190	190M
3367	7069	-2.899E+02	0.989	1.265E-126	0	189	190	0	189	233	190M
3367	10949	-2.899E+02	0.989	1.265E-126	0	189	190	0	189	233	190M
3368	3368	-3.149E+02	1.00	1.687E-137	0	213	214	0	213	214	214M
3368	5893	-3.111E+02	0.985	7.427E-136	0	212	214	0	212	214	213M
3368	10253	-3.111E+02	0.985	7.427E-136	0	212	214	0	212	214	213M
3369	3369	-4.879E+02	1.00	1.342E-212	0	310	311	0	310	311	311M
3369	5894	-4.841E+02	0.993	5.895E-211	0	309	311	0	309	311	310M
3369	10254	-4.841E+02	0.993	5.895E-211	0	309	311	0	309	311	310M
3370	3370	-6.084E+02	1.00	6.097E-265	0	401	402	0	401	402	402M
3370	5895	-6.065E+02	0.995	4.037E-264	0	400	402	0	400	402	401M
3370	10255	-6.065E+02	0.995	4.037E-264	0	400	402	0	400	402	401M
3371	3371	-4.121E+02	1.00	1.094E-179	0	286	287	0	286	287	287M
3371	5896	-4.080E+02	0.989	6.583E-178	0	285	287	0	285	287	286M
3371	10256	-4.080E+02	0.989	6.583E-178	0	285	287	0	285	287	286M
3372	3372	-2.186E+02	1.00	1.134E-95	0	155	156	0	155	156	156M
3372	5897	-2.170E+02	0.993	5.493E-95	0	154	156	0	154	156	155M
3372	10257	-2.170E+02	0.993	5.493E-95	0	154	156	0	154	156	155M
3373	3373	-7.084E+02	1.00	0.000E+00	0	881	882	0	881	882	882M
3373	5898	-7.084E+02	0.997	0.000E+00	0	880	882	0	880	882	881M
3373	10258	-7.084E+02	0.997	0.000E+00	0	880	882	0	880	882	881M
3374	3374	-2.939E+02	1.00	2.304E-128	0	191	192	0	191	192	192M
3374	5899	-2.942E+02	1.00	1.680E-128	0	190	192	0	190	192	191M
3374	10259	-2.942E+02	1.00	1.680E-128	0	190	192	0	190	192	191M
3375	3384	-1.751E+02	1.00	8.993E-77	0	120	122	0	120	122	121M
3375	5536	-1.742E+02	0.983	2.320E-76	0	120	122	14	134	136	121M
3375	9862	-1.742E+02	0.983	2.320E-76	0	120	122	14	134	136	121M
3376	3383	-5.341E+02	1.00	1.118E-232	0	358	360	0	358	360	359M
3376	5537	-5.341E+02	1.00	1.118E-232	0	358	360	0	358	360	359M
3376	9861	-5.341E+02	1.00	1.118E-232	0	358	360	0	358	360	359M
3377	3382	-2.952E+02	1.00	6.038E-129	0	195	197	0	195	197	196M
3377	5538	-2.952E+02	1.00	6.038E-129	0	195	197	0	195	197	196M
3377	9860	-2.952E+02	1.00	6.038E-129	0	195	197	0	195	197	196M
3378	3381	-3.391E+02	1.00	5.265E-148	0	214	216	0	214	216	215M
3378	5539	-3.391E+02	1.00	5.265E-148	0	214	216	0	214	216	215M
3378	9859	-3.391E+02	1.00	5.265E-148	0	214	216	0	214	216	215M
3379	3379	-7.084E+02	1.00	0.000E+00	0	509	510	0	509	510	510M
3379	5540	-7.265E+02	0.995	2.967E-316	37	508	510	0	471	473	472M
3379	9858	-7.265E+02	0.995	2.967E-316	37	508	510	0	471	473	472M
3380	3379	-7.084E+02	1.00	0.000E+00	0	508	510	0	508	510	509M
3380	5540	-7.265E+02	0.995	2.967E-316	37	508	510	0	471	473	472M
3380	9858	-7.265E+02	0.995	2.967E-316	37	508	510	0	471	473	472M
3381	3378	-3.391E+02	1.00	5.265E-148	0	214	216	0	214	216	215M
3381	5539	-3.391E+02	1.00	5.265E-148	0	214	216	0	214	216	215M
3381	9859	-3.391E+02	1.00	5.265E-148	0	214	216	0	214	216	215M
3382	3377	-2.952E+02	1.00	6.038E-129	0	195	197	0	195	197	196M
3382	5538	-2.952E+02	1.00	6.038E-129	0	195	197	0	195	197	196M
3382	9860	-2.952E+02	1.00	6.038E-129	0	195	197	0	195	197	196M
3383	3376	-5.341E+02	1.00	1.118E-232	0	358	360	0	358	360	359M
3383	5537	-5.341E+02	1.00	1.118E-232	0	358	360	0	358	360	359M
3383	9861	-5.341E+02	1.00	1.118E-232	0	358	360	0	358	360	359M
3384	3375	-1.751E+02	1.00	8.993E-77	0	120	122	0	120	122	121M
3384	5536	-1.742E+02	0.983	2.320E-76	0	120	122	14	134	136	121M
3384	9862	-1.742E+02	0.983	2.320E-76	0	120	122	14	134	136	121M
3385	3385	-3.064E+02	1.00	8.828E-134	0	214	215	0	214	215	215M
3385	6937	-2.922E+02	0.953	1.286E-127	0	213	215	31	244	246	214M
3385	12000	-2.922E+02	0.953	1.286E-127	0	213	215	31	244	246	214M
3386	3386	-4.664E+02	1.00	2.653E-203	0	296	297	0	296	297	297M
3386	6936	-4.652E+02	0.996	9.360E-203	0	295	297	0	295	297	296M
3386	11999	-4.652E+02	0.996	9.360E-203	0	295	297	0	295	297	296M
3387	3387	-3.492E+02	1.00	2.151E-152	0	228	229	0	228	229	229M
3387	6935	-3.464E+02	0.982	3.676E-151	0	227	229	0	227	229	228M
3387	11998	-3.464E+02	0.982	3.676E-151	0	227	229	0	227	229	228M
3388	3388	-7.084E+02	1.00	0.000E+00	0	624	625	0	624	625	625M
3388	6934	-7.084E+02	0.979	0.000E+00	0	623	625	0	623	625	624M
3388	11997	-7.084E+02	0.979	0.000E+00	0	623	625	0	623	625	624M
3389	3389	-6.109E+01	1.00	2.957E-27	0	53	54	0	53	54	54M
3389	6933	-6.140E+01	1.00	2.153E-27	0	52	54	0	52	54	53M
3389	11996	-6.140E+01	1.00	2.153E-27	0	52	54	0	52	54	53M
3390	3390	-2.098E+02	1.00	7.881E-92	0	142	143	0	142	143	143M
3390	6932	-2.038E+02	0.957	3.176E-89	0	141	143	0	141	143	142M
3390	11995	-2.038E+02	0.957	3.176E-89	0	141	143	0	141	143	142M
3391	3391	-1.602E+02	1.00	2.652E-70	0	109	110	0	109	110	110M
3391	6931	-1.605E+02	1.00	1.933E-70	0	108	110	0	108	110	109M
3391	11994	-1.605E+02	1.00	1.933E-70	0	108	110	0	108	110	109M
3392	3392	-4.954E+02	1.00	7.083E-216	0	344	345	0	344	345	345M
3392	6930	-4.916E+02	0.994	3.107E-214	0	343	345	0	343	345	344M
3392	11993	-4.916E+02	0.994	3.107E-214	0	343	345	0	343	345	344M
3393	3393	-4.540E+02	1.00	6.986E-198	0	300	301	0	300	301	301M
3393	6929	-4.543E+02	1.00	5.098E-198	0	299	301	0	299	301	300M
3393	11992	-4.543E+02	1.00	5.098E-198	0	299	301	0	299	301	300M
3394	3394	-2.597E+02	1.00	1.561E-113	0	186	187	0	186	187	187M
3394	6928	-2.560E+02	0.989	6.879E-112	0	185	187	0	185	187	186M
3394	11991	-2.560E+02	0.989	6.879E-112	0	185	187	0	185	187	186M
3395	3395	-2.395E+02	1.00	9.321E-105	0	173	174	0	173	174	174M
3395	6927	-2.395E+02	0.994	9.321E-105	0	172	174	0	172	174	173M
3395	11990	-2.395E+02	0.994	9.321E-105	0	172	174	0	172	174	173M
3396	3396	-9.435E+01	1.00	1.056E-41	0	72	73	0	72	73	73M
3396	6926	-9.435E+01	1.00	1.056E-41	0	72	73	0	72	522	73M
3396	11989	-9.435E+01	1.00	1.056E-41	0	72	73	0	72	228	73M
3397	3397	-1.108E+02	1.00	7.252E-49	0	84	85	0	84	85	85M
3397	5541	-1.099E+02	0.988	1.874E-48	0	83	85	0	83	85	84M
3397	9857	-1.099E+02	0.988	1.874E-48	0	83	85	0	83	85	84M
3398	3398	-4.322E+02	1.00	1.896E-188	0	286	287	0	286	287	287M
3398	5542	-4.326E+02	1.00	1.383E-188	0	285	287	0	285	287	286M
3398	9856	-4.326E+02	1.00	1.383E-188	0	285	287	0	285	287	286M
3399	3399	-3.397E+02	1.00	2.938E-148	0	216	217	0	216	217	217M
3399	5545	-3.388E+02	0.995	7.569E-148	0	215	217	0	215	217	216M
3399	9853	-3.388E+02	0.995	7.569E-148	0	215	217	0	215	217	216M
3400	3400	-2.587E+02	1.00	4.305E-113	0	161	162	0	161	162	162M
3400	5546	-2.590E+02	1.00	3.140E-113	0	160	162	0	160	162	161M
3400	9852	-2.590E+02	1.00	3.140E-113	0	160	162	0	160	162	161M
3401	3401	-7.084E+02	1.00	0.000E+00	0	764	765	0	764	765	765M
3401	5547	-7.084E+02	0.998	0.000E+00	0	763	765	0	763	765	764M
3401	9851	-7.084E+02	0.998	0.000E+00	0	763	765	0	763	765	764M
3402	3402	-7.084E+02	1.00	0.000E+00	0	718	719	0	718	719	719M
3402	5548	-7.084E+02	0.998	0.000E+00	0	717	719	0	717	719	718M
3402	9850	-7.084E+02	0.998	0.000E+00	0	717	719	0	717	719	718M
3403	3403	-5.878E+02	1.00	5.431E-256	0	350	351	0	350	351	351M
3403	5549	-5.881E+02	1.00	3.963E-256	0	349	351	0	349	351	350M
3403	9849	-5.881E+02	1.00	3.963E-256	0	349	351	0	349	351	350M
3404	3409	-3.777E+02	1.00	9.264E-165	0	245	247	0	245	247	246M
3404	6873	-3.755E+02	0.991	8.421E-164	0	245	247	0	245	247	246M
3404	11160	-3.755E+02	0.991	8.421E-164	0	245	247	0	245	247	246M
3405	3405	-7.084E+02	1.00	0.000E+00	0	845	846	0	845	846	846M
3405	6874	-7.084E+02	0.989	0.000E+00	0	844	846	0	844	846	845M
3405	11159	-7.084E+02	0.989	0.000E+00	0	844	846	0	844	846	845M
3406	3407	-4.985E+02	1.00	3.291E-217	0	338	340	0	338	340	339M
3406	6875	-4.972E+02	0.997	1.161E-216	0	338	340	0	338	340	339M
3406	11158	-4.972E+02	0.997	1.161E-216	0	338	340	0	338	340	339M
3407	3406	-4.985E+02	1.00	3.291E-217	0	338	340	0	338	340	339M
3407	6875	-4.972E+02	0.997	1.161E-216	0	338	340	0	338	340	339M
3407	11158	-4.972E+02	0.997	1.161E-216	0	338	340	0	338	340	339M
3408	3405	-7.084E+02	1.00	0.000E+00	0	844	846	0	844	846	845M
3408	6874	-7.084E+02	0.989	0.000E+00	0	844	846	0	844	846	845M
3408	11159	-7.084E+02	0.989	0.000E+00	0	844	846	0	844	846	845M
3409	3404	-3.777E+02	1.00	9.264E-165	0	245	247	0	245	247	246M
3409	6873	-3.755E+02	0.991	8.421E-164	0	245	247	0	245	247	246M
3409	11160	-3.755E+02	0.991	8.421E-164	0	245	247	0	245	247	246M
3410	3410	-6.631E+02	1.00	1.028E-288	0	450	451	0	450	451	451M
3410	6946	-6.518E+02	0.982	8.641E-284	0	449	451	38	487	489	450M
3410	12009	-6.518E+02	0.982	8.641E-284	0	449	451	38	487	489	450M
3411	3411	-6.260E+02	1.00	1.309E-272	0	394	395	0	394	395	395M
3411	5133	-2.281E+02	0.424	8.376E-100	7	393	395	0	393	395	16M3D9M2D18M1D2M4D35M1I104M1I28M1I145M1D13M1I13M
3411	9193	-2.281E+02	0.424	8.376E-100	7	393	395	0	393	395	16M3D9M2D18M1D2M4D35M1I104M1I28M1I145M1D13M1I13M
3412	3412	-5.218E+02	1.00	2.485E-227	0	346	347	0	346	347	347M
3412	6943	-5.218E+02	0.997	2.485E-227	0	345	347	0	345	347	346M
3412	12006	-5.218E+02	0.997	2.485E-227	0	345	347	0	345	347	346M
3413	3413	-3.869E+02	1.00	8.988E-169	0	264	265	0	264	265	265M
3413	6942	-3.835E+02	0.988	2.882E-167	0	263	265	0	263	265	264M
3413	12005	-3.835E+02	0.988	2.882E-167	0	263	265	0	263	265	264M
3414	3414	-4.157E+02	1.00	2.866E-181	0	289	290	0	289	290	290M
3414	6941	-4.160E+02	1.00	2.091E-181	0	288	290	0	288	290	289M
3414	12004	-4.160E+02	1.00	2.091E-181	0	288	290	0	288	290	289M
3415	3415	-4.543E+02	1.00	5.026E-198	0	293	294	0	293	294	294M
3415	6940	-4.483E+02	0.986	2.006E-195	0	292	294	0	292	294	293M
3415	12003	-4.483E+02	0.986	2.006E-195	0	292	294	0	292	294	293M
3416	3416	-3.538E+02	1.00	2.152E-154	0	244	245	0	244	245	245M
3416	6939	-3.365E+02	0.954	7.305E-147	0	242	245	0	242	245	243M
3416	12002	-3.365E+02	0.954	7.305E-147	0	242	245	0	242	245	243M
3417	3417	-7.084E+02	1.00	0.000E+00	0	492	493	0	492	493	493M
3417	6938	-7.405E+02	0.985	2.421E-322	3	491	493	0	488	490	489M
3417	12001	-7.405E+02	0.985	2.421E-322	3	491	493	0	488	490	489M
3418	3418	-7.084E+02	1.00	0.000E+00	0	3005	3006	0	3005	3006	3006M
3418	7267	-7.084E+02	0.919	0.000E+00	0	3000	3006	0	2975	3176	211M95I2645M10D4M10D8M32D3M18D35M
3418	9607	-7.084E+02	0.919	0.000E+00	0	3000	3006	0	2975	3176	211M95I2645M10D4M10D8M32D3M18D35M
3419	3428	-3.403E+01	1.00	1.664E-15	0	29	31	0	29	31	30M
3420	3427	-1.009E+02	1.00	1.513E-44	0	73	75	0	73	75	74M
3421	3426	-1.227E+02	1.00	5.151E-54	0	80	82	0	80	82	81M
3422	3425	-2.299E+02	1.00	1.477E-100	0	163	165	0	163	165	164M
3423	3423	-7.084E+02	1.00	0.000E+00	0	845	846	0	845	846	846M
3424	3423	-7.084E+02	1.00	0.000E+00	0	844	846	0	844	846	845M
3425	3422	-2.299E+02	1.00	1.477E-100	0	163	165	0	163	165	164M
3426	3421	-1.227E+02	1.00	5.151E-54	0	80	82	0	80	82	81M
3427	3420	-1.009E+02	1.00	1.513E-44	0	73	75	0	73	75	74M
3428	3419	-3.403E+01	1.00	1.664E-15	0	29	31	0	29	31	30M
3429	3429	-5.509E+02	1.00	5.684E-240	0	357	358	0	357	358	358M
3429	7919	-5.477E+02	0.994	1.328E-238	0	357	358	0	357	374	358M
3429	11738	-5.477E+02	0.994	1.328E-238	0	357	358	0	357	374	358M
3430	3430	-2.397E+02	1.00	8.083E-105	0	170	171	0	170	171	171M
3430	7918	-2.400E+02	1.00	5.896E-105	0	169	171	0	169	171	170M
3430	11737	-2.400E+02	1.00	5.896E-105	0	169	171	0	169	171	170M
3431	3431	-1.773E+02	1.00	9.853E-78	0	121	122	0	121	122	122M
3431	7917	-1.776E+02	1.00	7.184E-78	0	120	122	0	120	122	121M
3431	11736	-1.776E+02	1.00	7.184E-78	0	120	122	0	120	122	121M
3432	3432	-7.072E+02	1.00	7.301E-308	0	457	458	0	457	458	458M
3432	7916	-7.022E+02	0.989	1.128E-305	0	456	458	0	456	458	457M
3432	11735	-7.022E+02	0.989	1.128E-305	0	456	458	0	456	458	457M
3433	3433	-6.065E+02	1.00	3.990E-264	0	394	395	0	394	395	395M
3433	7915	-6.018E+02	0.984	4.503E-262	0	393	395	22	415	417	394M
3433	11734	-6.018E+02	0.984	4.503E-262	0	393	395	22	415	417	394M
3434	3434	-2.904E+02	1.00	7.535E-127	0	198	199	0	198	199	199M
3434	7914	-2.891E+02	0.994	2.661E-126	0	197	199	0	197	199	198M
3434	11733	-2.891E+02	0.994	2.661E-126	0	197	199	0	197	199	198M
3435	3435	-4.579E+02	1.00	1.435E-199	0	318	319	0	318	319	319M
3435	7913	-4.582E+02	1.00	1.047E-199	0	317	319	0	317	319	318M
3435	11732	-4.582E+02	1.00	1.047E-199	0	317	319	0	317	319	318M
3436	3436	-1.719E+02	1.00	2.117E-75	0	121	122	0	121	122	122M
3436	7912	-1.697E+02	0.975	1.933E-74	0	120	122	0	120	122	121M
3436	11731	-1.697E+02	0.975	1.933E-74	0	120	122	0	120	122	121M
3437	3437	-6.441E+02	1.00	1.947E-280	0	386	387	0	386	387	387M
3437	7911	-6.308E+02	0.979	1.090E-274	0	385	387	0	385	387	386M
3437	11730	-6.308E+02	0.979	1.090E-274	0	385	387	0	385	387	386M
3438	3438	-5.865E+01	1.00	3.389E-26	0	45	46	0	45	46	46M
3438	6872	-5.452E+01	1.00	2.102E-24	0	41	46	54	95	179	42M
3438	11161	-5.452E+01	1.00	2.102E-24	0	41	46	54	95	179	42M
3439	3439	-1.656E+02	1.00	1.264E-72	0	116	117	0	116	117	117M
3439	6871	-1.659E+02	1.00	9.214E-73	0	115	117	0	115	117	116M
3439	11162	-1.659E+02	1.00	9.214E-73	0	115	117	0	115	117	116M
3440	3440	-9.667E+01	1.00	1.041E-42	0	70	71	0	70	71	71M
3440	6870	-9.287E+01	0.957	4.654E-41	0	69	71	0	69	71	70M
3440	11163	-9.287E+01	0.957	4.654E-41	0	69	71	0	69	71	70M
3441	3441	-4.983E+02	1.00	3.873E-217	0	329	330	0	329	330	330M
3441	6869	-4.970E+02	0.996	1.366E-216	0	328	330	0	328	330	329M
3441	11164	-4.970E+02	0.996	1.366E-216	0	328	330	0	328	330	329M
3442	3442	-5.737E+02	1.00	7.345E-250	0	362	363	0	362	363	363M
3442	6868	-5.740E+02	1.00	5.359E-250	0	361	363	0	361	363	362M
3442	11165	-5.740E+02	1.00	5.359E-250	0	361	363	0	361	363	362M
3443	3443	-7.084E+02	1.00	0.000E+00	0	486	487	0	486	487	487M
3443	6867	-7.386E+02	0.971	1.670E-321	0	485	487	0	485	487	486M
3443	11166	-7.386E+02	0.971	1.670E-321	0	485	487	0	485	487	486M
3444	3444	-2.483E+02	1.00	1.446E-108	0	181	182	0	181	182	182M
3444	6866	-2.486E+02	1.00	1.055E-108	0	180	182	0	180	182	181M
3444	11167	-2.486E+02	1.00	1.055E-108	0	180	182	0	180	182	181M
3445	3445	-2.867E+02	1.00	3.165E-125	0	197	198	0	197	198	198M
3445	6865	-2.870E+02	1.00	2.309E-125	0	196	198	0	196	198	197M
3445	11168	-2.870E+02	1.00	2.309E-125	0	196	198	0	196	198	197M
3446	3446	-3.118E+02	1.00	3.888E-136	0	206	207	0	206	207	207M
3446	6864	-2.730E+02	0.988	2.741E-119	0	180	207	0	180	182	181M
3446	11169	-2.730E+02	0.988	2.741E-119	0	180	207	0	180	182	181M
3447	3447	-4.174E+02	1.00	5.506E-182	0	274	275	0	274	275	275M
3447	6863	-4.073E+02	0.978	1.324E-177	0	273	275	0	273	275	274M
3447	11170	-4.073E+02	0.978	1.324E-177	0	273	275	0	273	275	274M
3448	3448	-2.594E+02	1.00	2.140E-113	0	186	187	0	186	187	187M
3448	6862	-2.597E+02	1.00	1.561E-113	0	185	187	0	185	187	186M
3448	11171	-2.597E+02	1.00	1.561E-113	0	185	187	0	185	187	186M
3449	3449	-7.336E+01	1.00	1.377E-32	0	61	62	0	61	62	62M
3449	6861	-6.766E+01	0.950	4.147E-30	0	60	62	0	60	62	61M
3449	11172	-6.766E+01	0.950	4.147E-30	0	60	62	0	60	62	61M
3450	3450	-3.440E+02	1.00	4.038E-150	0	232	233	0	232	233	233M
3450	7517	-3.443E+02	1.00	2.946E-150	0	231	233	0	231	233	232M
3450	9669	-3.443E+02	1.00	2.946E-150	0	231	233	0	231	233	232M
3451	3451	-5.610E+02	1.00	2.313E-244	0	397	398	0	397	398	398M
3451	7518	-5.613E+02	1.00	1.688E-244	0	396	398	0	396	398	397M
3451	9668	-5.613E+02	1.00	1.688E-244	0	396	398	0	396	398	397M
3452	3452	-5.449E+02	1.00	2.161E-237	0	356	357	0	356	357	357M
3452	7519	-5.453E+02	1.00	1.577E-237	0	355	357	0	355	357	356M
3452	9667	-5.453E+02	1.00	1.577E-237	0	355	357	0	355	357	356M
3453	3453	-3.205E+02	1.00	6.548E-140	0	209	210	0	209	210	210M
3453	7520	-3.164E+02	0.980	3.953E-138	0	208	210	0	208	210	209M
3453	9666	-3.164E+02	0.980	3.953E-138	0	208	210	0	208	210	209M
3454	3454	-4.242E+02	1.00	5.796E-185	0	269	270	0	269	270	270M
3454	7521	-4.217E+02	0.992	7.219E-184	0	268	270	0	268	270	269M
3454	9665	-4.217E+02	0.992	7.219E-184	0	268	270	0	268	270	269M
3455	3455	-5.483E+02	1.00	7.502E-239	0	365	366	0	365	366	366M
3455	7522	-5.461E+02	0.997	6.809E-238	0	364	366	0	364	366	365M
3455	9664	-5.461E+02	0.997	6.809E-238	0	364	366	0	364	366	365M
3456	3456	-5.012E+02	1.00	2.068E-218	0	327	328	0	327	328	328M
3456	7523	-4.886E+02	1.00	6.168E-213	8	326	328	0	318	320	319M
3456	9663	-5.016E+02	1.00	1.509E-218	0	326	328	0	326	328	327M
3457	3457	-7.084E+02	1.00	0.000E+00	0	688	689	0	688	689	689M
3457	7524	-7.084E+02	0.986	0.000E+00	0	687	689	122	809	811	688M
3457	9662	-7.084E+02	0.986	0.000E+00	0	687	689	122	809	811	688M
3458	3458	-7.198E+01	1.00	5.479E-32	0	57	58	0	57	58	58M
3459	3459	-3.033E+02	1.00	1.821E-132	0	198	199	0	198	199	199M
3459	6756	-3.021E+02	0.994	6.430E-132	0	197	199	0	197	199	198M
3459	10747	-3.021E+02	0.994	6.430E-132	0	197	199	0	197	199	198M
3460	3460	-3.671E+02	1.00	3.756E-160	0	237	238	0	237	238	238M
3460	6757	-3.671E+02	0.995	3.756E-160	0	236	238	0	236	238	237M
3460	10748	-3.671E+02	0.995	3.756E-160	0	236	238	0	236	238	237M
3461	3461	-5.889E+02	1.00	1.768E-256	0	373	374	0	373	374	374M
3461	6758	-5.892E+02	1.00	1.290E-256	0	372	374	0	372	374	373M
3461	10749	-5.892E+02	1.00	1.290E-256	0	372	374	0	372	374	373M
3462	3462	-2.298E+02	1.00	1.520E-100	0	158	159	0	158	159	159M
3462	6759	-2.267E+02	0.993	3.570E-99	0	157	159	0	157	159	158M
3462	10750	-2.267E+02	0.993	3.570E-99	0	157	159	0	157	159	158M
3463	3463	-2.039E+02	1.00	2.943E-89	0	147	148	0	147	148	148M
3463	6760	-2.016E+02	0.986	2.683E-88	0	146	148	0	146	148	147M
3463	10751	-2.016E+02	0.986	2.683E-88	0	146	148	0	146	148	147M
3464	3464	-3.306E+02	1.00	2.588E-144	0	228	229	0	228	229	229M
3464	6761	-3.300E+02	0.995	4.862E-144	0	227	229	0	227	229	228M
3464	10752	-3.300E+02	0.995	4.862E-144	0	227	229	0	227	229	228M
3465	3465	-7.084E+02	1.00	0.000E+00	0	557	558	0	557	558	558M
3465	6762	-7.084E+02	1.00	0.000E+00	0	556	558	0	556	558	557M
3465	10753	-7.084E+02	1.00	0.000E+00	0	556	558	0	556	558	557M
3466	3466	-1.401E+02	1.00	1.427E-61	0	100	101	0	100	101	101M
3466	6763	-1.404E+02	1.00	1.040E-61	0	99	101	0	99	101	100M
3466	10754	-1.404E+02	1.00	1.040E-61	0	99	101	0	99	101	100M
3467	3467	-1.561E+02	1.00	1.534E-68	0	121	122	0	121	122	122M
3467	6764	-1.565E+02	1.00	1.118E-68	0	120	122	0	120	122	121M
3467	10755	-1.565E+02	1.00	1.118E-68	0	120	122	0	120	122	121M
3468	3468	-3.408E+02	1.00	9.454E-149	0	232	233	0	232	233	233M
3468	6765	-3.399E+02	0.995	2.435E-148	0	231	233	0	231	233	232M
3468	10756	-3.399E+02	0.995	2.435E-148	0	231	233	0	231	233	232M
3469	3469	-4.378E+02	1.00	7.694E-191	0	303	304	0	303	304	304M
3469	6766	-4.362E+02	0.996	3.720E-190	0	302	304	0	302	304	303M
3469	10757	-4.362E+02	0.996	3.720E-190	0	302	304	0	302	304	303M
3470	3470	-6.841E+02	1.00	7.974E-298	0	446	447	0	446	447	447M
3470	7423	-6.649E+02	0.975	1.767E-289	0	445	447	0	444	446	57M1I388M
3470	11300	-6.649E+02	0.975	1.767E-289	0	445	447	0	444	446	57M1I388M
3471	3471	-7.084E+02	1.00	0.000E+00	0	557	558	0	557	558	558M
3471	7424	-7.084E+02	0.996	0.000E+00	0	556	558	0	556	558	557M
3471	11299	-7.084E+02	0.996	0.000E+00	0	556	558	0	556	558	557M
3472	3472	-5.497E+02	1.00	1.861E-239	0	342	343	0	342	343	343M
3472	7425	-5.500E+02	1.00	1.358E-239	0	341	343	0	341	343	342M
3472	11298	-5.500E+02	1.00	1.358E-239	0	341	343	0	341	343	342M
3473	3473	-5.503E+02	1.00	1.007E-239	0	376	377	0	376	377	377M
3473	7426	-5.491E+02	0.997	3.552E-239	0	375	377	0	375	377	376M
3473	11297	-5.491E+02	0.997	3.552E-239	0	375	377	0	375	377	376M
3474	3474	-5.282E+02	1.00	4.145E-230	0	344	345	0	344	345	345M
3474	7427	-5.250E+02	0.994	9.686E-229	0	343	345	0	343	345	344M
3474	11296	-5.250E+02	0.994	9.686E-229	0	343	345	0	343	345	344M
3475	3475	-2.543E+02	1.00	3.476E-111	0	167	168	0	167	168	168M
3475	7428	-2.547E+02	1.00	2.535E-111	0	166	168	0	166	168	167M
3475	11295	-2.547E+02	1.00	2.535E-111	0	166	168	0	166	168	167M
3476	3476	-6.431E+02	1.00	5.295E-280	0	414	415	0	414	415	415M
3476	7429	-6.424E+02	0.997	9.943E-280	0	413	415	0	413	415	414M
3476	11294	-6.424E+02	0.997	9.943E-280	0	413	415	0	413	415	414M
3477	3477	-7.084E+02	1.00	0.000E+00	0	809	810	0	809	810	810M
3477	7853	-7.084E+02	1.00	0.000E+00	0	808	810	0	808	810	809M
3477	11664	-7.084E+02	1.00	0.000E+00	0	808	810	0	808	810	809M
3478	3481	-2.412E+02	1.00	1.854E-105	0	158	160	0	158	160	159M
3478	7854	-2.412E+02	1.00	1.854E-105	0	158	160	0	158	160	159M
3478	11663	-2.412E+02	1.00	1.854E-105	0	158	160	0	158	160	159M
3479	3480	-4.033E+02	1.00	7.046E-176	0	257	259	0	257	259	258M
3479	7855	-4.033E+02	1.00	7.046E-176	0	257	259	0	257	259	258M
3479	11662	-4.033E+02	1.00	7.046E-176	0	257	259	0	257	259	258M
3480	3479	-4.033E+02	1.00	7.046E-176	0	257	259	0	257	259	258M
3480	7855	-4.033E+02	1.00	7.046E-176	0	257	259	0	257	259	258M
3480	11662	-4.033E+02	1.00	7.046E-176	0	257	259	0	257	259	258M
3481	3478	-2.412E+02	1.00	1.854E-105	0	158	160	0	158	160	159M
3481	7854	-2.412E+02	1.00	1.854E-105	0	158	160	0	158	160	159M
3481	11663	-2.412E+02	1.00	1.854E-105	0	158	160	0	158	160	159M
3482	3477	-7.084E+02	1.00	0.000E+00	0	808	810	0	808	810	809M
3482	7853	-7.084E+02	1.00	0.000E+00	0	808	810	0	808	810	809M
3482	11664	-7.084E+02	1.00	0.000E+00	0	808	810	0	808	810	809M
3483	3488	-7.084E+02	1.00	0.000E+00	0	479	481	0	479	481	480M
3483	5228	-7.084E+02	0.993	0.000E+00	0	479	481	0	479	481	480M
3483	9288	-7.084E+02	0.993	0.000E+00	0	479	481	0	479	481	480M
3484	3487	-2.026E+02	1.00	1.041E-88	0	146	148	0	146	148	147M
3484	5229	-2.026E+02	1.00	1.041E-88	0	146	148	0	146	148	147M
3484	9289	-2.026E+02	1.00	1.041E-88	0	146	148	0	146	148	147M
3485	3485	-7.084E+02	1.00	0.000E+00	0	697	698	0	697	698	698M
3485	5230	-7.084E+02	0.995	0.000E+00	0	696	698	0	696	698	697M
3485	9290	-7.084E+02	0.995	0.000E+00	0	696	698	0	696	698	697M
3486	3485	-7.084E+02	1.00	0.000E+00	0	696	698	0	696	698	697M
3486	5230	-7.084E+02	0.995	0.000E+00	0	696	698	0	696	698	697M
3486	9290	-7.084E+02	0.995	0.000E+00	0	696	698	0	696	698	697M
3487	3484	-2.026E+02	1.00	1.041E-88	0	146	148	0	146	148	147M
3487	5229	-2.026E+02	1.00	1.041E-88	0	146	148	0	146	148	147M
3487	9289	-2.026E+02	1.00	1.041E-88	0	146	148	0	146	148	147M
3488	3483	-7.084E+02	1.00	0.000E+00	0	479	481	0	479	481	480M
3488	5228	-7.084E+02	0.993	0.000E+00	0	479	481	0	479	481	480M
3488	9288	-7.084E+02	0.993	0.000E+00	0	479	481	0	479	481	480M
3489	3489	-7.084E+02	1.00	0.000E+00	0	1490	1491	0	1490	1491	1491M
3489	6443	-7.084E+02	0.995	0.000E+00	20	1489	1491	31	1500	1502	1470M
3489	10676	-7.084E+02	0.995	0.000E+00	20	1489	1491	31	1500	1502	1470M
3490	3490	-1.717E+02	1.00	2.636E-75	0	119	120	0	119	120	120M
3490	6442	-1.714E+02	0.991	3.615E-75	0	118	120	0	118	120	119M
3490	10677	-1.714E+02	0.991	3.615E-75	0	118	120	0	118	120	119M
3491	3491	-7.084E+02	1.00	0.000E+00	0	545	546	0	545	546	546M
3491	6441	-7.084E+02	1.00	0.000E+00	0	488	546	0	488	880	489M
3491	10678	-7.084E+02	1.00	0.000E+00	0	488	546	0	488	880	489M
3492	3492	-6.256E+02	1.00	2.019E-272	0	410	411	0	410	411	411M
3492	6441	-6.259E+02	1.00	1.473E-272	0	409	411	469	878	880	410M
3492	10678	-6.259E+02	1.00	1.473E-272	0	409	411	469	878	880	410M
3493	3493	-2.176E+02	1.00	3.241E-95	0	144	145	0	144	145	145M
3493	6440	-2.163E+02	0.993	1.146E-94	0	143	145	0	143	145	144M
3493	10679	-2.163E+02	0.993	1.146E-94	0	143	145	0	143	145	144M
3494	3494	-4.591E+02	1.00	4.104E-200	0	298	299	0	298	299	299M
3494	7666	-3.387E+02	0.731	7.774E-148	0	297	299	0	296	298	201M1I96M
3494	11449	-3.387E+02	0.731	7.774E-148	0	297	299	0	296	298	201M1I96M
3495	3495	-7.084E+02	1.00	0.000E+00	0	524	525	0	524	525	525M
3495	5989	-5.527E+02	0.707	8.888E-241	1	523	525	3	525	527	523M
3495	10349	-5.527E+02	0.707	8.888E-241	1	523	525	3	525	527	523M
3496	3496	-5.205E+02	1.00	8.539E-227	0	332	333	0	332	333	333M
3496	5346	-5.067E+02	0.978	8.988E-221	0	331	333	0	331	333	332M
3496	9406	-5.067E+02	0.978	8.988E-221	0	331	333	0	331	333	332M
3497	3497	-6.544E+02	1.00	6.210E-285	0	434	435	0	434	435	435M
3497	5345	-6.535E+02	0.997	1.598E-284	0	433	435	0	433	435	434M
3497	9405	-6.535E+02	0.997	1.598E-284	0	433	435	0	433	435	434M
3498	3498	-7.084E+02	1.00	0.000E+00	0	577	578	0	577	578	578M
3498	5344	-7.084E+02	0.989	0.000E+00	0	576	578	0	576	578	577M
3498	9404	-7.084E+02	0.989	0.000E+00	0	576	578	0	576	578	577M
3499	3499	-3.491E+02	1.00	2.518E-152	0	238	239	0	238	239	239M
3499	5343	-3.494E+02	1.00	1.837E-152	0	237	239	0	237	239	238M
3499	9403	-3.494E+02	1.00	1.837E-152	0	237	239	0	237	239	238M
3500	3500	-4.200E+02	1.00	3.778E-183	0	264	265	0	264	265	265M
3500	5342	-4.118E+02	0.981	1.372E-179	0	263	265	0	263	265	264M
3500	9402	-4.118E+02	0.981	1.372E-179	0	263	265	0	263	265	264M
3501	3501	-1.627E+02	1.00	2.223E-71	0	110	111	0	110	111	111M
3501	8341	-1.576E+02	0.972	3.489E-69	0	109	111	85	194	196	110M
3501	12119	-1.576E+02	0.972	3.489E-69	0	109	111	85	194	196	110M
3502	3502	-2.039E+02	1.00	2.687E-89	0	132	133	0	132	133	133M
3502	8342	-2.008E+02	0.977	6.320E-88	0	131	133	0	131	133	132M
3502	12120	-2.008E+02	0.977	6.320E-88	0	131	133	0	131	133	132M
3503	3503	-2.527E+02	1.00	1.767E-110	0	168	169	0	168	169	169M
3503	8343	-2.499E+02	0.976	3.024E-109	0	167	169	0	167	169	168M
3503	12121	-2.499E+02	0.976	3.024E-109	0	167	169	0	167	169	168M
3504	3504	-1.827E+02	1.00	4.368E-80	0	120	121	0	120	121	121M
3504	8344	-1.695E+02	0.925	2.525E-74	0	119	121	0	119	121	120M
3504	12122	-1.695E+02	0.925	2.525E-74	0	119	121	0	119	121	120M
3505	3505	-7.084E+02	1.00	0.000E+00	0	1141	1142	0	1141	1142	1142M
3506	3506	-1.873E+02	1.00	4.317E-82	0	129	130	0	129	130	130M
3506	8062	-1.769E+02	0.937	1.451E-77	0	128	130	0	128	130	129M
3506	11843	-1.769E+02	0.937	1.451E-77	0	128	130	0	128	130	129M
3507	3507	-2.863E+02	1.00	4.691E-125	0	192	193	0	192	193	193M
3508	3508	-3.170E+02	1.00	2.039E-138	0	215	216	0	215	216	216M
3508	7380	-8.756E-01	0.209	5.389E-01	34	210	216	47	198	223	12M7I62M1D8M4I17M3I9M3D14M2I6M2I7M11I13M
3508	11343	-8.756E-01	0.209	5.389E-01	34	210	216	47	198	223	12M7I62M1D8M4I17M3I9M3D14M2I6M2I7M11I13M
3509	3509	-5.028E+01	1.00	1.451E-22	0	41	42	0	41	42	42M
3510	3510	-9.963E+01	1.00	5.368E-44	0	74	75	0	74	75	75M
3511	3511	-2.984E+02	1.00	2.478E-130	0	182	183	0	182	183	183M
3512	3512	-7.084E+02	1.00	0.000E+00	0	570	571	0	570	571	571M
3512	6410	-7.084E+02	0.996	0.000E+00	0	569	571	0	569	571	570M
3512	10709	-7.084E+02	0.996	0.000E+00	0	569	571	0	569	571	570M
3513	3513	-1.695E+02	1.00	2.406E-74	0	119	120	0	119	120	120M
3513	6409	-1.648E+02	0.974	2.750E-72	0	118	120	0	118	120	119M
3513	10710	-1.648E+02	0.974	2.750E-72	0	118	120	0	118	120	119M
3514	3514	-4.557E+02	1.00	1.180E-198	0	289	290	0	289	290	290M
3514	6408	-4.551E+02	0.996	2.216E-198	0	288	290	0	288	290	289M
3514	10711	-4.551E+02	0.996	2.216E-198	0	288	290	0	288	290	289M
3515	3515	-3.977E+02	1.00	1.860E-173	0	276	277	0	276	277	277M
3515	6407	-3.911E+02	0.989	1.394E-170	0	275	277	0	274	276	61M1I214M
3515	10712	-3.911E+02	0.989	1.394E-170	0	275	277	0	274	276	61M1I214M
3516	3516	-6.139E+02	1.00	2.554E-267	0	385	386	0	385	386	386M
3516	6406	-6.072E+02	0.984	1.910E-264	0	384	386	0	384	386	385M
3516	10713	-6.072E+02	0.984	1.910E-264	0	384	386	0	384	386	385M
3517	3517	-1.159E+02	1.00	4.825E-51	0	85	86	0	85	86	86M
3517	6405	-1.136E+02	0.976	4.418E-50	0	84	86	0	84	86	85M
3517	10714	-1.136E+02	0.976	4.418E-50	0	84	86	0	84	86	85M
3518	3518	-7.084E+02	1.00	0.000E+00	0	820	821	0	820	821	821M
3518	6404	-7.084E+02	0.996	0.000E+00	0	820	821	0	820	869	821M
3518	10715	-7.084E+02	0.996	0.000E+00	0	820	821	0	820	869	821M
3519	3524	-7.084E+02	1.00	0.000E+00	0	593	595	0	593	595	594M
3519	8097	-7.084E+02	0.988	0.000E+00	0	593	595	29	622	624	594M
3519	11888	-7.084E+02	0.988	0.000E+00	0	593	595	29	622	624	594M
3520	3523	-5.743E+02	1.00	3.964E-250	0	368	370	0	368	370	369M
3520	8098	-5.743E+02	1.00	3.964E-250	0	368	370	0	368	370	369M
3520	11887	-5.743E+02	1.00	3.964E-250	0	368	370	0	368	370	369M
3521	3522	-4.568E+02	1.00	4.095E-199	0	299	301	0	299	301	300M
3521	8099	-4.291E+02	0.936	4.547E-187	0	299	301	17	315	317	48M1I251M
3521	11886	-4.291E+02	0.936	4.547E-187	0	299	301	17	315	317	48M1I251M
3522	3521	-4.568E+02	1.00	4.095E-199	0	299	301	0	299	301	300M
3522	8099	-4.291E+02	0.936	4.547E-187	0	299	301	17	315	317	48M1I251M
3522	11886	-4.291E+02	0.936	4.547E-187	0	299	301	17	315	317	48M1I251M
3523	3520	-5.743E+02	1.00	3.964E-250	0	368	370	0	368	370	369M
3523	8098	-5.743E+02	1.00	3.964E-250	0	368	370	0	368	370	369M
3523	11887	-5.743E+02	1.00	3.964E-250	0	368	370	0	368	370	369M
3524	3519	-7.084E+02	1.00	0.000E+00	0	593	595	0	593	595	594M
3524	8097	-7.084E+02	0.988	0.000E+00	0	593	595	29	622	624	594M
3524	11888	-7.084E+02	0.988	0.000E+00	0	593	595	29	622	624	594M
3525	3525	-7.084E+02	1.00	0.000E+00	0	875	876	0	875	876	876M
3525	6776	-7.084E+02	0.997	0.000E+00	0	874	876	14	888	890	875M
3525	10767	-7.084E+02	0.997	0.000E+00	0	874	876	14	888	890	875M
3526	3526	-3.216E+02	1.00	2.061E-140	0	238	239	0	238	239	239M
3526	6775	-3.207E+02	0.995	5.306E-140	0	237	239	0	237	239	238M
3526	10766	-3.207E+02	0.995	5.306E-140	0	237	239	0	237	239	238M
3527	3527	-4.203E+02	1.00	2.917E-183	0	292	293	0	292	293	293M
3527	6774	-4.184E+02	0.993	1.933E-182	0	291	293	0	291	293	292M
3527	10765	-4.184E+02	0.993	1.933E-182	0	291	293	0	291	293	292M
3528	3528	-1.947E+02	1.00	2.733E-85	0	140	141	0	140	141	141M
3528	6773	-1.938E+02	0.992	7.048E-85	0	139	141	0	139	141	140M
3528	10764	-1.938E+02	0.992	7.048E-85	0	139	141	0	139	141	140M
3529	3529	-1.895E+02	1.00	5.074E-83	0	137	138	0	137	138	138M
3529	6772	-1.885E+02	0.992	1.309E-82	0	136	138	0	136	138	137M
3529	10763	-1.885E+02	0.992	1.309E-82	0	136	138	0	136	138	137M
3530	3530	-2.293E+02	1.00	2.543E-100	0	149	150	0	149	150	150M
3530	6771	-2.296E+02	1.00	1.855E-100	0	148	150	0	148	150	149M
3530	10762	-2.296E+02	1.00	1.855E-100	0	148	150	0	148	150	149M
3531	3531	-7.084E+02	1.00	0.000E+00	0	721	722	0	721	722	722M
3531	6770	-7.084E+02	1.00	0.000E+00	0	720	722	0	720	722	721M
3531	10761	-7.084E+02	1.00	0.000E+00	0	720	722	0	720	722	721M
3532	3541	-1.970E+02	1.00	2.778E-86	0	144	146	0	144	146	145M
3532	7290	-1.970E+02	1.00	2.778E-86	0	144	146	0	144	146	145M
3532	9584	-1.970E+02	1.00	2.778E-86	0	144	146	0	144	146	145M
3533	3540	-1.589E+02	1.00	9.387E-70	0	108	110	0	108	110	109M
3533	7291	-1.589E+02	1.00	9.387E-70	0	108	110	0	108	110	109M
3533	9583	-1.589E+02	1.00	9.387E-70	0	108	110	0	108	110	109M
3534	3539	-3.689E+02	1.00	5.938E-161	0	237	239	0	237	239	238M
3534	7292	-3.674E+02	0.995	2.873E-160	0	237	239	0	237	239	238M
3534	9582	-3.674E+02	0.995	2.873E-160	0	237	239	0	237	239	238M
3535	3535	-7.084E+02	1.00	0.000E+00	0	574	575	0	574	575	575M
3535	7293	-7.084E+02	0.979	0.000E+00	0	573	575	0	573	575	574M
3535	9581	-7.084E+02	0.979	0.000E+00	0	573	575	0	573	575	574M
3536	3537	-2.428E+02	1.00	3.475E-106	0	156	158	0	156	158	157M
3536	7294	-2.409E+02	0.993	2.309E-105	0	156	158	394	550	552	157M
3536	9580	-2.409E+02	0.993	2.309E-105	0	156	158	394	550	552	157M
3537	3536	-2.428E+02	1.00	3.475E-106	0	156	158	0	156	158	157M
3537	7294	-2.409E+02	0.993	2.309E-105	0	156	158	394	550	552	157M
3537	9580	-2.409E+02	0.993	2.309E-105	0	156	158	394	550	552	157M
3538	3535	-7.084E+02	1.00	0.000E+00	0	573	575	0	573	575	574M
3538	7293	-7.084E+02	0.979	0.000E+00	0	573	575	0	573	575	574M
3538	9581	-7.084E+02	0.979	0.000E+00	0	573	575	0	573	575	574M
3539	3534	-3.689E+02	1.00	5.938E-161	0	237	239	0	237	239	238M
3539	7292	-3.674E+02	0.995	2.873E-160	0	237	239	0	237	239	238M
3539	9582	-3.674E+02	0.995	2.873E-160	0	237	239	0	237	239	238M
3540	3533	-1.589E+02	1.00	9.387E-70	0	108	110	0	108	110	109M
3540	7291	-1.589E+02	1.00	9.387E-70	0	108	110	0	108	110	109M
3540	9583	-1.589E+02	1.00	9.387E-70	0	108	110	0	108	110	109M
3541	3532	-1.970E+02	1.00	2.778E-86	0	144	146	0	144	146	145M
3541	7290	-1.970E+02	1.00	2.778E-86	0	144	146	0	144	146	145M
3541	9584	-1.970E+02	1.00	2.778E-86	0	144	146	0	144	146	145M
3542	3542	-1.648E+02	1.00	2.750E-72	0	119	120	0	119	120	120M
3543	3543	-3.348E+02	1.00	4.154E-146	0	234	235	0	234	235	235M
3543	5494	-3.214E+01	0.276	1.099E-14	12	209	235	24	240	278	9M1D100M2D23M3D5M15D13M1D17M4I10M1D17M
3543	9554	-3.214E+01	0.276	1.099E-14	12	209	235	24	240	278	9M1D100M2D23M3D5M15D13M1D17M4I10M1D17M
3544	3544	-2.227E+02	1.00	1.964E-97	0	156	157	0	156	157	157M
3545	3545	-7.084E+02	1.00	0.000E+00	0	621	622	0	621	622	622M
3545	5495	-1.622E+02	0.309	3.714E-71	6	620	622	221	826	833	6M5I26M1D71M1D53M2I7M1D20M1I42M7D4M1D30M9I18M6I33M3D7M1I11M1I10M6D15M5I7M4I14M1D22M1D30M1D147M2D8M
3545	9555	-1.622E+02	0.309	3.714E-71	6	620	622	221	826	833	6M5I26M1D71M1D53M2I7M1D20M1I42M7D4M1D30M9I18M6I33M3D7M1I11M1I10M6D15M5I7M4I14M1D22M1D30M1D147M2D8M
3546	3546	-5.101E+02	1.00	2.843E-222	0	339	340	0	339	340	340M
3547	3547	-3.454E+02	1.00	9.467E-151	0	228	229	0	228	229	229M
3547	6403	-3.401E+02	0.982	2.016E-148	0	227	229	0	227	229	228M
3547	10716	-3.401E+02	0.982	2.016E-148	0	227	229	0	227	229	228M
3548	3548	-3.783E+02	1.00	5.006E-165	0	253	254	0	253	254	254M
3548	6539	-3.027E+01	0.262	7.134E-14	13	237	254	5	220	234	6M2I72M4D8M4I30M1I8M7D29M1I28M12I24M
3548	10102	-3.027E+01	0.262	7.134E-14	13	237	254	5	220	234	6M2I72M4D8M4I30M1I8M7D29M1I28M12I24M
3549	3549	-3.404E+02	1.00	1.403E-148	0	227	228	0	227	228	228M
3549	8313	-3.367E+02	0.986	6.171E-147	0	226	228	0	226	228	227M
3549	12074	-3.367E+02	0.986	6.171E-147	0	226	228	0	226	228	227M
3550	3550	-2.715E+02	1.00	1.268E-118	0	185	186	0	185	186	186M
3550	8312	-2.686E+02	0.983	2.170E-117	0	184	186	0	184	186	185M
3550	12075	-2.686E+02	0.983	2.170E-117	0	184	186	0	184	186	185M
3551	3551	-1.033E+02	1.00	1.397E-45	0	77	78	0	77	78	78M
3551	8311	-1.036E+02	1.00	1.018E-45	0	76	78	88	164	166	77M
3551	12076	-1.036E+02	1.00	1.018E-45	0	76	78	88	164	166	77M
3552	3552	-4.894E+02	1.00	2.991E-213	0	325	326	0	325	326	326M
3552	7023	-1.043E+02	0.334	5.060E-46	0	324	326	0	341	345	8M1D82M3D10M2I29M2I4M1D9M9D12M8D134M1I32M
3552	10862	-1.043E+02	0.334	5.060E-46	0	324	326	0	341	345	8M1D82M3D10M2I29M2I4M1D9M9D12M8D134M1I32M
3553	3553	-4.141E+02	1.00	1.395E-180	0	269	270	0	269	270	270M
3553	7025	-7.910E+01	0.329	4.451E-35	17	263	270	22	243	252	22M2D6M5I31M2I39M18I59M1I40M1I23M
3553	10860	-7.910E+01	0.329	4.451E-35	17	263	270	22	243	252	22M2D6M5I31M2I39M18I59M1I40M1I23M
3554	3554	-4.435E+02	1.00	2.492E-193	0	295	296	0	295	296	296M
3554	7027	-4.271E+02	0.969	3.269E-186	0	294	296	0	294	297	295M
3554	10858	-4.271E+02	0.969	3.269E-186	0	294	296	0	294	297	295M
3555	3555	-4.839E+02	1.00	7.353E-211	0	308	309	0	308	309	309M
3555	7028	-4.842E+02	1.00	5.365E-211	0	307	309	0	307	309	308M
3555	10857	-4.842E+02	1.00	5.365E-211	0	307	309	0	307	309	308M
3556	3556	-7.084E+02	1.00	0.000E+00	0	916	917	0	916	917	917M
3556	7029	-7.084E+02	0.996	0.000E+00	0	915	917	0	915	917	916M
3556	10856	-7.084E+02	0.996	0.000E+00	0	915	917	0	915	917	916M
3557	3557	-6.461E+02	1.00	2.405E-281	0	422	423	0	422	423	423M
3557	7030	-6.430E+02	0.995	5.614E-280	0	421	423	0	421	423	422M
3557	10855	-6.430E+02	0.995	5.614E-280	0	421	423	0	421	423	422M
3558	3558	-6.583E+02	1.00	1.271E-286	0	452	453	0	452	453	453M
3558	5950	-6.564E+02	0.993	8.412E-286	0	451	453	0	451	453	452M
3558	10310	-6.564E+02	0.993	8.412E-286	0	451	453	0	451	453	452M
3559	3559	-6.677E+02	1.00	1.086E-290	0	420	421	0	420	421	421M
3559	5951	-6.592E+02	0.983	5.377E-287	0	419	421	0	419	421	420M
3559	10311	-6.592E+02	0.983	5.377E-287	0	419	421	0	419	421	420M
3560	3560	-5.441E+02	1.00	5.187E-237	0	368	369	0	368	369	369M
3560	5952	-5.444E+02	1.00	3.785E-237	0	367	369	0	367	369	368M
3560	10312	-5.444E+02	1.00	3.785E-237	0	367	369	0	367	369	368M
3561	3561	-7.084E+02	1.00	0.000E+00	0	1213	1214	0	1213	1214	1214M
3561	5953	-7.084E+02	0.998	0.000E+00	0	1212	1214	72	1284	1286	1213M
3561	10313	-7.084E+02	0.998	0.000E+00	0	1212	1214	72	1284	1286	1213M
3562	3562	-7.084E+02	1.00	0.000E+00	0	528	529	0	528	529	529M
3562	5260	-7.084E+02	0.996	0.000E+00	0	527	529	0	527	529	528M
3562	9320	-7.084E+02	0.996	0.000E+00	0	527	529	0	527	529	528M
3563	3563	-5.869E+02	1.00	1.243E-255	0	381	382	0	381	382	382M
3563	5259	-5.873E+02	1.00	9.073E-256	0	380	382	0	380	382	381M
3563	9319	-5.873E+02	1.00	9.073E-256	0	380	382	0	380	382	381M
3564	3564	-4.086E+01	1.00	1.790E-18	0	33	34	0	33	34	34M
3564	5258	-4.118E+01	1.00	1.303E-18	0	32	34	0	32	34	33M
3564	9318	-4.118E+01	1.00	1.303E-18	0	32	34	0	32	34	33M
3565	3565	-1.386E+02	1.00	6.285E-61	0	98	99	0	98	99	99M
3565	5257	-1.380E+02	0.989	1.183E-60	0	97	99	0	97	99	98M
3565	9317	-1.380E+02	0.989	1.183E-60	0	97	99	0	97	99	98M
3566	3566	-2.537E+02	1.00	6.659E-111	0	174	175	0	174	175	175M
3566	5256	-2.537E+02	0.994	6.659E-111	0	173	175	0	173	175	174M
3566	9316	-2.537E+02	0.994	6.659E-111	0	173	175	0	173	175	174M
3567	3567	-3.176E+02	1.00	1.155E-138	0	223	224	0	223	224	224M
3567	5255	-3.164E+02	0.995	4.077E-138	0	222	224	0	222	224	223M
3567	9315	-3.164E+02	0.995	4.077E-138	0	222	224	0	222	224	223M
3568	3568	-2.942E+02	1.00	1.711E-128	0	198	199	0	198	199	199M
3568	5254	-2.945E+02	1.00	1.248E-128	0	197	199	0	197	199	198M
3568	9314	-2.945E+02	1.00	1.248E-128	0	197	199	0	197	199	198M
3569	3569	-5.362E+02	1.00	1.367E-233	0	368	369	0	368	369	369M
3569	5253	-5.365E+02	1.00	9.976E-234	0	367	369	0	367	369	368M
3569	9313	-5.365E+02	1.00	9.976E-234	0	367	369	0	367	369	368M
3570	3570	-1.473E+02	1.00	1.070E-64	0	108	109	0	108	109	109M
3570	5252	-1.460E+02	0.990	3.789E-64	0	107	109	0	107	109	108M
3570	9312	-1.460E+02	0.990	3.789E-64	0	107	109	0	107	109	108M
3571	3571	-1.711E+02	1.00	4.957E-75	0	119	120	0	119	120	120M
3571	5251	-1.714E+02	1.00	3.615E-75	0	118	120	0	118	120	119M
3571	9311	-1.714E+02	1.00	3.615E-75	0	118	120	0	118	120	119M
3572	3572	-1.042E+02	1.00	5.406E-46	0	77	78	0	77	78	78M
3572	5250	-1.045E+02	1.00	3.939E-46	0	76	78	0	76	78	77M
3572	9310	-1.045E+02	1.00	3.939E-46	0	76	78	0	76	78	77M
3573	3580	-7.063E+02	1.00	1.833E-307	0	442	444	0	442	444	443M
3574	3579	-1.378E+02	1.00	1.439E-60	0	101	103	0	101	103	102M
3574	7723	-1.296E+02	1.00	5.342E-57	5	101	103	6	102	104	97M
3574	11525	-1.296E+02	1.00	5.342E-57	5	101	103	6	102	104	97M
3575	3578	-2.710E+02	1.00	2.067E-118	0	181	183	0	181	183	182M
3575	7724	-2.530E+02	0.939	1.335E-110	0	180	183	0	180	187	181M
3575	11524	-2.530E+02	0.939	1.335E-110	0	180	183	0	180	187	181M
3576	3577	-3.149E+02	1.00	1.687E-137	0	212	214	0	212	214	213M
3577	3576	-3.149E+02	1.00	1.687E-137	0	212	214	0	212	214	213M
3578	3575	-2.710E+02	1.00	2.067E-118	0	181	183	0	181	183	182M
3578	7724	-2.530E+02	0.939	1.335E-110	0	180	183	0	180	187	181M
3578	11524	-2.530E+02	0.939	1.335E-110	0	180	183	0	180	187	181M
3579	3574	-1.378E+02	1.00	1.439E-60	0	101	103	0	101	103	102M
3579	7723	-1.296E+02	1.00	5.342E-57	5	101	103	6	102	104	97M
3579	11525	-1.296E+02	1.00	5.342E-57	5	101	103	6	102	104	97M
3580	3573	-7.063E+02	1.00	1.833E-307	0	442	444	0	442	444	443M
3581	3581	-3.383E+02	1.00	1.160E-147	0	225	226	0	225	226	226M
3581	7626	-3.308E+02	0.968	2.246E-144	0	224	226	0	224	226	225M
3581	11489	-3.308E+02	0.968	2.246E-144	0	224	226	0	224	226	225M
3582	3582	-4.903E+02	1.00	1.162E-213	0	325	326	0	325	326	326M
3582	7627	-4.887E+02	0.993	5.617E-213	0	324	326	0	324	326	325M
3582	11488	-4.887E+02	0.993	5.617E-213	0	324	326	0	324	326	325M
3583	3583	-6.564E+02	1.00	8.639E-286	0	439	440	0	439	440	440M
3583	7628	-6.567E+02	1.00	6.304E-286	0	438	440	0	438	440	439M
3583	11487	-6.567E+02	1.00	6.304E-286	0	438	440	0	438	440	439M
3584	3584	-3.449E+02	1.00	1.568E-150	0	232	233	0	232	233	233M
3584	7629	-3.440E+02	0.995	4.038E-150	0	231	233	0	231	233	232M
3584	11486	-3.440E+02	0.995	4.038E-150	0	231	233	0	231	233	232M
3585	3585	-2.093E+02	1.00	1.273E-91	0	152	153	0	152	153	153M
3585	7630	-2.005E+02	0.967	8.777E-88	0	151	153	0	151	153	152M
3585	11485	-2.005E+02	0.967	8.777E-88	0	151	153	0	151	153	152M
3586	3586	-1.910E+02	1.00	1.067E-83	0	144	145	0	144	145	145M
3586	7631	-1.888E+02	0.979	9.726E-83	0	143	145	0	143	145	144M
3586	11484	-1.888E+02	0.979	9.726E-83	0	143	145	0	143	145	144M
3587	3587	-4.838E+02	1.00	8.080E-211	0	310	311	0	310	311	311M
3587	7632	-4.806E+02	0.990	1.889E-209	0	309	311	0	309	311	310M
3587	11483	-4.806E+02	0.990	1.889E-209	0	309	311	0	309	311	310M
3588	3588	-6.888E+02	1.00	7.408E-300	0	447	448	0	447	448	448M
3588	7633	-6.844E+02	0.995	6.097E-298	0	446	448	0	446	448	447M
3588	11482	-6.844E+02	0.995	6.097E-298	0	446	448	0	446	448	447M
3589	3589	-6.277E+01	1.00	5.473E-28	0	45	46	0	45	46	46M
3589	7634	-5.452E+01	0.975	2.102E-24	2	41	46	0	39	293	40M
3589	11481	-5.452E+01	0.975	2.102E-24	2	41	46	0	39	293	40M
3590	3590	-5.949E+01	1.00	1.453E-26	0	41	42	0	41	42	42M
3590	7850	-5.949E+01	1.00	1.453E-26	0	41	42	124	165	195	42M
3590	11667	-5.949E+01	1.00	1.453E-26	0	41	42	124	165	195	42M
3591	3591	-3.875E+02	1.00	5.183E-169	0	259	260	0	259	260	260M
3591	7851	-3.796E+02	0.976	1.373E-165	0	258	260	0	258	260	259M
3591	11666	-3.796E+02	0.976	1.373E-165	0	258	260	0	258	260	259M
3592	3592	-7.084E+02	1.00	0.000E+00	0	1120	1121	0	1120	1121	1121M
3592	7852	-7.084E+02	0.969	0.000E+00	0	1119	1121	1145	2264	2266	1120M
3592	11665	-7.084E+02	0.969	0.000E+00	0	1119	1121	1145	2264	2266	1120M
3593	3593	-7.084E+02	1.00	0.000E+00	0	1017	1018	0	1017	1018	1018M
3593	7852	-7.084E+02	0.975	0.000E+00	0	997	1018	119	1105	2266	944M11I43M
3593	11665	-7.084E+02	0.975	0.000E+00	0	997	1018	119	1105	2266	944M11I43M
3594	3594	-2.098E+01	1.00	7.700E-10	0	24	25	0	24	25	25M
3595	3595	-1.603E+02	1.00	2.405E-70	0	107	108	0	107	108	108M
3595	7840	-1.511E+02	0.943	2.298E-66	0	106	108	0	106	108	107M
3595	11677	-1.511E+02	0.943	2.298E-66	0	106	108	0	106	108	107M
3596	3596	-2.086E+02	1.00	2.463E-91	0	146	147	0	146	147	147M
3596	7411	-2.007E+02	0.965	6.594E-88	0	145	147	0	145	147	146M
3596	11312	-2.007E+02	0.965	6.594E-88	0	145	147	0	145	147	146M
3597	3597	-1.254E+02	1.00	3.334E-55	0	96	97	0	96	97	97M
3598	3598	-9.503E+01	1.00	5.333E-42	0	71	72	0	71	72	72M
3599	3599	-1.387E+02	1.00	5.696E-61	0	96	97	0	96	97	97M
3600	3600	-1.335E+02	1.00	1.039E-58	0	99	100	0	99	100	100M
3601	3601	-3.593E+02	1.00	8.780E-157	0	241	242	0	241	242	242M
3602	3602	-1.046E+02	1.00	3.747E-46	0	76	77	0	76	77	77M
3603	3603	-1.239E+02	1.00	1.500E-54	0	88	89	0	88	89	89M
3604	3604	-1.178E+02	1.00	6.745E-52	0	90	91	0	90	91	91M
3604	7830	-1.058E+02	0.911	1.121E-46	0	89	91	0	89	91	90M
3604	11687	-1.058E+02	0.911	1.121E-46	0	89	91	0	89	91	90M
3605	3605	-1.358E+02	1.00	1.030E-59	0	97	98	0	97	98	98M
3605	7405	-5.039E+01	0.577	1.306E-22	6	95	98	8	94	97	51M3I36M
3605	11318	-5.039E+01	0.577	1.306E-22	6	95	98	8	94	97	51M3I36M
3606	3606	-4.792E+02	1.00	7.775E-209	0	320	321	0	320	321	321M
3607	3607	-9.329E+01	1.00	3.065E-41	0	68	69	0	68	69	69M
3608	3608	-1.461E+02	1.00	3.609E-64	0	107	108	0	107	108	108M
3609	3609	-1.922E+02	1.00	3.347E-84	0	133	134	0	133	134	134M
3609	7824	-1.812E+02	0.953	2.113E-79	0	129	134	0	129	134	130M
3609	11693	-1.812E+02	0.953	2.113E-79	0	129	134	0	129	134	130M
3610	3610	-3.734E+02	1.00	6.744E-163	0	250	251	0	250	251	251M
3611	3611	-1.051E+02	1.00	2.234E-46	0	72	73	0	72	73	73M
3611	7821	-8.738E+01	0.833	1.121E-38	0	71	73	0	71	73	72M
3611	11696	-8.738E+01	0.833	1.121E-38	0	71	73	0	71	73	72M
3612	3612	-5.549E+02	1.00	1.024E-241	0	352	353	0	352	353	353M
3612	8072	-5.499E+02	0.991	1.586E-239	0	351	353	0	351	353	352M
3612	11913	-5.499E+02	0.991	1.586E-239	0	351	353	0	351	353	352M
3613	3613	-5.062E+02	1.00	1.425E-220	0	315	316	0	315	316	316M
3613	8071	-4.961E+02	0.977	3.422E-216	0	314	316	0	314	316	315M
3613	11914	-4.961E+02	0.977	3.422E-216	0	314	316	0	314	316	315M
3614	3614	-2.653E+02	1.00	6.230E-116	0	176	177	0	176	177	177M
3614	8070	-2.631E+02	0.988	5.672E-115	0	175	177	0	175	177	176M
3614	11915	-2.631E+02	0.988	5.672E-115	0	175	177	0	175	177	176M
3615	3615	-6.482E+02	1.00	3.118E-282	0	412	413	0	412	413	413M
3615	8069	-6.381E+02	0.980	7.457E-278	0	411	413	0	411	413	412M
3615	11916	-6.381E+02	0.980	7.457E-278	0	411	413	0	411	413	412M
3616	3616	-3.830E+02	1.00	4.702E-167	0	261	262	0	261	262	262M
3616	8068	-3.641E+02	0.957	7.705E-159	0	260	262	0	260	262	261M
3616	11917	-3.641E+02	0.957	7.705E-159	0	260	262	0	260	262	261M
3617	3617	-6.565E+02	1.00	7.598E-286	0	416	417	0	416	417	417M
3617	8067	-6.426E+02	0.975	7.967E-280	0	415	417	0	415	417	416M
3617	11918	-6.426E+02	0.975	7.967E-280	0	415	417	0	415	417	416M
3618	3618	-6.110E+02	1.00	4.360E-266	0	412	413	0	412	413	413M
3618	5299	-2.400E+02	0.433	6.126E-105	1	400	413	10	413	452	208M1D25M2D16M1D151M
3618	9359	-2.400E+02	0.433	6.126E-105	1	400	413	10	413	452	208M1D25M2D16M1D151M
3619	3619	-2.774E+02	1.00	3.511E-121	0	174	175	0	174	175	175M
3619	7611	-2.774E+02	1.00	3.511E-121	0	174	175	0	174	290	175M
3619	11429	-2.774E+02	1.00	3.511E-121	0	174	175	0	174	290	175M
3620	3629	-2.345E+02	1.00	1.441E-102	0	152	154	0	152	154	153M
3620	7610	-2.345E+02	1.00	1.441E-102	0	152	154	0	152	154	153M
3620	11428	-2.345E+02	1.00	1.441E-102	0	152	154	0	152	154	153M
3621	3628	-2.722E+02	1.00	6.048E-119	0	195	197	0	195	197	196M
3621	7609	-2.709E+02	0.994	2.136E-118	0	195	197	0	195	197	196M
3621	11427	-2.709E+02	0.994	2.136E-118	0	195	197	0	195	197	196M
3622	3627	-5.469E+02	1.00	3.043E-238	0	367	369	0	367	369	368M
3622	7608	-5.453E+02	0.997	1.471E-237	0	367	369	0	367	369	368M
3622	11426	-5.453E+02	0.997	1.471E-237	0	367	369	0	367	369	368M
3623	3626	-1.939E+02	1.00	6.102E-85	0	136	138	0	136	138	137M
3623	7607	-1.939E+02	1.00	6.102E-85	0	136	138	0	136	138	137M
3623	11425	-1.939E+02	1.00	6.102E-85	0	136	138	0	136	138	137M
3624	3625	-1.233E+02	1.00	2.967E-54	0	88	90	0	88	90	89M
3624	7606	-1.233E+02	1.00	2.967E-54	0	88	90	0	88	90	89M
3624	11424	-1.233E+02	1.00	2.967E-54	0	88	90	0	88	90	89M
3625	3624	-1.233E+02	1.00	2.967E-54	0	88	90	0	88	90	89M
3625	7606	-1.233E+02	1.00	2.967E-54	0	88	90	0	88	90	89M
3625	11424	-1.233E+02	1.00	2.967E-54	0	88	90	0	88	90	89M
3626	3623	-1.939E+02	1.00	6.102E-85	0	136	138	0	136	138	137M
3626	7607	-1.939E+02	1.00	6.102E-85	0	136	138	0	136	138	137M
3626	11425	-1.939E+02	1.00	6.102E-85	0	136	138	0	136	138	137M
3627	3622	-5.469E+02	1.00	3.043E-238	0	367	369	0	367	369	368M
3627	7608	-5.453E+02	0.997	1.471E-237	0	367	369	0	367	369	368M
3627	11426	-5.453E+02	0.997	1.471E-237	0	367	369	0	367	369	368M
3628	3621	-2.722E+02	1.00	6.048E-119	0	195	197	0	195	197	196M
3628	7609	-2.709E+02	0.994	2.136E-118	0	195	197	0	195	197	196M
3628	11427	-2.709E+02	0.994	2.136E-118	0	195	197	0	195	197	196M
3629	3620	-2.345E+02	1.00	1.441E-102	0	152	154	0	152	154	153M
3629	7610	-2.345E+02	1.00	1.441E-102	0	152	154	0	152	154	153M
3629	11428	-2.345E+02	1.00	1.441E-102	0	152	154	0	152	154	153M
3630	3619	-2.774E+02	1.00	3.511E-121	0	174	175	0	174	175	175M
3630	7611	-2.774E+02	1.00	3.511E-121	0	174	175	0	174	290	175M
3630	11429	-2.774E+02	1.00	3.511E-121	0	174	175	0	174	290	175M
3631	3631	-4.316E+02	1.00	3.487E-188	0	299	300	0	299	300	300M
3631	6745	-4.141E+01	0.246	1.040E-18	28	295	300	273	544	576	56M2D189M2D23M
3631	10736	-4.141E+01	0.246	1.040E-18	28	295	300	273	544	576	56M2D189M2D23M
3632	3632	-3.652E+02	1.00	2.414E-159	0	243	244	0	243	244	244M
3632	4910	-3.655E+02	1.00	1.761E-159	0	242	244	0	242	244	243M
3632	8709	-3.655E+02	1.00	1.761E-159	0	242	244	0	242	244	243M
3633	3633	-3.159E+02	1.00	6.550E-138	0	213	214	0	213	214	214M
3633	4909	-3.070E+02	0.971	4.481E-134	0	211	214	0	211	214	212M
3633	8708	-3.070E+02	0.971	4.481E-134	0	211	214	0	211	214	212M
3634	3634	-2.726E+02	1.00	4.267E-119	0	182	183	0	182	183	183M
3634	4908	-2.634E+02	0.967	4.016E-115	0	181	183	0	181	183	182M
3634	8707	-2.634E+02	0.967	4.016E-115	0	181	183	0	181	183	182M
3635	3635	-3.238E+02	1.00	2.310E-141	0	205	206	0	205	206	206M
3635	4907	-3.238E+02	0.995	2.310E-141	0	204	206	0	204	206	205M
3635	8706	-3.238E+02	0.995	2.310E-141	0	204	206	0	204	206	205M
3636	3636	-2.961E+02	1.00	2.458E-129	0	197	198	0	197	198	198M
3636	4906	-2.964E+02	1.00	1.793E-129	0	196	198	0	196	198	197M
3636	8705	-2.964E+02	1.00	1.793E-129	0	196	198	0	196	198	197M
3637	3637	-1.909E+02	1.00	1.214E-83	0	127	128	0	127	128	128M
3637	4905	-1.912E+02	1.00	8.855E-84	0	126	128	0	126	128	127M
3637	8704	-1.912E+02	1.00	8.855E-84	0	126	128	0	126	128	127M
3638	3638	-2.205E+02	1.00	1.802E-96	0	143	144	0	143	144	144M
3638	4904	-2.173E+02	0.986	4.234E-95	0	142	144	0	142	144	143M
3638	8703	-2.173E+02	0.986	4.234E-95	0	142	144	0	142	144	143M
3639	3639	-7.084E+02	1.00	0.000E+00	0	504	505	0	504	505	505M
3639	4903	-7.084E+02	1.00	0.000E+00	0	503	505	0	503	505	504M
3639	8702	-7.084E+02	1.00	0.000E+00	0	503	505	0	503	505	504M
3640	3640	-7.084E+02	1.00	0.000E+00	0	888	889	0	888	889	889M
3640	6921	-2.953E+02	0.332	5.388E-129	5	855	889	5	840	1188	96M7I29M4I37M1D12M1I52M10I15M6I35M1I16M1D4M6D171M8D37M1D4M1D42M1D7M1D43M3I18M2I11M1I68M1I56M1D62M
3640	11112	-2.953E+02	0.332	5.388E-129	5	855	889	5	840	1188	96M7I29M4I37M1D12M1I52M10I15M6I35M1I16M1D4M6D171M8D37M1D4M1D42M1D7M1D43M3I18M2I11M1I68M1I56M1D62M
3641	3641	-3.269E+02	1.00	1.036E-142	0	226	227	0	226	227	227M
3642	3642	-3.335E+02	1.00	1.492E-145	0	221	222	0	221	222	222M
3643	3643	-6.298E+02	1.00	2.956E-274	0	414	415	0	414	415	415M
3644	3644	-7.084E+02	1.00	0.000E+00	0	640	641	0	640	641	641M
3645	3652	-1.497E+02	1.00	1.012E-65	0	104	106	0	104	106	105M
3645	6340	-1.487E+02	0.990	2.612E-65	0	104	106	82	186	188	105M
3645	10548	-1.487E+02	0.990	2.612E-65	0	104	106	82	186	188	105M
3646	3651	-9.799E+01	1.00	2.790E-43	0	68	70	0	68	70	69M
3646	6340	-9.482E+01	0.971	6.619E-42	0	68	70	0	68	188	69M
3646	10548	-9.482E+01	0.971	6.619E-42	0	68	70	0	68	188	69M
3647	3650	-6.334E+02	1.00	8.414E-276	0	411	413	0	411	413	412M
3647	6341	-6.309E+02	0.995	1.046E-274	0	411	413	272	683	685	412M
3647	10549	-6.309E+02	0.995	1.046E-274	0	411	413	272	683	685	412M
3648	3649	-3.211E+02	1.00	3.695E-140	0	236	238	0	236	238	237M
3648	6341	-3.211E+02	1.00	3.695E-140	0	236	238	0	236	685	237M
3648	10549	-3.211E+02	1.00	3.695E-140	0	236	238	0	236	685	237M
3649	3648	-3.211E+02	1.00	3.695E-140	0	236	238	0	236	238	237M
3649	6341	-3.211E+02	1.00	3.695E-140	0	236	238	0	236	685	237M
3649	10549	-3.211E+02	1.00	3.695E-140	0	236	238	0	236	685	237M
3650	3647	-6.334E+02	1.00	8.414E-276	0	411	413	0	411	413	412M
3650	6341	-6.309E+02	0.995	1.046E-274	0	411	413	272	683	685	412M
3650	10549	-6.309E+02	0.995	1.046E-274	0	411	413	272	683	685	412M
3651	3646	-9.799E+01	1.00	2.790E-43	0	68	70	0	68	70	69M
3651	6340	-9.482E+01	0.971	6.619E-42	0	68	70	0	68	188	69M
3651	10548	-9.482E+01	0.971	6.619E-42	0	68	70	0	68	188	69M
3652	3645	-1.497E+02	1.00	1.012E-65	0	104	106	0	104	106	105M
3652	6340	-1.487E+02	0.990	2.612E-65	0	104	106	82	186	188	105M
3652	10548	-1.487E+02	0.990	2.612E-65	0	104	106	82	186	188	105M
3653	3653	-4.657E+02	1.00	5.370E-203	0	311	312	0	311	312	312M
3653	5980	-4.648E+02	0.996	1.382E-202	0	310	312	0	310	312	311M
3653	10340	-4.648E+02	0.996	1.382E-202	0	310	312	0	310	312	311M
3654	3654	-4.302E+02	1.00	1.415E-187	0	302	303	0	302	303	303M
3654	5981	-4.287E+02	0.993	6.841E-187	0	301	303	0	301	303	302M
3654	10341	-4.287E+02	0.993	6.841E-187	0	301	303	0	301	303	302M
3655	3655	-3.373E+02	1.00	3.284E-147	0	227	228	0	227	228	228M
3655	5982	-3.376E+02	1.00	2.396E-147	0	226	228	0	226	228	227M
3655	10342	-3.376E+02	1.00	2.396E-147	0	226	228	0	226	228	227M
3656	3656	-4.875E+02	1.00	1.840E-212	0	310	311	0	310	311	311M
3656	5983	-4.812E+02	0.983	1.006E-209	0	309	311	0	309	311	310M
3656	10343	-4.812E+02	0.983	1.006E-209	0	309	311	0	309	311	310M
3657	3657	-5.724E+02	1.00	2.505E-249	0	368	369	0	368	369	369M
3657	5984	-5.608E+02	0.978	2.899E-244	0	366	369	0	366	368	367M
3657	10344	-5.608E+02	0.978	2.899E-244	0	366	369	0	366	368	367M
3658	3658	-1.049E+02	1.00	2.731E-46	0	76	77	0	76	77	77M
3658	5985	-1.033E+02	0.986	1.329E-45	0	75	77	0	75	77	76M
3658	10345	-1.033E+02	0.986	1.329E-45	0	75	77	0	75	77	76M
3659	3659	-6.412E+02	1.00	3.386E-279	0	420	421	0	420	421	421M
3659	5986	-6.277E+02	0.976	2.588E-273	0	419	421	0	419	421	420M
3659	10346	-6.277E+02	0.976	2.588E-273	0	419	421	0	419	421	420M
3660	3660	-3.797E+02	1.00	1.231E-165	0	250	251	0	250	251	251M
3660	5987	-3.759E+02	0.984	5.414E-164	0	249	251	0	249	251	250M
3660	10347	-3.759E+02	0.984	5.414E-164	0	249	251	0	249	251	250M
3661	3661	-1.100E+02	1.00	1.615E-48	0	81	82	0	81	82	82M
3661	5240	-1.104E+02	1.00	1.177E-48	0	80	82	0	80	82	81M
3661	9300	-1.104E+02	1.00	1.177E-48	0	80	82	0	80	82	81M
3662	3662	-2.117E+02	1.00	1.121E-92	0	154	155	0	154	155	155M
3662	5239	-2.079E+02	0.980	4.950E-91	0	153	155	0	153	155	154M
3662	9299	-2.079E+02	0.980	4.950E-91	0	153	155	0	153	155	154M
3663	3663	-4.508E+02	1.00	1.587E-196	0	286	287	0	286	287	287M
3663	5238	-4.351E+02	0.968	1.111E-189	0	285	287	0	285	287	286M
3663	9298	-4.351E+02	0.968	1.111E-189	0	285	287	0	285	287	286M
3664	3664	-7.084E+02	1.00	0.000E+00	0	952	953	0	952	953	953M
3664	5237	-7.084E+02	0.984	0.000E+00	0	951	953	0	951	953	952M
3664	9297	-7.084E+02	0.984	0.000E+00	0	951	953	0	951	953	952M
3665	3665	-4.719E+02	1.00	1.186E-205	0	315	316	0	315	316	316M
3665	5236	-4.668E+02	0.987	1.836E-203	0	314	316	0	314	316	315M
3665	9296	-4.668E+02	0.987	1.836E-203	0	314	316	0	314	316	315M
3666	3666	-7.084E+02	1.00	0.000E+00	0	576	577	0	576	577	577M
3666	5235	-7.084E+02	0.994	0.000E+00	0	555	577	0	555	573	556M
3666	9295	-7.084E+02	0.994	0.000E+00	0	555	577	0	555	573	556M
3667	3667	-5.568E+01	1.00	6.557E-25	0	47	48	0	47	48	48M
3667	8357	-2.482E+01	0.553	1.668E-11	1	47	48	0	46	403	47M
3667	12140	-2.482E+01	0.553	1.668E-11	1	47	48	0	46	403	47M
3668	3675	-1.750E+02	1.00	9.908E-77	0	122	124	0	122	124	123M
3668	8148	-1.750E+02	1.00	9.908E-77	0	122	124	0	122	124	123M
3668	11926	-1.750E+02	1.00	9.908E-77	0	122	124	0	122	124	123M
3669	3674	-1.395E+02	1.00	2.557E-61	0	98	100	0	98	100	99M
3669	8147	-1.395E+02	1.00	2.557E-61	0	98	100	0	98	100	99M
3669	11925	-1.395E+02	1.00	2.557E-61	0	98	100	0	98	100	99M
3670	3673	-4.220E+02	1.00	5.423E-184	0	282	284	0	282	284	283M
3670	8146	-4.220E+02	1.00	5.423E-184	0	282	284	0	282	284	283M
3670	11924	-4.220E+02	1.00	5.423E-184	0	282	284	0	282	284	283M
3671	3672	-7.045E+02	1.00	1.095E-306	0	494	496	0	494	496	495M
3671	8145	-6.843E+02	0.995	6.201E-298	10	494	496	3	487	489	485M
3671	11923	-6.843E+02	0.995	6.201E-298	10	494	496	3	487	489	485M
3672	3671	-7.045E+02	1.00	1.095E-306	0	494	496	0	494	496	495M
3672	8145	-6.843E+02	0.995	6.201E-298	10	494	496	3	487	489	485M
3672	11923	-6.843E+02	0.995	6.201E-298	10	494	496	3	487	489	485M
3673	3670	-4.220E+02	1.00	5.423E-184	0	282	284	0	282	284	283M
3673	8146	-4.220E+02	1.00	5.423E-184	0	282	284	0	282	284	283M
3673	11924	-4.220E+02	1.00	5.423E-184	0	282	284	0	282	284	283M
3674	3669	-1.395E+02	1.00	2.557E-61	0	98	100	0	98	100	99M
3674	8147	-1.395E+02	1.00	2.557E-61	0	98	100	0	98	100	99M
3674	11925	-1.395E+02	1.00	2.557E-61	0	98	100	0	98	100	99M
3675	3668	-1.750E+02	1.00	9.908E-77	0	122	124	0	122	124	123M
3675	8148	-1.750E+02	1.00	9.908E-77	0	122	124	0	122	124	123M
3675	11926	-1.750E+02	1.00	9.908E-77	0	122	124	0	122	124	123M
3676	3667	-5.568E+01	1.00	6.557E-25	0	47	48	0	47	48	48M
3676	8357	-2.482E+01	0.553	1.668E-11	1	47	48	0	46	403	47M
3676	12140	-2.482E+01	0.553	1.668E-11	1	47	48	0	46	403	47M
3677	3677	-5.663E+02	1.00	1.109E-246	0	377	378	0	377	378	378M
3677	8137	-5.597E+02	0.989	8.288E-244	0	376	378	0	376	378	377M
3677	10040	-5.597E+02	0.989	8.288E-244	0	376	378	0	376	378	377M
3678	3678	-2.871E+02	1.00	2.063E-125	0	188	189	0	188	189	189M
3678	8136	-2.874E+02	1.00	1.505E-125	0	187	189	0	187	189	188M
3678	10041	-2.874E+02	1.00	1.505E-125	0	187	189	0	187	189	188M
3679	3679	-3.023E+02	1.00	5.003E-132	0	206	207	0	206	207	207M
3679	8135	-3.026E+02	1.00	3.650E-132	0	205	207	0	205	207	206M
3679	10042	-3.026E+02	1.00	3.650E-132	0	205	207	0	205	207	206M
3680	3680	-3.894E+02	1.00	7.928E-170	0	266	267	0	266	267	267M
3680	8134	-3.897E+02	1.00	5.785E-170	0	265	267	0	265	267	266M
3680	10043	-3.897E+02	1.00	5.785E-170	0	265	267	0	265	267	266M
3681	3681	-3.809E+02	1.00	3.761E-166	0	265	266	0	265	266	266M
3681	8133	-3.812E+02	1.00	2.744E-166	0	264	266	0	264	266	265M
3681	10044	-3.812E+02	1.00	2.744E-166	0	264	266	0	264	266	265M
3682	3682	-6.051E+02	1.00	1.676E-263	0	391	392	0	391	392	392M
3682	8132	-6.041E+02	0.997	4.312E-263	0	390	392	0	390	392	391M
3682	10045	-6.041E+02	0.997	4.312E-263	0	390	392	0	390	392	391M
3683	3683	-4.918E+02	1.00	2.639E-214	0	327	328	0	327	328	328M
3683	8131	-4.893E+02	0.990	3.284E-213	0	326	328	0	326	328	327M
3683	10046	-4.893E+02	0.990	3.284E-213	0	326	328	0	326	328	327M
3684	3684	-4.791E+02	1.00	8.538E-209	0	322	323	0	322	323	323M
3684	8130	-4.794E+02	1.00	6.230E-209	0	321	323	0	321	323	322M
3684	10047	-4.794E+02	1.00	6.230E-209	0	321	323	0	321	323	322M
3685	3685	-1.014E+02	1.00	9.017E-45	0	70	71	0	70	71	71M
3685	5792	-1.005E+02	0.985	2.331E-44	0	69	71	0	69	71	70M
3685	10000	-1.005E+02	0.985	2.331E-44	0	69	71	0	69	71	70M
3686	3686	-7.084E+02	1.00	0.000E+00	0	729	730	0	729	730	730M
3686	5791	-7.084E+02	0.991	0.000E+00	0	728	730	0	728	730	729M
3686	9999	-7.084E+02	0.991	0.000E+00	0	728	730	0	728	730	729M
3687	3687	-3.154E+02	1.00	1.035E-137	0	216	217	0	216	217	217M
3687	5790	-3.157E+02	1.00	7.549E-138	0	215	217	0	215	217	216M
3687	9998	-3.157E+02	1.00	7.549E-138	0	215	217	0	215	217	216M
3688	3688	-4.435E+02	1.00	2.382E-193	0	274	275	0	274	275	275M
3688	5789	-4.438E+02	1.00	1.738E-193	0	273	275	0	273	275	274M
3688	9997	-4.438E+02	1.00	1.738E-193	0	273	275	0	273	275	274M
3689	3689	-1.652E+02	1.00	1.733E-72	0	116	117	0	116	117	117M
3689	5788	-1.643E+02	0.991	4.472E-72	0	115	117	0	115	117	116M
3689	9996	-1.643E+02	0.991	4.472E-72	0	115	117	0	115	117	116M
3690	3690	-2.153E+02	1.00	3.100E-94	0	145	146	0	145	146	146M
3690	5787	-2.156E+02	1.00	2.260E-94	0	144	146	0	144	146	145M
3690	9995	-2.156E+02	1.00	2.260E-94	0	144	146	0	144	146	145M
3691	3691	-4.614E+02	1.00	4.171E-201	0	303	304	0	303	304	304M
3691	5786	-4.598E+02	0.996	2.017E-200	0	302	304	0	302	304	303M
3691	9994	-4.598E+02	0.996	2.017E-200	0	302	304	0	302	304	303M
3692	3692	-4.623E+02	1.00	1.698E-201	0	304	305	0	304	305	305M
3692	5785	-4.547E+02	1.00	3.274E-198	0	298	305	0	298	398	299M
3692	9993	-4.547E+02	1.00	3.274E-198	0	298	305	0	298	398	299M
3693	4298	-4.976E+01	1.00	2.461E-22	0	38	40	0	38	40	39M
3694	3701	-7.084E+02	1.00	0.000E+00	0	614	616	0	614	616	615M
3694	6843	-7.084E+02	0.998	0.000E+00	0	614	616	0	614	616	615M
3694	11190	-7.084E+02	0.998	0.000E+00	0	614	616	0	614	616	615M
3695	3700	-2.200E+02	1.00	2.855E-96	0	145	147	0	145	147	146M
3695	6844	-2.197E+02	0.993	3.915E-96	0	145	147	0	145	147	146M
3695	11189	-2.197E+02	0.993	3.915E-96	0	145	147	0	145	147	146M
3696	3699	-5.151E+02	1.00	2.017E-224	0	340	342	0	340	342	341M
3696	6845	-5.141E+02	0.997	5.190E-224	0	340	342	0	340	342	341M
3696	11188	-5.141E+02	0.997	5.190E-224	0	340	342	0	340	342	341M
3697	3698	-2.092E+02	1.00	1.346E-91	0	139	141	0	139	141	140M
3697	6846	-1.802E+02	1.00	5.554E-79	0	121	141	0	121	125	122M
3697	11187	-1.802E+02	1.00	5.554E-79	0	121	141	0	121	125	122M
3698	3697	-2.092E+02	1.00	1.346E-91	0	139	141	0	139	141	140M
3698	6846	-1.802E+02	1.00	5.554E-79	0	121	141	0	121	125	122M
3698	11187	-1.802E+02	1.00	5.554E-79	0	121	141	0	121	125	122M
3699	3696	-5.151E+02	1.00	2.017E-224	0	340	342	0	340	342	341M
3699	6845	-5.141E+02	0.997	5.190E-224	0	340	342	0	340	342	341M
3699	11188	-5.141E+02	0.997	5.190E-224	0	340	342	0	340	342	341M
3700	3695	-2.200E+02	1.00	2.855E-96	0	145	147	0	145	147	146M
3700	6844	-2.197E+02	0.993	3.915E-96	0	145	147	0	145	147	146M
3700	11189	-2.197E+02	0.993	3.915E-96	0	145	147	0	145	147	146M
3701	3694	-7.084E+02	1.00	0.000E+00	0	614	616	0	614	616	615M
3701	6843	-7.084E+02	0.998	0.000E+00	0	614	616	0	614	616	615M
3701	11190	-7.084E+02	0.998	0.000E+00	0	614	616	0	614	616	615M
3702	3711	-2.243E+02	1.00	3.701E-98	0	140	142	0	140	142	141M
3702	5249	-2.202E+02	0.992	2.243E-96	0	140	142	0	140	142	141M
3702	9309	-2.202E+02	0.992	2.243E-96	0	140	142	0	140	142	141M
3703	3710	-1.949E+02	1.00	2.301E-85	0	142	144	0	142	144	143M
3703	5248	-1.949E+02	1.00	2.301E-85	0	142	144	0	142	144	143M
3703	9308	-1.949E+02	1.00	2.301E-85	0	142	144	0	142	144	143M
3704	3709	-6.023E+02	1.00	2.542E-262	0	401	403	0	401	403	402M
3704	5247	-6.001E+02	0.995	2.306E-261	0	401	403	0	401	403	402M
3704	9307	-6.001E+02	0.995	2.306E-261	0	401	403	0	401	403	402M
3705	3708	-1.679E+02	1.00	1.196E-73	0	112	114	0	112	114	113M
3705	5246	-1.679E+02	1.00	1.196E-73	0	112	114	0	112	114	113M
3705	9306	-1.679E+02	1.00	1.196E-73	0	112	114	0	112	114	113M
3706	3707	-1.594E+02	1.00	6.206E-70	0	106	108	0	106	108	107M
3706	5245	-1.568E+02	0.971	7.776E-69	0	106	108	0	106	108	107M
3706	9305	-1.568E+02	0.971	7.776E-69	0	106	108	0	106	108	107M
3707	3706	-1.594E+02	1.00	6.206E-70	0	106	108	0	106	108	107M
3707	5245	-1.568E+02	0.971	7.776E-69	0	106	108	0	106	108	107M
3707	9305	-1.568E+02	0.971	7.776E-69	0	106	108	0	106	108	107M
3708	3705	-1.679E+02	1.00	1.196E-73	0	112	114	0	112	114	113M
3708	5246	-1.679E+02	1.00	1.196E-73	0	112	114	0	112	114	113M
3708	9306	-1.679E+02	1.00	1.196E-73	0	112	114	0	112	114	113M
3709	3704	-6.023E+02	1.00	2.542E-262	0	401	403	0	401	403	402M
3709	5247	-6.001E+02	0.995	2.306E-261	0	401	403	0	401	403	402M
3709	9307	-6.001E+02	0.995	2.306E-261	0	401	403	0	401	403	402M
3710	3703	-1.949E+02	1.00	2.301E-85	0	142	144	0	142	144	143M
3710	5248	-1.949E+02	1.00	2.301E-85	0	142	144	0	142	144	143M
3710	9308	-1.949E+02	1.00	2.301E-85	0	142	144	0	142	144	143M
3711	3702	-2.243E+02	1.00	3.701E-98	0	140	142	0	140	142	141M
3711	5249	-2.202E+02	0.992	2.243E-96	0	140	142	0	140	142	141M
3711	9309	-2.202E+02	0.992	2.243E-96	0	140	142	0	140	142	141M
3712	3712	-7.226E+02	1.00	1.454E-314	0	491	492	0	491	492	492M
3712	8275	-7.075E+02	1.00	5.349E-308	9	490	492	0	481	483	482M
3712	12045	-7.075E+02	1.00	5.349E-308	9	490	492	0	481	483	482M
3713	3713	-1.547E+02	1.00	6.608E-68	0	112	113	0	112	113	113M
3713	8274	-1.550E+02	1.00	4.818E-68	0	111	113	0	111	113	112M
3713	12046	-1.550E+02	1.00	4.818E-68	0	111	113	0	111	113	112M
3714	3714	-1.115E+02	1.00	3.665E-49	0	83	84	0	83	84	84M
3714	8273	-1.118E+02	1.00	2.671E-49	0	82	84	0	82	84	83M
3714	12047	-1.118E+02	1.00	2.671E-49	0	82	84	0	82	84	83M
3715	3715	-6.218E+02	1.00	9.378E-271	0	418	419	0	418	419	419M
3715	8272	-6.221E+02	1.00	6.844E-271	0	417	419	0	417	419	418M
3715	12048	-6.221E+02	1.00	6.844E-271	0	417	419	0	417	419	418M
3716	3716	-3.332E+02	1.00	1.981E-145	0	227	228	0	227	228	228M
3716	8271	-3.335E+02	1.00	1.445E-145	0	226	228	0	226	228	227M
3716	12049	-3.335E+02	1.00	1.445E-145	0	226	228	0	226	228	227M
3717	3717	-6.516E+02	1.00	1.020E-283	0	440	441	0	440	441	441M
3717	8270	-6.456E+02	0.990	4.055E-281	0	439	441	0	439	441	440M
3717	12050	-6.456E+02	0.990	4.055E-281	0	439	441	0	439	441	440M
3718	3718	-5.397E+02	1.00	4.224E-235	0	361	362	0	361	362	362M
3718	8269	-5.308E+02	0.983	2.866E-231	0	360	362	0	360	362	361M
3718	12051	-5.308E+02	0.983	2.866E-231	0	360	362	0	360	362	361M
3719	3719	-3.811E+02	1.00	3.074E-166	0	254	255	0	254	255	255M
3719	8268	-3.786E+02	0.992	3.829E-165	0	253	255	208	461	463	254M
3719	12052	-3.786E+02	0.992	3.829E-165	0	253	255	208	461	463	254M
3720	3720	-3.447E+02	1.00	1.924E-150	0	223	224	0	223	224	224M
3720	7808	-3.450E+02	1.00	1.403E-150	0	222	224	24	246	248	223M
3720	11577	-3.450E+02	1.00	1.403E-150	0	222	224	24	246	248	223M
3721	3721	-4.147E+02	1.00	8.276E-181	0	278	279	0	278	279	279M
3721	7809	-4.099E+02	0.992	9.360E-179	0	277	279	0	277	279	278M
3721	11576	-4.099E+02	0.992	9.360E-179	0	277	279	0	277	279	278M
3722	3722	-7.084E+02	1.00	0.000E+00	0	758	759	0	758	759	759M
3722	7810	-7.084E+02	0.997	0.000E+00	0	757	759	0	757	759	758M
3722	11575	-7.084E+02	0.997	0.000E+00	0	757	759	0	757	759	758M
3723	3723	-2.949E+02	1.00	8.152E-129	0	209	210	0	209	210	210M
3723	7811	-2.930E+02	0.995	5.409E-128	0	208	210	0	208	210	209M
3723	11574	-2.930E+02	0.995	5.409E-128	0	208	210	0	208	210	209M
3724	3724	-3.360E+02	1.00	1.255E-146	0	222	223	0	222	223	223M
3724	7812	-3.290E+02	0.972	1.293E-143	0	221	223	0	221	223	222M
3724	11573	-3.290E+02	0.972	1.293E-143	0	221	223	0	221	223	222M
3725	3725	-7.084E+02	1.00	0.000E+00	0	497	498	0	497	498	498M
3725	7813	-7.084E+02	0.993	0.000E+00	0	496	498	0	496	498	497M
3725	11572	-7.084E+02	0.993	0.000E+00	0	496	498	0	496	498	497M
3726	3726	-2.017E+02	1.00	2.572E-88	0	133	134	0	133	134	134M
3726	7814	-1.947E+02	1.00	2.676E-85	0	127	134	0	127	131	128M
3726	11571	-1.947E+02	1.00	2.676E-85	0	127	134	0	127	131	128M
3727	954	-4.732E+01	1.00	2.807E-21	0	37	38	0	37	38	38M
3727	5151	-4.732E+01	1.00	2.807E-21	0	37	38	0	37	38	38M
3727	9211	-4.732E+01	1.00	2.807E-21	0	37	38	0	37	38	38M
3728	3728	-1.339E+02	1.00	7.362E-59	0	92	93	0	92	93	93M
3728	6563	-1.329E+02	0.989	1.901E-58	0	91	93	46	137	139	92M
3728	10126	-1.329E+02	0.989	1.901E-58	0	91	93	46	137	139	92M
3729	3729	-2.741E+02	1.00	9.241E-120	0	183	184	0	183	184	184M
3729	6562	-2.728E+02	0.994	3.265E-119	0	182	184	0	182	184	183M
3729	10125	-2.728E+02	0.994	3.265E-119	0	182	184	0	182	184	183M
3730	3730	-6.833E+02	1.00	1.804E-297	0	450	451	0	450	451	451M
3730	6561	-6.817E+02	0.995	8.716E-297	0	449	451	0	449	451	450M
3730	10124	-6.817E+02	0.995	8.716E-297	0	449	451	0	449	451	450M
3731	3731	-5.167E+02	1.00	4.172E-225	0	341	342	0	341	342	342M
3731	6560	-5.151E+02	0.994	2.017E-224	0	340	342	0	340	342	341M
3731	10123	-5.151E+02	0.994	2.017E-224	0	340	342	0	340	342	341M
3732	3732	-3.781E+02	1.00	6.044E-165	0	257	258	0	257	258	258M
3732	6559	-3.759E+02	0.996	5.492E-164	0	256	258	0	256	258	257M
3732	10122	-3.759E+02	0.996	5.492E-164	0	256	258	0	256	258	257M
3733	3733	-5.573E+02	1.00	9.389E-243	0	375	376	0	375	376	376M
3733	6558	-5.576E+02	1.00	6.852E-243	0	374	376	0	374	376	375M
3733	10121	-5.576E+02	1.00	6.852E-243	0	374	376	0	374	376	375M
3734	3734	-7.084E+02	1.00	0.000E+00	0	549	550	0	549	550	550M
3734	6557	-7.084E+02	0.990	0.000E+00	0	548	550	0	548	550	549M
3734	10120	-7.084E+02	0.990	0.000E+00	0	548	550	0	548	550	549M
3735	3735	-2.166E+02	1.00	8.768E-95	0	145	146	0	145	146	146M
3735	6556	-2.150E+02	0.993	4.250E-94	0	144	146	151	295	297	145M
3735	10119	-2.150E+02	0.993	4.250E-94	0	144	146	151	295	297	145M
3736	3736	-6.574E+02	1.00	3.238E-286	0	445	446	0	445	446	446M
3736	7878	-6.545E+02	0.995	5.515E-285	0	444	446	0	444	446	445M
3736	11639	-6.545E+02	0.995	5.515E-285	0	444	446	0	444	446	445M
3737	3737	-2.432E+02	1.00	2.512E-106	0	170	171	0	170	171	171M
3737	7879	-2.409E+02	0.982	2.288E-105	0	169	171	0	169	171	170M
3737	11638	-2.409E+02	0.982	2.288E-105	0	169	171	0	169	171	170M
3738	3738	-2.609E+02	1.00	5.012E-114	0	182	183	0	182	183	183M
3738	7880	-2.590E+02	0.989	3.327E-113	0	181	183	0	181	183	182M
3738	11637	-2.590E+02	0.989	3.327E-113	0	181	183	0	181	183	182M
3739	3739	-7.084E+02	1.00	0.000E+00	0	537	538	0	537	538	538M
3739	7881	-7.084E+02	0.992	0.000E+00	0	536	538	0	536	538	537M
3739	11636	-7.084E+02	0.992	0.000E+00	0	536	538	0	536	538	537M
3740	3740	-4.662E+02	1.00	3.519E-203	0	302	303	0	302	303	303M
3740	7882	-4.665E+02	1.00	2.568E-203	0	301	303	0	301	303	302M
3740	11635	-4.665E+02	1.00	2.568E-203	0	301	303	0	301	303	302M
3741	3741	-3.933E+01	1.00	8.312E-18	0	32	33	0	32	33	33M
3741	7883	-3.806E+01	0.968	2.968E-17	0	31	33	0	31	33	32M
3741	11634	-3.806E+01	0.968	2.968E-17	0	31	33	0	31	33	32M
3742	3742	-7.084E+02	1.00	0.000E+00	0	480	481	0	480	481	481M
3742	6624	-7.084E+02	0.981	0.000E+00	0	479	481	0	479	481	480M
3742	8777	-7.084E+02	0.981	0.000E+00	0	479	481	0	479	481	480M
3743	3743	-1.907E+02	1.00	1.463E-83	0	144	145	0	144	145	145M
3743	6632	-1.844E+02	0.972	8.083E-81	0	143	145	52	195	197	144M
3743	8785	-1.844E+02	0.972	8.083E-81	0	143	145	52	195	197	144M
3744	3744	-4.397E+02	1.00	1.108E-191	0	302	303	0	302	303	303M
3744	6631	-4.400E+02	1.00	8.086E-192	0	301	303	0	301	303	302M
3744	8784	-4.400E+02	1.00	8.086E-192	0	301	303	0	301	303	302M
3745	3745	-4.826E+02	1.00	2.510E-210	0	314	315	0	314	315	315M
3745	6630	-4.804E+02	0.993	2.280E-209	0	313	315	0	313	315	314M
3745	8783	-4.804E+02	0.993	2.280E-209	0	313	315	0	313	315	314M
3746	3746	-5.892E+02	1.00	1.278E-256	0	393	394	0	393	394	394M
3746	6629	-5.858E+02	0.994	4.089E-255	0	392	394	0	392	394	393M
3746	8782	-5.858E+02	0.994	4.089E-255	0	392	394	0	392	394	393M
3747	3747	-8.418E+01	1.00	2.758E-37	0	54	55	0	54	55	55M
3747	6628	-8.450E+01	1.00	2.009E-37	0	53	55	0	53	55	54M
3747	8781	-8.450E+01	1.00	2.009E-37	0	53	55	0	53	55	54M
3748	3748	-2.213E+02	1.00	7.696E-97	0	145	146	0	145	146	146M
3748	6627	-2.159E+02	0.972	1.649E-94	0	144	146	0	144	146	145M
3748	8780	-2.159E+02	0.972	1.649E-94	0	144	146	0	144	146	145M
3749	3749	-2.517E+02	1.00	4.681E-110	0	162	163	0	162	163	163M
3749	6626	-2.521E+02	1.00	3.414E-110	0	161	163	0	161	163	162M
3749	8779	-2.521E+02	1.00	3.414E-110	0	161	163	0	161	163	162M
3750	3750	-7.084E+02	1.00	0.000E+00	0	509	510	0	509	510	510M
3750	6625	-7.084E+02	0.998	0.000E+00	0	508	510	0	508	510	509M
3750	8778	-7.084E+02	0.998	0.000E+00	0	508	510	0	508	510	509M
3751	3751	-7.084E+02	1.00	0.000E+00	0	1969	1970	0	1969	1970	1970M
3751	7295	-7.084E+02	0.999	0.000E+00	0	1968	1970	342	2310	2312	1969M
3751	9579	-7.084E+02	0.999	0.000E+00	0	1968	1970	368	2336	2338	1969M
3752	3752	-5.384E+02	1.00	1.502E-234	0	341	342	0	341	342	342M
3752	7294	-5.330E+02	0.985	3.187E-232	0	341	342	0	341	552	342M
3752	9580	-5.330E+02	0.985	3.187E-232	0	341	342	0	341	552	342M
3753	3753	-4.419E+02	1.00	1.165E-192	0	301	302	0	301	302	302M
3753	7259	-4.423E+02	1.00	8.497E-193	0	300	302	0	300	302	301M
3753	9615	-4.423E+02	1.00	8.497E-193	0	300	302	0	300	302	301M
3754	3754	-2.800E+02	1.00	2.459E-122	0	191	192	0	191	192	192M
3754	7260	-2.784E+02	0.994	1.191E-121	0	190	192	0	190	192	191M
3754	9614	-2.784E+02	0.994	1.191E-121	0	190	192	0	190	192	191M
3755	3755	-7.084E+02	1.00	0.000E+00	0	1031	1032	0	1031	1032	1032M
3755	7261	-7.084E+02	0.996	0.000E+00	0	1030	1032	0	1030	1032	1031M
3755	9613	-7.084E+02	0.996	0.000E+00	0	1030	1032	0	1030	1032	1031M
3756	3756	-5.920E+02	1.00	7.669E-258	0	380	381	0	380	381	381M
3756	7262	-5.886E+02	0.992	2.455E-256	0	379	381	0	379	381	380M
3756	9612	-5.886E+02	0.992	2.455E-256	0	379	381	0	379	381	380M
3757	3757	-4.375E+02	1.00	9.664E-191	0	281	282	0	281	282	282M
3757	7263	-4.309E+02	0.985	7.247E-188	0	280	282	28	308	310	281M
3757	9611	-4.309E+02	0.985	7.247E-188	0	280	282	28	308	310	281M
3758	3761	-6.987E+02	1.00	3.609E-304	0	456	458	0	456	458	457M
3758	7054	-6.757E+02	0.962	3.500E-294	0	456	458	0	456	458	457M
3758	10831	-6.757E+02	0.962	3.500E-294	0	456	458	0	456	458	457M
3759	3760	-7.042E+02	1.00	1.488E-306	0	487	489	0	487	489	488M
3759	7053	-7.042E+02	1.00	1.488E-306	0	487	489	3	490	492	488M
3759	10832	-7.042E+02	1.00	1.488E-306	0	487	489	3	490	492	488M
3760	3759	-7.042E+02	1.00	1.488E-306	0	487	489	0	487	489	488M
3760	7053	-7.042E+02	1.00	1.488E-306	0	487	489	3	490	492	488M
3760	10832	-7.042E+02	1.00	1.488E-306	0	487	489	3	490	492	488M
3761	3758	-6.987E+02	1.00	3.609E-304	0	456	458	0	456	458	457M
3761	7054	-6.757E+02	0.962	3.500E-294	0	456	458	0	456	458	457M
3761	10831	-6.757E+02	0.962	3.500E-294	0	456	458	0	456	458	457M
3762	3769	-3.051E+02	1.00	3.017E-133	0	199	201	0	199	201	200M
3763	3763	-7.084E+02	1.00	0.000E+00	0	542	543	0	542	543	543M
3763	4853	-7.084E+02	0.998	0.000E+00	0	541	543	0	541	543	542M
3763	8652	-7.084E+02	0.998	0.000E+00	0	541	543	0	541	543	542M
3764	3767	-2.278E+02	1.00	1.143E-99	0	153	155	0	153	155	154M
3764	4852	-2.278E+02	1.00	1.143E-99	0	153	155	0	153	155	154M
3764	8651	-2.278E+02	1.00	1.143E-99	0	153	155	0	153	155	154M
3765	3766	-8.525E+01	1.00	9.443E-38	0	63	65	0	63	65	64M
3765	4851	-8.525E+01	1.00	9.443E-38	0	63	65	0	63	65	64M
3765	8650	-8.525E+01	1.00	9.443E-38	0	63	65	0	63	65	64M
3766	3765	-8.525E+01	1.00	9.443E-38	0	63	65	0	63	65	64M
3766	4851	-8.525E+01	1.00	9.443E-38	0	63	65	0	63	65	64M
3766	8650	-8.525E+01	1.00	9.443E-38	0	63	65	0	63	65	64M
3767	3764	-2.278E+02	1.00	1.143E-99	0	153	155	0	153	155	154M
3767	4852	-2.278E+02	1.00	1.143E-99	0	153	155	0	153	155	154M
3767	8651	-2.278E+02	1.00	1.143E-99	0	153	155	0	153	155	154M
3768	3763	-7.084E+02	1.00	0.000E+00	0	541	543	0	541	543	542M
3768	4853	-7.084E+02	0.998	0.000E+00	0	541	543	0	541	543	542M
3768	8652	-7.084E+02	0.998	0.000E+00	0	541	543	0	541	543	542M
3769	3762	-3.051E+02	1.00	3.017E-133	0	199	201	0	199	201	200M
3770	3775	-6.863E+02	1.00	8.578E-299	0	431	433	0	431	433	432M
3770	5166	-2.311E+02	0.411	4.463E-101	5	429	433	7	430	443	299M3I15M2D79M1I21M1D7M
3770	9226	-2.311E+02	0.411	4.463E-101	5	429	433	7	430	443	299M3I15M2D79M1I21M1D7M
3771	3774	-2.374E+02	1.00	7.582E-104	0	163	165	0	163	165	164M
3772	3773	-6.022E+02	1.00	2.890E-262	0	397	399	0	397	399	398M
3772	6138	-9.123E+01	0.304	2.400E-40	1	397	399	28	416	428	44M1D43M2I66M6I8M1I60M2I16M1D76M4D7M2I30M1D2M2I30M
3772	8890	-9.123E+01	0.304	2.400E-40	1	397	399	28	416	428	44M1D43M2I66M6I8M1I60M2I16M1D76M4D7M2I30M1D2M2I30M
3773	3772	-6.022E+02	1.00	2.890E-262	0	397	399	0	397	399	398M
3773	6138	-9.123E+01	0.304	2.400E-40	1	397	399	28	416	428	44M1D43M2I66M6I8M1I60M2I16M1D76M4D7M2I30M1D2M2I30M
3773	8890	-9.123E+01	0.304	2.400E-40	1	397	399	28	416	428	44M1D43M2I66M6I8M1I60M2I16M1D76M4D7M2I30M1D2M2I30M
3774	3771	-2.374E+02	1.00	7.582E-104	0	163	165	0	163	165	164M
3775	3770	-6.863E+02	1.00	8.578E-299	0	431	433	0	431	433	432M
3775	5166	-2.311E+02	0.411	4.463E-101	5	429	433	7	430	443	299M3I15M2D79M1I21M1D7M
3775	9226	-2.311E+02	0.411	4.463E-101	5	429	433	7	430	443	299M3I15M2D79M1I21M1D7M
3776	3776	-2.835E+02	1.00	7.288E-124	0	210	211	0	210	211	211M
3776	6914	-2.731E+02	0.966	2.412E-119	0	209	211	0	209	211	210M
3776	11119	-2.731E+02	0.966	2.412E-119	0	209	211	0	209	211	210M
3777	3777	-6.446E+02	1.00	1.134E-280	0	408	409	0	408	409	409M
3777	6913	-6.424E+02	0.995	1.029E-279	0	407	409	0	407	409	408M
3777	11120	-6.424E+02	0.995	1.029E-279	0	407	409	0	407	409	408M
3778	3778	-7.084E+02	1.00	0.000E+00	0	887	888	0	887	888	888M
3778	6912	-7.084E+02	0.998	0.000E+00	0	886	888	0	886	888	887M
3778	11121	-7.084E+02	0.998	0.000E+00	0	886	888	0	886	888	887M
3779	3779	-6.030E+02	1.00	1.353E-262	0	402	403	0	402	403	403M
3779	6911	-6.023E+02	1.00	2.542E-262	0	400	403	0	400	403	401M
3779	11122	-6.023E+02	1.00	2.542E-262	0	400	403	0	400	403	401M
3780	3780	-1.883E+02	1.00	1.674E-82	0	129	130	0	129	130	130M
3780	6910	-1.845E+02	0.984	7.407E-81	0	128	130	0	128	130	129M
3780	11123	-1.845E+02	0.984	7.407E-81	0	128	130	0	128	130	129M
3781	3693	-4.854E+01	1.00	8.310E-22	0	37	39	1	38	40	38M
3782	3787	-4.813E+02	1.00	9.625E-210	0	335	337	0	335	337	336M
3782	7922	-4.772E+02	0.988	5.786E-208	0	335	337	0	335	337	336M
3782	11741	-4.772E+02	0.988	5.786E-208	0	335	337	0	335	337	336M
3783	3786	-1.705E+02	1.00	8.661E-75	0	123	125	0	123	125	124M
3783	7921	-1.705E+02	1.00	8.661E-75	0	123	125	0	123	125	124M
3783	11740	-1.705E+02	1.00	8.661E-75	0	123	125	0	123	125	124M
3784	3785	-6.659E+02	1.00	6.117E-290	0	429	431	0	429	431	430M
3784	7920	-6.618E+02	0.997	3.675E-288	0	429	431	0	429	431	430M
3784	11739	-6.618E+02	0.997	3.675E-288	0	429	431	0	429	431	430M
3785	3784	-6.659E+02	1.00	6.117E-290	0	429	431	0	429	431	430M
3785	7920	-6.618E+02	0.997	3.675E-288	0	429	431	0	429	431	430M
3785	11739	-6.618E+02	0.997	3.675E-288	0	429	431	0	429	431	430M
3786	3783	-1.705E+02	1.00	8.661E-75	0	123	125	0	123	125	124M
3786	7921	-1.705E+02	1.00	8.661E-75	0	123	125	0	123	125	124M
3786	11740	-1.705E+02	1.00	8.661E-75	0	123	125	0	123	125	124M
3787	3782	-4.813E+02	1.00	9.625E-210	0	335	337	0	335	337	336M
3787	7922	-4.772E+02	0.988	5.786E-208	0	335	337	0	335	337	336M
3787	11741	-4.772E+02	0.988	5.786E-208	0	335	337	0	335	337	336M
3788	3793	-3.208E+02	1.00	4.777E-140	0	208	210	0	208	210	209M
3789	3792	-3.149E+02	1.00	1.659E-137	0	205	207	0	205	207	206M
3790	3791	-7.335E+02	1.00	2.855E-319	0	494	496	0	494	496	495M
3790	5498	-7.322E+02	0.997	1.006E-318	0	494	496	0	494	496	495M
3790	9558	-7.322E+02	0.997	1.006E-318	0	494	496	0	494	496	495M
3791	3790	-7.335E+02	1.00	2.855E-319	0	494	496	0	494	496	495M
3791	5498	-7.322E+02	0.997	1.006E-318	0	494	496	0	494	496	495M
3791	9558	-7.322E+02	0.997	1.006E-318	0	494	496	0	494	496	495M
3792	3789	-3.149E+02	1.00	1.659E-137	0	205	207	0	205	207	206M
3793	3788	-3.208E+02	1.00	4.777E-140	0	208	210	0	208	210	209M
3794	3794	-7.084E+02	1.00	0.000E+00	0	917	918	0	917	918	918M
3794	5356	-7.084E+02	0.980	0.000E+00	7	916	918	0	909	911	910M
3794	9416	-7.084E+02	0.980	0.000E+00	7	916	918	0	909	911	910M
3795	3795	-7.084E+02	1.00	0.000E+00	0	899	900	0	899	900	900M
3795	5357	-7.084E+02	0.987	0.000E+00	0	898	900	0	898	900	899M
3795	9417	-7.084E+02	0.987	0.000E+00	0	898	900	0	898	900	899M
3796	3796	-3.023E+02	1.00	5.314E-132	0	194	195	0	194	195	195M
3796	5358	-3.026E+02	1.00	3.876E-132	0	193	195	0	193	195	194M
3796	9418	-3.026E+02	1.00	3.876E-132	0	193	195	0	193	195	194M
3797	3797	-1.204E+02	1.00	5.112E-53	0	89	90	0	89	90	90M
3798	3969	-6.531E+01	1.00	4.323E-29	0	44	46	0	44	46	45M
3798	7845	-4.848E+01	0.868	8.787E-22	6	43	46	201	238	241	38M
3798	11672	-4.848E+01	0.868	8.787E-22	6	43	46	201	238	241	38M
3799	3802	-6.833E+02	1.00	1.805E-297	0	483	485	0	483	485	484M
3799	5226	-6.707E+02	0.981	5.336E-292	0	483	485	0	483	485	484M
3799	9286	-6.707E+02	0.981	5.336E-292	0	483	485	0	483	485	484M
3800	3801	-5.485E+02	1.00	6.078E-239	0	373	375	0	373	375	374M
3800	5225	-5.397E+02	0.983	4.121E-235	0	373	375	18	391	393	374M
3800	9285	-5.397E+02	0.983	4.121E-235	0	373	375	18	391	393	374M
3801	3800	-5.485E+02	1.00	6.078E-239	0	373	375	0	373	375	374M
3801	5225	-5.397E+02	0.983	4.121E-235	0	373	375	18	391	393	374M
3801	9285	-5.397E+02	0.983	4.121E-235	0	373	375	18	391	393	374M
3802	3799	-6.833E+02	1.00	1.805E-297	0	483	485	0	483	485	484M
3802	5226	-6.707E+02	0.981	5.336E-292	0	483	485	0	483	485	484M
3802	9286	-6.707E+02	0.981	5.336E-292	0	483	485	0	483	485	484M
3803	3803	-2.214E+02	1.00	7.333E-97	0	144	145	0	144	145	145M
3803	5162	-2.188E+02	0.986	9.166E-96	0	143	145	23	166	168	144M
3803	9222	-2.188E+02	0.986	9.166E-96	0	143	145	23	166	168	144M
3804	3804	-7.003E+02	1.00	7.129E-305	0	456	457	0	456	457	457M
3804	5163	-7.006E+02	1.00	5.203E-305	0	455	457	0	455	457	456M
3804	9223	-7.006E+02	1.00	5.203E-305	0	455	457	0	455	457	456M
3805	3805	-1.881E+02	1.00	1.975E-82	0	139	140	0	139	140	140M
3805	5164	-1.869E+02	0.992	6.984E-82	0	138	140	0	138	140	139M
3805	9224	-1.869E+02	0.992	6.984E-82	0	138	140	0	138	140	139M
3806	3806	-2.235E+02	1.00	8.221E-98	0	151	152	0	151	152	152M
3806	5165	-2.220E+02	0.993	3.984E-97	0	150	152	0	150	152	151M
3806	9225	-2.220E+02	0.993	3.984E-97	0	150	152	0	150	152	151M
3807	3807	-6.988E+02	1.00	3.363E-304	0	442	443	0	442	443	443M
3807	5166	-6.925E+02	0.988	1.833E-301	0	441	443	0	441	443	442M
3807	9226	-6.925E+02	0.988	1.833E-301	0	441	443	0	441	443	442M
3808	3808	-5.115E+02	1.00	7.003E-223	0	336	337	0	336	337	337M
3808	5167	-5.062E+02	0.988	1.486E-220	0	335	337	0	335	337	336M
3808	9227	-5.062E+02	0.988	1.486E-220	0	335	337	0	335	337	336M
3809	3809	-2.817E+02	1.00	4.696E-123	0	196	197	0	196	197	197M
3809	5168	-2.807E+02	0.994	1.210E-122	0	195	197	0	195	197	196M
3809	9228	-2.807E+02	0.994	1.210E-122	0	195	197	0	195	197	196M
3810	3810	-1.861E+01	1.00	8.277E-09	0	21	22	0	21	22	22M
3811	3811	-2.804E+02	1.00	1.631E-122	0	189	190	0	189	190	190M
3811	6010	-2.647E+02	0.941	1.156E-115	0	188	190	0	188	201	189M
3811	10370	-2.647E+02	0.941	1.156E-115	0	188	190	0	188	201	189M
3812	3812	-4.608E+02	1.00	7.227E-201	0	308	309	0	308	309	309M
3812	5681	-8.072E+01	0.284	8.803E-36	8	281	309	1	274	297	274M
3812	9889	-8.072E+01	0.284	8.803E-36	8	281	309	1	274	297	274M
3813	3813	-5.972E+02	1.00	4.265E-260	0	397	398	0	397	398	398M
3813	6038	-1.398E+02	0.348	1.911E-61	3	395	398	2	403	406	44M4D7M2D9M2D93M4D29M1I65M1I128M1I15M
3813	10398	-1.398E+02	0.348	1.911E-61	3	395	398	2	403	406	44M4D7M2D9M2D93M4D29M1I65M1I128M1I15M
3814	3814	-4.736E+02	1.00	2.130E-206	0	312	313	0	312	313	313M
3814	6059	-1.174E+02	0.328	9.824E-52	4	294	313	1	292	301	130M1D161M
3814	10419	-1.174E+02	0.328	9.824E-52	4	294	313	1	292	301	130M1D161M
3815	3815	-6.608E+02	1.00	1.002E-287	0	438	439	0	438	439	439M
3815	6654	-2.405E+02	0.407	3.462E-105	16	426	439	23	432	443	212M1D141M2I56M
3815	8807	-2.405E+02	0.407	3.462E-105	16	426	439	23	432	443	212M1D141M2I56M
3816	3816	-4.386E+02	1.00	3.200E-191	0	291	292	0	291	292	292M
3816	5588	-4.358E+02	0.996	5.459E-190	0	290	292	0	290	292	291M
3816	9810	-4.358E+02	0.996	5.459E-190	0	290	292	0	290	292	291M
3817	3817	-7.084E+02	1.00	0.000E+00	0	613	614	0	613	614	614M
3817	5587	-7.084E+02	1.00	0.000E+00	0	612	614	0	612	614	613M
3817	9811	-7.084E+02	1.00	0.000E+00	0	612	614	0	612	614	613M
3818	3818	-7.084E+02	1.00	0.000E+00	0	742	743	0	742	743	743M
3818	5586	-7.084E+02	0.995	0.000E+00	0	741	743	0	741	743	742M
3818	9812	-7.084E+02	0.995	0.000E+00	0	741	743	0	741	743	742M
3819	3819	-4.440E+02	1.00	1.546E-193	0	305	306	0	305	306	306M
3819	5585	-4.427E+02	0.996	5.454E-193	0	305	306	0	305	402	306M
3819	9813	-4.427E+02	0.996	5.454E-193	0	305	306	0	305	402	306M
3820	3825	-1.163E+02	1.00	3.030E-51	0	81	83	0	81	83	82M
3821	3824	-2.586E+02	1.00	5.076E-113	0	170	172	0	170	172	171M
3822	3823	-6.913E+01	1.00	9.510E-31	0	56	58	0	56	58	57M
3823	3822	-6.913E+01	1.00	9.510E-31	0	56	58	0	56	58	57M
3824	3821	-2.586E+02	1.00	5.076E-113	0	170	172	0	170	172	171M
3825	3820	-1.163E+02	1.00	3.030E-51	0	81	83	0	81	83	82M
3826	3829	-9.467E+01	1.00	7.697E-42	0	71	73	0	71	73	72M
3827	3828	-1.383E+02	1.00	8.627E-61	0	110	112	0	110	112	111M
3828	3827	-1.383E+02	1.00	8.627E-61	0	110	112	0	110	112	111M
3829	3826	-9.467E+01	1.00	7.697E-42	0	71	73	0	71	73	72M
3830	3830	-2.102E+02	1.00	5.179E-92	0	153	154	0	153	154	154M
3830	8327	-2.105E+02	1.00	3.777E-92	0	152	154	0	152	154	153M
3830	12117	-1.720E+02	1.00	2.003E-75	29	152	154	0	123	125	124M
3831	3831	-2.205E+02	1.00	1.802E-96	0	143	144	0	143	144	144M
3832	3832	-1.255E+02	1.00	3.102E-55	0	101	102	0	101	102	102M
3833	3833	-7.040E+02	1.00	1.759E-306	0	478	479	0	478	479	479M
3834	3834	-4.549E+02	1.00	2.750E-198	0	307	308	0	307	308	308M
3834	8329	-3.418E+02	0.757	3.654E-149	0	303	308	0	304	317	230M1D74M
3834	12115	-3.418E+02	0.757	3.654E-149	0	303	308	0	304	317	230M1D74M
3835	3835	-2.507E+02	1.00	1.314E-109	0	177	178	0	177	178	178M
3836	3419	-3.403E+01	1.00	1.664E-15	0	29	31	0	29	31	30M
3837	3837	-3.984E+02	1.00	9.903E-174	0	276	277	0	276	277	277M
3838	3838	-1.322E+02	1.00	3.949E-58	0	94	95	0	94	95	95M
3838	4797	-1.284E+02	0.968	1.756E-56	0	93	95	0	93	95	94M
3838	8596	-1.284E+02	0.968	1.756E-56	0	93	95	0	93	95	94M
3839	3839	-4.483E+02	1.00	2.033E-195	0	300	301	0	300	301	301M
3839	4798	-4.429E+02	0.983	4.317E-193	0	299	301	0	299	301	300M
3839	8597	-4.429E+02	0.983	4.317E-193	0	299	301	0	299	301	300M
3840	3840	-4.444E+02	1.00	9.543E-194	0	288	289	0	288	289	289M
3840	4799	-4.375E+02	0.979	9.805E-191	0	287	289	0	287	289	288M
3840	8598	-4.375E+02	0.979	9.805E-191	0	287	289	0	287	289	288M
3841	3841	-1.847E+02	1.00	6.368E-81	0	139	140	0	139	140	140M
3841	4800	-1.837E+02	0.992	1.642E-80	0	138	140	0	138	140	139M
3841	8599	-1.837E+02	0.992	1.642E-80	0	138	140	0	138	140	139M
3842	3842	-2.066E+02	1.00	1.944E-90	0	143	144	0	143	144	144M
3842	4801	-2.069E+02	1.00	1.418E-90	0	142	144	0	142	144	143M
3842	8600	-2.069E+02	1.00	1.418E-90	0	142	144	0	142	144	143M
3843	3843	-6.684E+02	1.00	5.086E-291	0	451	452	0	451	452	452M
3843	4802	-6.615E+02	0.991	5.200E-288	0	450	452	0	450	452	451M
3843	8601	-6.615E+02	0.991	5.200E-288	0	450	452	0	450	452	451M
3844	3844	-8.442E+01	1.00	2.178E-37	0	68	69	0	68	69	69M
3844	4803	-7.745E+01	0.955	2.320E-34	0	67	69	35	102	104	68M
3844	8602	-7.745E+01	0.955	2.320E-34	0	67	69	35	102	104	68M
3845	3849	-7.154E+02	1.00	1.954E-311	0	462	464	0	462	464	463M
3845	7361	-7.142E+02	0.997	6.890E-311	0	462	464	15	477	479	463M
3845	11198	-7.142E+02	0.997	6.890E-311	0	462	464	15	477	479	463M
3846	3848	-8.012E+01	1.00	1.599E-35	0	58	60	0	58	60	59M
3846	7362	-8.012E+01	1.00	1.599E-35	0	58	60	0	58	60	59M
3846	11197	-8.012E+01	1.00	1.599E-35	0	58	60	0	58	60	59M
3847	3847	-6.775E+02	1.00	5.954E-295	0	446	447	0	446	447	447M
3847	7363	-5.871E+02	1.00	1.078E-255	0	385	447	0	385	412	386M
3847	11196	-5.871E+02	1.00	1.078E-255	0	385	447	0	385	412	386M
3848	3846	-8.012E+01	1.00	1.599E-35	0	58	60	0	58	60	59M
3848	7362	-8.012E+01	1.00	1.599E-35	0	58	60	0	58	60	59M
3848	11197	-8.012E+01	1.00	1.599E-35	0	58	60	0	58	60	59M
3849	3845	-7.154E+02	1.00	1.954E-311	0	462	464	0	462	464	463M
3849	7361	-7.142E+02	0.997	6.890E-311	0	462	464	15	477	479	463M
3849	11198	-7.142E+02	0.997	6.890E-311	0	462	464	15	477	479	463M
3850	3850	-3.446E+01	1.00	1.081E-15	0	28	29	0	28	29	29M
3851	3851	-3.557E+02	1.00	3.289E-155	0	251	252	0	251	252	252M
3851	6882	-3.532E+02	0.995	4.096E-154	0	248	252	0	248	300	249M
3851	11151	-3.532E+02	0.995	4.096E-154	0	248	252	0	248	300	249M
3852	3852	-2.052E+02	1.00	7.565E-90	0	145	146	0	145	146	146M
3852	6881	-2.055E+02	1.00	5.517E-90	0	144	146	0	144	146	145M
3852	11152	-2.055E+02	1.00	5.517E-90	0	144	146	0	144	146	145M
3853	3853	-6.990E+02	1.00	2.689E-304	0	471	472	0	471	472	472M
3853	6880	-6.958E+02	0.993	6.275E-303	0	470	472	0	470	472	471M
3853	11153	-6.958E+02	0.993	6.275E-303	0	470	472	0	470	472	471M
3854	3854	-2.225E+02	1.00	2.447E-97	0	154	155	0	154	155	155M
3854	6879	-2.228E+02	1.00	1.785E-97	0	153	155	0	153	155	154M
3854	11154	-2.228E+02	1.00	1.785E-97	0	153	155	0	153	155	154M
3855	3855	-4.431E+02	1.00	3.500E-193	0	309	310	0	309	310	310M
3855	6878	-4.362E+02	0.983	3.590E-190	0	308	310	0	308	310	309M
3855	11155	-4.362E+02	0.983	3.590E-190	0	308	310	0	308	310	309M
3856	3856	-4.283E+02	1.00	9.914E-187	0	283	284	0	283	284	284M
3856	6877	-4.229E+02	0.989	2.106E-184	0	282	284	0	282	284	283M
3856	11156	-4.229E+02	0.989	2.106E-184	0	282	284	0	282	284	283M
3857	3857	-7.220E+01	1.00	4.421E-32	0	59	60	0	59	60	60M
3857	6876	-7.220E+01	0.983	4.421E-32	0	58	60	0	58	60	59M
3857	11157	-7.220E+01	0.983	4.421E-32	0	58	60	0	58	60	59M
3858	3858	-6.965E+02	1.00	3.391E-303	0	451	452	0	451	452	452M
3858	8129	-6.968E+02	1.00	2.475E-303	0	450	452	0	450	452	451M
3858	10048	-6.968E+02	1.00	2.475E-303	0	450	452	0	450	452	451M
3859	3859	-1.578E+02	1.00	2.869E-69	0	106	107	0	106	107	107M
3859	8128	-1.578E+02	0.990	2.869E-69	0	105	107	0	105	107	106M
3859	10049	-1.578E+02	0.990	2.869E-69	0	105	107	0	105	107	106M
3860	3860	-2.041E+02	1.00	2.378E-89	0	136	137	0	136	137	137M
3860	8127	-2.019E+02	0.992	2.169E-88	0	135	137	0	135	137	136M
3860	10050	-2.019E+02	0.992	2.169E-88	0	135	137	0	135	137	136M
3861	3861	-3.713E+02	1.00	5.578E-162	0	248	249	0	248	249	249M
3861	8126	-3.700E+02	0.995	1.969E-161	0	247	249	0	247	249	248M
3861	10051	-3.700E+02	0.995	1.969E-161	0	247	249	0	247	249	248M
3862	3862	-3.528E+02	1.00	5.910E-154	0	232	233	0	232	233	233M
3862	8125	-3.512E+02	0.995	2.860E-153	0	231	233	0	231	233	232M
3862	10052	-3.512E+02	0.995	2.860E-153	0	231	233	0	231	233	232M
3863	3863	-3.649E+02	1.00	3.415E-159	0	237	238	0	237	238	238M
3863	8124	-3.620E+02	0.991	5.833E-158	0	236	238	0	236	238	237M
3863	10053	-3.620E+02	0.991	5.833E-158	0	236	238	0	236	238	237M
3864	3864	-3.087E+02	1.00	8.689E-135	0	205	206	0	205	206	206M
3864	8123	-3.090E+02	1.00	6.338E-135	0	204	206	0	204	206	205M
3864	10054	-3.090E+02	1.00	6.338E-135	0	204	206	0	204	206	205M
3865	3868	-3.265E+02	1.00	1.663E-142	0	215	217	0	215	217	216M
3865	5893	-2.498E+02	0.886	3.162E-109	21	213	217	16	208	214	193M
3865	10253	-2.498E+02	0.886	3.162E-109	21	213	217	16	208	214	193M
3866	3867	-4.247E+02	1.00	3.536E-185	0	291	293	0	291	293	292M
3866	6502	-2.628E+02	0.616	7.357E-115	0	291	293	0	287	289	28M3I6M1I254M
3866	10617	-2.628E+02	0.616	7.357E-115	0	291	293	0	287	289	28M3I6M1I254M
3867	3866	-4.247E+02	1.00	3.536E-185	0	291	293	0	291	293	292M
3867	6502	-2.628E+02	0.616	7.357E-115	0	291	293	0	287	289	28M3I6M1I254M
3867	10617	-2.628E+02	0.616	7.357E-115	0	291	293	0	287	289	28M3I6M1I254M
3868	3865	-3.265E+02	1.00	1.663E-142	0	215	217	0	215	217	216M
3868	5893	-2.498E+02	0.886	3.162E-109	21	213	217	16	208	214	193M
3868	10253	-2.498E+02	0.886	3.162E-109	21	213	217	16	208	214	193M
3869	3869	-1.532E+02	1.00	2.836E-67	0	103	104	0	103	104	104M
3869	5295	-1.532E+02	1.00	2.836E-67	0	103	104	0	103	218	104M
3869	9355	-1.532E+02	1.00	2.836E-67	0	103	104	0	103	218	104M
3870	3875	-3.309E+02	1.00	2.044E-144	0	222	224	0	222	224	223M
3870	5294	-3.309E+02	1.00	2.044E-144	0	222	224	0	222	224	223M
3870	9354	-3.309E+02	1.00	2.044E-144	0	222	224	0	222	224	223M
3871	3874	-3.547E+02	1.00	8.632E-155	0	237	239	0	237	239	238M
3871	5293	-3.462E+02	0.983	4.300E-151	0	237	239	0	237	239	238M
3871	9353	-3.462E+02	0.983	4.300E-151	0	237	239	0	237	239	238M
3872	3873	-1.804E+02	1.00	4.495E-79	0	128	130	0	128	130	129M
3872	5292	-1.804E+02	1.00	4.495E-79	0	128	130	0	128	130	129M
3872	9352	-1.804E+02	1.00	4.495E-79	0	128	130	0	128	130	129M
3873	3872	-1.804E+02	1.00	4.495E-79	0	128	130	0	128	130	129M
3873	5292	-1.804E+02	1.00	4.495E-79	0	128	130	0	128	130	129M
3873	9352	-1.804E+02	1.00	4.495E-79	0	128	130	0	128	130	129M
3874	3871	-3.547E+02	1.00	8.632E-155	0	237	239	0	237	239	238M
3874	5293	-3.462E+02	0.983	4.300E-151	0	237	239	0	237	239	238M
3874	9353	-3.462E+02	0.983	4.300E-151	0	237	239	0	237	239	238M
3875	3870	-3.309E+02	1.00	2.044E-144	0	222	224	0	222	224	223M
3875	5294	-3.309E+02	1.00	2.044E-144	0	222	224	0	222	224	223M
3875	9354	-3.309E+02	1.00	2.044E-144	0	222	224	0	222	224	223M
3876	3869	-1.532E+02	1.00	2.836E-67	0	103	104	0	103	104	104M
3876	5295	-1.532E+02	1.00	2.836E-67	0	103	104	0	103	218	104M
3876	9355	-1.532E+02	1.00	2.836E-67	0	103	104	0	103	218	104M
3877	3877	-2.491E+02	1.00	6.880E-109	0	172	173	0	172	173	173M
3877	5493	-2.472E+02	0.982	4.569E-108	0	171	173	0	171	173	172M
3877	9553	-2.472E+02	0.982	4.569E-108	0	171	173	0	171	173	172M
3878	3878	-4.023E+02	1.00	1.958E-175	0	273	274	0	273	274	274M
3878	5494	-3.985E+02	0.989	8.604E-174	0	272	274	4	276	278	273M
3878	9554	-3.985E+02	0.989	8.604E-174	0	272	274	4	276	278	273M
3879	3879	-7.084E+02	1.00	0.000E+00	0	832	833	0	832	833	833M
3879	5495	-7.084E+02	0.993	0.000E+00	0	831	833	0	831	833	832M
3879	9555	-7.084E+02	0.993	0.000E+00	0	831	833	0	831	833	832M
3880	3880	-5.089E+02	1.00	1.003E-221	0	339	340	0	339	340	340M
3880	5496	-5.054E+02	0.991	3.211E-220	0	338	340	0	338	340	339M
3880	9556	-5.054E+02	0.991	3.211E-220	0	338	340	0	338	340	339M
3881	3881	-1.054E+02	1.00	1.602E-46	0	78	79	0	78	79	79M
3881	5497	-1.048E+02	0.987	3.018E-46	0	77	79	0	77	79	78M
3881	9557	-1.048E+02	0.987	3.018E-46	0	77	79	0	77	79	78M
3882	3882	-2.841E+01	1.00	4.595E-13	0	28	29	0	28	29	29M
3883	3883	-6.047E+02	1.00	2.351E-263	0	405	406	0	405	406	406M
3883	5290	-6.047E+02	1.00	2.351E-263	0	405	406	0	405	430	406M
3883	9350	-6.047E+02	1.00	2.351E-263	0	405	406	0	405	430	406M
3884	3884	-4.364E+02	1.00	3.004E-190	0	285	286	0	285	286	286M
3884	5289	-4.358E+02	0.996	5.643E-190	0	284	286	0	284	286	285M
3884	9349	-4.358E+02	0.996	5.643E-190	0	284	286	0	284	286	285M
3885	3885	-7.084E+02	1.00	0.000E+00	0	545	546	0	545	546	546M
3885	5288	-7.084E+02	0.998	0.000E+00	0	544	546	0	544	546	545M
3885	9348	-7.084E+02	0.998	0.000E+00	0	544	546	0	544	546	545M
3886	3886	-1.968E+02	1.00	3.307E-86	0	162	163	0	162	163	163M
3886	5287	-1.971E+02	1.00	2.412E-86	0	161	163	0	161	163	162M
3886	9347	-1.971E+02	1.00	2.412E-86	0	161	163	0	161	163	162M
3887	3887	-4.296E+02	1.00	2.557E-187	0	281	282	0	281	282	282M
3887	5286	-4.208E+02	0.978	1.742E-183	0	280	282	0	280	282	281M
3887	9346	-4.208E+02	0.978	1.742E-183	0	280	282	0	280	282	281M
3888	3888	-3.446E+01	1.00	1.081E-15	0	28	29	0	28	29	29M
3889	3896	-4.082E+02	1.00	5.142E-178	0	273	275	0	273	275	274M
3889	6068	-3.880E+02	0.952	2.969E-169	0	271	275	0	271	413	272M
3889	10428	-3.880E+02	0.952	2.969E-169	0	271	275	0	271	413	272M
3890	3895	-4.615E+02	1.00	3.796E-201	0	300	302	0	300	302	301M
3890	6069	-4.549E+02	0.986	2.844E-198	0	300	302	0	300	302	301M
3890	10429	-4.549E+02	0.986	2.844E-198	0	300	302	0	300	302	301M
3891	3894	-1.403E+02	1.00	1.172E-61	0	95	97	0	95	97	96M
3891	6070	-1.403E+02	1.00	1.172E-61	0	95	97	0	95	97	96M
3891	10430	-1.403E+02	1.00	1.172E-61	0	95	97	0	95	97	96M
3892	3893	-5.690E+01	1.00	1.940E-25	0	47	49	0	47	49	48M
3892	6071	-5.150E+01	0.958	4.290E-23	0	47	49	0	47	49	48M
3892	10431	-5.150E+01	0.958	4.290E-23	0	47	49	0	47	49	48M
3893	3892	-5.690E+01	1.00	1.940E-25	0	47	49	0	47	49	48M
3893	6071	-5.150E+01	0.958	4.290E-23	0	47	49	0	47	49	48M
3893	10431	-5.150E+01	0.958	4.290E-23	0	47	49	0	47	49	48M
3894	3891	-1.403E+02	1.00	1.172E-61	0	95	97	0	95	97	96M
3894	6070	-1.403E+02	1.00	1.172E-61	0	95	97	0	95	97	96M
3894	10430	-1.403E+02	1.00	1.172E-61	0	95	97	0	95	97	96M
3895	3890	-4.615E+02	1.00	3.796E-201	0	300	302	0	300	302	301M
3895	6069	-4.549E+02	0.986	2.844E-198	0	300	302	0	300	302	301M
3895	10429	-4.549E+02	0.986	2.844E-198	0	300	302	0	300	302	301M
3896	3889	-4.082E+02	1.00	5.142E-178	0	273	275	0	273	275	274M
3896	6068	-3.880E+02	0.952	2.969E-169	0	271	275	0	271	413	272M
3896	10428	-3.880E+02	0.952	2.969E-169	0	271	275	0	271	413	272M
3897	3897	-3.446E+01	1.00	1.081E-15	0	28	29	0	28	29	29M
3898	3901	-7.084E+02	1.00	0.000E+00	0	709	711	0	709	711	710M
3899	3900	-2.542E+02	1.00	3.933E-111	0	162	164	0	162	164	163M
3900	3899	-2.542E+02	1.00	3.933E-111	0	162	164	0	162	164	163M
3901	3898	-7.084E+02	1.00	0.000E+00	0	709	711	0	709	711	710M
3902	3902	-9.915E+01	1.00	8.697E-44	0	71	72	0	71	72	72M
3902	4929	-9.947E+01	1.00	6.337E-44	0	70	72	40	110	112	71M
3902	8728	-9.947E+01	1.00	6.337E-44	0	70	72	40	110	112	71M
3903	3903	-1.080E+02	1.00	1.294E-47	0	72	73	0	72	73	73M
3904	3904	-4.141E+02	1.00	1.483E-180	0	277	278	0	277	278	278M
3905	3905	-2.937E+02	1.00	2.704E-128	0	201	202	0	201	202	202M
3906	3906	-3.934E+02	1.00	1.446E-171	0	268	269	0	268	269	269M
3907	3907	-9.027E+01	1.00	6.251E-40	0	65	66	0	65	66	66M
3908	3908	-2.735E+02	1.00	1.737E-119	0	183	184	0	183	184	184M
3908	4933	-2.668E+02	0.972	1.310E-116	0	182	184	0	182	184	183M
3908	8732	-2.668E+02	0.972	1.310E-116	0	182	184	0	182	184	183M
3909	3909	-3.667E+02	1.00	5.748E-160	0	246	247	0	246	247	247M
3910	3913	-7.371E+02	1.00	7.693E-321	0	484	486	0	484	486	485M
3910	4902	-7.371E+02	1.00	7.693E-321	0	484	486	0	484	486	485M
3910	8701	-7.371E+02	1.00	7.693E-321	0	484	486	0	484	486	485M
3911	3912	-3.773E+02	1.00	1.351E-164	0	253	255	0	253	255	254M
3911	4901	-3.773E+02	1.00	1.351E-164	0	253	255	0	253	255	254M
3911	8700	-3.773E+02	1.00	1.351E-164	0	253	255	0	253	255	254M
3912	3911	-3.773E+02	1.00	1.351E-164	0	253	255	0	253	255	254M
3912	4901	-3.773E+02	1.00	1.351E-164	0	253	255	0	253	255	254M
3912	8700	-3.773E+02	1.00	1.351E-164	0	253	255	0	253	255	254M
3913	3910	-7.371E+02	1.00	7.693E-321	0	484	486	0	484	486	485M
3913	4902	-7.371E+02	1.00	7.693E-321	0	484	486	0	484	486	485M
3913	8701	-7.371E+02	1.00	7.693E-321	0	484	486	0	484	486	485M
3914	3914	-4.007E+02	1.00	9.154E-175	0	279	280	0	279	280	280M
3914	7877	-4.007E+02	1.00	9.154E-175	0	279	280	0	279	442	280M
3914	11640	-4.007E+02	1.00	9.154E-175	0	279	280	0	279	442	280M
3915	3916	-5.052E+02	1.00	3.775E-220	0	328	330	0	328	330	329M
3915	7876	-5.052E+02	1.00	3.775E-220	0	328	330	0	328	330	329M
3915	11641	-5.052E+02	1.00	3.775E-220	0	328	330	0	328	330	329M
3916	3915	-5.052E+02	1.00	3.775E-220	0	328	330	0	328	330	329M
3916	7876	-5.052E+02	1.00	3.775E-220	0	328	330	0	328	330	329M
3916	11641	-5.052E+02	1.00	3.775E-220	0	328	330	0	328	330	329M
3917	3917	-6.284E+02	1.00	1.224E-273	0	431	432	0	431	432	432M
3917	7877	-6.193E+02	1.00	1.135E-269	0	424	432	0	424	442	425M
3917	11640	-6.193E+02	1.00	1.135E-269	0	424	432	0	424	442	425M
3918	3917	-2.809E+02	1.00	1.050E-122	0	192	194	238	430	432	193M
3918	7877	-2.714E+02	1.00	1.352E-118	0	186	194	238	424	442	187M
3918	11640	-2.714E+02	1.00	1.352E-118	0	186	194	238	424	442	187M
3919	3928	-2.922E+02	1.00	1.204E-127	0	185	187	0	185	187	186M
3919	7391	-2.847E+02	0.994	2.340E-124	0	182	187	0	182	476	183M
3919	11332	-2.847E+02	0.994	2.340E-124	0	182	187	0	182	476	183M
3920	3927	-2.246E+02	1.00	2.956E-98	0	155	157	0	155	157	156M
3920	7392	-2.246E+02	1.00	2.956E-98	0	155	157	0	155	157	156M
3920	11331	-2.246E+02	1.00	2.956E-98	0	155	157	0	155	157	156M
3921	3926	-3.417E+02	1.00	3.838E-149	0	212	214	0	212	214	213M
3921	7393	-3.383E+02	0.985	1.233E-147	0	212	214	0	212	214	213M
3921	11330	-3.383E+02	0.985	1.233E-147	0	212	214	0	212	214	213M
3922	3925	-2.088E+02	1.00	2.032E-91	0	141	143	0	141	143	142M
3922	7394	-1.965E+02	0.950	4.525E-86	0	141	143	0	141	143	142M
3922	11329	-1.965E+02	0.950	4.525E-86	0	141	143	0	141	143	142M
3923	3924	-1.385E+02	1.00	7.439E-61	0	94	96	0	94	96	95M
3923	8262	-1.318E+02	0.957	5.691E-58	0	94	96	56	150	152	95M
3923	12044	-1.318E+02	0.957	5.691E-58	0	94	96	56	150	152	95M
3924	3923	-1.385E+02	1.00	7.439E-61	0	94	96	0	94	96	95M
3924	8262	-1.318E+02	0.957	5.691E-58	0	94	96	56	150	152	95M
3924	12044	-1.318E+02	0.957	5.691E-58	0	94	96	56	150	152	95M
3925	3922	-2.088E+02	1.00	2.032E-91	0	141	143	0	141	143	142M
3925	7394	-1.965E+02	0.950	4.525E-86	0	141	143	0	141	143	142M
3925	11329	-1.965E+02	0.950	4.525E-86	0	141	143	0	141	143	142M
3926	3921	-3.417E+02	1.00	3.838E-149	0	212	214	0	212	214	213M
3926	7393	-3.383E+02	0.985	1.233E-147	0	212	214	0	212	214	213M
3926	11330	-3.383E+02	0.985	1.233E-147	0	212	214	0	212	214	213M
3927	3920	-2.246E+02	1.00	2.956E-98	0	155	157	0	155	157	156M
3927	7392	-2.246E+02	1.00	2.956E-98	0	155	157	0	155	157	156M
3927	11331	-2.246E+02	1.00	2.956E-98	0	155	157	0	155	157	156M
3928	3919	-2.922E+02	1.00	1.204E-127	0	185	187	0	185	187	186M
3928	7391	-2.847E+02	0.994	2.340E-124	0	182	187	0	182	476	183M
3928	11332	-2.847E+02	0.994	2.340E-124	0	182	187	0	182	476	183M
3929	3929	-2.664E+01	1.00	2.686E-12	0	20	21	0	20	21	21M
3930	3937	-3.492E+02	1.00	2.291E-152	0	235	237	0	235	237	236M
3931	3936	-1.251E+02	1.00	4.804E-55	0	96	98	0	96	98	97M
3932	3935	-1.125E+02	1.00	1.350E-49	0	81	83	0	81	83	82M
3933	3934	-2.899E+02	1.00	1.265E-126	0	188	190	0	188	190	189M
3934	3933	-2.899E+02	1.00	1.265E-126	0	188	190	0	188	190	189M
3935	3932	-1.125E+02	1.00	1.350E-49	0	81	83	0	81	83	82M
3936	3931	-1.251E+02	1.00	4.804E-55	0	96	98	0	96	98	97M
3937	3930	-3.492E+02	1.00	2.291E-152	0	235	237	0	235	237	236M
3938	3938	-2.664E+01	1.00	2.686E-12	0	20	21	0	20	21	21M
3939	3939	-3.393E+02	1.00	4.224E-148	0	217	218	0	217	218	218M
3939	5197	-3.274E+02	0.976	6.771E-143	0	216	218	0	213	215	32M3I182M
3939	9257	-3.359E+02	0.990	1.357E-146	0	216	218	0	216	218	217M
3940	3940	-4.685E+02	1.00	3.412E-204	0	306	307	0	306	307	307M
3940	5196	-4.653E+02	0.993	7.978E-203	0	305	307	0	305	307	306M
3940	9256	-4.653E+02	0.993	7.978E-203	0	305	307	0	305	307	306M
3941	3941	-2.676E+02	1.00	6.218E-117	0	174	175	0	174	175	175M
3941	5195	-2.654E+02	0.994	5.662E-116	0	173	175	0	173	175	174M
3941	9255	-2.654E+02	0.994	5.662E-116	0	173	175	0	173	175	174M
3942	3942	-2.373E+02	1.00	8.586E-104	0	160	161	0	160	161	161M
3942	5194	-2.376E+02	1.00	6.262E-104	0	159	161	0	159	161	160M
3942	9254	-2.376E+02	1.00	6.262E-104	0	159	161	0	159	161	160M
3943	3943	-3.187E+02	1.00	4.018E-139	0	214	215	0	214	215	215M
3943	5193	-3.190E+02	1.00	2.931E-139	0	213	215	0	213	215	214M
3943	9253	-3.190E+02	1.00	2.931E-139	0	213	215	0	213	215	214M
3944	3944	-6.512E+02	1.00	1.466E-283	0	414	415	0	414	415	415M
3944	5192	-6.490E+02	0.995	1.331E-282	0	413	415	0	413	415	414M
3944	9252	-6.490E+02	0.995	1.331E-282	0	413	415	0	413	415	414M
3945	3945	-6.957E+02	1.00	6.990E-303	0	453	454	0	453	454	454M
3945	6890	-6.608E+02	0.975	1.071E-287	12	452	454	2	442	444	441M
3945	11143	-6.608E+02	0.975	1.071E-287	12	452	454	2	442	444	441M
3946	3946	-3.758E+02	1.00	6.441E-164	0	247	248	0	247	248	248M
3946	6891	-3.761E+02	1.00	4.699E-164	0	246	248	0	246	248	247M
3946	11142	-3.761E+02	1.00	4.699E-164	0	246	248	0	246	248	247M
3947	3947	-3.188E+02	1.00	3.595E-139	0	225	226	0	225	226	226M
3947	6892	-3.191E+02	1.00	2.622E-139	0	224	226	0	224	226	225M
3947	11141	-3.191E+02	1.00	2.622E-139	0	224	226	0	224	226	225M
3948	3948	-4.218E+02	1.00	6.455E-184	0	280	281	0	280	281	281M
3948	6893	-4.221E+02	1.00	4.710E-184	0	279	281	0	279	281	280M
3948	11140	-4.221E+02	1.00	4.710E-184	0	279	281	0	279	281	280M
3949	3949	-4.409E+02	1.00	3.406E-192	0	297	298	0	297	298	298M
3949	6894	-4.412E+02	1.00	2.486E-192	0	296	298	0	296	298	297M
3949	11139	-4.412E+02	1.00	2.486E-192	0	296	298	0	296	298	297M
3950	3950	-1.427E+02	1.00	1.083E-62	0	99	100	0	99	100	100M
3951	3951	-1.808E+02	1.00	2.976E-79	0	127	128	0	127	128	128M
3951	4850	-1.811E+02	1.00	2.170E-79	0	126	128	0	126	128	127M
3951	8649	-1.811E+02	1.00	2.170E-79	0	126	128	0	126	128	127M
3952	3952	-7.084E+02	1.00	0.000E+00	0	701	702	0	701	702	702M
3952	4849	-7.084E+02	1.00	0.000E+00	0	700	702	0	700	702	701M
3952	8648	-7.084E+02	1.00	0.000E+00	0	700	702	0	700	702	701M
3953	3953	-1.278E+02	1.00	2.995E-56	0	92	93	0	92	93	93M
3953	4848	-1.282E+02	1.00	2.183E-56	0	91	93	0	91	93	92M
3953	8647	-1.282E+02	1.00	2.183E-56	0	91	93	0	91	93	92M
3954	3954	-3.120E+02	1.00	3.270E-136	0	209	210	0	209	210	210M
3954	4847	-3.123E+02	1.00	2.386E-136	0	208	210	0	208	210	209M
3954	8646	-3.123E+02	1.00	2.386E-136	0	208	210	0	208	210	209M
3955	3955	-4.822E+02	1.00	3.779E-210	0	316	317	0	316	317	317M
3955	4846	-4.825E+02	1.00	2.758E-210	0	315	317	0	315	317	316M
3955	8645	-4.825E+02	1.00	2.758E-210	0	315	317	0	315	317	316M
3956	3963	-3.658E+02	1.00	1.390E-159	0	237	239	0	237	239	238M
3956	7111	-4.422E+01	0.307	6.232E-20	2	231	239	42	257	263	16M3I11M4I2M2I42M4I13M1D20M1D52M4I15M1I19M2D22M
3956	10991	-4.422E+01	0.307	6.232E-20	2	231	239	42	257	263	16M3I11M4I2M2I42M4I13M1D20M1D52M4I15M1I19M2D22M
3957	3962	-1.837E+02	1.00	1.689E-80	0	132	134	0	132	134	133M
3958	3961	-2.898E+02	1.00	1.372E-126	0	203	205	0	203	205	204M
3958	5684	-2.249E+01	0.235	1.715E-10	1	198	205	3	201	208	15M1I168M2D14M
3958	9257	-2.460E+01	0.239	2.064E-11	0	200	205	10	212	218	61M1I11M2D95M1I13M2D19M
3959	3960	-1.652E+02	1.00	1.863E-72	0	110	112	0	110	112	111M
3960	3959	-1.652E+02	1.00	1.863E-72	0	110	112	0	110	112	111M
3961	3958	-2.898E+02	1.00	1.372E-126	0	203	205	0	203	205	204M
3961	5684	-2.249E+01	0.235	1.715E-10	1	198	205	3	201	208	15M1I168M2D14M
3961	9257	-2.460E+01	0.239	2.064E-11	0	200	205	10	212	218	61M1I11M2D95M1I13M2D19M
3962	3957	-1.837E+02	1.00	1.689E-80	0	132	134	0	132	134	133M
3963	3956	-3.658E+02	1.00	1.390E-159	0	237	239	0	237	239	238M
3963	7111	-4.422E+01	0.307	6.232E-20	2	231	239	42	257	263	16M3I11M4I2M2I42M4I13M1D20M1D52M4I15M1I19M2D22M
3963	10991	-4.422E+01	0.307	6.232E-20	2	231	239	42	257	263	16M3I11M4I2M2I42M4I13M1D20M1D52M4I15M1I19M2D22M
3964	3964	-4.448E+02	1.00	6.643E-194	0	287	288	0	287	288	288M
3964	7421	-4.398E+02	0.993	1.030E-191	0	286	288	0	286	288	287M
3964	11302	-4.398E+02	0.993	1.030E-191	0	286	288	0	286	288	287M
3965	3965	-6.633E+02	1.00	8.947E-289	0	420	421	0	420	421	421M
3965	7420	-6.573E+02	0.988	3.561E-286	0	419	421	0	419	421	420M
3965	11303	-6.573E+02	0.988	3.561E-286	0	419	421	0	419	421	420M
3966	3966	-5.470E+02	1.00	2.870E-238	0	360	361	0	360	361	361M
3966	6153	-5.824E+01	0.262	5.100E-26	1	353	361	2	353	360	67M1D9M7I10M5I16M1D14M13D32M2I18M5D10M1I17M2I6M1I16M4I84M1D32M
3966	8905	-5.824E+01	0.262	5.100E-26	1	353	361	2	353	360	67M1D9M7I10M5I16M1D14M13D32M2I18M5D10M1I17M2I6M1I16M4I84M1D32M
3967	3967	-3.145E+02	1.00	2.703E-137	0	203	204	0	203	204	204M
3968	3968	-1.210E+02	1.00	2.716E-53	0	89	90	0	89	90	90M
3968	7419	-1.204E+02	0.988	5.112E-53	0	88	90	0	88	90	89M
3968	11304	-1.204E+02	0.988	5.112E-53	0	88	90	0	88	90	89M
3969	3798	-6.531E+01	1.00	4.323E-29	0	44	46	0	44	46	45M
3969	7845	-4.848E+01	0.868	8.787E-22	6	43	46	201	238	241	38M
3969	11672	-4.848E+01	0.868	8.787E-22	6	43	46	201	238	241	38M
3970	3970	-1.827E+02	1.00	4.571E-80	0	134	135	0	134	135	135M
3970	7142	-1.385E+02	0.798	7.274E-61	1	134	135	237	369	739	117M1I16M
3970	11022	-1.385E+02	0.798	7.274E-61	1	134	135	237	369	739	117M1I16M
3971	3974	-7.084E+02	1.00	0.000E+00	0	583	585	0	583	585	584M
3971	7142	-6.964E+02	0.927	3.757E-303	0	524	585	85	609	739	525M
3971	11022	-6.964E+02	0.927	3.757E-303	0	524	585	85	609	739	525M
3972	3973	-6.659E+01	1.00	1.203E-29	0	56	58	0	56	58	57M
3972	7142	-6.659E+01	1.00	1.203E-29	0	56	58	0	56	739	57M
3972	11022	-6.659E+01	1.00	1.203E-29	0	56	58	0	56	739	57M
3973	3972	-6.659E+01	1.00	1.203E-29	0	56	58	0	56	58	57M
3973	7142	-6.659E+01	1.00	1.203E-29	0	56	58	0	56	739	57M
3973	11022	-6.659E+01	1.00	1.203E-29	0	56	58	0	56	739	57M
3974	3971	-7.084E+02	1.00	0.000E+00	0	583	585	0	583	585	584M
3974	7142	-6.964E+02	0.927	3.757E-303	0	524	585	85	609	739	525M
3974	11022	-6.964E+02	0.927	3.757E-303	0	524	585	85	609	739	525M
3975	3970	-1.827E+02	1.00	4.571E-80	0	134	135	0	134	135	135M
3975	7142	-1.385E+02	0.798	7.274E-61	1	134	135	237	369	739	117M1I16M
3975	11022	-1.385E+02	0.798	7.274E-61	1	134	135	237	369	739	117M1I16M
3976	3976	-7.084E+02	1.00	0.000E+00	0	944	945	0	944	945	945M
3976	5037	-7.084E+02	0.998	0.000E+00	0	943	945	0	943	945	944M
3976	9097	-7.084E+02	0.998	0.000E+00	0	943	945	0	943	945	944M
3977	3977	-5.267E+01	1.00	1.340E-23	0	44	45	0	44	45	45M
3977	5036	-5.298E+01	1.00	9.756E-24	0	43	45	0	43	45	44M
3977	9096	-5.298E+01	1.00	9.756E-24	0	43	45	0	43	45	44M
3978	3978	-6.664E+02	1.00	3.880E-290	0	427	428	0	427	428	428M
3978	5035	-6.654E+02	0.997	9.984E-290	0	426	428	0	426	428	427M
3978	9095	-6.654E+02	0.997	9.984E-290	0	426	428	0	426	428	427M
3979	3979	-7.084E+02	1.00	0.000E+00	0	516	517	0	516	517	517M
3979	7454	-7.084E+02	0.967	0.000E+00	0	516	517	0	516	528	517M
3979	11269	-7.084E+02	0.967	0.000E+00	0	516	517	0	516	528	517M
3980	3981	-2.023E+02	1.00	1.427E-88	0	146	148	0	146	148	147M
3980	7453	-2.023E+02	1.00	1.427E-88	0	146	148	0	146	148	147M
3980	11270	-2.023E+02	1.00	1.427E-88	0	146	148	0	146	148	147M
3981	3980	-2.023E+02	1.00	1.427E-88	0	146	148	0	146	148	147M
3981	7453	-2.023E+02	1.00	1.427E-88	0	146	148	0	146	148	147M
3981	11270	-2.023E+02	1.00	1.427E-88	0	146	148	0	146	148	147M
3982	3982	-7.084E+02	1.00	0.000E+00	0	527	528	0	527	528	528M
3982	7454	-7.084E+02	0.967	0.000E+00	0	526	528	0	526	528	527M
3982	11269	-7.084E+02	0.967	0.000E+00	0	526	528	0	526	528	527M
3983	3982	-6.531E+01	1.00	4.310E-29	0	50	52	476	526	528	51M
3983	7454	-6.119E+01	0.941	2.666E-27	0	50	52	476	526	528	51M
3983	11269	-6.119E+01	0.941	2.666E-27	0	50	52	476	526	528	51M
3984	3984	-2.457E+02	1.00	1.919E-107	0	169	170	0	169	170	170M
3984	7620	-2.441E+02	0.988	9.295E-107	0	169	170	0	169	207	170M
3984	11495	-2.441E+02	0.988	9.295E-107	0	169	170	0	169	207	170M
3985	3985	-7.084E+02	1.00	0.000E+00	0	525	526	0	525	526	526M
3985	7621	-7.084E+02	0.994	0.000E+00	0	524	526	0	524	526	525M
3985	11494	-7.084E+02	0.994	0.000E+00	0	524	526	0	524	526	525M
3986	3986	-5.119E+02	1.00	4.869E-223	0	362	363	0	362	363	363M
3986	7622	-5.119E+02	0.997	4.869E-223	0	361	363	0	361	363	362M
3986	11493	-5.119E+02	0.997	4.869E-223	0	361	363	0	361	363	362M
3987	3987	-6.771E+02	1.00	8.954E-295	0	448	449	0	448	449	449M
3987	7625	-6.119E+02	0.954	1.854E-266	26	447	449	0	421	423	422M
3987	11490	-6.119E+02	0.954	1.854E-266	26	447	449	0	421	423	422M
3988	3988	-7.380E+02	1.00	3.197E-321	0	500	501	0	500	501	501M
3988	7141	-7.383E+02	1.00	2.332E-321	0	499	501	0	499	501	500M
3988	11021	-7.383E+02	1.00	2.332E-321	0	499	501	0	499	501	500M
3989	3989	-4.490E+02	1.00	1.033E-195	0	299	300	0	299	300	300M
3989	7140	-4.493E+02	1.00	7.536E-196	0	298	300	0	298	300	299M
3989	11020	-4.493E+02	1.00	7.536E-196	0	298	300	0	298	300	299M
3990	3990	-4.158E+02	1.00	2.573E-181	0	307	308	0	307	308	308M
3990	7139	-4.149E+02	0.996	6.623E-181	0	306	308	0	306	308	307M
3990	11019	-4.149E+02	0.996	6.623E-181	0	306	308	0	306	308	307M
3991	3991	-4.461E+02	1.00	1.910E-194	0	294	295	0	294	295	295M
3991	7138	-4.451E+02	1.00	4.916E-194	0	292	295	0	292	338	293M
3991	11018	-4.451E+02	1.00	4.916E-194	0	292	295	0	292	338	293M
3992	3992	-1.951E+01	1.00	3.373E-09	0	22	23	0	22	23	23M
3993	3993	-1.055E+02	1.00	1.497E-46	0	83	84	0	83	84	84M
3993	8306	-1.058E+02	1.00	1.091E-46	0	82	84	0	82	84	83M
3993	12081	-1.058E+02	1.00	1.091E-46	0	82	84	0	82	84	83M
3994	3994	-5.997E+02	1.00	3.505E-261	0	411	412	0	411	412	412M
3994	8307	-5.988E+02	0.997	9.017E-261	0	410	412	0	410	412	411M
3994	12080	-5.988E+02	0.997	9.017E-261	0	410	412	0	410	412	411M
3995	3995	-7.084E+02	1.00	0.000E+00	0	756	757	0	756	757	757M
3995	8308	-7.084E+02	0.990	0.000E+00	0	755	757	0	755	757	756M
3995	12079	-7.084E+02	0.990	0.000E+00	0	755	757	0	755	757	756M
3996	3996	-3.853E+01	1.00	1.853E-17	0	35	36	0	35	36	36M
3996	8309	-3.885E+01	1.00	1.348E-17	0	34	36	149	183	185	35M
3996	12078	-3.885E+01	1.00	1.348E-17	0	34	36	149	183	185	35M
3997	3997	-1.519E+02	1.00	1.082E-66	0	111	112	0	111	112	112M
3997	5646	-2.288E-01	0.273	1.587E+00	7	98	112	49	154	391	11M1D40M2D12M2D6M1D10M8D13M
3997	9752	-2.288E-01	0.273	1.587E+00	7	98	112	49	154	391	11M1D40M2D12M2D6M1D10M8D13M
3998	3998	-7.084E+02	1.00	0.000E+00	0	1273	1274	0	1273	1274	1274M
3999	3999	-4.808E+02	1.00	1.608E-209	0	320	321	0	320	321	321M
3999	5677	-4.641E+02	0.962	2.886E-202	0	319	321	0	319	321	320M
3999	9885	-4.641E+02	0.962	2.886E-202	0	319	321	0	319	321	320M
4000	4000	-6.601E+02	1.00	2.140E-287	0	434	435	0	434	435	435M
4000	5676	-6.399E+02	0.969	1.220E-278	0	432	435	0	432	435	433M
4000	9884	-6.399E+02	0.969	1.220E-278	0	432	435	0	432	435	433M
4001	4001	-5.441E+01	1.00	2.335E-24	0	47	48	0	47	48	48M
4001	5675	-5.473E+01	1.00	1.700E-24	0	46	48	0	46	48	47M
4001	9883	-5.473E+01	1.00	1.700E-24	0	46	48	0	46	48	47M
4002	4002	-7.444E+02	1.00	4.941E-324	0	492	493	0	492	493	493M
4002	5674	-7.444E+02	1.00	4.941E-324	0	491	493	0	491	493	492M
4002	9882	-7.444E+02	1.00	4.941E-324	0	491	493	0	491	493	492M
4003	4008	-7.219E+01	1.00	4.458E-32	0	52	54	183	235	237	53M
4004	4007	-3.587E+02	1.00	1.597E-156	0	226	228	0	226	228	227M
4005	4006	-3.396E+02	1.00	3.159E-148	0	250	252	0	250	252	251M
4006	4005	-3.396E+02	1.00	3.159E-148	0	250	252	0	250	252	251M
4007	4004	-3.587E+02	1.00	1.597E-156	0	226	228	0	226	228	227M
4008	4008	-3.627E+02	1.00	2.961E-158	0	236	237	0	236	237	237M
4009	4009	-3.463E+02	1.00	3.975E-151	0	223	224	0	223	224	224M
4010	4010	-3.513E+02	1.00	2.770E-153	0	238	239	0	238	239	239M
4010	5038	-3.516E+02	1.00	2.021E-153	0	237	239	0	237	239	238M
4010	9098	-3.516E+02	1.00	2.021E-153	0	237	239	0	237	239	238M
4011	4011	-7.084E+02	1.00	0.000E+00	0	549	550	0	549	550	550M
4011	5039	-7.084E+02	0.998	0.000E+00	0	548	550	0	548	550	549M
4011	9099	-7.084E+02	0.998	0.000E+00	0	548	550	0	548	550	549M
4012	4012	-1.699E+02	1.00	1.592E-74	0	117	118	0	117	118	118M
4012	5040	-1.702E+02	1.00	1.161E-74	0	116	118	0	116	118	117M
4012	9100	-1.702E+02	1.00	1.161E-74	0	116	118	0	116	118	117M
4013	4013	-7.027E+02	1.00	6.736E-306	0	473	474	0	473	474	474M
4013	5041	-6.995E+02	0.993	1.572E-304	0	472	474	0	472	474	473M
4013	9101	-6.995E+02	0.993	1.572E-304	0	472	474	0	472	474	473M
4014	4014	-3.439E+02	1.00	4.652E-150	0	235	236	0	235	236	236M
4014	5341	-3.439E+02	1.00	4.652E-150	0	235	236	0	235	305	236M
4014	9401	-3.439E+02	1.00	4.652E-150	0	235	236	0	235	305	236M
4015	4015	-5.507E+02	1.00	6.939E-240	0	368	369	0	368	369	369M
4015	5340	-5.475E+02	0.997	1.621E-238	0	367	369	0	367	369	368M
4015	9400	-5.475E+02	0.997	1.621E-238	0	367	369	0	367	369	368M
4016	4016	-1.425E+02	1.00	1.282E-62	0	96	97	0	96	97	97M
4016	5339	-1.428E+02	1.00	9.347E-63	0	95	97	0	95	97	96M
4016	9399	-1.428E+02	1.00	9.347E-63	0	95	97	0	95	97	96M
4017	4017	-4.676E+02	1.00	8.784E-204	0	306	307	0	306	307	307M
4017	5338	-4.679E+02	1.00	6.410E-204	0	305	307	0	305	307	306M
4017	9398	-4.679E+02	1.00	6.410E-204	0	305	307	0	305	307	306M
4018	4018	-3.312E+02	1.00	1.491E-144	0	223	224	0	223	224	224M
4018	5294	-3.277E+02	0.986	4.786E-143	0	222	224	0	222	224	223M
4018	9354	-3.277E+02	0.986	4.786E-143	0	222	224	0	222	224	223M
4019	3869	-1.532E+02	1.00	2.836E-67	0	103	104	0	103	104	104M
4019	5295	-1.532E+02	1.00	2.836E-67	0	103	104	0	103	218	104M
4019	9355	-1.532E+02	1.00	2.836E-67	0	103	104	0	103	218	104M
4020	4023	-6.176E+02	1.00	5.742E-269	0	431	433	0	431	433	432M
4020	6507	-6.176E+02	1.00	5.742E-269	0	431	433	0	431	433	432M
4020	10612	-6.176E+02	1.00	5.742E-269	0	431	433	0	431	433	432M
4021	4022	-9.112E+01	1.00	2.675E-40	0	66	68	0	66	68	67M
4021	6506	-9.112E+01	1.00	2.675E-40	0	66	68	0	66	68	67M
4021	10613	-9.112E+01	1.00	2.675E-40	0	66	68	0	66	68	67M
4022	4021	-9.112E+01	1.00	2.675E-40	0	66	68	0	66	68	67M
4022	6506	-9.112E+01	1.00	2.675E-40	0	66	68	0	66	68	67M
4022	10613	-9.112E+01	1.00	2.675E-40	0	66	68	0	66	68	67M
4023	4020	-6.176E+02	1.00	5.742E-269	0	431	433	0	431	433	432M
4023	6507	-6.176E+02	1.00	5.742E-269	0	431	433	0	431	433	432M
4023	10612	-6.176E+02	1.00	5.742E-269	0	431	433	0	431	433	432M
4024	4029	-1.997E+02	1.00	1.795E-87	0	133	135	0	133	135	134M
4024	7460	-1.997E+02	1.00	1.795E-87	0	133	135	11	144	146	134M
4024	9726	-1.997E+02	1.00	1.795E-87	0	133	135	11	144	146	134M
4025	4028	-2.199E+02	1.00	3.228E-96	0	141	143	0	141	143	142M
4025	7461	-2.167E+02	0.978	7.587E-95	0	141	143	0	141	143	142M
4025	9725	-2.167E+02	0.978	7.587E-95	0	141	143	0	141	143	142M
4026	4027	-3.812E+02	1.00	2.797E-166	0	251	253	0	251	253	252M
4026	7462	-3.812E+02	1.00	2.797E-166	0	251	253	0	251	253	252M
4026	9724	-3.812E+02	1.00	2.797E-166	0	251	253	0	251	253	252M
4027	4026	-3.812E+02	1.00	2.797E-166	0	251	253	0	251	253	252M
4027	7462	-3.812E+02	1.00	2.797E-166	0	251	253	0	251	253	252M
4027	9724	-3.812E+02	1.00	2.797E-166	0	251	253	0	251	253	252M
4028	4025	-2.199E+02	1.00	3.228E-96	0	141	143	0	141	143	142M
4028	7461	-2.167E+02	0.978	7.587E-95	0	141	143	0	141	143	142M
4028	9725	-2.167E+02	0.978	7.587E-95	0	141	143	0	141	143	142M
4029	4024	-1.997E+02	1.00	1.795E-87	0	133	135	0	133	135	134M
4029	7460	-1.997E+02	1.00	1.795E-87	0	133	135	11	144	146	134M
4029	9726	-1.997E+02	1.00	1.795E-87	0	133	135	11	144	146	134M
4030	4030	-7.225E+02	1.00	1.639E-314	0	480	481	0	480	481	481M
4030	5990	-7.191E+02	0.993	5.240E-313	0	479	481	43	522	524	480M
4030	10350	-7.216E+02	0.995	4.217E-314	0	479	481	43	522	524	480M
4031	4031	-7.084E+02	1.00	0.000E+00	0	526	527	0	526	527	527M
4031	5989	-7.084E+02	0.992	0.000E+00	0	525	527	0	525	527	526M
4031	10349	-7.084E+02	0.992	0.000E+00	0	525	527	0	525	527	526M
4032	4032	-5.205E+02	1.00	9.071E-227	0	340	341	0	340	341	341M
4032	5988	-5.189E+02	0.997	4.385E-226	0	340	341	0	340	430	341M
4032	10348	-5.189E+02	0.997	4.385E-226	0	340	341	0	340	430	341M
4033	4034	-7.181E+02	1.00	1.361E-312	0	486	488	0	486	488	487M
4033	7236	-3.435E+02	0.537	6.485E-150	14	471	488	24	491	493	12M1D117M1I3M3D10M3D302M4D13M
4033	9638	-3.435E+02	0.537	6.485E-150	14	471	488	24	491	493	12M1D117M1I3M3D10M3D302M4D13M
4034	4033	-7.181E+02	1.00	1.361E-312	0	486	488	0	486	488	487M
4034	7236	-3.435E+02	0.537	6.485E-150	14	471	488	24	491	493	12M1D117M1I3M3D10M3D302M4D13M
4034	9638	-3.435E+02	0.537	6.485E-150	14	471	488	24	491	493	12M1D117M1I3M3D10M3D302M4D13M
4035	4035	-3.628E+02	1.00	2.736E-158	0	241	242	0	241	242	242M
4035	5312	-3.568E+02	0.979	1.094E-155	0	240	242	65	305	307	241M
4035	9372	-3.568E+02	0.979	1.094E-155	0	240	242	65	305	307	241M
4036	4036	-4.024E+02	1.00	1.701E-175	0	270	271	0	270	271	271M
4036	5311	-4.027E+02	1.00	1.241E-175	0	269	271	0	269	271	270M
4036	9371	-4.027E+02	1.00	1.241E-175	0	269	271	0	269	271	270M
4037	4037	-4.476E+02	1.00	4.080E-195	0	288	289	0	288	289	289M
4037	5310	-4.454E+02	0.993	3.707E-194	0	287	289	0	287	289	288M
4037	9370	-4.454E+02	0.993	3.707E-194	0	287	289	0	287	289	288M
4038	4038	-1.983E+02	1.00	7.339E-87	0	137	138	0	137	138	138M
4038	5309	-1.955E+02	0.985	1.258E-85	0	136	138	0	136	138	137M
4038	9369	-1.955E+02	0.985	1.258E-85	0	136	138	0	136	138	137M
4039	4039	-1.923E+02	1.00	2.959E-84	0	137	138	0	137	138	138M
4039	5308	-1.923E+02	0.992	2.959E-84	0	136	138	0	136	138	137M
4039	9368	-1.923E+02	0.992	2.959E-84	0	136	138	0	136	138	137M
4040	4040	-2.316E+02	1.00	2.717E-101	0	155	156	0	155	156	156M
4040	5307	-2.319E+02	1.00	1.981E-101	0	154	156	0	154	156	155M
4040	9367	-2.319E+02	1.00	1.981E-101	0	154	156	0	154	156	155M
4041	4041	-5.801E+02	1.00	1.216E-252	0	380	381	0	380	381	381M
4041	6769	-5.804E+02	1.00	8.871E-253	0	379	381	0	379	381	380M
4041	10760	-5.804E+02	1.00	8.871E-253	0	379	381	0	379	381	380M
4042	4042	-5.161E+02	1.00	7.135E-225	0	339	340	0	339	340	340M
4042	6768	-5.152E+02	0.997	1.836E-224	0	338	340	0	338	340	339M
4042	10759	-5.152E+02	0.997	1.836E-224	0	338	340	0	338	340	339M
4043	4043	-7.084E+02	1.00	0.000E+00	0	514	515	0	514	515	515M
4043	6767	-7.084E+02	0.988	0.000E+00	0	500	515	0	500	503	501M
4043	10758	-7.084E+02	0.988	0.000E+00	0	500	515	0	500	503	501M
4044	4044	-7.084E+02	1.00	0.000E+00	0	597	598	0	597	598	598M
4044	7169	-7.084E+02	0.958	0.000E+00	0	596	598	18	614	616	597M
4044	11049	-7.084E+02	0.958	0.000E+00	0	596	598	18	614	616	597M
4045	4045	-7.084E+02	1.00	0.000E+00	0	697	698	0	697	698	698M
4045	7168	-7.084E+02	0.955	0.000E+00	0	696	698	0	697	699	177M1D520M
4045	11048	-7.084E+02	0.955	0.000E+00	0	696	698	0	697	699	177M1D520M
4046	4047	-5.449E+02	1.00	2.187E-237	0	362	364	0	362	364	363M
4046	5161	-5.424E+02	0.994	2.720E-236	0	362	364	24	386	388	363M
4046	9221	-5.424E+02	0.994	2.720E-236	0	362	364	24	386	388	363M
4047	4046	-5.449E+02	1.00	2.187E-237	0	362	364	0	362	364	363M
4047	5161	-5.424E+02	0.994	2.720E-236	0	362	364	24	386	388	363M
4047	9221	-5.424E+02	0.994	2.720E-236	0	362	364	24	386	388	363M
4048	4050	-8.477E+01	1.00	1.528E-37	0	60	62	0	60	62	61M
4049	4049	-1.442E+02	1.00	2.344E-63	0	113	114	0	113	114	114M
4050	4048	-8.477E+01	1.00	1.528E-37	0	60	62	0	60	62	61M
4051	4051	-2.305E+02	1.00	7.923E-101	0	151	152	0	151	152	152M
4051	5166	-1.165E+02	0.554	2.433E-51	4	151	152	8	155	443	148M
4051	9226	-1.165E+02	0.554	2.433E-51	4	151	152	8	155	443	148M
4052	4052	-6.729E+02	1.00	5.976E-293	0	430	431	0	430	431	431M
4052	5166	-2.408E+02	0.429	2.556E-105	4	428	431	8	431	443	298M3I16M2D81M1I18M1D8M
4052	9226	-2.408E+02	0.429	2.556E-105	4	428	431	8	431	443	298M3I16M2D81M1I18M1D8M
4053	4052	-4.997E+02	1.00	9.860E-218	0	319	321	110	429	431	320M
4053	5166	-1.430E+02	0.372	7.541E-63	0	318	321	114	431	443	192M3I16M2D81M1I18M1D8M
4053	9226	-1.430E+02	0.372	7.541E-63	0	318	321	114	431	443	192M3I16M2D81M1I18M1D8M
4054	4054	-7.084E+02	1.00	0.000E+00	0	920	921	0	920	921	921M
4054	5882	-2.619E+02	0.313	1.847E-114	50	891	921	38	936	1636	7M1D20M1I34M1I18M1D40M3I10M4I7M9D15M21D12M1I15M3I16M7D59M1D36M1D39M13D50M1I4M16D8M5I21M6I8M4I16M3D17M2I11M1D234M10D3M3D107M1D4M
4054	10242	-2.619E+02	0.313	1.847E-114	50	891	921	38	936	1636	7M1D20M1I34M1I18M1D40M3I10M4I7M9D15M21D12M1I15M3I16M7D59M1D36M1D39M13D50M1I4M16D8M5I21M6I8M4I16M3D17M2I11M1D234M10D3M3D107M1D4M
4055	4055	-5.654E+02	1.00	2.944E-246	0	398	399	0	398	399	399M
4056	4056	-2.240E+02	1.00	5.145E-98	0	161	162	0	161	162	162M
4056	5490	-2.243E+02	1.00	3.753E-98	0	160	162	51	211	213	161M
4056	9550	-2.243E+02	1.00	3.753E-98	0	160	162	51	211	213	161M
4057	4057	-8.864E+01	1.00	3.205E-39	0	66	67	0	66	67	67M
4057	5489	-8.895E+01	1.00	2.335E-39	0	65	67	0	65	67	66M
4057	9549	-8.895E+01	1.00	2.335E-39	0	65	67	0	65	67	66M
4058	4058	-3.421E+02	1.00	2.678E-149	0	232	233	0	232	233	233M
4058	5488	-3.336E+02	0.978	1.334E-145	0	231	233	0	231	238	232M
4058	9548	-3.336E+02	0.978	1.334E-145	0	231	233	0	231	238	232M
4059	4059	-4.398E+02	1.00	1.009E-191	0	300	301	0	300	301	301M
4059	5487	-4.347E+02	0.986	1.563E-189	0	299	301	0	299	301	300M
4059	9547	-4.347E+02	0.986	1.563E-189	0	299	301	0	299	301	300M
4060	4060	-5.941E+02	1.00	1.017E-258	0	411	412	0	411	412	412M
4060	5486	-5.944E+02	1.00	7.421E-259	0	410	412	0	410	412	411M
4060	9546	-5.944E+02	1.00	7.421E-259	0	410	412	0	410	412	411M
4061	4061	-5.208E+02	1.00	6.619E-227	0	340	341	0	340	341	341M
4061	7267	-3.133E+02	0.669	9.033E-137	0	339	341	2850	3174	3176	36M3D16M3D14M2D16M16I68M4I6M3I161M
4061	9607	-3.133E+02	0.669	9.033E-137	0	339	341	2850	3174	3176	36M3D16M3D14M2D16M16I68M4I6M3I161M
4062	4062	-1.302E+02	1.00	2.905E-57	0	96	97	0	96	97	97M
4062	7266	-1.305E+02	1.00	2.117E-57	0	95	97	0	95	97	96M
4062	9608	-1.305E+02	1.00	2.117E-57	0	95	97	0	95	97	96M
4063	4063	-7.084E+02	1.00	0.000E+00	0	544	545	0	544	545	545M
4063	7265	-7.084E+02	1.00	0.000E+00	0	543	545	0	543	545	544M
4063	9609	-7.084E+02	1.00	0.000E+00	0	543	545	0	543	545	544M
4064	4064	-1.658E+02	1.00	9.893E-73	0	124	125	0	124	125	125M
4064	7264	-1.661E+02	1.00	7.214E-73	0	123	125	0	123	125	124M
4064	9610	-1.661E+02	1.00	7.214E-73	0	123	125	0	123	125	124M
4065	4065	-7.084E+02	1.00	0.000E+00	0	574	575	0	574	575	575M
4065	6344	-7.084E+02	1.00	0.000E+00	0	573	575	0	573	575	574M
4065	10552	-7.084E+02	1.00	0.000E+00	0	573	575	0	573	575	574M
4066	4066	-2.246E+02	1.00	3.010E-98	0	163	164	0	163	164	164M
4066	6343	-2.249E+02	1.00	2.196E-98	0	162	164	0	162	164	163M
4066	10551	-2.249E+02	1.00	2.196E-98	0	162	164	0	162	164	163M
4067	4067	-5.086E+02	1.00	1.311E-221	0	338	339	0	338	339	339M
4067	6342	-5.089E+02	1.00	9.568E-222	0	337	339	0	337	339	338M
4067	10550	-5.089E+02	1.00	9.568E-222	0	337	339	0	337	339	338M
4068	4075	-5.732E+01	1.00	1.272E-25	0	45	47	0	45	47	46M
4068	7639	-5.574E+01	0.956	6.221E-25	0	45	47	0	45	47	46M
4068	11476	-5.574E+01	0.956	6.221E-25	0	45	47	0	45	47	46M
4069	4074	-1.922E+02	1.00	3.347E-84	0	132	134	0	132	134	133M
4070	4073	-1.717E+02	1.00	2.636E-75	0	118	120	0	118	120	119M
4070	5978	-2.673E+01	0.312	2.471E-12	0	118	120	0	143	145	19M1D11M11D11M7D4M2D5M4D69M
4070	10338	-2.673E+01	0.312	2.471E-12	0	118	120	0	143	145	19M1D11M11D11M7D4M2D5M4D69M
4071	4072	-6.209E+01	1.00	1.084E-27	0	51	53	0	51	53	52M
4072	4071	-6.209E+01	1.00	1.084E-27	0	51	53	0	51	53	52M
4073	4070	-1.717E+02	1.00	2.636E-75	0	118	120	0	118	120	119M
4073	5978	-2.673E+01	0.312	2.471E-12	0	118	120	0	143	145	19M1D11M11D11M7D4M2D5M4D69M
4073	10338	-2.673E+01	0.312	2.471E-12	0	118	120	0	143	145	19M1D11M11D11M7D4M2D5M4D69M
4074	4069	-1.922E+02	1.00	3.347E-84	0	132	134	0	132	134	133M
4075	4068	-5.732E+01	1.00	1.272E-25	0	45	47	0	45	47	46M
4075	7639	-5.574E+01	0.956	6.221E-25	0	45	47	0	45	47	46M
4075	11476	-5.574E+01	0.956	6.221E-25	0	45	47	0	45	47	46M
4076	4076	-3.840E+02	1.00	1.742E-167	0	260	261	0	260	261	261M
4076	8205	-2.535E+02	0.639	7.983E-111	3	256	261	2	256	296	202M1D52M
4076	11983	-2.535E+02	0.639	7.983E-111	3	256	261	2	256	296	202M1D52M
4077	4078	-4.262E+02	1.00	8.310E-186	0	287	289	0	287	289	288M
4077	7072	-2.126E+02	0.578	4.460E-93	0	260	289	0	260	267	261M
4077	10952	-2.126E+02	0.578	4.460E-93	0	260	289	0	260	267	261M
4078	4077	-4.262E+02	1.00	8.310E-186	0	287	289	0	287	289	288M
4078	7072	-2.126E+02	0.578	4.460E-93	0	260	289	0	260	267	261M
4078	10952	-2.126E+02	0.578	4.460E-93	0	260	289	0	260	267	261M
4079	4079	-4.441E+02	1.00	1.326E-193	0	295	296	0	295	296	296M
4079	8205	-2.608E+02	0.604	5.541E-114	3	282	296	2	282	296	202M1D78M
4079	11983	-2.608E+02	0.604	5.541E-114	3	282	296	2	282	296	202M1D78M
4080	4080	-5.976E+01	1.00	1.115E-26	0	48	49	0	48	49	49M
4080	7248	-6.008E+01	1.00	8.115E-27	0	47	49	157	204	206	48M
4080	9626	-6.008E+01	1.00	8.115E-27	0	47	49	157	204	206	48M
4081	4081	-3.023E+02	1.00	5.410E-132	0	201	202	0	201	202	202M
4081	7247	-3.013E+02	0.995	1.394E-131	0	200	202	0	200	202	201M
4081	9627	-3.013E+02	0.995	1.394E-131	0	200	202	0	200	202	201M
4082	4082	-3.789E+02	1.00	2.703E-165	0	260	261	0	260	261	261M
4082	7246	-3.758E+02	0.992	6.323E-164	0	259	261	0	259	261	260M
4082	9628	-3.758E+02	0.992	6.323E-164	0	259	261	0	259	261	260M
4083	4083	-3.322E+02	1.00	5.348E-145	0	228	229	0	228	229	229M
4083	7245	-2.591E+02	0.978	3.127E-113	40	227	229	0	187	189	188M
4083	9629	-2.591E+02	0.978	3.127E-113	40	227	229	0	187	189	188M
4084	4084	-5.823E+02	1.00	1.235E-253	0	385	386	0	385	386	386M
4084	7244	-5.757E+02	0.984	9.227E-251	0	384	386	0	384	386	385M
4084	9630	-5.757E+02	0.984	9.227E-251	0	384	386	0	384	386	385M
4085	4085	-6.579E+01	1.00	2.684E-29	0	48	49	0	48	49	49M
4086	4091	-1.414E+02	1.00	4.030E-62	0	99	101	0	99	101	100M
4087	4090	-1.432E+02	1.00	6.351E-63	0	100	102	0	100	102	101M
4088	4089	-1.364E+02	1.00	5.583E-60	0	90	92	0	90	92	91M
4089	4088	-1.364E+02	1.00	5.583E-60	0	90	92	0	90	92	91M
4090	4087	-1.432E+02	1.00	6.351E-63	0	100	102	0	100	102	101M
4091	4086	-1.414E+02	1.00	4.030E-62	0	99	101	0	99	101	100M
4092	4093	-4.891E+01	1.00	5.741E-22	0	48	50	0	48	50	49M
4093	4092	-4.891E+01	1.00	5.741E-22	0	48	50	0	48	50	49M
4094	4094	-7.084E+02	1.00	0.000E+00	0	505	506	0	505	506	506M
4094	5844	-7.084E+02	0.993	0.000E+00	9	504	506	778	1273	1275	496M
4094	10204	-7.084E+02	0.993	0.000E+00	9	504	506	778	1273	1275	496M
4095	4095	-5.058E+02	1.00	2.208E-220	0	331	332	0	331	332	332M
4095	5843	-5.045E+02	0.996	7.787E-220	0	330	332	0	330	332	331M
4095	10203	-5.045E+02	0.996	7.787E-220	0	330	332	0	330	332	331M
4096	4096	-3.681E+02	1.00	1.324E-160	0	255	256	0	255	256	256M
4096	5842	-3.684E+02	1.00	9.659E-161	0	254	256	0	254	256	255M
4096	10202	-3.684E+02	1.00	9.659E-161	0	254	256	0	254	256	255M
4097	4097	-1.246E+02	1.00	7.584E-55	0	87	88	0	87	88	88M
4097	5841	-1.237E+02	0.988	1.959E-54	0	86	88	0	86	88	87M
4097	10201	-1.237E+02	0.988	1.959E-54	0	86	88	0	86	88	87M
4098	4098	-7.084E+02	1.00	0.000E+00	0	514	515	0	514	515	515M
4098	8215	-7.084E+02	0.986	0.000E+00	0	514	515	0	514	517	515M
4098	10758	-2.508E+02	0.378	1.144E-109	24	495	515	15	489	503	118M1D210M1I4M4I9M7D9M1I21M1D95M
4099	4099	-4.135E+02	1.00	2.658E-180	0	276	277	0	276	277	277M
4099	8214	-4.091E+02	0.989	2.194E-178	0	275	277	0	275	277	276M
4099	9966	-7.054E+01	0.339	2.315E-31	11	265	277	4	266	278	56M1D19M2I3M1D101M2D22M3D10M3D42M
4100	4100	-4.962E+02	1.00	3.159E-216	0	320	321	0	320	321	321M
4100	8213	-4.965E+02	1.00	2.305E-216	0	319	321	0	319	321	320M
4100	8658	-7.211E+01	0.313	4.803E-32	29	299	321	20	279	296	7M2I84M1D8M1I10M1I25M1I41M7D4M2I7M18I13M5I4M2D3M9D35M
4101	4101	-7.322E+02	1.00	9.966E-319	0	488	489	0	488	489	489M
4101	7515	-3.792E+02	0.583	1.982E-165	0	485	489	0	478	812	24M3I69M4I106M2D78M2I134M2I34M2D30M
4101	9671	-3.792E+02	0.583	1.982E-165	0	485	489	0	478	812	24M3I69M4I106M2D78M2I134M2I34M2D30M
4102	4102	-7.084E+02	1.00	0.000E+00	0	617	618	0	617	618	618M
4102	7516	-7.399E+02	0.774	4.743E-322	0	616	618	0	615	617	109M1I507M
4102	9670	-7.399E+02	0.774	4.743E-322	0	616	618	0	615	617	109M1I507M
4103	4103	-2.395E+02	1.00	1.016E-104	0	155	156	0	155	156	156M
4103	8094	-2.312E+02	0.974	3.725E-101	0	154	156	0	154	156	155M
4103	11891	-2.312E+02	0.974	3.725E-101	0	154	156	0	154	156	155M
4104	4104	-7.084E+02	1.00	0.000E+00	0	519	520	0	519	520	520M
4104	8093	-7.084E+02	0.992	0.000E+00	11	518	520	0	507	509	508M
4104	11892	-7.084E+02	0.992	0.000E+00	11	518	520	0	507	509	508M
4105	4105	-3.215E+02	1.00	2.351E-140	0	214	215	0	214	215	215M
4105	8092	-2.893E+02	0.989	2.197E-126	20	213	215	1	194	196	194M
4105	11893	-2.893E+02	0.989	2.197E-126	20	213	215	1	194	196	194M
4106	4106	-3.369E+02	1.00	4.789E-147	0	215	216	0	215	216	216M
4106	6505	-3.328E+02	0.990	2.890E-145	0	215	216	0	215	244	216M
4106	10614	-3.328E+02	0.990	2.890E-145	0	215	216	0	215	244	216M
4107	4107	-3.254E+02	1.00	4.628E-142	0	231	232	0	231	232	232M
4107	6504	-3.258E+02	1.00	3.376E-142	0	230	232	0	230	232	231M
4107	10615	-3.258E+02	1.00	3.376E-142	0	230	232	0	230	232	231M
4108	4108	-5.053E+02	1.00	3.525E-220	0	341	342	0	341	342	342M
4108	6503	-5.056E+02	1.00	2.572E-220	0	340	342	0	340	342	341M
4108	10616	-5.056E+02	1.00	2.572E-220	0	340	342	0	340	342	341M
4109	4109	-4.249E+02	1.00	2.932E-185	0	288	289	0	288	289	289M
4109	6502	-4.252E+02	1.00	2.139E-185	0	287	289	0	287	289	288M
4109	10617	-4.252E+02	1.00	2.139E-185	0	287	289	0	287	289	288M
4110	4117	-7.642E+01	1.00	6.473E-34	0	56	58	0	56	58	57M
4111	4116	-1.057E+02	1.00	1.186E-46	0	71	73	0	71	73	72M
4111	7821	-9.277E+01	0.875	5.146E-41	0	71	73	0	71	73	72M
4111	11696	-9.277E+01	0.875	5.146E-41	0	71	73	0	71	73	72M
4112	4115	-1.256E+02	1.00	2.794E-55	0	85	87	0	85	87	86M
4113	4114	-6.214E+01	1.00	1.029E-27	0	50	52	0	50	52	51M
4113	7818	-5.008E+01	1.00	1.787E-22	0	42	52	0	42	115	43M
4113	11700	-5.008E+01	1.00	1.787E-22	0	42	52	0	42	115	43M
4114	4113	-6.214E+01	1.00	1.029E-27	0	50	52	0	50	52	51M
4114	7818	-5.008E+01	1.00	1.787E-22	0	42	52	0	42	115	43M
4114	11700	-5.008E+01	1.00	1.787E-22	0	42	52	0	42	115	43M
4115	4112	-1.256E+02	1.00	2.794E-55	0	85	87	0	85	87	86M
4116	4111	-1.057E+02	1.00	1.186E-46	0	71	73	0	71	73	72M
4116	7821	-9.277E+01	0.875	5.146E-41	0	71	73	0	71	73	72M
4116	11696	-9.277E+01	0.875	5.146E-41	0	71	73	0	71	73	72M
4117	4110	-7.642E+01	1.00	6.473E-34	0	56	58	0	56	58	57M
4118	4118	-3.818E+02	1.00	1.611E-166	0	247	248	0	247	248	248M
4118	4937	-3.679E+02	0.959	1.707E-160	0	246	248	0	246	248	247M
4118	8736	-3.679E+02	0.959	1.707E-160	0	246	248	0	246	248	247M
4119	4119	-2.015E+02	1.00	3.050E-88	0	130	131	0	130	131	131M
4119	4936	-1.990E+02	0.984	3.815E-87	0	129	131	0	129	131	130M
4119	8735	-1.990E+02	0.984	3.815E-87	0	129	131	0	129	131	130M
4120	4120	-5.028E+02	1.00	4.134E-219	0	333	334	0	333	334	334M
4120	4935	-5.010E+02	0.993	2.739E-218	0	332	334	0	332	334	333M
4120	8734	-5.010E+02	0.993	2.739E-218	0	332	334	0	332	334	333M
4121	4121	-2.340E+02	1.00	2.394E-102	0	157	158	0	157	158	158M
4121	4934	-2.334E+02	0.993	4.501E-102	0	156	158	143	299	301	157M
4121	8733	-2.334E+02	0.993	4.501E-102	0	156	158	143	299	301	157M
4122	4122	-2.098E+02	1.00	7.341E-92	0	134	135	0	134	135	135M
4122	4934	-2.086E+02	0.992	2.596E-91	0	133	135	0	133	301	134M
4122	8733	-2.086E+02	0.992	2.596E-91	0	133	135	0	133	301	134M
4123	4123	-6.948E+02	1.00	1.736E-302	0	459	460	0	459	460	460M
4123	5991	-6.857E+02	0.984	1.610E-298	0	458	460	0	458	460	459M
4123	10351	-6.857E+02	0.984	1.610E-298	0	458	460	0	458	460	459M
4124	4124	-7.084E+02	1.00	0.000E+00	0	683	684	0	683	684	684M
4124	5992	-7.084E+02	0.992	0.000E+00	0	682	684	17	699	701	683M
4124	10352	-7.084E+02	0.992	0.000E+00	0	682	684	17	699	701	683M
4125	4125	-1.406E+02	1.00	8.363E-62	0	102	103	0	102	103	103M
4125	6728	-1.410E+02	1.00	6.096E-62	0	101	103	0	101	103	102M
4125	10719	-1.410E+02	1.00	6.096E-62	0	101	103	0	101	103	102M
4126	4126	-5.385E+02	1.00	1.371E-234	0	400	401	0	400	401	401M
4126	6840	-5.360E+02	0.992	1.703E-233	0	399	401	0	399	401	400M
4126	11193	-5.360E+02	0.992	1.703E-233	0	399	401	0	399	401	400M
4127	4127	-3.279E+02	1.00	4.023E-143	0	226	227	0	226	227	227M
4127	6841	-3.282E+02	1.00	2.935E-143	0	225	227	0	225	227	226M
4127	11192	-3.282E+02	1.00	2.935E-143	0	225	227	0	225	227	226M
4128	4128	-2.440E+02	1.00	1.040E-106	0	178	179	0	178	179	179M
4128	6842	-2.418E+02	0.994	9.464E-106	0	177	179	0	177	179	178M
4128	11191	-2.418E+02	0.994	9.464E-106	0	177	179	0	177	179	178M
4129	4129	-4.508E+02	1.00	1.611E-196	0	293	294	0	293	294	294M
4129	7328	-4.511E+02	1.00	1.175E-196	0	292	294	0	292	294	293M
4129	11231	-4.511E+02	1.00	1.175E-196	0	292	294	0	292	294	293M
4130	4130	-5.804E+02	1.00	8.269E-253	0	392	393	0	392	393	393M
4130	7329	-5.593E+02	0.966	1.215E-243	0	391	393	0	391	393	392M
4130	11230	-5.593E+02	0.966	1.215E-243	0	391	393	0	391	393	392M
4131	4131	-4.647E+01	1.00	6.573E-21	0	41	42	0	41	42	42M
4132	4132	-1.902E+02	1.00	2.572E-83	0	136	137	0	136	137	137M
4132	7330	-1.873E+02	0.985	4.411E-82	0	135	137	0	135	137	136M
4132	11229	-1.873E+02	0.985	4.411E-82	0	135	137	0	135	137	136M
4133	4133	-2.607E+02	1.00	5.957E-114	0	179	180	0	179	180	180M
4133	7331	-2.314E+02	0.993	3.298E-101	0	159	180	0	159	164	160M
4133	11228	-2.314E+02	0.993	3.298E-101	0	159	180	0	159	164	160M
4134	4134	-3.496E+02	1.00	1.543E-152	0	221	222	0	221	222	222M
4134	7174	-3.442E+02	0.986	3.287E-150	0	220	222	7	227	229	221M
4134	11054	-3.442E+02	0.986	3.287E-150	0	220	222	7	227	229	221M
4135	4135	-2.812E+02	1.00	7.891E-123	0	187	188	0	187	188	188M
4135	7175	-2.707E+02	0.967	2.622E-118	0	186	188	0	186	188	187M
4135	11055	-2.707E+02	0.967	2.622E-118	0	186	188	0	186	188	187M
4136	4136	-2.589E+02	1.00	3.529E-113	0	170	171	0	170	171	171M
4136	7200	-2.422E+02	0.946	6.474E-106	0	168	171	0	168	171	169M
4136	11080	-2.422E+02	0.946	6.474E-106	0	168	171	0	168	171	169M
4137	4137	-3.324E+01	1.00	3.650E-15	0	27	28	0	27	28	28M
4138	4138	-7.403E+02	1.00	2.964E-322	0	476	477	0	476	477	477M
4138	6918	-7.391E+02	0.997	1.047E-321	0	475	477	0	475	477	476M
4138	11115	-7.391E+02	0.997	1.047E-321	0	475	477	0	475	477	476M
4139	4139	-2.257E+02	1.00	9.499E-99	0	139	140	0	139	140	140M
4139	6917	-2.260E+02	1.00	6.927E-99	0	138	140	0	138	140	139M
4139	11116	-2.260E+02	1.00	6.927E-99	0	138	140	0	138	140	139M
4140	4140	-2.458E+02	1.00	1.794E-107	0	161	162	0	161	162	162M
4140	6916	-2.461E+02	1.00	1.308E-107	0	160	162	0	160	162	161M
4140	11117	-2.461E+02	1.00	1.308E-107	0	160	162	0	160	162	161M
4141	4141	-1.571E+02	1.00	5.792E-69	0	101	102	0	101	102	102M
4141	6915	-1.574E+02	1.00	4.222E-69	0	100	102	0	100	282	101M
4141	11118	-1.574E+02	1.00	4.222E-69	0	100	102	0	100	282	101M
4142	4142	-1.382E+02	1.00	9.987E-61	0	101	102	0	101	102	102M
4142	6915	-1.363E+02	0.990	6.656E-60	0	99	102	135	234	282	100M
4142	11118	-1.363E+02	0.990	6.656E-60	0	99	102	135	234	282	100M
4143	4143	-3.446E+01	1.00	1.081E-15	0	28	29	0	28	29	29M
4144	4147	-3.837E+01	1.00	2.159E-17	0	31	33	0	31	33	32M
4144	6883	-3.837E+01	1.00	2.159E-17	0	31	33	0	31	33	32M
4144	11150	-3.837E+01	1.00	2.159E-17	0	31	33	0	31	33	32M
4145	4146	-3.767E+02	1.00	2.581E-164	0	240	242	0	240	242	241M
4145	6884	-3.644E+02	0.970	5.656E-159	0	240	242	169	409	411	241M
4145	11149	-3.644E+02	0.970	5.656E-159	0	240	242	169	409	411	241M
4146	4145	-3.767E+02	1.00	2.581E-164	0	240	242	0	240	242	241M
4146	6884	-3.644E+02	0.970	5.656E-159	0	240	242	169	409	411	241M
4146	11149	-3.644E+02	0.970	5.656E-159	0	240	242	169	409	411	241M
4147	4144	-3.837E+01	1.00	2.159E-17	0	31	33	0	31	33	32M
4147	6883	-3.837E+01	1.00	2.159E-17	0	31	33	0	31	33	32M
4147	11150	-3.837E+01	1.00	2.159E-17	0	31	33	0	31	33	32M
4148	4148	-1.657E+02	1.00	1.040E-72	0	112	113	0	112	113	113M
4148	6724	-1.537E+02	0.928	1.705E-67	0	111	113	60	171	402	112M
4148	8877	-1.537E+02	0.928	1.705E-67	0	111	113	60	171	402	112M
4149	4149	-2.096E+02	1.00	9.105E-92	0	145	146	0	145	146	146M
4149	6724	-1.774E+02	1.00	8.804E-78	0	121	146	0	121	402	122M
4149	8877	-1.774E+02	1.00	8.804E-78	0	121	146	0	121	402	122M
4150	4150	-5.075E+02	1.00	3.928E-221	0	348	349	0	348	349	349M
4150	6725	-5.078E+02	1.00	2.866E-221	0	347	349	0	347	349	348M
4150	8878	-5.078E+02	1.00	2.866E-221	0	347	349	0	347	349	348M
4151	4151	-5.648E+02	1.00	5.228E-246	0	363	364	0	363	364	364M
4151	6127	-5.651E+02	1.00	3.815E-246	0	362	364	117	479	481	363M
4151	8879	-5.651E+02	1.00	3.815E-246	0	362	364	117	479	481	363M
4152	4155	-3.087E+02	1.00	8.953E-135	0	198	200	0	198	200	199M
4152	5672	-2.976E+02	0.974	5.583E-130	0	198	200	0	198	200	199M
4152	9880	-2.976E+02	0.974	5.583E-130	0	198	200	0	198	200	199M
4153	4154	-3.494E+02	1.00	1.725E-152	0	229	231	0	229	231	230M
4153	5673	-3.494E+02	1.00	1.725E-152	0	229	231	0	229	231	230M
4153	9881	-3.494E+02	1.00	1.725E-152	0	229	231	0	229	231	230M
4154	4153	-3.494E+02	1.00	1.725E-152	0	229	231	0	229	231	230M
4154	5673	-3.494E+02	1.00	1.725E-152	0	229	231	0	229	231	230M
4154	9881	-3.494E+02	1.00	1.725E-152	0	229	231	0	229	231	230M
4155	4152	-3.087E+02	1.00	8.953E-135	0	198	200	0	198	200	199M
4155	5672	-2.976E+02	0.974	5.583E-130	0	198	200	0	198	200	199M
4155	9880	-2.976E+02	0.974	5.583E-130	0	198	200	0	198	200	199M
4156	4156	-5.242E+02	1.00	2.314E-228	0	329	330	0	329	330	330M
4156	5476	-5.204E+02	0.993	1.016E-226	0	328	330	0	328	330	329M
4156	9536	-5.204E+02	0.993	1.016E-226	0	328	330	0	328	330	329M
4157	4157	-4.046E+02	1.00	1.934E-176	0	264	265	0	264	265	265M
4157	5477	-4.049E+02	1.00	1.411E-176	0	263	265	0	263	265	264M
4157	9537	-4.049E+02	1.00	1.411E-176	0	263	265	0	263	265	264M
4158	4158	-3.147E+02	1.00	2.234E-137	0	199	200	0	199	200	200M
4158	5478	-3.131E+02	0.989	1.081E-136	0	198	200	0	198	200	199M
4158	9538	-3.131E+02	0.989	1.081E-136	0	198	200	0	198	200	199M
4159	4159	-3.344E+02	1.00	5.693E-146	0	214	215	0	214	215	215M
4159	5479	-3.325E+02	0.995	3.778E-145	0	213	215	0	213	215	214M
4159	9539	-3.325E+02	0.995	3.778E-145	0	213	215	0	213	215	214M
4160	4163	-3.756E+02	1.00	7.421E-164	0	249	251	0	249	251	250M
4160	5726	-3.756E+02	1.00	7.421E-164	0	249	251	0	249	251	250M
4160	9934	-3.756E+02	1.00	7.421E-164	0	249	251	0	249	251	250M
4161	4162	-2.885E+02	1.00	4.916E-126	0	190	192	0	190	192	191M
4161	5727	-2.769E+02	0.963	5.766E-121	0	190	192	0	190	192	191M
4161	9935	-2.769E+02	0.963	5.766E-121	0	190	192	0	190	192	191M
4162	4161	-2.885E+02	1.00	4.916E-126	0	190	192	0	190	192	191M
4162	5727	-2.769E+02	0.963	5.766E-121	0	190	192	0	190	192	191M
4162	9935	-2.769E+02	0.963	5.766E-121	0	190	192	0	190	192	191M
4163	4160	-3.756E+02	1.00	7.421E-164	0	249	251	0	249	251	250M
4163	5726	-3.756E+02	1.00	7.421E-164	0	249	251	0	249	251	250M
4163	9934	-3.756E+02	1.00	7.421E-164	0	249	251	0	249	251	250M
4164	4164	-1.835E+01	1.00	1.072E-08	0	20	21	0	20	21	21M
4165	4165	-7.084E+02	1.00	0.000E+00	0	1024	1025	0	1024	1025	1025M
4165	5766	-7.084E+02	0.953	0.000E+00	0	1007	1025	0	1007	1109	1008M
4165	9974	-7.084E+02	0.953	0.000E+00	0	1007	1025	0	1007	1109	1008M
4166	4169	-1.383E+02	1.00	8.800E-61	0	91	93	49	140	142	92M
4166	6437	-1.383E+02	1.00	8.800E-61	0	91	93	49	140	143	92M
4166	10682	-1.383E+02	1.00	8.800E-61	0	91	93	49	140	143	92M
4167	4168	-3.964E+02	1.00	7.019E-173	0	263	265	0	263	265	264M
4167	6436	-3.825E+02	0.965	7.420E-167	0	263	265	0	263	265	264M
4167	10683	-3.825E+02	0.965	7.420E-167	0	263	265	0	263	265	264M
4168	4167	-3.964E+02	1.00	7.019E-173	0	263	265	0	263	265	264M
4168	6436	-3.825E+02	0.965	7.420E-167	0	263	265	0	263	265	264M
4168	10683	-3.825E+02	0.965	7.420E-167	0	263	265	0	263	265	264M
4169	4169	-2.111E+02	1.00	2.124E-92	0	141	142	0	141	142	142M
4169	6437	-2.114E+02	1.00	1.549E-92	0	140	142	0	140	143	141M
4169	10682	-2.114E+02	1.00	1.549E-92	0	140	142	0	140	143	141M
4170	4170	-1.292E+02	1.00	7.658E-57	0	90	91	0	90	91	91M
4170	6437	-1.292E+02	1.00	7.658E-57	0	90	91	0	90	143	91M
4170	10682	-1.292E+02	1.00	7.658E-57	0	90	91	0	90	143	91M
4171	4171	-5.162E+02	1.00	6.808E-225	0	338	339	0	338	339	339M
4171	8100	-5.165E+02	1.00	4.968E-225	0	337	339	0	337	339	338M
4171	11885	-5.165E+02	1.00	4.968E-225	0	337	339	0	337	339	338M
4172	4172	-1.639E+02	1.00	6.439E-72	0	117	118	0	117	118	118M
4172	8101	-1.630E+02	0.991	1.661E-71	0	116	118	735	851	853	117M
4172	11884	-1.630E+02	0.991	1.661E-71	0	116	118	735	851	853	117M
4173	4173	-4.623E+02	1.00	1.755E-201	0	298	299	0	298	299	299M
4174	4174	-1.411E+02	1.00	5.528E-62	0	100	101	0	100	101	101M
4175	4175	-6.235E+01	1.00	8.351E-28	0	47	48	0	47	48	48M
4176	4179	-1.862E+02	1.00	1.313E-81	0	138	140	0	138	140	139M
4177	4178	-5.647E+02	1.00	5.883E-246	0	378	380	0	378	380	379M
4177	4854	-5.117E+02	0.980	5.690E-223	0	352	380	0	352	437	353M
4177	8653	-5.117E+02	0.980	5.690E-223	0	352	380	0	352	437	353M
4178	4177	-5.647E+02	1.00	5.883E-246	0	378	380	0	378	380	379M
4178	4854	-5.117E+02	0.980	5.690E-223	0	352	380	0	352	437	353M
4178	8653	-5.117E+02	0.980	5.690E-223	0	352	380	0	352	437	353M
4179	4176	-1.862E+02	1.00	1.313E-81	0	138	140	0	138	140	139M
4180	4180	-2.570E+02	1.00	2.529E-112	0	165	166	0	165	166	166M
4180	7850	-2.516E+02	0.981	5.407E-110	0	165	166	0	165	195	166M
4180	11667	-2.516E+02	0.981	5.407E-110	0	165	166	0	165	195	166M
4181	4182	-1.629E+02	1.00	1.876E-71	0	112	114	0	112	114	113M
4181	7849	-1.587E+02	0.973	1.141E-69	0	112	114	0	112	114	113M
4181	11668	-1.587E+02	0.973	1.141E-69	0	112	114	0	112	114	113M
4182	4181	-1.629E+02	1.00	1.876E-71	0	112	114	0	112	114	113M
4182	7849	-1.587E+02	0.973	1.141E-69	0	112	114	0	112	114	113M
4182	11668	-1.587E+02	0.973	1.141E-69	0	112	114	0	112	114	113M
4183	4183	-3.038E+02	1.00	1.097E-132	0	194	195	0	194	195	195M
4183	7850	-2.975E+02	0.979	6.032E-130	0	193	195	0	193	195	194M
4183	11667	-2.975E+02	0.979	6.032E-130	0	193	195	0	193	195	194M
4184	4183	-1.068E+02	1.00	4.149E-47	0	69	71	124	193	195	70M
4184	7850	-1.055E+02	0.985	1.472E-46	0	69	71	124	193	195	70M
4184	11667	-1.055E+02	0.985	1.472E-46	0	69	71	124	193	195	70M
4185	4185	-7.084E+02	1.00	0.000E+00	0	960	961	0	960	961	961M
4186	4186	-3.324E+01	1.00	3.650E-15	0	27	28	0	27	28	28M
4187	4187	-2.759E+02	1.00	1.439E-120	0	197	198	0	197	198	198M
4187	5937	-2.709E+02	0.979	2.239E-118	0	196	198	0	196	198	197M
4187	10297	-2.709E+02	0.979	2.239E-118	0	196	198	0	196	198	197M
4188	4188	-9.868E+01	1.00	1.388E-43	0	74	75	0	74	75	75M
4188	5936	-9.900E+01	1.00	1.011E-43	0	73	75	0	73	75	74M
4188	10296	-9.900E+01	1.00	1.011E-43	0	73	75	0	73	75	74M
4189	4189	-8.145E+01	1.00	4.230E-36	0	64	65	0	64	65	65M
4189	5935	-8.177E+01	1.00	3.081E-36	0	63	65	0	63	65	64M
4189	10295	-8.177E+01	1.00	3.081E-36	0	63	65	0	63	65	64M
4190	4190	-6.283E+02	1.00	1.378E-273	0	420	421	0	420	421	421M
4190	5934	-6.264E+02	0.995	9.126E-273	0	419	421	0	419	421	420M
4190	10294	-6.264E+02	0.995	9.126E-273	0	419	421	0	419	421	420M
4191	4194	-3.110E+02	1.00	8.685E-136	0	202	204	0	202	204	203M
4191	7170	-3.056E+02	0.985	1.852E-133	0	202	204	83	285	287	203M
4191	11050	-3.056E+02	0.985	1.852E-133	0	202	204	83	285	287	203M
4192	4193	-3.070E+02	1.00	4.625E-134	0	206	208	0	206	208	207M
4192	7171	-3.032E+02	0.985	2.036E-132	0	206	208	0	206	208	207M
4192	11051	-3.032E+02	0.985	2.036E-132	0	206	208	0	206	208	207M
4193	4192	-3.070E+02	1.00	4.625E-134	0	206	208	0	206	208	207M
4193	7171	-3.032E+02	0.985	2.036E-132	0	206	208	0	206	208	207M
4193	11051	-3.032E+02	0.985	2.036E-132	0	206	208	0	206	208	207M
4194	4191	-3.110E+02	1.00	8.685E-136	0	202	204	0	202	204	203M
4194	7170	-3.056E+02	0.985	1.852E-133	0	202	204	83	285	287	203M
4194	11050	-3.056E+02	0.985	1.852E-133	0	202	204	83	285	287	203M
4195	4195	-2.870E+02	1.00	2.337E-125	0	184	185	0	184	185	185M
4195	6822	-2.873E+02	1.00	1.704E-125	0	183	185	585	768	770	184M
4195	10813	-2.873E+02	1.00	1.704E-125	0	183	185	585	768	770	184M
4196	4196	-1.317E+02	1.00	6.278E-58	0	97	98	0	97	98	98M
4196	6823	-1.320E+02	1.00	4.576E-58	0	96	98	0	96	98	97M
4196	10814	-1.320E+02	1.00	4.576E-58	0	96	98	0	96	98	97M
4197	4197	-7.084E+02	1.00	0.000E+00	0	507	508	0	507	508	508M
4197	6824	-7.084E+02	0.982	0.000E+00	0	506	508	0	506	508	507M
4197	10815	-7.084E+02	0.982	0.000E+00	0	506	508	0	506	508	507M
4198	4198	-1.503E+02	1.00	5.513E-66	0	112	113	0	112	113	113M
4198	6825	-1.411E+02	0.973	5.267E-62	0	111	113	0	111	113	112M
4198	10816	-1.411E+02	0.973	5.267E-62	0	111	113	0	111	113	112M
4199	4202	-1.613E+02	1.00	9.322E-71	0	119	121	0	119	121	120M
4199	5480	-1.546E+02	0.974	7.093E-68	0	118	121	0	118	121	119M
4199	9540	-1.546E+02	0.974	7.093E-68	0	118	121	0	118	121	119M
4200	4201	-2.385E+02	1.00	2.749E-104	0	155	157	0	155	157	156M
4200	5481	-2.356E+02	0.987	4.709E-103	0	155	157	0	155	157	156M
4200	9541	-2.356E+02	0.987	4.709E-103	0	155	157	0	155	157	156M
4201	4200	-2.385E+02	1.00	2.749E-104	0	155	157	0	155	157	156M
4201	5481	-2.356E+02	0.987	4.709E-103	0	155	157	0	155	157	156M
4201	9541	-2.356E+02	0.987	4.709E-103	0	155	157	0	155	157	156M
4202	4199	-1.613E+02	1.00	9.322E-71	0	119	121	0	119	121	120M
4202	5480	-1.546E+02	0.974	7.093E-68	0	118	121	0	118	121	119M
4202	9540	-1.546E+02	0.974	7.093E-68	0	118	121	0	118	121	119M
4203	4203	-5.976E+02	1.00	3.038E-260	0	383	384	0	383	384	384M
4203	5485	-5.909E+02	0.994	2.271E-257	0	382	384	0	381	383	76M1I306M
4203	9545	-5.909E+02	0.994	2.271E-257	0	382	384	0	381	383	76M1I306M
4204	4204	-4.468E+02	1.00	8.977E-195	0	278	279	0	278	279	279M
4204	5484	-4.433E+02	0.992	2.879E-193	0	277	279	0	277	279	278M
4204	9544	-4.433E+02	0.992	2.879E-193	0	277	279	0	277	279	278M
4205	4205	-2.748E+02	1.00	4.411E-120	0	194	195	0	194	195	195M
4205	5483	-2.701E+02	0.989	5.007E-118	0	192	195	0	192	202	193M
4205	9543	-2.701E+02	0.989	5.007E-118	0	192	195	0	192	202	193M
4206	4206	-1.109E+02	1.00	7.023E-49	0	77	78	0	77	78	78M
4206	5933	-1.112E+02	1.00	5.118E-49	0	76	78	0	76	78	77M
4206	10293	-1.112E+02	1.00	5.118E-49	0	76	78	0	76	78	77M
4207	4207	-3.283E+02	1.00	2.547E-143	0	223	224	0	223	224	224M
4207	5932	-3.249E+02	0.982	8.178E-142	0	222	224	0	222	224	223M
4207	10292	-3.249E+02	0.982	8.178E-142	0	222	224	0	222	224	223M
4208	4208	-5.028E+01	1.00	1.451E-22	0	41	42	0	41	42	42M
4208	5931	-4.774E+01	0.975	1.843E-21	0	40	42	0	40	42	41M
4208	10291	-4.774E+01	0.975	1.843E-21	0	40	42	0	40	42	41M
4209	4209	-1.870E+02	1.00	5.920E-82	0	129	130	0	129	130	130M
4209	5930	-1.873E+02	1.00	4.317E-82	0	128	130	0	128	130	129M
4209	10290	-1.873E+02	1.00	4.317E-82	0	128	130	0	128	130	129M
4210	4210	-2.482E+02	1.00	1.581E-108	0	163	164	0	163	164	164M
4210	5929	-2.447E+02	0.987	5.089E-107	0	163	164	0	163	182	164M
4210	10289	-2.447E+02	0.987	5.089E-107	0	163	164	0	163	182	164M
4211	4211	-8.916E+01	1.00	1.905E-39	0	62	63	0	62	63	63M
4211	8304	-8.916E+01	1.00	1.905E-39	0	62	63	0	62	94	63M
4211	12083	-8.916E+01	1.00	1.905E-39	0	62	63	0	62	94	63M
4212	4213	-2.261E+02	1.00	6.099E-99	0	155	157	0	155	157	156M
4212	8305	-2.249E+02	0.987	2.156E-98	0	155	157	0	155	157	156M
4212	12082	-2.249E+02	0.987	2.156E-98	0	155	157	0	155	157	156M
4213	4212	-2.261E+02	1.00	6.099E-99	0	155	157	0	155	157	156M
4213	8305	-2.249E+02	0.987	2.156E-98	0	155	157	0	155	157	156M
4213	12082	-2.249E+02	0.987	2.156E-98	0	155	157	0	155	157	156M
4214	4214	-1.370E+02	1.00	3.275E-60	0	93	94	0	93	94	94M
4214	8304	-1.373E+02	1.00	2.387E-60	0	92	94	0	92	94	93M
4214	12083	-1.373E+02	1.00	2.387E-60	0	92	94	0	92	94	93M
4215	4214	-1.029E+02	1.00	2.048E-45	0	71	73	21	92	94	72M
4215	8304	-1.029E+02	1.00	2.048E-45	0	71	73	21	92	94	72M
4215	12083	-1.029E+02	1.00	2.048E-45	0	71	73	21	92	94	72M
4216	4217	-5.722E+02	1.00	3.205E-249	0	379	381	46	425	427	380M
4217	4217	-6.422E+02	1.00	1.270E-279	0	426	427	0	426	427	427M
4218	4218	-1.224E+02	1.00	6.942E-54	0	87	88	0	87	88	88M
4219	4219	-3.711E+02	1.00	6.911E-162	0	266	267	0	266	267	267M
4220	4220	-2.547E+02	1.00	2.464E-111	0	173	174	0	173	174	174M
4221	4221	-1.193E+02	1.00	1.562E-52	0	86	87	0	86	87	87M
4222	4222	-7.084E+02	1.00	0.000E+00	0	807	808	0	807	808	808M
4222	4716	-7.084E+02	0.970	0.000E+00	0	806	808	0	826	828	448M20D359M
4222	8515	-7.084E+02	0.970	0.000E+00	0	806	808	0	826	828	448M20D359M
4223	4223	-4.320E+02	1.00	2.479E-188	0	285	286	0	285	286	286M
4223	8064	-4.320E+02	1.00	2.479E-188	0	285	286	0	285	329	286M
4223	11921	-4.320E+02	1.00	2.479E-188	0	285	286	0	285	329	286M
4224	4224	-4.990E+02	1.00	1.967E-217	0	328	329	0	328	329	329M
4224	8064	-4.993E+02	1.00	1.436E-217	0	327	329	0	327	329	328M
4224	11921	-4.993E+02	1.00	1.436E-217	0	327	329	0	327	329	328M
4225	4224	-1.166E+02	1.00	2.321E-51	0	82	84	245	327	329	83M
4225	8064	-1.166E+02	1.00	2.321E-51	0	82	84	245	327	329	83M
4225	11921	-1.166E+02	1.00	2.321E-51	0	82	84	245	327	329	83M
4226	4226	-2.853E+02	1.00	1.209E-124	0	192	193	0	192	193	193M
4226	7250	-2.645E+02	0.927	1.332E-115	0	191	193	0	191	193	192M
4226	9624	-2.645E+02	0.927	1.332E-115	0	191	193	0	191	193	192M
4227	4227	-4.215E+02	1.00	8.966E-184	0	287	288	0	287	288	288M
4227	7249	-4.180E+02	0.989	2.873E-182	0	286	288	0	286	288	287M
4227	9625	-4.180E+02	0.989	2.873E-182	0	286	288	0	286	288	287M
4228	4228	-1.456E+02	1.00	5.866E-64	0	104	105	0	104	105	105M
4228	7248	-1.443E+02	0.990	2.077E-63	0	104	105	0	104	206	105M
4228	9626	-1.443E+02	0.990	2.077E-63	0	104	105	0	104	206	105M
4229	4229	-1.450E+02	1.00	1.051E-63	0	103	104	0	103	104	104M
4229	7841	-1.431E+02	0.980	7.004E-63	0	102	104	270	372	374	103M
4229	11676	-1.431E+02	0.980	7.004E-63	0	102	104	270	372	374	103M
4230	4230	-4.701E+02	1.00	7.242E-205	0	320	321	0	320	321	321M
4230	7414	-3.859E+02	0.831	2.483E-168	0	319	321	0	318	320	301M1I18M
4230	11309	-3.859E+02	0.831	2.483E-168	0	319	321	0	318	320	301M1I18M
4231	4231	-1.182E+02	1.00	4.771E-52	0	83	84	0	83	84	84M
4231	7843	-1.185E+02	1.00	3.477E-52	0	82	84	0	82	84	83M
4231	11674	-1.185E+02	1.00	3.477E-52	0	82	84	0	82	84	83M
4232	4232	-1.573E+02	1.00	4.785E-69	0	110	111	0	110	111	111M
4233	4233	-2.053E+02	1.00	7.058E-90	0	137	138	0	137	138	138M
4234	4234	-1.993E+02	1.00	2.920E-87	0	131	132	0	131	132	132M
4234	7845	-1.822E+02	0.952	7.441E-80	0	125	132	0	125	241	126M
4234	11672	-1.822E+02	0.952	7.441E-80	0	125	132	0	125	241	126M
4235	4235	-5.558E+02	1.00	4.085E-242	0	366	367	0	366	367	367M
4235	6948	-5.536E+02	0.994	3.708E-241	0	366	367	0	366	432	367M
4235	12011	-5.536E+02	0.994	3.708E-241	0	366	367	0	366	432	367M
4236	4236	-3.932E+02	1.00	1.744E-171	0	272	273	0	272	273	273M
4236	6949	-3.711E+02	0.955	6.670E-162	0	271	273	0	271	273	272M
4236	12012	-3.711E+02	0.955	6.670E-162	0	271	273	0	271	273	272M
4237	4237	-5.129E+02	1.00	1.725E-223	0	333	334	0	333	334	334M
4237	7531	-5.114E+02	0.997	8.337E-223	0	333	334	0	333	360	334M
4237	9655	-5.114E+02	0.997	8.337E-223	0	333	334	0	333	360	334M
4238	4237	-5.129E+02	1.00	1.725E-223	0	333	334	0	333	334	334M
4238	7531	-5.114E+02	0.997	8.337E-223	0	333	334	0	333	360	334M
4238	9655	-5.114E+02	0.997	8.337E-223	0	333	334	0	333	360	334M
4239	4239	-4.732E+02	1.00	3.136E-206	0	327	328	0	327	328	328M
4239	6439	-4.675E+02	0.990	9.113E-204	0	326	328	0	326	328	327M
4239	10680	-4.675E+02	0.990	9.113E-204	0	326	328	0	326	328	327M
4240	4240	-5.248E+02	1.00	1.195E-228	0	362	363	0	362	363	363M
4240	6438	-5.251E+02	1.00	8.721E-229	0	361	363	37	398	400	362M
4240	10681	-5.251E+02	1.00	8.721E-229	0	361	363	37	398	400	362M
4241	4244	-3.777E+02	1.00	9.556E-165	0	239	241	0	239	241	240M
4241	8212	-3.733E+02	0.987	7.898E-163	0	239	241	0	239	241	240M
4241	11054	-1.028E+02	0.371	2.179E-45	3	230	241	4	226	229	104M1I38M1I23M2I14M1D31M2I12M
4242	4243	-1.018E+02	1.00	5.854E-45	0	73	75	0	73	75	74M
4242	8211	-1.018E+02	1.00	5.854E-45	0	73	75	133	206	208	74M
4243	4242	-1.018E+02	1.00	5.854E-45	0	73	75	0	73	75	74M
4243	8211	-1.018E+02	1.00	5.854E-45	0	73	75	133	206	208	74M
4244	4241	-3.777E+02	1.00	9.556E-165	0	239	241	0	239	241	240M
4244	8212	-3.733E+02	0.987	7.898E-163	0	239	241	0	239	241	240M
4244	11054	-1.028E+02	0.371	2.179E-45	3	230	241	4	226	229	104M1I38M1I23M2I14M1D31M2I12M
4245	4245	-4.505E+01	1.00	2.716E-20	0	32	33	0	32	33	33M
4245	8212	-4.505E+01	1.00	2.716E-20	0	32	33	0	32	241	33M
4246	4246	-5.986E+02	1.00	1.102E-260	0	395	396	0	395	396	396M
4246	7078	-5.957E+02	0.994	1.878E-259	0	394	396	0	394	396	395M
4246	10958	-5.957E+02	0.994	1.878E-259	0	394	396	0	394	396	395M
4247	4247	-4.425E+02	1.00	6.808E-193	0	303	304	0	303	304	304M
4247	7079	-4.393E+02	0.993	1.591E-191	0	302	304	0	302	304	303M
4247	10959	-4.393E+02	0.993	1.591E-191	0	302	304	0	302	304	303M
4248	4248	-4.944E+01	1.00	3.381E-22	0	39	40	0	39	40	40M
4249	4254	-1.614E+02	1.00	8.063E-71	0	116	118	0	116	118	117M
4249	6872	-1.469E+02	0.990	1.654E-64	0	107	118	68	175	179	108M
4249	11161	-1.469E+02	0.990	1.654E-64	0	107	118	68	175	179	108M
4250	4253	-1.114E+02	1.00	4.252E-49	0	85	87	0	85	87	86M
4250	6872	-9.587E+01	0.974	2.305E-42	0	76	87	99	175	179	77M
4250	11161	-9.587E+01	0.974	2.305E-42	0	76	87	99	175	179	77M
4251	4252	-2.611E+02	1.00	4.215E-114	0	184	186	0	184	186	185M
4251	6872	-2.434E+02	0.982	1.983E-106	0	175	186	0	175	179	176M
4251	11161	-2.434E+02	0.982	1.983E-106	0	175	186	0	175	179	176M
4252	4251	-2.611E+02	1.00	4.215E-114	0	184	186	0	184	186	185M
4252	6872	-2.434E+02	0.982	1.983E-106	0	175	186	0	175	179	176M
4252	11161	-2.434E+02	0.982	1.983E-106	0	175	186	0	175	179	176M
4253	4250	-1.114E+02	1.00	4.252E-49	0	85	87	0	85	87	86M
4253	6872	-9.587E+01	0.974	2.305E-42	0	76	87	99	175	179	77M
4253	11161	-9.587E+01	0.974	2.305E-42	0	76	87	99	175	179	77M
4254	4249	-1.614E+02	1.00	8.063E-71	0	116	118	0	116	118	117M
4254	6872	-1.469E+02	0.990	1.654E-64	0	107	118	68	175	179	108M
4254	11161	-1.469E+02	0.990	1.654E-64	0	107	118	68	175	179	108M
4255	4255	-4.398E+02	1.00	9.962E-192	0	293	294	0	293	294	294M
4256	4256	-4.982E+02	1.00	4.457E-217	0	332	333	0	332	333	333M
4257	4256	-1.041E+02	1.00	6.277E-46	0	79	81	252	331	333	80M
4258	4259	-4.360E+02	1.00	4.459E-190	0	279	281	62	341	343	280M
4259	4259	-5.330E+02	1.00	3.341E-232	0	342	343	0	342	343	343M
4260	4260	-1.580E+02	1.00	2.476E-69	0	103	104	0	103	104	104M
4261	4261	-7.084E+02	1.00	0.000E+00	0	660	661	0	660	661	661M
4261	7458	-7.084E+02	0.981	0.000E+00	0	660	661	0	660	719	661M
4261	11265	-7.084E+02	0.981	0.000E+00	0	660	661	0	660	719	661M
4262	4262	-1.514E+02	1.00	1.847E-66	0	109	110	0	109	110	110M
4262	8364	-1.476E+02	0.981	8.192E-65	0	109	110	0	109	169	110M
4262	12085	-1.476E+02	0.981	8.192E-65	0	109	110	0	109	169	110M
4263	4263	-2.664E+01	1.00	2.686E-12	0	20	21	0	20	21	21M
4264	4265	-9.550E+01	1.00	3.340E-42	0	67	69	0	67	69	68M
4265	4264	-9.550E+01	1.00	3.340E-42	0	67	69	0	67	69	68M
4266	4266	-5.836E+02	1.00	3.624E-254	0	379	380	0	379	380	380M
4266	5966	-5.836E+02	1.00	3.624E-254	0	379	380	0	379	412	380M
4266	10326	-5.836E+02	1.00	3.624E-254	0	379	380	0	379	412	380M
4267	4267	-5.029E+02	1.00	3.812E-219	0	338	339	0	338	339	339M
4267	5967	-5.032E+02	1.00	2.781E-219	0	337	339	0	337	339	338M
4267	10327	-5.032E+02	1.00	2.781E-219	0	337	339	0	337	339	338M
4268	4268	-8.108E+01	1.00	6.109E-36	0	65	66	0	65	66	66M
4268	5968	-7.950E+01	0.984	2.979E-35	0	64	66	49	113	115	65M
4268	10328	-7.950E+01	0.984	2.979E-35	0	64	66	49	113	115	65M
4269	4269	-1.993E+02	1.00	2.920E-87	0	131	132	0	131	132	132M
4269	7845	-1.778E+02	0.936	6.192E-78	0	125	132	0	125	241	126M
4269	11672	-1.778E+02	0.936	6.192E-78	0	125	132	0	125	241	126M
4270	4270	-2.155E+02	1.00	2.621E-94	0	135	136	0	135	136	136M
4271	4271	-1.157E+02	1.00	5.427E-51	0	81	82	0	81	82	82M
4271	7843	-1.119E+02	1.00	2.418E-49	0	77	82	0	77	84	78M
4271	11674	-1.119E+02	1.00	2.418E-49	0	77	82	0	77	84	78M
4272	4272	-5.193E+02	1.00	2.882E-226	0	358	359	0	358	359	359M
4272	7414	-3.782E+02	0.762	5.458E-165	0	357	359	0	318	320	151M6I34M17I6M16I128M
4272	11309	-3.782E+02	0.762	5.458E-165	0	357	359	0	318	320	151M6I34M17I6M16I128M
4273	4273	-1.463E+02	1.00	2.969E-64	0	103	104	0	103	104	104M
4273	7413	-1.456E+02	0.990	5.586E-64	0	102	104	270	372	374	103M
4273	11310	-1.456E+02	0.990	5.586E-64	0	102	104	270	372	374	103M
4274	4277	-1.095E+02	1.00	2.752E-48	0	78	80	99	177	179	79M
4274	5491	-1.092E+02	0.987	3.777E-48	0	78	80	99	177	179	79M
4274	9551	-1.092E+02	0.987	3.777E-48	0	78	80	99	177	179	79M
4275	4276	-1.942E+02	1.00	4.669E-85	0	137	139	0	137	139	138M
4275	5492	-1.765E+02	0.954	2.232E-77	0	130	139	0	130	183	131M
4275	9552	-1.765E+02	0.954	2.232E-77	0	130	139	0	130	183	131M
4276	4275	-1.942E+02	1.00	4.669E-85	0	137	139	0	137	139	138M
4276	5492	-1.765E+02	0.954	2.232E-77	0	130	139	0	130	183	131M
4276	9552	-1.765E+02	0.954	2.232E-77	0	130	139	0	130	183	131M
4277	4277	-2.526E+02	1.00	2.076E-110	0	178	179	0	178	179	179M
4277	5491	-2.513E+02	0.988	7.333E-110	0	177	179	0	177	179	178M
4277	9551	-2.513E+02	0.988	7.333E-110	0	177	179	0	177	179	178M
4278	4278	-1.963E+02	1.00	5.637E-86	0	140	141	0	140	141	141M
4278	5491	-1.950E+02	0.992	1.993E-85	0	140	141	0	140	179	141M
4278	9551	-1.950E+02	0.992	1.993E-85	0	140	141	0	140	179	141M
4279	4279	-6.219E+01	1.00	9.769E-28	0	50	51	0	50	51	51M
4279	7817	-5.902E+01	0.980	2.334E-26	0	50	51	0	50	79	51M
4279	11701	-5.902E+01	0.980	2.334E-26	0	50	51	0	50	79	51M
4280	4281	-1.628E+02	1.00	1.970E-71	0	113	115	0	113	115	114M
4280	7818	-1.596E+02	0.982	4.641E-70	0	113	115	0	113	115	114M
4280	11700	-1.596E+02	0.982	4.641E-70	0	113	115	0	113	115	114M
4281	4280	-1.628E+02	1.00	1.970E-71	0	113	115	0	113	115	114M
4281	7818	-1.596E+02	0.982	4.641E-70	0	113	115	0	113	115	114M
4281	11700	-1.596E+02	0.982	4.641E-70	0	113	115	0	113	115	114M
4282	4282	-1.039E+02	1.00	7.799E-46	0	78	79	0	78	79	79M
4282	7817	-9.880E+01	0.961	1.235E-43	0	77	79	0	77	79	78M
4282	11701	-9.880E+01	0.961	1.235E-43	0	77	79	0	77	79	78M
4283	4283	-1.960E+02	1.00	7.367E-86	0	139	140	0	139	140	140M
4283	5241	-1.963E+02	1.00	5.373E-86	0	138	140	0	138	140	139M
4283	9301	-1.963E+02	1.00	5.373E-86	0	138	140	0	138	140	139M
4284	4284	-6.245E+02	1.00	5.883E-272	0	433	434	0	433	434	434M
4284	5242	-6.248E+02	1.00	4.293E-272	0	432	434	0	432	434	433M
4284	9302	-6.248E+02	1.00	4.293E-272	0	432	434	0	432	434	433M
4285	4285	-2.001E+02	1.00	1.275E-87	0	140	141	0	140	141	141M
4285	6887	-2.004E+02	1.00	9.299E-88	0	139	141	41	180	182	140M
4285	11146	-2.004E+02	1.00	9.299E-88	0	139	141	41	180	182	140M
4286	4286	-3.590E+02	1.00	1.280E-156	0	249	250	0	249	250	250M
4286	6888	-3.593E+02	1.00	9.336E-157	0	248	250	0	248	250	249M
4286	11145	-3.593E+02	1.00	9.336E-157	0	248	250	0	248	250	249M
4287	4287	-2.230E+02	1.00	1.432E-97	0	156	157	0	156	157	157M
4287	6889	-2.233E+02	1.00	1.045E-97	0	155	157	0	155	157	156M
4287	11144	-2.233E+02	1.00	1.045E-97	0	155	157	0	155	157	156M
4288	4289	-2.351E+02	1.00	7.727E-103	0	172	174	0	172	174	173M
4288	5928	-2.317E+02	0.988	2.485E-101	0	172	174	0	172	206	173M
4288	10288	-2.317E+02	0.988	2.485E-101	0	172	174	0	172	206	173M
4289	4288	-2.351E+02	1.00	7.727E-103	0	172	174	0	172	174	173M
4289	5928	-2.317E+02	0.988	2.485E-101	0	172	174	0	172	206	173M
4289	10288	-2.317E+02	0.988	2.485E-101	0	172	174	0	172	206	173M
4290	4291	-3.940E+02	1.00	7.475E-172	0	253	255	0	253	255	254M
4290	6895	-3.902E+02	0.992	3.287E-170	0	253	255	0	253	255	254M
4290	11138	-3.902E+02	0.992	3.287E-170	0	253	255	0	253	255	254M
4291	4290	-3.940E+02	1.00	7.475E-172	0	253	255	0	253	255	254M
4291	6895	-3.902E+02	0.992	3.287E-170	0	253	255	0	253	255	254M
4291	11138	-3.902E+02	0.992	3.287E-170	0	253	255	0	253	255	254M
4292	4292	-2.506E+02	1.00	1.534E-109	0	167	168	0	167	168	168M
4292	8183	-2.509E+02	1.00	1.119E-109	0	166	168	0	166	168	167M
4292	11961	-2.509E+02	1.00	1.119E-109	0	166	168	0	166	168	167M
4293	4293	-5.273E+02	1.00	1.031E-229	0	350	351	0	350	351	351M
4293	8184	-5.052E+02	0.994	3.913E-220	0	339	351	0	339	408	340M
4293	11962	-5.052E+02	0.994	3.913E-220	0	339	351	0	339	408	340M
4294	4295	-3.642E+02	1.00	6.831E-159	0	244	246	0	244	246	245M
4295	4294	-3.642E+02	1.00	6.831E-159	0	244	246	0	244	246	245M
4296	4296	-3.786E+02	1.00	3.882E-165	0	261	262	0	261	262	262M
4296	7541	-3.694E+02	0.980	3.626E-161	0	260	262	0	260	262	261M
4296	11359	-3.694E+02	0.980	3.626E-161	0	260	262	0	260	262	261M
4297	4297	-5.607E+02	1.00	2.997E-244	0	389	390	0	389	390	390M
4297	7542	-5.570E+02	0.994	1.314E-242	0	388	390	84	472	474	389M
4297	11360	-5.570E+02	0.994	1.314E-242	0	388	390	84	472	474	389M
4298	3693	-4.976E+01	1.00	2.461E-22	0	38	40	0	38	40	39M
4299	4299	-3.702E+02	1.00	1.758E-161	0	259	260	0	259	260	260M
4300	4299	-2.052E+02	1.00	7.936E-90	0	145	147	113	258	260	146M
4301	3693	-4.976E+01	1.00	2.461E-22	0	38	40	0	38	40	39M
4302	4302	-4.732E+01	1.00	2.818E-21	0	43	44	0	43	44	44M
4302	7456	-4.605E+01	0.976	1.005E-20	0	42	44	0	42	44	43M
4302	11267	-4.605E+01	0.976	1.005E-20	0	42	44	0	42	44	43M
4303	4303	-5.629E+02	1.00	3.507E-245	0	370	371	0	370	371	371M
4303	7457	-5.594E+02	0.991	1.123E-243	0	369	371	0	369	371	370M
4303	11266	-5.594E+02	0.991	1.123E-243	0	369	371	0	369	371	370M
4304	4304	-2.350E+02	1.00	9.027E-103	0	163	164	0	163	164	164M
4304	5011	-2.353E+02	1.00	6.584E-103	0	162	164	0	162	164	163M
4304	9071	-2.353E+02	1.00	6.584E-103	0	162	164	0	162	164	163M
4305	4305	-3.242E+02	1.00	1.586E-141	0	217	218	0	217	218	218M
4305	5012	-3.103E+02	0.958	1.686E-135	0	216	218	0	216	220	217M
4305	9072	-3.103E+02	0.958	1.686E-135	0	216	218	0	216	220	217M
4306	4306	-1.299E+02	1.00	3.685E-57	0	88	89	0	88	89	89M
4306	5191	-1.299E+02	1.00	3.685E-57	0	88	89	0	88	164	89M
4306	9251	-1.299E+02	1.00	3.685E-57	0	88	89	0	88	164	89M
4307	4308	-1.947E+02	1.00	2.733E-85	0	139	141	0	139	141	140M
4307	5190	-1.840E+02	0.977	1.256E-80	0	134	141	0	134	154	135M
4307	9250	-1.840E+02	0.977	1.256E-80	0	134	141	0	134	154	135M
4308	4307	-1.947E+02	1.00	2.733E-85	0	139	141	0	139	141	140M
4308	5190	-1.840E+02	0.977	1.256E-80	0	134	141	0	134	154	135M
4308	9250	-1.840E+02	0.977	1.256E-80	0	134	141	0	134	154	135M
4309	4306	-1.299E+02	1.00	3.685E-57	0	88	89	0	88	89	89M
4309	5191	-1.299E+02	1.00	3.685E-57	0	88	89	0	88	164	89M
4309	9251	-1.299E+02	1.00	3.685E-57	0	88	89	0	88	164	89M
4310	4310	-1.002E+02	1.00	3.041E-44	0	69	70	0	69	70	70M
4310	5927	-6.567E+01	0.757	3.027E-29	0	65	70	0	64	72	4M1I61M
4310	10287	-6.567E+01	0.757	3.027E-29	0	65	70	0	64	72	4M1I61M
4311	4311	-6.156E+01	1.00	1.847E-27	0	44	45	0	44	45	45M
4311	8058	-4.854E+01	0.897	8.335E-22	0	38	45	0	38	40	39M
4311	11847	-4.854E+01	0.897	8.335E-22	0	38	45	0	38	40	39M
4312	4312	-4.915E+02	1.00	3.520E-214	0	293	294	0	293	294	294M
4313	4314	-1.823E+02	1.00	6.931E-80	0	122	124	0	122	124	123M
4314	4313	-1.823E+02	1.00	6.931E-80	0	122	124	0	122	124	123M
4315	4315	-1.598E+02	1.00	3.905E-70	0	104	105	0	104	105	105M
4316	4316	-6.764E+01	1.00	4.215E-30	0	49	50	0	49	50	50M
4317	4317	-7.084E+02	1.00	0.000E+00	0	565	566	0	565	566	566M
4317	6591	-7.084E+02	1.00	0.000E+00	0	564	566	0	564	566	565M
4317	10154	-7.084E+02	1.00	0.000E+00	0	564	566	0	564	566	565M
4318	4318	-2.348E+02	1.00	1.042E-102	0	166	167	0	166	167	167M
4318	6884	-2.269E+02	0.970	2.780E-99	0	166	167	0	166	411	167M
4318	11149	-2.269E+02	0.970	2.780E-99	0	166	167	0	166	411	167M
4319	4319	-4.470E+02	1.00	7.312E-195	0	287	288	0	287	288	288M
4319	6885	-4.432E+02	0.989	3.213E-193	0	286	288	0	286	288	287M
4319	11148	-4.432E+02	0.989	3.213E-193	0	286	288	0	286	288	287M
4320	4320	-7.049E+02	1.00	7.618E-307	0	460	461	0	460	461	461M
4320	7644	-6.979E+02	0.986	7.792E-304	0	459	461	0	459	461	460M
4320	11471	-6.979E+02	0.986	7.792E-304	0	459	461	0	459	461	460M
4321	4321	-3.982E+02	1.00	1.163E-173	0	266	267	0	266	267	267M
4321	5244	-3.418E+02	1.00	3.716E-149	0	232	267	34	266	286	233M
4321	9304	-3.418E+02	1.00	3.716E-149	0	232	267	34	266	286	233M
4322	4322	-4.156E+02	1.00	3.120E-181	0	264	265	0	264	265	265M
4322	5243	-4.159E+02	1.00	2.277E-181	0	263	265	0	263	265	264M
4322	9303	-4.159E+02	1.00	2.277E-181	0	263	265	0	263	265	264M
4323	4323	-6.137E+02	1.00	2.889E-267	0	435	436	0	435	436	436M
4323	6919	-6.140E+02	1.00	2.109E-267	0	434	436	0	434	436	435M
4323	11114	-6.140E+02	1.00	2.109E-267	0	434	436	0	434	436	435M
4324	4325	-2.563E+02	1.00	4.937E-112	0	178	180	98	276	278	179M
4324	7923	-2.525E+02	0.983	2.177E-110	0	178	180	126	304	306	179M
4324	11742	-2.525E+02	0.983	2.177E-110	0	178	180	126	304	306	179M
4325	4325	-4.018E+02	1.00	3.238E-175	0	277	278	0	277	278	278M
4325	7923	-3.813E+02	0.963	2.559E-166	3	276	278	31	304	306	274M
4325	11742	-3.813E+02	0.963	2.559E-166	3	276	278	31	304	306	274M
4326	4326	-1.899E+02	1.00	3.451E-83	0	129	130	0	129	130	130M
4327	4327	-3.933E+02	1.00	1.495E-171	0	262	263	0	262	263	263M
4328	4327	-1.551E+02	1.00	4.471E-68	0	103	105	158	261	263	104M
4329	4329	-3.157E+02	1.00	7.654E-138	0	203	204	0	203	204	204M
4330	4330	-1.495E+02	1.00	1.230E-65	0	109	110	0	109	110	110M
4331	4331	-2.664E+01	1.00	2.686E-12	0	20	21	0	20	21	21M
4332	4333	-3.676E+02	1.00	2.304E-160	0	239	241	45	284	286	240M
4332	6514	-3.215E+02	0.990	2.262E-140	0	213	241	125	338	364	214M
4332	10077	-3.215E+02	0.990	2.262E-140	0	213	241	125	338	364	214M
4333	4333	-4.414E+02	1.00	1.938E-192	0	285	286	0	285	286	286M
4333	6514	-3.957E+02	0.992	1.369E-172	0	258	286	80	338	364	259M
4333	10077	-3.957E+02	0.992	1.369E-172	0	258	286	80	338	364	259M
4334	4334	-1.225E+02	1.00	6.286E-54	0	85	86	0	85	86	86M
4334	6514	-1.225E+02	1.00	6.286E-54	0	85	86	80	165	364	86M
4334	10077	-1.225E+02	1.00	6.286E-54	0	85	86	80	165	364	86M
4335	4335	-2.683E+02	1.00	3.065E-117	0	179	180	0	179	180	180M
4335	8234	-2.613E+02	0.972	3.170E-114	0	178	180	47	225	227	179M
4335	12016	-2.613E+02	0.972	3.170E-114	0	178	180	47	225	227	179M
4336	4336	-1.270E+02	1.00	7.007E-56	0	90	91	0	90	91	91M
4336	7367	-1.068E+02	0.894	4.341E-47	5	89	91	6	90	92	85M
4336	11356	-1.068E+02	0.894	4.341E-47	5	89	91	6	90	92	85M
4337	4337	-2.741E+02	1.00	8.811E-120	0	182	183	0	182	183	183M
4338	3693	-4.976E+01	1.00	2.461E-22	0	38	40	0	38	40	39M
4339	4339	-6.972E+02	1.00	1.625E-303	0	442	443	0	442	443	443M
4339	6947	-6.934E+02	0.993	7.125E-302	0	441	443	21	462	464	442M
4339	12010	-6.934E+02	0.993	7.125E-302	0	441	443	21	462	464	442M
4340	4340	-2.257E+02	1.00	9.465E-99	0	152	153	0	152	153	153M
4340	6101	-2.260E+02	1.00	6.903E-99	0	151	153	17	168	170	152M
4340	10461	-2.260E+02	1.00	6.903E-99	0	151	153	17	168	170	152M
4341	4341	-4.650E+02	1.00	1.146E-202	0	307	308	0	307	308	308M
4341	6100	-4.590E+02	0.990	4.570E-200	0	305	308	0	305	308	306M
4341	10460	-4.590E+02	0.990	4.570E-200	0	305	308	0	305	308	306M
4342	4342	-2.978E+02	1.00	4.770E-130	0	209	210	0	209	210	210M
4342	5915	-2.845E+02	0.956	2.700E-124	0	208	210	0	208	210	209M
4342	10275	-2.845E+02	0.956	2.700E-124	0	208	210	0	208	210	209M
4343	4343	-3.644E+02	1.00	5.395E-159	0	240	241	0	240	241	241M
4343	7987	-1.100E+02	0.422	1.625E-48	6	206	241	10	210	412	201M
4343	11806	-1.100E+02	0.422	1.625E-48	6	206	241	10	210	412	201M
4344	4343	-3.644E+02	1.00	5.395E-159	0	240	241	0	240	241	241M
4344	7987	-1.100E+02	0.422	1.625E-48	6	206	241	10	210	412	201M
4344	11806	-1.100E+02	0.422	1.625E-48	6	206	241	10	210	412	201M
4345	4345	-1.623E+02	1.00	3.362E-71	0	112	113	0	112	113	113M
4346	4346	-2.023E+02	1.00	1.333E-88	0	139	140	0	139	140	140M
4347	4347	-3.779E+01	1.00	3.859E-17	0	31	32	0	31	32	32M
4348	4348	-6.005E+02	1.00	1.569E-261	0	387	388	0	387	388	388M
4348	8096	-5.826E+02	0.963	9.892E-254	0	386	388	0	386	388	387M
4348	11889	-5.826E+02	0.963	9.892E-254	0	386	388	0	386	388	387M
4349	4349	-3.774E+01	1.00	4.079E-17	0	32	33	0	32	33	33M
4349	5979	-3.806E+01	1.00	2.968E-17	0	31	33	0	31	33	32M
4349	10339	-3.806E+01	1.00	2.968E-17	0	31	33	0	31	33	32M
4350	4350	-2.159E+02	1.00	1.730E-94	0	146	147	0	146	147	147M
4350	5978	-2.074E+02	0.979	8.707E-91	0	145	147	0	143	145	6M2I138M
4350	10338	-2.074E+02	0.979	8.707E-91	0	145	147	0	143	145	6M2I138M
4351	4351	-2.095E+02	1.00	1.030E-91	0	141	142	0	141	142	142M
4351	5977	-2.086E+02	0.992	2.656E-91	0	140	142	9	149	151	141M
4351	10337	-2.086E+02	0.992	2.656E-91	0	140	142	9	149	151	141M
4352	3693	-4.976E+01	1.00	2.461E-22	0	38	40	0	38	40	39M
4353	4353	-4.460E+02	1.00	2.001E-194	0	295	296	0	295	296	296M
4354	4354	-2.440E+02	1.00	1.104E-106	0	166	167	0	166	167	167M
4355	4355	-2.106E+02	1.00	3.531E-92	0	145	146	0	145	146	146M
4355	7651	-2.090E+02	0.993	1.712E-91	0	144	146	44	188	190	145M
4355	11464	-2.090E+02	0.993	1.712E-91	0	144	146	44	188	190	145M
4356	4356	-4.979E+02	1.00	5.769E-217	0	304	305	0	304	305	305M
4356	7652	-4.960E+02	0.993	3.824E-216	0	304	305	0	304	340	305M
4356	11463	-4.960E+02	0.993	3.824E-216	0	304	305	0	304	340	305M
4357	4357	-2.545E+01	1.00	8.843E-12	0	24	25	0	24	25	25M
4358	4361	-4.350E+01	1.00	1.279E-19	0	42	44	0	42	44	43M
4358	7363	-3.619E+01	0.975	1.927E-16	3	42	44	371	410	412	40M
4358	11196	-3.619E+01	0.975	1.927E-16	3	42	44	371	410	412	40M
4359	4360	-1.643E+02	1.00	4.360E-72	0	108	110	0	108	110	109M
4359	7364	-1.589E+02	0.981	9.387E-70	0	108	110	27	135	137	109M
4359	11195	-1.589E+02	0.981	9.387E-70	0	108	110	27	135	137	109M
4360	4359	-1.643E+02	1.00	4.360E-72	0	108	110	0	108	110	109M
4360	7364	-1.589E+02	0.981	9.387E-70	0	108	110	27	135	137	109M
4360	11195	-1.589E+02	0.981	9.387E-70	0	108	110	27	135	137	109M
4361	4358	-4.350E+01	1.00	1.279E-19	0	42	44	0	42	44	43M
4361	7363	-3.619E+01	0.975	1.927E-16	3	42	44	371	410	412	40M
4361	11196	-3.619E+01	0.975	1.927E-16	3	42	44	371	410	412	40M
4362	4362	-2.545E+01	1.00	8.843E-12	0	24	25	0	24	25	25M
4363	4363	-6.170E+02	1.00	1.078E-268	0	432	433	0	432	433	433M
4364	4365	-4.049E+01	1.00	2.600E-18	0	33	35	0	33	35	34M
4364	8310	-3.954E+01	0.970	6.752E-18	0	33	35	90	123	125	34M
4364	12077	-3.954E+01	0.970	6.752E-18	0	33	35	90	123	125	34M
4365	4364	-4.049E+01	1.00	2.600E-18	0	33	35	0	33	35	34M
4365	8310	-3.954E+01	0.970	6.752E-18	0	33	35	90	123	125	34M
4365	12077	-3.954E+01	0.970	6.752E-18	0	33	35	90	123	125	34M
4366	4367	-1.611E+02	1.00	1.054E-70	0	115	117	10	125	127	116M
4366	7602	-1.592E+02	0.991	7.014E-70	0	115	117	8	123	125	116M
4366	11420	-1.592E+02	0.991	7.014E-70	0	115	117	8	123	125	116M
4367	4367	-1.780E+02	1.00	4.866E-78	0	126	127	0	126	127	127M
4367	7602	-1.594E+02	0.974	6.037E-70	7	125	127	5	123	125	119M
4367	11420	-1.594E+02	0.974	6.037E-70	7	125	127	5	123	125	119M
4368	4368	-4.414E+02	1.00	2.060E-192	0	293	294	0	293	294	294M
4368	7544	-4.395E+02	0.996	1.365E-191	0	292	294	0	292	294	293M
4368	11362	-4.395E+02	0.996	1.365E-191	0	292	294	0	292	294	293M
4369	4369	-1.374E+02	1.00	2.119E-60	0	97	98	0	97	98	98M
4370	4370	-6.256E+02	1.00	1.990E-272	0	430	431	0	430	431	431M
4370	7295	-3.273E+02	0.698	6.880E-143	73	429	431	34	403	2312	39M4D9M1I24M2D83M6D5M2I94M6D9M2I89M
4371	4371	-6.138E+02	1.00	2.588E-267	0	392	393	0	392	393	393M
4371	4963	-1.116E+02	0.273	3.519E-49	0	372	393	0	523	944	122M40D4M101D41M1D12M1D38M6D25M3I52M5D76M
4371	8762	-1.116E+02	0.273	3.519E-49	0	372	393	0	523	944	122M40D4M101D41M1D12M1D38M6D25M3I52M5D76M
4372	4372	-6.083E+02	1.00	6.615E-265	0	396	397	0	396	397	397M
4372	8360	-5.856E+02	1.00	4.702E-255	0	379	397	0	379	380	380M
4372	12145	-5.856E+02	1.00	4.702E-255	0	379	397	0	379	380	380M
4373	4373	-2.187E+02	1.00	1.081E-95	0	154	155	0	154	155	155M
4373	5232	-2.190E+02	1.00	7.881E-96	0	153	155	0	153	155	154M
4373	9292	-2.190E+02	1.00	7.881E-96	0	153	155	0	153	155	154M
4374	4374	-1.014E+02	1.00	9.483E-45	0	71	72	0	71	72	72M
4374	5231	-9.408E+01	0.971	1.379E-41	0	70	72	0	70	72	71M
4374	9291	-9.408E+01	0.971	1.379E-41	0	70	72	0	70	72	71M
4375	4375	-1.440E+02	1.00	2.992E-63	0	105	106	0	105	106	106M
4376	4376	-2.871E+02	1.00	2.003E-125	0	194	195	0	194	195	195M
4376	7782	-3.432E+01	0.327	1.241E-15	13	191	195	124	300	307	11M2D30M1I8M4I6M3I10M1I17M3D36M2D52M
4376	11603	-3.432E+01	0.327	1.241E-15	13	191	195	124	300	307	11M2D30M1I8M4I6M3I10M1I17M3D36M2D52M
4377	4377	-2.113E+02	1.00	1.790E-92	0	144	145	0	144	145	145M
4377	7643	-2.027E+02	0.965	9.013E-89	0	144	145	0	144	183	145M
4377	11472	-2.027E+02	0.965	9.013E-89	0	144	145	0	144	183	145M
4378	4378	-2.180E+01	1.00	3.402E-10	0	21	22	0	21	22	22M
4379	4379	-2.180E+01	1.00	3.402E-10	0	21	22	0	21	22	22M
4380	4380	-1.093E+02	1.00	3.418E-48	0	77	78	0	77	78	78M
4380	6077	-1.096E+02	1.00	2.490E-48	0	76	78	82	158	160	77M
4380	10437	-1.096E+02	1.00	2.490E-48	0	76	78	82	158	160	77M
4381	4381	-5.849E+01	1.00	3.953E-26	0	73	74	0	73	74	74M
4381	6076	-5.881E+01	1.00	2.879E-26	0	72	74	0	72	74	73M
4381	10436	-5.881E+01	1.00	2.879E-26	0	72	74	0	72	74	73M
4382	4382	-1.446E+02	1.00	1.548E-63	0	98	99	0	98	99	99M
4382	6075	-1.446E+02	1.00	1.548E-63	0	98	99	0	98	106	99M
4382	10435	-1.446E+02	1.00	1.548E-63	0	98	99	0	98	106	99M
4383	4383	-6.420E+01	1.00	1.311E-28	0	48	49	0	48	49	49M
4383	7203	-5.214E+01	0.875	2.273E-23	0	47	49	111	158	160	48M
4383	11083	-5.214E+01	0.875	2.273E-23	0	47	49	111	158	160	48M
4384	4384	-4.780E+01	1.00	1.749E-21	0	46	47	0	46	47	47M
4384	7202	-3.539E+01	0.782	4.270E-16	0	45	47	0	45	47	46M
4384	11082	-3.539E+01	0.782	4.270E-16	0	45	47	0	45	47	46M
4385	4385	-2.469E+02	1.00	5.741E-108	0	157	158	0	157	158	158M
4385	7201	-2.359E+02	0.973	3.603E-103	0	152	158	0	152	254	153M
4385	11081	-2.359E+02	0.973	3.603E-103	0	152	158	0	152	254	153M
4386	4386	-1.936E+02	1.00	7.975E-85	0	136	137	0	136	137	137M
4387	4387	-1.422E+02	1.00	1.759E-62	0	96	97	0	96	97	97M
4387	7839	-1.362E+02	0.958	7.146E-60	0	95	97	0	95	97	96M
4387	11678	-1.362E+02	0.958	7.146E-60	0	95	97	0	95	97	96M
4388	4388	-1.580E+02	1.00	2.307E-69	0	108	109	0	108	109	109M
4388	7840	-1.413E+02	0.916	4.340E-62	0	107	109	0	106	108	18M1I89M
4388	11677	-1.413E+02	0.916	4.340E-62	0	107	109	0	106	108	18M1I89M
4389	4389	-2.098E+01	1.00	7.700E-10	0	24	25	0	24	25	25M
4390	4390	-5.196E+02	1.00	2.225E-226	0	366	367	0	366	367	367M
4390	7295	-4.383E+02	0.838	4.372E-191	0	366	367	65	443	2312	21M6D5M2I203M6D9M2I94M6D9M2I20M
4390	9579	-4.456E+02	0.890	3.127E-194	14	366	367	0	360	2338	221M6D5M2I94M6D9M2I20M
4391	4391	-1.979E+02	1.00	1.108E-86	0	139	140	0	139	140	140M
4391	5291	-1.979E+02	1.00	1.108E-86	0	139	140	0	139	226	140M
4391	9351	-1.979E+02	1.00	1.108E-86	0	139	140	0	139	226	140M
4392	4391	-1.979E+02	1.00	1.108E-86	0	139	140	0	139	140	140M
4392	5291	-1.979E+02	1.00	1.108E-86	0	139	140	0	139	226	140M
4392	9351	-1.979E+02	1.00	1.108E-86	0	139	140	0	139	226	140M
4393	4393	-2.003E+01	1.00	2.007E-09	0	24	25	0	24	25	25M
4394	4395	-2.122E+02	1.00	6.942E-93	0	143	145	0	143	145	144M
4394	5095	-2.024E+02	0.985	1.236E-88	0	140	145	0	140	284	141M
4394	9155	-2.024E+02	0.985	1.236E-88	0	140	145	0	140	284	141M
4395	4394	-2.122E+02	1.00	6.942E-93	0	143	145	0	143	145	144M
4395	5095	-2.024E+02	0.985	1.236E-88	0	140	145	0	140	284	141M
4395	9155	-2.024E+02	0.985	1.236E-88	0	140	145	0	140	284	141M
4396	4396	-2.003E+01	1.00	2.007E-09	0	24	25	0	24	25	25M
4397	4397	-1.394E+02	1.00	2.881E-61	0	95	96	0	95	96	96M
4397	4717	-1.381E+02	0.989	1.021E-60	0	95	96	0	95	198	96M
4397	8516	-1.381E+02	0.989	1.021E-60	0	95	96	0	95	198	96M
4398	4397	-1.394E+02	1.00	2.881E-61	0	95	96	0	95	96	96M
4398	4717	-1.381E+02	0.989	1.021E-60	0	95	96	0	95	198	96M
4398	8516	-1.381E+02	0.989	1.021E-60	0	95	96	0	95	198	96M
4399	4399	-2.729E+02	1.00	3.021E-119	0	188	189	0	188	189	189M
4399	8329	-9.481E+01	0.435	6.700E-42	9	186	189	4	180	317	82M1D73M2I21M
4399	12115	-9.481E+01	0.435	6.700E-42	9	186	189	4	180	317	82M1D73M2I21M
4400	4400	-3.547E+01	1.00	3.932E-16	0	27	28	0	27	28	28M
4401	4401	-3.937E+02	1.00	1.040E-171	0	261	262	0	261	262	262M
4401	6863	-2.535E+02	0.717	8.347E-111	27	260	262	40	273	275	234M
4401	11170	-2.535E+02	0.717	8.347E-111	27	260	262	40	273	275	234M
4402	4402	-1.157E+02	1.00	5.596E-51	0	88	89	0	88	89	89M
4402	7594	-1.103E+02	0.954	1.212E-48	0	87	89	0	87	89	88M
4402	11412	-1.103E+02	0.954	1.212E-48	0	87	89	0	87	89	88M
4403	4403	-1.613E+02	1.00	9.107E-71	0	113	114	0	113	114	114M
4403	7593	-1.540E+02	0.973	1.305E-67	0	112	114	0	112	114	113M
4403	11411	-1.540E+02	0.973	1.305E-67	0	112	114	0	112	114	113M
4404	4404	-7.161E+01	1.00	7.920E-32	0	58	59	0	58	59	59M
4404	7592	-6.559E+01	1.00	3.278E-29	4	57	59	0	53	55	54M
4404	11410	-6.559E+01	1.00	3.278E-29	4	57	59	0	53	55	54M
4405	4405	-3.856E+02	1.00	3.568E-168	0	280	281	0	280	281	281M
4405	8267	-2.970E+02	0.807	1.011E-129	0	280	281	0	266	282	50M1I203M13I14M
4405	12053	-2.970E+02	0.807	1.011E-129	0	280	281	0	266	282	50M1I203M13I14M
4406	4406	-5.046E+02	1.00	7.090E-220	0	329	330	0	329	330	330M
4406	4963	-1.755E+02	0.409	5.823E-77	0	311	330	546	897	944	35M1D12M5D55M1D3M23D42M5D12M1D63M1D45M3D45M
4406	8762	-1.755E+02	0.409	5.823E-77	0	311	330	546	897	944	35M1D12M5D55M1D3M23D42M5D12M1D63M1D45M3D45M
4407	4407	-4.756E+02	1.00	2.927E-207	0	310	311	0	310	311	311M
4407	7413	-4.756E+02	1.00	2.927E-207	0	310	311	0	310	374	311M
4407	11310	-4.756E+02	1.00	2.927E-207	0	310	311	0	310	374	311M
4408	4408	-1.293E+02	1.00	7.141E-57	0	95	96	0	95	96	96M
4409	4409	-2.971E+02	1.00	9.252E-130	0	203	204	0	203	204	204M
4410	4410	-3.098E+02	1.00	2.882E-135	0	215	216	0	215	216	216M
4411	4411	-1.382E+02	1.00	9.714E-61	0	94	95	0	94	95	95M
4411	6960	-1.284E+02	0.946	1.756E-56	0	93	95	297	390	487	94M
4411	10925	-1.284E+02	0.946	1.756E-56	0	93	95	297	390	487	94M
4412	4412	-4.208E+01	1.00	5.301E-19	0	34	35	0	34	35	35M
4412	6960	-1.304E+01	0.548	2.166E-06	3	33	35	386	416	487	31M
4412	10925	-1.304E+01	0.548	2.166E-06	3	33	35	386	416	487	31M
4413	4413	-3.598E+02	1.00	5.559E-157	0	238	239	0	238	239	239M
4413	6564	-3.601E+02	1.00	4.056E-157	0	237	239	0	237	239	238M
4413	10127	-3.601E+02	1.00	4.056E-157	0	237	239	0	237	239	238M
4414	4414	-1.671E+02	1.00	2.799E-73	0	111	112	0	111	112	112M
4414	8357	-1.026E+02	0.710	2.811E-45	12	111	112	165	264	403	100M
4414	12140	-1.026E+02	0.710	2.811E-45	12	111	112	165	264	403	100M
4415	4415	-2.686E+02	1.00	2.345E-117	0	180	181	0	180	181	181M
4416	4416	-1.068E+02	1.00	4.088E-47	0	76	77	0	76	77	77M
4416	7336	-1.017E+02	0.973	6.470E-45	1	75	77	126	200	440	75M
4416	11223	-1.017E+02	0.973	6.470E-45	1	75	77	126	200	440	75M
4417	4418	-3.429E+01	1.00	1.280E-15	0	30	32	0	30	32	31M
4417	7919	-3.429E+01	1.00	1.280E-15	0	30	32	342	372	374	31M
4417	11738	-3.429E+01	1.00	1.280E-15	0	30	32	342	372	374	31M
4418	4417	-3.429E+01	1.00	1.280E-15	0	30	32	0	30	32	31M
4418	7919	-3.429E+01	1.00	1.280E-15	0	30	32	342	372	374	31M
4418	11738	-3.429E+01	1.00	1.280E-15	0	30	32	342	372	374	31M
4419	4420	-8.313E+01	1.00	7.911E-37	0	55	57	0	55	57	56M
4419	5219	-7.235E+01	1.00	3.791E-32	0	49	57	0	49	98	50M
4419	9279	-7.235E+01	1.00	3.791E-32	0	49	57	0	49	98	50M
4420	4419	-8.313E+01	1.00	7.911E-37	0	55	57	0	55	57	56M
4420	5219	-7.235E+01	1.00	3.791E-32	0	49	57	0	49	98	50M
4420	9279	-7.235E+01	1.00	3.791E-32	0	49	57	0	49	98	50M
4421	1466	-3.562E+01	1.00	3.387E-16	0	29	31	29	58	813	30M
4421	5961	-3.467E+01	0.966	8.800E-16	0	29	31	29	58	813	30M
4421	10321	-3.467E+01	0.966	8.800E-16	0	29	31	29	58	813	30M
4422	4423	-1.550E+02	1.00	4.932E-68	0	105	107	0	105	107	106M
4423	4422	-1.550E+02	1.00	4.932E-68	0	105	107	0	105	107	106M
4424	4424	-1.448E+02	1.00	1.270E-63	0	94	95	0	94	95	95M
4424	6886	-1.439E+02	0.989	3.280E-63	0	94	95	50	144	187	95M
4424	11147	-1.439E+02	0.989	3.280E-63	0	94	95	50	144	187	95M
4425	4424	-1.448E+02	1.00	1.270E-63	0	94	95	0	94	95	95M
4425	6886	-1.439E+02	0.989	3.280E-63	0	94	95	50	144	187	95M
4425	11147	-1.439E+02	0.989	3.280E-63	0	94	95	50	144	187	95M
4426	4426	-1.315E+02	1.00	8.107E-58	0	83	84	0	83	84	84M
4426	5549	-1.008E+02	0.807	1.725E-44	0	82	84	54	136	351	83M
4426	9849	-1.008E+02	0.807	1.725E-44	0	82	84	54	136	351	83M
4427	4427	-1.512E+02	1.00	2.170E-66	0	93	94	0	93	94	94M
4427	5549	-1.193E+02	0.817	1.607E-52	0	92	94	0	92	351	93M
4427	9849	-1.193E+02	0.817	1.607E-52	0	92	94	0	92	351	93M
4428	4428	-1.239E+02	1.00	1.500E-54	0	88	89	0	88	89	89M
4429	4429	-1.518E+02	1.00	1.163E-66	0	106	107	0	106	107	107M
4430	4430	-9.995E+01	1.00	3.912E-44	0	74	75	0	74	75	75M
4430	7143	-9.393E+01	0.959	1.603E-41	0	73	75	8	81	89	74M
4430	12170	-9.393E+01	0.959	1.603E-41	0	73	75	33	106	138	74M
4431	4431	-1.409E+02	1.00	6.402E-62	0	103	104	0	103	104	104M
4431	8372	-1.241E+02	0.941	1.211E-54	2	103	104	34	135	198	102M
4431	12170	-1.260E+02	0.950	1.816E-55	2	103	104	34	135	138	102M
4432	4432	-3.934E+02	1.00	1.449E-171	0	248	249	0	248	249	249M
4433	4434	-1.929E+02	1.00	1.739E-84	0	125	127	0	125	127	126M
4433	5291	-1.929E+02	1.00	1.739E-84	0	125	127	99	224	226	126M
4433	9351	-1.929E+02	1.00	1.739E-84	0	125	127	99	224	226	126M
4434	4433	-1.929E+02	1.00	1.739E-84	0	125	127	0	125	127	126M
4434	5291	-1.929E+02	1.00	1.739E-84	0	125	127	99	224	226	126M
4434	9351	-1.929E+02	1.00	1.739E-84	0	125	127	99	224	226	126M
4435	4435	-6.098E+01	1.00	3.300E-27	0	49	50	0	49	50	50M
4436	4436	-8.124E+01	1.00	5.246E-36	0	62	63	0	62	63	63M
4436	7122	-8.060E+01	0.983	9.888E-36	0	61	63	0	61	629	62M
4436	11002	-8.060E+01	0.983	9.888E-36	0	61	63	0	61	629	62M
4437	4437	-1.024E+02	1.00	3.374E-45	0	82	83	0	82	83	83M
4438	4438	-2.009E+01	1.00	1.891E-09	0	23	24	0	23	24	24M
4439	4439	-4.145E+01	1.00	1.001E-18	0	34	35	0	34	35	35M
4439	6073	-4.145E+01	1.00	1.001E-18	0	34	35	0	34	143	35M
4439	10433	-4.145E+01	1.00	1.001E-18	0	34	35	0	34	143	35M
4440	4440	-5.664E+01	1.00	2.529E-25	0	47	48	0	47	48	48M
4440	6072	-5.695E+01	1.00	1.841E-25	0	46	48	0	46	48	47M
4440	10432	-5.695E+01	1.00	1.841E-25	0	46	48	0	46	48	47M
4441	4441	-2.297E+02	1.00	1.727E-100	0	141	142	0	141	142	142M
4441	7605	-2.243E+02	0.978	3.701E-98	0	140	142	0	140	142	141M
4441	11423	-2.243E+02	0.978	3.701E-98	0	140	142	0	140	142	141M
4442	4442	-8.262E+01	1.00	1.318E-36	0	66	67	0	66	67	67M
4442	7604	-8.293E+01	1.00	9.600E-37	0	65	67	0	65	67	66M
4442	11422	-8.293E+01	1.00	9.600E-37	0	65	67	0	65	67	66M
4443	4443	-4.272E+01	1.00	2.806E-19	0	34	35	0	34	35	35M
4444	4443	-4.272E+01	1.00	2.806E-19	0	34	35	0	34	35	35M
4445	4445	-7.172E+01	1.00	7.147E-32	0	56	57	0	56	57	57M
4446	4446	-2.581E+02	1.00	8.493E-113	0	162	163	0	162	163	163M
4447	4447	-3.735E+02	1.00	5.941E-163	0	234	235	0	234	235	235M
4447	8366	-3.146E+02	0.844	2.411E-137	0	231	235	0	231	235	232M
4447	12148	-3.139E+02	0.844	4.529E-137	0	231	235	0	231	235	232M
4448	4448	-3.994E+02	1.00	3.351E-174	0	253	254	0	253	254	254M
4448	7665	-3.086E+02	0.746	9.022E-135	0	251	254	23	274	277	252M
4448	11450	-3.086E+02	0.746	9.022E-135	0	251	254	23	274	277	252M
4449	4450	-1.106E+02	1.00	9.637E-49	0	76	78	0	76	78	77M
4449	5475	-1.093E+02	0.987	3.418E-48	0	76	78	0	76	78	77M
4449	9535	-1.093E+02	0.987	3.418E-48	0	76	78	0	76	78	77M
4450	4449	-1.106E+02	1.00	9.637E-49	0	76	78	0	76	78	77M
4450	5475	-1.093E+02	0.987	3.418E-48	0	76	78	0	76	78	77M
4450	9535	-1.093E+02	0.987	3.418E-48	0	76	78	0	76	78	77M
4451	4451	-8.324E+01	1.00	7.077E-37	0	60	61	0	60	61	61M
4451	7025	-6.263E+01	0.960	6.307E-28	0	50	61	88	138	252	51M
4451	10860	-6.263E+01	0.960	6.307E-28	0	50	61	88	138	252	51M
4452	4452	-8.039E+01	1.00	1.226E-35	0	60	61	0	60	61	61M
4452	5217	-7.341E+01	0.932	1.309E-32	0	58	61	0	58	120	59M
4452	9277	-7.341E+01	0.932	1.309E-32	0	58	61	0	58	120	59M
4453	4453	-1.581E+02	1.00	2.092E-69	0	106	107	0	106	107	107M
4453	5217	-1.490E+02	0.970	1.999E-65	0	102	107	0	102	120	103M
4453	9277	-1.490E+02	0.970	1.999E-65	0	102	107	0	102	120	103M
4454	4454	-3.289E+02	1.00	1.442E-143	0	211	212	0	211	212	212M
4454	6847	-3.229E+02	0.985	5.775E-141	0	210	212	21	231	233	211M
4454	11186	-3.229E+02	0.985	5.775E-141	0	210	212	21	231	233	211M
4455	4456	-1.610E+02	1.00	1.159E-70	0	104	106	0	104	106	105M
4456	4455	-1.610E+02	1.00	1.159E-70	0	104	106	0	104	106	105M
4457	4457	-2.481E+02	1.00	1.740E-108	0	165	166	0	165	166	166M
4457	5868	-1.629E+02	0.823	1.753E-71	0	141	166	43	182	187	135M2I5M
4457	10228	-1.629E+02	0.823	1.753E-71	0	141	166	43	182	187	135M2I5M
4458	4458	-2.538E+02	1.00	6.228E-111	0	166	167	0	166	167	167M
4458	5427	-1.566E+02	0.709	1.009E-68	9	163	167	100	253	300	53M1I101M
4458	9487	-1.566E+02	0.709	1.009E-68	9	163	167	100	253	300	53M1I101M
4459	4460	-1.687E+02	1.00	5.233E-74	0	121	123	0	121	123	122M
4459	12084	-1.659E+02	0.983	8.984E-73	0	120	123	0	120	128	121M
4460	4459	-1.687E+02	1.00	5.233E-74	0	121	123	0	121	123	122M
4460	12084	-1.659E+02	0.983	8.984E-73	0	120	123	0	120	128	121M
4461	4461	-1.585E+02	1.00	1.419E-69	0	111	112	0	111	112	112M
4461	6284	-1.364E+02	0.990	5.747E-60	12	111	112	167	266	507	100M
4461	10492	-1.364E+02	0.990	5.747E-60	12	111	112	167	266	507	100M
4462	4462	-1.616E+02	1.00	6.640E-71	0	113	114	0	113	114	114M
4463	4463	-1.682E+02	1.00	8.720E-74	0	113	114	0	113	114	114M
4464	4464	-2.051E+02	1.00	8.158E-90	0	140	141	0	140	141	141M
4465	2344	-7.108E+01	1.00	1.348E-31	0	55	57	1450	1505	1507	56M
4465	8003	-6.759E+01	0.964	4.412E-30	0	55	57	1450	1505	1507	56M
4465	11822	-6.759E+01	0.964	4.412E-30	0	55	57	1450	1505	1507	56M
4466	4466	-7.262E+01	1.00	2.906E-32	0	57	58	0	57	58	58M
4466	8003	-6.818E+01	0.947	2.463E-30	0	56	58	1449	1505	1507	57M
4466	11822	-6.818E+01	0.947	2.463E-30	0	56	58	1449	1505	1507	57M
4467	4467	-8.414E+01	1.00	2.879E-37	0	61	62	0	61	62	62M
4467	8003	-5.242E+01	0.754	1.709E-23	3	59	62	1393	1449	1507	57M
4467	11822	-5.242E+01	0.754	1.709E-23	3	59	62	1393	1449	1507	57M
4468	4468	-3.296E+01	1.00	4.836E-15	0	32	33	0	32	33	33M
4469	4469	-2.400E+02	1.00	5.824E-105	0	150	151	0	150	151	151M
4469	5828	-1.942E+02	1.00	4.405E-85	29	150	151	11	132	190	122M
4469	10188	-1.942E+02	1.00	4.405E-85	29	150	151	11	132	190	122M
4470	4470	-1.984E+02	1.00	6.664E-87	0	135	136	0	135	136	136M
4471	4471	-2.335E+02	1.00	3.790E-102	0	160	161	0	160	161	161M
4472	4472	-1.075E+02	1.00	1.964E-47	0	74	75	0	74	75	75M
4472	5926	-1.053E+02	0.986	1.800E-46	0	73	75	0	73	75	74M
4472	10286	-1.053E+02	0.986	1.800E-46	0	73	75	0	73	75	74M
4473	4473	-1.548E+02	1.00	5.710E-68	0	109	110	0	109	110	110M
4473	7297	-1.548E+02	1.00	5.710E-68	0	109	110	0	109	701	110M
4473	11262	-1.548E+02	1.00	5.710E-68	0	109	110	0	109	701	110M
4474	4569	-6.875E+01	1.00	1.386E-30	0	51	53	0	51	53	52M
4474	5295	-6.875E+01	1.00	1.386E-30	0	51	53	165	216	218	52M
4474	9355	-6.875E+01	1.00	1.386E-30	0	51	53	165	216	218	52M
4475	4475	-5.341E+01	1.00	6.386E-24	0	42	43	0	42	43	43M
4475	5335	-5.118E+01	0.976	5.900E-23	0	41	43	0	41	405	42M
4475	9395	-5.118E+01	0.976	5.900E-23	0	41	43	0	41	405	42M
4476	4477	-8.684E+01	1.00	1.937E-38	0	63	65	0	63	65	64M
4476	8091	-8.684E+01	1.00	1.937E-38	0	63	65	14	77	79	64M
4476	11894	-8.684E+01	1.00	1.937E-38	0	63	65	14	77	79	64M
4477	4476	-8.684E+01	1.00	1.937E-38	0	63	65	0	63	65	64M
4477	8091	-8.684E+01	1.00	1.937E-38	0	63	65	14	77	79	64M
4477	11894	-8.684E+01	1.00	1.937E-38	0	63	65	14	77	79	64M
4478	4481	-9.144E+01	1.00	1.949E-40	0	66	68	0	66	68	67M
4478	6886	-6.196E+01	0.800	1.232E-27	0	64	68	103	167	187	65M
4478	11147	-6.196E+01	0.800	1.232E-27	0	64	68	103	167	187	65M
4479	4480	-1.046E+02	1.00	3.747E-46	0	75	77	0	75	77	76M
4479	6886	-8.370E+01	0.890	4.458E-37	0	72	77	108	176	187	64M4I5M
4479	11147	-8.370E+01	0.890	4.458E-37	0	72	77	108	176	187	64M4I5M
4480	4479	-1.046E+02	1.00	3.747E-46	0	75	77	0	75	77	76M
4480	6886	-8.370E+01	0.890	4.458E-37	0	72	77	108	176	187	64M4I5M
4480	11147	-8.370E+01	0.890	4.458E-37	0	72	77	108	176	187	64M4I5M
4481	4478	-9.144E+01	1.00	1.949E-40	0	66	68	0	66	68	67M
4481	6886	-6.196E+01	0.800	1.232E-27	0	64	68	103	167	187	65M
4481	11147	-6.196E+01	0.800	1.232E-27	0	64	68	103	167	187	65M
4482	4482	-1.418E+02	1.00	2.535E-62	0	97	98	0	97	98	98M
4483	4483	-1.633E+02	1.00	1.180E-71	0	123	124	0	123	124	124M
4484	4484	-3.056E+02	1.00	1.823E-133	0	216	217	0	216	217	217M
4484	8363	-2.889E+02	0.990	3.307E-126	11	216	217	124	329	335	206M
4484	9579	-2.574E+02	0.838	1.636E-112	0	216	217	24	248	2338	88M6D5M2I98M6D5M2I17M
4485	4486	-1.327E+02	1.00	2.405E-58	0	83	85	0	83	85	84M
4485	5828	-1.317E+02	0.988	6.212E-58	0	83	85	105	188	190	84M
4485	10188	-1.317E+02	0.988	6.212E-58	0	83	85	105	188	190	84M
4486	4485	-1.327E+02	1.00	2.405E-58	0	83	85	0	83	85	84M
4486	5828	-1.317E+02	0.988	6.212E-58	0	83	85	105	188	190	84M
4486	10188	-1.317E+02	0.988	6.212E-58	0	83	85	105	188	190	84M
4487	4488	-1.092E+02	1.00	3.707E-48	0	84	86	0	84	86	85M
4487	7151	-1.089E+02	0.988	5.086E-48	0	84	86	166	250	252	85M
4487	11031	-1.089E+02	0.988	5.086E-48	0	84	86	166	250	252	85M
4488	4487	-1.092E+02	1.00	3.707E-48	0	84	86	0	84	86	85M
4488	7151	-1.089E+02	0.988	5.086E-48	0	84	86	166	250	252	85M
4488	11031	-1.089E+02	0.988	5.086E-48	0	84	86	166	250	252	85M
4489	4489	-1.479E+02	1.00	5.822E-65	0	115	116	0	115	116	116M
4490	4490	-1.986E+02	1.00	5.764E-87	0	132	133	0	132	133	133M
4491	4491	-8.308E+01	1.00	8.329E-37	0	57	58	0	57	58	58M
4491	8357	-6.691E+01	0.793	8.757E-30	0	57	58	199	256	403	58M
4491	12140	-6.691E+01	0.793	8.757E-30	0	57	58	199	256	403	58M
4492	4492	-1.213E+02	1.00	2.120E-53	0	84	85	0	84	85	85M
4492	8309	-1.213E+02	1.00	2.120E-53	0	84	85	0	84	185	85M
4492	12078	-1.213E+02	1.00	2.120E-53	0	84	85	0	84	185	85M
4493	4492	-1.213E+02	1.00	2.120E-53	0	84	85	0	84	85	85M
4493	8309	-1.213E+02	1.00	2.120E-53	0	84	85	0	84	185	85M
4493	12078	-1.213E+02	1.00	2.120E-53	0	84	85	0	84	185	85M
4494	4494	-1.288E+02	1.00	1.135E-56	0	98	99	0	98	99	99M
4495	4496	-1.669E+02	1.00	3.240E-73	0	113	115	0	113	115	114M
4495	8310	-1.331E+02	1.00	1.565E-58	0	92	115	0	92	125	93M
4495	12077	-1.331E+02	1.00	1.565E-58	0	92	115	0	92	125	93M
4496	4495	-1.669E+02	1.00	3.240E-73	0	113	115	0	113	115	114M
4496	8310	-1.331E+02	1.00	1.565E-58	0	92	115	0	92	125	93M
4496	12077	-1.331E+02	1.00	1.565E-58	0	92	115	0	92	125	93M
4497	4498	-1.059E+02	1.00	1.038E-46	0	81	83	0	81	83	82M
4498	4497	-1.059E+02	1.00	1.038E-46	0	81	83	0	81	83	82M
4499	4499	-1.736E+02	1.00	4.157E-76	0	120	121	0	120	121	121M
4499	8268	-1.663E+02	0.991	5.947E-73	0	115	121	0	115	463	116M
4499	12052	-1.663E+02	0.991	5.947E-73	0	115	121	0	115	463	116M
4500	4500	-2.809E+01	1.00	6.320E-13	0	28	29	0	28	29	29M
4501	4501	-2.809E+01	1.00	6.320E-13	0	28	29	0	28	29	29M
4502	4502	-2.455E+01	1.00	2.171E-11	0	23	24	0	23	24	24M
4503	4503	-2.455E+01	1.00	2.171E-11	0	23	24	0	23	24	24M
4504	4504	-1.197E+02	1.00	1.031E-52	0	84	85	0	84	85	85M
4505	4504	-1.197E+02	1.00	1.031E-52	0	84	85	0	84	85	85M
4506	4506	-2.584E+02	1.00	6.145E-113	0	175	176	0	175	176	176M
4506	6477	-2.584E+02	1.00	6.145E-113	0	175	176	46	221	279	176M
4506	10642	-2.584E+02	1.00	6.145E-113	0	175	176	46	221	279	176M
4507	4507	-8.652E+01	1.00	2.659E-38	0	64	65	0	64	65	65M
4508	4508	-1.122E+02	1.00	1.816E-49	0	88	89	0	88	89	89M
4508	5988	-1.122E+02	0.988	1.816E-49	0	87	89	341	428	430	88M
4508	10348	-1.122E+02	0.988	1.816E-49	0	87	89	341	428	430	88M
4509	4510	-1.243E+02	1.00	1.041E-54	0	86	88	0	86	88	87M
4510	4509	-1.243E+02	1.00	1.041E-54	0	86	88	0	86	88	87M
4511	4511	-2.529E+02	1.00	1.418E-110	0	170	171	0	170	171	171M
4512	4512	-2.500E+02	1.00	2.748E-109	0	166	167	0	166	167	167M
4513	4513	-1.090E+02	1.00	4.461E-48	0	76	77	0	76	77	77M
4513	6269	-1.090E+02	1.00	4.461E-48	0	76	77	0	76	135	77M
4513	9021	-1.090E+02	1.00	4.461E-48	0	76	77	0	76	135	77M
4514	4513	-1.090E+02	1.00	4.461E-48	0	76	77	0	76	77	77M
4514	6269	-1.090E+02	1.00	4.461E-48	0	76	77	0	76	135	77M
4514	9021	-1.090E+02	1.00	4.461E-48	0	76	77	0	76	135	77M
4515	4516	-1.180E+02	1.00	5.926E-52	0	80	82	0	80	82	81M
4515	8357	-7.332E+01	0.650	1.439E-32	0	79	82	262	341	403	80M
4515	12140	-7.332E+01	0.650	1.439E-32	0	79	82	262	341	403	80M
4516	4515	-1.180E+02	1.00	5.926E-52	0	80	82	0	80	82	81M
4516	8357	-7.332E+01	0.650	1.439E-32	0	79	82	262	341	403	80M
4516	12140	-7.332E+01	0.650	1.439E-32	0	79	82	262	341	403	80M
4517	4517	-2.177E+02	1.00	2.731E-95	0	147	148	0	147	148	148M
4518	4518	-2.367E+02	1.00	1.539E-103	0	159	160	0	159	160	160M
4518	5335	-2.333E+02	0.981	4.953E-102	0	159	160	1	160	405	160M
4518	9395	-2.333E+02	0.981	4.953E-102	0	159	160	1	160	405	160M
4519	4519	-6.908E+01	1.00	1.001E-30	0	58	59	0	58	59	59M
4519	6697	-6.908E+01	1.00	1.001E-30	0	58	59	0	58	547	59M
4519	8850	-6.908E+01	1.00	1.001E-30	0	58	59	0	58	547	59M
4520	4520	-1.003E+02	1.00	2.850E-44	0	74	75	0	74	75	75M
4521	4521	-6.515E+01	1.00	5.062E-29	0	48	49	0	48	49	49M
4522	4522	-2.015E+02	1.00	2.951E-88	0	149	150	0	149	150	150M
4522	7295	-1.962E+02	0.973	6.320E-86	0	149	150	105	254	2312	150M
4522	9579	-1.971E+02	0.980	2.452E-86	0	149	150	131	280	2338	150M
4523	4524	-6.050E+01	1.00	5.319E-27	0	45	47	0	45	47	46M
4524	4523	-6.050E+01	1.00	5.319E-27	0	45	47	0	45	47	46M
4525	4525	-1.522E+01	1.00	2.458E-07	0	19	20	0	19	20	20M
4526	4526	-1.485E+02	1.00	3.174E-65	0	109	110	0	109	110	110M
4526	8372	-1.428E+02	0.990	9.380E-63	0	106	110	26	132	198	107M
4526	12170	-1.447E+02	1.00	1.408E-63	0	106	110	26	132	138	107M
4527	4527	-8.610E+01	1.00	4.040E-38	0	66	67	0	66	67	67M
4528	4528	-2.160E+02	1.00	1.497E-94	0	143	144	0	143	144	144M
4528	5295	-2.160E+02	1.00	1.497E-94	0	143	144	62	205	218	144M
4528	9355	-2.160E+02	1.00	1.497E-94	0	143	144	62	205	218	144M
4529	4529	-1.736E+02	1.00	3.943E-76	0	106	107	0	106	107	107M
4529	7845	-1.035E+02	0.688	1.179E-45	1	106	107	132	235	241	15M1I54M1I35M
4529	11672	-1.035E+02	0.688	1.179E-45	1	106	107	132	235	241	15M1I54M1I35M
4530	4234	-4.669E+01	1.00	5.300E-21	0	36	38	94	130	132	37M
4530	7845	-3.587E+01	0.968	2.637E-16	0	31	38	94	125	241	32M
4530	11672	-3.587E+01	0.968	2.637E-16	0	31	38	94	125	241	32M
4531	4531	-1.333E+02	1.00	1.319E-58	0	91	92	0	91	92	92M
4531	5938	-1.333E+02	1.00	1.319E-58	0	91	92	1	92	110	92M
4531	10298	-1.333E+02	1.00	1.319E-58	0	91	92	1	92	110	92M
4532	4532	-1.585E+02	1.00	1.490E-69	0	112	113	0	112	113	113M
4533	4533	-2.072E+02	1.00	1.011E-90	0	136	137	0	136	137	137M
4534	4534	-9.165E+01	1.00	1.571E-40	0	69	70	0	69	70	70M
4534	6331	-8.373E+01	0.943	4.316E-37	0	69	70	0	70	255	4M1D66M
4534	10539	-8.373E+01	0.943	4.316E-37	0	69	70	0	70	255	4M1D66M
4535	4535	-3.414E+01	1.00	1.486E-15	0	28	29	0	28	29	29M
4536	4537	-6.706E+01	1.00	7.505E-30	0	53	55	0	53	55	54M
4536	5218	-6.611E+01	0.981	1.944E-29	0	53	55	24	77	79	54M
4536	9278	-6.611E+01	0.981	1.944E-29	0	53	55	24	77	79	54M
4537	4536	-6.706E+01	1.00	7.505E-30	0	53	55	0	53	55	54M
4537	5218	-6.611E+01	0.981	1.944E-29	0	53	55	24	77	79	54M
4537	9278	-6.611E+01	0.981	1.944E-29	0	53	55	24	77	79	54M
4538	4538	-5.256E+01	1.00	1.488E-23	0	40	41	0	40	41	41M
4539	4539	-1.320E+02	1.00	4.576E-58	0	97	98	0	97	98	98M
4539	4971	-1.093E+02	0.877	3.540E-48	0	97	98	0	97	444	98M
4539	9031	-1.093E+02	0.877	3.540E-48	0	97	98	0	97	441	98M
4540	4540	-5.452E+01	1.00	2.098E-24	0	39	40	0	39	40	40M
4540	6081	-5.357E+01	0.975	5.440E-24	0	39	40	1	40	75	40M
4540	10441	-5.357E+01	0.975	5.440E-24	0	39	40	1	40	75	40M
4541	4540	-5.452E+01	1.00	2.098E-24	0	39	40	0	39	40	40M
4541	6081	-5.357E+01	0.975	5.440E-24	0	39	40	1	40	75	40M
4541	10441	-5.357E+01	0.975	5.440E-24	0	39	40	1	40	75	40M
4542	4542	-4.880E+01	1.00	6.383E-22	0	39	40	0	39	40	40M
4542	8357	-2.780E+01	0.650	8.475E-13	0	39	40	256	295	403	40M
4542	12140	-2.780E+01	0.650	8.475E-13	0	39	40	256	295	403	40M
4543	4543	-9.925E+01	1.00	7.863E-44	0	69	70	0	69	70	70M
4543	8357	-3.328E+01	0.543	3.525E-15	0	56	70	256	308	403	48M4I5M
4543	12140	-3.328E+01	0.543	3.525E-15	0	56	70	256	308	403	48M4I5M
4544	4544	-1.113E+02	1.00	4.554E-49	0	81	82	0	81	82	82M
4544	7170	-1.113E+02	1.00	4.554E-49	0	81	82	0	81	287	82M
4544	11050	-1.113E+02	1.00	4.554E-49	0	81	82	0	81	287	82M
4545	4545	-1.066E+02	1.00	4.826E-47	0	73	74	0	73	74	74M
4545	6074	-1.054E+02	0.986	1.712E-46	0	72	74	0	72	74	73M
4545	10434	-1.054E+02	0.986	1.712E-46	0	72	74	0	72	74	73M
4546	4546	-1.535E+02	1.00	2.122E-67	0	110	111	0	110	111	111M
4546	7611	-1.494E+02	1.00	1.291E-65	0	106	111	175	281	290	107M
4546	11429	-1.494E+02	1.00	1.291E-65	0	106	111	175	281	290	107M
4547	4547	-2.679E+01	1.00	2.330E-12	0	23	24	0	23	24	24M
4548	4548	-2.679E+01	1.00	2.330E-12	0	23	24	0	23	24	24M
4549	4549	-2.016E+02	1.00	2.905E-88	0	129	130	0	129	130	130M
4550	4550	-1.726E+02	1.00	1.045E-75	0	126	127	0	126	127	127M
4550	7295	-1.692E+02	0.968	3.374E-74	0	126	127	39	165	2312	127M
4550	9579	-1.689E+02	0.968	4.627E-74	0	126	127	174	300	2338	127M
4551	4551	-1.076E+02	1.00	1.932E-47	0	80	81	0	80	81	81M
4551	7173	-1.057E+02	0.987	1.290E-46	0	79	81	87	166	168	80M
4551	11053	-1.057E+02	0.987	1.290E-46	0	79	81	87	166	168	80M
4552	4553	-6.992E+01	1.00	4.322E-31	0	53	55	0	53	55	54M
4552	7455	-6.801E+01	0.962	2.898E-30	0	53	55	87	140	142	54M
4552	11268	-6.801E+01	0.962	2.898E-30	0	53	55	87	140	142	54M
4553	4552	-6.992E+01	1.00	4.322E-31	0	53	55	0	53	55	54M
4553	7455	-6.801E+01	0.962	2.898E-30	0	53	55	87	140	142	54M
4553	11268	-6.801E+01	0.962	2.898E-30	0	53	55	87	140	142	54M
4554	4554	-1.065E+02	1.00	5.512E-47	0	82	83	0	82	83	83M
4554	7542	-1.065E+02	1.00	5.512E-47	0	82	83	0	82	474	83M
4554	11360	-1.065E+02	1.00	5.512E-47	0	82	83	0	82	474	83M
4555	4556	-8.262E+01	1.00	1.318E-36	0	65	67	0	65	67	66M
4556	4555	-8.262E+01	1.00	1.318E-36	0	65	67	0	65	67	66M
4557	4557	-1.123E+02	1.00	1.677E-49	0	80	81	0	80	81	81M
4557	7052	-1.126E+02	1.00	1.222E-49	0	79	81	31	110	112	80M
4557	10833	-1.126E+02	1.00	1.222E-49	0	79	81	31	110	112	80M
4558	4558	-1.708E+02	1.00	6.631E-75	0	112	113	0	112	113	113M
4558	6716	-1.522E+02	0.951	8.279E-67	0	102	113	58	160	162	103M
4558	8869	-1.522E+02	0.951	8.279E-67	0	102	113	58	160	162	103M
4559	4559	-8.890E+01	1.00	2.456E-39	0	67	68	0	67	68	68M
4559	6478	-8.890E+01	1.00	2.456E-39	0	67	68	0	67	793	68M
4559	10641	-8.890E+01	1.00	2.456E-39	0	67	68	0	67	793	68M
4560	4560	-1.608E+02	1.00	1.480E-70	0	110	111	0	110	111	111M
4561	4561	-1.977E+01	1.00	2.602E-09	0	23	24	0	23	24	24M
4562	4562	-8.857E+01	1.00	3.411E-39	0	61	62	0	61	62	62M
4562	7071	-5.877E+01	0.709	2.989E-26	0	61	62	0	61	331	62M
4562	10951	-5.877E+01	0.709	2.989E-26	0	61	62	0	61	331	62M
4563	4563	-5.092E+01	1.00	7.685E-23	0	41	42	0	41	42	42M
4563	7069	-5.124E+01	1.00	5.594E-23	0	40	42	191	231	233	41M
4563	10949	-5.124E+01	1.00	5.594E-23	0	40	42	191	231	233	41M
4564	4565	-3.641E+01	1.00	1.540E-16	0	32	34	0	32	34	33M
4565	4564	-3.641E+01	1.00	1.540E-16	0	32	34	0	32	34	33M
4566	4566	-1.462E+02	1.00	3.118E-64	0	104	105	0	104	105	105M
4567	4567	-1.313E+02	1.00	9.706E-58	0	93	94	0	93	94	94M
4568	4568	-1.387E+02	1.00	5.573E-61	0	102	103	0	102	103	103M
4568	8363	-1.387E+02	1.00	5.573E-61	0	102	103	128	230	335	103M
4568	12150	-1.375E+02	1.00	1.974E-60	0	101	103	128	229	230	102M
4569	4474	-6.875E+01	1.00	1.386E-30	0	51	53	0	51	53	52M
4569	5295	-6.875E+01	1.00	1.386E-30	0	51	53	165	216	218	52M
4569	9355	-6.875E+01	1.00	1.386E-30	0	51	53	165	216	218	52M
4570	4570	-5.648E+01	1.00	2.966E-25	0	44	45	0	44	45	45M
4570	5296	-5.457E+01	0.955	1.994E-24	0	44	45	0	44	404	45M
4570	9356	-5.457E+01	0.955	1.994E-24	0	44	45	0	44	404	45M
4571	4571	-5.558E+01	1.00	7.293E-25	0	43	44	0	43	44	44M
4571	8357	-4.096E+01	0.750	1.628E-18	0	43	44	164	207	403	44M
4571	12140	-4.096E+01	0.750	1.628E-18	0	43	44	164	207	403	44M
4572	4571	-5.558E+01	1.00	7.293E-25	0	43	44	0	43	44	44M
4572	8357	-4.096E+01	0.750	1.628E-18	0	43	44	164	207	403	44M
4572	12140	-4.096E+01	0.750	1.628E-18	0	43	44	164	207	403	44M
4573	4573	-1.323E+02	1.00	3.335E-58	0	97	98	0	97	98	98M
4573	8372	-1.304E+02	0.989	2.224E-57	0	97	98	13	110	198	98M
4573	12170	-1.323E+02	1.00	3.335E-58	0	97	98	13	110	138	98M
4574	4575	-7.802E+01	1.00	1.313E-34	0	62	64	0	62	64	63M
4575	4574	-7.802E+01	1.00	1.313E-34	0	62	64	0	62	64	63M
4576	4576	-3.763E+01	1.00	4.556E-17	0	34	35	0	34	35	35M
4576	8303	-3.763E+01	1.00	4.556E-17	0	34	35	0	34	103	35M
4576	12084	-3.763E+01	1.00	4.556E-17	0	34	35	0	34	128	35M
4577	4576	-3.763E+01	1.00	4.556E-17	0	34	35	0	34	35	35M
4577	8303	-3.763E+01	1.00	4.556E-17	0	34	35	0	34	103	35M
4577	12084	-3.763E+01	1.00	4.556E-17	0	34	35	0	34	128	35M
4578	4578	-9.287E+01	1.00	4.654E-41	0	70	71	0	70	71	71M
4578	5953	-9.033E+01	0.985	5.863E-40	0	70	71	0	70	1286	71M
4578	10313	-9.033E+01	0.985	5.863E-40	0	70	71	0	70	1286	71M
4579	4579	-1.182E+02	1.00	4.680E-52	0	89	90	0	89	90	90M
4579	8363	-1.182E+02	1.00	4.680E-52	0	89	90	188	277	335	90M
4579	9579	-1.090E+02	0.988	4.513E-48	6	89	90	0	83	2338	84M
4580	4580	-1.160E+02	1.00	4.078E-51	0	88	89	0	88	89	89M
4580	8363	-1.056E+02	0.910	1.395E-46	0	88	89	187	275	335	89M
4580	9579	-9.894E+01	0.863	1.073E-43	0	88	89	207	299	2338	14M6D5M2I68M
4581	4581	-6.135E+01	1.00	2.280E-27	0	48	49	0	48	49	49M
4581	7545	-6.008E+01	0.979	8.115E-27	0	48	49	0	48	235	49M
4581	11363	-6.008E+01	0.979	8.115E-27	0	48	49	0	48	235	49M
4582	4582	-4.107E+01	1.00	1.454E-18	0	35	36	0	35	36	36M
4582	8310	-4.107E+01	1.00	1.454E-18	0	35	36	0	35	125	36M
4582	12077	-4.107E+01	1.00	1.454E-18	0	35	36	0	35	125	36M
4583	4582	-4.107E+01	1.00	1.454E-18	0	35	36	0	35	36	36M
4583	8310	-4.107E+01	1.00	1.454E-18	0	35	36	0	35	125	36M
4583	12077	-4.107E+01	1.00	1.454E-18	0	35	36	0	35	125	36M
4584	4584	-1.151E+02	1.00	1.074E-50	0	82	83	0	82	83	83M
4584	6641	-1.144E+02	0.987	2.022E-50	0	81	83	253	334	336	82M
4584	8794	-1.144E+02	0.987	2.022E-50	0	81	83	253	334	336	82M
4585	4585	-1.180E+02	1.00	5.818E-52	0	87	88	0	87	88	88M
4585	8363	-1.148E+02	0.965	1.376E-50	0	87	88	128	215	335	88M
4585	12150	-1.148E+02	0.965	1.376E-50	0	87	88	128	215	230	88M
4586	4586	-6.733E+01	1.00	5.754E-30	0	55	56	0	55	56	56M
4586	7077	-6.733E+01	1.00	5.754E-30	0	55	56	0	55	452	56M
4586	10957	-6.733E+01	1.00	5.754E-30	0	55	56	0	55	452	56M
4587	4587	-1.155E+02	1.00	6.620E-51	0	85	86	0	85	86	86M
4587	7295	-1.140E+02	0.976	3.220E-50	0	85	86	124	209	2312	86M
4587	9579	-1.140E+02	0.976	3.220E-50	0	85	86	150	235	2338	86M
4588	4588	-4.997E+01	1.00	1.993E-22	0	41	42	0	41	42	42M
4588	7903	-5.028E+01	1.00	1.451E-22	0	40	42	46	86	88	41M
4588	11722	-5.028E+01	1.00	1.451E-22	0	40	42	46	86	88	41M
4589	4589	-7.192E+01	1.00	5.813E-32	0	52	53	0	52	53	53M
4589	7595	-7.224E+01	1.00	4.233E-32	0	51	53	322	373	375	52M
4589	11413	-7.224E+01	1.00	4.233E-32	0	51	53	322	373	375	52M
4590	4590	-1.156E+02	1.00	5.995E-51	0	83	84	0	83	84	84M
4590	8372	-1.128E+02	0.976	1.034E-49	0	83	84	94	177	198	84M
4590	12247	-9.665E+01	1.00	1.056E-42	0	72	84	0	72	73	73M
4591	4592	-6.261E+01	1.00	6.407E-28	0	47	49	0	47	49	48M
4591	8357	-4.324E+01	0.723	1.664E-19	0	46	49	127	173	403	47M
4591	12140	-4.324E+01	0.723	1.664E-19	0	46	49	127	173	403	47M
4592	4591	-6.261E+01	1.00	6.407E-28	0	47	49	0	47	49	48M
4592	8357	-4.324E+01	0.723	1.664E-19	0	46	49	127	173	403	47M
4592	12140	-4.324E+01	0.723	1.664E-19	0	46	49	127	173	403	47M
4593	4593	-1.141E+02	1.00	2.916E-50	0	83	84	0	83	84	84M
4594	4594	-5.505E+01	1.00	1.237E-24	0	47	48	0	47	48	48M
4594	8372	-4.520E+01	1.00	2.344E-20	7	47	48	19	59	198	41M
4594	12170	-4.520E+01	1.00	2.344E-20	7	47	48	19	59	138	41M
4595	4596	-5.558E+01	1.00	7.293E-25	0	42	44	0	42	44	43M
4595	8329	-1.704E+01	0.540	3.996E-08	0	36	44	47	83	317	37M
4595	12115	-1.704E+01	0.540	3.996E-08	0	36	44	47	83	317	37M
4596	4595	-5.558E+01	1.00	7.293E-25	0	42	44	0	42	44	43M
4596	8329	-1.704E+01	0.540	3.996E-08	0	36	44	47	83	317	37M
4596	12115	-1.704E+01	0.540	3.996E-08	0	36	44	47	83	317	37M
4597	4597	-3.487E+01	1.00	7.157E-16	0	32	33	0	32	33	33M
4597	8357	-1.091E+01	0.531	1.828E-05	1	32	33	0	31	403	32M
4597	12140	-1.091E+01	0.531	1.828E-05	1	32	33	0	31	403	32M
4598	4597	-3.487E+01	1.00	7.157E-16	0	32	33	0	32	33	33M
4598	8357	-1.091E+01	0.531	1.828E-05	1	32	33	0	31	403	32M
4598	12140	-1.091E+01	0.531	1.828E-05	1	32	33	0	31	403	32M
4599	4600	-5.595E+01	1.00	5.034E-25	0	41	43	0	41	43	42M
4599	8491	-5.595E+01	1.00	5.034E-25	0	41	43	0	41	45	42M
4599	12267	-5.595E+01	1.00	5.034E-25	0	41	43	0	41	45	42M
4600	4599	-5.595E+01	1.00	5.034E-25	0	41	43	0	41	43	42M
4600	8491	-5.595E+01	1.00	5.034E-25	0	41	43	0	41	45	42M
4600	12267	-5.595E+01	1.00	5.034E-25	0	41	43	0	41	45	42M
4601	4602	-5.484E+01	1.00	1.530E-24	0	44	46	0	44	46	45M
4602	4601	-5.484E+01	1.00	1.530E-24	0	44	46	0	44	46	45M
4603	4604	-4.859E+01	1.00	7.904E-22	0	42	44	0	42	44	43M
4603	5683	-4.478E+01	1.00	3.584E-20	0	40	44	799	839	895	41M
4603	9891	-4.478E+01	1.00	3.584E-20	0	40	44	799	839	895	41M
4604	4603	-4.859E+01	1.00	7.904E-22	0	42	44	0	42	44	43M
4604	5683	-4.478E+01	1.00	3.584E-20	0	40	44	799	839	895	41M
4604	9891	-4.478E+01	1.00	3.584E-20	0	40	44	799	839	895	41M
4605	4605	-8.890E+01	1.00	2.456E-39	0	67	68	0	67	68	68M
4606	4606	-2.180E+01	1.00	3.402E-10	0	21	22	0	21	22	22M
4607	4607	-2.180E+01	1.00	3.402E-10	0	21	22	0	21	22	22M
4608	4609	-5.304E+01	1.00	9.252E-24	0	42	44	0	42	44	43M
4608	7230	-5.113E+01	1.00	6.222E-23	0	41	44	15	56	250	42M
4608	9644	-5.113E+01	1.00	6.222E-23	0	41	44	15	56	250	42M
4609	4608	-5.304E+01	1.00	9.252E-24	0	42	44	0	42	44	43M
4609	7230	-5.113E+01	1.00	6.222E-23	0	41	44	15	56	250	42M
4609	9644	-5.113E+01	1.00	6.222E-23	0	41	44	15	56	250	42M
4610	4610	-1.151E+02	1.00	9.875E-51	0	74	75	0	74	75	75M
4611	4611	-7.727E+01	1.00	2.771E-34	0	59	60	0	59	60	60M
4611	5672	-4.776E+01	0.777	1.811E-21	0	53	60	44	97	200	54M
4611	9880	-4.776E+01	0.777	1.811E-21	0	53	60	44	97	200	54M
4612	4612	-5.431E+01	1.00	2.597E-24	0	43	44	0	43	44	44M
4612	8011	-5.177E+01	0.976	3.296E-23	1	43	44	164	206	572	43M
4612	11830	-5.177E+01	0.976	3.296E-23	1	43	44	164	206	572	43M
4613	4613	-3.467E+01	1.00	8.800E-16	0	30	31	0	30	31	31M
4613	8011	-3.467E+01	1.00	8.800E-16	0	30	31	176	206	572	31M
4613	11830	-3.467E+01	1.00	8.800E-16	0	30	31	176	206	572	31M
4614	4614	-1.153E+02	1.00	8.226E-51	0	83	84	0	83	84	84M
4615	4615	-8.419E+01	1.00	2.735E-37	0	60	61	0	60	61	61M
4616	4616	-6.606E+01	1.00	2.047E-29	0	55	56	0	55	56	56M
4617	4617	-5.743E+01	1.00	1.144E-25	0	44	45	0	44	45	45M
4617	6563	-5.743E+01	1.00	1.144E-25	0	44	45	0	44	139	45M
4617	10126	-5.743E+01	1.00	1.144E-25	0	44	45	0	44	139	45M
4618	4618	-3.698E+01	1.00	8.682E-17	0	40	41	0	40	41	41M
4618	7972	-3.698E+01	1.00	8.682E-17	0	40	41	0	40	744	41M
4618	11791	-3.698E+01	1.00	8.682E-17	0	40	41	0	40	744	41M
4619	4619	-8.780E+01	1.00	7.388E-39	0	70	71	0	70	71	71M
4620	4620	-1.129E+02	1.00	9.360E-50	0	81	82	0	81	82	82M
4620	8363	-1.037E+02	0.938	9.053E-46	1	81	82	131	211	335	81M
4620	12150	-1.037E+02	0.938	9.053E-46	1	81	82	131	211	230	81M
4621	4621	-1.085E+02	1.00	7.475E-48	0	80	81	0	80	81	81M
4621	8357	-6.354E+01	0.592	2.533E-28	0	80	81	26	106	403	81M
4621	12140	-6.354E+01	0.592	2.533E-28	0	80	81	26	106	403	81M
4622	4622	-5.664E+01	1.00	2.529E-25	0	41	42	0	41	42	42M
4622	5180	-5.664E+01	1.00	2.529E-25	0	41	42	0	41	161	42M
4622	9240	-5.664E+01	1.00	2.529E-25	0	41	42	0	41	161	42M
4623	4623	-1.158E+02	1.00	5.163E-51	0	80	81	0	80	81	81M
4623	8357	-8.635E+01	0.753	3.141E-38	0	80	81	215	295	403	81M
4623	12140	-8.635E+01	0.753	3.141E-38	0	80	81	215	295	403	81M
4624	4624	-4.669E+01	1.00	5.300E-21	0	37	38	0	37	38	38M
4625	4625	-2.603E+01	1.00	4.954E-12	0	25	26	0	25	26	26M
4626	4626	-1.089E+02	1.00	4.930E-48	0	78	79	0	78	79	79M
4626	8472	-1.020E+02	1.00	5.209E-45	3	77	79	0	74	75	75M
4626	12246	-1.020E+02	1.00	5.209E-45	3	77	79	0	74	75	75M
4627	4627	-9.101E+01	1.00	2.997E-40	0	63	64	0	63	64	64M
4627	6948	-9.132E+01	1.00	2.183E-40	0	62	64	368	430	432	63M
4627	12011	-9.132E+01	1.00	2.183E-40	0	62	64	368	430	432	63M
4628	4628	-1.049E+02	1.00	2.871E-46	0	77	78	0	77	78	78M
4628	8363	-1.033E+02	0.987	1.397E-45	0	77	78	131	208	335	78M
4628	12150	-1.033E+02	0.987	1.397E-45	0	77	78	131	208	230	78M
4629	4629	-1.027E+02	1.00	2.381E-45	0	75	76	0	75	76	76M
4629	8372	-1.015E+02	0.986	8.447E-45	0	75	76	94	169	198	76M
4629	12247	-9.768E+01	1.00	3.771E-43	0	72	76	0	72	73	73M
4630	4630	-9.610E+01	1.00	1.836E-42	0	75	76	0	75	76	76M
4630	8363	-9.515E+01	0.986	4.748E-42	0	75	76	188	263	335	76M
4630	9579	-8.692E+01	0.985	1.787E-38	6	75	76	0	69	2338	70M
4631	4631	-6.843E+01	1.00	1.903E-30	0	52	53	0	52	53	53M
4631	8032	-6.241E+01	0.923	7.892E-28	0	51	53	477	528	530	52M
4631	11873	-6.241E+01	0.923	7.892E-28	0	51	53	477	528	530	52M
4632	4632	-9.800E+01	1.00	2.748E-43	0	75	76	0	75	76	76M
4632	8468	-9.547E+01	0.973	3.459E-42	0	75	76	11	86	91	76M
4632	12242	-9.547E+01	0.973	3.459E-42	0	75	76	2	77	86	76M
4633	4633	-1.003E+02	1.00	2.850E-44	0	74	75	0	74	75	75M
4633	5191	-1.006E+02	1.00	2.077E-44	0	73	75	89	162	164	74M
4633	9251	-1.006E+02	1.00	2.077E-44	0	73	75	89	162	164	74M
4634	4634	-1.044E+02	1.00	4.425E-46	0	73	74	0	73	74	74M
4634	8357	-8.258E+01	0.797	1.364E-36	0	73	74	127	200	403	74M
4634	12140	-8.258E+01	0.797	1.364E-36	0	73	74	127	200	403	74M
4635	4635	-9.752E+01	1.00	4.454E-43	0	72	73	0	72	73	73M
4635	8372	-9.562E+01	0.986	2.977E-42	0	72	73	13	85	198	73M
4635	12170	-9.752E+01	1.00	4.454E-43	0	72	73	13	85	138	73M
4636	4636	-5.743E+01	1.00	1.144E-25	0	44	45	0	44	45	45M
4636	6477	-5.743E+01	1.00	1.144E-25	0	44	45	0	44	279	45M
4636	10642	-5.743E+01	1.00	1.144E-25	0	44	45	0	44	279	45M
4637	4637	-9.324E+01	1.00	3.224E-41	0	69	70	0	69	70	70M
4638	4638	-2.754E+01	1.00	1.096E-12	0	21	22	0	21	22	22M
4639	4639	-5.028E+01	1.00	1.451E-22	0	41	42	0	41	42	42M
4639	5990	-5.028E+01	1.00	1.451E-22	0	41	42	0	41	524	42M
4639	10350	-5.028E+01	1.00	1.451E-22	0	41	42	0	41	524	42M
4640	4640	-8.917E+01	1.00	1.882E-39	0	68	69	0	68	69	69M
4640	8468	-8.822E+01	0.985	4.867E-39	0	68	69	7	75	91	69M
4640	9579	-8.727E+01	0.971	1.259E-38	0	68	69	24	92	2338	69M
4641	4641	-7.269E+01	1.00	2.692E-32	0	68	69	0	68	69	69M
4641	4857	-7.238E+01	0.985	3.697E-32	0	68	69	273	341	361	69M
4641	8656	-7.238E+01	0.985	3.697E-32	0	68	69	273	341	361	69M
4642	4642	-5.097E+01	1.00	7.292E-23	0	46	47	0	46	47	47M
4642	6404	-5.129E+01	1.00	5.307E-23	0	45	47	822	867	869	46M
4642	10715	-5.129E+01	1.00	5.307E-23	0	45	47	822	867	869	46M
4643	4643	-9.090E+01	1.00	3.318E-40	0	65	66	0	65	66	66M
4643	8357	-7.316E+01	0.833	1.687E-32	0	65	66	103	168	403	66M
4643	12140	-7.316E+01	0.833	1.687E-32	0	65	66	103	168	403	66M
4644	4644	-3.980E+01	1.00	5.189E-18	0	35	36	0	35	36	36M
4645	4645	-8.023E+01	1.00	1.428E-35	0	63	64	0	63	64	64M
4645	8468	-7.928E+01	0.984	3.696E-35	0	63	64	3	66	91	64M
4645	9579	-7.833E+01	0.968	9.563E-35	0	63	64	20	83	2338	64M
4646	4646	-8.784E+01	1.00	7.118E-39	0	63	64	0	63	64	64M
4646	5341	-8.182E+01	1.00	2.929E-36	0	60	64	237	297	305	61M
4646	9401	-8.182E+01	1.00	2.929E-36	0	60	64	237	297	305	61M
4647	4647	-5.902E+01	1.00	2.334E-26	0	50	51	0	50	51	51M
4647	5456	-4.568E+01	0.860	1.452E-20	0	49	51	80	129	160	50M
4647	9516	-4.568E+01	0.860	1.452E-20	0	49	51	80	129	160	50M
4648	4648	-3.562E+01	1.00	3.387E-16	0	30	31	0	30	31	31M
4648	6460	-3.435E+01	0.967	1.210E-15	0	30	31	192	222	379	31M
4648	10659	-3.435E+01	0.967	1.210E-15	0	30	31	192	222	379	31M
4649	4649	-8.662E+01	1.00	2.402E-38	0	62	63	0	62	63	63M
4650	4650	-7.780E+01	1.00	1.628E-34	0	61	62	0	61	62	62M
4651	4651	-7.938E+01	1.00	3.369E-35	0	55	56	0	55	56	56M
4652	4652	-8.636E+01	1.00	3.133E-38	0	61	62	0	61	62	62M
4653	4653	-8.799E+01	1.00	6.108E-39	0	60	61	0	60	61	61M
4654	4654	-2.148E+01	1.00	4.680E-10	0	21	22	0	21	22	22M
4655	4655	-8.535E+01	1.00	8.530E-38	0	62	63	0	62	63	63M
4656	4656	-5.701E+01	1.00	1.747E-25	0	46	47	0	46	47	47M
4656	6690	-5.034E+01	1.00	1.377E-22	0	41	47	44	85	172	42M
4656	8843	-5.034E+01	1.00	1.377E-22	0	41	47	44	85	172	42M
4657	4657	-2.571E+01	1.00	6.814E-12	0	25	26	0	25	26	26M
4658	4658	-4.668E+01	1.00	5.321E-21	0	43	44	0	43	44	44M
4658	5890	-4.636E+01	0.976	7.312E-21	0	42	44	85	127	343	43M
4658	10250	-4.636E+01	0.976	7.312E-21	0	42	44	85	127	343	43M
4659	4659	-8.187E+01	1.00	2.784E-36	0	62	63	0	62	63	63M
4660	4660	-8.250E+01	1.00	1.477E-36	0	62	63	0	62	63	63M
4661	4661	-5.986E+01	1.00	1.004E-26	0	46	47	0	46	47	47M
4661	7097	-5.415E+01	1.00	3.044E-24	0	41	47	80	121	226	42M
4661	10977	-5.415E+01	1.00	3.044E-24	0	41	47	80	121	226	42M
4662	4662	-2.258E+01	1.00	1.561E-10	0	24	25	0	24	25	25M
4663	4663	-3.253E+01	1.00	7.430E-15	0	34	35	0	34	35	35M
4663	4803	-3.253E+01	1.00	7.430E-15	0	34	35	0	34	104	35M
4663	8602	-3.253E+01	1.00	7.430E-15	0	34	35	0	34	104	35M
4664	4664	-3.482E+01	1.00	7.565E-16	0	33	34	0	33	34	34M
4665	4665	-9.011E+01	1.00	7.366E-40	0	62	63	0	62	63	63M
4666	885	-5.690E+01	1.00	1.942E-25	0	41	43	103	144	203	42M
4666	7480	-5.690E+01	1.00	1.942E-25	0	41	43	103	144	203	42M
4666	9706	-5.690E+01	1.00	1.942E-25	0	41	43	103	144	203	42M
4667	4667	-2.238E+01	1.00	1.908E-10	0	22	23	0	22	23	23M
4668	4668	-8.339E+01	1.00	6.067E-37	0	57	58	0	57	58	58M
4668	8364	-8.213E+01	0.982	2.155E-36	0	56	58	111	167	169	57M
4668	12085	-8.213E+01	0.982	2.155E-36	0	56	58	111	167	169	57M
4669	4669	-7.547E+01	1.00	1.675E-33	0	57	58	0	57	58	58M
4669	8471	-7.547E+01	1.00	1.675E-33	0	57	58	1	58	77	58M
4669	12245	-7.547E+01	1.00	1.675E-33	0	57	58	1	58	77	58M
4670	4670	-6.796E+01	1.00	3.051E-30	0	55	56	0	55	56	56M
4670	7295	-6.701E+01	0.982	7.902E-30	0	55	56	214	269	2312	56M
4670	9579	-6.701E+01	0.982	7.902E-30	0	55	56	240	295	2338	56M
4671	4672	-3.778E+01	1.00	3.905E-17	0	36	38	0	36	38	37M
4671	5634	-2.503E+01	0.885	1.343E-11	0	34	38	452	486	700	35M
4671	9764	-2.503E+01	0.885	1.343E-11	0	34	38	452	486	700	35M
4672	4671	-3.778E+01	1.00	3.905E-17	0	36	38	0	36	38	37M
4672	5634	-2.503E+01	0.885	1.343E-11	0	34	38	452	486	700	35M
4672	9764	-2.503E+01	0.885	1.343E-11	0	34	38	452	486	700	35M
4673	4673	-6.711E+01	1.00	7.127E-30	0	53	54	0	53	54	54M
4673	8372	-6.711E+01	1.00	7.127E-30	0	53	54	13	66	198	54M
4673	12170	-6.711E+01	1.00	7.127E-30	0	53	54	13	66	138	54M
4674	4674	-6.214E+01	1.00	1.029E-27	0	51	52	0	51	52	52M
4674	8372	-6.214E+01	1.00	1.029E-27	0	51	52	2	53	198	52M
4674	12170	-6.214E+01	1.00	1.029E-27	0	51	52	2	53	138	52M
4675	4674	-6.214E+01	1.00	1.029E-27	0	51	52	0	51	52	52M
4675	8372	-6.214E+01	1.00	1.029E-27	0	51	52	2	53	198	52M
4675	12170	-6.214E+01	1.00	1.029E-27	0	51	52	2	53	138	52M
4676	4676	-6.722E+01	1.00	6.425E-30	0	51	52	0	51	52	52M
4676	8357	-5.135E+01	0.769	5.016E-23	0	51	52	167	218	403	52M
4676	12140	-5.135E+01	0.769	5.016E-23	0	51	52	167	218	403	52M
4677	4677	-6.627E+01	1.00	1.664E-29	0	51	52	0	51	52	52M
4677	7295	-6.627E+01	1.00	1.664E-29	0	51	52	233	284	2312	52M
4677	9579	-6.627E+01	1.00	1.664E-29	0	51	52	259	310	2338	52M
4678	4678	-6.378E+01	1.00	1.999E-28	0	50	51	0	50	51	51M
4679	4679	-6.441E+01	1.00	1.060E-28	0	50	51	0	50	51	51M
4679	8471	-6.283E+01	1.00	5.179E-28	1	50	51	0	49	77	50M
4679	12170	-6.441E+01	1.00	1.060E-28	0	50	51	26	76	138	51M
4680	4680	-6.547E+01	1.00	3.686E-29	0	48	49	0	48	49	49M
4680	8488	-6.547E+01	1.00	3.686E-29	0	48	49	3	51	52	49M
4680	12260	-6.547E+01	1.00	3.686E-29	0	48	49	3	51	52	49M
4681	4681	-3.006E+01	1.00	8.821E-14	0	27	28	0	27	28	28M
4682	4682	-5.568E+01	1.00	6.557E-25	0	47	48	0	47	48	48M
4682	8372	-5.568E+01	1.00	6.557E-25	0	47	48	19	66	198	48M
4682	12170	-5.568E+01	1.00	6.557E-25	0	47	48	19	66	138	48M
4683	4683	-5.822E+01	1.00	5.172E-26	0	47	48	0	47	48	48M
4683	8469	-5.822E+01	1.00	5.172E-26	0	47	48	30	77	78	48M
4683	12243	-5.727E+01	0.979	1.340E-25	0	47	48	18	65	80	48M
4684	4684	-5.796E+01	1.00	6.740E-26	0	46	47	0	46	47	47M
4684	8372	-5.796E+01	1.00	6.740E-26	0	46	47	13	59	198	47M
4684	12170	-5.796E+01	1.00	6.740E-26	0	46	47	13	59	138	47M
4685	4685	-5.669E+01	1.00	2.400E-25	0	46	47	0	46	47	47M
4685	8475	-5.669E+01	1.00	2.400E-25	0	46	47	2	48	72	47M
4685	12251	-5.669E+01	1.00	2.400E-25	0	46	47	14	60	64	47M
4686	4686	-5.674E+01	1.00	2.277E-25	0	45	46	0	45	46	46M
4686	8469	-5.674E+01	1.00	2.277E-25	0	45	46	13	58	78	46M
4686	12243	-5.579E+01	0.978	5.902E-25	0	45	46	1	46	80	46M
4687	4687	-4.954E+01	1.00	3.047E-22	0	43	44	0	43	44	44M
4687	8372	-4.954E+01	1.00	3.047E-22	0	43	44	91	134	198	44M
4687	12170	-4.954E+01	1.00	3.047E-22	0	43	44	91	134	138	44M
4688	4688	-5.235E+01	1.00	1.841E-23	0	44	45	0	44	45	45M
4688	8482	-5.235E+01	1.00	1.841E-23	0	44	45	0	44	56	45M
4688	12243	-5.235E+01	1.00	1.841E-23	0	44	45	24	68	80	45M
4689	4689	-4.954E+01	1.00	3.047E-22	0	43	44	0	43	44	44M
4689	8477	-4.859E+01	0.977	7.904E-22	0	43	44	9	52	67	44M
4689	12259	-4.859E+01	0.977	7.904E-22	0	43	44	0	43	54	44M
4690	4690	-5.023E+01	1.00	1.530E-22	0	42	43	0	42	43	43M
4690	8475	-5.023E+01	1.00	1.530E-22	0	42	43	7	49	72	43M
4690	12251	-5.023E+01	1.00	1.530E-22	0	42	43	19	61	64	43M
4691	4691	-7.084E+02	1.00	0.000E+00	0	41	42	0	41	42	42M
4692	4692	-7.084E+02	1.00	0.000E+00	0	41	42	0	41	42	42M
 