8492	1770	1.718E-248	0.994	1.692E-248	0	354	356	0	354	356	355M
8493	1771	5.753E-174	1.00	5.525E-174	0	276	278	0	276	278	277M
8494	1772	2.489E-198	1.00	2.514E-198	0	284	286	0	284	286	285M
8495	1773	5.809E-139	0.980	5.578E-139	0	200	202	0	200	202	201M
8496	1774	5.940E-109	0.988	5.789E-109	0	174	176	0	174	176	175M
8497	1775	7.628E-51	1.00	7.447E-51	0	80	82	0	80	82	81M
8498	1776	4.288E-215	1.00	4.175E-215	0	327	329	0	327	329	328M
8499	1777	5.352E-146	1.00	5.523E-146	0	219	221	0	219	221	220M
8500	1778	2.217E-308	0.998	0.000E+00	0	660	662	0	660	662	661M
8501	1779	2.217E-308	0.997	0.000E+00	0	482	484	0	482	484	483M
8502	1780	9.046E-233	1.00	9.382E-233	0	361	363	0	361	363	362M
8503	1781	2.601E-99	0.993	2.604E-99	0	157	159	0	157	159	158M
8504	1782	7.867E-179	0.986	7.682E-179	0	293	295	0	293	295	294M
8505	1783	5.324E-144	1.00	5.264E-144	0	222	224	0	222	224	223M
8506	1784	4.880E-149	0.995	4.646E-149	0	236	238	0	236	238	237M
8507	1785	4.991E-119	1.00	4.774E-119	0	190	192	0	190	192	191M
8508	1786	5.135E-130	0.984	5.076E-130	0	196	198	0	196	198	197M
8509	1787	4.415E-265	1.00	4.547E-265	0	414	416	0	414	416	415M
8510	1788	1.076E-183	0.986	1.055E-183	0	303	305	0	303	305	304M
8511	1789	5.233E-176	0.988	4.980E-176	0	263	265	0	263	265	264M
8512	1790	7.224E-146	0.995	7.441E-146	0	212	214	0	212	214	213M
8513	1791	2.152E-103	1.00	2.050E-103	0	164	166	0	164	166	165M
8514	1792	1.974E-147	0.991	2.014E-147	0	229	231	0	229	231	230M
8515	4222	2.217E-308	0.970	0.000E+00	0	826	828	0	806	808	448M20I359M
8516	2397	2.455E-38	0.389	2.455E-38	1	185	198	12	195	219	83M1I101M
8517	2714	2.217E-308	0.996	0.000E+00	0	809	811	0	809	811	810M
8518	2715	2.217E-308	0.994	0.000E+00	0	683	685	0	683	685	684M
8519	2716	4.194E-44	0.985	4.174E-44	0	68	70	0	68	70	69M
8520	2717	3.241E-68	0.991	3.177E-68	0	119	144	0	119	129	120M
8521	2718	2.217E-308	0.997	0.000E+00	0	730	732	0	730	732	731M
8522	2719	6.223E-127	0.994	6.418E-127	0	187	189	0	187	189	188M
8523	2720	1.661E-235	1.00	1.641E-235	0	360	362	0	360	362	361M
8524	2721	7.020E-15	1.00	7.030E-15	0	32	34	0	32	34	33M
8525	2722	1.552E-54	0.947	1.621E-54	0	95	97	0	95	97	96M
8526	2723	1.147E-53	1.00	1.183E-53	0	84	86	0	84	86	85M
8527	2724	5.351E-262	0.997	5.118E-262	0	389	391	0	389	391	390M
8528	590	2.217E-308	0.991	0.000E+00	0	495	497	0	495	497	496M
8529	589	4.041E-76	1.00	3.861E-76	0	124	126	0	124	126	125M
8530	588	1.424E-214	1.00	1.491E-214	0	334	336	0	334	336	335M
8531	587	3.814E-131	1.00	3.649E-131	0	207	209	0	207	209	208M
8532	586	6.075E-79	1.00	5.874E-79	0	127	129	0	127	129	128M
8533	585	8.901E-72	1.00	9.270E-72	0	117	119	0	117	119	118M
8534	584	5.164E-20	1.00	5.178E-20	0	37	39	0	37	39	38M
8535	583	1.905E-288	1.00	1.930E-288	0	449	451	0	449	451	450M
8536	582	1.858E-85	1.00	1.937E-85	0	145	147	0	145	147	146M
8537	581	1.291E-33	1.00	1.285E-33	0	57	59	0	57	59	58M
8538	580	1.427E-99	1.00	1.410E-99	0	164	166	0	164	166	165M
8539	579	5.329E-67	1.00	5.341E-67	0	115	117	0	115	117	116M
8540	578	1.088E-110	1.00	1.053E-110	0	176	178	0	176	178	177M
8541	577	9.939E-76	0.992	9.692E-76	0	130	132	0	130	132	131M
8542	576	1.430E-61	1.00	1.499E-61	0	100	102	0	100	102	101M
8543	575	1.480E-113	1.00	1.464E-113	0	177	179	0	177	179	178M
8544	574	3.897E-62	1.00	3.751E-62	0	104	106	0	104	106	105M
8545	573	2.212E-75	1.00	2.222E-75	0	121	123	0	121	123	122M
8546	572	8.409E-50	1.00	8.319E-50	0	84	86	0	84	86	85M
8547	571	5.144E-34	1.00	5.161E-34	0	64	66	0	64	66	65M
8548	570	9.229E-86	1.00	9.177E-86	0	136	138	0	136	138	137M
8549	569	6.117E-159	1.00	6.306E-159	0	249	251	0	249	251	250M
8550	568	5.288E-64	1.00	5.456E-64	0	108	110	0	108	110	109M
8551	567	4.711E-58	1.00	4.672E-58	0	90	92	0	90	92	91M
8552	566	2.940E-185	1.00	2.851E-185	0	273	275	0	273	275	274M
8553	565	7.101E-62	1.00	7.410E-62	0	105	107	0	105	107	106M
8554	564	3.059E-123	1.00	3.020E-123	0	199	201	0	199	201	200M
8555	563	2.862E-136	1.00	2.750E-136	0	211	213	0	211	213	212M
8556	562	2.619E-63	1.00	2.713E-63	0	102	104	0	102	104	103M
8557	561	6.848E-164	1.00	6.969E-164	0	241	243	0	241	243	242M
8558	560	1.809E-268	0.984	1.831E-268	0	395	397	0	395	397	396M
8559	559	2.217E-308	0.998	0.000E+00	0	514	516	0	514	516	515M
8560	558	2.291E-166	1.00	2.243E-166	0	253	255	0	253	255	254M
8561	557	4.233E-94	0.986	4.250E-94	0	144	146	0	144	146	145M
8562	556	6.830E-163	0.996	7.169E-163	0	257	259	0	257	259	258M
8563	555	1.435E-217	0.996	1.463E-217	0	314	316	0	314	316	315M
8564	554	6.132E-276	1.00	6.114E-276	0	438	440	0	438	440	439M
8565	553	5.482E-194	1.00	5.582E-194	0	289	291	0	289	291	290M
8566	552	2.217E-308	0.998	0.000E+00	0	855	857	0	856	858	36M1D820M
8567	551	7.180E-221	0.987	7.450E-221	0	327	329	0	327	329	328M
8568	550	5.370E-186	1.00	5.115E-186	0	270	272	0	270	272	271M
8569	549	2.217E-308	0.998	0.000E+00	0	680	682	0	680	682	681M
8570	548	7.740E-134	0.990	7.662E-134	0	210	212	0	210	212	211M
8571	547	3.351E-81	0.977	3.483E-81	0	132	134	0	132	134	133M
8572	546	5.617E-126	1.00	5.407E-126	0	192	194	0	192	194	193M
8573	545	9.742E-223	1.00	1.006E-222	0	336	338	0	336	338	337M
8574	544	6.376E-59	1.00	6.222E-59	0	94	96	0	94	96	95M
8575	543	3.171E-137	1.00	3.170E-137	0	212	214	0	212	214	213M
8576	542	1.167E-137	1.00	1.209E-137	0	225	227	0	225	227	226M
8577	541	9.125E-159	0.996	9.178E-159	0	257	259	0	257	259	258M
8578	540	2.339E-174	1.00	2.327E-174	0	271	273	0	271	273	272M
8579	538	2.217E-308	0.980	0.000E+00	0	605	607	0	614	616	407M9D199M
8580	537	2.463E-194	0.996	2.497E-194	0	292	294	0	292	294	293M
8581	536	2.217E-308	0.998	0.000E+00	0	633	635	0	633	635	634M
8582	535	1.042E-132	1.00	1.066E-132	0	199	201	0	199	201	200M
8583	534	4.400E-225	0.996	4.539E-225	0	315	317	0	315	317	316M
8584	533	1.404E-170	0.988	1.358E-170	0	261	263	0	261	263	262M
8585	532	2.217E-308	0.990	0.000E+00	149	766	768	0	617	619	618M
8586	3008	2.217E-308	0.998	0.000E+00	0	606	608	0	606	608	607M
8587	3009	4.842E-146	1.00	5.023E-146	0	217	219	0	217	219	218M
8588	3010	1.024E-48	0.988	9.950E-49	0	83	85	0	83	85	84M
8589	3011	4.160E-242	0.997	4.085E-242	0	365	367	0	365	367	366M
8590	3012	1.720E-171	0.984	1.721E-171	0	264	266	0	264	266	265M
8591	3013	1.382E-280	1.00	1.450E-280	0	419	421	0	419	421	420M
8592	3014	3.386E-85	0.963	3.405E-85	0	137	139	0	137	139	138M
8593	3015	9.913E-75	0.856	9.900E-75	0	138	141	0	138	142	139M
8594	3016	9.642E-219	0.996	1.002E-218	0	324	326	0	324	326	325M
8595	3017	2.217E-308	0.998	0.000E+00	0	688	690	0	688	690	689M
8596	3838	1.724E-56	0.968	1.756E-56	0	93	95	0	93	95	94M
8597	3839	2.223E-193	0.983	2.298E-193	0	299	301	0	299	301	300M
8598	3840	9.912E-191	0.979	9.805E-191	0	287	289	0	287	289	288M
8599	3841	4.083E-80	0.992	4.235E-80	0	138	140	0	138	140	139M
8600	3842	1.395E-90	1.00	1.418E-90	0	142	144	0	142	144	143M
8601	3843	9.436E-288	0.991	9.763E-288	0	450	452	0	450	452	451M
8603	1757	1.587E-140	0.996	1.608E-140	0	252	254	0	252	254	253M
8604	1756	1.278E-211	0.984	1.253E-211	0	323	325	0	323	325	324M
8605	1755	4.351E-298	0.995	4.449E-298	0	446	448	0	446	448	447M
8606	1754	2.964E-323	0.997	2.964E-323	0	488	490	0	488	490	489M
8607	1753	4.913E-229	0.997	4.921E-229	0	342	344	0	342	344	343M
8608	1763	2.727E-272	1.00	2.865E-272	0	403	405	0	403	405	404M
8609	1764	1.150E-286	1.00	1.162E-286	0	422	424	0	422	424	423M
8610	1045	7.432E-273	1.00	7.420E-273	0	416	478	0	416	417	417M
8611	1044	9.100E-274	0.985	9.263E-274	0	424	426	0	424	426	425M
8612	1043	1.910E-173	0.977	1.989E-173	0	263	265	0	263	265	264M
8613	1042	7.218E-107	0.971	7.233E-107	0	176	178	0	176	178	177M
8614	1041	3.726E-122	1.00	3.821E-122	0	186	188	0	186	188	187M
8615	1040	1.902E-94	1.00	1.942E-94	0	154	156	0	154	156	155M
8616	1039	5.631E-127	1.00	5.497E-127	0	197	199	0	197	199	198M
8617	1038	3.755E-241	1.00	3.580E-241	0	371	373	0	371	373	372M
8618	1037	1.523E-124	1.00	1.580E-124	0	190	192	0	190	192	191M
8619	1036	2.217E-308	0.988	0.000E+00	0	715	717	0	715	717	716M
8620	1035	5.793E-254	0.995	5.692E-254	0	408	410	0	408	410	409M
8621	1034	8.924E-73	0.991	8.560E-73	0	120	122	0	120	122	121M
8622	1033	1.266E-130	0.994	1.307E-130	0	194	196	0	194	196	195M
8623	1032	1.449E-66	1.00	1.446E-66	0	103	105	0	103	105	104M
8624	1031	2.986E-75	1.00	3.048E-75	0	121	123	0	121	123	122M
8625	1030	3.079E-319	1.00	3.002E-319	0	468	470	0	468	470	469M
8626	1029	6.037E-270	1.00	5.862E-270	0	409	411	0	409	411	410M
8627	1028	2.940E-185	0.996	2.833E-185	0	292	295	0	292	295	293M
8628	1027	8.740E-181	0.982	8.787E-181	0	285	287	0	285	287	286M
8629	1026	3.104E-90	1.00	3.229E-90	0	146	148	0	146	148	147M
8630	1025	6.101E-158	0.996	6.084E-158	0	257	259	0	257	259	258M
8631	1024	5.496E-195	0.980	5.485E-195	0	300	302	0	300	302	301M
8632	1023	7.033E-213	0.979	7.256E-213	0	343	345	0	343	345	344M
8633	1022	7.915E-220	0.996	7.683E-220	0	323	325	0	323	325	324M
8634	1021	3.628E-73	1.00	3.482E-73	0	121	123	0	121	123	122M
8635	1020	6.866E-165	0.995	6.759E-165	0	245	247	0	245	247	246M
8636	1019	6.825E-124	0.994	6.828E-124	0	181	183	0	181	183	182M
8637	1018	3.768E-49	1.00	3.665E-49	0	82	84	0	82	84	83M
8638	1017	6.075E-79	0.893	5.825E-79	0	140	142	0	140	142	141M
8639	1016	3.439E-91	0.943	3.501E-91	0	159	161	0	159	161	160M
8640	1015	2.217E-308	0.992	0.000E+00	0	1287	1289	0	1287	1289	1288M
8641	1014	2.526E-165	0.996	2.523E-165	0	271	273	0	271	273	272M
8642	1013	1.708E-207	0.984	1.775E-207	0	332	334	0	332	334	333M
8643	1012	3.640E-113	0.994	3.658E-113	0	183	185	0	183	185	184M
8644	1011	1.695E-88	0.980	1.674E-88	0	156	158	0	156	158	157M
8645	3955	2.837E-210	1.00	2.758E-210	0	315	317	0	315	317	316M
8646	3954	2.343E-136	1.00	2.386E-136	0	208	210	0	208	210	209M
8647	3953	2.106E-56	1.00	2.183E-56	0	91	93	0	91	93	92M
8648	3952	2.217E-308	1.00	0.000E+00	0	700	702	0	700	702	701M
8649	3951	2.235E-79	1.00	2.170E-79	0	126	128	0	126	128	127M
8650	3765	9.471E-38	1.00	9.443E-38	0	63	65	0	63	65	64M
8651	3764	1.169E-99	1.00	1.143E-99	0	153	155	0	153	155	154M
8652	3763	2.217E-308	0.998	0.000E+00	0	541	543	0	541	543	542M
8653	4177	7.180E-221	0.980	6.903E-221	0	352	437	0	352	380	353M
8654	4176	7.043E-24	1.00	7.025E-24	6	55	57	0	49	140	50M
8657	1111	2.040E-121	0.994	2.069E-121	0	195	197	0	195	197	196M
8658	1110	1.239E-199	0.993	1.257E-199	0	294	296	0	294	296	295M
8659	1109	2.217E-308	1.00	0.000E+00	0	472	474	0	472	474	473M
8660	1108	2.217E-308	0.998	0.000E+00	0	1492	1494	0	1492	1494	1493M
8661	1107	1.609E-184	0.996	1.632E-184	0	290	292	0	290	292	291M
8662	1106	1.860E-240	0.997	1.855E-240	0	359	361	0	359	361	360M
8663	1105	5.004E-120	1.00	4.772E-120	0	188	190	0	188	190	189M
8664	1104	2.217E-308	1.00	0.000E+00	0	720	722	0	720	722	721M
8665	1103	7.312E-112	0.994	7.671E-112	0	174	176	0	174	176	175M
8666	1102	2.991E-153	1.00	2.944E-153	0	245	247	0	245	247	246M
8667	1101	3.863E-136	0.995	3.952E-136	0	212	214	0	212	214	213M
8668	1100	9.793E-225	1.00	9.558E-225	0	351	353	0	351	353	352M
8669	1099	2.217E-308	1.00	0.000E+00	0	850	852	0	850	852	851M
8670	1098	7.929E-182	0.996	7.546E-182	0	273	275	0	273	275	274M
8671	1097	3.563E-66	0.954	3.647E-66	0	109	111	0	109	111	110M
8672	1096	1.015E-238	1.00	1.040E-238	0	371	373	0	371	373	372M
8673	1095	4.430E-305	0.995	4.414E-305	0	465	467	0	465	467	466M
8674	1094	2.217E-308	0.997	0.000E+00	0	498	500	0	498	500	499M
8675	1093	2.217E-308	0.996	0.000E+00	0	609	611	0	609	611	610M
8676	1092	8.741E-65	1.00	8.599E-65	0	109	111	0	109	111	110M
8677	1091	2.729E-195	0.996	2.822E-195	0	306	308	0	306	308	307M
8678	1090	4.412E-226	1.00	4.327E-226	0	332	334	0	332	334	333M
8679	1818	8.562E-57	1.00	8.686E-57	0	98	100	0	98	100	99M
8680	1819	2.217E-308	1.00	0.000E+00	0	501	503	0	501	503	502M
8681	1820	9.014E-309	0.997	8.620E-309	0	471	473	0	471	473	472M
8682	1821	2.502E-200	0.993	2.480E-200	0	293	295	0	293	295	294M
8683	1822	3.095E-205	0.996	3.052E-205	0	314	316	0	314	316	315M
8684	1823	5.936E-70	1.00	5.776E-70	0	111	113	0	111	113	112M
8685	1824	5.468E-193	0.990	5.322E-193	0	317	319	0	317	319	318M
8686	1825	2.217E-308	0.985	0.000E+00	0	1051	1053	0	1051	1053	1052M
8687	1826	4.182E-244	0.967	3.993E-244	0	401	403	0	401	403	402M
8688	1827	1.287E-291	0.997	1.291E-291	0	468	470	0	468	470	469M
8689	1828	4.093E-81	1.00	4.038E-81	0	122	124	0	122	124	123M
8690	1829	1.047E-134	1.00	1.083E-134	0	202	204	0	202	204	203M
8691	1830	8.194E-40	1.00	8.156E-40	0	63	65	0	63	65	64M
8692	1831	8.243E-81	0.991	8.083E-81	20	143	145	1	124	126	124M
8693	1832	6.537E-146	0.991	6.464E-146	0	229	231	0	229	231	230M
8694	1833	1.243E-84	1.00	1.268E-84	0	125	127	0	125	127	126M
8695	1834	2.217E-308	1.00	0.000E+00	0	552	554	0	552	554	553M
8696	1835	3.093E-282	1.00	3.049E-282	0	424	426	0	424	426	425M
8697	2708	1.801E-189	1.00	1.777E-189	0	295	297	0	295	297	296M
8698	2709	2.217E-308	0.997	0.000E+00	0	728	730	0	728	730	729M
8699	2710	2.217E-308	0.998	0.000E+00	0	781	783	0	781	783	782M
8700	3911	1.383E-164	1.00	1.351E-164	0	253	255	0	253	255	254M
8701	3910	7.614E-321	1.00	7.693E-321	0	484	486	0	484	486	485M
8702	3639	2.217E-308	1.00	0.000E+00	0	503	505	0	503	505	504M
8703	3638	5.729E-95	0.986	5.806E-95	0	142	144	0	142	144	143M
8704	3637	9.181E-84	1.00	8.855E-84	0	126	128	0	126	128	127M
8705	3636	1.884E-129	1.00	1.793E-129	0	196	198	0	196	198	197M
8706	3635	4.325E-141	0.995	4.340E-141	0	204	206	0	204	206	205M
8707	3634	1.102E-115	0.967	1.137E-115	0	181	183	0	181	183	182M
8708	3633	4.695E-134	0.971	4.481E-134	0	211	214	0	211	214	212M
8709	3632	1.842E-159	1.00	1.761E-159	0	242	244	0	242	244	243M
8710	2407	6.514E-106	0.994	6.376E-106	0	176	184	0	176	177	177M
8711	2408	5.843E-180	0.976	5.955E-180	0	299	301	0	299	301	300M
8712	2409	1.065E-63	0.941	1.051E-63	0	102	104	0	102	104	103M
8713	2410	2.033E-81	1.00	2.094E-81	0	128	130	0	128	131	129M
8714	2411	3.505E-137	0.990	3.595E-137	0	208	210	0	208	210	209M
8715	2412	6.979E-210	0.996	7.098E-210	0	315	317	0	315	317	316M
8716	2413	1.027E-165	1.00	9.872E-166	0	251	253	0	251	253	252M
8717	2414	1.459E-146	0.995	1.466E-146	0	211	213	0	211	213	212M
8718	2415	2.614E-217	0.985	2.606E-217	0	333	335	0	333	335	334M
8719	2416	1.451E-144	1.00	1.444E-144	0	228	230	0	228	230	229M
8720	2418	9.221E-47	0.962	9.399E-47	0	79	81	0	79	81	80M
8721	2419	1.247E-124	0.989	1.229E-124	0	198	200	0	198	200	199M
8722	2420	2.782E-241	1.00	2.835E-241	0	366	368	0	366	368	367M
8723	2421	1.118E-82	0.993	1.122E-82	0	146	148	0	146	148	147M
8724	2422	2.217E-308	0.998	0.000E+00	0	624	626	0	624	626	625M
8725	2424	2.097E-93	0.973	2.102E-93	0	150	153	0	150	153	151M
8726	2425	8.025E-148	0.986	7.699E-148	0	222	224	0	222	319	223M
8727	2426	7.542E-124	0.994	7.881E-124	0	184	186	0	184	186	185M
8728	359	2.778E-20	0.417	2.773E-20	19	109	112	20	110	126	91M
8731	3246	1.419E-58	0.543	1.352E-58	16	185	188	0	170	173	117M1D53M
8732	3908	2.459E-116	0.972	2.462E-116	0	182	184	0	182	184	183M
8734	4120	5.848E-219	0.993	5.666E-219	0	332	334	0	332	334	333M
8735	4119	3.762E-87	0.984	3.815E-87	0	129	131	0	129	131	130M
8736	4118	1.671E-160	0.959	1.707E-160	0	246	248	0	246	248	247M
8737	2636	3.174E-176	0.986	3.207E-176	0	294	296	0	294	296	295M
8738	2635	3.001E-193	0.990	3.043E-193	0	304	307	0	304	307	305M
8739	2634	9.551E-254	0.983	9.829E-254	0	413	415	0	413	415	414M
8740	2633	1.979E-28	1.00	1.985E-28	0	55	57	0	55	57	56M
8741	2632	5.184E-95	1.00	5.023E-95	0	139	141	0	139	141	140M
8742	2631	3.988E-187	0.975	4.036E-187	0	283	285	0	283	285	284M
8743	2630	1.471E-304	1.00	1.504E-304	0	444	446	0	444	446	445M
8744	1671	8.264E-198	0.989	8.197E-198	0	289	291	0	289	291	290M
8745	1670	2.877E-138	0.995	2.750E-138	0	207	209	0	207	209	208M
8746	1669	2.347E-214	0.990	2.293E-214	0	323	325	0	323	325	324M
8747	1668	1.664E-313	0.989	1.631E-313	0	481	483	0	481	483	482M
8748	1667	2.798E-282	0.995	2.809E-282	0	429	431	0	429	431	430M
8749	1666	2.217E-308	0.992	0.000E+00	0	513	515	0	513	515	514M
8750	1665	4.103E-314	0.997	4.217E-314	0	479	481	0	479	481	480M
8751	1664	3.320E-116	1.00	3.218E-116	0	181	183	0	181	183	182M
8752	1663	3.975E-147	1.00	3.967E-147	0	230	232	0	230	232	231M
8753	1662	4.307E-62	1.00	4.134E-62	0	106	108	0	106	108	107M
8754	1661	6.790E-122	0.994	6.967E-122	0	192	194	0	192	194	193M
8755	1660	8.256E-275	1.00	8.089E-275	0	453	455	0	453	455	454M
8756	1659	1.766E-220	0.986	1.766E-220	0	359	361	0	359	361	360M
8757	1658	6.007E-152	1.00	6.283E-152	0	223	225	0	223	225	224M
8758	1657	7.212E-68	0.982	6.937E-68	0	112	114	0	112	114	113M
8759	1656	5.371E-70	1.00	5.368E-70	0	116	118	0	116	118	117M
8760	1655	3.136E-210	0.990	3.068E-210	0	324	326	0	324	326	325M
8761	1654	6.288E-131	0.995	6.434E-131	0	199	201	0	199	201	200M
8762	1653	2.217E-308	0.997	0.000E+00	0	942	944	0	942	945	943M
8764	1652	2.217E-308	0.992	0.000E+00	0	567	569	0	567	569	568M
8765	1610	1.121E-199	1.00	1.107E-199	0	298	300	0	298	300	299M
8766	1611	2.217E-308	0.998	0.000E+00	0	654	656	0	654	656	655M
8767	1612	7.187E-144	1.00	7.323E-144	0	229	231	0	229	231	230M
8768	1613	2.217E-308	0.998	0.000E+00	0	570	572	0	570	572	571M
8769	1614	3.563E-66	1.00	3.647E-66	0	109	111	0	109	111	110M
8770	1615	2.217E-308	0.999	0.000E+00	0	1164	1166	0	1164	1166	1165M
8771	1616	6.973E-171	0.996	7.123E-171	0	254	256	0	254	256	255M
8772	1617	2.877E-138	1.00	2.931E-138	0	215	217	0	215	217	216M
8773	1618	6.691E-155	0.995	6.389E-155	0	244	246	0	244	246	245M
8774	1619	6.931E-246	0.994	7.257E-246	0	369	371	0	369	371	370M
8775	3047	2.061E-09	0.633	2.069E-09	0	29	31	72	101	103	30M
8776	1242	3.056E-26	0.979	3.044E-26	0	48	50	95	143	145	49M
8777	3742	4.941E-324	0.981	4.941E-324	0	479	481	0	479	481	480M
8778	3750	2.217E-308	0.998	0.000E+00	0	508	510	0	508	510	509M
8779	3749	3.269E-110	1.00	3.414E-110	0	161	163	0	161	163	162M
8780	3748	5.714E-94	0.972	5.828E-94	0	144	146	0	144	146	145M
8781	3747	2.005E-37	1.00	2.009E-37	0	53	55	0	53	55	54M
8782	3746	3.893E-255	0.994	4.089E-255	0	392	394	0	392	394	393M
8783	3745	1.716E-209	0.993	1.663E-209	0	313	315	0	313	315	314M
8784	3744	8.136E-192	1.00	8.086E-192	0	301	303	0	301	303	302M
8786	3187	2.217E-308	0.998	0.000E+00	0	691	693	0	691	693	692M
8787	3188	3.615E-149	1.00	3.614E-149	0	224	226	0	224	226	225M
8788	3189	5.768E-175	0.988	5.726E-175	0	268	270	0	268	270	269M
8789	3190	2.217E-308	0.990	0.000E+00	0	818	820	0	818	820	819M
8790	3191	7.187E-144	0.965	7.323E-144	0	229	231	0	229	231	230M
8791	3192	2.231E-117	0.983	2.275E-117	0	185	187	0	185	187	186M
8792	3193	1.718E-132	1.00	1.767E-132	0	203	205	0	203	205	204M
8793	3194	3.556E-220	0.997	3.525E-220	0	340	342	0	340	342	341M
8795	1187	1.082E-11	0.224	1.081E-11	44	753	755	30	697	699	12M2D5M1D6M2D7M1D11M6D4M2D22M5I17M7I6M6I46M6I17M1I6M3I13M9I22M6D8M4D63M1D37M1D12M1I8M1I16M12D12M1I28M1D34M7I10M1I28M1D11M18I37M3I20M4D23M4I16M2D3M16I16M1I38M2D6M
8796	2750	1.447E-143	1.00	1.512E-143	0	211	213	0	211	213	212M
8797	2751	2.331E-134	0.995	2.238E-134	0	204	206	0	204	206	205M
8798	2752	2.217E-308	0.992	0.000E+00	0	557	559	0	557	559	558M
8799	2753	2.024E-234	0.973	2.127E-234	0	334	336	0	334	336	335M
8800	2754	2.706E-33	1.00	2.706E-33	0	53	55	0	53	55	54M
8801	2755	2.217E-308	0.998	0.000E+00	0	514	516	0	514	516	515M
8802	2756	5.219E-291	0.975	5.034E-291	0	443	445	0	443	445	444M
8803	2757	2.217E-308	1.00	0.000E+00	0	542	544	0	542	544	543M
8804	3306	2.217E-308	0.999	0.000E+00	0	1227	1229	0	1227	1229	1228M
8805	3305	2.874E-215	0.985	2.943E-215	0	333	335	0	333	335	334M
8806	3304	5.981E-189	0.978	5.820E-189	0	280	282	2	282	284	281M
8807	3303	2.619E-295	0.995	2.631E-295	0	441	443	0	441	443	442M
8808	3302	1.213E-152	0.991	1.196E-152	0	248	250	0	248	250	249M
8809	3301	7.419E-195	0.993	7.517E-195	10	300	302	0	290	292	291M
8810	3300	5.540E-82	0.891	5.702E-82	0	147	149	0	147	149	148M
8811	1938	1.515E-238	0.983	1.580E-238	26	380	382	2	356	358	355M
8812	1937	2.583E-251	0.980	2.698E-251	0	405	407	0	405	407	406M
8813	1936	4.662E-170	0.988	4.793E-170	0	261	263	0	261	263	262M
8814	1935	8.560E-289	1.00	8.847E-289	0	439	441	0	439	441	440M
8815	1934	2.360E-100	0.987	2.294E-100	0	159	161	0	159	161	160M
8816	1933	1.532E-281	0.993	1.489E-281	0	431	433	0	431	433	432M
8817	1932	2.256E-276	0.992	2.326E-276	0	397	399	0	397	399	398M
8818	1931	2.217E-308	0.987	0.000E+00	0	545	547	0	545	547	546M
8819	1930	1.022E-318	0.997	9.966E-319	0	487	489	0	487	489	488M
8820	1929	5.665E-168	1.00	5.685E-168	0	262	264	0	262	264	263M
8821	1928	8.539E-172	0.996	8.742E-172	0	263	265	0	263	265	264M
8822	1927	4.208E-169	0.963	4.069E-169	0	273	275	0	273	275	274M
8823	1926	7.446E-119	1.00	7.149E-119	0	172	174	0	172	174	173M
8824	1925	6.502E-260	1.00	6.794E-260	0	406	408	0	406	408	407M
8825	1924	8.150E-270	0.992	7.939E-270	0	402	404	0	402	404	403M
8826	1923	2.086E-207	0.970	2.037E-207	0	308	310	0	308	310	309M
8827	1922	4.100E-159	0.988	4.051E-159	0	253	255	0	253	255	254M
8828	1921	4.258E-251	0.997	4.246E-251	0	354	356	0	354	356	355M
8829	1920	8.651E-61	0.979	9.055E-61	0	98	100	0	98	100	99M
8830	1919	3.572E-67	1.00	3.526E-67	0	100	102	3	103	105	101M
8831	1898	2.117E-174	1.00	2.118E-174	0	269	271	0	269	271	270M
8832	1897	5.261E-62	0.989	5.263E-62	0	98	100	0	98	100	99M
8833	1896	1.371E-122	0.989	1.439E-122	0	192	194	0	192	194	193M
8834	1895	1.881E-167	0.977	1.914E-167	0	261	263	0	261	263	262M
8835	1894	1.265E-91	1.00	1.282E-91	0	138	140	0	138	140	139M
8836	1893	2.558E-286	1.00	2.479E-286	0	418	420	0	418	420	419M
8837	1892	2.217E-308	0.998	0.000E+00	0	663	665	0	663	665	664M
8838	1891	8.075E-73	1.00	7.962E-73	0	112	114	0	112	114	113M
8839	1890	1.644E-115	1.00	1.605E-115	0	175	177	0	175	177	176M
8840	1889	4.817E-260	1.00	4.824E-260	0	419	421	0	419	421	420M
8841	1888	1.193E-223	0.993	1.201E-223	0	331	333	0	331	333	332M
8842	1887	5.813E-31	1.00	5.799E-31	0	65	67	0	65	67	66M
8843	1886	1.627E-111	1.00	1.633E-111	0	170	172	0	170	172	171M
8844	1885	8.422E-128	1.00	8.027E-128	0	203	205	0	203	205	204M
8845	1884	2.217E-308	1.00	0.000E+00	0	687	689	0	687	689	688M
8846	1883	2.217E-308	0.992	0.000E+00	0	539	541	0	539	541	540M
8847	1882	2.833E-132	1.00	2.792E-132	0	206	208	0	206	208	207M
8848	1881	7.609E-322	0.997	7.806E-322	0	489	491	0	489	491	490M
8849	1880	2.217E-308	1.00	0.000E+00	0	551	553	0	551	553	552M
8850	1751	9.387E-323	0.997	9.387E-323	60	545	547	0	485	487	486M
8851	1750	2.270E-85	0.916	2.270E-85	0	155	157	0	155	157	156M
8852	1749	3.684E-195	0.996	3.594E-195	0	291	293	0	291	293	292M
8853	1748	4.590E-280	0.995	4.428E-280	0	443	445	0	443	445	444M
8854	1747	2.217E-308	0.992	0.000E+00	0	636	638	0	636	638	637M
8855	1746	3.221E-143	0.991	3.269E-143	0	234	236	0	234	236	235M
8856	1745	1.159E-57	1.00	1.206E-57	0	90	92	0	90	92	91M
8857	1744	1.739E-98	1.00	1.828E-98	0	145	147	0	145	147	146M
8858	1743	3.067E-124	0.994	3.020E-124	0	197	199	0	197	199	198M
8859	1742	6.991E-172	0.931	6.802E-172	0	305	307	0	305	307	306M
8860	1741	9.881E-324	0.965	9.881E-324	0	495	497	0	495	497	496M
8861	1740	9.149E-160	0.992	9.313E-160	0	262	264	0	262	264	263M
8862	1739	2.217E-308	0.975	0.000E+00	0	1056	1058	11	1067	1069	1057M
8863	1738	8.480E-208	0.976	8.701E-208	0	337	339	0	337	339	338M
8864	1737	4.013E-112	0.983	4.217E-112	11	188	190	0	177	179	178M
8865	1736	1.655E-195	0.979	1.685E-195	0	295	297	0	295	297	296M
8866	1735	9.348E-207	0.993	9.090E-207	0	313	315	0	313	315	314M
8867	1734	1.300E-295	0.989	1.318E-295	0	460	462	0	460	462	461M
8868	1733	1.123E-161	0.979	1.082E-161	0	241	243	0	241	345	242M
8869	1216	1.828E-09	0.280	1.833E-09	16	160	162	271	394	396	8M4I23M1I33M1I15M3I8M1D19M13I17M
8870	2533	9.561E-61	0.978	9.714E-61	0	93	95	0	93	95	94M
8878	4150	2.919E-221	1.00	2.866E-221	0	347	349	0	347	349	348M
8880	3111	5.164E-20	1.00	5.178E-20	0	37	39	0	37	39	38M
8881	3112	2.217E-308	1.00	0.000E+00	0	820	822	0	820	822	821M
8882	3113	3.490E-58	1.00	3.578E-58	0	91	93	0	91	93	92M
8883	3114	4.802E-19	1.00	4.795E-19	0	37	39	0	37	39	38M
8884	3115	7.930E-66	1.00	8.317E-66	0	100	102	0	100	102	101M
8885	3116	4.987E-80	1.00	4.814E-80	0	121	123	4	125	127	122M
8886	3117	6.807E-123	1.00	6.838E-123	0	183	185	0	183	185	184M
8887	3118	1.361E-42	1.00	1.359E-42	0	68	70	0	68	70	69M
8888	3119	1.376E-46	1.00	1.379E-46	0	74	76	0	74	76	75M
8889	837	1.203E-149	1.00	1.187E-149	0	219	256	0	219	241	220M
8890	836	1.910E-289	0.997	1.875E-289	0	426	428	0	426	428	427M
8893	3770	1.116E-81	0.753	1.088E-81	0	153	156	277	430	433	154M
8905	3966	7.349E-25	0.262	7.349E-25	2	353	360	1	353	361	67M1I9M7D10M5D16M1I14M13I32M2D18M5I10M1D17M2D6M1D16M4D83M1I33M
8954	4212	6.271E-41	0.467	6.286E-41	0	150	152	0	151	157	128M1D23M
8967	255	5.638E-23	0.328	5.665E-23	20	226	230	22	208	222	19M1I23M12I16M4I21M1I63M2I45M
8973	3595	9.962E-15	0.378	9.928E-15	21	122	124	6	106	108	12M1I31M1I11M1D46M
8974	163	9.811E-71	0.477	1.008E-70	0	224	227	0	225	229	103M1D122M
8986	836	1.123E-41	0.285	1.122E-41	1	377	386	28	412	428	42M1D27M15D31M4I14M5D3M2D16M2I64M1I30M2I90M1I17M5I28M
8987	835	2.217E-308	0.992	0.000E+00	0	660	662	0	660	662	661M
8988	834	2.217E-308	0.998	0.000E+00	0	506	508	0	506	508	507M
8989	833	2.202E-228	0.997	2.307E-228	0	382	384	0	382	384	383M
8990	832	4.389E-108	0.993	4.485E-108	0	164	166	0	164	166	165M
8991	831	4.622E-244	0.997	4.731E-244	0	364	366	0	364	366	365M
8992	830	2.349E-253	0.978	2.261E-253	0	370	372	0	370	372	371M
8993	829	3.646E-191	0.950	3.731E-191	0	300	302	0	300	302	301M
8994	828	1.545E-91	0.993	1.586E-91	0	149	151	0	149	151	150M
8995	827	5.554E-83	1.00	5.346E-83	0	123	126	0	123	126	124M
8996	826	5.403E-111	0.987	5.393E-111	0	162	164	0	162	164	163M
8997	825	1.037E-285	0.995	1.006E-285	0	421	423	0	421	423	422M
8998	824	2.217E-308	0.976	0.000E+00	0	1197	1199	0	1197	1199	1198M
8999	823	6.537E-146	0.969	6.464E-146	0	229	231	0	229	231	230M
9000	822	4.965E-233	1.00	4.937E-233	0	354	356	0	354	356	355M
9001	821	1.381E-241	0.994	1.391E-241	0	371	373	0	371	373	372M
9002	820	2.852E-96	1.00	2.721E-96	0	144	146	0	144	146	145M
9003	819	1.243E-84	1.00	1.237E-84	0	131	133	0	131	133	132M
9004	818	1.756E-63	0.971	1.753E-63	0	106	108	0	106	108	107M
9005	817	8.725E-219	0.988	8.413E-219	0	354	356	0	354	356	355M
9006	816	1.163E-97	1.00	1.127E-97	0	150	152	0	150	152	151M
9007	815	8.923E-189	0.996	8.635E-189	0	275	277	0	275	277	276M
9008	814	1.422E-175	0.996	1.455E-175	0	259	261	0	259	261	260M
9009	813	9.109E-197	1.00	9.552E-197	0	301	303	0	301	303	302M
9010	812	1.868E-319	0.997	1.839E-319	0	471	473	0	471	473	472M
9011	811	2.860E-97	0.993	2.770E-97	0	149	151	0	149	151	150M
9012	810	2.217E-308	1.00	0.000E+00	0	678	680	0	678	680	679M
9013	809	1.208E-15	1.00	1.210E-15	0	29	31	0	29	40	30M
9014	808	5.188E-134	1.00	5.412E-134	0	216	218	0	216	218	217M
9015	807	1.716E-209	0.993	1.719E-209	0	307	309	0	307	309	308M
9016	806	6.581E-226	0.991	6.375E-226	0	347	349	0	347	349	348M
9017	805	1.197E-147	0.995	1.252E-147	0	239	241	0	239	241	240M
9018	804	9.609E-179	1.00	9.360E-179	0	277	279	0	277	279	278M
9019	803	1.536E-50	1.00	1.595E-50	0	89	91	0	89	91	90M
9020	802	8.696E-63	1.00	8.897E-63	0	94	96	0	94	96	95M
9022	3335	3.451E-131	0.995	3.320E-131	0	205	207	0	205	207	206M
9023	3334	2.217E-308	0.996	0.000E+00	0	1009	1011	0	1009	1011	1010M
9024	3333	1.703E-206	1.00	1.789E-206	0	314	316	0	314	316	315M
9025	3332	1.040E-170	1.00	1.039E-170	0	242	244	0	242	244	243M
9026	3331	8.900E-188	1.00	8.490E-188	0	270	272	0	270	272	271M
9027	3330	1.569E-97	1.00	1.546E-97	0	150	152	0	150	152	151M
9028	3329	1.113E-196	1.00	1.070E-196	0	290	292	0	290	292	291M
9029	3328	1.986E-188	0.982	1.922E-188	0	292	294	0	292	294	293M
9030	4372	5.489E-32	1.00	5.479E-32	0	56	58	339	395	397	57M
9032	1942	3.820E-209	0.522	3.733E-209	0	647	650	0	640	642	37M1I14M7I49M1D20M7I123M2D12M3I59M1D196M2I31M11D26M1D7M1D18M1D24M5I7M
9033	1943	6.239E-128	0.994	6.109E-128	0	184	186	0	184	186	185M
9034	1944	5.734E-134	1.00	5.766E-134	0	204	206	0	204	206	205M
9035	1945	8.165E-116	0.982	8.541E-116	0	175	177	0	175	177	176M
9036	1946	3.884E-138	0.981	3.711E-138	0	220	222	0	220	222	221M
9037	1947	1.556E-171	0.988	1.567E-171	0	262	264	0	262	264	263M
9038	1948	2.217E-308	1.00	0.000E+00	0	482	484	0	482	484	483M
9039	1949	5.454E-192	0.989	5.662E-192	0	280	282	0	280	282	281M
9040	1950	2.566E-55	0.988	2.483E-55	0	89	91	0	89	91	90M
9041	1951	1.466E-148	0.995	1.470E-148	0	227	229	0	227	229	228M
9042	1952	8.650E-177	0.989	8.372E-177	0	272	274	0	272	274	273M
9043	1953	4.607E-88	0.992	4.609E-88	0	131	133	0	131	133	132M
9044	1954	2.217E-308	0.976	0.000E+00	0	643	645	0	643	645	644M
9045	1955	5.152E-170	0.972	5.359E-170	0	250	252	0	250	252	251M
9046	1956	2.305E-207	0.993	2.216E-207	0	330	332	0	330	332	331M
9047	1957	8.629E-60	1.00	8.491E-60	0	105	107	0	105	107	106M
9048	1958	1.288E-98	0.974	1.323E-98	0	158	160	0	158	160	159M
9049	1959	2.692E-267	0.997	2.652E-267	0	405	407	0	405	407	406M
9050	1960	1.661E-235	0.997	1.621E-235	0	353	355	0	353	355	354M
9051	2305	5.909E-223	0.979	5.881E-223	0	338	340	0	338	340	339M
9052	2304	8.937E-267	0.997	8.710E-267	0	390	392	0	390	392	391M
9053	2303	1.902E-210	0.990	1.920E-210	0	314	316	0	314	316	315M
9054	2302	5.033E-277	0.997	5.111E-277	0	405	407	0	405	407	406M
9055	2301	3.453E-286	0.993	3.517E-286	0	439	441	0	439	441	440M
9056	2300	2.025E-273	0.985	2.124E-273	0	408	410	0	408	410	409M
9057	2299	5.215E-252	0.973	5.106E-252	0	376	378	0	376	378	377M
9058	2298	2.816E-322	0.989	2.816E-322	0	467	469	0	467	469	468M
9059	2297	1.348E-193	0.983	1.360E-193	0	308	310	0	308	310	309M
9060	2296	3.418E-166	0.977	3.589E-166	0	263	265	0	263	265	264M
9061	2295	1.390E-282	0.997	1.443E-282	0	435	437	0	435	437	436M
9062	2294	4.999E-197	0.996	5.150E-197	0	308	310	0	308	310	309M
9063	2293	4.061E-310	0.991	4.155E-310	0	460	462	0	460	462	461M
9064	2802	2.687E-305	0.993	2.645E-305	0	454	456	0	454	456	455M
9065	2801	1.420E-213	0.973	1.353E-213	0	334	336	0	334	336	335M
9066	2800	3.397E-241	0.997	3.447E-241	0	350	352	0	350	352	351M
9067	1978	1.931E-34	0.356	1.922E-34	2	201	203	7	211	213	91M5D109M
9068	3301	7.799E-17	0.271	7.795E-17	5	281	291	2	288	292	74M1I73M4D8M4D15M2D10M4D8M1D9M6I35M6D6M4I28M
9069	2799	5.848E-219	1.00	6.143E-219	0	327	329	0	327	329	328M
9070	2798	3.687E-234	0.994	3.739E-234	0	346	348	0	346	348	347M
9071	4304	6.464E-103	1.00	6.584E-103	0	162	164	0	162	164	163M
9072	4305	1.914E-135	0.958	1.852E-135	0	216	220	0	216	218	217M
9075	3048	8.717E-180	0.968	8.363E-180	0	285	288	0	285	288	286M
9076	3049	1.815E-192	0.966	1.814E-192	0	296	298	0	296	298	297M
9077	3050	2.217E-308	0.989	0.000E+00	7	973	975	6	972	974	967M
9080	2872	5.670E-207	0.453	5.945E-207	14	786	804	12	794	795	39M1I14M1D21M1I27M2D33M6D9M8I44M4D64M3D11M2D75M1D42M2D118M1I105M2D20M1I8M1I130M
9095	3978	5.205E-290	0.997	5.317E-290	0	426	428	0	426	428	427M
9096	3977	9.797E-24	1.00	9.756E-24	0	43	45	0	43	45	44M
9097	3976	2.217E-308	0.998	0.000E+00	0	943	945	0	943	945	944M
9098	4010	2.005E-153	1.00	2.021E-153	0	237	239	0	237	239	238M
9099	4011	2.217E-308	0.998	0.000E+00	0	548	550	0	548	550	549M
9100	4012	1.211E-74	1.00	1.161E-74	0	116	118	0	116	118	117M
9101	4013	3.282E-305	0.993	3.254E-305	0	472	474	0	472	474	473M
9102	1157	4.435E-112	0.994	4.354E-112	0	182	184	0	182	184	183M
9103	1158	6.588E-149	1.00	6.790E-149	0	224	226	0	224	226	225M
9104	1159	2.217E-308	1.00	0.000E+00	0	594	596	0	594	596	595M
9105	1160	2.440E-113	1.00	2.454E-113	0	168	170	0	168	170	169M
9106	1161	1.647E-309	1.00	1.625E-309	0	442	444	0	442	444	443M
9107	1162	2.217E-308	0.997	0.000E+00	0	893	895	0	893	895	894M
9108	1163	1.598E-220	1.00	1.631E-220	0	337	339	0	337	339	338M
9109	1164	6.175E-124	1.00	6.204E-124	0	179	181	0	179	181	180M
9110	1165	8.681E-101	0.994	8.781E-101	0	172	174	0	172	174	173M
9111	1166	2.592E-59	1.00	2.475E-59	0	101	103	0	101	103	102M
9112	1167	2.217E-308	1.00	0.000E+00	0	628	630	0	628	630	629M
9113	1168	2.217E-308	1.00	0.000E+00	0	531	533	0	531	533	532M
9114	1169	9.834E-304	1.00	9.367E-304	0	497	499	0	497	499	498M
9115	1170	5.175E-133	1.00	5.083E-133	0	210	212	0	210	212	211M
9116	1171	5.799E-61	0.979	5.984E-61	0	96	98	0	96	98	97M
9117	1172	4.072E-195	1.00	4.139E-195	0	294	296	0	294	296	295M
9118	1173	3.807E-169	0.996	3.906E-169	0	252	254	0	252	254	253M
9119	1174	7.754E-96	1.00	7.555E-96	0	139	141	0	139	141	140M
9120	1175	4.555E-45	1.00	4.485E-45	0	74	76	0	74	76	75M
9121	1176	2.217E-308	0.989	0.000E+00	0	557	559	0	557	559	558M
9122	1177	5.167E-28	0.982	5.142E-28	0	55	57	0	55	57	56M
9123	1178	2.176E-262	0.984	2.210E-262	0	398	400	0	398	400	399M
9124	1179	1.101E-192	0.969	1.097E-192	0	292	294	10	302	304	293M
9125	1180	1.339E-229	0.984	1.407E-229	0	376	378	0	382	384	21M6D356M
9126	1181	2.217E-308	0.996	0.000E+00	0	546	548	0	546	548	547M
9127	1182	1.855E-123	1.00	1.792E-123	0	188	190	0	188	190	189M
9128	1183	6.896E-128	0.995	6.747E-128	0	206	208	0	206	208	207M
9129	2852	7.193E-36	1.00	7.202E-36	0	61	63	0	61	63	62M
9130	2851	2.217E-308	0.998	0.000E+00	0	686	688	0	686	688	687M
9131	2850	1.039E-92	0.987	1.053E-92	0	165	167	0	165	167	166M
9132	2849	7.298E-266	0.982	7.120E-266	0	408	410	0	408	410	409M
9133	2847	6.028E-192	0.986	6.313E-192	0	289	291	0	289	291	290M
9134	2846	3.051E-122	0.989	2.923E-122	2	187	189	0	185	187	186M
9135	1377	5.544E-121	0.994	5.588E-121	0	196	198	0	196	198	197M
9136	1376	1.539E-128	1.00	1.527E-128	0	188	190	0	188	190	189M
9137	1375	2.197E-111	0.463	2.279E-111	0	491	493	0	448	450	112M9I74M5I16M15D9M1D54M8I6M28I7M7I35M1D19M2I27M1D22M4I8M2D12M1D23M1I4M
9138	1374	8.108E-268	0.649	8.506E-268	0	676	678	0	696	698	309M1D9M7D19M7D21M3I5M2D9M1I127M3I39M6D6M1I3M8D7M1D33M9D20M9I14M4I35M
9139	1373	8.193E-156	0.979	7.981E-156	0	240	242	0	240	242	241M
9140	1372	2.217E-308	0.965	0.000E+00	0	802	804	0	802	804	803M
9141	1371	1.226E-195	0.981	1.275E-195	0	316	318	0	316	318	317M
9142	1370	1.424E-214	0.996	1.433E-214	0	313	315	0	313	315	314M
9143	1369	2.539E-167	1.00	2.658E-167	0	268	270	0	268	270	269M
9144	1368	1.171E-293	1.00	1.146E-293	0	468	470	0	468	470	469M
9145	1367	5.021E-160	0.975	5.230E-160	0	243	245	0	243	245	244M
9146	1366	6.164E-162	0.984	6.130E-162	0	249	251	0	249	251	250M
9147	1365	9.413E-171	1.00	9.146E-171	0	266	268	0	266	268	267M
9148	1364	9.676E-143	1.00	9.565E-143	0	230	232	0	230	232	231M
9149	1363	2.217E-308	0.995	0.000E+00	0	1148	1150	0	1148	1150	1149M
9150	1362	2.859E-213	0.988	2.954E-213	0	344	346	0	344	346	345M
9151	1361	2.217E-308	0.998	0.000E+00	9	677	679	0	668	670	669M
9152	1360	1.295E-100	1.00	1.255E-100	0	153	155	0	153	155	154M
9153	1359	1.938E-256	0.997	1.891E-256	0	414	416	0	414	416	415M
9154	1358	2.217E-308	1.00	0.000E+00	0	475	477	0	475	477	476M
9156	3315	1.795E-149	0.922	1.829E-149	0	243	245	0	243	245	244M
9157	3316	2.864E-291	0.992	2.978E-291	0	425	427	0	425	427	426M
9158	3317	3.794E-245	0.976	3.759E-245	0	384	386	2	386	388	385M
9159	3318	6.848E-164	0.963	7.079E-164	0	248	250	0	248	250	249M
9160	3319	1.429E-138	0.995	1.419E-138	0	213	215	0	213	219	214M
9161	3320	1.673E-199	0.996	1.612E-199	0	306	308	0	306	308	307M
9162	3321	1.026E-126	1.00	1.033E-126	0	197	199	0	197	199	198M
9163	3322	9.244E-164	1.00	9.391E-164	0	254	256	0	254	256	255M
9164	3323	2.583E-135	1.00	2.461E-135	0	204	206	0	204	206	205M
9165	3324	1.641E-153	0.995	1.618E-153	0	219	221	0	219	221	220M
9166	3325	1.519E-123	1.00	1.554E-123	0	185	187	0	185	187	186M
9167	3326	2.436E-35	1.00	2.431E-35	0	60	62	0	60	62	61M
9168	3206	6.043E-193	0.996	6.173E-193	17	327	329	0	310	312	311M
9169	3207	2.442E-152	1.00	2.436E-152	0	243	245	0	243	245	244M
9170	3208	2.319E-43	1.00	2.325E-43	0	77	79	0	77	79	78M
9171	3209	2.601E-99	1.00	2.482E-99	0	156	158	0	156	158	157M
9172	3210	1.680E-162	0.996	1.603E-162	0	254	256	0	254	256	255M
9173	3211	3.238E-145	1.00	3.230E-145	0	223	225	0	223	225	224M
9174	3212	1.293E-138	0.995	1.311E-138	0	218	220	0	218	220	219M
9175	3213	2.217E-308	0.993	0.000E+00	0	592	594	0	592	594	593M
9176	3214	1.224E-117	0.978	1.211E-117	0	185	187	0	185	187	186M
9177	3215	5.013E-82	1.00	5.120E-82	0	125	127	0	125	127	126M
9178	3216	8.488E-131	1.00	8.664E-131	0	192	194	0	192	194	193M
9179	3217	4.711E-58	1.00	4.806E-58	0	97	99	0	97	99	98M
9180	3218	1.249E-202	1.00	1.275E-202	0	315	317	0	315	317	316M
9181	984	1.801E-189	1.00	1.872E-189	0	276	278	0	276	278	277M
9182	983	1.865E-125	0.989	1.821E-125	0	191	193	0	191	193	192M
9183	982	2.217E-308	0.992	0.000E+00	0	568	570	0	568	570	569M
9184	981	6.672E-270	0.992	6.881E-270	0	426	428	0	426	428	427M
9185	980	2.217E-308	1.00	0.000E+00	0	620	622	0	620	622	621M
9186	979	3.424E-244	0.992	3.411E-244	0	384	386	0	384	386	385M
9187	978	5.444E-230	0.997	5.490E-230	0	349	351	0	349	351	350M
9188	977	8.364E-164	0.983	8.032E-164	0	244	246	0	244	246	245M
9189	976	9.189E-123	1.00	8.938E-123	0	182	184	0	182	184	183M
9190	975	6.447E-102	1.00	6.474E-102	0	157	159	0	157	159	158M
9191	974	2.163E-105	1.00	2.246E-105	0	162	164	0	162	164	163M
9192	973	4.274E-59	1.00	4.188E-59	0	86	88	0	86	88	87M
9193	972	2.025E-273	0.989	1.976E-273	0	393	395	0	393	395	394M
9194	971	7.894E-219	1.00	7.664E-219	0	325	327	0	325	327	326M
9195	970	8.642E-254	0.994	8.384E-254	0	369	371	0	369	371	370M
9196	969	2.217E-308	1.00	0.000E+00	0	547	549	0	547	549	548M
9197	968	1.569E-213	0.966	1.519E-213	0	323	325	0	323	325	324M
9198	967	1.197E-263	1.00	1.230E-263	0	370	372	0	370	372	371M
9199	966	1.513E-315	0.995	1.516E-315	0	482	484	0	482	484	483M
9200	965	1.172E-216	0.996	1.117E-216	0	317	319	0	317	319	318M
9201	964	1.315E-222	0.991	1.271E-222	0	341	343	0	341	343	342M
9202	963	2.217E-308	1.00	0.000E+00	0	540	542	0	540	542	541M
9203	962	5.473E-116	0.994	5.335E-116	8	185	187	0	177	179	178M
9204	961	5.370E-186	0.965	5.520E-186	0	285	287	0	285	287	286M
9205	960	3.202E-102	1.00	3.214E-102	0	149	151	0	149	151	150M
9206	959	2.706E-269	0.997	2.703E-269	0	408	410	0	408	410	409M
9207	958	2.784E-280	0.995	2.812E-280	0	440	442	0	440	442	441M
9208	957	4.974E-79	1.00	4.841E-79	0	123	125	0	123	125	124M
9209	956	2.561E-93	1.00	2.544E-93	0	155	157	0	155	157	156M
9210	955	2.217E-308	0.998	0.000E+00	0	711	713	0	711	713	712M
9211	954	2.813E-21	1.00	2.807E-21	0	37	38	0	37	38	38M
9212	3505	2.217E-308	0.995	0.000E+00	0	817	819	323	1140	1142	818M
9213	2733	1.227E-79	0.992	1.271E-79	0	128	130	0	128	130	129M
9214	2734	3.594E-108	0.889	3.726E-108	0	180	182	0	180	182	181M
9218	3770	4.526E-27	0.875	4.532E-27	0	47	50	382	429	433	48M
9221	4046	1.113E-235	0.994	1.137E-235	24	386	388	0	362	364	363M
9222	3803	2.113E-96	0.986	2.202E-96	23	166	168	0	143	145	144M
9223	3804	5.411E-305	1.00	5.203E-305	0	455	457	0	455	457	456M
9224	3805	1.363E-81	0.992	1.313E-81	0	138	140	0	138	140	139M
9225	3806	1.049E-96	0.993	1.027E-96	0	150	152	0	150	152	151M
9226	3807	6.541E-301	0.988	6.465E-301	0	441	443	0	441	443	442M
9227	3808	1.952E-220	0.988	2.036E-220	0	335	337	0	335	337	336M
9228	3809	1.674E-122	0.994	1.659E-122	0	195	197	0	195	197	196M
9229	2522	2.828E-54	1.00	2.967E-54	0	88	90	14	102	104	89M
9230	2523	2.217E-308	0.997	0.000E+00	0	847	849	0	847	849	848M
9231	2524	2.217E-308	1.00	0.000E+00	0	539	541	0	539	541	540M
9232	2525	2.217E-308	0.974	0.000E+00	0	925	927	0	925	927	926M
9233	2526	1.056E-137	0.995	1.018E-137	0	208	210	0	208	210	209M
9234	2527	2.217E-308	0.981	0.000E+00	0	756	758	0	756	758	757M
9235	2528	2.231E-233	0.982	2.152E-233	0	343	345	0	343	345	344M
9236	2529	3.768E-49	0.988	3.851E-49	0	83	85	0	83	85	84M
9237	2530	1.590E-102	0.987	1.542E-102	0	160	162	0	161	163	150M1D11M
9238	2531	1.690E-203	1.00	1.729E-203	0	306	308	0	306	308	307M
9239	2532	9.826E-265	0.968	9.715E-265	0	410	412	0	410	412	411M
9241	2491	6.137E-315	0.993	6.082E-315	0	478	480	0	478	480	479M
9242	2492	3.907E-179	0.996	4.044E-179	0	286	288	0	286	288	287M
9243	2493	3.948E-67	1.00	3.890E-67	0	102	104	0	102	104	103M
9244	2494	7.788E-59	1.00	8.125E-59	0	93	95	0	93	95	94M
9245	2495	7.194E-67	0.982	7.326E-67	0	115	117	0	115	117	116M
9246	2496	1.490E-77	0.983	1.419E-77	0	121	123	0	121	123	122M
9247	2497	3.556E-220	0.997	3.649E-220	0	334	336	0	334	336	335M
9248	2498	9.860E-305	1.00	1.035E-304	0	463	465	0	463	465	464M
9249	2499	7.101E-62	1.00	6.874E-62	0	97	99	0	97	99	98M
9250	4307	3.351E-81	0.977	3.501E-81	0	134	154	0	134	141	135M
9252	3944	5.112E-283	0.995	5.171E-283	0	413	415	0	413	415	414M
9253	3943	2.884E-139	1.00	2.931E-139	0	213	215	0	213	215	214M
9254	3942	6.481E-104	1.00	6.262E-104	0	159	161	0	159	161	160M
9255	3941	7.388E-116	0.994	7.762E-116	0	173	175	0	173	175	174M
9256	3940	1.525E-202	0.993	1.499E-202	0	305	307	0	305	307	306M
9257	3939	1.320E-146	0.990	1.357E-146	0	216	218	0	216	218	217M
9258	2009	2.217E-308	1.00	0.000E+00	0	496	498	0	496	498	497M
9259	2010	3.406E-242	1.00	3.430E-242	0	368	370	0	368	370	369M
9260	2011	9.809E-303	1.00	9.920E-303	0	446	448	0	446	448	447M
9261	2012	6.069E-156	1.00	6.104E-156	0	241	243	0	241	243	242M
9262	2013	1.469E-110	1.00	1.468E-110	0	183	185	0	183	185	184M
9263	2014	1.528E-164	0.992	1.534E-164	0	249	251	0	249	251	250M
9264	2015	3.867E-175	1.00	3.855E-175	0	273	275	0	273	275	274M
9265	2016	1.303E-257	0.997	1.297E-257	0	397	399	0	397	399	398M
9266	2017	6.407E-293	0.993	6.182E-293	0	450	452	0	450	452	451M
9267	2018	2.217E-308	0.956	0.000E+00	0	840	842	0	845	847	572M5D269M
9268	2019	1.902E-94	1.00	1.826E-94	0	166	168	0	166	168	167M
9269	2020	2.725E-233	0.997	2.755E-233	0	355	357	0	355	357	356M
9270	2021	4.333E-103	1.00	4.364E-103	0	160	162	0	160	162	161M
9271	2022	1.051E-174	1.00	1.060E-174	0	261	263	0	261	263	262M
9272	2023	3.907E-179	0.996	4.090E-179	0	293	295	0	293	295	294M
9273	2024	7.694E-93	0.993	7.931E-93	0	159	161	0	159	161	160M
9274	2025	1.775E-222	0.997	1.762E-222	0	348	350	0	348	350	349M
9275	2026	1.265E-91	1.00	1.310E-91	0	145	147	0	145	147	146M
9276	2027	2.430E-150	0.982	2.438E-150	0	227	229	0	227	229	228M
9277	4453	3.928E-65	0.970	3.752E-65	0	102	120	0	102	107	103M
9279	3294	5.180E-56	0.896	5.252E-56	0	96	98	11	105	107	11M2I84M
9280	3293	2.237E-118	0.983	2.341E-118	0	177	179	0	177	182	178M
9281	3292	3.120E-92	1.00	3.120E-92	0	148	150	0	148	150	149M
9282	3291	3.471E-288	0.990	3.585E-288	0	415	417	0	415	417	416M
9283	3290	1.059E-293	0.995	1.094E-293	0	467	469	0	467	469	468M
9284	3289	9.244E-164	0.959	9.255E-164	0	247	249	0	247	249	248M
9285	3800	1.357E-234	0.983	1.299E-234	18	391	393	0	373	375	374M
9286	3799	2.872E-292	0.981	2.843E-292	0	483	485	0	483	485	484M
9287	3130	1.258E-50	0.423	1.261E-50	0	207	213	25	234	245	201M2D7M
9288	3483	2.217E-308	0.993	0.000E+00	0	479	481	0	479	481	480M
9289	3484	1.028E-88	1.00	1.041E-88	0	146	148	0	146	148	147M
9290	3485	2.217E-308	0.995	0.000E+00	0	696	698	0	696	698	697M
9291	4374	1.889E-41	0.971	1.893E-41	0	70	72	0	70	72	71M
9292	4373	7.754E-96	1.00	7.881E-96	0	153	155	0	153	155	154M
9295	3666	2.217E-308	0.994	0.000E+00	0	555	573	0	555	577	556M
9296	3665	2.521E-203	0.987	2.516E-203	0	314	316	0	314	316	315M
9297	3664	2.217E-308	0.984	0.000E+00	0	951	953	0	951	953	952M
9298	3663	2.970E-189	0.968	2.861E-189	0	285	287	0	285	287	286M
9299	3662	1.398E-91	0.980	1.400E-91	0	153	155	0	153	155	154M
9300	3661	1.132E-48	1.00	1.177E-48	0	80	82	0	80	82	81M
9301	4283	5.597E-86	1.00	5.373E-86	0	138	140	0	138	140	139M
9302	4284	4.496E-272	1.00	4.293E-272	0	432	434	0	432	434	433M
9303	4322	2.382E-181	1.00	2.277E-181	0	263	265	0	263	265	264M
9304	4321	8.892E-149	1.00	8.903E-149	34	266	286	0	232	267	233M
9305	3706	7.991E-69	0.971	7.776E-69	0	106	108	0	106	108	107M
9306	3705	1.208E-73	1.00	1.196E-73	0	112	114	0	112	114	113M
9307	3704	1.191E-261	0.995	1.228E-261	0	401	403	0	401	403	402M
9308	3703	2.270E-85	1.00	2.301E-85	0	142	144	0	142	144	143M
9309	3702	1.565E-96	0.992	1.636E-96	0	140	142	0	140	142	141M
9310	3572	4.133E-46	1.00	3.939E-46	0	76	78	0	76	78	77M
9311	3571	3.647E-75	1.00	3.615E-75	0	118	120	0	118	120	119M
9312	3570	5.288E-64	0.990	5.197E-64	0	107	109	0	107	109	108M
9313	3569	1.002E-233	1.00	9.976E-234	0	367	369	0	367	369	368M
9314	3568	1.260E-128	1.00	1.248E-128	0	197	199	0	197	199	198M
9315	3567	2.131E-138	0.995	2.170E-138	0	222	224	0	222	224	223M
9316	3566	6.599E-111	0.994	6.659E-111	0	173	175	0	173	175	174M
9317	3565	1.168E-60	0.989	1.183E-60	0	97	99	0	97	99	98M
9318	3564	1.305E-18	1.00	1.303E-18	0	32	34	0	32	34	33M
9319	3563	8.687E-256	1.00	9.073E-256	0	380	382	0	380	382	381M
9320	3562	2.217E-308	0.996	0.000E+00	0	527	529	0	527	529	528M
9322	1184	7.562E-125	1.00	7.536E-125	0	201	203	0	201	203	202M
9323	1185	1.311E-66	1.00	1.311E-66	0	101	103	0	101	103	102M
9324	1186	7.051E-214	0.997	6.877E-214	0	333	335	0	333	335	334M
9325	1187	2.217E-308	0.995	0.000E+00	0	697	699	0	697	699	698M
9326	1189	2.217E-308	0.992	0.000E+00	0	978	980	0	978	980	979M
9327	1190	1.953E-259	0.989	2.012E-259	0	382	384	0	382	384	383M
9328	1191	1.117E-275	0.993	1.106E-275	0	444	446	0	444	446	445M
9329	1192	3.188E-139	1.00	3.223E-139	0	215	217	0	215	217	216M
9330	1193	2.217E-308	1.00	0.000E+00	0	512	514	0	512	514	513M
9331	1194	2.899E-141	1.00	2.887E-141	0	222	224	0	222	224	223M
9332	1195	4.439E-151	0.991	4.583E-151	0	225	227	0	225	227	226M
9333	1196	2.217E-308	0.990	0.000E+00	0	505	507	0	505	507	506M
9334	1197	6.048E-232	0.997	6.357E-232	0	348	350	0	348	350	349M
9335	1198	4.531E-159	0.992	4.601E-159	0	249	251	0	249	251	250M
9336	1199	1.255E-88	0.992	1.210E-88	0	136	138	0	136	138	137M
9337	1200	2.217E-308	1.00	0.000E+00	0	757	759	0	757	759	758M
9338	1201	6.628E-74	1.00	6.515E-74	0	119	121	0	119	121	120M
9339	1202	1.108E-233	0.997	1.161E-233	0	350	352	0	350	352	351M
9340	1203	2.852E-212	0.996	2.730E-212	0	304	306	0	304	306	305M
9341	1204	3.726E-122	1.00	3.643E-122	0	185	187	0	185	187	186M
9342	1205	2.217E-308	0.994	0.000E+00	0	673	675	0	673	675	674M
9343	1206	2.765E-84	0.977	2.688E-84	0	134	136	0	134	136	135M
9344	1207	2.706E-153	0.983	2.770E-153	0	237	239	0	237	239	238M
9345	1208	4.214E-247	0.997	4.404E-247	0	357	365	0	357	361	358M
9346	3887	1.314E-183	0.978	1.271E-183	0	280	282	0	280	282	281M
9347	3886	2.515E-86	1.00	2.412E-86	0	161	163	0	161	163	162M
9348	3885	2.217E-308	0.998	0.000E+00	0	544	546	0	544	546	545M
9349	3884	5.426E-190	0.996	5.643E-190	0	284	286	0	284	286	285M
9350	3883	7.242E-263	1.00	7.155E-263	0	405	430	0	405	406	406M
9352	3872	4.501E-79	1.00	4.495E-79	0	128	130	0	128	130	129M
9353	3871	2.204E-151	0.983	2.289E-151	0	237	239	0	237	239	238M
9354	3870	1.959E-144	1.00	2.044E-144	0	222	224	0	222	224	223M
9355	1308	1.431E-100	0.686	1.397E-100	0	213	218	0	213	218	214M
9356	2314	5.563E-161	0.625	5.464E-161	2	400	404	0	398	403	227M1I11M1D160M
9357	2881	4.674E-287	0.986	4.716E-287	0	450	452	0	450	452	451M
9358	2880	5.086E-165	0.973	5.321E-165	0	260	262	0	260	262	261M
9359	2879	1.746E-293	1.00	1.754E-293	0	450	452	0	450	452	451M
9360	2878	6.234E-89	1.00	6.436E-89	0	136	138	0	136	138	137M
9361	2877	2.309E-169	0.995	2.212E-169	0	240	242	0	240	242	241M
9362	2876	1.440E-141	1.00	1.487E-141	0	208	210	0	208	210	209M
9363	2875	5.113E-167	0.989	5.292E-167	0	276	278	0	276	278	277M
9364	2874	4.605E-320	0.983	4.639E-320	0	482	484	0	482	484	483M
9365	2873	8.716E-296	0.981	8.890E-296	0	438	440	0	438	440	439M
9366	2872	2.217E-308	0.992	0.000E+00	0	794	810	0	794	795	795M
9367	4040	1.937E-101	1.00	1.981E-101	0	154	156	0	154	156	155M
9368	4039	2.264E-84	0.992	2.158E-84	0	136	138	0	136	138	137M
9369	4038	5.065E-86	0.985	4.880E-86	0	136	138	0	136	138	137M
9370	4037	2.017E-194	0.993	1.973E-194	0	287	289	0	287	289	288M
9371	4036	1.287E-175	1.00	1.241E-175	0	269	271	0	269	271	270M
9372	2826	4.391E-23	0.239	4.399E-23	17	305	307	3	295	299	87M1D28M1I55M7D29M2I16M1I70M
9373	1447	9.148E-276	0.987	8.816E-276	0	412	414	0	412	414	413M
9374	1446	4.767E-256	0.981	4.551E-256	0	372	374	0	372	374	373M
9375	1445	2.998E-154	0.982	3.145E-154	0	231	233	0	231	233	232M
9376	1444	1.833E-157	0.991	1.757E-157	0	246	248	0	246	248	247M
9377	1443	1.147E-285	0.976	1.143E-285	0	417	419	0	417	419	418M
9378	1442	1.400E-285	0.995	1.374E-285	0	448	450	0	448	450	449M
9379	1441	1.606E-106	0.988	1.567E-106	6	179	181	0	173	175	174M
9380	1440	2.504E-239	0.986	2.564E-239	0	368	370	0	368	370	369M
9381	1439	2.922E-260	0.997	2.802E-260	0	387	389	0	387	389	388M
9382	1438	1.844E-82	1.00	1.936E-82	0	118	120	0	118	120	119M
9383	1437	6.049E-116	0.982	5.939E-116	0	174	176	0	174	176	175M
9384	1436	4.284E-292	0.992	4.291E-292	0	424	426	0	424	426	425M
9385	1435	7.181E-105	1.00	7.212E-105	0	160	162	0	160	162	161M
9386	1434	2.461E-155	0.991	2.481E-155	0	244	246	0	244	246	245M
9387	1433	7.088E-216	0.996	7.061E-216	0	316	318	0	316	318	317M
9388	1432	7.653E-207	0.984	7.634E-207	0	316	318	0	316	318	317M
9389	1431	1.849E-199	0.983	1.919E-199	0	303	305	0	303	305	304M
9390	1430	2.217E-308	0.988	0.000E+00	0	767	769	0	767	769	768M
9392	1427	3.087E-320	0.975	3.148E-320	0	494	496	0	494	496	495M
9393	1426	2.217E-308	0.986	0.000E+00	0	819	821	4	823	825	820M
9394	1425	2.315E-170	0.961	2.215E-170	0	258	260	0	258	260	259M
9395	2314	2.262E-161	0.622	2.221E-161	0	401	405	0	401	403	227M1I11M1D163M
9396	1308	1.431E-100	0.682	1.397E-100	0	213	218	0	213	218	214M
9397	3870	8.755E-143	0.991	8.993E-143	0	222	224	0	222	224	223M
9398	4017	6.217E-204	1.00	6.410E-204	0	305	307	0	305	307	306M
9399	4016	9.611E-63	1.00	9.347E-63	0	95	97	0	95	97	96M
9400	4015	1.674E-238	0.997	1.621E-238	0	367	369	0	367	369	368M
9401	2898	1.322E-108	0.576	1.271E-108	0	292	305	0	291	320	179M1I113M
9402	3500	1.940E-179	0.981	1.880E-179	0	263	265	0	263	265	264M
9403	3499	1.809E-152	1.00	1.837E-152	0	237	239	0	237	239	238M
9404	3498	2.217E-308	0.989	0.000E+00	0	576	578	0	576	578	577M
9405	3497	2.084E-284	0.997	2.189E-284	0	433	435	0	433	435	434M
9406	3496	3.218E-220	0.978	3.171E-220	0	331	333	0	331	333	332M
9407	3495	4.758E-27	0.921	4.775E-27	0	50	51	0	50	525	51M
9408	1242	9.061E-17	0.971	9.096E-17	0	34	36	109	143	145	35M
9409	1241	2.237E-118	1.00	2.273E-118	0	183	185	0	183	185	184M
9410	1240	6.870E-320	0.963	7.115E-320	0	498	500	0	498	500	499M
9411	1239	2.217E-308	0.979	0.000E+00	0	790	792	0	790	792	791M
9412	1238	1.677E-200	0.914	1.754E-200	0	326	328	0	326	328	327M
9413	1237	5.310E-143	1.00	5.091E-143	0	230	232	0	230	232	231M
9414	1236	1.408E-171	0.992	1.446E-171	0	267	269	0	267	269	268M
9415	1235	3.575E-222	1.00	3.632E-222	0	350	352	0	350	352	351M
9416	3794	2.217E-308	0.980	0.000E+00	0	909	911	7	916	918	910M
9417	3795	2.217E-308	0.987	0.000E+00	0	898	900	0	898	900	899M
9418	3796	3.824E-132	1.00	3.876E-132	0	193	195	0	193	195	194M
9419	985	2.217E-308	0.976	0.000E+00	0	599	601	0	599	601	600M
9420	986	2.217E-308	0.996	0.000E+00	0	512	514	0	512	514	513M
9421	987	2.816E-322	1.00	2.915E-322	0	468	470	0	468	470	469M
9422	988	3.320E-116	0.994	3.249E-116	0	168	170	0	168	170	169M
9423	989	1.355E-195	1.00	1.396E-195	0	291	293	0	291	293	292M
9424	990	3.365E-276	0.881	3.397E-276	0	480	482	0	484	486	228M3I10M3D20M4D220M
9425	991	1.398E-33	0.984	1.405E-33	0	65	67	0	65	67	66M
9426	992	7.674E-92	1.00	7.309E-92	0	146	148	0	146	148	147M
9427	993	2.623E-141	1.00	2.665E-141	0	207	209	0	207	209	208M
9428	994	1.886E-168	0.992	1.802E-168	0	251	253	0	251	253	252M
9429	995	4.280E-253	0.997	4.203E-253	0	390	392	0	390	392	391M
9430	996	3.767E-281	1.00	3.878E-281	0	411	413	0	411	413	412M
9431	997	2.217E-308	1.00	0.000E+00	0	755	757	0	755	757	756M
9432	998	2.217E-308	0.996	0.000E+00	0	948	950	0	948	950	949M
9433	999	2.233E-156	0.987	2.157E-156	0	239	241	0	239	241	240M
9434	1000	2.667E-186	0.992	2.765E-186	0	277	279	0	277	279	278M
9435	1001	2.011E-309	0.995	1.916E-309	0	459	461	0	459	461	460M
9436	1002	4.470E-115	0.983	4.551E-115	0	177	179	0	177	179	178M
9437	1003	6.138E-83	1.00	5.891E-83	0	126	128	0	126	128	127M
9438	1004	2.217E-308	0.997	0.000E+00	0	820	822	0	820	822	821M
9439	1005	6.684E-232	1.00	6.798E-232	0	336	338	0	336	338	337M
9440	1006	6.153E-316	1.00	6.042E-316	0	469	471	0	469	471	470M
9441	1007	1.336E-23	1.00	1.340E-23	0	43	45	0	43	45	44M
9442	1008	1.432E-255	0.990	1.412E-255	0	403	405	0	403	405	404M
9443	1009	6.954E-286	0.997	6.988E-286	0	447	449	0	447	449	448M
9444	1010	4.551E-238	1.00	4.470E-238	0	355	357	0	355	357	356M
9445	147	2.962E-188	1.00	2.907E-188	0	274	276	0	274	276	275M
9446	148	2.041E-160	1.00	1.966E-160	0	249	251	0	249	251	250M
9447	149	7.766E-174	0.996	7.745E-174	0	290	292	0	290	292	291M
9448	150	4.333E-103	0.975	4.364E-103	0	160	162	0	160	162	161M
9449	151	1.081E-185	0.996	1.107E-185	0	273	275	0	273	275	274M
9450	152	9.752E-146	0.983	9.416E-146	0	237	239	0	237	239	238M
9451	153	1.304E-64	1.00	1.268E-64	0	104	106	0	104	106	105M
9452	154	7.714E-94	1.00	7.410E-94	0	149	151	0	149	151	150M
9453	155	8.422E-128	1.00	8.416E-128	0	204	206	0	204	206	205M
9454	156	2.950E-225	1.00	2.867E-225	0	332	334	0	332	334	333M
9455	157	3.450E-247	1.00	3.617E-247	0	379	381	0	379	381	380M
9456	158	1.170E-138	1.00	1.138E-138	0	215	217	0	215	217	216M
9457	159	1.076E-183	1.00	1.037E-183	0	269	271	0	269	271	270M
9458	160	2.285E-165	1.00	2.347E-165	0	256	258	0	256	258	257M
9459	161	2.048E-200	1.00	2.141E-200	0	310	312	0	310	312	311M
9460	162	3.074E-125	0.971	3.111E-125	0	209	211	0	209	211	210M
9461	163	4.427E-150	0.995	4.581E-150	0	227	229	0	227	229	228M
9462	164	2.847E-250	0.951	2.812E-250	0	408	410	0	408	410	409M
9464	165	1.852E-277	1.00	1.769E-277	0	416	418	0	416	418	417M
9465	166	1.783E-301	0.997	1.778E-301	0	481	483	0	481	483	482M
9466	167	2.217E-308	0.993	0.000E+00	0	1058	1060	0	1058	1060	1059M
9467	168	2.583E-251	0.995	2.698E-251	0	405	407	0	405	407	406M
9469	169	1.484E-230	1.00	1.537E-230	0	342	344	0	342	344	343M
9470	170	4.208E-169	1.00	4.155E-169	0	260	262	0	260	262	261M
9471	171	3.188E-139	0.991	3.165E-139	0	228	230	0	228	230	229M
9472	172	2.005E-153	0.991	1.928E-153	0	236	238	0	236	238	237M
9473	173	1.129E-163	0.992	1.081E-163	0	257	259	0	257	259	258M
9474	174	2.364E-62	1.00	2.421E-62	0	108	110	0	108	110	109M
9475	175	5.710E-55	0.942	5.528E-55	0	86	88	0	86	88	87M
9476	176	2.977E-306	0.989	3.054E-306	0	455	457	0	455	457	456M
9477	177	2.217E-308	0.987	0.000E+00	0	486	488	0	485	487	148M1I338M
9478	178	1.248E-163	0.854	1.298E-163	0	288	290	0	288	290	289M
9479	179	7.746E-173	1.00	7.600E-173	0	258	260	0	258	260	259M
9480	180	6.117E-159	0.983	5.929E-159	0	241	243	0	241	243	242M
9481	181	3.504E-253	0.992	3.658E-253	0	421	423	0	421	423	422M
9482	182	2.217E-308	0.991	0.000E+00	0	584	586	0	584	586	585M
9483	183	1.460E-69	1.00	1.525E-69	0	118	120	0	118	120	119M
9484	184	7.150E-142	0.995	7.097E-142	0	219	221	0	219	221	220M
9485	185	2.315E-286	0.995	2.386E-286	0	451	453	0	451	453	452M
9486	186	2.019E-32	1.00	2.011E-32	0	55	57	0	55	57	56M
9487	187	4.606E-204	0.989	4.611E-204	0	298	300	0	298	300	299M
9488	188	8.081E-112	1.00	8.182E-112	0	182	184	0	182	184	183M
9489	189	2.217E-308	0.998	0.000E+00	0	797	799	0	797	799	798M
9490	190	2.275E-202	1.00	2.332E-202	0	301	303	0	301	303	302M
9491	191	2.111E-57	1.00	2.161E-57	0	89	91	0	89	91	90M
9492	192	4.863E-225	0.997	4.740E-225	0	336	338	0	336	338	337M
9493	193	5.635E-282	1.00	5.689E-282	0	451	453	0	451	453	452M
9494	194	2.616E-256	1.00	2.573E-256	0	380	382	0	380	382	381M
9495	195	4.678E-210	0.984	4.715E-210	0	313	315	0	313	315	314M
9496	196	6.806E-239	1.00	6.598E-239	0	368	370	0	368	370	369M
9497	197	2.217E-308	0.997	0.000E+00	0	747	749	8	755	757	748M
9498	198	1.854E-84	1.00	1.825E-84	0	126	128	0	126	128	127M
9499	199	3.771E-320	0.979	3.892E-320	0	485	487	0	485	487	486M
9500	200	1.912E-212	0.990	1.956E-212	0	317	319	0	317	319	318M
9501	201	4.370E-145	0.995	4.280E-145	0	209	211	0	209	211	210M
9502	202	1.379E-163	0.972	1.414E-163	0	256	258	0	256	258	257M
9503	203	8.466E-130	0.980	8.156E-130	0	206	208	0	206	208	207M
9504	204	4.175E-166	1.00	4.273E-166	0	260	262	0	260	262	261M
9505	205	4.834E-37	0.984	4.843E-37	0	64	66	0	64	66	65M
9506	206	1.217E-76	1.00	1.233E-76	0	120	122	0	120	122	121M
9507	207	1.456E-184	1.00	1.418E-184	0	287	289	0	287	289	288M
9508	208	9.293E-50	1.00	9.360E-50	0	80	82	0	80	82	81M
9509	401	4.409E-44	1.00	4.390E-44	0	69	71	0	69	71	70M
9510	400	2.126E-253	1.00	2.112E-253	0	382	384	0	382	384	383M
9511	399	2.702E-75	0.992	2.696E-75	0	125	127	0	125	127	126M
9512	398	9.189E-123	0.994	9.545E-123	0	190	192	0	190	192	191M
9513	397	9.997E-233	1.00	1.018E-232	0	356	358	0	356	358	357M
9514	396	1.288E-98	0.993	1.237E-98	0	150	152	0	150	152	151M
9515	395	1.031E-244	0.984	1.003E-244	0	378	380	0	378	380	379M
9516	394	2.323E-94	0.993	2.349E-94	0	158	160	0	158	160	159M
9517	393	3.210E-219	1.00	3.161E-219	0	333	335	0	333	335	334M
9518	392	9.118E-120	0.989	8.692E-120	0	194	196	0	194	196	195M
9519	391	2.217E-308	0.998	0.000E+00	0	512	514	0	512	514	513M
9520	390	2.217E-308	0.998	0.000E+00	0	628	630	0	628	630	629M
9521	389	5.242E-138	0.967	5.507E-138	0	215	217	0	215	217	216M
9522	388	2.317E-209	0.996	2.310E-209	0	320	322	0	320	322	321M
9523	387	3.290E-306	0.993	3.302E-306	0	477	479	0	477	479	478M
9524	386	3.369E-83	1.00	3.328E-83	0	147	149	0	147	149	148M
9525	385	2.768E-38	1.00	2.758E-38	0	70	72	0	70	72	71M
9526	384	2.628E-219	0.997	2.533E-219	0	335	337	0	335	337	336M
9527	383	5.148E-247	0.983	5.070E-247	0	366	368	0	366	368	367M
9528	382	8.242E-197	1.00	8.577E-197	0	292	294	0	292	294	293M
9529	381	2.217E-308	1.00	0.000E+00	0	501	503	0	501	503	502M
9530	380	2.128E-176	0.943	2.228E-176	0	266	268	0	266	268	267M
9531	379	1.878E-205	1.00	1.908E-205	0	304	306	0	304	306	305M
9532	378	2.457E-309	0.986	2.392E-309	0	457	459	0	457	459	458M
9533	377	2.217E-308	0.986	0.000E+00	0	521	523	0	521	523	522M
9534	376	3.516E-293	0.995	3.357E-293	0	464	466	0	464	466	465M
9535	4449	6.197E-48	0.987	6.436E-48	0	76	78	0	76	78	77M
9536	4156	9.844E-227	0.993	1.016E-226	0	328	330	0	328	330	329M
9537	4157	1.426E-176	1.00	1.411E-176	0	263	265	0	263	265	264M
9538	4158	7.800E-137	0.989	7.889E-137	0	198	200	0	198	200	199M
9539	4159	3.954E-145	0.995	3.778E-145	0	213	215	0	213	215	214M
9540	4199	1.774E-67	0.974	1.830E-67	0	118	121	0	118	121	119M
9541	4200	1.178E-102	0.987	1.214E-102	0	155	157	0	155	157	156M
9543	4205	1.499E-118	0.989	1.438E-118	0	192	202	0	192	195	193M
9544	4204	4.051E-193	0.992	3.946E-193	0	277	279	0	277	279	278M
9545	4203	1.591E-257	0.994	1.582E-257	0	381	383	0	382	384	76M1D306M
9546	4060	7.167E-259	1.00	7.421E-259	0	410	412	0	410	412	411M
9547	4059	4.442E-190	0.986	4.431E-190	0	299	301	0	299	301	300M
9548	4058	6.537E-146	0.978	6.555E-146	0	231	238	0	231	233	232M
9549	4057	2.342E-39	1.00	2.335E-39	0	65	67	0	65	67	66M
9551	4277	3.992E-110	0.988	3.901E-110	0	177	179	0	177	179	178M
9553	3877	2.409E-108	0.982	2.431E-108	0	171	173	0	171	173	172M
9554	3878	1.415E-173	0.989	1.422E-173	4	276	278	0	272	274	273M
9555	3879	2.217E-308	0.993	0.000E+00	0	831	833	0	831	833	832M
9556	3880	1.766E-220	0.991	1.709E-220	0	338	340	0	338	340	339M
9557	3881	2.268E-46	0.987	2.199E-46	0	77	79	0	77	79	78M
9558	3790	1.022E-318	0.997	1.006E-318	0	494	496	0	494	496	495M
9559	2705	1.822E-116	0.978	1.883E-116	0	183	185	0	183	185	184M
9560	2704	1.448E-182	0.979	1.494E-182	0	293	301	0	293	297	294M
9563	2703	1.026E-126	0.995	1.049E-126	0	204	206	0	204	206	205M
9564	2702	3.427E-167	0.985	3.476E-167	0	267	269	0	267	269	268M
9565	2701	2.217E-308	0.998	0.000E+00	0	565	567	0	565	567	566M
9566	2700	4.382E-146	0.987	4.563E-146	0	235	237	0	235	237	236M
9571	2060	1.012E-314	1.00	1.061E-314	0	490	492	0	490	492	491M
9572	2059	3.675E-194	1.00	3.587E-194	0	293	295	0	293	295	294M
9573	2061	7.132E-25	0.609	7.116E-25	7	85	88	92	178	181	33M4D8M3D10M1D28M
9577	3245	5.942E-24	0.549	5.930E-24	0	101	114	0	93	175	54M1I32M7I8M
9578	3834	9.819E-110	0.678	1.026E-109	19	273	276	52	303	308	179M3I73M
9579	3751	2.217E-308	0.999	0.000E+00	368	2336	2338	0	1968	1970	1969M
9581	3535	2.217E-308	0.979	0.000E+00	0	573	575	0	573	575	574M
9582	3534	2.756E-160	0.995	2.873E-160	0	237	239	0	237	239	238M
9583	3533	9.786E-70	1.00	9.387E-70	0	108	110	0	108	110	109M
9584	3532	2.780E-86	1.00	2.778E-86	0	144	146	0	144	146	145M
9586	2031	2.347E-98	0.993	2.372E-98	0	157	159	0	157	159	158M
9587	2032	2.217E-308	0.998	0.000E+00	0	1075	1077	0	1075	1077	1076M
9588	2033	2.153E-258	0.997	2.075E-258	0	378	380	0	378	380	379M
9589	2034	8.816E-107	0.989	8.975E-107	0	194	196	0	194	196	195M
9590	2035	3.067E-124	0.994	2.999E-124	0	177	179	0	177	179	178M
9591	2036	6.442E-63	1.00	6.205E-63	0	106	108	0	106	108	107M
9592	2037	2.596E-137	1.00	2.665E-137	0	215	217	0	215	217	216M
9593	2038	2.217E-308	0.998	0.000E+00	0	630	632	0	630	632	631M
9594	2039	5.287E-180	0.989	5.060E-180	0	281	284	0	281	284	282M
9595	2040	1.589E-63	1.00	1.514E-63	0	103	105	0	103	105	104M
9596	2041	3.600E-70	0.940	3.462E-70	0	116	122	0	116	118	117M
9597	2042	2.217E-308	0.972	0.000E+00	0	586	588	0	586	588	587M
9598	2043	5.874E-182	0.996	5.852E-182	0	281	283	0	281	283	282M
9599	2044	1.800E-150	0.990	1.834E-150	0	221	223	0	221	223	222M
9600	2045	9.277E-88	1.00	9.299E-88	0	139	141	0	139	141	140M
9601	2046	2.333E-289	0.997	2.395E-289	0	438	440	0	438	440	439M
9602	2516	2.217E-308	0.990	0.000E+00	0	501	503	0	501	503	502M
9603	2515	2.217E-308	0.986	0.000E+00	0	504	506	0	504	506	505M
9604	2514	2.217E-308	0.998	0.000E+00	0	609	611	0	609	611	610M
9605	2513	1.878E-205	0.996	1.935E-205	0	311	313	0	311	313	312M
9606	2512	5.650E-167	0.995	5.782E-167	0	239	253	0	239	254	240M
9607	3418	2.217E-308	0.919	0.000E+00	0	2975	3176	0	3000	3006	211M95D2645M10I4M10I8M32I3M18I35M
9608	4062	2.111E-57	1.00	2.117E-57	0	95	97	0	95	97	96M
9609	4063	2.217E-308	1.00	0.000E+00	0	543	545	0	543	545	544M
9610	4064	7.306E-73	1.00	7.214E-73	0	123	125	0	123	125	124M
9611	3757	4.872E-187	0.985	5.045E-187	28	308	310	0	280	282	281M
9612	3756	8.687E-256	0.992	8.658E-256	0	379	381	0	379	381	380M
9613	3755	2.217E-308	0.996	0.000E+00	0	1030	1032	0	1030	1032	1031M
9614	3754	1.670E-121	0.994	1.632E-121	0	190	192	0	190	192	191M
9615	3753	8.157E-193	1.00	8.497E-193	0	300	302	0	300	302	301M
9616	3018	9.835E-188	0.993	9.611E-188	0	286	288	0	286	288	287M
9617	3019	1.686E-202	1.00	1.624E-202	0	300	302	0	300	302	301M
9618	3020	1.217E-76	1.00	1.202E-76	0	126	128	0	126	128	127M
9619	3021	1.700E-244	1.00	1.695E-244	0	369	371	0	369	371	370M
9620	3022	8.794E-106	0.987	9.140E-106	0	163	165	0	163	165	164M
9621	3023	4.107E-121	0.967	4.133E-121	0	183	185	0	183	185	184M
9622	3024	2.217E-308	0.995	0.000E+00	0	1331	1333	0	1331	1333	1332M
9624	4226	4.952E-116	0.927	5.170E-116	0	191	193	0	191	193	192M
9625	4227	2.917E-182	0.989	2.873E-182	0	286	288	0	286	288	287M
9626	2455	1.941E-09	0.246	1.945E-09	4	196	206	2	194	199	61M3D10M3D7M2I9M5I17M3I25M4D54M
9627	4081	1.403E-131	0.995	1.394E-131	0	200	202	0	200	202	201M
9628	4082	3.401E-164	0.992	3.366E-164	0	259	261	0	259	261	260M
9629	4083	2.704E-114	0.978	2.585E-114	0	187	189	40	227	229	188M
9630	4084	7.021E-251	0.984	6.734E-251	0	384	386	0	384	386	385M
9631	2427	2.217E-308	0.997	0.000E+00	0	801	803	0	801	803	802M
9632	2428	2.100E-171	1.00	2.147E-171	0	262	264	0	262	264	263M
9633	2429	6.123E-82	1.00	6.213E-82	0	129	131	0	129	131	130M
9634	2430	4.012E-228	0.966	4.169E-228	0	354	356	0	354	356	355M
9635	2431	4.702E-212	0.987	4.867E-212	0	323	325	0	323	325	324M
9636	2432	1.694E-204	1.00	1.718E-204	0	324	326	0	324	326	325M
9637	2433	1.201E-303	1.00	1.172E-303	0	461	463	0	461	463	462M
9638	2434	1.521E-317	1.00	1.491E-317	0	491	493	0	491	493	492M
9639	2435	9.810E-40	1.00	9.832E-40	0	73	75	0	73	75	74M
9640	2436	1.662E-274	0.997	1.728E-274	0	415	417	0	415	417	416M
9641	2437	5.981E-189	0.992	5.820E-189	0	280	282	0	280	282	281M
9642	2438	8.401E-127	0.995	8.413E-127	0	206	208	0	206	208	207M
9643	2439	3.048E-199	0.990	3.173E-199	4	307	309	0	303	305	304M
9644	2571	1.994E-151	1.00	2.042E-151	0	248	250	0	248	250	249M
9645	2572	4.909E-190	1.00	5.155E-190	0	309	311	0	309	311	310M
9646	2573	2.217E-308	1.00	0.000E+00	0	903	905	0	903	905	904M
9647	2574	2.217E-308	0.985	0.000E+00	0	547	549	0	547	549	548M
9648	2575	9.913E-75	0.984	9.537E-75	0	125	127	0	125	127	126M
9649	2576	4.727E-214	0.993	4.730E-214	0	325	327	0	325	327	326M
9650	2577	1.737E-175	0.977	1.757E-175	0	263	265	0	263	265	264M
9651	2578	2.236E-234	0.988	2.241E-234	0	362	364	0	362	364	363M
9652	2579	6.684E-232	0.994	6.436E-232	0	355	357	0	355	357	356M
9653	2580	6.598E-227	0.997	6.370E-227	0	372	374	0	372	374	373M
9654	2581	4.061E-310	1.00	4.169E-310	0	494	496	0	494	496	495M
9655	4237	3.951E-222	0.997	3.844E-222	0	333	360	0	333	334	334M
9657	3150	4.727E-214	0.996	4.825E-214	0	312	314	0	312	314	313M
9658	3149	5.744E-96	0.993	6.029E-96	0	154	156	0	154	156	155M
9659	3148	2.694E-190	1.00	2.590E-190	0	301	303	0	301	303	302M
9660	3147	1.612E-262	1.00	1.602E-262	8	425	427	0	417	419	418M
9661	3146	3.246E-146	0.991	3.131E-146	0	227	229	0	227	229	228M
9662	3457	2.217E-308	0.986	0.000E+00	122	809	811	0	687	689	688M
9663	3456	1.438E-218	1.00	1.509E-218	0	326	328	0	326	328	327M
9664	3455	5.029E-238	0.997	4.969E-238	0	364	366	0	364	366	365M
9665	3454	9.734E-184	0.992	9.895E-184	0	268	270	0	268	270	269M
9666	3453	2.877E-138	0.980	2.883E-138	0	208	210	0	208	210	209M
9667	3452	1.511E-237	1.00	1.577E-237	0	355	357	0	355	357	356M
9668	3451	1.700E-244	1.00	1.688E-244	0	396	398	0	396	398	397M
9669	3450	2.968E-150	1.00	2.946E-150	0	231	233	0	231	233	232M
9670	4102	3.093E-321	0.774	2.994E-321	0	615	617	0	616	618	109M1D507M
9672	3078	7.401E-78	0.992	7.713E-78	0	128	130	0	128	130	129M
9673	3077	8.786E-67	0.990	8.478E-67	0	105	107	0	105	107	106M
9674	3076	1.399E-130	0.995	1.462E-130	0	203	205	0	203	205	204M
9675	3075	2.828E-170	1.00	2.896E-170	0	257	259	0	257	259	258M
9676	3074	2.581E-212	1.00	2.473E-212	0	322	324	0	322	324	323M
9677	3073	2.561E-35	1.00	2.558E-35	0	61	63	0	61	63	62M
9678	3072	1.488E-115	0.994	1.441E-115	0	186	188	0	186	188	187M
9679	3071	6.900E-283	1.00	6.611E-283	0	425	427	0	425	427	426M
9680	3070	1.771E-221	0.955	1.789E-221	0	447	449	0	466	468	250M19D198M
9681	3069	5.117E-90	0.993	5.111E-90	0	149	151	0	149	151	150M
9682	3068	7.881E-141	0.995	8.283E-141	0	231	233	0	231	233	232M
9683	3067	9.253E-87	1.00	9.138E-87	0	134	136	0	134	136	135M
9684	3066	4.759E-294	0.995	4.921E-294	0	443	445	24	467	469	444M
9685	905	7.125E-218	1.00	7.387E-218	0	333	335	0	333	335	334M
9686	904	5.573E-123	0.994	5.413E-123	0	198	200	0	198	200	199M
9687	903	1.087E-303	1.00	1.043E-303	0	445	447	0	445	447	446M
9688	902	2.217E-308	0.997	0.000E+00	0	1276	1278	0	1276	1278	1277M
9689	901	1.170E-254	1.00	1.114E-254	0	400	402	0	400	402	401M
9691	900	5.315E-66	1.00	5.378E-66	0	104	106	0	104	106	105M
9692	899	6.245E-167	0.992	5.946E-167	0	265	267	0	265	267	266M
9693	898	1.731E-135	0.995	1.660E-135	0	209	211	0	209	211	210M
9694	897	4.965E-117	0.973	4.930E-117	0	188	190	0	188	190	189M
9695	896	3.880E-99	0.993	3.852E-99	0	152	154	0	152	154	153M
9696	895	2.449E-153	1.00	2.366E-153	0	227	229	0	227	229	228M
9697	894	2.464E-78	0.992	2.448E-78	0	137	139	0	137	139	138M
9698	893	5.379E-148	1.00	5.616E-148	0	222	224	0	222	224	223M
9699	892	2.244E-158	1.00	2.160E-158	0	235	237	0	235	237	236M
9700	891	4.329E-180	1.00	4.336E-180	0	272	274	0	272	274	273M
9701	890	3.067E-124	0.761	3.104E-124	0	245	247	0	246	248	212M1D34M
9702	889	5.597E-202	1.00	5.541E-202	0	306	308	0	306	308	307M
9703	888	2.225E-232	1.00	2.173E-232	0	352	354	0	352	354	353M
9704	887	9.760E-185	1.00	9.996E-185	0	293	295	0	293	295	294M
9705	886	2.345E-175	1.00	2.362E-175	0	276	278	0	276	278	277M
9706	885	9.527E-137	0.995	9.102E-137	0	201	203	0	201	203	202M
9707	884	6.581E-226	0.997	6.514E-226	0	334	336	0	334	336	335M
9708	883	7.193E-183	0.988	6.877E-183	0	269	271	0	269	271	270M
9709	882	8.228E-235	0.994	8.605E-235	0	355	357	0	355	357	356M
9710	881	2.537E-128	1.00	2.459E-128	0	198	200	0	198	200	199M
9711	880	1.023E-86	0.992	1.056E-86	0	137	139	0	137	139	138M
9712	879	2.217E-308	0.994	0.000E+00	0	548	550	0	548	550	549M
9713	878	5.219E-291	1.00	5.136E-291	0	457	459	0	457	459	458M
9714	877	1.574E-98	1.00	1.616E-98	0	148	151	0	148	150	149M
9715	876	2.217E-308	1.00	0.000E+00	0	604	606	0	604	606	605M
9716	875	3.317E-193	1.00	3.423E-193	0	274	276	0	274	276	275M
9717	874	1.342E-75	1.00	1.302E-75	0	123	125	0	123	125	124M
9718	873	6.007E-152	1.00	6.091E-152	0	229	231	0	229	231	230M
9719	872	5.894E-222	0.994	6.143E-222	0	341	343	0	341	343	342M
9720	871	1.210E-35	1.00	1.211E-35	0	65	67	0	65	67	66M
9721	870	8.109E-152	0.991	8.478E-152	0	236	238	0	236	238	237M
9722	869	3.634E-151	0.995	3.613E-151	0	240	242	0	240	242	241M
9723	868	3.541E-141	1.00	3.544E-141	0	213	215	0	213	215	214M
9724	4026	2.799E-166	1.00	2.797E-166	0	251	253	0	251	253	252M
9725	4025	7.734E-95	0.978	7.587E-95	0	141	143	0	141	143	142M
9726	4024	4.157E-87	1.00	4.179E-87	11	144	146	0	133	135	134M
9727	4372	5.489E-32	1.00	5.479E-32	0	56	58	339	395	397	57M
9728	2321	1.402E-92	1.00	1.437E-92	0	145	147	0	145	147	146M
9729	2322	2.019E-117	1.00	2.032E-117	0	176	178	0	176	178	177M
9730	2323	2.070E-88	1.00	2.111E-88	0	141	143	0	141	143	142M
9731	2324	3.904E-140	1.00	3.824E-140	0	230	232	0	230	232	231M
9732	2325	8.658E-100	1.00	8.651E-100	0	167	169	0	167	169	168M
9733	2326	7.194E-67	1.00	7.479E-67	0	122	124	0	122	124	123M
9734	2327	2.217E-308	1.00	0.000E+00	0	1361	1363	0	1361	1363	1362M
9735	2328	2.217E-308	1.00	0.000E+00	0	1396	1398	0	1396	1398	1397M
9736	2329	1.756E-63	1.00	1.830E-63	0	120	122	0	120	122	121M
9737	2330	1.294E-61	1.00	1.322E-61	0	117	119	0	117	119	118M
9738	2331	1.193E-107	0.987	1.156E-107	0	164	166	0	164	166	165M
9739	2332	3.694E-196	0.986	3.601E-196	0	289	291	0	289	291	290M
9740	2333	1.280E-289	0.997	1.336E-289	0	473	475	0	473	475	474M
9741	146	2.981E-113	0.919	2.978E-113	10	192	194	0	185	187	164M3D19M
9742	145	2.206E-74	1.00	2.292E-74	0	117	119	0	117	119	118M
9743	144	2.217E-308	1.00	0.000E+00	0	638	640	0	638	640	639M
9744	143	9.133E-198	0.970	9.575E-198	0	299	301	0	299	301	300M
9745	142	2.411E-263	1.00	2.457E-263	0	378	380	0	378	380	379M
9746	141	4.462E-153	1.00	4.309E-153	0	233	235	0	233	235	234M
9747	140	3.681E-156	0.992	3.793E-156	0	251	253	0	251	253	252M
9748	139	1.522E-85	1.00	1.567E-85	0	134	136	0	134	136	135M
9749	138	1.670E-121	0.978	1.682E-121	0	184	186	0	184	186	185M
9750	137	8.235E-158	0.987	8.382E-158	0	237	239	0	237	239	238M
9751	136	1.175E-101	0.993	1.127E-101	0	162	164	0	162	164	163M
9752	135	3.495E-252	1.00	3.640E-252	0	389	391	0	389	391	390M
9753	134	2.217E-308	1.00	0.000E+00	0	716	718	0	716	718	717M
9754	132	3.448E-208	1.00	3.330E-208	0	303	305	0	303	305	304M
9757	131	1.166E-98	0.880	1.149E-98	0	175	177	0	175	177	176M
9758	130	2.217E-308	0.998	0.000E+00	0	601	603	0	601	603	602M
9759	129	1.067E-180	0.984	1.101E-180	0	263	265	0	263	265	264M
9760	128	2.243E-119	1.00	2.239E-119	0	194	196	0	194	196	195M
9761	127	1.204E-188	0.989	1.259E-188	0	283	285	0	283	285	284M
9762	126	3.155E-135	0.980	3.067E-135	0	202	204	0	202	204	203M
9763	125	1.540E-167	1.00	1.513E-167	0	256	258	0	256	258	257M
9764	124	2.217E-308	0.998	0.000E+00	0	698	700	0	698	700	699M
9765	123	8.659E-42	1.00	8.637E-42	0	67	69	0	67	69	68M
9766	122	2.801E-205	1.00	2.746E-205	0	332	334	0	332	334	333M
9767	121	1.151E-93	1.00	1.150E-93	0	145	147	0	145	147	146M
9768	120	2.796E-127	1.00	2.820E-127	0	183	185	0	183	185	184M
9769	119	2.217E-308	0.998	0.000E+00	0	554	556	0	554	556	555M
9770	118	1.307E-297	0.986	1.286E-297	0	435	437	0	435	437	436M
9771	117	3.600E-70	1.00	3.464E-70	0	107	109	0	107	109	108M
9772	116	2.493E-160	1.00	2.571E-160	0	248	250	0	248	250	249M
9773	115	1.490E-193	0.993	1.476E-193	0	303	305	0	303	305	304M
9774	114	3.398E-125	1.00	3.319E-125	0	197	199	0	197	199	198M
9775	113	1.198E-186	0.979	1.142E-186	0	285	287	0	285	287	286M
9776	112	1.425E-253	1.00	1.398E-253	0	407	409	0	407	409	408M
9777	111	2.217E-308	0.996	0.000E+00	0	569	571	0	569	571	570M
9778	110	6.277E-169	0.996	6.558E-169	0	263	265	0	263	265	264M
9779	109	2.850E-57	0.981	2.904E-57	0	108	110	0	108	110	109M
9780	108	3.622E-111	1.00	3.543E-111	0	173	175	0	173	175	174M
9781	107	1.655E-311	0.997	1.707E-311	0	493	495	0	493	495	494M
9782	106	2.217E-308	1.00	0.000E+00	0	898	900	0	898	900	899M
9783	105	5.013E-82	0.992	5.236E-82	0	132	134	0	132	134	133M
9784	104	8.201E-79	0.992	7.840E-79	0	133	135	0	133	135	134M
9785	103	3.428E-51	0.989	3.445E-51	0	90	92	0	90	92	91M
9786	102	1.808E-113	0.994	1.739E-113	0	174	176	0	174	176	175M
9787	101	2.217E-308	0.998	0.000E+00	0	602	604	0	602	604	603M
9788	100	8.832E-69	0.991	8.554E-69	0	121	123	0	121	123	122M
9789	99	2.217E-308	0.998	0.000E+00	0	944	946	0	944	946	945M
9790	98	3.257E-302	0.991	3.414E-302	0	459	461	0	459	461	460M
9791	97	2.217E-308	1.00	0.000E+00	0	499	501	0	499	501	500M
9792	96	9.461E-173	1.00	9.478E-173	0	256	258	0	256	258	257M
9793	95	1.733E-290	0.970	1.755E-290	0	436	438	0	436	438	437M
9794	94	2.217E-308	1.00	0.000E+00	0	538	540	0	538	540	539M
9795	93	1.182E-142	1.00	1.176E-142	0	221	223	0	221	223	222M
9796	92	6.925E-207	0.996	6.951E-207	0	314	316	0	314	316	315M
9797	91	8.130E-153	1.00	8.487E-153	0	234	236	0	234	236	235M
9798	90	1.384E-319	0.995	1.342E-319	0	471	473	0	471	473	472M
9799	89	5.940E-109	1.00	5.684E-109	0	167	169	0	167	169	168M
9800	88	2.217E-308	0.991	0.000E+00	0	1210	1212	0	1210	1212	1211M
9801	87	2.217E-308	0.992	0.000E+00	0	1231	1233	0	1231	1233	1232M
9802	86	2.217E-308	0.976	0.000E+00	0	586	588	0	586	588	587M
9803	85	1.177E-295	0.993	1.204E-295	0	431	433	0	431	433	432M
9804	84	2.095E-54	1.00	2.163E-54	0	88	90	0	88	90	89M
9805	83	2.217E-308	0.997	0.000E+00	0	696	698	0	696	698	697M
9806	82	5.407E-266	1.00	5.383E-266	0	402	404	0	402	404	403M
9807	81	1.622E-71	1.00	1.543E-71	0	108	110	0	108	110	109M
9808	80	2.305E-207	0.996	2.268E-207	0	317	319	0	317	319	318M
9809	79	5.056E-124	0.990	5.243E-124	0	202	204	0	202	204	203M
9810	3816	9.886E-190	0.996	1.025E-189	0	290	292	0	290	292	291M
9811	3817	2.217E-308	1.00	0.000E+00	0	612	614	0	612	614	613M
9812	3818	2.217E-308	0.995	0.000E+00	0	741	743	0	741	743	742M
9813	112	1.881E-51	0.307	1.792E-51	0	400	402	8	407	409	36M3I83M1D100M1I12M2I12M4D152M
9814	2255	2.491E-121	0.989	2.461E-121	0	192	194	0	192	194	193M
9815	2254	1.441E-64	1.00	1.432E-64	0	113	115	0	113	115	114M
9816	2253	9.837E-72	1.00	9.498E-72	0	111	113	0	111	113	112M
9817	2252	2.217E-308	0.990	0.000E+00	0	518	520	0	518	520	519M
9818	2251	2.639E-182	1.00	2.706E-182	0	278	280	0	278	280	279M
9819	2250	6.294E-54	0.988	6.286E-54	0	84	86	0	84	86	85M
9820	2248	2.217E-308	1.00	0.000E+00	0	569	571	0	569	571	570M
9821	2247	1.161E-135	1.00	1.191E-135	0	202	204	0	202	204	203M
9822	2246	6.627E-190	0.989	6.499E-190	0	287	289	0	287	289	288M
9823	2245	5.278E-218	0.991	5.390E-218	0	333	335	0	333	335	334M
9824	2244	8.059E-227	0.988	8.259E-227	0	337	339	0	337	339	338M
9825	2243	1.086E-148	0.995	1.037E-148	0	213	215	0	213	215	214M
9826	2242	5.591E-43	1.00	5.598E-43	0	63	65	0	63	65	64M
9827	2241	1.579E-138	0.976	1.609E-138	0	209	211	0	209	211	210M
9828	2240	1.795E-265	0.967	1.729E-265	0	400	402	0	400	402	401M
9829	2239	2.086E-91	0.985	2.086E-91	0	135	137	0	135	137	136M
9830	2238	1.230E-80	0.984	1.205E-80	0	125	127	0	125	127	126M
9831	2237	6.543E-69	0.990	6.564E-69	0	109	111	0	109	111	110M
9832	2236	7.668E-53	1.00	7.514E-53	0	83	85	0	83	85	84M
9833	2235	1.697E-282	0.995	1.642E-282	0	431	433	0	431	433	432M
9834	2008	7.317E-267	0.983	7.571E-267	0	414	416	0	414	416	415M
9835	2007	5.548E-276	0.997	5.401E-276	0	415	417	0	415	417	416M
9836	2006	4.164E-281	0.997	4.288E-281	0	447	449	0	447	449	448M
9837	2005	7.754E-96	1.00	7.513E-96	0	152	154	0	152	154	153M
9838	2004	1.061E-255	0.979	1.044E-255	0	383	385	0	383	385	384M
9839	2003	3.409E-165	0.996	3.324E-165	0	250	252	0	250	252	251M
9840	2002	1.004E-195	0.989	9.855E-196	0	297	299	0	297	299	298M
9841	2001	2.217E-308	0.996	0.000E+00	0	612	614	0	612	614	613M
9842	2000	2.217E-308	0.994	0.000E+00	0	1109	1111	0	1109	1111	1110M
9843	1999	1.015E-199	0.996	9.878E-200	0	309	311	0	309	311	310M
9844	1998	1.316E-145	1.00	1.254E-145	0	223	225	0	223	225	224M
9845	1997	8.088E-151	0.987	7.959E-151	0	230	232	0	230	232	231M
9846	1996	2.325E-133	0.990	2.308E-133	0	200	202	0	200	202	201M
9847	1995	6.520E-145	1.00	6.363E-145	0	224	226	0	224	226	225M
9848	1994	7.362E-192	1.00	7.027E-192	0	298	300	0	298	300	299M
9849	3403	3.903E-256	1.00	3.963E-256	0	349	351	0	349	351	350M
9850	3402	2.217E-308	0.998	0.000E+00	0	717	719	0	717	719	718M
9851	3401	2.217E-308	0.998	0.000E+00	0	763	765	0	763	765	764M
9852	3400	3.294E-113	1.00	3.140E-113	0	160	162	0	160	162	161M
9853	3399	5.379E-148	0.995	5.521E-148	0	215	217	0	215	217	216M
9856	3398	1.331E-188	1.00	1.383E-188	0	285	287	0	285	287	286M
9857	3397	1.867E-48	0.988	1.874E-48	0	83	85	0	83	85	84M
9858	3379	3.071E-318	0.995	3.133E-318	0	471	473	37	508	510	472M
9859	3378	5.379E-148	1.00	5.265E-148	0	214	216	0	214	216	215M
9860	3377	6.256E-129	1.00	6.038E-129	0	195	197	0	195	197	196M
9861	3376	1.105E-232	1.00	1.118E-232	0	358	360	0	358	360	359M
9862	3375	1.214E-75	0.983	1.174E-75	14	134	136	0	120	122	121M
9864	374	1.512E-44	1.00	1.439E-44	0	72	74	0	72	74	73M
9865	373	7.935E-221	1.00	7.910E-221	0	335	337	0	335	337	336M
9866	372	2.639E-182	0.992	2.626E-182	0	264	266	0	264	266	265M
9867	371	2.567E-210	0.980	2.631E-210	0	314	316	0	314	316	315M
9868	370	6.127E-237	0.950	6.305E-237	0	419	421	0	418	420	343M1I76M
9869	369	1.979E-264	0.973	2.006E-264	0	453	455	0	453	455	454M
9870	368	2.583E-251	1.00	2.676E-251	0	371	373	0	371	373	372M
9871	367	6.271E-246	0.994	6.093E-246	0	372	374	0	372	374	373M
9872	366	1.075E-260	0.997	1.055E-260	0	427	429	0	427	429	428M
9873	365	1.134E-242	0.991	1.158E-242	0	365	367	0	365	367	366M
9874	364	1.060E-216	0.983	1.101E-216	0	310	312	0	310	312	311M
9875	363	1.029E-127	0.985	1.065E-127	0	209	211	0	209	211	210M
9876	362	2.217E-308	0.993	0.000E+00	0	635	637	0	635	637	636M
9877	361	5.607E-48	1.00	5.725E-48	0	80	82	0	80	82	81M
9878	360	2.626E-64	0.953	2.566E-64	5	112	114	228	335	337	108M
9879	1242	3.056E-26	0.979	3.044E-26	0	48	50	95	143	145	49M
9880	4152	5.675E-130	0.974	5.583E-130	0	198	200	0	198	200	199M
9881	4153	1.809E-152	1.00	1.725E-152	0	229	231	0	229	231	230M
9882	4002	4.941E-324	1.00	4.941E-324	0	491	493	0	491	493	492M
9883	4001	1.702E-24	1.00	1.700E-24	0	46	48	0	46	48	47M
9884	4000	2.512E-279	0.969	2.525E-279	0	432	435	0	432	435	433M
9885	3999	2.059E-202	0.962	2.106E-202	0	319	321	0	319	321	320M
9886	3186	2.217E-308	0.998	0.000E+00	0	594	596	0	594	596	595M
9887	3185	8.604E-291	0.997	8.817E-291	0	428	430	0	428	430	429M
9888	3184	8.172E-155	0.995	7.971E-155	0	242	244	0	242	244	243M
9889	3183	1.801E-189	0.983	1.777E-189	0	295	297	0	295	297	296M
9890	3182	9.100E-274	0.993	8.931E-274	0	430	432	0	430	432	431M
9891	3181	2.217E-308	0.997	0.000E+00	0	893	895	0	893	895	894M
9892	3180	4.658E-131	0.990	4.772E-131	0	206	208	0	206	208	207M
9893	616	7.311E-228	0.994	6.955E-228	0	365	367	0	365	367	366M
9894	615	2.217E-308	0.998	0.000E+00	0	1040	1042	0	1040	1042	1041M
9895	614	1.487E-76	0.992	1.497E-76	0	124	126	0	124	126	125M
9896	613	6.913E-245	1.00	6.587E-245	0	369	371	0	369	371	370M
9897	612	3.499E-59	0.905	3.548E-59	0	115	117	0	115	117	116M
9898	611	3.149E-173	1.00	3.036E-173	0	272	274	0	272	274	273M
9899	610	1.763E-142	1.00	1.744E-142	0	216	218	0	216	218	217M
9900	609	4.634E-245	0.994	4.571E-245	0	395	397	0	395	397	396M
9901	608	4.218E-170	0.988	4.423E-170	0	266	268	0	266	268	267M
9902	607	4.477E-193	0.993	4.317E-193	0	299	301	0	299	301	300M
9903	606	8.095E-74	0.935	7.904E-74	0	123	125	0	123	125	124M
9904	605	2.786E-319	0.989	2.767E-319	0	473	475	0	473	475	474M
9905	604	3.294E-229	0.994	3.426E-229	0	341	343	0	341	343	342M
9906	603	1.696E-127	0.989	1.651E-127	0	185	187	0	185	187	186M
9907	602	8.452E-52	0.987	8.131E-52	0	80	82	0	80	82	81M
9908	601	2.237E-118	0.988	2.341E-118	0	177	179	0	177	179	178M
9909	600	1.381E-241	0.994	1.320E-241	0	343	345	0	343	345	344M
9910	599	4.559E-84	1.00	4.592E-84	0	119	121	0	119	121	120M
9911	598	4.555E-161	0.995	4.401E-161	0	244	246	0	244	246	245M
9912	597	6.200E-25	1.00	6.194E-25	0	51	53	0	51	53	52M
9913	596	7.977E-107	0.993	7.726E-107	0	151	153	0	151	153	152M
9914	595	2.181E-263	0.984	2.191E-263	0	389	391	0	389	391	390M
9915	594	2.487E-275	0.997	2.404E-275	0	420	422	0	420	422	421M
9916	593	3.877E-176	0.996	3.914E-176	0	278	280	0	278	280	279M
9917	592	5.507E-41	0.985	5.490E-41	0	66	68	0	66	68	67M
9918	2258	1.361E-158	1.00	1.325E-158	0	238	240	0	238	240	239M
9919	2259	3.451E-131	1.00	3.591E-131	0	200	202	0	200	202	201M
9920	2260	2.012E-193	0.996	1.997E-193	0	296	298	0	296	298	297M
9921	2261	6.554E-147	0.981	6.259E-147	0	213	215	0	213	215	214M
9922	2262	6.610E-189	0.990	6.718E-189	0	310	312	0	310	313	311M
9923	2263	1.006E-273	0.982	9.972E-274	0	446	448	0	446	448	447M
9924	2264	1.932E-100	0.974	1.894E-100	0	155	157	0	155	158	156M
9925	2265	3.397E-241	0.997	3.447E-241	0	350	352	0	350	352	351M
9926	2266	1.150E-170	0.996	1.179E-170	0	258	260	0	258	260	259M
9927	2267	3.745E-124	1.00	3.633E-124	0	181	183	0	181	183	182M
9928	2268	1.179E-141	0.995	1.138E-141	0	209	211	0	209	211	210M
9929	2269	3.846E-289	0.963	3.733E-289	0	434	436	0	434	436	435M
9930	2270	5.965E-304	1.00	6.241E-304	0	461	463	0	461	463	462M
9931	2271	1.629E-150	0.964	1.696E-150	0	226	228	0	226	228	227M
9932	2272	1.235E-275	0.988	1.280E-275	0	420	422	0	420	422	421M
9933	2273	9.259E-242	0.981	9.248E-242	0	369	371	0	369	371	370M
9934	4160	7.568E-164	1.00	7.421E-164	0	249	251	0	249	251	250M
9935	4161	2.746E-120	0.963	2.792E-120	0	190	192	0	190	192	191M
9936	3343	2.217E-308	1.00	0.000E+00	0	557	559	0	557	559	558M
9937	3345	1.633E-267	1.00	1.614E-267	94	511	513	0	417	419	418M
9938	3346	1.092E-305	1.00	1.100E-305	0	469	471	0	469	471	470M
9939	3347	3.624E-266	0.990	3.578E-266	0	400	402	0	400	402	401M
9940	3348	2.102E-210	0.984	2.109E-210	0	316	318	0	316	318	317M
9941	3349	2.217E-308	0.981	0.000E+00	0	607	609	0	607	609	608M
9942	3724	3.654E-10	0.224	3.656E-10	4	207	213	5	219	223	18M10I17M7I18M4D14M20D34M1D23M3D63M
9943	1860	2.073E-166	0.988	2.098E-166	0	265	267	0	265	267	266M
9944	1861	2.217E-308	0.986	0.000E+00	0	611	613	0	611	613	612M
9945	1862	7.136E-296	0.997	6.950E-296	0	453	455	0	453	455	454M
9946	1863	2.988E-114	0.976	2.966E-114	0	170	172	0	170	172	171M
9947	1864	1.391E-205	0.993	1.392E-205	0	304	306	0	304	306	305M
9948	1865	3.831E-94	1.00	3.757E-94	0	148	150	0	148	150	149M
9949	1866	1.420E-97	1.00	1.432E-97	0	155	157	0	155	157	156M
9950	1867	4.193E-245	0.997	4.035E-245	0	372	374	0	372	374	373M
9951	1868	1.340E-268	1.00	1.286E-268	0	428	430	0	428	430	429M
9952	1869	9.625E-257	1.00	9.524E-257	0	406	408	0	406	408	407M
9953	1870	6.476E-65	1.00	6.581E-65	0	110	112	0	110	112	111M
9954	1871	4.752E-100	1.00	4.523E-100	0	160	162	0	160	162	161M
9955	1872	5.091E-88	0.931	5.044E-88	0	146	148	0	146	148	147M
9956	1875	9.100E-274	0.997	8.951E-274	0	403	405	0	403	405	404M
9957	1876	7.381E-193	0.992	7.180E-193	0	283	285	0	283	285	284M
9958	1877	4.351E-182	0.982	4.475E-182	0	282	284	0	282	284	283M
9959	1878	3.606E-264	0.977	3.720E-264	0	405	407	0	405	407	406M
9961	1879	4.154E-164	0.972	4.340E-164	0	251	253	0	251	253	252M
9962	2736	5.444E-230	0.960	5.595E-230	44	397	399	0	353	355	354M
9963	2737	8.944E-306	0.997	8.935E-306	0	451	453	0	451	453	452M
9964	2738	9.055E-156	1.00	8.639E-156	0	235	237	0	235	237	236M
9965	2739	1.567E-135	1.00	1.631E-135	0	222	224	0	222	224	223M
9966	2740	5.329E-183	0.992	5.092E-183	0	276	278	0	276	278	277M
9967	2741	1.132E-280	0.997	1.113E-280	0	454	456	0	454	456	455M
9968	2742	3.550E-258	0.984	3.594E-258	0	383	385	0	383	385	384M
9969	2743	9.363E-285	1.00	9.340E-285	0	435	437	0	435	437	436M
9970	2744	3.726E-122	0.983	3.821E-122	0	186	188	0	186	188	187M
9971	2745	6.737E-119	0.988	6.950E-119	0	178	180	0	178	180	179M
9972	2746	2.217E-308	0.998	0.000E+00	0	524	526	0	524	526	525M
9973	2747	2.965E-111	0.988	3.070E-111	0	170	172	0	170	172	171M
9974	4165	2.217E-308	0.953	0.000E+00	0	1007	1109	0	1007	1025	1008M
9977	2275	4.947E-309	1.00	5.043E-309	0	446	448	0	446	448	447M
9978	2276	1.683E-124	0.994	1.738E-124	0	192	194	0	192	194	193M
9979	2277	2.217E-308	1.00	0.000E+00	0	626	628	0	626	628	627M
9980	2278	4.197E-168	0.992	4.347E-168	0	263	265	0	263	265	264M
9981	2279	2.208E-113	0.988	2.229E-113	0	166	168	0	166	168	167M
9982	2280	1.350E-232	0.988	1.341E-232	0	335	337	0	335	337	336M
9983	2281	3.229E-260	0.997	3.336E-260	0	384	386	0	384	386	385M
9984	2282	9.244E-164	0.979	9.110E-164	0	240	242	0	240	242	241M
9985	2283	5.606E-280	0.989	5.374E-280	0	454	456	0	454	456	455M
9986	2284	1.314E-67	0.990	1.337E-67	0	106	108	0	106	108	107M
9987	2285	3.557E-104	1.00	3.395E-104	0	166	168	0	166	168	167M
9988	2286	3.971E-224	0.987	3.809E-224	0	320	322	0	320	322	321M
9989	2287	4.020E-74	0.991	3.912E-74	0	115	117	0	115	117	116M
9990	2288	1.488E-115	1.00	1.486E-115	0	180	182	0	180	182	181M
9991	2289	3.093E-166	0.992	3.222E-166	0	254	256	0	254	256	255M
9992	2290	2.217E-308	0.975	0.000E+00	0	603	605	0	603	605	604M
9994	3691	1.124E-200	0.996	1.074E-200	0	302	304	0	302	304	303M
9995	3690	2.323E-94	1.00	2.260E-94	0	144	146	0	144	146	145M
9996	3689	2.426E-72	0.991	2.377E-72	0	115	117	0	115	117	116M
9997	3688	1.820E-193	1.00	1.738E-193	0	273	275	0	273	275	274M
9998	3687	7.820E-138	1.00	7.549E-138	0	215	217	0	215	217	216M
9999	3686	2.217E-308	0.991	0.000E+00	0	728	730	0	728	730	729M
10000	3685	1.238E-44	0.985	1.237E-44	0	69	71	0	69	71	70M
10001	1378	1.902E-210	1.00	1.832E-210	0	313	315	0	313	315	314M
10002	1379	5.430E-229	1.00	5.339E-229	12	364	366	0	352	354	353M
10003	1380	6.835E-318	0.995	6.839E-318	0	481	483	0	481	483	482M
10004	1381	6.871E-204	1.00	7.041E-204	0	307	309	0	307	309	308M
10005	1382	1.622E-187	0.996	1.568E-187	0	283	285	0	283	285	284M
10006	1383	1.006E-273	1.00	1.006E-273	0	419	421	0	419	421	420M
10007	1384	3.833E-249	1.00	3.904E-249	0	390	392	0	390	392	391M
10008	1385	1.839E-197	1.00	1.799E-197	0	299	301	0	299	301	300M
10009	1386	1.703E-90	1.00	1.637E-90	0	145	147	0	145	147	146M
10010	1387	2.204E-151	1.00	2.150E-151	0	229	231	0	229	231	230M
10011	1388	2.217E-308	1.00	0.000E+00	0	904	906	0	904	906	905M
10012	1389	2.217E-308	0.989	0.000E+00	0	658	660	0	659	661	108M1D551M
10013	1390	1.397E-52	1.00	1.387E-52	0	89	91	0	89	91	90M
10014	1391	2.718E-116	0.994	2.624E-116	0	190	192	0	190	192	191M
10015	1392	2.217E-308	0.981	0.000E+00	0	717	719	0	720	722	138M3D580M
10016	1393	3.215E-181	0.996	3.272E-181	0	264	266	0	264	266	265M
10018	1395	3.333E-311	1.00	3.326E-311	0	487	489	0	487	489	488M
10019	1396	2.122E-291	0.995	2.050E-291	0	444	446	0	444	446	445M
10020	1397	2.658E-146	0.990	2.673E-146	0	217	219	0	217	219	218M
10021	1398	2.217E-308	1.00	0.000E+00	0	565	567	0	565	567	566M
10022	1399	1.032E-167	0.996	1.005E-167	0	254	256	0	254	256	255M
10023	1630	2.064E-203	1.00	1.991E-203	0	309	311	0	309	311	310M
10024	1629	1.750E-23	0.976	1.746E-23	0	42	44	0	42	44	43M
10025	1628	4.318E-63	1.00	4.408E-63	0	99	101	0	99	101	100M
10026	1627	1.224E-233	0.988	1.217E-233	0	351	353	0	351	353	352M
10027	1626	7.045E-291	0.997	6.742E-291	0	429	431	0	429	431	430M
10028	1625	1.095E-151	0.982	1.058E-151	0	234	236	0	234	236	235M
10029	1624	6.217E-204	1.00	6.348E-204	0	325	327	0	325	327	326M
10030	1623	4.107E-121	1.00	4.206E-121	0	190	192	0	190	192	191M
10031	1622	2.217E-308	0.998	0.000E+00	0	648	650	0	648	650	649M
10032	1621	1.636E-113	0.972	1.610E-113	0	178	181	0	178	181	179M
10033	1620	2.787E-87	1.00	2.846E-87	0	136	138	0	136	138	137M
10035	2583	2.225E-116	0.994	2.134E-116	0	179	181	0	179	181	180M
10036	2584	1.450E-105	1.00	1.419E-105	0	159	161	0	159	161	160M
10037	2585	2.459E-116	1.00	2.418E-116	0	175	177	0	175	177	176M
10038	2586	2.217E-308	0.993	0.000E+00	0	944	946	0	944	946	945M
10039	2587	3.268E-226	1.00	3.157E-226	0	332	334	0	332	334	333M
10040	3677	6.239E-244	0.989	6.048E-244	0	376	378	0	376	378	377M
10041	3678	1.527E-125	1.00	1.505E-125	0	187	189	0	187	189	188M
10042	3679	3.824E-132	1.00	3.650E-132	0	205	207	0	205	207	206M
10043	3680	5.694E-170	1.00	5.785E-170	0	265	267	0	265	267	266M
10044	3681	2.799E-166	1.00	2.744E-166	0	264	266	0	264	266	265M
10045	3682	3.254E-263	0.997	3.147E-263	0	390	392	0	390	392	391M
10046	3683	3.160E-213	0.990	3.284E-213	0	326	328	0	326	328	327M
10047	3684	6.298E-209	1.00	6.230E-209	0	321	323	0	321	323	322M
10048	3858	2.419E-303	1.00	2.475E-303	0	450	452	0	450	452	451M
10049	3859	2.940E-69	0.990	2.869E-69	0	105	107	0	105	107	106M
10050	3860	8.415E-89	0.992	8.410E-89	0	135	137	0	135	137	136M
10051	3861	2.047E-161	0.995	1.969E-161	0	247	249	0	247	249	248M
10052	3862	4.037E-153	0.995	3.920E-153	0	231	233	0	231	233	232M
10053	3863	8.235E-158	0.991	7.995E-158	0	236	238	0	236	238	237M
10054	3864	6.353E-135	1.00	6.338E-135	0	204	206	0	204	206	205M
10055	500	9.512E-59	0.530	9.175E-59	2	196	216	0	195	203	28M1D167M
10056	1673	8.576E-135	1.00	8.832E-135	0	211	213	0	211	213	212M
10057	1674	7.180E-221	0.970	7.293E-221	0	340	342	0	340	342	341M
10058	1675	3.587E-262	0.986	3.518E-262	0	381	383	0	381	383	382M
10059	1676	1.210E-151	1.00	1.218E-151	0	237	239	0	237	239	238M
10060	1677	2.217E-308	0.976	0.000E+00	0	721	723	0	721	723	722M
10061	1678	1.367E-28	1.00	1.373E-28	0	54	56	0	54	56	55M
10062	1679	3.517E-177	0.992	3.453E-177	0	280	282	0	280	282	281M
10063	1680	1.539E-128	0.984	1.527E-128	0	188	190	0	188	190	189M
10064	1681	2.217E-308	0.996	0.000E+00	0	512	514	0	512	514	513M
10065	1682	2.165E-144	0.987	2.175E-144	0	230	232	0	230	232	231M
10066	1683	1.097E-152	0.991	1.074E-152	0	239	241	0	239	241	240M
10067	1684	2.217E-308	0.998	0.000E+00	0	727	729	0	727	729	728M
10068	1685	1.282E-96	1.00	1.252E-96	0	141	143	0	141	143	142M
10069	1686	9.235E-241	0.997	9.542E-241	0	365	367	0	365	367	366M
10070	1687	6.918E-284	1.00	6.713E-284	0	430	432	0	430	432	431M
10071	1688	6.347E-212	1.00	6.281E-212	0	315	317	0	315	317	316M
10072	1689	1.260E-128	1.00	1.286E-128	0	191	193	0	191	193	192M
10073	1690	1.247E-240	0.994	1.292E-240	0	358	360	0	358	360	359M
10074	1691	6.587E-265	0.940	6.493E-265	0	449	451	0	449	451	450M
10075	1692	4.563E-123	1.00	4.403E-123	0	187	189	0	187	189	188M
10080	1337	5.301E-181	0.989	5.244E-181	0	274	276	0	274	276	275M
10081	1338	3.487E-135	0.995	3.537E-135	0	205	207	0	205	207	206M
10082	1339	6.542E-185	0.986	6.339E-185	0	290	292	0	290	292	291M
10083	1340	5.112E-283	0.990	4.996E-283	0	419	421	0	419	421	420M
10084	1341	2.217E-308	0.996	0.000E+00	0	555	557	0	555	557	556M
10085	1342	3.603E-225	0.997	3.625E-225	0	336	339	0	336	340	337M
10086	1344	2.687E-305	0.982	2.771E-305	0	455	457	0	455	457	456M
10087	1345	2.217E-308	0.998	0.000E+00	0	552	554	0	552	554	553M
10088	1346	2.487E-159	1.00	2.449E-159	0	249	251	0	249	251	250M
10089	1347	9.600E-256	0.997	9.963E-256	0	382	384	0	382	384	383M
10090	1348	2.217E-308	0.994	0.000E+00	0	567	569	0	567	569	568M
10091	1349	1.100E-269	0.995	1.140E-269	0	403	405	0	403	405	404M
10092	1350	2.227E-155	1.00	2.225E-155	0	235	237	0	235	237	236M
10093	1351	2.183E-186	1.00	2.276E-186	0	293	295	0	293	295	294M
10094	1352	1.948E-258	0.997	2.005E-258	0	384	386	0	384	386	385M
10095	1353	2.217E-308	0.991	0.000E+00	0	867	869	0	867	869	868M
10096	1354	6.213E-49	0.977	6.438E-49	0	87	89	0	87	89	88M
10097	1355	1.817E-115	0.989	1.742E-115	0	190	192	0	190	192	191M
10100	1357	2.327E-56	0.936	2.409E-56	0	93	95	0	93	95	94M
10101	2123	8.891E-265	0.990	8.852E-265	0	408	410	0	408	410	409M
10102	2122	4.439E-151	0.987	4.656E-151	0	232	234	0	232	234	233M
10103	2445	5.805E-15	0.267	5.783E-15	1	190	195	20	206	214	171M1D6M4I9M
10105	2121	1.984E-149	0.991	2.048E-149	0	232	234	0	232	234	233M
10106	2120	9.802E-148	1.00	9.598E-148	0	220	222	0	220	222	221M
10107	2119	2.247E-81	0.991	2.254E-81	0	123	125	0	123	125	124M
10108	2118	2.730E-79	0.976	2.836E-79	0	125	127	0	125	127	126M
10109	2117	2.217E-308	0.985	0.000E+00	0	695	697	0	695	697	696M
10110	2116	4.193E-245	0.994	4.276E-245	0	380	382	0	380	382	381M
10111	2115	9.495E-97	1.00	9.074E-97	0	154	156	0	154	156	155M
10112	2114	6.228E-282	0.995	6.509E-282	0	420	422	0	420	422	421M
10113	2113	6.895E-244	0.991	7.120E-244	0	366	368	0	366	368	367M
10114	2112	5.413E-73	0.991	5.666E-73	0	118	120	0	118	120	119M
10115	2111	2.743E-313	1.00	2.664E-313	0	478	480	0	478	480	479M
10116	2110	5.425E-306	1.00	5.650E-306	0	475	477	0	475	477	476M
10117	2109	1.101E-192	0.996	1.097E-192	0	292	294	0	292	294	293M
10118	2108	2.217E-308	0.992	0.000E+00	0	504	506	0	504	506	505M
10119	3082	1.327E-36	0.326	1.331E-36	2	289	297	3	282	291	156M1I39M4D10M13I8M2D61M
10120	3734	2.217E-308	0.990	0.000E+00	0	548	550	0	548	550	549M
10121	3733	6.877E-243	1.00	6.852E-243	0	374	376	0	374	376	375M
10122	3732	5.607E-164	0.996	5.492E-164	0	256	258	0	256	258	257M
10123	3731	2.662E-224	0.994	2.764E-224	0	340	342	0	340	342	341M
10124	3730	1.592E-296	0.995	1.637E-296	0	449	451	0	449	451	450M
10125	3729	2.478E-119	0.994	2.381E-119	0	182	184	0	182	184	183M
10127	4413	4.079E-157	1.00	4.056E-157	0	237	239	0	237	239	238M
10128	1089	2.217E-308	0.993	0.000E+00	6	628	630	0	622	624	623M
10129	1088	2.217E-308	0.993	0.000E+00	0	596	598	0	596	598	597M
10130	1087	1.144E-52	1.00	1.139E-52	0	85	87	0	85	87	86M
10131	1086	6.615E-228	0.968	6.806E-228	0	351	353	0	351	1320	352M
10132	1086	2.217E-308	0.971	0.000E+00	0	963	965	355	1318	1320	964M
10133	1085	2.217E-308	0.986	0.000E+00	0	1215	1217	0	1215	1217	1216M
10134	1084	3.489E-290	0.976	3.372E-290	0	423	425	0	423	425	424M
10135	1083	2.217E-308	0.982	0.000E+00	0	620	622	0	620	622	621M
10136	1082	6.919E-168	0.968	6.991E-168	0	253	255	0	253	255	254M
10137	1080	2.619E-63	0.980	2.584E-63	0	101	103	0	101	103	102M
10138	1079	1.331E-72	0.992	1.319E-72	0	129	131	0	129	131	130M
10139	1078	4.329E-180	0.996	4.396E-180	0	279	281	0	279	281	280M
10140	1077	7.401E-78	0.992	7.350E-78	0	127	129	0	127	129	128M
10141	1076	2.524E-126	0.989	2.420E-126	0	195	197	0	195	197	196M
10142	1075	9.577E-139	0.990	9.872E-139	0	212	214	0	212	214	213M
10143	1074	1.391E-89	0.993	1.422E-89	0	144	146	0	144	146	145M
10144	1073	4.930E-269	1.00	5.076E-269	0	408	410	0	408	410	409M
10145	1072	2.217E-308	1.00	0.000E+00	0	521	523	0	521	523	522M
10146	1071	2.813E-168	0.984	2.887E-168	0	261	263	0	261	263	262M
10147	1070	2.397E-106	0.982	2.324E-106	0	174	176	0	174	176	175M
10148	1069	1.174E-62	0.980	1.195E-62	0	100	102	0	100	102	101M
10149	1068	1.178E-218	1.00	1.176E-218	0	314	316	0	314	316	315M
10150	1067	6.854E-87	1.00	6.664E-87	0	134	136	0	134	136	135M
10151	1066	5.961E-149	1.00	5.890E-149	0	221	223	0	221	223	222M
10152	1065	7.700E-132	1.00	7.539E-132	0	207	209	0	207	209	208M
10153	1064	2.217E-308	0.998	0.000E+00	0	595	597	0	595	597	596M
10154	4317	2.217E-308	1.00	0.000E+00	0	564	566	0	564	566	565M
10155	2785	7.401E-78	0.984	7.058E-78	21	146	148	5	130	132	126M
10156	2784	5.064E-202	1.00	5.287E-202	0	305	307	0	305	307	306M
10157	2783	2.301E-129	0.995	2.202E-129	0	207	209	0	207	209	208M
10158	2782	1.024E-164	1.00	1.061E-164	0	268	270	0	268	270	269M
10159	2781	5.179E-172	0.996	5.039E-172	0	258	260	0	258	260	259M
10160	2780	7.274E-110	1.00	7.413E-110	0	164	166	0	164	166	165M
10161	2779	2.947E-186	0.996	2.898E-186	0	278	280	0	278	280	279M
10162	2778	9.040E-78	0.992	8.910E-78	0	131	133	0	131	133	132M
10163	2777	1.475E-189	1.00	1.405E-189	0	290	292	0	290	292	291M
10164	2776	3.046E-44	1.00	2.943E-44	0	80	82	0	80	82	81M
10165	2775	1.124E-84	0.993	1.100E-84	0	155	157	0	155	157	156M
10166	2774	2.174E-107	1.00	2.147E-107	0	177	179	0	177	179	178M
10167	2773	2.217E-308	1.00	0.000E+00	0	513	515	0	513	515	514M
10168	2772	1.186E-182	1.00	1.226E-182	0	288	290	0	288	290	289M
10169	2771	8.875E-303	1.00	8.513E-303	0	463	465	0	463	465	464M
10170	2770	9.110E-81	1.00	8.733E-81	0	138	140	0	138	140	139M
10171	2441	2.029E-119	1.00	1.973E-119	0	198	200	0	198	200	199M
10172	2442	6.112E-120	0.994	6.127E-120	0	180	182	0	180	182	181M
10173	2443	3.427E-167	1.00	3.382E-167	0	253	255	0	253	255	254M
10174	2444	8.642E-254	1.00	8.477E-254	0	403	405	0	403	405	404M
10175	2445	1.432E-139	1.00	1.488E-139	0	212	214	0	212	214	213M
10176	2446	9.015E-193	0.996	8.904E-193	0	301	303	0	301	303	302M
10177	2447	1.705E-129	1.00	1.678E-129	0	188	190	0	188	190	189M
10178	2448	7.819E-254	0.984	8.206E-254	0	382	384	0	382	384	383M
10179	2449	5.929E-263	0.997	5.834E-263	0	383	385	0	383	385	384M
10180	2450	4.401E-109	1.00	4.428E-109	0	175	177	0	175	177	176M
10181	2451	1.699E-89	0.985	1.689E-89	0	141	143	0	141	143	142M
10182	2452	2.217E-308	0.994	0.000E+00	0	703	705	0	703	705	704M
10183	2453	3.564E-39	0.985	3.546E-39	0	67	69	0	67	69	68M
10184	2454	3.643E-268	0.962	3.648E-268	0	403	405	0	403	405	404M
10185	2455	4.587E-125	0.989	4.550E-125	0	197	199	0	197	199	198M
10186	1242	5.820E-16	0.970	5.814E-16	0	33	35	110	143	145	34M
10189	2758	2.113E-96	0.986	2.026E-96	9	151	153	0	142	144	143M
10190	2759	9.650E-258	0.989	9.692E-258	0	384	386	0	384	386	385M
10191	2760	5.718E-249	0.992	5.604E-249	0	391	393	0	391	393	392M
10192	2761	7.125E-102	0.987	7.124E-102	0	159	161	0	159	161	160M
10193	2762	2.907E-142	0.986	3.029E-142	0	221	223	0	221	223	222M
10194	2763	2.388E-182	0.996	2.382E-182	0	282	284	0	282	284	283M
10195	2764	1.882E-206	1.00	1.965E-206	0	316	318	0	316	318	317M
10196	2765	2.466E-117	0.990	2.346E-117	0	199	201	0	199	201	200M
10197	2766	5.219E-175	0.996	5.463E-175	0	267	269	0	267	269	268M
10198	2767	1.441E-296	0.991	1.439E-296	0	453	455	0	453	455	454M
10199	2768	1.137E-243	1.00	1.162E-243	0	363	365	0	363	365	364M
10200	2769	2.217E-308	0.996	0.000E+00	0	891	893	0	891	893	892M
10201	4097	1.404E-54	0.988	1.428E-54	0	86	88	0	86	88	87M
10202	4096	1.014E-160	1.00	9.659E-161	0	254	256	0	254	256	255M
10203	4095	7.915E-220	0.996	7.787E-220	0	330	332	0	330	332	331M
10215	3413	8.430E-51	0.380	8.430E-51	20	261	294	2	246	265	11M2I210M5D19M
10222	2426	1.608E-29	0.372	1.602E-29	2	171	179	4	180	186	24M1I3M1D81M2I32M1D11M8D16M
10226	2144	1.379E-20	0.256	1.383E-20	0	386	388	0	351	353	22M1I22M1D4M7D7M4D28M1D5M15I8M3I13M4I22M2D3M3I7M2I45M3D21M3I13M1I6M5I5M2I10M13I19M4D13M3I9M3I25M1D22M
10228	3908	1.565E-96	0.781	1.520E-96	0	182	187	0	182	184	183M
10233	3178	7.149E-258	0.997	7.314E-258	0	405	407	0	405	407	406M
10234	3177	2.217E-308	0.982	0.000E+00	1	572	574	0	571	573	572M
10235	3176	2.217E-308	0.981	0.000E+00	0	526	528	0	528	530	224M2D303M
10236	3175	6.508E-183	0.996	6.257E-183	0	267	269	0	267	269	268M
10237	3174	2.274E-163	1.00	2.307E-163	0	253	255	0	253	255	254M
10238	3173	6.419E-255	0.997	6.573E-255	0	409	411	0	409	411	410M
10239	3172	1.494E-194	0.993	1.551E-194	0	302	304	0	302	304	303M
10240	3171	9.586E-62	0.990	9.681E-62	0	104	106	0	104	106	105M
10242	2211	2.217E-308	0.955	0.000E+00	0	1480	1636	0	1481	1603	348M1D1133M
10243	2210	2.217E-308	0.875	0.000E+00	20	1057	1059	0	1034	1036	384M3I651M
10244	2865	7.840E-255	0.956	7.909E-255	0	413	415	0	414	416	43M1D371M
10246	2864	7.595E-88	0.978	7.832E-88	1	142	144	0	141	143	142M
10247	2863	5.819E-101	1.00	6.063E-101	0	151	153	0	151	153	152M
10248	2862	2.086E-207	0.987	2.065E-207	0	315	317	0	315	317	316M
10249	2861	4.439E-151	0.969	4.441E-151	0	231	233	0	231	233	232M
10250	2860	6.413E-216	0.979	6.453E-216	0	339	343	0	339	340	340M
10251	3690	9.245E-48	0.592	9.335E-48	18	142	146	18	142	146	125M
10252	2932	4.026E-268	0.988	4.169E-268	0	433	435	0	433	435	434M
10253	3368	7.780E-136	0.985	7.427E-136	0	212	214	0	212	214	213M
10254	3369	5.729E-211	0.993	5.895E-211	0	309	311	0	309	311	310M
10255	3370	3.985E-264	0.995	4.037E-264	0	400	402	0	400	402	401M
10256	3371	8.672E-178	0.989	9.022E-178	0	285	287	0	285	287	286M
10257	3372	3.840E-95	0.993	4.007E-95	0	154	156	0	154	156	155M
10258	3373	2.217E-308	0.997	0.000E+00	0	880	882	0	880	882	881M
10259	3374	1.700E-128	1.00	1.680E-128	0	190	192	0	190	192	191M
10260	209	3.283E-73	1.00	3.155E-73	0	106	108	0	106	108	107M
10261	210	1.016E-161	0.995	9.678E-162	0	232	234	0	232	234	233M
10262	211	2.664E-147	0.995	2.592E-147	0	221	223	0	221	223	222M
10263	212	5.935E-186	1.00	5.706E-186	0	279	281	0	279	281	280M
10264	213	2.148E-141	0.995	2.099E-141	0	202	204	0	202	204	203M
10265	214	3.794E-129	1.00	3.705E-129	0	198	200	0	198	200	199M
10267	217	2.217E-308	1.00	0.000E+00	0	712	714	0	712	714	713M
10268	218	2.954E-303	1.00	2.853E-303	0	487	489	0	487	489	488M
10269	219	8.257E-159	1.00	7.868E-159	0	247	249	0	247	249	248M
10270	220	5.940E-109	1.00	5.884E-109	0	181	183	0	181	183	182M
10271	221	8.165E-116	0.994	8.293E-116	0	181	183	0	181	183	182M
10272	222	1.215E-114	0.994	1.230E-114	0	178	180	0	178	180	179M
10273	223	3.136E-210	1.00	3.068E-210	0	324	326	0	324	326	325M
10274	224	1.976E-323	0.991	1.976E-323	0	472	474	0	472	474	473M
10275	4342	2.775E-124	0.956	2.700E-124	0	208	210	0	208	210	209M
10277	1118	2.111E-26	1.00	2.103E-26	0	47	49	0	47	54	48M
10278	1117	8.764E-66	0.990	8.966E-66	0	108	110	0	108	110	109M
10279	1116	1.717E-93	0.966	1.736E-93	0	147	149	0	147	149	148M
10280	1115	7.600E-243	0.965	7.458E-243	0	403	405	0	403	405	404M
10281	2613	1.038E-169	0.668	1.022E-169	6	367	369	5	366	368	362M
10282	4280	8.400E-38	0.590	8.397E-38	0	109	115	0	109	115	110M
10283	2863	5.829E-63	0.671	5.699E-63	0	151	153	0	151	153	152M
10284	1125	5.483E-20	1.00	5.465E-20	0	38	40	0	38	40	39M
10285	1126	6.937E-169	0.992	6.643E-169	0	270	272	0	270	272	271M
10286	4472	5.061E-47	0.986	5.075E-47	0	73	75	0	73	75	74M
10287	4310	6.328E-29	0.757	6.302E-29	0	64	72	0	65	70	5M1D60M
10288	4288	5.819E-101	0.988	5.885E-101	0	172	206	0	172	174	173M
10289	4210	8.816E-107	0.987	8.739E-107	0	163	182	0	163	164	164M
10290	4209	4.536E-82	1.00	4.317E-82	0	128	130	0	128	130	129M
10291	4208	1.848E-21	0.975	1.843E-21	0	40	42	0	40	42	41M
10292	4207	7.902E-142	0.982	8.178E-142	0	222	224	0	222	224	223M
10293	4206	5.087E-49	1.00	5.118E-49	0	76	78	0	76	78	77M
10294	4190	1.225E-272	0.995	1.250E-272	0	419	421	0	419	421	420M
10295	4189	3.074E-36	1.00	3.081E-36	0	63	65	0	63	65	64M
10296	4188	1.011E-43	1.00	1.011E-43	0	73	75	0	73	75	74M
10297	4187	1.657E-118	0.979	1.633E-118	0	196	198	0	196	198	197M
10298	4531	8.584E-58	1.00	8.200E-58	1	92	110	0	91	92	92M
10299	2903	2.007E-76	1.00	2.005E-76	0	117	119	0	117	119	118M
10300	2902	3.395E-86	0.970	3.232E-86	0	133	136	0	133	136	134M
10301	2901	1.239E-83	0.992	1.184E-83	0	132	134	0	132	134	133M
10302	2900	2.217E-308	0.980	0.000E+00	0	822	824	0	822	824	823M
10303	2899	1.637E-36	1.00	1.635E-36	0	63	65	0	63	65	64M
10304	2898	3.112E-207	1.00	3.257E-207	0	317	320	0	317	320	318M
10305	2897	2.217E-308	0.995	0.000E+00	0	459	461	31	490	492	460M
10306	2896	7.256E-109	0.987	7.083E-109	0	165	167	0	165	167	166M
10307	2895	2.980E-229	0.982	2.840E-229	0	337	339	0	337	339	338M
10308	2894	4.626E-167	0.996	4.702E-167	0	260	262	0	260	262	261M
10309	2893	2.109E-250	0.994	2.210E-250	0	396	398	0	396	398	397M
10310	3558	3.117E-285	0.993	2.965E-285	0	451	453	0	451	453	452M
10311	3559	2.835E-287	0.983	2.863E-287	0	419	421	0	419	421	420M
10312	3560	3.716E-237	1.00	3.785E-237	0	367	369	0	367	369	368M
10313	3561	2.217E-308	0.998	0.000E+00	72	1284	1286	0	1212	1214	1213M
10314	1458	1.696E-127	1.00	1.732E-127	0	186	188	0	186	188	187M
10315	1457	2.494E-44	1.00	2.451E-44	0	70	72	0	70	72	71M
10316	1456	1.515E-122	0.994	1.582E-122	0	194	196	0	194	196	195M
10317	1455	1.369E-44	1.00	1.369E-44	0	71	73	0	71	73	72M
10318	1463	2.217E-308	0.994	0.000E+00	0	520	522	0	520	522	521M
10319	1464	7.010E-57	0.991	6.945E-57	0	113	115	0	113	115	114M
10320	1465	2.337E-135	0.995	2.237E-135	0	202	204	0	202	204	203M
10321	1466	2.217E-308	0.982	0.000E+00	0	811	813	0	811	813	812M
10322	1467	7.549E-163	0.995	7.184E-163	0	237	239	0	237	239	238M
10323	1468	1.595E-142	0.990	1.559E-142	0	207	209	0	207	209	208M
10324	1469	4.590E-164	0.972	4.402E-164	0	258	260	0	258	260	259M
10325	1470	7.118E-295	0.995	7.382E-295	0	470	472	0	470	472	471M
10326	4266	1.167E-253	1.00	1.172E-253	0	379	412	0	379	380	380M
10327	4267	2.904E-219	1.00	2.781E-219	0	337	339	0	337	339	338M
10329	1472	2.217E-308	0.994	0.000E+00	0	733	735	0	733	735	734M
10330	1473	5.597E-86	1.00	5.373E-86	0	138	140	0	138	140	139M
10331	1474	7.162E-104	1.00	6.891E-104	0	161	163	0	161	163	162M
10332	1475	2.217E-308	1.00	0.000E+00	0	858	860	0	858	860	859M
10333	1476	1.588E-179	1.00	1.657E-179	0	267	269	0	267	269	268M
10334	1477	2.541E-90	0.978	2.421E-90	0	140	142	0	140	142	141M
10335	1478	2.801E-89	1.00	2.884E-89	0	139	141	0	139	141	140M
10336	1479	5.809E-139	0.995	5.594E-139	0	216	222	0	216	236	217M
10337	4351	4.201E-91	0.992	4.090E-91	9	149	151	0	140	142	141M
10338	4350	1.033E-90	0.979	1.085E-90	0	143	145	0	145	147	6M2D138M
10339	4349	2.956E-17	1.00	2.968E-17	0	31	33	0	31	33	32M
10340	3653	1.863E-202	0.996	1.895E-202	0	310	312	0	310	312	311M
10341	3654	1.324E-186	0.993	1.285E-186	0	301	303	0	301	303	302M
10342	3655	2.411E-147	1.00	2.396E-147	0	226	228	0	226	228	227M
10343	3656	1.405E-209	0.983	1.378E-209	0	309	311	0	309	311	310M
10344	3657	7.640E-245	0.978	7.844E-245	0	366	368	0	366	369	367M
10345	3658	1.372E-45	0.986	1.329E-45	0	75	77	0	75	77	76M
10346	3659	1.358E-273	0.976	1.378E-273	0	419	421	0	419	421	420M
10347	3660	5.607E-164	0.984	5.414E-164	0	249	251	0	249	251	250M
10348	3730	4.201E-91	0.407	4.335E-91	10	412	430	21	420	451	32M1I128M2I7M1D35M3I122M1D46M1I11M2D15M
10349	4031	2.217E-308	0.992	0.000E+00	0	525	527	0	525	527	526M
10350	4030	1.233E-313	0.995	1.194E-313	43	522	524	0	479	481	480M
10351	4123	1.601E-298	0.984	1.610E-298	0	458	460	0	458	460	459M
10352	4124	2.217E-308	0.992	0.000E+00	17	699	701	0	682	684	683M
10353	2306	7.773E-213	0.996	7.852E-213	0	311	313	0	311	313	312M
10354	2307	1.437E-63	1.00	1.402E-63	0	95	97	0	95	97	96M
10355	2308	5.650E-167	0.992	5.515E-167	0	250	252	0	250	252	251M
10356	2309	4.901E-112	0.981	4.988E-112	0	165	167	0	165	167	166M
10357	2310	1.005E-234	0.997	1.025E-234	0	352	354	0	352	354	353M
10358	2311	1.528E-164	0.996	1.556E-164	0	256	258	0	256	258	257M
10359	2312	1.153E-171	0.988	1.143E-171	0	262	264	0	262	264	263M
10360	2313	2.217E-308	0.968	0.000E+00	0	511	513	0	511	513	512M
10361	2314	1.781E-262	0.992	1.855E-262	0	401	403	0	401	403	402M
10362	2315	4.229E-287	0.997	4.361E-287	0	428	430	0	428	430	429M
10363	2316	4.714E-213	1.00	4.657E-213	0	320	322	0	320	322	321M
10364	2317	1.256E-127	0.985	1.309E-127	0	200	202	0	200	202	201M
10365	2318	6.680E-77	0.952	6.391E-77	0	126	128	0	126	128	127M
10370	3811	7.388E-116	0.941	7.534E-116	0	188	201	0	188	190	189M
10372	2234	6.771E-237	0.994	6.939E-237	0	353	355	0	353	355	354M
10373	2233	4.598E-126	0.989	4.687E-126	0	189	191	0	189	191	190M
10374	2232	1.742E-60	1.00	1.828E-60	0	93	95	0	93	95	94M
10375	2231	5.256E-139	1.00	5.336E-139	0	219	221	0	219	221	220M
10376	2230	1.270E-131	1.00	1.329E-131	0	199	201	0	199	201	200M
10377	2229	4.735E-176	0.996	4.750E-176	0	262	264	0	262	264	263M
10378	2228	5.117E-206	0.996	4.992E-206	0	309	311	0	309	311	310M
10379	2227	4.574E-240	0.991	4.433E-240	0	344	346	0	344	346	345M
10380	2226	1.136E-322	0.989	1.136E-322	0	488	490	0	488	490	489M
10381	2225	5.965E-304	1.00	6.020E-304	0	467	469	0	467	469	468M
10382	2224	7.942E-260	0.966	7.555E-260	0	388	390	0	388	390	389M
10383	2223	4.180E-321	0.995	4.096E-321	0	484	486	0	484	486	485M
10384	2222	1.230E-80	1.00	1.265E-80	0	126	128	0	126	128	127M
10385	2221	2.680E-188	0.953	2.794E-188	0	300	302	0	300	304	301M
10386	2220	1.670E-121	0.954	1.659E-121	0	197	199	0	197	199	198M
10387	2219	2.345E-175	0.988	2.443E-175	0	270	272	0	270	272	271M
10388	2218	2.699E-268	0.987	2.662E-268	0	403	405	0	403	405	404M
10389	1732	1.016E-161	1.00	9.842E-162	0	239	241	0	239	241	240M
10390	1731	1.205E-227	0.973	1.263E-227	0	344	346	0	344	346	345M
10391	1730	3.541E-257	0.970	3.664E-257	0	399	401	0	399	401	400M
10392	1729	2.217E-308	0.987	0.000E+00	0	568	570	0	568	570	569M
10393	1728	2.862E-252	0.971	2.752E-252	0	383	385	0	383	385	384M
10394	1727	1.953E-259	0.972	1.878E-259	0	394	396	0	394	396	395M
10395	1726	2.345E-175	0.977	2.443E-175	0	270	272	0	270	272	271M
10396	1725	8.087E-267	0.985	7.931E-267	0	415	417	0	415	417	416M
10397	1724	1.149E-247	0.994	1.180E-247	0	382	384	0	382	384	383M
10398	1723	1.206E-266	0.985	1.223E-266	0	404	406	0	404	406	405M
10399	1722	1.996E-190	1.00	1.995E-190	0	282	284	0	282	284	283M
10400	1721	1.393E-167	0.981	1.415E-167	0	268	270	0	268	270	269M
10401	1720	1.268E-208	0.984	1.226E-208	0	322	324	0	322	324	323M
10402	1719	3.138E-249	0.992	3.275E-249	0	393	395	0	393	395	394M
10403	1718	6.593E-188	1.00	6.914E-188	0	279	281	0	279	281	280M
10404	1717	7.840E-255	0.995	8.130E-255	0	400	402	0	400	402	401M
10405	1716	2.217E-308	0.972	0.000E+00	0	506	508	0	506	508	507M
10406	1715	3.069E-163	0.988	3.017E-163	0	252	254	0	252	254	253M
10407	1714	2.539E-167	1.00	2.624E-167	0	261	263	0	261	263	262M
10408	1311	5.778E-253	0.997	5.695E-253	0	383	385	0	383	385	384M
10409	1310	1.138E-282	0.983	1.103E-282	0	436	438	0	436	438	437M
10410	1309	1.959E-144	0.995	1.949E-144	0	221	223	0	221	223	222M
10411	1308	5.366E-147	1.00	5.266E-147	0	216	218	0	216	218	217M
10412	1307	1.900E-287	0.995	1.881E-287	0	437	439	0	437	439	438M
10413	1306	1.963E-261	0.990	1.935E-261	0	404	406	0	404	406	405M
10414	1305	3.448E-92	0.986	3.366E-92	0	143	145	0	143	145	144M
10415	1304	2.217E-308	0.990	0.000E+00	0	599	601	0	599	601	600M
10416	1303	6.576E-187	0.988	6.384E-187	0	266	268	0	266	268	267M
10417	1302	2.217E-308	0.993	0.000E+00	0	1159	1161	0	1159	1161	1160M
10418	1301	1.402E-208	0.993	1.441E-208	0	312	314	0	312	314	313M
10419	1300	6.766E-198	0.993	6.986E-198	0	299	301	0	299	301	300M
10420	1299	2.217E-308	0.989	0.000E+00	0	662	664	0	662	664	663M
10421	1298	3.093E-166	0.988	3.013E-166	0	266	268	0	266	268	267M
10422	1297	2.217E-308	0.994	0.000E+00	0	532	534	0	532	534	533M
10423	1296	8.800E-261	0.997	8.723E-261	0	389	391	0	389	391	390M
10424	1295	1.137E-127	1.00	1.154E-127	0	204	206	0	204	206	205M
10425	1294	2.217E-308	0.998	0.000E+00	0	563	565	0	563	565	564M
10426	1293	9.777E-147	0.986	9.596E-147	0	222	224	0	222	224	223M
10427	1292	6.954E-286	0.988	7.091E-286	0	427	429	0	427	429	428M
10429	3890	3.713E-198	0.986	3.898E-198	0	300	302	0	300	302	301M
10430	3891	1.171E-61	1.00	1.172E-61	0	95	97	0	95	97	96M
10431	3892	2.269E-23	0.958	2.273E-23	0	47	49	0	47	49	48M
10432	4440	1.849E-25	1.00	1.841E-25	0	46	48	0	46	48	47M
10433	4103	7.037E-43	0.534	7.025E-43	0	137	143	0	142	156	105M1I21M6D11M
10434	4545	2.268E-46	0.986	2.349E-46	0	72	74	0	72	74	73M
10435	4382	1.589E-63	1.00	1.590E-63	0	98	106	0	98	99	99M
10436	4381	2.878E-26	1.00	2.879E-26	0	72	74	0	72	74	73M
10437	1474	4.278E-40	0.490	4.277E-40	0	158	160	0	160	163	38M1D48M1D73M
10438	3137	9.298E-321	0.993	9.387E-321	0	468	470	0	468	470	469M
10439	3138	2.217E-308	0.997	0.000E+00	0	711	713	0	711	713	712M
10440	3139	3.618E-188	0.993	3.444E-188	0	291	293	0	291	293	292M
10442	1993	7.733E-211	0.984	7.480E-211	0	389	391	23	411	413	157M1I232M
10443	1992	1.532E-49	1.00	1.517E-49	0	77	79	0	77	79	78M
10444	1991	2.093E-131	0.985	2.101E-131	0	202	204	0	202	204	203M
10445	1990	6.207E-126	1.00	6.336E-126	0	202	204	0	202	204	203M
10446	1989	5.714E-94	0.993	5.669E-94	0	150	152	0	150	152	151M
10447	1988	2.217E-308	0.994	0.000E+00	0	537	539	0	537	539	538M
10448	1987	2.217E-308	0.974	0.000E+00	0	1153	1155	3	1156	1158	1154M
10449	1986	8.524E-210	0.990	8.171E-210	0	318	320	0	318	320	319M
10450	1985	1.165E-59	1.00	1.219E-59	0	93	95	0	93	95	94M
10451	1984	9.332E-129	0.986	9.516E-129	0	218	220	0	218	220	219M
10452	1983	2.137E-139	1.00	2.172E-139	0	220	222	0	220	222	221M
10453	1982	3.297E-152	0.995	3.186E-152	0	242	244	0	242	244	243M
10454	1981	1.778E-184	0.989	1.769E-184	0	285	287	0	285	287	286M
10455	1980	7.286E-188	0.993	7.349E-188	0	287	289	0	287	289	288M
10456	1979	7.574E-203	0.987	7.360E-203	0	310	312	0	310	312	311M
10457	1978	9.405E-132	0.966	9.107E-132	0	210	213	0	210	213	211M
10458	1977	2.217E-308	0.984	0.000E+00	0	652	654	0	652	654	653M
10459	1976	2.815E-207	0.996	2.927E-207	0	309	311	0	309	311	310M
10460	4341	2.502E-200	0.990	2.433E-200	0	305	308	0	305	308	306M
10461	4340	2.124E-98	1.00	2.129E-98	17	168	170	0	151	153	152M
10462	3219	6.419E-139	0.973	6.680E-139	0	223	246	0	223	224	224M
10463	3220	2.059E-202	0.980	2.054E-202	0	305	307	0	305	307	306M
10464	3221	1.002E-194	0.989	9.560E-195	0	285	287	0	285	287	286M
10465	3222	2.804E-128	0.971	2.746E-128	0	206	209	0	206	209	207M
10466	3223	4.114E-199	0.996	4.292E-199	0	300	302	0	300	302	301M
10467	3224	1.518E-84	0.993	1.530E-84	0	142	144	0	142	144	143M
10468	3225	1.067E-141	0.991	1.085E-141	0	228	230	0	228	230	229M
10469	3226	2.217E-308	0.989	0.000E+00	0	495	497	0	495	497	496M
10470	3227	1.167E-137	0.957	1.120E-137	0	210	212	0	210	212	211M
10471	3228	5.095E-127	0.979	5.242E-127	0	196	198	0	196	198	197M
10472	3229	6.159E-239	0.974	6.254E-239	0	394	396	0	394	396	395M
10473	2670	2.217E-308	0.987	0.000E+00	0	558	560	0	558	560	559M
10474	2671	3.207E-180	0.969	3.286E-180	0	293	295	0	293	295	294M
10475	2672	2.139E-62	0.989	2.039E-62	0	98	100	0	98	100	99M
10476	2673	1.048E-173	0.978	1.002E-173	0	281	284	0	281	284	282M
10477	2674	6.293E-170	0.970	6.434E-170	0	273	276	0	273	276	274M
10478	2675	1.846E-121	0.935	1.823E-121	0	199	201	0	199	201	200M
10479	2676	2.425E-188	0.948	2.482E-188	0	311	313	0	311	313	312M
10480	2677	3.714E-82	1.00	3.714E-82	0	138	140	0	138	140	139M
10481	2678	1.654E-156	1.00	1.618E-156	0	253	255	0	253	255	254M
10482	2679	2.708E-192	0.993	2.637E-192	0	304	306	0	304	306	305M
10483	2680	1.362E-313	0.987	1.404E-313	0	471	473	0	471	473	472M
10484	2681	3.212E-22	1.00	3.213E-22	0	43	45	0	43	45	44M
10485	2682	1.606E-222	1.00	1.641E-222	0	333	335	0	333	335	334M
10486	2683	2.217E-308	0.997	0.000E+00	0	480	482	0	480	482	481M
10487	1323	2.217E-308	0.997	0.000E+00	0	922	924	0	922	924	923M
10488	1324	3.612E-110	0.994	3.492E-110	0	188	190	0	188	190	189M
10489	1325	3.758E-164	1.00	3.784E-164	0	275	277	0	275	277	276M
10490	1326	1.393E-283	0.978	1.434E-283	0	426	428	0	426	428	427M
10491	1327	1.746E-177	0.996	1.731E-177	0	272	274	0	272	274	273M
10492	1328	2.217E-308	1.00	0.000E+00	0	505	507	0	505	507	506M
10493	1329	3.958E-68	1.00	3.965E-68	0	107	109	0	107	109	108M
10494	1330	5.505E-273	1.00	5.334E-273	0	421	423	0	421	423	422M
10495	1331	2.064E-25	0.891	2.069E-25	0	80	82	0	82	84	74M2D7M
10496	1332	2.122E-59	1.00	2.035E-59	0	97	99	0	97	99	98M
10497	1333	2.217E-308	0.996	0.000E+00	0	792	794	0	792	794	793M
10498	1334	2.874E-215	0.996	2.774E-215	0	325	327	0	325	327	326M
10500	800	1.623E-110	1.00	1.684E-110	0	166	168	0	166	168	167M
10501	799	1.360E-119	0.956	1.394E-119	0	184	186	0	184	186	185M
10502	798	5.357E-69	1.00	5.398E-69	0	118	120	0	118	120	119M
10503	797	7.949E-36	1.00	7.972E-36	0	63	65	0	63	65	64M
10504	796	5.505E-273	0.995	5.528E-273	0	415	417	0	415	417	416M
10505	795	2.794E-88	0.964	2.895E-88	0	141	143	0	141	143	142M
10506	794	6.453E-141	0.995	6.240E-141	0	205	207	0	205	207	206M
10507	793	1.742E-60	0.990	1.748E-60	0	105	107	6	111	113	106M
10508	792	2.217E-308	1.00	0.000E+00	0	639	641	0	639	641	640M
10509	791	2.217E-308	0.996	0.000E+00	0	541	543	0	541	543	542M
10510	790	2.935E-107	1.00	2.943E-107	0	177	179	0	177	179	178M
10511	789	2.364E-62	1.00	2.480E-62	0	102	104	0	102	104	103M
10512	788	1.815E-192	1.00	1.763E-192	0	282	284	0	282	284	283M
10513	787	1.079E-184	0.996	1.070E-184	0	281	283	0	281	283	282M
10514	786	2.857E-174	1.00	2.770E-174	0	268	270	0	268	270	269M
10515	785	8.681E-101	0.987	8.898E-101	0	159	161	0	159	161	160M
10516	784	2.064E-319	0.993	1.970E-319	0	486	488	0	486	488	487M
10517	783	4.093E-81	0.955	4.022E-81	0	135	137	0	135	137	136M
10518	782	2.291E-166	0.992	2.304E-166	0	267	269	0	267	269	268M
10519	781	3.109E-168	0.992	3.128E-168	0	256	258	0	256	258	257M
10520	780	2.217E-308	1.00	0.000E+00	0	767	769	0	767	769	768M
10521	779	8.177E-310	0.991	8.565E-310	0	462	464	0	462	464	463M
10522	778	7.305E-189	0.988	7.147E-189	0	271	273	0	271	273	272M
10523	777	2.064E-203	1.00	2.058E-203	0	303	305	0	303	305	304M
10524	776	2.217E-308	1.00	0.000E+00	0	934	936	0	934	936	935M
10525	775	1.144E-168	0.992	1.121E-168	0	261	263	0	261	263	262M
10526	774	6.458E-180	0.993	6.394E-180	0	287	289	0	287	289	288M
10527	773	8.672E-178	0.992	8.265E-178	0	263	265	0	263	265	264M
10528	772	7.478E-82	1.00	7.181E-82	0	132	134	0	132	134	133M
10529	771	1.294E-177	0.992	1.263E-177	0	272	274	0	272	274	273M
10530	770	9.131E-314	1.00	9.533E-314	0	483	485	0	483	485	484M
10531	769	3.490E-58	1.00	3.421E-58	0	103	105	0	103	105	104M
10532	768	6.754E-236	1.00	6.519E-236	0	374	376	0	374	376	375M
10533	767	2.744E-197	0.990	2.617E-197	0	307	309	0	307	309	308M
10534	766	5.039E-84	0.992	5.054E-84	0	134	136	0	134	136	135M
10535	765	1.276E-249	0.994	1.273E-249	0	393	395	0	393	395	394M
10536	764	9.844E-227	0.994	9.380E-227	0	333	335	0	333	335	334M
10537	763	6.633E-113	1.00	6.324E-113	0	168	170	0	168	170	169M
10538	762	1.626E-188	0.996	1.691E-188	0	296	298	0	296	298	297M
10541	3336	2.217E-308	0.998	0.000E+00	0	917	919	0	917	919	918M
10542	3337	5.287E-180	0.992	5.160E-180	0	269	271	0	269	271	270M
10543	3338	4.477E-193	0.987	4.419E-193	0	313	315	0	313	315	314M
10544	3339	3.907E-179	0.989	3.993E-179	0	279	281	0	279	281	280M
10545	3340	2.217E-308	1.00	0.000E+00	0	529	531	0	529	531	530M
10546	3341	5.454E-192	0.993	5.482E-192	0	286	288	0	286	288	287M
10547	3342	1.055E-98	0.969	1.083E-98	0	161	196	0	161	179	162M
10548	3908	3.554E-65	0.586	3.650E-65	4	182	188	4	182	184	179M
10550	4067	9.717E-222	1.00	9.568E-222	0	337	339	0	337	339	338M
10551	4066	2.124E-98	1.00	2.196E-98	0	162	164	0	162	164	163M
10552	4065	2.217E-308	1.00	0.000E+00	0	573	575	0	573	575	574M
10553	714	7.828E-61	0.945	7.832E-61	0	108	110	0	110	112	78M2D31M
10554	713	2.217E-308	0.997	0.000E+00	0	873	875	0	873	875	874M
10555	712	5.879E-105	1.00	5.622E-105	0	168	170	0	168	170	169M
10556	711	1.932E-216	1.00	1.872E-216	0	328	330	0	328	330	329M
10557	710	1.932E-216	0.997	1.866E-216	0	367	447	0	367	369	368M
10559	707	5.664E-284	0.993	5.629E-284	0	467	469	0	467	469	468M
10560	706	2.333E-173	1.00	2.291E-173	0	266	268	0	266	268	267M
10561	705	2.664E-147	1.00	2.707E-147	0	242	244	0	242	244	243M
10562	704	3.389E-124	1.00	3.529E-124	0	187	189	0	187	189	188M
10563	703	8.185E-233	0.997	8.059E-233	0	351	353	0	351	353	352M
10564	702	5.670E-91	1.00	5.925E-91	0	137	139	0	137	139	138M
10565	701	2.084E-52	1.00	2.040E-52	0	84	86	0	84	86	85M
10566	700	3.850E-96	1.00	3.809E-96	0	151	153	0	151	153	152M
10567	699	4.107E-121	0.821	4.237E-121	0	217	219	0	217	219	218M
10569	959	5.413E-73	0.373	5.170E-73	0	404	409	0	405	410	41M1I15M2I148M1D84M1D30M3D52M1I31M
10570	3207	7.680E-42	0.373	7.678E-42	5	239	242	8	240	245	30M1I8M3I83M1I59M3D50M
10587	698	8.991E-308	1.00	9.318E-308	0	468	470	0	468	470	469M
10588	697	4.646E-246	1.00	4.712E-246	0	380	382	0	380	382	381M
10589	696	2.142E-140	1.00	2.133E-140	0	231	233	0	231	233	232M
10590	695	3.710E-275	0.974	3.653E-275	0	429	431	0	429	431	430M
10591	694	8.335E-240	1.00	7.981E-240	0	370	372	0	370	372	371M
10592	693	9.316E-167	0.988	9.703E-167	0	262	264	0	262	264	263M
10593	692	6.937E-169	1.00	7.203E-169	0	265	267	0	265	267	266M
10594	691	1.001E-271	1.00	9.756E-272	0	409	411	0	409	411	410M
10595	690	5.117E-90	1.00	5.012E-90	0	142	144	0	142	144	143M
10596	689	1.273E-43	1.00	1.272E-43	0	65	67	0	65	67	66M
10597	688	5.445E-114	0.994	5.255E-114	0	182	184	0	182	184	183M
10598	687	3.471E-288	0.995	3.347E-288	0	427	429	0	427	429	428M
10599	686	2.217E-308	0.998	0.000E+00	0	726	728	0	726	728	727M
10600	685	1.077E-222	1.00	1.104E-222	0	338	340	0	338	340	339M
10601	684	3.978E-186	0.975	4.164E-186	0	279	281	0	279	281	280M
10602	683	8.582E-290	0.988	8.480E-290	0	436	438	0	436	438	437M
10603	682	2.467E-272	0.995	2.460E-272	0	420	422	0	420	422	421M
10604	681	2.217E-308	1.00	0.000E+00	0	541	543	0	541	543	542M
10605	680	2.180E-108	0.994	2.210E-108	0	169	171	0	169	171	170M
10606	679	1.027E-281	1.00	1.068E-281	0	451	453	0	451	453	452M
10607	678	8.554E-134	1.00	8.288E-134	0	205	207	0	205	207	206M
10608	677	2.217E-308	0.996	0.000E+00	0	616	618	0	616	618	617M
10609	1242	5.820E-16	0.970	5.814E-16	0	33	35	110	143	145	34M
10610	2695	7.503E-238	0.997	7.144E-238	0	399	401	0	399	401	400M
10611	2694	7.369E-115	0.973	7.318E-115	0	187	189	0	187	189	188M
10612	4020	6.022E-269	1.00	5.742E-269	0	431	433	0	431	433	432M
10613	4021	2.674E-40	1.00	2.675E-40	0	66	68	0	66	68	67M
10614	4106	5.899E-145	0.990	5.757E-145	0	215	244	0	215	216	216M
10615	4107	3.213E-142	1.00	3.376E-142	0	230	232	0	230	232	231M
10616	4108	2.635E-220	1.00	2.572E-220	0	340	342	0	340	342	341M
10617	4109	2.178E-185	1.00	2.139E-185	0	287	289	0	287	289	288M
10618	1494	5.152E-286	1.00	5.175E-286	0	427	429	0	427	429	428M
10619	1495	2.217E-308	1.00	0.000E+00	0	523	525	0	523	525	524M
10620	1496	3.808E-53	1.00	3.726E-53	0	88	90	0	88	90	89M
10621	1497	9.835E-188	1.00	9.476E-188	0	279	281	0	279	281	280M
10622	1498	8.371E-203	1.00	8.644E-203	0	300	302	0	300	302	301M
10623	1499	8.365E-48	1.00	8.400E-48	0	75	77	0	75	77	76M
10624	1500	2.217E-308	1.00	0.000E+00	0	625	627	0	625	627	626M
10625	1501	1.775E-222	0.997	1.720E-222	0	334	336	0	334	336	335M
10626	1502	2.217E-308	0.998	0.000E+00	0	515	517	0	515	517	516M
10627	1503	3.433E-129	0.994	3.533E-129	0	197	199	0	197	199	198M
10628	1504	1.054E-175	0.996	1.013E-175	0	258	260	0	258	260	259M
10629	1505	3.077E-164	1.00	2.975E-164	0	243	245	0	243	245	244M
10630	1506	2.517E-241	0.997	2.550E-241	0	357	359	0	357	359	358M
10631	1507	4.499E-311	1.00	4.515E-311	0	480	482	0	480	482	481M
10632	1508	4.583E-86	1.00	4.395E-86	0	147	149	0	147	149	148M
10633	1509	1.242E-45	1.00	1.264E-45	0	74	76	0	74	76	75M
10634	1510	9.016E-77	1.00	8.764E-77	0	126	128	0	126	128	127M
10635	1511	4.408E-187	1.00	4.287E-187	0	291	293	0	291	293	292M
10636	1512	1.180E-64	1.00	1.124E-64	0	108	110	0	108	110	109M
10637	1513	2.120E-136	1.00	2.069E-136	0	205	207	0	205	207	206M
10638	1514	2.217E-308	1.00	0.000E+00	0	662	664	0	662	664	663M
10639	1515	4.504E-234	1.00	4.304E-234	0	349	351	0	349	351	350M
10640	1516	1.646E-154	1.00	1.591E-154	0	250	252	0	250	252	251M
10641	1517	2.217E-308	1.00	0.000E+00	69	791	793	0	722	724	723M
10643	3065	2.217E-308	0.983	0.000E+00	0	811	813	0	811	813	812M
10644	3064	2.217E-308	0.981	0.000E+00	0	608	610	0	608	610	609M
10645	3063	1.141E-283	1.00	1.121E-283	0	414	416	0	414	416	415M
10646	3062	2.594E-98	0.987	2.686E-98	0	153	155	0	153	155	154M
10647	3061	1.666E-120	0.983	1.684E-120	0	186	188	0	186	188	187M
10648	3060	6.480E-220	0.991	6.540E-220	0	333	335	0	333	335	334M
10649	3059	1.047E-95	0.994	1.067E-95	0	166	168	0	166	168	167M
10650	3058	2.702E-75	0.985	2.800E-75	0	139	141	0	139	141	140M
10651	3057	7.419E-195	0.990	7.173E-195	0	299	301	0	299	301	300M
10652	3056	1.072E-143	0.938	1.072E-143	0	241	280	0	241	270	242M
10653	1632	1.661E-235	1.00	1.720E-235	0	361	363	0	361	363	362M
10654	1633	6.491E-182	0.988	6.551E-182	0	270	272	0	270	272	271M
10655	1634	5.233E-176	0.974	5.365E-176	0	278	280	0	278	280	279M
10656	1635	3.395E-202	0.990	3.477E-202	0	323	325	0	323	325	324M
10657	1636	3.940E-221	0.973	4.069E-221	0	341	343	0	341	343	342M
10658	1637	2.493E-160	0.988	2.606E-160	0	255	257	0	255	257	256M
10659	1638	5.674E-246	0.997	5.615E-246	0	377	379	0	377	379	378M
10660	1639	2.217E-308	0.985	0.000E+00	0	546	548	0	546	548	547M
10661	1640	2.543E-129	0.984	2.655E-129	0	191	193	0	191	193	192M
10662	1641	1.891E-169	0.992	1.920E-169	0	257	259	0	257	259	258M
10663	1642	1.035E-284	0.997	1.062E-284	0	431	433	0	431	433	432M
10664	1643	4.961E-78	0.992	4.866E-78	0	125	127	0	125	127	126M
10665	1644	8.547E-95	0.993	8.768E-95	0	144	146	0	144	146	145M
10666	1646	2.217E-308	0.966	0.000E+00	0	568	570	0	568	570	569M
10667	1647	2.217E-308	0.991	0.000E+00	0	676	678	0	676	678	677M
10668	1648	4.118E-122	0.950	3.948E-122	0	200	202	0	200	202	201M
10669	1649	2.217E-308	0.971	0.000E+00	0	883	885	0	883	885	884M
10670	1650	4.048E-154	0.987	4.176E-154	0	237	239	0	237	239	238M
10671	1651	3.703E-313	0.970	3.785E-313	0	472	474	0	473	475	301M1D172M
10672	3039	5.559E-122	0.994	5.658E-122	0	181	183	0	181	183	182M
10673	3040	1.421E-136	1.00	1.396E-136	0	210	212	0	210	212	211M
10674	3041	6.794E-277	0.990	7.061E-277	0	439	441	0	439	441	440M
10675	3042	2.217E-308	0.997	0.000E+00	0	905	907	0	905	907	906M
10676	3489	2.217E-308	0.995	0.000E+00	31	1500	1502	20	1489	1491	1470M
10677	3490	2.702E-75	0.991	2.636E-75	0	118	120	0	118	120	119M
10679	3493	1.154E-94	0.993	1.146E-94	0	143	145	0	143	145	144M
10680	4239	2.528E-204	0.990	2.584E-204	0	326	328	0	326	328	327M
10681	4240	4.901E-228	1.00	4.816E-228	37	398	400	0	361	363	362M
10682	4169	2.311E-92	1.00	2.229E-92	0	140	143	0	140	142	141M
10683	4167	7.627E-167	0.965	7.420E-167	0	263	265	0	263	265	264M
10684	3243	8.583E-174	0.996	8.259E-174	43	305	307	0	262	264	263M
10685	3242	3.064E-85	0.993	3.213E-85	0	149	151	0	149	151	150M
10686	3241	3.433E-40	1.00	3.440E-40	0	71	73	0	71	73	72M
10687	3240	9.008E-154	0.982	8.904E-154	0	233	235	0	233	235	234M
10688	3239	1.902E-94	1.00	1.815E-94	0	146	148	0	146	148	147M
10689	3238	4.723E-59	1.00	4.658E-59	0	101	103	0	101	103	102M
10690	3237	2.070E-204	0.990	2.063E-204	0	301	303	0	301	303	302M
10691	3236	8.636E-99	0.993	9.021E-99	0	150	152	0	150	152	151M
10692	3235	2.217E-308	0.995	0.000E+00	0	649	651	0	649	651	650M
10693	3234	2.528E-204	0.996	2.644E-204	0	313	315	0	313	315	314M
10695	3232	1.411E-172	0.978	1.369E-172	0	284	286	0	284	286	285M
10696	3231	1.484E-114	0.994	1.513E-114	42	216	218	0	174	176	175M
10698	2544	4.956E-155	0.953	4.816E-155	0	238	240	0	238	240	239M
10699	2545	1.619E-109	1.00	1.688E-109	0	168	170	0	168	170	169M
10700	2546	2.217E-308	0.998	0.000E+00	0	574	576	0	574	576	575M
10701	2547	9.172E-161	0.995	8.948E-161	0	239	241	0	239	241	240M
10702	2548	1.415E-173	0.988	1.471E-173	0	270	272	0	270	272	271M
10703	2549	4.947E-309	0.989	5.165E-309	0	460	462	0	460	462	461M
10704	2550	3.618E-304	0.995	3.720E-304	0	477	479	0	477	479	478M
10705	2551	2.217E-308	0.998	0.000E+00	0	502	504	0	502	504	503M
10706	2552	4.325E-257	0.997	4.168E-257	0	395	397	0	395	397	396M
10707	2553	1.071E-220	0.996	1.055E-220	0	321	323	0	321	323	322M
10708	2554	1.953E-259	0.997	2.037E-259	0	389	391	0	389	391	390M
10709	3512	2.217E-308	0.996	0.000E+00	0	569	571	0	569	571	570M
10710	3513	2.681E-72	0.974	2.750E-72	0	118	120	0	118	120	119M
10711	3514	2.252E-198	0.996	2.216E-198	0	288	290	0	288	290	289M
10712	3515	1.895E-170	0.989	1.823E-170	0	274	276	0	275	277	61M1D214M
10713	3516	2.671E-264	0.984	2.618E-264	0	384	386	0	384	386	385M
10714	3517	4.615E-50	0.976	4.418E-50	0	84	86	0	84	86	85M
10715	3518	2.217E-308	0.996	0.000E+00	0	820	869	0	820	821	821M
10716	3547	3.606E-148	0.982	3.787E-148	0	227	229	0	227	229	228M
10717	3548	1.088E-110	0.988	1.036E-110	0	177	191	0	177	254	178M
10718	1242	1.432E-15	0.969	1.430E-15	0	32	34	111	143	145	33M
10719	4125	5.814E-62	1.00	6.096E-62	0	101	103	0	101	103	102M
10720	478	1.013E-121	0.994	1.033E-121	0	187	189	0	187	189	188M
10721	479	2.170E-261	0.989	2.150E-261	0	386	388	0	386	388	387M
10722	480	5.588E-124	0.974	5.412E-124	0	195	198	0	195	198	196M
10723	481	7.615E-89	1.00	7.452E-89	0	126	128	0	126	128	127M
10724	482	1.152E-248	0.997	1.210E-248	0	394	396	0	394	396	395M
10725	483	1.146E-41	1.00	1.146E-41	0	79	81	0	79	81	80M
10726	484	1.640E-230	1.00	1.688E-230	0	344	346	0	344	346	345M
10727	485	5.007E-275	0.995	4.826E-275	0	435	437	0	435	437	436M
10728	486	2.217E-308	0.996	0.000E+00	0	812	814	0	812	814	813M
10729	487	9.895E-229	1.00	9.558E-229	0	336	338	0	336	338	337M
10730	488	1.637E-152	0.995	1.646E-152	0	228	230	0	228	230	229M
10731	489	6.985E-133	1.00	6.647E-133	0	209	211	0	209	211	210M
10732	490	2.770E-162	1.00	2.779E-162	0	259	261	0	259	261	260M
10733	491	1.981E-187	0.993	1.917E-187	0	294	296	0	294	296	295M
10734	492	3.775E-127	1.00	3.943E-127	0	210	212	0	210	212	211M
10735	493	2.794E-88	0.992	2.895E-88	0	141	143	0	141	143	142M
10736	494	2.217E-308	0.998	0.000E+00	0	574	576	0	574	576	575M
10737	495	5.305E-220	0.982	5.240E-220	0	335	337	0	335	337	336M
10738	496	6.196E-164	0.984	6.236E-164	0	252	254	0	252	254	253M
10739	497	1.298E-217	0.990	1.307E-217	0	325	327	0	325	327	326M
10740	498	3.999E-72	1.00	3.865E-72	0	112	114	0	112	114	113M
10741	499	4.686E-172	0.996	4.585E-172	0	256	258	0	256	258	257M
10742	500	6.272E-130	1.00	6.437E-130	0	201	203	0	201	203	202M
10743	501	7.407E-117	0.994	7.309E-117	0	183	185	0	183	185	184M
10744	502	8.947E-74	1.00	8.703E-74	0	125	127	0	125	127	126M
10745	503	5.930E-147	0.991	5.975E-147	0	232	234	0	232	234	233M
10746	504	1.690E-203	0.981	1.615E-203	0	318	320	0	318	320	319M
10747	3459	4.670E-132	0.994	4.691E-132	0	197	199	0	197	199	198M
10748	3460	3.720E-160	0.995	3.756E-160	0	236	238	0	236	238	237M
10749	3461	1.299E-256	1.00	1.290E-256	0	372	374	0	372	374	373M
10750	3462	4.739E-99	0.993	4.895E-99	0	157	159	0	157	159	158M
10751	3463	1.873E-88	0.986	1.956E-88	0	146	148	0	146	148	147M
10752	3464	4.817E-144	0.995	4.862E-144	0	227	229	0	227	229	228M
10753	3465	2.217E-308	1.00	0.000E+00	0	556	558	0	556	558	557M
10754	3466	1.059E-61	1.00	1.040E-61	0	99	101	0	99	101	100M
10755	3467	1.079E-68	1.00	1.118E-68	0	120	122	0	120	122	121M
10756	3468	2.417E-148	0.995	2.435E-148	0	231	233	0	231	233	232M
10757	3469	3.637E-190	0.996	3.720E-190	0	302	304	0	302	304	303M
10758	4043	2.217E-308	0.988	0.000E+00	0	500	503	0	500	515	501M
10759	4042	1.784E-224	0.997	1.836E-224	0	338	340	0	338	340	339M
10760	4041	8.620E-253	1.00	8.871E-253	0	379	381	0	379	381	380M
10761	3531	2.217E-308	1.00	0.000E+00	0	720	722	0	720	722	721M
10762	3530	1.932E-100	1.00	1.855E-100	0	148	150	0	148	150	149M
10763	3529	6.784E-83	0.992	6.959E-83	0	136	138	0	136	138	137M
10764	3528	5.052E-85	0.992	5.140E-85	0	139	141	0	139	141	140M
10765	3527	1.073E-182	0.993	1.029E-182	0	291	293	0	291	293	292M
10766	3526	4.756E-139	0.995	4.822E-139	0	237	239	0	237	239	238M
10767	3525	2.217E-308	0.997	0.000E+00	14	888	890	0	874	876	875M
10769	3136	2.217E-308	0.952	0.000E+00	47	593	595	0	546	548	547M
10770	3135	2.217E-308	0.996	0.000E+00	0	605	607	0	605	607	606M
10771	3134	2.217E-308	0.991	0.000E+00	0	669	671	0	669	671	670M
10772	3133	8.992E-192	1.00	9.407E-192	0	311	313	0	311	313	312M
10773	3132	3.027E-235	0.997	2.899E-235	0	379	381	0	379	381	380M
10774	3131	2.217E-308	0.998	0.000E+00	0	575	577	0	575	577	576M
10775	3130	2.303E-168	1.00	2.318E-168	0	243	245	0	243	245	244M
10776	3129	6.732E-80	1.00	6.603E-80	0	121	123	0	121	123	122M
10777	1858	7.305E-189	0.989	7.027E-189	0	284	286	0	284	286	285M
10778	1857	6.212E-165	1.00	6.148E-165	0	243	245	0	243	245	244M
10779	1856	1.689E-48	1.00	1.663E-48	0	87	89	0	87	89	88M
10780	1855	7.076E-138	0.977	6.973E-138	0	220	222	0	220	222	221M
10781	1854	1.329E-110	1.00	1.288E-110	0	167	169	0	167	169	168M
10782	1853	3.158E-174	0.992	3.248E-174	0	258	260	0	258	260	259M
10783	1852	1.275E-210	0.984	1.275E-210	0	312	314	0	312	314	313M
10784	1851	4.885E-72	0.983	4.928E-72	0	117	119	0	117	119	118M
10785	1850	2.217E-308	1.00	0.000E+00	0	1152	1154	0	1152	1154	1153M
10786	1849	1.739E-98	1.00	1.660E-98	0	143	145	0	143	145	144M
10787	1848	1.694E-320	1.00	1.739E-320	0	488	490	0	488	490	489M
10788	1847	8.095E-74	1.00	8.304E-74	0	111	113	0	111	113	112M
10789	1846	2.217E-308	0.996	0.000E+00	0	618	620	0	618	620	619M
10790	1845	8.771E-105	1.00	8.889E-105	0	171	173	0	171	173	172M
10791	1844	1.456E-68	0.990	1.393E-68	0	105	107	0	105	107	106M
10792	1843	1.007E-80	1.00	9.679E-81	0	127	129	0	127	129	128M
10793	1842	7.336E-268	1.00	7.177E-268	0	404	406	0	404	406	405M
10794	1841	4.739E-99	1.00	4.666E-99	0	156	158	0	156	158	157M
10795	1840	7.760E-135	0.995	7.424E-135	0	214	216	0	214	216	215M
10796	1839	2.065E-87	1.00	2.158E-87	0	150	152	0	150	152	151M
10797	1838	1.261E-51	1.00	1.270E-51	0	89	91	0	89	91	90M
10798	1837	2.217E-308	0.993	0.000E+00	0	620	622	0	620	622	621M
10799	3310	7.051E-214	0.996	7.028E-214	0	317	322	0	317	324	318M
10800	3309	9.219E-279	0.997	8.911E-279	0	406	408	0	406	408	407M
10801	3308	2.644E-260	0.992	2.737E-260	0	400	402	0	400	402	401M
10802	3307	1.109E-272	0.983	1.060E-272	4	429	431	0	425	427	426M
10803	3279	7.948E-299	1.00	7.814E-299	0	456	458	0	456	458	457M
10804	3278	1.059E-61	0.980	1.040E-61	0	99	101	0	99	101	100M
10805	3283	6.365E-97	0.993	6.308E-97	0	153	155	0	153	155	154M
10806	2905	2.217E-308	0.996	0.000E+00	0	593	595	0	593	595	594M
10807	2906	3.113E-322	0.981	3.113E-322	0	476	478	0	476	478	477M
10808	2907	6.626E-306	0.983	6.493E-306	0	478	480	0	478	480	479M
10809	2908	2.217E-308	0.995	0.000E+00	0	612	614	0	612	614	613M
10810	2909	2.217E-308	0.984	0.000E+00	0	635	637	0	635	637	636M
10811	2910	2.579E-173	0.980	2.561E-173	0	255	257	0	255	257	256M
10812	2911	1.137E-127	0.970	1.154E-127	0	204	206	0	204	206	205M
10813	2912	2.217E-308	0.990	0.000E+00	0	625	770	0	625	626	626M
10814	4196	4.711E-58	1.00	4.576E-58	0	96	98	0	96	98	97M
10815	4197	2.217E-308	0.982	0.000E+00	0	506	508	0	506	508	507M
10816	4198	8.651E-61	0.973	9.053E-61	0	111	113	0	111	113	112M
10817	1693	8.123E-114	1.00	8.252E-114	38	205	207	0	167	169	168M
10818	1694	2.217E-308	0.993	0.000E+00	0	714	716	0	714	716	715M
10819	1695	2.343E-136	0.966	2.275E-136	0	207	209	0	207	209	208M
10820	1696	6.498E-105	0.959	6.483E-105	0	171	173	0	171	173	172M
10821	1697	1.088E-226	0.980	1.107E-226	0	350	352	0	350	352	351M
10822	1698	1.700E-128	1.00	1.763E-128	0	191	193	0	191	193	192M
10823	1699	2.217E-308	0.977	0.000E+00	0	521	523	0	521	523	522M
10824	1700	8.130E-153	0.967	7.945E-153	0	246	248	0	246	248	247M
10825	1701	3.433E-245	1.00	3.347E-245	0	368	370	11	379	381	369M
10826	1702	5.315E-182	0.989	5.462E-182	0	293	295	0	294	296	279M1D15M
10827	1703	8.474E-53	0.938	8.757E-53	0	97	101	0	97	99	98M
10828	1704	2.217E-308	0.988	0.000E+00	0	517	519	0	517	519	518M
10829	1705	6.245E-51	1.00	6.485E-51	0	90	92	0	90	92	91M
10830	1706	2.217E-308	0.992	0.000E+00	3	509	511	204	710	712	507M
10831	3758	8.671E-294	0.962	9.006E-294	0	456	458	0	456	458	457M
10832	3759	1.634E-306	1.00	1.709E-306	3	490	492	0	487	489	488M
10833	2148	7.801E-21	0.432	7.829E-21	7	103	112	12	107	552	29M1I67M
10834	2086	1.529E-203	1.00	1.552E-203	0	297	299	0	297	299	298M
10835	2087	1.721E-94	0.986	1.649E-94	0	144	146	0	144	146	145M
10836	2088	1.537E-89	0.992	1.534E-89	0	139	141	0	139	141	140M
10837	2089	3.227E-105	0.987	3.230E-105	0	163	165	0	163	165	164M
10838	2090	3.900E-101	1.00	3.798E-101	0	161	163	0	161	163	162M
10839	2091	6.476E-65	1.00	6.419E-65	0	103	105	0	103	105	104M
10840	2092	2.217E-308	0.993	0.000E+00	0	622	624	0	622	624	623M
10841	2093	1.873E-88	0.993	1.841E-88	0	158	160	0	158	160	159M
10842	2094	1.070E-65	0.990	1.086E-65	0	99	101	0	99	101	100M
10843	2095	1.718E-132	1.00	1.767E-132	0	203	205	0	203	205	204M
10844	2096	1.195E-185	0.978	1.234E-185	0	282	284	0	282	284	283M
10845	2097	2.235E-195	1.00	2.340E-195	0	302	304	0	302	304	303M
10846	2098	2.960E-149	0.982	3.085E-149	0	234	236	0	234	236	235M
10847	2099	3.313E-270	0.997	3.156E-270	0	416	418	0	416	418	417M
10848	2100	8.306E-200	1.00	8.390E-200	0	319	321	0	319	321	320M
10849	2101	2.217E-308	1.00	0.000E+00	0	632	634	0	632	634	633M
10850	2102	1.593E-64	1.00	1.541E-64	0	108	110	0	108	110	109M
10851	2103	9.826E-265	1.00	9.572E-265	0	376	378	0	376	378	377M
10852	2104	6.651E-114	0.984	6.982E-114	0	188	190	0	188	190	189M
10853	2105	1.329E-226	0.979	1.365E-226	0	341	343	0	341	343	342M
10854	2106	8.122E-230	0.997	8.159E-230	0	344	346	0	344	346	345M
10855	3557	1.021E-279	0.995	1.054E-279	0	421	423	0	421	423	422M
10856	3556	2.217E-308	0.996	0.000E+00	0	915	917	0	915	917	916M
10857	3555	5.183E-211	1.00	5.365E-211	0	307	309	0	307	309	308M
10858	3554	1.788E-186	0.969	1.824E-186	0	294	297	0	294	296	295M
10860	3553	1.613E-34	0.334	1.615E-34	10	243	252	3	263	270	16M2D18M2I6M5D31M2D39M18D59M1D40M1D23M
10862	3552	9.197E-46	0.331	9.044E-46	0	341	345	0	324	326	8M1I82M3I10M2D29M2D4M1I9M16I16M1I130M1D32M
10866	72	2.295E-39	0.971	2.301E-39	0	70	73	0	70	73	71M
10868	71	2.217E-308	0.998	0.000E+00	0	591	593	0	591	593	592M
10869	70	1.886E-168	0.984	1.981E-168	0	253	255	0	253	255	254M
10870	69	2.217E-308	0.963	0.000E+00	0	684	686	0	690	692	276M3D17M3D392M
10871	68	2.217E-308	0.989	0.000E+00	0	486	488	0	486	488	487M
10872	67	3.529E-101	0.993	3.647E-101	0	146	149	0	146	149	147M
10873	66	2.502E-84	0.992	2.503E-84	0	126	128	0	126	128	127M
10874	65	5.804E-100	0.993	5.912E-100	0	159	161	0	159	161	160M
10876	2789	1.520E-46	0.304	1.553E-46	2	297	299	0	298	309	191M2D12M1D93M
10877	64	2.217E-308	0.996	0.000E+00	0	592	594	0	592	594	593M
10878	63	2.217E-308	0.995	0.000E+00	0	599	601	0	599	601	600M
10879	62	2.730E-79	0.992	2.836E-79	0	125	127	0	125	127	126M
10880	61	2.217E-308	0.994	0.000E+00	0	517	519	34	551	553	518M
10881	60	1.203E-149	1.00	1.180E-149	0	227	229	0	227	229	228M
10882	59	2.217E-308	0.993	0.000E+00	0	479	481	0	479	481	480M
10883	58	7.355E-269	1.00	7.361E-269	0	389	391	0	389	391	390M
10884	57	4.914E-113	0.988	4.701E-113	0	175	177	0	175	177	176M
10885	56	2.998E-154	0.974	2.906E-154	0	236	238	0	236	238	237M
10886	55	3.736E-123	0.989	3.885E-123	0	191	193	0	191	193	192M
10887	54	4.054E-232	0.575	4.205E-232	0	622	624	0	611	613	233M1D188M4I44M2I4M2I76M1I49M3I17M
10888	53	1.587E-140	0.958	1.586E-140	0	218	220	0	218	223	219M
10889	52	6.100E-274	1.00	6.022E-274	0	408	410	0	408	410	409M
10890	51	6.685E-116	0.994	6.408E-116	0	169	171	0	169	171	170M
10891	50	9.972E-232	0.984	9.625E-232	0	330	332	0	330	332	331M
10892	49	5.025E-199	0.993	5.035E-199	0	290	292	0	290	292	291M
10893	48	1.305E-219	0.988	1.317E-219	0	348	350	0	348	350	349M
10894	47	4.175E-166	1.00	4.130E-166	0	266	268	0	266	268	267M
10895	46	2.489E-198	1.00	2.470E-198	0	297	299	0	297	299	298M
10896	45	2.805E-283	0.988	2.820E-283	0	427	429	0	427	429	428M
10897	44	4.961E-194	0.997	5.100E-194	0	355	357	0	355	357	356M
10898	43	5.675E-130	0.984	5.483E-130	0	191	193	0	191	193	192M
10899	42	4.295E-177	0.996	4.456E-177	42	299	301	0	257	259	258M
10900	41	2.914E-143	1.00	2.980E-143	0	212	214	0	212	214	213M
10901	40	2.217E-308	0.997	0.000E+00	0	906	908	0	906	908	907M
10902	39	2.476E-80	0.986	2.403E-80	0	146	148	0	146	148	147M
10903	38	5.007E-275	1.00	4.826E-275	0	435	437	0	435	437	436M
10904	37	7.003E-134	1.00	6.970E-134	0	208	210	0	208	210	209M
10905	36	5.127E-52	0.966	5.164E-52	0	88	92	0	88	127	89M
10906	35	2.722E-194	0.989	2.743E-194	27	321	323	0	294	296	295M
10907	34	5.597E-86	0.949	5.373E-86	0	138	140	0	138	140	139M
10908	33	4.442E-190	0.975	4.316E-190	0	285	287	0	285	287	286M
10909	32	1.867E-48	1.00	1.874E-48	0	83	85	0	83	85	84M
10910	31	2.217E-308	0.991	0.000E+00	0	710	712	0	710	712	711M
10911	30	8.822E-262	0.995	8.554E-262	0	400	402	0	400	402	401M
10912	29	3.612E-226	1.00	3.635E-226	0	335	337	0	335	337	336M
10913	28	2.789E-242	1.00	2.879E-242	0	371	373	0	371	373	372M
10914	27	2.872E-292	0.997	2.949E-292	0	416	418	0	416	418	417M
10915	26	2.217E-308	1.00	0.000E+00	0	800	802	0	800	802	801M
10916	25	2.217E-308	0.998	0.000E+00	0	546	548	0	546	548	547M
10917	24	8.748E-104	0.993	9.007E-104	0	160	162	0	160	162	161M
10918	23	4.409E-71	0.991	4.286E-71	0	116	118	0	116	118	117M
10919	22	8.591E-97	0.986	8.475E-97	0	146	148	0	146	148	147M
10920	21	1.899E-248	0.997	1.886E-248	0	390	392	0	390	392	391M
10921	20	7.998E-108	0.988	8.189E-108	0	170	172	0	170	172	171M
10922	19	3.319E-232	0.997	3.427E-232	0	355	357	0	355	357	356M
10923	18	6.265E-29	1.00	6.235E-29	0	51	53	0	51	53	52M
10924	17	4.892E-266	0.992	4.903E-266	0	400	402	0	400	402	401M
10925	16	2.217E-308	0.997	0.000E+00	0	485	487	0	485	487	486M
10926	15	1.068E-219	0.964	1.031E-219	0	336	338	0	336	338	337M
10927	14	3.093E-282	1.00	3.030E-282	0	451	453	0	451	453	452M
10928	13	2.217E-308	1.00	0.000E+00	0	610	612	0	610	612	611M
10929	12	4.136E-85	1.00	4.327E-85	0	142	144	0	142	144	143M
10931	10	4.263E-58	1.00	4.357E-58	0	95	97	0	95	97	96M
10932	9	2.161E-182	0.981	2.138E-182	0	273	275	0	273	275	274M
10933	8	2.077E-128	1.00	1.996E-128	0	187	189	0	187	189	188M
10934	7	2.658E-146	0.978	2.545E-146	0	231	238	0	231	710	232M
10936	1906	2.059E-318	0.997	1.960E-318	0	488	490	0	488	490	489M
10937	1907	3.093E-321	0.997	3.019E-321	0	491	493	0	491	493	492M
10938	1908	6.426E-62	1.00	6.722E-62	0	103	105	0	103	105	104M
10939	1909	5.909E-223	1.00	5.952E-223	0	345	347	0	345	347	346M
10940	1910	1.609E-184	1.00	1.688E-184	0	284	286	0	284	286	285M
10941	1911	5.361E-108	0.993	5.587E-108	0	162	164	0	162	164	163M
10942	1912	2.248E-120	0.994	2.201E-120	0	185	187	0	185	187	186M
10943	1913	6.201E-319	1.00	6.039E-319	0	483	485	0	483	485	484M
10944	1914	3.448E-34	1.00	3.434E-34	0	56	58	0	56	58	57M
10945	1915	1.801E-305	0.995	1.863E-305	0	460	462	0	460	462	461M
10946	1916	1.401E-169	1.00	1.357E-169	0	243	245	0	243	245	244M
10947	1917	7.095E-139	1.00	6.751E-139	0	204	206	0	204	206	205M
10948	1918	2.217E-308	0.998	0.000E+00	0	502	504	0	502	504	503M
10949	3367	1.865E-125	0.989	1.794E-125	0	189	233	0	189	190	190M
10950	3366	4.355E-221	0.973	4.467E-221	0	343	345	0	343	345	344M
10951	3365	3.961E-223	0.990	3.856E-223	0	329	331	0	329	331	330M
10952	3364	1.411E-172	0.996	1.449E-172	0	265	267	0	265	267	266M
10953	3363	2.073E-166	0.996	2.027E-166	0	271	273	0	271	273	272M
10954	3362	7.324E-190	0.993	7.233E-190	0	296	298	0	296	298	297M
10955	3361	1.427E-215	0.990	1.427E-215	0	331	333	0	331	333	332M
10956	3360	1.844E-198	1.00	1.777E-198	0	290	292	0	290	292	291M
10957	3359	5.310E-259	1.00	5.166E-259	57	450	452	0	393	395	394M
10958	4246	6.485E-259	0.994	6.621E-259	0	394	396	0	394	396	395M
10959	4247	8.136E-192	0.993	8.473E-192	0	302	304	0	302	304	303M
10960	2555	6.075E-79	0.967	6.025E-79	0	121	123	0	121	123	122M
10961	2556	7.009E-173	0.996	6.959E-173	0	283	285	0	283	285	284M
10962	2557	1.735E-97	0.993	1.701E-97	0	152	154	0	152	154	153M
10963	2558	8.242E-197	0.993	8.022E-197	0	304	306	0	304	306	305M
10965	2561	1.213E-268	0.987	1.261E-268	0	414	416	0	414	416	415M
10966	2562	1.392E-244	0.864	1.398E-244	0	433	435	0	442	444	243M1I5M10D185M
10967	270	4.558E-316	0.868	4.763E-316	0	532	534	0	532	534	533M
10968	271	2.899E-141	0.982	3.026E-141	0	223	225	0	223	225	224M
10969	272	5.086E-281	0.954	4.882E-281	0	442	445	2	444	447	443M
10970	273	3.514E-138	0.944	3.365E-138	0	198	200	0	198	200	199M
10971	274	3.559E-259	0.997	3.526E-259	0	394	396	0	394	396	395M
10972	275	7.230E-185	0.986	7.293E-185	0	293	295	0	293	295	294M
10973	276	1.434E-178	0.976	1.457E-178	0	300	302	0	300	302	301M
10974	277	2.407E-185	0.917	2.390E-185	0	337	339	0	337	339	338M
10975	278	6.896E-128	0.979	6.848E-128	0	193	195	0	193	195	194M
10976	279	2.217E-308	0.996	0.000E+00	0	958	960	0	958	960	959M
10977	280	1.176E-140	0.986	1.120E-140	0	224	226	0	224	226	225M
10978	281	3.768E-165	0.985	3.932E-165	0	267	269	0	267	269	268M
10979	282	7.034E-97	0.979	7.333E-97	0	143	145	0	143	145	144M
10980	283	1.133E-87	0.972	1.127E-87	0	143	145	0	143	145	144M
10981	284	1.961E-67	0.982	1.972E-67	0	114	116	0	115	117	105M1D10M
10982	285	2.463E-310	1.00	2.506E-310	0	483	485	0	483	485	484M
10983	286	2.217E-308	1.00	0.000E+00	0	1057	1059	0	1057	1059	1058M
10984	287	5.228E-253	1.00	5.208E-253	0	415	417	0	415	417	416M
10985	288	4.780E-141	0.990	5.007E-141	0	207	209	0	207	209	208M
10986	289	2.217E-308	0.998	0.000E+00	0	685	687	0	685	687	686M
10987	290	4.233E-210	0.996	4.204E-210	0	324	326	0	324	326	325M
10988	291	1.940E-63	1.00	1.978E-63	0	102	104	0	102	104	103M
10989	292	1.032E-51	1.00	9.920E-52	0	84	86	0	84	86	85M
10990	293	2.658E-146	1.00	2.631E-146	0	230	232	0	230	232	231M
10991	294	6.973E-171	1.00	7.230E-171	0	261	263	0	261	263	262M
10992	295	6.812E-278	0.995	6.635E-278	0	422	424	0	422	424	423M
10993	296	5.369E-302	0.989	5.576E-302	0	456	458	0	456	458	457M
10994	297	8.794E-106	1.00	8.958E-106	0	156	158	0	156	158	157M
10995	298	2.681E-72	0.896	2.810E-72	0	125	127	0	125	127	126M
10996	299	1.371E-122	0.994	1.414E-122	0	185	187	0	185	187	186M
10997	300	5.342E-300	0.997	5.086E-300	5	465	467	0	460	462	461M
10998	301	2.386E-259	1.00	2.456E-259	0	393	395	0	393	395	394M
10999	302	2.311E-92	1.00	2.275E-92	0	148	150	28	176	178	149M
11000	303	5.366E-147	0.990	5.266E-147	0	216	218	0	216	218	217M
11001	304	5.247E-61	1.00	5.422E-61	0	94	96	0	94	96	95M
11002	305	2.217E-308	1.00	0.000E+00	0	627	629	0	627	629	628M
11003	306	7.121E-36	1.00	7.107E-36	0	67	69	0	67	69	68M
11004	307	1.102E-115	1.00	1.064E-115	0	173	175	0	173	175	174M
11006	308	7.713E-210	1.00	7.338E-210	0	309	311	0	309	311	310M
11007	309	2.168E-106	0.993	2.240E-106	0	160	162	0	160	162	161M
11008	310	1.408E-287	1.00	1.342E-287	0	423	425	0	423	425	424M
11009	311	2.206E-74	0.992	2.174E-74	0	129	131	0	129	131	130M
11010	312	5.483E-78	1.00	5.238E-78	0	120	122	0	120	122	121M
11011	313	2.217E-308	1.00	0.000E+00	0	610	612	0	610	612	611M
11012	314	1.528E-164	1.00	1.485E-164	0	235	237	0	235	237	236M
11013	315	2.217E-308	1.00	0.000E+00	0	945	947	0	945	947	946M
11014	316	2.840E-249	1.00	2.878E-249	0	397	399	0	397	399	398M
11015	317	3.377E-316	1.00	3.254E-316	0	476	478	0	476	478	477M
11016	318	1.029E-243	0.997	1.009E-243	0	387	389	0	387	389	388M
11017	319	4.859E-186	1.00	4.695E-186	0	285	297	0	285	286	286M
11018	3991	9.015E-193	1.00	9.350E-193	0	292	338	0	292	295	293M
11019	3990	8.740E-181	0.996	9.076E-181	0	306	308	0	306	308	307M
11020	3989	7.439E-196	1.00	7.536E-196	0	298	300	0	298	300	299M
11021	3988	2.292E-321	1.00	2.332E-321	0	499	501	0	499	501	500M
11023	4679	4.546E-21	1.00	4.538E-21	6	46	47	5	45	51	41M
11024	1244	7.039E-252	0.979	6.759E-252	0	382	384	0	382	384	383M
11025	1245	2.217E-308	0.990	0.000E+00	0	626	628	0	626	628	627M
11026	1246	9.422E-94	0.987	9.869E-94	0	155	157	0	155	157	156M
11027	3260	2.552E-169	0.996	2.547E-169	0	263	265	0	263	281	264M
11028	3261	5.042E-239	0.994	5.160E-239	0	356	358	0	356	358	357M
11029	3262	1.489E-270	1.00	1.531E-270	0	414	416	0	414	416	415M
11030	3263	8.597E-252	0.984	8.941E-252	0	388	390	0	388	390	389M
11032	2070	2.806E-167	0.995	2.889E-167	0	243	245	0	243	245	244M
11033	2071	1.976E-323	0.981	1.976E-323	0	530	532	0	530	532	531M
11034	2072	2.217E-308	0.968	0.000E+00	0	535	537	0	535	537	536M
11035	2073	3.110E-25	0.941	3.117E-25	0	50	52	0	50	52	51M
11036	2074	3.974E-263	0.992	4.062E-263	0	382	384	0	382	384	383M
11037	2075	5.482E-194	0.996	5.326E-194	0	288	290	0	288	290	289M
11038	2076	2.217E-308	0.977	0.000E+00	0	541	543	0	541	543	542M
11039	2077	2.217E-308	0.965	0.000E+00	0	979	981	0	979	981	980M
11040	2078	3.947E-299	0.990	4.020E-299	0	435	437	0	435	437	436M
11041	2079	3.223E-298	0.606	3.279E-298	0	750	752	0	765	767	65M1D99M4D269M1D17M3D5M1I8M1I29M2D51M1I7M3D37M5D77M1I83M
11042	2080	5.170E-210	0.990	5.007E-210	0	321	323	0	321	323	322M
11043	2081	2.806E-167	0.984	2.712E-167	0	255	257	0	255	257	256M
11044	2082	1.110E-195	0.987	1.162E-195	0	314	316	0	314	316	315M
11045	2083	2.970E-189	0.993	2.865E-189	0	312	314	0	312	314	313M
11046	2084	6.767E-24	1.00	6.735E-24	0	42	44	0	42	44	43M
11048	4045	2.217E-308	0.955	0.000E+00	0	697	699	0	696	698	177M1I520M
11049	4044	2.217E-308	0.958	0.000E+00	18	614	616	0	596	598	597M
11051	4192	2.099E-132	0.985	2.036E-132	0	206	208	0	206	208	207M
11052	4343	6.170E-85	0.957	6.224E-85	0	141	145	0	141	241	142M
11053	1900	1.290E-25	0.356	1.296E-25	0	156	168	159	314	412	69M1I87M
11054	4134	4.427E-150	0.986	4.581E-150	7	227	229	0	220	222	221M
11055	4135	1.224E-117	0.967	1.269E-117	0	186	188	0	186	188	187M
11056	3908	1.129E-47	0.448	1.084E-47	0	182	186	0	182	184	183M
11057	478	2.251E-16	0.291	2.245E-16	0	179	189	0	181	189	69M2D111M
11058	3361	1.255E-26	0.253	1.253E-26	0	357	366	0	327	333	24M1I34M27I38M19I45M2D61M4D41M1D19M6D13M4D36M
11059	4015	4.080E-14	0.248	4.064E-14	3	364	375	2	362	369	15M2I35M1D14M1D70M1D4M4I15M4D10M4I29M1D15M1I6M2D90M2I24M2D22M
11060	1417	1.637E-36	0.262	1.631E-36	20	441	445	13	436	440	156M2I64M2D46M2D64M1I78M1D11M
11062	767	1.385E-126	0.671	1.454E-126	5	308	310	0	303	309	304M
11063	2698	8.924E-73	0.404	8.656E-73	0	286	303	0	289	304	137M1I6M5D65M1I77M
11064	1885	7.977E-107	0.833	7.605E-107	0	203	206	0	203	205	204M
11065	2224	1.637E-152	0.579	1.711E-152	0	389	391	0	388	390	213M1I176M
11069	2226	6.802E-84	0.358	6.780E-84	6	470	477	7	475	490	120M2I9M3D175M1D55M2D104M
11070	967	1.259E-35	0.257	1.257E-35	28	367	397	21	340	372	98M3D6M8I49M5I55M5I26M1I4M2I19M2D27M5I9M1D21M
11071	1611	3.603E-109	0.395	3.774E-109	7	519	558	8	494	656	25M4I14M4D321M6I11M16I20M1D2M4I31M1I58M
11072	1611	1.080E-107	0.378	1.040E-107	45	538	555	48	497	656	324M14I10M26I23M3I29M1I64M
11073	2303	1.028E-34	0.296	1.032E-34	3	297	309	2	306	316	90M1D60M4D29M10D18M3I77M2I16M
11074	376	2.146E-102	0.432	2.052E-102	2	428	468	0	434	466	178M2D84M1D129M1D31M4D5M
11075	377	2.877E-254	0.745	2.925E-254	2	497	499	25	520	523	496M
11077	2647	8.861E-20	0.259	8.851E-20	26	414	463	65	447	482	28M2I26M1D20M4D19M1I6M3I26M1I65M4D11M1D13M1D35M2I25M4I10M5I34M1D11M4D5M4I33M
11079	3908	1.490E-77	0.672	1.519E-77	0	179	185	0	179	184	180M
11080	4136	2.397E-106	0.946	2.512E-106	0	168	171	0	168	171	169M
11082	4384	5.879E-16	0.782	5.871E-16	0	45	47	0	45	47	46M
11083	2834	5.013E-82	0.827	5.095E-82	0	150	160	0	150	158	151M
11084	738	5.302E-65	0.990	5.276E-65	0	99	101	0	99	101	100M
11085	737	2.217E-308	0.998	0.000E+00	0	697	699	0	697	699	698M
11086	736	3.745E-124	1.00	3.701E-124	0	188	190	0	188	190	189M
11087	735	1.453E-222	0.997	1.444E-222	0	337	339	0	337	339	338M
11088	734	2.217E-308	1.00	0.000E+00	1	580	582	0	579	581	580M
11089	733	2.217E-308	0.991	0.000E+00	0	701	703	0	701	703	702M
11090	732	3.749E-47	1.00	3.698E-47	0	73	75	0	73	75	74M
11091	731	1.853E-200	0.996	1.818E-200	0	320	322	0	320	322	321M
11092	730	1.252E-87	1.00	1.247E-87	0	132	134	0	132	134	133M
11093	729	2.217E-308	0.994	0.000E+00	0	728	730	0	728	730	729M
11094	728	2.217E-308	0.998	0.000E+00	0	871	873	0	871	873	872M
11095	727	1.668E-198	1.00	1.608E-198	0	308	310	0	308	310	309M
11096	726	7.786E-175	0.996	7.954E-175	0	275	277	0	275	277	276M
11097	725	2.084E-168	1.00	2.077E-168	0	254	256	0	254	256	255M
11098	724	6.013E-75	0.991	6.017E-75	0	122	124	0	122	124	123M
11099	723	2.483E-81	1.00	2.590E-81	0	139	141	0	139	141	140M
11100	722	7.759E-251	0.997	8.022E-251	0	381	383	0	381	383	382M
11101	721	1.114E-119	0.994	1.152E-119	0	180	182	0	180	182	181M
11102	720	4.876E-110	1.00	4.681E-110	0	161	163	0	161	163	162M
11103	719	1.188E-260	0.997	1.221E-260	0	376	378	0	376	378	377M
11104	718	4.520E-158	1.00	4.321E-158	0	243	245	0	243	245	244M
11105	717	4.896E-305	1.00	5.021E-305	0	461	463	0	461	463	462M
11106	716	5.215E-136	0.995	5.418E-136	0	212	214	0	212	214	213M
11107	1454	3.615E-149	0.995	3.502E-149	0	230	232	290	520	522	231M
11108	1453	2.217E-308	0.998	0.000E+00	0	667	669	0	667	669	668M
11109	1452	1.252E-203	0.996	1.220E-203	0	312	314	0	312	314	313M
11110	1451	4.307E-178	1.00	4.465E-178	0	270	272	0	270	272	271M
11111	1450	1.935E-178	0.996	1.843E-178	0	278	280	0	278	280	279M
11112	1449	2.217E-308	0.999	0.000E+00	0	1186	1188	0	1186	1188	1187M
11113	1448	2.683E-227	0.997	2.761E-227	0	354	356	0	354	356	355M
11114	4323	2.204E-267	1.00	2.109E-267	0	434	436	0	434	436	435M
11115	4138	2.801E-321	0.997	2.693E-321	0	475	477	0	475	477	476M
11116	4139	7.070E-99	1.00	6.927E-99	0	138	140	0	138	140	139M
11117	4140	1.319E-107	1.00	1.308E-107	0	160	162	0	160	162	161M
11118	151	2.299E-28	0.319	2.309E-28	16	274	282	11	267	275	34M3I13M2D47M2I37M2D7M2D10M3I3M1I14M1D85M
11119	3776	6.755E-120	0.966	6.831E-120	0	209	211	0	209	211	210M
11120	3777	1.021E-279	0.995	1.029E-279	0	407	409	0	407	409	408M
11121	3778	2.217E-308	0.998	0.000E+00	0	886	888	0	886	888	887M
11122	3779	9.776E-263	1.00	9.877E-263	0	400	403	0	400	403	401M
11123	3780	1.007E-80	0.984	1.016E-80	0	128	130	0	128	130	129M
11124	2821	2.626E-64	0.991	2.566E-64	0	111	114	0	111	126	112M
11125	2820	9.930E-153	0.995	1.039E-152	0	244	247	0	244	247	245M
11126	2819	1.292E-99	1.00	1.259E-99	0	155	157	0	155	157	156M
11127	2818	4.329E-64	0.990	4.383E-64	0	110	112	0	110	112	111M
11128	2817	1.786E-147	0.978	1.860E-147	0	234	236	0	234	236	235M
11129	2816	3.566E-105	0.971	3.617E-105	0	172	174	0	172	174	173M
11130	2815	3.371E-238	1.00	3.302E-238	0	362	364	0	362	364	363M
11131	2814	5.162E-132	0.995	4.916E-132	0	218	220	0	218	220	219M
11132	2813	2.179E-224	0.980	2.162E-224	0	355	357	0	355	357	356M
11133	2812	3.249E-185	0.996	3.284E-185	0	276	278	0	276	278	277M
11134	2811	1.456E-184	1.00	1.515E-184	0	275	277	0	275	277	276M
11135	2810	6.423E-323	1.00	6.423E-323	0	469	471	0	469	471	470M
11136	2809	1.781E-262	0.982	1.708E-262	0	406	408	0	406	408	407M
11137	2808	8.800E-261	0.987	8.519E-261	0	402	404	0	402	404	403M
11138	4290	2.315E-170	0.992	2.398E-170	0	253	255	0	253	255	254M
11139	3949	2.451E-192	1.00	2.486E-192	0	296	298	0	296	298	297M
11140	3948	4.834E-184	1.00	4.710E-184	0	279	281	0	279	281	280M
11141	3947	2.610E-139	1.00	2.622E-139	0	224	226	0	224	226	225M
11142	3946	4.590E-164	1.00	4.699E-164	0	246	248	0	246	248	247M
11143	3945	4.674E-287	0.975	4.458E-287	2	442	444	12	452	454	441M
11144	4287	1.052E-97	1.00	1.045E-97	0	155	157	0	155	157	156M
11145	4286	9.078E-157	1.00	9.336E-157	0	248	250	0	248	250	249M
11147	478	2.821E-53	0.478	2.801E-53	0	183	187	0	183	189	184M
11148	4319	1.220E-193	0.989	1.248E-193	0	286	288	0	286	288	287M
11149	3965	1.820E-42	0.274	1.818E-42	5	395	411	0	398	421	14M3D63M3D7M3I10M5I28M1I56M2I42M1D4M4D75M3D56M2D5M1I4M4D15M
11150	4144	2.168E-17	1.00	2.159E-17	0	31	33	0	31	33	32M
11151	3851	3.653E-153	0.995	3.759E-153	0	248	300	0	248	252	249M
11152	3852	5.656E-90	1.00	5.517E-90	0	144	146	0	144	146	145M
11153	3853	1.792E-303	0.993	1.780E-303	0	470	472	0	470	472	471M
11154	3854	1.735E-97	1.00	1.785E-97	0	153	155	0	153	155	154M
11155	3855	2.432E-189	0.983	2.378E-189	0	308	310	0	308	310	309M
11156	3856	1.079E-184	0.989	1.121E-184	0	282	284	0	282	284	283M
11157	3857	1.139E-31	0.983	1.144E-31	0	58	60	0	58	60	59M
11158	3406	1.172E-216	0.997	1.161E-216	0	338	340	0	338	340	339M
11159	3405	2.217E-308	0.989	0.000E+00	0	844	846	0	844	846	845M
11160	3404	8.364E-164	0.991	8.421E-164	0	245	247	0	245	247	246M
11161	4251	3.575E-106	0.982	3.673E-106	0	175	179	0	175	186	176M
11162	3439	8.924E-73	1.00	9.214E-73	0	115	117	0	115	117	116M
11163	3440	4.646E-41	0.957	4.654E-41	0	69	71	0	69	71	70M
11164	3441	1.932E-216	0.996	1.872E-216	0	328	330	0	328	330	329M
11165	3442	5.188E-250	1.00	5.359E-250	0	361	363	0	361	363	362M
11166	3443	9.338E-322	0.971	8.893E-322	0	485	487	0	485	487	486M
11167	3444	1.082E-108	1.00	1.055E-108	0	180	182	0	180	182	181M
11168	3445	2.278E-125	1.00	2.309E-125	0	196	198	0	196	198	197M
11169	3446	1.666E-120	0.988	1.734E-120	0	180	182	0	180	207	181M
11170	3447	2.605E-177	0.978	2.487E-177	0	273	275	0	273	275	274M
11171	3448	1.636E-113	1.00	1.561E-113	0	185	187	0	185	187	186M
11172	3449	1.596E-30	0.950	1.602E-30	0	60	62	0	60	62	61M
11173	2392	5.153E-54	1.00	5.414E-54	0	81	83	0	81	83	82M
11174	2391	2.616E-256	1.00	2.604E-256	0	387	389	0	387	389	388M
11175	2390	2.217E-308	0.996	0.000E+00	0	661	663	0	661	663	662M
11176	2389	2.522E-87	1.00	2.584E-87	0	134	136	0	134	136	135M
11177	2388	4.150E-125	1.00	4.138E-125	0	195	197	0	195	197	196M
11178	2387	1.389E-127	1.00	1.415E-127	0	195	197	0	195	197	196M
11179	2386	2.274E-163	0.979	2.383E-163	0	247	249	0	247	249	248M
11180	2385	3.739E-46	1.00	3.747E-46	0	75	77	0	75	77	76M
11181	2384	1.826E-233	0.986	1.853E-233	0	360	362	0	360	362	361M
11182	2383	7.089E-100	0.980	7.023E-100	0	156	158	0	156	158	157M
11183	2382	2.217E-308	0.997	0.000E+00	0	1249	1251	0	1249	1251	1250M
11184	2381	2.897E-102	1.00	3.041E-102	0	161	163	0	161	163	162M
11185	2380	6.169E-317	0.997	6.326E-317	0	495	497	0	495	497	496M
11186	4454	1.176E-140	0.985	1.135E-140	21	231	233	0	210	212	211M
11187	3697	2.470E-79	1.00	2.574E-79	0	121	125	0	121	141	122M
11188	3696	7.236E-224	0.997	7.113E-224	0	340	342	0	340	342	341M
11189	3695	3.850E-96	0.993	3.915E-96	0	145	147	0	145	147	146M
11190	3694	2.217E-308	0.998	0.000E+00	0	614	616	0	614	616	615M
11191	4128	2.390E-105	0.994	2.439E-105	0	177	179	0	177	179	178M
11192	4127	2.914E-143	1.00	2.935E-143	0	225	227	0	225	227	226M
11193	4126	6.719E-234	0.992	6.621E-234	0	399	401	0	399	401	400M
11194	1242	9.061E-17	0.971	9.096E-17	0	34	36	109	143	145	35M
11195	4441	3.546E-10	0.313	3.546E-10	2	113	137	4	116	142	45M2D51M1D4M2I10M
11196	3847	2.142E-256	1.00	2.153E-256	0	385	412	0	385	447	386M
11197	3846	1.601E-35	1.00	1.599E-35	0	58	60	0	58	60	59M
11198	3845	7.418E-311	0.997	7.375E-311	15	477	479	0	462	464	463M
11199	2406	4.698E-173	0.996	4.886E-173	0	257	264	0	257	258	258M
11200	2405	2.217E-308	1.00	0.000E+00	0	672	674	0	672	674	673M
11201	2404	7.003E-134	1.00	6.731E-134	0	194	196	0	194	196	195M
11202	2403	7.614E-205	1.00	7.496E-205	0	313	315	0	313	315	314M
11203	2402	1.660E-312	1.00	1.700E-312	0	484	486	0	484	486	485M
11204	2401	3.653E-153	0.995	3.674E-153	0	243	245	0	243	245	244M
11205	2400	6.469E-142	1.00	6.254E-142	0	223	225	0	223	225	224M
11206	2399	4.381E-262	1.00	4.196E-262	0	405	407	0	405	407	406M
11207	2398	3.122E-247	0.997	3.144E-247	0	376	378	0	376	378	377M
11208	2397	6.469E-142	0.995	6.456E-142	0	217	219	0	217	219	218M
11209	2396	6.006E-268	0.997	6.239E-268	0	401	403	0	401	403	402M
11210	2395	5.940E-225	1.00	5.717E-225	0	340	342	0	340	342	341M
11211	2394	6.650E-230	0.994	6.851E-230	0	347	349	0	347	349	348M
11212	2393	2.374E-141	0.995	2.459E-141	0	232	234	0	232	234	233M
11213	1975	1.106E-271	0.990	1.109E-271	0	405	407	0	405	407	406M
11214	1974	2.563E-248	0.989	2.649E-248	0	377	379	0	377	379	378M
11215	1973	2.823E-208	0.990	2.890E-208	0	300	302	0	300	302	301M
11216	1972	2.217E-308	0.995	0.000E+00	0	613	615	0	613	615	614M
11217	1971	1.871E-281	0.997	1.817E-281	0	415	417	0	415	417	416M
11218	1970	2.246E-197	1.00	2.244E-197	0	297	299	0	297	299	298M
11219	1969	1.001E-155	0.995	1.010E-155	0	245	247	0	245	247	246M
11220	1968	2.217E-308	0.987	0.000E+00	0	479	481	0	479	481	480M
11221	1967	1.066E-102	1.00	1.072E-102	0	159	161	0	159	161	160M
11222	1966	3.109E-284	0.995	3.109E-284	0	427	429	0	427	429	428M
11223	1965	3.093E-282	0.997	3.115E-282	0	438	440	0	438	440	439M
11224	1964	2.217E-308	0.994	0.000E+00	0	566	568	0	566	568	567M
11225	1963	2.217E-308	0.998	0.000E+00	0	744	746	0	744	746	745M
11226	1962	1.043E-171	1.00	1.090E-171	0	261	263	0	261	263	262M
11227	1961	1.382E-280	0.995	1.321E-280	0	417	419	0	417	419	418M
11228	4133	7.875E-102	0.993	8.222E-102	0	159	164	0	159	180	160M
11229	4132	1.236E-82	0.985	1.247E-82	0	135	137	0	135	137	136M
11230	4130	3.090E-243	0.966	3.125E-243	0	391	393	0	391	393	392M
11231	4129	1.230E-196	1.00	1.175E-196	0	292	294	0	292	294	293M
11232	867	5.099E-282	0.997	5.273E-282	0	463	465	0	463	465	464M
11233	866	1.568E-174	0.974	1.620E-174	0	270	272	0	270	272	271M
11234	865	2.217E-308	0.996	0.000E+00	0	919	921	0	919	921	920M
11235	864	1.363E-81	1.00	1.386E-81	0	126	128	0	126	128	127M
11236	863	1.938E-140	0.990	1.945E-140	0	209	211	0	209	211	210M
11237	862	3.063E-317	0.989	3.041E-317	0	486	488	0	486	488	487M
11238	861	1.012E-82	1.00	1.005E-82	0	124	126	0	124	126	125M
11239	860	7.562E-125	0.990	7.901E-125	0	202	204	0	202	204	203M
11240	859	2.585E-290	0.995	2.610E-290	0	431	433	0	431	433	432M
11241	858	4.817E-144	0.969	4.704E-144	0	232	235	0	232	235	233M
11242	857	4.793E-142	0.990	4.857E-142	0	211	213	0	211	213	212M
11243	856	2.217E-308	0.997	0.000E+00	0	944	946	0	944	946	945M
11244	855	1.863E-202	1.00	1.889E-202	0	337	339	0	337	339	338M
11245	854	4.325E-141	1.00	4.207E-141	0	230	232	0	230	232	231M
11246	853	1.227E-234	0.997	1.179E-234	0	355	357	0	355	357	356M
11247	852	9.575E-255	1.00	9.546E-255	0	363	365	0	363	365	364M
11248	2089	1.071E-11	0.269	1.076E-11	4	153	155	7	162	165	13M2D104M3D13M1D20M
11250	849	1.759E-141	0.995	1.794E-141	0	232	234	0	232	234	233M
11251	848	1.792E-303	1.00	1.743E-303	0	456	458	0	456	458	457M
11252	847	2.217E-308	0.996	0.000E+00	0	509	511	0	509	511	510M
11253	846	4.488E-310	0.987	4.449E-310	0	475	477	0	475	477	476M
11254	845	8.658E-100	1.00	8.502E-100	0	160	162	0	160	162	161M
11255	844	2.217E-308	0.998	0.000E+00	0	572	574	0	572	574	573M
11256	843	5.300E-297	1.00	5.148E-297	0	458	460	0	458	460	459M
11257	842	8.792E-222	1.00	8.820E-222	0	342	344	0	342	344	343M
11258	841	1.560E-288	1.00	1.559E-288	0	458	460	0	458	460	459M
11259	840	3.906E-295	0.997	4.082E-295	0	464	466	0	464	466	465M
11260	839	1.121E-199	1.00	1.161E-199	0	299	301	0	299	301	300M
11261	838	4.606E-204	1.00	4.798E-204	0	319	321	0	319	321	320M
11262	715	2.217E-308	0.992	0.000E+00	68	697	701	0	629	661	630M
11263	3047	2.061E-09	0.633	2.069E-09	0	29	31	72	101	103	30M
11264	1242	9.061E-17	0.971	9.096E-17	0	34	36	109	143	145	35M
11265	4261	2.217E-308	0.981	0.000E+00	0	660	719	0	660	661	661M
11266	4303	8.421E-244	0.991	8.192E-244	0	369	371	0	369	371	370M
11267	4302	7.347E-21	0.976	7.312E-21	0	42	44	0	42	44	43M
11269	3982	2.217E-308	0.967	0.000E+00	0	526	528	0	526	528	527M
11270	3980	1.387E-88	1.00	1.427E-88	0	146	148	0	146	148	147M
11273	2208	5.641E-89	0.992	5.534E-89	13	146	148	0	133	135	134M
11274	2207	3.198E-28	0.981	3.208E-28	0	52	54	0	52	54	53M
11275	2206	2.217E-308	0.983	0.000E+00	0	917	919	0	917	919	918M
11276	2205	5.930E-147	1.00	5.779E-147	0	238	240	0	238	240	239M
11277	2893	1.028E-88	0.401	9.942E-89	5	383	391	9	387	398	379M
11278	2202	1.292E-99	0.993	1.320E-99	0	156	158	0	156	158	157M
11279	2201	5.704E-132	1.00	5.852E-132	0	215	217	0	215	217	216M
11280	2200	7.733E-211	1.00	7.651E-211	0	328	330	0	328	330	329M
11281	2199	3.694E-196	0.989	3.653E-196	0	296	298	0	296	298	297M
11282	2198	2.288E-88	0.993	2.251E-88	26	169	171	0	143	145	144M
11283	2197	2.217E-308	0.996	0.000E+00	0	521	523	0	521	523	522M
11284	2196	1.171E-293	0.997	1.189E-293	0	462	464	0	462	464	463M
11285	2195	2.687E-189	1.00	2.604E-189	0	283	285	0	283	285	284M
11286	2194	2.519E-280	0.971	2.599E-280	0	418	420	0	418	420	419M
11287	2193	3.363E-121	0.994	3.217E-121	0	191	193	0	191	193	192M
11288	2192	9.758E-301	0.989	9.937E-301	0	491	493	0	491	493	492M
11290	3197	1.766E-15	1.00	1.759E-15	0	30	32	0	30	32	31M
11291	3198	2.217E-308	0.995	0.000E+00	0	741	743	0	741	743	742M
11292	3199	5.157E-93	1.00	5.063E-93	0	143	145	0	143	145	144M
11293	3200	2.313E-247	0.992	2.431E-247	0	384	386	0	384	386	385M
11294	3476	1.021E-279	0.997	9.943E-280	0	413	415	0	413	415	414M
11295	3475	2.428E-111	1.00	2.535E-111	0	166	168	0	166	168	167M
11296	3474	1.336E-228	0.994	1.327E-228	0	343	345	0	343	345	344M
11297	3473	5.042E-239	0.997	4.868E-239	0	375	377	0	375	377	376M
11298	3472	1.374E-239	1.00	1.358E-239	0	341	343	0	341	343	342M
11299	3471	2.217E-308	0.996	0.000E+00	0	556	558	0	556	558	557M
11300	3470	1.728E-289	0.975	1.686E-289	0	444	446	0	445	447	57M1D388M
11301	3342	1.597E-65	0.601	1.618E-65	0	167	191	5	169	179	156M3I9M
11302	3964	5.454E-192	0.993	5.482E-192	0	286	288	0	286	288	287M
11303	3965	1.404E-286	0.988	1.384E-286	0	419	421	0	419	421	420M
11304	3968	3.808E-53	0.988	3.726E-53	0	88	90	0	88	90	89M
11308	4271	8.509E-43	0.839	8.492E-43	0	80	86	0	80	82	81M
11309	4230	1.401E-169	0.834	1.393E-169	0	318	320	0	319	321	301M1I5M2D12M
11310	4407	3.791E-206	1.00	3.960E-206	0	310	374	0	310	311	311M
11311	3595	5.769E-59	0.878	5.938E-59	0	106	108	0	106	108	107M
11312	3596	6.872E-88	0.965	6.594E-88	0	145	147	0	145	147	146M
11314	2470	7.618E-35	0.968	7.589E-35	0	63	72	0	63	72	64M
11315	2469	8.839E-108	0.683	8.552E-108	0	253	255	3	253	255	13M3I23M1I29M2D43M1I141M
11318	3605	2.356E-22	0.577	2.352E-22	8	94	97	6	95	98	51M3D36M
11321	2462	2.059E-86	0.562	2.016E-86	8	248	250	10	265	267	93M13D67M2D81M
11322	2461	2.939E-38	0.562	2.942E-38	0	134	141	0	109	113	77M8I7M15I7M2I19M
11324	2460	3.022E-41	0.972	3.019E-41	0	73	75	59	132	134	74M
11325	3609	1.647E-77	0.923	1.597E-77	0	129	132	0	129	134	130M
11329	3922	2.522E-87	0.950	2.639E-87	0	141	143	0	141	143	142M
11330	3921	4.393E-147	0.985	4.354E-147	0	212	214	0	212	214	213M
11331	3920	2.867E-98	1.00	2.956E-98	0	155	157	0	155	157	156M
11332	1534	6.849E-48	0.294	7.146E-48	15	458	476	19	497	509	57M1I48M1I16M4D22M1D70M9I13M24D19M9D34M2I12M2D31M1D3M7D12M1I27M3I29M1D17M3D17M
11333	2614	2.217E-308	0.997	0.000E+00	0	482	484	0	482	484	483M
11334	2613	7.561E-241	1.00	7.296E-241	0	366	368	0	366	368	367M
11335	2612	8.415E-89	1.00	8.188E-89	0	141	143	0	141	143	142M
11336	2611	3.419E-50	1.00	3.447E-50	0	79	81	0	79	81	80M
11337	2610	1.557E-36	1.00	1.554E-36	0	62	64	0	62	64	63M
11338	2609	7.529E-162	1.00	7.755E-162	0	254	256	0	254	256	255M
11339	2608	5.670E-207	1.00	5.837E-207	0	317	319	0	317	319	318M
11340	2607	1.418E-135	1.00	1.485E-135	0	220	222	0	220	222	221M
11341	2606	3.334E-79	1.00	3.278E-79	0	128	130	0	128	130	129M
11342	2605	5.612E-87	0.963	5.352E-87	0	136	138	0	136	138	137M
11345	2604	7.536E-85	0.985	7.242E-85	0	133	135	0	133	135	134M
11346	2603	1.467E-71	0.909	1.542E-71	0	121	123	0	121	123	122M
11347	2602	1.110E-79	0.823	1.165E-79	0	146	148	0	146	148	147M
11348	2600	3.241E-68	0.931	3.263E-68	0	116	118	0	116	118	117M
11350	2598	3.001E-193	0.967	2.904E-193	0	304	306	0	304	306	305M
11351	2597	5.306E-104	0.976	5.281E-104	12	182	184	0	170	172	171M
11356	4336	3.392E-47	0.894	3.322E-47	6	90	92	5	89	91	85M
11357	2939	3.155E-135	0.945	3.288E-135	0	238	239	0	238	1434	239M
11358	1242	5.820E-16	0.970	5.814E-16	0	33	35	110	143	145	34M
11359	4296	1.852E-161	0.980	1.930E-161	0	260	262	0	260	262	261M
11360	4297	8.356E-241	0.994	8.323E-241	84	472	474	0	388	390	389M
11362	4368	5.454E-192	0.996	5.304E-192	0	292	294	0	292	294	293M
11363	4018	4.274E-59	0.488	4.150E-59	7	214	235	4	216	224	10M3D67M2D131M
11364	2823	4.281E-137	0.995	4.346E-137	0	212	214	0	212	214	213M
11365	2824	4.808E-298	0.997	4.807E-298	0	468	470	0	468	470	469M
11366	2825	2.543E-245	0.997	2.525E-245	0	389	391	0	389	391	390M
11367	2826	3.386E-201	1.00	3.297E-201	0	297	299	0	297	299	298M
11368	2827	1.214E-191	1.00	1.259E-191	0	296	299	0	296	299	297M
11369	2629	2.777E-47	1.00	2.834E-47	0	74	76	0	74	76	75M
11370	2628	1.883E-32	0.983	1.891E-32	0	60	62	0	60	62	61M
11371	2627	7.342E-307	0.997	7.091E-307	0	471	473	0	471	473	472M
11372	2079	6.343E-57	0.273	6.259E-57	9	724	726	44	765	767	20M3D19M2I4M4D42M1D5M9D27M5I29M3D16M2D24M2D36M1I20M1D22M1I4M2I3M1D46M4D10M18I26M1I17M4D24M1I12M1D30M2D41M2D52M2D128M1I7M3I17M
11373	2624	1.368E-276	0.997	1.426E-276	0	427	429	0	427	429	428M
11374	2623	5.829E-63	0.989	5.875E-63	0	92	94	0	92	94	93M
11375	2622	3.136E-210	0.993	3.104E-210	0	331	333	0	331	333	332M
11376	2621	7.119E-179	0.989	7.158E-179	0	278	280	0	278	280	279M
11377	2620	7.908E-181	0.985	8.001E-181	0	283	285	0	283	285	284M
11378	2619	4.488E-310	0.983	4.449E-310	0	475	477	0	475	477	476M
11379	2618	1.404E-54	1.00	1.453E-54	0	80	82	0	80	82	81M
11380	2617	2.217E-308	0.987	0.000E+00	0	576	578	0	576	578	577M
11381	2616	3.037E-159	0.991	2.915E-159	0	246	248	0	246	248	247M
11382	2155	2.901E-296	0.993	2.933E-296	0	448	450	0	448	450	449M
11383	2154	7.621E-128	0.990	7.303E-128	0	201	203	0	201	203	202M
11384	2153	7.497E-83	0.984	7.149E-83	0	130	132	0	130	132	131M
11385	2152	9.062E-195	1.00	8.699E-195	0	283	285	0	283	285	284M
11386	2151	9.133E-198	1.00	8.833E-198	0	304	306	0	304	306	305M
11387	2150	4.714E-213	0.955	4.555E-213	0	333	335	0	333	335	334M
11388	2149	3.662E-154	0.980	3.818E-154	0	262	264	0	262	264	263M
11389	2148	2.217E-308	0.974	0.000E+00	0	550	552	0	550	552	551M
11390	2147	6.639E-152	0.974	6.387E-152	0	230	232	0	230	232	231M
11391	2146	5.548E-276	0.985	5.461E-276	0	422	424	0	422	424	423M
11392	2145	4.135E-201	0.996	4.171E-201	0	302	304	0	302	304	303M
11393	2144	7.387E-232	0.994	7.315E-232	0	351	353	0	351	353	352M
11394	2143	1.532E-165	0.988	1.508E-165	0	260	262	0	260	262	261M
11395	2142	2.413E-302	0.989	2.518E-302	0	466	468	0	466	468	467M
11396	2141	1.233E-313	0.958	1.291E-313	0	510	512	0	510	512	511M
11397	2140	1.610E-223	0.997	1.667E-223	0	338	340	0	338	340	339M
11398	2139	2.823E-208	0.996	2.743E-208	0	319	321	0	319	321	320M
11399	3091	1.619E-225	0.993	1.654E-225	0	327	329	0	327	329	328M
11400	3092	1.754E-256	0.992	1.710E-256	0	378	380	0	378	380	379M
11401	3093	2.599E-176	0.996	2.567E-176	0	249	251	0	249	251	250M
11402	3094	6.006E-268	1.00	6.312E-268	0	408	410	0	408	410	409M
11403	3095	1.128E-240	0.994	1.137E-240	0	362	364	0	362	364	363M
11404	3096	2.635E-220	1.00	2.541E-220	0	333	335	0	333	335	334M
11405	3097	2.713E-270	0.990	2.810E-270	0	400	402	0	400	402	401M
11406	3098	2.685E-266	0.992	2.703E-266	0	394	396	0	394	396	395M
11407	3099	3.988E-187	1.00	3.851E-187	0	282	284	0	282	284	283M
11408	3100	1.506E-81	1.00	1.527E-81	0	128	130	0	128	130	129M
11409	3101	1.441E-64	1.00	1.430E-64	0	100	102	0	100	102	101M
11410	4404	2.678E-29	1.00	2.669E-29	0	53	55	4	57	59	54M
11411	4403	6.509E-67	0.973	6.336E-67	0	112	114	0	112	114	113M
11412	4402	3.778E-50	0.954	3.734E-50	0	87	89	0	87	89	88M
11413	2913	3.502E-214	1.00	3.525E-214	0	320	375	0	320	321	321M
11414	2914	7.660E-130	1.00	7.298E-130	0	197	199	0	197	199	198M
11415	2915	3.536E-63	1.00	3.634E-63	0	108	110	0	108	110	109M
11416	2916	2.494E-44	1.00	2.536E-44	0	77	79	0	77	79	78M
11417	2917	1.591E-257	0.989	1.546E-257	0	394	396	0	394	396	395M
11418	2918	1.678E-239	0.986	1.764E-239	0	360	362	0	360	362	361M
11420	4366	7.250E-70	0.991	7.522E-70	8	123	125	0	115	117	116M
11422	4442	9.637E-37	1.00	9.600E-37	0	65	67	0	65	67	66M
11423	4441	5.224E-98	0.978	5.075E-98	0	140	142	0	140	142	141M
11424	3624	2.828E-54	1.00	2.967E-54	0	88	90	0	88	90	89M
11425	3623	6.170E-85	1.00	6.102E-85	0	136	138	0	136	138	137M
11426	3622	2.753E-237	0.997	2.762E-237	0	367	369	0	367	369	368M
11427	3621	2.237E-118	0.994	2.136E-118	0	195	197	0	195	197	196M
11428	3620	1.439E-102	1.00	1.441E-102	0	152	154	0	152	154	153M
11430	1713	1.215E-230	0.975	1.230E-230	0	371	373	0	371	373	372M
11431	1712	1.987E-227	0.983	1.892E-227	0	373	375	0	373	375	374M
11432	1711	2.217E-308	0.991	0.000E+00	0	584	586	0	584	586	585M
11434	1708	1.924E-137	0.990	1.855E-137	0	214	216	0	214	216	215M
11435	1707	7.094E-255	0.997	6.995E-255	0	390	392	0	390	392	391M
11436	1706	6.288E-131	0.990	5.986E-131	0	207	233	0	207	712	208M
11437	2989	1.374E-239	0.973	1.380E-239	0	375	377	40	415	417	376M
11441	1447	2.315E-54	0.334	2.432E-54	0	384	387	0	404	414	35M2D3M8D95M1I33M2D17M6D21M1D106M1D7M1D67M
11442	3207	3.571E-32	0.315	3.585E-32	8	248	256	5	239	245	40M4I83M1I63M1I49M
11444	791	6.459E-64	0.305	6.497E-64	16	528	545	23	535	543	15M5I100M2I20M3D15M1I6M2D28M2I46M2I75M2D20M3D6M1I4M2D5M1D36M2D75M5D10M6I10M1I22M
11445	1614	4.530E-08	0.313	4.508E-08	0	98	104	0	98	111	99M
11446	1613	8.628E-176	0.544	9.062E-176	10	537	551	15	561	572	10M6D211M4D10M4D83M6D5M2I155M1D52M
11447	3361	2.054E-85	0.440	2.054E-85	0	323	329	6	327	333	165M1I18M2I57M1D81M
11448	346	1.234E-120	0.441	1.225E-120	14	473	482	21	479	483	315M1I144M
11449	3494	9.802E-148	0.731	1.018E-147	0	296	298	0	297	299	201M1D96M
11450	4448	6.337E-134	0.746	6.640E-134	23	274	277	0	251	254	252M
11451	1873	8.954E-113	0.407	8.990E-113	12	491	507	22	498	508	74M1I288M3D8M4I27M2I43M1D33M
11452	3494	2.537E-128	0.658	2.626E-128	43	335	348	4	296	299	293M
11453	2657	2.325E-133	0.780	2.231E-133	0	266	269	0	266	269	22M2D11M2I232M
11455	1317	3.751E-24	0.407	3.747E-24	2	114	141	5	117	146	113M
11456	2655	4.461E-269	0.990	4.676E-269	0	407	415	0	407	413	408M
11457	2656	4.965E-233	0.983	4.937E-233	0	353	356	0	353	356	354M
11459	2658	4.974E-79	0.905	5.048E-79	0	137	139	0	137	139	138M
11460	2659	5.421E-151	0.965	5.538E-151	0	229	231	0	229	231	230M
11461	2660	3.212E-258	0.975	3.087E-258	0	400	402	0	400	402	401M
11462	2661	1.111E-118	0.989	1.100E-118	0	181	183	0	181	183	182M
11463	4356	1.057E-215	0.993	1.054E-215	0	304	340	0	304	305	305M
11465	2791	2.895E-63	1.00	2.913E-63	0	97	99	0	97	115	98M
11466	2790	1.289E-137	0.995	1.231E-137	0	212	214	0	212	214	213M
11467	2789	1.139E-205	0.990	1.170E-205	0	307	309	0	307	309	308M
11468	2788	2.217E-308	0.997	0.000E+00	0	479	481	0	479	481	480M
11469	2787	2.217E-308	0.991	0.000E+00	0	611	613	0	611	613	612M
11471	4320	1.087E-303	0.986	1.068E-303	0	459	461	0	459	461	460M
11472	3368	1.025E-87	0.795	1.013E-87	0	180	183	27	207	214	181M
11476	4068	8.539E-25	0.956	8.546E-25	0	45	47	0	45	47	46M
11477	2962	3.797E-284	0.991	3.824E-284	0	445	447	0	445	447	446M
11478	2961	6.491E-182	0.966	6.249E-182	0	269	271	0	269	271	270M
11479	2960	6.536E-262	0.995	6.488E-262	0	428	430	0	428	430	429M
11480	2959	6.117E-159	0.983	6.216E-159	0	242	244	0	242	244	243M
11481	2967	2.508E-201	0.986	2.484E-201	0	291	293	0	291	293	292M
11482	3588	1.596E-297	0.995	1.569E-297	0	446	448	0	446	448	447M
11483	3587	1.897E-209	0.990	1.889E-209	0	309	311	0	309	311	310M
11484	3586	5.026E-83	0.979	5.172E-83	0	143	145	0	143	145	144M
11485	3585	1.690E-87	0.967	1.650E-87	0	151	153	0	151	153	152M
11486	3584	4.006E-150	0.995	4.038E-150	0	231	233	0	231	233	232M
11487	3583	6.292E-286	1.00	6.304E-286	0	438	440	0	438	440	439M
11488	3582	1.049E-212	0.993	1.055E-212	0	324	326	0	324	326	325M
11489	3581	5.884E-144	0.968	5.785E-144	0	224	226	0	224	226	225M
11490	3987	7.317E-267	0.954	7.647E-267	0	421	423	26	447	449	422M
11493	3986	2.655E-223	0.997	2.593E-223	0	361	363	0	361	363	362M
11494	3985	2.217E-308	0.994	0.000E+00	0	524	526	0	524	526	525M
11495	3984	2.927E-106	0.988	2.812E-106	0	169	207	0	169	170	170M
11496	2989	4.150E-241	0.981	4.314E-241	0	375	377	40	415	417	376M
11497	1242	5.820E-16	0.970	5.814E-16	0	33	35	110	143	145	34M
11498	4251	1.084E-70	0.734	1.068E-70	0	174	178	0	175	186	40M1I36M1D29M1D69M
11500	1918	1.198E-70	0.331	1.243E-70	13	349	352	14	439	504	7M6I34M5I50M3I6M89D53M1I48M17D13M1D50M5I2M2D54M
11502	2647	3.444E-18	0.248	3.456E-18	24	397	458	66	428	482	25M2I29M1D24M1D40M3D4M1D6M5I75M1D19M2I28M2I4M1I19M4I16M3I46M1D20M
11506	590	7.902E-142	0.464	7.620E-142	13	488	514	5	480	497	113M1I79M1D82M1I152M1D48M
11507	2886	6.902E-51	0.385	6.610E-51	2	293	305	55	338	347	14M1D5M6I134M4I40M2D54M1D7M2I26M
11508	285	1.922E-214	0.699	1.893E-214	4	461	466	5	463	485	41M1D417M
11509	2892	2.217E-308	0.994	0.000E+00	0	1035	1037	0	1035	1037	1036M
11510	2891	5.689E-247	0.992	5.554E-247	0	395	397	0	395	397	396M
11511	2890	2.256E-160	0.983	2.340E-160	0	246	248	0	246	248	247M
11512	2889	1.468E-226	0.985	1.465E-226	0	356	358	0	356	358	357M
11513	2888	1.771E-221	1.00	1.774E-221	0	330	332	0	330	332	331M
11514	2887	1.468E-226	0.997	1.448E-226	9	349	351	0	340	342	341M
11515	2886	5.025E-199	0.967	4.941E-199	0	303	305	42	345	347	304M
11516	2885	7.888E-180	0.972	7.981E-180	0	285	287	0	285	287	286M
11517	2884	5.219E-175	0.960	5.107E-175	0	279	281	0	279	281	280M
11524	3575	4.424E-111	0.939	4.566E-111	0	180	187	0	180	183	181M
11525	3574	7.747E-57	1.00	7.693E-57	6	102	104	5	101	103	97M
11526	3276	6.872E-88	0.965	6.594E-88	0	144	147	0	144	147	145M
11527	3275	2.349E-137	0.976	2.425E-137	0	213	215	0	213	215	214M
11528	3274	1.272E-209	0.993	1.289E-209	0	321	323	0	321	323	322M
11529	3273	4.730E-253	0.958	4.780E-253	0	386	388	0	386	388	387M
11530	3272	1.244E-278	0.995	1.290E-278	0	441	443	0	441	443	442M
11531	3271	2.217E-308	0.979	0.000E+00	0	527	529	0	527	529	528M
11532	3270	3.240E-184	0.992	3.387E-184	0	272	274	0	272	274	273M
11533	3269	2.217E-308	0.994	0.000E+00	0	514	516	0	514	516	515M
11534	3268	1.066E-218	0.997	1.051E-218	0	352	354	0	352	354	353M
11535	1907	1.034E-36	0.270	1.030E-36	14	472	487	2	469	493	34M1D30M1I70M5I106M16D11M2D29M1I25M1I10M6I12M4D39M2D30M4D7M5I13M1I23M
11547	2458	5.371E-70	0.900	5.227E-70	1	120	124	24	143	159	120M
11548	2999	8.536E-21	0.925	8.561E-21	0	39	41	0	39	41	40M
11549	2998	8.671E-294	0.951	8.915E-294	0	449	451	14	463	465	450M
11550	2997	2.763E-161	0.960	2.737E-161	0	254	256	0	254	256	255M
11551	2996	2.217E-308	0.977	0.000E+00	0	496	498	0	496	498	497M
11552	2995	8.808E-184	0.948	9.077E-184	0	293	295	0	293	295	294M
11553	3090	4.650E-169	0.966	4.625E-169	0	269	271	0	267	269	209M2I59M
11554	3089	2.864E-175	0.965	3.004E-175	0	261	263	0	261	263	262M
11555	3088	7.814E-99	0.912	8.122E-99	2	161	163	3	162	164	160M
11556	3087	3.117E-169	0.988	2.987E-169	0	253	255	0	253	255	254M
11557	3086	4.168E-204	0.978	4.308E-204	17	337	339	0	320	322	321M
11558	3085	2.347E-214	0.982	2.462E-214	0	338	340	0	338	340	339M
11559	3084	2.767E-239	1.00	2.711E-239	0	349	351	0	349	351	350M
11562	3083	3.257E-186	0.996	3.120E-186	0	293	295	0	293	295	294M
11563	3082	1.192E-184	0.986	1.136E-184	0	289	291	0	289	291	290M
11564	3081	1.062E-294	0.997	1.040E-294	0	457	459	0	457	459	458M
11565	3080	9.323E-206	0.987	9.177E-206	0	322	324	0	322	324	323M
11566	2985	6.731E-196	0.986	7.036E-196	0	300	312	0	300	313	301M
11567	2986	4.358E-260	0.997	4.417E-260	0	390	392	0	390	392	391M
11568	2987	2.217E-308	0.998	0.000E+00	0	594	596	0	594	596	595M
11569	2988	1.799E-26	0.884	1.790E-26	0	51	52	0	51	123	52M
11570	954	2.813E-21	1.00	2.807E-21	0	37	38	0	37	38	38M
11571	3726	1.682E-85	1.00	1.688E-85	0	127	131	0	127	134	128M
11572	3725	2.217E-308	0.993	0.000E+00	0	496	498	0	496	498	497M
11573	3724	9.701E-144	0.972	9.434E-144	0	221	223	0	221	223	222M
11574	3723	7.621E-128	0.995	7.415E-128	0	208	210	0	208	210	209M
11575	3722	2.217E-308	0.997	0.000E+00	0	757	759	0	757	759	758M
11576	3721	2.364E-178	0.992	2.410E-178	0	277	279	0	277	279	278M
11577	3720	8.067E-150	1.00	8.172E-150	24	246	248	0	222	224	223M
11579	3199	2.001E-13	0.259	2.000E-13	0	127	147	5	135	145	39M3D89M
11580	430	2.630E-258	0.994	2.563E-258	0	396	398	0	396	398	397M
11581	431	2.089E-169	0.992	1.996E-169	0	278	280	0	278	280	279M
11582	432	3.117E-169	0.992	3.132E-169	0	254	256	0	254	256	255M
11583	433	1.017E-200	0.996	1.038E-200	0	308	310	0	308	310	309M
11584	434	1.838E-158	1.00	1.844E-158	0	245	247	0	245	247	246M
11585	435	2.536E-244	0.997	2.580E-244	0	378	380	0	378	380	379M
11586	436	5.355E-301	1.00	5.551E-301	0	458	460	0	458	460	459M
11587	437	1.412E-56	1.00	1.372E-56	0	88	90	0	88	90	89M
11588	438	4.956E-155	1.00	5.049E-155	0	239	241	0	239	241	240M
11589	439	1.244E-278	0.988	1.243E-278	0	447	449	0	447	449	448M
11590	440	1.314E-183	0.983	1.258E-183	0	300	302	0	300	302	301M
11591	441	4.539E-121	0.989	4.624E-121	0	192	194	0	192	194	193M
11592	442	8.018E-225	0.974	7.656E-225	0	353	355	0	353	355	354M
11593	443	2.217E-308	1.00	0.000E+00	0	624	626	0	624	626	625M
11594	444	7.780E-136	0.990	8.034E-136	0	207	209	0	207	209	208M
11595	445	6.559E-186	0.996	6.687E-186	0	269	271	0	269	271	270M
11596	446	2.434E-112	1.00	2.505E-112	0	177	179	0	177	179	178M
11597	447	1.545E-207	0.987	1.558E-207	0	309	311	0	309	311	310M
11598	448	5.351E-262	1.00	5.427E-262	0	397	399	0	397	399	398M
11599	449	2.327E-288	0.993	2.410E-288	0	447	449	0	447	449	448M
11600	450	9.365E-53	0.975	9.810E-53	0	82	84	0	82	84	83M
11601	451	2.217E-308	1.00	0.000E+00	0	616	618	0	616	618	617M
11602	452	5.207E-58	1.00	5.047E-58	0	98	100	0	98	100	99M
11603	453	2.281E-203	0.993	2.261E-203	0	305	307	0	305	307	306M
11604	454	2.150E-180	0.992	2.101E-180	0	270	272	0	270	272	271M
11605	455	1.235E-275	1.00	1.191E-275	0	432	434	0	432	434	433M
11606	456	5.161E-248	1.00	5.213E-248	0	378	380	0	378	380	379M
11607	457	2.823E-208	0.997	2.941E-208	0	334	336	0	334	336	335M
11608	458	8.510E-132	1.00	8.688E-132	0	210	212	0	210	212	211M
11609	459	2.217E-308	0.992	0.000E+00	0	521	523	0	521	523	522M
11610	460	2.694E-306	0.983	2.618E-306	0	472	474	0	472	474	473M
11611	461	1.425E-253	0.987	1.371E-253	0	393	395	0	393	395	394M
11612	462	2.217E-308	0.990	0.000E+00	0	514	516	0	514	516	515M
11613	463	1.484E-230	1.00	1.503E-230	0	355	357	0	355	357	356M
11614	464	8.122E-230	1.00	8.447E-230	0	365	367	0	365	367	366M
11615	465	6.782E-315	1.00	6.991E-315	0	481	483	0	481	483	482M
11616	466	2.293E-89	1.00	2.266E-89	0	134	136	0	134	136	135M
11617	467	1.374E-123	0.990	1.435E-123	0	210	212	0	210	212	211M
11618	468	1.847E-44	1.00	1.878E-44	0	71	73	0	71	73	72M
11619	469	1.599E-143	1.00	1.538E-143	0	218	220	0	218	220	219M
11620	470	1.073E-298	1.00	1.070E-298	0	429	431	0	429	431	430M
11621	471	3.687E-234	0.991	3.834E-234	0	360	362	0	360	362	361M
11622	472	1.907E-95	1.00	1.846E-95	0	151	153	0	151	153	152M
11623	473	1.548E-285	0.997	1.534E-285	0	464	466	0	464	466	465M
11624	474	8.809E-68	1.00	9.064E-68	0	111	113	0	111	113	112M
11625	475	3.381E-38	1.00	3.367E-38	0	74	76	0	74	76	75M
11626	476	9.861E-189	0.996	9.630E-189	0	284	286	0	284	286	285M
11627	477	2.217E-308	0.865	0.000E+00	0	592	596	0	592	599	593M
11633	2039	3.238E-29	0.297	3.250E-29	23	282	289	24	281	284	101M4I14M4D8M4D26M4I20M2I14M1I16M1D50M
11634	3741	2.956E-17	0.968	2.968E-17	0	31	33	0	31	33	32M
11635	3740	2.521E-203	1.00	2.568E-203	0	301	303	0	301	303	302M
11636	3739	2.217E-308	0.992	0.000E+00	0	536	538	0	536	538	537M
11637	3738	2.440E-113	0.989	2.427E-113	0	181	183	0	181	183	182M
11638	3737	2.390E-105	0.982	2.288E-105	0	169	171	0	169	171	170M
11639	3736	2.820E-285	0.995	2.937E-285	0	444	446	0	444	446	445M
11640	3917	2.448E-269	1.00	2.469E-269	0	424	442	0	424	432	425M
11641	3915	3.930E-220	1.00	3.775E-220	0	328	330	0	328	330	329M
11642	2175	2.217E-308	1.00	0.000E+00	0	533	535	0	533	535	534M
11643	2174	8.681E-101	1.00	8.483E-101	0	158	160	0	158	160	159M
11644	2173	1.301E-63	1.00	1.278E-63	0	106	108	0	106	108	107M
11645	2172	8.393E-204	0.989	8.136E-204	0	290	292	0	290	292	291M
11646	2171	1.291E-60	1.00	1.305E-60	0	99	101	0	99	101	100M
11647	2170	1.751E-62	0.980	1.722E-62	0	101	103	0	101	103	102M
11648	2169	2.217E-308	0.996	0.000E+00	0	565	567	0	565	567	566M
11649	2168	1.181E-103	0.993	1.177E-103	0	159	161	0	159	161	160M
11650	2167	9.626E-141	0.990	9.274E-141	0	220	222	0	220	222	221M
11651	2166	1.273E-132	1.00	1.289E-132	0	203	205	0	203	205	204M
11652	2165	5.459E-115	0.968	5.597E-115	0	188	190	0	188	190	189M
11653	2164	2.040E-121	0.989	2.096E-121	0	182	184	0	182	184	183M
11654	2163	2.217E-308	1.00	0.000E+00	0	671	673	0	671	673	672M
11655	2162	2.214E-114	0.994	2.269E-114	0	171	173	0	171	173	172M
11656	2161	1.764E-297	1.00	1.847E-297	0	436	438	0	436	438	437M
11657	2160	4.337E-142	1.00	4.492E-142	0	216	218	0	216	218	217M
11658	2159	2.442E-152	0.995	2.365E-152	0	229	231	0	229	231	230M
11659	2158	4.650E-169	0.992	4.565E-169	0	262	264	0	262	264	263M
11660	2157	4.535E-314	0.997	4.323E-314	0	466	468	0	466	468	467M
11661	2156	2.378E-219	0.990	2.429E-219	37	368	370	0	331	333	332M
11662	3479	7.064E-176	1.00	7.046E-176	0	257	259	0	257	259	258M
11663	3478	1.771E-105	1.00	1.854E-105	0	158	160	0	158	160	159M
11664	3477	2.217E-308	1.00	0.000E+00	0	808	810	0	808	810	809M
11666	3591	1.386E-165	0.976	1.373E-165	0	258	260	0	258	260	259M
11667	4183	6.272E-130	0.979	6.032E-130	0	193	195	0	193	195	194M
11668	4181	5.357E-69	0.973	5.538E-69	0	112	114	0	112	114	113M
11670	1117	3.623E-26	0.456	3.629E-26	0	102	106	0	102	110	103M
11674	4231	3.436E-52	1.00	3.477E-52	0	82	84	0	82	84	83M
11675	4230	2.178E-69	0.527	2.164E-69	40	309	311	40	319	321	4M2D25M1D6M4D10M3I2M3I38M2D37M3D12M4D130M
11676	4407	3.791E-206	1.00	3.960E-206	0	310	374	0	310	311	311M
11677	3595	4.352E-66	0.943	4.323E-66	0	106	108	0	106	108	107M
11678	4387	9.536E-60	0.958	9.803E-60	0	95	97	0	95	97	96M
11679	3596	8.372E-87	0.958	8.644E-87	0	145	148	0	145	147	146M
11684	2470	8.274E-36	0.984	8.259E-36	0	63	72	0	63	72	64M
11685	2469	2.024E-118	0.742	2.085E-118	5	249	251	9	253	255	245M
11687	2466	1.248E-47	0.954	1.225E-47	3	89	91	37	123	125	87M
11688	2465	1.158E-22	0.614	1.156E-22	1	70	75	26	95	99	70M
11689	2463	1.073E-182	0.959	1.078E-182	0	292	294	0	292	294	293M
11690	2462	6.937E-169	0.969	7.203E-169	0	264	267	0	264	267	265M
11691	2461	1.792E-71	1.00	1.787E-71	0	111	113	0	111	113	112M
11692	2460	8.584E-58	0.664	8.618E-58	0	129	131	0	132	134	91M7D26M4I9M
11693	3609	5.497E-79	0.953	5.449E-79	0	129	134	0	129	134	130M
11694	2458	3.227E-105	1.00	3.322E-105	0	157	159	0	157	159	158M
11695	2457	6.794E-41	1.00	6.796E-41	0	70	85	0	70	73	71M
11696	4111	7.071E-41	0.875	7.062E-41	0	71	73	0	71	73	72M
11698	3881	6.460E-37	0.805	6.430E-37	0	76	78	1	77	79	77M
11700	4280	1.195E-69	0.982	1.198E-69	0	113	115	0	113	115	114M
11701	4282	2.319E-43	0.961	2.325E-43	0	77	79	0	77	79	78M
11702	1242	1.432E-15	0.969	1.430E-15	0	32	34	111	143	145	33M
11703	2138	3.262E-264	1.00	3.389E-264	0	403	405	0	403	405	404M
11704	2137	4.336E-258	0.997	4.427E-258	0	374	376	0	374	376	375M
11705	2136	1.617E-186	0.960	1.695E-186	0	280	282	0	280	282	281M
11706	2135	3.979E-70	1.00	4.011E-70	0	110	112	0	110	112	111M
11707	2134	4.801E-220	0.997	4.772E-220	0	333	335	0	333	335	334M
11708	2133	7.614E-205	1.00	7.755E-205	27	334	336	2	309	311	308M
11709	2131	1.761E-219	0.994	1.683E-219	0	333	335	0	333	335	334M
11710	2130	2.217E-308	0.998	0.000E+00	0	642	644	0	642	644	643M
11711	2129	2.472E-118	0.994	2.384E-118	0	184	186	0	184	186	185M
11712	2128	1.093E-73	0.992	1.055E-73	0	129	131	0	129	131	130M
11713	2127	2.217E-308	1.00	0.000E+00	0	821	823	0	821	823	822M
11714	2126	1.845E-237	0.997	1.901E-237	0	359	361	0	359	361	360M
11715	2125	1.874E-243	1.00	1.964E-243	0	381	383	0	381	383	382M
11716	2124	1.792E-303	0.997	1.846E-303	0	464	466	0	464	466	465M
11717	1259	3.212E-22	1.00	3.213E-22	0	43	45	0	43	45	44M
11718	1260	3.694E-80	0.992	3.770E-80	0	129	131	0	129	131	130M
11719	1261	1.471E-72	1.00	1.459E-72	0	105	107	0	105	107	106M
11720	1262	2.217E-308	0.998	0.000E+00	0	585	587	0	585	587	586M
11721	1263	7.806E-292	0.995	7.684E-292	0	450	452	0	450	452	451M
11723	2970	2.075E-205	0.984	2.176E-205	0	327	329	0	323	325	164M4I160M
11724	2971	4.037E-153	0.991	3.920E-153	0	231	233	0	231	233	232M
11725	2972	2.520E-48	1.00	2.447E-48	0	82	84	0	82	84	83M
11726	2973	3.622E-111	1.00	3.715E-111	0	174	176	0	174	176	175M
11727	2974	1.901E-28	1.00	1.897E-28	0	48	50	0	48	50	49M
11728	2975	2.172E-300	0.988	2.175E-300	0	440	442	0	440	442	441M
11729	2976	5.572E-239	0.974	5.337E-239	0	350	352	0	350	352	351M
11730	3437	2.741E-274	0.979	2.806E-274	0	385	387	0	385	387	386M
11731	3436	4.030E-75	0.975	3.983E-75	0	120	122	0	120	122	121M
11732	3435	1.015E-199	1.00	1.047E-199	0	317	319	0	317	319	318M
11733	3434	3.765E-126	0.994	3.648E-126	0	197	199	0	197	199	198M
11734	3433	3.587E-262	0.984	3.556E-262	22	415	417	0	393	395	394M
11735	3432	8.093E-306	0.989	8.234E-306	0	456	458	0	456	458	457M
11736	3431	7.401E-78	1.00	7.184E-78	0	120	122	0	120	122	121M
11737	3430	5.879E-105	1.00	5.896E-105	0	169	171	0	169	171	170M
11738	3429	7.503E-238	0.994	7.214E-238	0	357	374	0	357	358	358M
11739	3784	5.178E-288	0.997	5.036E-288	0	429	431	0	429	431	430M
11740	3783	8.970E-75	1.00	8.661E-75	0	123	125	0	123	125	124M
11741	3782	3.120E-208	0.988	3.081E-208	0	335	337	0	335	337	336M
11742	4325	5.099E-166	0.963	4.971E-166	31	304	306	3	276	278	274M
11743	2346	2.217E-308	0.998	0.000E+00	0	645	647	0	645	647	646M
11744	2347	3.575E-106	1.00	3.556E-106	0	183	185	0	183	185	184M
11745	2348	5.025E-199	0.996	4.874E-199	0	296	298	0	296	298	297M
11746	2349	2.917E-182	0.989	3.011E-182	0	287	289	0	287	289	288M
11747	2350	8.378E-37	1.00	8.400E-37	0	75	77	0	75	77	76M
11748	2351	4.307E-62	0.990	4.340E-62	0	107	109	0	107	109	108M
11749	2352	1.250E-241	0.991	1.236E-241	0	355	357	0	355	357	356M
11750	2353	7.407E-117	1.00	7.664E-117	0	179	186	0	179	188	180M
11751	360	1.969E-146	0.974	1.922E-146	0	232	259	0	232	337	233M
11752	359	3.714E-82	1.00	3.556E-82	0	124	126	0	124	126	125M
11753	358	1.409E-94	1.00	1.457E-94	0	148	150	0	148	150	149M
11754	357	2.217E-308	0.998	0.000E+00	0	877	879	0	877	879	878M
11755	356	5.694E-170	0.988	5.618E-170	0	251	253	0	251	253	252M
11756	355	1.218E-115	1.00	1.212E-115	0	189	191	0	189	191	190M
11757	354	2.217E-308	0.995	0.000E+00	0	658	660	0	658	660	659M
11758	353	6.831E-47	1.00	6.517E-47	0	78	80	0	78	80	79M
11759	352	6.235E-31	0.963	6.249E-31	0	54	56	0	54	56	55M
11760	351	6.548E-108	1.00	6.766E-108	0	166	168	0	166	168	167M
11761	350	8.474E-53	0.989	8.130E-53	0	91	93	0	91	93	92M
11762	349	2.217E-308	0.996	0.000E+00	0	568	570	0	568	570	569M
11763	348	2.101E-28	1.00	2.106E-28	0	50	52	0	50	52	51M
11764	347	8.344E-47	1.00	8.508E-47	0	77	79	0	77	79	78M
11765	346	2.217E-308	0.997	0.000E+00	0	481	483	0	481	483	482M
11766	345	8.985E-153	1.00	9.183E-153	0	229	231	0	229	231	230M
11767	344	3.646E-191	1.00	3.634E-191	0	286	288	0	286	288	287M
11768	343	5.407E-150	1.00	5.245E-150	0	250	252	0	250	252	251M
11769	342	1.125E-123	1.00	1.135E-123	0	205	207	0	205	207	206M
11770	341	1.107E-78	1.00	1.075E-78	0	133	135	0	133	135	134M
11771	340	4.991E-119	1.00	5.215E-119	0	172	174	0	172	174	173M
11772	339	5.572E-239	0.997	5.337E-239	0	350	352	0	350	352	351M
11773	338	5.987E-112	0.994	5.759E-112	0	168	170	0	168	170	169M
11774	337	1.362E-197	0.996	1.315E-197	0	279	281	0	279	281	280M
11775	336	2.201E-73	0.966	2.305E-73	0	119	121	0	119	122	120M
11776	335	2.702E-75	1.00	2.636E-75	0	118	120	0	118	120	119M
11777	334	4.523E-197	0.996	4.353E-197	0	271	273	0	271	273	272M
11778	333	1.920E-175	0.992	1.902E-175	0	258	260	0	258	260	259M
11779	332	2.217E-308	0.920	0.000E+00	0	776	778	0	729	731	310M47I420M
11780	331	2.217E-308	0.997	0.000E+00	0	725	727	0	725	727	726M
11781	330	2.244E-158	1.00	2.152E-158	0	255	257	0	255	257	256M
11782	329	1.514E-83	0.986	1.534E-83	0	144	146	0	144	146	145M
11783	328	1.535E-38	1.00	1.539E-38	0	71	73	0	71	73	72M
11784	327	4.374E-184	0.986	4.200E-184	0	287	292	0	287	292	288M
11785	326	3.505E-137	0.985	3.429E-137	0	207	209	0	207	209	208M
11786	325	4.023E-113	0.994	4.148E-113	0	179	181	0	179	181	180M
11787	324	3.804E-130	1.00	3.703E-130	0	196	198	0	196	198	197M
11788	323	1.477E-267	1.00	1.425E-267	0	385	387	0	385	387	386M
11789	322	2.217E-308	1.00	0.000E+00	0	564	566	0	564	566	565M
11790	321	1.212E-113	0.722	1.160E-113	0	226	228	0	226	228	227M
11791	320	8.784E-299	0.606	9.097E-299	0	742	744	1	766	768	260M8D142M3D8M3D30M1D35M16D9M2I38M1I16M3D80M13I5M5D104M
11792	3103	5.548E-276	1.00	5.623E-276	0	443	445	0	443	445	444M
11793	3104	6.949E-131	1.00	6.747E-131	0	200	202	0	200	202	201M
11794	3105	2.089E-285	1.00	2.025E-285	0	436	438	0	436	438	437M
11795	3106	4.567E-162	0.991	4.765E-162	0	237	239	0	237	239	238M
11796	3107	4.003E-111	1.00	4.155E-111	0	183	185	0	183	185	184M
11797	3108	2.217E-308	1.00	0.000E+00	0	507	509	0	507	509	508M
11798	3109	2.217E-308	0.994	0.000E+00	0	713	715	0	713	715	714M
11799	3110	1.532E-281	1.00	1.598E-281	0	419	421	0	419	421	420M
11801	1905	1.531E-126	0.989	1.460E-126	0	191	193	0	191	193	192M
11802	1904	7.916E-104	0.988	8.093E-104	0	171	173	0	171	173	172M
11803	1903	9.116E-236	0.980	9.046E-236	0	354	356	0	354	356	355M
11804	1902	1.379E-163	0.955	1.330E-163	0	248	250	0	248	250	249M
11805	1901	2.967E-266	1.00	3.110E-266	0	397	399	0	397	399	398M
11806	1900	1.188E-260	0.997	1.236E-260	0	410	412	0	410	412	411M
11807	1899	3.386E-201	1.00	3.231E-201	0	310	312	0	310	312	311M
11808	2176	1.811E-307	0.993	1.885E-307	0	487	492	0	487	513	488M
11809	2177	9.520E-40	1.00	9.496E-40	0	66	68	0	66	68	67M
11810	2178	1.654E-156	0.995	1.624E-156	0	233	235	0	233	235	234M
11811	2179	1.158E-250	0.997	1.188E-250	0	399	405	0	399	401	400M
11812	2180	2.217E-308	0.997	0.000E+00	0	691	693	10	701	703	692M
11813	2181	1.026E-126	1.00	1.015E-126	0	190	192	0	190	192	191M
11814	2182	2.217E-308	0.989	0.000E+00	0	847	849	0	847	849	848M
11815	2183	1.257E-166	0.980	1.211E-166	0	260	262	0	260	262	261M
11816	2184	1.993E-112	0.994	2.030E-112	0	166	168	0	166	168	167M
11817	2185	4.987E-80	1.00	4.814E-80	0	121	123	0	121	123	122M
11818	2186	9.420E-210	0.986	9.454E-210	0	301	303	0	301	303	302M
11819	2187	3.041E-24	1.00	3.044E-24	0	45	47	0	45	47	46M
11820	2188	1.061E-255	0.992	1.080E-255	0	376	379	0	376	378	377M
11821	2345	2.108E-95	0.986	2.032E-95	0	149	155	0	149	150	150M
11822	2344	2.217E-308	0.987	0.000E+00	0	1505	1507	0	1505	1507	1506M
11823	2343	2.217E-308	0.997	0.000E+00	0	691	693	0	691	693	692M
11824	2342	3.697E-119	1.00	3.525E-119	0	177	179	0	177	179	178M
11825	2341	2.994E-76	1.00	3.031E-76	0	119	121	0	119	121	120M
11826	2340	1.660E-80	1.00	1.734E-80	0	126	128	0	126	128	127M
11827	2339	2.543E-129	0.990	2.660E-129	0	211	213	0	211	213	212M
11828	2338	7.273E-226	1.00	7.561E-226	0	371	373	0	371	373	372M
11829	2337	2.217E-308	0.998	0.000E+00	0	1031	1033	0	1031	1033	1032M
11830	2336	2.217E-308	0.996	0.000E+00	0	570	572	0	570	572	571M
11831	2335	3.968E-69	1.00	4.037E-69	0	111	114	0	111	114	112M
11832	2334	1.802E-73	1.00	1.722E-73	0	113	115	0	113	115	114M
11834	1	2.588E-97	0.986	2.640E-97	0	148	150	0	148	150	149M
11835	2	4.543E-160	0.991	4.329E-160	0	239	241	0	239	241	240M
11836	3	1.650E-155	0.991	1.623E-155	0	235	237	0	235	237	236M
11837	4	2.291E-166	0.985	2.225E-166	0	273	275	0	273	275	274M
11838	5	1.778E-184	0.996	1.832E-184	0	306	308	0	306	308	307M
11839	6	1.903E-249	0.994	1.916E-249	0	368	370	0	368	370	369M
11840	7	1.419E-290	0.992	1.421E-290	0	418	420	290	708	710	419M
11841	1242	5.820E-16	0.970	5.814E-16	0	33	35	110	143	145	34M
11842	3505	2.217E-308	0.964	0.000E+00	0	817	819	323	1140	1142	818M
11843	2733	7.401E-78	0.953	7.713E-78	0	128	130	0	128	130	129M
11844	2734	1.212E-113	0.917	1.231E-113	0	180	182	0	180	182	181M
11845	2049	2.843E-29	0.214	2.852E-29	39	770	773	54	801	804	9M1D102M18I30M3I28M1I20M2I4M5D7M3I10M1I5M12I16M5I14M1I12M6D101M7D15M6D23M4D6M2D13M9D21M11D3M1I71M7D43M4I20M12D19M1D9M2I16M1I46M1I14M
11846	270	2.431E-305	0.842	2.323E-305	19	546	549	1	528	534	528M
11847	4311	3.377E-22	0.897	3.381E-22	0	38	40	0	38	45	39M
11849	3965	1.123E-45	0.333	1.108E-45	4	408	458	0	395	421	33M1D11M1I29M2D13M10I40M1I51M1I5M1I35M2I8M2D66M1I39M4D29M1I28M
11850	1560	4.186E-51	0.978	3.990E-51	0	93	95	0	93	95	94M
11851	1561	3.218E-104	0.994	3.235E-104	0	185	187	0	185	187	186M
11852	1562	9.284E-127	0.933	9.244E-127	0	208	210	0	209	211	195M1D14M
11853	1563	5.664E-284	0.954	5.434E-284	0	439	441	0	439	441	440M
11854	1564	1.083E-263	0.992	1.089E-263	0	401	403	0	401	403	402M
11855	1565	4.037E-269	0.987	3.881E-269	0	409	411	0	409	411	410M
11856	1566	6.796E-45	1.00	6.675E-45	0	82	84	0	82	84	83M
11857	1567	1.854E-84	1.00	1.780E-84	0	132	134	0	132	134	133M
11858	1568	7.720E-133	0.995	7.658E-133	0	212	214	0	212	214	213M
11859	1569	2.284E-126	1.00	2.346E-126	0	201	203	0	201	203	202M
11860	1570	1.494E-194	0.993	1.531E-194	0	295	297	0	295	297	296M
11861	1571	1.494E-78	0.984	1.515E-78	0	127	129	0	127	129	128M
11862	1572	2.111E-173	0.989	2.043E-173	0	277	279	0	277	279	278M
11863	1573	1.252E-87	1.00	1.247E-87	0	132	134	0	132	134	133M
11864	1574	2.644E-144	1.00	2.624E-144	0	234	236	0	234	236	235M
11865	1575	2.463E-194	0.993	2.580E-194	0	286	288	0	286	288	287M
11866	1576	2.274E-163	1.00	2.273E-163	0	246	248	0	246	248	247M
11867	1577	2.217E-308	0.989	0.000E+00	0	546	548	0	546	548	547M
11868	1578	1.359E-312	1.00	1.304E-312	0	458	460	0	458	460	459M
11869	1579	2.217E-308	0.995	0.000E+00	0	1070	1072	0	1070	1072	1071M
11870	1580	2.217E-308	0.983	0.000E+00	0	610	612	0	610	612	611M
11871	1581	2.179E-224	0.980	2.241E-224	0	349	351	0	349	351	350M
11872	1582	3.900E-217	0.985	3.921E-217	0	335	337	0	335	337	336M
11873	1583	2.269E-317	0.959	2.331E-317	0	517	530	0	517	518	518M
11874	2685	4.496E-272	0.992	4.569E-272	0	413	415	0	413	415	414M
11875	2686	2.217E-308	0.988	0.000E+00	0	703	705	0	703	705	704M
11876	2687	1.078E-145	1.00	1.038E-145	0	219	221	0	219	221	220M
11877	2688	2.034E-236	1.00	2.098E-236	0	343	345	0	343	345	344M
11878	2689	4.905E-267	0.997	5.086E-267	0	419	421	0	419	421	420M
11879	2690	6.609E-305	1.00	6.418E-305	0	446	448	0	446	448	447M
11880	2691	2.217E-308	0.988	0.000E+00	0	675	677	0	675	677	676M
11881	1047	1.328E-71	0.991	1.299E-71	2	124	126	240	362	364	123M
11883	3404	3.185E-100	0.635	3.293E-100	2	234	237	10	245	247	117M3D116M
11884	3405	2.217E-308	0.619	0.000E+00	12	851	853	11	844	846	11M1I20M1D82M3I69M3I651M
11885	4171	4.863E-225	1.00	4.968E-225	0	337	339	0	337	339	338M
11886	3521	8.053E-188	0.936	7.691E-188	17	315	317	0	299	301	48M1D251M
11887	3520	3.843E-250	1.00	3.964E-250	0	368	370	0	368	370	369M
11888	3519	2.217E-308	0.988	0.000E+00	29	622	624	0	593	595	594M
11889	4348	1.923E-253	0.963	1.858E-253	0	386	388	0	386	388	387M
11890	4103	3.542E-25	0.495	3.544E-25	0	104	122	0	106	156	19M2D86M
11891	4103	1.748E-100	0.974	1.805E-100	0	154	156	0	154	156	155M
11892	4104	2.217E-308	0.992	0.000E+00	0	507	509	11	518	520	508M
11893	4105	6.223E-127	0.989	6.535E-127	1	194	196	20	213	215	194M
11894	4476	5.356E-38	1.00	5.361E-38	14	77	79	0	63	65	64M
11896	3358	3.066E-240	0.985	2.986E-240	0	349	351	0	349	351	350M
11897	3357	6.037E-270	0.994	6.118E-270	0	383	385	0	383	385	384M
11898	3356	1.165E-59	0.978	1.219E-59	0	93	95	0	93	95	94M
11899	3355	5.179E-172	0.996	4.961E-172	0	251	253	0	251	253	252M
11900	3354	1.394E-206	0.980	1.395E-206	0	302	304	0	302	304	303M
11901	3353	2.217E-308	0.998	0.000E+00	0	690	692	0	690	692	691M
11902	3352	2.217E-308	0.986	0.000E+00	0	592	594	10	605	607	578M3D15M
11903	3351	5.000E-81	1.00	4.776E-81	0	132	134	0	132	134	133M
11904	2370	4.359E-144	1.00	4.491E-144	0	212	214	0	212	214	213M
11905	2369	5.073E-164	0.996	5.240E-164	0	255	257	0	255	257	256M
11906	2368	2.537E-128	0.966	2.499E-128	0	205	207	0	205	207	206M
11907	2367	1.781E-146	0.995	1.831E-146	0	229	231	0	229	231	230M
11908	2366	8.343E-163	0.954	8.252E-163	0	260	262	0	260	262	261M
11909	2365	4.847E-69	0.956	4.670E-69	0	115	117	0	115	117	116M
11910	2364	2.217E-308	0.995	0.000E+00	0	470	472	0	470	472	471M
11911	2363	4.876E-110	1.00	4.912E-110	0	162	164	0	162	164	163M
11912	2362	3.319E-232	0.994	3.341E-232	0	341	343	0	341	343	342M
11913	3612	4.128E-239	0.991	4.082E-239	0	351	353	0	351	353	352M
11914	3613	1.937E-217	0.977	2.006E-217	0	314	316	0	314	316	315M
11915	3614	5.459E-115	0.988	5.672E-115	0	175	177	0	175	177	176M
11916	3615	5.033E-277	0.980	4.938E-277	0	411	413	0	411	413	412M
11917	3616	3.700E-158	0.957	3.727E-158	0	260	262	0	260	262	261M
11918	3617	2.777E-279	0.978	2.809E-279	0	414	417	0	414	417	415M
11919	3618	8.053E-188	0.989	8.460E-188	0	290	292	0	290	413	291M
11920	2879	9.385E-19	0.446	9.411E-19	0	119	137	324	443	452	17M1I6M1D96M
11921	4224	1.435E-217	1.00	1.436E-217	0	327	329	0	327	329	328M
11922	1242	9.061E-17	0.971	9.096E-17	0	34	36	109	143	145	35M
11923	3671	8.761E-298	0.995	8.437E-298	3	487	489	10	494	496	485M
11924	3670	5.342E-184	1.00	5.423E-184	0	282	284	0	282	284	283M
11925	3669	2.606E-61	1.00	2.557E-61	0	98	100	0	98	100	99M
11926	3668	9.965E-77	1.00	9.908E-77	0	122	124	0	122	124	123M
11928	2950	2.217E-308	0.998	0.000E+00	0	635	637	0	635	637	636M
11929	2951	3.720E-160	0.995	3.582E-160	0	235	237	0	235	237	236M
11930	2952	2.176E-146	1.00	2.179E-146	0	226	228	0	226	228	227M
11931	2953	2.958E-110	1.00	2.846E-110	0	177	179	299	476	478	178M
11932	2953	1.955E-182	0.996	1.909E-182	0	280	286	0	280	478	281M
11933	2954	1.733E-174	1.00	1.649E-174	0	257	259	0	257	259	258M
11934	2955	8.178E-194	1.00	8.406E-194	0	291	293	0	291	293	292M
11935	2956	8.695E-179	1.00	8.807E-179	0	269	271	0	269	271	270M
11936	2957	7.732E-33	1.00	7.767E-33	0	55	57	0	55	57	56M
11937	1423	7.099E-294	1.00	6.984E-294	0	437	439	0	437	439	438M
11938	1422	1.102E-115	1.00	1.116E-115	0	174	176	0	174	176	175M
11939	1421	6.107E-81	1.00	6.242E-81	0	131	133	0	131	133	132M
11940	1420	5.497E-79	0.992	5.597E-79	0	126	128	0	126	128	127M
11941	1419	2.217E-308	1.00	0.000E+00	0	558	560	0	558	560	559M
11942	1418	2.217E-308	1.00	0.000E+00	0	738	740	0	738	740	739M
11943	1417	5.219E-291	0.993	5.465E-291	0	438	440	0	438	440	439M
11944	1416	5.242E-138	1.00	5.010E-138	0	213	215	0	213	215	214M
11945	1415	1.305E-103	0.993	1.270E-103	0	154	156	0	154	156	155M
11946	1414	2.217E-308	0.998	0.000E+00	0	529	531	0	529	531	530M
11947	1413	6.337E-134	1.00	6.340E-134	0	206	208	0	206	208	207M
11948	1412	2.639E-298	0.989	2.656E-298	0	462	464	0	462	464	463M
11949	1411	3.499E-175	0.992	3.516E-175	0	251	253	0	251	253	252M
11950	1410	3.311E-231	0.997	3.374E-231	0	350	352	0	350	352	351M
11951	1409	1.331E-72	0.991	1.327E-72	0	116	118	0	116	118	117M
11952	1408	4.764E-101	0.993	4.596E-101	0	165	167	0	165	167	166M
11953	1407	2.217E-308	1.00	0.000E+00	0	791	793	0	791	793	792M
11954	1406	5.620E-281	0.985	5.379E-281	0	418	420	0	418	420	419M
11955	1405	2.033E-81	0.970	1.943E-81	0	133	135	0	133	135	134M
11956	1404	3.529E-101	0.950	3.621E-101	0	160	162	0	160	162	161M
11957	1403	2.782E-125	1.00	2.828E-125	0	187	189	0	187	189	188M
11958	1402	1.187E-105	1.00	1.139E-105	0	161	163	0	161	163	162M
11959	1401	5.714E-210	0.987	5.829E-210	0	331	333	0	331	333	332M
11960	1400	3.363E-121	0.994	3.414E-121	0	179	181	0	179	181	180M
11961	4292	1.085E-109	1.00	1.119E-109	0	166	168	0	166	168	167M
11962	4293	1.942E-218	0.994	1.896E-218	0	339	408	0	339	351	340M
11963	1585	5.292E-103	1.00	5.437E-103	0	158	160	0	158	160	159M
11964	1586	1.644E-231	0.997	1.669E-231	0	335	337	0	335	337	336M
11965	1587	2.217E-308	0.996	0.000E+00	0	540	542	0	540	542	541M
11966	1588	6.441E-179	1.00	6.130E-179	0	267	270	0	267	270	268M
11967	1589	9.436E-288	1.00	9.667E-288	0	443	445	0	443	445	444M
11968	1590	1.104E-77	1.00	1.086E-77	0	122	124	0	122	124	123M
11969	1591	1.579E-138	1.00	1.659E-138	0	223	225	0	223	225	224M
11970	1592	1.055E-98	1.00	1.020E-98	0	146	148	0	146	148	147M
11971	1593	1.093E-189	0.992	1.095E-189	0	278	280	0	278	280	279M
11972	1594	1.925E-176	0.996	1.872E-176	0	269	271	0	269	271	270M
11973	1595	5.670E-207	0.993	5.639E-207	0	323	325	0	323	325	324M
11974	1596	6.980E-94	1.00	6.916E-94	0	141	143	0	141	143	142M
11975	1597	6.028E-76	1.00	6.119E-76	0	127	129	0	127	129	128M
11976	1598	4.370E-145	0.995	4.356E-145	0	216	218	0	216	218	217M
11977	1599	5.685E-92	1.00	5.748E-92	0	141	143	0	141	143	142M
11978	1600	2.892E-140	0.995	2.842E-140	0	217	219	0	217	219	218M
11979	1601	2.217E-308	0.975	0.000E+00	0	645	647	0	645	647	646M
11980	1602	7.766E-174	0.974	7.935E-174	0	277	279	0	277	279	278M
11981	1603	8.709E-257	0.997	8.796E-257	0	384	386	0	384	386	385M
11982	1604	2.217E-308	0.975	0.000E+00	0	536	538	0	536	538	537M
11983	1605	4.872E-187	0.969	4.934E-187	0	294	296	0	295	304	288M1D7M
11984	1606	2.217E-308	0.993	0.000E+00	0	600	602	0	600	602	601M
11985	1607	9.405E-132	0.994	9.245E-132	0	198	200	0	198	200	199M
11986	1608	1.943E-257	0.992	1.998E-257	0	386	388	0	386	388	387M
11987	1609	1.831E-118	0.946	1.912E-118	0	186	188	0	186	188	187M
11989	1463	4.817E-144	1.00	4.638E-144	0	227	228	0	227	522	228M
11990	3395	3.566E-105	0.994	3.617E-105	0	172	174	0	172	174	173M
11991	3394	4.424E-111	0.989	4.566E-111	0	185	187	0	185	187	186M
11992	3393	5.012E-198	1.00	5.098E-198	0	299	301	0	299	301	300M
11993	3392	5.773E-214	0.994	5.834E-214	0	343	345	0	343	345	344M
11994	3391	1.976E-70	1.00	1.933E-70	0	108	110	0	108	110	109M
11995	3390	2.293E-89	0.957	2.316E-89	0	141	143	0	141	143	142M
11996	3389	2.159E-27	1.00	2.153E-27	0	52	54	0	52	54	53M
11997	3388	2.217E-308	0.979	0.000E+00	0	623	625	0	623	625	624M
11998	3387	4.905E-151	0.982	5.038E-151	0	227	229	0	227	229	228M
11999	3386	9.251E-203	0.996	9.360E-203	0	295	297	0	295	297	296M
12000	3385	1.535E-127	0.953	1.538E-127	31	244	246	0	213	215	214M
12001	3417	1.136E-322	0.985	1.136E-322	0	488	490	3	491	493	489M
12002	3416	7.243E-147	0.954	7.305E-147	0	242	245	0	242	245	243M
12003	3415	2.729E-195	0.986	2.749E-195	0	292	294	0	292	294	293M
12004	3414	2.155E-181	1.00	2.091E-181	0	288	290	0	288	290	289M
12005	3413	2.079E-167	0.988	2.103E-167	0	263	265	0	263	265	264M
12006	3412	2.427E-227	0.997	2.485E-227	0	345	347	0	345	347	346M
12007	3411	8.503E-93	0.985	8.238E-93	0	140	142	0	140	395	141M
12008	3411	1.871E-165	0.987	1.826E-165	0	244	246	149	393	395	245M
12009	3410	2.539E-283	0.982	2.646E-283	38	487	489	0	449	451	450M
12010	4339	1.321E-301	0.993	1.384E-301	21	462	464	0	441	443	442M
12011	4235	1.374E-239	0.994	1.399E-239	0	366	432	0	366	367	367M
12012	4236	1.676E-161	0.955	1.717E-161	0	271	273	0	271	273	272M
12013	1242	5.820E-16	0.970	5.814E-16	0	33	35	110	143	145	34M
12014	2939	5.734E-134	0.941	5.613E-134	0	238	239	0	238	1434	239M
12015	4336	1.145E-37	0.762	1.143E-37	8	86	88	7	86	91	34M1D45M
12019	2597	1.771E-105	0.982	1.750E-105	0	170	172	0	170	172	171M
12020	2598	4.535E-198	0.996	4.703E-198	0	304	306	0	304	306	305M
12021	2599	8.207E-118	0.551	8.331E-118	0	391	393	0	322	324	49M35I5M14I2M3I5M13I31M2I28M5I6M3D194M
12022	2600	9.786E-70	0.974	1.010E-69	0	116	118	0	116	118	117M
12024	2601	1.828E-40	1.00	1.826E-40	0	68	73	0	68	73	69M
12025	2602	2.502E-84	0.863	2.539E-84	0	146	148	0	146	148	147M
12026	2603	1.311E-66	0.844	1.341E-66	0	121	123	0	121	123	122M
12027	2604	1.955E-66	0.786	1.902E-66	0	135	137	0	133	135	45M1I79M1I10M
12030	2605	1.626E-72	0.901	1.690E-72	0	121	123	15	136	138	122M
12031	2606	2.263E-18	0.452	2.256E-18	0	110	127	0	106	130	9M1I28M7I7M4D59M
12032	2607	2.756E-13	0.357	2.757E-13	2	110	112	119	220	222	66M7I36M
12037	2611	7.880E-21	0.591	7.883E-21	0	68	77	0	70	81	4M2D65M
12038	2613	5.699E-209	0.856	5.787E-209	6	367	369	5	366	368	362M
12039	2614	3.060E-42	0.275	3.056E-42	2	441	447	3	474	484	37M4I54M1I38M13D34M1D36M11D6M1D63M2D12M2D60M2I26M9D67M
12042	3921	2.833E-132	0.863	2.704E-132	0	212	214	0	212	214	213M
12043	3922	8.496E-54	0.645	8.295E-54	0	142	145	0	140	143	87M1D4M3I49M
12044	4103	4.060E-43	0.520	4.044E-43	0	144	152	0	146	156	109M1D3M3I6M4D24M
12045	3712	3.655E-308	1.00	3.527E-308	0	481	483	9	490	492	482M
12046	3713	4.835E-68	1.00	4.818E-68	0	111	113	0	111	113	112M
12047	3714	2.792E-49	1.00	2.671E-49	0	82	84	0	82	84	83M
12048	3715	6.690E-271	1.00	6.844E-271	0	417	419	0	417	419	418M
12049	3716	1.455E-145	1.00	1.445E-145	0	226	228	0	226	228	227M
12050	3717	7.587E-281	0.990	7.615E-281	0	439	441	0	439	441	440M
12051	3718	5.458E-231	0.983	5.382E-231	0	360	362	0	360	362	361M
12053	4405	9.332E-129	0.807	9.586E-129	0	266	282	0	280	281	50M1D203M13D14M
12058	1242	5.820E-16	0.970	5.814E-16	0	33	35	110	143	145	34M
12060	2950	2.217E-308	0.966	0.000E+00	0	635	637	0	635	637	636M
12061	2951	2.734E-157	0.974	2.692E-157	0	235	237	0	235	237	236M
12065	2439	3.207E-64	0.384	3.144E-64	6	303	311	6	302	305	36M3D17M1D64M3I74M2I102M
12070	477	2.217E-308	1.00	0.000E+00	0	597	599	0	597	599	598M
12071	1242	9.061E-17	0.971	9.096E-17	0	34	36	109	143	145	35M
12072	1242	5.820E-16	0.970	5.814E-16	0	33	35	110	143	145	34M
12073	3548	1.532E-49	0.987	1.566E-49	7	84	86	175	252	254	78M
12074	3549	4.393E-147	0.986	4.502E-147	0	226	228	0	226	228	227M
12075	3550	3.012E-117	0.983	2.975E-117	0	184	186	0	184	186	185M
12076	1989	5.768E-28	0.378	5.792E-28	11	150	166	0	139	152	140M
12078	3908	1.545E-91	0.788	1.622E-91	0	179	185	0	179	184	180M
12079	3995	2.217E-308	0.990	0.000E+00	0	755	757	0	755	757	756M
12080	3994	8.800E-261	0.997	9.017E-261	0	410	412	0	410	412	411M
12081	3993	1.126E-46	1.00	1.091E-46	0	82	84	0	82	84	83M
12082	4212	2.867E-98	0.987	2.956E-98	0	155	157	0	155	157	156M
12083	4214	2.352E-60	1.00	2.387E-60	0	92	94	0	92	94	93M
12084	4459	5.982E-73	0.983	6.076E-73	0	120	128	0	120	123	121M
12085	3025	1.506E-81	0.759	1.458E-81	0	165	169	0	165	169	166M
12086	1242	5.820E-16	0.970	5.814E-16	0	33	35	110	143	145	34M
12087	1480	2.504E-239	0.997	2.587E-239	0	348	350	0	348	350	349M
12088	1481	1.135E-165	1.00	1.100E-165	0	260	262	0	260	262	261M
12089	1482	4.329E-64	1.00	4.491E-64	0	104	106	0	104	106	105M
12090	1483	6.457E-296	0.997	6.488E-296	0	438	440	0	438	440	439M
12091	1484	2.148E-257	0.997	2.094E-257	0	387	389	0	387	389	388M
12092	1485	1.780E-223	0.997	1.831E-223	0	340	342	0	340	342	341M
12093	1486	2.217E-308	0.997	0.000E+00	0	877	879	0	877	879	878M
12094	1487	6.069E-272	1.00	5.827E-272	0	425	427	0	425	427	426M
12096	1242	9.061E-17	0.971	9.096E-17	0	34	36	109	143	145	35M
12097	1322	2.217E-308	0.978	0.000E+00	7	872	874	69	934	936	866M
12098	1321	1.211E-190	0.996	1.158E-190	0	304	306	0	304	306	305M
12099	1320	9.938E-192	1.00	9.986E-192	0	272	274	0	272	274	273M
12100	1319	1.482E-323	0.997	1.482E-323	0	495	497	0	495	497	496M
12101	1318	2.816E-91	1.00	2.924E-91	0	142	144	0	142	144	143M
12102	1317	1.858E-85	0.986	1.847E-85	0	144	146	0	144	146	145M
12103	1316	3.723E-83	1.00	3.898E-83	0	124	126	0	124	126	125M
12104	1315	1.186E-182	1.00	1.138E-182	0	273	275	0	273	275	274M
12105	1314	9.794E-109	0.994	9.893E-109	0	172	174	0	172	174	173M
12106	1313	4.788E-219	0.996	4.634E-219	0	321	323	0	321	323	322M
12107	1312	1.220E-193	1.00	1.168E-193	0	298	300	0	298	300	299M
12108	3830	1.389E-38	1.00	1.392E-38	0	70	71	0	70	154	71M
12109	2049	2.217E-308	1.00	0.000E+00	0	802	804	0	802	804	803M
12110	2048	1.593E-64	1.00	1.657E-64	0	103	105	0	103	105	104M
12111	2047	1.925E-60	1.00	1.921E-60	0	94	96	0	94	96	95M
12112	3246	4.901E-112	1.00	4.849E-112	0	171	173	0	171	173	172M
12115	3834	5.393E-149	0.757	5.480E-149	0	304	317	0	303	308	227M1I77M
12117	3830	1.342E-75	1.00	1.302E-75	0	123	125	29	152	154	124M
12118	2939	3.340E-41	1.00	3.336E-41	0	75	77	1357	1432	1434	76M
12120	3502	2.282E-87	0.977	2.235E-87	0	131	133	0	131	133	132M
12121	3503	2.950E-109	0.976	3.024E-109	0	167	169	0	167	169	168M
12122	3504	1.806E-74	0.925	1.841E-74	0	119	121	0	119	121	120M
12123	3505	1.670E-237	0.997	1.596E-237	0	363	364	0	363	1142	364M
12130	4401	1.305E-103	0.624	1.332E-103	12	272	274	0	260	262	261M
12131	382	1.125E-123	0.873	1.150E-123	0	212	214	77	289	294	213M
12137	2939	9.988E-310	0.690	9.780E-310	0	814	815	197	1008	1434	186M4I188M4I28M4D20M1D385M
12141	2939	5.838E-257	0.944	5.977E-257	0	431	432	967	1398	1434	432M
12142	2939	7.942E-260	0.962	8.017E-260	0	431	432	967	1398	1434	432M
12145	4372	2.884E-255	1.00	2.914E-255	0	379	380	0	379	397	380M
12146	1243	3.650E-114	1.00	3.591E-114	0	174	176	14	188	190	175M
12147	1242	6.854E-87	0.985	6.664E-87	0	135	136	0	135	145	136M
12148	4447	3.514E-138	0.844	3.636E-138	0	231	235	0	231	235	232M
12150	4370	3.914E-141	0.982	3.830E-141	0	229	230	28	257	431	230M
12156	3495	4.851E-108	0.966	4.647E-108	0	179	180	9	188	525	180M
12158	4329	3.266E-71	0.888	3.125E-71	0	116	118	0	116	204	117M
12161	729	5.623E-22	0.326	5.633E-22	16	155	157	4	153	730	12M3D69M4D27M3D32M
12171	579	1.187E-16	0.587	1.188E-16	1	78	79	2	77	117	55M4I6M2D13M
12172	578	1.138E-19	0.679	1.142E-19	0	52	54	124	176	178	53M
12175	3418	1.656E-79	0.948	1.616E-79	0	134	135	194	328	3006	135M
12178	297	2.992E-41	0.557	2.988E-41	0	127	128	16	146	158	57M3D71M
12184	2328	9.691E-43	0.614	9.650E-43	0	121	122	904	1024	1398	61M1I60M
12189	4098	1.816E-76	1.00	1.819E-76	0	116	117	374	490	515	117M
12190	1161	2.726E-32	0.491	2.729E-32	0	115	116	138	255	444	102M2D14M
12191	2277	3.201E-13	0.358	3.216E-13	0	115	116	171	275	628	38M4I20M1I6M3I7M1I8M3I5M1D20M
12192	1379	1.397E-25	0.491	1.394E-25	0	112	115	105	220	354	39M2D29M2D2M1D26M2I15M
12195	1262	4.858E-08	0.241	4.838E-08	4	114	115	248	351	587	22M8I26M5D11M4I40M
12196	2114	7.194E-09	0.611	7.170E-09	0	35	36	0	35	422	36M
12198	1018	1.777E-29	0.666	1.773E-29	0	71	72	0	71	84	72M
12204	3899	2.955E-71	1.00	2.903E-71	0	109	110	12	121	164	110M
12207	2176	4.826E-17	0.381	4.826E-17	0	107	109	310	419	513	35M1D56M1D17M
12211	2324	3.831E-36	0.712	3.848E-36	0	100	102	0	100	232	101M
12216	2947	2.895E-63	0.981	2.992E-63	0	105	106	236	341	477	106M
12236	2137	5.235E-33	0.604	5.254E-33	0	93	94	131	226	376	46M2D48M
12241	4526	2.533E-50	0.988	2.466E-50	0	86	87	1	87	110	87M
12242	4484	2.068E-49	1.00	2.149E-49	0	85	86	2	87	217	86M
12243	4370	1.123E-45	0.987	1.125E-45	0	79	80	178	257	431	80M
12244	4626	1.847E-44	0.973	1.758E-44	0	75	78	3	78	79	76M
12245	4573	2.500E-45	1.00	2.503E-45	0	76	77	14	90	98	77M
12246	4626	8.301E-45	1.00	8.034E-45	0	74	75	3	77	79	75M
12247	4629	6.118E-43	1.00	6.113E-43	0	72	73	0	72	76	73M
12248	4629	4.419E-41	1.00	4.425E-41	0	69	70	3	72	76	70M
12249	4629	4.419E-41	1.00	4.425E-41	0	69	70	3	72	76	70M
12250	4579	3.727E-37	1.00	3.711E-37	0	66	67	6	72	90	67M
12251	4526	7.561E-36	1.00	7.578E-36	0	63	64	24	87	110	64M
12252	4526	5.800E-34	1.00	5.785E-34	0	60	62	46	106	110	61M
12253	4626	4.551E-33	0.966	4.565E-33	0	58	59	3	61	79	59M
12254	4579	9.489E-31	0.982	9.510E-31	0	57	58	32	89	90	58M
12255	4626	4.807E-31	0.964	4.791E-31	0	56	57	21	77	79	57M
12256	4590	1.944E-29	0.961	1.944E-29	0	51	55	32	83	84	52M
12257	4590	1.944E-29	0.961	1.944E-29	0	51	55	32	83	84	52M
12258	4590	1.114E-30	1.00	1.119E-30	0	51	55	32	83	84	52M
12259	4579	1.703E-28	1.00	1.701E-28	0	53	54	32	85	90	54M
12260	4590	6.960E-31	1.00	6.976E-31	0	51	52	32	83	84	52M
12261	4590	6.960E-31	1.00	6.976E-31	0	51	52	32	83	84	52M
12262	4590	2.974E-27	0.958	2.972E-27	0	47	48	32	79	84	48M
12263	4635	1.236E-24	1.00	1.237E-24	0	47	48	7	54	73	48M
12264	4370	5.583E-27	0.958	5.606E-27	0	47	48	4	51	431	48M
12265	4370	5.583E-27	0.958	5.606E-27	0	47	48	4	51	431	48M
12266	4630	5.309E-23	1.00	5.307E-23	0	46	47	0	46	76	47M
12267	4626	1.711E-26	1.00	1.704E-26	0	44	45	0	44	79	45M
12268	3751	1.900E-20	0.977	1.898E-20	0	43	44	41	84	1970	44M
 8492	4693	1.410E-249	1.00	1.360E-249	0	354	356	0	354	356	355M
8493	4694	5.753E-174	1.00	5.525E-174	0	276	278	0	276	278	277M
8494	4695	2.489E-198	1.00	2.514E-198	0	284	286	0	284	286	285M
8495	4696	1.067E-141	1.00	1.015E-141	0	200	202	0	200	202	201M
8496	4697	3.269E-110	1.00	3.383E-110	0	174	176	0	174	176	175M
8497	4698	7.628E-51	1.00	7.447E-51	0	80	82	0	80	82	81M
8498	4699	4.288E-215	1.00	4.175E-215	0	327	329	0	327	329	328M
8499	4700	5.352E-146	1.00	5.523E-146	0	219	221	0	219	221	220M
8500	4701	2.217E-308	1.00	0.000E+00	0	660	662	0	660	662	661M
8501	4702	2.217E-308	1.00	0.000E+00	0	482	484	0	482	484	483M
8502	4703	9.046E-233	1.00	9.382E-233	0	361	363	0	361	363	362M
8503	4704	5.251E-100	1.00	5.373E-100	0	157	159	0	157	159	158M
8504	4705	1.445E-181	1.00	1.406E-181	0	293	295	0	293	295	294M
8505	4706	5.324E-144	1.00	5.264E-144	0	222	224	0	222	224	223M
8506	4707	1.330E-149	1.00	1.316E-149	0	236	238	0	236	238	237M
8507	4708	4.991E-119	1.00	4.774E-119	0	190	192	0	190	192	191M
8508	4709	8.510E-132	1.00	8.405E-132	0	196	198	0	196	198	197M
8509	4710	4.415E-265	1.00	4.547E-265	0	414	416	0	414	416	415M
8510	4711	1.321E-185	1.00	1.281E-185	0	303	305	0	303	305	304M
8511	4712	3.190E-178	1.00	3.210E-178	0	263	265	0	263	265	264M
8512	4713	1.612E-146	1.00	1.537E-146	0	212	214	0	212	214	213M
8513	4714	2.152E-103	1.00	2.050E-103	0	164	166	0	164	166	165M
8514	4715	3.985E-148	1.00	4.162E-148	0	229	231	0	229	231	230M
8515	4716	2.217E-308	1.00	0.000E+00	0	826	828	0	826	828	827M
8516	4717	3.844E-134	1.00	3.940E-134	0	196	198	0	196	198	197M
8517	4718	2.217E-308	1.00	0.000E+00	0	809	811	0	809	811	810M
8518	4719	2.217E-308	1.00	0.000E+00	0	683	685	0	683	685	684M
8519	4720	1.120E-44	1.00	1.177E-44	0	68	70	0	68	70	69M
8520	4721	4.536E-82	1.00	4.496E-82	0	142	144	0	142	144	143M
8521	4722	2.217E-308	1.00	0.000E+00	0	730	732	0	730	732	731M
8522	4723	1.874E-127	1.00	1.817E-127	0	187	189	0	187	189	188M
8523	4724	1.661E-235	1.00	1.641E-235	0	360	362	0	360	362	361M
8524	4725	7.020E-15	1.00	7.030E-15	0	32	34	0	32	34	33M
8525	4726	3.158E-58	1.00	3.176E-58	0	95	97	0	95	97	96M
8526	4727	1.147E-53	1.00	1.183E-53	0	84	86	0	84	86	85M
8527	4728	1.969E-262	1.00	1.989E-262	0	389	391	0	389	391	390M
8528	4729	2.217E-308	1.00	0.000E+00	0	495	497	0	495	497	496M
8529	4730	4.041E-76	1.00	3.861E-76	0	124	126	0	124	126	125M
8530	4731	1.424E-214	1.00	1.491E-214	0	334	336	0	334	336	335M
8531	4732	3.814E-131	1.00	3.649E-131	0	207	209	0	207	209	208M
8532	4733	6.075E-79	1.00	5.874E-79	0	127	129	0	127	129	128M
8533	4734	8.901E-72	1.00	9.270E-72	0	117	119	0	117	119	118M
8534	4735	5.164E-20	1.00	5.178E-20	0	37	39	0	37	39	38M
8535	4736	1.905E-288	1.00	1.930E-288	0	449	451	0	449	451	450M
8536	4737	1.858E-85	1.00	1.937E-85	0	145	147	0	145	147	146M
8537	4738	1.291E-33	1.00	1.285E-33	0	57	59	0	57	59	58M
8538	4739	1.427E-99	1.00	1.410E-99	0	164	166	0	164	166	165M
8539	4740	5.329E-67	1.00	5.341E-67	0	115	117	0	115	117	116M
8540	4741	1.088E-110	1.00	1.053E-110	0	176	178	0	176	178	177M
8541	4742	2.709E-76	1.00	2.740E-76	0	130	132	0	130	132	131M
8542	4743	1.430E-61	1.00	1.499E-61	0	100	102	0	100	102	101M
8543	4744	1.480E-113	1.00	1.464E-113	0	177	179	0	177	179	178M
8544	4745	3.897E-62	1.00	3.751E-62	0	104	106	0	104	106	105M
8545	4746	2.212E-75	1.00	2.222E-75	0	121	123	0	121	123	122M
8546	4747	8.409E-50	1.00	8.319E-50	0	84	86	0	84	86	85M
8547	4748	5.144E-34	1.00	5.161E-34	0	64	66	0	64	66	65M
8548	4749	9.229E-86	1.00	9.177E-86	0	136	138	0	136	138	137M
8549	4750	6.117E-159	1.00	6.306E-159	0	249	251	0	249	251	250M
8550	4751	5.288E-64	1.00	5.456E-64	0	108	110	0	108	110	109M
8551	4752	4.711E-58	1.00	4.672E-58	0	90	92	0	90	92	91M
8552	4753	2.940E-185	1.00	2.851E-185	0	273	275	0	273	275	274M
8553	4754	7.101E-62	1.00	7.410E-62	0	105	107	0	105	107	106M
8554	4755	3.059E-123	1.00	3.020E-123	0	199	201	0	199	201	200M
8555	4756	2.862E-136	1.00	2.750E-136	0	211	213	0	211	213	212M
8556	4757	2.619E-63	1.00	2.713E-63	0	102	104	0	102	104	103M
8557	4758	6.848E-164	1.00	6.969E-164	0	241	243	0	241	243	242M
8558	4759	2.461E-271	1.00	2.450E-271	0	395	397	0	395	397	396M
8559	4760	2.217E-308	1.00	0.000E+00	0	514	516	0	514	516	515M
8560	4761	2.291E-166	1.00	2.243E-166	0	253	255	0	253	255	254M
8561	4762	6.332E-95	1.00	6.394E-95	0	144	146	0	144	146	145M
8562	4763	1.524E-163	1.00	1.482E-163	0	257	259	0	257	259	258M
8563	4764	4.321E-218	1.00	4.148E-218	0	314	316	0	314	316	315M
8564	4765	6.132E-276	1.00	6.114E-276	0	438	440	0	438	440	439M
8565	4766	5.482E-194	1.00	5.582E-194	0	289	291	0	289	291	290M
8566	4767	2.217E-308	1.00	0.000E+00	0	855	857	0	855	857	856M
8567	4768	2.655E-223	1.00	2.561E-223	0	327	329	0	327	329	328M
8568	4769	5.370E-186	1.00	5.115E-186	0	270	272	0	270	272	271M
8569	4770	2.217E-308	1.00	0.000E+00	0	680	682	0	680	682	681M
8570	4771	1.158E-134	1.00	1.155E-134	0	210	212	0	210	212	211M
8571	4772	1.510E-82	1.00	1.481E-82	0	132	134	0	132	134	133M
8572	4773	5.617E-126	1.00	5.407E-126	0	192	194	0	192	194	193M
8573	4774	9.742E-223	1.00	1.006E-222	0	336	338	0	336	338	337M
8574	4775	6.376E-59	1.00	6.222E-59	0	94	96	0	94	96	95M
8575	4776	3.171E-137	1.00	3.170E-137	0	212	214	0	212	214	213M
8576	4777	1.167E-137	1.00	1.209E-137	0	225	227	0	225	227	226M
8577	4778	3.710E-159	1.00	3.565E-159	0	257	259	0	257	259	258M
8578	4779	2.339E-174	1.00	2.327E-174	0	271	273	0	271	273	272M
8579	4780	2.217E-308	1.00	0.000E+00	0	605	607	0	605	607	606M
8580	4781	3.684E-195	1.00	3.768E-195	0	292	294	0	292	294	293M
8581	4782	2.217E-308	1.00	0.000E+00	0	633	635	0	633	635	634M
8582	4783	1.042E-132	1.00	1.066E-132	0	199	201	0	199	201	200M
8583	4784	3.612E-226	1.00	3.646E-226	0	315	317	0	315	317	316M
8584	4785	1.724E-172	1.00	1.645E-172	0	261	263	0	261	263	262M
8585	4786	2.217E-308	1.00	0.000E+00	0	766	768	0	766	768	767M
8586	4787	2.217E-308	1.00	0.000E+00	0	606	608	0	606	608	607M
8587	4788	4.842E-146	1.00	5.023E-146	0	217	219	0	217	219	218M
8588	4789	2.792E-49	1.00	2.807E-49	0	83	85	0	83	85	84M
8589	4790	6.223E-243	1.00	6.167E-243	0	365	367	0	365	367	366M
8590	4791	5.753E-174	1.00	5.908E-174	0	264	266	0	264	266	265M
8591	4792	1.382E-280	1.00	1.450E-280	0	419	421	0	419	421	420M
8592	4793	6.890E-89	1.00	6.754E-89	0	137	139	0	137	139	138M
8593	4794	8.372E-87	1.00	8.478E-87	0	139	141	0	139	141	140M
8594	4795	1.068E-219	1.00	1.104E-219	0	324	326	0	324	326	325M
8595	4796	2.217E-308	1.00	0.000E+00	0	688	690	0	688	690	689M
8596	4797	5.207E-58	1.00	5.417E-58	0	93	95	0	93	95	94M
8597	4798	3.024E-196	1.00	3.068E-196	0	299	301	0	299	301	300M
8598	4799	2.722E-194	1.00	2.705E-194	0	287	289	0	287	289	288M
8599	4800	9.110E-81	1.00	8.733E-81	0	138	140	0	138	140	139M
8600	4801	1.395E-90	1.00	1.418E-90	0	142	144	0	142	144	143M
8601	4802	9.509E-291	1.00	9.550E-291	0	450	452	0	450	452	451M
8602	4803	4.252E-57	1.00	4.088E-57	0	102	104	0	102	104	103M
8603	4804	3.204E-141	1.00	3.325E-141	0	252	254	0	252	254	253M
8604	4805	4.739E-215	1.00	4.744E-215	0	323	325	0	323	325	324M
8605	4806	8.784E-299	1.00	9.209E-299	0	446	448	0	446	448	447M
8606	4807	9.881E-324	1.00	9.881E-324	0	488	490	0	488	490	489M
8607	4808	5.444E-230	1.00	5.420E-230	0	342	344	0	342	344	343M
8608	4809	2.727E-272	1.00	2.865E-272	0	403	405	0	403	405	404M
8609	4810	1.150E-286	1.00	1.162E-286	0	422	424	0	422	424	423M
8610	4811	3.047E-315	1.00	2.951E-315	0	476	478	0	476	478	477M
8611	4812	5.577E-278	1.00	5.315E-278	0	424	426	0	424	426	425M
8612	4813	1.751E-178	1.00	1.709E-178	0	263	265	0	263	265	264M
8613	4814	9.819E-110	1.00	9.587E-110	0	176	178	0	176	178	177M
8614	4815	3.726E-122	1.00	3.821E-122	0	186	188	0	186	188	187M
8615	4816	1.902E-94	1.00	1.942E-94	0	154	156	0	154	156	155M
8616	4817	5.631E-127	1.00	5.497E-127	0	197	199	0	197	199	198M
8617	4818	3.755E-241	1.00	3.580E-241	0	371	373	0	371	373	372M
8618	4819	1.523E-124	1.00	1.580E-124	0	190	192	0	190	192	191M
8619	4820	2.217E-308	1.00	0.000E+00	0	715	717	0	715	717	716M
8620	4821	1.296E-255	1.00	1.299E-255	0	408	410	0	408	410	409M
8621	4822	1.335E-73	1.00	1.286E-73	0	120	122	0	120	122	121M
8622	4823	5.148E-131	1.00	5.072E-131	0	194	196	0	194	196	195M
8623	4824	1.449E-66	1.00	1.446E-66	0	103	105	0	103	105	104M
8624	4825	2.986E-75	1.00	3.048E-75	0	121	123	0	121	123	122M
8625	4826	3.079E-319	1.00	3.002E-319	0	468	470	0	468	470	469M
8626	4827	6.037E-270	1.00	5.862E-270	0	409	411	0	409	411	410M
8627	4828	6.576E-187	1.00	6.452E-187	0	293	295	0	293	295	294M
8628	4829	3.947E-183	1.00	4.137E-183	0	285	287	0	285	287	286M
8629	4830	3.104E-90	1.00	3.229E-90	0	146	148	0	146	148	147M
8630	4831	4.520E-158	1.00	4.439E-158	0	257	259	0	257	259	258M
8631	4832	6.138E-199	1.00	5.882E-199	0	300	302	0	300	302	301M
8632	4833	1.586E-217	1.00	1.615E-217	0	343	345	0	343	345	344M
8633	4834	2.912E-220	1.00	2.985E-220	0	323	325	0	323	325	324M
8634	4835	3.628E-73	1.00	3.482E-73	0	121	123	0	121	123	122M
8635	4836	1.871E-165	1.00	1.915E-165	0	245	247	0	245	247	246M
8636	4837	1.860E-124	1.00	1.933E-124	0	181	183	0	181	183	182M
8637	4838	3.768E-49	1.00	3.665E-49	0	82	84	0	82	84	83M
8638	4839	6.202E-87	1.00	6.487E-87	0	140	142	0	140	142	141M
8639	4840	1.160E-96	1.00	1.152E-96	0	159	161	0	159	161	160M
8640	4841	2.217E-308	1.00	0.000E+00	0	1287	1289	0	1287	1289	1288M
8641	4842	5.099E-166	1.00	5.218E-166	0	271	273	0	271	273	272M
8642	4843	7.753E-212	1.00	7.412E-212	0	332	334	0	332	334	333M
8643	4844	1.480E-113	1.00	1.420E-113	0	183	185	0	183	185	184M
8644	4845	2.809E-90	1.00	2.766E-90	0	156	158	0	156	158	157M
8645	4846	2.837E-210	1.00	2.758E-210	0	315	317	0	315	317	316M
8646	4847	2.343E-136	1.00	2.386E-136	0	208	210	0	208	210	209M
8647	4848	2.106E-56	1.00	2.183E-56	0	91	93	0	91	93	92M
8648	4849	2.217E-308	1.00	0.000E+00	0	700	702	0	700	702	701M
8649	4850	2.235E-79	1.00	2.170E-79	0	126	128	0	126	128	127M
8650	4851	9.471E-38	1.00	9.443E-38	0	63	65	0	63	65	64M
8651	4852	1.169E-99	1.00	1.143E-99	0	153	155	0	153	155	154M
8652	4853	2.217E-308	1.00	0.000E+00	0	541	543	0	541	543	542M
8653	4854	2.827E-286	1.00	2.920E-286	0	435	437	0	435	437	436M
8654	4855	1.451E-28	1.00	1.445E-28	0	55	57	0	55	57	56M
8655	4856	1.666E-120	1.00	1.606E-120	0	185	187	0	185	187	186M
8656	4857	3.475E-211	1.00	3.553E-211	0	359	361	0	359	361	360M
8657	4858	4.118E-122	1.00	4.273E-122	0	195	197	0	195	197	196M
8658	4859	7.535E-201	1.00	7.368E-201	0	294	296	0	294	296	295M
8659	4860	2.217E-308	1.00	0.000E+00	0	472	474	0	472	474	473M
8660	4861	2.217E-308	1.00	0.000E+00	0	1492	1494	0	1492	1494	1493M
8661	4862	1.321E-185	1.00	1.311E-185	0	290	292	0	290	292	291M
8662	4863	5.068E-241	1.00	5.259E-241	0	359	361	0	359	361	360M
8663	4864	5.004E-120	1.00	4.772E-120	0	188	190	0	188	190	189M
8664	4865	2.217E-308	1.00	0.000E+00	0	720	722	0	720	722	721M
8665	4866	5.417E-112	1.00	5.595E-112	0	174	176	0	174	176	175M
8666	4867	2.991E-153	1.00	2.944E-153	0	245	247	0	245	247	246M
8667	4868	7.800E-137	1.00	8.166E-137	0	212	214	0	212	214	213M
8668	4869	9.793E-225	1.00	9.558E-225	0	351	353	0	351	353	352M
8669	4870	2.217E-308	1.00	0.000E+00	0	850	852	0	850	852	851M
8670	4871	2.917E-182	1.00	2.931E-182	0	273	275	0	273	275	274M
8671	4872	3.241E-68	1.00	3.187E-68	0	109	111	0	109	111	110M
8672	4873	1.015E-238	1.00	1.040E-238	0	371	373	0	371	373	372M
8673	4874	4.909E-306	1.00	4.866E-306	0	465	467	0	465	467	466M
8674	4875	2.217E-308	1.00	0.000E+00	0	498	500	0	498	500	499M
8675	4876	2.217E-308	1.00	0.000E+00	0	609	611	0	609	611	610M
8676	4877	8.741E-65	1.00	8.599E-65	0	109	111	0	109	111	110M
8677	4878	4.082E-196	1.00	4.259E-196	0	306	308	0	306	308	307M
8678	4879	4.412E-226	1.00	4.327E-226	0	332	334	0	332	334	333M
8679	4880	8.562E-57	1.00	8.686E-57	0	98	100	0	98	100	99M
8680	4881	2.217E-308	1.00	0.000E+00	0	501	503	0	501	503	502M
8681	4882	2.457E-309	1.00	2.445E-309	0	471	473	0	471	473	472M
8682	4883	7.555E-202	1.00	7.737E-202	0	293	295	0	293	295	294M
8683	4884	8.436E-206	1.00	8.651E-206	0	314	316	0	314	316	315M
8684	4885	5.936E-70	1.00	5.776E-70	0	111	113	0	111	113	112M
8685	4886	1.830E-195	1.00	1.831E-195	0	317	319	0	317	319	318M
8686	4887	2.217E-308	1.00	0.000E+00	0	1051	1053	0	1051	1053	1052M
8687	4888	3.155E-251	1.00	3.072E-251	0	401	403	0	401	403	402M
8688	4889	3.507E-292	1.00	3.662E-292	0	468	470	0	468	470	469M
8689	4890	4.093E-81	1.00	4.038E-81	0	122	124	0	122	124	123M
8690	4891	1.047E-134	1.00	1.083E-134	0	202	204	0	202	204	203M
8691	4892	8.194E-40	1.00	8.156E-40	0	63	65	0	63	65	64M
8692	4893	3.144E-95	1.00	3.241E-95	0	143	145	0	143	145	144M
8693	4894	8.025E-148	1.00	7.821E-148	0	229	231	0	229	231	230M
8694	4895	1.243E-84	1.00	1.268E-84	0	125	127	0	125	127	126M
8695	4896	2.217E-308	1.00	0.000E+00	0	552	554	0	552	554	553M
8696	4897	3.093E-282	1.00	3.049E-282	0	424	426	0	424	426	425M
8697	4898	1.801E-189	1.00	1.777E-189	0	295	297	0	295	297	296M
8698	4899	2.217E-308	1.00	0.000E+00	0	728	730	0	728	730	729M
8699	4900	2.217E-308	1.00	0.000E+00	0	781	783	0	781	783	782M
8700	4901	1.383E-164	1.00	1.351E-164	0	253	255	0	253	255	254M
8701	4902	7.614E-321	1.00	7.693E-321	0	484	486	0	484	486	485M
8702	4903	2.217E-308	1.00	0.000E+00	0	503	505	0	503	505	504M
8703	4904	2.581E-96	1.00	2.470E-96	0	142	144	0	142	144	143M
8704	4905	9.181E-84	1.00	8.855E-84	0	126	128	0	126	128	127M
8705	4906	1.884E-129	1.00	1.793E-129	0	196	198	0	196	198	197M
8706	4907	3.204E-141	1.00	3.166E-141	0	204	206	0	204	206	205M
8707	4908	9.118E-120	1.00	8.811E-120	0	181	183	0	181	183	182M
8708	4909	6.403E-138	1.00	6.550E-138	0	212	214	0	212	214	213M
8709	4910	1.842E-159	1.00	1.761E-159	0	242	244	0	242	244	243M
8710	4911	1.983E-110	1.00	1.919E-110	0	182	184	0	182	184	183M
8711	4912	1.189E-183	1.00	1.201E-183	0	299	301	0	299	301	300M
8712	4913	1.076E-67	1.00	1.099E-67	0	102	104	0	102	104	103M
8713	4914	2.033E-81	1.00	2.094E-81	0	128	130	0	128	130	129M
8714	4915	1.579E-138	1.00	1.534E-138	0	208	210	0	208	210	209M
8715	4916	2.837E-210	1.00	2.758E-210	0	315	317	0	315	317	316M
8716	4917	1.027E-165	1.00	9.872E-166	0	251	253	0	251	253	252M
8717	4918	2.945E-147	1.00	3.028E-147	0	211	213	0	211	213	212M
8718	4919	3.940E-221	1.00	3.835E-221	0	333	335	0	333	335	334M
8719	4920	1.451E-144	1.00	1.444E-144	0	228	230	0	228	230	229M
8720	4921	1.862E-47	1.00	1.932E-47	0	79	81	0	79	81	80M
8721	4922	5.082E-126	1.00	5.244E-126	0	198	200	0	198	200	199M
8722	4923	2.782E-241	1.00	2.835E-241	0	366	368	0	366	368	367M
8723	4924	3.048E-83	1.00	3.173E-83	0	146	148	0	146	148	147M
8724	4925	2.217E-308	1.00	0.000E+00	0	624	626	0	624	626	625M
8725	4926	3.850E-96	1.00	3.809E-96	0	151	153	0	151	153	152M
8726	4927	3.271E-149	1.00	3.287E-149	0	222	224	0	222	224	223M
8727	4928	1.247E-124	1.00	1.187E-124	0	184	186	0	184	186	185M
8728	4929	5.413E-73	1.00	5.265E-73	0	110	112	0	110	112	111M
8729	4930	1.230E-196	1.00	1.175E-196	0	292	294	0	292	294	293M
8730	4931	7.909E-65	1.00	7.602E-65	0	100	102	0	100	102	101M
8731	4932	4.575E-124	1.00	4.613E-124	0	186	188	0	186	188	187M
8732	4933	8.229E-119	1.00	8.412E-119	0	182	184	0	182	184	183M
8733	4934	2.075E-205	1.00	2.067E-205	0	299	301	0	299	301	300M
8734	4935	4.344E-220	1.00	4.554E-220	0	332	334	0	332	334	333M
8735	4936	3.088E-88	1.00	3.050E-88	0	129	131	0	129	131	130M
8736	4937	4.626E-167	1.00	4.565E-167	0	246	248	0	246	248	247M
8737	4938	1.062E-178	1.00	1.103E-178	0	294	296	0	294	296	295M
8738	4939	1.660E-196	1.00	1.579E-196	0	305	307	0	305	307	306M
8739	4940	3.913E-257	1.00	3.737E-257	0	413	415	0	413	415	414M
8740	4941	1.979E-28	1.00	1.985E-28	0	55	57	0	55	57	56M
8741	4942	5.184E-95	1.00	5.023E-95	0	139	141	0	139	141	140M
8742	4943	8.115E-191	1.00	8.122E-191	0	283	285	0	283	285	284M
8743	4944	1.471E-304	1.00	1.504E-304	0	444	446	0	444	446	445M
8744	4945	7.516E-200	1.00	7.246E-200	0	289	291	0	289	291	290M
8745	4946	7.841E-139	1.00	7.787E-139	0	207	209	0	207	209	208M
8746	4947	1.060E-216	1.00	1.081E-216	0	323	325	0	323	325	324M
8747	4948	4.124E-316	1.00	4.106E-316	0	481	483	0	481	483	482M
8748	4949	1.702E-283	1.00	1.649E-283	0	429	431	0	429	431	430M
8749	4950	2.217E-308	1.00	0.000E+00	0	513	515	0	513	515	514M
8750	4951	1.668E-314	1.00	1.639E-314	0	479	481	0	479	481	480M
8751	4952	3.320E-116	1.00	3.218E-116	0	181	183	0	181	183	182M
8752	4953	3.975E-147	1.00	3.967E-147	0	230	232	0	230	232	231M
8753	4954	4.307E-62	1.00	4.134E-62	0	106	108	0	106	108	107M
8754	4955	1.371E-122	1.00	1.439E-122	0	192	194	0	192	194	193M
8755	4956	8.256E-275	1.00	8.089E-275	0	453	455	0	453	455	454M
8756	4957	4.850E-224	1.00	4.891E-224	0	359	361	0	359	361	360M
8757	4958	6.007E-152	1.00	6.283E-152	0	223	225	0	223	225	224M
8758	4959	7.231E-69	1.00	7.595E-69	0	112	114	0	112	114	113M
8759	4960	5.371E-70	1.00	5.368E-70	0	116	118	0	116	118	117M
8760	4961	1.278E-211	1.00	1.313E-211	0	324	326	0	324	326	325M
8761	4962	1.894E-131	1.00	1.822E-131	0	199	201	0	199	201	200M
8762	4963	2.217E-308	1.00	0.000E+00	0	942	944	0	942	944	943M
8763	4964	2.217E-308	1.00	0.000E+00	0	550	552	0	550	552	551M
8764	4965	2.217E-308	1.00	0.000E+00	0	567	569	0	567	569	568M
8765	4966	1.121E-199	1.00	1.107E-199	0	298	300	0	298	300	299M
8766	4967	2.217E-308	1.00	0.000E+00	0	654	656	0	654	656	655M
8767	4968	7.187E-144	1.00	7.323E-144	0	229	231	0	229	231	230M
8768	7669	4.284E-176	0.545	4.418E-176	16	561	572	11	537	551	9M6I211M4I10M4I83M6I5M2D155M1I52M
8769	8322	3.563E-66	1.00	3.647E-66	0	109	111	0	109	111	110M
8770	8321	2.217E-308	1.00	0.000E+00	0	1164	1166	0	1164	1166	1165M
8771	8320	1.560E-172	1.00	1.620E-172	0	254	256	0	254	256	255M
8772	8319	2.877E-138	1.00	2.931E-138	0	215	217	0	215	217	216M
8773	8318	1.351E-155	1.00	1.321E-155	0	244	246	0	244	246	245M
8774	8317	7.679E-247	1.00	7.995E-247	0	369	371	0	369	371	370M
8775	7296	5.401E-18	1.00	5.412E-18	0	29	31	0	29	31	30M
8776	4970	1.170E-26	1.00	1.174E-26	0	48	50	0	48	50	49M
8777	6624	2.217E-308	1.00	0.000E+00	0	479	481	0	479	481	480M
8778	6625	2.217E-308	1.00	0.000E+00	0	508	510	0	508	510	509M
8779	6626	3.269E-110	1.00	3.414E-110	0	161	163	0	161	163	162M
8780	6627	5.197E-96	1.00	5.116E-96	0	144	146	0	144	146	145M
8781	6628	2.005E-37	1.00	2.009E-37	0	53	55	0	53	55	54M
8782	6629	3.196E-256	1.00	3.288E-256	0	392	394	0	392	394	393M
8783	6630	5.183E-211	1.00	5.192E-211	0	313	315	0	313	315	314M
8784	6631	8.136E-192	1.00	8.086E-192	0	301	303	0	301	303	302M
8785	6632	3.051E-122	1.00	3.117E-122	0	195	197	0	195	197	196M
8786	6633	2.217E-308	1.00	0.000E+00	0	691	693	0	691	693	692M
8787	6634	3.615E-149	1.00	3.614E-149	0	224	226	0	224	226	225M
8788	6635	2.605E-177	1.00	2.694E-177	0	268	270	0	268	270	269M
8789	6636	2.217E-308	1.00	0.000E+00	0	818	820	0	818	820	819M
8790	6637	4.416E-149	1.00	4.578E-149	0	229	231	0	229	231	230M
8791	6638	1.357E-118	1.00	1.330E-118	0	185	187	0	185	187	186M
8792	6639	1.718E-132	1.00	1.767E-132	0	203	205	0	203	205	204M
8793	6640	7.180E-221	1.00	7.293E-221	0	340	342	0	340	342	341M
8794	6641	7.956E-222	1.00	8.314E-222	0	334	336	0	334	336	335M
8795	6642	2.217E-308	1.00	0.000E+00	0	753	755	0	753	755	754M
8796	6643	1.447E-143	1.00	1.512E-143	0	211	213	0	211	213	212M
8797	6644	8.576E-135	1.00	8.689E-135	0	204	206	0	204	206	205M
8798	6645	2.217E-308	1.00	0.000E+00	0	557	559	0	557	559	558M
8799	6646	4.150E-241	1.00	4.174E-241	0	334	336	0	334	336	335M
8800	6647	2.706E-33	1.00	2.706E-33	0	53	55	0	53	55	54M
8801	6648	2.217E-308	1.00	0.000E+00	0	514	516	0	514	516	515M
8802	6649	5.888E-299	1.00	5.843E-299	0	443	445	0	443	445	444M
8803	6650	2.217E-308	1.00	0.000E+00	0	542	544	0	542	544	543M
8804	6651	2.217E-308	1.00	0.000E+00	0	1227	1229	0	1227	1229	1228M
8805	6652	1.435E-217	1.00	1.387E-217	0	333	335	0	333	335	334M
8806	6653	4.040E-192	1.00	4.131E-192	0	280	282	0	280	282	281M
8807	6654	2.149E-296	1.00	2.117E-296	0	441	443	0	441	443	442M
8808	6655	4.944E-154	1.00	5.112E-154	0	248	250	0	248	250	249M
8809	6656	4.146E-202	1.00	4.180E-202	0	300	302	0	300	302	301M
8810	6657	8.503E-93	1.00	8.413E-93	0	147	149	0	147	149	148M
8811	6658	9.625E-257	1.00	9.997E-257	0	380	382	0	380	382	381M
8812	6659	5.255E-255	1.00	5.461E-255	0	405	407	0	405	407	406M
8813	6660	3.141E-172	1.00	3.090E-172	0	261	263	0	261	263	262M
8814	6661	8.560E-289	1.00	8.847E-289	0	439	441	0	439	441	440M
8815	6662	1.298E-101	1.00	1.339E-101	0	159	161	0	159	161	160M
8816	6663	4.625E-283	1.00	4.656E-283	0	431	433	0	431	433	432M
8817	6664	2.769E-278	1.00	2.823E-278	0	397	399	0	397	399	398M
8818	6665	2.217E-308	1.00	0.000E+00	0	545	547	0	545	547	546M
8819	6666	3.761E-319	1.00	3.874E-319	0	487	489	0	487	489	488M
8820	6667	5.665E-168	1.00	5.685E-168	0	262	264	0	262	264	263M
8821	6668	2.572E-172	1.00	2.477E-172	0	263	265	0	263	265	264M
8822	6669	4.747E-177	1.00	4.671E-177	0	273	275	0	273	275	274M
8823	6670	7.446E-119	1.00	7.149E-119	0	172	174	0	172	174	173M
8824	6671	6.502E-260	1.00	6.794E-260	0	406	408	0	406	408	407M
8825	6672	1.823E-271	1.00	1.810E-271	0	402	404	0	402	404	403M
8826	6673	3.493E-213	1.00	3.629E-213	0	308	310	0	308	310	309M
8827	6674	9.172E-161	1.00	9.216E-161	0	253	255	0	253	255	254M
8828	6675	6.369E-252	1.00	6.409E-252	0	354	356	0	354	356	355M
8829	6676	2.887E-62	1.00	2.797E-62	0	98	100	0	98	100	99M
8830	6677	3.572E-67	1.00	3.526E-67	0	100	102	0	100	102	101M
8831	6678	2.117E-174	1.00	2.118E-174	0	269	271	0	269	271	270M
8832	6679	3.199E-63	1.00	3.059E-63	0	98	100	0	98	100	99M
8833	6680	1.519E-123	1.00	1.581E-123	0	192	194	0	192	194	193M
8834	6681	3.827E-171	1.00	3.848E-171	0	261	263	0	261	263	262M
8835	6682	1.265E-91	1.00	1.282E-91	0	138	140	0	138	140	139M
8836	6683	2.558E-286	1.00	2.479E-286	0	418	420	0	418	420	419M
8837	6684	2.217E-308	1.00	0.000E+00	0	663	665	0	663	665	664M
8838	6685	8.075E-73	1.00	7.962E-73	0	112	114	0	112	114	113M
8839	6686	1.644E-115	1.00	1.605E-115	0	175	177	0	175	177	176M
8840	6687	4.817E-260	1.00	4.824E-260	0	419	421	0	419	421	420M
8841	6688	3.603E-225	1.00	3.749E-225	0	331	333	0	331	333	332M
8842	6689	5.813E-31	1.00	5.799E-31	0	65	67	0	65	67	66M
8843	6690	1.627E-111	1.00	1.633E-111	0	170	172	0	170	172	171M
8844	6691	8.422E-128	1.00	8.027E-128	0	203	205	0	203	205	204M
8845	6692	2.217E-308	1.00	0.000E+00	0	687	689	0	687	689	688M
8846	6693	2.217E-308	1.00	0.000E+00	0	539	541	0	539	541	540M
8847	6694	2.833E-132	1.00	2.792E-132	0	206	208	0	206	208	207M
8848	6695	5.632E-322	1.00	5.682E-322	0	489	491	0	489	491	490M
8849	6696	2.217E-308	1.00	0.000E+00	0	551	553	0	551	553	552M
8850	6697	2.217E-308	1.00	0.000E+00	0	545	547	0	545	547	546M
8851	6698	1.145E-91	1.00	1.123E-91	0	155	157	0	155	157	156M
8852	6699	5.511E-196	1.00	5.423E-196	0	291	293	0	291	293	292M
8853	6700	3.409E-281	1.00	3.563E-281	0	443	445	0	443	445	444M
8854	6701	2.217E-308	1.00	0.000E+00	0	636	638	0	636	638	637M
8855	6702	3.569E-144	1.00	3.597E-144	0	234	236	0	234	236	235M
8856	6703	1.159E-57	1.00	1.206E-57	0	90	92	0	90	92	91M
8857	6704	1.739E-98	1.00	1.828E-98	0	145	147	0	145	147	146M
8858	6705	8.357E-125	1.00	8.550E-125	0	197	199	0	197	199	198M
8859	6706	6.593E-188	1.00	6.624E-188	0	305	307	0	305	307	306M
8860	6707	2.217E-308	1.00	0.000E+00	0	495	497	0	495	497	496M
8861	6708	7.510E-161	1.00	7.479E-161	0	262	264	0	262	264	263M
8862	6709	2.217E-308	1.00	0.000E+00	0	1056	1058	0	1056	1058	1057M
8863	6710	2.581E-212	1.00	2.653E-212	0	337	339	0	337	339	338M
8864	6711	9.118E-120	1.00	8.968E-120	0	188	190	0	188	190	189M
8865	6712	5.539E-198	1.00	5.789E-198	0	295	297	0	295	297	296M
8866	6713	1.036E-207	1.00	1.001E-207	0	313	315	0	313	315	314M
8867	6714	6.491E-298	1.00	6.228E-298	0	460	462	0	460	462	461M
8868	6715	1.024E-164	1.00	1.051E-164	0	241	243	0	241	243	242M
8869	6716	4.889E-111	1.00	4.898E-111	0	160	162	0	160	162	161M
8870	6717	1.059E-61	1.00	1.062E-61	0	93	95	0	93	95	94M
8871	6718	3.490E-58	1.00	3.578E-58	0	91	93	0	91	93	92M
8872	6719	3.768E-165	1.00	3.597E-165	0	245	247	0	245	247	246M
8873	6720	1.609E-300	1.00	1.664E-300	0	441	443	0	441	443	442M
8874	6721	3.768E-165	1.00	3.829E-165	0	253	255	0	253	255	254M
8875	6722	2.217E-308	1.00	0.000E+00	0	596	598	0	596	598	597M
8876	6723	4.061E-310	1.00	3.966E-310	0	459	461	0	459	461	460M
8877	6724	8.822E-262	1.00	8.554E-262	0	400	402	0	400	402	401M
8878	6725	2.919E-221	1.00	2.866E-221	0	347	349	0	347	349	348M
8879	6127	2.217E-308	1.00	0.000E+00	0	479	481	0	479	481	480M
8880	6128	5.164E-20	1.00	5.178E-20	0	37	39	0	37	39	38M
8881	6129	2.217E-308	1.00	0.000E+00	0	820	822	0	820	822	821M
8882	6130	3.490E-58	1.00	3.578E-58	0	91	93	0	91	93	92M
8883	6131	4.802E-19	1.00	4.795E-19	0	37	39	0	37	39	38M
8884	6132	7.930E-66	1.00	8.317E-66	0	100	102	0	100	102	101M
8885	6133	4.987E-80	1.00	4.814E-80	0	121	123	0	121	123	122M
8886	6134	6.807E-123	1.00	6.838E-123	0	183	185	0	183	185	184M
8887	6135	1.361E-42	1.00	1.359E-42	0	68	70	0	68	70	69M
8888	6136	1.376E-46	1.00	1.379E-46	0	74	76	0	74	76	75M
8889	6137	5.724E-172	1.00	5.718E-172	0	254	256	0	254	256	255M
8890	6138	3.856E-290	1.00	3.880E-290	0	426	428	0	426	428	427M
8891	6139	1.772E-144	1.00	1.859E-144	0	220	222	0	220	222	221M
8892	6140	9.023E-27	1.00	9.030E-27	0	43	45	0	43	45	44M
8893	6141	7.181E-105	1.00	7.412E-105	0	154	156	0	154	156	155M
8894	6142	1.752E-217	1.00	1.673E-217	0	337	339	0	337	339	338M
8895	6143	1.081E-185	1.00	1.072E-185	0	279	281	0	279	281	280M
8896	6144	4.695E-134	1.00	4.481E-134	0	212	214	0	212	214	213M
8897	6145	2.626E-180	1.00	2.661E-180	0	255	257	0	255	257	256M
8898	6146	7.687E-54	1.00	7.502E-54	0	94	96	0	94	96	95M
8899	6147	1.070E-34	1.00	1.071E-34	0	58	60	0	58	60	59M
8900	6148	1.485E-153	1.00	1.522E-153	0	231	233	0	231	233	232M
8901	6149	6.277E-169	1.00	6.558E-169	0	263	265	0	263	265	264M
8902	6150	1.141E-51	1.00	1.173E-51	0	81	83	0	81	83	82M
8903	6151	1.255E-204	1.00	1.307E-204	0	298	300	0	298	300	299M
8904	6152	1.229E-157	1.00	1.185E-157	0	231	233	0	231	233	232M
8905	6153	5.029E-238	1.00	5.144E-238	0	358	360	0	358	360	359M
8906	6154	1.555E-132	1.00	1.633E-132	0	208	210	0	208	210	209M
8907	6155	2.463E-310	1.00	2.393E-310	0	482	484	0	482	484	483M
8908	6156	2.217E-308	1.00	0.000E+00	0	649	651	0	649	651	650M
8909	6157	3.560E-143	1.00	3.603E-143	0	216	218	0	216	218	217M
8910	6158	2.217E-308	1.00	0.000E+00	0	510	512	0	510	512	511M
8911	6159	1.029E-38	1.00	1.028E-38	0	63	65	0	63	65	64M
8912	6160	7.786E-175	1.00	7.985E-175	0	255	257	0	255	257	256M
8913	6161	2.264E-84	1.00	2.326E-84	0	131	133	0	131	133	132M
8914	6162	2.217E-308	1.00	0.000E+00	0	3450	3452	0	3450	3452	3451M
8915	6163	4.465E-192	1.00	4.669E-192	0	296	298	0	296	298	297M
8916	6164	1.561E-95	1.00	1.599E-95	0	148	150	0	148	150	149M
8917	6165	4.314E-140	1.00	4.418E-140	0	213	215	0	213	215	214M
8918	6166	1.390E-50	1.00	1.446E-50	0	87	89	0	87	89	88M
8919	6167	3.847E-57	1.00	3.794E-57	0	94	96	0	94	96	95M
8920	6168	9.365E-53	1.00	9.810E-53	0	82	84	0	82	84	83M
8921	6169	1.541E-206	1.00	1.511E-206	0	297	299	0	297	299	298M
8922	6170	4.285E-60	1.00	4.276E-60	0	91	93	0	91	93	92M
8923	6171	4.058E-155	1.00	3.966E-155	0	254	256	0	254	256	255M
8924	6172	3.093E-282	1.00	2.942E-282	0	430	432	0	430	432	431M
8925	6173	4.723E-59	1.00	4.535E-59	0	94	96	0	94	96	95M
8926	6174	9.141E-121	1.00	9.376E-121	0	207	209	0	207	209	208M
8927	6175	2.217E-308	1.00	0.000E+00	0	591	593	0	591	593	592M
8928	6176	8.786E-67	1.00	8.664E-67	0	99	101	0	99	101	100M
8929	6177	4.965E-117	1.00	4.847E-117	0	181	183	0	181	183	182M
8930	6178	1.534E-243	1.00	1.485E-243	0	375	377	0	375	377	376M
8931	6179	1.729E-57	1.00	1.739E-57	0	91	93	0	91	93	92M
8932	6180	2.217E-308	1.00	0.000E+00	0	511	513	0	511	513	512M
8933	6181	2.217E-308	1.00	0.000E+00	0	662	664	0	662	664	663M
8934	6182	2.655E-107	1.00	2.759E-107	0	169	171	0	169	171	170M
8935	6183	4.397E-39	1.00	4.399E-39	0	65	67	0	65	67	66M
8936	6184	2.612E-178	1.00	2.698E-178	0	266	268	0	266	268	267M
8937	6185	8.221E-196	1.00	8.277E-196	0	300	302	0	300	302	301M
8938	6186	1.857E-46	1.00	1.893E-46	0	74	76	0	74	76	75M
8939	6187	4.266E-97	1.00	4.180E-97	0	151	153	0	151	153	152M
8940	6188	1.904E-133	1.00	1.942E-133	0	203	205	0	203	205	204M
8941	6189	3.761E-319	1.00	3.833E-319	0	480	482	0	480	482	481M
8942	6190	1.792E-71	1.00	1.787E-71	0	111	113	0	111	113	112M
8943	6191	1.010E-120	1.00	1.002E-120	0	195	197	0	195	197	196M
8944	6192	4.523E-197	1.00	4.530E-197	0	312	314	0	312	314	313M
8945	6193	3.413E-88	1.00	3.275E-88	0	137	139	0	137	139	138M
8946	6194	6.217E-204	1.00	6.319E-204	0	298	300	0	298	300	299M
8947	6195	3.810E-208	1.00	3.710E-208	0	312	314	0	312	314	313M
8948	6196	1.184E-220	1.00	1.162E-220	0	350	352	0	350	352	351M
8949	6197	2.217E-308	1.00	0.000E+00	0	761	763	0	761	763	762M
8950	6198	1.528E-48	1.00	1.583E-48	0	86	88	0	86	88	87M
8951	6199	6.261E-168	1.00	6.105E-168	0	277	279	0	277	279	278M
8952	6200	7.841E-139	1.00	7.776E-139	0	227	229	0	227	229	228M
8953	6201	1.213E-152	1.00	1.201E-152	0	228	230	0	228	230	229M
8954	6202	3.860E-97	1.00	3.984E-97	0	150	152	0	150	152	151M
8955	6203	2.019E-117	1.00	2.032E-117	0	176	178	0	176	178	177M
8956	6204	1.397E-168	1.00	1.445E-168	0	253	255	0	253	255	254M
8957	6205	8.101E-229	1.00	8.134E-229	0	346	348	0	346	348	347M
8958	6206	2.217E-308	1.00	0.000E+00	0	491	493	0	491	493	492M
8959	6207	8.350E-86	1.00	8.145E-86	0	127	129	0	127	129	128M
8960	6208	4.863E-225	1.00	4.832E-225	0	323	325	0	323	325	324M
8961	6209	1.624E-149	1.00	1.639E-149	0	214	216	0	214	216	215M
8962	6210	9.643E-103	1.00	9.542E-103	0	150	152	0	150	152	151M
8963	6211	6.561E-43	1.00	6.592E-43	0	60	62	0	60	62	61M
8964	6212	1.068E-41	1.00	1.071E-41	0	65	67	0	65	67	66M
8965	6213	3.656E-76	1.00	3.679E-76	0	123	125	0	123	125	124M
8966	6214	3.511E-41	1.00	3.506E-41	0	76	78	0	76	78	77M
8967	6215	1.814E-153	1.00	1.810E-153	0	228	230	0	228	230	229M
8968	6216	1.147E-53	1.00	1.160E-53	0	90	92	0	90	92	91M
8969	6217	3.989E-71	1.00	4.182E-71	0	109	111	0	109	111	110M
8970	6218	3.149E-173	1.00	3.139E-173	0	266	268	0	266	268	267M
8971	6219	3.117E-53	1.00	3.212E-53	0	85	87	0	85	87	86M
8972	6220	9.811E-71	1.00	1.028E-70	0	108	110	0	108	110	109M
8973	6221	3.009E-78	1.00	3.069E-78	0	122	124	0	122	124	123M
8974	6222	9.930E-153	1.00	1.041E-152	0	225	227	0	225	227	226M
8975	6223	3.584E-223	1.00	3.603E-223	0	341	343	0	341	343	342M
8976	6224	1.301E-63	1.00	1.335E-63	0	94	96	0	94	96	95M
8977	6225	4.495E-36	1.00	4.501E-36	0	58	60	0	58	60	59M
8978	6226	9.094E-119	1.00	9.084E-119	0	177	179	0	177	179	178M
8979	6227	1.111E-118	1.00	1.109E-118	0	168	170	0	168	170	169M
8980	6228	1.479E-43	1.00	1.481E-43	0	68	70	0	68	70	69M
8981	6229	3.366E-44	1.00	3.364E-44	0	70	72	0	70	72	71M
8982	6230	1.156E-33	1.00	1.159E-33	0	55	57	0	55	57	56M
8983	6231	3.019E-234	1.00	3.155E-234	0	329	331	0	329	331	330M
8984	6232	1.041E-93	1.00	1.066E-93	0	150	152	0	150	152	151M
8985	6233	2.528E-204	1.00	2.657E-204	0	293	295	0	293	295	294M
8986	6234	1.185E-259	1.00	1.177E-259	0	384	386	0	384	386	385M
8987	6235	2.217E-308	1.00	0.000E+00	0	660	662	0	660	662	661M
8988	6236	2.217E-308	1.00	0.000E+00	0	506	508	0	506	508	507M
8989	6237	2.440E-229	1.00	2.544E-229	0	382	384	0	382	384	383M
8990	6238	8.862E-109	1.00	9.256E-109	0	164	166	0	164	166	165M
8991	6239	3.424E-244	1.00	3.453E-244	0	364	366	0	364	366	365M
8992	6240	1.758E-257	1.00	1.773E-257	0	370	372	0	370	372	371M
8993	6241	3.377E-200	1.00	3.448E-200	0	300	302	0	300	302	301M
8994	6242	3.120E-92	1.00	3.273E-92	0	149	151	0	149	151	150M
8995	6243	1.121E-83	1.00	1.102E-83	0	124	126	0	124	126	125M
8996	6244	8.081E-112	1.00	8.117E-112	0	162	164	0	162	164	163M
8997	6245	1.552E-286	1.00	1.519E-286	0	421	423	0	421	423	422M
8998	6246	2.217E-308	1.00	0.000E+00	0	1197	1199	0	1197	1199	1198M
8999	6247	4.893E-150	1.00	5.036E-150	0	229	231	0	229	231	230M
9000	6248	4.965E-233	1.00	4.937E-233	0	354	356	0	354	356	355M
9001	6249	4.171E-243	1.00	4.347E-243	0	371	373	0	371	373	372M
9002	6250	2.852E-96	1.00	2.721E-96	0	144	146	0	144	146	145M
9003	6251	1.243E-84	1.00	1.237E-84	0	131	133	0	131	133	132M
9004	6252	5.874E-66	1.00	5.930E-66	0	106	108	0	106	108	107M
9005	6253	5.319E-221	1.00	5.441E-221	0	354	356	0	354	356	355M
9006	6254	1.163E-97	1.00	1.127E-97	0	150	152	0	150	152	151M
9007	6255	2.432E-189	1.00	2.447E-189	0	275	277	0	275	277	276M
9008	6256	2.128E-176	1.00	2.194E-176	0	259	261	0	259	261	260M
9009	6257	9.109E-197	1.00	9.552E-197	0	301	303	0	301	303	302M
9010	6258	5.090E-320	1.00	5.216E-320	0	471	473	0	471	473	472M
9011	6259	7.794E-98	1.00	7.835E-98	0	149	151	0	149	151	150M
9012	6260	2.217E-308	1.00	0.000E+00	0	678	680	0	678	680	679M
9013	6261	1.208E-15	1.00	1.210E-15	0	29	31	0	29	31	30M
9014	6262	5.188E-134	1.00	5.412E-134	0	216	218	0	216	218	217M
9015	6263	5.183E-211	1.00	5.365E-211	0	307	309	0	307	309	308M
9016	6264	1.987E-227	1.00	1.991E-227	0	347	349	0	347	349	348M
9017	6265	4.868E-148	1.00	4.862E-148	0	239	241	0	239	241	240M
9018	6266	9.609E-179	1.00	9.360E-179	0	277	279	0	277	279	278M
9019	6267	1.536E-50	1.00	1.595E-50	0	89	91	0	89	91	90M
9020	6268	8.696E-63	1.00	8.897E-63	0	94	96	0	94	96	95M
9021	6269	1.363E-81	1.00	1.417E-81	0	133	135	0	133	135	134M
9022	6270	5.162E-132	1.00	5.003E-132	0	205	207	0	205	207	206M
9023	6271	2.217E-308	1.00	0.000E+00	0	1009	1011	0	1009	1011	1010M
9024	6272	1.703E-206	1.00	1.789E-206	0	314	316	0	314	316	315M
9025	6273	1.040E-170	1.00	1.039E-170	0	242	244	0	242	244	243M
9026	6274	8.900E-188	1.00	8.490E-188	0	270	272	0	270	272	271M
9027	6275	1.569E-97	1.00	1.546E-97	0	150	152	0	150	152	151M
9028	6276	1.113E-196	1.00	1.070E-196	0	290	292	0	290	292	291M
9029	6277	4.040E-192	1.00	3.870E-192	0	292	294	0	292	294	293M
9030	5671	5.489E-32	1.00	5.479E-32	0	56	58	0	56	58	57M
9031	4971	9.077E-273	0.993	8.968E-273	0	439	441	0	442	444	104M3D336M
9032	4972	2.217E-308	1.00	0.000E+00	0	648	650	0	648	650	649M
9033	4973	3.098E-128	1.00	3.250E-128	0	184	186	0	184	186	185M
9034	4974	5.734E-134	1.00	5.766E-134	0	204	206	0	204	206	205M
9035	4975	1.353E-117	1.00	1.413E-117	0	175	177	0	175	177	176M
9036	4976	1.173E-139	1.00	1.156E-139	0	220	222	0	220	222	221M
9037	4977	1.277E-172	1.00	1.258E-172	0	262	264	0	262	264	263M
9038	4978	2.217E-308	1.00	0.000E+00	0	482	484	0	482	484	483M
9039	4979	1.820E-193	1.00	1.766E-193	0	280	282	0	280	282	281M
9040	4980	5.180E-56	1.00	5.107E-56	0	89	91	0	89	91	90M
9041	4981	1.203E-149	1.00	1.180E-149	0	227	229	0	227	229	228M
9042	4982	1.062E-178	1.00	1.014E-178	0	272	274	0	272	274	273M
9043	4983	1.255E-88	1.00	1.303E-88	0	131	133	0	131	133	132M
9044	4984	2.217E-308	1.00	0.000E+00	0	643	645	0	643	645	644M
9045	4985	2.850E-173	1.00	2.771E-173	0	250	252	0	250	252	251M
9046	4986	1.041E-209	1.00	1.045E-209	0	330	332	0	330	332	331M
9047	4987	8.629E-60	1.00	8.491E-60	0	105	107	0	105	107	106M
9048	4988	6.431E-101	1.00	6.187E-101	0	158	160	0	158	160	159M
9049	4989	7.336E-268	1.00	7.520E-268	0	405	407	0	405	407	406M
9050	4990	3.354E-236	1.00	3.354E-236	0	353	355	0	353	355	354M
9051	4991	2.427E-227	1.00	2.454E-227	0	338	340	0	338	340	339M
9052	4992	1.804E-267	1.00	1.802E-267	0	390	392	0	390	392	391M
9053	4993	3.152E-212	1.00	3.190E-212	0	314	316	0	314	316	315M
9054	4994	1.516E-277	1.00	1.449E-277	0	405	407	0	405	407	406M
9055	4995	5.723E-288	1.00	5.857E-288	0	439	441	0	439	441	440M
9056	4996	4.121E-277	1.00	4.292E-277	0	408	410	0	408	410	409M
9057	4997	1.758E-257	1.00	1.715E-257	0	376	378	0	376	378	377M
9058	4998	2.217E-308	1.00	0.000E+00	0	467	469	0	467	469	468M
9059	4999	4.512E-196	1.00	4.676E-196	0	308	310	0	308	310	309M
9060	5000	3.445E-169	1.00	3.491E-169	0	263	265	0	263	265	264M
9061	5001	3.101E-283	1.00	2.987E-283	0	435	437	0	435	437	436M
9062	5002	3.703E-197	1.00	3.758E-197	0	308	310	0	308	310	309M
9063	5003	1.506E-313	1.00	1.578E-313	0	460	462	0	460	462	461M
9064	5004	1.095E-306	1.00	1.133E-306	0	454	456	0	454	456	455M
9065	5005	2.146E-218	1.00	2.195E-218	0	334	336	0	334	336	335M
9066	5006	6.859E-242	1.00	7.131E-242	0	350	352	0	350	352	351M
9067	5007	6.096E-119	1.00	5.852E-119	0	201	203	0	201	203	202M
9068	5008	2.985E-191	1.00	3.053E-191	0	289	291	0	289	291	290M
9069	5009	5.848E-219	1.00	6.143E-219	0	327	329	0	327	329	328M
9070	5010	3.027E-235	1.00	3.005E-235	0	346	348	0	346	348	347M
9071	5011	6.464E-103	1.00	6.584E-103	0	162	164	0	162	164	163M
9072	5012	5.310E-143	1.00	5.430E-143	0	218	220	0	218	220	219M
9073	5013	2.217E-308	1.00	0.000E+00	0	894	896	0	894	896	895M
9074	5014	3.436E-52	1.00	3.411E-52	0	88	90	0	88	90	89M
9075	5015	2.947E-186	1.00	3.080E-186	0	286	288	0	286	288	287M
9076	5016	1.236E-198	1.00	1.255E-198	0	296	298	0	296	298	297M
9077	5017	2.217E-308	1.00	0.000E+00	0	973	975	0	973	975	974M
9078	5018	3.257E-70	1.00	3.143E-70	0	118	120	0	118	120	119M
9079	5019	1.098E-191	1.00	1.064E-191	0	280	282	0	280	282	281M
9080	5020	2.217E-308	1.00	0.000E+00	0	802	804	0	802	804	803M
9081	5021	9.913E-75	1.00	1.003E-74	0	113	115	0	113	115	114M
9082	5022	1.472E-227	1.00	1.416E-227	0	333	335	0	333	335	334M
9083	5023	2.157E-104	1.00	2.083E-104	0	169	171	0	169	171	170M
9084	5024	1.357E-33	1.00	1.352E-33	0	58	60	0	58	60	59M
9085	5025	2.217E-308	1.00	0.000E+00	0	667	669	0	667	669	668M
9086	5026	2.311E-208	1.00	2.274E-208	0	315	317	0	315	317	316M
9087	5027	2.217E-308	1.00	0.000E+00	0	627	629	0	627	629	628M
9088	5028	4.508E-157	1.00	4.388E-157	0	232	234	0	232	234	233M
9089	5029	2.500E-45	1.00	2.381E-45	0	74	76	0	74	76	75M
9090	5030	1.708E-207	1.00	1.688E-207	0	304	306	0	304	306	305M
9091	5031	2.217E-308	1.00	0.000E+00	0	1101	1103	0	1101	1103	1102M
9092	5032	3.351E-197	1.00	3.387E-197	0	279	281	0	279	281	280M
9093	5033	2.217E-308	1.00	0.000E+00	0	636	638	0	636	638	637M
9094	5034	2.217E-308	1.00	0.000E+00	0	778	780	0	778	780	779M
9095	5035	1.051E-290	1.00	1.100E-290	0	426	428	0	426	428	427M
9096	5036	9.797E-24	1.00	9.756E-24	0	43	45	0	43	45	44M
9097	5037	2.217E-308	1.00	0.000E+00	0	943	945	0	943	945	944M
9098	5038	2.005E-153	1.00	2.021E-153	0	237	239	0	237	239	238M
9099	5039	2.217E-308	1.00	0.000E+00	0	548	550	0	548	550	549M
9100	5040	1.211E-74	1.00	1.161E-74	0	116	118	0	116	118	117M
9101	5041	7.342E-307	1.00	7.428E-307	0	472	474	0	472	474	473M
9102	5042	3.286E-112	1.00	3.176E-112	0	182	184	0	182	184	183M
9103	5043	6.588E-149	1.00	6.790E-149	0	224	226	0	224	226	225M
9104	5044	2.217E-308	1.00	0.000E+00	0	594	596	0	594	596	595M
9105	5045	2.440E-113	1.00	2.454E-113	0	168	170	0	168	170	169M
9106	5046	1.647E-309	1.00	1.625E-309	0	442	444	0	442	444	443M
9107	5047	2.217E-308	1.00	0.000E+00	0	893	895	0	893	895	894M
9108	5048	1.598E-220	1.00	1.631E-220	0	337	339	0	337	339	338M
9109	5049	6.175E-124	1.00	6.204E-124	0	179	181	0	179	181	180M
9110	5050	2.366E-101	1.00	2.485E-101	0	172	174	0	172	174	173M
9111	5051	2.592E-59	1.00	2.475E-59	0	101	103	0	101	103	102M
9112	5052	2.217E-308	1.00	0.000E+00	0	628	630	0	628	630	629M
9113	5053	2.217E-308	1.00	0.000E+00	0	531	533	0	531	533	532M
9114	5054	9.834E-304	1.00	9.367E-304	0	497	499	0	497	499	498M
9115	5055	5.175E-133	1.00	5.083E-133	0	210	212	0	210	212	211M
9116	5056	3.183E-61	1.00	3.179E-61	0	96	98	0	96	98	97M
9117	5057	4.072E-195	1.00	4.139E-195	0	294	296	0	294	296	295M
9118	5058	5.694E-170	1.00	5.890E-170	0	252	254	0	252	254	253M
9119	5059	7.754E-96	1.00	7.555E-96	0	139	141	0	139	141	140M
9120	5060	4.555E-45	1.00	4.485E-45	0	74	76	0	74	76	75M
9121	5061	2.217E-308	1.00	0.000E+00	0	557	559	0	557	559	558M
9122	5062	1.451E-28	1.00	1.445E-28	0	55	57	0	55	57	56M
9123	5063	4.905E-267	1.00	4.921E-267	0	398	400	0	398	400	399M
9124	5064	2.482E-197	1.00	2.431E-197	0	292	294	0	292	294	293M
9125	5065	9.023E-232	1.00	9.103E-232	0	376	378	0	376	378	377M
9126	5066	2.217E-308	1.00	0.000E+00	0	546	548	0	546	548	547M
9127	5067	1.855E-123	1.00	1.792E-123	0	188	190	0	188	190	189M
9128	5068	1.879E-128	1.00	1.911E-128	0	206	208	0	206	208	207M
9129	5069	7.193E-36	1.00	7.202E-36	0	61	63	0	61	63	62M
9130	5070	2.217E-308	1.00	0.000E+00	0	686	688	0	686	688	687M
9131	5071	3.136E-94	1.00	3.273E-94	0	165	167	0	165	167	166M
9132	5072	1.485E-269	1.00	1.440E-269	0	408	410	0	408	410	409M
9133	5073	6.074E-195	1.00	6.145E-195	0	289	291	0	289	291	290M
9134	5074	3.389E-124	1.00	3.529E-124	0	187	189	0	187	189	188M
9135	5075	3.043E-121	1.00	2.973E-121	0	196	198	0	196	198	197M
9136	5076	1.539E-128	1.00	1.527E-128	0	188	190	0	188	190	189M
9137	5077	1.136E-321	1.00	1.176E-321	0	491	493	0	491	493	492M
9138	5078	2.217E-308	1.00	0.000E+00	0	676	678	0	676	678	677M
9139	5079	1.504E-158	1.00	1.456E-158	0	240	242	0	240	242	241M
9140	5080	2.217E-308	1.00	0.000E+00	0	802	804	0	802	804	803M
9141	5081	4.135E-201	1.00	4.278E-201	0	316	318	0	316	318	317M
9142	5082	5.788E-215	1.00	5.569E-215	0	313	315	0	313	315	314M
9143	5083	2.539E-167	1.00	2.658E-167	0	268	270	0	268	270	269M
9144	5084	1.171E-293	1.00	1.146E-293	0	468	470	0	468	470	469M
9145	5085	4.154E-164	1.00	4.077E-164	0	243	245	0	243	245	244M
9146	5086	1.022E-163	1.00	1.017E-163	0	249	251	0	249	251	250M
9147	5087	9.413E-171	1.00	9.146E-171	0	266	268	0	266	268	267M
9148	5088	9.676E-143	1.00	9.565E-143	0	230	232	0	230	232	231M
9149	5089	2.217E-308	1.00	0.000E+00	0	1148	1150	0	1148	1150	1149M
9150	5090	3.511E-215	1.00	3.586E-215	0	344	346	0	344	346	345M
9151	5091	2.217E-308	1.00	0.000E+00	0	677	679	0	677	679	678M
9152	5092	1.295E-100	1.00	1.255E-100	0	153	155	0	153	155	154M
9153	5093	5.282E-257	1.00	5.363E-257	0	414	416	0	414	416	415M
9154	5094	2.217E-308	1.00	0.000E+00	0	475	477	0	475	477	476M
9155	5095	6.610E-189	1.00	6.395E-189	0	282	284	0	282	284	283M
9156	5096	2.057E-163	1.00	1.973E-163	0	243	245	0	243	245	244M
9157	5097	7.081E-293	1.00	6.791E-293	0	425	427	0	425	427	426M
9158	5098	1.050E-251	1.00	1.017E-251	0	384	386	0	384	386	385M
9159	5099	1.895E-170	1.00	1.893E-170	0	248	250	0	248	250	249M
9160	5100	7.841E-139	1.00	7.551E-139	0	213	215	0	213	215	214M
9161	5101	1.121E-199	1.00	1.176E-199	0	306	308	0	306	308	307M
9162	5102	1.026E-126	1.00	1.033E-126	0	197	199	0	197	199	198M
9163	5103	9.244E-164	1.00	9.391E-164	0	254	256	0	254	256	255M
9164	5104	2.583E-135	1.00	2.461E-135	0	204	206	0	204	206	205M
9165	5105	4.473E-154	1.00	4.581E-154	0	219	221	0	219	221	220M
9166	5106	1.519E-123	1.00	1.554E-123	0	185	187	0	185	187	186M
9167	5107	2.436E-35	1.00	2.431E-35	0	60	62	0	60	62	61M
9168	5108	3.771E-204	1.00	3.710E-204	0	327	329	0	327	329	328M
9169	5109	2.442E-152	1.00	2.436E-152	0	243	245	0	243	245	244M
9170	5110	2.319E-43	1.00	2.325E-43	0	77	79	0	77	79	78M
9171	5111	2.601E-99	1.00	2.482E-99	0	156	158	0	156	158	157M
9172	5112	1.684E-163	1.00	1.764E-163	0	254	256	0	254	256	255M
9173	5113	3.238E-145	1.00	3.230E-145	0	223	225	0	223	225	224M
9174	5114	3.894E-139	1.00	3.714E-139	0	218	220	0	218	220	219M
9175	5115	2.217E-308	1.00	0.000E+00	0	592	594	0	592	594	593M
9176	5116	8.271E-121	1.00	8.544E-121	0	185	187	0	185	187	186M
9177	5117	5.013E-82	1.00	5.120E-82	0	125	127	0	125	127	126M
9178	5118	8.488E-131	1.00	8.664E-131	0	192	194	0	192	194	193M
9179	5119	4.711E-58	1.00	4.806E-58	0	97	99	0	97	99	98M
9180	5120	1.249E-202	1.00	1.275E-202	0	315	317	0	315	317	316M
9181	5121	1.801E-189	1.00	1.872E-189	0	276	278	0	276	278	277M
9182	5122	2.789E-126	1.00	2.743E-126	0	191	193	0	191	193	192M
9183	5123	2.217E-308	1.00	0.000E+00	0	568	570	0	568	570	569M
9184	5124	3.006E-271	1.00	2.949E-271	0	426	428	0	426	428	427M
9185	5125	2.217E-308	1.00	0.000E+00	0	620	622	0	620	622	621M
9186	5126	6.287E-247	1.00	6.256E-247	0	384	386	0	384	386	385M
9187	5127	2.213E-230	1.00	2.133E-230	0	349	351	0	349	351	350M
9188	5128	5.650E-167	1.00	5.691E-167	0	244	246	0	244	246	245M
9189	5129	9.189E-123	1.00	8.938E-123	0	182	184	0	182	184	183M
9190	5130	6.447E-102	1.00	6.474E-102	0	157	159	0	157	159	158M
9191	5131	2.163E-105	1.00	2.246E-105	0	162	164	0	162	164	163M
9192	5132	4.274E-59	1.00	4.188E-59	0	86	88	0	86	88	87M
9193	5133	5.020E-276	1.00	4.961E-276	0	393	395	0	393	395	394M
9194	5134	7.894E-219	1.00	7.664E-219	0	325	327	0	325	327	326M
9195	5135	3.523E-255	1.00	3.588E-255	0	369	371	0	369	371	370M
9196	5136	2.217E-308	1.00	0.000E+00	0	547	549	0	547	549	548M
9197	5137	1.312E-221	1.00	1.277E-221	0	323	325	0	323	325	324M
9198	5138	1.197E-263	1.00	1.230E-263	0	370	372	0	370	372	371M
9199	5139	2.263E-316	1.00	2.291E-316	0	482	484	0	482	484	483M
9200	5140	7.854E-217	1.00	8.150E-217	0	317	319	0	317	319	318M
9201	5141	8.018E-225	1.00	8.211E-225	0	341	343	0	341	343	342M
9202	5142	2.217E-308	1.00	0.000E+00	0	540	542	0	540	542	541M
9203	5143	2.491E-121	1.00	2.419E-121	0	185	187	0	185	187	186M
9204	5144	4.051E-193	1.00	4.200E-193	0	285	287	0	285	287	286M
9205	5145	3.202E-102	1.00	3.214E-102	0	149	151	0	149	151	150M
9206	5146	7.374E-270	1.00	7.666E-270	0	408	410	0	408	410	409M
9207	5147	4.614E-282	1.00	4.683E-282	0	440	442	0	440	442	441M
9208	5148	4.974E-79	1.00	4.841E-79	0	123	125	0	123	125	124M
9209	5149	2.561E-93	1.00	2.544E-93	0	155	157	0	155	157	156M
9210	5150	2.217E-308	1.00	0.000E+00	0	711	713	0	711	713	712M
9211	5151	2.813E-21	1.00	2.807E-21	0	37	38	0	37	38	38M
9212	5152	2.217E-308	1.00	0.000E+00	0	817	819	0	817	819	818M
9213	5153	3.694E-80	1.00	3.593E-80	0	128	130	0	128	130	129M
9214	5154	4.528E-120	1.00	4.469E-120	0	180	182	0	180	182	181M
9215	5155	1.069E-142	1.00	1.036E-142	0	225	227	0	225	227	226M
9216	5156	1.754E-140	1.00	1.799E-140	0	214	216	0	214	216	215M
9217	5157	1.855E-123	1.00	1.911E-123	0	196	198	0	196	198	197M
9218	5158	2.435E-31	1.00	2.427E-31	0	48	50	0	48	50	49M
9219	5159	2.229E-194	1.00	2.240E-194	0	283	285	0	283	285	284M
9220	5160	1.556E-55	1.00	1.495E-55	0	98	100	0	98	100	99M
9221	5161	1.923E-253	1.00	1.858E-253	0	386	388	0	386	388	387M
9222	5162	1.993E-112	1.00	2.030E-112	0	166	168	0	166	168	167M
9223	5163	5.411E-305	1.00	5.203E-305	0	455	457	0	455	457	456M
9224	5164	3.714E-82	1.00	3.714E-82	0	138	140	0	138	140	139M
9225	5165	2.860E-97	1.00	2.906E-97	0	150	152	0	150	152	151M
9226	5166	1.621E-303	1.00	1.625E-303	0	441	443	0	441	443	442M
9227	5167	2.396E-222	1.00	2.470E-222	0	335	337	0	335	337	336M
9228	5168	3.380E-123	1.00	3.426E-123	0	195	197	0	195	197	196M
9229	5169	2.828E-54	1.00	2.967E-54	0	88	90	0	88	90	89M
9230	5170	2.217E-308	1.00	0.000E+00	0	847	849	0	847	849	848M
9231	5171	2.217E-308	1.00	0.000E+00	0	539	541	0	539	541	540M
9232	5172	2.217E-308	1.00	0.000E+00	0	925	927	0	925	927	926M
9233	5173	3.884E-138	1.00	3.953E-138	0	208	210	0	208	210	209M
9234	5174	2.217E-308	1.00	0.000E+00	0	756	758	0	756	758	757M
9235	5175	2.254E-237	1.00	2.310E-237	0	343	345	0	343	345	344M
9236	5176	1.135E-49	1.00	1.086E-49	0	83	85	0	83	85	84M
9237	5177	1.308E-104	1.00	1.356E-104	0	160	162	0	160	162	161M
9238	5178	1.690E-203	1.00	1.729E-203	0	306	308	0	306	308	307M
9239	5179	1.008E-274	1.00	9.985E-275	0	410	412	0	410	412	411M
9240	5180	1.465E-109	1.00	1.503E-109	0	159	161	0	159	161	160M
9241	5181	8.348E-318	1.00	8.151E-318	0	478	480	0	478	480	479M
9242	5182	1.177E-179	1.00	1.146E-179	0	286	288	0	286	288	287M
9243	5183	3.948E-67	1.00	3.890E-67	0	102	104	0	102	104	103M
9244	5184	7.788E-59	1.00	8.125E-59	0	93	95	0	93	95	94M
9245	5185	2.172E-68	1.00	2.267E-68	0	115	117	0	115	117	116M
9246	5186	4.062E-78	1.00	4.010E-78	0	121	123	0	121	123	122M
9247	5187	1.071E-220	1.00	1.034E-220	0	334	336	0	334	336	335M
9248	5188	9.860E-305	1.00	1.035E-304	0	463	465	0	463	465	464M
9249	5189	7.101E-62	1.00	6.874E-62	0	97	99	0	97	99	98M
9250	5190	5.184E-95	1.00	4.993E-95	0	152	154	0	152	154	153M
9251	5191	4.826E-106	1.00	4.635E-106	0	162	164	0	162	164	163M
9252	5192	5.664E-284	1.00	5.698E-284	0	413	415	0	413	415	414M
9253	5193	2.884E-139	1.00	2.931E-139	0	213	215	0	213	215	214M
9254	5194	6.481E-104	1.00	6.262E-104	0	159	161	0	159	161	160M
9255	5195	1.221E-116	1.00	1.169E-116	0	173	175	0	173	175	174M
9256	5196	1.690E-203	1.00	1.650E-203	0	305	307	0	305	307	306M
9257	5197	2.922E-144	0.986	2.890E-144	0	216	218	0	213	215	32M3I182M
9258	5198	2.217E-308	1.00	0.000E+00	0	496	498	0	496	498	497M
9259	5199	3.406E-242	1.00	3.430E-242	0	368	370	0	368	370	369M
9260	5200	9.809E-303	1.00	9.920E-303	0	446	448	0	446	448	447M
9261	5201	6.069E-156	1.00	6.104E-156	0	241	243	0	241	243	242M
9262	5202	1.469E-110	1.00	1.468E-110	0	183	185	0	183	185	184M
9263	5203	6.883E-166	1.00	6.554E-166	0	249	251	0	249	251	250M
9264	5204	3.867E-175	1.00	3.855E-175	0	273	275	0	273	275	274M
9265	5205	3.550E-258	1.00	3.679E-258	0	397	399	0	397	399	398M
9266	5206	1.935E-294	1.00	1.933E-294	0	450	452	0	450	452	451M
9267	5207	2.217E-308	1.00	0.000E+00	0	840	842	0	840	842	841M
9268	5208	1.902E-94	1.00	1.826E-94	0	166	168	0	166	168	167M
9269	5209	8.206E-234	1.00	7.811E-234	0	355	357	0	355	357	356M
9270	5210	4.333E-103	1.00	4.364E-103	0	160	162	0	160	162	161M
9271	5211	1.051E-174	1.00	1.060E-174	0	261	263	0	261	263	262M
9272	5212	6.458E-180	1.00	6.173E-180	0	293	295	0	293	295	294M
9273	5213	6.315E-94	1.00	6.350E-94	0	159	161	0	159	161	160M
9274	5214	3.584E-223	1.00	3.645E-223	0	348	350	0	348	350	349M
9275	5215	1.265E-91	1.00	1.310E-91	0	145	147	0	145	147	146M
9276	5216	3.305E-153	1.00	3.243E-153	0	227	229	0	227	229	228M
9277	5217	1.220E-77	1.00	1.226E-77	0	118	120	0	118	120	119M
9278	5218	1.680E-46	1.00	1.602E-46	0	77	79	0	77	79	78M
9279	5219	6.476E-65	1.00	6.243E-65	0	96	98	0	96	98	97M
9280	5220	2.034E-120	1.00	2.060E-120	0	177	179	0	177	179	178M
9281	5221	3.120E-92	1.00	3.120E-92	0	148	150	0	148	150	149M
9282	5222	3.498E-291	1.00	3.500E-291	0	415	417	0	415	417	416M
9283	5223	3.535E-295	1.00	3.423E-295	0	467	469	0	467	469	468M
9284	5224	5.680E-169	1.00	5.792E-169	0	247	249	0	247	249	248M
9285	5225	6.336E-250	1.00	6.177E-250	0	391	393	0	391	393	392M
9286	5226	8.739E-297	1.00	8.716E-297	0	483	485	0	483	485	484M
9287	5227	1.092E-150	1.00	1.139E-150	0	211	213	0	211	213	212M
9288	5228	2.217E-308	1.00	0.000E+00	0	479	481	0	479	481	480M
9289	5229	1.028E-88	1.00	1.041E-88	0	146	148	0	146	148	147M
9290	5230	2.217E-308	1.00	0.000E+00	0	696	698	0	696	698	697M
9291	5231	3.099E-43	1.00	3.086E-43	0	70	72	0	70	72	71M
9292	5232	7.754E-96	1.00	7.881E-96	0	153	155	0	153	155	154M
9293	5233	9.221E-47	1.00	9.681E-47	0	86	88	0	86	88	87M
9294	5234	5.221E-32	1.00	5.205E-32	0	55	57	0	55	57	56M
9295	5235	2.217E-308	1.00	0.000E+00	0	571	573	0	571	573	572M
9296	5236	1.139E-205	1.00	1.186E-205	0	314	316	0	314	316	315M
9297	5237	2.217E-308	1.00	0.000E+00	0	951	953	0	951	953	952M
9298	5238	1.498E-195	1.00	1.442E-195	0	285	287	0	285	287	286M
9299	5239	3.128E-93	1.00	3.171E-93	0	153	155	0	153	155	154M
9300	5240	1.132E-48	1.00	1.177E-48	0	80	82	0	80	82	81M
9301	5241	5.597E-86	1.00	5.373E-86	0	138	140	0	138	140	139M
9302	5242	4.496E-272	1.00	4.293E-272	0	432	434	0	432	434	433M
9303	5243	2.382E-181	1.00	2.277E-181	0	263	265	0	263	265	264M
9304	5244	1.084E-186	1.00	1.089E-186	0	284	286	0	284	286	285M
9305	5245	8.855E-70	1.00	8.512E-70	0	106	108	0	106	108	107M
9306	5246	1.208E-73	1.00	1.196E-73	0	112	114	0	112	114	113M
9307	5247	1.781E-262	1.00	1.855E-262	0	401	403	0	401	403	402M
9308	5248	2.270E-85	1.00	2.301E-85	0	142	144	0	142	144	143M
9309	5249	5.224E-98	1.00	5.075E-98	0	140	142	0	140	142	141M
9310	5250	4.133E-46	1.00	3.939E-46	0	76	78	0	76	78	77M
9311	5251	3.647E-75	1.00	3.615E-75	0	118	120	0	118	120	119M
9312	5252	1.068E-64	1.00	1.070E-64	0	107	109	0	107	109	108M
9313	5253	1.002E-233	1.00	9.976E-234	0	367	369	0	367	369	368M
9314	5254	1.260E-128	1.00	1.248E-128	0	197	199	0	197	199	198M
9315	5255	1.749E-139	1.00	1.741E-139	0	222	224	0	222	224	223M
9316	5256	4.889E-111	1.00	4.857E-111	0	173	175	0	173	175	174M
9317	5257	4.748E-61	1.00	4.581E-61	0	97	99	0	97	99	98M
9318	5258	1.305E-18	1.00	1.303E-18	0	32	34	0	32	34	33M
9319	5259	8.687E-256	1.00	9.073E-256	0	380	382	0	380	382	381M
9320	5260	2.217E-308	1.00	0.000E+00	0	527	529	0	527	529	528M
9321	5261	2.055E-35	1.00	2.063E-35	0	63	65	0	63	65	64M
9322	5262	7.562E-125	1.00	7.536E-125	0	201	203	0	201	203	202M
9323	5263	1.311E-66	1.00	1.311E-66	0	101	103	0	101	103	102M
9324	5264	1.922E-214	1.00	1.950E-214	0	333	335	0	333	335	334M
9325	5265	2.217E-308	1.00	0.000E+00	0	697	699	0	697	699	698M
9326	5266	2.217E-308	1.00	0.000E+00	0	978	980	0	978	980	979M
9327	5267	4.370E-261	1.00	4.587E-261	0	382	384	0	382	384	383M
9328	5268	4.554E-277	1.00	4.740E-277	0	444	446	0	444	446	445M
9329	5269	3.188E-139	1.00	3.223E-139	0	215	217	0	215	217	216M
9330	5270	2.217E-308	1.00	0.000E+00	0	512	514	0	512	514	513M
9331	5271	2.899E-141	1.00	2.887E-141	0	222	224	0	222	224	223M
9332	5272	2.000E-152	1.00	1.957E-152	0	225	227	0	225	227	226M
9333	5273	2.217E-308	1.00	0.000E+00	0	505	507	0	505	507	506M
9334	5274	1.350E-232	1.00	1.315E-232	0	348	350	0	348	350	349M
9335	5275	2.756E-160	1.00	2.695E-160	0	249	251	0	249	251	250M
9336	5276	3.791E-90	1.00	3.754E-90	0	136	138	0	136	138	137M
9337	5277	2.217E-308	1.00	0.000E+00	0	757	759	0	757	759	758M
9338	5278	6.628E-74	1.00	6.515E-74	0	119	121	0	119	121	120M
9339	5279	2.472E-234	1.00	2.402E-234	0	350	352	0	350	352	351M
9340	5280	7.773E-213	1.00	7.736E-213	0	304	306	0	304	306	305M
9341	5281	3.726E-122	1.00	3.643E-122	0	185	187	0	185	187	186M
9342	5282	2.217E-308	1.00	0.000E+00	0	673	675	0	673	675	674M
9343	5283	6.186E-86	1.00	6.077E-86	0	134	136	0	134	136	135M
9344	5284	2.020E-156	1.00	1.962E-156	0	237	239	0	237	239	238M
9345	5285	3.863E-252	1.00	3.804E-252	0	363	365	0	363	365	364M
9346	5286	8.877E-187	1.00	9.024E-187	0	280	282	0	280	282	281M
9347	5287	2.515E-86	1.00	2.412E-86	0	161	163	0	161	163	162M
9348	5288	2.217E-308	1.00	0.000E+00	0	544	546	0	544	546	545M
9349	5289	2.206E-190	1.00	2.192E-190	0	284	286	0	284	286	285M
9350	5290	9.195E-278	1.00	8.773E-278	0	428	430	0	428	430	429M
9351	5291	2.417E-148	1.00	2.397E-148	0	224	226	0	224	226	225M
9352	5292	4.501E-79	1.00	4.495E-79	0	128	130	0	128	130	129M
9353	5293	1.219E-154	1.00	1.183E-154	0	237	239	0	237	239	238M
9354	5294	1.959E-144	1.00	2.044E-144	0	222	224	0	222	224	223M
9355	5295	1.072E-143	1.00	1.021E-143	0	216	218	0	216	218	217M
9356	5296	5.310E-259	1.00	5.118E-259	0	402	404	0	402	404	403M
9357	5297	1.733E-290	1.00	1.793E-290	0	450	452	0	450	452	451M
9358	5298	3.827E-171	1.00	3.671E-171	0	260	262	0	260	262	261M
9359	5299	1.746E-293	1.00	1.754E-293	0	450	452	0	450	452	451M
9360	5300	6.234E-89	1.00	6.436E-89	0	136	138	0	136	138	137M
9361	5301	6.293E-170	1.00	6.265E-170	0	240	242	0	240	242	241M
9362	5302	1.440E-141	1.00	1.487E-141	0	208	210	0	208	210	209M
9363	5303	1.264E-168	1.00	1.205E-168	0	276	278	0	276	278	277M
9364	5304	2.217E-308	1.00	0.000E+00	0	482	484	0	482	484	483M
9365	5305	2.939E-301	1.00	2.992E-301	0	438	440	0	438	440	439M
9366	5306	2.217E-308	1.00	0.000E+00	0	808	810	0	808	810	809M
9367	5307	1.937E-101	1.00	1.981E-101	0	154	156	0	154	156	155M
9368	5308	1.518E-84	1.00	1.574E-84	0	136	138	0	136	138	137M
9369	5309	1.133E-87	1.00	1.104E-87	0	136	138	0	136	138	137M
9370	5310	8.221E-196	1.00	8.437E-196	0	287	289	0	287	289	288M
9371	5311	1.287E-175	1.00	1.241E-175	0	269	271	0	269	271	270M
9372	5312	6.818E-201	1.00	6.580E-201	0	305	307	0	305	307	306M
9373	5313	2.512E-279	1.00	2.442E-279	0	412	414	0	412	414	413M
9374	5314	4.817E-260	1.00	4.890E-260	0	372	374	0	372	374	373M
9375	5315	5.506E-157	1.00	5.736E-157	0	231	233	0	231	233	232M
9376	5316	2.741E-158	1.00	2.649E-158	0	246	248	0	246	248	247M
9377	5317	3.866E-291	1.00	3.844E-291	0	417	419	0	417	419	418M
9378	5318	5.708E-287	1.00	5.890E-287	0	448	450	0	448	450	449M
9379	5319	5.431E-113	1.00	5.687E-113	0	179	181	0	179	181	180M
9380	5320	3.406E-242	1.00	3.430E-242	0	368	370	0	368	370	369M
9381	5321	1.075E-260	1.00	1.089E-260	0	387	389	0	387	389	388M
9382	5322	1.844E-82	1.00	1.936E-82	0	118	120	0	118	120	119M
9383	5323	2.732E-118	1.00	2.780E-118	0	174	176	0	174	176	175M
9384	5324	5.259E-294	1.00	5.211E-294	0	424	426	0	424	426	425M
9385	5325	7.181E-105	1.00	7.212E-105	0	160	162	0	160	162	161M
9386	5326	3.681E-156	1.00	3.742E-156	0	244	246	0	244	246	245M
9387	5327	1.060E-216	1.00	1.066E-216	0	316	318	0	316	318	317M
9388	5328	1.041E-209	1.00	1.020E-209	0	316	318	0	316	318	317M
9389	5329	1.380E-202	1.00	1.364E-202	0	303	305	0	303	305	304M
9390	5330	2.217E-308	1.00	0.000E+00	0	767	769	0	767	769	768M
9391	5331	5.723E-288	1.00	5.463E-288	0	424	426	0	424	426	425M
9392	5332	2.217E-308	1.00	0.000E+00	0	494	496	0	494	496	495M
9393	5333	2.217E-308	1.00	0.000E+00	0	819	821	0	819	821	820M
9394	5334	2.128E-176	1.00	2.093E-176	0	258	260	0	258	260	259M
9395	5335	4.358E-260	1.00	4.312E-260	0	403	405	0	403	405	404M
9396	5336	1.954E-143	1.00	1.918E-143	0	216	218	0	216	218	217M
9397	5337	5.324E-144	1.00	5.264E-144	0	222	224	0	222	224	223M
9398	5338	6.217E-204	1.00	6.410E-204	0	305	307	0	305	307	306M
9399	5339	9.611E-63	1.00	9.347E-63	0	95	97	0	95	97	96M
9400	5340	1.855E-239	1.00	1.786E-239	0	367	369	0	367	369	368M
9401	5341	1.007E-196	1.00	1.049E-196	0	303	305	0	303	305	304M
9402	5342	1.311E-182	1.00	1.333E-182	0	263	265	0	263	265	264M
9403	5343	1.809E-152	1.00	1.837E-152	0	237	239	0	237	239	238M
9404	5344	2.217E-308	1.00	0.000E+00	0	576	578	0	576	578	577M
9405	5345	6.276E-285	1.00	6.210E-285	0	433	435	0	433	435	434M
9406	5346	1.977E-225	1.00	1.996E-225	0	331	333	0	331	333	332M
9407	5347	2.989E-29	1.00	2.979E-29	0	50	51	0	50	51	51M
9408	5348	3.504E-17	1.00	3.501E-17	0	34	36	0	34	36	35M
9409	5349	2.237E-118	1.00	2.273E-118	0	183	185	0	183	185	184M
9410	5350	2.217E-308	1.00	0.000E+00	0	498	500	0	498	500	499M
9411	5351	2.217E-308	1.00	0.000E+00	0	790	792	0	790	792	791M
9412	5352	4.801E-220	1.00	4.710E-220	0	326	328	0	326	328	327M
9413	5353	5.310E-143	1.00	5.091E-143	0	230	232	0	230	232	231M
9414	5354	1.560E-172	1.00	1.592E-172	0	267	269	0	267	269	268M
9415	5355	3.575E-222	1.00	3.632E-222	0	350	352	0	350	352	351M
9416	5356	2.217E-308	1.00	0.000E+00	0	909	911	0	909	911	910M
9417	5357	2.217E-308	1.00	0.000E+00	0	898	900	0	898	900	899M
9418	5358	3.824E-132	1.00	3.876E-132	0	193	195	0	193	195	194M
9419	5359	2.217E-308	1.00	0.000E+00	0	599	601	0	599	601	600M
9420	5360	2.217E-308	1.00	0.000E+00	0	512	514	0	512	514	513M
9421	5361	2.816E-322	1.00	2.915E-322	0	468	470	0	468	470	469M
9422	5362	6.702E-117	1.00	6.707E-117	0	168	170	0	168	170	169M
9423	5363	1.355E-195	1.00	1.396E-195	0	291	293	0	291	293	292M
9424	5364	1.848E-315	1.00	1.893E-315	0	480	482	0	480	482	481M
9425	5365	2.880E-34	1.00	2.880E-34	0	65	67	0	65	67	66M
9426	5366	7.674E-92	1.00	7.309E-92	0	146	148	0	146	148	147M
9427	5367	2.623E-141	1.00	2.665E-141	0	207	209	0	207	209	208M
9428	5368	4.218E-170	1.00	4.099E-170	0	251	253	0	251	253	252M
9429	5369	8.642E-254	1.00	8.698E-254	0	390	392	0	390	392	391M
9430	5370	3.767E-281	1.00	3.878E-281	0	411	413	0	411	413	412M
9431	5371	2.217E-308	1.00	0.000E+00	0	755	757	0	755	757	756M
9432	5372	2.217E-308	1.00	0.000E+00	0	948	950	0	948	950	949M
9433	5373	3.700E-158	1.00	3.578E-158	0	239	241	0	239	241	240M
9434	5374	2.955E-187	1.00	3.043E-187	0	277	279	0	277	279	278M
9435	5375	3.008E-310	1.00	2.894E-310	0	459	461	0	459	461	460M
9436	5376	1.495E-117	1.00	1.554E-117	0	177	179	0	177	179	178M
9437	5377	6.138E-83	1.00	5.891E-83	0	126	128	0	126	128	127M
9438	5378	2.217E-308	1.00	0.000E+00	0	820	822	0	820	822	821M
9439	5379	6.684E-232	1.00	6.798E-232	0	336	338	0	336	338	337M
9440	5380	6.153E-316	1.00	6.042E-316	0	469	471	0	469	471	470M
9441	5381	1.336E-23	1.00	1.340E-23	0	43	45	0	43	45	44M
9442	5382	3.550E-258	1.00	3.550E-258	0	403	405	0	403	405	404M
9443	5383	1.895E-286	1.00	1.982E-286	0	447	449	0	447	449	448M
9444	5384	4.551E-238	1.00	4.470E-238	0	355	357	0	355	357	356M
9445	5385	2.962E-188	1.00	2.907E-188	0	274	276	0	274	276	275M
9446	5386	2.041E-160	1.00	1.966E-160	0	249	251	0	249	251	250M
9447	5387	2.117E-174	1.00	2.196E-174	0	290	292	0	290	292	291M
9448	5388	9.693E-105	1.00	9.888E-105	0	160	162	0	160	162	161M
9449	5389	3.257E-186	1.00	3.138E-186	0	273	275	0	273	275	274M
9450	5390	1.616E-147	1.00	1.562E-147	0	237	239	0	237	239	238M
9451	5391	1.304E-64	1.00	1.268E-64	0	104	106	0	104	106	105M
9452	5392	7.714E-94	1.00	7.410E-94	0	149	151	0	149	151	150M
9453	5393	8.422E-128	1.00	8.416E-128	0	204	206	0	204	206	205M
9454	5394	2.950E-225	1.00	2.867E-225	0	332	334	0	332	334	333M
9455	5395	3.450E-247	1.00	3.617E-247	0	379	381	0	379	381	380M
9456	5396	1.170E-138	1.00	1.138E-138	0	215	217	0	215	217	216M
9457	5397	1.076E-183	1.00	1.037E-183	0	269	271	0	269	271	270M
9458	5398	2.285E-165	1.00	2.347E-165	0	256	258	0	256	258	257M
9459	5399	2.048E-200	1.00	2.141E-200	0	310	312	0	310	312	311M
9460	5400	2.550E-130	1.00	2.661E-130	0	209	211	0	209	211	210M
9461	5401	3.634E-151	1.00	3.676E-151	0	227	229	0	227	229	228M
9462	5402	2.944E-263	1.00	2.832E-263	0	408	410	0	408	410	409M
9463	5403	1.098E-191	1.00	1.098E-191	0	274	276	0	274	276	275M
9464	5404	1.852E-277	1.00	1.769E-277	0	416	418	0	416	418	417M
9465	5405	7.248E-302	1.00	6.911E-302	0	481	483	0	481	483	482M
9466	5406	2.217E-308	1.00	0.000E+00	0	1058	1060	0	1058	1060	1059M
9467	5407	2.862E-252	1.00	2.975E-252	0	405	407	0	405	407	406M
9468	5408	7.032E-35	1.00	7.039E-35	0	56	58	0	56	58	57M
9469	5409	1.484E-230	1.00	1.537E-230	0	342	344	0	342	344	343M
9470	5410	4.208E-169	1.00	4.155E-169	0	260	262	0	260	262	261M
9471	5411	2.617E-140	1.00	2.540E-140	0	228	230	0	228	230	229M
9472	5412	1.103E-154	1.00	1.129E-154	0	236	238	0	236	238	237M
9473	5413	9.292E-166	1.00	9.555E-166	0	257	259	0	257	259	258M
9474	5414	2.364E-62	1.00	2.421E-62	0	108	110	0	108	110	109M
9475	5415	4.274E-59	1.00	4.188E-59	0	86	88	0	86	88	87M
9476	5416	6.058E-310	1.00	6.178E-310	0	455	457	0	455	457	456M
9477	5417	2.217E-308	1.00	0.000E+00	0	486	488	0	486	488	487M
9478	5418	2.694E-190	1.00	2.646E-190	0	288	290	0	288	290	289M
9479	5419	7.746E-173	1.00	7.600E-173	0	258	260	0	258	260	259M
9480	5420	7.529E-162	1.00	7.894E-162	0	241	243	0	241	243	242M
9481	5421	3.187E-255	1.00	3.246E-255	0	421	423	0	421	423	422M
9482	5422	2.217E-308	1.00	0.000E+00	0	584	586	0	584	586	585M
9483	5423	1.460E-69	1.00	1.525E-69	0	118	120	0	118	120	119M
9484	5424	1.444E-142	1.00	1.466E-142	0	219	221	0	219	221	220M
9485	5425	7.725E-288	1.00	7.463E-288	0	451	453	0	451	453	452M
9486	5426	2.019E-32	1.00	2.011E-32	0	55	57	0	55	57	56M
9487	5427	7.633E-206	1.00	7.658E-206	0	298	300	0	298	300	299M
9488	5428	8.081E-112	1.00	8.182E-112	0	182	184	0	182	184	183M
9489	5429	2.217E-308	1.00	0.000E+00	0	797	799	0	797	799	798M
9490	5430	2.275E-202	1.00	2.332E-202	0	301	303	0	301	303	302M
9491	5431	2.111E-57	1.00	2.161E-57	0	89	91	0	89	91	90M
9492	5432	1.789E-225	1.00	1.842E-225	0	336	338	0	336	338	337M
9493	5433	5.635E-282	1.00	5.689E-282	0	451	453	0	451	453	452M
9494	5434	2.616E-256	1.00	2.573E-256	0	380	382	0	380	382	381M
9495	5435	3.493E-213	1.00	3.351E-213	0	313	315	0	313	315	314M
9496	5436	6.806E-239	1.00	6.598E-239	0	368	370	0	368	370	369M
9497	5437	2.217E-308	1.00	0.000E+00	0	747	749	0	747	749	748M
9498	5438	1.854E-84	1.00	1.825E-84	0	126	128	0	126	128	127M
9499	5439	2.217E-308	1.00	0.000E+00	0	485	487	0	485	487	486M
9500	5440	1.739E-214	1.00	1.730E-214	0	317	319	0	317	319	318M
9501	5441	3.238E-145	1.00	3.122E-145	0	209	211	0	209	211	210M
9502	5442	4.197E-168	1.00	4.287E-168	0	256	258	0	256	258	257M
9503	5443	1.042E-132	1.00	1.084E-132	0	206	208	0	206	208	207M
9504	5444	4.175E-166	1.00	4.273E-166	0	260	262	0	260	262	261M
9505	5445	7.230E-38	1.00	7.237E-38	0	64	66	0	64	66	65M
9506	5446	1.217E-76	1.00	1.233E-76	0	120	122	0	120	122	121M
9507	5447	1.456E-184	1.00	1.418E-184	0	287	289	0	287	289	288M
9508	5448	9.293E-50	1.00	9.360E-50	0	80	82	0	80	82	81M
9509	5449	4.409E-44	1.00	4.390E-44	0	69	71	0	69	71	70M
9510	5450	2.126E-253	1.00	2.112E-253	0	382	384	0	382	384	383M
9511	5451	7.363E-76	1.00	7.621E-76	0	125	127	0	125	127	126M
9512	5452	3.736E-123	1.00	3.705E-123	0	190	192	0	190	192	191M
9513	5453	9.997E-233	1.00	1.018E-232	0	356	358	0	356	358	357M
9514	5454	3.511E-99	1.00	3.499E-99	0	150	152	0	150	152	151M
9515	5455	7.719E-249	1.00	7.871E-249	0	378	380	0	378	380	379M
9516	5456	1.721E-94	1.00	1.713E-94	0	158	160	0	158	160	159M
9517	5457	3.210E-219	1.00	3.161E-219	0	333	335	0	333	335	334M
9518	5458	3.717E-121	1.00	3.708E-121	0	194	196	0	194	196	195M
9519	5459	2.217E-308	1.00	0.000E+00	0	512	514	0	512	514	513M
9520	5460	2.217E-308	1.00	0.000E+00	0	628	630	0	628	630	629M
9521	5461	2.380E-142	1.00	2.280E-142	0	215	217	0	215	217	216M
9522	5462	1.409E-210	1.00	1.354E-210	0	320	322	0	320	322	321M
9523	5463	2.217E-308	1.00	2.138E-308	0	477	479	0	477	479	478M
9524	5464	3.369E-83	1.00	3.328E-83	0	147	149	0	147	149	148M
9525	5465	2.768E-38	1.00	2.758E-38	0	70	72	0	70	72	71M
9526	5466	7.162E-220	1.00	7.182E-220	0	335	337	0	335	337	336M
9527	5467	5.201E-251	1.00	5.448E-251	0	366	368	0	366	368	367M
9528	5468	8.242E-197	1.00	8.577E-197	0	292	294	0	292	294	293M
9529	5469	2.217E-308	1.00	0.000E+00	0	501	503	0	501	503	502M
9530	5470	8.011E-186	1.00	7.952E-186	0	266	268	0	266	268	267M
9531	5471	1.878E-205	1.00	1.908E-205	0	304	306	0	304	306	305M
9532	5472	3.342E-312	1.00	3.203E-312	0	457	459	0	457	459	458M
9533	5473	2.217E-308	1.00	0.000E+00	0	521	523	0	521	523	522M
9534	5474	3.525E-294	1.00	3.702E-294	0	464	466	0	464	466	465M
9535	5475	1.867E-48	1.00	1.815E-48	0	76	78	0	76	78	77M
9536	5476	5.986E-228	1.00	5.958E-228	0	328	330	0	328	330	329M
9537	5477	1.426E-176	1.00	1.411E-176	0	263	265	0	263	265	264M
9538	5478	1.575E-137	1.00	1.629E-137	0	198	200	0	198	200	199M
9539	5479	2.937E-146	1.00	3.030E-146	0	213	215	0	213	215	214M
9540	5480	4.397E-70	1.00	4.524E-70	0	119	121	0	119	121	120M
9541	5481	3.931E-104	1.00	3.769E-104	0	155	157	0	155	157	156M
9542	5482	2.599E-60	1.00	2.642E-60	0	107	109	0	107	109	108M
9543	5483	1.874E-127	1.00	1.794E-127	0	200	202	0	200	202	201M
9544	5484	1.223E-194	1.00	1.230E-194	0	277	279	0	277	279	278M
9545	5485	1.953E-259	1.00	1.920E-259	0	381	383	0	381	383	382M
9546	5486	7.167E-259	1.00	7.421E-259	0	410	412	0	410	412	411M
9547	5487	1.101E-192	1.00	1.111E-192	0	299	301	0	299	301	300M
9548	5488	4.931E-153	1.00	4.964E-153	0	236	238	0	236	238	237M
9549	5489	2.342E-39	1.00	2.335E-39	0	65	67	0	65	67	66M
9550	5490	9.405E-132	1.00	9.107E-132	0	211	213	0	211	213	212M
9551	5491	1.088E-110	1.00	1.104E-110	0	177	179	0	177	179	178M
9552	5492	3.650E-114	1.00	3.656E-114	0	181	183	0	181	183	182M
9553	5493	1.977E-109	1.00	1.947E-109	0	171	173	0	171	173	172M
9554	5494	1.059E-177	1.00	1.112E-177	0	276	278	0	276	278	277M
9555	5495	2.217E-308	1.00	0.000E+00	0	831	833	0	831	833	832M
9556	5496	3.951E-222	1.00	3.896E-222	0	338	340	0	338	340	339M
9557	5497	4.579E-47	1.00	4.518E-47	0	77	79	0	77	79	78M
9558	5498	2.064E-319	1.00	2.084E-319	0	494	496	0	494	496	495M
9559	5499	6.737E-119	1.00	6.435E-119	0	183	185	0	183	185	184M
9560	5500	2.200E-189	1.00	2.142E-189	0	299	301	0	299	301	300M
9561	5501	2.217E-308	1.00	0.000E+00	0	531	533	0	531	533	532M
9562	5502	2.217E-308	1.00	0.000E+00	0	560	562	0	560	562	561M
9563	5503	2.295E-128	1.00	2.383E-128	0	204	206	0	204	206	205M
9564	5504	2.559E-170	1.00	2.468E-170	0	267	269	0	267	269	268M
9565	5505	2.217E-308	1.00	0.000E+00	0	565	567	0	565	567	566M
9566	5506	5.379E-148	1.00	5.522E-148	0	235	237	0	235	237	236M
9567	5507	8.748E-104	1.00	9.007E-104	0	160	162	0	160	162	161M
9568	5508	2.552E-169	1.00	2.511E-169	0	256	258	0	256	258	257M
9569	5509	3.322E-35	1.00	3.338E-35	0	60	62	0	60	62	61M
9570	5510	2.159E-259	1.00	2.135E-259	0	390	392	0	390	392	391M
9571	5511	1.012E-314	1.00	1.061E-314	0	490	492	0	490	492	491M
9572	5512	3.675E-194	1.00	3.587E-194	0	293	295	0	293	295	294M
9573	5513	5.153E-54	1.00	5.059E-54	0	86	88	0	86	88	87M
9574	5514	2.217E-308	1.00	0.000E+00	0	518	520	0	518	520	519M
9575	5515	2.028E-80	1.00	2.106E-80	0	117	119	0	117	119	118M
9576	5516	2.117E-58	1.00	2.098E-58	0	93	95	0	93	95	94M
9577	5517	1.601E-66	1.00	1.635E-66	0	112	114	0	112	114	113M
9578	5518	1.755E-179	1.00	1.681E-179	0	274	276	0	274	276	275M
9579	7295	2.217E-308	0.999	0.000E+00	26	2336	2338	0	2310	2312	2311M
9580	7294	2.217E-308	1.00	0.000E+00	0	550	552	0	550	552	551M
9581	7293	2.217E-308	1.00	0.000E+00	0	573	575	0	573	575	574M
9582	7292	1.120E-160	1.00	1.116E-160	0	237	239	0	237	239	238M
9583	7291	9.786E-70	1.00	9.387E-70	0	108	110	0	108	110	109M
9584	7290	2.780E-86	1.00	2.778E-86	0	144	146	0	144	146	145M
9585	7289	4.805E-143	1.00	4.855E-143	0	209	211	0	209	211	210M
9586	7288	1.288E-98	1.00	1.262E-98	0	157	159	0	157	159	158M
9587	7287	2.217E-308	1.00	0.000E+00	0	1075	1077	0	1075	1077	1076M
9588	7286	5.868E-259	1.00	5.883E-259	0	378	380	0	378	380	379M
9589	7285	7.237E-108	1.00	7.197E-108	0	194	196	0	194	196	195M
9590	7284	1.128E-124	1.00	1.164E-124	0	177	179	0	177	179	178M
9591	7283	6.442E-63	1.00	6.205E-63	0	106	108	0	106	108	107M
9592	7282	2.596E-137	1.00	2.665E-137	0	215	217	0	215	217	216M
9593	7281	2.217E-308	1.00	0.000E+00	0	630	632	0	630	632	631M
9594	7280	6.508E-183	1.00	6.751E-183	0	282	284	0	282	284	283M
9595	7279	1.589E-63	1.00	1.514E-63	0	103	105	0	103	105	104M
9596	7278	1.820E-77	1.00	1.853E-77	0	120	122	0	120	122	121M
9597	7277	2.217E-308	1.00	0.000E+00	0	586	588	0	586	588	587M
9598	7276	4.351E-182	1.00	4.270E-182	0	281	283	0	281	283	282M
9599	7275	1.477E-151	1.00	1.472E-151	0	221	223	0	221	223	222M
9600	7274	9.277E-88	1.00	9.299E-88	0	139	141	0	139	141	140M
9601	7273	1.728E-289	1.00	1.748E-289	0	438	440	0	438	440	439M
9602	7272	2.217E-308	1.00	0.000E+00	0	501	503	0	501	503	502M
9603	7271	2.217E-308	1.00	0.000E+00	0	504	506	0	504	506	505M
9604	7270	2.217E-308	1.00	0.000E+00	0	609	611	0	609	611	610M
9605	7269	5.655E-206	1.00	5.484E-206	0	311	313	0	311	313	312M
9606	7268	2.128E-176	1.00	2.059E-176	0	251	253	0	251	253	252M
9607	7267	2.217E-308	1.00	0.000E+00	0	3174	3176	0	3174	3176	3175M
9608	7266	2.111E-57	1.00	2.117E-57	0	95	97	0	95	97	96M
9609	7265	2.217E-308	1.00	0.000E+00	0	543	545	0	543	545	544M
9610	7264	7.306E-73	1.00	7.214E-73	0	123	125	0	123	125	124M
9611	7263	5.729E-211	1.00	5.624E-211	0	308	310	0	308	310	309M
9612	7262	7.901E-258	1.00	7.669E-258	0	379	381	0	379	381	380M
9613	7261	2.217E-308	1.00	0.000E+00	0	1030	1032	0	1030	1032	1031M
9614	7260	2.498E-122	1.00	2.459E-122	0	190	192	0	190	192	191M
9615	7259	8.157E-193	1.00	8.497E-193	0	300	302	0	300	302	301M
9616	7258	5.412E-189	1.00	5.632E-189	0	286	288	0	286	288	287M
9617	7257	1.686E-202	1.00	1.624E-202	0	300	302	0	300	302	301M
9618	7256	1.217E-76	1.00	1.202E-76	0	126	128	0	126	128	127M
9619	7255	1.700E-244	1.00	1.695E-244	0	369	371	0	369	371	370M
9620	7254	1.080E-107	1.00	1.102E-107	0	163	165	0	163	165	164M
9621	7253	2.056E-124	1.00	2.127E-124	0	183	185	0	183	185	184M
9622	7252	2.217E-308	1.00	0.000E+00	0	1331	1333	0	1331	1333	1332M
9623	7251	1.094E-228	1.00	1.141E-228	0	360	362	0	360	362	361M
9624	7250	1.865E-125	1.00	1.821E-125	0	191	193	0	191	193	192M
9625	7249	6.525E-184	1.00	6.542E-184	0	286	288	0	286	288	287M
9626	7248	5.690E-131	1.00	5.950E-131	0	204	206	0	204	206	205M
9627	7247	3.824E-132	1.00	3.947E-132	0	200	202	0	200	202	201M
9628	7246	1.027E-165	1.00	1.050E-165	0	259	261	0	259	261	260M
9629	7245	1.353E-117	1.00	1.331E-117	0	187	189	0	187	189	188M
9630	7244	8.642E-254	1.00	9.010E-254	0	384	386	0	384	386	385M
9631	7243	2.217E-308	1.00	0.000E+00	0	801	803	0	801	803	802M
9632	7242	2.100E-171	1.00	2.147E-171	0	262	264	0	262	264	263M
9633	7241	6.123E-82	1.00	6.213E-82	0	129	131	0	129	131	130M
9634	7240	4.515E-235	1.00	4.373E-235	0	354	356	0	354	356	355M
9635	7239	4.277E-214	1.00	4.307E-214	0	323	325	0	323	325	324M
9636	7238	1.694E-204	1.00	1.718E-204	0	324	326	0	324	326	325M
9637	7237	1.201E-303	1.00	1.172E-303	0	461	463	0	461	463	462M
9638	7236	1.521E-317	1.00	1.491E-317	0	491	493	0	491	493	492M
9639	7235	9.810E-40	1.00	9.832E-40	0	73	75	0	73	75	74M
9640	7234	3.710E-275	1.00	3.576E-275	0	415	417	0	415	417	416M
9641	7233	6.627E-190	1.00	6.406E-190	0	280	282	0	280	282	281M
9642	7232	1.696E-127	1.00	1.738E-127	0	206	208	0	206	208	207M
9643	7231	1.249E-202	1.00	1.201E-202	0	307	309	0	307	309	308M
9644	7230	1.994E-151	1.00	2.042E-151	0	248	250	0	248	250	249M
9645	7229	4.909E-190	1.00	5.155E-190	0	309	311	0	309	311	310M
9646	7228	2.217E-308	1.00	0.000E+00	0	903	905	0	903	905	904M
9647	7539	2.217E-308	1.00	0.000E+00	0	514	549	0	514	515	515M
9648	7538	5.455E-76	1.00	5.557E-76	0	125	127	0	125	127	126M
9649	7537	3.880E-215	1.00	3.802E-215	0	325	327	0	325	327	326M
9650	7536	2.150E-180	1.00	2.069E-180	0	263	265	0	263	265	264M
9651	7535	2.254E-237	1.00	2.187E-237	0	362	364	0	362	364	363M
9652	7534	7.406E-233	1.00	7.090E-233	0	355	357	0	355	357	356M
9653	7533	1.798E-227	1.00	1.807E-227	0	372	374	0	372	374	373M
9654	7532	4.061E-310	1.00	4.169E-310	0	494	496	0	494	496	495M
9655	7531	2.510E-240	1.00	2.426E-240	0	358	360	0	358	360	359M
9656	7530	3.126E-27	1.00	3.132E-27	0	47	49	0	47	49	48M
9657	7529	3.502E-214	1.00	3.520E-214	0	312	314	0	312	314	313M
9658	7528	4.715E-97	1.00	4.826E-97	0	154	156	0	154	156	155M
9659	7527	2.694E-190	1.00	2.590E-190	0	301	303	0	301	303	302M
9660	7526	7.336E-268	1.00	7.406E-268	0	425	427	0	425	427	426M
9661	7525	9.802E-148	1.00	9.754E-148	0	227	229	0	227	229	228M
9662	7524	2.217E-308	1.00	0.000E+00	0	809	811	0	809	811	810M
9663	7523	6.364E-213	1.00	6.168E-213	8	326	328	0	318	320	319M
9664	7522	1.015E-238	1.00	1.028E-238	0	364	366	0	364	366	365M
9665	7521	4.385E-185	1.00	4.229E-185	0	268	270	0	268	270	269M
9666	7520	3.532E-140	1.00	3.485E-140	0	208	210	0	208	210	209M
9667	7519	1.511E-237	1.00	1.577E-237	0	355	357	0	355	357	356M
9668	7518	1.700E-244	1.00	1.688E-244	0	396	398	0	396	398	397M
9669	7517	2.968E-150	1.00	2.946E-150	0	231	233	0	231	233	232M
9670	7516	2.217E-308	1.00	0.000E+00	0	615	617	0	615	617	616M
9671	7515	2.217E-308	1.00	0.000E+00	0	810	812	0	810	812	811M
9672	7514	2.229E-78	1.00	2.181E-78	0	128	130	0	128	130	129M
9673	7513	5.890E-67	1.00	6.181E-67	0	105	107	0	105	107	106M
9674	7512	4.215E-131	1.00	4.140E-131	0	203	205	0	203	205	204M
9675	7511	2.828E-170	1.00	2.896E-170	0	257	259	0	257	259	258M
9676	7510	2.581E-212	1.00	2.473E-212	0	322	324	0	322	324	323M
9677	7509	2.561E-35	1.00	2.558E-35	0	61	63	0	61	63	62M
9678	7508	4.055E-116	1.00	4.081E-116	0	186	188	0	186	188	187M
9679	7507	6.900E-283	1.00	6.611E-283	0	425	427	0	425	427	426M
9680	7506	2.191E-226	1.00	2.147E-226	0	447	449	0	447	449	448M
9681	7505	1.395E-90	1.00	1.446E-90	0	149	151	0	149	151	150M
9682	7504	3.204E-141	1.00	3.217E-141	0	231	233	0	231	233	232M
9683	7503	9.253E-87	1.00	9.138E-87	0	134	136	0	134	136	135M
9684	7502	2.894E-295	1.00	2.889E-295	0	443	445	0	443	445	444M
9685	7501	7.125E-218	1.00	7.387E-218	0	333	335	0	333	335	334M
9686	7500	1.125E-123	1.00	1.118E-123	0	198	200	0	198	200	199M
9687	7499	1.087E-303	1.00	1.043E-303	0	445	447	0	445	447	446M
9688	7498	2.217E-308	1.00	0.000E+00	0	1276	1278	0	1276	1278	1277M
9689	7497	1.170E-254	1.00	1.114E-254	0	400	402	0	400	402	401M
9690	7496	7.686E-23	1.00	7.685E-23	0	40	42	0	40	42	41M
9691	7495	5.315E-66	1.00	5.378E-66	0	104	106	0	104	106	105M
9692	7494	4.638E-168	1.00	4.775E-168	0	265	267	0	265	267	266M
9693	7493	2.590E-136	1.00	2.502E-136	0	209	211	0	209	211	210M
9694	7492	1.841E-120	1.00	1.852E-120	0	188	190	0	188	190	189M
9695	7491	1.058E-99	1.00	1.090E-99	0	152	154	0	152	154	153M
9696	7490	2.449E-153	1.00	2.366E-153	0	227	229	0	227	229	228M
9697	7489	3.685E-79	1.00	3.681E-79	0	137	139	0	137	139	138M
9698	7488	5.379E-148	1.00	5.616E-148	0	222	224	0	222	224	223M
9699	7487	2.244E-158	1.00	2.160E-158	0	235	237	0	235	237	236M
9700	7486	4.329E-180	1.00	4.336E-180	0	272	274	0	272	274	273M
9701	7485	1.524E-163	1.00	1.582E-163	0	245	247	0	245	247	246M
9702	7484	5.597E-202	1.00	5.541E-202	0	306	308	0	306	308	307M
9703	7483	2.225E-232	1.00	2.173E-232	0	352	354	0	352	354	353M
9704	7482	9.760E-185	1.00	9.996E-185	0	293	295	0	293	295	294M
9705	7481	2.345E-175	1.00	2.362E-175	0	276	278	0	276	278	277M
9706	7480	1.924E-137	1.00	1.880E-137	0	201	203	0	201	203	202M
9707	7479	2.421E-226	1.00	2.531E-226	0	334	336	0	334	336	335M
9708	7478	3.958E-184	1.00	4.029E-184	0	269	271	0	269	271	270M
9709	7477	1.360E-235	1.00	1.299E-235	0	355	357	0	355	357	356M
9710	7476	2.537E-128	1.00	2.459E-128	0	198	200	0	198	200	199M
9711	7475	4.157E-87	1.00	4.095E-87	0	137	139	0	137	139	138M
9712	7474	2.217E-308	1.00	0.000E+00	0	548	550	0	548	550	549M
9713	7473	5.219E-291	1.00	5.136E-291	0	457	459	0	457	459	458M
9714	7472	3.177E-99	1.00	3.335E-99	0	149	151	0	149	151	150M
9715	7471	2.217E-308	1.00	0.000E+00	0	604	606	0	604	606	605M
9716	7470	3.317E-193	1.00	3.423E-193	0	274	276	0	274	276	275M
9717	7469	1.342E-75	1.00	1.302E-75	0	123	125	0	123	125	124M
9718	7468	6.007E-152	1.00	6.091E-152	0	229	231	0	229	231	230M
9719	7467	3.584E-223	1.00	3.603E-223	0	341	343	0	341	343	342M
9720	7466	1.210E-35	1.00	1.211E-35	0	65	67	0	65	67	66M
9721	7465	1.340E-152	1.00	1.278E-152	0	236	238	0	236	238	237M
9722	7464	9.904E-152	1.00	1.024E-151	0	240	242	0	240	242	241M
9723	7463	3.541E-141	1.00	3.544E-141	0	213	215	0	213	215	214M
9724	7462	2.799E-166	1.00	2.797E-166	0	251	253	0	251	253	252M
9725	7461	2.335E-96	1.00	2.354E-96	0	141	143	0	141	143	142M
9726	7460	8.547E-95	1.00	8.768E-95	0	144	146	0	144	146	145M
9727	5671	5.489E-32	1.00	5.479E-32	0	56	58	0	56	58	57M
9728	5670	1.402E-92	1.00	1.437E-92	0	145	147	0	145	147	146M
9729	5669	2.019E-117	1.00	2.032E-117	0	176	178	0	176	178	177M
9730	5668	2.070E-88	1.00	2.111E-88	0	141	143	0	141	143	142M
9731	5667	3.904E-140	1.00	3.824E-140	0	230	232	0	230	232	231M
9732	5666	8.658E-100	1.00	8.651E-100	0	167	169	0	167	169	168M
9733	5665	7.194E-67	1.00	7.479E-67	0	122	124	0	122	124	123M
9734	5664	2.217E-308	0.999	0.000E+00	0	1361	1363	0	1361	1363	1362M
9735	5663	2.217E-308	1.00	0.000E+00	7	1396	1398	0	1389	1391	1390M
9736	5662	1.756E-63	1.00	1.830E-63	0	120	122	0	120	122	121M
9737	5661	1.294E-61	1.00	1.322E-61	0	117	119	0	117	119	118M
9738	5660	4.864E-109	1.00	4.924E-109	0	164	166	0	164	166	165M
9739	5659	1.369E-199	1.00	1.361E-199	0	289	291	0	289	291	290M
9740	5658	5.205E-290	1.00	5.195E-290	0	473	475	0	473	475	474M
9741	5657	6.914E-129	1.00	7.175E-129	0	192	194	0	192	194	193M
9742	5656	2.206E-74	1.00	2.292E-74	0	117	119	0	117	119	118M
9743	5655	2.217E-308	1.00	0.000E+00	0	638	640	0	638	640	639M
9744	5654	3.781E-205	1.00	3.882E-205	0	299	301	0	299	301	300M
9745	5653	2.411E-263	1.00	2.457E-263	0	378	380	0	378	380	379M
9746	5652	4.462E-153	1.00	4.309E-153	0	233	235	0	233	235	234M
9747	5651	2.239E-157	1.00	2.222E-157	0	251	253	0	251	253	252M
9748	5650	1.522E-85	1.00	1.567E-85	0	134	136	0	134	136	135M
9749	5649	4.139E-124	1.00	4.193E-124	0	184	186	0	184	186	185M
9750	5648	2.487E-159	1.00	2.612E-159	0	237	239	0	237	239	238M
9751	5647	4.322E-102	1.00	4.374E-102	0	162	164	0	162	164	163M
9752	5646	3.495E-252	1.00	3.640E-252	0	389	391	0	389	391	390M
9753	5645	2.217E-308	1.00	0.000E+00	0	716	718	0	716	718	717M
9754	5644	3.448E-208	1.00	3.330E-208	0	303	305	0	303	305	304M
9756	5642	2.716E-77	1.00	2.801E-77	0	122	124	0	122	124	123M
9757	5641	6.633E-113	1.00	6.445E-113	0	175	177	0	175	177	176M
9758	5640	2.217E-308	1.00	0.000E+00	0	601	603	0	601	603	602M
9759	5639	2.388E-182	1.00	2.505E-182	0	263	265	0	263	265	264M
9760	5638	2.243E-119	1.00	2.239E-119	0	194	196	0	194	196	195M
9761	5637	4.020E-190	1.00	3.928E-190	0	283	285	0	283	285	284M
9762	5636	2.877E-138	1.00	2.971E-138	0	202	204	0	202	204	203M
9763	5635	1.540E-167	1.00	1.513E-167	0	256	258	0	256	258	257M
9764	5634	2.217E-308	1.00	0.000E+00	0	698	700	0	698	700	699M
9765	5633	8.659E-42	1.00	8.637E-42	0	67	69	0	67	69	68M
9766	5632	2.801E-205	1.00	2.746E-205	0	332	334	0	332	334	333M
9767	5631	1.151E-93	1.00	1.150E-93	0	145	147	0	145	147	146M
9768	5630	2.796E-127	1.00	2.820E-127	0	183	185	0	183	185	184M
9769	5629	2.217E-308	1.00	0.000E+00	0	554	556	0	554	556	555M
9770	5628	8.830E-301	1.00	9.168E-301	0	435	437	0	435	437	436M
9771	5627	3.600E-70	1.00	3.464E-70	0	107	109	0	107	109	108M
9772	5626	2.493E-160	1.00	2.571E-160	0	248	250	0	248	250	249M
9773	5625	1.223E-194	1.00	1.186E-194	0	303	305	0	303	305	304M
9774	5624	3.398E-125	1.00	3.319E-125	0	197	199	0	197	199	198M
9775	5623	3.291E-190	1.00	3.149E-190	0	285	287	0	285	287	286M
9776	5622	1.425E-253	1.00	1.398E-253	0	407	409	0	407	409	408M
9777	5621	2.217E-308	1.00	0.000E+00	0	569	571	0	569	571	570M
9778	5620	1.401E-169	1.00	1.356E-169	0	263	265	0	263	265	264M
9779	5619	2.339E-58	1.00	2.316E-58	0	108	110	0	108	110	109M
9780	5618	3.622E-111	1.00	3.543E-111	0	173	175	0	173	175	174M
9781	5617	4.986E-312	1.00	4.843E-312	0	493	495	0	493	495	494M
9782	5616	2.217E-308	1.00	0.000E+00	0	898	900	0	898	900	899M
9783	5615	1.510E-82	1.00	1.481E-82	0	132	134	0	132	134	133M
9784	5614	8.222E-80	1.00	8.595E-80	0	133	135	0	133	135	134M
9785	5613	2.539E-51	1.00	2.511E-51	0	90	92	0	90	92	91M
9786	5612	1.212E-113	1.00	1.269E-113	0	174	176	0	174	176	175M
9787	5611	2.217E-308	1.00	0.000E+00	0	602	604	0	602	604	603M
9788	5610	2.407E-69	1.00	2.418E-69	0	121	123	0	121	123	122M
9789	5609	2.217E-308	1.00	0.000E+00	0	944	946	0	944	946	945M
9790	5608	1.626E-304	1.00	1.613E-304	0	459	461	0	459	461	460M
9791	5607	2.217E-308	1.00	0.000E+00	0	499	501	0	499	501	500M
9792	5606	9.461E-173	1.00	9.478E-173	0	256	258	0	256	258	257M
9793	5605	7.229E-301	1.00	7.011E-301	0	436	438	0	436	438	437M
9794	5604	2.217E-308	1.00	0.000E+00	0	538	540	0	538	540	539M
9795	5603	1.182E-142	1.00	1.176E-142	0	221	223	0	221	223	222M
9796	5602	5.130E-207	1.00	5.072E-207	0	314	316	0	314	316	315M
9797	5601	8.130E-153	1.00	8.487E-153	0	234	236	0	234	236	235M
9798	5600	5.637E-321	1.00	5.751E-321	0	471	473	0	471	473	472M
9799	5599	5.940E-109	1.00	5.684E-109	0	167	169	0	167	169	168M
9800	5598	2.217E-308	1.00	0.000E+00	0	1210	1212	0	1210	1212	1211M
9801	5597	2.217E-308	1.00	0.000E+00	0	1231	1233	0	1231	1233	1232M
9802	5596	2.217E-308	1.00	0.000E+00	0	586	588	0	586	588	587M
9803	5595	9.658E-297	1.00	9.679E-297	0	431	433	0	431	433	432M
9804	5594	2.095E-54	1.00	2.163E-54	0	88	90	0	88	90	89M
9805	5593	2.217E-308	1.00	0.000E+00	0	696	698	0	696	698	697M
9806	5592	5.407E-266	1.00	5.383E-266	0	402	404	0	402	404	403M
9807	5591	1.622E-71	1.00	1.543E-71	0	108	110	0	108	110	109M
9808	5590	6.282E-208	1.00	6.429E-208	0	317	319	0	317	319	318M
9809	5589	1.128E-124	1.00	1.083E-124	0	202	204	0	202	204	203M
9810	5588	1.095E-190	1.00	1.129E-190	0	290	292	0	290	292	291M
9811	5587	2.217E-308	1.00	0.000E+00	0	612	614	0	612	614	613M
9812	5586	2.217E-308	1.00	0.000E+00	0	741	743	0	741	743	742M
9813	5585	6.320E-249	1.00	6.209E-249	0	400	402	0	400	402	401M
9814	5584	1.371E-122	1.00	1.439E-122	0	192	194	0	192	194	193M
9815	5583	1.441E-64	1.00	1.432E-64	0	113	115	0	113	115	114M
9816	5582	9.837E-72	1.00	9.498E-72	0	111	113	0	111	113	112M
9817	5581	2.217E-308	1.00	0.000E+00	0	518	520	0	518	520	519M
9818	5580	2.639E-182	1.00	2.706E-182	0	278	280	0	278	280	279M
9819	5579	2.315E-54	1.00	2.434E-54	0	84	86	0	84	86	85M
9820	5578	2.217E-308	1.00	0.000E+00	0	569	571	0	569	571	570M
9821	5577	1.161E-135	1.00	1.191E-135	0	202	204	0	202	204	203M
9822	5576	2.701E-191	1.00	2.779E-191	0	287	289	0	287	289	288M
9823	5575	1.761E-219	1.00	1.683E-219	0	333	335	0	333	335	334M
9824	5574	5.430E-229	1.00	5.334E-229	0	337	339	0	337	339	338M
9825	5573	2.960E-149	1.00	2.937E-149	0	213	215	0	213	215	214M
9826	5572	5.591E-43	1.00	5.598E-43	0	63	65	0	63	65	64M
9827	5571	1.306E-142	1.00	1.251E-142	0	209	211	0	209	211	210M
9828	5570	2.244E-274	1.00	2.206E-274	0	400	402	0	400	402	401M
9829	5569	2.838E-94	1.00	2.751E-94	0	135	137	0	135	137	136M
9830	5568	1.009E-81	1.00	9.629E-82	0	125	127	0	125	127	126M
9831	5567	1.783E-69	1.00	1.854E-69	0	109	111	0	109	111	110M
9832	5566	7.668E-53	1.00	7.514E-53	0	83	85	0	83	85	84M
9833	5565	2.084E-284	1.00	1.995E-284	0	431	433	0	431	433	432M
9834	5564	3.322E-271	1.00	3.170E-271	0	414	416	0	414	416	415M
9835	5563	2.041E-276	1.00	2.099E-276	0	415	417	0	415	417	416M
9836	5562	1.254E-281	1.00	1.216E-281	0	447	449	0	447	449	448M
9837	5561	7.754E-96	1.00	7.513E-96	0	152	154	0	152	154	153M
9838	5560	1.963E-261	1.00	1.868E-261	0	383	385	0	383	385	384M
9839	5559	1.254E-165	1.00	1.291E-165	0	250	252	0	250	252	251M
9840	5558	2.489E-198	1.00	2.470E-198	0	297	299	0	297	299	298M
9841	5557	2.217E-308	1.00	0.000E+00	0	612	614	0	612	614	613M
9842	5556	2.217E-308	1.00	0.000E+00	0	1109	1111	0	1109	1111	1110M
9843	5555	8.328E-201	1.00	7.937E-201	0	309	311	0	309	311	310M
9844	5554	1.316E-145	1.00	1.254E-145	0	223	225	0	223	225	224M
9845	5553	1.809E-152	1.00	1.809E-152	0	230	232	0	230	232	231M
9846	5552	4.695E-134	1.00	4.768E-134	0	200	202	0	200	202	201M
9847	5551	6.520E-145	1.00	6.363E-145	0	224	226	0	224	226	225M
9848	5550	7.362E-192	1.00	7.027E-192	0	298	300	0	298	300	299M
9849	5549	3.903E-256	1.00	3.963E-256	0	349	351	0	349	351	350M
9850	5548	2.217E-308	1.00	0.000E+00	0	717	719	0	717	719	718M
9851	5547	2.217E-308	1.00	0.000E+00	0	763	765	0	763	765	764M
9852	5546	3.294E-113	1.00	3.140E-113	0	160	162	0	160	162	161M
9853	5545	8.046E-149	1.00	8.321E-149	0	215	217	0	215	217	216M
9854	5544	4.707E-135	1.00	4.542E-135	0	197	199	0	197	199	198M
9855	5543	3.366E-44	1.00	3.480E-44	0	77	79	0	77	79	78M
9856	5542	1.331E-188	1.00	1.383E-188	0	285	287	0	285	287	286M
9857	5541	5.087E-49	1.00	5.285E-49	0	83	85	0	83	85	84M
9858	5540	1.384E-319	1.00	1.342E-319	0	471	473	0	471	473	472M
9859	5539	5.379E-148	1.00	5.265E-148	0	214	216	0	214	216	215M
9860	5538	6.256E-129	1.00	6.038E-129	0	195	197	0	195	197	196M
9861	5537	1.105E-232	1.00	1.118E-232	0	358	360	0	358	360	359M
9862	5536	1.017E-84	1.00	1.042E-84	0	134	136	0	134	136	135M
9863	5535	1.494E-78	1.00	1.554E-78	0	121	123	0	121	123	122M
9864	5534	1.512E-44	1.00	1.439E-44	0	72	74	0	72	74	73M
9865	5533	7.935E-221	1.00	7.910E-221	0	335	337	0	335	337	336M
9866	5532	1.076E-183	1.00	1.122E-183	0	264	266	0	264	266	265M
9867	5531	4.288E-215	1.00	4.259E-215	0	314	316	0	314	316	315M
9868	5530	2.349E-253	1.00	2.434E-253	0	419	421	0	419	421	420M
9869	5529	1.225E-272	1.00	1.248E-272	0	453	455	0	453	455	454M
9870	5528	2.583E-251	1.00	2.676E-251	0	371	373	0	371	373	372M
9871	5527	1.894E-247	1.00	1.903E-247	0	372	374	0	372	374	373M
9872	5526	2.929E-261	1.00	2.993E-261	0	427	429	0	427	429	428M
9873	5525	1.392E-244	1.00	1.406E-244	0	365	367	0	365	367	366M
9874	5524	1.302E-218	1.00	1.334E-218	0	310	312	0	310	312	311M
9875	5523	2.543E-129	1.00	2.420E-129	0	209	211	0	209	211	210M
9876	5522	2.217E-308	1.00	0.000E+00	0	635	637	0	635	637	636M
9877	5521	5.607E-48	1.00	5.725E-48	0	80	82	0	80	82	81M
9878	5520	8.878E-71	1.00	9.107E-71	0	112	114	0	112	114	113M
9879	4970	1.170E-26	1.00	1.174E-26	0	48	50	0	48	50	49M
9880	5672	1.914E-135	1.00	1.849E-135	0	198	200	0	198	200	199M
9881	5673	1.809E-152	1.00	1.725E-152	0	229	231	0	229	231	230M
9882	5674	4.941E-324	1.00	4.941E-324	0	491	493	0	491	493	492M
9883	5675	1.702E-24	1.00	1.700E-24	0	46	48	0	46	48	47M
9884	5676	1.724E-288	1.00	1.721E-288	0	433	435	0	433	435	434M
9885	5677	2.323E-210	1.00	2.427E-210	0	319	321	0	319	321	320M
9886	5678	2.217E-308	1.00	0.000E+00	0	594	596	0	594	596	595M
9887	5679	5.232E-292	1.00	5.175E-292	0	428	430	0	428	430	429M
9888	5680	2.227E-155	1.00	2.258E-155	0	242	244	0	242	244	243M
9889	5681	6.679E-193	1.00	6.722E-193	0	295	297	0	295	297	296M
9890	5682	1.008E-274	1.00	9.846E-275	0	430	432	0	430	432	431M
9891	5683	2.217E-308	1.00	0.000E+00	0	893	895	0	893	895	894M
9892	5684	3.824E-132	1.00	3.827E-132	0	206	208	0	206	208	207M
9893	5685	2.208E-229	1.00	2.174E-229	0	365	367	0	365	367	366M
9894	5686	2.217E-308	1.00	0.000E+00	0	1040	1042	0	1040	1042	1041M
9895	5687	6.044E-77	1.00	5.803E-77	0	124	126	0	124	126	125M
9896	5688	6.913E-245	1.00	6.587E-245	0	369	371	0	369	371	370M
9897	5689	3.917E-64	1.00	4.068E-64	0	115	117	0	115	117	116M
9898	5690	3.149E-173	1.00	3.036E-173	0	272	274	0	272	274	273M
9899	5691	1.763E-142	1.00	1.744E-142	0	216	218	0	216	218	217M
9900	5692	2.093E-247	1.00	2.159E-247	0	395	397	0	395	397	396M
9901	5693	1.043E-171	1.00	1.007E-171	0	266	268	0	266	268	267M
9902	5694	9.039E-194	1.00	8.928E-194	0	299	301	0	299	301	300M
9903	5695	3.326E-78	1.00	3.221E-78	0	123	125	0	123	125	124M
9904	5696	2.964E-323	1.00	2.964E-323	0	473	475	0	473	475	474M
9905	5697	2.704E-230	1.00	2.754E-230	0	341	343	0	341	343	342M
9906	5698	6.914E-129	1.00	7.040E-129	0	185	187	0	185	187	186M
9907	5699	1.264E-52	1.00	1.218E-52	0	80	82	0	80	82	81M
9908	5700	1.360E-119	1.00	1.368E-119	0	177	179	0	177	179	178M
9909	5701	2.789E-242	1.00	2.731E-242	0	343	345	0	343	345	344M
9910	5702	4.559E-84	1.00	4.592E-84	0	119	121	0	119	121	120M
9911	5703	1.241E-161	1.00	1.247E-161	0	244	246	0	244	246	245M
9912	5704	6.200E-25	1.00	6.194E-25	0	51	53	0	51	53	52M
9913	5705	1.611E-107	1.00	1.594E-107	0	151	153	0	151	153	152M
9914	5706	4.438E-267	1.00	4.425E-267	0	389	391	0	389	391	390M
9915	5707	9.148E-276	1.00	9.343E-276	0	420	422	0	420	422	421M
9916	5708	5.798E-177	1.00	5.906E-177	0	278	280	0	278	280	279M
9917	5709	3.999E-41	1.00	4.000E-41	0	66	68	0	66	68	67M
9918	5710	1.361E-158	1.00	1.325E-158	0	238	240	0	238	240	239M
9919	5711	3.451E-131	1.00	3.591E-131	0	200	202	0	200	202	201M
9920	5712	5.482E-194	1.00	5.660E-194	0	296	298	0	296	298	297M
9921	5713	3.606E-148	1.00	3.662E-148	0	213	215	0	213	215	214M
9922	5714	2.978E-190	1.00	2.875E-190	0	310	312	0	310	312	311M
9923	5715	2.062E-280	1.00	1.977E-280	0	446	448	0	446	448	447M
9924	5716	8.726E-103	1.00	8.852E-103	0	155	157	0	155	157	156M
9925	5717	1.381E-241	1.00	1.339E-241	0	350	352	0	350	352	351M
9926	5718	4.674E-171	1.00	4.579E-171	0	258	260	0	258	260	259M
9927	5719	3.745E-124	1.00	3.633E-124	0	181	183	0	181	183	182M
9928	5720	3.213E-142	1.00	3.222E-142	0	209	211	0	209	211	210M
9929	5721	3.916E-296	1.00	3.927E-296	0	434	436	0	434	436	435M
9930	5722	5.965E-304	1.00	6.241E-304	0	461	463	0	461	463	462M
9931	5723	6.691E-155	1.00	7.028E-155	0	226	228	0	226	228	227M
9932	5724	1.861E-279	1.00	1.889E-279	0	420	422	0	420	422	421M
9933	5725	2.295E-244	1.00	2.323E-244	0	369	371	0	369	371	370M
9934	5726	7.568E-164	1.00	7.421E-164	0	249	251	0	249	251	250M
9935	5727	4.587E-125	1.00	4.473E-125	0	190	192	0	190	192	191M
9936	5728	2.217E-308	1.00	0.000E+00	0	557	559	0	557	559	558M
9937	5729	2.217E-308	1.00	0.000E+00	0	511	513	0	511	513	512M
9938	5730	1.092E-305	1.00	1.100E-305	0	469	471	0	469	471	470M
9939	5731	2.448E-269	1.00	2.550E-269	0	400	402	0	400	402	401M
9940	5732	2.859E-213	1.00	2.816E-213	0	316	318	0	316	318	317M
9941	5733	2.217E-308	1.00	0.000E+00	0	607	609	0	607	609	608M
9942	5734	5.269E-140	1.00	5.509E-140	0	211	213	0	211	213	212M
9943	5735	1.035E-168	1.00	9.873E-169	0	265	267	0	265	267	266M
9944	5736	2.217E-308	1.00	0.000E+00	0	611	613	0	611	613	612M
9945	5737	1.945E-296	1.00	1.971E-296	0	453	455	0	453	455	454M
9946	5738	1.218E-115	1.00	1.264E-115	0	170	172	0	170	172	171M
9947	5739	3.112E-207	1.00	3.170E-207	0	304	306	0	304	306	305M
9948	5740	3.831E-94	1.00	3.757E-94	0	148	150	0	148	150	149M
9949	5741	1.420E-97	1.00	1.432E-97	0	155	157	0	155	157	156M
9950	5742	4.646E-246	1.00	4.446E-246	0	372	374	0	372	374	373M
9951	5743	1.340E-268	1.00	1.286E-268	0	428	430	0	428	430	429M
9952	5744	9.625E-257	1.00	9.524E-257	0	406	408	0	406	408	407M
9953	5745	6.476E-65	1.00	6.581E-65	0	110	112	0	110	112	111M
9954	5746	4.752E-100	1.00	4.523E-100	0	160	162	0	160	162	161M
9955	5747	1.902E-94	1.00	1.815E-94	0	146	148	0	146	148	147M
9956	5748	1.008E-274	1.00	9.863E-275	0	403	405	0	403	405	404M
9957	5749	1.651E-194	1.00	1.634E-194	0	283	285	0	283	285	284M
9958	5750	3.958E-184	1.00	3.957E-184	0	282	284	0	282	284	283M
9959	5751	6.022E-269	1.00	6.048E-269	0	405	407	0	405	407	406M
9960	5752	9.277E-88	1.00	8.862E-88	0	138	140	0	138	140	139M
9961	5753	4.638E-168	1.00	4.641E-168	0	251	253	0	251	253	252M
9962	5754	5.393E-265	1.00	5.300E-265	0	397	399	0	397	399	398M
9963	5755	1.338E-306	1.00	1.350E-306	0	451	453	0	451	453	452M
9964	5756	9.055E-156	1.00	8.639E-156	0	235	237	0	235	237	236M
9965	5757	1.567E-135	1.00	1.631E-135	0	222	224	0	222	224	223M
9966	5758	1.452E-183	1.00	1.443E-183	0	276	278	0	276	278	277M
9967	5759	3.085E-281	1.00	3.157E-281	0	454	456	0	454	456	455M
9968	5760	1.969E-262	1.00	2.058E-262	0	383	385	0	383	385	384M
9969	5761	9.363E-285	1.00	9.340E-285	0	435	437	0	435	437	436M
9970	5762	6.175E-124	1.00	6.324E-124	0	186	188	0	186	188	187M
9971	5763	1.507E-120	1.00	1.576E-120	0	178	180	0	178	180	179M
9972	5764	2.217E-308	1.00	0.000E+00	0	524	526	0	524	526	525M
9973	5765	4.435E-112	1.00	4.622E-112	0	170	172	0	170	172	171M
9974	5766	2.217E-308	1.00	0.000E+00	0	1107	1109	0	1107	1109	1108M
9975	5767	2.217E-308	1.00	0.000E+00	0	673	675	0	673	675	674M
9976	5768	5.992E-151	1.00	6.088E-151	0	231	233	0	231	233	232M
9977	5769	4.947E-309	1.00	5.043E-309	0	446	448	0	446	448	447M
9978	5770	3.755E-125	1.00	3.589E-125	0	192	194	0	192	194	193M
9979	5771	2.217E-308	1.00	0.000E+00	0	626	628	0	626	628	627M
9980	5772	1.891E-169	1.00	1.858E-169	0	263	265	0	263	265	264M
9981	5773	6.018E-114	1.00	6.309E-114	0	166	168	0	166	168	167M
9982	5774	1.227E-234	1.00	1.187E-234	0	335	337	0	335	337	336M
9983	5775	7.205E-261	1.00	6.903E-261	0	384	386	0	384	386	385M
9984	5776	1.257E-166	1.00	1.212E-166	0	240	242	0	240	242	241M
9985	5777	2.078E-283	1.00	2.045E-283	0	454	456	0	454	456	455M
9986	5778	1.966E-68	1.00	2.007E-68	0	106	108	0	106	108	107M
9987	5779	3.557E-104	1.00	3.395E-104	0	166	168	0	166	168	167M
9988	5780	1.329E-226	1.00	1.309E-226	0	320	322	0	320	322	321M
9989	5781	1.096E-74	1.00	1.105E-74	0	115	117	0	115	117	116M
9990	5782	1.488E-115	1.00	1.486E-115	0	180	182	0	180	182	181M
9991	5783	1.881E-167	1.00	1.887E-167	0	254	256	0	254	256	255M
9992	5784	2.217E-308	1.00	0.000E+00	0	603	605	0	603	605	604M
9993	5785	1.197E-263	1.00	1.181E-263	0	396	398	0	396	398	397M
9994	5786	2.270E-201	1.00	2.220E-201	0	302	304	0	302	304	303M
9995	5787	2.323E-94	1.00	2.260E-94	0	144	146	0	144	146	145M
9996	5788	6.611E-73	1.00	6.718E-73	0	115	117	0	115	117	116M
9997	5789	1.820E-193	1.00	1.738E-193	0	273	275	0	273	275	274M
9998	5790	7.820E-138	1.00	7.549E-138	0	215	217	0	215	217	216M
9999	5791	2.217E-308	1.00	0.000E+00	0	728	730	0	728	730	729M
10000	5792	3.375E-45	1.00	3.488E-45	0	69	71	0	69	71	70M
10001	5793	1.902E-210	1.00	1.832E-210	0	313	315	0	313	315	314M
10002	5794	1.237E-237	1.00	1.279E-237	0	364	366	0	364	366	365M
10003	5795	1.863E-318	1.00	1.940E-318	0	481	483	0	481	483	482M
10004	5796	6.871E-204	1.00	7.041E-204	0	307	309	0	307	309	308M
10005	5797	2.425E-188	1.00	2.365E-188	0	283	285	0	283	285	284M
10006	5798	1.006E-273	1.00	1.006E-273	0	419	421	0	419	421	420M
10007	5799	3.833E-249	1.00	3.904E-249	0	390	392	0	390	392	391M
10008	5800	1.839E-197	1.00	1.799E-197	0	299	301	0	299	301	300M
10009	5801	1.703E-90	1.00	1.637E-90	0	145	147	0	145	147	146M
10010	5802	2.204E-151	1.00	2.150E-151	0	229	231	0	229	231	230M
10011	5803	2.217E-308	1.00	0.000E+00	0	904	906	0	904	906	905M
10012	5804	2.217E-308	1.00	0.000E+00	0	658	660	0	658	660	659M
10013	5805	1.397E-52	1.00	1.387E-52	0	89	91	0	89	91	90M
10014	5806	5.487E-117	1.00	5.419E-117	0	190	192	0	190	192	191M
10015	5807	2.217E-308	1.00	0.000E+00	0	717	719	0	717	719	718M
10016	5808	3.563E-182	1.00	3.600E-182	0	264	266	0	264	266	265M
10017	5809	2.033E-81	1.00	1.948E-81	0	120	122	0	120	122	121M
10018	5810	3.333E-311	1.00	3.326E-311	0	487	489	0	487	489	488M
10019	5811	4.747E-293	1.00	4.677E-293	0	444	446	0	444	446	445M
10020	5812	5.945E-148	1.00	6.072E-148	0	217	219	0	217	219	218M
10021	5813	2.217E-308	1.00	0.000E+00	0	565	567	0	565	567	566M
10022	5814	2.813E-168	1.00	2.846E-168	0	254	256	0	254	256	255M
10023	5815	2.064E-203	1.00	1.991E-203	0	309	311	0	309	311	310M
10024	5816	4.914E-24	1.00	4.902E-24	0	42	44	0	42	44	43M
10025	5817	4.318E-63	1.00	4.408E-63	0	99	101	0	99	101	100M
10026	5818	2.029E-235	1.00	2.023E-235	0	351	353	0	351	353	352M
10027	5819	4.722E-291	1.00	4.920E-291	0	429	431	0	429	431	430M
10028	5820	7.394E-155	1.00	7.491E-155	0	234	236	0	234	236	235M
10029	5821	6.217E-204	1.00	6.348E-204	0	325	327	0	325	327	326M
10030	5822	4.107E-121	1.00	4.206E-121	0	190	192	0	190	192	191M
10031	5823	2.217E-308	1.00	0.000E+00	0	648	650	0	648	650	649M
10032	5824	4.493E-117	1.00	4.407E-117	0	179	181	0	179	181	180M
10033	5825	2.787E-87	1.00	2.846E-87	0	136	138	0	136	138	137M
10034	8143	2.390E-105	1.00	2.356E-105	0	163	165	0	163	165	164M
10035	8142	1.105E-116	1.00	1.136E-116	0	179	181	0	179	181	180M
10036	8141	1.450E-105	1.00	1.419E-105	0	159	161	0	159	161	160M
10037	8140	2.459E-116	1.00	2.418E-116	0	175	177	0	175	177	176M
10038	8139	2.217E-308	1.00	0.000E+00	0	944	946	0	944	946	945M
10039	8138	3.268E-226	1.00	3.157E-226	0	332	334	0	332	334	333M
10040	8137	8.487E-247	1.00	8.092E-247	0	376	378	0	376	378	377M
10041	8136	1.527E-125	1.00	1.505E-125	0	187	189	0	187	189	188M
10042	8135	3.824E-132	1.00	3.650E-132	0	205	207	0	205	207	206M
10043	8134	5.694E-170	1.00	5.785E-170	0	265	267	0	265	267	266M
10044	8133	2.799E-166	1.00	2.744E-166	0	264	266	0	264	266	265M
10045	8132	6.570E-264	1.00	6.511E-264	0	390	392	0	390	392	391M
10046	8131	1.055E-214	1.00	1.025E-214	0	326	328	0	326	328	327M
10047	8130	6.298E-209	1.00	6.230E-209	0	321	323	0	321	323	322M
10048	8129	2.419E-303	1.00	2.475E-303	0	450	452	0	450	452	451M
10049	8128	2.178E-69	1.00	2.092E-69	0	105	107	0	105	107	106M
10050	8127	1.699E-89	1.00	1.734E-89	0	135	137	0	135	137	136M
10051	8126	1.520E-162	1.00	1.580E-162	0	247	249	0	247	249	248M
10052	8125	8.151E-154	1.00	8.100E-154	0	231	233	0	231	233	232M
10053	8124	1.365E-159	1.00	1.326E-159	0	236	238	0	236	238	237M
10054	8123	6.353E-135	1.00	6.338E-135	0	204	206	0	204	206	205M
10055	8122	1.161E-135	1.00	1.119E-135	0	214	216	0	214	216	215M
10056	8121	8.576E-135	1.00	8.832E-135	0	211	213	0	211	213	212M
10057	8120	1.794E-226	1.00	1.785E-226	0	340	342	0	340	342	341M
10058	8119	5.407E-266	1.00	5.182E-266	0	381	383	0	381	383	382M
10059	8118	1.210E-151	1.00	1.218E-151	0	237	239	0	237	239	238M
10060	8117	2.217E-308	1.00	0.000E+00	0	721	723	0	721	723	722M
10061	8116	1.367E-28	1.00	1.373E-28	0	54	56	0	54	56	55M
10062	8115	1.935E-178	1.00	2.024E-178	0	280	282	0	280	282	281M
10063	8114	6.272E-130	1.00	6.514E-130	0	188	190	0	188	190	189M
10064	8113	2.217E-308	1.00	0.000E+00	0	512	514	0	512	514	513M
10065	8112	1.969E-146	1.00	1.920E-146	0	230	232	0	230	232	231M
10066	8111	6.038E-154	1.00	6.291E-154	0	239	241	0	239	241	240M
10067	8110	2.217E-308	1.00	0.000E+00	0	727	729	0	727	729	728M
10068	8109	1.282E-96	1.00	1.252E-96	0	141	143	0	141	143	142M
10069	8108	2.782E-241	1.00	2.706E-241	0	365	367	0	365	367	366M
10070	8107	6.918E-284	1.00	6.713E-284	0	430	432	0	430	432	431M
10071	8106	6.347E-212	1.00	6.281E-212	0	315	317	0	315	317	316M
10072	8105	1.260E-128	1.00	1.286E-128	0	191	193	0	191	193	192M
10073	8104	1.865E-241	1.00	1.950E-241	0	358	360	0	358	360	359M
10074	6510	4.602E-281	1.00	4.704E-281	0	449	451	0	449	451	450M
10075	6511	1.812E-114	0.988	1.885E-114	12	187	189	0	175	177	176M
10077	6514	1.884E-245	1.00	1.844E-245	0	362	364	0	362	364	363M
10078	6515	2.808E-206	1.00	2.944E-206	0	345	347	0	345	347	346M
10079	6516	8.770E-221	1.00	8.389E-221	0	343	345	0	343	345	344M
10080	6517	1.186E-182	1.00	1.193E-182	0	274	276	0	274	276	275M
10081	6518	2.583E-135	1.00	2.580E-135	0	205	207	0	205	207	206M
10082	6519	3.988E-187	1.00	4.091E-187	0	290	292	0	290	292	291M
10083	6520	6.276E-285	1.00	6.067E-285	0	419	421	0	419	421	420M
10084	6521	2.217E-308	1.00	0.000E+00	0	555	557	0	555	557	556M
10085	6522	4.423E-227	1.00	4.397E-227	0	337	339	0	337	339	338M
10086	6523	9.061E-311	1.00	9.332E-311	0	455	457	0	455	457	456M
10087	6524	2.217E-308	1.00	0.000E+00	0	552	554	0	552	554	553M
10088	6525	2.487E-159	1.00	2.449E-159	0	249	251	0	249	251	250M
10089	6526	3.903E-256	1.00	3.871E-256	0	382	384	0	382	384	383M
10090	6527	2.217E-308	1.00	0.000E+00	0	567	569	0	567	569	568M
10091	6528	9.030E-271	1.00	9.167E-271	0	403	405	0	403	405	404M
10092	6529	2.227E-155	1.00	2.225E-155	0	235	237	0	235	237	236M
10093	6530	2.183E-186	1.00	2.276E-186	0	293	295	0	293	295	294M
10094	6531	7.921E-259	1.00	7.793E-259	0	384	386	0	384	386	385M
10095	6532	2.217E-308	1.00	0.000E+00	0	867	869	0	867	869	868M
10096	6533	1.386E-49	1.00	1.324E-49	0	87	89	0	87	89	88M
10097	6534	4.952E-116	1.00	4.931E-116	0	190	192	0	190	192	191M
10098	6535	1.209E-112	1.00	1.189E-112	0	168	170	0	168	170	169M
10099	6536	1.721E-94	1.00	1.692E-94	0	138	140	0	138	140	139M
10100	6537	2.599E-60	1.00	2.508E-60	0	93	95	0	93	95	94M
10101	6538	2.204E-267	1.00	2.226E-267	0	408	410	0	408	410	409M
10102	6539	2.699E-152	1.00	2.726E-152	0	232	234	0	232	234	233M
10103	6540	7.504E-122	1.00	7.305E-122	0	193	195	0	193	195	194M
10104	6541	1.200E-148	1.00	1.212E-148	0	243	245	0	243	245	244M
10105	6542	4.439E-151	1.00	4.656E-151	0	232	234	0	232	234	233M
10106	6543	9.802E-148	1.00	9.598E-148	0	220	222	0	220	222	221M
10107	6544	9.134E-82	1.00	8.739E-82	0	123	125	0	123	125	124M
10108	6545	1.363E-81	1.00	1.321E-81	0	125	127	0	125	127	126M
10109	6546	2.217E-308	1.00	0.000E+00	0	695	697	0	695	697	696M
10110	6547	5.148E-247	1.00	5.193E-247	0	380	382	0	380	382	381M
10111	6548	9.495E-97	1.00	9.074E-97	0	154	156	0	154	156	155M
10112	6549	3.787E-283	1.00	3.820E-283	0	420	422	0	420	422	421M
10113	6550	2.301E-245	1.00	2.224E-245	0	366	368	0	366	368	367M
10114	6551	2.201E-73	1.00	2.196E-73	0	118	120	0	118	120	119M
10115	6552	2.743E-313	1.00	2.664E-313	0	478	480	0	478	480	479M
10116	6553	5.425E-306	1.00	5.650E-306	0	475	477	0	475	477	476M
10117	6554	6.043E-193	1.00	5.839E-193	0	292	294	0	292	294	293M
10118	6555	2.217E-308	1.00	0.000E+00	0	504	506	0	504	506	505M
10119	6556	2.017E-194	1.00	2.098E-194	0	295	297	0	295	297	296M
10120	6557	2.217E-308	1.00	0.000E+00	0	548	550	0	548	550	549M
10121	6558	6.877E-243	1.00	6.852E-243	0	374	376	0	374	376	375M
10122	6559	1.254E-165	1.00	1.249E-165	0	256	258	0	256	258	257M
10123	6560	2.185E-225	1.00	2.221E-225	0	340	342	0	340	342	341M
10124	6561	1.764E-297	1.00	1.804E-297	0	449	451	0	449	451	450M
10125	6562	3.707E-120	1.00	3.586E-120	0	182	184	0	182	184	183M
10126	6563	2.081E-90	1.00	2.095E-90	0	137	139	0	137	139	138M
10127	6564	4.079E-157	1.00	4.056E-157	0	237	239	0	237	239	238M
10128	6565	2.217E-308	1.00	0.000E+00	0	628	630	0	628	630	629M
10129	6566	2.217E-308	1.00	0.000E+00	0	596	598	0	596	598	597M
10130	6567	1.144E-52	1.00	1.139E-52	0	85	87	0	85	87	86M
10131	6568	4.504E-234	1.00	4.727E-234	0	351	353	0	351	353	352M
10132	6569	2.217E-308	1.00	0.000E+00	0	963	965	0	963	965	964M
10133	6570	2.217E-308	1.00	0.000E+00	0	1215	1217	0	1215	1217	1216M
10134	6571	1.177E-295	1.00	1.134E-295	0	423	425	0	423	425	424M
10135	6572	2.217E-308	1.00	0.000E+00	0	620	622	0	620	622	621M
10136	6573	4.711E-174	1.00	4.817E-174	0	253	255	0	253	255	254M
10137	6574	2.150E-64	1.00	2.061E-64	0	101	103	0	101	103	102M
10138	6575	9.862E-73	1.00	9.621E-73	0	129	131	0	129	131	130M
10139	6576	8.740E-181	1.00	9.091E-181	0	279	281	0	279	281	280M
10140	6577	2.017E-78	1.00	2.078E-78	0	127	129	0	127	129	128M
10141	6578	7.621E-128	1.00	7.531E-128	0	195	197	0	195	197	196M
10142	6579	1.432E-139	1.00	1.488E-139	0	212	214	0	212	214	213M
10143	6580	1.541E-90	1.00	1.560E-90	0	144	146	0	144	146	145M
10144	6581	4.930E-269	1.00	5.076E-269	0	408	410	0	408	410	409M
10145	6582	2.217E-308	1.00	0.000E+00	0	521	523	0	521	523	522M
10146	6583	1.040E-170	1.00	9.909E-171	0	261	263	0	261	263	262M
10147	6584	3.972E-108	1.00	3.844E-108	0	174	176	0	174	176	175M
10148	6585	1.756E-63	1.00	1.793E-63	0	100	102	0	100	102	101M
10149	6586	1.178E-218	1.00	1.176E-218	0	314	316	0	314	316	315M
10150	6587	6.854E-87	1.00	6.664E-87	0	134	136	0	134	136	135M
10151	6588	5.961E-149	1.00	5.890E-149	0	221	223	0	221	223	222M
10152	6589	5.148E-131	0.995	5.003E-131	0	207	209	0	207	209	208M
10153	6590	2.217E-308	1.00	0.000E+00	0	595	597	0	595	597	596M
10154	6591	2.217E-308	1.00	0.000E+00	0	564	566	0	564	566	565M
10155	6592	2.568E-94	1.00	2.489E-94	0	146	148	0	146	148	147M
10156	6593	5.064E-202	1.00	5.287E-202	0	305	307	0	305	307	306M
10157	6594	6.272E-130	1.00	6.237E-130	0	207	209	0	207	209	208M
10158	6595	1.024E-164	1.00	1.061E-164	0	268	270	0	268	270	269M
10159	6596	1.046E-172	1.00	1.042E-172	0	258	260	0	258	260	259M
10160	6597	7.274E-110	1.00	7.413E-110	0	164	166	0	164	166	165M
10161	6598	1.617E-186	1.00	1.543E-186	0	278	280	0	278	280	279M
10162	6599	2.464E-78	1.00	2.519E-78	0	131	133	0	131	133	132M
10163	6600	1.475E-189	1.00	1.405E-189	0	290	292	0	290	292	291M
10164	6601	3.046E-44	1.00	2.943E-44	0	80	82	0	80	82	81M
10165	6602	3.064E-85	1.00	3.113E-85	0	155	157	0	155	157	156M
10166	6603	2.174E-107	1.00	2.147E-107	0	177	179	0	177	179	178M
10167	6604	2.217E-308	1.00	0.000E+00	0	513	515	0	513	515	514M
10168	6605	1.186E-182	1.00	1.226E-182	0	288	290	0	288	290	289M
10169	6606	8.875E-303	1.00	8.513E-303	0	463	465	0	463	465	464M
10170	6607	9.110E-81	1.00	8.733E-81	0	138	140	0	138	140	139M
10171	6608	2.029E-119	1.00	1.973E-119	0	198	200	0	198	200	199M
10172	6609	1.666E-120	1.00	1.734E-120	0	180	182	0	180	182	181M
10173	6610	3.427E-167	1.00	3.382E-167	0	253	255	0	253	255	254M
10174	6611	8.642E-254	1.00	8.477E-254	0	403	405	0	403	405	404M
10175	6612	1.432E-139	1.00	1.488E-139	0	212	214	0	212	214	213M
10176	6613	1.820E-193	1.00	1.842E-193	0	301	303	0	301	303	302M
10177	6614	1.705E-129	1.00	1.678E-129	0	188	190	0	188	190	189M
10178	6615	1.763E-258	1.00	1.826E-258	0	382	384	0	382	384	383M
10179	6616	4.392E-263	1.00	4.257E-263	0	383	385	0	383	385	384M
10180	6617	4.401E-109	1.00	4.428E-109	0	175	177	0	175	177	176M
10181	6618	2.541E-90	1.00	2.540E-90	0	141	143	0	141	143	142M
10182	6619	2.217E-308	1.00	0.000E+00	0	703	705	0	703	705	704M
10183	6620	5.277E-40	1.00	5.301E-40	0	67	69	0	67	69	68M
10184	6621	3.738E-278	1.00	3.742E-278	0	403	405	0	403	405	404M
10185	6622	9.260E-126	1.00	9.398E-126	0	197	199	0	197	199	198M
10186	5826	2.229E-16	1.00	2.237E-16	0	33	35	0	33	35	34M
10187	5827	5.859E-65	1.00	5.656E-65	0	94	96	0	94	96	95M
10188	5828	5.188E-134	1.00	5.051E-134	0	188	190	0	188	190	189M
10189	5829	1.442E-103	1.00	1.507E-103	0	151	153	0	151	153	152M
10190	5830	7.205E-261	1.00	6.903E-261	0	384	386	0	384	386	385M
10191	5831	1.727E-250	1.00	1.752E-250	0	391	393	0	391	393	392M
10192	5832	3.218E-104	1.00	3.331E-104	0	159	161	0	159	161	160M
10193	5833	9.701E-144	1.00	9.434E-144	0	221	223	0	221	223	222M
10194	5834	1.960E-183	1.00	1.913E-183	0	282	284	0	282	284	283M
10195	5835	1.882E-206	1.00	1.965E-206	0	316	318	0	316	318	317M
10196	5836	2.029E-119	1.00	2.068E-119	0	199	201	0	199	201	200M
10197	5837	1.572E-175	1.00	1.548E-175	0	267	269	0	267	269	268M
10198	5838	1.076E-299	1.00	1.027E-299	0	453	455	0	453	455	454M
10199	5839	1.137E-243	1.00	1.162E-243	0	363	365	0	363	365	364M
10200	5840	2.217E-308	1.00	0.000E+00	0	891	893	0	891	893	892M
10201	5841	5.710E-55	1.00	5.528E-55	0	86	88	0	86	88	87M
10202	5842	1.014E-160	1.00	9.659E-161	0	254	256	0	254	256	255M
10203	5843	1.598E-220	1.00	1.611E-220	0	330	332	0	330	332	331M
10204	5844	2.217E-308	1.00	0.000E+00	0	1273	1275	0	1273	1275	1274M
10205	5845	1.092E-305	1.00	1.100E-305	0	469	471	0	469	471	470M
10206	5846	2.927E-222	1.00	2.806E-222	0	331	333	0	331	333	332M
10207	5847	2.217E-308	1.00	0.000E+00	0	602	604	0	602	604	603M
10208	5848	6.447E-102	1.00	6.474E-102	0	157	159	0	157	159	158M
10209	5849	2.428E-111	1.00	2.535E-111	0	166	168	0	166	168	167M
10210	5850	2.217E-308	1.00	0.000E+00	0	492	494	0	492	494	493M
10211	5851	2.875E-99	1.00	2.915E-99	0	166	168	0	166	168	167M
10212	5852	4.281E-137	1.00	4.474E-137	0	226	228	0	226	228	227M
10213	5853	1.858E-85	1.00	1.951E-85	0	132	134	0	132	134	133M
10214	5854	2.823E-208	1.00	2.837E-208	0	313	315	0	313	315	314M
10215	5855	6.766E-198	1.00	6.889E-198	0	292	294	0	292	294	293M
10216	5856	2.950E-225	1.00	2.905E-225	0	339	341	0	339	341	340M
10217	5857	2.217E-308	1.00	0.000E+00	0	602	604	0	602	604	603M
10218	5858	1.514E-83	1.00	1.463E-83	0	143	145	0	143	145	144M
10219	5859	1.987E-22	1.00	1.993E-22	0	40	42	0	40	42	41M
10220	5860	2.981E-113	1.00	2.885E-113	0	178	180	0	178	180	179M
10221	5861	1.232E-42	1.00	1.228E-42	0	66	68	0	66	68	67M
10222	5862	3.311E-115	1.00	3.320E-115	0	177	179	0	177	179	178M
10223	5863	2.217E-308	1.00	0.000E+00	0	1200	1202	0	1200	1202	1201M
10224	5864	1.474E-150	1.00	1.446E-150	0	216	218	0	216	218	217M
10225	5865	2.297E-167	1.00	2.317E-167	0	245	247	0	245	247	246M
10226	5866	1.451E-260	1.00	1.424E-260	0	386	388	0	386	388	387M
10227	5867	5.670E-91	1.00	5.498E-91	0	142	144	0	142	144	143M
10228	5868	1.371E-122	1.00	1.414E-122	0	185	187	0	185	187	186M
10229	5869	1.730E-96	1.00	1.717E-96	0	141	143	0	141	143	142M
10230	5870	2.579E-57	1.00	2.575E-57	0	99	101	0	99	101	100M
10231	5871	8.054E-72	1.00	8.413E-72	0	115	117	0	115	117	116M
10232	5872	3.732E-200	1.00	3.614E-200	0	301	303	0	301	303	302M
10233	5873	2.153E-258	1.00	2.074E-258	0	405	407	0	405	407	406M
10234	5874	2.217E-308	1.00	0.000E+00	0	572	574	0	572	574	573M
10235	5875	2.217E-308	1.00	0.000E+00	0	526	528	0	526	528	527M
10236	5876	1.774E-183	1.00	1.773E-183	0	267	269	0	267	269	268M
10237	5877	2.274E-163	1.00	2.307E-163	0	253	255	0	253	255	254M
10238	5878	7.112E-256	1.00	7.246E-256	0	409	411	0	409	411	410M
10239	5879	1.226E-195	1.00	1.246E-195	0	302	304	0	302	304	303M
10240	5880	1.935E-62	1.00	1.993E-62	0	104	106	0	104	106	105M
10241	5881	4.965E-117	1.00	4.991E-117	0	175	177	0	175	177	176M
10242	5882	2.217E-308	1.00	0.000E+00	0	1634	1636	0	1634	1636	1635M
10243	5883	2.217E-308	1.00	0.000E+00	0	1057	1059	0	1057	1059	1058M
10244	5884	2.983E-268	1.00	3.096E-268	0	413	415	0	413	415	414M
10245	5885	8.961E-152	1.00	9.031E-152	0	224	226	0	224	226	225M
10246	5886	4.201E-91	1.00	4.009E-91	0	142	144	0	142	144	143M
10247	5887	5.819E-101	1.00	6.063E-101	0	151	153	0	151	153	152M
10248	5888	6.979E-210	1.00	7.098E-210	0	315	317	0	315	317	316M
10249	5889	7.413E-156	1.00	7.149E-156	0	231	233	0	231	233	232M
10250	5890	2.163E-221	1.00	2.167E-221	0	341	343	0	341	343	342M
10251	5891	2.097E-93	1.00	2.060E-93	0	144	146	0	144	146	145M
10252	5892	8.192E-272	1.00	8.443E-272	0	433	435	0	433	435	434M
10253	5893	8.643E-138	1.00	8.979E-138	0	212	214	0	212	214	213M
10254	5894	1.282E-212	1.00	1.342E-212	0	309	311	0	309	311	310M
10255	5895	5.960E-265	1.00	6.097E-265	0	400	402	0	400	402	401M
10256	5896	7.888E-180	1.00	7.981E-180	0	285	287	0	285	287	286M
10257	5897	8.569E-96	1.00	8.267E-96	0	154	156	0	154	156	155M
10258	5898	2.217E-308	1.00	0.000E+00	0	880	882	0	880	882	881M
10259	5899	1.700E-128	1.00	1.680E-128	0	190	192	0	190	192	191M
10260	5900	3.283E-73	1.00	3.155E-73	0	106	108	0	106	108	107M
10261	5901	2.770E-162	1.00	2.741E-162	0	232	234	0	232	234	233M
10262	5902	7.262E-148	1.00	7.342E-148	0	221	223	0	221	223	222M
10263	5903	5.935E-186	1.00	5.706E-186	0	279	281	0	279	281	280M
10264	5904	4.337E-142	1.00	4.336E-142	0	202	204	0	202	204	203M
10265	5905	3.794E-129	1.00	3.705E-129	0	198	200	0	198	200	199M
10266	5906	3.843E-250	1.00	3.961E-250	0	395	397	0	395	397	396M
10267	5907	2.217E-308	1.00	0.000E+00	0	712	714	0	712	714	713M
10268	5908	2.954E-303	1.00	2.853E-303	0	487	489	0	487	489	488M
10269	5909	8.257E-159	1.00	7.868E-159	0	247	249	0	247	249	248M
10270	5910	5.940E-109	1.00	5.884E-109	0	181	183	0	181	183	182M
10271	5911	2.459E-116	1.00	2.347E-116	0	181	183	0	181	183	182M
10272	5912	2.453E-115	1.00	2.540E-115	0	178	180	0	178	180	179M
10273	5913	3.136E-210	1.00	3.068E-210	0	324	326	0	324	326	325M
10274	5914	2.217E-308	1.00	0.000E+00	0	472	474	0	472	474	473M
10275	5915	1.705E-129	1.00	1.684E-129	0	208	210	0	208	210	209M
10276	5916	6.033E-115	1.00	5.953E-115	0	196	198	0	196	198	197M
10277	5917	2.111E-26	1.00	2.103E-26	0	47	49	0	47	49	48M
10278	5918	3.563E-66	1.00	3.474E-66	0	108	110	0	108	110	109M
10279	5919	2.335E-96	1.00	2.293E-96	0	147	149	0	147	149	148M
10280	5920	1.158E-250	1.00	1.188E-250	0	403	405	0	403	405	404M
10281	5921	2.550E-246	1.00	2.568E-246	0	367	369	0	367	369	368M
10282	5922	7.268E-71	1.00	6.971E-71	0	113	115	0	113	115	114M
10283	5923	2.347E-98	1.00	2.440E-98	0	151	153	0	151	153	152M
10284	5924	5.483E-20	1.00	5.465E-20	0	38	40	0	38	40	39M
10285	5925	2.828E-170	1.00	2.841E-170	0	270	272	0	270	272	271M
10286	5926	1.528E-48	1.00	1.561E-48	0	73	75	0	73	75	74M
10287	5927	3.366E-44	1.00	3.364E-44	0	70	72	0	70	72	71M
10288	5928	1.125E-123	1.00	1.083E-123	0	204	206	0	204	206	205M
10289	5929	7.504E-122	1.00	7.394E-122	0	180	182	0	180	182	181M
10290	5930	4.536E-82	1.00	4.317E-82	0	128	130	0	128	130	129M
10291	5931	7.686E-23	1.00	7.685E-23	0	40	42	0	40	42	41M
10292	5932	1.768E-143	1.00	1.858E-143	0	222	224	0	222	224	223M
10293	5933	5.087E-49	1.00	5.118E-49	0	76	78	0	76	78	77M
10294	5934	1.006E-273	1.00	1.006E-273	0	419	421	0	419	421	420M
10295	5935	3.074E-36	1.00	3.081E-36	0	63	65	0	63	65	64M
10296	5936	1.011E-43	1.00	1.011E-43	0	73	75	0	73	75	74M
10297	5937	5.544E-121	1.00	5.588E-121	0	196	198	0	196	198	197M
10298	5938	1.783E-69	1.00	1.766E-69	0	108	110	0	108	110	109M
10299	5939	2.007E-76	1.00	2.005E-76	0	117	119	0	117	119	118M
10300	5940	1.883E-90	1.00	1.812E-90	0	134	136	0	134	136	135M
10301	5941	3.378E-84	1.00	3.347E-84	0	132	134	0	132	134	133M
10302	5942	2.217E-308	1.00	0.000E+00	0	822	824	0	822	824	823M
10303	5943	1.637E-36	1.00	1.635E-36	0	63	65	0	63	65	64M
10304	5944	5.143E-208	1.00	4.916E-208	0	318	320	0	318	320	319M
10305	5945	2.217E-308	1.00	0.000E+00	0	459	461	0	459	461	460M
10306	5946	1.202E-110	1.00	1.171E-110	0	165	167	0	165	167	166M
10307	5947	1.105E-232	1.00	1.075E-232	0	337	339	0	337	339	338M
10308	5948	1.881E-167	1.00	1.826E-167	0	260	262	0	260	262	261M
10309	5949	7.039E-252	1.00	6.908E-252	0	396	398	0	396	398	397M
10310	5950	2.315E-286	1.00	2.386E-286	0	451	453	0	451	453	452M
10311	5951	4.273E-291	1.00	4.222E-291	0	419	421	0	419	421	420M
10312	5952	3.716E-237	1.00	3.785E-237	0	367	369	0	367	369	368M
10313	5953	2.217E-308	1.00	0.000E+00	0	1284	1286	0	1284	1286	1285M
10314	5954	1.696E-127	1.00	1.732E-127	0	186	188	0	186	188	187M
10315	5955	2.494E-44	1.00	2.451E-44	0	70	72	0	70	72	71M
10316	5956	3.380E-123	1.00	3.267E-123	0	194	196	0	194	196	195M
10317	5957	1.369E-44	1.00	1.369E-44	0	71	73	0	71	73	72M
10318	5958	2.217E-308	1.00	0.000E+00	0	520	522	0	520	522	521M
10319	5959	2.579E-57	1.00	2.691E-57	0	113	115	0	113	115	114M
10320	5960	3.496E-136	1.00	3.371E-136	0	202	204	0	202	204	203M
10321	5961	2.217E-308	1.00	0.000E+00	0	811	813	0	811	813	812M
10322	5962	1.524E-163	1.00	1.485E-163	0	237	239	0	237	239	238M
10323	5963	2.386E-143	1.00	2.349E-143	0	207	209	0	207	209	208M
10324	5964	8.451E-168	1.00	8.849E-168	0	258	260	0	258	260	259M
10325	5965	4.328E-296	1.00	4.336E-296	0	470	472	0	470	472	471M
10326	5966	1.837E-274	1.00	1.875E-274	0	410	412	0	410	412	411M
10327	5967	2.904E-219	1.00	2.781E-219	0	337	339	0	337	339	338M
10328	5968	4.386E-69	1.00	4.238E-69	0	113	115	0	113	115	114M
10329	5969	2.217E-308	1.00	0.000E+00	0	733	735	0	733	735	734M
10330	5970	5.597E-86	1.00	5.373E-86	0	138	140	0	138	140	139M
10331	5971	7.162E-104	1.00	6.891E-104	0	161	163	0	161	163	162M
10332	5972	2.217E-308	1.00	0.000E+00	0	858	860	0	858	860	859M
10333	5973	1.588E-179	1.00	1.657E-179	0	267	269	0	267	269	268M
10334	5974	1.887E-91	1.00	1.937E-91	0	140	142	0	140	142	141M
10335	5975	2.801E-89	1.00	2.884E-89	0	139	141	0	139	141	140M
10336	5976	5.869E-143	1.00	5.969E-143	0	220	222	0	220	222	221M
10337	5977	1.420E-97	1.00	1.473E-97	0	149	151	0	149	151	150M
10338	5978	3.821E-93	1.00	3.692E-93	0	143	145	0	143	145	144M
10339	5979	2.956E-17	1.00	2.968E-17	0	31	33	0	31	33	32M
10340	5980	5.611E-203	1.00	5.370E-203	0	310	312	0	310	312	311M
10341	5981	1.981E-187	1.00	1.939E-187	0	301	303	0	301	303	302M
10342	5982	2.411E-147	1.00	2.396E-147	0	226	228	0	226	228	227M
10343	5983	9.494E-213	1.00	9.794E-213	0	309	311	0	309	311	310M
10344	5984	4.682E-249	1.00	4.489E-249	0	366	368	0	366	368	367M
10345	5985	3.739E-46	1.00	3.747E-46	0	75	77	0	75	77	76M
10346	5986	2.784E-280	1.00	2.723E-280	0	419	421	0	419	421	420M
10347	5987	1.693E-165	1.00	1.688E-165	0	249	251	0	249	251	250M
10348	5988	2.798E-282	1.00	2.681E-282	0	428	430	0	428	430	429M
10349	5989	2.217E-308	1.00	0.000E+00	0	525	527	0	525	527	526M
10350	5990	2.217E-308	0.998	0.000E+00	0	522	524	0	522	524	523M
10351	5991	4.871E-303	1.00	4.923E-303	0	458	460	0	458	460	459M
10352	5992	2.217E-308	1.00	0.000E+00	0	699	701	0	699	701	700M
10353	5993	1.569E-213	1.00	1.624E-213	0	311	313	0	311	313	312M
10354	5994	1.437E-63	1.00	1.402E-63	0	95	97	0	95	97	96M
10355	5995	3.109E-168	1.00	3.230E-168	0	250	252	0	250	252	251M
10356	5996	8.123E-114	1.00	8.244E-114	0	165	167	0	165	167	166M
10357	5997	4.086E-235	1.00	3.982E-235	0	352	354	0	352	354	353M
10358	5998	4.602E-165	1.00	4.409E-165	0	256	258	0	256	258	257M
10359	5999	1.048E-173	1.00	1.010E-173	0	262	264	0	262	264	263M
10360	6000	2.217E-308	1.00	0.000E+00	0	511	513	0	511	513	512M
10361	6001	6.587E-265	1.00	6.388E-265	0	401	403	0	401	403	402M
10362	6002	6.325E-288	1.00	6.586E-288	0	428	430	0	428	430	429M
10363	6003	4.714E-213	1.00	4.657E-213	0	320	322	0	320	322	321M
10364	6004	1.143E-129	1.00	1.154E-129	0	200	202	0	200	202	201M
10365	6005	6.749E-81	1.00	6.724E-81	0	126	128	0	126	128	127M
10366	6006	2.366E-101	1.00	2.331E-101	0	164	166	0	164	166	165M
10367	6007	2.217E-192	1.00	2.306E-192	0	281	283	0	281	283	282M
10368	6008	5.351E-262	1.00	5.427E-262	0	397	399	0	397	399	398M
10369	6009	8.901E-72	1.00	9.046E-72	0	110	112	0	110	112	111M
10370	6010	6.967E-132	1.00	7.072E-132	0	199	201	0	199	201	200M
10371	6011	1.909E-134	1.00	1.883E-134	0	207	209	0	207	209	208M
10372	6012	5.558E-238	1.00	5.578E-238	0	353	355	0	353	355	354M
10373	6013	1.029E-127	1.00	1.064E-127	0	189	191	0	189	191	190M
10374	6014	1.742E-60	1.00	1.828E-60	0	93	95	0	93	95	94M
10375	6015	5.256E-139	1.00	5.336E-139	0	219	221	0	219	221	220M
10376	6016	1.270E-131	1.00	1.329E-131	0	199	201	0	199	201	200M
10377	6017	1.290E-176	1.00	1.346E-176	0	262	264	0	262	264	263M
10378	6018	1.033E-206	1.00	1.033E-206	0	309	311	0	309	311	310M
10379	6019	1.381E-241	1.00	1.384E-241	0	344	346	0	344	346	345M
10380	6020	4.941E-324	1.00	4.941E-324	0	488	490	0	488	490	489M
10381	6021	5.965E-304	1.00	6.020E-304	0	467	469	0	467	469	468M
10382	6022	7.355E-269	1.00	7.024E-269	0	388	390	0	388	390	389M
10383	6023	4.644E-322	1.00	4.496E-322	0	484	486	0	484	486	485M
10384	6024	1.230E-80	1.00	1.265E-80	0	126	128	0	126	128	127M
10385	6025	7.477E-198	1.00	7.322E-198	0	300	302	0	300	302	301M
10386	6026	1.687E-125	1.00	1.766E-125	0	197	199	0	197	199	198M
10387	6027	2.133E-177	1.00	2.160E-177	0	270	272	0	270	272	271M
10388	6028	7.412E-272	1.00	7.372E-272	0	403	405	0	403	405	404M
10389	6029	1.016E-161	1.00	9.842E-162	0	239	241	0	239	241	240M
10390	6030	3.668E-232	1.00	3.846E-232	0	344	346	0	344	346	345M
10391	6031	1.466E-264	1.00	1.497E-264	0	399	401	0	399	401	400M
10392	6032	2.217E-308	1.00	0.000E+00	0	568	570	0	568	570	569M
10393	6033	1.599E-259	1.00	1.539E-259	0	383	385	0	383	385	384M
10394	6034	3.624E-266	1.00	3.704E-266	0	394	396	0	394	396	395M
10395	6035	2.619E-179	1.00	2.616E-179	0	270	272	0	270	272	271M
10396	6036	6.053E-271	1.00	6.235E-271	0	415	417	0	415	417	416M
10397	6037	2.569E-249	1.00	2.690E-249	0	382	384	0	382	384	383M
10398	6038	6.690E-271	1.00	7.010E-271	0	404	406	0	404	406	405M
10399	6039	1.996E-190	1.00	1.995E-190	0	282	284	0	282	284	283M
10400	6040	3.827E-171	1.00	3.902E-171	0	268	270	0	268	270	269M
10401	6041	1.157E-211	1.00	1.195E-211	0	322	324	0	322	324	323M
10402	6042	1.047E-250	1.00	1.024E-250	0	393	395	0	393	395	394M
10403	6043	6.593E-188	1.00	6.914E-188	0	279	281	0	279	281	280M
10404	6044	3.532E-256	1.00	3.483E-256	0	400	402	0	400	402	401M
10405	6045	2.217E-308	1.00	0.000E+00	0	506	508	0	506	508	507M
10406	6046	2.791E-165	1.00	2.665E-165	0	252	254	0	252	254	253M
10407	6047	2.539E-167	1.00	2.624E-167	0	261	263	0	261	263	262M
10408	6048	8.642E-254	1.00	8.599E-254	0	383	385	0	383	385	384M
10409	6049	7.686E-286	1.00	7.871E-286	0	436	438	0	436	438	437M
10410	6050	5.338E-145	1.00	5.521E-145	0	221	223	0	221	223	222M
10411	6051	5.366E-147	1.00	5.266E-147	0	216	218	0	216	218	217M
10412	6052	1.155E-288	1.00	1.105E-288	0	437	439	0	437	439	438M
10413	6053	4.867E-264	1.00	4.865E-264	0	404	406	0	404	406	405M
10414	6054	9.397E-93	1.00	9.520E-93	0	143	145	0	143	145	144M
10415	6055	2.217E-308	1.00	0.000E+00	0	599	601	0	599	601	600M
10416	6056	9.835E-188	1.00	9.629E-188	0	266	268	0	266	268	267M
10417	6057	2.217E-308	1.00	0.000E+00	0	1159	1161	0	1159	1161	1160M
10418	6058	3.136E-210	1.00	3.283E-210	0	312	314	0	312	314	313M
10419	6059	5.554E-199	1.00	5.613E-199	0	299	301	0	299	301	300M
10420	6060	2.217E-308	1.00	0.000E+00	0	662	664	0	662	664	663M
10421	6061	2.539E-167	1.00	2.420E-167	0	266	268	0	266	268	267M
10422	6062	2.217E-308	1.00	0.000E+00	0	532	534	0	532	534	533M
10423	6063	3.237E-261	1.00	3.390E-261	0	389	391	0	389	391	390M
10424	6064	1.137E-127	1.00	1.154E-127	0	204	206	0	204	206	205M
10425	6065	2.217E-308	1.00	0.000E+00	0	563	565	0	563	565	564M
10426	6066	8.892E-149	1.00	8.466E-149	0	222	224	0	222	224	223M
10427	6067	3.846E-289	1.00	3.689E-289	0	427	429	0	427	429	428M
10428	6068	1.852E-277	1.00	1.919E-277	0	411	413	0	411	413	412M
10429	6069	1.853E-200	1.00	1.836E-200	0	300	302	0	300	302	301M
10430	6070	1.171E-61	1.00	1.172E-61	0	95	97	0	95	97	96M
10431	6071	1.025E-25	1.00	1.028E-25	0	47	49	0	47	49	48M
10432	6072	1.849E-25	1.00	1.841E-25	0	46	48	0	46	48	47M
10433	6073	9.325E-90	1.00	8.982E-90	0	141	143	0	141	143	142M
10434	6074	5.061E-47	1.00	4.826E-47	0	72	74	0	72	74	73M
10435	6075	1.318E-68	1.00	1.327E-68	0	104	106	0	104	106	105M
10436	6076	2.878E-26	1.00	2.879E-26	0	72	74	0	72	74	73M
10437	6077	1.066E-102	1.00	1.022E-102	0	158	160	0	158	160	159M
10438	6078	4.200E-322	1.00	4.002E-322	0	468	470	0	468	470	469M
10439	6079	2.217E-308	1.00	0.000E+00	0	711	713	0	711	713	712M
10440	6080	1.991E-189	1.00	2.019E-189	0	291	293	0	291	293	292M
10441	6081	3.077E-48	1.00	2.940E-48	0	73	75	0	73	75	74M
10442	6082	2.607E-216	1.00	2.531E-216	0	389	391	0	389	391	390M
10443	6083	1.532E-49	1.00	1.517E-49	0	77	79	0	77	79	78M
10444	6084	7.003E-134	1.00	7.188E-134	0	202	204	0	202	204	203M
10445	6085	6.207E-126	1.00	6.336E-126	0	202	204	0	202	204	203M
10446	6086	2.102E-94	1.00	2.199E-94	0	150	152	0	150	152	151M
10447	6087	2.217E-308	1.00	0.000E+00	0	537	539	0	537	539	538M
10448	6088	2.217E-308	1.00	0.000E+00	0	1153	1155	0	1153	1155	1154M
10449	6089	3.850E-212	1.00	3.850E-212	0	318	320	0	318	320	319M
10450	6090	1.165E-59	1.00	1.219E-59	0	93	95	0	93	95	94M
10451	6091	6.288E-131	1.00	6.127E-131	0	218	220	0	218	220	219M
10452	6092	2.137E-139	1.00	2.172E-139	0	220	222	0	220	222	221M
10453	6093	8.985E-153	1.00	9.026E-153	0	242	244	0	242	244	243M
10454	6094	2.947E-186	1.00	2.939E-186	0	285	287	0	285	287	286M
10455	6095	5.981E-189	1.00	5.903E-189	0	287	289	0	287	289	288M
10456	6096	3.791E-206	1.00	3.818E-206	0	310	312	0	310	312	311M
10457	6097	4.707E-135	1.00	4.700E-135	0	211	213	0	211	213	212M
10458	6098	2.217E-308	1.00	0.000E+00	0	652	654	0	652	654	653M
10459	6099	1.545E-207	1.00	1.558E-207	0	309	311	0	309	311	310M
10460	6100	3.403E-203	1.00	3.248E-203	0	306	308	0	306	308	307M
10461	6101	1.199E-109	1.00	1.231E-109	0	168	170	0	168	170	169M
10462	6102	1.838E-158	1.00	1.759E-158	0	244	246	0	244	246	245M
10463	6103	2.075E-205	1.00	2.000E-205	0	305	307	0	305	307	306M
10464	6104	1.113E-196	1.00	1.158E-196	0	285	287	0	285	287	286M
10465	6105	1.152E-132	1.00	1.136E-132	0	207	209	0	207	209	208M
10466	6106	1.239E-199	1.00	1.217E-199	0	300	302	0	300	302	301M
10467	6107	1.246E-85	1.00	1.224E-85	0	142	144	0	142	144	143M
10468	6108	1.182E-142	1.00	1.193E-142	0	228	230	0	228	230	229M
10469	6109	2.217E-308	1.00	0.000E+00	0	495	497	0	495	497	496M
10470	6110	5.310E-143	1.00	5.092E-143	0	210	212	0	210	212	211M
10471	6111	1.263E-129	1.00	1.308E-129	0	196	198	0	196	198	197M
10472	6112	8.443E-245	1.00	8.193E-245	0	394	396	0	394	396	395M
10473	6113	2.217E-308	1.00	0.000E+00	0	558	560	0	558	560	559M
10474	6114	4.397E-186	1.00	4.276E-186	0	293	295	0	293	295	294M
10475	6115	5.829E-63	1.00	5.757E-63	0	98	100	0	98	100	99M
10476	6116	7.847E-178	1.00	7.842E-178	0	282	284	0	282	284	283M
10477	6117	7.786E-175	1.00	7.590E-175	0	274	276	0	274	276	275M
10478	6118	3.114E-130	1.00	3.115E-130	0	199	201	0	199	201	200M
10479	6119	7.496E-199	1.00	7.186E-199	0	311	313	0	311	313	312M
10480	6120	3.714E-82	1.00	3.714E-82	0	138	140	0	138	140	139M
10481	6121	1.654E-156	1.00	1.618E-156	0	253	255	0	253	255	254M
10482	6122	2.223E-193	1.00	2.119E-193	0	304	306	0	304	306	305M
10483	6123	7.534E-317	1.00	7.312E-317	0	471	473	0	471	473	472M
10484	6124	3.212E-22	1.00	3.213E-22	0	43	45	0	43	45	44M
10485	6125	1.606E-222	1.00	1.641E-222	0	333	335	0	333	335	334M
10486	6126	2.217E-308	1.00	0.000E+00	0	480	482	0	480	482	481M
10487	6279	2.217E-308	1.00	0.000E+00	0	922	924	0	922	924	923M
10488	6280	2.676E-110	1.00	2.547E-110	0	188	190	0	188	190	189M
10489	6281	3.758E-164	1.00	3.784E-164	0	275	277	0	275	277	276M
10490	6282	1.415E-289	1.00	1.368E-289	0	426	428	0	426	428	427M
10491	6283	6.425E-178	1.00	6.724E-178	0	272	274	0	272	274	273M
10492	6284	2.217E-308	1.00	0.000E+00	0	505	507	0	505	507	506M
10493	6285	3.958E-68	1.00	3.965E-68	0	107	109	0	107	109	108M
10494	6286	5.505E-273	1.00	5.334E-273	0	421	423	0	421	423	422M
10495	6287	3.422E-31	1.00	3.421E-31	0	80	82	0	80	82	81M
10496	6288	2.122E-59	1.00	2.035E-59	0	97	99	0	97	99	98M
10497	6289	2.217E-308	1.00	0.000E+00	0	792	794	0	792	794	793M
10498	6290	7.833E-216	1.00	7.863E-216	0	325	327	0	325	327	326M
10499	6291	4.850E-224	1.00	4.889E-224	0	332	334	0	332	334	333M
10500	6292	1.623E-110	1.00	1.684E-110	0	166	168	0	166	168	167M
10501	6293	6.191E-125	1.00	6.315E-125	0	184	186	0	184	186	185M
10502	6294	5.357E-69	1.00	5.398E-69	0	118	120	0	118	120	119M
10503	6295	7.949E-36	1.00	7.972E-36	0	63	65	0	63	65	64M
10504	6296	8.234E-274	1.00	8.349E-274	0	415	417	0	415	417	416M
10505	6297	1.395E-90	1.00	1.351E-90	0	141	143	0	141	143	142M
10506	6298	9.651E-142	1.00	9.403E-142	0	205	207	0	205	207	206M
10507	6299	7.083E-61	1.00	6.772E-61	0	105	107	0	105	107	106M
10508	6300	2.217E-308	1.00	0.000E+00	0	639	641	0	639	641	640M
10509	6301	2.217E-308	1.00	0.000E+00	0	541	543	0	541	543	542M
10510	6302	2.935E-107	1.00	2.943E-107	0	177	179	0	177	179	178M
10511	6303	2.364E-62	1.00	2.480E-62	0	102	104	0	102	104	103M
10512	6304	1.815E-192	1.00	1.763E-192	0	282	284	0	282	284	283M
10513	6305	7.990E-185	1.00	7.806E-185	0	281	283	0	281	283	282M
10514	6306	2.857E-174	1.00	2.770E-174	0	268	270	0	268	270	269M
10515	6307	2.897E-102	1.00	2.764E-102	0	159	161	0	159	161	160M
10516	6308	6.235E-321	1.00	6.161E-321	0	486	488	0	486	488	487M
10517	6309	1.518E-84	1.00	1.500E-84	0	135	137	0	135	137	136M
10518	6310	1.393E-167	1.00	1.350E-167	0	267	269	0	267	269	268M
10519	6311	1.891E-169	1.00	1.832E-169	0	256	258	0	256	258	257M
10520	6312	2.217E-308	1.00	0.000E+00	0	767	769	0	767	769	768M
10521	6313	6.765E-314	1.00	6.735E-314	0	462	464	0	462	464	463M
10522	6314	2.206E-190	1.00	2.229E-190	0	271	273	0	271	273	272M
10523	6315	2.064E-203	1.00	2.058E-203	0	303	305	0	303	305	304M
10524	6316	2.217E-308	1.00	0.000E+00	0	934	936	0	934	936	935M
10525	6317	1.711E-169	1.00	1.692E-169	0	261	263	0	261	263	262M
10526	6318	1.304E-180	1.00	1.322E-180	0	287	289	0	287	289	288M
10527	6319	4.772E-179	1.00	4.841E-179	0	263	265	0	263	265	264M
10528	6320	7.478E-82	1.00	7.181E-82	0	132	134	0	132	134	133M
10529	6321	5.274E-179	1.00	5.400E-179	0	272	274	0	272	274	273M
10530	6322	9.131E-314	1.00	9.533E-314	0	483	485	0	483	485	484M
10531	6323	3.490E-58	1.00	3.421E-58	0	103	105	0	103	105	104M
10532	6324	6.754E-236	1.00	6.519E-236	0	374	376	0	374	376	375M
10533	6325	9.180E-200	1.00	8.995E-200	0	307	309	0	307	309	308M
10534	6326	1.017E-84	1.00	1.042E-84	0	134	136	0	134	136	135M
10535	6327	7.759E-251	1.00	7.471E-251	0	393	395	0	393	395	394M
10536	6328	2.972E-228	1.00	2.928E-228	0	333	335	0	333	335	334M
10537	6329	6.633E-113	1.00	6.324E-113	0	168	170	0	168	170	169M
10538	6330	2.432E-189	1.00	2.552E-189	0	296	298	0	296	298	297M
10539	6331	2.291E-166	1.00	2.243E-166	0	253	255	0	253	255	254M
10540	6332	6.398E-99	1.00	6.398E-99	0	156	158	0	156	158	157M
10541	6333	2.217E-308	1.00	0.000E+00	0	917	919	0	917	919	918M
10542	6334	1.067E-180	1.00	1.067E-180	0	269	271	0	269	271	270M
10543	6335	4.072E-195	1.00	3.912E-195	0	313	315	0	313	315	314M
10544	6336	2.632E-181	1.00	2.576E-181	0	279	281	0	279	281	280M
10545	6337	2.217E-308	1.00	0.000E+00	0	529	531	0	529	531	530M
10546	6338	1.220E-193	1.00	1.248E-193	0	286	288	0	286	288	287M
10547	6339	2.061E-125	1.00	2.100E-125	0	194	196	0	194	196	195M
10548	6340	4.539E-121	1.00	4.768E-121	0	186	188	0	186	188	187M
10549	6341	2.217E-308	1.00	0.000E+00	0	683	685	0	683	685	684M
10550	6342	9.717E-222	1.00	9.568E-222	0	337	339	0	337	339	338M
10551	6343	2.124E-98	1.00	2.196E-98	0	162	164	0	162	164	163M
10552	6344	2.217E-308	1.00	0.000E+00	0	573	575	0	573	575	574M
10553	6345	1.183E-65	1.00	1.230E-65	0	108	110	0	108	110	109M
10554	6346	2.217E-308	1.00	0.000E+00	0	873	875	0	873	875	874M
10555	6347	5.879E-105	1.00	5.622E-105	0	168	170	0	168	170	169M
10556	6348	1.932E-216	1.00	1.872E-216	0	328	330	0	328	330	329M
10557	6349	6.621E-267	1.00	6.574E-267	0	445	447	0	445	447	446M
10558	6350	2.217E-308	1.00	0.000E+00	0	663	665	0	663	665	664M
10559	6351	6.954E-286	1.00	6.848E-286	0	467	469	0	467	469	468M
10560	6352	2.333E-173	1.00	2.291E-173	0	266	268	0	266	268	267M
10561	6353	2.664E-147	1.00	2.707E-147	0	242	244	0	242	244	243M
10562	6354	3.389E-124	1.00	3.529E-124	0	187	189	0	187	189	188M
10563	6355	3.011E-233	1.00	3.131E-233	0	351	353	0	351	353	352M
10564	6356	5.670E-91	1.00	5.925E-91	0	137	139	0	137	139	138M
10565	6357	2.084E-52	1.00	2.040E-52	0	84	86	0	84	86	85M
10566	6358	3.850E-96	1.00	3.809E-96	0	151	153	0	151	153	152M
10567	6359	1.188E-144	1.00	1.177E-144	0	217	219	0	217	219	218M
10568	6360	1.031E-89	1.00	9.887E-90	0	143	145	0	143	145	144M
10569	6361	2.442E-268	1.00	2.341E-268	0	407	409	0	407	409	408M
10570	6362	5.435E-152	1.00	5.448E-152	0	240	242	0	240	242	241M
10571	6363	2.317E-93	1.00	2.330E-93	0	140	142	0	140	142	141M
10572	6364	8.914E-266	1.00	8.788E-266	0	399	401	0	399	401	400M
10573	6365	1.636E-113	1.00	1.688E-113	0	180	182	0	180	182	181M
10574	6366	2.585E-290	1.00	2.491E-290	0	430	432	0	430	432	431M
10575	6367	2.217E-308	1.00	0.000E+00	0	770	772	0	770	772	771M
10576	6368	1.399E-130	1.00	1.351E-130	0	208	210	0	208	210	209M
10577	6369	2.335E-96	1.00	2.354E-96	0	141	143	0	141	143	142M
10578	6370	2.217E-308	1.00	0.000E+00	0	510	512	0	510	512	511M
10579	6371	6.364E-213	1.00	6.503E-213	0	307	309	0	307	309	308M
10580	6372	3.125E-170	1.00	3.085E-170	0	245	247	0	245	247	246M
10581	6373	2.217E-308	1.00	0.000E+00	0	551	553	0	551	553	552M
10582	6374	1.117E-120	1.00	1.065E-120	0	183	185	0	183	185	184M
10583	6375	7.550E-47	1.00	7.564E-47	0	81	83	0	81	83	82M
10584	6376	1.528E-48	1.00	1.507E-48	0	85	87	0	85	87	86M
10585	6377	2.117E-174	1.00	2.189E-174	0	263	265	0	263	265	264M
10586	6378	4.719E-136	1.00	4.847E-136	0	203	205	0	203	205	204M
10587	6379	8.991E-308	1.00	9.318E-308	0	468	470	0	468	470	469M
10588	6380	4.646E-246	1.00	4.712E-246	0	380	382	0	380	382	381M
10589	6381	2.142E-140	1.00	2.133E-140	0	231	233	0	231	233	232M
10590	6382	2.525E-281	1.00	2.548E-281	0	429	431	0	429	431	430M
10591	6383	8.335E-240	1.00	7.981E-240	0	370	372	0	370	372	371M
10592	6384	4.650E-169	1.00	4.565E-169	0	262	264	0	262	264	263M
10593	6385	8.364E-164	1.00	8.374E-164	8	265	267	0	257	259	258M
10594	6386	1.001E-271	1.00	9.756E-272	0	409	411	0	409	411	410M
10595	6387	5.117E-90	1.00	5.012E-90	0	142	144	0	142	144	143M
10596	6388	1.273E-43	1.00	1.272E-43	0	65	67	0	65	67	66M
10597	6389	1.484E-114	1.00	1.488E-114	0	182	184	0	182	184	183M
10598	6390	1.415E-289	1.00	1.434E-289	0	427	429	0	427	429	428M
10599	6391	2.217E-308	1.00	0.000E+00	0	726	728	0	726	728	727M
10600	6392	1.077E-222	1.00	1.104E-222	0	338	340	0	338	340	339M
10601	6393	3.291E-190	1.00	3.253E-190	0	279	281	0	279	281	280M
10602	6394	1.746E-293	1.00	1.715E-293	0	436	438	0	436	438	437M
10603	6395	2.025E-273	1.00	1.979E-273	0	420	422	0	420	422	421M
10604	6396	2.217E-308	1.00	0.000E+00	0	541	543	0	541	543	542M
10605	6397	4.401E-109	1.00	4.562E-109	0	169	171	0	169	171	170M
10606	6398	1.027E-281	1.00	1.068E-281	0	451	453	0	451	453	452M
10607	6399	8.554E-134	1.00	8.288E-134	0	205	207	0	205	207	206M
10608	6400	2.217E-308	1.00	0.000E+00	0	616	618	0	616	618	617M
10609	5826	2.229E-16	1.00	2.237E-16	0	33	35	0	33	35	34M
10610	6509	5.029E-238	1.00	5.214E-238	0	399	401	0	399	401	400M
10611	6508	4.978E-118	1.00	5.166E-118	0	187	189	0	187	189	188M
10612	6507	6.022E-269	1.00	5.742E-269	0	431	433	0	431	433	432M
10613	6506	2.674E-40	1.00	2.675E-40	0	66	68	0	66	68	67M
10614	6505	5.621E-165	1.00	5.864E-165	0	242	244	0	242	244	243M
10615	6504	3.213E-142	1.00	3.376E-142	0	230	232	0	230	232	231M
10616	6503	2.635E-220	1.00	2.572E-220	0	340	342	0	340	342	341M
10617	6502	2.178E-185	1.00	2.139E-185	0	287	289	0	287	289	288M
10618	6501	5.152E-286	1.00	5.175E-286	0	427	429	0	427	429	428M
10619	6500	2.217E-308	1.00	0.000E+00	0	523	525	0	523	525	524M
10620	6499	3.808E-53	1.00	3.726E-53	0	88	90	0	88	90	89M
10621	6498	9.835E-188	1.00	9.476E-188	0	279	281	0	279	281	280M
10622	6497	8.371E-203	1.00	8.644E-203	0	300	302	0	300	302	301M
10623	6496	8.365E-48	1.00	8.400E-48	0	75	77	0	75	77	76M
10624	6495	2.217E-308	1.00	0.000E+00	0	625	627	0	625	627	626M
10625	6494	4.838E-223	1.00	4.876E-223	0	334	336	0	334	336	335M
10626	6493	2.217E-308	1.00	0.000E+00	0	515	517	0	515	517	516M
10627	6492	1.034E-129	1.00	1.000E-129	0	197	199	0	197	199	198M
10628	6491	7.064E-176	1.00	7.387E-176	0	258	260	0	258	260	259M
10629	6490	3.077E-164	1.00	2.975E-164	0	243	245	0	243	245	244M
10630	6489	5.081E-242	1.00	5.275E-242	0	357	359	0	357	359	358M
10631	6488	4.499E-311	1.00	4.515E-311	0	480	482	0	480	482	481M
10632	6487	4.583E-86	1.00	4.395E-86	0	147	149	0	147	149	148M
10633	6486	1.242E-45	1.00	1.264E-45	0	74	76	0	74	76	75M
10634	6485	9.016E-77	1.00	8.764E-77	0	126	128	0	126	128	127M
10635	6484	4.408E-187	1.00	4.287E-187	0	291	293	0	291	293	292M
10636	6483	1.180E-64	1.00	1.124E-64	0	108	110	0	108	110	109M
10637	6482	2.120E-136	1.00	2.069E-136	0	205	207	0	205	207	206M
10638	6481	2.217E-308	1.00	0.000E+00	0	662	664	0	662	664	663M
10639	6480	4.504E-234	1.00	4.304E-234	0	349	351	0	349	351	350M
10640	6479	1.646E-154	1.00	1.591E-154	0	250	252	0	250	252	251M
10641	6478	2.217E-308	1.00	0.000E+00	0	791	793	0	791	793	792M
10642	6477	2.150E-180	1.00	2.131E-180	0	277	279	0	277	279	278M
10643	6476	2.217E-308	1.00	0.000E+00	0	811	813	0	811	813	812M
10644	6475	2.217E-308	1.00	0.000E+00	0	608	610	0	608	610	609M
10645	6474	1.141E-283	1.00	1.121E-283	0	414	416	0	414	416	415M
10646	6473	3.880E-99	1.00	4.042E-99	0	153	155	0	153	155	154M
10647	6472	2.045E-122	1.00	2.033E-122	0	186	188	0	186	188	187M
10648	6471	5.894E-222	1.00	5.789E-222	0	333	335	0	333	335	334M
10649	6470	3.152E-96	1.00	3.018E-96	0	166	168	0	166	168	167M
10650	6469	2.218E-76	1.00	2.239E-76	0	139	141	0	139	141	140M
10651	6468	1.839E-197	1.00	1.799E-197	0	299	301	0	299	301	300M
10652	6467	1.437E-179	1.00	1.480E-179	0	278	280	0	278	280	279M
10653	6466	1.661E-235	1.00	1.720E-235	0	361	363	0	361	363	362M
10654	6465	1.076E-183	1.00	1.088E-183	0	270	272	0	270	272	271M
10655	6464	1.437E-179	1.00	1.480E-179	0	278	280	0	278	280	279M
10656	6463	2.064E-203	1.00	2.040E-203	0	323	325	0	323	325	324M
10657	6462	1.329E-226	1.00	1.365E-226	0	341	343	0	341	343	342M
10658	6461	1.516E-161	1.00	1.527E-161	0	255	257	0	255	257	256M
10659	6460	8.487E-247	1.00	8.479E-247	0	377	379	0	377	379	378M
10660	6459	2.217E-308	1.00	0.000E+00	0	546	548	0	546	548	547M
10661	6458	3.123E-131	1.00	3.206E-131	0	191	193	0	191	193	192M
10662	6457	5.709E-171	1.00	5.988E-171	0	257	259	0	257	259	258M
10663	6456	4.207E-285	1.00	4.129E-285	0	431	433	0	431	433	432M
10664	6455	1.352E-78	1.00	1.376E-78	0	125	127	0	125	127	126M
10665	6454	1.726E-95	1.00	1.809E-95	0	144	146	0	144	146	145M
10666	6453	2.217E-308	1.00	0.000E+00	0	568	570	0	568	570	569M
10667	6452	2.217E-308	1.00	0.000E+00	0	676	678	0	676	678	677M
10668	6451	6.896E-128	1.00	6.965E-128	0	200	202	0	200	202	201M
10669	6450	2.217E-308	1.00	0.000E+00	0	883	885	0	883	885	884M
10670	6449	6.054E-155	1.00	6.297E-155	0	237	239	0	237	239	238M
10671	6448	3.953E-323	1.00	3.953E-323	0	472	474	0	472	474	473M
10672	6447	2.260E-122	1.00	2.196E-122	0	181	183	0	181	183	182M
10673	6446	1.421E-136	1.00	1.396E-136	0	210	212	0	210	212	211M
10674	6445	6.180E-279	1.00	6.264E-279	0	439	441	0	439	441	440M
10675	6444	2.217E-308	1.00	0.000E+00	0	905	907	0	905	907	906M
10676	6443	2.217E-308	1.00	0.000E+00	0	1500	1502	0	1500	1502	1501M
10677	6442	1.342E-75	1.00	1.401E-75	0	118	120	0	118	120	119M
10678	6441	2.217E-308	1.00	0.000E+00	0	878	880	0	878	880	879M
10679	6440	9.470E-96	1.00	9.166E-96	0	143	145	0	143	145	144M
10680	6439	4.642E-207	1.00	4.733E-207	0	326	328	0	326	328	327M
10681	6438	4.280E-253	1.00	4.450E-253	0	398	400	0	398	400	399M
10682	6437	4.667E-93	1.00	4.598E-93	0	141	143	0	141	143	142M
10683	6436	2.850E-173	1.00	2.726E-173	0	263	265	0	263	265	264M
10684	6435	3.412E-204	1.00	3.412E-204	0	305	307	0	305	307	306M
10685	6434	2.270E-85	1.00	2.343E-85	0	149	151	0	149	151	150M
10686	6433	3.433E-40	1.00	3.440E-40	0	71	73	0	71	73	72M
10687	6432	2.474E-157	1.00	2.449E-157	0	233	235	0	233	235	234M
10688	6431	1.902E-94	1.00	1.815E-94	0	146	148	0	146	148	147M
10689	6430	4.723E-59	1.00	4.658E-59	0	101	103	0	101	103	102M
10690	6429	2.541E-206	1.00	2.500E-206	0	301	303	0	301	303	302M
10691	6428	6.398E-99	1.00	6.579E-99	0	150	152	0	150	152	151M
10692	6427	2.217E-308	1.00	0.000E+00	0	649	651	0	649	651	650M
10693	6426	2.801E-205	1.00	2.912E-205	0	313	315	0	313	315	314M
10694	6425	4.630E-90	1.00	4.649E-90	0	167	169	0	167	169	168M
10695	6424	5.798E-177	1.00	5.706E-177	0	284	286	0	284	286	285M
10696	6423	2.922E-144	1.00	2.890E-144	0	216	218	0	216	218	217M
10697	6422	1.372E-45	1.00	1.329E-45	0	75	77	0	75	77	76M
10698	6421	5.592E-163	1.00	5.496E-163	0	238	240	0	238	240	239M
10699	6420	1.619E-109	1.00	1.688E-109	0	168	170	0	168	170	169M
10700	6419	2.217E-308	1.00	0.000E+00	0	574	576	0	574	576	575M
10701	6418	1.372E-161	1.00	1.349E-161	0	239	241	0	239	241	240M
10702	6417	9.535E-176	1.00	9.490E-176	0	270	272	0	270	272	271M
10703	6416	9.084E-312	1.00	9.481E-312	0	460	462	0	460	462	461M
10704	6415	8.072E-305	1.00	7.703E-305	0	477	479	0	477	479	478M
10705	6414	2.217E-308	1.00	0.000E+00	0	502	504	0	502	504	503M
10706	6413	3.212E-258	1.00	3.352E-258	0	395	397	0	395	397	396M
10707	6412	2.163E-221	1.00	2.183E-221	0	321	323	0	321	323	322M
10708	6411	5.883E-260	1.00	5.777E-260	0	389	391	0	389	391	390M
10709	6410	2.217E-308	1.00	0.000E+00	0	569	571	0	569	571	570M
10710	6409	2.438E-74	1.00	2.406E-74	0	118	120	0	118	120	119M
10711	6408	6.138E-199	1.00	6.280E-199	0	288	290	0	288	290	289M
10712	6407	6.342E-173	1.00	6.263E-173	0	274	276	0	274	276	275M
10713	6406	1.804E-267	1.00	1.864E-267	0	384	386	0	384	386	385M
10714	6405	1.881E-51	1.00	1.868E-51	0	84	86	0	84	86	85M
10715	6404	2.217E-308	1.00	0.000E+00	0	867	869	0	867	869	868M
10716	6403	2.430E-150	1.00	2.438E-150	0	227	229	0	227	229	228M
10717	6402	6.755E-120	1.00	6.859E-120	0	189	191	0	189	191	190M
10718	6727	5.481E-16	1.00	5.502E-16	0	32	34	0	32	34	33M
10719	6728	5.814E-62	1.00	6.096E-62	0	101	103	0	101	103	102M
10720	6729	3.051E-122	1.00	2.923E-122	0	187	189	0	187	189	188M
10721	6730	2.664E-263	1.00	2.609E-263	0	386	388	0	386	388	387M
10722	6731	4.182E-128	1.00	4.202E-128	0	196	198	0	196	198	197M
10723	6732	7.615E-89	1.00	7.452E-89	0	126	128	0	126	128	127M
10724	6733	3.468E-249	1.00	3.431E-249	0	394	396	0	394	396	395M
10725	6734	1.146E-41	1.00	1.146E-41	0	79	81	0	79	81	80M
10726	6735	1.640E-230	1.00	1.688E-230	0	344	346	0	344	346	345M
10727	6736	4.121E-277	1.00	4.281E-277	0	435	437	0	435	437	436M
10728	6737	2.217E-308	1.00	0.000E+00	0	812	814	0	812	814	813M
10729	6738	9.895E-229	1.00	9.558E-229	0	336	338	0	336	338	337M
10730	6739	4.462E-153	1.00	4.661E-153	0	228	230	0	228	230	229M
10731	6740	6.985E-133	1.00	6.647E-133	0	209	211	0	209	211	210M
10732	6741	2.770E-162	1.00	2.779E-162	0	259	261	0	259	261	260M
10733	6742	2.195E-188	1.00	2.110E-188	0	294	296	0	294	296	295M
10734	6743	3.775E-127	1.00	3.943E-127	0	210	212	0	210	212	211M
10735	6744	1.136E-88	1.00	1.123E-88	0	141	143	0	141	143	142M
10736	6745	2.217E-308	1.00	0.000E+00	0	574	576	0	574	576	575M
10737	6746	2.179E-224	1.00	2.186E-224	0	335	337	0	335	337	336M
10738	6747	2.799E-166	1.00	2.932E-166	0	252	254	0	252	254	253M
10739	6748	5.863E-220	1.00	6.158E-220	0	325	327	0	325	327	326M
10740	6749	3.999E-72	1.00	3.865E-72	0	112	114	0	112	114	113M
10741	6750	7.009E-173	1.00	6.915E-173	0	256	258	0	256	258	257M
10742	6751	6.272E-130	1.00	6.437E-130	0	201	203	0	201	203	202M
10743	6752	1.108E-117	1.00	1.101E-117	0	183	185	0	183	185	184M
10744	6753	8.947E-74	1.00	8.703E-74	0	125	127	0	125	127	126M
10745	6754	1.327E-148	1.00	1.358E-148	0	232	234	0	232	234	233M
10746	6755	8.458E-207	1.00	8.384E-207	0	318	320	0	318	320	319M
10747	6756	9.429E-133	1.00	9.688E-133	0	197	199	0	197	199	198M
10748	6757	2.756E-160	1.00	2.740E-160	0	236	238	0	236	238	237M
10749	6758	1.299E-256	1.00	1.290E-256	0	372	374	0	372	374	373M
10750	6759	2.882E-100	1.00	2.858E-100	0	157	159	0	157	159	158M
10751	6760	6.250E-90	1.00	6.072E-90	0	146	148	0	146	148	147M
10752	6761	9.726E-145	1.00	1.005E-144	0	227	229	0	227	229	228M
10753	6762	2.217E-308	1.00	0.000E+00	0	556	558	0	556	558	557M
10754	6763	1.059E-61	1.00	1.040E-61	0	99	101	0	99	101	100M
10755	6764	1.079E-68	1.00	1.118E-68	0	120	122	0	120	122	121M
10756	6765	6.588E-149	1.00	6.897E-149	0	231	233	0	231	233	232M
10757	6766	1.095E-190	1.00	1.054E-190	0	302	304	0	302	304	303M
10758	6767	2.217E-308	1.00	0.000E+00	0	501	503	0	501	503	502M
10759	6768	3.981E-225	1.00	3.799E-225	0	338	340	0	338	340	339M
10760	6769	8.620E-253	1.00	8.871E-253	0	379	381	0	379	381	380M
10761	6770	2.217E-308	1.00	0.000E+00	0	720	722	0	720	722	721M
10762	6771	1.932E-100	1.00	1.855E-100	0	148	150	0	148	150	149M
10763	6772	2.043E-83	1.00	1.968E-83	0	136	138	0	136	138	137M
10764	6773	2.054E-85	1.00	1.993E-85	0	139	141	0	139	141	140M
10765	6774	7.970E-184	1.00	8.268E-184	0	291	293	0	291	293	292M
10766	6775	1.432E-139	1.00	1.366E-139	0	237	239	0	237	239	238M
10767	6776	2.217E-308	1.00	0.000E+00	0	888	890	0	888	890	889M
10768	6777	4.344E-15	1.00	4.324E-15	0	29	31	0	29	31	30M
10769	6778	2.217E-308	1.00	0.000E+00	0	593	595	0	593	595	594M
10770	6779	2.217E-308	1.00	0.000E+00	0	605	607	0	605	607	606M
10771	6780	2.217E-308	1.00	0.000E+00	0	669	671	0	669	671	670M
10772	6781	8.992E-192	1.00	9.407E-192	0	311	313	0	311	313	312M
10773	6782	1.113E-235	1.00	1.127E-235	0	379	381	0	379	381	380M
10774	6783	2.217E-308	1.00	0.000E+00	0	575	577	0	575	577	576M
10775	6784	2.303E-168	1.00	2.318E-168	0	243	245	0	243	245	244M
10776	6785	6.732E-80	1.00	6.603E-80	0	121	123	0	121	123	122M
10777	6786	4.454E-191	1.00	4.533E-191	0	284	286	0	284	286	285M
10778	6787	6.212E-165	1.00	6.148E-165	0	243	245	0	243	245	244M
10779	6788	1.689E-48	1.00	1.663E-48	0	87	89	0	87	89	88M
10780	6789	1.067E-141	1.00	1.020E-141	0	220	222	0	220	222	221M
10781	6790	1.329E-110	1.00	1.288E-110	0	167	169	0	167	169	168M
10782	6791	1.422E-175	1.00	1.388E-175	0	258	260	0	258	260	259M
10783	6792	5.758E-213	1.00	6.006E-213	0	312	314	0	312	314	313M
10784	6793	1.093E-73	1.00	1.112E-73	0	117	119	0	117	119	118M
10785	6794	2.217E-308	1.00	0.000E+00	0	1152	1154	0	1152	1154	1153M
10786	6795	1.739E-98	1.00	1.660E-98	0	143	145	0	143	145	144M
10787	6796	1.694E-320	1.00	1.739E-320	0	488	490	0	488	490	489M
10788	6797	8.095E-74	1.00	8.304E-74	0	111	113	0	111	113	112M
10789	6798	2.217E-308	1.00	0.000E+00	0	618	620	0	618	620	619M
10790	6799	8.771E-105	1.00	8.889E-105	0	171	173	0	171	173	172M
10791	6800	5.357E-69	1.00	5.398E-69	0	105	107	0	105	107	106M
10792	6801	1.007E-80	1.00	9.679E-81	0	127	129	0	127	129	128M
10793	6802	7.336E-268	1.00	7.177E-268	0	404	406	0	404	406	405M
10794	6803	4.739E-99	1.00	4.666E-99	0	156	158	0	156	158	157M
10795	6804	1.567E-135	1.00	1.534E-135	0	214	216	0	214	216	215M
10796	6805	2.065E-87	1.00	2.158E-87	0	150	152	0	150	152	151M
10797	6806	1.261E-51	1.00	1.270E-51	0	89	91	0	89	91	90M
10798	6807	2.217E-308	1.00	0.000E+00	0	620	622	0	620	622	621M
10799	6808	1.937E-217	1.00	1.941E-217	0	320	322	0	320	322	321M
10800	6809	1.379E-279	1.00	1.346E-279	0	406	408	0	406	408	407M
10801	6810	3.246E-262	1.00	3.324E-262	0	400	402	0	400	402	401M
10802	6811	1.129E-279	1.00	1.117E-279	0	429	431	0	429	431	430M
10803	6812	7.948E-299	1.00	7.814E-299	0	456	458	0	456	458	457M
10804	6813	8.696E-63	1.00	8.295E-63	0	99	101	0	99	101	100M
10805	6814	2.594E-98	1.00	2.686E-98	0	153	155	0	153	155	154M
10806	6815	2.217E-308	1.00	0.000E+00	0	593	595	0	593	595	594M
10807	6816	2.217E-308	1.00	0.000E+00	0	476	478	0	476	478	477M
10808	6817	4.071E-311	1.00	4.115E-311	0	478	480	0	478	480	479M
10809	6818	2.217E-308	1.00	0.000E+00	0	612	614	0	612	614	613M
10810	6819	2.217E-308	1.00	0.000E+00	0	635	637	0	635	637	636M
10811	6820	1.742E-176	1.00	1.816E-176	0	255	257	0	255	257	256M
10812	6821	1.714E-131	1.00	1.685E-131	0	204	206	0	204	206	205M
10813	6822	2.217E-308	1.00	0.000E+00	0	768	770	0	768	770	769M
10814	6823	4.711E-58	1.00	4.576E-58	0	96	98	0	96	98	97M
10815	6824	2.217E-308	1.00	0.000E+00	0	506	508	0	506	508	507M
10816	6825	7.868E-63	1.00	7.907E-63	0	111	113	0	111	113	112M
10817	6826	4.780E-141	1.00	4.552E-141	0	205	207	0	205	207	206M
10818	6827	2.217E-308	1.00	0.000E+00	0	714	716	0	714	716	715M
10819	6828	4.348E-143	1.00	4.414E-143	0	207	209	0	207	209	208M
10820	6829	8.839E-108	1.00	8.589E-108	0	171	173	0	171	173	172M
10821	6830	6.032E-231	1.00	6.337E-231	0	350	352	0	350	352	351M
10822	6831	1.700E-128	1.00	1.763E-128	0	191	193	0	191	193	192M
10823	6832	2.217E-308	1.00	0.000E+00	0	521	523	0	521	523	522M
10824	6833	2.233E-156	1.00	2.188E-156	0	246	248	0	246	248	247M
10825	6834	3.433E-245	1.00	3.347E-245	0	368	370	11	379	381	369M
10826	6835	9.760E-185	1.00	9.996E-185	0	293	295	0	293	295	294M
10827	6836	7.028E-58	1.00	7.270E-58	0	99	101	0	99	101	100M
10828	6837	2.217E-308	1.00	0.000E+00	0	517	519	0	517	519	518M
10829	6838	6.245E-51	1.00	6.485E-51	0	90	92	0	90	92	91M
10830	6839	2.217E-308	1.00	0.000E+00	0	509	511	0	509	511	510M
10831	7054	1.471E-304	1.00	1.403E-304	0	456	458	0	456	458	457M
10832	7053	4.040E-308	1.00	3.904E-308	0	490	492	0	490	492	491M
10833	7052	3.266E-71	1.00	3.202E-71	0	110	112	0	110	112	111M
10834	7051	1.529E-203	1.00	1.552E-203	0	297	299	0	297	299	298M
10835	7050	2.852E-96	1.00	2.721E-96	0	144	146	0	144	146	145M
10836	7049	3.104E-90	1.00	3.164E-90	0	139	141	0	139	141	140M
10837	7048	3.575E-106	1.00	3.546E-106	0	163	165	0	163	165	164M
10838	7047	3.900E-101	1.00	3.798E-101	0	161	163	0	161	163	162M
10839	7046	6.476E-65	1.00	6.419E-65	0	103	105	0	103	105	104M
10840	7045	2.217E-308	1.00	0.000E+00	0	622	624	0	622	624	623M
10841	7044	7.634E-90	1.00	7.839E-90	0	158	160	0	158	160	159M
10842	7043	4.352E-66	1.00	4.208E-66	0	99	101	0	99	101	100M
10843	7042	1.718E-132	1.00	1.767E-132	0	203	205	0	203	205	204M
10844	7041	1.335E-189	1.00	1.322E-189	0	282	284	0	282	284	283M
10845	7040	2.235E-195	1.00	2.340E-195	0	302	304	0	302	304	303M
10846	7039	4.027E-152	1.00	4.106E-152	0	234	236	0	234	236	235M
10847	7038	2.221E-270	1.00	2.303E-270	0	416	418	0	416	418	417M
10848	7037	8.306E-200	1.00	8.390E-200	0	319	321	0	319	321	320M
10849	7036	2.217E-308	1.00	0.000E+00	0	632	634	0	632	634	633M
10850	7035	1.593E-64	1.00	1.541E-64	0	108	110	0	108	110	109M
10851	7034	9.826E-265	1.00	9.572E-265	0	376	378	0	376	378	377M
10852	7033	1.221E-116	1.00	1.270E-116	0	188	190	0	188	190	189M
10853	7032	1.350E-232	1.00	1.298E-232	0	341	343	0	341	343	342M
10854	7031	1.215E-230	1.00	1.232E-230	0	344	346	0	344	346	345M
10855	7030	1.528E-280	1.00	1.592E-280	0	421	423	0	421	423	422M
10856	7029	2.217E-308	1.00	0.000E+00	0	915	917	0	915	917	916M
10857	7028	5.183E-211	1.00	5.365E-211	0	307	309	0	307	309	308M
10858	7027	2.017E-194	1.00	2.098E-194	0	295	297	0	295	297	296M
10859	7026	1.111E-234	1.00	1.149E-234	0	341	343	0	341	343	342M
10860	7025	1.689E-164	1.00	1.608E-164	0	250	252	0	250	252	251M
10861	7024	7.667E-169	1.00	7.693E-169	0	253	255	0	253	255	254M
10862	7023	5.924E-224	1.00	5.972E-224	0	343	345	0	343	345	344M
10863	7022	3.144E-211	1.00	3.044E-211	0	295	297	0	295	297	296M
10864	7021	6.883E-166	1.00	6.870E-166	0	250	252	0	250	252	251M
10865	7020	3.800E-207	1.00	3.827E-207	0	308	310	0	308	310	309M
10866	7019	7.071E-41	1.00	7.062E-41	0	71	73	0	71	73	72M
10867	7018	2.774E-240	1.00	2.809E-240	0	341	343	0	341	343	342M
10868	7017	2.217E-308	1.00	0.000E+00	0	591	593	0	591	593	592M
10869	7016	5.166E-171	1.00	4.957E-171	0	253	255	0	253	255	254M
10870	7015	2.217E-308	1.00	0.000E+00	0	684	686	0	684	686	685M
10871	7014	2.217E-308	1.00	0.000E+00	0	486	488	0	486	488	487M
10872	7013	2.146E-102	1.00	2.128E-102	0	147	149	0	147	149	148M
10873	7012	6.819E-85	1.00	7.078E-85	0	126	128	0	126	128	127M
10874	7011	4.764E-101	1.00	4.733E-101	0	159	161	0	159	161	160M
10875	7010	3.357E-159	1.00	3.257E-159	0	235	237	0	235	237	236M
10876	7009	1.104E-193	1.00	1.114E-193	0	297	299	0	297	299	298M
10877	7008	2.217E-308	1.00	0.000E+00	0	592	594	0	592	594	593M
10878	7007	2.217E-308	1.00	0.000E+00	0	599	601	0	599	601	600M
10879	7006	1.110E-79	1.00	1.099E-79	0	125	127	0	125	127	126M
10880	7005	2.217E-308	1.00	0.000E+00	0	517	519	0	517	519	518M
10881	7004	1.203E-149	1.00	1.180E-149	0	227	229	0	227	229	228M
10882	7003	2.217E-308	1.00	0.000E+00	0	479	481	0	479	481	480M
10883	7002	7.355E-269	1.00	7.361E-269	0	389	391	0	389	391	390M
10884	7001	4.927E-114	1.00	5.164E-114	0	175	177	0	175	177	176M
10885	7000	1.112E-157	1.00	1.096E-157	0	236	238	0	236	238	237M
10886	6999	1.247E-124	1.00	1.209E-124	0	191	193	0	191	193	192M
10887	6998	2.217E-308	1.00	0.000E+00	0	622	624	0	622	624	623M
10888	6997	2.392E-144	1.00	2.318E-144	0	218	220	0	218	220	219M
10889	6996	6.100E-274	1.00	6.022E-274	0	408	410	0	408	410	409M
10890	6995	1.350E-116	1.00	1.323E-116	0	169	171	0	169	171	170M
10891	6994	1.116E-236	1.00	1.137E-236	0	330	332	0	330	332	331M
10892	6993	4.125E-200	1.00	4.044E-200	0	290	292	0	290	292	291M
10893	6992	4.366E-222	1.00	4.534E-222	0	348	350	0	348	350	349M
10894	6991	4.175E-166	1.00	4.130E-166	0	266	268	0	266	268	267M
10895	6990	2.489E-198	1.00	2.470E-198	0	297	299	0	297	299	298M
10896	6989	3.817E-286	1.00	3.776E-286	0	427	429	0	427	429	428M
10897	6988	5.496E-195	1.00	5.624E-195	0	355	357	0	355	357	356M
10898	6987	1.270E-131	1.00	1.244E-131	0	191	193	0	191	193	192M
10899	6986	2.299E-206	1.00	2.275E-206	0	299	301	0	299	301	300M
10900	6985	2.914E-143	1.00	2.980E-143	0	212	214	0	212	214	213M
10901	6984	2.217E-308	1.00	0.000E+00	0	906	908	0	906	908	907M
10902	6983	2.744E-81	1.00	2.636E-81	0	146	148	0	146	148	147M
10903	6982	5.007E-275	1.00	4.826E-275	0	435	437	0	435	437	436M
10904	6981	7.003E-134	1.00	6.970E-134	0	208	210	0	208	210	209M
10905	6980	1.901E-55	1.00	1.901E-55	0	90	92	0	90	92	91M
10906	6979	1.052E-213	1.00	1.009E-213	0	321	323	0	321	323	322M
10907	6978	1.541E-90	1.00	1.603E-90	0	138	140	0	138	140	139M
10908	6977	3.684E-195	1.00	3.713E-195	0	285	287	0	285	287	286M
10909	6976	1.867E-48	1.00	1.874E-48	0	83	85	0	83	85	84M
10910	6975	2.217E-308	1.00	0.000E+00	0	710	712	0	710	712	711M
10911	6974	1.781E-262	1.00	1.770E-262	0	400	402	0	400	402	401M
10912	6973	3.612E-226	1.00	3.635E-226	0	335	337	0	335	337	336M
10913	6972	2.789E-242	1.00	2.879E-242	0	371	373	0	371	373	372M
10914	6971	6.407E-293	1.00	6.102E-293	0	416	418	0	416	418	417M
10915	6970	2.217E-308	1.00	0.000E+00	0	800	802	0	800	802	801M
10916	6969	2.217E-308	1.00	0.000E+00	0	546	548	0	546	548	547M
10917	6968	1.308E-104	1.00	1.356E-104	0	160	162	0	160	162	161M
10918	6967	8.901E-72	1.00	8.831E-72	0	116	118	0	116	118	117M
10919	6966	3.502E-98	1.00	3.607E-98	0	146	148	0	146	148	147M
10920	6965	2.104E-249	1.00	2.079E-249	0	390	392	0	390	392	391M
10921	6964	2.669E-109	1.00	2.545E-109	0	170	172	0	170	172	171M
10922	6963	1.350E-232	1.00	1.332E-232	0	355	357	0	355	357	356M
10923	6962	6.265E-29	1.00	6.235E-29	0	51	53	0	51	53	52M
10924	6961	5.421E-267	1.00	5.403E-267	0	400	402	0	400	402	401M
10925	6960	2.217E-308	1.00	0.000E+00	0	485	487	0	485	487	486M
10926	6959	1.336E-228	1.00	1.310E-228	0	336	338	0	336	338	337M
10927	6958	3.093E-282	1.00	3.030E-282	0	451	453	0	451	453	452M
10928	6957	2.217E-308	1.00	0.000E+00	0	610	612	0	610	612	611M
10929	6956	4.136E-85	1.00	4.327E-85	0	142	144	0	142	144	143M
10930	6955	1.594E-103	1.00	1.581E-103	0	152	154	0	152	154	153M
10931	6954	4.263E-58	1.00	4.357E-58	0	95	97	0	95	97	96M
10932	6953	5.935E-186	1.00	5.894E-186	0	273	275	0	273	275	274M
10933	6952	2.077E-128	1.00	1.996E-128	0	187	189	0	187	189	188M
10934	6951	1.340E-152	1.00	1.278E-152	0	236	238	0	236	238	237M
10935	7055	3.560E-143	1.00	3.661E-143	0	223	225	0	223	225	224M
10936	7056	4.156E-319	1.00	4.058E-319	0	488	490	0	488	490	489M
10937	7057	8.449E-322	1.00	8.547E-322	0	491	493	0	491	493	492M
10938	7058	6.426E-62	1.00	6.722E-62	0	103	105	0	103	105	104M
10939	7059	5.909E-223	1.00	5.952E-223	0	345	347	0	345	347	346M
10940	7060	1.609E-184	1.00	1.688E-184	0	284	286	0	284	286	285M
10941	7061	1.196E-108	1.00	1.153E-108	0	162	164	0	162	164	163M
10942	7062	1.846E-121	1.00	1.764E-121	0	185	187	0	185	187	186M
10943	7063	6.201E-319	1.00	6.039E-319	0	483	485	0	483	485	484M
10944	7064	3.448E-34	1.00	3.434E-34	0	56	58	0	56	58	57M
10945	7065	1.996E-306	1.00	2.054E-306	0	460	462	0	460	462	461M
10946	7066	1.401E-169	1.00	1.357E-169	0	243	245	0	243	245	244M
10947	7067	7.095E-139	1.00	6.751E-139	0	204	206	0	204	206	205M
10948	7068	2.217E-308	1.00	0.000E+00	0	502	504	0	502	504	503M
10949	7069	7.413E-156	1.00	7.149E-156	0	231	233	0	231	233	232M
10950	7070	2.957E-226	1.00	2.816E-226	0	343	345	0	343	345	344M
10951	7071	3.260E-225	1.00	3.412E-225	0	329	331	0	329	331	330M
10952	7072	2.111E-173	1.00	2.185E-173	0	265	267	0	265	267	266M
10953	7073	1.536E-166	1.00	1.479E-166	0	271	273	0	271	273	272M
10954	7074	4.454E-191	1.00	4.240E-191	0	296	298	0	296	298	297M
10955	7075	2.365E-217	1.00	2.373E-217	0	331	333	0	331	333	332M
10956	7076	1.844E-198	1.00	1.777E-198	0	290	292	0	290	292	291M
10957	7077	5.843E-296	1.00	6.045E-296	0	450	452	0	450	452	451M
10958	7078	3.944E-260	1.00	3.885E-260	0	394	396	0	394	396	395M
10959	7079	4.948E-193	1.00	4.968E-193	0	302	304	0	302	304	303M
10960	7080	1.506E-81	1.00	1.491E-81	0	121	123	0	121	123	122M
10961	7081	1.910E-173	1.00	1.972E-173	0	283	285	0	283	285	284M
10962	7082	4.727E-98	1.00	4.813E-98	0	152	154	0	152	154	153M
10963	7083	3.032E-197	0.996	3.116E-197	0	304	306	0	304	306	305M
10964	7084	1.595E-142	1.00	1.559E-142	0	207	209	0	207	209	208M
10965	7085	6.053E-271	1.00	5.952E-271	0	414	416	0	414	416	415M
10966	7086	1.693E-281	1.00	1.635E-281	0	433	435	0	433	435	434M
10967	7087	2.217E-308	1.00	0.000E+00	0	532	534	0	532	534	533M
10968	7088	1.447E-143	1.00	1.421E-143	0	223	225	0	223	225	224M
10969	7089	8.649E-293	1.00	8.382E-293	0	443	445	0	443	445	444M
10970	7090	2.630E-142	1.00	2.612E-142	0	198	200	0	198	200	199M
10971	7091	5.323E-260	1.00	5.324E-260	0	394	396	0	394	396	395M
10972	7092	7.286E-188	1.00	7.105E-188	0	293	295	0	293	295	294M
10973	7093	7.929E-182	1.00	7.568E-182	0	300	302	0	300	302	301M
10974	7094	2.270E-201	1.00	2.349E-201	0	337	339	0	337	339	338M
10975	7095	4.204E-130	1.00	4.400E-130	0	193	195	0	193	195	194M
10976	7096	2.217E-308	1.00	0.000E+00	0	958	960	0	958	960	959M
10977	7097	9.676E-143	1.00	9.884E-143	0	224	226	0	224	226	225M
10978	7098	2.539E-167	1.00	2.536E-167	0	267	269	0	267	269	268M
10979	7099	2.601E-99	1.00	2.497E-99	0	143	145	0	143	145	144M
10980	7100	6.908E-90	1.00	7.211E-90	0	143	145	0	143	145	144M
10981	7101	1.783E-69	1.00	1.724E-69	0	114	116	0	114	116	115M
10982	7102	2.463E-310	1.00	2.506E-310	0	483	485	0	483	485	484M
10983	7103	2.217E-308	1.00	0.000E+00	0	1057	1059	0	1057	1059	1058M
10984	7104	5.228E-253	1.00	5.208E-253	0	415	417	0	415	417	416M
10985	7105	7.902E-142	1.00	7.546E-142	0	207	209	0	207	209	208M
10986	7106	2.217E-308	1.00	0.000E+00	0	685	687	0	685	687	686M
10987	7107	4.690E-211	1.00	4.630E-211	0	324	326	0	324	326	325M
10988	7108	1.940E-63	1.00	1.978E-63	0	102	104	0	102	104	103M
10989	7109	1.032E-51	1.00	9.920E-52	0	84	86	0	84	86	85M
10990	7110	2.658E-146	1.00	2.631E-146	0	230	232	0	230	232	231M
10991	7111	6.973E-171	1.00	7.230E-171	0	261	263	0	261	263	262M
10992	7112	1.524E-279	1.00	1.514E-279	0	422	424	0	422	424	423M
10993	7113	3.290E-306	1.00	3.200E-306	0	456	458	0	456	458	457M
10994	7114	8.794E-106	1.00	8.958E-106	0	156	158	0	156	158	157M
10995	7115	1.660E-80	1.00	1.652E-80	0	125	127	0	125	127	126M
10996	7116	1.125E-123	1.00	1.133E-123	0	185	187	0	185	187	186M
10997	7117	9.834E-304	1.00	1.030E-303	0	465	467	0	465	467	466M
10998	7118	2.386E-259	1.00	2.456E-259	0	393	395	0	393	395	394M
10999	7119	2.311E-92	1.00	2.275E-92	0	148	150	28	176	178	149M
11000	7120	1.200E-148	1.00	1.196E-148	0	216	218	0	216	218	217M
11001	7121	5.247E-61	1.00	5.422E-61	0	94	96	0	94	96	95M
11002	7122	2.217E-308	1.00	0.000E+00	0	627	629	0	627	629	628M
11003	7123	7.121E-36	1.00	7.107E-36	0	67	69	0	67	69	68M
11004	7124	1.102E-115	1.00	1.064E-115	0	173	175	0	173	175	174M
11005	7125	1.696E-243	1.00	1.770E-243	0	372	374	0	372	374	373M
11006	7126	7.713E-210	1.00	7.338E-210	0	309	311	0	309	311	310M
11007	7127	3.243E-107	1.00	3.372E-107	0	160	162	0	160	162	161M
11008	7128	1.408E-287	1.00	1.342E-287	0	423	425	0	423	425	424M
11009	7129	8.116E-75	1.00	8.428E-75	0	129	131	0	129	131	130M
11010	7130	5.483E-78	1.00	5.238E-78	0	120	122	0	120	122	121M
11011	7131	2.217E-308	1.00	0.000E+00	0	610	612	0	610	612	611M
11012	7132	1.528E-164	1.00	1.485E-164	0	235	237	0	235	237	236M
11013	7133	2.217E-308	1.00	0.000E+00	0	945	947	0	945	947	946M
11014	7134	2.840E-249	1.00	2.878E-249	0	397	399	0	397	399	398M
11015	7135	3.377E-316	1.00	3.254E-316	0	476	478	0	476	478	477M
11016	7136	2.803E-244	1.00	2.861E-244	0	387	389	0	387	389	388M
11017	7137	2.451E-192	1.00	2.372E-192	0	295	297	0	295	297	296M
11018	7138	3.961E-223	1.00	3.907E-223	0	336	338	0	336	338	337M
11019	7139	3.553E-181	1.00	3.526E-181	0	306	308	0	306	308	307M
11020	7140	7.439E-196	1.00	7.536E-196	0	298	300	0	298	300	299M
11021	7141	2.292E-321	1.00	2.332E-321	0	499	501	0	499	501	500M
11022	7142	2.217E-308	1.00	0.000E+00	0	737	739	0	737	739	738M
11023	7143	1.741E-25	1.00	1.747E-25	0	46	47	0	46	89	47M
11024	7144	1.591E-257	1.00	1.658E-257	0	382	384	0	382	384	383M
11025	7145	2.217E-308	1.00	0.000E+00	0	626	628	0	626	628	627M
11026	7146	7.734E-95	1.00	7.900E-95	0	155	157	0	155	157	156M
11027	7147	1.891E-169	1.00	1.858E-169	0	263	265	0	263	265	264M
11028	7148	5.587E-240	1.00	5.684E-240	0	356	358	0	356	358	357M
11029	7149	1.489E-270	1.00	1.531E-270	0	414	416	0	414	416	415M
11030	7150	1.170E-254	1.00	1.197E-254	0	388	390	0	388	390	389M
11031	7151	3.749E-163	1.00	3.763E-163	0	250	252	0	250	252	251M
11032	7152	8.451E-168	1.00	8.184E-168	0	243	245	0	243	245	244M
11033	7153	2.217E-308	1.00	0.000E+00	0	530	532	0	530	532	531M
11034	7154	2.217E-308	1.00	0.000E+00	0	535	537	0	535	537	536M
11035	7155	2.893E-28	1.00	2.892E-28	0	50	52	0	50	52	51M
11036	7156	8.891E-265	1.00	9.260E-265	0	382	384	0	382	384	383M
11037	7157	1.494E-194	1.00	1.509E-194	0	288	290	0	288	290	289M
11038	7158	2.217E-308	1.00	0.000E+00	0	541	543	0	541	543	542M
11039	7159	2.217E-308	1.00	0.000E+00	0	979	981	0	979	981	980M
11040	7160	2.659E-301	1.00	2.600E-301	0	435	437	0	435	437	436M
11041	7161	2.217E-308	1.00	0.000E+00	0	750	752	0	750	752	751M
11042	7162	1.282E-212	1.00	1.256E-212	0	321	323	0	321	323	322M
11043	7163	4.650E-169	1.00	4.500E-169	0	255	257	0	255	257	256M
11044	7164	3.703E-197	1.00	3.628E-197	0	314	316	0	314	316	315M
11045	7165	2.206E-190	1.00	2.303E-190	0	312	314	0	312	314	313M
11046	7166	6.767E-24	1.00	6.735E-24	0	42	44	0	42	44	43M
11047	7167	2.320E-20	1.00	2.329E-20	0	34	36	0	34	36	35M
11048	7168	2.217E-308	1.00	0.000E+00	0	697	699	0	697	699	698M
11049	7169	2.217E-308	1.00	0.000E+00	0	614	616	0	614	616	615M
11050	7170	1.211E-190	1.00	1.223E-190	0	285	287	0	285	287	286M
11051	7171	4.695E-134	1.00	4.625E-134	0	206	208	0	206	208	207M
11052	7172	1.031E-89	1.00	9.887E-90	0	143	145	0	143	145	144M
11053	7173	1.972E-108	1.00	1.915E-108	0	166	168	0	166	168	167M
11054	7174	2.741E-158	1.00	2.776E-158	0	227	229	0	227	229	228M
11055	7175	5.030E-122	1.00	5.238E-122	0	186	188	0	186	188	187M
11056	7176	9.001E-115	1.00	8.704E-115	0	184	186	0	184	186	185M
11057	7177	4.118E-122	1.00	4.007E-122	0	187	189	0	187	189	188M
11058	7178	6.842E-241	1.00	6.645E-241	0	364	366	0	364	366	365M
11059	7179	1.736E-252	1.00	1.724E-252	0	373	375	0	373	375	374M
11060	7180	9.436E-288	1.00	9.667E-288	0	443	445	0	443	445	444M
11061	7181	3.564E-39	1.00	3.546E-39	0	67	69	0	67	69	68M
11062	7182	4.948E-193	1.00	4.797E-193	0	308	310	0	308	310	309M
11063	7183	2.694E-190	1.00	2.590E-190	0	301	303	0	301	303	302M
11064	7184	9.260E-126	1.00	9.545E-126	0	204	206	0	204	206	205M
11065	7185	1.210E-267	1.00	1.255E-267	0	389	391	0	389	391	390M
11066	7186	4.501E-79	1.00	4.724E-79	0	116	118	0	116	118	117M
11067	7187	3.967E-301	1.00	3.913E-301	0	437	439	0	437	439	438M
11068	7188	7.361E-308	1.00	7.560E-308	0	450	452	0	450	452	451M
11069	7189	5.467E-309	1.00	5.528E-309	0	475	477	0	475	477	476M
11070	7190	1.524E-279	1.00	1.508E-279	0	395	397	0	395	397	396M
11071	7191	2.217E-308	1.00	0.000E+00	0	556	558	0	556	558	557M
11072	7192	2.217E-308	1.00	0.000E+00	0	553	555	0	553	555	554M
11073	7193	9.348E-207	1.00	9.399E-207	0	307	309	0	307	309	308M
11074	7194	7.928E-298	1.00	8.227E-298	0	466	468	0	466	468	467M
11075	7195	2.217E-308	1.00	0.000E+00	0	497	499	0	497	499	498M
11076	7196	5.483E-78	1.00	5.632E-78	0	115	117	0	115	117	116M
11077	7197	3.032E-313	1.00	3.106E-313	0	461	463	0	461	463	462M
11078	7198	4.620E-321	1.00	4.447E-321	0	479	481	0	479	481	480M
11079	7199	4.551E-122	1.00	4.540E-122	0	183	185	0	183	185	184M
11080	7200	9.921E-114	1.00	9.989E-114	0	169	171	0	169	171	170M
11081	7201	7.807E-176	1.00	7.621E-176	0	252	254	0	252	254	253M
11082	7202	6.261E-21	1.00	6.236E-21	0	45	47	0	45	47	46M
11083	7203	2.642E-105	1.00	2.542E-105	0	158	160	0	158	160	159M
11084	7204	7.930E-66	1.00	7.918E-66	0	99	101	0	99	101	100M
11085	7205	2.217E-308	1.00	0.000E+00	0	697	699	0	697	699	698M
11086	7206	3.745E-124	1.00	3.701E-124	0	188	190	0	188	190	189M
11087	7207	3.961E-223	1.00	4.095E-223	0	337	339	0	337	339	338M
11088	7208	2.217E-308	1.00	0.000E+00	0	580	582	0	580	582	581M
11089	7209	2.217E-308	1.00	0.000E+00	0	701	703	0	701	703	702M
11090	7210	3.749E-47	1.00	3.698E-47	0	73	75	0	73	75	74M
11091	7211	5.051E-201	1.00	5.155E-201	0	320	322	0	320	322	321M
11092	7212	1.252E-87	1.00	1.247E-87	0	132	134	0	132	134	133M
11093	7213	2.217E-308	1.00	0.000E+00	0	728	730	0	728	730	729M
11094	7214	2.217E-308	1.00	0.000E+00	0	871	873	0	871	873	872M
11095	7215	1.668E-198	1.00	1.608E-198	0	308	310	0	308	310	309M
11096	7216	3.508E-176	1.00	3.401E-176	0	275	277	0	275	277	276M
11097	7217	2.084E-168	1.00	2.077E-168	0	254	256	0	254	256	255M
11098	7218	1.639E-75	1.00	1.701E-75	0	122	124	0	122	124	123M
11099	7219	2.483E-81	1.00	2.590E-81	0	139	141	0	139	141	140M
11100	7220	3.155E-251	1.00	3.117E-251	0	381	383	0	381	383	382M
11101	7221	2.485E-120	1.00	2.378E-120	0	180	182	0	180	182	181M
11102	7222	4.876E-110	1.00	4.681E-110	0	161	163	0	161	163	162M
11103	7223	2.650E-261	1.00	2.526E-261	0	376	378	0	376	378	377M
11104	7224	4.520E-158	1.00	4.321E-158	0	243	245	0	243	245	244M
11105	7225	4.896E-305	1.00	5.021E-305	0	461	463	0	461	463	462M
11106	7226	2.862E-136	1.00	2.883E-136	0	212	214	0	212	214	213M
11107	6926	7.299E-150	1.00	7.236E-150	0	230	232	290	520	522	231M
11108	6925	2.217E-308	1.00	0.000E+00	0	667	669	0	667	669	668M
11109	6924	2.528E-204	1.00	2.523E-204	0	312	314	0	312	314	313M
11110	6923	4.307E-178	1.00	4.465E-178	0	270	272	0	270	272	271M
11111	6922	1.437E-179	1.00	1.480E-179	0	278	280	0	278	280	279M
11112	6921	2.217E-308	1.00	0.000E+00	0	1186	1188	0	1186	1188	1187M
11113	6920	1.472E-227	1.00	1.470E-227	0	354	356	0	354	356	355M
11114	6919	2.204E-267	1.00	2.109E-267	0	434	436	0	434	436	435M
11115	6918	2.075E-322	1.00	2.174E-322	0	475	477	0	475	477	476M
11116	6917	7.070E-99	1.00	6.927E-99	0	138	140	0	138	140	139M
11117	6916	1.319E-107	1.00	1.308E-107	0	160	162	0	160	162	161M
11118	6915	1.090E-188	1.00	1.093E-188	0	280	282	0	280	282	281M
11119	6914	7.542E-124	1.00	7.288E-124	0	209	211	0	209	211	210M
11120	6913	8.385E-281	1.00	8.274E-281	0	407	409	0	407	409	408M
11121	6912	2.217E-308	1.00	0.000E+00	0	886	888	0	886	888	887M
11122	6911	1.083E-263	1.00	1.089E-263	0	401	403	0	401	403	402M
11123	6910	3.040E-82	1.00	3.148E-82	0	128	130	0	128	130	129M
11124	6909	5.302E-65	1.00	5.286E-65	0	112	114	0	112	114	113M
11125	6908	3.314E-154	1.00	3.240E-154	0	245	247	0	245	247	246M
11126	6907	1.292E-99	1.00	1.259E-99	0	155	157	0	155	157	156M
11127	6906	3.554E-65	1.00	3.498E-65	0	110	112	0	110	112	111M
11128	6905	1.477E-151	1.00	1.450E-151	0	234	236	0	234	236	235M
11129	6904	3.594E-108	1.00	3.495E-108	0	172	174	0	172	174	173M
11130	6903	3.371E-238	1.00	3.302E-238	0	362	364	0	362	364	363M
11131	6902	3.460E-132	1.00	3.586E-132	0	218	220	0	218	220	219M
11132	6901	1.209E-228	1.00	1.238E-228	0	355	357	0	355	357	356M
11133	6900	4.859E-186	1.00	4.954E-186	0	276	278	0	276	278	277M
11134	6899	1.456E-184	1.00	1.515E-184	0	275	277	0	275	277	276M
11135	6898	6.423E-323	1.00	6.423E-323	0	469	471	0	469	471	470M
11136	6897	3.624E-266	1.00	3.454E-266	0	406	408	0	406	408	407M
11137	6896	2.944E-263	1.00	2.935E-263	0	402	404	0	402	404	403M
11138	6895	1.560E-172	1.00	1.545E-172	0	253	255	0	253	255	254M
11139	6894	2.451E-192	1.00	2.486E-192	0	296	298	0	296	298	297M
11140	6893	4.834E-184	1.00	4.710E-184	0	279	281	0	279	281	280M
11141	6892	2.610E-139	1.00	2.622E-139	0	224	226	0	224	226	225M
11142	6891	4.590E-164	1.00	4.699E-164	0	246	248	0	246	248	247M
11143	6890	2.894E-295	1.00	2.757E-295	0	442	444	0	442	444	443M
11144	6889	1.052E-97	1.00	1.045E-97	0	155	157	0	155	157	156M
11145	6888	9.078E-157	1.00	9.336E-157	0	248	250	0	248	250	249M
11146	6887	3.004E-116	1.00	3.069E-116	0	180	182	0	180	182	181M
11147	6886	2.272E-124	1.00	2.340E-124	0	185	187	0	185	187	186M
11148	6885	2.729E-195	1.00	2.840E-195	0	286	288	0	286	288	287M
11149	6884	2.461E-271	1.00	2.511E-271	0	409	411	0	409	411	410M
11150	6883	2.168E-17	1.00	2.159E-17	0	31	33	0	31	33	32M
11151	6882	5.412E-189	1.00	5.263E-189	0	298	300	0	298	300	299M
11152	6881	5.656E-90	1.00	5.517E-90	0	144	146	0	144	146	145M
11153	6880	2.200E-305	1.00	2.164E-305	0	470	472	0	470	472	471M
11154	6879	1.735E-97	1.00	1.785E-97	0	153	155	0	153	155	154M
11155	6878	9.015E-193	1.00	9.010E-193	0	308	310	0	308	310	309M
11156	6877	2.674E-187	1.00	2.810E-187	0	282	284	0	282	284	283M
11157	6876	8.354E-32	1.00	8.335E-32	0	58	60	0	58	60	59M
11158	6875	4.310E-217	1.00	4.511E-217	0	338	340	0	338	340	339M
11159	6874	2.217E-308	1.00	0.000E+00	0	844	846	0	844	846	845M
11160	6873	1.251E-164	1.00	1.270E-164	0	245	247	0	245	247	246M
11161	6872	7.274E-110	1.00	7.333E-110	0	177	179	0	177	179	178M
11162	6871	8.924E-73	1.00	9.214E-73	0	115	117	0	115	117	116M
11163	6870	1.039E-42	1.00	1.041E-42	0	69	71	0	69	71	70M
11164	6869	5.264E-217	1.00	5.307E-217	0	328	330	0	328	330	329M
11165	6868	5.188E-250	1.00	5.359E-250	0	361	363	0	361	363	362M
11166	6867	2.217E-308	1.00	0.000E+00	0	485	487	0	485	487	486M
11167	6866	1.082E-108	1.00	1.055E-108	0	180	182	0	180	182	181M
11168	6865	2.278E-125	1.00	2.309E-125	0	196	198	0	196	198	197M
11169	6864	7.504E-122	1.00	7.394E-122	0	180	182	0	180	182	181M
11170	6863	2.632E-181	1.00	2.663E-181	0	273	275	0	273	275	274M
11171	6862	1.636E-113	1.00	1.561E-113	0	185	187	0	185	187	186M
11172	6861	1.003E-32	1.00	1.003E-32	0	60	62	0	60	62	61M
11173	6860	5.153E-54	1.00	5.414E-54	0	81	83	0	81	83	82M
11174	6859	2.616E-256	1.00	2.604E-256	0	387	389	0	387	389	388M
11175	6858	2.217E-308	1.00	0.000E+00	0	661	663	0	661	663	662M
11176	6857	2.522E-87	1.00	2.584E-87	0	134	136	0	134	136	135M
11177	6856	4.150E-125	1.00	4.138E-125	0	195	197	0	195	197	196M
11178	6855	1.389E-127	1.00	1.415E-127	0	195	197	0	195	197	196M
11179	6854	2.291E-166	1.00	2.315E-166	0	247	249	0	247	249	248M
11180	6853	3.739E-46	1.00	3.747E-46	0	75	77	0	75	77	76M
11181	6852	1.511E-237	1.00	1.454E-237	0	360	362	0	360	362	361M
11182	6851	2.141E-101	1.00	2.181E-101	0	156	158	0	156	158	157M
11183	6850	2.217E-308	1.00	0.000E+00	0	1249	1251	0	1249	1251	1250M
11184	6849	2.897E-102	1.00	3.041E-102	0	161	163	0	161	163	162M
11185	6848	1.858E-317	1.00	1.795E-317	0	495	497	0	495	497	496M
11186	6847	4.969E-156	1.00	5.215E-156	0	231	233	0	231	233	232M
11187	6846	1.113E-80	1.00	1.094E-80	0	123	125	0	123	125	124M
11188	6845	2.662E-224	1.00	2.764E-224	0	340	342	0	340	342	341M
11189	6844	2.852E-96	1.00	2.855E-96	0	145	147	0	145	147	146M
11190	6843	2.217E-308	1.00	0.000E+00	0	614	616	0	614	616	615M
11191	6842	4.826E-106	1.00	5.035E-106	0	177	179	0	177	179	178M
11192	6841	2.914E-143	1.00	2.935E-143	0	225	227	0	225	227	226M
11193	6840	1.113E-235	1.00	1.103E-235	0	399	401	0	399	401	400M
11194	5348	3.504E-17	1.00	3.501E-17	0	34	36	0	34	36	35M
11195	7364	2.311E-92	1.00	2.287E-92	0	135	137	0	135	137	136M
11196	7363	6.037E-270	1.00	6.141E-270	0	410	412	0	410	412	411M
11197	7362	1.601E-35	1.00	1.599E-35	0	58	60	0	58	60	59M
11198	7361	8.449E-322	1.00	8.399E-322	0	477	479	0	477	479	478M
11199	7360	7.847E-178	1.00	7.884E-178	0	262	264	0	262	264	263M
11200	7359	2.217E-308	1.00	0.000E+00	0	672	674	0	672	674	673M
11201	7358	7.003E-134	1.00	6.731E-134	0	194	196	0	194	196	195M
11202	7357	7.614E-205	1.00	7.496E-205	0	313	315	0	313	315	314M
11203	7356	1.660E-312	1.00	1.700E-312	0	484	486	0	484	486	485M
11204	7355	4.048E-154	1.00	4.042E-154	0	243	245	0	243	245	244M
11205	7354	6.469E-142	1.00	6.254E-142	0	223	225	0	223	225	224M
11206	7353	4.381E-262	1.00	4.196E-262	0	405	407	0	405	407	406M
11207	7352	2.313E-247	1.00	2.295E-247	0	376	378	0	376	378	377M
11208	7351	3.550E-142	1.00	3.436E-142	0	217	219	0	217	219	218M
11209	7350	1.340E-268	1.00	1.291E-268	0	401	403	0	401	403	402M
11210	7349	5.940E-225	1.00	5.717E-225	0	340	342	0	340	342	341M
11211	7348	9.946E-231	1.00	1.034E-230	0	347	349	0	347	349	348M
11212	7347	5.297E-142	1.00	5.083E-142	0	232	234	0	232	234	233M
11213	7346	7.451E-274	1.00	7.173E-274	0	405	407	0	405	407	406M
11214	7345	5.215E-252	1.00	5.351E-252	0	377	379	0	377	379	378M
11215	7344	1.409E-210	1.00	1.361E-210	0	300	302	0	300	302	301M
11216	7343	2.217E-308	1.00	0.000E+00	0	613	615	0	613	615	614M
11217	7342	5.099E-282	1.00	5.152E-282	0	415	417	0	415	417	416M
11218	7341	2.246E-197	1.00	2.244E-197	0	297	299	0	297	299	298M
11219	7340	7.413E-156	1.00	7.369E-156	0	245	247	0	245	247	246M
11220	7339	2.217E-308	1.00	0.000E+00	0	479	481	0	479	481	480M
11221	7338	1.066E-102	1.00	1.072E-102	0	159	161	0	159	161	160M
11222	7337	2.552E-285	1.00	2.500E-285	0	427	429	0	427	429	428M
11223	7336	6.244E-283	1.00	6.448E-283	0	438	440	0	438	440	439M
11224	7335	2.217E-308	1.00	0.000E+00	0	566	568	0	566	568	567M
11225	7334	2.217E-308	1.00	0.000E+00	0	744	746	0	744	746	745M
11226	7333	1.043E-171	1.00	1.090E-171	0	261	263	0	261	263	262M
11227	7332	5.635E-282	1.00	5.658E-282	0	417	419	0	417	419	418M
11228	7331	3.931E-104	1.00	3.845E-104	0	162	164	0	162	164	163M
11229	7330	2.765E-84	1.00	2.820E-84	0	135	137	0	135	137	136M
11230	7329	2.862E-252	1.00	2.916E-252	0	391	393	0	391	393	392M
11231	7328	1.230E-196	1.00	1.175E-196	0	292	294	0	292	294	293M
11232	7327	1.536E-282	1.00	1.496E-282	0	463	465	0	463	465	464M
11233	7326	1.593E-180	1.00	1.533E-180	0	270	272	0	270	272	271M
11234	7325	2.217E-308	1.00	0.000E+00	0	919	921	0	919	921	920M
11235	7324	1.363E-81	1.00	1.386E-81	0	126	128	0	126	128	127M
11236	7323	7.902E-142	1.00	8.299E-142	0	209	211	0	209	211	210M
11237	7322	4.167E-320	1.00	4.078E-320	0	486	488	0	486	488	487M
11238	7321	1.012E-82	1.00	1.005E-82	0	124	126	0	124	126	125M
11239	7320	2.278E-125	1.00	2.237E-125	0	202	204	0	202	204	203M
11240	7319	1.572E-291	1.00	1.532E-291	0	431	433	0	431	433	432M
11241	7318	3.254E-147	1.00	3.333E-147	0	233	235	0	233	235	234M
11242	7317	5.310E-143	1.00	5.340E-143	0	211	213	0	211	213	212M
11243	7316	2.217E-308	1.00	0.000E+00	0	944	946	0	944	946	945M
11244	7315	1.863E-202	1.00	1.889E-202	0	337	339	0	337	339	338M
11245	7314	4.325E-141	1.00	4.207E-141	0	230	232	0	230	232	231M
11246	7313	3.345E-235	1.00	3.344E-235	0	355	357	0	355	357	356M
11247	7312	9.575E-255	1.00	9.546E-255	0	363	365	0	363	365	364M
11248	7311	2.384E-104	1.00	2.497E-104	0	153	155	0	153	155	154M
11249	7310	1.563E-134	1.00	1.510E-134	0	209	211	0	209	211	210M
11250	7309	5.297E-142	1.00	5.083E-142	0	232	234	0	232	234	233M
11251	7308	1.792E-303	1.00	1.743E-303	0	456	458	0	456	458	457M
11252	7307	2.217E-308	1.00	0.000E+00	0	509	511	0	509	511	510M
11253	7306	4.523E-313	1.00	4.351E-313	0	475	477	0	475	477	476M
11254	7305	8.658E-100	1.00	8.502E-100	0	160	162	0	160	162	161M
11255	7304	2.217E-308	1.00	0.000E+00	0	572	574	0	572	574	573M
11256	7303	5.300E-297	1.00	5.148E-297	0	458	460	0	458	460	459M
11257	7302	8.792E-222	1.00	8.820E-222	0	342	344	0	342	344	343M
11258	7301	1.560E-288	1.00	1.559E-288	0	458	460	0	458	460	459M
11259	7300	3.207E-296	1.00	3.285E-296	0	464	466	0	464	466	465M
11260	7299	1.121E-199	1.00	1.161E-199	0	299	301	0	299	301	300M
11261	7298	4.606E-204	1.00	4.798E-204	0	319	321	0	319	321	320M
11262	7297	2.217E-308	1.00	0.000E+00	0	699	701	0	699	701	700M
11263	7296	5.401E-18	1.00	5.412E-18	0	29	31	0	29	31	30M
11264	5348	3.504E-17	1.00	3.501E-17	0	34	36	0	34	36	35M
11265	7458	2.217E-308	1.00	0.000E+00	0	717	719	0	717	719	718M
11266	7457	1.396E-245	1.00	1.363E-245	0	369	371	0	369	371	370M
11267	7456	2.043E-21	1.00	2.051E-21	0	42	44	0	42	44	43M
11268	7455	3.072E-86	1.00	3.145E-86	0	140	142	0	140	142	141M
11269	7454	2.217E-308	1.00	0.000E+00	0	526	528	0	526	528	527M
11270	7453	1.387E-88	1.00	1.427E-88	0	146	148	0	146	148	147M
11271	7452	5.161E-43	1.00	5.176E-43	0	74	76	0	74	76	75M
11272	7451	3.111E-29	1.00	3.115E-29	0	56	58	0	56	58	57M
11273	7450	2.130E-99	1.00	2.105E-99	0	146	148	0	146	148	147M
11274	7449	4.783E-29	1.00	4.781E-29	0	52	54	0	52	54	53M
11275	7448	2.217E-308	1.00	0.000E+00	0	917	919	0	917	919	918M
11276	7447	5.930E-147	1.00	5.779E-147	0	238	240	0	238	240	239M
11277	7446	1.903E-249	1.00	1.985E-249	0	389	391	0	389	391	390M
11278	7445	3.890E-100	1.00	3.736E-100	0	156	158	0	156	158	157M
11279	7444	5.704E-132	1.00	5.852E-132	0	215	217	0	215	217	216M
11280	7443	7.733E-211	1.00	7.651E-211	0	328	330	0	328	330	329M
11281	7442	6.122E-198	1.00	6.068E-198	0	296	298	0	296	298	297M
11282	7441	2.180E-108	1.00	2.210E-108	0	169	171	0	169	171	170M
11283	7440	2.217E-308	1.00	0.000E+00	0	521	523	0	521	523	522M
11284	7439	2.363E-294	1.00	2.462E-294	0	462	464	0	462	464	463M
11285	7438	2.687E-189	1.00	2.604E-189	0	283	285	0	283	285	284M
11286	7437	5.723E-288	1.00	5.654E-288	0	418	420	0	418	420	419M
11287	7436	6.790E-122	1.00	6.644E-122	0	191	193	0	191	193	192M
11288	7435	1.792E-303	1.00	1.828E-303	0	491	493	0	491	493	492M
11289	7434	2.217E-308	1.00	0.000E+00	0	697	699	0	697	699	698M
11290	7433	1.766E-15	1.00	1.759E-15	0	30	32	0	30	32	31M
11291	7432	2.217E-308	1.00	0.000E+00	0	741	743	0	741	743	742M
11292	7431	5.157E-93	1.00	5.063E-93	0	143	145	0	143	145	144M
11293	7430	2.104E-249	1.00	2.155E-249	0	384	386	0	384	386	385M
11294	7429	3.758E-280	1.00	3.864E-280	0	413	415	0	413	415	414M
11295	7428	2.428E-111	1.00	2.535E-111	0	166	168	0	166	168	167M
11296	7427	1.096E-229	1.00	1.067E-229	0	343	345	0	343	345	344M
11297	7426	7.542E-240	1.00	7.351E-240	0	375	377	0	375	377	376M
11298	7425	1.374E-239	1.00	1.358E-239	0	341	343	0	341	343	342M
11299	7424	2.217E-308	1.00	0.000E+00	0	556	558	0	556	558	557M
11300	7423	2.632E-297	1.00	2.683E-297	0	444	446	0	444	446	445M
11301	7422	1.855E-123	1.00	1.880E-123	0	189	191	0	189	191	190M
11302	7421	4.961E-194	1.00	4.847E-194	0	286	288	0	286	288	287M
11303	7420	1.415E-289	1.00	1.351E-289	0	419	421	0	419	421	420M
11304	7419	1.401E-53	1.00	1.443E-53	0	88	90	0	88	90	89M
11305	7418	4.285E-60	1.00	4.143E-60	0	84	86	0	84	86	85M
11306	7417	7.010E-57	1.00	6.799E-57	0	93	95	0	93	95	94M
11307	7416	5.265E-43	1.00	5.256E-43	0	68	70	0	68	70	69M
11308	7415	3.454E-54	1.00	3.339E-54	0	84	86	0	84	86	85M
11309	7414	1.255E-204	1.00	1.298E-204	0	318	320	0	318	320	319M
11310	7413	2.832E-248	1.00	2.874E-248	0	372	374	0	372	374	373M
11311	7412	1.079E-68	1.00	1.067E-68	0	106	108	0	106	108	107M
11312	7411	3.439E-91	1.00	3.377E-91	0	145	147	0	145	147	146M
11313	7410	2.217E-308	1.00	0.000E+00	0	754	756	0	754	756	755M
11314	7409	4.884E-41	1.00	4.894E-41	0	70	72	0	70	72	71M
11315	7408	3.454E-170	1.00	3.287E-170	0	253	255	0	253	255	254M
11316	7407	1.138E-50	1.00	1.129E-50	0	82	84	0	82	84	83M
11317	7406	2.139E-62	1.00	2.093E-62	0	105	107	0	105	107	106M
11318	7405	2.850E-57	1.00	2.905E-57	0	95	97	0	95	97	96M
11319	7404	6.754E-236	1.00	6.516E-236	0	347	349	0	347	349	348M
11320	7403	2.048E-200	1.00	1.974E-200	0	315	317	0	315	317	316M
11321	7402	2.268E-162	1.00	2.271E-162	0	248	250	0	248	250	249M
11322	7401	2.548E-91	1.00	2.531E-91	0	139	141	0	139	141	140M
11323	7400	1.172E-100	1.00	1.200E-100	0	139	141	0	139	141	140M
11324	7399	6.761E-43	1.00	6.757E-43	0	73	75	0	73	75	74M
11325	7398	5.026E-83	1.00	5.213E-83	0	130	132	0	130	132	131M
11326	7397	5.389E-110	1.00	5.153E-110	0	163	165	0	163	165	164M
11327	7396	1.904E-133	1.00	1.823E-133	0	215	217	0	215	217	216M
11328	7395	9.009E-38	1.00	8.975E-38	0	62	64	0	62	64	63M
11329	7394	1.148E-92	1.00	1.185E-92	0	141	143	0	141	143	142M
11330	7393	1.791E-148	1.00	1.858E-148	0	212	214	0	212	214	213M
11331	7392	2.867E-98	1.00	2.956E-98	0	155	157	0	155	157	156M
11332	7391	2.217E-308	1.00	0.000E+00	0	474	476	0	474	476	475M
11333	7390	2.217E-308	1.00	0.000E+00	0	482	484	0	482	484	483M
11334	7389	7.561E-241	1.00	7.296E-241	0	366	368	0	366	368	367M
11335	7388	8.415E-89	1.00	8.188E-89	0	141	143	0	141	143	142M
11336	7387	3.419E-50	1.00	3.447E-50	0	79	81	0	79	81	80M
11337	7386	1.557E-36	1.00	1.554E-36	0	62	64	0	62	64	63M
11338	7385	7.529E-162	1.00	7.755E-162	0	254	256	0	254	256	255M
11339	7384	5.670E-207	1.00	5.837E-207	0	317	319	0	317	319	318M
11340	7383	1.418E-135	1.00	1.485E-135	0	220	222	0	220	222	221M
11341	7382	3.334E-79	1.00	3.278E-79	0	128	130	0	128	130	129M
11342	7381	1.395E-90	1.00	1.456E-90	0	136	138	0	136	138	137M
11343	7380	1.310E-143	1.00	1.293E-143	0	221	223	0	221	223	222M
11344	7379	3.020E-33	1.00	3.019E-33	0	49	51	0	49	51	50M
11345	7378	2.276E-86	1.00	2.245E-86	0	133	135	0	133	135	134M
11346	7377	9.087E-80	1.00	9.055E-80	0	121	123	0	121	123	122M
11347	7376	5.184E-95	1.00	5.134E-95	0	146	148	0	146	148	147M
11348	7375	7.306E-73	1.00	7.053E-73	0	116	118	0	116	118	117M
11349	7374	3.866E-291	1.00	3.712E-291	0	450	452	0	450	452	451M
11350	7373	5.025E-199	1.00	5.178E-199	0	304	306	0	304	306	305M
11351	7372	5.445E-114	1.00	5.255E-114	0	182	184	0	182	184	183M
11352	7371	3.030E-158	1.00	2.961E-158	0	235	237	0	235	237	236M
11353	7370	1.699E-205	1.00	1.681E-205	0	308	310	0	308	310	309M
11354	7369	2.792E-49	1.00	2.857E-49	0	77	79	0	77	79	78M
11355	7368	4.458E-114	1.00	4.474E-114	0	172	174	0	172	174	173M
11356	7367	7.747E-57	1.00	8.046E-57	0	90	92	0	90	92	91M
11357	7366	1.179E-141	1.00	1.207E-141	0	238	239	0	238	239	239M
11358	5826	2.229E-16	1.00	2.237E-16	0	33	35	0	33	35	34M
11359	7541	1.532E-165	1.00	1.508E-165	0	260	262	0	260	262	261M
11360	7542	9.658E-297	1.00	9.849E-297	0	472	474	0	472	474	473M
11361	7543	5.144E-92	1.00	4.938E-92	0	151	153	0	151	153	152M
11362	7544	3.001E-193	1.00	3.109E-193	0	292	294	0	292	294	293M
11363	7545	1.207E-150	1.00	1.257E-150	0	233	235	0	233	235	234M
11364	7546	8.643E-138	1.00	8.979E-138	0	212	214	0	212	214	213M
11365	7547	3.562E-298	1.00	3.508E-298	0	468	470	0	468	470	469M
11366	7548	1.884E-245	1.00	1.843E-245	0	389	391	0	389	391	390M
11367	7549	3.386E-201	1.00	3.297E-201	0	297	299	0	297	299	298M
11368	7550	2.708E-192	1.00	2.605E-192	0	297	299	0	297	299	298M
11369	7551	2.777E-47	1.00	2.834E-47	0	74	76	0	74	76	75M
11370	7552	2.065E-33	1.00	2.056E-33	0	60	62	0	60	62	61M
11371	7553	2.001E-307	1.00	2.011E-307	0	471	473	0	471	473	472M
11372	7554	2.217E-308	1.00	0.000E+00	0	724	726	0	724	726	725M
11373	7555	1.014E-276	1.00	1.041E-276	0	427	429	0	427	429	428M
11374	7556	4.318E-63	1.00	4.282E-63	0	92	94	0	92	94	93M
11375	7557	1.907E-211	1.00	1.821E-211	0	331	333	0	331	333	332M
11376	7558	1.593E-180	1.00	1.629E-180	0	278	280	0	278	280	279M
11377	7559	1.311E-182	1.00	1.329E-182	0	283	285	0	283	285	284M
11378	7560	1.012E-314	1.00	9.932E-315	0	475	477	0	475	477	476M
11379	7561	1.404E-54	1.00	1.453E-54	0	80	82	0	80	82	81M
11380	7562	2.217E-308	1.00	0.000E+00	0	576	578	0	576	578	577M
11381	7563	9.172E-161	1.00	9.086E-161	0	246	248	0	246	248	247M
11382	7564	3.562E-298	1.00	3.564E-298	0	448	450	0	448	450	449M
11383	7565	4.193E-129	1.00	4.272E-129	0	201	203	0	201	203	202M
11384	7566	1.121E-83	1.00	1.075E-83	0	130	132	0	130	132	131M
11385	7567	9.062E-195	1.00	8.699E-195	0	283	285	0	283	285	284M
11386	7568	9.133E-198	1.00	8.833E-198	0	304	306	0	304	306	305M
11387	7569	1.450E-221	1.00	1.490E-221	0	333	335	0	333	335	334M
11388	7570	2.026E-157	1.00	1.979E-157	0	262	264	0	262	264	263M
11389	7571	2.217E-308	1.00	0.000E+00	0	550	552	0	550	552	551M
11390	7572	4.969E-156	1.00	4.974E-156	0	230	232	0	230	232	231M
11391	7573	1.856E-278	1.00	1.882E-278	0	422	424	0	422	424	423M
11392	7574	8.349E-202	1.00	8.625E-202	0	302	304	0	302	304	303M
11393	7575	3.011E-233	1.00	3.131E-233	0	351	353	0	351	353	352M
11394	7576	3.427E-167	1.00	3.431E-167	0	260	262	0	260	262	261M
11395	7577	1.801E-305	1.00	1.797E-305	0	466	468	0	466	468	467M
11396	7578	2.217E-308	1.00	0.000E+00	0	510	512	0	510	512	511M
11397	7579	1.193E-223	1.00	1.217E-223	0	338	340	0	338	340	339M
11398	7580	5.699E-209	1.00	5.674E-209	0	319	321	0	319	321	320M
11399	7581	9.844E-227	1.00	9.694E-227	0	327	329	0	327	329	328M
11400	7582	1.443E-258	1.00	1.514E-258	0	378	380	0	378	380	379M
11401	7583	9.560E-177	1.00	9.966E-177	0	249	251	0	249	251	250M
11402	7584	6.006E-268	1.00	6.312E-268	0	408	410	0	408	410	409M
11403	7585	1.687E-241	1.00	1.716E-241	0	362	364	0	362	364	363M
11404	7586	2.635E-220	1.00	2.541E-220	0	333	335	0	333	335	334M
11405	7587	4.981E-273	1.00	5.151E-273	0	400	402	0	400	402	401M
11406	7588	6.006E-268	1.00	6.163E-268	0	394	396	0	394	396	395M
11407	7589	3.988E-187	1.00	3.851E-187	0	282	284	0	282	284	283M
11408	7590	1.506E-81	1.00	1.527E-81	0	128	130	0	128	130	129M
11409	7591	1.441E-64	1.00	1.430E-64	0	100	102	0	100	102	101M
11410	7592	2.678E-29	1.00	2.669E-29	0	53	55	0	53	55	54M
11411	7593	1.195E-69	1.00	1.141E-69	0	112	114	0	112	114	113M
11412	7594	1.706E-52	1.00	1.725E-52	0	87	89	0	87	89	88M
11413	7595	2.343E-252	1.00	2.363E-252	0	373	375	0	373	375	374M
11414	7596	7.660E-130	1.00	7.298E-130	0	197	199	0	197	199	198M
11415	7597	3.536E-63	1.00	3.634E-63	0	108	110	0	108	110	109M
11416	7598	2.494E-44	1.00	2.536E-44	0	77	79	0	77	79	78M
11417	7599	1.075E-260	1.00	1.102E-260	0	394	396	0	394	396	395M
11418	7600	2.283E-242	1.00	2.359E-242	0	360	362	0	360	362	361M
11419	7601	4.208E-169	1.00	4.293E-169	0	254	256	0	254	256	255M
11420	7602	2.445E-75	1.00	2.448E-75	0	123	125	0	123	125	124M
11421	7603	8.301E-45	1.00	8.034E-45	0	73	75	0	73	75	74M
11422	7604	9.637E-37	1.00	9.600E-37	0	65	67	0	65	67	66M
11423	7605	4.300E-100	1.00	4.453E-100	0	140	142	0	140	142	141M
11424	7606	2.828E-54	1.00	2.967E-54	0	88	90	0	88	90	89M
11425	7607	6.170E-85	1.00	6.102E-85	0	136	138	0	136	138	137M
11426	7608	1.119E-237	1.00	1.073E-237	0	367	369	0	367	369	368M
11427	7609	4.516E-119	1.00	4.412E-119	0	195	197	0	195	197	196M
11428	7610	1.439E-102	1.00	1.441E-102	0	152	154	0	152	154	153M
11429	7611	3.342E-196	1.00	3.435E-196	0	288	290	0	288	290	289M
11430	7612	1.005E-234	1.00	9.663E-235	0	371	373	0	371	373	372M
11431	7613	6.048E-232	1.00	5.780E-232	0	373	375	0	373	375	374M
11432	7614	2.217E-308	1.00	0.000E+00	0	584	586	0	584	586	585M
11433	7615	3.475E-211	1.00	3.622E-211	0	339	341	0	339	341	340M
11434	7616	3.188E-139	1.00	3.074E-139	0	214	216	0	214	216	215M
11435	7617	5.823E-256	1.00	5.625E-256	0	390	392	0	390	392	391M
11436	7618	1.470E-149	1.00	1.425E-149	0	231	233	0	231	233	232M
11437	7678	4.634E-245	1.00	4.642E-245	0	375	377	0	375	377	376M
11438	7677	1.602E-221	1.00	1.615E-221	0	328	330	0	328	330	329M
11439	7676	2.932E-68	1.00	2.822E-68	0	113	115	0	113	115	114M
11440	7675	2.250E-159	1.00	2.302E-159	0	241	243	0	241	243	242M
11441	7674	5.296E-258	1.00	5.408E-258	0	385	387	0	385	387	386M
11442	7673	6.228E-166	1.00	6.053E-166	0	254	256	0	254	256	255M
11443	7672	2.217E-308	1.00	0.000E+00	0	626	628	0	626	628	627M
11444	7671	2.217E-308	1.00	0.000E+00	0	543	545	0	543	545	544M
11445	7670	1.423E-59	1.00	1.381E-59	0	102	104	0	102	104	103M
11446	7669	2.217E-308	1.00	0.000E+00	0	549	551	0	549	551	550M
11447	7668	1.577E-215	1.00	1.622E-215	0	327	329	0	327	329	328M
11448	7667	7.593E-320	1.00	7.936E-320	0	480	482	0	480	482	481M
11449	7666	1.236E-198	1.00	1.255E-198	0	296	298	0	296	298	297M
11450	7665	4.061E-194	1.00	3.950E-194	0	275	277	0	275	277	276M
11451	7664	2.217E-308	1.00	0.000E+00	0	505	507	0	505	507	506M
11452	7663	4.446E-229	1.00	4.331E-229	0	346	348	0	346	348	347M
11453	7662	4.318E-179	1.00	4.266E-179	0	267	269	0	267	269	268M
11454	7661	1.602E-221	1.00	1.636E-221	0	335	337	0	335	337	336M
11455	7660	3.378E-84	1.00	3.417E-84	0	139	141	0	139	141	140M
11456	7659	1.667E-275	1.00	1.735E-275	0	413	415	0	413	415	414M
11457	7658	3.716E-237	1.00	3.872E-237	0	354	356	0	354	356	355M
11458	7657	2.796E-127	1.00	2.874E-127	0	190	192	0	190	192	191M
11459	7656	1.377E-85	1.00	1.320E-85	0	137	139	0	137	139	138M
11460	7655	4.485E-155	1.00	4.313E-155	0	229	231	0	229	231	230M
11461	7654	3.624E-266	1.00	3.578E-266	0	400	402	0	400	402	401M
11462	7653	9.118E-120	1.00	8.811E-120	0	181	183	0	181	183	182M
11463	7652	1.023E-241	1.00	1.043E-241	0	338	340	0	338	340	339M
11464	7651	5.502E-118	1.00	5.417E-118	0	188	190	0	188	190	189M
11465	7650	2.895E-63	1.00	2.913E-63	0	97	99	0	97	99	98M
11466	7649	8.643E-138	1.00	8.979E-138	0	212	214	0	212	214	213M
11467	7648	2.823E-208	1.00	2.933E-208	0	307	309	0	307	309	308M
11468	7647	2.217E-308	1.00	0.000E+00	0	479	481	0	479	481	480M
11469	7646	2.217E-308	1.00	0.000E+00	0	611	613	0	611	613	612M
11470	7645	4.393E-147	1.00	4.294E-147	0	225	227	0	225	227	226M
11471	7644	2.985E-307	1.00	2.961E-307	0	459	461	0	459	461	460M
11472	7643	8.977E-114	1.00	9.419E-114	0	181	183	0	181	183	182M
11473	7642	2.217E-308	1.00	0.000E+00	0	580	582	0	580	582	581M
11474	7641	2.217E-308	1.00	0.000E+00	0	2140	2142	0	2140	2142	2141M
11475	7640	5.279E-102	1.00	5.092E-102	0	152	154	0	152	154	153M
11476	7639	1.741E-25	1.00	1.747E-25	0	45	47	0	45	47	46M
11477	7638	6.292E-286	1.00	6.369E-286	0	445	447	0	445	447	446M
11478	7637	1.087E-187	1.00	1.110E-187	0	269	271	0	269	271	270M
11479	7636	1.320E-262	1.00	1.343E-262	0	428	430	0	428	430	429M
11480	7635	1.014E-160	1.00	1.031E-160	0	242	244	0	242	244	243M
11481	7634	8.393E-204	1.00	8.530E-204	0	291	293	0	291	293	292M
11482	7633	3.571E-299	1.00	3.579E-299	0	446	448	0	446	448	447M
11483	7632	4.244E-211	1.00	4.301E-211	0	309	311	0	309	311	310M
11484	7631	4.125E-84	1.00	4.138E-84	0	143	145	0	143	145	144M
11485	7630	1.708E-91	1.00	1.745E-91	0	151	153	0	151	153	152M
11486	7629	1.092E-150	1.00	1.144E-150	0	231	233	0	231	233	232M
11487	7628	6.292E-286	1.00	6.304E-286	0	438	440	0	438	440	439M
11488	7627	1.163E-213	1.00	1.162E-213	0	324	326	0	324	326	325M
11489	7626	1.080E-146	1.00	1.055E-146	0	224	226	0	224	226	225M
11490	7625	1.675E-277	1.00	1.630E-277	0	421	423	0	421	423	422M
11491	7624	1.712E-34	1.00	1.713E-34	0	61	63	0	61	63	62M
11492	7623	2.217E-308	1.00	0.000E+00	0	1620	1622	0	1620	1622	1621M
11493	7622	1.967E-223	1.00	1.892E-223	0	361	363	0	361	363	362M
11494	7621	2.217E-308	1.00	0.000E+00	0	524	526	0	524	526	525M
11495	7620	1.559E-133	1.00	1.558E-133	0	205	207	0	205	207	206M
11496	7619	4.634E-245	1.00	4.642E-245	0	375	377	0	375	377	376M
11497	5826	2.229E-16	1.00	2.237E-16	0	33	35	0	33	35	34M
11498	7750	8.862E-109	1.00	8.727E-109	0	176	178	0	176	178	177M
11499	7749	8.607E-59	1.00	8.966E-59	0	95	97	0	95	97	96M
11500	7748	1.831E-234	1.00	1.753E-234	0	350	352	0	350	352	351M
11501	7747	1.086E-148	1.00	1.125E-148	0	228	230	0	228	230	229M
11502	7746	5.050E-317	1.00	4.972E-317	0	456	458	0	456	458	457M
11503	7745	1.894E-131	1.00	1.911E-131	0	200	202	0	200	202	201M
11504	7744	1.132E-280	1.00	1.148E-280	0	414	416	0	414	416	415M
11505	7743	1.056E-292	1.00	1.034E-292	0	434	436	0	434	436	435M
11506	7742	2.217E-308	1.00	0.000E+00	0	512	514	0	512	514	513M
11507	7741	3.421E-205	1.00	3.420E-205	0	303	305	0	303	305	304M
11508	7740	5.934E-302	1.00	5.903E-302	0	464	466	0	464	466	465M
11509	7739	2.217E-308	1.00	0.000E+00	0	1035	1037	0	1035	1037	1036M
11510	7738	9.428E-249	1.00	9.247E-249	0	395	397	0	395	397	396M
11511	7737	1.852E-161	1.00	1.878E-161	0	246	248	0	246	248	247M
11512	7736	4.033E-230	1.00	4.054E-230	0	356	358	0	356	358	357M
11513	7735	1.771E-221	1.00	1.774E-221	0	330	332	0	330	332	331M
11514	7734	1.108E-233	1.00	1.108E-233	0	349	351	0	349	351	350M
11515	7733	1.391E-205	1.00	1.328E-205	0	303	305	0	303	305	304M
11516	7732	8.808E-184	1.00	8.556E-184	0	285	287	0	285	287	286M
11517	7731	1.307E-181	1.00	1.372E-181	0	279	281	0	279	281	280M
11518	7730	1.156E-56	1.00	1.135E-56	0	97	99	0	97	99	98M
11519	7729	7.249E-186	1.00	7.461E-186	0	278	280	0	278	280	279M
11520	7728	5.869E-143	1.00	5.592E-143	0	232	234	0	232	234	233M
11521	7727	4.652E-26	1.00	4.655E-26	0	44	46	0	44	46	45M
11522	7726	5.347E-107	1.00	5.338E-107	0	163	165	0	163	165	164M
11523	7725	1.894E-247	1.00	1.970E-247	0	366	368	0	366	368	367M
11524	7724	3.035E-120	1.00	3.018E-120	0	185	187	0	185	187	186M
11525	7723	2.128E-60	1.00	2.072E-60	0	102	104	0	102	104	103M
11526	7722	6.944E-92	1.00	6.966E-92	0	145	147	0	145	147	146M
11527	7721	3.196E-140	1.00	3.223E-140	0	213	215	0	213	215	214M
11528	7720	1.044E-210	1.00	1.036E-210	0	321	323	0	321	323	322M
11529	7719	3.596E-263	1.00	3.576E-263	0	386	388	0	386	388	387M
11530	7718	1.021E-279	1.00	1.038E-279	0	441	443	0	441	443	442M
11531	7717	2.217E-308	1.00	0.000E+00	0	527	529	0	527	529	528M
11532	7716	5.356E-185	1.00	5.109E-185	0	272	274	0	272	274	273M
11533	7715	2.217E-308	1.00	0.000E+00	0	514	516	0	514	516	515M
11534	7714	2.904E-219	1.00	2.979E-219	0	352	354	0	352	354	353M
11535	7713	5.637E-321	1.00	5.879E-321	0	485	487	0	485	487	486M
11536	7712	7.490E-160	1.00	7.758E-160	0	238	240	0	238	240	239M
11537	7711	6.938E-53	1.00	7.268E-53	0	76	78	0	76	78	77M
11538	7710	1.241E-161	1.00	1.298E-161	0	265	267	0	265	267	266M
11539	7709	1.523E-124	1.00	1.551E-124	0	183	185	0	183	185	184M
11540	7708	4.785E-64	1.00	4.591E-64	0	98	100	0	98	100	99M
11541	7707	2.865E-32	1.00	2.874E-32	0	62	64	0	62	64	63M
11542	7706	1.002E-78	1.00	1.003E-78	0	125	127	0	125	127	126M
11543	7705	8.409E-50	1.00	8.740E-50	0	85	87	0	85	87	86M
11544	7704	1.115E-158	1.00	1.096E-158	0	234	236	0	234	236	235M
11545	7703	1.210E-151	1.00	1.258E-151	0	231	233	0	231	233	232M
11546	7702	3.410E-49	1.00	3.488E-49	0	81	83	0	81	83	82M
11547	7701	1.502E-80	1.00	1.429E-80	0	122	124	0	122	124	123M
11548	7700	6.732E-22	1.00	6.735E-22	0	39	41	0	39	41	40M
11549	7699	2.006E-308	1.00	2.046E-308	0	449	451	0	449	451	450M
11550	7698	2.813E-168	1.00	2.846E-168	0	254	256	0	254	256	255M
11551	7697	2.217E-308	1.00	0.000E+00	0	496	498	0	496	498	497M
11552	7696	1.101E-192	1.00	1.150E-192	0	293	295	0	293	295	294M
11553	7695	3.166E-175	1.00	3.195E-175	0	269	271	0	269	271	270M
11554	7694	9.659E-181	1.00	1.002E-180	0	261	263	0	261	263	262M
11555	7693	3.269E-110	1.00	3.414E-110	0	161	163	0	161	163	162M
11556	7692	1.900E-171	1.00	1.925E-171	0	253	255	0	253	255	254M
11557	7691	1.184E-220	1.00	1.190E-220	0	337	339	0	337	339	338M
11558	7690	1.942E-218	1.00	1.931E-218	0	338	340	0	338	340	339M
11559	7689	2.767E-239	1.00	2.711E-239	0	349	351	0	349	351	350M
11560	7688	2.104E-133	1.00	2.069E-133	0	211	213	0	211	213	212M
11561	7687	9.819E-110	1.00	9.687E-110	0	163	165	0	163	165	164M
11562	7686	8.877E-187	1.00	8.843E-187	0	293	295	0	293	295	294M
11563	7685	1.981E-187	1.00	2.078E-187	0	289	291	0	289	291	290M
11564	7684	2.894E-295	1.00	2.950E-295	0	457	459	0	457	459	458M
11565	7683	5.684E-208	1.00	5.928E-208	0	322	324	0	322	324	323M
11566	7682	1.878E-205	1.00	1.846E-205	0	310	312	0	310	312	311M
11567	7681	3.229E-260	1.00	3.223E-260	0	390	392	0	390	392	391M
11568	7680	2.217E-308	1.00	0.000E+00	0	594	596	0	594	596	595M
11569	7679	4.700E-30	1.00	4.678E-30	0	51	52	0	51	52	52M
11570	5151	2.813E-21	1.00	2.807E-21	0	37	38	0	37	38	38M
11571	7814	5.078E-87	1.00	5.232E-87	0	129	131	0	129	131	130M
11572	7813	2.217E-308	1.00	0.000E+00	0	496	498	0	496	498	497M
11573	7812	8.846E-147	1.00	9.152E-147	0	221	223	0	221	223	222M
11574	7811	8.444E-129	1.00	8.152E-129	0	208	210	0	208	210	209M
11575	7810	2.217E-308	1.00	0.000E+00	0	757	759	0	757	759	758M
11576	7809	1.065E-179	1.00	1.030E-179	0	277	279	0	277	279	278M
11577	7808	1.138E-166	1.00	1.175E-166	0	246	248	0	246	248	247M
11578	7807	2.619E-63	1.00	2.524E-63	0	107	109	0	107	109	108M
11579	7806	9.446E-95	1.00	9.200E-95	0	145	147	0	145	147	146M
11580	7805	2.159E-259	1.00	2.061E-259	0	396	398	0	396	398	397M
11581	7804	8.517E-171	1.00	8.538E-171	0	278	280	0	278	280	279M
11582	7803	3.827E-171	1.00	3.792E-171	0	254	256	0	254	256	255M
11583	7802	2.054E-201	1.00	2.147E-201	0	308	310	0	308	310	309M
11584	7801	1.838E-158	1.00	1.844E-158	0	245	247	0	245	247	246M
11585	7800	1.879E-244	1.00	1.883E-244	0	378	380	0	378	380	379M
11586	7799	5.355E-301	1.00	5.551E-301	0	458	460	0	458	460	459M
11587	7798	1.412E-56	1.00	1.372E-56	0	88	90	0	88	90	89M
11588	7797	1.347E-154	0.995	1.300E-154	0	239	241	15	254	256	240M
11589	7796	1.876E-282	1.00	1.838E-282	0	447	449	0	447	449	448M
11590	7795	1.198E-186	1.00	1.226E-186	0	300	302	0	300	302	301M
11591	7794	1.367E-121	1.00	1.309E-121	0	192	194	0	192	194	193M
11592	7793	1.343E-230	1.00	1.369E-230	0	353	355	0	353	355	354M
11593	7792	2.217E-308	1.00	0.000E+00	0	624	626	0	624	626	625M
11594	7791	6.386E-137	1.00	6.443E-137	0	207	209	0	207	209	208M
11595	7790	4.859E-186	1.00	4.879E-186	0	269	271	0	269	271	270M
11596	7789	2.434E-112	1.00	2.505E-112	0	177	179	0	177	179	178M
11597	7788	3.830E-210	1.00	3.907E-210	0	309	311	0	309	311	310M
11598	7787	5.351E-262	1.00	5.427E-262	0	397	399	0	397	399	398M
11599	7786	3.856E-290	1.00	4.013E-290	0	447	449	0	447	449	448M
11600	7785	5.140E-53	1.00	5.211E-53	0	82	84	0	82	84	83M
11601	7784	2.217E-308	1.00	0.000E+00	0	616	618	0	616	618	617M
11602	7783	5.207E-58	1.00	5.047E-58	0	98	100	0	98	100	99M
11603	7782	1.391E-205	1.00	1.460E-205	0	305	307	0	305	307	306M
11604	7781	8.763E-182	1.00	8.979E-182	0	270	272	0	270	272	271M
11605	7780	1.235E-275	1.00	1.191E-275	0	432	434	0	432	434	433M
11606	7779	5.161E-248	1.00	5.213E-248	0	378	380	0	378	380	379M
11607	7778	6.298E-209	1.00	6.085E-209	0	334	336	0	334	336	335M
11608	7777	8.510E-132	1.00	8.688E-132	0	210	212	0	210	212	211M
11609	7776	2.217E-308	1.00	0.000E+00	0	521	523	0	521	523	522M
11610	7775	2.722E-310	1.00	2.824E-310	0	472	474	0	472	474	473M
11611	7774	2.899E-257	1.00	2.771E-257	0	393	395	0	393	395	394M
11612	7773	2.217E-308	1.00	0.000E+00	0	514	516	0	514	516	515M
11613	7772	1.484E-230	1.00	1.503E-230	0	355	357	0	355	357	356M
11614	7771	8.122E-230	1.00	8.447E-230	0	365	367	0	365	367	366M
11615	7770	6.782E-315	1.00	6.991E-315	0	481	483	0	481	483	482M
11616	7769	2.293E-89	1.00	2.266E-89	0	134	136	0	134	136	135M
11617	7768	8.357E-125	1.00	8.399E-125	0	210	212	0	210	212	211M
11618	7767	1.847E-44	1.00	1.878E-44	0	71	73	0	71	73	72M
11619	7766	1.599E-143	1.00	1.538E-143	0	218	220	0	218	220	219M
11620	7765	1.073E-298	1.00	1.070E-298	0	429	431	0	429	431	430M
11621	7764	1.661E-235	1.00	1.641E-235	0	360	362	0	360	362	361M
11622	7763	1.907E-95	1.00	1.846E-95	0	151	153	0	151	153	152M
11623	7762	4.218E-286	1.00	4.352E-286	0	464	466	0	464	466	465M
11624	7761	8.809E-68	1.00	9.064E-68	0	111	113	0	111	113	112M
11625	7760	3.381E-38	1.00	3.367E-38	0	74	76	0	74	76	75M
11626	7759	8.094E-190	1.00	7.735E-190	0	284	286	0	284	286	285M
11627	7758	2.217E-308	1.00	0.000E+00	0	594	596	0	594	596	595M
11628	7757	6.043E-193	1.00	6.232E-193	0	280	282	0	280	282	281M
11629	7756	5.370E-186	1.00	5.193E-186	0	277	279	0	277	279	278M
11630	7755	3.384E-46	1.00	3.390E-46	0	73	75	0	73	75	74M
11631	7754	2.217E-308	1.00	0.000E+00	0	496	498	0	496	498	497M
11632	7753	2.370E-63	1.00	2.342E-63	0	99	101	0	99	101	100M
11633	7752	7.867E-179	1.00	7.958E-179	0	287	289	0	287	289	288M
11634	7883	8.302E-18	1.00	8.312E-18	0	31	33	0	31	33	32M
11635	7882	2.521E-203	1.00	2.568E-203	0	301	303	0	301	303	302M
11636	7881	2.217E-308	1.00	0.000E+00	0	536	538	0	536	538	537M
11637	7880	2.003E-114	1.00	1.945E-114	0	181	183	0	181	183	182M
11638	7879	3.575E-106	1.00	3.444E-106	0	169	171	0	169	171	170M
11639	7878	1.715E-286	1.00	1.725E-286	0	444	446	0	444	446	445M
11640	7877	2.062E-280	1.00	2.052E-280	0	440	442	0	440	442	441M
11641	7876	3.930E-220	1.00	3.775E-220	0	328	330	0	328	330	329M
11642	7875	2.217E-308	1.00	0.000E+00	0	533	535	0	533	535	534M
11643	7874	8.681E-101	1.00	8.483E-101	0	158	160	0	158	160	159M
11644	7873	1.301E-63	1.00	1.278E-63	0	106	108	0	106	108	107M
11645	7872	5.117E-206	1.00	5.247E-206	0	290	292	0	290	292	291M
11646	7871	1.291E-60	1.00	1.305E-60	0	99	101	0	99	101	100M
11647	7870	1.437E-63	1.00	1.373E-63	0	101	103	0	101	103	102M
11648	7869	2.217E-308	1.00	0.000E+00	0	565	567	0	565	567	566M
11649	7868	3.218E-104	1.00	3.331E-104	0	159	161	0	159	161	160M
11650	7867	7.150E-142	1.00	7.441E-142	0	220	222	0	220	222	221M
11651	7866	1.273E-132	1.00	1.289E-132	0	203	205	0	203	205	204M
11652	7865	5.502E-118	1.00	5.417E-118	0	188	190	0	188	190	189M
11653	7864	6.807E-123	1.00	6.519E-123	0	182	184	0	182	184	183M
11654	7863	2.217E-308	1.00	0.000E+00	0	671	673	0	671	673	672M
11655	7862	1.640E-114	1.00	1.655E-114	0	171	173	0	171	173	172M
11656	7861	1.764E-297	1.00	1.847E-297	0	436	438	0	436	438	437M
11657	7860	4.337E-142	1.00	4.492E-142	0	216	218	0	216	218	217M
11658	7859	8.985E-153	1.00	9.183E-153	0	229	231	0	229	231	230M
11659	7858	3.817E-170	1.00	3.665E-170	0	262	264	0	262	264	263M
11660	7857	1.236E-314	1.00	1.226E-314	0	466	468	0	466	468	467M
11661	7856	5.645E-244	1.00	5.705E-244	0	368	370	0	368	370	369M
11662	7855	7.064E-176	1.00	7.046E-176	0	257	259	0	257	259	258M
11663	7854	1.771E-105	1.00	1.854E-105	0	158	160	0	158	160	159M
11664	7853	2.217E-308	1.00	0.000E+00	0	808	810	0	808	810	809M
11665	7852	2.217E-308	1.00	0.000E+00	0	2264	2266	0	2264	2266	2265M
11666	7851	3.807E-169	1.00	3.782E-169	0	258	260	0	258	260	259M
11667	7850	1.555E-132	1.00	1.504E-132	0	193	195	0	193	195	194M
11668	7849	1.198E-70	1.00	1.249E-70	0	112	114	0	112	114	113M
11669	7848	3.912E-17	1.00	3.905E-17	0	36	38	0	36	38	37M
11670	7847	7.175E-66	1.00	7.377E-66	0	104	106	0	104	106	105M
11671	7846	2.835E-55	1.00	2.936E-55	0	86	88	0	86	88	87M
11672	7845	1.138E-166	1.00	1.156E-166	0	239	241	0	239	241	240M
11673	7844	1.036E-91	1.00	1.057E-91	0	134	136	0	134	136	135M
11674	7843	3.436E-52	1.00	3.477E-52	0	82	84	0	82	84	83M
11675	7842	1.380E-202	1.00	1.319E-202	0	309	311	0	309	311	310M
11676	7841	3.823E-248	1.00	3.938E-248	0	372	374	0	372	374	373M
11677	7840	2.413E-70	1.00	2.405E-70	0	106	108	0	106	108	107M
11678	7839	6.426E-62	1.00	6.230E-62	0	95	97	0	95	97	96M
11679	7838	4.642E-91	1.00	4.858E-91	0	146	148	0	146	148	147M
11680	7837	7.569E-48	1.00	7.475E-48	0	79	81	0	79	81	80M
11681	7836	2.620E-36	1.00	2.612E-36	0	66	68	0	66	68	67M
11682	7835	8.525E-94	1.00	8.844E-94	0	166	168	0	166	168	167M
11683	7834	3.870E-214	1.00	3.836E-214	0	334	336	0	334	336	335M
11684	7833	3.582E-41	1.00	3.565E-41	0	70	72	0	70	72	71M
11685	7832	1.141E-167	1.00	1.087E-167	0	249	251	0	249	251	250M
11686	7831	7.868E-63	1.00	8.108E-63	0	105	107	0	105	107	106M
11687	7830	2.546E-52	1.00	2.611E-52	0	89	91	0	89	91	90M
11688	7829	4.122E-45	1.00	4.266E-45	0	73	75	0	73	75	74M
11689	7828	5.454E-192	1.00	5.304E-192	0	292	294	0	292	294	293M
11690	7827	3.158E-174	1.00	3.296E-174	0	265	267	0	265	267	266M
11691	7826	1.792E-71	1.00	1.787E-71	0	111	113	0	111	113	112M
11692	7825	3.791E-90	1.00	3.666E-90	0	129	131	0	129	131	130M
11693	7824	8.307E-84	1.00	8.632E-84	0	132	134	0	132	134	133M
11694	7823	3.227E-105	1.00	3.322E-105	0	157	159	0	157	159	158M
11695	7822	3.768E-49	1.00	3.851E-49	0	83	85	0	83	85	84M
11696	7821	8.322E-46	1.00	7.924E-46	0	71	73	0	71	73	72M
11697	7820	4.150E-125	1.00	4.186E-125	0	182	184	0	182	184	183M
11698	7819	1.685E-47	1.00	1.663E-47	0	76	78	0	76	78	77M
11700	7818	7.268E-71	1.00	6.971E-71	0	113	115	0	113	115	114M
11701	7817	1.516E-45	1.00	1.469E-45	0	77	79	0	77	79	78M
11702	6727	5.481E-16	1.00	5.502E-16	0	32	34	0	32	34	33M
11703	7884	3.262E-264	1.00	3.389E-264	0	403	405	0	403	405	404M
11704	7885	1.306E-258	1.00	1.255E-258	0	374	376	0	374	376	375M
11705	7886	3.675E-194	1.00	3.651E-194	0	280	282	0	280	282	281M
11706	7887	3.979E-70	1.00	4.011E-70	0	110	112	0	110	112	111M
11707	7888	3.940E-221	1.00	3.835E-221	0	333	335	0	333	335	334M
11708	7889	3.556E-220	1.00	3.649E-220	0	334	336	0	334	336	335M
11709	7890	9.692E-221	1.00	9.871E-221	0	333	335	0	333	335	334M
11710	7891	2.217E-308	1.00	0.000E+00	0	642	644	0	642	644	643M
11711	7892	1.657E-118	1.00	1.739E-118	0	184	186	0	184	186	185M
11712	7893	2.206E-74	1.00	2.174E-74	0	129	131	0	129	131	130M
11713	7894	2.217E-308	1.00	0.000E+00	0	821	823	0	821	823	822M
11714	7895	5.558E-238	1.00	5.390E-238	0	359	361	0	359	361	360M
11715	7896	1.874E-243	1.00	1.964E-243	0	381	383	0	381	383	382M
11716	7897	1.471E-304	1.00	1.485E-304	0	464	466	0	464	466	465M
11717	7898	3.212E-22	1.00	3.213E-22	0	43	45	0	43	45	44M
11718	7899	4.093E-81	1.00	4.133E-81	0	129	131	0	129	131	130M
11719	7900	1.471E-72	1.00	1.459E-72	0	105	107	0	105	107	106M
11720	7901	2.217E-308	1.00	0.000E+00	0	585	587	0	585	587	586M
11721	7902	1.167E-292	1.00	1.161E-292	0	450	452	0	450	452	451M
11722	7903	1.144E-52	1.00	1.196E-52	0	86	88	0	86	88	87M
11723	7904	2.317E-209	1.00	2.338E-209	0	327	329	0	327	329	328M
11724	7905	2.221E-154	1.00	2.295E-154	0	231	233	0	231	233	232M
11725	7906	2.520E-48	1.00	2.447E-48	0	82	84	0	82	84	83M
11726	7907	3.622E-111	1.00	3.715E-111	0	174	176	0	174	176	175M
11727	7908	1.901E-28	1.00	1.897E-28	0	48	50	0	48	50	49M
11728	7909	5.965E-304	1.00	6.027E-304	0	440	442	0	440	442	441M
11729	7910	3.794E-245	1.00	3.702E-245	0	350	352	0	350	352	351M
11730	7911	1.532E-281	1.00	1.565E-281	0	385	387	0	385	387	386M
11731	7912	4.466E-76	1.00	4.364E-76	0	120	122	0	120	122	121M
11732	7913	1.015E-199	1.00	1.047E-199	0	317	319	0	317	319	318M
11733	7914	4.172E-127	1.00	4.010E-127	0	197	199	0	197	199	198M
11734	7915	4.602E-281	1.00	4.676E-281	0	415	417	0	415	417	416M
11735	7916	2.708E-308	1.00	2.838E-308	0	456	458	0	456	458	457M
11736	7917	7.401E-78	1.00	7.184E-78	0	120	122	0	120	122	121M
11737	7918	5.879E-105	1.00	5.896E-105	0	169	171	0	169	171	170M
11738	7919	1.152E-248	1.00	1.117E-248	0	372	374	0	372	374	373M
11739	7920	4.251E-289	1.00	4.050E-289	0	429	431	0	429	431	430M
11740	7921	8.970E-75	1.00	8.661E-75	0	123	125	0	123	125	124M
11741	7922	1.409E-210	1.00	1.453E-210	0	335	337	0	335	337	336M
11742	7923	8.178E-194	1.00	8.232E-194	0	304	306	0	304	306	305M
11743	7924	2.217E-308	1.00	0.000E+00	0	645	647	0	645	647	646M
11744	7925	3.575E-106	1.00	3.556E-106	0	183	185	0	183	185	184M
11745	7926	1.369E-199	1.00	1.381E-199	0	296	298	0	296	298	297M
11746	7927	4.834E-184	1.00	5.003E-184	0	287	289	0	287	289	288M
11747	7928	8.378E-37	1.00	8.400E-37	0	75	77	0	75	77	76M
11748	7929	8.696E-63	1.00	8.936E-63	0	107	109	0	107	109	108M
11749	7930	3.774E-243	1.00	3.860E-243	0	355	357	0	355	357	356M
11750	7931	7.465E-120	1.00	7.415E-120	0	184	186	0	184	186	185M
11751	7932	8.451E-168	1.00	8.442E-168	0	257	259	0	257	259	258M
11752	7933	3.714E-82	1.00	3.556E-82	0	124	126	0	124	126	125M
11753	7934	1.409E-94	1.00	1.457E-94	0	148	150	0	148	150	149M
11754	7935	2.217E-308	1.00	0.000E+00	0	877	879	0	877	879	878M
11755	7936	5.179E-172	1.00	4.961E-172	0	251	253	0	251	253	252M
11756	7937	1.218E-115	1.00	1.212E-115	0	189	191	0	189	191	190M
11757	7938	2.217E-308	1.00	0.000E+00	0	658	660	0	658	660	659M
11758	7939	6.831E-47	1.00	6.517E-47	0	78	80	0	78	80	79M
11759	7940	4.967E-32	1.00	4.944E-32	0	54	56	0	54	56	55M
11760	7941	6.548E-108	1.00	6.766E-108	0	166	168	0	166	168	167M
11761	7942	2.309E-53	1.00	2.294E-53	0	91	93	0	91	93	92M
11762	7943	2.217E-308	1.00	0.000E+00	0	568	570	0	568	570	569M
11763	7944	2.101E-28	1.00	2.106E-28	0	50	52	0	50	52	51M
11764	7945	8.344E-47	1.00	8.508E-47	0	77	79	0	77	79	78M
11765	7946	2.217E-308	1.00	0.000E+00	0	481	483	0	481	483	482M
11766	7947	8.985E-153	1.00	9.183E-153	0	229	231	0	229	231	230M
11767	7948	3.646E-191	1.00	3.634E-191	0	286	288	0	286	288	287M
11768	7949	5.407E-150	1.00	5.245E-150	0	250	252	0	250	252	251M
11769	7950	1.125E-123	1.00	1.135E-123	0	205	207	0	205	207	206M
11770	7951	1.107E-78	1.00	1.075E-78	0	133	135	0	133	135	134M
11771	7952	4.991E-119	1.00	5.215E-119	0	172	174	0	172	174	173M
11772	7953	6.174E-240	1.00	5.879E-240	0	350	352	0	350	352	351M
11773	7954	1.632E-112	1.00	1.630E-112	0	168	170	0	168	170	169M
11774	7955	1.510E-198	1.00	1.448E-198	0	279	281	0	279	281	280M
11775	7956	8.137E-76	1.00	7.819E-76	0	119	121	0	119	121	120M
11776	7957	2.702E-75	1.00	2.636E-75	0	118	120	0	118	120	119M
11777	7958	3.032E-197	1.00	3.176E-197	0	271	273	0	271	273	272M
11778	7959	1.168E-176	1.00	1.114E-176	0	258	260	0	258	260	259M
11779	7960	2.217E-308	1.00	0.000E+00	0	776	778	0	776	778	777M
11780	7961	2.217E-308	1.00	0.000E+00	0	725	727	0	725	727	726M
11781	7962	2.244E-158	1.00	2.152E-158	0	255	257	0	255	257	256M
11782	7963	3.386E-85	1.00	3.472E-85	0	144	146	0	144	146	145M
11783	7964	1.535E-38	1.00	1.539E-38	0	71	73	0	71	73	72M
11784	7965	5.966E-188	1.00	6.173E-188	0	290	292	0	290	292	291M
11785	7966	4.303E-139	1.00	4.144E-139	0	207	209	0	207	209	208M
11786	7967	8.977E-114	1.00	8.565E-114	0	179	181	0	179	181	180M
11787	7968	3.804E-130	1.00	3.703E-130	0	196	198	0	196	198	197M
11788	7969	1.477E-267	1.00	1.425E-267	0	385	387	0	385	387	386M
11789	7970	2.217E-308	1.00	0.000E+00	0	564	566	0	564	566	565M
11790	7971	4.473E-154	1.00	4.662E-154	0	226	228	0	226	228	227M
11791	7972	2.217E-308	1.00	0.000E+00	0	742	744	0	742	744	743M
11792	7973	5.548E-276	1.00	5.623E-276	0	443	445	0	443	445	444M
11793	7974	6.949E-131	1.00	6.747E-131	0	200	202	0	200	202	201M
11794	7975	2.089E-285	1.00	2.025E-285	0	436	438	0	436	438	437M
11795	7976	5.060E-163	1.00	5.241E-163	0	237	239	0	237	239	238M
11796	7977	4.003E-111	1.00	4.155E-111	0	183	185	0	183	185	184M
11797	7978	2.217E-308	1.00	0.000E+00	0	507	509	0	507	509	508M
11798	7979	2.217E-308	1.00	0.000E+00	0	713	715	0	713	715	714M
11799	7980	1.532E-281	1.00	1.598E-281	0	419	421	0	419	421	420M
11800	7981	1.327E-148	1.00	1.296E-148	0	231	233	0	231	233	232M
11801	7982	2.289E-127	1.00	2.199E-127	0	191	193	0	191	193	192M
11802	7983	1.312E-105	1.00	1.338E-105	0	171	173	0	171	173	172M
11803	7984	5.601E-241	1.00	5.701E-241	0	354	356	0	354	356	355M
11804	7985	6.277E-169	1.00	6.073E-169	0	248	250	0	248	250	249M
11805	7986	2.967E-266	1.00	3.110E-266	0	397	399	0	397	399	398M
11806	7987	4.829E-261	1.00	4.802E-261	0	410	412	0	410	412	411M
11807	7988	3.386E-201	1.00	3.231E-201	0	310	312	0	310	312	311M
11808	7989	8.220E-312	1.00	7.914E-312	0	490	492	0	490	492	491M
11809	7990	9.520E-40	1.00	9.496E-40	0	66	68	0	66	68	67M
11810	7991	1.225E-156	1.00	1.185E-156	0	233	235	0	233	235	234M
11811	7992	1.575E-253	1.00	1.592E-253	0	403	405	0	403	405	404M
11812	7993	2.217E-308	1.00	0.000E+00	0	691	693	0	691	693	692M
11813	7994	1.026E-126	1.00	1.015E-126	0	190	192	0	190	192	191M
11814	7995	2.217E-308	1.00	0.000E+00	0	847	849	0	847	849	848M
11815	7996	4.662E-170	1.00	4.573E-170	0	260	262	0	260	262	261M
11816	7997	8.102E-113	1.00	7.878E-113	0	166	168	0	166	168	167M
11817	7998	4.987E-80	1.00	4.814E-80	0	121	123	0	121	123	122M
11818	7999	1.730E-212	1.00	1.729E-212	0	301	303	0	301	303	302M
11819	8000	3.041E-24	1.00	3.044E-24	0	45	47	0	45	47	46M
11820	8001	2.374E-257	1.00	2.463E-257	0	377	379	0	377	379	378M
11821	8002	5.804E-100	1.00	6.082E-100	0	153	155	0	153	155	154M
11822	8003	2.217E-308	1.00	0.000E+00	0	1505	1507	0	1505	1507	1506M
11823	8004	2.217E-308	1.00	0.000E+00	0	691	693	0	691	693	692M
11824	8005	3.697E-119	1.00	3.525E-119	0	177	179	0	177	179	178M
11825	8006	2.994E-76	1.00	3.031E-76	0	119	121	0	119	121	120M
11826	8007	1.660E-80	1.00	1.734E-80	0	126	128	0	126	128	127M
11827	8008	6.288E-131	1.00	6.042E-131	0	211	213	0	211	213	212M
11828	8009	7.273E-226	1.00	7.561E-226	0	371	373	0	371	373	372M
11829	8010	2.217E-308	1.00	0.000E+00	0	1031	1033	0	1031	1033	1032M
11830	8011	2.217E-308	1.00	0.000E+00	0	570	572	0	570	572	571M
11831	8012	1.195E-69	1.00	1.141E-69	0	112	114	0	112	114	113M
11832	8013	1.802E-73	1.00	1.722E-73	0	113	115	0	113	115	114M
11833	8014	1.634E-74	1.00	1.671E-74	0	117	119	0	117	119	118M
11834	8015	3.870E-98	1.00	3.972E-98	0	148	150	0	148	150	149M
11835	8016	6.795E-161	1.00	6.528E-161	0	239	241	0	239	241	240M
11836	8017	3.691E-157	1.00	3.690E-157	0	235	237	0	235	237	236M
11837	8018	1.886E-168	1.00	1.968E-168	0	273	275	0	273	275	274M
11838	8019	5.356E-185	1.00	5.193E-185	0	306	308	0	306	308	307M
11839	8020	1.562E-250	1.00	1.540E-250	0	368	370	0	368	370	369M
11840	8021	1.742E-292	1.00	1.725E-292	0	418	420	0	418	420	419M
11841	5826	2.229E-16	1.00	2.237E-16	0	33	35	0	33	35	34M
11842	8063	2.217E-308	1.00	0.000E+00	0	817	819	0	817	819	818M
11843	8062	1.506E-81	1.00	1.527E-81	0	128	130	0	128	130	129M
11844	8061	2.760E-122	1.00	2.870E-122	0	180	182	0	180	182	181M
11845	8060	2.217E-308	1.00	0.000E+00	0	771	773	0	771	773	772M
11846	8059	2.217E-308	1.00	0.000E+00	0	547	549	0	547	549	548M
11847	8058	1.656E-25	1.00	1.654E-25	0	38	40	0	38	40	39M
11848	8057	7.936E-105	1.00	7.565E-105	0	161	163	0	161	163	162M
11849	8056	8.031E-303	1.00	8.423E-303	0	456	458	0	456	458	457M
11850	8055	2.303E-52	1.00	2.316E-52	0	93	95	0	93	95	94M
11851	8054	6.498E-105	1.00	6.682E-105	0	185	187	0	185	187	186M
11852	8053	2.855E-135	1.00	2.975E-135	0	208	210	0	208	210	209M
11853	8052	2.369E-295	1.00	2.397E-295	0	439	441	0	439	441	440M
11854	8051	1.330E-265	1.00	1.322E-265	0	401	403	0	401	403	402M
11855	8050	1.001E-271	1.00	9.756E-272	0	409	411	0	409	411	410M
11856	8049	6.796E-45	1.00	6.675E-45	0	82	84	0	82	84	83M
11857	8048	1.854E-84	1.00	1.780E-84	0	132	134	0	132	134	133M
11858	8047	2.104E-133	1.00	2.169E-133	0	212	214	0	212	214	213M
11859	8046	2.284E-126	1.00	2.346E-126	0	201	203	0	201	203	202M
11860	8045	2.235E-195	1.00	2.310E-195	0	295	297	0	295	297	296M
11861	8044	6.732E-80	1.00	6.439E-80	0	127	129	0	127	129	128M
11862	8043	1.287E-175	1.00	1.318E-175	0	277	279	0	277	279	278M
11863	8042	1.252E-87	1.00	1.247E-87	0	132	134	0	132	134	133M
11864	8041	2.644E-144	1.00	2.624E-144	0	234	236	0	234	236	235M
11865	8040	2.729E-195	1.00	2.840E-195	0	286	288	0	286	288	287M
11866	8039	2.274E-163	1.00	2.273E-163	0	246	248	0	246	248	247M
11867	8038	2.217E-308	1.00	0.000E+00	0	546	548	0	546	548	547M
11868	8037	1.359E-312	1.00	1.304E-312	0	458	460	0	458	460	459M
11869	8036	2.217E-308	1.00	0.000E+00	0	1070	1072	0	1070	1072	1071M
11870	8035	2.217E-308	1.00	0.000E+00	0	610	612	0	610	612	611M
11871	8034	4.913E-229	1.00	4.983E-229	0	349	351	0	349	351	350M
11872	8033	2.628E-219	1.00	2.533E-219	0	335	337	0	335	337	336M
11873	8032	2.217E-308	1.00	0.000E+00	0	528	530	0	528	530	529M
11874	8031	1.500E-273	1.00	1.428E-273	0	413	415	0	413	415	414M
11875	8030	2.217E-308	1.00	0.000E+00	0	703	705	0	703	705	704M
11876	8029	1.078E-145	1.00	1.038E-145	0	219	221	0	219	221	220M
11877	8028	2.034E-236	1.00	2.098E-236	0	343	345	0	343	345	344M
11878	8027	4.026E-268	1.00	4.092E-268	0	419	421	0	419	421	420M
11879	8026	6.609E-305	1.00	6.418E-305	0	446	448	0	446	448	447M
11880	8025	2.217E-308	1.00	0.000E+00	0	675	677	0	675	677	676M
11881	8024	4.443E-74	1.00	4.410E-74	0	124	126	0	124	126	125M
11883	8102	4.931E-153	1.00	4.735E-153	0	235	237	0	235	237	236M
11884	8101	2.217E-308	1.00	0.000E+00	0	851	853	0	851	853	852M
11885	8100	4.863E-225	1.00	4.968E-225	0	337	339	0	337	339	338M
11886	8099	1.730E-212	1.00	1.780E-212	0	315	317	0	315	317	316M
11887	8098	3.843E-250	1.00	3.964E-250	0	368	370	0	368	370	369M
11888	8097	2.217E-308	1.00	0.000E+00	0	622	624	0	622	624	623M
11889	8096	5.337E-261	1.00	5.532E-261	0	386	388	0	386	388	387M
11890	8095	4.030E-75	1.00	3.983E-75	0	120	122	0	120	122	121M
11891	8094	2.635E-104	1.00	2.620E-104	0	154	156	0	154	156	155M
11892	8093	2.217E-308	1.00	0.000E+00	0	507	509	0	507	509	508M
11893	8092	1.539E-128	1.00	1.483E-128	0	194	196	0	194	196	195M
11894	8091	2.513E-47	1.00	2.399E-47	0	77	79	0	77	79	78M
11895	8090	3.552E-30	1.00	3.559E-30	0	57	59	0	57	59	58M
11896	8089	5.630E-243	1.00	5.468E-243	0	349	351	0	349	351	350M
11897	8088	3.313E-270	1.00	3.258E-270	0	383	385	0	383	385	384M
11898	8087	1.430E-61	1.00	1.457E-61	0	93	95	0	93	95	94M
11899	8086	1.046E-172	1.00	1.025E-172	0	251	253	0	251	253	252M
11900	8085	2.102E-210	1.00	2.049E-210	0	302	304	0	302	304	303M
11901	8084	2.217E-308	1.00	0.000E+00	0	690	692	0	690	692	691M
11902	8083	2.217E-308	1.00	0.000E+00	0	592	594	0	592	594	593M
11903	8082	5.000E-81	1.00	4.776E-81	0	132	134	0	132	134	133M
11904	8081	4.359E-144	1.00	4.491E-144	0	212	214	0	212	214	213M
11905	8080	7.588E-165	1.00	7.903E-165	0	255	257	0	255	257	256M
11906	8079	6.337E-134	1.00	6.046E-134	0	205	207	0	205	207	206M
11907	8078	3.975E-147	1.00	3.784E-147	0	229	231	0	229	231	230M
11908	8077	3.454E-170	1.00	3.336E-170	0	260	262	0	260	262	261M
11909	8076	8.924E-73	1.00	9.214E-73	0	115	117	0	115	117	116M
11910	8075	2.217E-308	1.00	0.000E+00	0	470	472	0	470	472	471M
11911	8074	4.876E-110	1.00	4.912E-110	0	162	164	0	162	164	163M
11912	8073	3.678E-233	1.00	3.679E-233	0	341	343	0	341	343	342M
11913	8072	1.865E-241	1.00	1.924E-241	0	351	353	0	351	353	352M
11914	8071	1.775E-222	1.00	1.727E-222	0	314	316	0	314	316	315M
11915	8070	3.320E-116	1.00	3.314E-116	0	175	177	0	175	177	176M
11916	8069	1.135E-281	1.00	1.100E-281	0	411	413	0	411	413	412M
11917	8068	3.427E-167	1.00	3.431E-167	0	260	262	0	260	262	261M
11918	8067	3.807E-285	1.00	3.672E-285	0	415	417	0	415	417	416M
11919	8066	1.991E-189	1.00	1.926E-189	0	290	292	0	290	292	291M
11920	8065	2.012E-77	1.00	2.029E-77	0	135	137	0	135	137	136M
11921	8064	1.435E-217	1.00	1.436E-217	0	327	329	0	327	329	328M
11922	5348	3.504E-17	1.00	3.501E-17	0	34	36	0	34	36	35M
11923	8145	1.783E-301	1.00	1.711E-301	0	487	489	0	487	489	488M
11924	8146	5.342E-184	1.00	5.423E-184	0	282	284	0	282	284	283M
11925	8147	2.606E-61	1.00	2.557E-61	0	98	100	0	98	100	99M
11926	8148	9.965E-77	1.00	9.908E-77	0	122	124	0	122	124	123M
11927	8149	6.469E-142	1.00	6.658E-142	0	211	213	0	211	213	212M
11928	8150	2.217E-308	1.00	0.000E+00	0	635	637	0	635	637	636M
11929	8151	1.014E-160	1.00	1.015E-160	0	235	237	0	235	237	236M
11930	8152	2.176E-146	1.00	2.179E-146	0	226	228	0	226	228	227M
11931	8153	2.958E-110	1.00	2.846E-110	0	177	179	0	177	179	178M
11932	8154	2.947E-186	1.00	2.804E-186	0	284	286	0	284	286	285M
11933	8155	1.733E-174	1.00	1.649E-174	0	257	259	0	257	259	258M
11934	8156	8.178E-194	1.00	8.406E-194	0	291	293	0	291	293	292M
11935	8157	8.695E-179	1.00	8.807E-179	0	269	271	0	269	271	270M
11936	8158	7.732E-33	1.00	7.767E-33	0	55	57	0	55	57	56M
11937	8159	7.099E-294	1.00	6.984E-294	0	437	439	0	437	439	438M
11938	8160	1.102E-115	1.00	1.116E-115	0	174	176	0	174	176	175M
11939	8161	6.107E-81	1.00	6.242E-81	0	131	133	0	131	133	132M
11940	8162	8.222E-80	1.00	8.414E-80	0	126	128	0	126	128	127M
11941	8163	2.217E-308	1.00	0.000E+00	0	558	560	0	558	560	559M
11942	8164	2.217E-308	1.00	0.000E+00	0	738	740	0	738	740	739M
11943	8165	3.174E-292	1.00	3.208E-292	0	438	440	0	438	440	439M
11944	8166	5.242E-138	1.00	5.010E-138	0	213	215	0	213	215	214M
11945	8167	4.801E-104	1.00	4.925E-104	0	154	156	0	154	156	155M
11946	8168	2.217E-308	1.00	0.000E+00	0	529	531	0	529	531	530M
11947	8169	6.337E-134	1.00	6.340E-134	0	206	208	0	206	208	207M
11948	8170	3.240E-300	1.00	3.229E-300	0	462	464	0	462	464	463M
11949	8171	2.128E-176	1.00	2.059E-176	0	251	253	0	251	253	252M
11950	8172	1.346E-231	1.00	1.311E-231	0	350	352	0	350	352	351M
11951	8173	2.688E-73	1.00	2.734E-73	0	116	118	0	116	118	117M
11952	8174	1.298E-101	1.00	1.301E-101	0	165	167	0	165	167	166M
11953	8175	2.217E-308	1.00	0.000E+00	0	791	793	0	791	793	792M
11954	8176	4.625E-283	1.00	4.768E-283	0	418	420	0	418	420	419M
11955	8177	2.258E-83	1.00	2.336E-83	0	133	135	0	133	135	134M
11956	8178	7.957E-106	1.00	7.917E-106	0	160	162	0	160	162	161M
11957	8179	2.782E-125	1.00	2.828E-125	0	187	189	0	187	189	188M
11958	8180	1.187E-105	1.00	1.139E-105	0	161	163	0	161	163	162M
11959	8181	4.266E-213	1.00	4.149E-213	0	331	333	0	331	333	332M
11960	8182	1.013E-121	1.00	9.664E-122	0	179	181	0	179	181	180M
11961	8183	1.085E-109	1.00	1.119E-109	0	166	168	0	166	168	167M
11962	8184	1.477E-267	1.00	1.480E-267	0	406	408	0	406	408	407M
11963	8185	5.292E-103	1.00	5.437E-103	0	158	160	0	158	160	159M
11964	8186	1.218E-231	1.00	1.218E-231	0	335	337	0	335	337	336M
11965	8187	2.217E-308	1.00	0.000E+00	0	540	542	0	540	542	541M
11966	8188	1.755E-179	1.00	1.737E-179	0	268	270	0	268	270	269M
11967	8189	9.436E-288	1.00	9.667E-288	0	443	445	0	443	445	444M
11968	8190	1.104E-77	1.00	1.086E-77	0	122	124	0	122	124	123M
11969	8191	1.579E-138	1.00	1.659E-138	0	223	225	0	223	225	224M
11970	8192	1.055E-98	1.00	1.020E-98	0	146	148	0	146	148	147M
11971	8193	8.969E-191	1.00	8.793E-191	0	278	280	0	278	280	279M
11972	8194	5.247E-177	1.00	5.305E-177	0	269	271	0	269	271	270M
11973	8195	8.480E-208	1.00	8.512E-208	0	323	325	0	323	325	324M
11974	8196	6.980E-94	1.00	6.916E-94	0	141	143	0	141	143	142M
11975	8197	6.028E-76	1.00	6.119E-76	0	127	129	0	127	129	128M
11976	8198	8.824E-146	1.00	9.000E-146	0	216	218	0	216	218	217M
11977	8199	5.685E-92	1.00	5.748E-92	0	141	143	0	141	143	142M
11978	8200	7.881E-141	1.00	8.048E-141	0	217	219	0	217	219	218M
11979	8201	2.217E-308	1.00	0.000E+00	0	645	647	0	645	647	646M
11980	8202	6.425E-178	1.00	6.204E-178	0	277	279	0	277	279	278M
11981	8203	7.149E-258	1.00	7.072E-258	0	384	386	0	384	386	385M
11982	8204	2.217E-308	1.00	0.000E+00	0	536	538	0	536	538	537M
11983	8205	1.348E-193	1.00	1.326E-193	0	294	296	0	294	296	295M
11984	8206	2.217E-308	1.00	0.000E+00	0	600	602	0	600	602	601M
11985	8207	6.967E-132	1.00	6.744E-132	0	198	200	0	198	200	199M
11986	8208	2.386E-259	1.00	2.426E-259	0	386	388	0	386	388	387M
11987	8209	4.575E-124	1.00	4.613E-124	0	186	188	0	186	188	187M
11988	8210	9.301E-89	1.00	9.053E-89	0	130	132	0	130	132	131M
11989	6926	4.817E-144	1.00	4.638E-144	0	227	228	0	227	522	228M
11990	6927	2.642E-105	1.00	2.638E-105	0	172	174	0	172	174	173M
11991	6928	7.331E-113	1.00	7.559E-113	0	185	187	0	185	187	186M
11992	6929	5.012E-198	1.00	5.098E-198	0	299	301	0	299	301	300M
11993	6930	1.743E-215	1.00	1.823E-215	0	343	345	0	343	345	344M
11994	6931	1.976E-70	1.00	1.933E-70	0	108	110	0	108	110	109M
11995	6932	7.674E-92	1.00	7.881E-92	0	141	143	0	141	143	142M
11996	6933	2.159E-27	1.00	2.153E-27	0	52	54	0	52	54	53M
11997	6934	2.217E-308	1.00	0.000E+00	0	623	625	0	623	625	624M
11998	6935	1.637E-152	1.00	1.570E-152	0	227	229	0	227	229	228M
11999	6936	1.384E-203	1.00	1.412E-203	0	295	297	0	295	297	296M
12000	6937	6.691E-155	1.00	6.389E-155	0	244	246	0	244	246	245M
12001	6938	2.217E-308	1.00	0.000E+00	0	488	490	0	488	490	489M
12002	6939	2.998E-154	1.00	2.949E-154	0	243	245	0	243	245	244M
12003	6940	1.839E-197	1.00	1.774E-197	0	292	294	0	292	294	293M
12004	6941	2.155E-181	1.00	2.091E-181	0	288	290	0	288	290	289M
12005	6942	2.552E-169	1.00	2.547E-169	0	263	265	0	263	265	264M
12006	6943	1.798E-227	1.00	1.814E-227	0	345	347	0	345	347	346M
12007	6944	6.315E-94	1.00	6.590E-94	0	140	142	0	140	142	141M
12008	6945	7.627E-167	1.00	7.801E-167	0	244	246	0	244	246	245M
12009	6946	2.495E-315	1.00	2.620E-315	0	487	489	0	487	489	488M
12010	6947	1.525E-318	1.00	1.502E-318	0	462	464	0	462	464	463M
12011	6948	1.408E-287	1.00	1.358E-287	0	430	432	0	430	432	431M
12012	6949	2.095E-170	1.00	2.172E-170	0	271	273	0	271	273	272M
12013	5826	2.229E-16	1.00	2.237E-16	0	33	35	0	33	35	34M
12014	8232	2.374E-141	1.00	2.268E-141	0	238	239	0	238	239	239M
12015	8233	5.710E-55	1.00	5.528E-55	0	86	88	0	86	88	87M
12016	8234	2.678E-149	1.00	2.764E-149	0	225	227	0	225	227	226M
12017	8235	4.776E-102	1.00	4.853E-102	0	151	153	0	151	153	152M
12018	8236	3.897E-62	1.00	3.837E-62	0	98	100	0	98	100	99M
12019	8237	2.409E-108	1.00	2.318E-108	0	170	172	0	170	172	171M
12020	8238	1.844E-198	1.00	1.827E-198	0	304	306	0	304	306	305M
12021	8239	2.159E-259	1.00	2.237E-259	0	391	393	0	391	393	392M
12022	8240	1.622E-71	1.00	1.661E-71	0	116	118	0	116	118	117M
12023	8241	1.653E-117	1.00	1.678E-117	0	172	174	0	172	174	173M
12024	8242	1.582E-42	1.00	1.580E-42	0	71	73	0	71	73	72M
12025	8243	2.852E-96	1.00	2.996E-96	0	146	148	0	146	148	147M
12026	8244	6.075E-79	1.00	6.025E-79	0	121	123	0	121	123	122M
12027	8245	1.384E-87	1.00	1.442E-87	0	135	137	0	135	137	136M
12028	8246	2.358E-61	1.00	2.318E-61	0	96	98	0	96	98	97M
12029	8247	1.489E-38	1.00	1.485E-38	0	64	66	0	64	66	65M
12030	8248	1.656E-79	1.00	1.703E-79	0	121	123	0	121	123	122M
12031	8249	2.702E-75	1.00	2.696E-75	0	125	127	0	125	127	126M
12032	8250	2.633E-65	1.00	2.550E-65	0	110	112	0	110	112	111M
12033	8251	1.272E-209	1.00	1.333E-209	0	315	317	0	315	317	316M
12034	8252	4.567E-162	1.00	4.383E-162	0	262	264	0	262	264	263M
12035	8253	3.207E-64	1.00	3.118E-64	0	103	105	0	103	105	104M
12036	8254	5.610E-25	1.00	5.583E-25	0	49	51	0	49	51	50M
12037	8255	6.197E-48	1.00	6.121E-48	0	75	77	0	75	77	76M
12038	8256	1.131E-241	1.00	1.154E-241	0	367	369	0	367	369	368M
12039	8257	1.304E-296	1.00	1.358E-296	0	445	447	0	445	447	446M
12040	8258	1.437E-295	1.00	1.502E-295	0	429	431	0	429	431	430M
12041	8259	6.514E-106	1.00	6.790E-106	0	170	172	0	170	172	171M
12042	8260	9.827E-149	1.00	9.887E-149	0	212	214	0	212	214	213M
12043	8261	9.470E-96	1.00	9.166E-96	0	143	145	0	143	145	144M
12044	8262	7.855E-101	1.00	7.923E-101	0	150	152	0	150	152	151M
12045	8275	3.655E-308	1.00	3.527E-308	0	481	483	0	481	483	482M
12046	8274	4.835E-68	1.00	4.818E-68	0	111	113	0	111	113	112M
12047	8273	2.792E-49	1.00	2.671E-49	0	82	84	0	82	84	83M
12048	8272	6.690E-271	1.00	6.844E-271	0	417	419	0	417	419	418M
12049	8271	1.455E-145	1.00	1.445E-145	0	226	228	0	226	228	227M
12050	8270	1.881E-283	1.00	1.916E-283	0	439	441	0	439	441	440M
12051	8269	4.086E-235	1.00	4.224E-235	0	360	362	0	360	362	361M
12052	8268	3.001E-309	1.00	2.882E-309	0	461	463	0	461	463	462M
12053	8267	1.881E-167	1.00	1.807E-167	0	280	282	0	280	282	281M
12054	8266	7.556E-86	1.00	7.567E-86	0	132	134	0	132	134	133M
12055	8265	2.270E-85	1.00	2.315E-85	0	129	131	0	129	131	130M
12056	8264	3.794E-245	1.00	3.977E-245	0	392	394	0	392	394	393M
12057	8263	2.217E-308	1.00	0.000E+00	0	564	566	0	564	566	565M
12058	5826	2.229E-16	1.00	2.237E-16	0	33	35	0	33	35	34M
12059	8288	5.671E-33	1.00	5.656E-33	0	55	57	0	55	57	56M
12060	8287	2.217E-308	1.00	0.000E+00	0	635	637	0	635	637	636M
12061	8286	1.368E-160	1.00	1.391E-160	0	235	237	0	235	237	236M
12062	8285	8.430E-51	1.00	8.066E-51	0	88	90	0	88	90	89M
12063	8284	1.342E-75	1.00	1.335E-75	0	117	119	0	117	119	118M
12064	8283	1.760E-64	1.00	1.740E-64	0	104	106	0	104	106	105M
12065	8282	4.582E-202	1.00	4.654E-202	0	309	311	0	309	311	310M
12066	8281	3.785E-43	1.00	3.771E-43	0	74	76	0	74	76	75M
12067	8280	2.217E-308	1.00	0.000E+00	0	499	501	0	499	501	500M
12068	8279	8.754E-259	1.00	8.557E-259	0	386	388	0	386	388	387M
12069	8278	1.492E-116	1.00	1.535E-116	0	192	194	0	192	194	193M
12070	8277	2.217E-308	1.00	0.000E+00	0	597	599	0	597	599	598M
12071	5348	3.504E-17	1.00	3.501E-17	0	34	36	0	34	36	35M
12072	5826	2.229E-16	1.00	2.237E-16	0	33	35	0	33	35	34M
12073	8314	6.974E-55	1.00	6.867E-55	0	84	86	0	84	86	85M
12074	8313	2.193E-149	1.00	2.114E-149	0	226	228	0	226	228	227M
12075	8312	1.228E-118	1.00	1.268E-118	0	184	186	0	184	186	185M
12076	8311	1.069E-103	1.00	1.090E-103	0	164	166	0	164	166	165M
12077	8310	1.502E-80	1.00	1.500E-80	0	123	125	0	123	125	124M
12078	8309	2.725E-117	1.00	2.836E-117	0	183	185	0	183	185	184M
12079	8308	2.217E-308	1.00	0.000E+00	0	755	757	0	755	757	756M
12080	8307	2.650E-261	1.00	2.558E-261	0	410	412	0	410	412	411M
12081	8306	1.126E-46	1.00	1.091E-46	0	82	84	0	82	84	83M
12082	8305	8.636E-99	1.00	8.363E-99	0	155	157	0	155	157	156M
12083	8304	2.352E-60	1.00	2.387E-60	0	92	94	0	92	94	93M
12085	8364	5.940E-109	1.00	5.684E-109	0	167	169	0	167	169	168M
12086	5826	2.229E-16	1.00	2.237E-16	0	33	35	0	33	35	34M
12087	8230	5.587E-240	1.00	5.351E-240	0	348	350	0	348	350	349M
12088	8229	1.135E-165	1.00	1.100E-165	0	260	262	0	260	262	261M
12089	8228	4.329E-64	1.00	4.491E-64	0	104	106	0	104	106	105M
12090	8227	1.760E-296	1.00	1.840E-296	0	438	440	0	438	440	439M
12091	8226	5.853E-258	1.00	5.938E-258	0	387	389	0	387	389	388M
12092	8225	3.971E-224	1.00	3.787E-224	0	340	342	0	340	342	341M
12093	8224	2.217E-308	1.00	0.000E+00	0	877	879	0	877	879	878M
12094	8223	6.069E-272	1.00	5.827E-272	0	425	427	0	425	427	426M
12096	5348	3.504E-17	1.00	3.501E-17	0	34	36	0	34	36	35M
12097	8300	2.217E-308	1.00	0.000E+00	0	872	874	0	872	874	873M
12098	8299	4.454E-191	1.00	4.497E-191	0	304	306	0	304	306	305M
12099	8298	9.938E-192	1.00	9.986E-192	0	272	274	0	272	274	273M
12100	8297	2.217E-308	1.00	0.000E+00	0	495	497	0	495	497	496M
12101	8296	2.816E-91	1.00	2.924E-91	0	142	144	0	142	144	143M
12102	8295	7.575E-87	1.00	7.857E-87	0	144	146	0	144	146	145M
12103	8294	3.723E-83	1.00	3.898E-83	0	124	126	0	124	126	125M
12104	8293	1.186E-182	1.00	1.138E-182	0	273	275	0	273	275	274M
12105	8292	1.465E-109	1.00	1.490E-109	0	172	174	0	172	174	173M
12106	8291	7.162E-220	1.00	6.993E-220	0	321	323	0	321	323	322M
12107	8290	1.220E-193	1.00	1.168E-193	0	298	300	0	298	300	299M
12108	8327	1.389E-38	1.00	1.392E-38	0	70	71	0	70	154	71M
12109	8326	2.217E-308	1.00	0.000E+00	0	802	804	0	802	804	803M
12110	8325	1.593E-64	1.00	1.657E-64	0	103	105	0	103	105	104M
12111	8324	1.925E-60	1.00	1.921E-60	0	94	96	0	94	96	95M
12112	8332	4.901E-112	1.00	4.849E-112	0	171	173	0	171	173	172M
12113	8331	2.159E-23	1.00	2.157E-23	0	46	48	0	46	48	47M
12114	8330	7.407E-117	1.00	7.429E-117	0	190	192	0	190	192	191M
12115	8329	1.394E-206	1.00	1.368E-206	0	315	317	0	315	317	316M
12116	8328	1.104E-77	1.00	1.086E-77	0	122	124	0	122	124	123M
12117	8327	1.342E-75	1.00	1.302E-75	0	123	125	29	152	154	124M
12118	8340	3.340E-41	1.00	3.336E-41	0	75	77	0	75	77	76M
12119	8341	8.379E-126	1.00	8.151E-126	0	194	196	0	194	196	195M
12120	8342	2.801E-89	1.00	2.687E-89	0	131	133	0	131	133	132M
12121	8343	9.845E-111	1.00	9.398E-111	0	167	169	0	167	169	168M
12122	8344	3.343E-80	1.00	3.185E-80	0	119	121	0	119	121	120M
12123	8345	4.551E-238	1.00	4.526E-238	0	363	364	0	363	364	364M
12124	8334	3.392E-47	1.00	3.241E-47	13	96	98	0	83	85	84M
12125	8335	1.419E-58	0.989	1.386E-58	0	91	93	0	91	93	92M
12126	8336	2.289E-38	1.00	2.283E-38	0	60	62	0	60	62	61M
12127	8337	3.077E-48	1.00	3.040E-48	0	80	82	0	80	82	81M
12128	8338	5.113E-51	1.00	5.163E-51	0	79	81	0	79	81	80M
12129	8339	3.368E-199	1.00	3.343E-199	0	288	290	0	288	290	289M
12130	8348	2.632E-181	1.00	2.540E-181	0	272	274	0	272	274	273M
12131	8347	4.780E-141	1.00	4.633E-141	0	212	214	0	212	214	213M
12132	8346	1.664E-81	1.00	1.603E-81	0	129	131	0	129	131	130M
12134	8351	6.854E-87	1.00	6.664E-87	0	134	136	0	134	136	135M
12135	8350	5.113E-51	1.00	4.964E-51	0	91	93	0	91	93	92M
12136	8349	9.212E-124	0.994	9.361E-124	0	182	183	0	182	322	183M
12137	8353	2.217E-308	1.00	0.000E+00	0	814	815	0	814	815	815M
12139	8355	4.663E-54	0.989	4.720E-54	0	91	93	0	91	93	92M
12140	8357	8.171E-271	1.00	8.349E-271	0	401	403	0	401	403	402M
12141	8358	1.351E-271	1.00	1.380E-271	0	431	432	0	431	432	432M
12142	8359	1.485E-269	1.00	1.555E-269	0	431	432	0	431	432	432M
12145	8360	2.884E-255	1.00	2.914E-255	0	379	380	0	379	380	380M
12146	8362	3.650E-114	1.00	3.591E-114	0	174	176	0	174	176	175M
12147	8361	5.091E-88	1.00	5.329E-88	0	135	136	0	135	136	136M
12148	8366	4.132E-162	0.995	3.941E-162	0	233	235	0	233	235	234M
12150	8363	1.768E-143	1.00	1.799E-143	0	229	230	0	229	335	230M
12155	5514	1.194E-30	0.424	1.192E-30	0	159	185	225	380	520	48M5I12M2D44M3I6M1I17M3D24M
12156	8374	2.428E-111	1.00	2.391E-111	0	179	180	0	179	180	180M
12157	8369	4.559E-84	0.977	4.374E-84	0	131	133	88	219	221	132M
12158	8376	1.073E-66	1.00	1.054E-66	0	100	118	0	100	101	101M
12161	7213	5.623E-22	0.326	5.633E-22	16	155	157	4	153	730	12M3D69M4D27M3D32M
12167	7404	7.091E-15	0.441	7.058E-15	10	77	78	263	326	349	6M4I58M
12170	8372	6.123E-82	0.992	6.346E-82	0	137	138	0	137	198	138M
12171	4740	1.187E-16	0.587	1.188E-16	1	78	79	2	77	117	55M4I6M2D13M
12172	4741	1.138E-19	0.679	1.142E-19	0	52	54	124	176	178	53M
12175	8388	2.258E-83	1.00	2.336E-83	0	134	135	0	134	135	135M
12178	7114	2.992E-41	0.557	2.988E-41	0	127	128	16	146	158	57M3D71M
12184	5663	9.691E-43	0.614	9.650E-43	0	121	122	897	1017	1391	61M1I60M
12189	8215	1.816E-76	1.00	1.819E-76	0	116	117	374	490	517	117M
12190	5046	2.726E-32	0.491	2.729E-32	0	115	116	138	255	444	102M2D14M
12191	5771	3.201E-13	0.358	3.216E-13	0	115	116	171	275	628	38M4I20M1I6M3I7M1I8M3I5M1D20M
12192	5794	1.397E-25	0.491	1.394E-25	0	112	115	117	232	366	39M2D29M2D2M1D26M2I15M
12195	7901	4.858E-08	0.241	4.838E-08	4	114	115	248	351	587	22M8I26M5D11M4I40M
12196	6549	7.194E-09	0.611	7.170E-09	0	35	36	0	35	422	36M
12198	4838	1.777E-29	0.666	1.773E-29	0	71	72	0	71	84	72M
12207	7989	4.826E-17	0.381	4.826E-17	0	107	109	310	419	492	35M1D56M1D17M
12208	7747	3.199E-63	0.953	3.298E-63	0	107	108	71	178	230	108M
12211	5667	3.831E-36	0.712	3.848E-36	0	100	102	0	100	232	101M
12218	8369	1.800E-34	0.953	1.802E-34	0	63	64	3	66	221	64M
12236	7885	5.235E-33	0.604	5.254E-33	0	93	94	131	226	376	46M2D48M
12241	8372	1.881E-51	1.00	1.962E-51	0	86	87	27	113	198	87M
12242	8363	2.068E-49	1.00	2.149E-49	0	85	86	220	305	335	86M
12243	8363	5.564E-45	0.975	5.475E-45	0	79	80	150	229	335	80M
12244	8470	8.344E-47	1.00	8.094E-47	0	77	78	0	77	78	78M
12245	8471	2.500E-45	1.00	2.503E-45	0	76	77	0	76	77	77M
12246	8472	8.301E-45	1.00	8.034E-45	0	74	75	0	74	75	75M
12247	8474	6.118E-43	1.00	6.113E-43	0	72	73	0	72	73	73M
12248	8476	4.419E-41	1.00	4.425E-41	0	69	70	0	69	70	70M
12249	8476	4.419E-41	1.00	4.425E-41	0	69	70	0	69	70	70M
12250	8363	3.727E-37	1.00	3.711E-37	0	66	67	194	260	335	67M
12251	7143	7.561E-36	1.00	7.578E-36	0	63	64	25	88	89	64M
12252	8475	1.629E-34	1.00	1.628E-34	0	61	62	10	71	72	62M
12253	8470	2.632E-34	1.00	2.633E-34	0	58	59	0	58	78	59M
12254	8477	3.670E-31	1.00	3.673E-31	0	57	58	9	66	67	58M
12255	8481	2.753E-32	1.00	2.761E-32	0	56	57	0	56	57	57M
12256	8483	2.491E-32	1.00	2.490E-32	0	54	55	0	54	55	55M
12257	8483	2.491E-32	1.00	2.490E-32	0	54	55	0	54	55	55M
12258	8485	2.491E-32	1.00	2.490E-32	0	54	55	0	54	55	55M
12259	8477	1.703E-28	1.00	1.701E-28	0	53	54	9	62	67	54M
12260	8488	6.960E-31	1.00	6.976E-31	0	51	52	0	51	52	52M
12261	8488	6.960E-31	1.00	6.976E-31	0	51	52	0	51	52	52M
12262	8483	1.703E-28	1.00	1.709E-28	0	47	48	0	47	55	48M
12263	8487	1.236E-24	1.00	1.237E-24	0	47	48	0	47	52	48M
12264	8490	3.230E-28	1.00	3.223E-28	0	47	48	0	47	48	48M
12265	8490	3.230E-28	1.00	3.223E-28	0	47	48	0	47	48	48M
12266	8363	5.309E-23	1.00	5.307E-23	0	46	47	188	234	335	47M
12267	8491	1.711E-26	1.00	1.704E-26	0	44	45	0	44	45	45M
12268	7295	1.379E-20	1.00	1.381E-20	0	43	44	274	317	2312	44M
 