0	8014	8.465E-41	0.829	8.455E-41	0	81	83	0	81	119	82M
1	8015	7.794E-98	0.986	7.467E-98	0	148	150	0	148	150	149M
2	8016	3.045E-160	0.991	3.158E-160	0	239	241	0	239	241	240M
3	8017	1.650E-155	0.991	1.623E-155	0	235	237	0	235	237	236M
4	8018	1.138E-166	0.985	1.185E-166	0	273	275	0	273	275	274M
5	8019	2.400E-184	0.996	2.510E-184	0	306	308	0	306	308	307M
6	8020	1.410E-249	0.994	1.398E-249	0	368	370	0	368	370	369M
7	5265	1.872E-26	0.238	1.864E-26	15	686	710	9	681	699	31M9I16M5D18M9D4M1I6M1I15M4D5M6I28M1D39M2I77M2D9M4D25M4D6M2D10M4D12M2I11M1I2M2I7M1I16M4D16M5D38M1I17M1I41M6I15M1D14M1D14M1I10M2I31M2I3M5I70M4I9M2D10M
8	6952	2.077E-128	1.00	1.996E-128	0	187	189	0	187	189	188M
9	6953	1.186E-182	0.981	1.138E-182	0	273	275	0	273	275	274M
10	6954	4.263E-58	1.00	4.357E-58	0	95	97	0	95	97	96M
11	6955	3.009E-78	0.991	3.144E-78	0	116	118	36	152	154	117M
12	6956	4.136E-85	1.00	4.327E-85	0	142	144	0	142	144	143M
13	6957	2.217E-308	1.00	0.000E+00	0	610	612	0	610	612	611M
14	6958	3.093E-282	1.00	3.030E-282	0	451	453	0	451	453	452M
15	6959	1.598E-220	0.964	1.557E-220	0	336	338	0	336	338	337M
16	6960	2.217E-308	0.997	0.000E+00	0	485	487	0	485	487	486M
17	6961	4.892E-266	0.992	4.903E-266	0	400	402	0	400	402	401M
18	6962	6.265E-29	1.00	6.235E-29	0	51	53	0	51	53	52M
19	6963	2.459E-232	0.997	2.501E-232	0	355	357	0	355	357	356M
20	6964	4.389E-108	0.988	4.357E-108	0	170	172	0	170	172	171M
21	6965	1.042E-248	0.997	1.005E-248	0	390	392	0	390	392	391M
22	6966	4.715E-97	0.986	4.507E-97	0	146	148	0	146	148	147M
23	6967	3.266E-71	0.991	3.125E-71	0	116	118	0	116	118	117M
24	6968	8.748E-104	0.993	9.007E-104	0	160	162	0	160	162	161M
25	6969	2.217E-308	0.998	0.000E+00	0	546	548	0	546	548	547M
26	6970	2.217E-308	1.00	0.000E+00	0	800	802	0	800	802	801M
27	6971	2.127E-292	0.997	2.152E-292	0	416	418	0	416	418	417M
28	6972	2.789E-242	1.00	2.879E-242	0	371	373	0	371	373	372M
29	6973	3.612E-226	1.00	3.635E-226	0	335	337	0	335	337	336M
30	6974	2.170E-261	0.995	2.201E-261	0	400	402	0	400	402	401M
31	6975	2.217E-308	0.991	0.000E+00	0	710	712	0	710	712	711M
32	6976	1.867E-48	1.00	1.874E-48	0	83	85	0	83	85	84M
33	6977	1.991E-189	0.975	2.087E-189	0	285	287	0	285	287	286M
34	6978	7.556E-86	0.949	7.367E-86	0	138	140	0	138	140	139M
35	6979	3.675E-194	0.989	3.759E-194	0	294	296	27	321	323	295M
37	6981	7.003E-134	1.00	6.970E-134	0	208	210	0	208	210	209M
38	6982	5.007E-275	1.00	4.826E-275	0	435	437	0	435	437	436M
39	6983	1.835E-80	0.986	1.752E-80	0	146	148	0	146	148	147M
40	6984	2.217E-308	0.997	0.000E+00	0	906	908	0	906	908	907M
41	6985	2.914E-143	1.00	2.980E-143	0	212	214	0	212	214	213M
42	6986	2.364E-178	0.996	2.417E-178	0	257	259	42	299	301	258M
43	6987	7.660E-130	0.984	7.517E-130	0	191	193	0	191	193	192M
44	6988	6.696E-194	0.997	6.988E-194	0	355	357	0	355	357	356M
45	6989	2.805E-283	0.988	2.820E-283	0	427	429	0	427	429	428M
46	6990	2.489E-198	1.00	2.470E-198	0	297	299	0	297	299	298M
47	6991	4.175E-166	1.00	4.130E-166	0	266	268	0	266	268	267M
48	6992	7.162E-220	0.988	7.015E-220	0	348	350	0	348	350	349M
49	6993	6.783E-199	0.993	6.901E-199	0	290	292	0	290	292	291M
50	6994	3.311E-231	0.984	3.396E-231	0	330	332	0	330	332	331M
51	6995	4.481E-116	0.994	4.674E-116	0	169	171	0	169	171	170M
52	6996	6.100E-274	1.00	6.022E-274	0	408	410	0	408	410	409M
53	6997	9.626E-141	0.958	9.723E-141	0	218	223	0	218	220	219M
54	6998	2.029E-235	0.573	1.930E-235	0	611	613	0	622	624	233M1I188M4D44M2D4M2D76M1D43M3D23M
55	6999	3.736E-123	0.989	3.885E-123	0	191	193	0	191	193	192M
56	7000	1.489E-154	0.974	1.547E-154	0	236	238	0	236	238	237M
57	7001	3.294E-113	0.988	3.429E-113	0	175	177	0	175	177	176M
58	7002	7.355E-269	1.00	7.361E-269	0	389	391	0	389	391	390M
59	7003	2.217E-308	0.993	0.000E+00	0	479	481	0	479	481	480M
60	7004	1.203E-149	1.00	1.180E-149	0	227	229	0	227	229	228M
61	7005	2.217E-308	0.994	0.000E+00	34	551	553	0	517	519	518M
62	7006	4.072E-79	0.992	3.889E-79	0	125	127	0	125	127	126M
63	7007	2.217E-308	0.995	0.000E+00	0	599	601	0	599	601	600M
64	7008	2.217E-308	0.996	0.000E+00	0	592	594	0	592	594	593M
65	7011	4.300E-100	0.993	4.312E-100	0	159	161	0	159	161	160M
66	7012	2.502E-84	0.992	2.503E-84	0	126	128	0	126	128	127M
67	7013	1.435E-101	0.993	1.414E-101	0	146	149	0	146	149	147M
68	7014	2.217E-308	0.989	0.000E+00	0	486	488	0	486	488	487M
69	7015	2.217E-308	0.963	0.000E+00	0	690	692	0	684	686	276M3I17M3I392M
70	7016	3.117E-169	0.984	2.987E-169	0	253	255	0	253	255	254M
71	7017	2.217E-308	0.998	0.000E+00	0	591	593	0	591	593	592M
72	7019	1.683E-39	0.971	1.676E-39	0	70	73	0	70	73	71M
73	7023	2.011E-11	0.233	2.011E-11	0	360	365	0	336	345	37M2D13M1I4M4I36M2D7M10I17M23I16M3I8M1I5M16D37M2I84M5I19M5D29M
79	5589	5.056E-124	0.990	5.243E-124	0	202	204	0	202	204	203M
80	5590	2.305E-207	0.996	2.268E-207	0	317	319	0	317	319	318M
81	5591	1.622E-71	1.00	1.543E-71	0	108	110	0	108	110	109M
82	5592	5.407E-266	1.00	5.383E-266	0	402	404	0	402	404	403M
83	5593	2.217E-308	0.997	0.000E+00	0	696	698	0	696	698	697M
84	5594	2.095E-54	1.00	2.163E-54	0	88	90	0	88	90	89M
85	5595	1.177E-295	0.993	1.204E-295	0	431	433	0	431	433	432M
86	5596	2.217E-308	0.976	0.000E+00	0	586	588	0	586	588	587M
87	5597	2.217E-308	0.992	0.000E+00	0	1231	1233	0	1231	1233	1232M
88	5598	2.217E-308	0.991	0.000E+00	0	1210	1212	0	1210	1212	1211M
89	5599	5.940E-109	1.00	5.684E-109	0	167	169	0	167	169	168M
90	5600	1.868E-319	0.995	1.839E-319	0	471	473	0	471	473	472M
91	5601	8.130E-153	1.00	8.487E-153	0	234	236	0	234	236	235M
92	5602	6.925E-207	0.996	6.951E-207	0	314	316	0	314	316	315M
93	5603	1.182E-142	1.00	1.176E-142	0	221	223	0	221	223	222M
94	5604	2.217E-308	1.00	0.000E+00	0	538	540	0	538	540	539M
95	5605	1.054E-291	0.970	1.030E-291	0	436	438	0	436	438	437M
96	5606	9.461E-173	1.00	9.478E-173	0	256	258	0	256	258	257M
97	5607	2.217E-308	1.00	0.000E+00	0	499	501	0	499	501	500M
98	5608	2.177E-301	0.991	2.260E-301	0	459	461	0	459	461	460M
99	5609	2.217E-308	0.998	0.000E+00	0	944	946	0	944	946	945M
100	5610	8.832E-69	0.991	8.554E-69	0	121	123	0	121	123	122M
101	5611	2.217E-308	0.998	0.000E+00	0	602	604	0	602	604	603M
102	5612	2.440E-113	0.994	2.385E-113	0	174	176	0	174	176	175M
103	5613	4.627E-51	0.989	4.727E-51	0	90	92	0	90	92	91M
104	5614	5.497E-79	0.992	5.717E-79	0	133	135	0	133	135	134M
105	5615	1.009E-81	0.992	9.847E-82	0	132	134	0	132	134	133M
106	5616	2.217E-308	1.00	0.000E+00	0	898	900	0	898	900	899M
107	5617	1.655E-311	0.997	1.707E-311	0	493	495	0	493	495	494M
108	5618	3.622E-111	1.00	3.543E-111	0	173	175	0	173	175	174M
109	5619	1.046E-56	0.981	1.028E-56	0	108	110	0	108	110	109M
110	5620	4.650E-169	0.996	4.785E-169	0	263	265	0	263	265	264M
111	5621	2.217E-308	0.996	0.000E+00	0	569	571	0	569	571	570M
112	5622	1.425E-253	1.00	1.398E-253	0	407	409	0	407	409	408M
113	5623	3.978E-186	0.979	4.028E-186	0	285	287	0	285	287	286M
114	5624	3.398E-125	1.00	3.319E-125	0	197	199	0	197	199	198M
115	5625	1.490E-193	0.993	1.476E-193	0	303	305	0	303	305	304M
116	5626	2.493E-160	1.00	2.571E-160	0	248	250	0	248	250	249M
117	5627	3.600E-70	1.00	3.464E-70	0	107	109	0	107	109	108M
118	5628	2.382E-297	0.986	2.415E-297	0	435	437	0	435	437	436M
119	5629	2.217E-308	0.998	0.000E+00	0	554	556	0	554	556	555M
120	5630	2.796E-127	1.00	2.820E-127	0	183	185	0	183	185	184M
121	5631	1.151E-93	1.00	1.150E-93	0	145	147	0	145	147	146M
122	5632	2.801E-205	1.00	2.746E-205	0	332	334	0	332	334	333M
123	5633	8.659E-42	1.00	8.637E-42	0	67	69	0	67	69	68M
124	5634	2.217E-308	0.998	0.000E+00	0	698	700	0	698	700	699M
125	5635	1.540E-167	1.00	1.513E-167	0	256	258	0	256	258	257M
126	5636	4.259E-135	0.980	4.204E-135	0	202	204	0	202	204	203M
127	5637	1.797E-188	0.989	1.726E-188	0	283	285	0	283	285	284M
128	5638	2.243E-119	1.00	2.239E-119	0	194	196	0	194	196	195M
129	5639	1.441E-180	0.984	1.509E-180	0	263	265	0	263	265	264M
130	5640	2.217E-308	0.998	0.000E+00	0	601	603	0	601	603	602M
131	5641	3.177E-99	0.880	3.253E-99	0	175	177	0	175	177	176M
132	5644	3.448E-208	1.00	3.330E-208	0	303	305	0	303	305	304M
134	5645	2.217E-308	1.00	0.000E+00	0	716	718	0	716	718	717M
135	5646	3.495E-252	1.00	3.640E-252	0	389	391	0	389	391	390M
136	5647	1.586E-101	0.993	1.546E-101	0	162	164	0	162	164	163M
137	5648	3.348E-158	0.987	3.255E-158	0	237	239	0	237	239	238M
138	5649	2.498E-122	0.978	2.534E-122	0	184	186	0	184	186	185M
139	5650	1.522E-85	1.00	1.567E-85	0	134	136	0	134	136	135M
140	5651	3.681E-156	0.992	3.793E-156	0	251	253	0	251	253	252M
141	5652	4.462E-153	1.00	4.309E-153	0	233	235	0	233	235	234M
142	5653	2.411E-263	1.00	2.457E-263	0	378	380	0	378	380	379M
143	5654	5.012E-198	0.970	5.098E-198	0	299	301	0	299	301	300M
144	5655	2.217E-308	1.00	0.000E+00	0	638	640	0	638	640	639M
145	5656	2.206E-74	1.00	2.292E-74	0	117	119	0	117	119	118M
146	5657	2.208E-113	0.919	2.140E-113	0	185	187	10	192	194	164M3I19M
147	5385	2.962E-188	1.00	2.907E-188	0	274	276	0	274	276	275M
148	5386	2.041E-160	1.00	1.966E-160	0	249	251	0	249	251	250M
149	5387	4.262E-174	0.996	4.124E-174	0	290	292	0	290	292	291M
150	5388	1.181E-103	0.975	1.235E-103	0	160	162	0	160	162	161M
151	5389	1.460E-185	0.996	1.518E-185	0	273	275	0	273	275	274M
152	5390	6.537E-146	0.983	6.870E-146	0	237	239	0	237	239	238M
153	5391	1.304E-64	1.00	1.268E-64	0	104	106	0	104	106	105M
154	5392	7.714E-94	1.00	7.410E-94	0	149	151	0	149	151	150M
155	5393	8.422E-128	1.00	8.416E-128	0	204	206	0	204	206	205M
156	5394	2.950E-225	1.00	2.867E-225	0	332	334	0	332	334	333M
157	5395	3.450E-247	1.00	3.617E-247	0	379	381	0	379	381	380M
158	5396	1.170E-138	1.00	1.138E-138	0	215	217	0	215	217	216M
159	5397	1.076E-183	1.00	1.037E-183	0	269	271	0	269	271	270M
160	5398	2.285E-165	1.00	2.347E-165	0	256	258	0	256	258	257M
161	5399	2.048E-200	1.00	2.141E-200	0	310	312	0	310	312	311M
162	5400	5.588E-124	0.971	5.316E-124	0	209	211	0	209	211	210M
163	5401	3.280E-150	0.995	3.342E-150	0	227	229	0	227	229	228M
164	5402	6.320E-249	0.951	6.561E-249	0	408	410	0	408	410	409M
165	5404	1.852E-277	1.00	1.769E-277	0	416	418	0	416	418	417M
166	5405	1.783E-301	0.997	1.778E-301	0	481	483	0	481	483	482M
167	5406	2.217E-308	0.993	0.000E+00	0	1058	1060	0	1058	1060	1059M
168	5407	3.853E-251	0.995	3.697E-251	0	405	407	0	405	407	406M
169	5409	1.484E-230	1.00	1.537E-230	0	342	344	0	342	344	343M
170	5410	4.208E-169	1.00	4.155E-169	0	260	262	0	260	262	261M
171	5411	2.362E-139	0.991	2.309E-139	0	228	230	0	228	230	229M
172	5412	3.653E-153	0.991	3.622E-153	0	236	238	0	236	238	237M
173	5413	2.777E-163	0.992	2.784E-163	0	257	259	0	257	259	258M
174	5414	2.364E-62	1.00	2.421E-62	0	108	110	0	108	110	109M
175	5415	1.040E-54	0.942	1.041E-54	0	86	88	0	86	88	87M
176	5416	1.475E-305	0.989	1.476E-305	0	455	457	0	455	457	456M
177	5417	2.217E-308	0.987	0.000E+00	0	485	487	0	486	488	148M1D338M
178	5418	1.383E-164	0.854	1.430E-164	0	288	290	0	288	290	289M
179	5419	7.746E-173	1.00	7.600E-173	0	258	260	0	258	260	259M
180	5420	3.037E-159	0.983	3.156E-159	0	241	243	0	241	243	242M
181	5421	1.736E-252	0.992	1.767E-252	0	421	423	0	421	423	422M
182	5422	2.217E-308	0.991	0.000E+00	0	584	586	0	584	586	585M
183	5423	1.460E-69	1.00	1.525E-69	0	118	120	0	118	120	119M
184	5424	7.150E-142	0.995	7.097E-142	0	219	221	0	219	221	220M
185	5425	3.125E-286	0.995	3.270E-286	0	451	453	0	451	453	452M
186	5426	2.019E-32	1.00	2.011E-32	0	55	57	0	55	57	56M
187	5427	4.606E-204	0.989	4.611E-204	0	298	300	0	298	300	299M
188	5428	8.081E-112	1.00	8.182E-112	0	182	184	0	182	184	183M
189	5429	2.217E-308	0.998	0.000E+00	0	797	799	0	797	799	798M
190	5430	2.275E-202	1.00	2.332E-202	0	301	303	0	301	303	302M
191	5431	2.111E-57	1.00	2.161E-57	0	89	91	0	89	91	90M
192	5432	1.325E-225	0.997	1.344E-225	0	336	338	0	336	338	337M
193	5433	5.635E-282	1.00	5.689E-282	0	451	453	0	451	453	452M
194	5434	2.616E-256	1.00	2.573E-256	0	380	382	0	380	382	381M
195	5435	3.840E-211	0.984	3.788E-211	0	313	315	0	313	315	314M
196	5436	6.806E-239	1.00	6.598E-239	0	368	370	0	368	370	369M
197	5437	2.217E-308	0.997	0.000E+00	8	755	757	0	747	749	748M
198	5438	1.854E-84	1.00	1.825E-84	0	126	128	0	126	128	127M
199	5439	2.793E-320	0.979	2.840E-320	0	485	487	0	485	487	486M
200	5440	1.416E-212	0.990	1.427E-212	0	317	319	0	317	319	318M
201	5441	5.899E-145	0.995	5.867E-145	0	209	211	0	209	211	210M
202	5442	2.777E-163	0.972	2.656E-163	0	256	258	0	256	258	257M
203	5443	5.675E-130	0.980	5.950E-130	0	206	208	0	206	208	207M
204	5444	4.175E-166	1.00	4.273E-166	0	260	262	0	260	262	261M
205	5445	6.657E-37	0.984	6.648E-37	0	64	66	0	64	66	65M
206	5446	1.217E-76	1.00	1.233E-76	0	120	122	0	120	122	121M
207	5447	1.456E-184	1.00	1.418E-184	0	287	289	0	287	289	288M
208	5448	9.293E-50	1.00	9.360E-50	0	80	82	0	80	82	81M
209	5900	3.283E-73	1.00	3.155E-73	0	106	108	0	106	108	107M
210	5901	1.016E-161	0.995	9.678E-162	0	232	234	0	232	234	233M
211	5902	1.974E-147	0.995	1.891E-147	0	221	223	0	221	223	222M
212	5903	5.935E-186	1.00	5.706E-186	0	279	281	0	279	281	280M
213	5904	1.067E-141	0.995	1.117E-141	0	202	204	0	202	204	203M
214	5905	3.794E-129	1.00	3.705E-129	0	198	200	0	198	200	199M
215	5906	9.668E-104	1.00	9.448E-104	0	161	163	234	395	397	162M
216	5906	5.122E-129	1.00	4.997E-129	0	211	213	0	211	397	212M
217	5907	2.217E-308	1.00	0.000E+00	0	712	714	0	712	714	713M
218	5908	2.954E-303	1.00	2.853E-303	0	487	489	0	487	489	488M
219	5909	8.257E-159	1.00	7.868E-159	0	247	249	0	247	249	248M
220	5910	5.940E-109	1.00	5.884E-109	0	181	183	0	181	183	182M
221	5911	8.165E-116	0.994	8.293E-116	0	181	183	0	181	183	182M
222	5912	1.640E-114	0.994	1.686E-114	0	178	180	0	178	180	179M
223	5913	3.136E-210	1.00	3.068E-210	0	324	326	0	324	326	325M
224	5914	5.435E-323	0.991	5.435E-323	0	472	474	0	472	474	473M
227	8061	1.578E-99	0.794	1.524E-99	0	179	181	0	179	182	180M
255	6215	4.479E-23	0.330	4.493E-23	22	204	222	20	222	230	19M1D23M12D16M4D21M1D63M2D41M
260	6136	5.896E-21	0.590	5.902E-21	0	60	71	6	66	76	61M
270	7087	6.800E-316	0.868	6.526E-316	0	532	534	0	532	534	533M
271	7088	1.179E-141	0.982	1.175E-141	0	223	225	0	223	225	224M
272	7089	2.068E-281	0.954	2.082E-281	2	444	447	0	442	445	443M
273	7090	6.403E-138	0.944	6.324E-138	0	198	200	0	198	200	199M
274	7091	4.804E-259	0.997	4.831E-259	0	394	396	0	394	396	395M
275	7092	9.760E-185	0.986	9.996E-185	0	293	295	0	293	295	294M
276	7093	7.867E-179	0.976	7.761E-179	0	300	302	0	300	302	301M
277	7094	7.970E-184	0.917	7.643E-184	0	337	339	0	337	339	338M
278	7095	3.784E-128	0.979	3.644E-128	0	193	195	0	193	195	194M
279	7096	2.217E-308	0.996	0.000E+00	0	958	960	0	958	960	959M
280	7097	1.587E-140	0.986	1.535E-140	0	224	226	0	224	226	225M
281	7098	5.621E-165	0.985	5.389E-165	0	267	269	0	267	269	268M
282	7099	7.034E-97	0.979	7.333E-97	0	143	145	0	143	145	144M
283	7100	1.133E-87	0.972	1.127E-87	0	143	145	0	143	145	144M
284	7101	1.452E-67	0.982	1.509E-67	0	115	117	0	114	116	105M1I10M
285	7102	2.463E-310	1.00	2.506E-310	0	483	485	0	483	485	484M
286	7103	2.217E-308	1.00	0.000E+00	0	1057	1059	0	1057	1059	1058M
287	7104	5.228E-253	1.00	5.208E-253	0	415	417	0	415	417	416M
288	7105	4.780E-141	0.990	5.007E-141	0	207	209	0	207	209	208M
289	7106	2.217E-308	0.998	0.000E+00	0	685	687	0	685	687	686M
290	7107	4.233E-210	0.996	4.204E-210	0	324	326	0	324	326	325M
291	7108	1.940E-63	1.00	1.978E-63	0	102	104	0	102	104	103M
292	7109	1.032E-51	1.00	9.920E-52	0	84	86	0	84	86	85M
293	7110	2.658E-146	1.00	2.631E-146	0	230	232	0	230	232	231M
294	7111	6.973E-171	1.00	7.230E-171	0	261	263	0	261	263	262M
295	7112	9.195E-278	0.995	9.092E-278	0	422	424	0	422	424	423M
296	7113	2.659E-301	0.989	2.694E-301	0	456	458	0	456	458	457M
297	7114	8.794E-106	1.00	8.958E-106	0	156	158	0	156	158	157M
298	7115	3.999E-72	0.896	3.853E-72	0	125	127	0	125	127	126M
299	7116	3.726E-122	0.994	3.643E-122	0	185	187	0	185	187	186M
300	7117	3.957E-300	0.997	4.032E-300	0	460	462	5	465	467	461M
301	7118	2.386E-259	1.00	2.456E-259	0	393	395	0	393	395	394M
302	7119	1.615E-108	1.00	1.640E-108	0	176	178	0	176	178	177M
303	7120	1.320E-146	0.990	1.357E-146	0	216	218	0	216	218	217M
304	7121	5.247E-61	1.00	5.422E-61	0	94	96	0	94	96	95M
305	7122	2.217E-308	1.00	0.000E+00	0	627	629	0	627	629	628M
306	7123	7.121E-36	1.00	7.107E-36	0	67	69	0	67	69	68M
307	7124	1.102E-115	1.00	1.064E-115	0	173	175	0	173	175	174M
308	7126	7.713E-210	1.00	7.338E-210	0	309	311	0	309	311	310M
309	7127	1.606E-106	0.993	1.634E-106	0	160	162	0	160	162	161M
310	7128	1.408E-287	1.00	1.342E-287	0	423	425	0	423	425	424M
311	7129	1.634E-74	0.992	1.585E-74	0	129	131	0	129	131	130M
312	7130	5.483E-78	1.00	5.238E-78	0	120	122	0	120	122	121M
313	7131	2.217E-308	1.00	0.000E+00	0	610	612	0	610	612	611M
314	7132	1.528E-164	1.00	1.485E-164	0	235	237	0	235	237	236M
315	7133	2.217E-308	1.00	0.000E+00	0	945	947	0	945	947	946M
316	7134	2.840E-249	1.00	2.878E-249	0	397	399	0	397	399	398M
317	7135	3.377E-316	1.00	3.254E-316	0	476	478	0	476	478	477M
318	7136	1.029E-243	0.997	1.009E-243	0	387	389	0	387	389	388M
319	7137	2.947E-186	1.00	2.804E-186	0	285	286	0	285	297	286M
320	7972	5.287E-296	0.604	5.235E-296	1	766	768	0	742	744	260M8I145M6I35M1I35M16I9M2D39M1D15M3I80M13D5M5I104M
321	7971	1.212E-113	0.722	1.160E-113	0	226	228	0	226	228	227M
322	7970	2.217E-308	1.00	0.000E+00	0	564	566	0	564	566	565M
323	7969	1.477E-267	1.00	1.425E-267	0	385	387	0	385	387	386M
324	7968	3.804E-130	1.00	3.703E-130	0	196	198	0	196	198	197M
325	7967	5.431E-113	0.994	5.687E-113	0	179	181	0	179	181	180M
326	7966	5.242E-138	0.985	5.167E-138	0	207	209	0	207	209	208M
327	7965	1.076E-183	0.986	1.081E-183	0	287	292	0	287	292	288M
328	7964	1.535E-38	1.00	1.539E-38	0	71	73	0	71	73	72M
329	7963	5.554E-83	0.986	5.425E-83	0	144	146	0	144	146	145M
330	7962	2.244E-158	1.00	2.152E-158	0	255	257	0	255	257	256M
331	7961	2.217E-308	0.997	0.000E+00	0	725	727	0	725	727	726M
332	7960	2.217E-308	0.920	0.000E+00	0	729	731	0	776	778	310M47D420M
333	7959	1.920E-175	0.992	1.902E-175	0	258	260	0	258	260	259M
334	7958	6.106E-197	0.996	5.967E-197	0	271	273	0	271	273	272M
335	7957	2.702E-75	1.00	2.636E-75	0	118	120	0	118	120	119M
336	7956	2.432E-73	0.966	2.419E-73	0	119	122	0	119	121	120M
337	7955	1.362E-197	0.996	1.315E-197	0	279	281	0	279	281	280M
338	7954	5.987E-112	0.994	5.759E-112	0	168	170	0	168	170	169M
339	7953	3.735E-239	0.997	3.894E-239	0	350	352	0	350	352	351M
340	7952	4.991E-119	1.00	5.215E-119	0	172	174	0	172	174	173M
341	7951	1.107E-78	1.00	1.075E-78	0	133	135	0	133	135	134M
342	7950	1.125E-123	1.00	1.135E-123	0	205	207	0	205	207	206M
343	7949	5.407E-150	1.00	5.245E-150	0	250	252	0	250	252	251M
344	7948	3.646E-191	1.00	3.634E-191	0	286	288	0	286	288	287M
345	7947	8.985E-153	1.00	9.183E-153	0	229	231	0	229	231	230M
346	7946	2.217E-308	0.997	0.000E+00	0	481	483	0	481	483	482M
347	7945	8.344E-47	1.00	8.508E-47	0	77	79	0	77	79	78M
348	7944	2.101E-28	1.00	2.106E-28	0	50	52	0	50	52	51M
349	7943	2.217E-308	0.996	0.000E+00	0	568	570	0	568	570	569M
350	7942	4.208E-53	0.989	4.319E-53	0	91	93	0	91	93	92M
351	7941	6.548E-108	1.00	6.766E-108	0	166	168	0	166	168	167M
352	7940	6.235E-31	0.963	6.249E-31	0	54	56	0	54	56	55M
353	7939	6.831E-47	1.00	6.517E-47	0	78	80	0	78	80	79M
354	7938	2.217E-308	0.995	0.000E+00	0	658	660	0	658	660	659M
355	7937	1.218E-115	1.00	1.212E-115	0	189	191	0	189	191	190M
356	7936	5.694E-170	0.988	5.618E-170	0	251	253	0	251	253	252M
357	7935	2.217E-308	0.998	0.000E+00	0	877	879	0	877	879	878M
358	7934	1.409E-94	1.00	1.457E-94	0	148	150	0	148	150	149M
359	7933	3.714E-82	1.00	3.556E-82	0	124	126	0	124	126	125M
360	7668	2.622E-17	0.250	2.625E-17	0	332	337	0	323	329	11M3I45M1D29M3I46M3I7M1I61M2D18M1I13M3D7M1D15M6I18M4D19M3I24M
361	5521	5.607E-48	1.00	5.725E-48	0	80	82	0	80	82	81M
362	5522	2.217E-308	0.993	0.000E+00	0	635	637	0	635	637	636M
363	5523	3.775E-127	0.985	3.762E-127	0	209	211	0	209	211	210M
364	5524	7.854E-217	0.983	8.031E-217	0	310	312	0	310	312	311M
365	5525	1.134E-242	0.991	1.158E-242	0	365	367	0	365	367	366M
366	5526	1.075E-260	0.997	1.055E-260	0	427	429	0	427	429	428M
367	5527	2.082E-245	0.994	2.149E-245	0	372	374	0	372	374	373M
368	5528	2.583E-251	1.00	2.676E-251	0	371	373	0	371	373	372M
369	5529	1.624E-265	0.973	1.616E-265	0	453	455	0	453	455	454M
370	5530	4.539E-237	0.950	4.396E-237	0	418	420	0	419	421	343M1D76M
371	5531	3.466E-210	0.980	3.606E-210	0	314	316	0	314	316	315M
372	5532	3.563E-182	0.992	3.600E-182	0	264	266	0	264	266	265M
373	5533	7.935E-221	1.00	7.910E-221	0	335	337	0	335	337	336M
374	5534	1.512E-44	1.00	1.439E-44	0	72	74	0	72	74	73M
376	5474	7.099E-294	0.995	6.950E-294	0	464	466	0	464	466	465M
377	5473	2.217E-308	0.986	0.000E+00	0	521	523	0	521	523	522M
378	5472	9.037E-310	0.986	9.295E-310	0	457	459	0	457	459	458M
379	5471	1.878E-205	1.00	1.908E-205	0	304	306	0	304	306	305M
380	5470	1.576E-176	0.943	1.625E-176	0	266	268	0	266	268	267M
381	5469	2.217E-308	1.00	0.000E+00	0	501	503	0	501	503	502M
382	5468	8.242E-197	1.00	8.577E-197	0	292	294	0	292	294	293M
383	5467	1.403E-247	0.983	1.437E-247	0	366	368	0	366	368	367M
384	5466	2.628E-219	0.997	2.533E-219	0	335	337	0	335	337	336M
385	5465	2.768E-38	1.00	2.758E-38	0	70	72	0	70	72	71M
386	5464	3.369E-83	1.00	3.328E-83	0	147	149	0	147	149	148M
387	5463	2.438E-306	0.993	2.410E-306	0	477	479	0	477	479	478M
388	5462	3.128E-209	0.996	3.166E-209	0	320	322	0	320	322	321M
389	5461	3.884E-138	0.967	4.017E-138	0	215	217	0	215	217	216M
390	5460	2.217E-308	0.998	0.000E+00	0	628	630	0	628	630	629M
391	5459	2.217E-308	0.998	0.000E+00	0	512	514	0	512	514	513M
392	5458	4.528E-120	0.989	4.625E-120	0	194	196	0	194	196	195M
393	5457	3.210E-219	1.00	3.161E-219	0	333	335	0	333	335	334M
394	5456	2.323E-94	0.993	2.349E-94	0	158	160	0	158	160	159M
395	5455	1.031E-244	0.984	1.003E-244	0	378	380	0	378	380	379M
396	5454	2.347E-98	0.993	2.326E-98	0	150	152	0	150	152	151M
397	5453	9.997E-233	1.00	1.018E-232	0	356	358	0	356	358	357M
398	5452	9.189E-123	0.994	9.545E-123	0	190	192	0	190	192	191M
399	5451	2.001E-75	0.992	1.966E-75	0	125	127	0	125	127	126M
400	5450	2.126E-253	1.00	2.112E-253	0	382	384	0	382	384	383M
401	5449	4.409E-44	1.00	4.390E-44	0	69	71	0	69	71	70M
402	5449	4.409E-44	1.00	4.390E-44	0	69	71	0	69	71	70M
403	5450	2.126E-253	1.00	2.112E-253	0	382	384	0	382	384	383M
404	5451	2.001E-75	0.992	1.966E-75	0	125	127	0	125	127	126M
405	5452	9.189E-123	0.994	9.545E-123	0	190	192	0	190	192	191M
406	5453	9.997E-233	1.00	1.018E-232	0	356	358	0	356	358	357M
407	5454	2.347E-98	0.993	2.326E-98	0	150	152	0	150	152	151M
408	5455	1.031E-244	0.984	1.003E-244	0	378	380	0	378	380	379M
409	5456	2.323E-94	0.993	2.349E-94	0	158	160	0	158	160	159M
410	5457	3.210E-219	1.00	3.161E-219	0	333	335	0	333	335	334M
411	5458	4.528E-120	0.989	4.625E-120	0	194	196	0	194	196	195M
412	5459	2.217E-308	0.998	0.000E+00	0	512	514	0	512	514	513M
413	5460	2.217E-308	0.998	0.000E+00	0	628	630	0	628	630	629M
414	5461	3.884E-138	0.967	4.017E-138	0	215	217	0	215	217	216M
415	5462	3.128E-209	0.996	3.166E-209	0	320	322	0	320	322	321M
416	5463	2.438E-306	0.993	2.410E-306	0	477	479	0	477	479	478M
417	5464	3.369E-83	1.00	3.328E-83	0	147	149	0	147	149	148M
418	5465	2.768E-38	1.00	2.758E-38	0	70	72	0	70	72	71M
419	5466	2.628E-219	0.997	2.533E-219	0	335	337	0	335	337	336M
420	5467	1.403E-247	0.983	1.437E-247	0	366	368	0	366	368	367M
421	5468	8.242E-197	1.00	8.577E-197	0	292	294	0	292	294	293M
422	5469	2.217E-308	1.00	0.000E+00	0	501	503	0	501	503	502M
423	5470	1.576E-176	0.943	1.625E-176	0	266	268	0	266	268	267M
424	5471	1.878E-205	1.00	1.908E-205	0	304	306	0	304	306	305M
425	5472	9.037E-310	0.986	9.295E-310	0	457	459	0	457	459	458M
426	5473	2.217E-308	0.986	0.000E+00	0	521	523	0	521	523	522M
427	5474	7.099E-294	0.995	6.950E-294	0	464	466	0	464	466	465M
430	7805	1.948E-258	0.994	1.870E-258	0	396	398	0	396	398	397M
431	7804	7.687E-170	0.992	7.755E-170	0	278	280	0	278	280	279M
432	7803	3.117E-169	0.992	3.132E-169	0	254	256	0	254	256	255M
433	7802	1.017E-200	0.996	1.038E-200	0	308	310	0	308	310	309M
434	7801	1.838E-158	1.00	1.844E-158	0	245	247	0	245	247	246M
435	7800	1.879E-244	0.997	1.883E-244	0	378	380	0	378	380	379M
436	7799	5.355E-301	1.00	5.551E-301	0	458	460	0	458	460	459M
437	7798	1.412E-56	1.00	1.372E-56	0	88	90	0	88	90	89M
438	7797	1.347E-154	0.995	1.300E-154	0	239	241	15	254	256	240M
439	7796	2.512E-279	0.988	2.574E-279	0	447	449	0	447	449	448M
440	7795	3.581E-184	0.983	3.567E-184	0	300	302	0	300	302	301M
441	7794	4.539E-121	0.989	4.624E-121	0	192	194	0	192	194	193M
442	7793	1.461E-224	0.974	1.438E-224	0	353	355	0	353	355	354M
443	7792	2.217E-308	1.00	0.000E+00	0	624	626	0	624	626	625M
444	7791	7.780E-136	0.990	8.034E-136	0	207	209	0	207	209	208M
445	7790	6.559E-186	0.996	6.687E-186	0	269	271	0	269	271	270M
446	7789	2.434E-112	1.00	2.505E-112	0	177	179	0	177	179	178M
447	7788	1.145E-207	0.987	1.137E-207	0	309	311	0	309	311	310M
448	7787	5.351E-262	1.00	5.427E-262	0	397	399	0	397	399	398M
449	7786	4.686E-288	0.993	4.524E-288	0	447	449	0	447	449	448M
450	7785	6.938E-53	0.975	7.149E-53	0	82	84	0	82	84	83M
451	7784	2.217E-308	1.00	0.000E+00	0	616	618	0	616	618	617M
452	7783	5.207E-58	1.00	5.047E-58	0	98	100	0	98	100	99M
453	7782	4.157E-203	0.993	4.247E-203	0	305	307	0	305	307	306M
454	7781	1.593E-180	0.992	1.533E-180	0	270	272	0	270	272	271M
455	7780	1.235E-275	1.00	1.191E-275	0	432	434	0	432	434	433M
456	7779	5.161E-248	1.00	5.213E-248	0	378	380	0	378	380	379M
457	7778	2.823E-208	0.997	2.941E-208	0	334	336	0	334	336	335M
458	7777	8.510E-132	1.00	8.688E-132	0	210	212	0	210	212	211M
459	7776	2.217E-308	0.992	0.000E+00	0	521	523	0	521	523	522M
460	7775	7.342E-307	0.983	7.428E-307	0	472	474	0	472	474	473M
461	7774	3.883E-254	0.987	3.887E-254	0	393	395	0	393	395	394M
462	7773	2.217E-308	0.990	0.000E+00	0	514	516	0	514	516	515M
463	7772	1.484E-230	1.00	1.503E-230	0	355	357	0	355	357	356M
464	7771	8.122E-230	1.00	8.447E-230	0	365	367	0	365	367	366M
465	7770	6.782E-315	1.00	6.991E-315	0	481	483	0	481	483	482M
466	7769	2.293E-89	1.00	2.266E-89	0	134	136	0	134	136	135M
467	7768	2.768E-123	0.990	2.697E-123	0	210	212	0	210	212	211M
468	7767	1.847E-44	1.00	1.878E-44	0	71	73	0	71	73	72M
469	7766	1.599E-143	1.00	1.538E-143	0	218	220	0	218	220	219M
470	7765	1.073E-298	1.00	1.070E-298	0	429	431	0	429	431	430M
471	7764	7.425E-234	0.991	7.199E-234	0	360	362	0	360	362	361M
472	7763	1.907E-95	1.00	1.846E-95	0	151	153	0	151	153	152M
473	7762	3.125E-286	0.997	3.176E-286	0	464	466	0	464	466	465M
474	7761	8.809E-68	1.00	9.064E-68	0	111	113	0	111	113	112M
475	7760	3.381E-38	1.00	3.367E-38	0	74	76	0	74	76	75M
476	7759	1.331E-188	0.996	1.320E-188	0	284	286	0	284	286	285M
477	8277	2.217E-308	1.00	0.000E+00	0	597	599	0	597	599	598M
478	6729	7.504E-122	0.994	7.532E-122	0	187	189	0	187	189	188M
479	6730	2.929E-261	0.989	2.946E-261	0	386	388	0	386	388	387M
480	6731	7.542E-124	0.974	7.419E-124	0	195	198	0	195	198	196M
481	6732	7.615E-89	1.00	7.452E-89	0	126	128	0	126	128	127M
482	6733	1.152E-248	0.997	1.210E-248	0	394	396	0	394	396	395M
483	6734	1.146E-41	1.00	1.146E-41	0	79	81	0	79	81	80M
484	6735	1.640E-230	1.00	1.688E-230	0	344	346	0	344	346	345M
485	6736	5.007E-275	0.995	4.826E-275	0	435	437	0	435	437	436M
486	6737	2.217E-308	0.996	0.000E+00	0	812	814	0	812	814	813M
487	6738	9.895E-229	1.00	9.558E-229	0	336	338	0	336	338	337M
488	6739	1.637E-152	0.995	1.646E-152	0	228	230	0	228	230	229M
489	6740	6.985E-133	1.00	6.647E-133	0	209	211	0	209	211	210M
490	6741	2.770E-162	1.00	2.779E-162	0	259	261	0	259	261	260M
491	6742	9.835E-188	0.993	1.020E-187	0	294	296	0	294	296	295M
492	6743	3.775E-127	1.00	3.943E-127	0	210	212	0	210	212	211M
493	6744	2.794E-88	0.992	2.895E-88	0	141	143	0	141	143	142M
494	6745	2.217E-308	0.998	0.000E+00	0	574	576	0	574	576	575M
495	6746	7.162E-220	0.982	7.182E-220	0	335	337	0	335	337	336M
496	6747	4.590E-164	0.984	4.550E-164	0	252	254	0	252	254	253M
497	6748	7.125E-218	0.990	6.959E-218	0	325	327	0	325	327	326M
498	6749	3.999E-72	1.00	3.865E-72	0	112	114	0	112	114	113M
499	6750	3.472E-172	0.996	3.345E-172	0	256	258	0	256	258	257M
500	6751	6.272E-130	1.00	6.437E-130	0	201	203	0	201	203	202M
501	6752	1.350E-116	0.994	1.374E-116	0	183	185	0	183	185	184M
502	6753	8.947E-74	1.00	8.703E-74	0	125	127	0	125	127	126M
503	6754	8.005E-147	0.991	8.190E-147	0	232	234	0	232	234	233M
504	6755	4.157E-203	0.981	4.157E-203	0	318	320	0	318	320	319M
505	6755	4.157E-203	0.981	4.157E-203	0	318	320	0	318	320	319M
506	6754	8.005E-147	0.991	8.190E-147	0	232	234	0	232	234	233M
507	6753	8.947E-74	1.00	8.703E-74	0	125	127	0	125	127	126M
508	6752	1.350E-116	0.994	1.374E-116	0	183	185	0	183	185	184M
509	6751	6.272E-130	1.00	6.437E-130	0	201	203	0	201	203	202M
510	6750	3.472E-172	0.996	3.345E-172	0	256	258	0	256	258	257M
511	6749	3.999E-72	1.00	3.865E-72	0	112	114	0	112	114	113M
512	6748	7.125E-218	0.990	6.959E-218	0	325	327	0	325	327	326M
513	6747	4.590E-164	0.984	4.550E-164	0	252	254	0	252	254	253M
514	6746	7.162E-220	0.982	7.182E-220	0	335	337	0	335	337	336M
515	6745	2.217E-308	0.998	0.000E+00	0	574	576	0	574	576	575M
516	6744	2.794E-88	0.992	2.895E-88	0	141	143	0	141	143	142M
517	6743	3.775E-127	1.00	3.943E-127	0	210	212	0	210	212	211M
518	6742	9.835E-188	0.993	1.020E-187	0	294	296	0	294	296	295M
519	6741	2.770E-162	1.00	2.779E-162	0	259	261	0	259	261	260M
520	6740	6.985E-133	1.00	6.647E-133	0	209	211	0	209	211	210M
521	6739	1.637E-152	0.995	1.646E-152	0	228	230	0	228	230	229M
522	6738	9.895E-229	1.00	9.558E-229	0	336	338	0	336	338	337M
523	6737	2.217E-308	0.996	0.000E+00	0	812	814	0	812	814	813M
524	6736	5.007E-275	0.995	4.826E-275	0	435	437	0	435	437	436M
525	6735	1.640E-230	1.00	1.688E-230	0	344	346	0	344	346	345M
526	6734	1.146E-41	1.00	1.146E-41	0	79	81	0	79	81	80M
527	6733	1.152E-248	0.997	1.210E-248	0	394	396	0	394	396	395M
528	6732	7.615E-89	1.00	7.452E-89	0	126	128	0	126	128	127M
529	6731	7.542E-124	0.974	7.419E-124	0	195	198	0	195	198	196M
530	6730	2.929E-261	0.989	2.946E-261	0	386	388	0	386	388	387M
531	6729	7.504E-122	0.994	7.532E-122	0	187	189	0	187	189	188M
532	4786	2.217E-308	0.990	0.000E+00	0	617	619	149	766	768	618M
533	4785	1.040E-170	0.988	9.909E-171	0	261	263	0	261	263	262M
534	4784	5.940E-225	0.996	6.221E-225	0	315	317	0	315	317	316M
535	4783	1.042E-132	1.00	1.066E-132	0	199	201	0	199	201	200M
536	4782	2.217E-308	0.998	0.000E+00	0	633	635	0	633	635	634M
537	4781	2.463E-194	0.996	2.497E-194	0	292	294	0	292	294	293M
538	4780	2.217E-308	0.980	0.000E+00	0	614	616	0	605	607	407M9I199M
540	4779	2.339E-174	1.00	2.327E-174	0	271	273	0	271	273	272M
541	4778	6.760E-159	0.996	6.697E-159	0	257	259	0	257	259	258M
542	4777	1.167E-137	1.00	1.209E-137	0	225	227	0	225	227	226M
543	4776	3.171E-137	1.00	3.170E-137	0	212	214	0	212	214	213M
544	4775	6.376E-59	1.00	6.222E-59	0	94	96	0	94	96	95M
545	4774	9.742E-223	1.00	1.006E-222	0	336	338	0	336	338	337M
546	4773	5.617E-126	1.00	5.407E-126	0	192	194	0	192	194	193M
547	4772	1.839E-81	0.977	1.852E-81	0	132	134	0	132	134	133M
548	4771	7.740E-134	0.990	7.662E-134	0	210	212	0	210	212	211M
549	4770	2.217E-308	0.998	0.000E+00	0	680	682	0	680	682	681M
550	4769	5.370E-186	1.00	5.115E-186	0	270	272	0	270	272	271M
551	4768	5.319E-221	0.987	5.436E-221	0	327	329	0	327	329	328M
552	4767	2.217E-308	0.998	0.000E+00	0	856	858	0	855	857	36M1I820M
553	4766	5.482E-194	1.00	5.582E-194	0	289	291	0	289	291	290M
554	4765	6.132E-276	1.00	6.114E-276	0	438	440	0	438	440	439M
555	4764	1.435E-217	0.996	1.463E-217	0	314	316	0	314	316	315M
556	4763	6.830E-163	0.996	7.169E-163	0	257	259	0	257	259	258M
557	4762	5.714E-94	0.986	5.828E-94	0	144	146	0	144	146	145M
558	4761	2.291E-166	1.00	2.243E-166	0	253	255	0	253	255	254M
559	4760	2.217E-308	0.998	0.000E+00	0	514	516	0	514	516	515M
560	4759	1.340E-268	0.984	1.336E-268	0	395	397	0	395	397	396M
561	4758	6.848E-164	1.00	6.969E-164	0	241	243	0	241	243	242M
562	4757	2.619E-63	1.00	2.713E-63	0	102	104	0	102	104	103M
563	4756	2.862E-136	1.00	2.750E-136	0	211	213	0	211	213	212M
564	4755	3.059E-123	1.00	3.020E-123	0	199	201	0	199	201	200M
565	4754	7.101E-62	1.00	7.410E-62	0	105	107	0	105	107	106M
566	4753	2.940E-185	1.00	2.851E-185	0	273	275	0	273	275	274M
567	4752	4.711E-58	1.00	4.672E-58	0	90	92	0	90	92	91M
568	4751	5.288E-64	1.00	5.456E-64	0	108	110	0	108	110	109M
569	4750	6.117E-159	1.00	6.306E-159	0	249	251	0	249	251	250M
570	4749	9.229E-86	1.00	9.177E-86	0	136	138	0	136	138	137M
571	4748	5.144E-34	1.00	5.161E-34	0	64	66	0	64	66	65M
572	4747	8.409E-50	1.00	8.319E-50	0	84	86	0	84	86	85M
573	4746	2.212E-75	1.00	2.222E-75	0	121	123	0	121	123	122M
574	4745	3.897E-62	1.00	3.751E-62	0	104	106	0	104	106	105M
575	4744	1.480E-113	1.00	1.464E-113	0	177	179	0	177	179	178M
576	4743	1.430E-61	1.00	1.499E-61	0	100	102	0	100	102	101M
577	4742	9.939E-76	0.992	9.692E-76	0	130	132	0	130	132	131M
578	4741	1.088E-110	1.00	1.053E-110	0	176	178	0	176	178	177M
579	4740	5.329E-67	1.00	5.341E-67	0	115	117	0	115	117	116M
580	4739	1.427E-99	1.00	1.410E-99	0	164	166	0	164	166	165M
581	4738	1.291E-33	1.00	1.285E-33	0	57	59	0	57	59	58M
582	4737	1.858E-85	1.00	1.937E-85	0	145	147	0	145	147	146M
583	4736	1.905E-288	1.00	1.930E-288	0	449	451	0	449	451	450M
584	4735	5.164E-20	1.00	5.178E-20	0	37	39	0	37	39	38M
585	4734	8.901E-72	1.00	9.270E-72	0	117	119	0	117	119	118M
586	4733	6.075E-79	1.00	5.874E-79	0	127	129	0	127	129	128M
587	4732	3.814E-131	1.00	3.649E-131	0	207	209	0	207	209	208M
588	4731	1.424E-214	1.00	1.491E-214	0	334	336	0	334	336	335M
589	4730	4.041E-76	1.00	3.861E-76	0	124	126	0	124	126	125M
590	4729	2.217E-308	0.991	0.000E+00	0	495	497	0	495	497	496M
592	5709	5.507E-41	0.985	5.490E-41	0	66	68	0	66	68	67M
593	5708	3.877E-176	0.996	3.914E-176	0	278	280	0	278	280	279M
594	5707	2.487E-275	0.997	2.404E-275	0	420	422	0	420	422	421M
595	5706	1.458E-262	0.984	1.451E-262	0	389	391	0	389	391	390M
596	5705	7.977E-107	0.993	7.726E-107	0	151	153	0	151	153	152M
597	5704	6.200E-25	1.00	6.194E-25	0	51	53	0	51	53	52M
598	5703	4.555E-161	0.995	4.401E-161	0	244	246	0	244	246	245M
599	5702	4.559E-84	1.00	4.592E-84	0	119	121	0	119	121	120M
600	5701	2.517E-241	0.994	2.480E-241	0	343	345	0	343	345	344M
601	5700	6.080E-118	0.988	6.032E-118	0	177	179	0	177	179	178M
602	5699	5.666E-52	0.987	5.926E-52	0	80	82	0	80	82	81M
603	5698	1.696E-127	0.989	1.651E-127	0	185	187	0	185	187	186M
604	5697	2.440E-229	0.994	2.500E-229	0	341	343	0	341	343	342M
605	5696	1.025E-319	0.989	1.075E-319	0	473	475	0	473	475	474M
606	5695	1.634E-74	0.935	1.629E-74	0	123	125	0	123	125	124M
607	5694	1.101E-192	0.993	1.111E-192	0	299	301	0	299	301	300M
608	5693	4.218E-170	0.988	4.423E-170	0	266	268	0	266	268	267M
609	5692	6.255E-245	0.994	6.263E-245	0	395	397	0	395	397	396M
610	5691	1.763E-142	1.00	1.744E-142	0	216	218	0	216	218	217M
611	5690	3.149E-173	1.00	3.036E-173	0	272	274	0	272	274	273M
612	5689	9.536E-60	0.905	1.002E-59	0	115	117	0	115	117	116M
613	5688	6.913E-245	1.00	6.587E-245	0	369	371	0	369	371	370M
614	5687	8.158E-77	0.992	7.958E-77	0	124	126	0	124	126	125M
615	5686	2.217E-308	0.998	0.000E+00	0	1040	1042	0	1040	1042	1041M
616	5685	9.869E-228	0.994	9.531E-228	0	365	367	0	365	367	366M
617	5685	9.869E-228	0.994	9.531E-228	0	365	367	0	365	367	366M
618	5686	2.217E-308	0.998	0.000E+00	0	1040	1042	0	1040	1042	1041M
619	5687	8.158E-77	0.992	7.958E-77	0	124	126	0	124	126	125M
620	5688	6.913E-245	1.00	6.587E-245	0	369	371	0	369	371	370M
621	5689	9.536E-60	0.905	1.002E-59	0	115	117	0	115	117	116M
622	5690	3.149E-173	1.00	3.036E-173	0	272	274	0	272	274	273M
623	5691	1.763E-142	1.00	1.744E-142	0	216	218	0	216	218	217M
624	5692	6.255E-245	0.994	6.263E-245	0	395	397	0	395	397	396M
625	5693	4.218E-170	0.988	4.423E-170	0	266	268	0	266	268	267M
626	5694	1.101E-192	0.993	1.111E-192	0	299	301	0	299	301	300M
627	5695	1.634E-74	0.935	1.629E-74	0	123	125	0	123	125	124M
628	5696	1.025E-319	0.989	1.075E-319	0	473	475	0	473	475	474M
629	5697	2.440E-229	0.994	2.500E-229	0	341	343	0	341	343	342M
630	5698	1.696E-127	0.989	1.651E-127	0	185	187	0	185	187	186M
631	5699	5.666E-52	0.987	5.926E-52	0	80	82	0	80	82	81M
632	5700	6.080E-118	0.988	6.032E-118	0	177	179	0	177	179	178M
633	5701	2.517E-241	0.994	2.480E-241	0	343	345	0	343	345	344M
634	5702	4.559E-84	1.00	4.592E-84	0	119	121	0	119	121	120M
635	5703	4.555E-161	0.995	4.401E-161	0	244	246	0	244	246	245M
636	5704	6.200E-25	1.00	6.194E-25	0	51	53	0	51	53	52M
637	5705	7.977E-107	0.993	7.726E-107	0	151	153	0	151	153	152M
638	5706	1.458E-262	0.984	1.451E-262	0	389	391	0	389	391	390M
639	5707	2.487E-275	0.997	2.404E-275	0	420	422	0	420	422	421M
640	5708	3.877E-176	0.996	3.914E-176	0	278	280	0	278	280	279M
641	5709	9.797E-24	0.977	9.756E-24	0	43	45	23	66	68	44M
642	7667	6.365E-97	0.427	6.355E-97	11	410	413	7	407	482	17M1D4M1I147M2D4M2I100M2D4M3I46M2D72M
643	6845	6.189E-32	0.267	6.169E-32	33	350	357	19	335	342	215M1I102M
646	6671	9.728E-29	0.243	9.766E-29	21	445	453	9	406	408	11M1D17M2D7M2D53M7I83M3I19M11I17M2I75M1I5M2I12M4I20M1D55M3I18M
649	5989	3.240E-184	0.581	3.349E-184	5	527	529	5	525	527	356M2I165M
650	6525	1.435E-12	0.267	1.439E-12	11	227	238	1	220	251	66M3D9M2D98M2D11M4I29M
654	5951	4.920E-40	0.303	4.934E-40	9	414	417	19	419	421	19M2D12M1I22M7D23M1I98M1I6M2I43M3I4M2D13M2I54M1D40M2I23M2I13M3I19M
655	5434	3.481E-173	0.672	3.398E-173	0	378	380	1	379	382	379M
656	6065	1.671E-13	0.240	1.665E-13	73	573	626	46	551	565	60M5I9M1D16M1D20M13D8M3D10M4D44M3D15M5I25M2D3M5I19M4I37M2I8M3I12M5D12M2I11M7D32M1I14M4I14M18I5M2D3M3D20M6D5M5I7M10D15M1I22M
657	6695	2.218E-76	0.318	2.131E-76	4	474	484	7	481	491	88M4D4M3I28M1I79M3I24M1D118M7D82M1I40M
658	5998	4.394E-31	0.294	4.412E-31	15	263	278	11	249	258	61M6D8M13I136M3I28M
659	5998	4.394E-31	0.294	4.412E-31	15	263	278	11	249	258	61M6D8M13I136M3I28M
660	6695	2.218E-76	0.318	2.131E-76	4	474	484	7	481	491	88M4D4M3I28M1I79M3I24M1D118M7D82M1I40M
661	6065	1.671E-13	0.240	1.665E-13	73	573	626	46	551	565	60M5I9M1D16M1D20M13D8M3D10M4D44M3D15M5I25M2D3M5I19M4I37M2I8M3I12M5D12M2I11M7D32M1I14M4I14M18I5M2D3M3D20M6D5M5I7M10D15M1I22M
662	5434	3.481E-173	0.672	3.398E-173	0	378	380	1	379	382	379M
663	5951	4.920E-40	0.303	4.934E-40	9	414	417	19	419	421	19M2D12M1I22M7D23M1I98M1I6M2I43M3I4M2D13M2I54M1D40M2I23M2I13M3I19M
667	6525	1.435E-12	0.267	1.439E-12	11	227	238	1	220	251	66M3D9M2D98M2D11M4I29M
668	5989	3.240E-184	0.581	3.349E-184	5	527	529	5	525	527	356M2I165M
671	6671	9.728E-29	0.243	9.766E-29	21	445	453	9	406	408	11M1D17M2D7M2D53M7I83M3I19M11I17M2I75M1I5M2I12M4I20M1D55M3I18M
674	6845	6.189E-32	0.267	6.169E-32	33	350	357	19	335	342	215M1I102M
675	7667	6.702E-117	0.445	6.853E-117	11	479	487	7	477	482	17M1D4M1I147M2D4M2I100M2D4M3I46M2D116M1D5M1I9M1D10M
676	7667	7.746E-26	0.509	7.739E-26	1	108	116	369	477	482	83M1D5M1I9M1D10M
677	6400	2.217E-308	0.996	0.000E+00	0	616	618	0	616	618	617M
678	6399	8.554E-134	1.00	8.288E-134	0	205	207	0	205	207	206M
679	6398	1.027E-281	1.00	1.068E-281	0	451	453	0	451	453	452M
680	6397	1.615E-108	0.994	1.612E-108	0	169	171	0	169	171	170M
681	6396	2.217E-308	1.00	0.000E+00	0	541	543	0	541	543	542M
682	6395	2.467E-272	0.995	2.460E-272	0	420	422	0	420	422	421M
683	6394	4.710E-290	0.988	4.516E-290	0	436	438	0	436	438	437M
684	6393	1.970E-185	0.975	2.014E-185	0	279	281	0	279	281	280M
685	6392	1.077E-222	1.00	1.104E-222	0	338	340	0	338	340	339M
686	6391	2.217E-308	0.998	0.000E+00	0	726	728	0	726	728	727M
687	6390	2.327E-288	0.995	2.443E-288	0	427	429	0	427	429	428M
688	6389	3.650E-114	0.994	3.833E-114	0	182	184	0	182	184	183M
689	6388	1.273E-43	1.00	1.272E-43	0	65	67	0	65	67	66M
690	6387	5.117E-90	1.00	5.012E-90	0	142	144	0	142	144	143M
691	6386	1.001E-271	1.00	9.756E-272	0	409	411	0	409	411	410M
692	6385	8.364E-164	1.00	8.374E-164	8	265	267	0	257	259	258M
693	6384	3.788E-167	0.988	3.769E-167	0	262	264	0	262	264	263M
694	6383	8.335E-240	1.00	7.981E-240	0	370	372	0	370	372	371M
695	6382	3.710E-275	0.974	3.653E-275	0	429	431	0	429	431	430M
696	6381	2.142E-140	1.00	2.133E-140	0	231	233	0	231	233	232M
697	6380	4.646E-246	1.00	4.712E-246	0	380	382	0	380	382	381M
698	6379	8.991E-308	1.00	9.318E-308	0	468	470	0	468	470	469M
699	6359	1.850E-122	0.821	1.810E-122	0	217	219	0	217	219	218M
700	6358	3.850E-96	1.00	3.809E-96	0	151	153	0	151	153	152M
701	6357	2.084E-52	1.00	2.040E-52	0	84	86	0	84	86	85M
702	6356	5.670E-91	1.00	5.925E-91	0	137	139	0	137	139	138M
703	6355	8.185E-233	0.997	8.059E-233	0	351	353	0	351	353	352M
704	6354	3.389E-124	1.00	3.529E-124	0	187	189	0	187	189	188M
705	6353	2.664E-147	1.00	2.707E-147	0	242	244	0	242	244	243M
706	6352	2.333E-173	1.00	2.291E-173	0	266	268	0	266	268	267M
707	6351	3.109E-284	0.993	2.998E-284	0	467	469	0	467	469	468M
708	6350	1.121E-315	0.996	1.095E-315	0	509	511	154	663	665	510M
709	6350	9.373E-92	1.00	9.105E-92	0	144	146	0	144	665	145M
710	6349	1.435E-217	0.997	1.393E-217	0	367	369	0	367	447	368M
711	6348	1.932E-216	1.00	1.872E-216	0	328	330	0	328	330	329M
712	6347	5.879E-105	1.00	5.622E-105	0	168	170	0	168	170	169M
713	6346	2.217E-308	0.997	0.000E+00	0	873	875	0	873	875	874M
714	6345	3.183E-61	0.945	3.343E-61	0	110	112	0	108	110	78M2I31M
715	7297	2.217E-308	0.992	0.000E+00	0	629	661	68	697	701	630M
716	7226	7.780E-136	0.995	7.427E-136	0	212	214	0	212	214	213M
717	7225	4.896E-305	1.00	5.021E-305	0	461	463	0	461	463	462M
718	7224	4.520E-158	1.00	4.321E-158	0	243	245	0	243	245	244M
719	7223	1.188E-260	0.997	1.221E-260	0	376	378	0	376	378	377M
720	7222	4.876E-110	1.00	4.681E-110	0	161	163	0	161	163	162M
721	7221	1.114E-119	0.994	1.152E-119	0	180	182	0	180	182	181M
722	7220	7.759E-251	0.997	8.022E-251	0	381	383	0	381	383	382M
723	7219	2.483E-81	1.00	2.590E-81	0	139	141	0	139	141	140M
724	7218	6.013E-75	0.991	6.017E-75	0	122	124	0	122	124	123M
725	7217	2.084E-168	1.00	2.077E-168	0	254	256	0	254	256	255M
726	7216	1.572E-175	0.996	1.645E-175	0	275	277	0	275	277	276M
727	7215	1.668E-198	1.00	1.608E-198	0	308	310	0	308	310	309M
728	7214	2.217E-308	0.998	0.000E+00	0	871	873	0	871	873	872M
729	7213	2.217E-308	0.994	0.000E+00	0	728	730	0	728	730	729M
730	7212	1.252E-87	1.00	1.247E-87	0	132	134	0	132	134	133M
731	7211	6.153E-200	0.996	6.414E-200	0	320	322	0	320	322	321M
732	7210	3.749E-47	1.00	3.698E-47	0	73	75	0	73	75	74M
733	7209	2.217E-308	0.991	0.000E+00	0	701	703	0	701	703	702M
734	7208	2.217E-308	1.00	0.000E+00	0	579	581	1	580	582	580M
735	7207	1.453E-222	0.997	1.444E-222	0	337	339	0	337	339	338M
736	7206	3.745E-124	1.00	3.701E-124	0	188	190	0	188	190	189M
737	7205	2.217E-308	0.998	0.000E+00	0	697	699	0	697	699	698M
738	7204	5.302E-65	0.990	5.276E-65	0	99	101	0	99	101	100M
761	6331	2.237E-118	0.994	2.167E-118	0	182	184	71	253	255	183M
762	6330	4.419E-188	0.996	4.353E-188	0	296	298	0	296	298	297M
763	6329	6.633E-113	1.00	6.324E-113	0	168	170	0	168	170	169M
764	6328	9.844E-227	0.994	9.380E-227	0	333	335	0	333	335	334M
765	6327	1.276E-249	0.994	1.273E-249	0	393	395	0	393	395	394M
766	6326	3.733E-84	0.992	3.686E-84	0	134	136	0	134	136	135M
767	6325	4.999E-197	0.990	4.915E-197	0	307	309	0	307	309	308M
768	6324	6.754E-236	1.00	6.519E-236	0	374	376	0	374	376	375M
769	6323	3.490E-58	1.00	3.421E-58	0	103	105	0	103	105	104M
770	6322	9.131E-314	1.00	9.533E-314	0	483	485	0	483	485	484M
771	6321	1.294E-177	0.992	1.263E-177	0	272	274	0	272	274	273M
772	6320	7.478E-82	1.00	7.181E-82	0	132	134	0	132	134	133M
773	6319	1.171E-177	0.992	1.133E-177	0	263	265	0	263	265	264M
774	6318	4.784E-180	0.993	4.665E-180	0	287	289	0	287	289	288M
775	6317	1.144E-168	0.992	1.121E-168	0	261	263	0	261	263	262M
776	6316	2.217E-308	1.00	0.000E+00	0	934	936	0	934	936	935M
777	6315	2.064E-203	1.00	2.058E-203	0	303	305	0	303	305	304M
778	6314	9.861E-189	0.988	9.796E-189	0	271	273	0	271	273	272M
779	6313	2.223E-309	0.991	2.204E-309	0	462	464	0	462	464	463M
780	6312	2.217E-308	1.00	0.000E+00	0	767	769	0	767	769	768M
781	6311	4.197E-168	0.992	4.287E-168	0	256	258	0	256	258	257M
782	6310	3.093E-166	0.992	3.158E-166	0	267	269	0	267	269	268M
783	6309	1.506E-81	0.955	1.560E-81	0	135	137	0	135	137	136M
784	6308	2.064E-319	0.993	1.970E-319	0	486	488	0	486	488	487M
785	6307	4.764E-101	0.987	4.733E-101	0	159	161	0	159	161	160M
786	6306	2.857E-174	1.00	2.770E-174	0	268	270	0	268	270	269M
787	6305	1.456E-184	0.996	1.466E-184	0	281	283	0	281	283	282M
788	6304	1.815E-192	1.00	1.763E-192	0	282	284	0	282	284	283M
789	6303	2.364E-62	1.00	2.480E-62	0	102	104	0	102	104	103M
790	6302	2.935E-107	1.00	2.943E-107	0	177	179	0	177	179	178M
791	6301	2.217E-308	0.996	0.000E+00	0	541	543	0	541	543	542M
792	6300	2.217E-308	1.00	0.000E+00	0	639	641	0	639	641	640M
793	6299	1.742E-60	0.990	1.703E-60	6	111	113	0	105	107	106M
794	6298	6.453E-141	0.995	6.240E-141	0	205	207	0	205	207	206M
795	6297	6.234E-89	0.964	5.971E-89	0	141	143	0	141	143	142M
796	6296	1.003E-272	0.995	1.038E-272	0	415	417	0	415	417	416M
797	6295	7.949E-36	1.00	7.972E-36	0	63	65	0	63	65	64M
798	6294	5.357E-69	1.00	5.398E-69	0	118	120	0	118	120	119M
799	6293	1.360E-119	0.956	1.394E-119	0	184	186	0	184	186	185M
800	6292	1.623E-110	1.00	1.684E-110	0	166	168	0	166	168	167M
802	6268	8.696E-63	1.00	8.897E-63	0	94	96	0	94	96	95M
803	6267	1.536E-50	1.00	1.595E-50	0	89	91	0	89	91	90M
804	6266	9.609E-179	1.00	9.360E-179	0	277	279	0	277	279	278M
805	6265	8.869E-148	0.995	9.134E-148	0	239	241	0	239	241	240M
806	6264	4.876E-226	0.991	4.652E-226	0	347	349	0	347	349	348M
807	6263	1.902E-210	0.993	1.893E-210	0	307	309	0	307	309	308M
808	6262	5.188E-134	1.00	5.412E-134	0	216	218	0	216	218	217M
810	6260	2.217E-308	1.00	0.000E+00	0	678	680	0	678	680	679M
811	6259	2.860E-97	0.993	2.770E-97	0	149	151	0	149	151	150M
812	6258	2.521E-319	0.997	2.520E-319	0	471	473	0	471	473	472M
813	6257	9.109E-197	1.00	9.552E-197	0	301	303	0	301	303	302M
814	6256	1.920E-175	0.996	1.994E-175	0	259	261	0	259	261	260M
815	6255	8.923E-189	0.996	8.635E-189	0	275	277	0	275	277	276M
816	6254	1.163E-97	1.00	1.127E-97	0	150	152	0	150	152	151M
817	6253	1.761E-219	0.988	1.741E-219	0	354	356	0	354	356	355M
818	6252	1.301E-63	0.971	1.278E-63	0	106	108	0	106	108	107M
819	6251	1.243E-84	1.00	1.237E-84	0	131	133	0	131	133	132M
820	6250	2.852E-96	1.00	2.721E-96	0	144	146	0	144	146	145M
821	6249	3.755E-241	0.994	3.580E-241	0	371	373	0	371	373	372M
822	6248	4.965E-233	1.00	4.937E-233	0	354	356	0	354	356	355M
823	6247	1.608E-145	0.969	1.665E-145	0	229	231	0	229	231	230M
824	6246	2.217E-308	0.976	0.000E+00	0	1197	1199	0	1197	1199	1198M
825	6245	1.400E-285	0.995	1.379E-285	0	421	423	0	421	423	422M
826	6244	5.403E-111	0.987	5.393E-111	0	162	164	0	162	164	163M
827	6243	7.497E-83	1.00	7.331E-83	0	123	126	0	123	126	124M
828	6242	8.481E-92	0.993	8.438E-92	0	149	151	0	149	151	150M
829	6241	2.001E-191	0.950	1.986E-191	0	300	302	0	300	302	301M
830	6240	3.171E-253	0.978	3.099E-253	0	370	372	0	370	372	371M
831	6239	4.622E-244	0.997	4.731E-244	0	364	366	0	364	366	365M
832	6238	4.389E-108	0.993	4.485E-108	0	164	166	0	164	166	165M
833	6237	2.202E-228	0.997	2.307E-228	0	382	384	0	382	384	383M
834	6236	2.217E-308	0.998	0.000E+00	0	506	508	0	506	508	507M
835	6235	2.217E-308	0.992	0.000E+00	0	660	662	0	660	662	661M
836	6138	1.910E-289	0.997	1.875E-289	0	426	428	0	426	428	427M
837	6137	1.470E-149	1.00	1.516E-149	0	219	241	0	219	256	220M
838	7298	4.606E-204	1.00	4.798E-204	0	319	321	0	319	321	320M
839	7299	1.121E-199	1.00	1.161E-199	0	299	301	0	299	301	300M
840	7300	1.433E-294	0.997	1.439E-294	0	464	466	0	464	466	465M
841	7301	1.560E-288	1.00	1.559E-288	0	458	460	0	458	460	459M
842	7302	8.792E-222	1.00	8.820E-222	0	342	344	0	342	344	343M
843	7303	5.300E-297	1.00	5.148E-297	0	458	460	0	458	460	459M
844	7304	2.217E-308	0.998	0.000E+00	0	572	574	0	572	574	573M
845	7305	8.658E-100	1.00	8.502E-100	0	160	162	0	160	162	161M
846	7306	9.061E-311	0.987	9.209E-311	0	475	477	0	475	477	476M
847	7307	2.217E-308	0.996	0.000E+00	0	509	511	0	509	511	510M
848	7308	1.792E-303	1.00	1.743E-303	0	456	458	0	456	458	457M
849	7309	1.759E-141	0.995	1.794E-141	0	232	234	0	232	234	233M
850	6554	1.564E-30	0.298	1.572E-30	3	292	302	1	286	294	75M3I4M1I104M7D3M1D9M6I9M2I74M
851	4928	1.468E-17	0.261	1.470E-17	0	154	191	0	150	186	28M1D13M1D16M4I27M2I65M
852	7312	9.575E-255	1.00	9.546E-255	0	363	365	0	363	365	364M
853	7313	1.227E-234	0.997	1.179E-234	0	355	357	0	355	357	356M
854	7314	4.325E-141	1.00	4.207E-141	0	230	232	0	230	232	231M
855	7315	1.863E-202	1.00	1.889E-202	0	337	339	0	337	339	338M
856	7316	2.217E-308	0.997	0.000E+00	0	944	946	0	944	946	945M
857	7317	4.793E-142	0.990	4.857E-142	0	211	213	0	211	213	212M
858	7318	2.392E-144	0.969	2.504E-144	0	232	235	0	232	235	233M
859	7319	7.026E-290	0.995	6.716E-290	0	431	433	0	431	433	432M
860	7320	7.562E-125	0.990	7.901E-125	0	202	204	0	202	204	203M
861	7321	1.012E-82	1.00	1.005E-82	0	124	126	0	124	126	125M
862	7322	4.582E-318	0.989	4.595E-318	0	486	488	0	486	488	487M
863	7323	5.283E-141	0.990	5.507E-141	0	209	211	0	209	211	210M
864	7324	1.363E-81	1.00	1.386E-81	0	126	128	0	126	128	127M
865	7325	2.217E-308	0.996	0.000E+00	0	919	921	0	919	921	920M
866	7326	1.162E-174	0.974	1.182E-174	0	270	272	0	270	272	271M
867	7327	5.099E-282	0.997	5.273E-282	0	463	465	0	463	465	464M
868	7463	3.541E-141	1.00	3.544E-141	0	213	215	0	213	215	214M
869	7464	6.622E-151	0.995	6.787E-151	0	240	242	0	240	242	241M
870	7465	3.297E-152	0.991	3.292E-152	0	236	238	0	236	238	237M
871	7466	1.210E-35	1.00	1.211E-35	0	65	67	0	65	67	66M
872	7467	5.894E-222	0.994	6.143E-222	0	341	343	0	341	343	342M
873	7468	6.007E-152	1.00	6.091E-152	0	229	231	0	229	231	230M
874	7469	1.342E-75	1.00	1.302E-75	0	123	125	0	123	125	124M
875	7470	3.317E-193	1.00	3.423E-193	0	274	276	0	274	276	275M
876	7471	2.217E-308	1.00	0.000E+00	0	604	606	0	604	606	605M
877	7472	2.124E-98	1.00	2.112E-98	0	148	150	0	148	151	149M
878	7473	5.219E-291	1.00	5.136E-291	0	457	459	0	457	459	458M
879	7474	2.217E-308	0.994	0.000E+00	0	548	550	0	548	550	549M
880	7475	7.575E-87	0.992	7.701E-87	0	137	139	0	137	139	138M
881	7476	2.537E-128	1.00	2.459E-128	0	198	200	0	198	200	199M
882	7477	4.515E-235	0.994	4.582E-235	0	355	357	0	355	357	356M
883	7478	1.769E-182	0.988	1.771E-182	0	269	271	0	269	271	270M
884	7479	6.581E-226	0.997	6.514E-226	0	334	336	0	334	336	335M
885	7480	2.343E-136	0.995	2.345E-136	0	201	203	0	201	203	202M
886	7481	2.345E-175	1.00	2.362E-175	0	276	278	0	276	278	277M
887	7482	9.760E-185	1.00	9.996E-185	0	293	295	0	293	295	294M
888	7483	2.225E-232	1.00	2.173E-232	0	352	354	0	352	354	353M
889	7484	5.597E-202	1.00	5.541E-202	0	306	308	0	306	308	307M
890	7485	6.842E-125	0.761	6.722E-125	0	246	248	0	245	247	212M1I34M
891	7486	4.329E-180	1.00	4.336E-180	0	272	274	0	272	274	273M
892	7487	2.244E-158	1.00	2.160E-158	0	235	237	0	235	237	236M
893	7488	5.379E-148	1.00	5.616E-148	0	222	224	0	222	224	223M
894	7489	1.647E-77	0.992	1.628E-77	0	137	139	0	137	139	138M
895	7490	2.449E-153	1.00	2.366E-153	0	227	229	0	227	229	228M
896	7491	2.875E-99	0.993	2.810E-99	0	152	154	0	152	154	153M
897	7492	2.725E-117	0.973	2.623E-117	0	188	190	0	188	190	189M
898	7493	2.337E-135	0.995	2.275E-135	0	209	211	0	209	211	210M
899	7494	4.186E-167	0.992	4.338E-167	0	265	267	0	265	267	266M
900	7495	5.315E-66	1.00	5.378E-66	0	104	106	0	104	106	105M
901	7497	1.170E-254	1.00	1.114E-254	0	400	402	0	400	402	401M
902	7498	2.217E-308	0.997	0.000E+00	0	1276	1278	0	1276	1278	1277M
903	7499	1.087E-303	1.00	1.043E-303	0	445	447	0	445	447	446M
904	7500	7.523E-123	0.994	7.420E-123	0	198	200	0	198	200	199M
905	7501	7.125E-218	1.00	7.387E-218	0	333	335	0	333	335	334M
906	7502	1.170E-26	1.00	1.174E-26	0	47	50	0	47	445	48M
922	8048	5.583E-27	0.403	5.602E-27	0	123	136	2	125	134	124M
923	4986	1.854E-84	0.536	1.943E-84	0	296	299	29	328	332	5M1I21M1D26M1D45M5D9M2I11M1I176M
924	8140	1.445E-34	0.438	1.444E-34	13	164	171	20	174	177	84M2D50M1D18M
925	8177	2.536E-08	0.301	2.545E-08	7	134	145	0	127	135	31M1I39M6I27M3D9M1I6M5D8M
928	7054	4.628E-24	0.231	4.617E-24	100	553	562	3	456	458	55M1I14M1I29M1I20M4I4M1I23M1D49M1D21M3D65M1D33M3D16M1I116M
933	7054	4.628E-24	0.231	4.617E-24	100	553	562	3	456	458	55M1I14M1I29M1I20M4I4M1I23M1D49M1D21M3D65M1D33M3D16M1I116M
936	8177	2.536E-08	0.301	2.545E-08	7	134	145	0	127	135	31M1I39M6I27M3D9M1I6M5D8M
937	8140	1.445E-34	0.438	1.444E-34	13	164	171	20	174	177	84M2D50M1D18M
938	4986	1.854E-84	0.536	1.943E-84	0	296	299	29	328	332	5M1I21M1D26M1D45M5D9M2I11M1I176M
939	8048	5.583E-27	0.403	5.602E-27	0	123	136	2	125	134	124M
954	5151	2.813E-21	1.00	2.807E-21	0	37	38	0	37	38	38M
955	5150	2.217E-308	0.998	0.000E+00	0	711	713	0	711	713	712M
956	5149	2.561E-93	1.00	2.544E-93	0	155	157	0	155	157	156M
957	5148	4.974E-79	1.00	4.841E-79	0	123	125	0	123	125	124M
958	5147	2.062E-280	0.995	2.052E-280	0	440	442	0	440	442	441M
959	5146	2.706E-269	0.997	2.703E-269	0	408	410	0	408	410	409M
960	5145	3.202E-102	1.00	3.214E-102	0	149	151	0	149	151	150M
961	5144	1.081E-185	0.965	1.037E-185	0	285	287	0	285	287	286M
962	5143	2.718E-116	0.994	2.660E-116	0	177	179	8	185	187	178M
963	5142	2.217E-308	1.00	0.000E+00	0	540	542	0	540	542	541M
964	5141	4.366E-222	0.991	4.482E-222	0	341	343	0	341	343	342M
965	5140	1.582E-216	0.996	1.531E-216	0	317	319	0	317	319	318M
966	5139	2.043E-315	0.995	2.078E-315	0	482	484	0	482	484	483M
967	5138	1.197E-263	1.00	1.230E-263	0	370	372	0	370	372	371M
968	5137	2.859E-213	0.966	2.854E-213	0	323	325	0	323	325	324M
969	5136	2.217E-308	1.00	0.000E+00	0	547	549	0	547	549	548M
970	5135	1.167E-253	0.994	1.149E-253	0	369	371	0	369	371	370M
971	5134	7.894E-219	1.00	7.664E-219	0	325	327	0	325	327	326M
972	5133	4.981E-273	0.989	5.084E-273	0	393	395	0	393	395	394M
973	5132	4.274E-59	1.00	4.188E-59	0	86	88	0	86	88	87M
974	5131	2.163E-105	1.00	2.246E-105	0	162	164	0	162	164	163M
975	5130	6.447E-102	1.00	6.474E-102	0	157	159	0	157	159	158M
976	5129	9.189E-123	1.00	8.938E-123	0	182	184	0	182	184	183M
977	5128	1.129E-163	0.983	1.101E-163	0	244	246	0	244	246	245M
978	5127	5.444E-230	0.997	5.490E-230	0	349	351	0	349	351	350M
979	5126	1.879E-244	0.992	1.816E-244	0	384	386	0	384	386	385M
980	5125	2.217E-308	1.00	0.000E+00	0	620	622	0	620	622	621M
981	5124	2.010E-270	0.992	1.952E-270	0	426	428	0	426	428	427M
982	5123	2.217E-308	0.992	0.000E+00	0	568	570	0	568	570	569M
983	5122	2.517E-125	0.989	2.496E-125	0	191	193	0	191	193	192M
984	5121	1.801E-189	1.00	1.872E-189	0	276	278	0	276	278	277M
985	5359	2.217E-308	0.976	0.000E+00	0	599	601	0	599	601	600M
986	5360	2.217E-308	0.996	0.000E+00	0	512	514	0	512	514	513M
987	5361	2.816E-322	1.00	2.915E-322	0	468	470	0	468	470	469M
988	5362	3.320E-116	0.994	3.249E-116	0	168	170	0	168	170	169M
989	5363	1.355E-195	1.00	1.396E-195	0	291	293	0	291	293	292M
990	5364	2.036E-275	0.881	1.969E-275	0	484	486	0	480	482	228M3D10M3I20M4I220M
991	5365	1.398E-33	0.984	1.405E-33	0	65	67	0	65	67	66M
992	5366	7.674E-92	1.00	7.309E-92	0	146	148	0	146	148	147M
993	5367	2.623E-141	1.00	2.665E-141	0	207	209	0	207	209	208M
994	5368	1.886E-168	0.992	1.802E-168	0	251	253	0	251	253	252M
995	5369	4.280E-253	0.997	4.203E-253	0	390	392	0	390	392	391M
996	5370	3.767E-281	1.00	3.878E-281	0	411	413	0	411	413	412M
997	5371	2.217E-308	1.00	0.000E+00	0	755	757	0	755	757	756M
998	5372	2.217E-308	0.996	0.000E+00	0	948	950	0	948	950	949M
999	5373	2.233E-156	0.987	2.157E-156	0	239	241	0	239	241	240M
1000	5374	1.976E-186	0.992	2.017E-186	0	277	279	0	277	279	278M
1001	5375	9.988E-310	0.995	1.020E-309	0	459	461	0	459	461	460M
1002	5376	4.470E-115	0.983	4.551E-115	0	177	179	0	177	179	178M
1003	5377	6.138E-83	1.00	5.891E-83	0	126	128	0	126	128	127M
1004	5378	2.217E-308	0.997	0.000E+00	0	820	822	0	820	822	821M
1005	5379	6.684E-232	1.00	6.798E-232	0	336	338	0	336	338	337M
1006	5380	6.153E-316	1.00	6.042E-316	0	469	471	0	469	471	470M
1007	5381	1.336E-23	1.00	1.340E-23	0	43	45	0	43	45	44M
1008	5382	1.933E-255	0.990	1.934E-255	0	403	405	0	403	405	404M
1009	5383	6.954E-286	0.997	6.988E-286	0	447	449	0	447	449	448M
1010	5384	4.551E-238	1.00	4.470E-238	0	355	357	0	355	357	356M
1011	4845	3.088E-88	0.980	3.148E-88	0	156	158	0	156	158	157M
1012	4844	3.640E-113	0.994	3.658E-113	0	183	185	0	183	185	184M
1013	4843	9.372E-208	0.984	9.451E-208	0	332	334	0	332	334	333M
1014	4842	9.268E-165	0.996	8.902E-165	0	271	273	0	271	273	272M
1015	4841	2.217E-308	0.992	0.000E+00	0	1287	1289	0	1287	1289	1288M
1016	4840	2.823E-92	0.943	2.803E-92	0	159	161	0	159	161	160M
1017	4839	1.820E-77	0.893	1.878E-77	0	140	142	0	140	142	141M
1018	4838	3.768E-49	1.00	3.665E-49	0	82	84	0	82	84	83M
1019	4837	5.056E-124	0.994	4.980E-124	0	181	183	0	181	183	182M
1020	4836	2.279E-164	0.995	2.386E-164	0	245	247	0	245	247	246M
1021	4835	3.628E-73	1.00	3.482E-73	0	121	123	0	121	123	122M
1022	4834	7.915E-220	0.996	7.683E-220	0	323	325	0	323	325	324M
1023	4833	1.569E-213	0.979	1.501E-213	0	343	345	0	343	345	344M
1024	4832	2.722E-194	0.980	2.652E-194	0	300	302	0	300	302	301M
1025	4831	6.101E-158	0.996	6.084E-158	0	257	259	0	257	259	258M
1026	4830	3.104E-90	1.00	3.229E-90	0	146	148	0	146	148	147M
1027	4829	6.475E-181	0.982	6.411E-181	0	285	287	0	285	287	286M
1028	4828	9.760E-185	0.996	9.996E-185	0	292	295	0	292	295	293M
1029	4827	6.037E-270	1.00	5.862E-270	0	409	411	0	409	411	410M
1030	4826	3.079E-319	1.00	3.002E-319	0	468	470	0	468	470	469M
1031	4825	2.986E-75	1.00	3.048E-75	0	121	123	0	121	123	122M
1032	4824	1.449E-66	1.00	1.446E-66	0	103	105	0	103	105	104M
1033	4823	6.949E-131	0.994	6.953E-131	0	194	196	0	194	196	195M
1034	4822	2.963E-72	0.991	3.029E-72	0	120	122	0	120	122	121M
1035	4821	3.179E-254	0.995	3.031E-254	0	408	410	0	408	410	409M
1036	4820	2.217E-308	0.988	0.000E+00	0	715	717	0	715	717	716M
1037	4819	1.523E-124	1.00	1.580E-124	0	190	192	0	190	192	191M
1038	4818	3.755E-241	1.00	3.580E-241	0	371	373	0	371	373	372M
1039	4817	5.631E-127	1.00	5.497E-127	0	197	199	0	197	199	198M
1040	4816	1.902E-94	1.00	1.942E-94	0	154	156	0	154	156	155M
1041	4815	3.726E-122	1.00	3.821E-122	0	186	188	0	186	188	187M
1042	4814	3.575E-106	0.971	3.503E-106	0	176	178	0	176	178	177M
1043	4813	1.568E-174	0.977	1.597E-174	0	263	265	0	263	265	264M
1044	4812	1.228E-273	0.985	1.269E-273	0	424	426	0	424	426	425M
1045	4811	8.234E-274	1.00	8.349E-274	0	416	417	0	416	478	417M
1048	5883	2.217E-308	0.686	0.000E+00	0	774	789	0	774	1059	404M4D285M4I82M
1049	7422	4.663E-54	0.486	4.718E-54	12	192	197	2	182	191	181M
1060	7422	4.663E-54	0.486	4.718E-54	12	192	197	2	182	191	181M
1061	5883	2.217E-308	0.686	0.000E+00	0	774	789	0	774	1059	404M4D285M4I82M
1064	6590	2.217E-308	0.998	0.000E+00	0	595	597	0	595	597	596M
1065	6589	5.148E-131	0.995	5.003E-131	0	207	209	0	207	209	208M
1066	6588	5.961E-149	1.00	5.890E-149	0	221	223	0	221	223	222M
1067	6587	6.854E-87	1.00	6.664E-87	0	134	136	0	134	136	135M
1068	6586	1.178E-218	1.00	1.176E-218	0	314	316	0	314	316	315M
1069	6585	6.442E-63	0.980	6.351E-63	0	100	102	0	100	102	101M
1070	6584	1.780E-107	0.982	1.862E-107	0	174	176	0	174	176	175M
1071	6583	4.208E-169	0.984	4.355E-169	0	261	263	0	261	263	262M
1072	6582	2.217E-308	1.00	0.000E+00	0	521	523	0	521	523	522M
1073	6581	4.930E-269	1.00	5.076E-269	0	408	410	0	408	410	409M
1074	6580	5.656E-90	0.993	5.517E-90	0	144	146	0	144	146	145M
1075	6579	7.095E-139	0.990	7.202E-139	0	212	214	0	212	214	213M
1076	6578	1.253E-126	0.989	1.288E-126	0	195	197	0	195	197	196M
1077	6577	2.017E-78	0.992	2.078E-78	0	127	129	0	127	129	128M
1078	6576	4.329E-180	0.996	4.396E-180	0	279	281	0	279	281	280M
1079	6575	1.331E-72	0.992	1.319E-72	0	129	131	0	129	131	130M
1080	6574	1.437E-63	0.980	1.373E-63	0	101	103	0	101	103	102M
1082	6573	1.261E-167	0.968	1.313E-167	0	253	255	0	253	255	254M
1083	6572	2.217E-308	0.982	0.000E+00	0	620	622	0	620	622	621M
1084	6571	5.219E-291	0.976	5.092E-291	0	423	425	0	423	425	424M
1085	6570	2.217E-308	0.986	0.000E+00	0	1215	1217	0	1215	1217	1216M
1087	6567	1.144E-52	1.00	1.139E-52	0	85	87	0	85	87	86M
1088	6566	2.217E-308	0.993	0.000E+00	0	596	598	0	596	598	597M
1089	6565	2.217E-308	0.993	0.000E+00	0	622	624	6	628	630	623M
1090	4879	4.412E-226	1.00	4.327E-226	0	332	334	0	332	334	333M
1091	4878	3.684E-195	0.996	3.867E-195	0	306	308	0	306	308	307M
1092	4877	8.741E-65	1.00	8.599E-65	0	109	111	0	109	111	110M
1093	4876	2.217E-308	0.996	0.000E+00	0	609	611	0	609	611	610M
1094	4875	2.217E-308	0.997	0.000E+00	0	498	500	0	498	500	499M
1095	4874	5.980E-305	0.995	6.048E-305	0	465	467	0	465	467	466M
1096	4873	1.015E-238	1.00	1.040E-238	0	371	373	0	371	373	372M
1097	4872	7.194E-67	0.954	7.512E-67	0	109	111	0	109	111	110M
1098	4871	1.070E-181	0.996	1.034E-181	0	273	275	0	273	275	274M
1099	4870	2.217E-308	1.00	0.000E+00	0	850	852	0	850	852	851M
1100	4869	9.793E-225	1.00	9.558E-225	0	351	353	0	351	353	352M
1101	4868	3.863E-136	0.995	3.952E-136	0	212	214	0	212	214	213M
1102	4867	2.991E-153	1.00	2.944E-153	0	245	247	0	245	247	246M
1103	4866	5.417E-112	0.994	5.595E-112	0	174	176	0	174	176	175M
1104	4865	2.217E-308	1.00	0.000E+00	0	720	722	0	720	722	721M
1105	4864	5.004E-120	1.00	4.772E-120	0	188	190	0	188	190	189M
1106	4863	1.860E-240	0.997	1.855E-240	0	359	361	0	359	361	360M
1107	4862	2.932E-184	0.996	3.065E-184	0	290	292	0	290	292	291M
1108	4861	2.217E-308	0.998	0.000E+00	0	1492	1494	0	1492	1494	1493M
1109	4860	2.217E-308	1.00	0.000E+00	0	472	474	0	472	474	473M
1110	4859	9.180E-200	0.993	9.173E-200	0	294	296	0	294	296	295M
1111	4858	8.293E-122	0.994	8.030E-122	0	195	197	0	195	197	196M
1112	4857	5.650E-167	0.992	5.744E-167	0	272	273	0	272	361	273M
1113	5924	3.399E-13	0.939	3.403E-13	0	32	35	0	32	40	33M
1114	5921	3.043E-121	0.900	3.184E-121	35	245	247	170	367	369	9M1I4M12I185M
1115	5920	3.098E-244	0.965	3.196E-244	0	403	405	0	403	405	404M
1116	5919	9.422E-94	0.966	9.231E-94	0	147	149	0	147	149	148M
1117	5918	4.810E-66	0.990	4.765E-66	0	108	110	0	108	110	109M
1118	5917	5.141E-26	1.00	5.146E-26	0	47	54	0	47	49	48M
1119	5917	5.141E-26	1.00	5.146E-26	0	47	54	0	47	49	48M
1120	5918	4.810E-66	0.990	4.765E-66	0	108	110	0	108	110	109M
1121	5919	9.422E-94	0.966	9.231E-94	0	147	149	0	147	149	148M
1122	5920	3.098E-244	0.965	3.196E-244	0	403	405	0	403	405	404M
1123	5921	3.043E-121	0.900	3.184E-121	35	245	247	170	367	369	9M1I4M12I185M
1124	5924	3.399E-13	0.939	3.403E-13	0	32	35	0	32	40	33M
1125	5924	5.483E-20	1.00	5.465E-20	0	38	40	0	38	40	39M
1126	5925	1.264E-168	0.992	1.248E-168	0	270	272	0	270	272	271M
1127	5925	1.264E-168	0.992	1.248E-168	0	270	272	0	270	272	271M
1128	5924	5.483E-20	1.00	5.465E-20	0	38	40	0	38	40	39M
1129	5924	5.483E-20	1.00	5.465E-20	0	38	40	0	38	40	39M
1130	5925	1.264E-168	0.992	1.248E-168	0	270	272	0	270	272	271M
1131	5925	1.264E-168	0.992	1.248E-168	0	270	272	0	270	272	271M
1132	5924	5.483E-20	1.00	5.465E-20	0	38	40	0	38	40	39M
1133	5924	3.399E-13	0.939	3.403E-13	0	32	35	0	32	40	33M
1134	5921	3.043E-121	0.900	3.184E-121	35	245	247	170	367	369	9M1I4M12I185M
1135	5920	3.098E-244	0.965	3.196E-244	0	403	405	0	403	405	404M
1136	5919	9.422E-94	0.966	9.231E-94	0	147	149	0	147	149	148M
1137	5918	4.810E-66	0.990	4.765E-66	0	108	110	0	108	110	109M
1138	5917	5.141E-26	1.00	5.146E-26	0	47	54	0	47	49	48M
1139	5917	5.141E-26	1.00	5.146E-26	0	47	54	0	47	49	48M
1140	5918	4.810E-66	0.990	4.765E-66	0	108	110	0	108	110	109M
1141	5919	9.422E-94	0.966	9.231E-94	0	147	149	0	147	149	148M
1142	5920	3.098E-244	0.965	3.196E-244	0	403	405	0	403	405	404M
1143	5921	3.043E-121	0.900	3.184E-121	35	245	247	170	367	369	9M1I4M12I185M
1144	5924	3.399E-13	0.939	3.403E-13	0	32	35	0	32	40	33M
1145	5924	3.399E-13	0.939	3.403E-13	0	32	35	0	32	40	33M
1146	5921	3.043E-121	0.900	3.184E-121	35	245	247	170	367	369	9M1I4M12I185M
1147	5920	3.098E-244	0.965	3.196E-244	0	403	405	0	403	405	404M
1148	5919	9.422E-94	0.966	9.231E-94	0	147	149	0	147	149	148M
1149	5918	4.810E-66	0.990	4.765E-66	0	108	110	0	108	110	109M
1150	5917	5.141E-26	1.00	5.146E-26	0	47	54	0	47	49	48M
1151	5917	5.141E-26	1.00	5.146E-26	0	47	54	0	47	49	48M
1152	5918	4.810E-66	0.990	4.765E-66	0	108	110	0	108	110	109M
1153	5919	9.422E-94	0.966	9.231E-94	0	147	149	0	147	149	148M
1154	5920	3.098E-244	0.965	3.196E-244	0	403	405	0	403	405	404M
1155	5921	3.043E-121	0.900	3.184E-121	35	245	247	170	367	369	9M1I4M12I185M
1156	5924	3.399E-13	0.939	3.403E-13	0	32	35	0	32	40	33M
1157	5042	4.435E-112	0.994	4.354E-112	0	182	184	0	182	184	183M
1158	5043	6.588E-149	1.00	6.790E-149	0	224	226	0	224	226	225M
1159	5044	2.217E-308	1.00	0.000E+00	0	594	596	0	594	596	595M
1160	5045	2.440E-113	1.00	2.454E-113	0	168	170	0	168	170	169M
1161	5046	1.647E-309	1.00	1.625E-309	0	442	444	0	442	444	443M
1162	5047	2.217E-308	0.997	0.000E+00	0	893	895	0	893	895	894M
1163	5048	1.598E-220	1.00	1.631E-220	0	337	339	0	337	339	338M
1164	5049	6.175E-124	1.00	6.204E-124	0	179	181	0	179	181	180M
1165	5050	6.431E-101	0.994	6.405E-101	0	172	174	0	172	174	173M
1166	5051	2.592E-59	1.00	2.475E-59	0	101	103	0	101	103	102M
1167	5052	2.217E-308	1.00	0.000E+00	0	628	630	0	628	630	629M
1168	5053	2.217E-308	1.00	0.000E+00	0	531	533	0	531	533	532M
1169	5054	9.834E-304	1.00	9.367E-304	0	497	499	0	497	499	498M
1170	5055	5.175E-133	1.00	5.083E-133	0	210	212	0	210	212	211M
1171	5056	2.358E-61	0.979	2.318E-61	0	96	98	0	96	98	97M
1172	5057	4.072E-195	1.00	4.139E-195	0	294	296	0	294	296	295M
1173	5058	3.807E-169	0.996	3.906E-169	0	252	254	0	252	254	253M
1174	5059	7.754E-96	1.00	7.555E-96	0	139	141	0	139	141	140M
1175	5060	4.555E-45	1.00	4.485E-45	0	74	76	0	74	76	75M
1176	5061	2.217E-308	0.989	0.000E+00	0	557	559	0	557	559	558M
1177	5062	7.045E-28	0.982	7.062E-28	0	55	57	0	55	57	56M
1178	5063	8.845E-263	0.984	8.588E-263	0	398	400	0	398	400	399M
1179	5064	4.948E-193	0.969	4.968E-193	10	302	304	0	292	294	293M
1180	5065	1.631E-228	0.984	1.684E-228	0	382	384	0	376	378	22M6I355M
1181	5066	2.217E-308	0.996	0.000E+00	0	546	548	0	546	548	547M
1182	5067	1.855E-123	1.00	1.792E-123	0	188	190	0	188	190	189M
1183	5068	9.308E-128	0.995	9.249E-128	0	206	208	0	206	208	207M
1184	5262	7.562E-125	1.00	7.536E-125	0	201	203	0	201	203	202M
1185	5263	1.311E-66	1.00	1.311E-66	0	101	103	0	101	103	102M
1186	5264	1.922E-214	0.997	1.950E-214	0	333	335	0	333	335	334M
1187	5265	2.217E-308	0.995	0.000E+00	0	697	699	0	697	699	698M
1189	5266	2.217E-308	0.992	0.000E+00	0	978	980	0	978	980	979M
1190	5267	1.953E-259	0.989	2.012E-259	0	382	384	0	382	384	383M
1191	5268	2.748E-275	0.993	2.845E-275	0	444	446	0	444	446	445M
1192	5269	3.188E-139	1.00	3.223E-139	0	215	217	0	215	217	216M
1193	5270	2.217E-308	1.00	0.000E+00	0	512	514	0	512	514	513M
1194	5271	2.899E-141	1.00	2.887E-141	0	222	224	0	222	224	223M
1195	5272	3.288E-151	0.991	3.343E-151	0	225	227	0	225	227	226M
1196	5273	2.217E-308	0.990	0.000E+00	0	505	507	0	505	507	506M
1197	5274	6.048E-232	0.997	6.357E-232	0	348	350	0	348	350	349M
1198	5275	4.531E-159	0.992	4.601E-159	0	249	251	0	249	251	250M
1199	5276	1.695E-88	0.992	1.660E-88	0	136	138	0	136	138	137M
1200	5277	2.217E-308	1.00	0.000E+00	0	757	759	0	757	759	758M
1201	5278	6.628E-74	1.00	6.515E-74	0	119	121	0	119	121	120M
1202	5279	1.108E-233	0.997	1.161E-233	0	350	352	0	350	352	351M
1203	5280	2.852E-212	0.996	2.730E-212	0	304	306	0	304	306	305M
1204	5281	3.726E-122	1.00	3.643E-122	0	185	187	0	185	187	186M
1205	5282	2.217E-308	0.994	0.000E+00	0	673	675	0	673	675	674M
1206	5283	1.373E-84	0.977	1.429E-84	0	134	136	0	134	136	135M
1207	5284	1.340E-152	0.983	1.340E-152	0	237	239	0	237	239	238M
1208	5285	3.813E-247	0.997	3.651E-247	0	357	361	0	357	365	358M
1210	5950	3.454E-54	0.338	3.624E-54	14	366	411	24	402	453	161M1I27M27D99M1D13M1I51M
1213	5327	2.751E-24	0.506	2.743E-24	3	81	83	238	316	318	79M
1214	5327	3.709E-39	0.376	3.711E-39	1	200	206	5	205	318	98M1I53M1D21M1D27M
1216	5317	2.910E-65	0.340	3.047E-65	13	394	396	15	417	419	18M4D26M2D8M1D4M4D95M1D24M4D13M1D28M3D19M2I39M1D53M1D16M1D37M
1217	6646	3.911E-102	0.510	3.779E-102	10	320	323	13	332	336	14M1D6M7D91M1D6M3I20M1I40M3I5M1D5M6D117M
1218	6645	1.351E-155	0.464	1.412E-155	5	560	562	6	557	559	17M3D82M11I88M3D24M1D56M2D74M3D8M1I52M1I133M3I6M
1219	5299	1.871E-49	0.294	1.811E-49	3	403	449	13	416	452	200M2D12M2D12M1I81M9I31M9D55M
1220	8159	4.674E-24	0.250	4.690E-24	23	424	427	31	435	439	22M6I5M3D31M3I93M1I5M8I27M1D28M5D32M13D18M3D38M4I25M1I31M1D24M
1223	5758	1.399E-130	0.712	1.334E-130	0	273	285	0	274	278	54M1D220M
1224	6767	3.523E-139	0.441	3.688E-139	0	494	496	0	496	503	257M1I91M2D101M1D45M
1225	6845	8.977E-25	0.250	8.949E-25	15	328	338	18	331	342	52M1I92M1D169M
1226	7978	1.429E-26	0.331	1.430E-26	1	191	203	313	503	509	41M3D26M3I78M1I4M1I31M2D6M
1227	7978	9.504E-20	0.263	9.502E-20	2	283	300	6	287	509	12M1I7M3I60M2I24M8D16M3I7M1I25M3I52M6D14M1I51M
1228	7628	5.069E-125	0.471	5.267E-125	4	430	433	10	437	440	373M1D54M
1229	5134	2.333E-57	0.368	2.251E-57	4	296	307	7	301	327	257M1I28M1D4M2D3M
1231	8215	2.315E-286	0.830	2.403E-286	0	501	508	0	500	517	13M1I488M
1232	8214	1.213E-152	0.848	1.245E-152	0	276	278	0	275	277	8M1I268M
1233	8213	7.193E-183	0.832	7.455E-183	0	316	320	0	316	321	317M
1234	8211	1.892E-92	1.00	1.980E-92	0	147	167	0	147	208	148M
1235	5355	3.575E-222	1.00	3.632E-222	0	350	352	0	350	352	351M
1236	5354	1.408E-171	0.992	1.446E-171	0	267	269	0	267	269	268M
1237	5353	5.310E-143	1.00	5.091E-143	0	230	232	0	230	232	231M
1238	5352	4.146E-202	0.914	3.999E-202	0	326	328	0	326	328	327M
1239	5351	2.217E-308	0.979	0.000E+00	0	790	792	0	790	792	791M
1240	5350	6.870E-320	0.963	7.115E-320	0	498	500	0	498	500	499M
1241	5349	2.237E-118	1.00	2.273E-118	0	183	185	0	183	185	184M
1242	8361	1.863E-86	0.985	1.931E-86	0	135	145	0	135	136	136M
1243	8362	9.921E-114	1.00	9.571E-114	14	188	190	0	174	176	175M
1244	7144	1.421E-252	0.979	1.399E-252	0	382	384	0	382	384	383M
1245	7145	2.217E-308	0.990	0.000E+00	0	626	628	0	626	628	627M
1246	7146	2.561E-93	0.987	2.544E-93	0	155	157	0	155	157	156M
1247	7146	2.561E-93	0.987	2.544E-93	0	155	157	0	155	157	156M
1248	7145	2.217E-308	0.990	0.000E+00	0	626	628	0	626	628	627M
1249	7144	1.421E-252	0.979	1.399E-252	0	382	384	0	382	384	383M
1250	8362	9.921E-114	1.00	9.571E-114	14	188	190	0	174	176	175M
1251	8361	1.863E-86	0.985	1.931E-86	0	135	145	0	135	136	136M
1252	5349	2.237E-118	1.00	2.273E-118	0	183	185	0	183	185	184M
1253	5350	6.870E-320	0.963	7.115E-320	0	498	500	0	498	500	499M
1254	5351	2.217E-308	0.979	0.000E+00	0	790	792	0	790	792	791M
1255	5352	4.146E-202	0.914	3.999E-202	0	326	328	0	326	328	327M
1256	5353	5.310E-143	1.00	5.091E-143	0	230	232	0	230	232	231M
1257	5354	1.408E-171	0.992	1.446E-171	0	267	269	0	267	269	268M
1258	5355	3.575E-222	1.00	3.632E-222	0	350	352	0	350	352	351M
1259	7898	3.212E-22	1.00	3.213E-22	0	43	45	0	43	45	44M
1260	7899	4.987E-80	0.992	5.171E-80	0	129	131	0	129	131	130M
1261	7900	1.471E-72	1.00	1.459E-72	0	105	107	0	105	107	106M
1262	7901	2.217E-308	0.998	0.000E+00	0	585	587	0	585	587	586M
1263	7902	4.284E-292	0.995	4.092E-292	0	450	452	0	450	452	451M
1264	6138	9.756E-34	0.276	9.769E-34	10	412	419	29	426	428	19M2I20M1D52M6D7M4D14M7I18M1D76M1I50M4I33M1D15M3I55M1I26M
1267	6135	4.243E-33	0.797	4.226E-33	0	68	70	0	68	70	69M
1268	6134	2.744E-81	0.711	2.870E-81	0	168	170	0	183	185	37M14D2M1D130M
1269	6133	1.479E-74	0.942	1.479E-74	0	121	123	0	121	123	122M
1274	4955	1.672E-44	0.675	1.627E-44	0	107	109	0	107	194	108M
1275	4955	1.672E-44	0.675	1.627E-44	0	107	109	0	107	194	108M
1280	6133	1.479E-74	0.942	1.479E-74	0	121	123	0	121	123	122M
1281	6134	2.744E-81	0.711	2.870E-81	0	168	170	0	183	185	37M14D2M1D130M
1282	6135	4.243E-33	0.797	4.226E-33	0	68	70	0	68	70	69M
1285	6138	9.756E-34	0.276	9.769E-34	10	412	419	29	426	428	19M2I20M1D52M6D7M4D14M7I18M1D76M1I50M4I33M1D15M3I55M1I26M
1286	7902	4.284E-292	0.995	4.092E-292	0	450	452	0	450	452	451M
1287	7901	2.217E-308	0.998	0.000E+00	0	585	587	0	585	587	586M
1288	7900	1.471E-72	1.00	1.459E-72	0	105	107	0	105	107	106M
1289	7899	4.987E-80	0.992	5.171E-80	0	129	131	0	129	131	130M
1290	7898	3.212E-22	1.00	3.213E-22	0	43	45	0	43	45	44M
1291	6068	3.112E-91	0.963	3.002E-91	0	136	138	275	411	413	137M
1292	6067	9.387E-286	0.988	9.717E-286	0	427	429	0	427	429	428M
1293	6066	2.405E-146	0.986	2.472E-146	0	222	224	0	222	224	223M
1294	6065	2.217E-308	0.998	0.000E+00	0	563	565	0	563	565	564M
1295	6064	1.137E-127	1.00	1.154E-127	0	204	206	0	204	206	205M
1296	6063	3.237E-261	0.997	3.390E-261	0	389	391	0	389	391	390M
1297	6062	2.217E-308	0.994	0.000E+00	0	532	534	0	532	534	533M
1298	6061	3.093E-166	0.988	3.013E-166	0	266	268	0	266	268	267M
1299	6060	2.217E-308	0.989	0.000E+00	0	662	664	0	662	664	663M
1300	6059	5.012E-198	0.993	5.098E-198	0	299	301	0	299	301	300M
1301	6058	1.038E-208	0.993	1.052E-208	0	312	314	0	312	314	313M
1302	6057	2.217E-308	0.993	0.000E+00	0	1159	1161	0	1159	1161	1160M
1303	6056	8.877E-187	0.988	8.750E-187	0	266	268	0	266	268	267M
1304	6055	2.217E-308	0.990	0.000E+00	0	599	601	0	599	601	600M
1305	6054	3.448E-92	0.986	3.366E-92	0	143	145	0	143	145	144M
1306	6053	1.963E-261	0.990	1.935E-261	0	404	406	0	404	406	405M
1307	6052	3.462E-287	0.995	3.533E-287	0	437	439	0	437	439	438M
1308	6051	5.366E-147	1.00	5.266E-147	0	216	218	0	216	218	217M
1309	6050	1.959E-144	0.995	1.949E-144	0	221	223	0	221	223	222M
1310	6049	1.138E-282	0.983	1.103E-282	0	436	438	0	436	438	437M
1311	6048	5.778E-253	0.997	5.695E-253	0	383	385	0	383	385	384M
1312	8290	1.220E-193	1.00	1.168E-193	0	298	300	0	298	300	299M
1313	8291	6.463E-219	0.996	6.351E-219	0	321	323	0	321	323	322M
1314	8292	9.794E-109	0.994	9.893E-109	0	172	174	0	172	174	173M
1315	8293	1.186E-182	1.00	1.138E-182	0	273	275	0	273	275	274M
1316	8294	3.723E-83	1.00	3.898E-83	0	124	126	0	124	126	125M
1317	8295	1.858E-85	0.986	1.847E-85	0	144	146	0	144	146	145M
1318	8296	2.816E-91	1.00	2.924E-91	0	142	144	0	142	144	143M
1319	8297	1.482E-323	0.997	1.482E-323	0	495	497	0	495	497	496M
1320	8298	9.938E-192	1.00	9.986E-192	0	272	274	0	272	274	273M
1321	8299	8.115E-191	0.996	8.447E-191	0	304	306	0	304	306	305M
1322	8300	2.217E-308	0.978	0.000E+00	69	934	936	7	872	874	866M
1323	6279	2.217E-308	0.997	0.000E+00	0	922	924	0	922	924	923M
1324	6280	3.612E-110	0.994	3.492E-110	0	188	190	0	188	190	189M
1325	6281	3.758E-164	1.00	3.784E-164	0	275	277	0	275	277	276M
1326	6282	7.646E-284	0.978	7.634E-284	0	426	428	0	426	428	427M
1327	6283	2.357E-177	0.996	2.373E-177	0	272	274	0	272	274	273M
1328	6284	2.217E-308	1.00	0.000E+00	0	505	507	0	505	507	506M
1329	6285	3.958E-68	1.00	3.965E-68	0	107	109	0	107	109	108M
1330	6286	5.505E-273	1.00	5.334E-273	0	421	423	0	421	423	422M
1331	6287	1.934E-23	0.891	1.928E-23	0	82	84	0	80	82	74M2I7M
1332	6288	2.122E-59	1.00	2.035E-59	0	97	99	0	97	99	98M
1333	6289	2.217E-308	0.996	0.000E+00	0	792	794	0	792	794	793M
1334	6290	3.880E-215	0.996	3.802E-215	0	325	327	0	325	327	326M
1335	6291	5.202E-135	0.971	5.084E-135	0	206	208	0	206	334	207M
1336	6516	3.749E-163	0.972	3.816E-163	0	257	259	86	343	345	258M
1337	6517	1.760E-180	0.989	1.850E-180	0	274	276	0	274	276	275M
1338	6518	3.487E-135	0.995	3.537E-135	0	205	207	0	205	207	206M
1339	6519	2.407E-185	0.986	2.462E-185	0	290	292	0	290	292	291M
1340	6520	9.315E-283	0.990	9.381E-283	0	419	421	0	419	421	420M
1341	6521	2.217E-308	0.996	0.000E+00	0	555	557	0	555	557	556M
1342	6522	1.085E-225	0.997	1.077E-225	0	336	340	0	336	339	337M
1344	6523	7.304E-305	0.982	7.129E-305	0	455	457	0	455	457	456M
1345	6524	2.217E-308	0.998	0.000E+00	0	552	554	0	552	554	553M
1346	6525	2.487E-159	1.00	2.449E-159	0	249	251	0	249	251	250M
1347	6526	9.600E-256	0.997	9.963E-256	0	382	384	0	382	384	383M
1348	6527	2.217E-308	0.994	0.000E+00	0	567	569	0	567	569	568M
1349	6528	2.215E-269	0.995	2.141E-269	0	403	405	0	403	405	404M
1350	6529	2.227E-155	1.00	2.225E-155	0	235	237	0	235	237	236M
1351	6530	2.183E-186	1.00	2.276E-186	0	293	295	0	293	295	294M
1352	6531	2.630E-258	0.997	2.748E-258	0	384	386	0	384	386	385M
1353	6532	2.217E-308	0.991	0.000E+00	0	867	869	0	867	869	868M
1354	6533	3.410E-49	0.977	3.419E-49	0	87	89	0	87	89	88M
1355	6534	1.215E-114	0.989	1.156E-114	0	190	192	0	190	192	191M
1357	6537	8.540E-56	0.936	8.533E-56	0	93	95	0	93	95	94M
1358	5094	2.217E-308	1.00	0.000E+00	0	475	477	0	475	477	476M
1359	5093	1.436E-256	0.997	1.380E-256	0	414	416	0	414	416	415M
1360	5092	1.295E-100	1.00	1.255E-100	0	153	155	0	153	155	154M
1361	5091	2.217E-308	0.998	0.000E+00	0	668	670	9	677	679	669M
1362	5090	2.859E-213	0.988	2.954E-213	0	344	346	0	344	346	345M
1363	5089	2.217E-308	0.995	0.000E+00	0	1148	1150	0	1148	1150	1149M
1364	5088	9.676E-143	1.00	9.565E-143	0	230	232	0	230	232	231M
1365	5087	9.413E-171	1.00	9.146E-171	0	266	268	0	266	268	267M
1366	5086	4.567E-162	0.984	4.472E-162	0	249	251	0	249	251	250M
1367	5085	3.720E-160	0.975	3.816E-160	0	243	245	0	243	245	244M
1368	5084	1.171E-293	1.00	1.146E-293	0	468	470	0	468	470	469M
1369	5083	2.539E-167	1.00	2.658E-167	0	268	270	0	268	270	269M
1370	5082	1.424E-214	0.996	1.433E-214	0	313	315	0	313	315	314M
1371	5081	6.731E-196	0.981	6.791E-196	0	316	318	0	316	318	317M
1372	5080	2.217E-308	0.965	0.000E+00	0	802	804	0	802	804	803M
1373	5079	2.233E-156	0.979	2.261E-156	0	240	242	0	240	242	241M
1374	5078	2.713E-270	0.649	2.716E-270	0	696	698	0	676	678	309M1I9M7I14M7I26M3D5M2I9M1D127M3D39M6I6M1D3M8I7M1I33M9I20M9D14M4D35M
1375	5077	6.668E-115	0.463	6.387E-115	0	448	450	0	491	493	112M9D74M5D16M15I8M1I55M8D6M28D7M7D35M1I19M2D27M1I22M4D8M2I12M1I23M1D4M
1376	5076	1.539E-128	1.00	1.527E-128	0	188	190	0	188	190	189M
1377	5075	1.010E-120	0.994	1.050E-120	0	196	198	0	196	198	197M
1378	5793	1.902E-210	1.00	1.832E-210	0	313	315	0	313	315	314M
1379	5794	1.476E-228	1.00	1.475E-228	0	352	354	12	364	366	353M
1380	5795	6.835E-318	0.995	6.839E-318	0	481	483	0	481	483	482M
1381	5796	6.871E-204	1.00	7.041E-204	0	307	309	0	307	309	308M
1382	5797	1.622E-187	0.996	1.568E-187	0	283	285	0	283	285	284M
1383	5798	1.006E-273	1.00	1.006E-273	0	419	421	0	419	421	420M
1384	5799	3.833E-249	1.00	3.904E-249	0	390	392	0	390	392	391M
1385	5800	1.839E-197	1.00	1.799E-197	0	299	301	0	299	301	300M
1386	5801	1.703E-90	1.00	1.637E-90	0	145	147	0	145	147	146M
1387	5802	2.204E-151	1.00	2.150E-151	0	229	231	0	229	231	230M
1388	5803	2.217E-308	1.00	0.000E+00	0	904	906	0	904	906	905M
1389	5804	2.217E-308	0.989	0.000E+00	0	659	661	0	658	660	108M1I551M
1390	5805	1.397E-52	1.00	1.387E-52	0	89	91	0	89	91	90M
1391	5806	7.407E-117	0.994	7.429E-117	0	190	192	0	190	192	191M
1392	5807	2.217E-308	0.981	0.000E+00	0	720	722	0	717	719	138M3I580M
1393	5808	5.859E-181	0.996	6.146E-181	0	264	266	0	264	266	265M
1394	5809	3.847E-57	0.988	3.872E-57	0	88	90	32	120	122	89M
1395	5810	3.333E-311	1.00	3.326E-311	0	487	489	0	487	489	488M
1396	5811	2.864E-291	0.995	2.808E-291	0	444	446	0	444	446	445M
1397	5812	7.243E-147	0.990	7.570E-147	0	217	219	0	217	219	218M
1398	5813	2.217E-308	1.00	0.000E+00	0	565	567	0	565	567	566M
1399	5814	1.032E-167	0.996	1.005E-167	0	254	256	0	254	256	255M
1400	8182	3.363E-121	0.994	3.414E-121	0	179	181	0	179	181	180M
1401	8181	1.553E-209	0.987	1.500E-209	0	331	333	0	331	333	332M
1402	8180	1.187E-105	1.00	1.139E-105	0	161	163	0	161	163	162M
1403	8179	2.782E-125	1.00	2.828E-125	0	187	189	0	187	189	188M
1404	8178	1.063E-101	0.950	1.025E-101	0	160	162	0	160	162	161M
1405	8177	2.033E-81	0.970	1.943E-81	0	133	135	0	133	135	134M
1406	8176	2.068E-281	0.985	2.090E-281	0	418	420	0	418	420	419M
1407	8175	2.217E-308	1.00	0.000E+00	0	791	793	0	791	793	792M
1408	8174	3.193E-101	0.993	3.352E-101	0	165	167	0	165	167	166M
1409	8173	1.331E-72	0.991	1.327E-72	0	116	118	0	116	118	117M
1410	8172	3.311E-231	0.997	3.374E-231	0	350	352	0	350	352	351M
1411	8171	3.499E-175	0.992	3.516E-175	0	251	253	0	251	253	252M
1412	8170	1.955E-298	0.989	1.939E-298	0	462	464	0	462	464	463M
1413	8169	6.337E-134	1.00	6.340E-134	0	206	208	0	206	208	207M
1414	8168	2.217E-308	0.998	0.000E+00	0	529	531	0	529	531	530M
1415	8167	9.668E-104	0.993	9.260E-104	0	154	156	0	154	156	155M
1416	8166	5.242E-138	1.00	5.010E-138	0	213	215	0	213	215	214M
1417	8165	2.122E-291	0.993	2.124E-291	0	438	440	0	438	440	439M
1418	8164	2.217E-308	1.00	0.000E+00	0	738	740	0	738	740	739M
1419	8163	2.217E-308	1.00	0.000E+00	0	558	560	0	558	560	559M
1420	8162	5.497E-79	0.992	5.597E-79	0	126	128	0	126	128	127M
1421	8161	6.107E-81	1.00	6.242E-81	0	131	133	0	131	133	132M
1422	8160	1.102E-115	1.00	1.116E-115	0	174	176	0	174	176	175M
1423	8159	7.099E-294	1.00	6.984E-294	0	437	439	0	437	439	438M
1424	5335	3.887E-177	0.975	3.973E-177	0	283	285	120	403	405	284M
1425	5334	5.694E-170	0.965	5.704E-170	0	257	260	0	257	260	258M
1426	5333	2.217E-308	0.986	0.000E+00	4	823	825	0	819	821	820M
1427	5332	1.694E-320	0.975	1.677E-320	0	494	496	0	494	496	495M
1428	5331	3.326E-78	0.983	3.466E-78	0	118	120	306	424	426	119M
1429	5331	4.905E-151	0.954	5.017E-151	0	242	249	0	242	426	243M
1430	5330	2.217E-308	0.988	0.000E+00	0	767	769	0	767	769	768M
1431	5329	3.723E-199	0.983	3.605E-199	0	303	305	0	303	305	304M
1432	5328	4.200E-207	0.984	4.065E-207	0	316	318	0	316	318	317M
1433	5327	7.088E-216	0.996	7.061E-216	0	316	318	0	316	318	317M
1434	5326	3.322E-155	0.991	3.401E-155	0	244	246	0	244	246	245M
1435	5325	7.181E-105	1.00	7.212E-105	0	160	162	0	160	162	161M
1436	5324	4.284E-292	0.992	4.291E-292	0	424	426	0	424	426	425M
1437	5323	8.165E-116	0.982	8.142E-116	0	174	176	0	174	176	175M
1438	5322	1.844E-82	1.00	1.936E-82	0	118	120	0	118	120	119M
1439	5321	3.944E-260	0.997	3.839E-260	0	387	389	0	387	389	388M
1440	5320	1.018E-239	0.986	9.963E-240	0	368	370	0	368	370	369M
1441	5319	2.927E-106	0.988	3.039E-106	0	173	175	6	179	181	174M
1442	5318	4.649E-285	0.995	4.845E-285	0	448	450	0	448	450	449M
1443	5317	1.548E-285	0.976	1.567E-285	0	417	419	0	417	419	418M
1444	5316	3.340E-157	0.991	3.300E-157	0	246	248	0	246	248	247M
1445	5315	2.221E-154	0.982	2.295E-154	0	231	233	0	231	233	232M
1446	5314	1.299E-256	0.981	1.290E-256	0	372	374	0	372	374	373M
1447	5313	4.543E-276	0.987	4.695E-276	0	412	414	0	412	414	413M
1448	6920	2.683E-227	0.997	2.761E-227	0	354	356	0	354	356	355M
1449	6921	2.217E-308	0.999	0.000E+00	0	1186	1188	0	1186	1188	1187M
1450	6922	1.746E-177	0.996	1.674E-177	0	278	280	0	278	280	279M
1451	6923	4.307E-178	1.00	4.465E-178	0	270	272	0	270	272	271M
1452	6924	9.275E-204	0.996	8.901E-204	0	312	314	0	312	314	313M
1453	6925	2.217E-308	0.998	0.000E+00	0	667	669	0	667	669	668M
1454	6926	2.217E-308	0.996	0.000E+00	0	520	522	0	520	522	521M
1455	5957	1.369E-44	1.00	1.369E-44	0	71	73	0	71	73	72M
1456	5956	1.515E-122	0.994	1.582E-122	0	194	196	0	194	196	195M
1457	5955	2.494E-44	1.00	2.451E-44	0	70	72	0	70	72	71M
1458	5954	1.696E-127	1.00	1.732E-127	0	186	188	0	186	188	187M
1459	5954	1.696E-127	1.00	1.732E-127	0	186	188	0	186	188	187M
1460	5955	2.494E-44	1.00	2.451E-44	0	70	72	0	70	72	71M
1461	5956	1.515E-122	0.994	1.582E-122	0	194	196	0	194	196	195M
1462	5957	1.369E-44	1.00	1.369E-44	0	71	73	0	71	73	72M
1463	6926	2.217E-308	0.996	0.000E+00	0	520	522	0	520	522	521M
1464	5959	7.010E-57	0.991	6.945E-57	0	113	115	0	113	115	114M
1465	5960	2.337E-135	0.995	2.237E-135	0	202	204	0	202	204	203M
1466	5961	2.217E-308	0.982	0.000E+00	0	811	813	0	811	813	812M
1467	5962	1.019E-162	0.995	9.847E-163	0	237	239	0	237	239	238M
1468	5963	1.595E-142	0.990	1.559E-142	0	207	209	0	207	209	208M
1469	5964	4.590E-164	0.972	4.402E-164	0	258	260	0	258	260	259M
1470	5965	2.144E-295	0.995	2.094E-295	0	470	472	0	470	472	471M
1471	5968	3.101E-51	0.966	3.122E-51	0	89	90	0	89	115	90M
1472	5969	2.217E-308	0.994	0.000E+00	0	733	735	0	733	735	734M
1473	5970	5.597E-86	1.00	5.373E-86	0	138	140	0	138	140	139M
1474	5971	7.162E-104	1.00	6.891E-104	0	161	163	0	161	163	162M
1475	5972	2.217E-308	1.00	0.000E+00	0	858	860	0	858	860	859M
1476	5973	1.588E-179	1.00	1.657E-179	0	267	269	0	267	269	268M
1477	5974	2.541E-90	0.978	2.421E-90	0	140	142	0	140	142	141M
1478	5975	2.801E-89	1.00	2.884E-89	0	139	141	0	139	141	140M
1479	5976	1.058E-138	0.995	1.079E-138	0	216	236	0	216	222	217M
1480	8230	2.504E-239	0.997	2.587E-239	0	348	350	0	348	350	349M
1481	8229	1.135E-165	1.00	1.100E-165	0	260	262	0	260	262	261M
1482	8228	4.329E-64	1.00	4.491E-64	0	104	106	0	104	106	105M
1483	8227	4.784E-296	0.997	4.735E-296	0	438	440	0	438	440	439M
1484	8226	2.148E-257	0.997	2.094E-257	0	387	389	0	387	389	388M
1485	8225	1.780E-223	0.997	1.831E-223	0	340	342	0	340	342	341M
1486	8224	2.217E-308	0.997	0.000E+00	0	877	879	0	877	879	878M
1487	8223	6.069E-272	1.00	5.827E-272	0	425	427	0	425	427	426M
1488	8222	3.401E-48	1.00	3.528E-48	0	83	85	0	83	85	84M
1489	8221	1.499E-118	0.989	1.463E-118	0	187	189	0	187	189	188M
1490	8220	2.189E-71	1.00	2.159E-71	0	128	130	0	128	130	129M
1491	8219	1.519E-123	0.989	1.481E-123	0	184	186	0	184	186	185M
1492	8218	6.497E-221	0.993	6.558E-221	0	331	333	0	331	333	332M
1493	8217	4.994E-274	1.00	5.029E-274	0	438	440	0	438	440	439M
1494	6501	5.152E-286	1.00	5.175E-286	0	427	429	0	427	429	428M
1495	6500	2.217E-308	1.00	0.000E+00	0	523	525	0	523	525	524M
1496	6499	3.808E-53	1.00	3.726E-53	0	88	90	0	88	90	89M
1497	6498	9.835E-188	1.00	9.476E-188	0	279	281	0	279	281	280M
1498	6497	8.371E-203	1.00	8.644E-203	0	300	302	0	300	302	301M
1499	6496	8.365E-48	1.00	8.400E-48	0	75	77	0	75	77	76M
1500	6495	2.217E-308	1.00	0.000E+00	0	625	627	0	625	627	626M
1501	6494	8.815E-223	0.997	9.157E-223	0	334	336	0	334	336	335M
1502	6493	2.217E-308	0.998	0.000E+00	0	515	517	0	515	517	516M
1503	6492	4.634E-129	0.994	4.844E-129	0	197	199	0	197	199	198M
1504	6491	1.054E-175	0.996	1.013E-175	0	258	260	0	258	260	259M
1505	6490	3.077E-164	1.00	2.975E-164	0	243	245	0	243	245	244M
1506	6489	2.517E-241	0.997	2.550E-241	0	357	359	0	357	359	358M
1507	6488	4.499E-311	1.00	4.515E-311	0	480	482	0	480	482	481M
1508	6487	4.583E-86	1.00	4.395E-86	0	147	149	0	147	149	148M
1509	6486	1.242E-45	1.00	1.264E-45	0	74	76	0	74	76	75M
1510	6485	9.016E-77	1.00	8.764E-77	0	126	128	0	126	128	127M
1511	6484	4.408E-187	1.00	4.287E-187	0	291	293	0	291	293	292M
1512	6483	1.180E-64	1.00	1.124E-64	0	108	110	0	108	110	109M
1513	6482	2.120E-136	1.00	2.069E-136	0	205	207	0	205	207	206M
1514	6481	2.217E-308	1.00	0.000E+00	0	662	664	0	662	664	663M
1515	6480	4.504E-234	1.00	4.304E-234	0	349	351	0	349	351	350M
1516	6479	1.646E-154	1.00	1.591E-154	0	250	252	0	250	252	251M
1517	6478	2.217E-308	1.00	0.000E+00	0	722	724	69	791	793	723M
1534	7391	1.372E-45	0.293	1.313E-45	18	497	509	14	458	476	58M1D48M1D16M4I22M1I70M9D14M24I18M9I34M2D12M2I31M1I4M7I11M1D27M3D29M1I17M3I17M
1535	7392	7.279E-29	0.481	7.245E-29	0	134	161	0	131	157	95M1I24M2I13M
1536	7393	3.090E-127	0.849	3.160E-127	0	212	214	0	212	214	213M
1537	8261	1.706E-52	0.571	1.699E-52	0	153	156	0	142	145	107M11I36M
1538	8262	3.158E-58	0.957	3.023E-58	0	94	96	56	150	152	95M
1539	8262	3.158E-58	0.957	3.023E-58	0	94	96	56	150	152	95M
1540	8261	1.706E-52	0.571	1.699E-52	0	153	156	0	142	145	107M11I36M
1541	7393	3.090E-127	0.849	3.160E-127	0	212	214	0	212	214	213M
1542	7392	7.279E-29	0.481	7.245E-29	0	134	161	0	131	157	95M1I24M2I13M
1543	7391	1.372E-45	0.293	1.313E-45	18	497	509	14	458	476	58M1D48M1D16M4I22M1I70M9D14M24I18M9I34M2D12M2I31M1I4M7I11M1D27M3D29M1I17M3I17M
1560	8055	4.186E-51	0.978	3.990E-51	0	93	95	0	93	95	94M
1561	8054	3.218E-104	0.994	3.235E-104	0	185	187	0	185	187	186M
1562	8053	6.207E-126	0.933	6.428E-126	0	209	211	0	208	210	195M1I14M
1563	8052	8.472E-285	0.954	8.209E-285	0	439	441	0	439	441	440M
1564	8051	1.462E-263	0.992	1.492E-263	0	401	403	0	401	403	402M
1565	8050	7.355E-269	0.987	7.288E-269	0	409	411	0	409	411	410M
1566	8049	6.796E-45	1.00	6.675E-45	0	82	84	0	82	84	83M
1567	8048	1.854E-84	1.00	1.780E-84	0	132	134	0	132	134	133M
1568	8047	1.407E-132	0.995	1.439E-132	0	212	214	0	212	214	213M
1569	8046	2.284E-126	1.00	2.346E-126	0	201	203	0	201	203	202M
1570	8045	1.494E-194	0.993	1.531E-194	0	295	297	0	295	297	296M
1571	8044	5.483E-78	0.984	5.360E-78	0	127	129	0	127	129	128M
1572	8043	2.111E-173	0.989	2.043E-173	0	277	279	0	277	279	278M
1573	8042	1.252E-87	1.00	1.247E-87	0	132	134	0	132	134	133M
1574	8041	2.644E-144	1.00	2.624E-144	0	234	236	0	234	236	235M
1575	8040	6.696E-194	0.993	6.643E-194	0	286	288	0	286	288	287M
1576	8039	2.274E-163	1.00	2.273E-163	0	246	248	0	246	248	247M
1577	8038	2.217E-308	0.989	0.000E+00	0	546	548	0	546	548	547M
1578	8037	1.359E-312	1.00	1.304E-312	0	458	460	0	458	460	459M
1579	8036	2.217E-308	0.995	0.000E+00	0	1070	1072	0	1070	1072	1071M
1580	8035	2.217E-308	0.983	0.000E+00	0	610	612	0	610	612	611M
1581	8034	4.389E-224	0.980	4.208E-224	0	349	351	0	349	351	350M
1582	8033	3.900E-217	0.985	3.921E-217	0	335	337	0	335	337	336M
1583	8032	3.751E-318	0.959	3.810E-318	0	517	518	0	517	530	518M
1584	8184	2.425E-41	1.00	2.430E-41	8	75	77	339	406	408	68M
1585	8185	5.292E-103	1.00	5.437E-103	0	158	160	0	158	160	159M
1586	8186	1.218E-231	0.997	1.218E-231	0	335	337	0	335	337	336M
1587	8187	2.217E-308	0.996	0.000E+00	0	540	542	0	540	542	541M
1588	8188	8.695E-179	1.00	8.402E-179	0	267	270	0	267	270	268M
1589	8189	9.436E-288	1.00	9.667E-288	0	443	445	0	443	445	444M
1590	8190	1.104E-77	1.00	1.086E-77	0	122	124	0	122	124	123M
1591	8191	1.579E-138	1.00	1.659E-138	0	223	225	0	223	225	224M
1592	8192	1.055E-98	1.00	1.020E-98	0	146	148	0	146	148	147M
1593	8193	8.094E-190	0.992	7.990E-190	0	278	280	0	278	280	279M
1594	8194	1.925E-176	0.996	1.872E-176	0	269	271	0	269	271	270M
1595	8195	5.670E-207	0.993	5.639E-207	0	323	325	0	323	325	324M
1596	8196	6.980E-94	1.00	6.916E-94	0	141	143	0	141	143	142M
1597	8197	6.028E-76	1.00	6.119E-76	0	127	129	0	127	129	128M
1598	8198	4.370E-145	0.995	4.356E-145	0	216	218	0	216	218	217M
1599	8199	5.685E-92	1.00	5.748E-92	0	141	143	0	141	143	142M
1600	8200	1.064E-140	0.995	1.103E-140	0	217	219	0	217	219	218M
1601	8201	2.217E-308	0.975	0.000E+00	0	645	647	0	645	647	646M
1602	8202	7.766E-174	0.974	7.935E-174	0	277	279	0	277	279	278M
1603	8203	8.709E-257	0.997	8.796E-257	0	384	386	0	384	386	385M
1604	8204	2.217E-308	0.975	0.000E+00	0	536	538	0	536	538	537M
1605	8205	6.559E-186	0.969	6.508E-186	0	295	304	0	294	296	288M1I7M
1606	8206	2.217E-308	0.993	0.000E+00	0	600	602	0	600	602	601M
1607	8207	9.405E-132	0.994	9.245E-132	0	198	200	0	198	200	199M
1608	8208	5.282E-257	0.992	5.143E-257	0	386	388	0	386	388	387M
1609	8209	1.005E-118	0.946	1.017E-118	0	186	188	0	186	188	187M
1610	4966	1.121E-199	1.00	1.107E-199	0	298	300	0	298	300	299M
1611	4967	2.217E-308	0.998	0.000E+00	0	654	656	0	654	656	655M
1612	4968	7.187E-144	1.00	7.323E-144	0	229	231	0	229	231	230M
1613	7669	4.284E-176	0.545	4.418E-176	16	561	572	11	537	551	9M6I211M4I10M4I83M6I5M2D155M1I52M
1614	8322	3.563E-66	1.00	3.647E-66	0	109	111	0	109	111	110M
1615	8321	2.217E-308	0.999	0.000E+00	0	1164	1166	0	1164	1166	1165M
1616	8320	6.973E-171	0.996	7.123E-171	0	254	256	0	254	256	255M
1617	8319	2.877E-138	1.00	2.931E-138	0	215	217	0	215	217	216M
1618	8318	3.322E-155	0.995	3.401E-155	0	244	246	0	244	246	245M
1619	8317	2.543E-245	0.994	2.559E-245	0	369	371	0	369	371	370M
1620	5825	2.787E-87	1.00	2.846E-87	0	136	138	0	136	138	137M
1621	5824	2.981E-113	0.972	3.026E-113	0	178	181	0	178	181	179M
1622	5823	2.217E-308	0.998	0.000E+00	0	648	650	0	648	650	649M
1623	5822	4.107E-121	1.00	4.206E-121	0	190	192	0	190	192	191M
1624	5821	6.217E-204	1.00	6.348E-204	0	325	327	0	325	327	326M
1625	5820	1.477E-151	0.982	1.450E-151	0	234	236	0	234	236	235M
1626	5819	4.722E-291	0.997	4.920E-291	0	429	431	0	429	431	430M
1627	5818	9.069E-234	0.988	8.877E-234	0	351	353	0	351	353	352M
1628	5817	4.318E-63	1.00	4.408E-63	0	99	101	0	99	101	100M
1629	5816	1.750E-23	0.976	1.746E-23	0	42	44	0	42	44	43M
1630	5815	2.064E-203	1.00	1.991E-203	0	309	311	0	309	311	310M
1632	6466	1.661E-235	1.00	1.720E-235	0	361	363	0	361	363	362M
1633	6465	6.491E-182	0.988	6.551E-182	0	270	272	0	270	272	271M
1634	6464	2.128E-176	0.974	2.084E-176	0	278	280	0	278	280	279M
1635	6463	3.395E-202	0.990	3.477E-202	0	323	325	0	323	325	324M
1636	6462	1.952E-220	0.973	1.967E-220	0	341	343	0	341	343	342M
1637	6461	2.493E-160	0.988	2.606E-160	0	255	257	0	255	257	256M
1638	6460	4.204E-246	0.997	4.097E-246	0	377	379	0	377	379	378M
1639	6459	2.217E-308	0.985	0.000E+00	0	546	548	0	546	548	547M
1640	6458	5.675E-130	0.984	5.483E-130	0	191	193	0	191	193	192M
1641	6457	5.139E-169	0.992	4.945E-169	0	257	259	0	257	259	258M
1642	6456	1.035E-284	0.997	1.062E-284	0	431	433	0	431	433	432M
1643	6455	6.697E-78	0.992	6.674E-78	0	125	127	0	125	127	126M
1644	6454	1.154E-94	0.993	1.202E-94	0	144	146	0	144	146	145M
1646	6453	2.217E-308	0.966	0.000E+00	0	568	570	0	568	570	569M
1647	6452	2.217E-308	0.991	0.000E+00	0	676	678	0	676	678	677M
1648	6451	8.314E-123	0.950	8.155E-123	0	200	202	0	200	202	201M
1649	6450	2.217E-308	0.971	0.000E+00	0	883	885	0	883	885	884M
1650	6449	4.048E-154	0.987	4.176E-154	0	237	239	0	237	239	238M
1651	6448	1.506E-313	0.970	1.541E-313	0	473	475	0	472	474	301M1I172M
1652	4965	2.217E-308	0.992	0.000E+00	0	567	569	0	567	569	568M
1653	4963	2.217E-308	0.997	0.000E+00	0	942	945	0	942	944	943M
1654	4962	1.266E-130	0.995	1.209E-130	0	199	201	0	199	201	200M
1655	4961	3.136E-210	0.990	3.068E-210	0	324	326	0	324	326	325M
1656	4960	5.371E-70	1.00	5.368E-70	0	116	118	0	116	118	117M
1657	4959	4.835E-68	0.982	5.057E-68	0	112	114	0	112	114	113M
1658	4958	6.007E-152	1.00	6.283E-152	0	223	225	0	223	225	224M
1659	4957	3.951E-222	0.986	4.027E-222	0	359	361	0	359	361	360M
1660	4956	8.256E-275	1.00	8.089E-275	0	453	455	0	453	455	454M
1661	4955	3.363E-121	0.994	3.373E-121	0	192	194	0	192	194	193M
1662	4954	4.307E-62	1.00	4.134E-62	0	106	108	0	106	108	107M
1663	4953	3.975E-147	1.00	3.967E-147	0	230	232	0	230	232	231M
1664	4952	3.320E-116	1.00	3.218E-116	0	181	183	0	181	183	182M
1665	4951	2.252E-314	0.997	2.246E-314	0	479	481	0	479	481	480M
1666	4950	2.217E-308	0.992	0.000E+00	0	513	515	0	513	515	514M
1667	4949	1.536E-282	0.995	1.496E-282	0	429	431	0	429	431	430M
1668	4948	2.246E-313	0.989	2.235E-313	0	481	483	0	481	483	482M
1669	4947	1.163E-213	0.990	1.109E-213	0	323	325	0	323	325	324M
1670	4946	1.058E-138	0.995	1.067E-138	0	207	209	0	207	209	208M
1671	4945	6.122E-198	0.989	5.981E-198	0	289	291	0	289	291	290M
1672	8122	3.890E-100	0.987	3.927E-100	0	161	179	0	161	216	162M
1673	8121	8.576E-135	1.00	8.832E-135	0	211	213	0	211	213	212M
1674	8120	7.180E-221	0.970	7.293E-221	0	340	342	0	340	342	341M
1675	8119	9.776E-263	0.986	9.976E-263	0	381	383	0	381	383	382M
1676	8118	1.210E-151	1.00	1.218E-151	0	237	239	0	237	239	238M
1677	8117	2.217E-308	0.976	0.000E+00	0	721	723	0	721	723	722M
1678	8116	1.367E-28	1.00	1.373E-28	0	54	56	0	54	56	55M
1679	8115	3.517E-177	0.992	3.453E-177	0	280	282	0	280	282	281M
1680	8114	2.077E-128	0.984	2.094E-128	0	188	190	0	188	190	189M
1681	8113	2.217E-308	0.996	0.000E+00	0	512	514	0	512	514	513M
1682	8112	2.922E-144	0.987	2.981E-144	0	230	232	0	230	232	231M
1683	8111	1.097E-152	0.991	1.074E-152	0	239	241	0	239	241	240M
1684	8110	2.217E-308	0.998	0.000E+00	0	727	729	0	727	729	728M
1685	8109	1.282E-96	1.00	1.252E-96	0	141	143	0	141	143	142M
1686	8108	9.235E-241	0.997	9.542E-241	0	365	367	0	365	367	366M
1687	8107	6.918E-284	1.00	6.713E-284	0	430	432	0	430	432	431M
1688	8106	6.347E-212	1.00	6.281E-212	0	315	317	0	315	317	316M
1689	8105	1.260E-128	1.00	1.286E-128	0	191	193	0	191	193	192M
1690	8104	1.247E-240	0.994	1.292E-240	0	358	360	0	358	360	359M
1691	6510	9.852E-266	0.940	9.814E-266	0	449	451	0	449	451	450M
1692	6511	1.812E-114	0.988	1.885E-114	12	187	189	0	175	177	176M
1693	6826	2.447E-114	1.00	2.568E-114	0	167	169	38	205	207	168M
1694	6827	2.217E-308	0.993	0.000E+00	0	714	716	0	714	716	715M
1695	6828	3.163E-136	0.966	3.119E-136	0	207	209	0	207	209	208M
1696	6829	6.498E-105	0.959	6.483E-105	0	171	173	0	171	173	172M
1697	6830	1.088E-226	0.980	1.107E-226	0	350	352	0	350	352	351M
1698	6831	1.700E-128	1.00	1.763E-128	0	191	193	0	191	193	192M
1699	6832	2.217E-308	0.977	0.000E+00	0	521	523	0	521	523	522M
1700	6833	4.037E-153	0.967	4.229E-153	0	246	248	0	246	248	247M
1701	6834	4.269E-252	1.00	4.287E-252	0	379	381	0	379	381	380M
1702	6835	2.161E-182	0.989	2.223E-182	0	294	296	0	293	295	279M1I15M
1703	6836	1.144E-52	0.938	1.090E-52	0	97	99	0	97	101	98M
1704	6837	2.217E-308	0.988	0.000E+00	0	517	519	0	517	519	518M
1705	6838	6.245E-51	1.00	6.485E-51	0	90	92	0	90	92	91M
1706	7458	1.353E-117	0.344	1.313E-117	0	710	712	0	717	719	22M5D22M3I86M1D46M1D156M1I15M2D33M3I31M1I58M1I35M1I35M2I13M6D36M1I20M1D26M3D45M1D19M
1707	7617	7.094E-255	0.997	6.995E-255	0	390	392	0	390	392	391M
1708	7616	1.924E-137	0.990	1.855E-137	0	214	216	0	214	216	215M
1710	7615	3.082E-126	0.966	3.114E-126	0	207	209	132	339	341	208M
1711	7614	2.217E-308	0.991	0.000E+00	0	584	586	0	584	586	585M
1712	7613	1.332E-227	0.983	1.381E-227	0	373	375	0	373	375	374M
1713	7612	6.667E-231	0.975	6.550E-231	0	371	373	0	371	373	372M
1714	6047	2.539E-167	1.00	2.624E-167	0	261	263	0	261	263	262M
1715	6046	2.274E-163	0.988	2.201E-163	0	252	254	0	252	254	253M
1716	6045	2.217E-308	0.972	0.000E+00	0	506	508	0	506	508	507M
1717	6044	1.170E-254	0.995	1.114E-254	0	400	402	0	400	402	401M
1718	6043	6.593E-188	1.00	6.914E-188	0	279	281	0	279	281	280M
1719	6042	3.138E-249	0.992	3.275E-249	0	393	395	0	393	395	394M
1720	6041	1.712E-208	0.984	1.680E-208	0	322	324	0	322	324	323M
1721	6040	2.539E-167	0.981	2.658E-167	0	268	270	0	268	270	269M
1722	6039	1.996E-190	1.00	1.995E-190	0	282	284	0	282	284	283M
1723	6038	1.628E-266	0.985	1.676E-266	0	404	406	0	404	406	405M
1724	6037	1.149E-247	0.994	1.180E-247	0	382	384	0	382	384	383M
1725	6036	5.991E-267	0.985	5.788E-267	0	415	417	0	415	417	416M
1726	6035	7.064E-176	0.977	6.924E-176	0	270	272	0	270	272	271M
1727	6034	6.485E-259	0.972	6.621E-259	0	394	396	0	394	396	395M
1728	6033	9.501E-252	0.971	9.705E-252	0	383	385	0	383	385	384M
1729	6032	2.217E-308	0.987	0.000E+00	0	568	570	0	568	570	569M
1730	6031	2.623E-257	0.970	2.674E-257	0	399	401	0	399	401	400M
1731	6030	5.970E-227	0.973	6.104E-227	0	344	346	0	344	346	345M
1732	6029	1.016E-161	1.00	9.842E-162	0	239	241	0	239	241	240M
1734	6714	7.136E-296	0.989	7.020E-296	0	460	462	0	460	462	461M
1735	6713	9.348E-207	0.993	9.090E-207	0	313	315	0	313	315	314M
1736	6712	1.655E-195	0.979	1.685E-195	0	295	297	0	295	297	296M
1737	6711	7.331E-113	0.983	7.090E-113	0	177	179	11	188	190	178M
1738	6710	2.554E-208	0.976	2.467E-208	0	337	339	0	337	339	338M
1739	6709	2.217E-308	0.975	0.000E+00	11	1067	1069	0	1056	1058	1057M
1740	6708	5.021E-160	0.992	4.958E-160	0	262	264	0	262	264	263M
1741	6707	2.217E-308	0.965	0.000E+00	0	495	497	0	495	497	496M
1742	6706	2.095E-170	0.931	2.177E-170	0	305	307	0	305	307	306M
1743	6705	7.542E-124	0.994	7.779E-124	0	197	199	0	197	199	198M
1744	6704	1.739E-98	1.00	1.828E-98	0	145	147	0	145	147	146M
1745	6703	1.159E-57	1.00	1.206E-57	0	90	92	0	90	92	91M
1746	6702	3.221E-143	0.991	3.269E-143	0	234	236	0	234	236	235M
1747	6701	2.217E-308	0.992	0.000E+00	0	636	638	0	636	638	637M
1748	6700	4.590E-280	0.995	4.428E-280	0	443	445	0	443	445	444M
1749	6699	7.439E-196	0.996	7.433E-196	0	291	293	0	291	293	292M
1750	6698	9.229E-86	0.916	8.808E-86	0	155	157	0	155	157	156M
1751	6697	1.976E-323	0.997	1.976E-323	0	485	487	60	545	547	486M
1752	4809	1.532E-165	1.00	1.610E-165	0	248	250	155	403	405	249M
1753	4808	3.640E-229	0.997	3.591E-229	0	342	344	0	342	344	343M
1754	4807	4.447E-323	0.997	4.447E-323	0	488	490	0	488	490	489M
1755	4806	8.761E-298	0.995	8.355E-298	0	446	448	0	446	448	447M
1756	4805	1.049E-212	0.984	1.007E-212	0	323	325	0	323	325	324M
1757	4804	2.142E-140	0.996	2.203E-140	0	252	254	0	252	254	253M
1758	4804	2.142E-140	0.996	2.203E-140	0	252	254	0	252	254	253M
1759	4805	1.049E-212	0.984	1.007E-212	0	323	325	0	323	325	324M
1760	4806	8.761E-298	0.995	8.355E-298	0	446	448	0	446	448	447M
1761	4807	4.447E-323	0.997	4.447E-323	0	488	490	0	488	490	489M
1762	4808	3.640E-229	0.997	3.591E-229	0	342	344	0	342	344	343M
1763	4809	2.727E-272	1.00	2.865E-272	0	403	405	0	403	405	404M
1764	4810	1.150E-286	1.00	1.162E-286	0	422	424	0	422	424	423M
1765	4810	1.150E-286	1.00	1.162E-286	0	422	424	0	422	424	423M
1766	4809	3.486E-251	0.930	3.561E-251	0	400	413	0	400	405	401M
1767	4808	2.126E-137	0.605	2.061E-137	0	339	365	0	337	344	285M2I53M
1768	4808	2.126E-137	0.605	2.061E-137	0	339	365	0	337	344	285M2I53M
1769	4809	2.165E-144	0.886	2.074E-144	0	245	258	155	400	405	246M
1770	4693	9.428E-249	0.994	9.011E-249	0	354	356	0	354	356	355M
1771	4694	5.753E-174	1.00	5.525E-174	0	276	278	0	276	278	277M
1772	4695	2.489E-198	1.00	2.514E-198	0	284	286	0	284	286	285M
1773	4696	1.058E-138	0.980	1.048E-138	0	200	202	0	200	202	201M
1774	4697	8.019E-109	0.988	7.936E-109	0	174	176	0	174	176	175M
1775	4698	7.628E-51	1.00	7.447E-51	0	80	82	0	80	82	81M
1776	4699	4.288E-215	1.00	4.175E-215	0	327	329	0	327	329	328M
1777	4700	5.352E-146	1.00	5.523E-146	0	219	221	0	219	221	220M
1778	4701	2.217E-308	0.998	0.000E+00	0	660	662	0	660	662	661M
1779	4702	2.217E-308	0.997	0.000E+00	0	482	484	0	482	484	483M
1780	4703	9.046E-233	1.00	9.382E-233	0	361	363	0	361	363	362M
1781	4704	3.511E-99	0.993	3.570E-99	0	157	159	0	157	159	158M
1782	4705	1.935E-178	0.986	1.977E-178	0	293	295	0	293	295	294M
1783	4706	5.324E-144	1.00	5.264E-144	0	222	224	0	222	224	223M
1784	4707	1.795E-149	0.995	1.804E-149	0	236	238	0	236	238	237M
1785	4708	4.991E-119	1.00	4.774E-119	0	190	192	0	190	192	191M
1786	4709	2.818E-130	0.984	2.701E-130	0	196	198	0	196	198	197M
1787	4710	4.415E-265	1.00	4.547E-265	0	414	416	0	414	416	415M
1788	4711	5.329E-183	0.986	5.102E-183	0	303	305	0	303	305	304M
1789	4712	1.287E-175	0.988	1.282E-175	0	263	265	0	263	265	264M
1790	4713	3.965E-146	0.995	3.960E-146	0	212	214	0	212	214	213M
1791	4714	2.152E-103	1.00	2.050E-103	0	164	166	0	164	166	165M
1792	4715	1.974E-147	0.991	2.014E-147	0	229	231	0	229	231	230M
1818	4880	8.562E-57	1.00	8.686E-57	0	98	100	0	98	100	99M
1819	4881	2.217E-308	1.00	0.000E+00	0	501	503	0	501	503	502M
1820	4882	1.217E-308	0.997	1.181E-308	0	471	473	0	471	473	472M
1821	4883	2.502E-200	0.993	2.480E-200	0	293	295	0	293	295	294M
1822	4884	5.640E-205	0.996	5.732E-205	0	314	316	0	314	316	315M
1823	4885	5.936E-70	1.00	5.776E-70	0	111	113	0	111	113	112M
1824	4886	1.104E-193	0.990	1.101E-193	0	317	319	0	317	319	318M
1825	4887	2.217E-308	0.985	0.000E+00	0	1051	1053	0	1051	1053	1052M
1826	4888	5.645E-244	0.967	5.472E-244	0	401	403	0	401	403	402M
1827	4889	1.287E-291	0.997	1.291E-291	0	468	470	0	468	470	469M
1828	4890	4.093E-81	1.00	4.038E-81	0	122	124	0	122	124	123M
1829	4891	1.047E-134	1.00	1.083E-134	0	202	204	0	202	204	203M
1830	4892	8.194E-40	1.00	8.156E-40	0	63	65	0	63	65	64M
1831	4893	1.113E-80	0.991	1.148E-80	1	124	126	20	143	145	124M
1832	4894	4.842E-146	0.991	4.716E-146	0	229	231	0	229	231	230M
1833	4895	1.243E-84	1.00	1.268E-84	0	125	127	0	125	127	126M
1834	4896	2.217E-308	1.00	0.000E+00	0	552	554	0	552	554	553M
1835	4897	3.093E-282	1.00	3.049E-282	0	424	426	0	424	426	425M
1836	6808	3.472E-25	1.00	3.474E-25	0	41	42	198	239	322	42M
1837	6807	2.217E-308	0.993	0.000E+00	0	620	622	0	620	622	621M
1838	6806	1.261E-51	1.00	1.270E-51	0	89	91	0	89	91	90M
1839	6805	2.065E-87	1.00	2.158E-87	0	150	152	0	150	152	151M
1840	6804	7.760E-135	0.995	7.424E-135	0	214	216	0	214	216	215M
1841	6803	4.739E-99	1.00	4.666E-99	0	156	158	0	156	158	157M
1842	6802	7.336E-268	1.00	7.177E-268	0	404	406	0	404	406	405M
1843	6801	1.007E-80	1.00	9.679E-81	0	127	129	0	127	129	128M
1844	6800	1.456E-68	0.990	1.393E-68	0	105	107	0	105	107	106M
1845	6799	8.771E-105	1.00	8.889E-105	0	171	173	0	171	173	172M
1846	6798	2.217E-308	0.996	0.000E+00	0	618	620	0	618	620	619M
1847	6797	8.095E-74	1.00	8.304E-74	0	111	113	0	111	113	112M
1848	6796	1.694E-320	1.00	1.739E-320	0	488	490	0	488	490	489M
1849	6795	1.739E-98	1.00	1.660E-98	0	143	145	0	143	145	144M
1850	6794	2.217E-308	1.00	0.000E+00	0	1152	1154	0	1152	1154	1153M
1851	6793	6.594E-72	0.983	6.759E-72	0	117	119	0	117	119	118M
1852	6792	5.183E-211	0.984	4.954E-211	0	312	314	0	312	314	313M
1853	6791	4.262E-174	0.992	4.452E-174	0	258	260	0	258	260	259M
1854	6790	1.329E-110	1.00	1.288E-110	0	167	169	0	167	169	168M
1855	6789	5.242E-138	0.977	5.087E-138	0	220	222	0	220	222	221M
1856	6788	1.689E-48	1.00	1.663E-48	0	87	89	0	87	89	88M
1857	6787	6.212E-165	1.00	6.148E-165	0	243	245	0	243	245	244M
1858	6786	1.797E-188	0.989	1.809E-188	0	284	286	0	284	286	285M
1859	5734	2.470E-79	1.00	2.452E-79	0	122	124	89	211	213	123M
1860	5735	1.027E-165	0.988	1.015E-165	0	265	267	0	265	267	266M
1861	5736	2.217E-308	0.986	0.000E+00	0	611	613	0	611	613	612M
1862	5737	5.287E-296	0.997	5.072E-296	0	453	455	0	453	455	454M
1863	5738	7.350E-114	0.976	7.643E-114	0	170	172	0	170	172	171M
1864	5739	1.391E-205	0.993	1.392E-205	0	304	306	0	304	306	305M
1865	5740	3.831E-94	1.00	3.757E-94	0	148	150	0	148	150	149M
1866	5741	1.420E-97	1.00	1.432E-97	0	155	157	0	155	157	156M
1867	5742	2.810E-245	0.997	2.945E-245	0	372	374	0	372	374	373M
1868	5743	1.340E-268	1.00	1.286E-268	0	428	430	0	428	430	429M
1869	5744	9.625E-257	1.00	9.524E-257	0	406	408	0	406	408	407M
1870	5745	6.476E-65	1.00	6.581E-65	0	110	112	0	110	112	111M
1871	5746	4.752E-100	1.00	4.523E-100	0	160	162	0	160	162	161M
1872	5747	9.277E-88	0.931	9.484E-88	0	146	148	0	146	148	147M
1873	7664	8.885E-110	0.409	8.897E-110	22	498	508	12	491	507	74M1D288M3I8M4D7M2I14M4D47M1I33M
1875	5748	9.100E-274	0.997	8.951E-274	0	403	405	0	403	405	404M
1876	5749	8.178E-194	0.992	7.903E-194	0	283	285	0	283	285	284M
1877	5750	4.351E-182	0.982	4.475E-182	0	282	284	0	282	284	283M
1878	5751	2.960E-265	0.977	2.992E-265	0	405	407	0	405	407	406M
1879	5753	2.279E-164	0.972	2.310E-164	0	251	253	0	251	253	252M
1880	6696	2.217E-308	1.00	0.000E+00	0	551	553	0	551	553	552M
1881	6695	7.609E-322	0.997	7.806E-322	0	489	491	0	489	491	490M
1882	6694	2.833E-132	1.00	2.792E-132	0	206	208	0	206	208	207M
1883	6693	2.217E-308	0.992	0.000E+00	0	539	541	0	539	541	540M
1884	6692	2.217E-308	1.00	0.000E+00	0	687	689	0	687	689	688M
1885	6691	8.422E-128	1.00	8.027E-128	0	203	205	0	203	205	204M
1886	6690	1.627E-111	1.00	1.633E-111	0	170	172	0	170	172	171M
1887	6689	5.813E-31	1.00	5.799E-31	0	65	67	0	65	67	66M
1888	6688	8.838E-224	0.993	8.761E-224	0	331	333	0	331	333	332M
1889	6687	4.817E-260	1.00	4.824E-260	0	419	421	0	419	421	420M
1890	6686	1.644E-115	1.00	1.605E-115	0	175	177	0	175	177	176M
1891	6685	8.075E-73	1.00	7.962E-73	0	112	114	0	112	114	113M
1892	6684	2.217E-308	0.998	0.000E+00	0	663	665	0	663	665	664M
1893	6683	2.558E-286	1.00	2.479E-286	0	418	420	0	418	420	419M
1894	6682	1.265E-91	1.00	1.282E-91	0	138	140	0	138	140	139M
1895	6681	7.647E-168	0.977	7.434E-168	0	261	263	0	261	263	262M
1896	6680	5.573E-123	0.989	5.585E-123	0	192	194	0	192	194	193M
1897	6679	9.586E-62	0.989	9.905E-62	0	98	100	0	98	100	99M
1898	6678	2.117E-174	1.00	2.118E-174	0	269	271	0	269	271	270M
1899	7988	3.386E-201	1.00	3.231E-201	0	310	312	0	310	312	311M
1900	7987	1.772E-260	0.997	1.693E-260	0	410	412	0	410	412	411M
1901	7986	2.967E-266	1.00	3.110E-266	0	397	399	0	397	399	398M
1902	7985	2.513E-163	0.955	2.498E-163	0	248	250	0	248	250	249M
1903	7984	6.754E-236	0.980	6.601E-236	0	354	356	0	354	356	355M
1904	7983	1.594E-103	0.988	1.521E-103	0	171	173	0	171	173	172M
1905	7982	1.531E-126	0.989	1.460E-126	0	191	193	0	191	193	192M
1906	7056	2.779E-318	0.997	2.686E-318	0	488	490	0	488	490	489M
1907	7057	3.093E-321	0.997	3.019E-321	0	491	493	0	491	493	492M
1908	7058	6.426E-62	1.00	6.722E-62	0	103	105	0	103	105	104M
1909	7059	5.909E-223	1.00	5.952E-223	0	345	347	0	345	347	346M
1910	7060	1.609E-184	1.00	1.688E-184	0	284	286	0	284	286	285M
1911	7061	5.361E-108	0.993	5.587E-108	0	162	164	0	162	164	163M
1912	7062	1.114E-119	0.994	1.066E-119	0	185	187	0	185	187	186M
1913	7063	6.201E-319	1.00	6.039E-319	0	483	485	0	483	485	484M
1914	7064	3.448E-34	1.00	3.434E-34	0	56	58	0	56	58	57M
1915	7065	3.627E-305	0.995	3.498E-305	0	460	462	0	460	462	461M
1916	7066	1.401E-169	1.00	1.357E-169	0	243	245	0	243	245	244M
1917	7067	7.095E-139	1.00	6.751E-139	0	204	206	0	204	206	205M
1918	7068	2.217E-308	0.998	0.000E+00	0	502	504	0	502	504	503M
1919	6677	3.948E-67	1.00	4.086E-67	3	103	105	0	100	102	101M
1920	6676	3.517E-61	0.979	3.508E-61	0	98	100	0	98	100	99M
1921	6675	4.258E-251	0.997	4.246E-251	0	354	356	0	354	356	355M
1922	6674	2.250E-159	0.988	2.156E-159	0	253	255	0	253	255	254M
1923	6673	2.815E-207	0.970	2.792E-207	0	308	310	0	308	310	309M
1924	6672	1.100E-269	0.992	1.088E-269	0	402	404	0	402	404	403M
1925	6671	6.502E-260	1.00	6.794E-260	0	406	408	0	406	408	407M
1926	6670	7.446E-119	1.00	7.149E-119	0	172	174	0	172	174	173M
1927	6669	5.680E-169	0.963	5.577E-169	0	273	275	0	273	275	274M
1928	6668	8.539E-172	0.996	8.742E-172	0	263	265	0	263	265	264M
1929	6667	5.665E-168	1.00	5.685E-168	0	262	264	0	262	264	263M
1930	6666	2.786E-319	0.997	2.827E-319	0	487	489	0	487	489	488M
1931	6665	2.217E-308	0.987	0.000E+00	0	545	547	0	545	547	546M
1932	6664	6.132E-276	0.992	5.986E-276	0	397	399	0	397	399	398M
1933	6663	2.791E-281	0.993	2.797E-281	0	431	433	0	431	433	432M
1934	6662	2.360E-100	0.987	2.294E-100	0	159	161	0	159	161	160M
1935	6661	8.560E-289	1.00	8.847E-289	0	439	441	0	439	441	440M
1936	6660	4.662E-170	0.988	4.793E-170	0	261	263	0	261	263	262M
1937	6659	1.050E-251	0.980	1.049E-251	0	405	407	0	405	407	406M
1938	6658	1.015E-238	0.983	9.691E-239	2	356	358	26	380	382	355M
1939	4971	1.181E-18	0.976	1.185E-18	0	41	44	142	183	444	42M
1941	4971	2.511E-124	0.989	2.619E-124	0	194	196	248	442	444	195M
1942	4972	2.311E-208	0.522	2.422E-208	0	640	642	0	647	650	35M1D16M7D49M1I20M7D123M2I12M3D59M1I196M2D31M11I26M1I7M1I18M1I24M5D7M
1943	4973	8.422E-128	0.994	8.375E-128	0	184	186	0	184	186	185M
1944	4974	5.734E-134	1.00	5.766E-134	0	204	206	0	204	206	205M
1945	4975	8.165E-116	0.982	8.541E-116	0	175	177	0	175	177	176M
1946	4976	2.603E-138	0.981	2.707E-138	0	220	222	0	220	222	221M
1947	4977	2.100E-171	0.988	2.147E-171	0	262	264	0	262	264	263M
1948	4978	2.217E-308	1.00	0.000E+00	0	482	484	0	482	484	483M
1949	4979	4.040E-192	0.989	4.131E-192	0	280	282	0	280	282	281M
1950	4980	6.310E-55	0.988	6.412E-55	0	89	91	0	89	91	90M
1951	4981	1.086E-148	0.995	1.073E-148	0	227	229	0	227	229	228M
1952	4982	6.408E-177	0.989	6.109E-177	0	272	274	0	272	274	273M
1953	4983	8.394E-88	0.992	8.667E-88	0	131	133	0	131	133	132M
1954	4984	2.217E-308	0.976	0.000E+00	0	643	645	0	643	645	644M
1955	4985	2.095E-170	0.972	2.081E-170	0	250	252	0	250	252	251M
1956	4986	4.200E-207	0.993	4.162E-207	0	330	332	0	330	332	331M
1957	4987	8.629E-60	1.00	8.491E-60	0	105	107	0	105	107	106M
1958	4988	2.601E-99	0.974	2.731E-99	0	158	160	0	158	160	159M
1959	4989	2.692E-267	0.997	2.652E-267	0	405	407	0	405	407	406M
1960	4990	1.661E-235	0.997	1.621E-235	0	353	355	0	353	355	354M
1961	7332	1.382E-280	0.995	1.321E-280	0	417	419	0	417	419	418M
1962	7333	1.043E-171	1.00	1.090E-171	0	261	263	0	261	263	262M
1963	7334	2.217E-308	0.998	0.000E+00	0	744	746	0	744	746	745M
1964	7335	2.217E-308	0.994	0.000E+00	0	566	568	0	566	568	567M
1965	7336	1.257E-282	0.997	1.211E-282	0	438	440	0	438	440	439M
1966	7337	2.303E-284	0.995	2.268E-284	0	427	429	0	427	429	428M
1967	7338	1.066E-102	1.00	1.072E-102	0	159	161	0	159	161	160M
1968	7339	2.217E-308	0.987	0.000E+00	0	479	481	0	479	481	480M
1969	7340	1.001E-155	0.995	1.010E-155	0	245	247	0	245	247	246M
1970	7341	2.246E-197	1.00	2.244E-197	0	297	299	0	297	299	298M
1971	7342	4.602E-281	0.997	4.676E-281	0	415	417	0	415	417	416M
1972	7343	2.217E-308	0.995	0.000E+00	0	613	615	0	613	615	614M
1973	7344	1.549E-208	0.990	1.539E-208	0	300	302	0	300	302	301M
1974	7345	1.899E-248	0.989	1.933E-248	0	377	379	0	377	379	378M
1975	7346	1.493E-271	0.990	1.520E-271	0	405	407	0	405	407	406M
1976	6099	2.815E-207	0.996	2.927E-207	0	309	311	0	309	311	310M
1977	6098	2.217E-308	0.984	0.000E+00	0	652	654	0	652	654	653M
1978	6097	9.405E-132	0.966	9.107E-132	0	210	213	0	210	213	211M
1979	6096	2.786E-203	0.987	2.859E-203	0	310	312	0	310	312	311M
1980	6095	7.286E-188	0.993	7.349E-188	0	287	289	0	287	289	288M
1981	6094	9.760E-185	0.989	9.419E-185	0	285	287	0	285	287	286M
1982	6093	1.637E-152	0.995	1.696E-152	0	242	244	0	242	244	243M
1983	6092	2.137E-139	1.00	2.172E-139	0	220	222	0	220	222	221M
1984	6091	6.914E-129	0.986	6.942E-129	0	218	220	0	218	220	219M
1985	6090	1.165E-59	1.00	1.219E-59	0	93	95	0	93	95	94M
1986	6089	1.151E-209	0.990	1.120E-209	0	318	320	0	318	320	319M
1987	6088	2.217E-308	0.974	0.000E+00	3	1156	1158	0	1153	1155	1154M
1988	6087	2.217E-308	0.994	0.000E+00	0	537	539	0	537	539	538M
1989	6086	5.714E-94	0.993	5.669E-94	0	150	152	0	150	152	151M
1990	6085	6.207E-126	1.00	6.336E-126	0	202	204	0	202	204	203M
1991	6084	1.149E-131	0.985	1.118E-131	0	202	204	0	202	204	203M
1992	6083	1.532E-49	1.00	1.517E-49	0	77	79	0	77	79	78M
1993	6082	3.484E-212	0.984	3.383E-212	23	411	413	0	389	391	157M1D232M
1994	5550	7.362E-192	1.00	7.027E-192	0	298	300	0	298	300	299M
1995	5551	6.520E-145	1.00	6.363E-145	0	224	226	0	224	226	225M
1996	5552	2.325E-133	0.990	2.308E-133	0	200	202	0	200	202	201M
1997	5553	2.685E-150	0.987	2.810E-150	0	230	232	0	230	232	231M
1998	5554	1.316E-145	1.00	1.254E-145	0	223	225	0	223	225	224M
1999	5555	2.765E-200	0.996	2.800E-200	0	309	311	0	309	311	310M
2000	5556	2.217E-308	0.994	0.000E+00	0	1109	1111	0	1109	1111	1110M
2001	5557	2.217E-308	0.996	0.000E+00	0	612	614	0	612	614	613M
2002	5558	1.355E-195	0.989	1.351E-195	0	297	299	0	297	299	298M
2003	5559	3.409E-165	0.996	3.324E-165	0	250	252	0	250	252	251M
2004	5560	3.903E-256	0.979	4.057E-256	0	383	385	0	383	385	384M
2005	5561	7.754E-96	1.00	7.513E-96	0	152	154	0	152	154	153M
2006	5562	5.620E-281	0.997	5.875E-281	0	447	449	0	447	449	448M
2007	5563	7.489E-276	0.997	7.401E-276	0	415	417	0	415	417	416M
2008	5564	1.633E-267	0.983	1.567E-267	0	414	416	0	414	416	415M
2009	5198	2.217E-308	1.00	0.000E+00	0	496	498	0	496	498	497M
2010	5199	3.406E-242	1.00	3.430E-242	0	368	370	0	368	370	369M
2011	5200	9.809E-303	1.00	9.920E-303	0	446	448	0	446	448	447M
2012	5201	6.069E-156	1.00	6.104E-156	0	241	243	0	241	243	242M
2013	5202	1.469E-110	1.00	1.468E-110	0	183	185	0	183	185	184M
2014	5203	8.386E-165	0.992	8.164E-165	0	249	251	0	249	251	250M
2015	5204	3.867E-175	1.00	3.855E-175	0	273	275	0	273	275	274M
2016	5205	7.149E-258	0.997	6.909E-258	0	397	399	0	397	399	398M
2017	5206	8.649E-293	0.993	8.471E-293	0	450	452	0	450	452	451M
2018	5207	2.217E-308	0.956	0.000E+00	0	845	847	0	840	842	572M5I269M
2019	5208	1.902E-94	1.00	1.826E-94	0	166	168	0	166	168	167M
2020	5209	2.725E-233	0.997	2.755E-233	0	355	357	0	355	357	356M
2021	5210	4.333E-103	1.00	4.364E-103	0	160	162	0	160	162	161M
2022	5211	1.051E-174	1.00	1.060E-174	0	261	263	0	261	263	262M
2023	5212	5.828E-179	0.996	5.605E-179	0	293	295	0	293	295	294M
2024	5213	5.700E-93	0.993	5.784E-93	0	159	161	0	159	161	160M
2025	5214	3.235E-222	0.997	3.309E-222	0	348	350	0	348	350	349M
2026	5215	1.265E-91	1.00	1.310E-91	0	145	147	0	145	147	146M
2027	5216	9.878E-151	0.982	9.467E-151	0	227	229	0	227	229	228M
2028	7289	1.325E-109	0.957	1.328E-109	0	164	165	0	164	211	165M
2031	7288	2.347E-98	0.993	2.372E-98	0	157	159	0	157	159	158M
2032	7287	2.217E-308	0.998	0.000E+00	0	1075	1077	0	1075	1077	1076M
2033	7286	2.153E-258	0.997	2.075E-258	0	378	380	0	378	380	379M
2034	7285	2.397E-106	0.989	2.312E-106	0	194	196	0	194	196	195M
2035	7284	3.067E-124	0.994	2.999E-124	0	177	179	0	177	179	178M
2036	7283	6.442E-63	1.00	6.205E-63	0	106	108	0	106	108	107M
2037	7282	2.596E-137	1.00	2.665E-137	0	215	217	0	215	217	216M
2038	7281	2.217E-308	0.998	0.000E+00	0	630	632	0	630	632	631M
2039	7280	3.544E-180	0.989	3.692E-180	0	281	284	0	281	284	282M
2040	7279	1.589E-63	1.00	1.514E-63	0	103	105	0	103	105	104M
2041	7278	1.084E-70	0.940	1.106E-70	0	116	118	0	116	122	117M
2042	7277	2.217E-308	0.972	0.000E+00	0	586	588	0	586	588	587M
2043	7276	5.874E-182	0.996	5.852E-182	0	281	283	0	281	283	282M
2044	7275	1.333E-150	0.990	1.338E-150	0	221	223	0	221	223	222M
2045	7274	9.277E-88	1.00	9.299E-88	0	139	141	0	139	141	140M
2046	7273	9.485E-290	0.997	9.309E-290	0	438	440	0	438	440	439M
2047	8324	1.925E-60	1.00	1.921E-60	0	94	96	0	94	96	95M
2048	8325	1.593E-64	1.00	1.657E-64	0	103	105	0	103	105	104M
2049	8326	2.217E-308	1.00	0.000E+00	0	802	804	0	802	804	803M
2050	8326	2.217E-308	1.00	0.000E+00	0	802	804	0	802	804	803M
2051	8325	1.593E-64	1.00	1.657E-64	0	103	105	0	103	105	104M
2052	8324	1.925E-60	1.00	1.921E-60	0	94	96	0	94	96	95M
2055	8324	1.363E-23	0.548	1.356E-23	0	92	104	0	92	96	93M
2059	5512	3.675E-194	1.00	3.587E-194	0	293	295	0	293	295	294M
2060	5511	1.012E-314	1.00	1.061E-314	0	490	492	0	490	492	491M
2063	5511	1.012E-314	1.00	1.061E-314	0	490	492	0	490	492	491M
2064	5512	3.675E-194	1.00	3.587E-194	0	293	295	0	293	295	294M
2068	8324	1.363E-23	0.548	1.356E-23	0	92	104	0	92	96	93M
2069	7151	6.714E-79	0.976	6.969E-79	0	124	126	0	124	252	125M
2070	7152	2.806E-167	0.995	2.889E-167	0	243	245	0	243	245	244M
2071	7153	1.976E-323	0.981	1.976E-323	0	530	532	0	530	532	531M
2072	7154	2.217E-308	0.968	0.000E+00	0	535	537	0	535	537	536M
2073	7155	3.110E-25	0.941	3.117E-25	0	50	52	0	50	52	51M
2074	7156	1.616E-263	0.992	1.578E-263	0	382	384	0	382	384	383M
2075	7157	5.482E-194	0.996	5.326E-194	0	288	290	0	288	290	289M
2076	7158	2.217E-308	0.977	0.000E+00	0	541	543	0	541	543	542M
2077	7159	2.217E-308	0.965	0.000E+00	0	979	981	0	979	981	980M
2078	7160	7.192E-299	0.990	7.549E-299	0	435	437	0	435	437	436M
2079	7161	1.960E-299	0.606	1.958E-299	0	765	767	0	750	752	67M1I97M4I269M1I18M3I4M1D8M1D29M2I51M1D7M3I37M5I77M1D83M
2080	7162	5.170E-210	0.990	5.007E-210	0	321	323	0	321	323	322M
2081	7163	2.079E-167	0.984	1.978E-167	0	255	257	0	255	257	256M
2082	7164	1.110E-195	0.987	1.162E-195	0	314	316	0	314	316	315M
2083	7165	8.094E-190	0.993	8.122E-190	0	312	314	0	312	314	313M
2084	7166	6.767E-24	1.00	6.735E-24	0	42	44	0	42	44	43M
2085	7052	5.634E-15	1.00	5.621E-15	0	29	30	0	29	112	30M
2086	7051	1.529E-203	1.00	1.552E-203	0	297	299	0	297	299	298M
2087	7050	1.154E-94	0.986	1.202E-94	0	144	146	0	144	146	145M
2088	7049	2.075E-89	0.992	2.103E-89	0	139	141	0	139	141	140M
2089	7048	3.227E-105	0.987	3.230E-105	0	163	165	0	163	165	164M
2090	7047	3.900E-101	1.00	3.798E-101	0	161	163	0	161	163	162M
2091	7046	6.476E-65	1.00	6.419E-65	0	103	105	0	103	105	104M
2092	7045	2.217E-308	0.993	0.000E+00	0	622	624	0	622	624	623M
2093	7044	1.387E-88	0.993	1.342E-88	0	158	160	0	158	160	159M
2094	7043	1.950E-65	0.990	2.044E-65	0	99	101	0	99	101	100M
2095	7042	1.718E-132	1.00	1.767E-132	0	203	205	0	203	205	204M
2096	7041	1.195E-185	0.978	1.234E-185	0	282	284	0	282	284	283M
2097	7040	2.235E-195	1.00	2.340E-195	0	302	304	0	302	304	303M
2098	7039	4.416E-149	0.982	4.228E-149	0	234	236	0	234	236	235M
2099	7038	3.313E-270	0.997	3.156E-270	0	416	418	0	416	418	417M
2100	7037	8.306E-200	1.00	8.390E-200	0	319	321	0	319	321	320M
2101	7036	2.217E-308	1.00	0.000E+00	0	632	634	0	632	634	633M
2102	7035	1.593E-64	1.00	1.541E-64	0	108	110	0	108	110	109M
2103	7034	9.826E-265	1.00	9.572E-265	0	376	378	0	376	378	377M
2104	7033	9.921E-114	0.984	9.571E-114	0	188	190	0	188	190	189M
2105	7032	1.794E-226	0.979	1.871E-226	0	341	343	0	341	343	342M
2106	7031	1.096E-229	0.997	1.118E-229	0	344	346	0	344	346	345M
2107	6556	6.128E-121	0.979	6.046E-121	0	192	193	0	192	297	193M
2108	6555	2.217E-308	0.992	0.000E+00	0	504	506	0	504	506	505M
2109	6554	1.101E-192	0.996	1.097E-192	0	292	294	0	292	294	293M
2110	6553	5.425E-306	1.00	5.650E-306	0	475	477	0	475	477	476M
2111	6552	2.743E-313	1.00	2.664E-313	0	478	480	0	478	480	479M
2112	6551	5.413E-73	0.991	5.666E-73	0	118	120	0	118	120	119M
2113	6550	9.307E-244	0.991	9.758E-244	0	366	368	0	366	368	367M
2114	6549	9.291E-282	0.995	8.919E-282	0	420	422	0	420	422	421M
2115	6548	9.495E-97	1.00	9.074E-97	0	154	156	0	154	156	155M
2116	6547	5.108E-244	0.994	5.317E-244	0	380	382	0	380	382	381M
2117	6546	2.217E-308	0.985	0.000E+00	0	695	697	0	695	697	696M
2118	6545	2.730E-79	0.976	2.836E-79	0	125	127	0	125	127	126M
2119	6544	2.247E-81	0.991	2.254E-81	0	123	125	0	123	125	124M
2120	6543	9.802E-148	1.00	9.598E-148	0	220	222	0	220	222	221M
2121	6542	1.984E-149	0.991	2.048E-149	0	232	234	0	232	234	233M
2122	6539	4.439E-151	0.987	4.656E-151	0	232	234	0	232	234	233M
2123	6538	1.200E-264	0.990	1.213E-264	0	408	410	0	408	410	409M
2124	7897	4.871E-303	0.997	4.750E-303	0	464	466	0	464	466	465M
2125	7896	1.874E-243	1.00	1.964E-243	0	381	383	0	381	383	382M
2126	7895	3.716E-237	0.997	3.570E-237	0	359	361	0	359	361	360M
2127	7894	2.217E-308	1.00	0.000E+00	0	821	823	0	821	823	822M
2128	7893	7.325E-74	0.992	7.689E-74	0	129	131	0	129	131	130M
2129	7892	4.504E-118	0.994	4.480E-118	0	184	186	0	184	186	185M
2130	7891	2.217E-308	0.998	0.000E+00	0	642	644	0	642	644	643M
2131	7890	1.761E-219	0.994	1.683E-219	0	333	335	0	333	335	334M
2132	7889	6.531E-107	1.00	6.375E-107	0	169	182	0	169	336	170M
2133	7889	2.534E-205	1.00	2.414E-205	2	309	311	27	334	336	308M
2134	7888	3.556E-220	0.997	3.482E-220	0	333	335	0	333	335	334M
2135	7887	3.979E-70	1.00	4.011E-70	0	110	112	0	110	112	111M
2136	7886	1.081E-185	0.960	1.124E-185	0	280	282	0	280	282	281M
2137	7885	3.212E-258	0.997	3.230E-258	0	374	376	0	374	376	375M
2138	7884	3.262E-264	1.00	3.389E-264	0	403	405	0	403	405	404M
2139	7580	2.091E-208	0.996	2.001E-208	0	319	321	0	319	321	320M
2140	7579	1.610E-223	0.997	1.667E-223	0	338	340	0	338	340	339M
2141	7578	3.024E-312	0.958	3.010E-312	0	510	512	0	510	512	511M
2142	7577	1.787E-302	0.989	1.837E-302	0	466	468	0	466	468	467M
2143	7576	5.636E-166	0.988	5.856E-166	0	260	262	0	260	262	261M
2144	7575	9.972E-232	0.994	1.003E-231	0	351	353	0	351	353	352M
2145	7574	4.135E-201	0.996	4.171E-201	0	302	304	0	302	304	303M
2146	7573	5.548E-276	0.985	5.461E-276	0	422	424	0	422	424	423M
2147	7572	1.633E-151	0.974	1.645E-151	0	230	232	0	230	232	231M
2148	7571	2.217E-308	0.974	0.000E+00	0	550	552	0	550	552	551M
2149	7570	1.650E-155	0.980	1.633E-155	0	262	264	0	262	264	263M
2150	7569	3.493E-213	0.955	3.324E-213	0	333	335	0	333	335	334M
2151	7568	9.133E-198	1.00	8.833E-198	0	304	306	0	304	306	305M
2152	7567	9.062E-195	1.00	8.699E-195	0	283	285	0	283	285	284M
2153	7566	1.012E-82	0.984	9.803E-83	0	130	132	0	130	132	131M
2154	7565	1.029E-127	0.990	1.001E-127	0	201	203	0	201	203	202M
2155	7564	7.887E-296	0.993	7.547E-296	0	448	450	0	448	450	449M
2156	7856	2.384E-220	0.990	2.314E-220	0	331	333	37	368	370	332M
2157	7857	4.535E-314	0.997	4.323E-314	0	466	468	0	466	468	467M
2158	7858	6.277E-169	0.992	6.257E-169	0	262	264	0	262	264	263M
2159	7859	2.442E-152	0.995	2.365E-152	0	229	231	0	229	231	230M
2160	7860	4.337E-142	1.00	4.492E-142	0	216	218	0	216	218	217M
2161	7861	1.764E-297	1.00	1.847E-297	0	436	438	0	436	438	437M
2162	7862	2.214E-114	0.994	2.269E-114	0	171	173	0	171	173	172M
2163	7863	2.217E-308	1.00	0.000E+00	0	671	673	0	671	673	672M
2164	7864	2.753E-121	0.989	2.874E-121	0	182	184	0	182	184	183M
2165	7865	7.369E-115	0.968	7.673E-115	0	188	190	0	188	190	189M
2166	7866	1.273E-132	1.00	1.289E-132	0	203	205	0	203	205	204M
2167	7867	1.754E-140	0.990	1.743E-140	0	220	222	0	220	222	221M
2168	7868	1.594E-103	0.993	1.614E-103	0	159	161	0	159	161	160M
2169	7869	2.217E-308	0.996	0.000E+00	0	565	567	0	565	567	566M
2170	7870	1.751E-62	0.980	1.722E-62	0	101	103	0	101	103	102M
2171	7871	1.291E-60	1.00	1.305E-60	0	99	101	0	99	101	100M
2172	7872	1.529E-203	0.989	1.528E-203	0	290	292	0	290	292	291M
2173	7873	1.301E-63	1.00	1.278E-63	0	106	108	0	106	108	107M
2174	7874	8.681E-101	1.00	8.483E-101	0	158	160	0	158	160	159M
2175	7875	2.217E-308	1.00	0.000E+00	0	533	535	0	533	535	534M
2176	7989	2.001E-307	0.993	1.928E-307	0	487	513	0	487	492	488M
2177	7990	9.520E-40	1.00	9.496E-40	0	66	68	0	66	68	67M
2178	7991	1.654E-156	0.995	1.624E-156	0	233	235	0	233	235	234M
2179	7992	1.908E-250	0.997	1.854E-250	0	399	401	0	399	405	400M
2180	7993	2.217E-308	0.998	0.000E+00	11	701	703	1	691	693	691M
2181	7994	1.026E-126	1.00	1.015E-126	0	190	192	0	190	192	191M
2182	7995	2.217E-308	0.989	0.000E+00	0	847	849	0	847	849	848M
2183	7996	8.429E-167	0.980	8.834E-167	0	260	262	0	260	262	261M
2184	7997	1.993E-112	0.994	2.030E-112	0	166	168	0	166	168	167M
2185	7998	4.987E-80	1.00	4.814E-80	0	121	123	0	121	123	122M
2186	7999	2.317E-209	0.986	2.434E-209	0	301	303	0	301	303	302M
2187	8000	3.041E-24	1.00	3.044E-24	0	45	47	0	45	47	46M
2188	8001	7.860E-256	0.992	7.523E-256	0	376	378	0	376	379	377M
2191	7434	3.575E-222	1.00	3.591E-222	0	344	345	0	344	699	345M
2192	7435	7.229E-301	0.989	7.253E-301	0	491	493	0	491	493	492M
2193	7436	2.254E-121	0.994	2.347E-121	0	191	193	0	191	193	192M
2194	7437	1.382E-280	0.971	1.384E-280	0	418	420	0	418	420	419M
2195	7438	2.687E-189	1.00	2.604E-189	0	283	285	0	283	285	284M
2196	7439	1.580E-293	0.997	1.630E-293	0	462	464	0	462	464	463M
2197	7440	2.217E-308	0.996	0.000E+00	0	521	523	0	521	523	522M
2198	7441	1.391E-89	0.993	1.356E-89	0	143	145	26	169	171	144M
2199	7442	2.736E-196	0.989	2.665E-196	0	296	298	0	296	298	297M
2200	7443	7.733E-211	1.00	7.651E-211	0	328	330	0	328	330	329M
2201	7444	5.704E-132	1.00	5.852E-132	0	215	217	0	215	217	216M
2202	7445	1.292E-99	0.993	1.320E-99	0	156	158	0	156	158	157M
2203	7446	2.200E-189	0.973	2.144E-189	0	303	335	0	303	391	304M
2204	7446	1.539E-43	0.986	1.534E-43	0	75	77	314	389	391	76M
2205	7447	5.930E-147	1.00	5.779E-147	0	238	240	0	238	240	239M
2206	7448	2.217E-308	0.983	0.000E+00	0	917	919	0	917	919	918M
2207	7449	3.198E-28	0.981	3.208E-28	0	52	54	0	52	54	53M
2208	7450	3.096E-89	0.992	2.961E-89	0	133	135	13	146	148	134M
2209	5883	2.217E-308	0.814	0.000E+00	0	687	688	20	710	1059	382M3D306M
2210	5883	2.217E-308	0.875	0.000E+00	0	1034	1036	20	1057	1059	382M3D653M
2211	5882	2.217E-308	0.955	0.000E+00	0	1481	1603	0	1480	1636	348M1I1133M
2214	5882	2.217E-308	0.955	0.000E+00	0	1481	1603	0	1480	1636	348M1I1133M
2215	5883	2.217E-308	0.998	0.000E+00	3	600	602	460	1057	1059	598M
2216	5883	9.758E-301	0.997	9.392E-301	0	447	451	13	460	1059	448M
2218	6028	2.699E-268	0.987	2.662E-268	0	403	405	0	403	405	404M
2219	6027	2.345E-175	0.988	2.443E-175	0	270	272	0	270	272	271M
2220	6026	3.043E-121	0.954	3.117E-121	0	197	199	0	197	199	198M
2221	6025	1.626E-188	0.953	1.633E-188	0	300	304	0	300	302	301M
2222	6024	1.230E-80	1.00	1.265E-80	0	126	128	0	126	128	127M
2223	6023	8.449E-322	0.995	8.498E-322	0	484	486	0	484	486	485M
2224	6022	1.447E-259	0.966	1.419E-259	0	388	390	0	388	390	389M
2225	6021	5.965E-304	1.00	6.020E-304	0	467	469	0	467	469	468M
2226	6020	1.532E-322	0.989	1.532E-322	0	488	490	0	488	490	489M
2227	6019	3.389E-240	0.991	3.235E-240	0	344	346	0	344	346	345M
2228	6018	3.791E-206	0.996	3.643E-206	0	309	311	0	309	311	310M
2229	6017	4.735E-176	0.996	4.750E-176	0	262	264	0	262	264	263M
2230	6016	1.270E-131	1.00	1.329E-131	0	199	201	0	199	201	200M
2231	6015	5.256E-139	1.00	5.336E-139	0	219	221	0	219	221	220M
2232	6014	1.742E-60	1.00	1.828E-60	0	93	95	0	93	95	94M
2233	6013	3.407E-126	0.989	3.419E-126	0	189	191	0	189	191	190M
2234	6012	6.771E-237	0.994	6.939E-237	0	353	355	0	353	355	354M
2235	5565	3.093E-282	0.995	3.083E-282	0	431	433	0	431	433	432M
2236	5566	7.668E-53	1.00	7.514E-53	0	83	85	0	83	85	84M
2237	5567	6.543E-69	0.990	6.564E-69	0	109	111	0	109	111	110M
2238	5568	4.083E-80	0.984	4.262E-80	0	125	127	0	125	127	126M
2239	5569	2.086E-91	0.985	2.086E-91	0	135	137	0	135	137	136M
2240	5570	4.415E-265	0.967	4.449E-265	0	400	402	0	400	402	401M
2241	5571	1.170E-138	0.976	1.174E-138	0	209	211	0	209	211	210M
2242	5572	5.591E-43	1.00	5.598E-43	0	63	65	0	63	65	64M
2243	5573	1.086E-148	0.995	1.037E-148	0	213	215	0	213	215	214M
2244	5574	5.970E-227	0.988	6.026E-227	0	337	339	0	337	339	338M
2245	5575	3.910E-218	0.991	3.933E-218	0	333	335	0	333	335	334M
2246	5576	4.909E-190	0.989	4.742E-190	0	287	289	0	287	289	288M
2247	5577	1.161E-135	1.00	1.191E-135	0	202	204	0	202	204	203M
2248	5578	2.217E-308	1.00	0.000E+00	0	569	571	0	569	571	570M
2250	5579	4.663E-54	0.988	4.582E-54	0	84	86	0	84	86	85M
2251	5580	2.639E-182	1.00	2.706E-182	0	278	280	0	278	280	279M
2252	5581	2.217E-308	0.990	0.000E+00	0	518	520	0	518	520	519M
2253	5582	9.837E-72	1.00	9.498E-72	0	111	113	0	111	113	112M
2254	5583	1.441E-64	1.00	1.432E-64	0	113	115	0	113	115	114M
2255	5584	1.367E-121	0.989	1.309E-121	0	192	194	0	192	194	193M
2256	5585	5.469E-77	1.00	5.233E-77	0	135	137	265	400	402	136M
2257	5709	2.055E-35	0.966	2.063E-35	0	59	65	0	59	68	60M
2258	5710	1.361E-158	1.00	1.325E-158	0	238	240	0	238	240	239M
2259	5711	3.451E-131	1.00	3.591E-131	0	200	202	0	200	202	201M
2260	5712	2.012E-193	0.996	1.997E-193	0	296	298	0	296	298	297M
2261	5713	4.393E-147	0.981	4.566E-147	0	213	215	0	213	215	214M
2262	5714	9.861E-189	0.990	9.645E-189	0	310	313	0	310	312	311M
2263	5715	6.116E-275	0.982	5.858E-275	0	446	448	0	446	448	447M
2264	5716	1.060E-100	0.974	1.057E-100	0	155	158	0	155	157	156M
2265	5717	3.397E-241	0.997	3.447E-241	0	350	352	0	350	352	351M
2266	5718	2.315E-170	0.996	2.215E-170	0	258	260	0	258	260	259M
2267	5719	3.745E-124	1.00	3.633E-124	0	181	183	0	181	183	182M
2268	5720	1.179E-141	0.995	1.138E-141	0	209	211	0	209	211	210M
2269	5721	1.910E-289	0.963	1.988E-289	0	434	436	0	434	436	435M
2270	5722	5.965E-304	1.00	6.241E-304	0	461	463	0	461	463	462M
2271	5723	4.427E-150	0.964	4.369E-150	0	226	228	0	226	228	227M
2272	5724	6.777E-276	0.988	6.818E-276	0	420	422	0	420	422	421M
2273	5725	3.764E-242	0.981	3.593E-242	0	369	371	0	369	371	370M
2275	5769	4.947E-309	1.00	5.043E-309	0	446	448	0	446	448	447M
2276	5770	1.683E-124	0.994	1.738E-124	0	192	194	0	192	194	193M
2277	5771	2.217E-308	1.00	0.000E+00	0	626	628	0	626	628	627M
2278	5772	8.451E-168	0.992	8.166E-168	0	263	265	0	263	265	264M
2279	5773	2.208E-113	0.988	2.229E-113	0	166	168	0	166	168	167M
2280	5774	1.350E-232	0.988	1.341E-232	0	335	337	0	335	337	336M
2281	5775	3.229E-260	0.997	3.336E-260	0	384	386	0	384	386	385M
2282	5776	9.244E-164	0.979	9.110E-164	0	240	242	0	240	242	241M
2283	5777	2.512E-279	0.989	2.595E-279	0	454	456	0	454	456	455M
2284	5778	1.314E-67	0.990	1.337E-67	0	106	108	0	106	108	107M
2285	5779	3.557E-104	1.00	3.395E-104	0	166	168	0	166	168	167M
2286	5780	1.972E-224	0.987	2.028E-224	0	320	322	0	320	322	321M
2287	5781	1.096E-74	0.991	1.105E-74	0	115	117	0	115	117	116M
2288	5782	1.488E-115	1.00	1.486E-115	0	180	182	0	180	182	181M
2289	5783	4.614E-166	0.992	4.416E-166	0	254	256	0	254	256	255M
2290	5784	2.217E-308	0.975	0.000E+00	0	603	605	0	603	605	604M
2291	5785	7.828E-61	0.989	8.220E-61	11	109	111	298	396	398	99M
2292	5004	5.284E-25	1.00	5.309E-25	0	41	44	23	64	456	42M
2293	5003	2.229E-310	0.991	2.213E-310	0	460	462	0	460	462	461M
2294	5002	4.999E-197	0.996	5.150E-197	0	308	310	0	308	310	309M
2295	5001	1.390E-282	0.997	1.443E-282	0	435	437	0	435	437	436M
2296	5000	1.390E-166	0.977	1.394E-166	0	263	265	0	263	265	264M
2297	4999	1.820E-193	0.983	1.864E-193	0	308	310	0	308	310	309M
2298	4998	1.136E-322	0.989	1.087E-322	0	467	469	0	467	469	468M
2299	4997	1.283E-251	0.973	1.314E-251	0	376	378	0	376	378	377M
2300	4996	1.112E-273	0.985	1.131E-273	0	408	410	0	408	410	409M
2301	4995	3.826E-287	0.993	3.877E-287	0	439	441	0	439	441	440M
2302	4994	5.033E-277	0.997	5.111E-277	0	405	407	0	405	407	406M
2303	4993	1.409E-210	0.990	1.401E-210	0	314	316	0	314	316	315M
2304	4992	1.206E-266	0.997	1.194E-266	0	390	392	0	390	392	391M
2305	4991	2.168E-222	0.979	2.074E-222	0	338	340	0	338	340	339M
2306	5993	7.773E-213	0.996	7.852E-213	0	311	313	0	311	313	312M
2307	5994	1.437E-63	1.00	1.402E-63	0	95	97	0	95	97	96M
2308	5995	4.186E-167	0.992	4.024E-167	0	250	252	0	250	252	251M
2309	5996	2.690E-112	0.981	2.653E-112	0	165	167	0	165	167	166M
2310	5997	1.005E-234	0.997	1.025E-234	0	352	354	0	352	354	353M
2311	5998	1.528E-164	0.996	1.556E-164	0	256	258	0	256	258	257M
2312	5999	1.153E-171	0.988	1.143E-171	0	262	264	0	262	264	263M
2313	6000	2.217E-308	0.968	0.000E+00	0	511	513	0	511	513	512M
2314	6001	1.320E-262	0.992	1.353E-262	0	401	403	0	401	403	402M
2315	6002	5.708E-287	0.997	5.976E-287	0	428	430	0	428	430	429M
2316	6003	4.714E-213	1.00	4.657E-213	0	320	322	0	320	322	321M
2317	6004	6.896E-128	0.985	6.965E-128	0	200	202	0	200	202	201M
2318	6005	6.680E-77	0.952	6.391E-77	0	126	128	0	126	128	127M
2320	5671	9.746E-22	1.00	9.763E-22	0	40	42	16	56	58	41M
2321	5670	1.402E-92	1.00	1.437E-92	0	145	147	0	145	147	146M
2322	5669	2.019E-117	1.00	2.032E-117	0	176	178	0	176	178	177M
2323	5668	2.070E-88	1.00	2.111E-88	0	141	143	0	141	143	142M
2324	5667	3.904E-140	1.00	3.824E-140	0	230	232	0	230	232	231M
2325	5666	8.658E-100	1.00	8.651E-100	0	167	169	0	167	169	168M
2326	5665	7.194E-67	1.00	7.479E-67	0	122	124	0	122	124	123M
2327	5664	2.217E-308	0.999	0.000E+00	0	1361	1363	0	1361	1363	1362M
2328	5663	2.217E-308	1.00	0.000E+00	7	1396	1398	0	1389	1391	1390M
2329	5662	1.756E-63	1.00	1.830E-63	0	120	122	0	120	122	121M
2330	5661	1.294E-61	1.00	1.322E-61	0	117	119	0	117	119	118M
2331	5660	8.839E-108	0.987	8.431E-108	0	164	166	0	164	166	165M
2332	5659	3.694E-196	0.986	3.601E-196	0	289	291	0	289	291	290M
2333	5658	1.280E-289	0.997	1.336E-289	0	473	475	0	473	475	474M
2334	8013	1.802E-73	1.00	1.722E-73	0	113	115	0	113	115	114M
2335	8012	3.968E-69	1.00	4.037E-69	0	111	114	0	111	114	112M
2336	8011	2.217E-308	0.996	0.000E+00	0	570	572	0	570	572	571M
2337	8010	2.217E-308	0.998	0.000E+00	0	1031	1033	0	1031	1033	1032M
2338	8009	7.273E-226	1.00	7.561E-226	0	371	373	0	371	373	372M
2339	8008	4.204E-130	0.990	4.009E-130	0	211	213	0	211	213	212M
2340	8007	1.660E-80	1.00	1.734E-80	0	126	128	0	126	128	127M
2341	8006	2.994E-76	1.00	3.031E-76	0	119	121	0	119	121	120M
2342	8005	3.697E-119	1.00	3.525E-119	0	177	179	0	177	179	178M
2343	8004	2.217E-308	0.997	0.000E+00	0	691	693	0	691	693	692M
2344	8003	2.217E-308	0.987	0.000E+00	0	1505	1507	0	1505	1507	1506M
2345	8002	4.703E-96	0.986	4.523E-96	0	149	150	0	149	155	150M
2346	7924	2.217E-308	0.998	0.000E+00	0	645	647	0	645	647	646M
2347	7925	3.575E-106	1.00	3.556E-106	0	183	185	0	183	185	184M
2348	7926	5.025E-199	0.996	4.874E-199	0	296	298	0	296	298	297M
2349	7927	4.363E-183	0.989	4.544E-183	0	287	289	0	287	289	288M
2350	7928	8.378E-37	1.00	8.400E-37	0	75	77	0	75	77	76M
2351	7929	4.307E-62	0.990	4.340E-62	0	107	109	0	107	109	108M
2352	7930	1.250E-241	0.991	1.236E-241	0	355	357	0	355	357	356M
2353	7931	4.493E-117	1.00	4.484E-117	0	179	188	0	179	186	180M
2354	7931	4.493E-117	1.00	4.484E-117	0	179	188	0	179	186	180M
2355	7930	1.250E-241	0.991	1.236E-241	0	355	357	0	355	357	356M
2356	7929	4.307E-62	0.990	4.340E-62	0	107	109	0	107	109	108M
2357	7928	8.378E-37	1.00	8.400E-37	0	75	77	0	75	77	76M
2358	7927	4.363E-183	0.989	4.544E-183	0	287	289	0	287	289	288M
2359	7926	5.025E-199	0.996	4.874E-199	0	296	298	0	296	298	297M
2360	7925	3.575E-106	1.00	3.556E-106	0	183	185	0	183	185	184M
2361	7924	2.217E-308	0.998	0.000E+00	0	645	647	0	645	647	646M
2362	8073	4.481E-232	0.994	4.578E-232	0	341	343	0	341	343	342M
2363	8074	4.876E-110	1.00	4.912E-110	0	162	164	0	162	164	163M
2364	8075	2.217E-308	0.995	0.000E+00	0	470	472	0	470	472	471M
2365	8076	6.543E-69	0.956	6.405E-69	0	115	117	0	115	117	116M
2366	8077	1.520E-162	0.954	1.550E-162	0	260	262	0	260	262	261M
2367	8078	2.405E-146	0.995	2.510E-146	0	229	231	0	229	231	230M
2368	8079	2.537E-128	0.966	2.499E-128	0	205	207	0	205	207	206M
2369	8080	2.784E-164	0.996	2.789E-164	0	255	257	0	255	257	256M
2370	8081	4.359E-144	1.00	4.491E-144	0	212	214	0	212	214	213M
2371	8081	4.359E-144	1.00	4.491E-144	0	212	214	0	212	214	213M
2372	8080	2.784E-164	0.996	2.789E-164	0	255	257	0	255	257	256M
2373	8079	2.537E-128	0.966	2.499E-128	0	205	207	0	205	207	206M
2374	8078	2.405E-146	0.995	2.510E-146	0	229	231	0	229	231	230M
2375	8077	1.520E-162	0.954	1.550E-162	0	260	262	0	260	262	261M
2376	8076	6.543E-69	0.956	6.405E-69	0	115	117	0	115	117	116M
2377	8075	2.217E-308	0.995	0.000E+00	0	470	472	0	470	472	471M
2378	8074	4.876E-110	1.00	4.912E-110	0	162	164	0	162	164	163M
2379	8073	4.481E-232	0.994	4.578E-232	0	341	343	0	341	343	342M
2380	6848	8.327E-317	0.997	8.667E-317	0	495	497	0	495	497	496M
2381	6849	2.897E-102	1.00	3.041E-102	0	161	163	0	161	163	162M
2382	6850	2.217E-308	0.997	0.000E+00	0	1249	1251	0	1249	1251	1250M
2383	6851	3.511E-99	0.980	3.403E-99	0	156	158	0	156	158	157M
2384	6852	2.024E-234	0.986	2.041E-234	0	360	362	0	360	362	361M
2385	6853	3.739E-46	1.00	3.747E-46	0	75	77	0	75	77	76M
2386	6854	3.392E-163	0.979	3.267E-163	0	247	249	0	247	249	248M
2387	6855	1.389E-127	1.00	1.415E-127	0	195	197	0	195	197	196M
2388	6856	4.150E-125	1.00	4.138E-125	0	195	197	0	195	197	196M
2389	6857	2.522E-87	1.00	2.584E-87	0	134	136	0	134	136	135M
2390	6858	2.217E-308	0.996	0.000E+00	0	661	663	0	661	663	662M
2391	6859	2.616E-256	1.00	2.604E-256	0	387	389	0	387	389	388M
2392	6860	5.153E-54	1.00	5.414E-54	0	81	83	0	81	83	82M
2393	7347	2.374E-141	0.995	2.459E-141	0	232	234	0	232	234	233M
2394	7348	1.339E-229	0.994	1.287E-229	0	347	349	0	347	349	348M
2395	7349	5.940E-225	1.00	5.717E-225	0	340	342	0	340	342	341M
2396	7350	1.210E-267	0.997	1.172E-267	0	401	403	0	401	403	402M
2397	7351	8.733E-142	0.995	8.850E-142	0	217	219	0	217	219	218M
2398	7352	3.122E-247	0.997	3.144E-247	0	376	378	0	376	378	377M
2399	7353	4.381E-262	1.00	4.196E-262	0	405	407	0	405	407	406M
2400	7354	6.469E-142	1.00	6.254E-142	0	223	225	0	223	225	224M
2401	7355	6.656E-153	0.995	6.902E-153	0	243	245	0	243	245	244M
2402	7356	1.660E-312	1.00	1.700E-312	0	484	486	0	484	486	485M
2403	7357	7.614E-205	1.00	7.496E-205	0	313	315	0	313	315	314M
2404	7358	7.003E-134	1.00	6.731E-134	0	194	196	0	194	196	195M
2405	7359	2.217E-308	1.00	0.000E+00	0	672	674	0	672	674	673M
2406	7360	2.579E-173	0.996	2.685E-173	0	257	258	0	257	264	258M
2407	4911	4.367E-106	0.994	4.580E-106	0	176	177	0	176	184	177M
2408	4912	5.843E-180	0.976	5.955E-180	0	299	301	0	299	301	300M
2409	4913	5.844E-64	0.941	5.586E-64	0	102	104	0	102	104	103M
2410	4914	1.664E-81	1.00	1.603E-81	0	128	131	0	128	130	129M
2411	4915	3.505E-137	0.990	3.595E-137	0	208	210	0	208	210	209M
2412	4916	6.979E-210	0.996	7.098E-210	0	315	317	0	315	317	316M
2413	4917	1.027E-165	1.00	9.872E-166	0	251	253	0	251	253	252M
2414	4918	7.224E-146	0.995	7.095E-146	0	211	213	0	211	213	212M
2415	4919	4.763E-217	0.985	4.894E-217	0	333	335	0	333	335	334M
2416	4920	1.451E-144	1.00	1.444E-144	0	228	230	0	228	230	229M
2418	4921	9.221E-47	0.962	9.399E-47	0	79	81	0	79	81	80M
2419	4922	1.247E-124	0.989	1.229E-124	0	198	200	0	198	200	199M
2420	4923	2.782E-241	1.00	2.835E-241	0	366	368	0	366	368	367M
2421	4924	4.104E-82	0.993	3.966E-82	0	146	148	0	146	148	147M
2422	4925	2.217E-308	0.998	0.000E+00	0	624	626	0	624	626	625M
2424	4926	1.039E-92	0.973	1.019E-92	0	150	153	0	150	153	151M
2426	4928	1.125E-123	0.994	1.080E-123	0	184	186	0	184	186	185M
2427	7243	2.217E-308	0.997	0.000E+00	0	801	803	0	801	803	802M
2428	7242	2.100E-171	1.00	2.147E-171	0	262	264	0	262	264	263M
2429	7241	6.123E-82	1.00	6.213E-82	0	129	131	0	129	131	130M
2430	7240	5.986E-228	0.966	5.713E-228	0	354	356	0	354	356	355M
2431	7239	4.702E-212	0.987	4.867E-212	0	323	325	0	323	325	324M
2432	7238	1.694E-204	1.00	1.718E-204	0	324	326	0	324	326	325M
2433	7237	1.201E-303	1.00	1.172E-303	0	461	463	0	461	463	462M
2434	7236	1.521E-317	1.00	1.491E-317	0	491	493	0	491	493	492M
2435	7235	9.810E-40	1.00	9.832E-40	0	73	75	0	73	75	74M
2436	7234	1.662E-274	0.997	1.728E-274	0	415	417	0	415	417	416M
2437	7233	5.981E-189	0.992	5.820E-189	0	280	282	0	280	282	281M
2438	7232	4.610E-127	0.995	4.477E-127	0	206	208	0	206	208	207M
2439	7231	3.723E-199	0.990	3.605E-199	0	303	305	4	307	309	304M
2441	6608	2.029E-119	1.00	1.973E-119	0	198	200	0	198	200	199M
2442	6609	6.112E-120	0.994	6.127E-120	0	180	182	0	180	182	181M
2443	6610	3.427E-167	1.00	3.382E-167	0	253	255	0	253	255	254M
2444	6611	8.642E-254	1.00	8.477E-254	0	403	405	0	403	405	404M
2445	6612	1.432E-139	1.00	1.488E-139	0	212	214	0	212	214	213M
2446	6613	6.679E-193	0.996	6.497E-193	0	301	303	0	301	303	302M
2447	6614	1.705E-129	1.00	1.678E-129	0	188	190	0	188	190	189M
2448	6615	1.167E-253	0.984	1.125E-253	0	382	384	0	382	384	383M
2449	6616	5.929E-263	0.997	5.834E-263	0	383	385	0	383	385	384M
2450	6617	4.401E-109	1.00	4.428E-109	0	175	177	0	175	177	176M
2451	6618	1.136E-88	0.985	1.123E-88	0	141	143	0	141	143	142M
2452	6619	2.217E-308	0.994	0.000E+00	0	703	705	0	703	705	704M
2453	6620	6.691E-39	0.985	6.680E-39	0	67	69	0	67	69	68M
2454	6621	2.436E-267	0.962	2.415E-267	0	403	405	0	403	405	404M
2455	6622	8.357E-125	0.989	8.550E-125	0	197	199	0	197	199	198M
2457	7822	7.071E-41	1.00	7.062E-41	0	70	73	0	70	85	71M
2458	7823	3.227E-105	1.00	3.322E-105	0	157	159	0	157	159	158M
2459	7824	3.508E-60	0.770	3.528E-60	0	133	135	0	132	134	13M2I13M1D106M
2460	7825	3.142E-56	0.664	3.199E-56	0	132	134	0	129	131	91M7I26M4D9M
2461	7826	1.792E-71	1.00	1.787E-71	0	111	113	0	111	113	112M
2462	7827	2.820E-169	0.969	2.798E-169	0	264	267	0	264	267	265M
2463	7828	5.889E-183	0.959	5.741E-183	0	292	294	0	292	294	293M
2469	7832	7.446E-119	0.742	7.087E-119	9	253	255	5	249	251	245M
2470	7833	8.274E-36	0.984	8.259E-36	0	63	72	0	63	72	64M
2475	7833	8.274E-36	0.984	8.259E-36	0	63	72	0	63	72	64M
2476	7832	7.446E-119	0.742	7.087E-119	9	253	255	5	249	251	245M
2482	7828	5.889E-183	0.959	5.741E-183	0	292	294	0	292	294	293M
2483	7827	2.820E-169	0.969	2.798E-169	0	264	267	0	264	267	265M
2484	7826	1.792E-71	1.00	1.787E-71	0	111	113	0	111	113	112M
2485	7825	3.142E-56	0.664	3.199E-56	0	132	134	0	129	131	91M7I26M4D9M
2486	7824	3.508E-60	0.770	3.528E-60	0	133	135	0	132	134	13M2I13M1D106M
2487	7823	3.227E-105	1.00	3.322E-105	0	157	159	0	157	159	158M
2488	7822	7.071E-41	1.00	7.062E-41	0	70	73	0	70	85	71M
2490	5180	3.326E-78	0.991	3.301E-78	0	117	119	42	159	161	118M
2491	5181	1.118E-314	0.993	1.142E-314	0	478	480	0	478	480	479M
2492	5182	3.907E-179	0.996	4.044E-179	0	286	288	0	286	288	287M
2493	5183	3.948E-67	1.00	3.890E-67	0	102	104	0	102	104	103M
2494	5184	7.788E-59	1.00	8.125E-59	0	93	95	0	93	95	94M
2495	5185	2.925E-67	0.982	2.839E-67	0	115	117	0	115	117	116M
2496	5186	2.012E-77	0.983	1.945E-77	0	121	123	0	121	123	122M
2497	5187	3.556E-220	0.997	3.649E-220	0	334	336	0	334	336	335M
2498	5188	9.860E-305	1.00	1.035E-304	0	463	465	0	463	465	464M
2499	5189	7.101E-62	1.00	6.874E-62	0	97	99	0	97	99	98M
2500	5190	7.520E-30	0.962	7.505E-30	0	53	55	99	152	154	54M
2501	5190	7.520E-30	0.962	7.505E-30	0	53	55	99	152	154	54M
2502	5189	7.101E-62	1.00	6.874E-62	0	97	99	0	97	99	98M
2503	5188	9.860E-305	1.00	1.035E-304	0	463	465	0	463	465	464M
2504	5187	3.556E-220	0.997	3.649E-220	0	334	336	0	334	336	335M
2505	5186	2.012E-77	0.983	1.945E-77	0	121	123	0	121	123	122M
2506	5185	2.925E-67	0.982	2.839E-67	0	115	117	0	115	117	116M
2507	5184	7.788E-59	1.00	8.125E-59	0	93	95	0	93	95	94M
2508	5183	3.948E-67	1.00	3.890E-67	0	102	104	0	102	104	103M
2509	5182	3.907E-179	0.996	4.044E-179	0	286	288	0	286	288	287M
2510	5181	1.118E-314	0.993	1.142E-314	0	478	480	0	478	480	479M
2511	5180	3.326E-78	0.991	3.301E-78	0	117	119	42	159	161	118M
2512	7268	4.626E-167	0.995	4.422E-167	0	239	254	0	239	253	240M
2513	7269	1.878E-205	0.996	1.935E-205	0	311	313	0	311	313	312M
2514	7270	2.217E-308	0.998	0.000E+00	0	609	611	0	609	611	610M
2515	7271	2.217E-308	0.986	0.000E+00	0	504	506	0	504	506	505M
2516	7272	2.217E-308	0.990	0.000E+00	0	501	503	0	501	503	502M
2517	7272	2.217E-308	0.990	0.000E+00	0	501	503	0	501	503	502M
2518	7271	2.217E-308	0.986	0.000E+00	0	504	506	0	504	506	505M
2519	7270	2.217E-308	0.998	0.000E+00	0	609	611	0	609	611	610M
2520	7269	1.878E-205	0.996	1.935E-205	0	311	313	0	311	313	312M
2521	7268	4.626E-167	0.995	4.422E-167	0	239	254	0	239	253	240M
2522	5169	1.271E-54	1.00	1.211E-54	14	102	104	0	88	90	89M
2523	5170	2.217E-308	0.997	0.000E+00	0	847	849	0	847	849	848M
2524	5171	2.217E-308	1.00	0.000E+00	0	539	541	0	539	541	540M
2525	5172	2.217E-308	0.974	0.000E+00	0	925	927	0	925	927	926M
2526	5173	1.425E-137	0.995	1.396E-137	0	208	210	0	208	210	209M
2527	5174	2.217E-308	0.981	0.000E+00	0	756	758	0	756	758	757M
2528	5175	4.065E-233	0.982	4.042E-233	0	343	345	0	343	345	344M
2529	5176	2.792E-49	0.988	2.807E-49	0	83	85	0	83	85	84M
2530	5177	2.897E-102	0.987	3.041E-102	0	161	163	0	160	162	150M1I11M
2531	5178	1.690E-203	1.00	1.729E-203	0	306	308	0	306	308	307M
2532	5179	7.279E-265	0.968	7.090E-265	0	410	412	0	410	412	411M
2533	6717	2.599E-60	0.978	2.508E-60	0	93	95	0	93	95	94M
2541	6724	2.279E-164	1.00	2.236E-164	0	257	259	143	400	402	258M
2543	6423	4.186E-51	1.00	4.190E-51	0	82	96	0	82	218	83M
2544	6421	1.823E-155	0.953	1.870E-155	0	238	240	0	238	240	239M
2545	6420	1.619E-109	1.00	1.688E-109	0	168	170	0	168	170	169M
2546	6419	2.217E-308	0.998	0.000E+00	0	574	576	0	574	576	575M
2547	6418	1.238E-160	0.995	1.226E-160	0	239	241	0	239	241	240M
2548	6417	2.850E-173	0.988	2.764E-173	0	270	272	0	270	272	271M
2549	6416	9.962E-309	0.989	9.699E-309	0	460	462	0	460	462	461M
2550	6415	2.680E-304	0.995	2.715E-304	0	477	479	0	477	479	478M
2551	6414	2.217E-308	0.998	0.000E+00	0	502	504	0	502	504	503M
2552	6413	4.325E-257	0.997	4.168E-257	0	395	397	0	395	397	396M
2553	6412	7.935E-221	0.996	7.700E-221	0	321	323	0	321	323	322M
2554	6411	1.447E-259	0.997	1.487E-259	0	389	391	0	389	391	390M
2555	7080	1.107E-78	0.967	1.133E-78	0	121	123	0	121	123	122M
2556	7081	7.009E-173	0.996	6.959E-173	0	283	285	0	283	285	284M
2557	7082	1.735E-97	0.993	1.701E-97	0	152	154	0	152	154	153M
2558	7083	1.004E-195	0.990	9.983E-196	0	304	306	0	304	306	305M
2559	7084	1.868E-87	0.962	1.884E-87	0	134	136	73	207	209	135M
2560	7084	1.284E-31	1.00	1.280E-31	0	51	56	0	51	209	52M
2561	7085	6.006E-268	0.987	6.090E-268	0	414	416	0	414	416	415M
2562	7086	1.263E-245	0.864	1.238E-245	0	442	444	0	433	435	243M1D5M10I185M
2563	7086	1.263E-245	0.864	1.238E-245	0	442	444	0	433	435	243M1D5M10I185M
2564	7085	6.006E-268	0.987	6.090E-268	0	414	416	0	414	416	415M
2565	7084	1.284E-31	1.00	1.280E-31	0	51	56	0	51	209	52M
2566	7084	1.868E-87	0.962	1.884E-87	0	134	136	73	207	209	135M
2567	7083	1.004E-195	0.990	9.983E-196	0	304	306	0	304	306	305M
2568	7082	1.735E-97	0.993	1.701E-97	0	152	154	0	152	154	153M
2569	7081	7.009E-173	0.996	6.959E-173	0	283	285	0	283	285	284M
2570	7080	1.107E-78	0.967	1.133E-78	0	121	123	0	121	123	122M
2571	7230	1.994E-151	1.00	2.042E-151	0	248	250	0	248	250	249M
2572	7229	4.909E-190	1.00	5.155E-190	0	309	311	0	309	311	310M
2573	7228	2.217E-308	1.00	0.000E+00	0	903	905	0	903	905	904M
2574	7539	2.217E-308	0.984	0.000E+00	0	514	549	0	514	515	515M
2575	7538	2.702E-75	0.984	2.696E-75	0	125	127	0	125	127	126M
2576	7537	2.594E-214	0.993	2.519E-214	0	325	327	0	325	327	326M
2577	7536	1.287E-175	0.977	1.282E-175	0	263	265	0	263	265	264M
2578	7535	1.657E-234	0.988	1.635E-234	0	362	364	0	362	364	363M
2579	7534	6.684E-232	0.994	6.436E-232	0	355	357	0	355	357	356M
2580	7533	4.423E-227	0.997	4.649E-227	0	372	374	0	372	374	373M
2581	7532	4.061E-310	1.00	4.169E-310	0	494	496	0	494	496	495M
2582	8143	2.667E-70	0.965	2.718E-70	0	115	117	48	163	165	116M
2583	8142	6.065E-117	0.994	6.041E-117	0	179	181	0	179	181	180M
2584	8141	1.450E-105	1.00	1.419E-105	0	159	161	0	159	161	160M
2585	8140	2.459E-116	1.00	2.418E-116	0	175	177	0	175	177	176M
2586	8139	2.217E-308	0.993	0.000E+00	0	944	946	0	944	946	945M
2587	8138	3.268E-226	1.00	3.157E-226	0	332	334	0	332	334	333M
2588	8138	3.268E-226	1.00	3.157E-226	0	332	334	0	332	334	333M
2589	8139	2.217E-308	0.993	0.000E+00	0	944	946	0	944	946	945M
2590	8140	2.459E-116	1.00	2.418E-116	0	175	177	0	175	177	176M
2591	8141	1.450E-105	1.00	1.419E-105	0	159	161	0	159	161	160M
2592	8142	6.065E-117	0.994	6.041E-117	0	179	181	0	179	181	180M
2593	8143	2.667E-70	0.965	2.718E-70	0	115	117	48	163	165	116M
2595	6195	1.589E-09	0.295	1.583E-09	21	131	135	27	141	314	87M4D24M
2597	8237	1.598E-104	0.982	1.593E-104	0	170	172	0	170	172	171M
2598	8238	3.360E-198	0.996	3.431E-198	0	304	306	0	304	306	305M
2599	8239	3.346E-119	0.549	3.401E-119	0	322	324	0	391	393	69M37D18M28D5M2D28M5D6M3I194M
2600	8240	2.184E-70	0.974	2.080E-70	0	116	118	0	116	118	117M
2601	8242	1.828E-40	1.00	1.826E-40	0	68	73	0	68	73	69M
2602	8243	4.559E-84	0.863	4.774E-84	0	146	148	0	146	148	147M
2603	7377	2.667E-70	0.909	2.648E-70	0	121	123	0	121	123	122M
2604	7378	1.017E-84	0.985	9.932E-85	0	133	135	0	133	135	134M
2605	7381	1.380E-86	0.963	1.380E-86	0	136	138	0	136	138	137M
2606	7382	3.334E-79	1.00	3.278E-79	0	128	130	0	128	130	129M
2607	7383	1.418E-135	1.00	1.485E-135	0	220	222	0	220	222	221M
2608	7384	5.670E-207	1.00	5.837E-207	0	317	319	0	317	319	318M
2609	7385	7.529E-162	1.00	7.755E-162	0	254	256	0	254	256	255M
2610	7386	1.557E-36	1.00	1.554E-36	0	62	64	0	62	64	63M
2611	7387	3.419E-50	1.00	3.447E-50	0	79	81	0	79	81	80M
2612	7388	8.415E-89	1.00	8.188E-89	0	141	143	0	141	143	142M
2613	7389	7.561E-241	1.00	7.296E-241	0	366	368	0	366	368	367M
2614	7390	2.217E-308	0.997	0.000E+00	0	482	484	0	482	484	483M
2615	7391	1.015E-199	0.989	1.008E-199	1	296	298	179	474	476	296M
2616	7563	5.535E-159	0.991	5.476E-159	0	246	248	0	246	248	247M
2617	7562	2.217E-308	0.987	0.000E+00	0	576	578	0	576	578	577M
2618	7561	1.404E-54	1.00	1.453E-54	0	80	82	0	80	82	81M
2619	7560	1.104E-309	0.983	1.144E-309	0	475	477	0	475	477	476M
2620	7559	5.859E-181	0.985	5.838E-181	0	283	285	0	283	285	284M
2621	7558	2.894E-179	0.989	2.780E-179	0	278	280	0	278	280	279M
2622	7557	5.714E-210	0.993	5.829E-210	0	331	333	0	331	333	332M
2623	7556	5.829E-63	0.989	5.875E-63	0	92	94	0	92	94	93M
2624	7555	2.041E-276	0.997	1.955E-276	0	427	429	0	427	429	428M
2625	7554	3.313E-270	0.980	3.248E-270	9	424	439	0	415	726	416M
2626	7554	4.477E-193	0.945	4.629E-193	5	314	316	416	724	726	101M1I208M
2627	7553	7.342E-307	0.997	7.091E-307	0	471	473	0	471	473	472M
2628	7552	1.883E-32	0.983	1.891E-32	0	60	62	0	60	62	61M
2629	7551	2.777E-47	1.00	2.834E-47	0	74	76	0	74	76	75M
2630	4944	1.471E-304	1.00	1.504E-304	0	444	446	0	444	446	445M
2631	4943	2.955E-187	0.975	2.945E-187	0	283	285	0	283	285	284M
2632	4942	5.184E-95	1.00	5.023E-95	0	139	141	0	139	141	140M
2633	4941	1.979E-28	1.00	1.985E-28	0	55	57	0	55	57	56M
2634	4940	7.075E-254	0.983	7.173E-254	0	413	415	0	413	415	414M
2635	4939	5.468E-193	0.990	5.715E-193	0	304	307	0	304	307	305M
2636	4938	5.783E-176	0.986	6.024E-176	0	294	296	0	294	296	295M
2637	4938	5.783E-176	0.986	6.024E-176	0	294	296	0	294	296	295M
2638	4939	5.468E-193	0.990	5.715E-193	0	304	307	0	304	307	305M
2639	4940	7.075E-254	0.983	7.173E-254	0	413	415	0	413	415	414M
2640	4941	1.979E-28	1.00	1.985E-28	0	55	57	0	55	57	56M
2641	4942	5.184E-95	1.00	5.023E-95	0	139	141	0	139	141	140M
2642	4943	2.955E-187	0.975	2.945E-187	0	283	285	0	283	285	284M
2643	4944	1.471E-304	1.00	1.504E-304	0	444	446	0	444	446	445M
2646	7077	1.967E-223	0.776	1.908E-223	0	429	432	21	450	452	430M
2648	7117	1.937E-101	0.413	1.928E-101	8	430	444	19	451	467	157M4D8M4D82M2D176M
2652	6695	1.036E-91	0.367	1.011E-91	6	471	477	7	479	491	121M1I63M1D17M1D32M1D100M1D16M4D116M
2653	8311	4.475E-11	0.302	4.475E-11	30	171	173	9	154	166	60M4I16M2I12M9D25M1D23M
2654	4809	1.117E-120	0.957	1.136E-120	4	192	193	5	193	405	189M
2655	7659	1.097E-268	0.990	1.096E-268	0	407	413	0	407	415	408M
2656	7658	4.965E-233	0.983	4.937E-233	0	353	356	0	353	356	354M
2657	7662	1.727E-134	0.780	1.794E-134	0	266	269	0	266	269	22M2I11M2D232M
2658	7656	4.051E-77	0.905	4.198E-77	0	137	139	0	137	139	138M
2659	7655	2.975E-151	0.965	2.948E-151	0	229	231	0	229	231	230M
2660	7654	1.066E-257	0.975	1.089E-257	0	400	402	0	400	402	401M
2661	7653	4.086E-119	0.989	4.267E-119	0	181	183	0	181	183	182M
2662	7653	4.086E-119	0.989	4.267E-119	0	181	183	0	181	183	182M
2663	7654	1.066E-257	0.975	1.089E-257	0	400	402	0	400	402	401M
2664	7655	2.975E-151	0.965	2.948E-151	0	229	231	0	229	231	230M
2665	7656	4.051E-77	0.905	4.198E-77	0	137	139	0	137	139	138M
2666	7662	1.727E-134	0.780	1.794E-134	0	266	269	0	266	269	22M2I11M2D232M
2667	7658	4.965E-233	0.983	4.937E-233	0	353	356	0	353	356	354M
2668	7659	1.097E-268	0.990	1.096E-268	0	407	413	0	407	415	408M
2669	6656	1.237E-28	0.303	1.238E-28	5	224	229	85	298	302	95M1I11M4I9M1I65M1I7M1D26M
2670	6113	2.217E-308	0.987	0.000E+00	0	558	560	0	558	560	559M
2671	6114	1.760E-180	0.969	1.750E-180	0	293	295	0	293	295	294M
2672	6115	1.434E-62	0.989	1.486E-62	0	98	100	0	98	100	99M
2673	6116	7.027E-174	0.978	7.313E-174	0	281	284	0	281	284	282M
2674	6117	6.293E-170	0.970	6.434E-170	0	273	276	0	273	276	274M
2675	6118	1.013E-121	0.935	9.701E-122	0	199	201	0	199	201	200M
2676	6119	2.425E-188	0.948	2.482E-188	0	311	313	0	311	313	312M
2677	6120	3.714E-82	1.00	3.714E-82	0	138	140	0	138	140	139M
2678	6121	1.654E-156	1.00	1.618E-156	0	253	255	0	253	255	254M
2679	6122	3.656E-192	0.993	3.614E-192	0	304	306	0	304	306	305M
2680	6123	4.103E-314	0.987	3.983E-314	0	471	473	0	471	473	472M
2681	6124	3.212E-22	1.00	3.213E-22	0	43	45	0	43	45	44M
2682	6125	1.606E-222	1.00	1.641E-222	0	333	335	0	333	335	334M
2683	6126	2.217E-308	0.997	0.000E+00	0	480	482	0	480	482	481M
2684	8032	2.044E-29	0.928	2.047E-29	0	55	56	462	517	530	56M
2685	8031	4.496E-272	0.992	4.569E-272	0	413	415	0	413	415	414M
2686	8030	2.217E-308	0.988	0.000E+00	0	703	705	0	703	705	704M
2687	8029	1.078E-145	1.00	1.038E-145	0	219	221	0	219	221	220M
2688	8028	2.034E-236	1.00	2.098E-236	0	343	345	0	343	345	344M
2689	8027	7.317E-267	0.997	6.970E-267	0	419	421	0	419	421	420M
2690	8026	6.609E-305	1.00	6.418E-305	0	446	448	0	446	448	447M
2691	8025	2.217E-308	0.988	0.000E+00	0	675	677	0	675	677	676M
2692	6138	7.792E-36	0.301	7.810E-36	21	398	403	40	414	428	32M1I73M2I34M4D38M2D13M1I15M6I46M2D34M1D36M1D4M2I8M1I32M
2694	6508	1.488E-115	0.973	1.511E-115	0	187	189	0	187	189	188M
2695	6509	3.726E-238	0.997	3.805E-238	0	399	401	0	399	401	400M
2698	7183	1.626E-72	0.404	1.684E-72	0	289	304	0	286	303	137M1D6M5I65M1D77M
2700	5506	4.382E-146	0.987	4.563E-146	0	235	237	0	235	237	236M
2701	5505	2.217E-308	0.998	0.000E+00	0	565	567	0	565	567	566M
2702	5504	1.393E-167	0.985	1.350E-167	0	267	269	0	267	269	268M
2703	5503	3.765E-126	0.995	3.706E-126	0	204	206	0	204	206	205M
2704	5500	8.785E-183	0.976	9.050E-183	0	294	297	0	294	301	295M
2705	5499	4.952E-116	0.978	4.852E-116	0	183	185	0	183	185	184M
2708	4898	1.801E-189	1.00	1.777E-189	0	295	297	0	295	297	296M
2709	4899	2.217E-308	0.997	0.000E+00	0	728	730	0	728	730	729M
2710	4900	2.217E-308	0.998	0.000E+00	0	781	783	0	781	783	782M
2711	4900	2.217E-308	0.998	0.000E+00	0	781	783	0	781	783	782M
2712	4899	2.217E-308	0.997	0.000E+00	0	728	730	0	728	730	729M
2713	4898	1.801E-189	1.00	1.777E-189	0	295	297	0	295	297	296M
2714	4718	2.217E-308	0.996	0.000E+00	0	809	811	0	809	811	810M
2715	4719	2.217E-308	0.994	0.000E+00	0	683	685	0	683	685	684M
2716	4720	4.194E-44	0.985	4.174E-44	0	68	70	0	68	70	69M
2717	4721	7.991E-69	0.991	8.313E-69	0	119	129	0	119	144	120M
2718	4722	2.217E-308	0.997	0.000E+00	0	730	732	0	730	732	731M
2719	4723	6.223E-127	0.994	6.418E-127	0	187	189	0	187	189	188M
2720	4724	1.661E-235	1.00	1.641E-235	0	360	362	0	360	362	361M
2721	4725	7.020E-15	1.00	7.030E-15	0	32	34	0	32	34	33M
2722	4726	4.219E-54	0.947	4.185E-54	0	95	97	0	95	97	96M
2723	4727	1.147E-53	1.00	1.183E-53	0	84	86	0	84	86	85M
2724	4728	5.351E-262	0.997	5.118E-262	0	389	391	0	389	391	390M
2733	5153	4.987E-80	0.992	4.927E-80	0	128	130	0	128	130	129M
2734	8061	6.002E-113	0.917	5.964E-113	0	180	182	0	180	182	181M
2736	5754	1.102E-231	0.960	1.101E-231	0	353	355	44	397	399	354M
2737	5755	6.626E-306	0.997	6.520E-306	0	451	453	0	451	453	452M
2738	5756	9.055E-156	1.00	8.639E-156	0	235	237	0	235	237	236M
2739	5757	1.567E-135	1.00	1.631E-135	0	222	224	0	222	224	223M
2740	5758	3.572E-183	0.992	3.716E-183	0	276	278	0	276	278	277M
2741	5759	8.385E-281	0.997	8.120E-281	0	454	456	0	454	456	455M
2742	5760	6.469E-258	0.984	6.749E-258	0	383	385	0	383	385	384M
2743	5761	9.363E-285	1.00	9.340E-285	0	435	437	0	435	437	436M
2744	5762	2.045E-122	0.983	2.033E-122	0	186	188	0	186	188	187M
2745	5763	9.094E-119	0.988	9.529E-119	0	178	180	0	178	180	179M
2746	5764	2.217E-308	0.998	0.000E+00	0	524	526	0	524	526	525M
2747	5765	2.197E-111	0.988	2.239E-111	0	170	172	0	170	172	171M
2748	6642	2.217E-308	0.991	0.000E+00	0	571	573	182	753	755	572M
2749	6642	6.931E-130	1.00	7.002E-130	0	210	259	0	210	755	211M
2750	6643	1.447E-143	1.00	1.512E-143	0	211	213	0	211	213	212M
2751	6644	3.147E-134	0.995	3.068E-134	0	204	206	0	204	206	205M
2752	6645	2.217E-308	0.992	0.000E+00	0	557	559	0	557	559	558M
2753	6646	1.111E-234	0.973	1.132E-234	0	334	336	0	334	336	335M
2754	6647	2.706E-33	1.00	2.706E-33	0	53	55	0	53	55	54M
2755	6648	2.217E-308	0.998	0.000E+00	0	514	516	0	514	516	515M
2756	6649	5.219E-291	0.975	5.034E-291	0	443	445	0	443	445	444M
2757	6650	2.217E-308	1.00	0.000E+00	0	542	544	0	542	544	543M
2758	5829	9.495E-97	0.986	9.582E-97	0	142	144	9	151	153	143M
2759	5830	2.374E-257	0.989	2.494E-257	0	384	386	0	384	386	385M
2760	5831	4.236E-249	0.992	4.090E-249	0	391	393	0	391	393	392M
2761	5832	5.279E-102	0.987	5.196E-102	0	159	161	0	159	161	160M
2762	5833	2.623E-141	0.986	2.754E-141	0	221	223	0	221	223	222M
2763	5834	1.769E-182	0.996	1.738E-182	0	282	284	0	282	284	283M
2764	5835	1.882E-206	1.00	1.965E-206	0	316	318	0	316	318	317M
2765	5836	1.653E-117	0.990	1.711E-117	0	199	201	0	199	201	200M
2766	5837	7.786E-175	0.996	7.488E-175	0	267	269	0	267	269	268M
2767	5838	1.945E-296	0.991	1.971E-296	0	453	455	0	453	455	454M
2768	5839	1.137E-243	1.00	1.162E-243	0	363	365	0	363	365	364M
2769	5840	2.217E-308	0.996	0.000E+00	0	891	893	0	891	893	892M
2770	6607	9.110E-81	1.00	8.733E-81	0	138	140	0	138	140	139M
2771	6606	8.875E-303	1.00	8.513E-303	0	463	465	0	463	465	464M
2772	6605	1.186E-182	1.00	1.226E-182	0	288	290	0	288	290	289M
2773	6604	2.217E-308	1.00	0.000E+00	0	513	515	0	513	515	514M
2774	6603	2.174E-107	1.00	2.147E-107	0	177	179	0	177	179	178M
2775	6602	5.583E-85	0.993	5.853E-85	0	155	157	0	155	157	156M
2776	6601	3.046E-44	1.00	2.943E-44	0	80	82	0	80	82	81M
2777	6600	1.475E-189	1.00	1.405E-189	0	290	292	0	290	292	291M
2778	6599	6.697E-78	0.992	6.497E-78	0	131	133	0	131	133	132M
2779	6598	2.947E-186	0.996	2.898E-186	0	278	280	0	278	280	279M
2780	6597	7.274E-110	1.00	7.413E-110	0	164	166	0	164	166	165M
2781	6596	5.179E-172	0.996	5.039E-172	0	258	260	0	258	260	259M
2782	6595	1.024E-164	1.00	1.061E-164	0	268	270	0	268	270	269M
2783	6594	1.543E-129	0.995	1.607E-129	0	207	209	0	207	209	208M
2784	6593	5.064E-202	1.00	5.287E-202	0	305	307	0	305	307	306M
2785	6592	3.326E-78	0.984	3.292E-78	5	130	132	21	146	148	126M
2786	7645	1.424E-98	0.974	1.456E-98	5	160	162	70	225	227	156M
2787	7646	2.217E-308	0.991	0.000E+00	0	611	613	0	611	613	612M
2788	7647	2.217E-308	0.997	0.000E+00	0	479	481	0	479	481	480M
2789	7648	6.250E-206	0.990	6.229E-206	0	307	309	0	307	309	308M
2790	7649	8.643E-138	0.995	8.979E-138	0	212	214	0	212	214	213M
2791	7650	1.174E-62	1.00	1.194E-62	0	97	115	0	97	99	98M
2792	7650	1.174E-62	1.00	1.194E-62	0	97	115	0	97	99	98M
2793	7649	8.643E-138	0.995	8.979E-138	0	212	214	0	212	214	213M
2794	7648	6.250E-206	0.990	6.229E-206	0	307	309	0	307	309	308M
2795	7647	2.217E-308	0.997	0.000E+00	0	479	481	0	479	481	480M
2796	7646	2.217E-308	0.991	0.000E+00	0	611	613	0	611	613	612M
2797	7645	1.424E-98	0.974	1.456E-98	5	160	162	70	225	227	156M
2798	5010	2.732E-234	0.994	2.729E-234	0	346	348	0	346	348	347M
2799	5009	5.848E-219	1.00	6.143E-219	0	327	329	0	327	329	328M
2800	5006	3.397E-241	0.997	3.447E-241	0	350	352	0	350	352	351M
2801	5005	1.917E-213	0.973	1.854E-213	0	334	336	0	334	336	335M
2802	5004	3.627E-305	0.993	3.624E-305	0	454	456	0	454	456	455M
2803	5004	3.627E-305	0.993	3.624E-305	0	454	456	0	454	456	455M
2804	5005	1.917E-213	0.973	1.854E-213	0	334	336	0	334	336	335M
2805	5006	3.397E-241	0.997	3.447E-241	0	350	352	0	350	352	351M
2806	5009	5.848E-219	1.00	6.143E-219	0	327	329	0	327	329	328M
2807	5010	2.732E-234	0.994	2.729E-234	0	346	348	0	346	348	347M
2808	6896	4.370E-261	0.987	4.537E-261	0	402	404	0	402	404	403M
2809	6897	3.596E-263	0.982	3.536E-263	0	406	408	0	406	408	407M
2810	6898	6.423E-323	1.00	6.423E-323	0	469	471	0	469	471	470M
2811	6899	1.456E-184	1.00	1.515E-184	0	275	277	0	275	277	276M
2812	6900	3.249E-185	0.996	3.284E-185	0	276	278	0	276	278	277M
2813	6901	2.942E-224	0.980	2.963E-224	0	355	357	0	355	357	356M
2814	6902	5.162E-132	0.995	4.916E-132	0	218	220	0	218	220	219M
2815	6903	3.371E-238	1.00	3.302E-238	0	362	364	0	362	364	363M
2816	6904	6.498E-105	0.971	6.799E-105	0	172	174	0	172	174	173M
2817	6905	1.323E-147	0.978	1.357E-147	0	234	236	0	234	236	235M
2818	6906	4.329E-64	0.990	4.383E-64	0	110	112	0	110	112	111M
2819	6907	1.292E-99	1.00	1.259E-99	0	155	157	0	155	157	156M
2820	6908	7.356E-153	0.995	7.581E-153	0	244	247	0	244	247	245M
2821	6909	4.797E-65	0.991	4.999E-65	0	111	126	0	111	114	112M
2822	7545	8.207E-118	1.00	8.421E-118	0	184	186	49	233	235	185M
2823	7546	2.349E-137	0.995	2.313E-137	0	212	214	0	212	214	213M
2824	7547	3.562E-298	0.997	3.508E-298	0	468	470	0	468	470	469M
2825	7548	1.396E-245	0.997	1.345E-245	0	389	391	0	389	391	390M
2826	7549	3.386E-201	1.00	3.297E-201	0	297	299	0	297	299	298M
2827	7550	2.444E-191	1.00	2.366E-191	0	296	299	0	296	299	297M
2828	7550	2.444E-191	1.00	2.366E-191	0	296	299	0	296	299	297M
2829	7549	3.386E-201	1.00	3.297E-201	0	297	299	0	297	299	298M
2830	7548	1.396E-245	0.997	1.345E-245	0	389	391	0	389	391	390M
2831	7547	3.562E-298	0.997	3.508E-298	0	468	470	0	468	470	469M
2832	7546	2.349E-137	0.995	2.313E-137	0	212	214	0	212	214	213M
2833	7545	8.207E-118	1.00	8.421E-118	0	184	186	49	233	235	185M
2834	7203	4.536E-82	0.833	4.639E-82	0	149	158	0	149	160	150M
2835	7070	3.762E-87	0.425	3.936E-87	0	330	340	0	330	345	331M
2836	6522	2.233E-09	0.239	2.237E-09	1	330	347	2	336	339	29M4D13M3D20M2D15M2D39M7I7M4D20M2D24M3D7M2D11M6D5M9D32M3I27M20I3M6I10M1D10M1D18M2D4M
2837	4764	2.106E-56	0.372	2.010E-56	0	300	316	11	309	316	87M1D25M1I11M1I36M2D33M4I44M2D5M1I53M
2838	7886	1.169E-18	0.247	1.173E-18	21	294	307	22	273	282	47M1D20M5I2M1I36M3I12M1I25M4I53M7I13M2I43M
2839	8215	5.544E-121	0.419	5.468E-121	3	490	502	1	496	517	9M9D120M1I237M1D26M1I94M
2841	7648	1.957E-105	0.523	1.915E-105	2	304	307	3	306	309	212M1D91M
2842	4946	1.147E-53	0.471	1.177E-53	13	207	227	7	200	209	169M1I25M
2843	5286	3.749E-47	0.368	3.933E-47	11	274	277	9	271	282	56M1D79M2I9M1I30M12D23M3I9M4I4M2I5M2I35M
2844	7071	1.033E-90	0.458	1.085E-90	5	325	331	3	324	331	177M4D6M3I135M
2845	7071	1.705E-129	0.714	1.658E-129	1	263	278	63	325	331	263M
2846	5074	2.760E-122	0.989	2.658E-122	0	185	187	2	187	189	186M
2847	5073	3.308E-192	0.986	3.361E-192	0	289	291	0	289	291	290M
2849	5072	1.092E-266	0.982	1.075E-266	0	408	410	0	408	410	409M
2850	5071	1.039E-92	0.987	1.053E-92	0	165	167	0	165	167	166M
2851	5070	2.217E-308	0.998	0.000E+00	0	686	688	0	686	688	687M
2852	5069	7.193E-36	1.00	7.202E-36	0	61	63	0	61	63	62M
2853	5069	7.193E-36	1.00	7.202E-36	0	61	63	0	61	63	62M
2854	5070	2.217E-308	0.998	0.000E+00	0	686	688	0	686	688	687M
2855	5071	1.039E-92	0.987	1.053E-92	0	165	167	0	165	167	166M
2856	5072	1.092E-266	0.982	1.075E-266	0	408	410	0	408	410	409M
2858	5073	3.308E-192	0.986	3.361E-192	0	289	291	0	289	291	290M
2859	5074	2.760E-122	0.989	2.658E-122	0	185	187	2	187	189	186M
2860	5890	4.299E-216	0.979	4.094E-216	0	339	340	0	339	343	340M
2861	5889	3.288E-151	0.969	3.240E-151	0	231	233	0	231	233	232M
2862	5888	1.145E-207	0.987	1.099E-207	0	315	317	0	315	317	316M
2863	5887	5.819E-101	1.00	6.063E-101	0	151	153	0	151	153	152M
2864	5886	2.794E-88	0.978	2.895E-88	0	141	143	1	142	144	142M
2865	5884	2.877E-254	0.956	2.920E-254	0	414	416	0	413	415	43M1I371M
2866	5884	2.877E-254	0.956	2.920E-254	0	414	416	0	413	415	43M1I371M
2867	5886	2.794E-88	0.978	2.895E-88	0	141	143	1	142	144	142M
2868	5887	5.819E-101	1.00	6.063E-101	0	151	153	0	151	153	152M
2869	5888	1.145E-207	0.987	1.099E-207	0	315	317	0	315	317	316M
2870	5889	3.288E-151	0.969	3.240E-151	0	231	233	0	231	233	232M
2871	5890	4.299E-216	0.979	4.094E-216	0	339	340	0	339	343	340M
2872	5306	2.217E-308	0.992	0.000E+00	0	794	795	0	794	810	795M
2873	5305	3.927E-297	0.981	3.808E-297	0	438	440	0	438	440	439M
2874	5304	1.252E-319	0.983	1.193E-319	0	482	484	0	482	484	483M
2875	5303	2.806E-167	0.989	2.818E-167	0	276	278	0	276	278	277M
2876	5302	1.440E-141	1.00	1.487E-141	0	208	210	0	208	210	209M
2877	5301	4.208E-169	0.995	4.155E-169	0	240	242	0	240	242	241M
2878	5300	6.234E-89	1.00	6.436E-89	0	136	138	0	136	138	137M
2879	5299	1.746E-293	1.00	1.754E-293	0	450	452	0	450	452	451M
2880	5298	1.532E-165	0.973	1.508E-165	0	260	262	0	260	262	261M
2881	5297	1.270E-286	0.986	1.213E-286	0	450	452	0	450	452	451M
2882	5296	4.284E-176	0.989	4.299E-176	0	280	282	122	402	404	281M
2884	7731	3.867E-175	0.960	3.726E-175	0	279	281	0	279	281	280M
2885	7732	1.593E-180	0.972	1.650E-180	0	285	287	0	285	287	286M
2886	7733	2.246E-197	0.967	2.302E-197	42	345	347	0	303	305	304M
2887	7734	7.292E-227	0.997	6.937E-227	0	340	342	9	349	351	341M
2888	7735	1.771E-221	1.00	1.774E-221	0	330	332	0	330	332	331M
2889	7736	1.088E-226	0.985	1.069E-226	0	356	358	0	356	358	357M
2890	7737	1.238E-160	0.983	1.245E-160	0	246	248	0	246	248	247M
2891	7738	1.550E-247	0.992	1.575E-247	0	395	397	0	395	397	396M
2892	7739	2.217E-308	0.994	0.000E+00	0	1035	1037	0	1035	1037	1036M
2893	5949	2.109E-250	0.994	2.210E-250	0	396	398	0	396	398	397M
2894	5948	4.626E-167	0.996	4.702E-167	0	260	262	0	260	262	261M
2895	5947	1.336E-228	0.982	1.373E-228	0	337	339	0	337	339	338M
2896	5946	7.256E-109	0.987	7.083E-109	0	165	167	0	165	167	166M
2897	5945	2.217E-308	0.995	0.000E+00	31	490	492	0	459	461	460M
2898	5944	2.305E-207	1.00	2.377E-207	0	317	320	0	317	320	318M
2899	5943	1.637E-36	1.00	1.635E-36	0	63	65	0	63	65	64M
2900	5942	2.217E-308	0.980	0.000E+00	0	822	824	0	822	824	823M
2901	5941	1.239E-83	0.992	1.184E-83	0	132	134	0	132	134	133M
2902	5940	9.253E-87	0.970	9.138E-87	0	133	136	0	133	136	134M
2903	5939	2.007E-76	1.00	2.005E-76	0	117	119	0	117	119	118M
2904	6814	2.409E-19	0.973	2.405E-19	0	37	38	96	133	155	38M
2905	6815	2.217E-308	0.996	0.000E+00	0	593	595	0	593	595	594M
2906	6816	1.680E-322	0.981	1.680E-322	0	476	478	0	476	478	477M
2907	6817	1.338E-306	0.983	1.344E-306	0	478	480	0	478	480	479M
2908	6818	2.217E-308	0.995	0.000E+00	0	612	614	0	612	614	613M
2909	6819	2.217E-308	0.984	0.000E+00	0	635	637	0	635	637	636M
2910	6820	6.342E-173	0.980	6.596E-173	0	255	257	0	255	257	256M
2911	6821	8.422E-128	0.970	8.416E-128	0	204	206	0	204	206	205M
2912	6822	2.217E-308	0.990	0.000E+00	0	625	626	0	625	770	626M
2913	7595	2.129E-215	1.00	2.093E-215	0	320	321	0	320	375	321M
2914	7596	7.660E-130	1.00	7.298E-130	0	197	199	0	197	199	198M
2915	7597	3.536E-63	1.00	3.634E-63	0	108	110	0	108	110	109M
2916	7598	2.494E-44	1.00	2.536E-44	0	77	79	0	77	79	78M
2917	7599	2.148E-257	0.989	2.118E-257	0	394	396	0	394	396	395M
2918	7600	1.678E-239	0.986	1.764E-239	0	360	362	0	360	362	361M
2919	7601	3.004E-116	0.988	2.926E-116	0	179	181	75	254	256	180M
2920	7601	3.004E-116	0.988	2.926E-116	0	179	181	75	254	256	180M
2921	7600	1.678E-239	0.986	1.764E-239	0	360	362	0	360	362	361M
2922	7599	2.148E-257	0.989	2.118E-257	0	394	396	0	394	396	395M
2923	7598	2.494E-44	1.00	2.536E-44	0	77	79	0	77	79	78M
2924	7597	3.536E-63	1.00	3.634E-63	0	108	110	0	108	110	109M
2925	7596	7.660E-130	1.00	7.298E-130	0	197	199	0	197	199	198M
2926	7595	2.129E-215	1.00	2.093E-215	0	320	321	0	320	375	321M
2927	6943	2.262E-45	0.351	2.167E-45	29	316	323	60	343	347	73M2D73M1I58M6D26M3I6M3I6M3I20M2I14M
2928	6941	3.428E-51	0.370	3.384E-51	7	257	260	36	286	290	251M
2929	5855	1.079E-68	0.497	1.082E-68	5	231	264	21	247	294	227M
2932	5892	5.435E-268	0.988	5.712E-268	0	433	435	0	433	435	434M
2933	5892	5.435E-268	0.988	5.712E-268	0	433	435	0	433	435	434M
2936	5855	1.079E-68	0.497	1.082E-68	5	231	264	21	247	294	227M
2937	6941	3.428E-51	0.370	3.384E-51	7	257	260	36	286	290	251M
2938	6943	2.262E-45	0.351	2.167E-45	29	316	323	60	343	347	73M2D73M1I58M6D26M3I6M3I6M3I20M2I14M
2950	8150	2.217E-308	0.998	0.000E+00	0	635	637	0	635	637	636M
2951	8151	3.720E-160	0.995	3.582E-160	0	235	237	0	235	237	236M
2952	8152	2.176E-146	1.00	2.179E-146	0	226	228	0	226	228	227M
2953	4950	2.806E-51	0.276	2.815E-51	9	468	478	26	507	515	80M2I18M14D7M5D31M1I97M4I147M1D27M8D6M3I29M4D8M
2954	8155	1.733E-174	1.00	1.649E-174	0	257	259	0	257	259	258M
2955	8156	8.178E-194	1.00	8.406E-194	0	291	293	0	291	293	292M
2956	8157	8.695E-179	1.00	8.807E-179	0	269	271	0	269	271	270M
2957	8158	7.732E-33	1.00	7.767E-33	0	55	57	0	55	57	56M
2958	7634	2.772E-201	0.986	2.730E-201	2	293	295	0	291	293	292M
2959	7635	2.487E-159	0.983	2.414E-159	0	242	244	0	242	244	243M
2960	7636	6.536E-262	0.995	6.488E-262	0	428	430	0	428	430	429M
2961	7637	1.183E-181	0.966	1.174E-181	0	269	271	0	269	271	270M
2962	7638	5.125E-284	0.991	5.239E-284	0	445	447	0	445	447	446M
2963	7638	5.125E-284	0.991	5.239E-284	0	445	447	0	445	447	446M
2964	7637	1.183E-181	0.966	1.174E-181	0	269	271	0	269	271	270M
2965	7636	6.536E-262	0.995	6.488E-262	0	428	430	0	428	430	429M
2966	7635	2.487E-159	0.983	2.414E-159	0	242	244	0	242	244	243M
2967	7634	2.508E-201	0.986	2.484E-201	0	291	293	0	291	293	292M
2968	7634	2.892E-24	0.975	2.882E-24	0	39	40	0	39	293	40M
2969	7903	1.119E-24	1.00	1.114E-24	0	45	46	0	45	88	46M
2970	7904	7.653E-207	0.984	7.728E-207	0	323	325	0	327	329	151M4D173M
2971	7905	2.991E-153	0.991	2.860E-153	0	231	233	0	231	233	232M
2972	7906	2.520E-48	1.00	2.447E-48	0	82	84	0	82	84	83M
2973	7907	3.622E-111	1.00	3.715E-111	0	174	176	0	174	176	175M
2974	7908	1.901E-28	1.00	1.897E-28	0	48	50	0	48	50	49M
2975	7909	2.172E-300	0.988	2.175E-300	0	440	442	0	440	442	441M
2976	7910	7.522E-239	0.974	7.314E-239	0	350	352	0	350	352	351M
2977	7910	7.522E-239	0.974	7.314E-239	0	350	352	0	350	352	351M
2978	7909	2.172E-300	0.988	2.175E-300	0	440	442	0	440	442	441M
2979	7908	1.901E-28	1.00	1.897E-28	0	48	50	0	48	50	49M
2980	7907	3.622E-111	1.00	3.715E-111	0	174	176	0	174	176	175M
2981	7906	2.520E-48	1.00	2.447E-48	0	82	84	0	82	84	83M
2982	7905	2.991E-153	0.991	2.860E-153	0	231	233	0	231	233	232M
2983	7904	7.653E-207	0.984	7.728E-207	0	323	325	0	327	329	151M4D173M
2984	7903	1.119E-24	1.00	1.114E-24	0	45	46	0	45	88	46M
2985	7682	4.082E-196	0.986	3.925E-196	0	300	313	0	300	312	301M
2986	7681	4.358E-260	0.997	4.417E-260	0	390	392	0	390	392	391M
2987	7680	2.217E-308	0.998	0.000E+00	0	594	596	0	594	596	595M
2989	7619	1.523E-240	0.981	1.459E-240	40	415	417	0	375	377	376M
2990	7619	1.523E-240	0.981	1.459E-240	40	415	417	0	375	377	376M
2992	7680	2.217E-308	0.998	0.000E+00	0	594	596	0	594	596	595M
2993	7681	4.358E-260	0.997	4.417E-260	0	390	392	0	390	392	391M
2994	7682	4.082E-196	0.986	3.925E-196	0	300	313	0	300	312	301M
2995	7696	6.525E-184	0.948	6.624E-184	0	293	295	0	293	295	294M
2996	7697	2.217E-308	0.977	0.000E+00	0	496	498	0	496	498	497M
2997	7698	1.368E-160	0.960	1.324E-160	0	254	256	0	254	256	255M
2998	7699	1.294E-293	0.951	1.246E-293	14	463	465	0	449	451	450M
2999	7700	8.536E-21	0.925	8.561E-21	0	39	41	0	39	41	40M
3002	7700	8.536E-21	0.925	8.561E-21	0	39	41	0	39	41	40M
3003	7699	1.294E-293	0.951	1.246E-293	14	463	465	0	449	451	450M
3004	7698	1.368E-160	0.960	1.324E-160	0	254	256	0	254	256	255M
3005	7697	2.217E-308	0.977	0.000E+00	0	496	498	0	496	498	497M
3006	7696	6.525E-184	0.948	6.624E-184	0	293	295	0	293	295	294M
3007	4786	8.180E-78	1.00	8.254E-78	0	128	138	0	128	768	129M
3008	4787	2.217E-308	0.998	0.000E+00	0	606	608	0	606	608	607M
3009	4788	4.842E-146	1.00	5.023E-146	0	217	219	0	217	219	218M
3010	4789	5.087E-49	0.988	5.285E-49	0	83	85	0	83	85	84M
3011	4790	7.581E-242	0.997	7.672E-242	0	365	367	0	365	367	366M
3012	4791	6.991E-172	0.984	6.685E-172	0	264	266	0	264	266	265M
3013	4792	1.382E-280	1.00	1.450E-280	0	419	421	0	419	421	420M
3014	4793	2.264E-84	0.963	2.264E-84	0	137	139	0	137	139	138M
3015	4794	9.888E-74	0.856	9.465E-74	0	138	142	0	138	141	139M
3016	4795	9.642E-219	0.996	1.002E-218	0	324	326	0	324	326	325M
3017	4796	2.217E-308	0.998	0.000E+00	0	688	690	0	688	690	689M
3018	7258	9.835E-188	0.993	9.611E-188	0	286	288	0	286	288	287M
3019	7257	1.686E-202	1.00	1.624E-202	0	300	302	0	300	302	301M
3020	7256	1.217E-76	1.00	1.202E-76	0	126	128	0	126	128	127M
3021	7255	1.700E-244	1.00	1.695E-244	0	369	371	0	369	371	370M
3022	7254	8.794E-106	0.987	9.140E-106	0	163	165	0	163	165	164M
3023	7253	1.670E-121	0.967	1.604E-121	0	183	185	0	183	185	184M
3024	7252	2.217E-308	0.995	0.000E+00	0	1331	1333	0	1331	1333	1332M
3025	8364	5.540E-82	0.750	5.657E-82	0	167	169	0	167	169	168M
3031	5153	1.372E-45	0.688	1.425E-45	3	108	111	21	126	130	106M
3034	5153	1.372E-45	0.688	1.425E-45	3	108	111	21	126	130	106M
3039	6447	7.504E-122	0.994	7.756E-122	0	181	183	0	181	183	182M
3040	6446	1.421E-136	1.00	1.396E-136	0	210	212	0	210	212	211M
3041	6445	6.794E-277	0.990	7.061E-277	0	439	441	0	439	441	440M
3042	6444	2.217E-308	0.997	0.000E+00	0	905	907	0	905	907	906M
3043	6444	2.217E-308	0.997	0.000E+00	0	905	907	0	905	907	906M
3044	6445	6.794E-277	0.990	7.061E-277	0	439	441	0	439	441	440M
3045	6446	1.421E-136	1.00	1.396E-136	0	210	212	0	210	212	211M
3046	6447	7.504E-122	0.994	7.756E-122	0	181	183	0	181	183	182M
3047	8357	1.672E-44	0.680	1.679E-44	2	101	103	302	401	403	100M
3048	5015	4.329E-180	0.968	4.452E-180	0	285	288	0	285	288	286M
3049	5016	4.948E-193	0.966	5.140E-193	0	296	298	0	296	298	297M
3050	5017	2.217E-308	0.989	0.000E+00	6	972	974	7	973	975	967M
3051	5017	2.217E-308	0.991	0.000E+00	0	889	891	84	973	975	890M
3052	5016	4.948E-193	0.966	5.140E-193	0	296	298	0	296	298	297M
3053	5015	4.329E-180	0.968	4.452E-180	0	285	288	0	285	288	286M
3054	8357	1.672E-44	0.680	1.679E-44	2	101	103	302	401	403	100M
3055	6467	1.698E-50	0.988	1.628E-50	0	83	85	195	278	280	84M
3056	6467	1.310E-143	0.953	1.273E-143	0	236	270	0	236	280	237M
3057	6468	7.419E-195	0.990	7.173E-195	0	299	301	0	299	301	300M
3058	6469	2.702E-75	0.985	2.800E-75	0	139	141	0	139	141	140M
3059	6470	7.754E-96	0.994	7.779E-96	0	166	168	0	166	168	167M
3060	6471	6.480E-220	0.991	6.540E-220	0	333	335	0	333	335	334M
3061	6472	1.234E-120	0.983	1.228E-120	0	186	188	0	186	188	187M
3062	6473	1.424E-98	0.987	1.429E-98	0	153	155	0	153	155	154M
3063	6474	1.141E-283	1.00	1.121E-283	0	414	416	0	414	416	415M
3064	6475	2.217E-308	0.981	0.000E+00	0	608	610	0	608	610	609M
3065	6476	2.217E-308	0.983	0.000E+00	0	811	813	0	811	813	812M
3066	7502	1.059E-293	0.995	1.094E-293	24	467	469	0	443	445	444M
3067	7503	9.253E-87	1.00	9.138E-87	0	134	136	0	134	136	135M
3068	7504	5.839E-141	0.995	6.043E-141	0	231	233	0	231	233	232M
3069	7505	6.908E-90	0.993	7.008E-90	0	149	151	0	149	151	150M
3070	7506	1.602E-221	0.955	1.624E-221	0	466	468	0	447	449	268M19I180M
3071	7507	6.900E-283	1.00	6.611E-283	0	425	427	0	425	427	426M
3072	7508	1.102E-115	0.994	1.051E-115	0	186	188	0	186	188	187M
3073	7509	2.561E-35	1.00	2.558E-35	0	61	63	0	61	63	62M
3074	7510	2.581E-212	1.00	2.473E-212	0	322	324	0	322	324	323M
3075	7511	2.828E-170	1.00	2.896E-170	0	257	259	0	257	259	258M
3076	7512	1.037E-130	0.995	1.066E-130	0	203	205	0	203	205	204M
3077	7513	1.601E-66	0.990	1.595E-66	0	105	107	0	105	107	106M
3078	7514	5.483E-78	0.992	5.624E-78	0	128	130	0	128	130	129M
3079	7515	1.026E-126	0.708	9.874E-127	0	271	273	540	810	812	35M1D15M2I175M1D18M1I26M
3080	7683	6.907E-206	0.987	6.696E-206	0	322	324	0	322	324	323M
3081	7684	2.612E-294	0.997	2.676E-294	0	457	459	0	457	459	458M
3082	7685	4.385E-185	0.986	4.413E-185	0	289	291	0	289	291	290M
3083	7686	2.183E-186	0.996	2.276E-186	0	293	295	0	293	295	294M
3084	7689	2.767E-239	1.00	2.711E-239	0	349	351	0	349	351	350M
3085	7690	1.288E-214	0.982	1.311E-214	0	338	340	0	338	340	339M
3086	7691	2.794E-204	0.978	2.677E-204	0	320	322	17	337	339	321M
3087	7692	4.208E-169	0.988	4.095E-169	0	253	255	0	253	255	254M
3088	7693	9.569E-100	0.912	9.352E-100	3	162	164	2	161	163	160M
3089	7694	1.051E-174	0.965	1.060E-174	0	261	263	0	261	263	262M
3090	7695	1.711E-169	0.966	1.636E-169	0	267	269	0	269	271	209M2D59M
3091	7581	2.185E-225	0.993	2.266E-225	0	327	329	0	327	329	328M
3092	7582	3.196E-256	0.992	3.210E-256	0	378	380	0	378	380	379M
3093	7583	2.599E-176	0.996	2.567E-176	0	249	251	0	249	251	250M
3094	7584	6.006E-268	1.00	6.312E-268	0	408	410	0	408	410	409M
3095	7585	1.523E-240	0.994	1.557E-240	0	362	364	0	362	364	363M
3096	7586	2.635E-220	1.00	2.541E-220	0	333	335	0	333	335	334M
3097	7587	2.010E-270	0.990	2.050E-270	0	400	402	0	400	402	401M
3098	7588	4.892E-266	0.992	5.076E-266	0	394	396	0	394	396	395M
3099	7589	3.988E-187	1.00	3.851E-187	0	282	284	0	282	284	283M
3100	7590	1.506E-81	1.00	1.527E-81	0	128	130	0	128	130	129M
3101	7591	1.441E-64	1.00	1.430E-64	0	100	102	0	100	102	101M
3103	7973	5.548E-276	1.00	5.623E-276	0	443	445	0	443	445	444M
3104	7974	6.949E-131	1.00	6.747E-131	0	200	202	0	200	202	201M
3105	7975	2.089E-285	1.00	2.025E-285	0	436	438	0	436	438	437M
3106	7976	6.813E-162	0.991	6.531E-162	0	237	239	0	237	239	238M
3107	7977	4.003E-111	1.00	4.155E-111	0	183	185	0	183	185	184M
3108	7978	2.217E-308	1.00	0.000E+00	0	507	509	0	507	509	508M
3109	7979	2.217E-308	0.994	0.000E+00	0	713	715	0	713	715	714M
3110	7980	1.532E-281	1.00	1.598E-281	0	419	421	0	419	421	420M
3111	6128	5.164E-20	1.00	5.178E-20	0	37	39	0	37	39	38M
3112	6129	2.217E-308	1.00	0.000E+00	0	820	822	0	820	822	821M
3113	6130	3.490E-58	1.00	3.578E-58	0	91	93	0	91	93	92M
3114	6131	4.802E-19	1.00	4.795E-19	0	37	39	0	37	39	38M
3115	6132	7.930E-66	1.00	8.317E-66	0	100	102	0	100	102	101M
3116	6133	8.222E-80	1.00	8.016E-80	4	125	127	0	121	123	122M
3117	6134	6.807E-123	1.00	6.838E-123	0	183	185	0	183	185	184M
3118	6135	1.361E-42	1.00	1.359E-42	0	68	70	0	68	70	69M
3119	6136	1.376E-46	1.00	1.379E-46	0	74	76	0	74	76	75M
3120	6136	1.376E-46	1.00	1.379E-46	0	74	76	0	74	76	75M
3121	6135	1.361E-42	1.00	1.359E-42	0	68	70	0	68	70	69M
3122	6134	6.807E-123	1.00	6.838E-123	0	183	185	0	183	185	184M
3123	6133	8.222E-80	1.00	8.016E-80	4	125	127	0	121	123	122M
3124	6132	7.930E-66	1.00	8.317E-66	0	100	102	0	100	102	101M
3125	6131	4.802E-19	1.00	4.795E-19	0	37	39	0	37	39	38M
3126	6130	3.490E-58	1.00	3.578E-58	0	91	93	0	91	93	92M
3127	6129	2.217E-308	1.00	0.000E+00	0	820	822	0	820	822	821M
3128	6128	5.164E-20	1.00	5.178E-20	0	37	39	0	37	39	38M
3129	6785	6.732E-80	1.00	6.603E-80	0	121	123	0	121	123	122M
3130	6784	2.303E-168	1.00	2.318E-168	0	243	245	0	243	245	244M
3131	6783	2.217E-308	0.998	0.000E+00	0	575	577	0	575	577	576M
3132	6782	3.027E-235	0.997	2.899E-235	0	379	381	0	379	381	380M
3133	6781	8.992E-192	1.00	9.407E-192	0	311	313	0	311	313	312M
3134	6780	2.217E-308	0.991	0.000E+00	0	669	671	0	669	671	670M
3135	6779	2.217E-308	0.996	0.000E+00	0	605	607	0	605	607	606M
3136	6778	2.217E-308	0.952	0.000E+00	0	546	548	47	593	595	547M
3137	6078	1.694E-320	0.993	1.762E-320	0	468	470	0	468	470	469M
3138	6079	2.217E-308	0.997	0.000E+00	0	711	713	0	711	713	712M
3139	6080	4.884E-188	0.993	4.720E-188	0	291	293	0	291	293	292M
3142	6080	4.884E-188	0.993	4.720E-188	0	291	293	0	291	293	292M
3143	6079	2.217E-308	0.997	0.000E+00	0	711	713	0	711	713	712M
3144	6078	1.694E-320	0.993	1.762E-320	0	468	470	0	468	470	469M
3145	7524	2.001E-75	0.953	2.104E-75	0	127	135	0	127	811	128M
3146	7525	1.194E-146	0.991	1.216E-146	0	227	229	0	227	229	228M
3147	7526	1.080E-262	1.00	1.107E-262	0	417	419	8	425	427	418M
3148	7527	2.694E-190	1.00	2.590E-190	0	301	303	0	301	303	302M
3149	7528	8.569E-96	0.993	8.267E-96	0	154	156	0	154	156	155M
3150	7529	6.380E-214	0.996	6.613E-214	0	312	314	0	312	314	313M
3151	7529	6.380E-214	0.996	6.613E-214	0	312	314	0	312	314	313M
3152	7528	8.569E-96	0.993	8.267E-96	0	154	156	0	154	156	155M
3153	7527	2.694E-190	1.00	2.590E-190	0	301	303	0	301	303	302M
3154	7526	1.080E-262	1.00	1.107E-262	0	417	419	8	425	427	418M
3155	7525	1.194E-146	0.991	1.216E-146	0	227	229	0	227	229	228M
3156	7524	2.001E-75	0.953	2.104E-75	0	127	135	0	127	811	128M
3167	4847	2.769E-11	0.247	2.777E-11	0	166	191	3	167	210	29M1D37M1D7M1I9M1D71M4I9M
3170	6741	2.183E-08	0.259	2.183E-08	2	224	226	4	250	261	29M1I16M7D12M1I4M8D8M18D61M6I21M1I3M2I11M2D47M
3171	5880	9.586E-62	0.990	9.681E-62	0	104	106	0	104	106	105M
3172	5879	1.494E-194	0.993	1.551E-194	0	302	304	0	302	304	303M
3173	5878	1.933E-255	0.997	1.864E-255	0	409	411	0	409	411	410M
3174	5877	2.274E-163	1.00	2.307E-163	0	253	255	0	253	255	254M
3175	5876	6.508E-183	0.996	6.257E-183	0	267	269	0	267	269	268M
3176	5875	2.217E-308	0.981	0.000E+00	0	528	530	0	526	528	224M2I303M
3177	5874	2.217E-308	0.982	0.000E+00	0	571	573	1	572	574	572M
3178	5873	3.923E-258	0.997	3.895E-258	0	405	407	0	405	407	406M
3180	5684	4.658E-131	0.990	4.772E-131	0	206	208	0	206	208	207M
3181	5683	2.217E-308	0.997	0.000E+00	0	893	895	0	893	895	894M
3182	5682	6.742E-274	0.993	6.518E-274	0	430	432	0	430	432	431M
3183	5681	1.335E-189	0.983	1.296E-189	0	295	297	0	295	297	296M
3184	5680	2.227E-155	0.995	2.258E-155	0	242	244	0	242	244	243M
3185	5679	8.604E-291	0.997	8.817E-291	0	428	430	0	428	430	429M
3186	5678	2.217E-308	0.998	0.000E+00	0	594	596	0	594	596	595M
3187	6633	2.217E-308	0.998	0.000E+00	0	691	693	0	691	693	692M
3188	6634	3.615E-149	1.00	3.614E-149	0	224	226	0	224	226	225M
3189	6635	4.273E-175	0.988	4.178E-175	0	268	270	0	268	270	269M
3190	6636	2.217E-308	0.990	0.000E+00	0	818	820	0	818	820	819M
3191	6637	3.560E-143	0.965	3.543E-143	0	229	231	0	229	231	230M
3192	6638	4.493E-117	0.983	4.276E-117	0	185	187	0	185	187	186M
3193	6639	1.718E-132	1.00	1.767E-132	0	203	205	0	203	205	204M
3194	6640	3.556E-220	0.997	3.525E-220	0	340	342	0	340	342	341M
3195	6641	4.602E-165	0.996	4.776E-165	0	252	253	0	252	336	253M
3196	7434	1.697E-166	0.981	1.681E-166	2	267	269	432	697	699	266M
3197	7433	1.766E-15	1.00	1.759E-15	0	30	32	0	30	32	31M
3198	7432	2.217E-308	0.995	0.000E+00	0	741	743	0	741	743	742M
3199	7431	5.157E-93	1.00	5.063E-93	0	143	145	0	143	145	144M
3200	7430	1.713E-247	0.992	1.774E-247	0	384	386	0	384	386	385M
3201	7430	1.713E-247	0.992	1.774E-247	0	384	386	0	384	386	385M
3202	7431	5.157E-93	1.00	5.063E-93	0	143	145	0	143	145	144M
3203	7432	2.217E-308	0.995	0.000E+00	0	741	743	0	741	743	742M
3204	7433	1.766E-15	1.00	1.759E-15	0	30	32	0	30	32	31M
3205	7434	1.697E-166	0.981	1.681E-166	2	267	269	432	697	699	266M
3206	5108	7.381E-193	0.996	7.217E-193	0	310	312	17	327	329	311M
3207	5109	2.442E-152	1.00	2.436E-152	0	243	245	0	243	245	244M
3208	5110	2.319E-43	1.00	2.325E-43	0	77	79	0	77	79	78M
3209	5111	2.601E-99	1.00	2.482E-99	0	156	158	0	156	158	157M
3210	5112	8.343E-163	0.996	8.534E-163	0	254	256	0	254	256	255M
3211	5113	3.238E-145	1.00	3.230E-145	0	223	225	0	223	225	224M
3212	5114	9.577E-139	0.995	9.565E-139	0	218	220	0	218	220	219M
3213	5115	2.217E-308	0.993	0.000E+00	0	592	594	0	592	594	593M
3214	5116	1.224E-117	0.978	1.211E-117	0	185	187	0	185	187	186M
3215	5117	5.013E-82	1.00	5.120E-82	0	125	127	0	125	127	126M
3216	5118	8.488E-131	1.00	8.664E-131	0	192	194	0	192	194	193M
3217	5119	4.711E-58	1.00	4.806E-58	0	97	99	0	97	99	98M
3218	5120	1.249E-202	1.00	1.275E-202	0	315	317	0	315	317	316M
3219	6102	2.131E-138	0.973	2.170E-138	0	223	224	0	223	246	224M
3220	6103	1.525E-202	0.980	1.499E-202	0	305	307	0	305	307	306M
3221	6104	1.352E-194	0.989	1.310E-194	0	285	287	0	285	287	286M
3222	6105	2.804E-128	0.971	2.746E-128	0	206	209	0	206	209	207M
3223	6106	4.114E-199	0.996	4.292E-199	0	300	302	0	300	302	301M
3224	6107	2.765E-84	0.993	2.877E-84	0	142	144	0	142	144	143M
3225	6108	1.067E-141	0.991	1.085E-141	0	228	230	0	228	230	229M
3226	6109	2.217E-308	0.989	0.000E+00	0	495	497	0	495	497	496M
3227	6110	3.873E-137	0.957	3.953E-137	0	210	212	0	210	212	211M
3228	6111	1.137E-127	0.979	1.083E-127	0	196	198	0	196	198	197M
3229	6112	3.380E-239	0.974	3.331E-239	0	394	396	0	394	396	395M
3231	6423	2.996E-115	0.994	2.877E-115	0	174	176	42	216	218	175M
3232	6424	1.274E-171	0.978	1.244E-171	0	284	286	0	284	286	285M
3234	6426	1.873E-204	0.996	1.929E-204	0	313	315	0	313	315	314M
3235	6427	2.217E-308	0.995	0.000E+00	0	649	651	0	649	651	650M
3236	6428	8.636E-99	0.993	9.021E-99	0	150	152	0	150	152	151M
3237	6429	5.090E-204	0.990	5.310E-204	0	301	303	0	301	303	302M
3238	6430	4.723E-59	1.00	4.658E-59	0	101	103	0	101	103	102M
3239	6431	1.902E-94	1.00	1.815E-94	0	146	148	0	146	148	147M
3240	6432	6.673E-154	0.982	6.496E-154	0	233	235	0	233	235	234M
3241	6433	3.433E-40	1.00	3.440E-40	0	71	73	0	71	73	72M
3242	6434	3.064E-85	0.993	3.213E-85	0	149	151	0	149	151	150M
3243	6435	1.162E-174	0.996	1.111E-174	0	262	264	43	305	307	263M
3244	8329	1.350E-116	0.617	1.374E-116	0	305	310	0	304	317	84M1I221M
3246	8332	4.901E-112	1.00	4.849E-112	0	171	173	0	171	173	172M
3250	5933	2.481E-15	0.453	2.479E-15	7	70	76	10	73	78	64M
3251	5927	1.094E-27	0.661	1.094E-27	0	70	72	0	67	72	5M3I63M
3252	5927	1.094E-27	0.661	1.094E-27	0	70	72	0	67	72	5M3I63M
3253	5933	2.481E-15	0.453	2.479E-15	7	70	76	10	73	78	64M
3257	8332	4.901E-112	1.00	4.849E-112	0	171	173	0	171	173	172M
3259	8329	1.350E-116	0.617	1.374E-116	0	305	310	0	304	317	84M1I221M
3260	7147	2.089E-169	0.996	2.092E-169	0	263	281	0	263	265	264M
3261	7148	5.042E-239	0.994	5.160E-239	0	356	358	0	356	358	357M
3262	7149	1.489E-270	1.00	1.531E-270	0	414	416	0	414	416	415M
3263	7150	4.718E-252	0.984	4.761E-252	0	388	390	0	388	390	389M
3264	7150	4.718E-252	0.984	4.761E-252	0	388	390	0	388	390	389M
3265	7149	1.489E-270	1.00	1.531E-270	0	414	416	0	414	416	415M
3266	7148	5.042E-239	0.994	5.160E-239	0	356	358	0	356	358	357M
3267	7147	2.089E-169	0.996	2.092E-169	0	263	281	0	263	265	264M
3268	7714	5.848E-219	0.997	5.595E-219	0	352	354	0	352	354	353M
3269	7715	2.217E-308	0.994	0.000E+00	0	514	516	0	514	516	515M
3270	7716	3.240E-184	0.992	3.387E-184	0	272	274	0	272	274	273M
3271	7717	2.217E-308	0.979	0.000E+00	0	527	529	0	527	529	528M
3272	7718	4.566E-278	0.995	4.549E-278	0	441	443	0	441	443	442M
3273	7719	2.596E-253	0.958	2.545E-253	0	386	388	0	386	388	387M
3274	7720	1.716E-209	0.993	1.766E-209	0	321	323	0	321	323	322M
3275	7721	9.552E-138	0.976	9.414E-138	0	213	215	0	213	215	214M
3276	7722	2.528E-88	0.965	2.557E-88	0	144	147	0	144	147	145M
3277	6814	1.576E-60	0.989	1.545E-60	0	97	98	0	97	155	98M
3278	6813	5.261E-62	0.980	5.528E-62	0	99	101	0	99	101	100M
3279	6812	7.948E-299	1.00	7.814E-299	0	456	458	0	456	458	457M
3280	6812	7.948E-299	1.00	7.814E-299	0	456	458	0	456	458	457M
3281	6813	5.261E-62	0.980	5.528E-62	0	99	101	0	99	101	100M
3282	6814	4.748E-61	0.989	4.937E-61	0	98	107	0	98	155	99M
3283	6814	6.365E-97	0.993	6.308E-97	0	153	155	0	153	155	154M
3284	6813	5.261E-62	0.980	5.528E-62	0	99	101	0	99	101	100M
3285	6812	7.948E-299	1.00	7.814E-299	0	456	458	0	456	458	457M
3286	6812	7.948E-299	1.00	7.814E-299	0	456	458	0	456	458	457M
3287	6813	5.261E-62	0.980	5.528E-62	0	99	101	0	99	101	100M
3288	6814	1.576E-60	0.989	1.545E-60	0	97	98	0	97	155	98M
3289	5224	5.073E-164	0.959	4.926E-164	0	247	249	0	247	249	248M
3290	5223	3.886E-293	0.995	3.856E-293	0	467	469	0	467	469	468M
3291	5222	2.321E-287	0.990	2.374E-287	0	415	417	0	415	417	416M
3292	5221	3.120E-92	1.00	3.120E-92	0	148	150	0	148	150	149M
3293	5220	3.688E-118	0.983	3.703E-118	0	177	182	0	177	179	178M
3295	5220	3.688E-118	0.983	3.703E-118	0	177	182	0	177	179	178M
3296	5221	3.120E-92	1.00	3.120E-92	0	148	150	0	148	150	149M
3297	5222	2.321E-287	0.990	2.374E-287	0	415	417	0	415	417	416M
3298	5223	3.886E-293	0.995	3.856E-293	0	467	469	0	467	469	468M
3299	5224	5.073E-164	0.959	4.926E-164	0	247	249	0	247	249	248M
3300	6657	4.104E-82	0.891	4.159E-82	0	147	149	0	147	149	148M
3301	6656	2.470E-195	0.993	2.502E-195	0	290	292	10	300	302	291M
3302	6655	2.983E-152	0.991	3.080E-152	0	248	250	0	248	250	249M
3303	6654	1.940E-295	0.995	1.920E-295	0	441	443	0	441	443	442M
3304	6653	1.626E-188	0.978	1.647E-188	2	282	284	0	280	282	281M
3305	6652	5.788E-215	0.985	5.527E-215	0	333	335	0	333	335	334M
3306	6651	2.217E-308	0.999	0.000E+00	0	1227	1229	0	1227	1229	1228M
3307	6811	4.507E-273	0.983	4.688E-273	0	425	427	4	429	431	426M
3308	6810	2.644E-260	0.992	2.737E-260	0	400	402	0	400	402	401M
3309	6809	6.829E-279	0.997	6.503E-279	0	406	408	0	406	408	407M
3310	6808	2.859E-213	0.996	2.723E-213	0	317	324	0	317	322	318M
3311	6808	2.859E-213	0.996	2.723E-213	0	317	324	0	317	322	318M
3312	6809	6.829E-279	0.997	6.503E-279	0	406	408	0	406	408	407M
3313	6810	2.644E-260	0.992	2.737E-260	0	400	402	0	400	402	401M
3314	6811	4.507E-273	0.983	4.688E-273	0	425	427	4	429	431	426M
3315	5096	1.330E-149	0.922	1.334E-149	0	243	245	0	243	245	244M
3316	5097	1.572E-291	0.992	1.586E-291	0	425	427	0	425	427	426M
3317	5098	1.143E-245	0.976	1.170E-245	2	386	388	0	384	386	385M
3318	5099	1.861E-163	0.963	1.823E-163	0	248	250	0	248	250	249M
3319	5100	2.355E-138	0.995	2.350E-138	0	213	219	0	213	215	214M
3320	5101	2.258E-199	0.996	2.209E-199	0	306	308	0	306	308	307M
3321	5102	1.026E-126	1.00	1.033E-126	0	197	199	0	197	199	198M
3322	5103	9.244E-164	1.00	9.391E-164	0	254	256	0	254	256	255M
3323	5104	2.583E-135	1.00	2.461E-135	0	204	206	0	204	206	205M
3324	5105	2.216E-153	0.995	2.217E-153	0	219	221	0	219	221	220M
3325	5106	1.519E-123	1.00	1.554E-123	0	185	187	0	185	187	186M
3326	5107	2.436E-35	1.00	2.431E-35	0	60	62	0	60	62	61M
3327	5671	9.746E-22	1.00	9.763E-22	0	40	42	16	56	58	41M
3328	6277	5.412E-189	0.982	5.446E-189	0	292	294	0	292	294	293M
3329	6276	1.113E-196	1.00	1.070E-196	0	290	292	0	290	292	291M
3330	6275	1.569E-97	1.00	1.546E-97	0	150	152	0	150	152	151M
3331	6274	8.900E-188	1.00	8.490E-188	0	270	272	0	270	272	271M
3332	6273	1.040E-170	1.00	1.039E-170	0	242	244	0	242	244	243M
3333	6272	1.703E-206	1.00	1.789E-206	0	314	316	0	314	316	315M
3334	6271	2.217E-308	0.996	0.000E+00	0	1009	1011	0	1009	1011	1010M
3335	6270	4.658E-131	0.995	4.551E-131	0	205	207	0	205	207	206M
3336	6333	2.217E-308	0.998	0.000E+00	0	917	919	0	917	919	918M
3337	6334	9.634E-180	0.992	9.693E-180	0	269	271	0	269	271	270M
3338	6335	4.961E-194	0.987	4.867E-194	0	313	315	0	313	315	314M
3339	6336	5.843E-180	0.989	6.025E-180	0	279	281	0	279	281	280M
3340	6337	2.217E-308	1.00	0.000E+00	0	529	531	0	529	531	530M
3341	6338	2.701E-191	0.993	2.651E-191	0	286	288	0	286	288	287M
3342	6339	2.347E-98	0.969	2.373E-98	0	161	179	0	161	196	162M
3343	5728	2.217E-308	1.00	0.000E+00	0	557	559	0	557	559	558M
3345	5729	7.355E-269	1.00	7.718E-269	0	417	419	94	511	513	418M
3346	5730	1.092E-305	1.00	1.100E-305	0	469	471	0	469	471	470M
3347	5731	1.203E-265	0.990	1.262E-265	0	400	402	0	400	402	401M
3348	5732	1.557E-210	0.984	1.539E-210	0	316	318	0	316	318	317M
3349	5733	2.217E-308	0.981	0.000E+00	0	607	609	0	607	609	608M
3351	8082	5.000E-81	1.00	4.776E-81	0	132	134	0	132	134	133M
3352	8083	2.217E-308	0.986	0.000E+00	10	605	607	0	592	594	578M3I15M
3353	8084	2.217E-308	0.998	0.000E+00	0	690	692	0	690	692	691M
3354	8085	1.394E-206	0.980	1.395E-206	0	302	304	0	302	304	303M
3355	8086	5.179E-172	0.996	4.961E-172	0	251	253	0	251	253	252M
3356	8087	1.738E-59	0.978	1.672E-59	0	93	95	0	93	95	94M
3357	8088	8.150E-270	0.994	8.384E-270	0	383	385	0	383	385	384M
3358	8089	1.128E-240	0.985	1.160E-240	0	349	351	0	349	351	350M
3359	7077	1.309E-259	1.00	1.308E-259	0	393	395	57	450	452	394M
3360	7076	1.844E-198	1.00	1.777E-198	0	290	292	0	290	292	291M
3361	7075	7.833E-216	0.990	7.599E-216	0	331	333	0	331	333	332M
3362	7074	5.426E-190	0.993	5.277E-190	0	296	298	0	296	298	297M
3363	7073	1.536E-166	0.996	1.479E-166	0	271	273	0	271	273	272M
3364	7072	1.411E-172	0.996	1.449E-172	0	265	267	0	265	267	266M
3365	7071	5.347E-223	0.990	5.284E-223	0	329	331	0	329	331	330M
3366	7070	1.598E-220	0.973	1.576E-220	0	343	345	0	343	345	344M
3367	7069	1.253E-126	0.989	1.265E-126	0	189	190	0	189	233	190M
3368	5893	7.780E-136	0.985	7.427E-136	0	212	214	0	212	214	213M
3369	5894	5.729E-211	0.993	5.895E-211	0	309	311	0	309	311	310M
3370	5895	3.985E-264	0.995	4.037E-264	0	400	402	0	400	402	401M
3371	5896	6.425E-178	0.989	6.583E-178	0	285	287	0	285	287	286M
3372	5897	5.729E-95	0.993	5.493E-95	0	154	156	0	154	156	155M
3373	5898	2.217E-308	0.997	0.000E+00	0	880	882	0	880	882	881M
3374	5899	1.700E-128	1.00	1.680E-128	0	190	192	0	190	192	191M
3375	5536	2.218E-76	0.983	2.320E-76	0	120	122	14	134	136	121M
3376	5537	1.105E-232	1.00	1.118E-232	0	358	360	0	358	360	359M
3377	5538	6.256E-129	1.00	6.038E-129	0	195	197	0	195	197	196M
3378	5539	5.379E-148	1.00	5.265E-148	0	214	216	0	214	216	215M
3379	5540	3.055E-316	0.995	2.967E-316	37	508	510	0	471	473	472M
3380	5540	3.055E-316	0.995	2.967E-316	37	508	510	0	471	473	472M
3381	5539	5.379E-148	1.00	5.265E-148	0	214	216	0	214	216	215M
3382	5538	6.256E-129	1.00	6.038E-129	0	195	197	0	195	197	196M
3383	5537	1.105E-232	1.00	1.118E-232	0	358	360	0	358	360	359M
3384	5536	2.218E-76	0.983	2.320E-76	0	120	122	14	134	136	121M
3385	6937	1.256E-127	0.953	1.286E-127	0	213	215	31	244	246	214M
3386	6936	9.251E-203	0.996	9.360E-203	0	295	297	0	295	297	296M
3387	6935	3.634E-151	0.982	3.676E-151	0	227	229	0	227	229	228M
3388	6934	2.217E-308	0.979	0.000E+00	0	623	625	0	623	625	624M
3389	6933	2.159E-27	1.00	2.153E-27	0	52	54	0	52	54	53M
3390	6932	3.096E-89	0.957	3.176E-89	0	141	143	0	141	143	142M
3391	6931	1.976E-70	1.00	1.933E-70	0	108	110	0	108	110	109M
3392	6930	3.168E-214	0.994	3.107E-214	0	343	345	0	343	345	344M
3393	6929	5.012E-198	1.00	5.098E-198	0	299	301	0	299	301	300M
3394	6928	6.616E-112	0.989	6.879E-112	0	185	187	0	185	187	186M
3395	6927	9.693E-105	0.994	9.321E-105	0	172	174	0	172	174	173M
3396	6926	1.058E-41	1.00	1.056E-41	0	72	73	0	72	522	73M
3397	5541	1.867E-48	0.988	1.874E-48	0	83	85	0	83	85	84M
3398	5542	1.331E-188	1.00	1.383E-188	0	285	287	0	285	287	286M
3399	5545	7.262E-148	0.995	7.569E-148	0	215	217	0	215	217	216M
3400	5546	3.294E-113	1.00	3.140E-113	0	160	162	0	160	162	161M
3401	5547	2.217E-308	0.998	0.000E+00	0	763	765	0	763	765	764M
3402	5548	2.217E-308	0.998	0.000E+00	0	717	719	0	717	719	718M
3403	5549	3.903E-256	1.00	3.963E-256	0	349	351	0	349	351	350M
3404	6873	8.364E-164	0.991	8.421E-164	0	245	247	0	245	247	246M
3405	6874	2.217E-308	0.989	0.000E+00	0	844	846	0	844	846	845M
3406	6875	1.172E-216	0.997	1.161E-216	0	338	340	0	338	340	339M
3407	6875	1.172E-216	0.997	1.161E-216	0	338	340	0	338	340	339M
3408	6874	2.217E-308	0.989	0.000E+00	0	844	846	0	844	846	845M
3409	6873	8.364E-164	0.991	8.421E-164	0	245	247	0	245	247	246M
3410	6946	8.450E-284	0.982	8.641E-284	0	449	451	38	487	489	450M
3411	5133	8.658E-100	0.424	8.376E-100	7	393	395	0	393	395	16M3D9M2D18M1D2M4D35M1I104M1I28M1I145M1D13M1I13M
3412	6943	2.427E-227	0.997	2.485E-227	0	345	347	0	345	347	346M
3413	6942	2.806E-167	0.988	2.882E-167	0	263	265	0	263	265	264M
3414	6941	2.155E-181	1.00	2.091E-181	0	288	290	0	288	290	289M
3415	6940	2.022E-195	0.986	2.006E-195	0	292	294	0	292	294	293M
3416	6939	7.243E-147	0.954	7.305E-147	0	242	245	0	242	245	243M
3417	6938	2.520E-322	0.985	2.421E-322	3	491	493	0	488	490	489M
3418	7267	2.217E-308	0.919	0.000E+00	0	3000	3006	0	2975	3176	211M95I2645M10D4M10D8M32D3M18D35M
3429	7919	1.371E-238	0.994	1.328E-238	0	357	358	0	357	374	358M
3430	7918	5.879E-105	1.00	5.896E-105	0	169	171	0	169	171	170M
3431	7917	7.401E-78	1.00	7.184E-78	0	120	122	0	120	122	121M
3432	7916	1.092E-305	0.989	1.128E-305	0	456	458	0	456	458	457M
3433	7915	4.381E-262	0.984	4.503E-262	0	393	395	22	415	417	394M
3434	7914	2.789E-126	0.994	2.661E-126	0	197	199	0	197	199	198M
3435	7913	1.015E-199	1.00	1.047E-199	0	317	319	0	317	319	318M
3436	7912	1.996E-74	0.975	1.933E-74	0	120	122	0	120	122	121M
3437	7911	1.114E-274	0.979	1.090E-274	0	385	387	0	385	387	386M
3438	6872	2.100E-24	1.00	2.102E-24	0	41	46	54	95	179	42M
3439	6871	8.924E-73	1.00	9.214E-73	0	115	117	0	115	117	116M
3440	6870	4.646E-41	0.957	4.654E-41	0	69	71	0	69	71	70M
3441	6869	1.431E-216	0.996	1.366E-216	0	328	330	0	328	330	329M
3442	6868	5.188E-250	1.00	5.359E-250	0	361	363	0	361	363	362M
3443	6867	1.700E-321	0.971	1.670E-321	0	485	487	0	485	487	486M
3444	6866	1.082E-108	1.00	1.055E-108	0	180	182	0	180	182	181M
3445	6865	2.278E-125	1.00	2.309E-125	0	196	198	0	196	198	197M
3446	6864	2.739E-119	0.988	2.741E-119	0	180	207	0	180	182	181M
3447	6863	1.294E-177	0.978	1.324E-177	0	273	275	0	273	275	274M
3448	6862	1.636E-113	1.00	1.561E-113	0	185	187	0	185	187	186M
3449	6861	4.127E-30	0.950	4.147E-30	0	60	62	0	60	62	61M
3450	7517	2.968E-150	1.00	2.946E-150	0	231	233	0	231	233	232M
3451	7518	1.700E-244	1.00	1.688E-244	0	396	398	0	396	398	397M
3452	7519	1.511E-237	1.00	1.577E-237	0	355	357	0	355	357	356M
3453	7520	3.884E-138	0.980	3.953E-138	0	208	210	0	208	210	209M
3454	7521	7.211E-184	0.992	7.219E-184	0	268	270	0	268	270	269M
3455	7522	6.789E-238	0.997	6.809E-238	0	364	366	0	364	366	365M
3456	7523	6.364E-213	1.00	6.168E-213	8	326	328	0	318	320	319M
3457	7524	2.217E-308	0.986	0.000E+00	0	687	689	122	809	811	688M
3459	6756	6.304E-132	0.994	6.430E-132	0	197	199	0	197	199	198M
3460	6757	3.720E-160	0.995	3.756E-160	0	236	238	0	236	238	237M
3461	6758	1.299E-256	1.00	1.290E-256	0	372	374	0	372	374	373M
3462	6759	3.511E-99	0.993	3.570E-99	0	157	159	0	157	159	158M
3463	6760	2.794E-88	0.986	2.683E-88	0	146	148	0	146	148	147M
3464	6761	4.817E-144	0.995	4.862E-144	0	227	229	0	227	229	228M
3465	6762	2.217E-308	1.00	0.000E+00	0	556	558	0	556	558	557M
3466	6763	1.059E-61	1.00	1.040E-61	0	99	101	0	99	101	100M
3467	6764	1.079E-68	1.00	1.118E-68	0	120	122	0	120	122	121M
3468	6765	2.417E-148	0.995	2.435E-148	0	231	233	0	231	233	232M
3469	6766	3.637E-190	0.996	3.720E-190	0	302	304	0	302	304	303M
3470	7423	1.728E-289	0.975	1.767E-289	0	445	447	0	444	446	57M1I388M
3471	7424	2.217E-308	0.996	0.000E+00	0	556	558	0	556	558	557M
3472	7425	1.374E-239	1.00	1.358E-239	0	341	343	0	341	343	342M
3473	7426	3.380E-239	0.997	3.552E-239	0	375	377	0	375	377	376M
3474	7427	9.895E-229	0.994	9.686E-229	0	343	345	0	343	345	344M
3475	7428	2.428E-111	1.00	2.535E-111	0	166	168	0	166	168	167M
3476	7429	1.021E-279	0.997	9.943E-280	0	413	415	0	413	415	414M
3477	7853	2.217E-308	1.00	0.000E+00	0	808	810	0	808	810	809M
3478	7854	1.771E-105	1.00	1.854E-105	0	158	160	0	158	160	159M
3479	7855	7.064E-176	1.00	7.046E-176	0	257	259	0	257	259	258M
3480	7855	7.064E-176	1.00	7.046E-176	0	257	259	0	257	259	258M
3481	7854	1.771E-105	1.00	1.854E-105	0	158	160	0	158	160	159M
3482	7853	2.217E-308	1.00	0.000E+00	0	808	810	0	808	810	809M
3483	5228	2.217E-308	0.993	0.000E+00	0	479	481	0	479	481	480M
3484	5229	1.028E-88	1.00	1.041E-88	0	146	148	0	146	148	147M
3485	5230	2.217E-308	0.995	0.000E+00	0	696	698	0	696	698	697M
3486	5230	2.217E-308	0.995	0.000E+00	0	696	698	0	696	698	697M
3487	5229	1.028E-88	1.00	1.041E-88	0	146	148	0	146	148	147M
3488	5228	2.217E-308	0.993	0.000E+00	0	479	481	0	479	481	480M
3489	6443	2.217E-308	0.995	0.000E+00	20	1489	1491	31	1500	1502	1470M
3490	6442	3.647E-75	0.991	3.615E-75	0	118	120	0	118	120	119M
3491	6441	2.217E-308	1.00	0.000E+00	0	488	546	0	488	880	489M
3492	6441	1.497E-272	1.00	1.473E-272	0	409	411	469	878	880	410M
3493	6440	1.154E-94	0.993	1.146E-94	0	143	145	0	143	145	144M
3494	7666	8.025E-148	0.731	7.774E-148	0	297	299	0	296	298	201M1I96M
3495	5989	9.235E-241	0.707	8.888E-241	1	523	525	3	525	527	523M
3496	5346	8.770E-221	0.978	8.988E-221	0	331	333	0	331	333	332M
3497	5345	1.544E-284	0.997	1.598E-284	0	433	435	0	433	435	434M
3498	5344	2.217E-308	0.989	0.000E+00	0	576	578	0	576	578	577M
3499	5343	1.809E-152	1.00	1.837E-152	0	237	239	0	237	239	238M
3500	5342	1.437E-179	0.981	1.372E-179	0	263	265	0	263	265	264M
3501	8341	3.591E-69	0.972	3.489E-69	0	109	111	85	194	196	110M
3502	8342	6.218E-88	0.977	6.320E-88	0	131	133	0	131	133	132M
3503	8343	2.950E-109	0.976	3.024E-109	0	167	169	0	167	169	168M
3504	8344	2.438E-74	0.925	2.525E-74	0	119	121	0	119	121	120M
3506	8062	1.490E-77	0.937	1.451E-77	0	128	130	0	128	130	129M
3512	6410	2.217E-308	0.996	0.000E+00	0	569	571	0	569	571	570M
3513	6409	2.681E-72	0.974	2.750E-72	0	118	120	0	118	120	119M
3514	6408	2.252E-198	0.996	2.216E-198	0	288	290	0	288	290	289M
3515	6407	1.404E-170	0.989	1.394E-170	0	275	277	0	274	276	61M1I214M
3516	6406	1.979E-264	0.984	1.910E-264	0	384	386	0	384	386	385M
3517	6405	4.615E-50	0.976	4.418E-50	0	84	86	0	84	86	85M
3518	6404	2.217E-308	0.996	0.000E+00	0	820	821	0	820	869	821M
3519	8097	2.217E-308	0.988	0.000E+00	0	593	595	29	622	624	594M
3520	8098	3.843E-250	1.00	3.964E-250	0	368	370	0	368	370	369M
3521	8099	4.408E-187	0.936	4.547E-187	0	299	301	17	315	317	48M1I251M
3522	8099	4.408E-187	0.936	4.547E-187	0	299	301	17	315	317	48M1I251M
3523	8098	3.843E-250	1.00	3.964E-250	0	368	370	0	368	370	369M
3524	8097	2.217E-308	0.988	0.000E+00	0	593	595	29	622	624	594M
3525	6776	2.217E-308	0.997	0.000E+00	0	874	876	14	888	890	875M
3526	6775	5.269E-140	0.995	5.306E-140	0	237	239	0	237	239	238M
3527	6774	1.955E-182	0.993	1.933E-182	0	291	293	0	291	293	292M
3528	6773	6.819E-85	0.992	7.048E-85	0	139	141	0	139	141	140M
3529	6772	1.366E-82	0.992	1.309E-82	0	136	138	0	136	138	137M
3530	6771	1.932E-100	1.00	1.855E-100	0	148	150	0	148	150	149M
3531	6770	2.217E-308	1.00	0.000E+00	0	720	722	0	720	722	721M
3532	7290	2.780E-86	1.00	2.778E-86	0	144	146	0	144	146	145M
3533	7291	9.786E-70	1.00	9.387E-70	0	108	110	0	108	110	109M
3534	7292	2.756E-160	0.995	2.873E-160	0	237	239	0	237	239	238M
3535	7293	2.217E-308	0.979	0.000E+00	0	573	575	0	573	575	574M
3536	7294	2.390E-105	0.993	2.309E-105	0	156	158	394	550	552	157M
3537	7294	2.390E-105	0.993	2.309E-105	0	156	158	394	550	552	157M
3538	7293	2.217E-308	0.979	0.000E+00	0	573	575	0	573	575	574M
3539	7292	2.756E-160	0.995	2.873E-160	0	237	239	0	237	239	238M
3540	7291	9.786E-70	1.00	9.387E-70	0	108	110	0	108	110	109M
3541	7290	2.780E-86	1.00	2.778E-86	0	144	146	0	144	146	145M
3543	5494	1.101E-14	0.276	1.099E-14	12	209	235	24	240	278	9M1D100M2D23M3D5M15D13M1D17M4I10M1D17M
3545	5495	3.609E-71	0.309	3.714E-71	6	620	622	221	826	833	6M5I26M1D71M1D53M2I7M1D20M1I42M7D4M1D30M9I18M6I33M3D7M1I11M1I10M6D15M5I7M4I14M1D22M1D30M1D147M2D8M
3547	6403	1.979E-148	0.982	2.016E-148	0	227	229	0	227	229	228M
3548	6539	7.143E-14	0.262	7.134E-14	13	237	254	5	220	234	6M2I72M4D8M4I30M1I8M7D29M1I28M12I24M
3549	8313	5.930E-147	0.986	6.171E-147	0	226	228	0	226	228	227M
3550	8312	2.231E-117	0.983	2.170E-117	0	184	186	0	184	186	185M
3551	8311	1.016E-45	1.00	1.018E-45	0	76	78	88	164	166	77M
3552	7023	5.048E-46	0.334	5.060E-46	0	324	326	0	341	345	8M1D82M3D10M2I29M2I4M1D9M9D12M8D134M1I32M
3553	7025	4.439E-35	0.329	4.451E-35	17	263	270	22	243	252	22M2D6M5I31M2I39M18I59M1I40M1I23M
3554	7027	3.257E-186	0.969	3.269E-186	0	294	296	0	294	297	295M
3555	7028	5.183E-211	1.00	5.365E-211	0	307	309	0	307	309	308M
3556	7029	2.217E-308	0.996	0.000E+00	0	915	917	0	915	917	916M
3557	7030	5.606E-280	0.995	5.614E-280	0	421	423	0	421	423	422M
3558	5950	8.494E-286	0.993	8.412E-286	0	451	453	0	451	453	452M
3559	5951	5.165E-287	0.983	5.377E-287	0	419	421	0	419	421	420M
3560	5952	3.716E-237	1.00	3.785E-237	0	367	369	0	367	369	368M
3561	5953	2.217E-308	0.998	0.000E+00	0	1212	1214	72	1284	1286	1213M
3562	5260	2.217E-308	0.996	0.000E+00	0	527	529	0	527	529	528M
3563	5259	8.687E-256	1.00	9.073E-256	0	380	382	0	380	382	381M
3564	5258	1.305E-18	1.00	1.303E-18	0	32	34	0	32	34	33M
3565	5257	1.168E-60	0.989	1.183E-60	0	97	99	0	97	99	98M
3566	5256	6.599E-111	0.994	6.659E-111	0	173	175	0	173	175	174M
3567	5255	3.884E-138	0.995	4.077E-138	0	222	224	0	222	224	223M
3568	5254	1.260E-128	1.00	1.248E-128	0	197	199	0	197	199	198M
3569	5253	1.002E-233	1.00	9.976E-234	0	367	369	0	367	369	368M
3570	5252	3.917E-64	0.990	3.789E-64	0	107	109	0	107	109	108M
3571	5251	3.647E-75	1.00	3.615E-75	0	118	120	0	118	120	119M
3572	5250	4.133E-46	1.00	3.939E-46	0	76	78	0	76	78	77M
3574	7723	5.193E-57	1.00	5.342E-57	5	101	103	6	102	104	97M
3575	7724	1.329E-110	0.939	1.335E-110	0	180	183	0	180	187	181M
3578	7724	1.329E-110	0.939	1.335E-110	0	180	183	0	180	187	181M
3579	7723	5.193E-57	1.00	5.342E-57	5	101	103	6	102	104	97M
3581	7626	2.165E-144	0.968	2.246E-144	0	224	226	0	224	226	225M
3582	7627	5.758E-213	0.993	5.617E-213	0	324	326	0	324	326	325M
3583	7628	6.292E-286	1.00	6.304E-286	0	438	440	0	438	440	439M
3584	7629	4.006E-150	0.995	4.038E-150	0	231	233	0	231	233	232M
3585	7630	8.394E-88	0.967	8.777E-88	0	151	153	0	151	153	152M
3586	7631	1.012E-82	0.979	9.726E-83	0	143	145	0	143	145	144M
3587	7632	1.897E-209	0.990	1.889E-209	0	309	311	0	309	311	310M
3588	7633	5.873E-298	0.995	6.097E-298	0	446	448	0	446	448	447M
3589	7634	2.100E-24	0.975	2.102E-24	2	41	46	0	39	293	40M
3590	7850	1.458E-26	1.00	1.453E-26	0	41	42	124	165	195	42M
3591	7851	1.386E-165	0.976	1.373E-165	0	258	260	0	258	260	259M
3592	7852	2.217E-308	0.969	0.000E+00	0	1119	1121	1145	2264	2266	1120M
3593	7852	2.217E-308	0.975	0.000E+00	0	997	1018	119	1105	2266	944M11I43M
3595	7840	2.388E-66	0.943	2.298E-66	0	106	108	0	106	108	107M
3596	7411	6.872E-88	0.965	6.594E-88	0	145	147	0	145	147	146M
3604	7830	1.126E-46	0.911	1.121E-46	0	89	91	0	89	91	90M
3605	7405	1.306E-22	0.577	1.306E-22	6	95	98	8	94	97	51M3I36M
3609	7824	2.022E-79	0.953	2.113E-79	0	129	134	0	129	134	130M
3611	7821	1.126E-38	0.833	1.121E-38	0	71	73	0	71	73	72M
3612	8072	1.519E-239	0.991	1.586E-239	0	351	353	0	351	353	352M
3613	8071	3.520E-216	0.977	3.422E-216	0	314	316	0	314	316	315M
3614	8070	5.459E-115	0.988	5.672E-115	0	175	177	0	175	177	176M
3615	8069	7.528E-278	0.980	7.457E-278	0	411	413	0	411	413	412M
3616	8068	7.471E-159	0.957	7.705E-159	0	260	262	0	260	262	261M
3617	8067	8.363E-280	0.975	7.967E-280	0	415	417	0	415	417	416M
3618	5299	5.879E-105	0.433	6.126E-105	1	400	413	10	413	452	208M1D25M2D16M1D151M
3619	7611	3.363E-121	1.00	3.511E-121	0	174	175	0	174	290	175M
3620	7610	1.439E-102	1.00	1.441E-102	0	152	154	0	152	154	153M
3621	7609	2.237E-118	0.994	2.136E-118	0	195	197	0	195	197	196M
3622	7608	1.511E-237	0.997	1.471E-237	0	367	369	0	367	369	368M
3623	7607	6.170E-85	1.00	6.102E-85	0	136	138	0	136	138	137M
3624	7606	2.828E-54	1.00	2.967E-54	0	88	90	0	88	90	89M
3625	7606	2.828E-54	1.00	2.967E-54	0	88	90	0	88	90	89M
3626	7607	6.170E-85	1.00	6.102E-85	0	136	138	0	136	138	137M
3627	7608	1.511E-237	0.997	1.471E-237	0	367	369	0	367	369	368M
3628	7609	2.237E-118	0.994	2.136E-118	0	195	197	0	195	197	196M
3629	7610	1.439E-102	1.00	1.441E-102	0	152	154	0	152	154	153M
3630	7611	3.363E-121	1.00	3.511E-121	0	174	175	0	174	290	175M
3631	6745	1.037E-18	0.246	1.040E-18	28	295	300	273	544	576	56M2D189M2D23M
3632	4910	1.842E-159	1.00	1.761E-159	0	242	244	0	242	244	243M
3633	4909	4.695E-134	0.971	4.481E-134	0	211	214	0	211	214	212M
3634	4908	4.044E-115	0.967	4.016E-115	0	181	183	0	181	183	182M
3635	4907	2.374E-141	0.995	2.310E-141	0	204	206	0	204	206	205M
3636	4906	1.884E-129	1.00	1.793E-129	0	196	198	0	196	198	197M
3637	4905	9.181E-84	1.00	8.855E-84	0	126	128	0	126	128	127M
3638	4904	4.244E-95	0.986	4.234E-95	0	142	144	0	142	144	143M
3639	4903	2.217E-308	1.00	0.000E+00	0	503	505	0	503	505	504M
3640	6921	5.660E-129	0.332	5.388E-129	5	855	889	5	840	1188	96M7I29M4I37M1D12M1I52M10I15M6I35M1I16M1D4M6D171M8D37M1D4M1D42M1D7M1D43M3I18M2I11M1I68M1I56M1D62M
3645	6340	2.633E-65	0.990	2.612E-65	0	104	106	82	186	188	105M
3646	6340	6.610E-42	0.971	6.619E-42	0	68	70	0	68	188	69M
3647	6341	1.008E-274	0.995	1.046E-274	0	411	413	272	683	685	412M
3648	6341	3.532E-140	1.00	3.695E-140	0	236	238	0	236	685	237M
3649	6341	3.532E-140	1.00	3.695E-140	0	236	238	0	236	685	237M
3650	6341	1.008E-274	0.995	1.046E-274	0	411	413	272	683	685	412M
3651	6340	6.610E-42	0.971	6.619E-42	0	68	70	0	68	188	69M
3652	6340	2.633E-65	0.990	2.612E-65	0	104	106	82	186	188	105M
3653	5980	1.380E-202	0.996	1.382E-202	0	310	312	0	310	312	311M
3654	5981	6.576E-187	0.993	6.841E-187	0	301	303	0	301	303	302M
3655	5982	2.411E-147	1.00	2.396E-147	0	226	228	0	226	228	227M
3656	5983	1.041E-209	0.983	1.006E-209	0	309	311	0	309	311	310M
3657	5984	2.803E-244	0.978	2.899E-244	0	366	369	0	366	368	367M
3658	5985	1.372E-45	0.986	1.329E-45	0	75	77	0	75	77	76M
3659	5986	2.474E-273	0.976	2.588E-273	0	419	421	0	419	421	420M
3660	5987	5.607E-164	0.984	5.414E-164	0	249	251	0	249	251	250M
3661	5240	1.132E-48	1.00	1.177E-48	0	80	82	0	80	82	81M
3662	5239	5.131E-91	0.980	4.950E-91	0	153	155	0	153	155	154M
3663	5238	1.093E-189	0.968	1.111E-189	0	285	287	0	285	287	286M
3664	5237	2.217E-308	0.984	0.000E+00	0	951	953	0	951	953	952M
3665	5236	1.868E-203	0.987	1.836E-203	0	314	316	0	314	316	315M
3666	5235	2.217E-308	0.994	0.000E+00	0	555	577	0	555	573	556M
3667	8357	1.663E-11	0.553	1.668E-11	1	47	48	0	46	403	47M
3668	8148	9.965E-77	1.00	9.908E-77	0	122	124	0	122	124	123M
3669	8147	2.606E-61	1.00	2.557E-61	0	98	100	0	98	100	99M
3670	8146	5.342E-184	1.00	5.423E-184	0	282	284	0	282	284	283M
3671	8145	6.491E-298	0.995	6.201E-298	10	494	496	3	487	489	485M
3672	8145	6.491E-298	0.995	6.201E-298	10	494	496	3	487	489	485M
3673	8146	5.342E-184	1.00	5.423E-184	0	282	284	0	282	284	283M
3674	8147	2.606E-61	1.00	2.557E-61	0	98	100	0	98	100	99M
3675	8148	9.965E-77	1.00	9.908E-77	0	122	124	0	122	124	123M
3676	8357	1.663E-11	0.553	1.668E-11	1	47	48	0	46	403	47M
3677	8137	8.421E-244	0.989	8.288E-244	0	376	378	0	376	378	377M
3678	8136	1.527E-125	1.00	1.505E-125	0	187	189	0	187	189	188M
3679	8135	3.824E-132	1.00	3.650E-132	0	205	207	0	205	207	206M
3680	8134	5.694E-170	1.00	5.785E-170	0	265	267	0	265	267	266M
3681	8133	2.799E-166	1.00	2.744E-166	0	264	266	0	264	266	265M
3682	8132	4.392E-263	0.997	4.312E-263	0	390	392	0	390	392	391M
3683	8131	3.160E-213	0.990	3.284E-213	0	326	328	0	326	328	327M
3684	8130	6.298E-209	1.00	6.230E-209	0	321	323	0	321	323	322M
3685	5792	2.256E-44	0.985	2.331E-44	0	69	71	0	69	71	70M
3686	5791	2.217E-308	0.991	0.000E+00	0	728	730	0	728	730	729M
3687	5790	7.820E-138	1.00	7.549E-138	0	215	217	0	215	217	216M
3688	5789	1.820E-193	1.00	1.738E-193	0	273	275	0	273	275	274M
3689	5788	4.420E-72	0.991	4.472E-72	0	115	117	0	115	117	116M
3690	5787	2.323E-94	1.00	2.260E-94	0	144	146	0	144	146	145M
3691	5786	2.048E-200	0.996	2.017E-200	0	302	304	0	302	304	303M
3692	5785	3.360E-198	1.00	3.274E-198	0	298	305	0	298	398	299M
3694	6843	2.217E-308	0.998	0.000E+00	0	614	616	0	614	616	615M
3695	6844	3.850E-96	0.993	3.915E-96	0	145	147	0	145	147	146M
3696	6845	5.361E-224	0.997	5.190E-224	0	340	342	0	340	342	341M
3697	6846	5.497E-79	1.00	5.554E-79	0	121	141	0	121	125	122M
3698	6846	5.497E-79	1.00	5.554E-79	0	121	141	0	121	125	122M
3699	6845	5.361E-224	0.997	5.190E-224	0	340	342	0	340	342	341M
3700	6844	3.850E-96	0.993	3.915E-96	0	145	147	0	145	147	146M
3701	6843	2.217E-308	0.998	0.000E+00	0	614	616	0	614	616	615M
3702	5249	2.335E-96	0.992	2.243E-96	0	140	142	0	140	142	141M
3703	5248	2.270E-85	1.00	2.301E-85	0	142	144	0	142	144	143M
3704	5247	2.398E-261	0.995	2.306E-261	0	401	403	0	401	403	402M
3705	5246	1.208E-73	1.00	1.196E-73	0	112	114	0	112	114	113M
3706	5245	7.991E-69	0.971	7.776E-69	0	106	108	0	106	108	107M
3707	5245	7.991E-69	0.971	7.776E-69	0	106	108	0	106	108	107M
3708	5246	1.208E-73	1.00	1.196E-73	0	112	114	0	112	114	113M
3709	5247	2.398E-261	0.995	2.306E-261	0	401	403	0	401	403	402M
3710	5248	2.270E-85	1.00	2.301E-85	0	142	144	0	142	144	143M
3711	5249	2.335E-96	0.992	2.243E-96	0	140	142	0	140	142	141M
3712	8275	5.453E-308	1.00	5.349E-308	9	490	492	0	481	483	482M
3713	8274	4.835E-68	1.00	4.818E-68	0	111	113	0	111	113	112M
3714	8273	2.792E-49	1.00	2.671E-49	0	82	84	0	82	84	83M
3715	8272	6.690E-271	1.00	6.844E-271	0	417	419	0	417	419	418M
3716	8271	1.455E-145	1.00	1.445E-145	0	226	228	0	226	228	227M
3717	8270	4.164E-281	0.990	4.055E-281	0	439	441	0	439	441	440M
3718	8269	2.996E-231	0.983	2.866E-231	0	360	362	0	360	362	361M
3719	8268	3.768E-165	0.992	3.829E-165	0	253	255	208	461	463	254M
3720	7808	1.474E-150	1.00	1.403E-150	0	222	224	24	246	248	223M
3721	7809	9.609E-179	0.992	9.360E-179	0	277	279	0	277	279	278M
3722	7810	2.217E-308	0.997	0.000E+00	0	757	759	0	757	759	758M
3723	7811	5.646E-128	0.995	5.409E-128	0	208	210	0	208	210	209M
3724	7812	1.310E-143	0.972	1.293E-143	0	221	223	0	221	223	222M
3725	7813	2.217E-308	0.993	0.000E+00	0	496	498	0	496	498	497M
3726	7814	2.772E-85	1.00	2.676E-85	0	127	134	0	127	131	128M
3727	5151	2.813E-21	1.00	2.807E-21	0	37	38	0	37	38	38M
3728	6563	1.915E-58	0.989	1.901E-58	0	91	93	46	137	139	92M
3729	6562	3.346E-119	0.994	3.265E-119	0	182	184	0	182	184	183M
3730	6561	8.739E-297	0.995	8.716E-297	0	449	451	0	449	451	450M
3731	6560	1.972E-224	0.994	2.017E-224	0	340	342	0	340	342	341M
3732	6559	5.607E-164	0.996	5.492E-164	0	256	258	0	256	258	257M
3733	6558	6.877E-243	1.00	6.852E-243	0	374	376	0	374	376	375M
3734	6557	2.217E-308	0.990	0.000E+00	0	548	550	0	548	550	549M
3735	6556	4.233E-94	0.993	4.250E-94	0	144	146	151	295	297	145M
3736	7878	5.679E-285	0.995	5.515E-285	0	444	446	0	444	446	445M
3737	7879	2.390E-105	0.982	2.288E-105	0	169	171	0	169	171	170M
3738	7880	3.294E-113	0.989	3.327E-113	0	181	183	0	181	183	182M
3739	7881	2.217E-308	0.992	0.000E+00	0	536	538	0	536	538	537M
3740	7882	2.521E-203	1.00	2.568E-203	0	301	303	0	301	303	302M
3741	7883	2.956E-17	0.968	2.968E-17	0	31	33	0	31	33	32M
3742	6624	2.217E-308	0.981	0.000E+00	0	479	481	0	479	481	480M
3743	6632	8.243E-81	0.972	8.083E-81	0	143	145	52	195	197	144M
3744	6631	8.136E-192	1.00	8.086E-192	0	301	303	0	301	303	302M
3745	6630	2.317E-209	0.993	2.280E-209	0	313	315	0	313	315	314M
3746	6629	3.893E-255	0.994	4.089E-255	0	392	394	0	392	394	393M
3747	6628	2.005E-37	1.00	2.009E-37	0	53	55	0	53	55	54M
3748	6627	1.721E-94	0.972	1.649E-94	0	144	146	0	144	146	145M
3749	6626	3.269E-110	1.00	3.414E-110	0	161	163	0	161	163	162M
3750	6625	2.217E-308	0.998	0.000E+00	0	508	510	0	508	510	509M
3751	7295	2.217E-308	0.999	0.000E+00	0	1968	1970	342	2310	2312	1969M
3752	7294	3.319E-232	0.985	3.187E-232	0	341	342	0	341	552	342M
3753	7259	8.157E-193	1.00	8.497E-193	0	300	302	0	300	302	301M
3754	7260	1.237E-121	0.994	1.191E-121	0	190	192	0	190	192	191M
3755	7261	2.217E-308	0.996	0.000E+00	0	1030	1032	0	1030	1032	1031M
3756	7262	2.367E-256	0.992	2.455E-256	0	379	381	0	379	381	380M
3757	7263	7.286E-188	0.985	7.247E-188	0	280	282	28	308	310	281M
3758	7054	3.525E-294	0.962	3.500E-294	0	456	458	0	456	458	457M
3759	7053	1.479E-306	1.00	1.488E-306	0	487	489	3	490	492	488M
3760	7053	1.479E-306	1.00	1.488E-306	0	487	489	3	490	492	488M
3761	7054	3.525E-294	0.962	3.500E-294	0	456	458	0	456	458	457M
3763	4853	2.217E-308	0.998	0.000E+00	0	541	543	0	541	543	542M
3764	4852	1.169E-99	1.00	1.143E-99	0	153	155	0	153	155	154M
3765	4851	9.471E-38	1.00	9.443E-38	0	63	65	0	63	65	64M
3766	4851	9.471E-38	1.00	9.443E-38	0	63	65	0	63	65	64M
3767	4852	1.169E-99	1.00	1.143E-99	0	153	155	0	153	155	154M
3768	4853	2.217E-308	0.998	0.000E+00	0	541	543	0	541	543	542M
3770	5166	4.311E-101	0.411	4.463E-101	5	429	433	7	430	443	299M3I15M2D79M1I21M1D7M
3772	6138	2.395E-40	0.304	2.400E-40	1	397	399	28	416	428	44M1D43M2I66M6I8M1I60M2I16M1D76M4D7M2I30M1D2M2I30M
3773	6138	2.395E-40	0.304	2.400E-40	1	397	399	28	416	428	44M1D43M2I66M6I8M1I60M2I16M1D76M4D7M2I30M1D2M2I30M
3775	5166	4.311E-101	0.411	4.463E-101	5	429	433	7	430	443	299M3I15M2D79M1I21M1D7M
3776	6914	2.478E-119	0.966	2.412E-119	0	209	211	0	209	211	210M
3777	6913	1.021E-279	0.995	1.029E-279	0	407	409	0	407	409	408M
3778	6912	2.217E-308	0.998	0.000E+00	0	886	888	0	886	888	887M
3779	6911	2.657E-262	1.00	2.542E-262	0	400	403	0	400	403	401M
3780	6910	7.459E-81	0.984	7.407E-81	0	128	130	0	128	130	129M
3782	7922	5.684E-208	0.988	5.786E-208	0	335	337	0	335	337	336M
3783	7921	8.970E-75	1.00	8.661E-75	0	123	125	0	123	125	124M
3784	7920	3.836E-288	0.997	3.675E-288	0	429	431	0	429	431	430M
3785	7920	3.836E-288	0.997	3.675E-288	0	429	431	0	429	431	430M
3786	7921	8.970E-75	1.00	8.661E-75	0	123	125	0	123	125	124M
3787	7922	5.684E-208	0.988	5.786E-208	0	335	337	0	335	337	336M
3790	5498	1.022E-318	0.997	1.006E-318	0	494	496	0	494	496	495M
3791	5498	1.022E-318	0.997	1.006E-318	0	494	496	0	494	496	495M
3794	5356	2.217E-308	0.980	0.000E+00	7	916	918	0	909	911	910M
3795	5357	2.217E-308	0.987	0.000E+00	0	898	900	0	898	900	899M
3796	5358	3.824E-132	1.00	3.876E-132	0	193	195	0	193	195	194M
3798	7845	8.819E-22	0.868	8.787E-22	6	43	46	201	238	241	38M
3799	5226	5.232E-292	0.981	5.336E-292	0	483	485	0	483	485	484M
3800	5225	4.086E-235	0.983	4.121E-235	0	373	375	18	391	393	374M
3801	5225	4.086E-235	0.983	4.121E-235	0	373	375	18	391	393	374M
3802	5226	5.232E-292	0.981	5.336E-292	0	483	485	0	483	485	484M
3803	5162	9.470E-96	0.986	9.166E-96	0	143	145	23	166	168	144M
3804	5163	5.411E-305	1.00	5.203E-305	0	455	457	0	455	457	456M
3805	5164	6.766E-82	0.992	6.984E-82	0	138	140	0	138	140	139M
3806	5165	3.860E-97	0.993	3.984E-97	0	150	152	0	150	152	151M
3807	5166	1.783E-301	0.988	1.833E-301	0	441	443	0	441	443	442M
3808	5167	1.446E-220	0.988	1.486E-220	0	335	337	0	335	337	336M
3809	5168	1.240E-122	0.994	1.210E-122	0	195	197	0	195	197	196M
3811	6010	1.102E-115	0.941	1.156E-115	0	188	190	0	188	201	189M
3812	5681	8.785E-36	0.284	8.803E-36	8	281	309	1	274	297	274M
3813	6038	1.930E-61	0.348	1.911E-61	3	395	398	2	403	406	44M4D7M2D9M2D93M4D29M1I65M1I128M1I15M
3814	6059	1.032E-51	0.328	9.824E-52	4	294	313	1	292	301	130M1D161M
3815	6654	3.566E-105	0.407	3.462E-105	16	426	439	23	432	443	212M1D141M2I56M
3816	5588	5.426E-190	0.996	5.459E-190	0	290	292	0	290	292	291M
3817	5587	2.217E-308	1.00	0.000E+00	0	612	614	0	612	614	613M
3818	5586	2.217E-308	0.995	0.000E+00	0	741	743	0	741	743	742M
3819	5585	5.468E-193	0.996	5.454E-193	0	305	306	0	305	402	306M
3830	8327	3.811E-92	1.00	3.777E-92	0	152	154	0	152	154	153M
3834	8329	3.615E-149	0.757	3.654E-149	0	303	308	0	304	317	230M1D74M
3838	4797	1.724E-56	0.968	1.756E-56	0	93	95	0	93	95	94M
3839	4798	4.477E-193	0.983	4.317E-193	0	299	301	0	299	301	300M
3840	4799	9.912E-191	0.979	9.805E-191	0	287	289	0	287	289	288M
3841	4800	1.660E-80	0.992	1.642E-80	0	138	140	0	138	140	139M
3842	4801	1.395E-90	1.00	1.418E-90	0	142	144	0	142	144	143M
3843	4802	5.178E-288	0.991	5.200E-288	0	450	452	0	450	452	451M
3844	4803	2.311E-34	0.955	2.320E-34	0	67	69	35	102	104	68M
3845	7361	6.712E-311	0.997	6.890E-311	0	462	464	15	477	479	463M
3846	7362	1.601E-35	1.00	1.599E-35	0	58	60	0	58	60	59M
3847	7363	1.061E-255	1.00	1.078E-255	0	385	447	0	385	412	386M
3848	7362	1.601E-35	1.00	1.599E-35	0	58	60	0	58	60	59M
3849	7361	6.712E-311	0.997	6.890E-311	0	462	464	15	477	479	463M
3851	6882	4.048E-154	0.995	4.096E-154	0	248	252	0	248	300	249M
3852	6881	5.656E-90	1.00	5.517E-90	0	144	146	0	144	146	145M
3853	6880	6.575E-303	0.993	6.275E-303	0	470	472	0	470	472	471M
3854	6879	1.735E-97	1.00	1.785E-97	0	153	155	0	153	155	154M
3855	6878	3.637E-190	0.983	3.590E-190	0	308	310	0	308	310	309M
3856	6877	2.172E-184	0.989	2.106E-184	0	282	284	0	282	284	283M
3857	6876	4.405E-32	0.983	4.421E-32	0	58	60	0	58	60	59M
3858	8129	2.419E-303	1.00	2.475E-303	0	450	452	0	450	452	451M
3859	8128	2.940E-69	0.990	2.869E-69	0	105	107	0	105	107	106M
3860	8127	2.070E-88	0.992	2.169E-88	0	135	137	0	135	137	136M
3861	8126	2.047E-161	0.995	1.969E-161	0	247	249	0	247	249	248M
3862	8125	2.991E-153	0.995	2.860E-153	0	231	233	0	231	233	232M
3863	8124	6.101E-158	0.991	5.833E-158	0	236	238	0	236	238	237M
3864	8123	6.353E-135	1.00	6.338E-135	0	204	206	0	204	206	205M
3865	5893	3.260E-109	0.886	3.162E-109	21	213	217	16	208	214	193M
3866	6502	7.369E-115	0.616	7.357E-115	0	291	293	0	287	289	28M3I6M1I254M
3867	6502	7.369E-115	0.616	7.357E-115	0	291	293	0	287	289	28M3I6M1I254M
3868	5893	3.260E-109	0.886	3.162E-109	21	213	217	16	208	214	193M
3869	5295	2.925E-67	1.00	2.836E-67	0	103	104	0	103	218	104M
3870	5294	1.959E-144	1.00	2.044E-144	0	222	224	0	222	224	223M
3871	5293	4.439E-151	0.983	4.300E-151	0	237	239	0	237	239	238M
3872	5292	4.501E-79	1.00	4.495E-79	0	128	130	0	128	130	129M
3873	5292	4.501E-79	1.00	4.495E-79	0	128	130	0	128	130	129M
3874	5293	4.439E-151	0.983	4.300E-151	0	237	239	0	237	239	238M
3875	5294	1.959E-144	1.00	2.044E-144	0	222	224	0	222	224	223M
3876	5295	2.925E-67	1.00	2.836E-67	0	103	104	0	103	218	104M
3877	5493	4.389E-108	0.982	4.569E-108	0	171	173	0	171	173	172M
3878	5494	8.583E-174	0.989	8.604E-174	0	272	274	4	276	278	273M
3879	5495	2.217E-308	0.993	0.000E+00	0	831	833	0	831	833	832M
3880	5496	3.218E-220	0.991	3.211E-220	0	338	340	0	338	340	339M
3881	5497	3.062E-46	0.987	3.018E-46	0	77	79	0	77	79	78M
3883	5290	2.411E-263	1.00	2.351E-263	0	405	406	0	405	430	406M
3884	5289	5.426E-190	0.996	5.643E-190	0	284	286	0	284	286	285M
3885	5288	2.217E-308	0.998	0.000E+00	0	544	546	0	544	546	545M
3886	5287	2.515E-86	1.00	2.412E-86	0	161	163	0	161	163	162M
3887	5286	1.774E-183	0.978	1.742E-183	0	280	282	0	280	282	281M
3889	6068	3.117E-169	0.952	2.969E-169	0	271	275	0	271	413	272M
3890	6069	2.751E-198	0.986	2.844E-198	0	300	302	0	300	302	301M
3891	6070	1.171E-61	1.00	1.172E-61	0	95	97	0	95	97	96M
3892	6071	4.304E-23	0.958	4.290E-23	0	47	49	0	47	49	48M
3893	6071	4.304E-23	0.958	4.290E-23	0	47	49	0	47	49	48M
3894	6070	1.171E-61	1.00	1.172E-61	0	95	97	0	95	97	96M
3895	6069	2.751E-198	0.986	2.844E-198	0	300	302	0	300	302	301M
3896	6068	3.117E-169	0.952	2.969E-169	0	271	275	0	271	413	272M
3902	4929	6.320E-44	1.00	6.337E-44	0	70	72	40	110	112	71M
3908	4933	1.350E-116	0.972	1.310E-116	0	182	184	0	182	184	183M
3910	4902	7.614E-321	1.00	7.693E-321	0	484	486	0	484	486	485M
3911	4901	1.383E-164	1.00	1.351E-164	0	253	255	0	253	255	254M
3912	4901	1.383E-164	1.00	1.351E-164	0	253	255	0	253	255	254M
3913	4902	7.614E-321	1.00	7.693E-321	0	484	486	0	484	486	485M
3914	7877	9.510E-175	1.00	9.154E-175	0	279	280	0	279	442	280M
3915	7876	3.930E-220	1.00	3.775E-220	0	328	330	0	328	330	329M
3916	7876	3.930E-220	1.00	3.775E-220	0	328	330	0	328	330	329M
3917	7877	1.100E-269	1.00	1.135E-269	0	424	432	0	424	442	425M
3918	7877	1.357E-118	1.00	1.352E-118	0	186	194	238	424	442	187M
3919	7391	2.272E-124	0.994	2.340E-124	0	182	187	0	182	476	183M
3920	7392	2.867E-98	1.00	2.956E-98	0	155	157	0	155	157	156M
3921	7393	1.197E-147	0.985	1.233E-147	0	212	214	0	212	214	213M
3922	7394	4.583E-86	0.950	4.525E-86	0	141	143	0	141	143	142M
3923	8262	5.754E-58	0.957	5.691E-58	0	94	96	56	150	152	95M
3924	8262	5.754E-58	0.957	5.691E-58	0	94	96	56	150	152	95M
3925	7394	4.583E-86	0.950	4.525E-86	0	141	143	0	141	143	142M
3926	7393	1.197E-147	0.985	1.233E-147	0	212	214	0	212	214	213M
3927	7392	2.867E-98	1.00	2.956E-98	0	155	157	0	155	157	156M
3928	7391	2.272E-124	0.994	2.340E-124	0	182	187	0	182	476	183M
3939	5197	6.486E-143	0.976	6.771E-143	0	216	218	0	213	215	32M3I182M
3940	5196	8.371E-203	0.993	7.978E-203	0	305	307	0	305	307	306M
3941	5195	5.473E-116	0.994	5.662E-116	0	173	175	0	173	175	174M
3942	5194	6.481E-104	1.00	6.262E-104	0	159	161	0	159	161	160M
3943	5193	2.884E-139	1.00	2.931E-139	0	213	215	0	213	215	214M
3944	5192	1.390E-282	0.995	1.331E-282	0	413	415	0	413	415	414M
3945	6890	1.043E-287	0.975	1.071E-287	12	452	454	2	442	444	441M
3946	6891	4.590E-164	1.00	4.699E-164	0	246	248	0	246	248	247M
3947	6892	2.610E-139	1.00	2.622E-139	0	224	226	0	224	226	225M
3948	6893	4.834E-184	1.00	4.710E-184	0	279	281	0	279	281	280M
3949	6894	2.451E-192	1.00	2.486E-192	0	296	298	0	296	298	297M
3951	4850	2.235E-79	1.00	2.170E-79	0	126	128	0	126	128	127M
3952	4849	2.217E-308	1.00	0.000E+00	0	700	702	0	700	702	701M
3953	4848	2.106E-56	1.00	2.183E-56	0	91	93	0	91	93	92M
3954	4847	2.343E-136	1.00	2.386E-136	0	208	210	0	208	210	209M
3955	4846	2.837E-210	1.00	2.758E-210	0	315	317	0	315	317	316M
3956	7111	6.245E-20	0.307	6.232E-20	2	231	239	42	257	263	16M3I11M4I2M2I42M4I13M1D20M1D52M4I15M1I19M2D22M
3958	5684	1.709E-10	0.235	1.715E-10	1	198	205	3	201	208	15M1I168M2D14M
3961	5684	1.709E-10	0.235	1.715E-10	1	198	205	3	201	208	15M1I168M2D14M
3963	7111	6.245E-20	0.307	6.232E-20	2	231	239	42	257	263	16M3I11M4I2M2I42M4I13M1D20M1D52M4I15M1I19M2D22M
3964	7421	9.938E-192	0.993	1.030E-191	0	286	288	0	286	288	287M
3965	7420	3.453E-286	0.988	3.561E-286	0	419	421	0	419	421	420M
3966	6153	5.090E-26	0.262	5.100E-26	1	353	361	2	353	360	67M1D9M7I10M5I16M1D14M13D32M2I18M5D10M1I17M2I6M1I16M4I84M1D32M
3968	7419	5.140E-53	0.988	5.112E-53	0	88	90	0	88	90	89M
3969	7845	8.819E-22	0.868	8.787E-22	6	43	46	201	238	241	38M
3970	7142	7.083E-61	0.798	7.274E-61	1	134	135	237	369	739	117M1I16M
3971	7142	3.608E-303	0.927	3.757E-303	0	524	585	85	609	739	525M
3972	7142	1.203E-29	1.00	1.203E-29	0	56	58	0	56	739	57M
3973	7142	1.203E-29	1.00	1.203E-29	0	56	58	0	56	739	57M
3974	7142	3.608E-303	0.927	3.757E-303	0	524	585	85	609	739	525M
3975	7142	7.083E-61	0.798	7.274E-61	1	134	135	237	369	739	117M1I16M
3976	5037	2.217E-308	0.998	0.000E+00	0	943	945	0	943	945	944M
3977	5036	9.797E-24	1.00	9.756E-24	0	43	45	0	43	45	44M
3978	5035	1.048E-289	0.997	9.984E-290	0	426	428	0	426	428	427M
3979	7454	2.217E-308	0.967	0.000E+00	0	516	517	0	516	528	517M
3980	7453	1.387E-88	1.00	1.427E-88	0	146	148	0	146	148	147M
3981	7453	1.387E-88	1.00	1.427E-88	0	146	148	0	146	148	147M
3982	7454	2.217E-308	0.967	0.000E+00	0	526	528	0	526	528	527M
3983	7454	2.664E-27	0.941	2.666E-27	0	50	52	476	526	528	51M
3984	7620	9.744E-107	0.988	9.295E-107	0	169	170	0	169	207	170M
3985	7621	2.217E-308	0.994	0.000E+00	0	524	526	0	524	526	525M
3986	7622	4.838E-223	0.997	4.869E-223	0	361	363	0	361	363	362M
3987	7625	1.800E-266	0.954	1.854E-266	26	447	449	0	421	423	422M
3988	7141	2.292E-321	1.00	2.332E-321	0	499	501	0	499	501	500M
3989	7140	7.439E-196	1.00	7.536E-196	0	298	300	0	298	300	299M
3990	7139	6.475E-181	0.996	6.623E-181	0	306	308	0	306	308	307M
3991	7138	4.961E-194	1.00	4.916E-194	0	292	295	0	292	338	293M
3993	8306	1.126E-46	1.00	1.091E-46	0	82	84	0	82	84	83M
3994	8307	8.800E-261	0.997	9.017E-261	0	410	412	0	410	412	411M
3995	8308	2.217E-308	0.990	0.000E+00	0	755	757	0	755	757	756M
3996	8309	1.342E-17	1.00	1.348E-17	0	34	36	149	183	185	35M
3999	5677	2.779E-202	0.962	2.886E-202	0	319	321	0	319	321	320M
4000	5676	1.244E-278	0.969	1.220E-278	0	432	435	0	432	435	433M
4001	5675	1.702E-24	1.00	1.700E-24	0	46	48	0	46	48	47M
4002	5674	4.941E-324	1.00	4.941E-324	0	491	493	0	491	493	492M
4010	5038	2.005E-153	1.00	2.021E-153	0	237	239	0	237	239	238M
4011	5039	2.217E-308	0.998	0.000E+00	0	548	550	0	548	550	549M
4012	5040	1.211E-74	1.00	1.161E-74	0	116	118	0	116	118	117M
4013	5041	1.626E-304	0.993	1.572E-304	0	472	474	0	472	474	473M
4014	5341	4.427E-150	1.00	4.652E-150	0	235	236	0	235	305	236M
4015	5340	1.674E-238	0.997	1.621E-238	0	367	369	0	367	369	368M
4016	5339	9.611E-63	1.00	9.347E-63	0	95	97	0	95	97	96M
4017	5338	6.217E-204	1.00	6.410E-204	0	305	307	0	305	307	306M
4018	5294	4.805E-143	0.986	4.786E-143	0	222	224	0	222	224	223M
4019	5295	2.925E-67	1.00	2.836E-67	0	103	104	0	103	218	104M
4020	6507	6.022E-269	1.00	5.742E-269	0	431	433	0	431	433	432M
4021	6506	2.674E-40	1.00	2.675E-40	0	66	68	0	66	68	67M
4022	6506	2.674E-40	1.00	2.675E-40	0	66	68	0	66	68	67M
4023	6507	6.022E-269	1.00	5.742E-269	0	431	433	0	431	433	432M
4024	7460	1.868E-87	1.00	1.795E-87	0	133	135	11	144	146	134M
4025	7461	7.734E-95	0.978	7.587E-95	0	141	143	0	141	143	142M
4026	7462	2.799E-166	1.00	2.797E-166	0	251	253	0	251	253	252M
4027	7462	2.799E-166	1.00	2.797E-166	0	251	253	0	251	253	252M
4028	7461	7.734E-95	0.978	7.587E-95	0	141	143	0	141	143	142M
4029	7460	1.868E-87	1.00	1.795E-87	0	133	135	11	144	146	134M
4030	5990	4.998E-313	0.993	5.240E-313	0	479	481	43	522	524	480M
4031	5989	2.217E-308	0.992	0.000E+00	0	525	527	0	525	527	526M
4032	5988	4.412E-226	0.997	4.385E-226	0	340	341	0	340	430	341M
4033	7236	6.605E-150	0.537	6.485E-150	14	471	488	24	491	493	12M1D117M1I3M3D10M3D302M4D13M
4034	7236	6.605E-150	0.537	6.485E-150	14	471	488	24	491	493	12M1D117M1I3M3D10M3D302M4D13M
4035	5312	1.106E-155	0.979	1.094E-155	0	240	242	65	305	307	241M
4036	5311	1.287E-175	1.00	1.241E-175	0	269	271	0	269	271	270M
4037	5310	3.675E-194	0.993	3.707E-194	0	287	289	0	287	289	288M
4038	5309	1.246E-85	0.985	1.258E-85	0	136	138	0	136	138	137M
4039	5308	3.056E-84	0.992	2.959E-84	0	136	138	0	136	138	137M
4040	5307	1.937E-101	1.00	1.981E-101	0	154	156	0	154	156	155M
4041	6769	8.620E-253	1.00	8.871E-253	0	379	381	0	379	381	380M
4042	6768	1.784E-224	0.997	1.836E-224	0	338	340	0	338	340	339M
4043	6767	2.217E-308	0.988	0.000E+00	0	500	515	0	500	503	501M
4044	7169	2.217E-308	0.958	0.000E+00	0	596	598	18	614	616	597M
4045	7168	2.217E-308	0.955	0.000E+00	0	696	698	0	697	699	177M1D520M
4046	5161	2.746E-236	0.994	2.720E-236	0	362	364	24	386	388	363M
4047	5161	2.746E-236	0.994	2.720E-236	0	362	364	24	386	388	363M
4051	5166	2.539E-51	0.554	2.433E-51	4	151	152	8	155	443	148M
4052	5166	2.642E-105	0.429	2.556E-105	4	428	431	8	431	443	298M3I16M2D81M1I18M1D8M
4053	5166	7.868E-63	0.372	7.541E-63	0	318	321	114	431	443	192M3I16M2D81M1I18M1D8M
4054	5882	1.812E-114	0.313	1.847E-114	50	891	921	38	936	1636	7M1D20M1I34M1I18M1D40M3I10M4I7M9D15M21D12M1I15M3I16M7D59M1D36M1D39M13D50M1I4M16D8M5I21M6I8M4I16M3D17M2I11M1D234M10D3M3D107M1D4M
4056	5490	3.870E-98	1.00	3.753E-98	0	160	162	51	211	213	161M
4057	5489	2.342E-39	1.00	2.335E-39	0	65	67	0	65	67	66M
4058	5488	1.316E-145	0.978	1.334E-145	0	231	233	0	231	238	232M
4059	5487	1.630E-189	0.986	1.563E-189	0	299	301	0	299	301	300M
4060	5486	7.167E-259	1.00	7.421E-259	0	410	412	0	410	412	411M
4061	7267	8.621E-137	0.669	9.033E-137	0	339	341	2850	3174	3176	36M3D16M3D14M2D16M16I68M4I6M3I161M
4062	7266	2.111E-57	1.00	2.117E-57	0	95	97	0	95	97	96M
4063	7265	2.217E-308	1.00	0.000E+00	0	543	545	0	543	545	544M
4064	7264	7.306E-73	1.00	7.214E-73	0	123	125	0	123	125	124M
4065	6344	2.217E-308	1.00	0.000E+00	0	573	575	0	573	575	574M
4066	6343	2.124E-98	1.00	2.196E-98	0	162	164	0	162	164	163M
4067	6342	9.717E-222	1.00	9.568E-222	0	337	339	0	337	339	338M
4068	7639	6.200E-25	0.956	6.221E-25	0	45	47	0	45	47	46M
4070	5978	2.462E-12	0.312	2.471E-12	0	118	120	0	143	145	19M1D11M11D11M7D4M2D5M4D69M
4073	5978	2.462E-12	0.312	2.471E-12	0	118	120	0	143	145	19M1D11M11D11M7D4M2D5M4D69M
4075	7639	6.200E-25	0.956	6.221E-25	0	45	47	0	45	47	46M
4076	8205	8.060E-111	0.639	7.983E-111	3	256	261	2	256	296	202M1D52M
4077	7072	4.667E-93	0.578	4.460E-93	0	260	289	0	260	267	261M
4078	7072	4.667E-93	0.578	4.460E-93	0	260	289	0	260	267	261M
4079	8205	5.445E-114	0.604	5.541E-114	3	282	296	2	282	296	202M1D78M
4080	7248	8.083E-27	1.00	8.115E-27	0	47	49	157	204	206	48M
4081	7247	1.403E-131	0.995	1.394E-131	0	200	202	0	200	202	201M
4082	7246	6.196E-164	0.992	6.323E-164	0	259	261	0	259	261	260M
4083	7245	2.981E-113	0.978	3.127E-113	40	227	229	0	187	189	188M
4084	7244	9.477E-251	0.984	9.227E-251	0	384	386	0	384	386	385M
4094	5844	2.217E-308	0.993	0.000E+00	9	504	506	778	1273	1275	496M
4095	5843	7.915E-220	0.996	7.787E-220	0	330	332	0	330	332	331M
4096	5842	1.014E-160	1.00	9.659E-161	0	254	256	0	254	256	255M
4097	5841	1.896E-54	0.988	1.959E-54	0	86	88	0	86	88	87M
4098	8215	2.217E-308	0.986	0.000E+00	0	514	515	0	514	517	515M
4099	8214	2.139E-178	0.989	2.194E-178	0	275	277	0	275	277	276M
4100	8213	2.359E-216	1.00	2.305E-216	0	319	321	0	319	321	320M
4101	7515	2.068E-165	0.583	1.982E-165	0	485	489	0	478	812	24M3I69M4I106M2D78M2I134M2I34M2D30M
4102	7516	4.644E-322	0.774	4.743E-322	0	616	618	0	615	617	109M1I507M
4103	8094	3.900E-101	0.974	3.725E-101	0	154	156	0	154	156	155M
4104	8093	2.217E-308	0.992	0.000E+00	11	518	520	0	507	509	508M
4105	8092	2.284E-126	0.989	2.197E-126	20	213	215	1	194	196	194M
4106	6505	2.930E-145	0.990	2.890E-145	0	215	216	0	215	244	216M
4107	6504	3.213E-142	1.00	3.376E-142	0	230	232	0	230	232	231M
4108	6503	2.635E-220	1.00	2.572E-220	0	340	342	0	340	342	341M
4109	6502	2.178E-185	1.00	2.139E-185	0	287	289	0	287	289	288M
4111	7821	5.135E-41	0.875	5.146E-41	0	71	73	0	71	73	72M
4113	7818	1.780E-22	1.00	1.787E-22	0	42	52	0	42	115	43M
4114	7818	1.780E-22	1.00	1.787E-22	0	42	52	0	42	115	43M
4116	7821	5.135E-41	0.875	5.146E-41	0	71	73	0	71	73	72M
4118	4937	1.671E-160	0.959	1.707E-160	0	246	248	0	246	248	247M
4119	4936	3.762E-87	0.984	3.815E-87	0	129	131	0	129	131	130M
4120	4935	2.621E-218	0.993	2.739E-218	0	332	334	0	332	334	333M
4121	4934	4.322E-102	0.993	4.501E-102	0	156	158	143	299	301	157M
4122	4934	2.548E-91	0.992	2.596E-91	0	133	135	0	133	301	134M
4123	5991	1.601E-298	0.984	1.610E-298	0	458	460	0	458	460	459M
4124	5992	2.217E-308	0.992	0.000E+00	0	682	684	17	699	701	683M
4125	6728	5.814E-62	1.00	6.096E-62	0	101	103	0	101	103	102M
4126	6840	1.653E-233	0.992	1.703E-233	0	399	401	0	399	401	400M
4127	6841	2.914E-143	1.00	2.935E-143	0	225	227	0	225	227	226M
4128	6842	9.718E-106	0.994	9.464E-106	0	177	179	0	177	179	178M
4129	7328	1.230E-196	1.00	1.175E-196	0	292	294	0	292	294	293M
4130	7329	1.256E-243	0.966	1.215E-243	0	391	393	0	391	393	392M
4132	7330	4.536E-82	0.985	4.411E-82	0	135	137	0	135	137	136M
4133	7331	3.193E-101	0.993	3.298E-101	0	159	180	0	159	164	160M
4134	7174	3.280E-150	0.986	3.287E-150	0	220	222	7	227	229	221M
4135	7175	2.732E-118	0.967	2.622E-118	0	186	188	0	186	188	187M
4136	7200	6.514E-106	0.946	6.474E-106	0	168	171	0	168	171	169M
4138	6918	1.033E-321	0.997	1.047E-321	0	475	477	0	475	477	476M
4139	6917	7.070E-99	1.00	6.927E-99	0	138	140	0	138	140	139M
4140	6916	1.319E-107	1.00	1.308E-107	0	160	162	0	160	162	161M
4141	6915	4.386E-69	1.00	4.222E-69	0	100	102	0	100	282	101M
4142	6915	6.392E-60	0.990	6.656E-60	0	99	102	135	234	282	100M
4144	6883	2.168E-17	1.00	2.159E-17	0	31	33	0	31	33	32M
4145	6884	5.535E-159	0.970	5.656E-159	0	240	242	169	409	411	241M
4146	6884	5.535E-159	0.970	5.656E-159	0	240	242	169	409	411	241M
4147	6883	2.168E-17	1.00	2.159E-17	0	31	33	0	31	33	32M
4148	6724	1.774E-67	0.928	1.705E-67	0	111	113	60	171	402	112M
4149	6724	9.040E-78	1.00	8.804E-78	0	121	146	0	121	402	122M
4150	6725	2.919E-221	1.00	2.866E-221	0	347	349	0	347	349	348M
4151	6127	3.804E-246	1.00	3.815E-246	0	362	364	117	479	481	363M
4152	5672	5.675E-130	0.974	5.583E-130	0	198	200	0	198	200	199M
4153	5673	1.809E-152	1.00	1.725E-152	0	229	231	0	229	231	230M
4154	5673	1.809E-152	1.00	1.725E-152	0	229	231	0	229	231	230M
4155	5672	5.675E-130	0.974	5.583E-130	0	198	200	0	198	200	199M
4156	5476	9.844E-227	0.993	1.016E-226	0	328	330	0	328	330	329M
4157	5477	1.426E-176	1.00	1.411E-176	0	263	265	0	263	265	264M
4158	5478	1.053E-136	0.989	1.081E-136	0	198	200	0	198	200	199M
4159	5479	3.954E-145	0.995	3.778E-145	0	213	215	0	213	215	214M
4160	5726	7.568E-164	1.00	7.421E-164	0	249	251	0	249	251	250M
4161	5727	5.544E-121	0.963	5.766E-121	0	190	192	0	190	192	191M
4162	5727	5.544E-121	0.963	5.766E-121	0	190	192	0	190	192	191M
4163	5726	7.568E-164	1.00	7.421E-164	0	249	251	0	249	251	250M
4165	5766	2.217E-308	0.953	0.000E+00	0	1007	1025	0	1007	1109	1008M
4166	6437	8.651E-61	1.00	8.800E-61	0	91	93	49	140	143	92M
4167	6436	7.627E-167	0.965	7.420E-167	0	263	265	0	263	265	264M
4168	6436	7.627E-167	0.965	7.420E-167	0	263	265	0	263	265	264M
4169	6437	1.549E-92	1.00	1.549E-92	0	140	142	0	140	143	141M
4170	6437	7.747E-57	1.00	7.658E-57	0	90	91	0	90	143	91M
4171	8100	4.863E-225	1.00	4.968E-225	0	337	339	0	337	339	338M
4172	8101	1.622E-71	0.991	1.661E-71	0	116	118	735	851	853	117M
4177	4854	5.909E-223	0.980	5.690E-223	0	352	380	0	352	437	353M
4178	4854	5.909E-223	0.980	5.690E-223	0	352	380	0	352	437	353M
4180	7850	5.389E-110	0.981	5.407E-110	0	165	166	0	165	195	166M
4181	7849	1.195E-69	0.973	1.141E-69	0	112	114	0	112	114	113M
4182	7849	1.195E-69	0.973	1.141E-69	0	112	114	0	112	114	113M
4183	7850	6.272E-130	0.979	6.032E-130	0	193	195	0	193	195	194M
4184	7850	1.520E-46	0.985	1.472E-46	0	69	71	124	193	195	70M
4187	5937	2.237E-118	0.979	2.239E-118	0	196	198	0	196	198	197M
4188	5936	1.011E-43	1.00	1.011E-43	0	73	75	0	73	75	74M
4189	5935	3.074E-36	1.00	3.081E-36	0	63	65	0	63	65	64M
4190	5934	9.077E-273	0.995	9.126E-273	0	419	421	0	419	421	420M
4191	7170	1.904E-133	0.985	1.852E-133	0	202	204	83	285	287	203M
4192	7171	2.099E-132	0.985	2.036E-132	0	206	208	0	206	208	207M
4193	7171	2.099E-132	0.985	2.036E-132	0	206	208	0	206	208	207M
4194	7170	1.904E-133	0.985	1.852E-133	0	202	204	83	285	287	203M
4195	6822	1.687E-125	1.00	1.704E-125	0	183	185	585	768	770	184M
4196	6823	4.711E-58	1.00	4.576E-58	0	96	98	0	96	98	97M
4197	6824	2.217E-308	0.982	0.000E+00	0	506	508	0	506	508	507M
4198	6825	5.261E-62	0.973	5.267E-62	0	111	113	0	111	113	112M
4199	5480	7.212E-68	0.974	7.093E-68	0	118	121	0	118	121	119M
4200	5481	4.789E-103	0.987	4.709E-103	0	155	157	0	155	157	156M
4201	5481	4.789E-103	0.987	4.709E-103	0	155	157	0	155	157	156M
4202	5480	7.212E-68	0.974	7.093E-68	0	118	121	0	118	121	119M
4203	5485	2.374E-257	0.994	2.271E-257	0	382	384	0	381	383	76M1I306M
4204	5484	3.001E-193	0.992	2.879E-193	0	277	279	0	277	279	278M
4205	5483	4.978E-118	0.989	5.007E-118	0	192	195	0	192	202	193M
4206	5933	5.087E-49	1.00	5.118E-49	0	76	78	0	76	78	77M
4207	5932	7.902E-142	0.982	8.178E-142	0	222	224	0	222	224	223M
4208	5931	1.848E-21	0.975	1.843E-21	0	40	42	0	40	42	41M
4209	5930	4.536E-82	1.00	4.317E-82	0	128	130	0	128	130	129M
4210	5929	5.347E-107	0.987	5.089E-107	0	163	164	0	163	182	164M
4211	8304	1.898E-39	1.00	1.905E-39	0	62	63	0	62	94	63M
4212	8305	2.124E-98	0.987	2.156E-98	0	155	157	0	155	157	156M
4213	8305	2.124E-98	0.987	2.156E-98	0	155	157	0	155	157	156M
4214	8304	2.352E-60	1.00	2.387E-60	0	92	94	0	92	94	93M
4215	8304	2.047E-45	1.00	2.048E-45	0	71	73	21	92	94	72M
4222	4716	2.217E-308	0.970	0.000E+00	0	806	808	0	826	828	448M20D359M
4223	8064	2.425E-188	1.00	2.479E-188	0	285	286	0	285	329	286M
4224	8064	1.435E-217	1.00	1.436E-217	0	327	329	0	327	329	328M
4225	8064	2.298E-51	1.00	2.321E-51	0	82	84	245	327	329	83M
4226	7250	1.346E-115	0.927	1.332E-115	0	191	193	0	191	193	192M
4227	7249	2.917E-182	0.989	2.873E-182	0	286	288	0	286	288	287M
4228	7248	2.144E-63	0.990	2.077E-63	0	104	105	0	104	206	105M
4229	7841	7.120E-63	0.980	7.004E-63	0	102	104	270	372	374	103M
4230	7414	2.545E-168	0.831	2.483E-168	0	319	321	0	318	320	301M1I18M
4231	7843	3.436E-52	1.00	3.477E-52	0	82	84	0	82	84	83M
4234	7845	7.440E-80	0.952	7.441E-80	0	125	132	0	125	241	126M
4235	6948	3.755E-241	0.994	3.708E-241	0	366	367	0	366	432	367M
4236	6949	6.813E-162	0.955	6.670E-162	0	271	273	0	271	273	272M
4237	7531	7.976E-223	0.997	8.337E-223	0	333	334	0	333	360	334M
4238	7531	7.976E-223	0.997	8.337E-223	0	333	334	0	333	360	334M
4239	6439	9.275E-204	0.990	9.113E-204	0	326	328	0	326	328	327M
4240	6438	8.953E-229	1.00	8.721E-229	0	361	363	37	398	400	362M
4241	8212	7.549E-163	0.987	7.898E-163	0	239	241	0	239	241	240M
4242	8211	6.149E-45	1.00	5.854E-45	0	73	75	133	206	208	74M
4243	8211	6.149E-45	1.00	5.854E-45	0	73	75	133	206	208	74M
4244	8212	7.549E-163	0.987	7.898E-163	0	239	241	0	239	241	240M
4245	8212	2.723E-20	1.00	2.716E-20	0	32	33	0	32	241	33M
4246	7078	1.953E-259	0.994	1.878E-259	0	394	396	0	394	396	395M
4247	7079	1.638E-191	0.993	1.591E-191	0	302	304	0	302	304	303M
4249	6872	1.593E-64	0.990	1.654E-64	0	107	118	68	175	179	108M
4250	6872	2.313E-42	0.974	2.305E-42	0	76	87	99	175	179	77M
4251	6872	1.962E-106	0.982	1.983E-106	0	175	186	0	175	179	176M
4252	6872	1.962E-106	0.982	1.983E-106	0	175	186	0	175	179	176M
4253	6872	2.313E-42	0.974	2.305E-42	0	76	87	99	175	179	77M
4254	6872	1.593E-64	0.990	1.654E-64	0	107	118	68	175	179	108M
4261	7458	2.217E-308	0.981	0.000E+00	0	660	661	0	660	719	661M
4262	8364	7.909E-65	0.981	8.192E-65	0	109	110	0	109	169	110M
4266	5966	3.514E-254	1.00	3.624E-254	0	379	380	0	379	412	380M
4267	5967	2.904E-219	1.00	2.781E-219	0	337	339	0	337	339	338M
4268	5968	2.976E-35	0.984	2.979E-35	0	64	66	49	113	115	65M
4269	7845	6.060E-78	0.936	6.192E-78	0	125	132	0	125	241	126M
4271	7843	2.526E-49	1.00	2.418E-49	0	77	82	0	77	84	78M
4272	7414	5.621E-165	0.762	5.458E-165	0	357	359	0	318	320	151M6I34M17I6M16I128M
4273	7413	5.844E-64	0.990	5.586E-64	0	102	104	270	372	374	103M
4274	5491	3.759E-48	0.987	3.777E-48	0	78	80	99	177	179	79M
4275	5492	2.223E-77	0.954	2.232E-77	0	130	139	0	130	183	131M
4276	5492	2.223E-77	0.954	2.232E-77	0	130	139	0	130	183	131M
4277	5491	7.274E-110	0.988	7.333E-110	0	177	179	0	177	179	178M
4278	5491	2.054E-85	0.992	1.993E-85	0	140	141	0	140	179	141M
4279	7817	2.333E-26	0.980	2.334E-26	0	50	51	0	50	79	51M
4280	7818	4.860E-70	0.982	4.641E-70	0	113	115	0	113	115	114M
4281	7818	4.860E-70	0.982	4.641E-70	0	113	115	0	113	115	114M
4282	7817	1.235E-43	0.961	1.235E-43	0	77	79	0	77	79	78M
4283	5241	5.597E-86	1.00	5.373E-86	0	138	140	0	138	140	139M
4284	5242	4.496E-272	1.00	4.293E-272	0	432	434	0	432	434	433M
4285	6887	9.277E-88	1.00	9.299E-88	0	139	141	41	180	182	140M
4286	6888	9.078E-157	1.00	9.336E-157	0	248	250	0	248	250	249M
4287	6889	1.052E-97	1.00	1.045E-97	0	155	157	0	155	157	156M
4288	5928	2.366E-101	0.988	2.485E-101	0	172	174	0	172	206	173M
4289	5928	2.366E-101	0.988	2.485E-101	0	172	174	0	172	206	173M
4290	6895	3.454E-170	0.992	3.287E-170	0	253	255	0	253	255	254M
4291	6895	3.454E-170	0.992	3.287E-170	0	253	255	0	253	255	254M
4292	8183	1.085E-109	1.00	1.119E-109	0	166	168	0	166	168	167M
4293	8184	3.930E-220	0.994	3.913E-220	0	339	351	0	339	408	340M
4296	7541	3.729E-161	0.980	3.626E-161	0	260	262	0	260	262	261M
4297	7542	1.253E-242	0.994	1.314E-242	0	388	390	84	472	474	389M
4302	7456	1.002E-20	0.976	1.005E-20	0	42	44	0	42	44	43M
4303	7457	1.137E-243	0.991	1.123E-243	0	369	371	0	369	371	370M
4304	5011	6.464E-103	1.00	6.584E-103	0	162	164	0	162	164	163M
4305	5012	1.731E-135	0.958	1.686E-135	0	216	218	0	216	220	217M
4306	5191	3.847E-57	1.00	3.685E-57	0	88	89	0	88	164	89M
4307	5190	1.230E-80	0.977	1.256E-80	0	134	141	0	134	154	135M
4308	5190	1.230E-80	0.977	1.256E-80	0	134	141	0	134	154	135M
4309	5191	3.847E-57	1.00	3.685E-57	0	88	89	0	88	164	89M
4310	5927	3.019E-29	0.757	3.027E-29	0	65	70	0	64	72	4M1I61M
4311	8058	8.305E-22	0.897	8.335E-22	0	38	45	0	38	40	39M
4317	6591	2.217E-308	1.00	0.000E+00	0	564	566	0	564	566	565M
4318	6884	2.875E-99	0.970	2.780E-99	0	166	167	0	166	411	167M
4319	6885	3.317E-193	0.989	3.213E-193	0	286	288	0	286	288	287M
4320	7644	8.052E-304	0.986	7.792E-304	0	459	461	0	459	461	460M
4321	5244	3.615E-149	1.00	3.716E-149	0	232	267	34	266	286	233M
4322	5243	2.382E-181	1.00	2.277E-181	0	263	265	0	263	265	264M
4323	6919	2.204E-267	1.00	2.109E-267	0	434	436	0	434	436	435M
4324	7923	2.191E-110	0.983	2.177E-110	0	178	180	126	304	306	179M
4325	7923	2.532E-166	0.963	2.559E-166	3	276	278	31	304	306	274M
4332	6514	2.368E-140	0.990	2.262E-140	0	213	241	125	338	364	214M
4333	6514	1.411E-172	0.992	1.369E-172	0	258	286	80	338	364	259M
4334	6514	6.294E-54	1.00	6.286E-54	0	85	86	80	165	364	86M
4335	8234	3.303E-114	0.972	3.170E-114	0	178	180	47	225	227	179M
4336	7367	4.143E-47	0.894	4.341E-47	5	89	91	6	90	92	85M
4339	6947	7.248E-302	0.993	7.125E-302	0	441	443	21	462	464	442M
4340	6101	7.070E-99	1.00	6.903E-99	0	151	153	17	168	170	152M
4341	6100	4.559E-200	0.990	4.570E-200	0	305	308	0	305	308	306M
4342	5915	2.775E-124	0.956	2.700E-124	0	208	210	0	208	210	209M
4343	7987	1.689E-48	0.422	1.625E-48	6	206	241	10	210	412	201M
4344	7987	1.689E-48	0.422	1.625E-48	6	206	241	10	210	412	201M
4348	8096	9.551E-254	0.963	9.892E-254	0	386	388	0	386	388	387M
4349	5979	2.956E-17	1.00	2.968E-17	0	31	33	0	31	33	32M
4350	5978	8.459E-91	0.979	8.707E-91	0	145	147	0	143	145	6M2I138M
4351	5977	2.548E-91	0.992	2.656E-91	0	140	142	9	149	151	141M
4355	7651	1.708E-91	0.993	1.712E-91	0	144	146	44	188	190	145M
4356	7652	3.890E-216	0.993	3.824E-216	0	304	305	0	304	340	305M
4358	7363	1.918E-16	0.975	1.927E-16	3	42	44	371	410	412	40M
4359	7364	9.786E-70	0.981	9.387E-70	0	108	110	27	135	137	109M
4360	7364	9.786E-70	0.981	9.387E-70	0	108	110	27	135	137	109M
4361	7363	1.918E-16	0.975	1.927E-16	3	42	44	371	410	412	40M
4364	8310	6.730E-18	0.970	6.752E-18	0	33	35	90	123	125	34M
4365	8310	6.730E-18	0.970	6.752E-18	0	33	35	90	123	125	34M
4366	7602	7.250E-70	0.991	7.014E-70	0	115	117	8	123	125	116M
4367	7602	5.936E-70	0.974	6.037E-70	7	125	127	5	123	125	119M
4368	7544	1.341E-191	0.996	1.365E-191	0	292	294	0	292	294	293M
4370	7295	7.168E-143	0.698	6.880E-143	73	429	431	34	403	2312	39M4D9M1I24M2D83M6D5M2I94M6D9M2I89M
4371	4963	3.410E-49	0.273	3.519E-49	0	372	393	0	523	944	122M40D4M101D41M1D12M1D38M6D25M3I52M5D76M
4372	8360	4.755E-255	1.00	4.702E-255	0	379	397	0	379	380	380M
4373	5232	7.754E-96	1.00	7.881E-96	0	153	155	0	153	155	154M
4374	5231	1.385E-41	0.971	1.379E-41	0	70	72	0	70	72	71M
4376	7782	1.245E-15	0.327	1.241E-15	13	191	195	124	300	307	11M2D30M1I8M4I6M3I10M1I17M3D36M2D52M
4377	7643	9.301E-89	0.965	9.013E-89	0	144	145	0	144	183	145M
4380	6077	2.520E-48	1.00	2.490E-48	0	76	78	82	158	160	77M
4381	6076	2.878E-26	1.00	2.879E-26	0	72	74	0	72	74	73M
4382	6075	1.589E-63	1.00	1.548E-63	0	98	99	0	98	106	99M
4383	7203	2.269E-23	0.875	2.273E-23	0	47	49	111	158	160	48M
4384	7202	4.269E-16	0.782	4.270E-16	0	45	47	0	45	47	46M
4385	7201	3.548E-103	0.973	3.603E-103	0	152	158	0	152	254	153M
4387	7839	7.065E-60	0.958	7.146E-60	0	95	97	0	95	97	96M
4388	7840	4.307E-62	0.916	4.340E-62	0	107	109	0	106	108	18M1I89M
4390	7295	4.454E-191	0.838	4.372E-191	0	366	367	65	443	2312	21M6D5M2I203M6D9M2I94M6D9M2I20M
4391	5291	1.130E-86	1.00	1.108E-86	0	139	140	0	139	226	140M
4392	5291	1.130E-86	1.00	1.108E-86	0	139	140	0	139	226	140M
4394	5095	1.255E-88	0.985	1.236E-88	0	140	145	0	140	284	141M
4395	5095	1.255E-88	0.985	1.236E-88	0	140	145	0	140	284	141M
4397	4717	1.057E-60	0.989	1.021E-60	0	95	96	0	95	198	96M
4398	4717	1.057E-60	0.989	1.021E-60	0	95	96	0	95	198	96M
4399	8329	6.676E-42	0.435	6.700E-42	9	186	189	4	180	317	82M1D73M2I21M
4401	6863	8.060E-111	0.717	8.347E-111	27	260	262	40	273	275	234M
4402	7594	1.251E-48	0.954	1.212E-48	0	87	89	0	87	89	88M
4403	7593	1.314E-67	0.973	1.305E-67	0	112	114	0	112	114	113M
4404	7592	3.271E-29	1.00	3.278E-29	4	57	59	0	53	55	54M
4405	8267	1.034E-129	0.807	1.011E-129	0	280	281	0	266	282	50M1I203M13I14M
4406	4963	6.044E-77	0.409	5.823E-77	0	311	330	546	897	944	35M1D12M5D55M1D3M23D42M5D12M1D63M1D45M3D45M
4407	7413	2.815E-207	1.00	2.927E-207	0	310	311	0	310	374	311M
4411	6960	1.724E-56	0.946	1.756E-56	0	93	95	297	390	487	94M
4413	6564	4.079E-157	1.00	4.056E-157	0	237	239	0	237	239	238M
4414	8357	2.763E-45	0.710	2.811E-45	12	111	112	165	264	403	100M
4416	7336	6.796E-45	0.973	6.470E-45	1	75	77	126	200	440	75M
4417	7919	1.282E-15	1.00	1.280E-15	0	30	32	342	372	374	31M
4418	7919	1.282E-15	1.00	1.280E-15	0	30	32	342	372	374	31M
4419	5219	3.791E-32	1.00	3.791E-32	0	49	57	0	49	98	50M
4420	5219	3.791E-32	1.00	3.791E-32	0	49	57	0	49	98	50M
4421	5961	8.770E-16	0.966	8.800E-16	0	29	31	29	58	813	30M
4424	6886	3.199E-63	0.989	3.280E-63	0	94	95	50	144	187	95M
4425	6886	3.199E-63	0.989	3.280E-63	0	94	95	50	144	187	95M
4426	5549	1.672E-44	0.807	1.725E-44	0	82	84	54	136	351	83M
4427	5549	1.544E-52	0.817	1.607E-52	0	92	94	0	92	351	93M
4430	7143	1.610E-41	0.959	1.603E-41	0	73	75	8	81	89	74M
4431	8372	1.271E-54	0.941	1.211E-54	2	103	104	34	135	198	102M
4433	5291	1.677E-84	1.00	1.739E-84	0	125	127	99	224	226	126M
4434	5291	1.677E-84	1.00	1.739E-84	0	125	127	99	224	226	126M
4436	7122	9.905E-36	0.983	9.888E-36	0	61	63	0	61	629	62M
4439	6073	9.965E-19	1.00	1.001E-18	0	34	35	0	34	143	35M
4440	6072	1.849E-25	1.00	1.841E-25	0	46	48	0	46	48	47M
4441	7605	3.870E-98	0.978	3.701E-98	0	140	142	0	140	142	141M
4442	7604	9.637E-37	1.00	9.600E-37	0	65	67	0	65	67	66M
4447	8366	2.349E-137	0.844	2.411E-137	0	231	235	0	231	235	232M
4448	7665	9.478E-135	0.746	9.022E-135	0	251	254	23	274	277	252M
4449	5475	3.401E-48	0.987	3.418E-48	0	76	78	0	76	78	77M
4450	5475	3.401E-48	0.987	3.418E-48	0	76	78	0	76	78	77M
4451	7025	6.312E-28	0.960	6.307E-28	0	50	61	88	138	252	51M
4452	5217	1.314E-32	0.932	1.309E-32	0	58	61	0	58	120	59M
4453	5217	1.950E-65	0.970	1.999E-65	0	102	107	0	102	120	103M
4454	6847	5.839E-141	0.985	5.775E-141	0	210	212	21	231	233	211M
4457	5868	1.792E-71	0.823	1.753E-71	0	141	166	43	182	187	135M2I5M
4458	5427	9.761E-69	0.709	1.009E-68	9	163	167	100	253	300	53M1I101M
4461	6284	5.784E-60	0.990	5.747E-60	12	111	112	167	266	507	100M
4465	8003	4.426E-30	0.964	4.412E-30	0	55	57	1450	1505	1507	56M
4466	8003	2.454E-30	0.947	2.463E-30	0	56	58	1449	1505	1507	57M
4467	8003	1.715E-23	0.754	1.709E-23	3	59	62	1393	1449	1507	57M
4469	5828	4.571E-85	1.00	4.405E-85	29	150	151	11	132	190	122M
4472	5926	1.857E-46	0.986	1.800E-46	0	73	75	0	73	75	74M
4473	7297	5.905E-68	1.00	5.710E-68	0	109	110	0	109	701	110M
4474	5295	1.388E-30	1.00	1.386E-30	0	51	53	165	216	218	52M
4475	5335	5.927E-23	0.976	5.900E-23	0	41	43	0	41	405	42M
4476	8091	1.931E-38	1.00	1.937E-38	0	63	65	14	77	79	64M
4477	8091	1.931E-38	1.00	1.937E-38	0	63	65	14	77	79	64M
4478	6886	1.233E-27	0.800	1.232E-27	0	64	68	103	167	187	65M
4479	6886	4.462E-37	0.890	4.458E-37	0	72	77	108	176	187	64M4I5M
4480	6886	4.462E-37	0.890	4.458E-37	0	72	77	108	176	187	64M4I5M
4481	6886	1.233E-27	0.800	1.232E-27	0	64	68	103	167	187	65M
4484	8363	3.407E-126	0.990	3.307E-126	11	216	217	124	329	335	206M
4485	5828	6.359E-58	0.988	6.212E-58	0	83	85	105	188	190	84M
4486	5828	6.359E-58	0.988	6.212E-58	0	83	85	105	188	190	84M
4487	7151	5.074E-48	0.988	5.086E-48	0	84	86	166	250	252	85M
4488	7151	5.074E-48	0.988	5.086E-48	0	84	86	166	250	252	85M
4491	8357	8.737E-30	0.793	8.757E-30	0	57	58	199	256	403	58M
4492	8309	2.090E-53	1.00	2.120E-53	0	84	85	0	84	185	85M
4493	8309	2.090E-53	1.00	2.120E-53	0	84	85	0	84	185	85M
4495	8310	1.568E-58	1.00	1.565E-58	0	92	115	0	92	125	93M
4496	8310	1.568E-58	1.00	1.565E-58	0	92	115	0	92	125	93M
4499	8268	5.982E-73	0.991	5.947E-73	0	115	121	0	115	463	116M
4506	6477	6.002E-113	1.00	6.145E-113	0	175	176	46	221	279	176M
4508	5988	1.871E-49	0.988	1.816E-49	0	87	89	341	428	430	88M
4513	6269	4.591E-48	1.00	4.461E-48	0	76	77	0	76	135	77M
4514	6269	4.591E-48	1.00	4.461E-48	0	76	77	0	76	135	77M
4515	8357	1.437E-32	0.650	1.439E-32	0	79	82	262	341	403	80M
4516	8357	1.437E-32	0.650	1.439E-32	0	79	82	262	341	403	80M
4518	5335	4.776E-102	0.981	4.953E-102	0	159	160	1	160	405	160M
4519	6697	9.976E-31	1.00	1.001E-30	0	58	59	0	58	547	59M
4522	7295	6.186E-86	0.973	6.320E-86	0	149	150	105	254	2312	150M
4526	8372	9.611E-63	0.990	9.380E-63	0	106	110	26	132	198	107M
4528	5295	1.557E-94	1.00	1.497E-94	0	143	144	62	205	218	144M
4529	7845	1.123E-45	0.688	1.179E-45	1	106	107	132	235	241	15M1I54M1I35M
4530	7845	2.642E-16	0.968	2.637E-16	0	31	38	94	125	241	32M
4531	5938	1.284E-58	1.00	1.319E-58	0	91	92	1	92	110	92M
4534	6331	4.330E-37	0.943	4.316E-37	0	69	70	0	70	255	4M1D66M
4536	5218	1.944E-29	0.981	1.944E-29	0	53	55	24	77	79	54M
4537	5218	1.944E-29	0.981	1.944E-29	0	53	55	24	77	79	54M
4539	4971	3.401E-48	0.877	3.540E-48	0	97	98	0	97	444	98M
4540	6081	5.431E-24	0.975	5.440E-24	0	39	40	1	40	75	40M
4541	6081	5.431E-24	0.975	5.440E-24	0	39	40	1	40	75	40M
4542	8357	8.445E-13	0.650	8.475E-13	0	39	40	256	295	403	40M
4543	8357	3.521E-15	0.543	3.525E-15	0	56	70	256	308	403	48M4I5M
4544	7170	4.603E-49	1.00	4.554E-49	0	81	82	0	81	287	82M
4545	6074	1.680E-46	0.986	1.712E-46	0	72	74	0	72	74	73M
4546	7611	1.307E-65	1.00	1.291E-65	0	106	111	175	281	290	107M
4550	7295	3.291E-74	0.968	3.374E-74	0	126	127	39	165	2312	127M
4551	7173	1.245E-46	0.987	1.290E-46	0	79	81	87	166	168	80M
4552	7455	2.908E-30	0.962	2.898E-30	0	53	55	87	140	142	54M
4553	7455	2.908E-30	0.962	2.898E-30	0	53	55	87	140	142	54M
4554	7542	5.593E-47	1.00	5.512E-47	0	82	83	0	82	474	83M
4557	7052	1.254E-49	1.00	1.222E-49	0	79	81	31	110	112	80M
4558	6716	7.950E-67	0.951	8.279E-67	0	102	113	58	160	162	103M
4559	6478	2.462E-39	1.00	2.456E-39	0	67	68	0	67	793	68M
4562	7071	2.996E-26	0.709	2.989E-26	0	61	62	0	61	331	62M
4563	7069	5.581E-23	1.00	5.594E-23	0	40	42	191	231	233	41M
4568	8363	5.799E-61	1.00	5.573E-61	0	102	103	128	230	335	103M
4569	5295	1.388E-30	1.00	1.386E-30	0	51	53	165	216	218	52M
4570	5296	1.998E-24	0.955	1.994E-24	0	44	45	0	44	404	45M
4571	8357	1.627E-18	0.750	1.628E-18	0	43	44	164	207	403	44M
4572	8357	1.627E-18	0.750	1.628E-18	0	43	44	164	207	403	44M
4573	8372	2.333E-57	0.989	2.224E-57	0	97	98	13	110	198	98M
4576	8303	4.545E-17	1.00	4.556E-17	0	34	35	0	34	103	35M
4577	8303	4.545E-17	1.00	4.556E-17	0	34	35	0	34	103	35M
4578	5953	5.891E-40	0.985	5.863E-40	0	70	71	0	70	1286	71M
4579	8363	4.639E-52	1.00	4.680E-52	0	89	90	188	277	335	90M
4580	8363	1.376E-46	0.910	1.395E-46	0	88	89	187	275	335	89M
4581	7545	8.083E-27	0.979	8.115E-27	0	48	49	0	48	235	49M
4582	8310	1.457E-18	1.00	1.454E-18	0	35	36	0	35	125	36M
4583	8310	1.457E-18	1.00	1.454E-18	0	35	36	0	35	125	36M
4584	6641	2.074E-50	0.987	2.022E-50	0	81	83	253	334	336	82M
4585	8363	1.390E-50	0.965	1.376E-50	0	87	88	128	215	335	88M
4586	7077	5.741E-30	1.00	5.754E-30	0	55	56	0	55	452	56M
4587	7295	3.093E-50	0.976	3.220E-50	0	85	86	124	209	2312	86M
4588	7903	1.458E-22	1.00	1.451E-22	0	40	42	46	86	88	41M
4589	7595	4.232E-32	1.00	4.233E-32	0	51	53	322	373	375	52M
4590	8372	1.027E-49	0.976	1.034E-49	0	83	84	94	177	198	84M
4591	8357	1.664E-19	0.723	1.664E-19	0	46	49	127	173	403	47M
4592	8357	1.664E-19	0.723	1.664E-19	0	46	49	127	173	403	47M
4594	8372	2.344E-20	1.00	2.344E-20	7	47	48	19	59	198	41M
4595	8329	3.978E-08	0.540	3.996E-08	0	36	44	47	83	317	37M
4596	8329	3.978E-08	0.540	3.996E-08	0	36	44	47	83	317	37M
4599	8491	5.026E-25	1.00	5.034E-25	0	41	43	0	41	45	42M
4600	8491	5.026E-25	1.00	5.034E-25	0	41	43	0	41	45	42M
4603	5683	3.567E-20	1.00	3.584E-20	0	40	44	799	839	895	41M
4604	5683	3.567E-20	1.00	3.584E-20	0	40	44	799	839	895	41M
4608	7230	6.231E-23	1.00	6.222E-23	0	41	44	15	56	250	42M
4609	7230	6.231E-23	1.00	6.222E-23	0	41	44	15	56	250	42M
4611	5672	1.812E-21	0.777	1.811E-21	0	53	60	44	97	200	54M
4612	8011	3.285E-23	0.976	3.296E-23	1	43	44	164	206	572	43M
4613	8011	8.770E-16	1.00	8.800E-16	0	30	31	176	206	572	31M
4617	6563	1.144E-25	1.00	1.144E-25	0	44	45	0	44	139	45M
4618	7972	8.705E-17	1.00	8.682E-17	0	40	41	0	40	744	41M
4620	8363	9.197E-46	0.938	9.053E-46	1	81	82	131	211	335	81M
4621	8357	2.541E-28	0.592	2.533E-28	0	80	81	26	106	403	81M
4622	5180	2.521E-25	1.00	2.529E-25	0	41	42	0	41	161	42M
4623	8357	3.153E-38	0.753	3.141E-38	0	80	81	215	295	403	81M
4626	8472	5.035E-45	1.00	5.209E-45	3	77	79	0	74	75	75M
4627	6948	2.189E-40	1.00	2.183E-40	0	62	64	368	430	432	63M
4628	8363	1.372E-45	0.987	1.397E-45	0	77	78	131	208	335	78M
4629	8372	8.301E-45	0.986	8.447E-45	0	75	76	94	169	198	76M
4630	8363	4.752E-42	0.986	4.748E-42	0	75	76	188	263	335	76M
4631	8032	7.865E-28	0.923	7.892E-28	0	51	53	477	528	530	52M
4632	8468	3.451E-42	0.973	3.459E-42	0	75	76	11	86	91	76M
4633	5191	2.042E-44	1.00	2.077E-44	0	73	75	89	162	164	74M
4634	8357	1.368E-36	0.797	1.364E-36	0	73	74	127	200	403	74M
4635	8372	2.970E-42	0.986	2.977E-42	0	72	73	13	85	198	73M
4636	6477	1.144E-25	1.00	1.144E-25	0	44	45	0	44	279	45M
4639	5990	1.458E-22	1.00	1.451E-22	0	41	42	0	41	524	42M
4640	8468	4.859E-39	0.985	4.867E-39	0	68	69	7	75	91	69M
4641	4857	3.679E-32	0.985	3.697E-32	0	68	69	273	341	361	69M
4642	6404	5.309E-23	1.00	5.307E-23	0	45	47	822	867	869	46M
4643	8357	1.687E-32	0.833	1.687E-32	0	65	66	103	168	403	66M
4645	8468	3.708E-35	0.984	3.696E-35	0	63	64	3	66	91	64M
4646	5341	2.924E-36	1.00	2.929E-36	0	60	64	237	297	305	61M
4647	5456	1.450E-20	0.860	1.452E-20	0	49	51	80	129	160	50M
4648	6460	1.208E-15	0.967	1.210E-15	0	30	31	192	222	379	31M
4656	6690	1.373E-22	1.00	1.377E-22	0	41	47	44	85	172	42M
4658	5890	7.347E-21	0.976	7.312E-21	0	42	44	85	127	343	43M
4661	7097	3.041E-24	1.00	3.044E-24	0	41	47	80	121	226	42M
4663	4803	7.454E-15	1.00	7.430E-15	0	34	35	0	34	104	35M
4666	7480	1.944E-25	1.00	1.942E-25	0	41	43	103	144	203	42M
4668	8364	2.145E-36	0.982	2.155E-36	0	56	58	111	167	169	57M
4669	8471	1.674E-33	1.00	1.675E-33	0	57	58	1	58	77	58M
4670	7295	7.905E-30	0.982	7.902E-30	0	55	56	214	269	2312	56M
4671	5634	1.348E-11	0.885	1.343E-11	0	34	38	452	486	700	35M
4672	5634	1.348E-11	0.885	1.343E-11	0	34	38	452	486	700	35M
4673	8372	7.153E-30	1.00	7.127E-30	0	53	54	13	66	198	54M
4674	8372	1.030E-27	1.00	1.029E-27	0	51	52	2	53	198	52M
4675	8372	1.030E-27	1.00	1.029E-27	0	51	52	2	53	198	52M
4676	8357	5.000E-23	0.769	5.016E-23	0	51	52	167	218	403	52M
4677	7295	1.657E-29	1.00	1.664E-29	0	51	52	233	284	2312	52M
4679	8471	5.167E-28	1.00	5.179E-28	1	50	51	0	49	77	50M
4680	8488	3.688E-29	1.00	3.686E-29	0	48	49	3	51	52	49M
4682	8372	6.584E-25	1.00	6.557E-25	0	47	48	19	66	198	48M
4683	8469	5.192E-26	1.00	5.172E-26	0	47	48	30	77	78	48M
4684	8372	6.734E-26	1.00	6.740E-26	0	46	47	13	59	198	47M
4685	8475	2.398E-25	1.00	2.400E-25	0	46	47	2	48	72	47M
4686	8469	2.281E-25	1.00	2.277E-25	0	45	46	13	58	78	46M
4687	8372	3.055E-22	1.00	3.047E-22	0	43	44	91	134	198	44M
4688	8482	1.839E-23	1.00	1.841E-23	0	44	45	0	44	56	45M
4689	8477	7.900E-22	0.977	7.904E-22	0	43	44	9	52	67	44M
4690	8475	1.532E-22	1.00	1.530E-22	0	42	43	7	49	72	43M
 0	11833	8.465E-41	0.829	8.455E-41	0	81	83	0	81	119	82M
1	11834	7.794E-98	0.986	7.467E-98	0	148	150	0	148	150	149M
2	11835	3.045E-160	0.991	3.158E-160	0	239	241	0	239	241	240M
3	11836	1.650E-155	0.991	1.623E-155	0	235	237	0	235	237	236M
4	11837	1.138E-166	0.985	1.185E-166	0	273	275	0	273	275	274M
5	11838	2.400E-184	0.996	2.510E-184	0	306	308	0	306	308	307M
6	11839	1.410E-249	0.994	1.398E-249	0	368	370	0	368	370	369M
7	9325	1.872E-26	0.238	1.864E-26	15	686	710	9	681	699	31M9I16M5D18M9D4M1I6M1I15M4D5M6I28M1D39M2I77M2D9M4D25M4D6M2D10M4D12M2I11M1I2M2I7M1I16M4D16M5D38M1I17M1I41M6I15M1D14M1D14M1I10M2I31M2I3M5I70M4I9M2D10M
8	10933	2.077E-128	1.00	1.996E-128	0	187	189	0	187	189	188M
9	10932	1.186E-182	0.981	1.138E-182	0	273	275	0	273	275	274M
10	10931	4.263E-58	1.00	4.357E-58	0	95	97	0	95	97	96M
11	10930	3.009E-78	0.991	3.144E-78	0	116	118	36	152	154	117M
12	10929	4.136E-85	1.00	4.327E-85	0	142	144	0	142	144	143M
13	10928	2.217E-308	1.00	0.000E+00	0	610	612	0	610	612	611M
14	10927	3.093E-282	1.00	3.030E-282	0	451	453	0	451	453	452M
15	10926	1.598E-220	0.964	1.557E-220	0	336	338	0	336	338	337M
16	10925	2.217E-308	0.997	0.000E+00	0	485	487	0	485	487	486M
17	10924	4.892E-266	0.992	4.903E-266	0	400	402	0	400	402	401M
18	10923	6.265E-29	1.00	6.235E-29	0	51	53	0	51	53	52M
19	10922	2.459E-232	0.997	2.501E-232	0	355	357	0	355	357	356M
20	10921	4.389E-108	0.988	4.357E-108	0	170	172	0	170	172	171M
21	10920	1.042E-248	0.997	1.005E-248	0	390	392	0	390	392	391M
22	10919	4.715E-97	0.986	4.507E-97	0	146	148	0	146	148	147M
23	10918	3.266E-71	0.991	3.125E-71	0	116	118	0	116	118	117M
24	10917	8.748E-104	0.993	9.007E-104	0	160	162	0	160	162	161M
25	10916	2.217E-308	0.998	0.000E+00	0	546	548	0	546	548	547M
26	10915	2.217E-308	1.00	0.000E+00	0	800	802	0	800	802	801M
27	10914	2.127E-292	0.997	2.152E-292	0	416	418	0	416	418	417M
28	10913	2.789E-242	1.00	2.879E-242	0	371	373	0	371	373	372M
29	10912	3.612E-226	1.00	3.635E-226	0	335	337	0	335	337	336M
30	10911	2.170E-261	0.995	2.201E-261	0	400	402	0	400	402	401M
31	10910	2.217E-308	0.991	0.000E+00	0	710	712	0	710	712	711M
32	10909	1.867E-48	1.00	1.874E-48	0	83	85	0	83	85	84M
33	10908	1.991E-189	0.975	2.087E-189	0	285	287	0	285	287	286M
34	10907	7.556E-86	0.949	7.367E-86	0	138	140	0	138	140	139M
35	10906	3.675E-194	0.989	3.759E-194	0	294	296	27	321	323	295M
37	10904	7.003E-134	1.00	6.970E-134	0	208	210	0	208	210	209M
38	10903	5.007E-275	1.00	4.826E-275	0	435	437	0	435	437	436M
39	10902	1.835E-80	0.986	1.752E-80	0	146	148	0	146	148	147M
40	10901	2.217E-308	0.997	0.000E+00	0	906	908	0	906	908	907M
41	10900	2.914E-143	1.00	2.980E-143	0	212	214	0	212	214	213M
42	10899	2.364E-178	0.996	2.417E-178	0	257	259	42	299	301	258M
43	10898	7.660E-130	0.984	7.517E-130	0	191	193	0	191	193	192M
44	10897	6.696E-194	0.997	6.988E-194	0	355	357	0	355	357	356M
45	10896	2.805E-283	0.988	2.820E-283	0	427	429	0	427	429	428M
46	10895	2.489E-198	1.00	2.470E-198	0	297	299	0	297	299	298M
47	10894	4.175E-166	1.00	4.130E-166	0	266	268	0	266	268	267M
48	10893	7.162E-220	0.988	7.015E-220	0	348	350	0	348	350	349M
49	10892	6.783E-199	0.993	6.901E-199	0	290	292	0	290	292	291M
50	10891	3.311E-231	0.984	3.396E-231	0	330	332	0	330	332	331M
51	10890	4.481E-116	0.994	4.674E-116	0	169	171	0	169	171	170M
52	10889	6.100E-274	1.00	6.022E-274	0	408	410	0	408	410	409M
53	10888	9.626E-141	0.958	9.723E-141	0	218	223	0	218	220	219M
54	10887	2.029E-235	0.573	1.930E-235	0	611	613	0	622	624	233M1I188M4D44M2D4M2D76M1D43M3D23M
55	10886	3.736E-123	0.989	3.885E-123	0	191	193	0	191	193	192M
56	10885	1.489E-154	0.974	1.547E-154	0	236	238	0	236	238	237M
57	10884	3.294E-113	0.988	3.429E-113	0	175	177	0	175	177	176M
58	10883	7.355E-269	1.00	7.361E-269	0	389	391	0	389	391	390M
59	10882	2.217E-308	0.993	0.000E+00	0	479	481	0	479	481	480M
60	10881	1.203E-149	1.00	1.180E-149	0	227	229	0	227	229	228M
61	10880	2.217E-308	0.994	0.000E+00	34	551	553	0	517	519	518M
62	10879	4.072E-79	0.992	3.889E-79	0	125	127	0	125	127	126M
63	10878	2.217E-308	0.995	0.000E+00	0	599	601	0	599	601	600M
64	10877	2.217E-308	0.996	0.000E+00	0	592	594	0	592	594	593M
65	10874	4.300E-100	0.993	4.312E-100	0	159	161	0	159	161	160M
66	10873	2.502E-84	0.992	2.503E-84	0	126	128	0	126	128	127M
67	10872	1.435E-101	0.993	1.414E-101	0	146	149	0	146	149	147M
68	10871	2.217E-308	0.989	0.000E+00	0	486	488	0	486	488	487M
69	10870	2.217E-308	0.963	0.000E+00	0	690	692	0	684	686	276M3I17M3I392M
70	10869	3.117E-169	0.984	2.987E-169	0	253	255	0	253	255	254M
71	10868	2.217E-308	0.998	0.000E+00	0	591	593	0	591	593	592M
72	10866	1.683E-39	0.971	1.676E-39	0	70	73	0	70	73	71M
73	10862	2.011E-11	0.233	2.011E-11	0	360	365	0	336	345	37M2D13M1I4M4I36M2D7M10I17M23I16M3I8M1I5M16D37M2I84M5I19M5D29M
79	9809	5.056E-124	0.990	5.243E-124	0	202	204	0	202	204	203M
80	9808	2.305E-207	0.996	2.268E-207	0	317	319	0	317	319	318M
81	9807	1.622E-71	1.00	1.543E-71	0	108	110	0	108	110	109M
82	9806	5.407E-266	1.00	5.383E-266	0	402	404	0	402	404	403M
83	9805	2.217E-308	0.997	0.000E+00	0	696	698	0	696	698	697M
84	9804	2.095E-54	1.00	2.163E-54	0	88	90	0	88	90	89M
85	9803	1.177E-295	0.993	1.204E-295	0	431	433	0	431	433	432M
86	9802	2.217E-308	0.976	0.000E+00	0	586	588	0	586	588	587M
87	9801	2.217E-308	0.992	0.000E+00	0	1231	1233	0	1231	1233	1232M
88	9800	2.217E-308	0.991	0.000E+00	0	1210	1212	0	1210	1212	1211M
89	9799	5.940E-109	1.00	5.684E-109	0	167	169	0	167	169	168M
90	9798	1.868E-319	0.995	1.839E-319	0	471	473	0	471	473	472M
91	9797	8.130E-153	1.00	8.487E-153	0	234	236	0	234	236	235M
92	9796	6.925E-207	0.996	6.951E-207	0	314	316	0	314	316	315M
93	9795	1.182E-142	1.00	1.176E-142	0	221	223	0	221	223	222M
94	9794	2.217E-308	1.00	0.000E+00	0	538	540	0	538	540	539M
95	9793	1.054E-291	0.970	1.030E-291	0	436	438	0	436	438	437M
96	9792	9.461E-173	1.00	9.478E-173	0	256	258	0	256	258	257M
97	9791	2.217E-308	1.00	0.000E+00	0	499	501	0	499	501	500M
98	9790	2.177E-301	0.991	2.260E-301	0	459	461	0	459	461	460M
99	9789	2.217E-308	0.998	0.000E+00	0	944	946	0	944	946	945M
100	9788	8.832E-69	0.991	8.554E-69	0	121	123	0	121	123	122M
101	9787	2.217E-308	0.998	0.000E+00	0	602	604	0	602	604	603M
102	9786	2.440E-113	0.994	2.385E-113	0	174	176	0	174	176	175M
103	9785	4.627E-51	0.989	4.727E-51	0	90	92	0	90	92	91M
104	9784	5.497E-79	0.992	5.717E-79	0	133	135	0	133	135	134M
105	9783	1.009E-81	0.992	9.847E-82	0	132	134	0	132	134	133M
106	9782	2.217E-308	1.00	0.000E+00	0	898	900	0	898	900	899M
107	9781	1.655E-311	0.997	1.707E-311	0	493	495	0	493	495	494M
108	9780	3.622E-111	1.00	3.543E-111	0	173	175	0	173	175	174M
109	9779	1.046E-56	0.981	1.028E-56	0	108	110	0	108	110	109M
110	9778	4.650E-169	0.996	4.785E-169	0	263	265	0	263	265	264M
111	9777	2.217E-308	0.996	0.000E+00	0	569	571	0	569	571	570M
112	9776	1.425E-253	1.00	1.398E-253	0	407	409	0	407	409	408M
113	9775	3.978E-186	0.979	4.028E-186	0	285	287	0	285	287	286M
114	9774	3.398E-125	1.00	3.319E-125	0	197	199	0	197	199	198M
115	9773	1.490E-193	0.993	1.476E-193	0	303	305	0	303	305	304M
116	9772	2.493E-160	1.00	2.571E-160	0	248	250	0	248	250	249M
117	9771	3.600E-70	1.00	3.464E-70	0	107	109	0	107	109	108M
118	9770	2.382E-297	0.986	2.415E-297	0	435	437	0	435	437	436M
119	9769	2.217E-308	0.998	0.000E+00	0	554	556	0	554	556	555M
120	9768	2.796E-127	1.00	2.820E-127	0	183	185	0	183	185	184M
121	9767	1.151E-93	1.00	1.150E-93	0	145	147	0	145	147	146M
122	9766	2.801E-205	1.00	2.746E-205	0	332	334	0	332	334	333M
123	9765	8.659E-42	1.00	8.637E-42	0	67	69	0	67	69	68M
124	9764	2.217E-308	0.998	0.000E+00	0	698	700	0	698	700	699M
125	9763	1.540E-167	1.00	1.513E-167	0	256	258	0	256	258	257M
126	9762	4.259E-135	0.980	4.204E-135	0	202	204	0	202	204	203M
127	9761	1.797E-188	0.989	1.726E-188	0	283	285	0	283	285	284M
128	9760	2.243E-119	1.00	2.239E-119	0	194	196	0	194	196	195M
129	9759	1.441E-180	0.984	1.509E-180	0	263	265	0	263	265	264M
130	9758	2.217E-308	0.998	0.000E+00	0	601	603	0	601	603	602M
131	9757	3.177E-99	0.880	3.253E-99	0	175	177	0	175	177	176M
132	9754	3.448E-208	1.00	3.330E-208	0	303	305	0	303	305	304M
134	9753	2.217E-308	1.00	0.000E+00	0	716	718	0	716	718	717M
135	9752	3.495E-252	1.00	3.640E-252	0	389	391	0	389	391	390M
136	9751	1.586E-101	0.993	1.546E-101	0	162	164	0	162	164	163M
137	9750	3.348E-158	0.987	3.255E-158	0	237	239	0	237	239	238M
138	9749	2.498E-122	0.978	2.534E-122	0	184	186	0	184	186	185M
139	9748	1.522E-85	1.00	1.567E-85	0	134	136	0	134	136	135M
140	9747	3.681E-156	0.992	3.793E-156	0	251	253	0	251	253	252M
141	9746	4.462E-153	1.00	4.309E-153	0	233	235	0	233	235	234M
142	9745	2.411E-263	1.00	2.457E-263	0	378	380	0	378	380	379M
143	9744	5.012E-198	0.970	5.098E-198	0	299	301	0	299	301	300M
144	9743	2.217E-308	1.00	0.000E+00	0	638	640	0	638	640	639M
145	9742	2.206E-74	1.00	2.292E-74	0	117	119	0	117	119	118M
146	9741	2.208E-113	0.919	2.140E-113	0	185	187	10	192	194	164M3I19M
147	9445	2.962E-188	1.00	2.907E-188	0	274	276	0	274	276	275M
148	9446	2.041E-160	1.00	1.966E-160	0	249	251	0	249	251	250M
149	9447	4.262E-174	0.996	4.124E-174	0	290	292	0	290	292	291M
150	9448	1.181E-103	0.975	1.235E-103	0	160	162	0	160	162	161M
151	9449	1.460E-185	0.996	1.518E-185	0	273	275	0	273	275	274M
152	9450	6.537E-146	0.983	6.870E-146	0	237	239	0	237	239	238M
153	9451	1.304E-64	1.00	1.268E-64	0	104	106	0	104	106	105M
154	9452	7.714E-94	1.00	7.410E-94	0	149	151	0	149	151	150M
155	9453	8.422E-128	1.00	8.416E-128	0	204	206	0	204	206	205M
156	9454	2.950E-225	1.00	2.867E-225	0	332	334	0	332	334	333M
157	9455	3.450E-247	1.00	3.617E-247	0	379	381	0	379	381	380M
158	9456	1.170E-138	1.00	1.138E-138	0	215	217	0	215	217	216M
159	9457	1.076E-183	1.00	1.037E-183	0	269	271	0	269	271	270M
160	9458	2.285E-165	1.00	2.347E-165	0	256	258	0	256	258	257M
161	9459	2.048E-200	1.00	2.141E-200	0	310	312	0	310	312	311M
162	9460	5.588E-124	0.971	5.316E-124	0	209	211	0	209	211	210M
163	9461	3.280E-150	0.995	3.342E-150	0	227	229	0	227	229	228M
164	9462	6.320E-249	0.951	6.561E-249	0	408	410	0	408	410	409M
165	9464	1.852E-277	1.00	1.769E-277	0	416	418	0	416	418	417M
166	9465	1.783E-301	0.997	1.778E-301	0	481	483	0	481	483	482M
167	9466	2.217E-308	0.993	0.000E+00	0	1058	1060	0	1058	1060	1059M
168	9467	3.853E-251	0.995	3.697E-251	0	405	407	0	405	407	406M
169	9469	1.484E-230	1.00	1.537E-230	0	342	344	0	342	344	343M
170	9470	4.208E-169	1.00	4.155E-169	0	260	262	0	260	262	261M
171	9471	2.362E-139	0.991	2.309E-139	0	228	230	0	228	230	229M
172	9472	3.653E-153	0.991	3.622E-153	0	236	238	0	236	238	237M
173	9473	2.777E-163	0.992	2.784E-163	0	257	259	0	257	259	258M
174	9474	2.364E-62	1.00	2.421E-62	0	108	110	0	108	110	109M
175	9475	1.040E-54	0.942	1.041E-54	0	86	88	0	86	88	87M
176	9476	1.475E-305	0.989	1.476E-305	0	455	457	0	455	457	456M
177	9477	2.217E-308	0.987	0.000E+00	0	485	487	0	486	488	148M1D338M
178	9478	1.383E-164	0.854	1.430E-164	0	288	290	0	288	290	289M
179	9479	7.746E-173	1.00	7.600E-173	0	258	260	0	258	260	259M
180	9480	3.037E-159	0.983	3.156E-159	0	241	243	0	241	243	242M
181	9481	1.736E-252	0.992	1.767E-252	0	421	423	0	421	423	422M
182	9482	2.217E-308	0.991	0.000E+00	0	584	586	0	584	586	585M
183	9483	1.460E-69	1.00	1.525E-69	0	118	120	0	118	120	119M
184	9484	7.150E-142	0.995	7.097E-142	0	219	221	0	219	221	220M
185	9485	3.125E-286	0.995	3.270E-286	0	451	453	0	451	453	452M
186	9486	2.019E-32	1.00	2.011E-32	0	55	57	0	55	57	56M
187	9487	4.606E-204	0.989	4.611E-204	0	298	300	0	298	300	299M
188	9488	8.081E-112	1.00	8.182E-112	0	182	184	0	182	184	183M
189	9489	2.217E-308	0.998	0.000E+00	0	797	799	0	797	799	798M
190	9490	2.275E-202	1.00	2.332E-202	0	301	303	0	301	303	302M
191	9491	2.111E-57	1.00	2.161E-57	0	89	91	0	89	91	90M
192	9492	1.325E-225	0.997	1.344E-225	0	336	338	0	336	338	337M
193	9493	5.635E-282	1.00	5.689E-282	0	451	453	0	451	453	452M
194	9494	2.616E-256	1.00	2.573E-256	0	380	382	0	380	382	381M
195	9495	3.840E-211	0.984	3.788E-211	0	313	315	0	313	315	314M
196	9496	6.806E-239	1.00	6.598E-239	0	368	370	0	368	370	369M
197	9497	2.217E-308	0.997	0.000E+00	8	755	757	0	747	749	748M
198	9498	1.854E-84	1.00	1.825E-84	0	126	128	0	126	128	127M
199	9499	2.793E-320	0.979	2.840E-320	0	485	487	0	485	487	486M
200	9500	1.416E-212	0.990	1.427E-212	0	317	319	0	317	319	318M
201	9501	5.899E-145	0.995	5.867E-145	0	209	211	0	209	211	210M
202	9502	2.777E-163	0.972	2.656E-163	0	256	258	0	256	258	257M
203	9503	5.675E-130	0.980	5.950E-130	0	206	208	0	206	208	207M
204	9504	4.175E-166	1.00	4.273E-166	0	260	262	0	260	262	261M
205	9505	6.657E-37	0.984	6.648E-37	0	64	66	0	64	66	65M
206	9506	1.217E-76	1.00	1.233E-76	0	120	122	0	120	122	121M
207	9507	1.456E-184	1.00	1.418E-184	0	287	289	0	287	289	288M
208	9508	9.293E-50	1.00	9.360E-50	0	80	82	0	80	82	81M
209	10260	3.283E-73	1.00	3.155E-73	0	106	108	0	106	108	107M
210	10261	1.016E-161	0.995	9.678E-162	0	232	234	0	232	234	233M
211	10262	1.974E-147	0.995	1.891E-147	0	221	223	0	221	223	222M
212	10263	5.935E-186	1.00	5.706E-186	0	279	281	0	279	281	280M
213	10264	1.067E-141	0.995	1.117E-141	0	202	204	0	202	204	203M
214	10265	3.794E-129	1.00	3.705E-129	0	198	200	0	198	200	199M
215	10266	9.668E-104	1.00	9.448E-104	0	161	163	234	395	397	162M
216	10266	5.122E-129	1.00	4.997E-129	0	211	213	0	211	397	212M
217	10267	2.217E-308	1.00	0.000E+00	0	712	714	0	712	714	713M
218	10268	2.954E-303	1.00	2.853E-303	0	487	489	0	487	489	488M
219	10269	8.257E-159	1.00	7.868E-159	0	247	249	0	247	249	248M
220	10270	5.940E-109	1.00	5.884E-109	0	181	183	0	181	183	182M
221	10271	8.165E-116	0.994	8.293E-116	0	181	183	0	181	183	182M
222	10272	1.640E-114	0.994	1.686E-114	0	178	180	0	178	180	179M
223	10273	3.136E-210	1.00	3.068E-210	0	324	326	0	324	326	325M
224	10274	5.435E-323	0.991	5.435E-323	0	472	474	0	472	474	473M
227	11844	1.578E-99	0.794	1.524E-99	0	179	181	0	179	182	180M
255	8967	4.479E-23	0.330	4.493E-23	22	204	222	20	222	230	19M1D23M12D16M4D21M1D63M2D41M
260	8888	5.896E-21	0.590	5.902E-21	0	60	71	6	66	76	61M
270	10967	6.800E-316	0.868	6.526E-316	0	532	534	0	532	534	533M
271	10968	1.179E-141	0.982	1.175E-141	0	223	225	0	223	225	224M
272	10969	2.068E-281	0.954	2.082E-281	2	444	447	0	442	445	443M
273	10970	6.403E-138	0.944	6.324E-138	0	198	200	0	198	200	199M
274	10971	4.804E-259	0.997	4.831E-259	0	394	396	0	394	396	395M
275	10972	9.760E-185	0.986	9.996E-185	0	293	295	0	293	295	294M
276	10973	7.867E-179	0.976	7.761E-179	0	300	302	0	300	302	301M
277	10974	7.970E-184	0.917	7.643E-184	0	337	339	0	337	339	338M
278	10975	3.784E-128	0.979	3.644E-128	0	193	195	0	193	195	194M
279	10976	2.217E-308	0.996	0.000E+00	0	958	960	0	958	960	959M
280	10977	1.587E-140	0.986	1.535E-140	0	224	226	0	224	226	225M
281	10978	5.621E-165	0.985	5.389E-165	0	267	269	0	267	269	268M
282	10979	7.034E-97	0.979	7.333E-97	0	143	145	0	143	145	144M
283	10980	1.133E-87	0.972	1.127E-87	0	143	145	0	143	145	144M
284	10981	1.452E-67	0.982	1.509E-67	0	115	117	0	114	116	105M1I10M
285	10982	2.463E-310	1.00	2.506E-310	0	483	485	0	483	485	484M
286	10983	2.217E-308	1.00	0.000E+00	0	1057	1059	0	1057	1059	1058M
287	10984	5.228E-253	1.00	5.208E-253	0	415	417	0	415	417	416M
288	10985	4.780E-141	0.990	5.007E-141	0	207	209	0	207	209	208M
289	10986	2.217E-308	0.998	0.000E+00	0	685	687	0	685	687	686M
290	10987	4.233E-210	0.996	4.204E-210	0	324	326	0	324	326	325M
291	10988	1.940E-63	1.00	1.978E-63	0	102	104	0	102	104	103M
292	10989	1.032E-51	1.00	9.920E-52	0	84	86	0	84	86	85M
293	10990	2.658E-146	1.00	2.631E-146	0	230	232	0	230	232	231M
294	10991	6.973E-171	1.00	7.230E-171	0	261	263	0	261	263	262M
295	10992	9.195E-278	0.995	9.092E-278	0	422	424	0	422	424	423M
296	10993	2.659E-301	0.989	2.694E-301	0	456	458	0	456	458	457M
297	10994	8.794E-106	1.00	8.958E-106	0	156	158	0	156	158	157M
298	10995	3.999E-72	0.896	3.853E-72	0	125	127	0	125	127	126M
299	10996	3.726E-122	0.994	3.643E-122	0	185	187	0	185	187	186M
300	10997	3.957E-300	0.997	4.032E-300	0	460	462	5	465	467	461M
301	10998	2.386E-259	1.00	2.456E-259	0	393	395	0	393	395	394M
302	10999	1.145E-91	1.00	1.172E-91	28	176	178	0	148	150	149M
303	11000	1.320E-146	0.990	1.357E-146	0	216	218	0	216	218	217M
304	11001	5.247E-61	1.00	5.422E-61	0	94	96	0	94	96	95M
305	11002	2.217E-308	1.00	0.000E+00	0	627	629	0	627	629	628M
306	11003	7.121E-36	1.00	7.107E-36	0	67	69	0	67	69	68M
307	11004	1.102E-115	1.00	1.064E-115	0	173	175	0	173	175	174M
308	11006	7.713E-210	1.00	7.338E-210	0	309	311	0	309	311	310M
309	11007	1.606E-106	0.993	1.634E-106	0	160	162	0	160	162	161M
310	11008	1.408E-287	1.00	1.342E-287	0	423	425	0	423	425	424M
311	11009	1.634E-74	0.992	1.585E-74	0	129	131	0	129	131	130M
312	11010	5.483E-78	1.00	5.238E-78	0	120	122	0	120	122	121M
313	11011	2.217E-308	1.00	0.000E+00	0	610	612	0	610	612	611M
314	11012	1.528E-164	1.00	1.485E-164	0	235	237	0	235	237	236M
315	11013	2.217E-308	1.00	0.000E+00	0	945	947	0	945	947	946M
316	11014	2.840E-249	1.00	2.878E-249	0	397	399	0	397	399	398M
317	11015	3.377E-316	1.00	3.254E-316	0	476	478	0	476	478	477M
318	11016	1.029E-243	0.997	1.009E-243	0	387	389	0	387	389	388M
319	11017	2.947E-186	1.00	2.804E-186	0	285	286	0	285	297	286M
320	11791	5.287E-296	0.604	5.235E-296	1	766	768	0	742	744	260M8I145M6I35M1I35M16I9M2D39M1D15M3I80M13D5M5I104M
321	11790	1.212E-113	0.722	1.160E-113	0	226	228	0	226	228	227M
322	11789	2.217E-308	1.00	0.000E+00	0	564	566	0	564	566	565M
323	11788	1.477E-267	1.00	1.425E-267	0	385	387	0	385	387	386M
324	11787	3.804E-130	1.00	3.703E-130	0	196	198	0	196	198	197M
325	11786	5.431E-113	0.994	5.687E-113	0	179	181	0	179	181	180M
326	11785	5.242E-138	0.985	5.167E-138	0	207	209	0	207	209	208M
327	11784	1.076E-183	0.986	1.081E-183	0	287	292	0	287	292	288M
328	11783	1.535E-38	1.00	1.539E-38	0	71	73	0	71	73	72M
329	11782	5.554E-83	0.986	5.425E-83	0	144	146	0	144	146	145M
330	11781	2.244E-158	1.00	2.152E-158	0	255	257	0	255	257	256M
331	11780	2.217E-308	0.997	0.000E+00	0	725	727	0	725	727	726M
332	11779	2.217E-308	0.920	0.000E+00	0	729	731	0	776	778	310M47D420M
333	11778	1.920E-175	0.992	1.902E-175	0	258	260	0	258	260	259M
334	11777	6.106E-197	0.996	5.967E-197	0	271	273	0	271	273	272M
335	11776	2.702E-75	1.00	2.636E-75	0	118	120	0	118	120	119M
336	11775	2.432E-73	0.966	2.419E-73	0	119	122	0	119	121	120M
337	11774	1.362E-197	0.996	1.315E-197	0	279	281	0	279	281	280M
338	11773	5.987E-112	0.994	5.759E-112	0	168	170	0	168	170	169M
339	11772	3.735E-239	0.997	3.894E-239	0	350	352	0	350	352	351M
340	11771	4.991E-119	1.00	5.215E-119	0	172	174	0	172	174	173M
341	11770	1.107E-78	1.00	1.075E-78	0	133	135	0	133	135	134M
342	11769	1.125E-123	1.00	1.135E-123	0	205	207	0	205	207	206M
343	11768	5.407E-150	1.00	5.245E-150	0	250	252	0	250	252	251M
344	11767	3.646E-191	1.00	3.634E-191	0	286	288	0	286	288	287M
345	11766	8.985E-153	1.00	9.183E-153	0	229	231	0	229	231	230M
346	11765	2.217E-308	0.997	0.000E+00	0	481	483	0	481	483	482M
347	11764	8.344E-47	1.00	8.508E-47	0	77	79	0	77	79	78M
348	11763	2.101E-28	1.00	2.106E-28	0	50	52	0	50	52	51M
349	11762	2.217E-308	0.996	0.000E+00	0	568	570	0	568	570	569M
350	11761	4.208E-53	0.989	4.319E-53	0	91	93	0	91	93	92M
351	11760	6.548E-108	1.00	6.766E-108	0	166	168	0	166	168	167M
352	11759	6.235E-31	0.963	6.249E-31	0	54	56	0	54	56	55M
353	11758	6.831E-47	1.00	6.517E-47	0	78	80	0	78	80	79M
354	11757	2.217E-308	0.995	0.000E+00	0	658	660	0	658	660	659M
355	11756	1.218E-115	1.00	1.212E-115	0	189	191	0	189	191	190M
356	11755	5.694E-170	0.988	5.618E-170	0	251	253	0	251	253	252M
357	11754	2.217E-308	0.998	0.000E+00	0	877	879	0	877	879	878M
358	11753	1.409E-94	1.00	1.457E-94	0	148	150	0	148	150	149M
359	11752	3.714E-82	1.00	3.556E-82	0	124	126	0	124	126	125M
360	11447	2.622E-17	0.250	2.625E-17	0	332	337	0	323	329	11M3I45M1D29M3I46M3I7M1I61M2D18M1I13M3D7M1D15M6I18M4D19M3I24M
361	9877	5.607E-48	1.00	5.725E-48	0	80	82	0	80	82	81M
362	9876	2.217E-308	0.993	0.000E+00	0	635	637	0	635	637	636M
363	9875	3.775E-127	0.985	3.762E-127	0	209	211	0	209	211	210M
364	9874	7.854E-217	0.983	8.031E-217	0	310	312	0	310	312	311M
365	9873	1.134E-242	0.991	1.158E-242	0	365	367	0	365	367	366M
366	9872	1.075E-260	0.997	1.055E-260	0	427	429	0	427	429	428M
367	9871	2.082E-245	0.994	2.149E-245	0	372	374	0	372	374	373M
368	9870	2.583E-251	1.00	2.676E-251	0	371	373	0	371	373	372M
369	9869	1.624E-265	0.973	1.616E-265	0	453	455	0	453	455	454M
370	9868	4.539E-237	0.950	4.396E-237	0	418	420	0	419	421	343M1D76M
371	9867	3.466E-210	0.980	3.606E-210	0	314	316	0	314	316	315M
372	9866	3.563E-182	0.992	3.600E-182	0	264	266	0	264	266	265M
373	9865	7.935E-221	1.00	7.910E-221	0	335	337	0	335	337	336M
374	9864	1.512E-44	1.00	1.439E-44	0	72	74	0	72	74	73M
376	9534	7.099E-294	0.995	6.950E-294	0	464	466	0	464	466	465M
377	9533	2.217E-308	0.986	0.000E+00	0	521	523	0	521	523	522M
378	9532	9.037E-310	0.986	9.295E-310	0	457	459	0	457	459	458M
379	9531	1.878E-205	1.00	1.908E-205	0	304	306	0	304	306	305M
380	9530	1.576E-176	0.943	1.625E-176	0	266	268	0	266	268	267M
381	9529	2.217E-308	1.00	0.000E+00	0	501	503	0	501	503	502M
382	9528	8.242E-197	1.00	8.577E-197	0	292	294	0	292	294	293M
383	9527	1.403E-247	0.983	1.437E-247	0	366	368	0	366	368	367M
384	9526	2.628E-219	0.997	2.533E-219	0	335	337	0	335	337	336M
385	9525	2.768E-38	1.00	2.758E-38	0	70	72	0	70	72	71M
386	9524	3.369E-83	1.00	3.328E-83	0	147	149	0	147	149	148M
387	9523	2.438E-306	0.993	2.410E-306	0	477	479	0	477	479	478M
388	9522	3.128E-209	0.996	3.166E-209	0	320	322	0	320	322	321M
389	9521	3.884E-138	0.967	4.017E-138	0	215	217	0	215	217	216M
390	9520	2.217E-308	0.998	0.000E+00	0	628	630	0	628	630	629M
391	9519	2.217E-308	0.998	0.000E+00	0	512	514	0	512	514	513M
392	9518	4.528E-120	0.989	4.625E-120	0	194	196	0	194	196	195M
393	9517	3.210E-219	1.00	3.161E-219	0	333	335	0	333	335	334M
394	9516	2.323E-94	0.993	2.349E-94	0	158	160	0	158	160	159M
395	9515	1.031E-244	0.984	1.003E-244	0	378	380	0	378	380	379M
396	9514	2.347E-98	0.993	2.326E-98	0	150	152	0	150	152	151M
397	9513	9.997E-233	1.00	1.018E-232	0	356	358	0	356	358	357M
398	9512	9.189E-123	0.994	9.545E-123	0	190	192	0	190	192	191M
399	9511	2.001E-75	0.992	1.966E-75	0	125	127	0	125	127	126M
400	9510	2.126E-253	1.00	2.112E-253	0	382	384	0	382	384	383M
401	9509	4.409E-44	1.00	4.390E-44	0	69	71	0	69	71	70M
402	9509	4.409E-44	1.00	4.390E-44	0	69	71	0	69	71	70M
403	9510	2.126E-253	1.00	2.112E-253	0	382	384	0	382	384	383M
404	9511	2.001E-75	0.992	1.966E-75	0	125	127	0	125	127	126M
405	9512	9.189E-123	0.994	9.545E-123	0	190	192	0	190	192	191M
406	9513	9.997E-233	1.00	1.018E-232	0	356	358	0	356	358	357M
407	9514	2.347E-98	0.993	2.326E-98	0	150	152	0	150	152	151M
408	9515	1.031E-244	0.984	1.003E-244	0	378	380	0	378	380	379M
409	9516	2.323E-94	0.993	2.349E-94	0	158	160	0	158	160	159M
410	9517	3.210E-219	1.00	3.161E-219	0	333	335	0	333	335	334M
411	9518	4.528E-120	0.989	4.625E-120	0	194	196	0	194	196	195M
412	9519	2.217E-308	0.998	0.000E+00	0	512	514	0	512	514	513M
413	9520	2.217E-308	0.998	0.000E+00	0	628	630	0	628	630	629M
414	9521	3.884E-138	0.967	4.017E-138	0	215	217	0	215	217	216M
415	9522	3.128E-209	0.996	3.166E-209	0	320	322	0	320	322	321M
416	9523	2.438E-306	0.993	2.410E-306	0	477	479	0	477	479	478M
417	9524	3.369E-83	1.00	3.328E-83	0	147	149	0	147	149	148M
418	9525	2.768E-38	1.00	2.758E-38	0	70	72	0	70	72	71M
419	9526	2.628E-219	0.997	2.533E-219	0	335	337	0	335	337	336M
420	9527	1.403E-247	0.983	1.437E-247	0	366	368	0	366	368	367M
421	9528	8.242E-197	1.00	8.577E-197	0	292	294	0	292	294	293M
422	9529	2.217E-308	1.00	0.000E+00	0	501	503	0	501	503	502M
423	9530	1.576E-176	0.943	1.625E-176	0	266	268	0	266	268	267M
424	9531	1.878E-205	1.00	1.908E-205	0	304	306	0	304	306	305M
425	9532	9.037E-310	0.986	9.295E-310	0	457	459	0	457	459	458M
426	9533	2.217E-308	0.986	0.000E+00	0	521	523	0	521	523	522M
427	9534	7.099E-294	0.995	6.950E-294	0	464	466	0	464	466	465M
430	11580	1.948E-258	0.994	1.870E-258	0	396	398	0	396	398	397M
431	11581	7.687E-170	0.992	7.755E-170	0	278	280	0	278	280	279M
432	11582	3.117E-169	0.992	3.132E-169	0	254	256	0	254	256	255M
433	11583	1.017E-200	0.996	1.038E-200	0	308	310	0	308	310	309M
434	11584	1.838E-158	1.00	1.844E-158	0	245	247	0	245	247	246M
435	11585	1.879E-244	0.997	1.883E-244	0	378	380	0	378	380	379M
436	11586	5.355E-301	1.00	5.551E-301	0	458	460	0	458	460	459M
437	11587	1.412E-56	1.00	1.372E-56	0	88	90	0	88	90	89M
438	11588	4.956E-155	1.00	5.049E-155	0	239	241	0	239	241	240M
439	11589	2.512E-279	0.988	2.574E-279	0	447	449	0	447	449	448M
440	11590	3.581E-184	0.983	3.567E-184	0	300	302	0	300	302	301M
441	11591	4.539E-121	0.989	4.624E-121	0	192	194	0	192	194	193M
442	11592	1.461E-224	0.974	1.438E-224	0	353	355	0	353	355	354M
443	11593	2.217E-308	1.00	0.000E+00	0	624	626	0	624	626	625M
444	11594	7.780E-136	0.990	8.034E-136	0	207	209	0	207	209	208M
445	11595	6.559E-186	0.996	6.687E-186	0	269	271	0	269	271	270M
446	11596	2.434E-112	1.00	2.505E-112	0	177	179	0	177	179	178M
447	11597	1.145E-207	0.987	1.137E-207	0	309	311	0	309	311	310M
448	11598	5.351E-262	1.00	5.427E-262	0	397	399	0	397	399	398M
449	11599	4.686E-288	0.993	4.524E-288	0	447	449	0	447	449	448M
450	11600	6.938E-53	0.975	7.149E-53	0	82	84	0	82	84	83M
451	11601	2.217E-308	1.00	0.000E+00	0	616	618	0	616	618	617M
452	11602	5.207E-58	1.00	5.047E-58	0	98	100	0	98	100	99M
453	11603	4.157E-203	0.993	4.247E-203	0	305	307	0	305	307	306M
454	11604	1.593E-180	0.992	1.533E-180	0	270	272	0	270	272	271M
455	11605	1.235E-275	1.00	1.191E-275	0	432	434	0	432	434	433M
456	11606	5.161E-248	1.00	5.213E-248	0	378	380	0	378	380	379M
457	11607	2.823E-208	0.997	2.941E-208	0	334	336	0	334	336	335M
458	11608	8.510E-132	1.00	8.688E-132	0	210	212	0	210	212	211M
459	11609	2.217E-308	0.992	0.000E+00	0	521	523	0	521	523	522M
460	11610	7.342E-307	0.983	7.428E-307	0	472	474	0	472	474	473M
461	11611	3.883E-254	0.987	3.887E-254	0	393	395	0	393	395	394M
462	11612	2.217E-308	0.990	0.000E+00	0	514	516	0	514	516	515M
463	11613	1.484E-230	1.00	1.503E-230	0	355	357	0	355	357	356M
464	11614	8.122E-230	1.00	8.447E-230	0	365	367	0	365	367	366M
465	11615	6.782E-315	1.00	6.991E-315	0	481	483	0	481	483	482M
466	11616	2.293E-89	1.00	2.266E-89	0	134	136	0	134	136	135M
467	11617	2.768E-123	0.990	2.697E-123	0	210	212	0	210	212	211M
468	11618	1.847E-44	1.00	1.878E-44	0	71	73	0	71	73	72M
469	11619	1.599E-143	1.00	1.538E-143	0	218	220	0	218	220	219M
470	11620	1.073E-298	1.00	1.070E-298	0	429	431	0	429	431	430M
471	11621	7.425E-234	0.991	7.199E-234	0	360	362	0	360	362	361M
472	11622	1.907E-95	1.00	1.846E-95	0	151	153	0	151	153	152M
473	11623	3.125E-286	0.997	3.176E-286	0	464	466	0	464	466	465M
474	11624	8.809E-68	1.00	9.064E-68	0	111	113	0	111	113	112M
475	11625	3.381E-38	1.00	3.367E-38	0	74	76	0	74	76	75M
476	11626	1.331E-188	0.996	1.320E-188	0	284	286	0	284	286	285M
477	12070	2.217E-308	1.00	0.000E+00	0	597	599	0	597	599	598M
478	10720	7.504E-122	0.994	7.532E-122	0	187	189	0	187	189	188M
479	10721	2.929E-261	0.989	2.946E-261	0	386	388	0	386	388	387M
480	10722	7.542E-124	0.974	7.419E-124	0	195	198	0	195	198	196M
481	10723	7.615E-89	1.00	7.452E-89	0	126	128	0	126	128	127M
482	10724	1.152E-248	0.997	1.210E-248	0	394	396	0	394	396	395M
483	10725	1.146E-41	1.00	1.146E-41	0	79	81	0	79	81	80M
484	10726	1.640E-230	1.00	1.688E-230	0	344	346	0	344	346	345M
485	10727	5.007E-275	0.995	4.826E-275	0	435	437	0	435	437	436M
486	10728	2.217E-308	0.996	0.000E+00	0	812	814	0	812	814	813M
487	10729	9.895E-229	1.00	9.558E-229	0	336	338	0	336	338	337M
488	10730	1.637E-152	0.995	1.646E-152	0	228	230	0	228	230	229M
489	10731	6.985E-133	1.00	6.647E-133	0	209	211	0	209	211	210M
490	10732	2.770E-162	1.00	2.779E-162	0	259	261	0	259	261	260M
491	10733	9.835E-188	0.993	1.020E-187	0	294	296	0	294	296	295M
492	10734	3.775E-127	1.00	3.943E-127	0	210	212	0	210	212	211M
493	10735	2.794E-88	0.992	2.895E-88	0	141	143	0	141	143	142M
494	10736	2.217E-308	0.998	0.000E+00	0	574	576	0	574	576	575M
495	10737	7.162E-220	0.982	7.182E-220	0	335	337	0	335	337	336M
496	10738	4.590E-164	0.984	4.550E-164	0	252	254	0	252	254	253M
497	10739	7.125E-218	0.990	6.959E-218	0	325	327	0	325	327	326M
498	10740	3.999E-72	1.00	3.865E-72	0	112	114	0	112	114	113M
499	10741	3.472E-172	0.996	3.345E-172	0	256	258	0	256	258	257M
500	10742	6.272E-130	1.00	6.437E-130	0	201	203	0	201	203	202M
501	10743	1.350E-116	0.994	1.374E-116	0	183	185	0	183	185	184M
502	10744	8.947E-74	1.00	8.703E-74	0	125	127	0	125	127	126M
503	10745	8.005E-147	0.991	8.190E-147	0	232	234	0	232	234	233M
504	10746	4.157E-203	0.981	4.157E-203	0	318	320	0	318	320	319M
505	10746	4.157E-203	0.981	4.157E-203	0	318	320	0	318	320	319M
506	10745	8.005E-147	0.991	8.190E-147	0	232	234	0	232	234	233M
507	10744	8.947E-74	1.00	8.703E-74	0	125	127	0	125	127	126M
508	10743	1.350E-116	0.994	1.374E-116	0	183	185	0	183	185	184M
509	10742	6.272E-130	1.00	6.437E-130	0	201	203	0	201	203	202M
510	10741	3.472E-172	0.996	3.345E-172	0	256	258	0	256	258	257M
511	10740	3.999E-72	1.00	3.865E-72	0	112	114	0	112	114	113M
512	10739	7.125E-218	0.990	6.959E-218	0	325	327	0	325	327	326M
513	10738	4.590E-164	0.984	4.550E-164	0	252	254	0	252	254	253M
514	10737	7.162E-220	0.982	7.182E-220	0	335	337	0	335	337	336M
515	10736	2.217E-308	0.998	0.000E+00	0	574	576	0	574	576	575M
516	10735	2.794E-88	0.992	2.895E-88	0	141	143	0	141	143	142M
517	10734	3.775E-127	1.00	3.943E-127	0	210	212	0	210	212	211M
518	10733	9.835E-188	0.993	1.020E-187	0	294	296	0	294	296	295M
519	10732	2.770E-162	1.00	2.779E-162	0	259	261	0	259	261	260M
520	10731	6.985E-133	1.00	6.647E-133	0	209	211	0	209	211	210M
521	10730	1.637E-152	0.995	1.646E-152	0	228	230	0	228	230	229M
522	10729	9.895E-229	1.00	9.558E-229	0	336	338	0	336	338	337M
523	10728	2.217E-308	0.996	0.000E+00	0	812	814	0	812	814	813M
524	10727	5.007E-275	0.995	4.826E-275	0	435	437	0	435	437	436M
525	10726	1.640E-230	1.00	1.688E-230	0	344	346	0	344	346	345M
526	10725	1.146E-41	1.00	1.146E-41	0	79	81	0	79	81	80M
527	10724	1.152E-248	0.997	1.210E-248	0	394	396	0	394	396	395M
528	10723	7.615E-89	1.00	7.452E-89	0	126	128	0	126	128	127M
529	10722	7.542E-124	0.974	7.419E-124	0	195	198	0	195	198	196M
530	10721	2.929E-261	0.989	2.946E-261	0	386	388	0	386	388	387M
531	10720	7.504E-122	0.994	7.532E-122	0	187	189	0	187	189	188M
532	8585	2.217E-308	0.990	0.000E+00	0	617	619	149	766	768	618M
533	8584	1.040E-170	0.988	9.909E-171	0	261	263	0	261	263	262M
534	8583	5.940E-225	0.996	6.221E-225	0	315	317	0	315	317	316M
535	8582	1.042E-132	1.00	1.066E-132	0	199	201	0	199	201	200M
536	8581	2.217E-308	0.998	0.000E+00	0	633	635	0	633	635	634M
537	8580	2.463E-194	0.996	2.497E-194	0	292	294	0	292	294	293M
538	8579	2.217E-308	0.980	0.000E+00	0	614	616	0	605	607	407M9I199M
540	8578	2.339E-174	1.00	2.327E-174	0	271	273	0	271	273	272M
541	8577	6.760E-159	0.996	6.697E-159	0	257	259	0	257	259	258M
542	8576	1.167E-137	1.00	1.209E-137	0	225	227	0	225	227	226M
543	8575	3.171E-137	1.00	3.170E-137	0	212	214	0	212	214	213M
544	8574	6.376E-59	1.00	6.222E-59	0	94	96	0	94	96	95M
545	8573	9.742E-223	1.00	1.006E-222	0	336	338	0	336	338	337M
546	8572	5.617E-126	1.00	5.407E-126	0	192	194	0	192	194	193M
547	8571	1.839E-81	0.977	1.852E-81	0	132	134	0	132	134	133M
548	8570	7.740E-134	0.990	7.662E-134	0	210	212	0	210	212	211M
549	8569	2.217E-308	0.998	0.000E+00	0	680	682	0	680	682	681M
550	8568	5.370E-186	1.00	5.115E-186	0	270	272	0	270	272	271M
551	8567	5.319E-221	0.987	5.436E-221	0	327	329	0	327	329	328M
552	8566	2.217E-308	0.998	0.000E+00	0	856	858	0	855	857	36M1I820M
553	8565	5.482E-194	1.00	5.582E-194	0	289	291	0	289	291	290M
554	8564	6.132E-276	1.00	6.114E-276	0	438	440	0	438	440	439M
555	8563	1.435E-217	0.996	1.463E-217	0	314	316	0	314	316	315M
556	8562	6.830E-163	0.996	7.169E-163	0	257	259	0	257	259	258M
557	8561	5.714E-94	0.986	5.828E-94	0	144	146	0	144	146	145M
558	8560	2.291E-166	1.00	2.243E-166	0	253	255	0	253	255	254M
559	8559	2.217E-308	0.998	0.000E+00	0	514	516	0	514	516	515M
560	8558	1.340E-268	0.984	1.336E-268	0	395	397	0	395	397	396M
561	8557	6.848E-164	1.00	6.969E-164	0	241	243	0	241	243	242M
562	8556	2.619E-63	1.00	2.713E-63	0	102	104	0	102	104	103M
563	8555	2.862E-136	1.00	2.750E-136	0	211	213	0	211	213	212M
564	8554	3.059E-123	1.00	3.020E-123	0	199	201	0	199	201	200M
565	8553	7.101E-62	1.00	7.410E-62	0	105	107	0	105	107	106M
566	8552	2.940E-185	1.00	2.851E-185	0	273	275	0	273	275	274M
567	8551	4.711E-58	1.00	4.672E-58	0	90	92	0	90	92	91M
568	8550	5.288E-64	1.00	5.456E-64	0	108	110	0	108	110	109M
569	8549	6.117E-159	1.00	6.306E-159	0	249	251	0	249	251	250M
570	8548	9.229E-86	1.00	9.177E-86	0	136	138	0	136	138	137M
571	8547	5.144E-34	1.00	5.161E-34	0	64	66	0	64	66	65M
572	8546	8.409E-50	1.00	8.319E-50	0	84	86	0	84	86	85M
573	8545	2.212E-75	1.00	2.222E-75	0	121	123	0	121	123	122M
574	8544	3.897E-62	1.00	3.751E-62	0	104	106	0	104	106	105M
575	8543	1.480E-113	1.00	1.464E-113	0	177	179	0	177	179	178M
576	8542	1.430E-61	1.00	1.499E-61	0	100	102	0	100	102	101M
577	8541	9.939E-76	0.992	9.692E-76	0	130	132	0	130	132	131M
578	8540	1.088E-110	1.00	1.053E-110	0	176	178	0	176	178	177M
579	8539	5.329E-67	1.00	5.341E-67	0	115	117	0	115	117	116M
580	8538	1.427E-99	1.00	1.410E-99	0	164	166	0	164	166	165M
581	8537	1.291E-33	1.00	1.285E-33	0	57	59	0	57	59	58M
582	8536	1.858E-85	1.00	1.937E-85	0	145	147	0	145	147	146M
583	8535	1.905E-288	1.00	1.930E-288	0	449	451	0	449	451	450M
584	8534	5.164E-20	1.00	5.178E-20	0	37	39	0	37	39	38M
585	8533	8.901E-72	1.00	9.270E-72	0	117	119	0	117	119	118M
586	8532	6.075E-79	1.00	5.874E-79	0	127	129	0	127	129	128M
587	8531	3.814E-131	1.00	3.649E-131	0	207	209	0	207	209	208M
588	8530	1.424E-214	1.00	1.491E-214	0	334	336	0	334	336	335M
589	8529	4.041E-76	1.00	3.861E-76	0	124	126	0	124	126	125M
590	8528	2.217E-308	0.991	0.000E+00	0	495	497	0	495	497	496M
592	9917	5.507E-41	0.985	5.490E-41	0	66	68	0	66	68	67M
593	9916	3.877E-176	0.996	3.914E-176	0	278	280	0	278	280	279M
594	9915	2.487E-275	0.997	2.404E-275	0	420	422	0	420	422	421M
595	9914	1.458E-262	0.984	1.451E-262	0	389	391	0	389	391	390M
596	9913	7.977E-107	0.993	7.726E-107	0	151	153	0	151	153	152M
597	9912	6.200E-25	1.00	6.194E-25	0	51	53	0	51	53	52M
598	9911	4.555E-161	0.995	4.401E-161	0	244	246	0	244	246	245M
599	9910	4.559E-84	1.00	4.592E-84	0	119	121	0	119	121	120M
600	9909	2.517E-241	0.994	2.480E-241	0	343	345	0	343	345	344M
601	9908	6.080E-118	0.988	6.032E-118	0	177	179	0	177	179	178M
602	9907	5.666E-52	0.987	5.926E-52	0	80	82	0	80	82	81M
603	9906	1.696E-127	0.989	1.651E-127	0	185	187	0	185	187	186M
604	9905	2.440E-229	0.994	2.500E-229	0	341	343	0	341	343	342M
605	9904	1.025E-319	0.989	1.075E-319	0	473	475	0	473	475	474M
606	9903	1.634E-74	0.935	1.629E-74	0	123	125	0	123	125	124M
607	9902	1.101E-192	0.993	1.111E-192	0	299	301	0	299	301	300M
608	9901	4.218E-170	0.988	4.423E-170	0	266	268	0	266	268	267M
609	9900	6.255E-245	0.994	6.263E-245	0	395	397	0	395	397	396M
610	9899	1.763E-142	1.00	1.744E-142	0	216	218	0	216	218	217M
611	9898	3.149E-173	1.00	3.036E-173	0	272	274	0	272	274	273M
612	9897	9.536E-60	0.905	1.002E-59	0	115	117	0	115	117	116M
613	9896	6.913E-245	1.00	6.587E-245	0	369	371	0	369	371	370M
614	9895	8.158E-77	0.992	7.958E-77	0	124	126	0	124	126	125M
615	9894	2.217E-308	0.998	0.000E+00	0	1040	1042	0	1040	1042	1041M
616	9893	9.869E-228	0.994	9.531E-228	0	365	367	0	365	367	366M
617	9893	9.869E-228	0.994	9.531E-228	0	365	367	0	365	367	366M
618	9894	2.217E-308	0.998	0.000E+00	0	1040	1042	0	1040	1042	1041M
619	9895	8.158E-77	0.992	7.958E-77	0	124	126	0	124	126	125M
620	9896	6.913E-245	1.00	6.587E-245	0	369	371	0	369	371	370M
621	9897	9.536E-60	0.905	1.002E-59	0	115	117	0	115	117	116M
622	9898	3.149E-173	1.00	3.036E-173	0	272	274	0	272	274	273M
623	9899	1.763E-142	1.00	1.744E-142	0	216	218	0	216	218	217M
624	9900	6.255E-245	0.994	6.263E-245	0	395	397	0	395	397	396M
625	9901	4.218E-170	0.988	4.423E-170	0	266	268	0	266	268	267M
626	9902	1.101E-192	0.993	1.111E-192	0	299	301	0	299	301	300M
627	9903	1.634E-74	0.935	1.629E-74	0	123	125	0	123	125	124M
628	9904	1.025E-319	0.989	1.075E-319	0	473	475	0	473	475	474M
629	9905	2.440E-229	0.994	2.500E-229	0	341	343	0	341	343	342M
630	9906	1.696E-127	0.989	1.651E-127	0	185	187	0	185	187	186M
631	9907	5.666E-52	0.987	5.926E-52	0	80	82	0	80	82	81M
632	9908	6.080E-118	0.988	6.032E-118	0	177	179	0	177	179	178M
633	9909	2.517E-241	0.994	2.480E-241	0	343	345	0	343	345	344M
634	9910	4.559E-84	1.00	4.592E-84	0	119	121	0	119	121	120M
635	9911	4.555E-161	0.995	4.401E-161	0	244	246	0	244	246	245M
636	9912	6.200E-25	1.00	6.194E-25	0	51	53	0	51	53	52M
637	9913	7.977E-107	0.993	7.726E-107	0	151	153	0	151	153	152M
638	9914	1.458E-262	0.984	1.451E-262	0	389	391	0	389	391	390M
639	9915	2.487E-275	0.997	2.404E-275	0	420	422	0	420	422	421M
640	9916	3.877E-176	0.996	3.914E-176	0	278	280	0	278	280	279M
641	9917	9.797E-24	0.977	9.756E-24	0	43	45	23	66	68	44M
642	11448	6.365E-97	0.427	6.355E-97	11	410	413	7	407	482	17M1D4M1I147M2D4M2I100M2D4M3I46M2D72M
643	11188	6.189E-32	0.267	6.169E-32	33	350	357	19	335	342	215M1I102M
646	8824	9.728E-29	0.243	9.766E-29	21	445	453	9	406	408	11M1D17M2D7M2D53M7I83M3I19M11I17M2I75M1I5M2I12M4I20M1D55M3I18M
649	10349	3.240E-184	0.581	3.349E-184	5	527	529	5	525	527	356M2I165M
650	10088	1.435E-12	0.267	1.439E-12	11	227	238	1	220	251	66M3D9M2D98M2D11M4I29M
654	10311	4.920E-40	0.303	4.934E-40	9	414	417	19	419	421	19M2D12M1I22M7D23M1I98M1I6M2I43M3I4M2D13M2I54M1D40M2I23M2I13M3I19M
655	9494	3.481E-173	0.672	3.398E-173	0	378	380	1	379	382	379M
656	10425	1.671E-13	0.240	1.665E-13	73	573	626	46	551	565	60M5I9M1D16M1D20M13D8M3D10M4D44M3D15M5I25M2D3M5I19M4I37M2I8M3I12M5D12M2I11M7D32M1I14M4I14M18I5M2D3M3D20M6D5M5I7M10D15M1I22M
657	8848	2.218E-76	0.318	2.131E-76	4	474	484	7	481	491	88M4D4M3I28M1I79M3I24M1D118M7D82M1I40M
658	10358	4.394E-31	0.294	4.412E-31	15	263	278	11	249	258	61M6D8M13I136M3I28M
659	10358	4.394E-31	0.294	4.412E-31	15	263	278	11	249	258	61M6D8M13I136M3I28M
660	8848	2.218E-76	0.318	2.131E-76	4	474	484	7	481	491	88M4D4M3I28M1I79M3I24M1D118M7D82M1I40M
661	10425	1.671E-13	0.240	1.665E-13	73	573	626	46	551	565	60M5I9M1D16M1D20M13D8M3D10M4D44M3D15M5I25M2D3M5I19M4I37M2I8M3I12M5D12M2I11M7D32M1I14M4I14M18I5M2D3M3D20M6D5M5I7M10D15M1I22M
662	9494	3.481E-173	0.672	3.398E-173	0	378	380	1	379	382	379M
663	10311	4.920E-40	0.303	4.934E-40	9	414	417	19	419	421	19M2D12M1I22M7D23M1I98M1I6M2I43M3I4M2D13M2I54M1D40M2I23M2I13M3I19M
667	10088	1.435E-12	0.267	1.439E-12	11	227	238	1	220	251	66M3D9M2D98M2D11M4I29M
668	10349	3.240E-184	0.581	3.349E-184	5	527	529	5	525	527	356M2I165M
671	8824	9.728E-29	0.243	9.766E-29	21	445	453	9	406	408	11M1D17M2D7M2D53M7I83M3I19M11I17M2I75M1I5M2I12M4I20M1D55M3I18M
674	11188	6.189E-32	0.267	6.169E-32	33	350	357	19	335	342	215M1I102M
675	11448	6.702E-117	0.445	6.853E-117	11	479	487	7	477	482	17M1D4M1I147M2D4M2I100M2D4M3I46M2D116M1D5M1I9M1D10M
676	11448	7.746E-26	0.509	7.739E-26	1	108	116	369	477	482	83M1D5M1I9M1D10M
677	10608	2.217E-308	0.996	0.000E+00	0	616	618	0	616	618	617M
678	10607	8.554E-134	1.00	8.288E-134	0	205	207	0	205	207	206M
679	10606	1.027E-281	1.00	1.068E-281	0	451	453	0	451	453	452M
680	10605	1.615E-108	0.994	1.612E-108	0	169	171	0	169	171	170M
681	10604	2.217E-308	1.00	0.000E+00	0	541	543	0	541	543	542M
682	10603	2.467E-272	0.995	2.460E-272	0	420	422	0	420	422	421M
683	10602	4.710E-290	0.988	4.516E-290	0	436	438	0	436	438	437M
684	10601	1.970E-185	0.975	2.014E-185	0	279	281	0	279	281	280M
685	10600	1.077E-222	1.00	1.104E-222	0	338	340	0	338	340	339M
686	10599	2.217E-308	0.998	0.000E+00	0	726	728	0	726	728	727M
687	10598	2.327E-288	0.995	2.443E-288	0	427	429	0	427	429	428M
688	10597	3.650E-114	0.994	3.833E-114	0	182	184	0	182	184	183M
689	10596	1.273E-43	1.00	1.272E-43	0	65	67	0	65	67	66M
690	10595	5.117E-90	1.00	5.012E-90	0	142	144	0	142	144	143M
691	10594	1.001E-271	1.00	9.756E-272	0	409	411	0	409	411	410M
692	10593	6.937E-169	1.00	7.203E-169	0	265	267	0	265	267	266M
693	10592	3.788E-167	0.988	3.769E-167	0	262	264	0	262	264	263M
694	10591	8.335E-240	1.00	7.981E-240	0	370	372	0	370	372	371M
695	10590	3.710E-275	0.974	3.653E-275	0	429	431	0	429	431	430M
696	10589	2.142E-140	1.00	2.133E-140	0	231	233	0	231	233	232M
697	10588	4.646E-246	1.00	4.712E-246	0	380	382	0	380	382	381M
698	10587	8.991E-308	1.00	9.318E-308	0	468	470	0	468	470	469M
699	10567	1.850E-122	0.821	1.810E-122	0	217	219	0	217	219	218M
700	10566	3.850E-96	1.00	3.809E-96	0	151	153	0	151	153	152M
701	10565	2.084E-52	1.00	2.040E-52	0	84	86	0	84	86	85M
702	10564	5.670E-91	1.00	5.925E-91	0	137	139	0	137	139	138M
703	10563	8.185E-233	0.997	8.059E-233	0	351	353	0	351	353	352M
704	10562	3.389E-124	1.00	3.529E-124	0	187	189	0	187	189	188M
705	10561	2.664E-147	1.00	2.707E-147	0	242	244	0	242	244	243M
706	10560	2.333E-173	1.00	2.291E-173	0	266	268	0	266	268	267M
707	10559	3.109E-284	0.993	2.998E-284	0	467	469	0	467	469	468M
708	10558	1.121E-315	0.996	1.095E-315	0	509	511	154	663	665	510M
709	10558	9.373E-92	1.00	9.105E-92	0	144	146	0	144	665	145M
710	10557	1.435E-217	0.997	1.393E-217	0	367	369	0	367	447	368M
711	10556	1.932E-216	1.00	1.872E-216	0	328	330	0	328	330	329M
712	10555	5.879E-105	1.00	5.622E-105	0	168	170	0	168	170	169M
713	10554	2.217E-308	0.997	0.000E+00	0	873	875	0	873	875	874M
714	10553	3.183E-61	0.945	3.343E-61	0	110	112	0	108	110	78M2I31M
715	11262	2.217E-308	0.992	0.000E+00	0	629	661	68	697	701	630M
716	11106	7.780E-136	0.995	7.427E-136	0	212	214	0	212	214	213M
717	11105	4.896E-305	1.00	5.021E-305	0	461	463	0	461	463	462M
718	11104	4.520E-158	1.00	4.321E-158	0	243	245	0	243	245	244M
719	11103	1.188E-260	0.997	1.221E-260	0	376	378	0	376	378	377M
720	11102	4.876E-110	1.00	4.681E-110	0	161	163	0	161	163	162M
721	11101	1.114E-119	0.994	1.152E-119	0	180	182	0	180	182	181M
722	11100	7.759E-251	0.997	8.022E-251	0	381	383	0	381	383	382M
723	11099	2.483E-81	1.00	2.590E-81	0	139	141	0	139	141	140M
724	11098	6.013E-75	0.991	6.017E-75	0	122	124	0	122	124	123M
725	11097	2.084E-168	1.00	2.077E-168	0	254	256	0	254	256	255M
726	11096	1.572E-175	0.996	1.645E-175	0	275	277	0	275	277	276M
727	11095	1.668E-198	1.00	1.608E-198	0	308	310	0	308	310	309M
728	11094	2.217E-308	0.998	0.000E+00	0	871	873	0	871	873	872M
729	11093	2.217E-308	0.994	0.000E+00	0	728	730	0	728	730	729M
730	11092	1.252E-87	1.00	1.247E-87	0	132	134	0	132	134	133M
731	11091	6.153E-200	0.996	6.414E-200	0	320	322	0	320	322	321M
732	11090	3.749E-47	1.00	3.698E-47	0	73	75	0	73	75	74M
733	11089	2.217E-308	0.991	0.000E+00	0	701	703	0	701	703	702M
734	11088	2.217E-308	1.00	0.000E+00	0	579	581	1	580	582	580M
735	11087	1.453E-222	0.997	1.444E-222	0	337	339	0	337	339	338M
736	11086	3.745E-124	1.00	3.701E-124	0	188	190	0	188	190	189M
737	11085	2.217E-308	0.998	0.000E+00	0	697	699	0	697	699	698M
738	11084	5.302E-65	0.990	5.276E-65	0	99	101	0	99	101	100M
761	10539	2.237E-118	0.994	2.167E-118	0	182	184	71	253	255	183M
762	10538	4.419E-188	0.996	4.353E-188	0	296	298	0	296	298	297M
763	10537	6.633E-113	1.00	6.324E-113	0	168	170	0	168	170	169M
764	10536	9.844E-227	0.994	9.380E-227	0	333	335	0	333	335	334M
765	10535	1.276E-249	0.994	1.273E-249	0	393	395	0	393	395	394M
766	10534	3.733E-84	0.992	3.686E-84	0	134	136	0	134	136	135M
767	10533	4.999E-197	0.990	4.915E-197	0	307	309	0	307	309	308M
768	10532	6.754E-236	1.00	6.519E-236	0	374	376	0	374	376	375M
769	10531	3.490E-58	1.00	3.421E-58	0	103	105	0	103	105	104M
770	10530	9.131E-314	1.00	9.533E-314	0	483	485	0	483	485	484M
771	10529	1.294E-177	0.992	1.263E-177	0	272	274	0	272	274	273M
772	10528	7.478E-82	1.00	7.181E-82	0	132	134	0	132	134	133M
773	10527	1.171E-177	0.992	1.133E-177	0	263	265	0	263	265	264M
774	10526	4.784E-180	0.993	4.665E-180	0	287	289	0	287	289	288M
775	10525	1.144E-168	0.992	1.121E-168	0	261	263	0	261	263	262M
776	10524	2.217E-308	1.00	0.000E+00	0	934	936	0	934	936	935M
777	10523	2.064E-203	1.00	2.058E-203	0	303	305	0	303	305	304M
778	10522	9.861E-189	0.988	9.796E-189	0	271	273	0	271	273	272M
779	10521	2.223E-309	0.991	2.204E-309	0	462	464	0	462	464	463M
780	10520	2.217E-308	1.00	0.000E+00	0	767	769	0	767	769	768M
781	10519	4.197E-168	0.992	4.287E-168	0	256	258	0	256	258	257M
782	10518	3.093E-166	0.992	3.158E-166	0	267	269	0	267	269	268M
783	10517	1.506E-81	0.955	1.560E-81	0	135	137	0	135	137	136M
784	10516	2.064E-319	0.993	1.970E-319	0	486	488	0	486	488	487M
785	10515	4.764E-101	0.987	4.733E-101	0	159	161	0	159	161	160M
786	10514	2.857E-174	1.00	2.770E-174	0	268	270	0	268	270	269M
787	10513	1.456E-184	0.996	1.466E-184	0	281	283	0	281	283	282M
788	10512	1.815E-192	1.00	1.763E-192	0	282	284	0	282	284	283M
789	10511	2.364E-62	1.00	2.480E-62	0	102	104	0	102	104	103M
790	10510	2.935E-107	1.00	2.943E-107	0	177	179	0	177	179	178M
791	10509	2.217E-308	0.996	0.000E+00	0	541	543	0	541	543	542M
792	10508	2.217E-308	1.00	0.000E+00	0	639	641	0	639	641	640M
793	10507	1.742E-60	0.990	1.703E-60	6	111	113	0	105	107	106M
794	10506	6.453E-141	0.995	6.240E-141	0	205	207	0	205	207	206M
795	10505	6.234E-89	0.964	5.971E-89	0	141	143	0	141	143	142M
796	10504	1.003E-272	0.995	1.038E-272	0	415	417	0	415	417	416M
797	10503	7.949E-36	1.00	7.972E-36	0	63	65	0	63	65	64M
798	10502	5.357E-69	1.00	5.398E-69	0	118	120	0	118	120	119M
799	10501	1.360E-119	0.956	1.394E-119	0	184	186	0	184	186	185M
800	10500	1.623E-110	1.00	1.684E-110	0	166	168	0	166	168	167M
802	9020	8.696E-63	1.00	8.897E-63	0	94	96	0	94	96	95M
803	9019	1.536E-50	1.00	1.595E-50	0	89	91	0	89	91	90M
804	9018	9.609E-179	1.00	9.360E-179	0	277	279	0	277	279	278M
805	9017	8.869E-148	0.995	9.134E-148	0	239	241	0	239	241	240M
806	9016	4.876E-226	0.991	4.652E-226	0	347	349	0	347	349	348M
807	9015	1.902E-210	0.993	1.893E-210	0	307	309	0	307	309	308M
808	9014	5.188E-134	1.00	5.412E-134	0	216	218	0	216	218	217M
810	9012	2.217E-308	1.00	0.000E+00	0	678	680	0	678	680	679M
811	9011	2.860E-97	0.993	2.770E-97	0	149	151	0	149	151	150M
812	9010	2.521E-319	0.997	2.520E-319	0	471	473	0	471	473	472M
813	9009	9.109E-197	1.00	9.552E-197	0	301	303	0	301	303	302M
814	9008	1.920E-175	0.996	1.994E-175	0	259	261	0	259	261	260M
815	9007	8.923E-189	0.996	8.635E-189	0	275	277	0	275	277	276M
816	9006	1.163E-97	1.00	1.127E-97	0	150	152	0	150	152	151M
817	9005	1.761E-219	0.988	1.741E-219	0	354	356	0	354	356	355M
818	9004	1.301E-63	0.971	1.278E-63	0	106	108	0	106	108	107M
819	9003	1.243E-84	1.00	1.237E-84	0	131	133	0	131	133	132M
820	9002	2.852E-96	1.00	2.721E-96	0	144	146	0	144	146	145M
821	9001	3.755E-241	0.994	3.580E-241	0	371	373	0	371	373	372M
822	9000	4.965E-233	1.00	4.937E-233	0	354	356	0	354	356	355M
823	8999	1.608E-145	0.969	1.665E-145	0	229	231	0	229	231	230M
824	8998	2.217E-308	0.976	0.000E+00	0	1197	1199	0	1197	1199	1198M
825	8997	1.400E-285	0.995	1.379E-285	0	421	423	0	421	423	422M
826	8996	5.403E-111	0.987	5.393E-111	0	162	164	0	162	164	163M
827	8995	7.497E-83	1.00	7.331E-83	0	123	126	0	123	126	124M
828	8994	8.481E-92	0.993	8.438E-92	0	149	151	0	149	151	150M
829	8993	2.001E-191	0.950	1.986E-191	0	300	302	0	300	302	301M
830	8992	3.171E-253	0.978	3.099E-253	0	370	372	0	370	372	371M
831	8991	4.622E-244	0.997	4.731E-244	0	364	366	0	364	366	365M
832	8990	4.389E-108	0.993	4.485E-108	0	164	166	0	164	166	165M
833	8989	2.202E-228	0.997	2.307E-228	0	382	384	0	382	384	383M
834	8988	2.217E-308	0.998	0.000E+00	0	506	508	0	506	508	507M
835	8987	2.217E-308	0.992	0.000E+00	0	660	662	0	660	662	661M
836	8890	1.910E-289	0.997	1.875E-289	0	426	428	0	426	428	427M
837	8889	1.470E-149	1.00	1.516E-149	0	219	241	0	219	256	220M
838	11261	4.606E-204	1.00	4.798E-204	0	319	321	0	319	321	320M
839	11260	1.121E-199	1.00	1.161E-199	0	299	301	0	299	301	300M
840	11259	1.433E-294	0.997	1.439E-294	0	464	466	0	464	466	465M
841	11258	1.560E-288	1.00	1.559E-288	0	458	460	0	458	460	459M
842	11257	8.792E-222	1.00	8.820E-222	0	342	344	0	342	344	343M
843	11256	5.300E-297	1.00	5.148E-297	0	458	460	0	458	460	459M
844	11255	2.217E-308	0.998	0.000E+00	0	572	574	0	572	574	573M
845	11254	8.658E-100	1.00	8.502E-100	0	160	162	0	160	162	161M
846	11253	9.061E-311	0.987	9.209E-311	0	475	477	0	475	477	476M
847	11252	2.217E-308	0.996	0.000E+00	0	509	511	0	509	511	510M
848	11251	1.792E-303	1.00	1.743E-303	0	456	458	0	456	458	457M
849	11250	1.759E-141	0.995	1.794E-141	0	232	234	0	232	234	233M
850	10117	1.564E-30	0.298	1.572E-30	3	292	302	1	286	294	75M3I4M1I104M7D3M1D9M6I9M2I74M
851	8727	1.468E-17	0.261	1.470E-17	0	154	191	0	150	186	28M1D13M1D16M4I27M2I65M
852	11247	9.575E-255	1.00	9.546E-255	0	363	365	0	363	365	364M
853	11246	1.227E-234	0.997	1.179E-234	0	355	357	0	355	357	356M
854	11245	4.325E-141	1.00	4.207E-141	0	230	232	0	230	232	231M
855	11244	1.863E-202	1.00	1.889E-202	0	337	339	0	337	339	338M
856	11243	2.217E-308	0.997	0.000E+00	0	944	946	0	944	946	945M
857	11242	4.793E-142	0.990	4.857E-142	0	211	213	0	211	213	212M
858	11241	2.392E-144	0.969	2.504E-144	0	232	235	0	232	235	233M
859	11240	7.026E-290	0.995	6.716E-290	0	431	433	0	431	433	432M
860	11239	7.562E-125	0.990	7.901E-125	0	202	204	0	202	204	203M
861	11238	1.012E-82	1.00	1.005E-82	0	124	126	0	124	126	125M
862	11237	4.582E-318	0.989	4.595E-318	0	486	488	0	486	488	487M
863	11236	5.283E-141	0.990	5.507E-141	0	209	211	0	209	211	210M
864	11235	1.363E-81	1.00	1.386E-81	0	126	128	0	126	128	127M
865	11234	2.217E-308	0.996	0.000E+00	0	919	921	0	919	921	920M
866	11233	1.162E-174	0.974	1.182E-174	0	270	272	0	270	272	271M
867	11232	5.099E-282	0.997	5.273E-282	0	463	465	0	463	465	464M
868	9723	3.541E-141	1.00	3.544E-141	0	213	215	0	213	215	214M
869	9722	6.622E-151	0.995	6.787E-151	0	240	242	0	240	242	241M
870	9721	3.297E-152	0.991	3.292E-152	0	236	238	0	236	238	237M
871	9720	1.210E-35	1.00	1.211E-35	0	65	67	0	65	67	66M
872	9719	5.894E-222	0.994	6.143E-222	0	341	343	0	341	343	342M
873	9718	6.007E-152	1.00	6.091E-152	0	229	231	0	229	231	230M
874	9717	1.342E-75	1.00	1.302E-75	0	123	125	0	123	125	124M
875	9716	3.317E-193	1.00	3.423E-193	0	274	276	0	274	276	275M
876	9715	2.217E-308	1.00	0.000E+00	0	604	606	0	604	606	605M
877	9714	2.124E-98	1.00	2.112E-98	0	148	150	0	148	151	149M
878	9713	5.219E-291	1.00	5.136E-291	0	457	459	0	457	459	458M
879	9712	2.217E-308	0.994	0.000E+00	0	548	550	0	548	550	549M
880	9711	7.575E-87	0.992	7.701E-87	0	137	139	0	137	139	138M
881	9710	2.537E-128	1.00	2.459E-128	0	198	200	0	198	200	199M
882	9709	4.515E-235	0.994	4.582E-235	0	355	357	0	355	357	356M
883	9708	1.769E-182	0.988	1.771E-182	0	269	271	0	269	271	270M
884	9707	6.581E-226	0.997	6.514E-226	0	334	336	0	334	336	335M
885	9706	2.343E-136	0.995	2.345E-136	0	201	203	0	201	203	202M
886	9705	2.345E-175	1.00	2.362E-175	0	276	278	0	276	278	277M
887	9704	9.760E-185	1.00	9.996E-185	0	293	295	0	293	295	294M
888	9703	2.225E-232	1.00	2.173E-232	0	352	354	0	352	354	353M
889	9702	5.597E-202	1.00	5.541E-202	0	306	308	0	306	308	307M
890	9701	6.842E-125	0.761	6.722E-125	0	246	248	0	245	247	212M1I34M
891	9700	4.329E-180	1.00	4.336E-180	0	272	274	0	272	274	273M
892	9699	2.244E-158	1.00	2.160E-158	0	235	237	0	235	237	236M
893	9698	5.379E-148	1.00	5.616E-148	0	222	224	0	222	224	223M
894	9697	1.647E-77	0.992	1.628E-77	0	137	139	0	137	139	138M
895	9696	2.449E-153	1.00	2.366E-153	0	227	229	0	227	229	228M
896	9695	2.875E-99	0.993	2.810E-99	0	152	154	0	152	154	153M
897	9694	2.725E-117	0.973	2.623E-117	0	188	190	0	188	190	189M
898	9693	2.337E-135	0.995	2.275E-135	0	209	211	0	209	211	210M
899	9692	4.186E-167	0.992	4.338E-167	0	265	267	0	265	267	266M
900	9691	5.315E-66	1.00	5.378E-66	0	104	106	0	104	106	105M
901	9689	1.170E-254	1.00	1.114E-254	0	400	402	0	400	402	401M
902	9688	2.217E-308	0.997	0.000E+00	0	1276	1278	0	1276	1278	1277M
903	9687	1.087E-303	1.00	1.043E-303	0	445	447	0	445	447	446M
904	9686	7.523E-123	0.994	7.420E-123	0	198	200	0	198	200	199M
905	9685	7.125E-218	1.00	7.387E-218	0	333	335	0	333	335	334M
906	9684	1.170E-26	1.00	1.174E-26	0	47	50	0	47	445	48M
922	11857	5.583E-27	0.403	5.602E-27	0	123	136	2	125	134	124M
923	9046	1.854E-84	0.536	1.943E-84	0	296	299	29	328	332	5M1I21M1D26M1D45M5D9M2I11M1I176M
924	10037	1.445E-34	0.438	1.444E-34	13	164	171	20	174	177	84M2D50M1D18M
925	11955	2.536E-08	0.301	2.545E-08	7	134	145	0	127	135	31M1I39M6I27M3D9M1I6M5D8M
928	10831	4.628E-24	0.231	4.617E-24	100	553	562	3	456	458	55M1I14M1I29M1I20M4I4M1I23M1D49M1D21M3D65M1D33M3D16M1I116M
933	10831	4.628E-24	0.231	4.617E-24	100	553	562	3	456	458	55M1I14M1I29M1I20M4I4M1I23M1D49M1D21M3D65M1D33M3D16M1I116M
936	11955	2.536E-08	0.301	2.545E-08	7	134	145	0	127	135	31M1I39M6I27M3D9M1I6M5D8M
937	10037	1.445E-34	0.438	1.444E-34	13	164	171	20	174	177	84M2D50M1D18M
938	9046	1.854E-84	0.536	1.943E-84	0	296	299	29	328	332	5M1I21M1D26M1D45M5D9M2I11M1I176M
939	11857	5.583E-27	0.403	5.602E-27	0	123	136	2	125	134	124M
954	9211	2.813E-21	1.00	2.807E-21	0	37	38	0	37	38	38M
955	9210	2.217E-308	0.998	0.000E+00	0	711	713	0	711	713	712M
956	9209	2.561E-93	1.00	2.544E-93	0	155	157	0	155	157	156M
957	9208	4.974E-79	1.00	4.841E-79	0	123	125	0	123	125	124M
958	9207	2.062E-280	0.995	2.052E-280	0	440	442	0	440	442	441M
959	9206	2.706E-269	0.997	2.703E-269	0	408	410	0	408	410	409M
960	9205	3.202E-102	1.00	3.214E-102	0	149	151	0	149	151	150M
961	9204	1.081E-185	0.965	1.037E-185	0	285	287	0	285	287	286M
962	9203	2.718E-116	0.994	2.660E-116	0	177	179	8	185	187	178M
963	9202	2.217E-308	1.00	0.000E+00	0	540	542	0	540	542	541M
964	9201	4.366E-222	0.991	4.482E-222	0	341	343	0	341	343	342M
965	9200	1.582E-216	0.996	1.531E-216	0	317	319	0	317	319	318M
966	9199	2.043E-315	0.995	2.078E-315	0	482	484	0	482	484	483M
967	9198	1.197E-263	1.00	1.230E-263	0	370	372	0	370	372	371M
968	9197	2.859E-213	0.966	2.854E-213	0	323	325	0	323	325	324M
969	9196	2.217E-308	1.00	0.000E+00	0	547	549	0	547	549	548M
970	9195	1.167E-253	0.994	1.149E-253	0	369	371	0	369	371	370M
971	9194	7.894E-219	1.00	7.664E-219	0	325	327	0	325	327	326M
972	9193	4.981E-273	0.989	5.084E-273	0	393	395	0	393	395	394M
973	9192	4.274E-59	1.00	4.188E-59	0	86	88	0	86	88	87M
974	9191	2.163E-105	1.00	2.246E-105	0	162	164	0	162	164	163M
975	9190	6.447E-102	1.00	6.474E-102	0	157	159	0	157	159	158M
976	9189	9.189E-123	1.00	8.938E-123	0	182	184	0	182	184	183M
977	9188	1.129E-163	0.983	1.101E-163	0	244	246	0	244	246	245M
978	9187	5.444E-230	0.997	5.490E-230	0	349	351	0	349	351	350M
979	9186	1.879E-244	0.992	1.816E-244	0	384	386	0	384	386	385M
980	9185	2.217E-308	1.00	0.000E+00	0	620	622	0	620	622	621M
981	9184	2.010E-270	0.992	1.952E-270	0	426	428	0	426	428	427M
982	9183	2.217E-308	0.992	0.000E+00	0	568	570	0	568	570	569M
983	9182	2.517E-125	0.989	2.496E-125	0	191	193	0	191	193	192M
984	9181	1.801E-189	1.00	1.872E-189	0	276	278	0	276	278	277M
985	9419	2.217E-308	0.976	0.000E+00	0	599	601	0	599	601	600M
986	9420	2.217E-308	0.996	0.000E+00	0	512	514	0	512	514	513M
987	9421	2.816E-322	1.00	2.915E-322	0	468	470	0	468	470	469M
988	9422	3.320E-116	0.994	3.249E-116	0	168	170	0	168	170	169M
989	9423	1.355E-195	1.00	1.396E-195	0	291	293	0	291	293	292M
990	9424	2.036E-275	0.881	1.969E-275	0	484	486	0	480	482	228M3D10M3I20M4I220M
991	9425	1.398E-33	0.984	1.405E-33	0	65	67	0	65	67	66M
992	9426	7.674E-92	1.00	7.309E-92	0	146	148	0	146	148	147M
993	9427	2.623E-141	1.00	2.665E-141	0	207	209	0	207	209	208M
994	9428	1.886E-168	0.992	1.802E-168	0	251	253	0	251	253	252M
995	9429	4.280E-253	0.997	4.203E-253	0	390	392	0	390	392	391M
996	9430	3.767E-281	1.00	3.878E-281	0	411	413	0	411	413	412M
997	9431	2.217E-308	1.00	0.000E+00	0	755	757	0	755	757	756M
998	9432	2.217E-308	0.996	0.000E+00	0	948	950	0	948	950	949M
999	9433	2.233E-156	0.987	2.157E-156	0	239	241	0	239	241	240M
1000	9434	1.976E-186	0.992	2.017E-186	0	277	279	0	277	279	278M
1001	9435	9.988E-310	0.995	1.020E-309	0	459	461	0	459	461	460M
1002	9436	4.470E-115	0.983	4.551E-115	0	177	179	0	177	179	178M
1003	9437	6.138E-83	1.00	5.891E-83	0	126	128	0	126	128	127M
1004	9438	2.217E-308	0.997	0.000E+00	0	820	822	0	820	822	821M
1005	9439	6.684E-232	1.00	6.798E-232	0	336	338	0	336	338	337M
1006	9440	6.153E-316	1.00	6.042E-316	0	469	471	0	469	471	470M
1007	9441	1.336E-23	1.00	1.340E-23	0	43	45	0	43	45	44M
1008	9442	1.933E-255	0.990	1.934E-255	0	403	405	0	403	405	404M
1009	9443	6.954E-286	0.997	6.988E-286	0	447	449	0	447	449	448M
1010	9444	4.551E-238	1.00	4.470E-238	0	355	357	0	355	357	356M
1011	8644	3.088E-88	0.980	3.148E-88	0	156	158	0	156	158	157M
1012	8643	3.640E-113	0.994	3.658E-113	0	183	185	0	183	185	184M
1013	8642	9.372E-208	0.984	9.451E-208	0	332	334	0	332	334	333M
1014	8641	9.268E-165	0.996	8.902E-165	0	271	273	0	271	273	272M
1015	8640	2.217E-308	0.992	0.000E+00	0	1287	1289	0	1287	1289	1288M
1016	8639	2.823E-92	0.943	2.803E-92	0	159	161	0	159	161	160M
1017	8638	1.820E-77	0.893	1.878E-77	0	140	142	0	140	142	141M
1018	8637	3.768E-49	1.00	3.665E-49	0	82	84	0	82	84	83M
1019	8636	5.056E-124	0.994	4.980E-124	0	181	183	0	181	183	182M
1020	8635	2.279E-164	0.995	2.386E-164	0	245	247	0	245	247	246M
1021	8634	3.628E-73	1.00	3.482E-73	0	121	123	0	121	123	122M
1022	8633	7.915E-220	0.996	7.683E-220	0	323	325	0	323	325	324M
1023	8632	1.569E-213	0.979	1.501E-213	0	343	345	0	343	345	344M
1024	8631	2.722E-194	0.980	2.652E-194	0	300	302	0	300	302	301M
1025	8630	6.101E-158	0.996	6.084E-158	0	257	259	0	257	259	258M
1026	8629	3.104E-90	1.00	3.229E-90	0	146	148	0	146	148	147M
1027	8628	6.475E-181	0.982	6.411E-181	0	285	287	0	285	287	286M
1028	8627	9.760E-185	0.996	9.996E-185	0	292	295	0	292	295	293M
1029	8626	6.037E-270	1.00	5.862E-270	0	409	411	0	409	411	410M
1030	8625	3.079E-319	1.00	3.002E-319	0	468	470	0	468	470	469M
1031	8624	2.986E-75	1.00	3.048E-75	0	121	123	0	121	123	122M
1032	8623	1.449E-66	1.00	1.446E-66	0	103	105	0	103	105	104M
1033	8622	6.949E-131	0.994	6.953E-131	0	194	196	0	194	196	195M
1034	8621	2.963E-72	0.991	3.029E-72	0	120	122	0	120	122	121M
1035	8620	3.179E-254	0.995	3.031E-254	0	408	410	0	408	410	409M
1036	8619	2.217E-308	0.988	0.000E+00	0	715	717	0	715	717	716M
1037	8618	1.523E-124	1.00	1.580E-124	0	190	192	0	190	192	191M
1038	8617	3.755E-241	1.00	3.580E-241	0	371	373	0	371	373	372M
1039	8616	5.631E-127	1.00	5.497E-127	0	197	199	0	197	199	198M
1040	8615	1.902E-94	1.00	1.942E-94	0	154	156	0	154	156	155M
1041	8614	3.726E-122	1.00	3.821E-122	0	186	188	0	186	188	187M
1042	8613	3.575E-106	0.971	3.503E-106	0	176	178	0	176	178	177M
1043	8612	1.568E-174	0.977	1.597E-174	0	263	265	0	263	265	264M
1044	8611	1.228E-273	0.985	1.269E-273	0	424	426	0	424	426	425M
1045	8610	8.234E-274	1.00	8.349E-274	0	416	417	0	416	478	417M
1048	10243	2.217E-308	0.686	0.000E+00	0	774	789	0	774	1059	404M4D285M4I82M
1049	11301	4.663E-54	0.486	4.718E-54	12	192	197	2	182	191	181M
1060	11301	4.663E-54	0.486	4.718E-54	12	192	197	2	182	191	181M
1061	10243	2.217E-308	0.686	0.000E+00	0	774	789	0	774	1059	404M4D285M4I82M
1064	10153	2.217E-308	0.998	0.000E+00	0	595	597	0	595	597	596M
1065	10152	7.700E-132	1.00	7.539E-132	0	207	209	0	207	209	208M
1066	10151	5.961E-149	1.00	5.890E-149	0	221	223	0	221	223	222M
1067	10150	6.854E-87	1.00	6.664E-87	0	134	136	0	134	136	135M
1068	10149	1.178E-218	1.00	1.176E-218	0	314	316	0	314	316	315M
1069	10148	6.442E-63	0.980	6.351E-63	0	100	102	0	100	102	101M
1070	10147	1.780E-107	0.982	1.862E-107	0	174	176	0	174	176	175M
1071	10146	4.208E-169	0.984	4.355E-169	0	261	263	0	261	263	262M
1072	10145	2.217E-308	1.00	0.000E+00	0	521	523	0	521	523	522M
1073	10144	4.930E-269	1.00	5.076E-269	0	408	410	0	408	410	409M
1074	10143	5.656E-90	0.993	5.517E-90	0	144	146	0	144	146	145M
1075	10142	7.095E-139	0.990	7.202E-139	0	212	214	0	212	214	213M
1076	10141	1.253E-126	0.989	1.288E-126	0	195	197	0	195	197	196M
1077	10140	2.017E-78	0.992	2.078E-78	0	127	129	0	127	129	128M
1078	10139	4.329E-180	0.996	4.396E-180	0	279	281	0	279	281	280M
1079	10138	1.331E-72	0.992	1.319E-72	0	129	131	0	129	131	130M
1080	10137	1.437E-63	0.980	1.373E-63	0	101	103	0	101	103	102M
1082	10136	1.261E-167	0.968	1.313E-167	0	253	255	0	253	255	254M
1083	10135	2.217E-308	0.982	0.000E+00	0	620	622	0	620	622	621M
1084	10134	5.219E-291	0.976	5.092E-291	0	423	425	0	423	425	424M
1085	10133	2.217E-308	0.986	0.000E+00	0	1215	1217	0	1215	1217	1216M
1087	10130	1.144E-52	1.00	1.139E-52	0	85	87	0	85	87	86M
1088	10129	2.217E-308	0.993	0.000E+00	0	596	598	0	596	598	597M
1089	10128	2.217E-308	0.993	0.000E+00	0	622	624	6	628	630	623M
1090	8678	4.412E-226	1.00	4.327E-226	0	332	334	0	332	334	333M
1091	8677	3.684E-195	0.996	3.867E-195	0	306	308	0	306	308	307M
1092	8676	8.741E-65	1.00	8.599E-65	0	109	111	0	109	111	110M
1093	8675	2.217E-308	0.996	0.000E+00	0	609	611	0	609	611	610M
1094	8674	2.217E-308	0.997	0.000E+00	0	498	500	0	498	500	499M
1095	8673	5.980E-305	0.995	6.048E-305	0	465	467	0	465	467	466M
1096	8672	1.015E-238	1.00	1.040E-238	0	371	373	0	371	373	372M
1097	8671	7.194E-67	0.954	7.512E-67	0	109	111	0	109	111	110M
1098	8670	1.070E-181	0.996	1.034E-181	0	273	275	0	273	275	274M
1099	8669	2.217E-308	1.00	0.000E+00	0	850	852	0	850	852	851M
1100	8668	9.793E-225	1.00	9.558E-225	0	351	353	0	351	353	352M
1101	8667	3.863E-136	0.995	3.952E-136	0	212	214	0	212	214	213M
1102	8666	2.991E-153	1.00	2.944E-153	0	245	247	0	245	247	246M
1103	8665	5.417E-112	0.994	5.595E-112	0	174	176	0	174	176	175M
1104	8664	2.217E-308	1.00	0.000E+00	0	720	722	0	720	722	721M
1105	8663	5.004E-120	1.00	4.772E-120	0	188	190	0	188	190	189M
1106	8662	1.860E-240	0.997	1.855E-240	0	359	361	0	359	361	360M
1107	8661	2.932E-184	0.996	3.065E-184	0	290	292	0	290	292	291M
1108	8660	2.217E-308	0.998	0.000E+00	0	1492	1494	0	1492	1494	1493M
1109	8659	2.217E-308	1.00	0.000E+00	0	472	474	0	472	474	473M
1110	8658	9.180E-200	0.993	9.173E-200	0	294	296	0	294	296	295M
1111	8657	8.293E-122	0.994	8.030E-122	0	195	197	0	195	197	196M
1112	8656	5.650E-167	0.992	5.744E-167	0	272	273	0	272	361	273M
1113	10284	3.399E-13	0.939	3.403E-13	0	32	35	0	32	40	33M
1114	10281	3.043E-121	0.900	3.184E-121	35	245	247	170	367	369	9M1I4M12I185M
1115	10280	3.098E-244	0.965	3.196E-244	0	403	405	0	403	405	404M
1116	10279	9.422E-94	0.966	9.231E-94	0	147	149	0	147	149	148M
1117	10278	4.810E-66	0.990	4.765E-66	0	108	110	0	108	110	109M
1118	10277	5.141E-26	1.00	5.146E-26	0	47	54	0	47	49	48M
1119	10277	5.141E-26	1.00	5.146E-26	0	47	54	0	47	49	48M
1120	10278	4.810E-66	0.990	4.765E-66	0	108	110	0	108	110	109M
1121	10279	9.422E-94	0.966	9.231E-94	0	147	149	0	147	149	148M
1122	10280	3.098E-244	0.965	3.196E-244	0	403	405	0	403	405	404M
1123	10281	3.043E-121	0.900	3.184E-121	35	245	247	170	367	369	9M1I4M12I185M
1124	10284	3.399E-13	0.939	3.403E-13	0	32	35	0	32	40	33M
1125	10284	5.483E-20	1.00	5.465E-20	0	38	40	0	38	40	39M
1126	10285	1.264E-168	0.992	1.248E-168	0	270	272	0	270	272	271M
1127	10285	1.264E-168	0.992	1.248E-168	0	270	272	0	270	272	271M
1128	10284	5.483E-20	1.00	5.465E-20	0	38	40	0	38	40	39M
1129	10284	5.483E-20	1.00	5.465E-20	0	38	40	0	38	40	39M
1130	10285	1.264E-168	0.992	1.248E-168	0	270	272	0	270	272	271M
1131	10285	1.264E-168	0.992	1.248E-168	0	270	272	0	270	272	271M
1132	10284	5.483E-20	1.00	5.465E-20	0	38	40	0	38	40	39M
1133	10284	3.399E-13	0.939	3.403E-13	0	32	35	0	32	40	33M
1134	10281	3.043E-121	0.900	3.184E-121	35	245	247	170	367	369	9M1I4M12I185M
1135	10280	3.098E-244	0.965	3.196E-244	0	403	405	0	403	405	404M
1136	10279	9.422E-94	0.966	9.231E-94	0	147	149	0	147	149	148M
1137	10278	4.810E-66	0.990	4.765E-66	0	108	110	0	108	110	109M
1138	10277	5.141E-26	1.00	5.146E-26	0	47	54	0	47	49	48M
1139	10277	5.141E-26	1.00	5.146E-26	0	47	54	0	47	49	48M
1140	10278	4.810E-66	0.990	4.765E-66	0	108	110	0	108	110	109M
1141	10279	9.422E-94	0.966	9.231E-94	0	147	149	0	147	149	148M
1142	10280	3.098E-244	0.965	3.196E-244	0	403	405	0	403	405	404M
1143	10281	3.043E-121	0.900	3.184E-121	35	245	247	170	367	369	9M1I4M12I185M
1144	10284	3.399E-13	0.939	3.403E-13	0	32	35	0	32	40	33M
1145	10284	3.399E-13	0.939	3.403E-13	0	32	35	0	32	40	33M
1146	10281	3.043E-121	0.900	3.184E-121	35	245	247	170	367	369	9M1I4M12I185M
1147	10280	3.098E-244	0.965	3.196E-244	0	403	405	0	403	405	404M
1148	10279	9.422E-94	0.966	9.231E-94	0	147	149	0	147	149	148M
1149	10278	4.810E-66	0.990	4.765E-66	0	108	110	0	108	110	109M
1150	10277	5.141E-26	1.00	5.146E-26	0	47	54	0	47	49	48M
1151	10277	5.141E-26	1.00	5.146E-26	0	47	54	0	47	49	48M
1152	10278	4.810E-66	0.990	4.765E-66	0	108	110	0	108	110	109M
1153	10279	9.422E-94	0.966	9.231E-94	0	147	149	0	147	149	148M
1154	10280	3.098E-244	0.965	3.196E-244	0	403	405	0	403	405	404M
1155	10281	3.043E-121	0.900	3.184E-121	35	245	247	170	367	369	9M1I4M12I185M
1156	10284	3.399E-13	0.939	3.403E-13	0	32	35	0	32	40	33M
1157	9102	4.435E-112	0.994	4.354E-112	0	182	184	0	182	184	183M
1158	9103	6.588E-149	1.00	6.790E-149	0	224	226	0	224	226	225M
1159	9104	2.217E-308	1.00	0.000E+00	0	594	596	0	594	596	595M
1160	9105	2.440E-113	1.00	2.454E-113	0	168	170	0	168	170	169M
1161	9106	1.647E-309	1.00	1.625E-309	0	442	444	0	442	444	443M
1162	9107	2.217E-308	0.997	0.000E+00	0	893	895	0	893	895	894M
1163	9108	1.598E-220	1.00	1.631E-220	0	337	339	0	337	339	338M
1164	9109	6.175E-124	1.00	6.204E-124	0	179	181	0	179	181	180M
1165	9110	6.431E-101	0.994	6.405E-101	0	172	174	0	172	174	173M
1166	9111	2.592E-59	1.00	2.475E-59	0	101	103	0	101	103	102M
1167	9112	2.217E-308	1.00	0.000E+00	0	628	630	0	628	630	629M
1168	9113	2.217E-308	1.00	0.000E+00	0	531	533	0	531	533	532M
1169	9114	9.834E-304	1.00	9.367E-304	0	497	499	0	497	499	498M
1170	9115	5.175E-133	1.00	5.083E-133	0	210	212	0	210	212	211M
1171	9116	2.358E-61	0.979	2.318E-61	0	96	98	0	96	98	97M
1172	9117	4.072E-195	1.00	4.139E-195	0	294	296	0	294	296	295M
1173	9118	3.807E-169	0.996	3.906E-169	0	252	254	0	252	254	253M
1174	9119	7.754E-96	1.00	7.555E-96	0	139	141	0	139	141	140M
1175	9120	4.555E-45	1.00	4.485E-45	0	74	76	0	74	76	75M
1176	9121	2.217E-308	0.989	0.000E+00	0	557	559	0	557	559	558M
1177	9122	7.045E-28	0.982	7.062E-28	0	55	57	0	55	57	56M
1178	9123	8.845E-263	0.984	8.588E-263	0	398	400	0	398	400	399M
1179	9124	4.948E-193	0.969	4.968E-193	10	302	304	0	292	294	293M
1180	9125	1.631E-228	0.984	1.684E-228	0	382	384	0	376	378	22M6I355M
1181	9126	2.217E-308	0.996	0.000E+00	0	546	548	0	546	548	547M
1182	9127	1.855E-123	1.00	1.792E-123	0	188	190	0	188	190	189M
1183	9128	9.308E-128	0.995	9.249E-128	0	206	208	0	206	208	207M
1184	9322	7.562E-125	1.00	7.536E-125	0	201	203	0	201	203	202M
1185	9323	1.311E-66	1.00	1.311E-66	0	101	103	0	101	103	102M
1186	9324	1.922E-214	0.997	1.950E-214	0	333	335	0	333	335	334M
1187	9325	2.217E-308	0.995	0.000E+00	0	697	699	0	697	699	698M
1189	9326	2.217E-308	0.992	0.000E+00	0	978	980	0	978	980	979M
1190	9327	1.953E-259	0.989	2.012E-259	0	382	384	0	382	384	383M
1191	9328	2.748E-275	0.993	2.845E-275	0	444	446	0	444	446	445M
1192	9329	3.188E-139	1.00	3.223E-139	0	215	217	0	215	217	216M
1193	9330	2.217E-308	1.00	0.000E+00	0	512	514	0	512	514	513M
1194	9331	2.899E-141	1.00	2.887E-141	0	222	224	0	222	224	223M
1195	9332	3.288E-151	0.991	3.343E-151	0	225	227	0	225	227	226M
1196	9333	2.217E-308	0.990	0.000E+00	0	505	507	0	505	507	506M
1197	9334	6.048E-232	0.997	6.357E-232	0	348	350	0	348	350	349M
1198	9335	4.531E-159	0.992	4.601E-159	0	249	251	0	249	251	250M
1199	9336	1.695E-88	0.992	1.660E-88	0	136	138	0	136	138	137M
1200	9337	2.217E-308	1.00	0.000E+00	0	757	759	0	757	759	758M
1201	9338	6.628E-74	1.00	6.515E-74	0	119	121	0	119	121	120M
1202	9339	1.108E-233	0.997	1.161E-233	0	350	352	0	350	352	351M
1203	9340	2.852E-212	0.996	2.730E-212	0	304	306	0	304	306	305M
1204	9341	3.726E-122	1.00	3.643E-122	0	185	187	0	185	187	186M
1205	9342	2.217E-308	0.994	0.000E+00	0	673	675	0	673	675	674M
1206	9343	1.373E-84	0.977	1.429E-84	0	134	136	0	134	136	135M
1207	9344	1.340E-152	0.983	1.340E-152	0	237	239	0	237	239	238M
1208	9345	3.813E-247	0.997	3.651E-247	0	357	361	0	357	365	358M
1210	10310	3.454E-54	0.338	3.624E-54	14	366	411	24	402	453	161M1I27M27D99M1D13M1I51M
1213	9387	2.751E-24	0.506	2.743E-24	3	81	83	238	316	318	79M
1214	9387	3.709E-39	0.376	3.711E-39	1	200	206	5	205	318	98M1I53M1D21M1D27M
1216	9377	2.910E-65	0.340	3.047E-65	13	394	396	15	417	419	18M4D26M2D8M1D4M4D95M1D24M4D13M1D28M3D19M2I39M1D53M1D16M1D37M
1217	8799	3.911E-102	0.510	3.779E-102	10	320	323	13	332	336	14M1D6M7D91M1D6M3I20M1I40M3I5M1D5M6D117M
1218	8798	1.351E-155	0.464	1.412E-155	5	560	562	6	557	559	17M3D82M11I88M3D24M1D56M2D74M3D8M1I52M1I133M3I6M
1219	9359	1.871E-49	0.294	1.811E-49	3	403	449	13	416	452	200M2D12M2D12M1I81M9I31M9D55M
1220	11937	4.674E-24	0.250	4.690E-24	23	424	427	31	435	439	22M6I5M3D31M3I93M1I5M8I27M1D28M5D32M13D18M3D38M4I25M1I31M1D24M
1223	9966	1.399E-130	0.712	1.334E-130	0	273	285	0	274	278	54M1D220M
1224	10758	3.523E-139	0.441	3.688E-139	0	494	496	0	496	503	257M1I91M2D101M1D45M
1225	11188	8.977E-25	0.250	8.949E-25	15	328	338	18	331	342	52M1I92M1D169M
1226	11797	1.429E-26	0.331	1.430E-26	1	191	203	313	503	509	41M3D26M3I78M1I4M1I31M2D6M
1227	11797	9.504E-20	0.263	9.502E-20	2	283	300	6	287	509	12M1I7M3I60M2I24M8D16M3I7M1I25M3I52M6D14M1I51M
1228	11487	5.069E-125	0.471	5.267E-125	4	430	433	10	437	440	373M1D54M
1229	9194	2.333E-57	0.368	2.251E-57	4	296	307	7	301	327	257M1I28M1D4M2D3M
1231	10758	1.480E-113	0.386	1.434E-113	25	506	508	15	499	503	118M1D210M1I16M3D10M1I21M1D105M
1232	9966	1.481E-32	0.338	1.484E-32	8	266	278	0	266	278	51M1D24M2I7M1D101M2D22M3D7M3D45M
1233	8658	6.157E-30	0.298	6.181E-30	26	299	320	15	279	296	99M1D5M1I10M1I25M1I42M10I13M3I28M2D7M4D29M
1234	9626	2.100E-24	0.395	2.101E-24	0	139	167	1	144	206	114M4D26M
1235	9415	3.575E-222	1.00	3.632E-222	0	350	352	0	350	352	351M
1236	9414	1.408E-171	0.992	1.446E-171	0	267	269	0	267	269	268M
1237	9413	5.310E-143	1.00	5.091E-143	0	230	232	0	230	232	231M
1238	9412	4.146E-202	0.914	3.999E-202	0	326	328	0	326	328	327M
1239	9411	2.217E-308	0.979	0.000E+00	0	790	792	0	790	792	791M
1240	9410	6.870E-320	0.963	7.115E-320	0	498	500	0	498	500	499M
1241	9409	2.237E-118	1.00	2.273E-118	0	183	185	0	183	185	184M
1242	12147	1.863E-86	0.985	1.931E-86	0	135	145	0	135	136	136M
1243	12146	9.921E-114	1.00	9.571E-114	14	188	190	0	174	176	175M
1244	11024	1.421E-252	0.979	1.399E-252	0	382	384	0	382	384	383M
1245	11025	2.217E-308	0.990	0.000E+00	0	626	628	0	626	628	627M
1246	11026	2.561E-93	0.987	2.544E-93	0	155	157	0	155	157	156M
1247	11026	2.561E-93	0.987	2.544E-93	0	155	157	0	155	157	156M
1248	11025	2.217E-308	0.990	0.000E+00	0	626	628	0	626	628	627M
1249	11024	1.421E-252	0.979	1.399E-252	0	382	384	0	382	384	383M
1250	12146	9.921E-114	1.00	9.571E-114	14	188	190	0	174	176	175M
1251	12147	1.863E-86	0.985	1.931E-86	0	135	145	0	135	136	136M
1252	9409	2.237E-118	1.00	2.273E-118	0	183	185	0	183	185	184M
1253	9410	6.870E-320	0.963	7.115E-320	0	498	500	0	498	500	499M
1254	9411	2.217E-308	0.979	0.000E+00	0	790	792	0	790	792	791M
1255	9412	4.146E-202	0.914	3.999E-202	0	326	328	0	326	328	327M
1256	9413	5.310E-143	1.00	5.091E-143	0	230	232	0	230	232	231M
1257	9414	1.408E-171	0.992	1.446E-171	0	267	269	0	267	269	268M
1258	9415	3.575E-222	1.00	3.632E-222	0	350	352	0	350	352	351M
1259	11717	3.212E-22	1.00	3.213E-22	0	43	45	0	43	45	44M
1260	11718	4.987E-80	0.992	5.171E-80	0	129	131	0	129	131	130M
1261	11719	1.471E-72	1.00	1.459E-72	0	105	107	0	105	107	106M
1262	11720	2.217E-308	0.998	0.000E+00	0	585	587	0	585	587	586M
1263	11721	4.284E-292	0.995	4.092E-292	0	450	452	0	450	452	451M
1264	8890	9.756E-34	0.276	9.769E-34	10	412	419	29	426	428	19M2I20M1D52M6D7M4D14M7I18M1D76M1I50M4I33M1D15M3I55M1I26M
1267	8887	4.243E-33	0.797	4.226E-33	0	68	70	0	68	70	69M
1268	8886	2.744E-81	0.711	2.870E-81	0	168	170	0	183	185	37M14D2M1D130M
1269	8885	1.479E-74	0.942	1.479E-74	0	121	123	0	121	123	122M
1274	8754	1.672E-44	0.675	1.627E-44	0	107	109	0	107	194	108M
1275	8754	1.672E-44	0.675	1.627E-44	0	107	109	0	107	194	108M
1280	8885	1.479E-74	0.942	1.479E-74	0	121	123	0	121	123	122M
1281	8886	2.744E-81	0.711	2.870E-81	0	168	170	0	183	185	37M14D2M1D130M
1282	8887	4.243E-33	0.797	4.226E-33	0	68	70	0	68	70	69M
1285	8890	9.756E-34	0.276	9.769E-34	10	412	419	29	426	428	19M2I20M1D52M6D7M4D14M7I18M1D76M1I50M4I33M1D15M3I55M1I26M
1286	11721	4.284E-292	0.995	4.092E-292	0	450	452	0	450	452	451M
1287	11720	2.217E-308	0.998	0.000E+00	0	585	587	0	585	587	586M
1288	11719	1.471E-72	1.00	1.459E-72	0	105	107	0	105	107	106M
1289	11718	4.987E-80	0.992	5.171E-80	0	129	131	0	129	131	130M
1290	11717	3.212E-22	1.00	3.213E-22	0	43	45	0	43	45	44M
1291	10428	3.112E-91	0.963	3.002E-91	0	136	138	275	411	413	137M
1292	10427	9.387E-286	0.988	9.717E-286	0	427	429	0	427	429	428M
1293	10426	2.405E-146	0.986	2.472E-146	0	222	224	0	222	224	223M
1294	10425	2.217E-308	0.998	0.000E+00	0	563	565	0	563	565	564M
1295	10424	1.137E-127	1.00	1.154E-127	0	204	206	0	204	206	205M
1296	10423	3.237E-261	0.997	3.390E-261	0	389	391	0	389	391	390M
1297	10422	2.217E-308	0.994	0.000E+00	0	532	534	0	532	534	533M
1298	10421	3.093E-166	0.988	3.013E-166	0	266	268	0	266	268	267M
1299	10420	2.217E-308	0.989	0.000E+00	0	662	664	0	662	664	663M
1300	10419	5.012E-198	0.993	5.098E-198	0	299	301	0	299	301	300M
1301	10418	1.038E-208	0.993	1.052E-208	0	312	314	0	312	314	313M
1302	10417	2.217E-308	0.993	0.000E+00	0	1159	1161	0	1159	1161	1160M
1303	10416	8.877E-187	0.988	8.750E-187	0	266	268	0	266	268	267M
1304	10415	2.217E-308	0.990	0.000E+00	0	599	601	0	599	601	600M
1305	10414	3.448E-92	0.986	3.366E-92	0	143	145	0	143	145	144M
1306	10413	1.963E-261	0.990	1.935E-261	0	404	406	0	404	406	405M
1307	10412	3.462E-287	0.995	3.533E-287	0	437	439	0	437	439	438M
1308	10411	5.366E-147	1.00	5.266E-147	0	216	218	0	216	218	217M
1309	10410	1.959E-144	0.995	1.949E-144	0	221	223	0	221	223	222M
1310	10409	1.138E-282	0.983	1.103E-282	0	436	438	0	436	438	437M
1311	10408	5.778E-253	0.997	5.695E-253	0	383	385	0	383	385	384M
1312	12107	1.220E-193	1.00	1.168E-193	0	298	300	0	298	300	299M
1313	12106	6.463E-219	0.996	6.351E-219	0	321	323	0	321	323	322M
1314	12105	9.794E-109	0.994	9.893E-109	0	172	174	0	172	174	173M
1315	12104	1.186E-182	1.00	1.138E-182	0	273	275	0	273	275	274M
1316	12103	3.723E-83	1.00	3.898E-83	0	124	126	0	124	126	125M
1317	12102	1.858E-85	0.986	1.847E-85	0	144	146	0	144	146	145M
1318	12101	2.816E-91	1.00	2.924E-91	0	142	144	0	142	144	143M
1319	12100	1.482E-323	0.997	1.482E-323	0	495	497	0	495	497	496M
1320	12099	9.938E-192	1.00	9.986E-192	0	272	274	0	272	274	273M
1321	12098	8.115E-191	0.996	8.447E-191	0	304	306	0	304	306	305M
1322	12097	2.217E-308	0.978	0.000E+00	69	934	936	7	872	874	866M
1323	10487	2.217E-308	0.997	0.000E+00	0	922	924	0	922	924	923M
1324	10488	3.612E-110	0.994	3.492E-110	0	188	190	0	188	190	189M
1325	10489	3.758E-164	1.00	3.784E-164	0	275	277	0	275	277	276M
1326	10490	7.646E-284	0.978	7.634E-284	0	426	428	0	426	428	427M
1327	10491	2.357E-177	0.996	2.373E-177	0	272	274	0	272	274	273M
1328	10492	2.217E-308	1.00	0.000E+00	0	505	507	0	505	507	506M
1329	10493	3.958E-68	1.00	3.965E-68	0	107	109	0	107	109	108M
1330	10494	5.505E-273	1.00	5.334E-273	0	421	423	0	421	423	422M
1331	10495	1.934E-23	0.891	1.928E-23	0	82	84	0	80	82	74M2I7M
1332	10496	2.122E-59	1.00	2.035E-59	0	97	99	0	97	99	98M
1333	10497	2.217E-308	0.996	0.000E+00	0	792	794	0	792	794	793M
1334	10498	3.880E-215	0.996	3.802E-215	0	325	327	0	325	327	326M
1335	10499	5.202E-135	0.971	5.084E-135	0	206	208	0	206	334	207M
1336	10079	3.749E-163	0.972	3.816E-163	0	257	259	86	343	345	258M
1337	10080	1.760E-180	0.989	1.850E-180	0	274	276	0	274	276	275M
1338	10081	3.487E-135	0.995	3.537E-135	0	205	207	0	205	207	206M
1339	10082	2.407E-185	0.986	2.462E-185	0	290	292	0	290	292	291M
1340	10083	9.315E-283	0.990	9.381E-283	0	419	421	0	419	421	420M
1341	10084	2.217E-308	0.996	0.000E+00	0	555	557	0	555	557	556M
1342	10085	1.085E-225	0.997	1.077E-225	0	336	340	0	336	339	337M
1344	10086	7.304E-305	0.982	7.129E-305	0	455	457	0	455	457	456M
1345	10087	2.217E-308	0.998	0.000E+00	0	552	554	0	552	554	553M
1346	10088	2.487E-159	1.00	2.449E-159	0	249	251	0	249	251	250M
1347	10089	9.600E-256	0.997	9.963E-256	0	382	384	0	382	384	383M
1348	10090	2.217E-308	0.994	0.000E+00	0	567	569	0	567	569	568M
1349	10091	2.215E-269	0.995	2.141E-269	0	403	405	0	403	405	404M
1350	10092	2.227E-155	1.00	2.225E-155	0	235	237	0	235	237	236M
1351	10093	2.183E-186	1.00	2.276E-186	0	293	295	0	293	295	294M
1352	10094	2.630E-258	0.997	2.748E-258	0	384	386	0	384	386	385M
1353	10095	2.217E-308	0.991	0.000E+00	0	867	869	0	867	869	868M
1354	10096	3.410E-49	0.977	3.419E-49	0	87	89	0	87	89	88M
1355	10097	1.215E-114	0.989	1.156E-114	0	190	192	0	190	192	191M
1357	10100	8.540E-56	0.936	8.533E-56	0	93	95	0	93	95	94M
1358	9154	2.217E-308	1.00	0.000E+00	0	475	477	0	475	477	476M
1359	9153	1.436E-256	0.997	1.380E-256	0	414	416	0	414	416	415M
1360	9152	1.295E-100	1.00	1.255E-100	0	153	155	0	153	155	154M
1361	9151	2.217E-308	0.998	0.000E+00	0	668	670	9	677	679	669M
1362	9150	2.859E-213	0.988	2.954E-213	0	344	346	0	344	346	345M
1363	9149	2.217E-308	0.995	0.000E+00	0	1148	1150	0	1148	1150	1149M
1364	9148	9.676E-143	1.00	9.565E-143	0	230	232	0	230	232	231M
1365	9147	9.413E-171	1.00	9.146E-171	0	266	268	0	266	268	267M
1366	9146	4.567E-162	0.984	4.472E-162	0	249	251	0	249	251	250M
1367	9145	3.720E-160	0.975	3.816E-160	0	243	245	0	243	245	244M
1368	9144	1.171E-293	1.00	1.146E-293	0	468	470	0	468	470	469M
1369	9143	2.539E-167	1.00	2.658E-167	0	268	270	0	268	270	269M
1370	9142	1.424E-214	0.996	1.433E-214	0	313	315	0	313	315	314M
1371	9141	6.731E-196	0.981	6.791E-196	0	316	318	0	316	318	317M
1372	9140	2.217E-308	0.965	0.000E+00	0	802	804	0	802	804	803M
1373	9139	2.233E-156	0.979	2.261E-156	0	240	242	0	240	242	241M
1374	9138	2.713E-270	0.649	2.716E-270	0	696	698	0	676	678	309M1I9M7I14M7I26M3D5M2I9M1D127M3D39M6I6M1D3M8I7M1I33M9I20M9D14M4D35M
1375	9137	6.668E-115	0.463	6.387E-115	0	448	450	0	491	493	112M9D74M5D16M15I8M1I55M8D6M28D7M7D35M1I19M2D27M1I22M4D8M2I12M1I23M1D4M
1376	9136	1.539E-128	1.00	1.527E-128	0	188	190	0	188	190	189M
1377	9135	1.010E-120	0.994	1.050E-120	0	196	198	0	196	198	197M
1378	10001	1.902E-210	1.00	1.832E-210	0	313	315	0	313	315	314M
1379	10002	1.476E-228	1.00	1.475E-228	0	352	354	12	364	366	353M
1380	10003	6.835E-318	0.995	6.839E-318	0	481	483	0	481	483	482M
1381	10004	6.871E-204	1.00	7.041E-204	0	307	309	0	307	309	308M
1382	10005	1.622E-187	0.996	1.568E-187	0	283	285	0	283	285	284M
1383	10006	1.006E-273	1.00	1.006E-273	0	419	421	0	419	421	420M
1384	10007	3.833E-249	1.00	3.904E-249	0	390	392	0	390	392	391M
1385	10008	1.839E-197	1.00	1.799E-197	0	299	301	0	299	301	300M
1386	10009	1.703E-90	1.00	1.637E-90	0	145	147	0	145	147	146M
1387	10010	2.204E-151	1.00	2.150E-151	0	229	231	0	229	231	230M
1388	10011	2.217E-308	1.00	0.000E+00	0	904	906	0	904	906	905M
1389	10012	2.217E-308	0.989	0.000E+00	0	659	661	0	658	660	108M1I551M
1390	10013	1.397E-52	1.00	1.387E-52	0	89	91	0	89	91	90M
1391	10014	7.407E-117	0.994	7.429E-117	0	190	192	0	190	192	191M
1392	10015	2.217E-308	0.981	0.000E+00	0	720	722	0	717	719	138M3I580M
1393	10016	5.859E-181	0.996	6.146E-181	0	264	266	0	264	266	265M
1394	10017	3.847E-57	0.988	3.872E-57	0	88	90	32	120	122	89M
1395	10018	3.333E-311	1.00	3.326E-311	0	487	489	0	487	489	488M
1396	10019	2.864E-291	0.995	2.808E-291	0	444	446	0	444	446	445M
1397	10020	7.243E-147	0.990	7.570E-147	0	217	219	0	217	219	218M
1398	10021	2.217E-308	1.00	0.000E+00	0	565	567	0	565	567	566M
1399	10022	1.032E-167	0.996	1.005E-167	0	254	256	0	254	256	255M
1400	11960	3.363E-121	0.994	3.414E-121	0	179	181	0	179	181	180M
1401	11959	1.553E-209	0.987	1.500E-209	0	331	333	0	331	333	332M
1402	11958	1.187E-105	1.00	1.139E-105	0	161	163	0	161	163	162M
1403	11957	2.782E-125	1.00	2.828E-125	0	187	189	0	187	189	188M
1404	11956	1.063E-101	0.950	1.025E-101	0	160	162	0	160	162	161M
1405	11955	2.033E-81	0.970	1.943E-81	0	133	135	0	133	135	134M
1406	11954	2.068E-281	0.985	2.090E-281	0	418	420	0	418	420	419M
1407	11953	2.217E-308	1.00	0.000E+00	0	791	793	0	791	793	792M
1408	11952	3.193E-101	0.993	3.352E-101	0	165	167	0	165	167	166M
1409	11951	1.331E-72	0.991	1.327E-72	0	116	118	0	116	118	117M
1410	11950	3.311E-231	0.997	3.374E-231	0	350	352	0	350	352	351M
1411	11949	3.499E-175	0.992	3.516E-175	0	251	253	0	251	253	252M
1412	11948	1.955E-298	0.989	1.939E-298	0	462	464	0	462	464	463M
1413	11947	6.337E-134	1.00	6.340E-134	0	206	208	0	206	208	207M
1414	11946	2.217E-308	0.998	0.000E+00	0	529	531	0	529	531	530M
1415	11945	9.668E-104	0.993	9.260E-104	0	154	156	0	154	156	155M
1416	11944	5.242E-138	1.00	5.010E-138	0	213	215	0	213	215	214M
1417	11943	2.122E-291	0.993	2.124E-291	0	438	440	0	438	440	439M
1418	11942	2.217E-308	1.00	0.000E+00	0	738	740	0	738	740	739M
1419	11941	2.217E-308	1.00	0.000E+00	0	558	560	0	558	560	559M
1420	11940	5.497E-79	0.992	5.597E-79	0	126	128	0	126	128	127M
1421	11939	6.107E-81	1.00	6.242E-81	0	131	133	0	131	133	132M
1422	11938	1.102E-115	1.00	1.116E-115	0	174	176	0	174	176	175M
1423	11937	7.099E-294	1.00	6.984E-294	0	437	439	0	437	439	438M
1424	9395	3.887E-177	0.975	3.973E-177	0	283	285	120	403	405	284M
1425	9394	5.694E-170	0.965	5.704E-170	0	257	260	0	257	260	258M
1426	9393	2.217E-308	0.986	0.000E+00	4	823	825	0	819	821	820M
1427	9392	1.694E-320	0.975	1.677E-320	0	494	496	0	494	496	495M
1428	9391	3.326E-78	0.983	3.466E-78	0	118	120	306	424	426	119M
1429	9391	4.905E-151	0.954	5.017E-151	0	242	249	0	242	426	243M
1430	9390	2.217E-308	0.988	0.000E+00	0	767	769	0	767	769	768M
1431	9389	3.723E-199	0.983	3.605E-199	0	303	305	0	303	305	304M
1432	9388	4.200E-207	0.984	4.065E-207	0	316	318	0	316	318	317M
1433	9387	7.088E-216	0.996	7.061E-216	0	316	318	0	316	318	317M
1434	9386	3.322E-155	0.991	3.401E-155	0	244	246	0	244	246	245M
1435	9385	7.181E-105	1.00	7.212E-105	0	160	162	0	160	162	161M
1436	9384	4.284E-292	0.992	4.291E-292	0	424	426	0	424	426	425M
1437	9383	8.165E-116	0.982	8.142E-116	0	174	176	0	174	176	175M
1438	9382	1.844E-82	1.00	1.936E-82	0	118	120	0	118	120	119M
1439	9381	3.944E-260	0.997	3.839E-260	0	387	389	0	387	389	388M
1440	9380	1.018E-239	0.986	9.963E-240	0	368	370	0	368	370	369M
1441	9379	2.927E-106	0.988	3.039E-106	0	173	175	6	179	181	174M
1442	9378	4.649E-285	0.995	4.845E-285	0	448	450	0	448	450	449M
1443	9377	1.548E-285	0.976	1.567E-285	0	417	419	0	417	419	418M
1444	9376	3.340E-157	0.991	3.300E-157	0	246	248	0	246	248	247M
1445	9375	2.221E-154	0.982	2.295E-154	0	231	233	0	231	233	232M
1446	9374	1.299E-256	0.981	1.290E-256	0	372	374	0	372	374	373M
1447	9373	4.543E-276	0.987	4.695E-276	0	412	414	0	412	414	413M
1448	11113	2.683E-227	0.997	2.761E-227	0	354	356	0	354	356	355M
1449	11112	2.217E-308	0.999	0.000E+00	0	1186	1188	0	1186	1188	1187M
1450	11111	1.746E-177	0.996	1.674E-177	0	278	280	0	278	280	279M
1451	11110	4.307E-178	1.00	4.465E-178	0	270	272	0	270	272	271M
1452	11109	9.275E-204	0.996	8.901E-204	0	312	314	0	312	314	313M
1453	11108	2.217E-308	0.998	0.000E+00	0	667	669	0	667	669	668M
1454	10318	2.217E-308	0.994	0.000E+00	0	520	522	0	520	522	521M
1455	10317	1.369E-44	1.00	1.369E-44	0	71	73	0	71	73	72M
1456	10316	1.515E-122	0.994	1.582E-122	0	194	196	0	194	196	195M
1457	10315	2.494E-44	1.00	2.451E-44	0	70	72	0	70	72	71M
1458	10314	1.696E-127	1.00	1.732E-127	0	186	188	0	186	188	187M
1459	10314	1.696E-127	1.00	1.732E-127	0	186	188	0	186	188	187M
1460	10315	2.494E-44	1.00	2.451E-44	0	70	72	0	70	72	71M
1461	10316	1.515E-122	0.994	1.582E-122	0	194	196	0	194	196	195M
1462	10317	1.369E-44	1.00	1.369E-44	0	71	73	0	71	73	72M
1463	10318	2.217E-308	0.994	0.000E+00	0	520	522	0	520	522	521M
1464	10319	7.010E-57	0.991	6.945E-57	0	113	115	0	113	115	114M
1465	10320	2.337E-135	0.995	2.237E-135	0	202	204	0	202	204	203M
1466	10321	2.217E-308	0.982	0.000E+00	0	811	813	0	811	813	812M
1467	10322	1.019E-162	0.995	9.847E-163	0	237	239	0	237	239	238M
1468	10323	1.595E-142	0.990	1.559E-142	0	207	209	0	207	209	208M
1469	10324	4.590E-164	0.972	4.402E-164	0	258	260	0	258	260	259M
1470	10325	2.144E-295	0.995	2.094E-295	0	470	472	0	470	472	471M
1471	10328	3.101E-51	0.966	3.122E-51	0	89	90	0	89	115	90M
1472	10329	2.217E-308	0.994	0.000E+00	0	733	735	0	733	735	734M
1473	10330	5.597E-86	1.00	5.373E-86	0	138	140	0	138	140	139M
1474	10331	7.162E-104	1.00	6.891E-104	0	161	163	0	161	163	162M
1475	10332	2.217E-308	1.00	0.000E+00	0	858	860	0	858	860	859M
1476	10333	1.588E-179	1.00	1.657E-179	0	267	269	0	267	269	268M
1477	10334	2.541E-90	0.978	2.421E-90	0	140	142	0	140	142	141M
1478	10335	2.801E-89	1.00	2.884E-89	0	139	141	0	139	141	140M
1479	10336	1.058E-138	0.995	1.079E-138	0	216	236	0	216	222	217M
1480	12087	2.504E-239	0.997	2.587E-239	0	348	350	0	348	350	349M
1481	12088	1.135E-165	1.00	1.100E-165	0	260	262	0	260	262	261M
1482	12089	4.329E-64	1.00	4.491E-64	0	104	106	0	104	106	105M
1483	12090	4.784E-296	0.997	4.735E-296	0	438	440	0	438	440	439M
1484	12091	2.148E-257	0.997	2.094E-257	0	387	389	0	387	389	388M
1485	12092	1.780E-223	0.997	1.831E-223	0	340	342	0	340	342	341M
1486	12093	2.217E-308	0.997	0.000E+00	0	877	879	0	877	879	878M
1487	12094	6.069E-272	1.00	5.827E-272	0	425	427	0	425	427	426M
1488	12095	1.474E-38	1.00	1.478E-38	0	69	85	0	69	112	70M
1491	10373	7.706E-24	0.292	7.690E-24	6	183	186	10	181	191	25M6I147M
1492	9051	1.228E-33	0.275	1.226E-33	5	321	333	9	330	340	40M4D56M4D3M2D8M1I6M4I199M
1494	10618	5.152E-286	1.00	5.175E-286	0	427	429	0	427	429	428M
1495	10619	2.217E-308	1.00	0.000E+00	0	523	525	0	523	525	524M
1496	10620	3.808E-53	1.00	3.726E-53	0	88	90	0	88	90	89M
1497	10621	9.835E-188	1.00	9.476E-188	0	279	281	0	279	281	280M
1498	10622	8.371E-203	1.00	8.644E-203	0	300	302	0	300	302	301M
1499	10623	8.365E-48	1.00	8.400E-48	0	75	77	0	75	77	76M
1500	10624	2.217E-308	1.00	0.000E+00	0	625	627	0	625	627	626M
1501	10625	8.815E-223	0.997	9.157E-223	0	334	336	0	334	336	335M
1502	10626	2.217E-308	0.998	0.000E+00	0	515	517	0	515	517	516M
1503	10627	4.634E-129	0.994	4.844E-129	0	197	199	0	197	199	198M
1504	10628	1.054E-175	0.996	1.013E-175	0	258	260	0	258	260	259M
1505	10629	3.077E-164	1.00	2.975E-164	0	243	245	0	243	245	244M
1506	10630	2.517E-241	0.997	2.550E-241	0	357	359	0	357	359	358M
1507	10631	4.499E-311	1.00	4.515E-311	0	480	482	0	480	482	481M
1508	10632	4.583E-86	1.00	4.395E-86	0	147	149	0	147	149	148M
1509	10633	1.242E-45	1.00	1.264E-45	0	74	76	0	74	76	75M
1510	10634	9.016E-77	1.00	8.764E-77	0	126	128	0	126	128	127M
1511	10635	4.408E-187	1.00	4.287E-187	0	291	293	0	291	293	292M
1512	10636	1.180E-64	1.00	1.124E-64	0	108	110	0	108	110	109M
1513	10637	2.120E-136	1.00	2.069E-136	0	205	207	0	205	207	206M
1514	10638	2.217E-308	1.00	0.000E+00	0	662	664	0	662	664	663M
1515	10639	4.504E-234	1.00	4.304E-234	0	349	351	0	349	351	350M
1516	10640	1.646E-154	1.00	1.591E-154	0	250	252	0	250	252	251M
1517	10641	2.217E-308	1.00	0.000E+00	0	722	724	69	791	793	723M
1534	11332	1.372E-45	0.293	1.313E-45	18	497	509	14	458	476	58M1D48M1D16M4I22M1I70M9D14M24I18M9I34M2D12M2I31M1I4M7I11M1D27M3D29M1I17M3I17M
1535	11331	7.279E-29	0.481	7.245E-29	0	134	161	0	131	157	95M1I24M2I13M
1536	11330	3.090E-127	0.849	3.160E-127	0	212	214	0	212	214	213M
1537	12043	1.706E-52	0.571	1.699E-52	0	153	156	0	142	145	107M11I36M
1538	12044	3.158E-58	0.957	3.023E-58	0	94	96	56	150	152	95M
1539	12044	3.158E-58	0.957	3.023E-58	0	94	96	56	150	152	95M
1540	12043	1.706E-52	0.571	1.699E-52	0	153	156	0	142	145	107M11I36M
1541	11330	3.090E-127	0.849	3.160E-127	0	212	214	0	212	214	213M
1542	11331	7.279E-29	0.481	7.245E-29	0	134	161	0	131	157	95M1I24M2I13M
1543	11332	1.372E-45	0.293	1.313E-45	18	497	509	14	458	476	58M1D48M1D16M4I22M1I70M9D14M24I18M9I34M2D12M2I31M1I4M7I11M1D27M3D29M1I17M3I17M
1560	11850	4.186E-51	0.978	3.990E-51	0	93	95	0	93	95	94M
1561	11851	3.218E-104	0.994	3.235E-104	0	185	187	0	185	187	186M
1562	11852	6.207E-126	0.933	6.428E-126	0	209	211	0	208	210	195M1I14M
1563	11853	8.472E-285	0.954	8.209E-285	0	439	441	0	439	441	440M
1564	11854	1.462E-263	0.992	1.492E-263	0	401	403	0	401	403	402M
1565	11855	7.355E-269	0.987	7.288E-269	0	409	411	0	409	411	410M
1566	11856	6.796E-45	1.00	6.675E-45	0	82	84	0	82	84	83M
1567	11857	1.854E-84	1.00	1.780E-84	0	132	134	0	132	134	133M
1568	11858	1.407E-132	0.995	1.439E-132	0	212	214	0	212	214	213M
1569	11859	2.284E-126	1.00	2.346E-126	0	201	203	0	201	203	202M
1570	11860	1.494E-194	0.993	1.531E-194	0	295	297	0	295	297	296M
1571	11861	5.483E-78	0.984	5.360E-78	0	127	129	0	127	129	128M
1572	11862	2.111E-173	0.989	2.043E-173	0	277	279	0	277	279	278M
1573	11863	1.252E-87	1.00	1.247E-87	0	132	134	0	132	134	133M
1574	11864	2.644E-144	1.00	2.624E-144	0	234	236	0	234	236	235M
1575	11865	6.696E-194	0.993	6.643E-194	0	286	288	0	286	288	287M
1576	11866	2.274E-163	1.00	2.273E-163	0	246	248	0	246	248	247M
1577	11867	2.217E-308	0.989	0.000E+00	0	546	548	0	546	548	547M
1578	11868	1.359E-312	1.00	1.304E-312	0	458	460	0	458	460	459M
1579	11869	2.217E-308	0.995	0.000E+00	0	1070	1072	0	1070	1072	1071M
1580	11870	2.217E-308	0.983	0.000E+00	0	610	612	0	610	612	611M
1581	11871	4.389E-224	0.980	4.208E-224	0	349	351	0	349	351	350M
1582	11872	3.900E-217	0.985	3.921E-217	0	335	337	0	335	337	336M
1583	11873	3.751E-318	0.959	3.810E-318	0	517	518	0	517	530	518M
1584	11962	2.425E-41	1.00	2.430E-41	8	75	77	339	406	408	68M
1585	11963	5.292E-103	1.00	5.437E-103	0	158	160	0	158	160	159M
1586	11964	1.218E-231	0.997	1.218E-231	0	335	337	0	335	337	336M
1587	11965	2.217E-308	0.996	0.000E+00	0	540	542	0	540	542	541M
1588	11966	8.695E-179	1.00	8.402E-179	0	267	270	0	267	270	268M
1589	11967	9.436E-288	1.00	9.667E-288	0	443	445	0	443	445	444M
1590	11968	1.104E-77	1.00	1.086E-77	0	122	124	0	122	124	123M
1591	11969	1.579E-138	1.00	1.659E-138	0	223	225	0	223	225	224M
1592	11970	1.055E-98	1.00	1.020E-98	0	146	148	0	146	148	147M
1593	11971	8.094E-190	0.992	7.990E-190	0	278	280	0	278	280	279M
1594	11972	1.925E-176	0.996	1.872E-176	0	269	271	0	269	271	270M
1595	11973	5.670E-207	0.993	5.639E-207	0	323	325	0	323	325	324M
1596	11974	6.980E-94	1.00	6.916E-94	0	141	143	0	141	143	142M
1597	11975	6.028E-76	1.00	6.119E-76	0	127	129	0	127	129	128M
1598	11976	4.370E-145	0.995	4.356E-145	0	216	218	0	216	218	217M
1599	11977	5.685E-92	1.00	5.748E-92	0	141	143	0	141	143	142M
1600	11978	1.064E-140	0.995	1.103E-140	0	217	219	0	217	219	218M
1601	11979	2.217E-308	0.975	0.000E+00	0	645	647	0	645	647	646M
1602	11980	7.766E-174	0.974	7.935E-174	0	277	279	0	277	279	278M
1603	11981	8.709E-257	0.997	8.796E-257	0	384	386	0	384	386	385M
1604	11982	2.217E-308	0.975	0.000E+00	0	536	538	0	536	538	537M
1605	11983	6.559E-186	0.969	6.508E-186	0	295	304	0	294	296	288M1I7M
1606	11984	2.217E-308	0.993	0.000E+00	0	600	602	0	600	602	601M
1607	11985	9.405E-132	0.994	9.245E-132	0	198	200	0	198	200	199M
1608	11986	5.282E-257	0.992	5.143E-257	0	386	388	0	386	388	387M
1609	11987	1.005E-118	0.946	1.017E-118	0	186	188	0	186	188	187M
1610	8765	1.121E-199	1.00	1.107E-199	0	298	300	0	298	300	299M
1611	8766	2.217E-308	0.998	0.000E+00	0	654	656	0	654	656	655M
1612	8767	7.187E-144	1.00	7.323E-144	0	229	231	0	229	231	230M
1613	8768	2.217E-308	0.998	0.000E+00	0	570	572	0	570	572	571M
1614	8769	3.563E-66	1.00	3.647E-66	0	109	111	0	109	111	110M
1615	8770	2.217E-308	0.999	0.000E+00	0	1164	1166	0	1164	1166	1165M
1616	8771	6.973E-171	0.996	7.123E-171	0	254	256	0	254	256	255M
1617	8772	2.877E-138	1.00	2.931E-138	0	215	217	0	215	217	216M
1618	8773	3.322E-155	0.995	3.401E-155	0	244	246	0	244	246	245M
1619	8774	2.543E-245	0.994	2.559E-245	0	369	371	0	369	371	370M
1620	10033	2.787E-87	1.00	2.846E-87	0	136	138	0	136	138	137M
1621	10032	2.981E-113	0.972	3.026E-113	0	178	181	0	178	181	179M
1622	10031	2.217E-308	0.998	0.000E+00	0	648	650	0	648	650	649M
1623	10030	4.107E-121	1.00	4.206E-121	0	190	192	0	190	192	191M
1624	10029	6.217E-204	1.00	6.348E-204	0	325	327	0	325	327	326M
1625	10028	1.477E-151	0.982	1.450E-151	0	234	236	0	234	236	235M
1626	10027	4.722E-291	0.997	4.920E-291	0	429	431	0	429	431	430M
1627	10026	9.069E-234	0.988	8.877E-234	0	351	353	0	351	353	352M
1628	10025	4.318E-63	1.00	4.408E-63	0	99	101	0	99	101	100M
1629	10024	1.750E-23	0.976	1.746E-23	0	42	44	0	42	44	43M
1630	10023	2.064E-203	1.00	1.991E-203	0	309	311	0	309	311	310M
1632	10653	1.661E-235	1.00	1.720E-235	0	361	363	0	361	363	362M
1633	10654	6.491E-182	0.988	6.551E-182	0	270	272	0	270	272	271M
1634	10655	2.128E-176	0.974	2.084E-176	0	278	280	0	278	280	279M
1635	10656	3.395E-202	0.990	3.477E-202	0	323	325	0	323	325	324M
1636	10657	1.952E-220	0.973	1.967E-220	0	341	343	0	341	343	342M
1637	10658	2.493E-160	0.988	2.606E-160	0	255	257	0	255	257	256M
1638	10659	4.204E-246	0.997	4.097E-246	0	377	379	0	377	379	378M
1639	10660	2.217E-308	0.985	0.000E+00	0	546	548	0	546	548	547M
1640	10661	5.675E-130	0.984	5.483E-130	0	191	193	0	191	193	192M
1641	10662	5.139E-169	0.992	4.945E-169	0	257	259	0	257	259	258M
1642	10663	1.035E-284	0.997	1.062E-284	0	431	433	0	431	433	432M
1643	10664	6.697E-78	0.992	6.674E-78	0	125	127	0	125	127	126M
1644	10665	1.154E-94	0.993	1.202E-94	0	144	146	0	144	146	145M
1646	10666	2.217E-308	0.966	0.000E+00	0	568	570	0	568	570	569M
1647	10667	2.217E-308	0.991	0.000E+00	0	676	678	0	676	678	677M
1648	10668	8.314E-123	0.950	8.155E-123	0	200	202	0	200	202	201M
1649	10669	2.217E-308	0.971	0.000E+00	0	883	885	0	883	885	884M
1650	10670	4.048E-154	0.987	4.176E-154	0	237	239	0	237	239	238M
1651	10671	1.506E-313	0.970	1.541E-313	0	473	475	0	472	474	301M1I172M
1652	8764	2.217E-308	0.992	0.000E+00	0	567	569	0	567	569	568M
1653	8762	2.217E-308	0.997	0.000E+00	0	942	945	0	942	944	943M
1654	8761	1.266E-130	0.995	1.209E-130	0	199	201	0	199	201	200M
1655	8760	3.136E-210	0.990	3.068E-210	0	324	326	0	324	326	325M
1656	8759	5.371E-70	1.00	5.368E-70	0	116	118	0	116	118	117M
1657	8758	4.835E-68	0.982	5.057E-68	0	112	114	0	112	114	113M
1658	8757	6.007E-152	1.00	6.283E-152	0	223	225	0	223	225	224M
1659	8756	3.951E-222	0.986	4.027E-222	0	359	361	0	359	361	360M
1660	8755	8.256E-275	1.00	8.089E-275	0	453	455	0	453	455	454M
1661	8754	3.363E-121	0.994	3.373E-121	0	192	194	0	192	194	193M
1662	8753	4.307E-62	1.00	4.134E-62	0	106	108	0	106	108	107M
1663	8752	3.975E-147	1.00	3.967E-147	0	230	232	0	230	232	231M
1664	8751	3.320E-116	1.00	3.218E-116	0	181	183	0	181	183	182M
1665	8750	2.252E-314	0.997	2.246E-314	0	479	481	0	479	481	480M
1666	8749	2.217E-308	0.992	0.000E+00	0	513	515	0	513	515	514M
1667	8748	1.536E-282	0.995	1.496E-282	0	429	431	0	429	431	430M
1668	8747	2.246E-313	0.989	2.235E-313	0	481	483	0	481	483	482M
1669	8746	1.163E-213	0.990	1.109E-213	0	323	325	0	323	325	324M
1670	8745	1.058E-138	0.995	1.067E-138	0	207	209	0	207	209	208M
1671	8744	6.122E-198	0.989	5.981E-198	0	289	291	0	289	291	290M
1672	10055	3.890E-100	0.987	3.927E-100	0	161	179	0	161	216	162M
1673	10056	8.576E-135	1.00	8.832E-135	0	211	213	0	211	213	212M
1674	10057	7.180E-221	0.970	7.293E-221	0	340	342	0	340	342	341M
1675	10058	9.776E-263	0.986	9.976E-263	0	381	383	0	381	383	382M
1676	10059	1.210E-151	1.00	1.218E-151	0	237	239	0	237	239	238M
1677	10060	2.217E-308	0.976	0.000E+00	0	721	723	0	721	723	722M
1678	10061	1.367E-28	1.00	1.373E-28	0	54	56	0	54	56	55M
1679	10062	3.517E-177	0.992	3.453E-177	0	280	282	0	280	282	281M
1680	10063	2.077E-128	0.984	2.094E-128	0	188	190	0	188	190	189M
1681	10064	2.217E-308	0.996	0.000E+00	0	512	514	0	512	514	513M
1682	10065	2.922E-144	0.987	2.981E-144	0	230	232	0	230	232	231M
1683	10066	1.097E-152	0.991	1.074E-152	0	239	241	0	239	241	240M
1684	10067	2.217E-308	0.998	0.000E+00	0	727	729	0	727	729	728M
1685	10068	1.282E-96	1.00	1.252E-96	0	141	143	0	141	143	142M
1686	10069	9.235E-241	0.997	9.542E-241	0	365	367	0	365	367	366M
1687	10070	6.918E-284	1.00	6.713E-284	0	430	432	0	430	432	431M
1688	10071	6.347E-212	1.00	6.281E-212	0	315	317	0	315	317	316M
1689	10072	1.260E-128	1.00	1.286E-128	0	191	193	0	191	193	192M
1690	10073	1.247E-240	0.994	1.292E-240	0	358	360	0	358	360	359M
1691	10074	9.852E-266	0.940	9.814E-266	0	449	451	0	449	451	450M
1692	10075	4.563E-123	1.00	4.403E-123	0	187	189	0	187	189	188M
1693	10817	2.447E-114	1.00	2.568E-114	0	167	169	38	205	207	168M
1694	10818	2.217E-308	0.993	0.000E+00	0	714	716	0	714	716	715M
1695	10819	3.163E-136	0.966	3.119E-136	0	207	209	0	207	209	208M
1696	10820	6.498E-105	0.959	6.483E-105	0	171	173	0	171	173	172M
1697	10821	1.088E-226	0.980	1.107E-226	0	350	352	0	350	352	351M
1698	10822	1.700E-128	1.00	1.763E-128	0	191	193	0	191	193	192M
1699	10823	2.217E-308	0.977	0.000E+00	0	521	523	0	521	523	522M
1700	10824	4.037E-153	0.967	4.229E-153	0	246	248	0	246	248	247M
1701	10825	5.660E-245	1.00	5.593E-245	11	379	381	0	368	370	369M
1702	10826	2.161E-182	0.989	2.223E-182	0	294	296	0	293	295	279M1I15M
1703	10827	1.144E-52	0.938	1.090E-52	0	97	99	0	97	101	98M
1704	10828	2.217E-308	0.988	0.000E+00	0	517	519	0	517	519	518M
1705	10829	6.245E-51	1.00	6.485E-51	0	90	92	0	90	92	91M
1706	11265	1.353E-117	0.344	1.313E-117	0	710	712	0	717	719	22M5D22M3I86M1D46M1D156M1I15M2D33M3I31M1I58M1I35M1I35M2I13M6D36M1I20M1D26M3D45M1D19M
1707	11435	7.094E-255	0.997	6.995E-255	0	390	392	0	390	392	391M
1708	11434	1.924E-137	0.990	1.855E-137	0	214	216	0	214	216	215M
1710	11433	3.082E-126	0.966	3.114E-126	0	207	209	132	339	341	208M
1711	11432	2.217E-308	0.991	0.000E+00	0	584	586	0	584	586	585M
1712	11431	1.332E-227	0.983	1.381E-227	0	373	375	0	373	375	374M
1713	11430	6.667E-231	0.975	6.550E-231	0	371	373	0	371	373	372M
1714	10407	2.539E-167	1.00	2.624E-167	0	261	263	0	261	263	262M
1715	10406	2.274E-163	0.988	2.201E-163	0	252	254	0	252	254	253M
1716	10405	2.217E-308	0.972	0.000E+00	0	506	508	0	506	508	507M
1717	10404	1.170E-254	0.995	1.114E-254	0	400	402	0	400	402	401M
1718	10403	6.593E-188	1.00	6.914E-188	0	279	281	0	279	281	280M
1719	10402	3.138E-249	0.992	3.275E-249	0	393	395	0	393	395	394M
1720	10401	1.712E-208	0.984	1.680E-208	0	322	324	0	322	324	323M
1721	10400	2.539E-167	0.981	2.658E-167	0	268	270	0	268	270	269M
1722	10399	1.996E-190	1.00	1.995E-190	0	282	284	0	282	284	283M
1723	10398	1.628E-266	0.985	1.676E-266	0	404	406	0	404	406	405M
1724	10397	1.149E-247	0.994	1.180E-247	0	382	384	0	382	384	383M
1725	10396	5.991E-267	0.985	5.788E-267	0	415	417	0	415	417	416M
1726	10395	7.064E-176	0.977	6.924E-176	0	270	272	0	270	272	271M
1727	10394	6.485E-259	0.972	6.621E-259	0	394	396	0	394	396	395M
1728	10393	9.501E-252	0.971	9.705E-252	0	383	385	0	383	385	384M
1729	10392	2.217E-308	0.987	0.000E+00	0	568	570	0	568	570	569M
1730	10391	2.623E-257	0.970	2.674E-257	0	399	401	0	399	401	400M
1731	10390	5.970E-227	0.973	6.104E-227	0	344	346	0	344	346	345M
1732	10389	1.016E-161	1.00	9.842E-162	0	239	241	0	239	241	240M
1734	8867	7.136E-296	0.989	7.020E-296	0	460	462	0	460	462	461M
1735	8866	9.348E-207	0.993	9.090E-207	0	313	315	0	313	315	314M
1736	8865	1.655E-195	0.979	1.685E-195	0	295	297	0	295	297	296M
1737	8864	7.331E-113	0.983	7.090E-113	0	177	179	11	188	190	178M
1738	8863	2.554E-208	0.976	2.467E-208	0	337	339	0	337	339	338M
1739	8862	2.217E-308	0.975	0.000E+00	11	1067	1069	0	1056	1058	1057M
1740	8861	5.021E-160	0.992	4.958E-160	0	262	264	0	262	264	263M
1741	8860	2.217E-308	0.965	0.000E+00	0	495	497	0	495	497	496M
1742	8859	2.095E-170	0.931	2.177E-170	0	305	307	0	305	307	306M
1743	8858	7.542E-124	0.994	7.779E-124	0	197	199	0	197	199	198M
1744	8857	1.739E-98	1.00	1.828E-98	0	145	147	0	145	147	146M
1745	8856	1.159E-57	1.00	1.206E-57	0	90	92	0	90	92	91M
1746	8855	3.221E-143	0.991	3.269E-143	0	234	236	0	234	236	235M
1747	8854	2.217E-308	0.992	0.000E+00	0	636	638	0	636	638	637M
1748	8853	4.590E-280	0.995	4.428E-280	0	443	445	0	443	445	444M
1749	8852	7.439E-196	0.996	7.433E-196	0	291	293	0	291	293	292M
1750	8851	9.229E-86	0.916	8.808E-86	0	155	157	0	155	157	156M
1751	8850	1.976E-323	0.997	1.976E-323	0	485	487	60	545	547	486M
1752	8608	1.532E-165	1.00	1.610E-165	0	248	250	155	403	405	249M
1753	8607	3.640E-229	0.997	3.591E-229	0	342	344	0	342	344	343M
1754	8606	4.447E-323	0.997	4.447E-323	0	488	490	0	488	490	489M
1755	8605	8.761E-298	0.995	8.355E-298	0	446	448	0	446	448	447M
1756	8604	1.049E-212	0.984	1.007E-212	0	323	325	0	323	325	324M
1757	8603	2.142E-140	0.996	2.203E-140	0	252	254	0	252	254	253M
1758	8603	2.142E-140	0.996	2.203E-140	0	252	254	0	252	254	253M
1759	8604	1.049E-212	0.984	1.007E-212	0	323	325	0	323	325	324M
1760	8605	8.761E-298	0.995	8.355E-298	0	446	448	0	446	448	447M
1761	8606	4.447E-323	0.997	4.447E-323	0	488	490	0	488	490	489M
1762	8607	3.640E-229	0.997	3.591E-229	0	342	344	0	342	344	343M
1763	8608	2.727E-272	1.00	2.865E-272	0	403	405	0	403	405	404M
1764	8609	1.150E-286	1.00	1.162E-286	0	422	424	0	422	424	423M
1765	8609	1.150E-286	1.00	1.162E-286	0	422	424	0	422	424	423M
1766	8608	3.486E-251	0.930	3.561E-251	0	400	413	0	400	405	401M
1767	8607	2.126E-137	0.605	2.061E-137	0	339	365	0	337	344	285M2I53M
1768	8607	2.126E-137	0.605	2.061E-137	0	339	365	0	337	344	285M2I53M
1769	8608	2.165E-144	0.886	2.074E-144	0	245	258	155	400	405	246M
1770	8492	9.428E-249	0.994	9.011E-249	0	354	356	0	354	356	355M
1771	8493	5.753E-174	1.00	5.525E-174	0	276	278	0	276	278	277M
1772	8494	2.489E-198	1.00	2.514E-198	0	284	286	0	284	286	285M
1773	8495	1.058E-138	0.980	1.048E-138	0	200	202	0	200	202	201M
1774	8496	8.019E-109	0.988	7.936E-109	0	174	176	0	174	176	175M
1775	8497	7.628E-51	1.00	7.447E-51	0	80	82	0	80	82	81M
1776	8498	4.288E-215	1.00	4.175E-215	0	327	329	0	327	329	328M
1777	8499	5.352E-146	1.00	5.523E-146	0	219	221	0	219	221	220M
1778	8500	2.217E-308	0.998	0.000E+00	0	660	662	0	660	662	661M
1779	8501	2.217E-308	0.997	0.000E+00	0	482	484	0	482	484	483M
1780	8502	9.046E-233	1.00	9.382E-233	0	361	363	0	361	363	362M
1781	8503	3.511E-99	0.993	3.570E-99	0	157	159	0	157	159	158M
1782	8504	1.935E-178	0.986	1.977E-178	0	293	295	0	293	295	294M
1783	8505	5.324E-144	1.00	5.264E-144	0	222	224	0	222	224	223M
1784	8506	1.795E-149	0.995	1.804E-149	0	236	238	0	236	238	237M
1785	8507	4.991E-119	1.00	4.774E-119	0	190	192	0	190	192	191M
1786	8508	2.818E-130	0.984	2.701E-130	0	196	198	0	196	198	197M
1787	8509	4.415E-265	1.00	4.547E-265	0	414	416	0	414	416	415M
1788	8510	5.329E-183	0.986	5.102E-183	0	303	305	0	303	305	304M
1789	8511	1.287E-175	0.988	1.282E-175	0	263	265	0	263	265	264M
1790	8512	3.965E-146	0.995	3.960E-146	0	212	214	0	212	214	213M
1791	8513	2.152E-103	1.00	2.050E-103	0	164	166	0	164	166	165M
1792	8514	1.974E-147	0.991	2.014E-147	0	229	231	0	229	231	230M
1818	8679	8.562E-57	1.00	8.686E-57	0	98	100	0	98	100	99M
1819	8680	2.217E-308	1.00	0.000E+00	0	501	503	0	501	503	502M
1820	8681	1.217E-308	0.997	1.181E-308	0	471	473	0	471	473	472M
1821	8682	2.502E-200	0.993	2.480E-200	0	293	295	0	293	295	294M
1822	8683	5.640E-205	0.996	5.732E-205	0	314	316	0	314	316	315M
1823	8684	5.936E-70	1.00	5.776E-70	0	111	113	0	111	113	112M
1824	8685	1.104E-193	0.990	1.101E-193	0	317	319	0	317	319	318M
1825	8686	2.217E-308	0.985	0.000E+00	0	1051	1053	0	1051	1053	1052M
1826	8687	5.645E-244	0.967	5.472E-244	0	401	403	0	401	403	402M
1827	8688	1.287E-291	0.997	1.291E-291	0	468	470	0	468	470	469M
1828	8689	4.093E-81	1.00	4.038E-81	0	122	124	0	122	124	123M
1829	8690	1.047E-134	1.00	1.083E-134	0	202	204	0	202	204	203M
1830	8691	8.194E-40	1.00	8.156E-40	0	63	65	0	63	65	64M
1831	8692	1.113E-80	0.991	1.148E-80	1	124	126	20	143	145	124M
1832	8693	4.842E-146	0.991	4.716E-146	0	229	231	0	229	231	230M
1833	8694	1.243E-84	1.00	1.268E-84	0	125	127	0	125	127	126M
1834	8695	2.217E-308	1.00	0.000E+00	0	552	554	0	552	554	553M
1835	8696	3.093E-282	1.00	3.049E-282	0	424	426	0	424	426	425M
1836	10799	3.472E-25	1.00	3.474E-25	0	41	42	198	239	322	42M
1837	10798	2.217E-308	0.993	0.000E+00	0	620	622	0	620	622	621M
1838	10797	1.261E-51	1.00	1.270E-51	0	89	91	0	89	91	90M
1839	10796	2.065E-87	1.00	2.158E-87	0	150	152	0	150	152	151M
1840	10795	7.760E-135	0.995	7.424E-135	0	214	216	0	214	216	215M
1841	10794	4.739E-99	1.00	4.666E-99	0	156	158	0	156	158	157M
1842	10793	7.336E-268	1.00	7.177E-268	0	404	406	0	404	406	405M
1843	10792	1.007E-80	1.00	9.679E-81	0	127	129	0	127	129	128M
1844	10791	1.456E-68	0.990	1.393E-68	0	105	107	0	105	107	106M
1845	10790	8.771E-105	1.00	8.889E-105	0	171	173	0	171	173	172M
1846	10789	2.217E-308	0.996	0.000E+00	0	618	620	0	618	620	619M
1847	10788	8.095E-74	1.00	8.304E-74	0	111	113	0	111	113	112M
1848	10787	1.694E-320	1.00	1.739E-320	0	488	490	0	488	490	489M
1849	10786	1.739E-98	1.00	1.660E-98	0	143	145	0	143	145	144M
1850	10785	2.217E-308	1.00	0.000E+00	0	1152	1154	0	1152	1154	1153M
1851	10784	6.594E-72	0.983	6.759E-72	0	117	119	0	117	119	118M
1852	10783	5.183E-211	0.984	4.954E-211	0	312	314	0	312	314	313M
1853	10782	4.262E-174	0.992	4.452E-174	0	258	260	0	258	260	259M
1854	10781	1.329E-110	1.00	1.288E-110	0	167	169	0	167	169	168M
1855	10780	5.242E-138	0.977	5.087E-138	0	220	222	0	220	222	221M
1856	10779	1.689E-48	1.00	1.663E-48	0	87	89	0	87	89	88M
1857	10778	6.212E-165	1.00	6.148E-165	0	243	245	0	243	245	244M
1858	10777	1.797E-188	0.989	1.809E-188	0	284	286	0	284	286	285M
1859	9942	2.470E-79	1.00	2.452E-79	0	122	124	89	211	213	123M
1860	9943	1.027E-165	0.988	1.015E-165	0	265	267	0	265	267	266M
1861	9944	2.217E-308	0.986	0.000E+00	0	611	613	0	611	613	612M
1862	9945	5.287E-296	0.997	5.072E-296	0	453	455	0	453	455	454M
1863	9946	7.350E-114	0.976	7.643E-114	0	170	172	0	170	172	171M
1864	9947	1.391E-205	0.993	1.392E-205	0	304	306	0	304	306	305M
1865	9948	3.831E-94	1.00	3.757E-94	0	148	150	0	148	150	149M
1866	9949	1.420E-97	1.00	1.432E-97	0	155	157	0	155	157	156M
1867	9950	2.810E-245	0.997	2.945E-245	0	372	374	0	372	374	373M
1868	9951	1.340E-268	1.00	1.286E-268	0	428	430	0	428	430	429M
1869	9952	9.625E-257	1.00	9.524E-257	0	406	408	0	406	408	407M
1870	9953	6.476E-65	1.00	6.581E-65	0	110	112	0	110	112	111M
1871	9954	4.752E-100	1.00	4.523E-100	0	160	162	0	160	162	161M
1872	9955	9.277E-88	0.931	9.484E-88	0	146	148	0	146	148	147M
1873	11451	8.885E-110	0.409	8.897E-110	22	498	508	12	491	507	74M1D288M3I8M4D7M2I14M4D47M1I33M
1875	9956	9.100E-274	0.997	8.951E-274	0	403	405	0	403	405	404M
1876	9957	8.178E-194	0.992	7.903E-194	0	283	285	0	283	285	284M
1877	9958	4.351E-182	0.982	4.475E-182	0	282	284	0	282	284	283M
1878	9959	2.960E-265	0.977	2.992E-265	0	405	407	0	405	407	406M
1879	9961	2.279E-164	0.972	2.310E-164	0	251	253	0	251	253	252M
1880	8849	2.217E-308	1.00	0.000E+00	0	551	553	0	551	553	552M
1881	8848	7.609E-322	0.997	7.806E-322	0	489	491	0	489	491	490M
1882	8847	2.833E-132	1.00	2.792E-132	0	206	208	0	206	208	207M
1883	8846	2.217E-308	0.992	0.000E+00	0	539	541	0	539	541	540M
1884	8845	2.217E-308	1.00	0.000E+00	0	687	689	0	687	689	688M
1885	8844	8.422E-128	1.00	8.027E-128	0	203	205	0	203	205	204M
1886	8843	1.627E-111	1.00	1.633E-111	0	170	172	0	170	172	171M
1887	8842	5.813E-31	1.00	5.799E-31	0	65	67	0	65	67	66M
1888	8841	8.838E-224	0.993	8.761E-224	0	331	333	0	331	333	332M
1889	8840	4.817E-260	1.00	4.824E-260	0	419	421	0	419	421	420M
1890	8839	1.644E-115	1.00	1.605E-115	0	175	177	0	175	177	176M
1891	8838	8.075E-73	1.00	7.962E-73	0	112	114	0	112	114	113M
1892	8837	2.217E-308	0.998	0.000E+00	0	663	665	0	663	665	664M
1893	8836	2.558E-286	1.00	2.479E-286	0	418	420	0	418	420	419M
1894	8835	1.265E-91	1.00	1.282E-91	0	138	140	0	138	140	139M
1895	8834	7.647E-168	0.977	7.434E-168	0	261	263	0	261	263	262M
1896	8833	5.573E-123	0.989	5.585E-123	0	192	194	0	192	194	193M
1897	8832	9.586E-62	0.989	9.905E-62	0	98	100	0	98	100	99M
1898	8831	2.117E-174	1.00	2.118E-174	0	269	271	0	269	271	270M
1899	11807	3.386E-201	1.00	3.231E-201	0	310	312	0	310	312	311M
1900	11806	1.772E-260	0.997	1.693E-260	0	410	412	0	410	412	411M
1901	11805	2.967E-266	1.00	3.110E-266	0	397	399	0	397	399	398M
1902	11804	2.513E-163	0.955	2.498E-163	0	248	250	0	248	250	249M
1903	11803	6.754E-236	0.980	6.601E-236	0	354	356	0	354	356	355M
1904	11802	1.594E-103	0.988	1.521E-103	0	171	173	0	171	173	172M
1905	11801	1.531E-126	0.989	1.460E-126	0	191	193	0	191	193	192M
1906	10936	2.779E-318	0.997	2.686E-318	0	488	490	0	488	490	489M
1907	10937	3.093E-321	0.997	3.019E-321	0	491	493	0	491	493	492M
1908	10938	6.426E-62	1.00	6.722E-62	0	103	105	0	103	105	104M
1909	10939	5.909E-223	1.00	5.952E-223	0	345	347	0	345	347	346M
1910	10940	1.609E-184	1.00	1.688E-184	0	284	286	0	284	286	285M
1911	10941	5.361E-108	0.993	5.587E-108	0	162	164	0	162	164	163M
1912	10942	1.114E-119	0.994	1.066E-119	0	185	187	0	185	187	186M
1913	10943	6.201E-319	1.00	6.039E-319	0	483	485	0	483	485	484M
1914	10944	3.448E-34	1.00	3.434E-34	0	56	58	0	56	58	57M
1915	10945	3.627E-305	0.995	3.498E-305	0	460	462	0	460	462	461M
1916	10946	1.401E-169	1.00	1.357E-169	0	243	245	0	243	245	244M
1917	10947	7.095E-139	1.00	6.751E-139	0	204	206	0	204	206	205M
1918	10948	2.217E-308	0.998	0.000E+00	0	502	504	0	502	504	503M
1919	8830	3.948E-67	1.00	4.086E-67	3	103	105	0	100	102	101M
1920	8829	3.517E-61	0.979	3.508E-61	0	98	100	0	98	100	99M
1921	8828	4.258E-251	0.997	4.246E-251	0	354	356	0	354	356	355M
1922	8827	2.250E-159	0.988	2.156E-159	0	253	255	0	253	255	254M
1923	8826	2.815E-207	0.970	2.792E-207	0	308	310	0	308	310	309M
1924	8825	1.100E-269	0.992	1.088E-269	0	402	404	0	402	404	403M
1925	8824	6.502E-260	1.00	6.794E-260	0	406	408	0	406	408	407M
1926	8823	7.446E-119	1.00	7.149E-119	0	172	174	0	172	174	173M
1927	8822	5.680E-169	0.963	5.577E-169	0	273	275	0	273	275	274M
1928	8821	8.539E-172	0.996	8.742E-172	0	263	265	0	263	265	264M
1929	8820	5.665E-168	1.00	5.685E-168	0	262	264	0	262	264	263M
1930	8819	2.786E-319	0.997	2.827E-319	0	487	489	0	487	489	488M
1931	8818	2.217E-308	0.987	0.000E+00	0	545	547	0	545	547	546M
1932	8817	6.132E-276	0.992	5.986E-276	0	397	399	0	397	399	398M
1933	8816	2.791E-281	0.993	2.797E-281	0	431	433	0	431	433	432M
1934	8815	2.360E-100	0.987	2.294E-100	0	159	161	0	159	161	160M
1935	8814	8.560E-289	1.00	8.847E-289	0	439	441	0	439	441	440M
1936	8813	4.662E-170	0.988	4.793E-170	0	261	263	0	261	263	262M
1937	8812	1.050E-251	0.980	1.049E-251	0	405	407	0	405	407	406M
1938	8811	1.015E-238	0.983	9.691E-239	2	356	358	26	380	382	355M
1939	9031	1.181E-18	0.976	1.185E-18	0	41	44	139	180	441	42M
1941	9031	2.511E-124	0.989	2.619E-124	0	194	196	245	439	441	195M
1942	9032	2.311E-208	0.522	2.422E-208	0	640	642	0	647	650	35M1D16M7D49M1I20M7D123M2I12M3D59M1I196M2D31M11I26M1I7M1I18M1I24M5D7M
1943	9033	8.422E-128	0.994	8.375E-128	0	184	186	0	184	186	185M
1944	9034	5.734E-134	1.00	5.766E-134	0	204	206	0	204	206	205M
1945	9035	8.165E-116	0.982	8.541E-116	0	175	177	0	175	177	176M
1946	9036	2.603E-138	0.981	2.707E-138	0	220	222	0	220	222	221M
1947	9037	2.100E-171	0.988	2.147E-171	0	262	264	0	262	264	263M
1948	9038	2.217E-308	1.00	0.000E+00	0	482	484	0	482	484	483M
1949	9039	4.040E-192	0.989	4.131E-192	0	280	282	0	280	282	281M
1950	9040	6.310E-55	0.988	6.412E-55	0	89	91	0	89	91	90M
1951	9041	1.086E-148	0.995	1.073E-148	0	227	229	0	227	229	228M
1952	9042	6.408E-177	0.989	6.109E-177	0	272	274	0	272	274	273M
1953	9043	8.394E-88	0.992	8.667E-88	0	131	133	0	131	133	132M
1954	9044	2.217E-308	0.976	0.000E+00	0	643	645	0	643	645	644M
1955	9045	2.095E-170	0.972	2.081E-170	0	250	252	0	250	252	251M
1956	9046	4.200E-207	0.993	4.162E-207	0	330	332	0	330	332	331M
1957	9047	8.629E-60	1.00	8.491E-60	0	105	107	0	105	107	106M
1958	9048	2.601E-99	0.974	2.731E-99	0	158	160	0	158	160	159M
1959	9049	2.692E-267	0.997	2.652E-267	0	405	407	0	405	407	406M
1960	9050	1.661E-235	0.997	1.621E-235	0	353	355	0	353	355	354M
1961	11227	1.382E-280	0.995	1.321E-280	0	417	419	0	417	419	418M
1962	11226	1.043E-171	1.00	1.090E-171	0	261	263	0	261	263	262M
1963	11225	2.217E-308	0.998	0.000E+00	0	744	746	0	744	746	745M
1964	11224	2.217E-308	0.994	0.000E+00	0	566	568	0	566	568	567M
1965	11223	1.257E-282	0.997	1.211E-282	0	438	440	0	438	440	439M
1966	11222	2.303E-284	0.995	2.268E-284	0	427	429	0	427	429	428M
1967	11221	1.066E-102	1.00	1.072E-102	0	159	161	0	159	161	160M
1968	11220	2.217E-308	0.987	0.000E+00	0	479	481	0	479	481	480M
1969	11219	1.001E-155	0.995	1.010E-155	0	245	247	0	245	247	246M
1970	11218	2.246E-197	1.00	2.244E-197	0	297	299	0	297	299	298M
1971	11217	4.602E-281	0.997	4.676E-281	0	415	417	0	415	417	416M
1972	11216	2.217E-308	0.995	0.000E+00	0	613	615	0	613	615	614M
1973	11215	1.549E-208	0.990	1.539E-208	0	300	302	0	300	302	301M
1974	11214	1.899E-248	0.989	1.933E-248	0	377	379	0	377	379	378M
1975	11213	1.493E-271	0.990	1.520E-271	0	405	407	0	405	407	406M
1976	10459	2.815E-207	0.996	2.927E-207	0	309	311	0	309	311	310M
1977	10458	2.217E-308	0.984	0.000E+00	0	652	654	0	652	654	653M
1978	10457	9.405E-132	0.966	9.107E-132	0	210	213	0	210	213	211M
1979	10456	2.786E-203	0.987	2.859E-203	0	310	312	0	310	312	311M
1980	10455	7.286E-188	0.993	7.349E-188	0	287	289	0	287	289	288M
1981	10454	9.760E-185	0.989	9.419E-185	0	285	287	0	285	287	286M
1982	10453	1.637E-152	0.995	1.696E-152	0	242	244	0	242	244	243M
1983	10452	2.137E-139	1.00	2.172E-139	0	220	222	0	220	222	221M
1984	10451	6.914E-129	0.986	6.942E-129	0	218	220	0	218	220	219M
1985	10450	1.165E-59	1.00	1.219E-59	0	93	95	0	93	95	94M
1986	10449	1.151E-209	0.990	1.120E-209	0	318	320	0	318	320	319M
1987	10448	2.217E-308	0.974	0.000E+00	3	1156	1158	0	1153	1155	1154M
1988	10447	2.217E-308	0.994	0.000E+00	0	537	539	0	537	539	538M
1989	10446	5.714E-94	0.993	5.669E-94	0	150	152	0	150	152	151M
1990	10445	6.207E-126	1.00	6.336E-126	0	202	204	0	202	204	203M
1991	10444	1.149E-131	0.985	1.118E-131	0	202	204	0	202	204	203M
1992	10443	1.532E-49	1.00	1.517E-49	0	77	79	0	77	79	78M
1993	10442	3.484E-212	0.984	3.383E-212	23	411	413	0	389	391	157M1D232M
1994	9848	7.362E-192	1.00	7.027E-192	0	298	300	0	298	300	299M
1995	9847	6.520E-145	1.00	6.363E-145	0	224	226	0	224	226	225M
1996	9846	2.325E-133	0.990	2.308E-133	0	200	202	0	200	202	201M
1997	9845	2.685E-150	0.987	2.810E-150	0	230	232	0	230	232	231M
1998	9844	1.316E-145	1.00	1.254E-145	0	223	225	0	223	225	224M
1999	9843	2.765E-200	0.996	2.800E-200	0	309	311	0	309	311	310M
2000	9842	2.217E-308	0.994	0.000E+00	0	1109	1111	0	1109	1111	1110M
2001	9841	2.217E-308	0.996	0.000E+00	0	612	614	0	612	614	613M
2002	9840	1.355E-195	0.989	1.351E-195	0	297	299	0	297	299	298M
2003	9839	3.409E-165	0.996	3.324E-165	0	250	252	0	250	252	251M
2004	9838	3.903E-256	0.979	4.057E-256	0	383	385	0	383	385	384M
2005	9837	7.754E-96	1.00	7.513E-96	0	152	154	0	152	154	153M
2006	9836	5.620E-281	0.997	5.875E-281	0	447	449	0	447	449	448M
2007	9835	7.489E-276	0.997	7.401E-276	0	415	417	0	415	417	416M
2008	9834	1.633E-267	0.983	1.567E-267	0	414	416	0	414	416	415M
2009	9258	2.217E-308	1.00	0.000E+00	0	496	498	0	496	498	497M
2010	9259	3.406E-242	1.00	3.430E-242	0	368	370	0	368	370	369M
2011	9260	9.809E-303	1.00	9.920E-303	0	446	448	0	446	448	447M
2012	9261	6.069E-156	1.00	6.104E-156	0	241	243	0	241	243	242M
2013	9262	1.469E-110	1.00	1.468E-110	0	183	185	0	183	185	184M
2014	9263	8.386E-165	0.992	8.164E-165	0	249	251	0	249	251	250M
2015	9264	3.867E-175	1.00	3.855E-175	0	273	275	0	273	275	274M
2016	9265	7.149E-258	0.997	6.909E-258	0	397	399	0	397	399	398M
2017	9266	8.649E-293	0.993	8.471E-293	0	450	452	0	450	452	451M
2018	9267	2.217E-308	0.956	0.000E+00	0	845	847	0	840	842	572M5I269M
2019	9268	1.902E-94	1.00	1.826E-94	0	166	168	0	166	168	167M
2020	9269	2.725E-233	0.997	2.755E-233	0	355	357	0	355	357	356M
2021	9270	4.333E-103	1.00	4.364E-103	0	160	162	0	160	162	161M
2022	9271	1.051E-174	1.00	1.060E-174	0	261	263	0	261	263	262M
2023	9272	5.828E-179	0.996	5.605E-179	0	293	295	0	293	295	294M
2024	9273	5.700E-93	0.993	5.784E-93	0	159	161	0	159	161	160M
2025	9274	3.235E-222	0.997	3.309E-222	0	348	350	0	348	350	349M
2026	9275	1.265E-91	1.00	1.310E-91	0	145	147	0	145	147	146M
2027	9276	9.878E-151	0.982	9.467E-151	0	227	229	0	227	229	228M
2028	9585	1.325E-109	0.957	1.328E-109	0	164	165	0	164	211	165M
2031	9586	2.347E-98	0.993	2.372E-98	0	157	159	0	157	159	158M
2032	9587	2.217E-308	0.998	0.000E+00	0	1075	1077	0	1075	1077	1076M
2033	9588	2.153E-258	0.997	2.075E-258	0	378	380	0	378	380	379M
2034	9589	2.397E-106	0.989	2.312E-106	0	194	196	0	194	196	195M
2035	9590	3.067E-124	0.994	2.999E-124	0	177	179	0	177	179	178M
2036	9591	6.442E-63	1.00	6.205E-63	0	106	108	0	106	108	107M
2037	9592	2.596E-137	1.00	2.665E-137	0	215	217	0	215	217	216M
2038	9593	2.217E-308	0.998	0.000E+00	0	630	632	0	630	632	631M
2039	9594	3.544E-180	0.989	3.692E-180	0	281	284	0	281	284	282M
2040	9595	1.589E-63	1.00	1.514E-63	0	103	105	0	103	105	104M
2041	9596	1.084E-70	0.940	1.106E-70	0	116	118	0	116	122	117M
2042	9597	2.217E-308	0.972	0.000E+00	0	586	588	0	586	588	587M
2043	9598	5.874E-182	0.996	5.852E-182	0	281	283	0	281	283	282M
2044	9599	1.333E-150	0.990	1.338E-150	0	221	223	0	221	223	222M
2045	9600	9.277E-88	1.00	9.299E-88	0	139	141	0	139	141	140M
2046	9601	9.485E-290	0.997	9.309E-290	0	438	440	0	438	440	439M
2047	12111	1.925E-60	1.00	1.921E-60	0	94	96	0	94	96	95M
2048	12110	1.593E-64	1.00	1.657E-64	0	103	105	0	103	105	104M
2049	12109	2.217E-308	1.00	0.000E+00	0	802	804	0	802	804	803M
2050	12109	2.217E-308	1.00	0.000E+00	0	802	804	0	802	804	803M
2051	12110	1.593E-64	1.00	1.657E-64	0	103	105	0	103	105	104M
2052	12111	1.925E-60	1.00	1.921E-60	0	94	96	0	94	96	95M
2055	12111	1.363E-23	0.548	1.356E-23	0	92	104	0	92	96	93M
2059	9572	3.675E-194	1.00	3.587E-194	0	293	295	0	293	295	294M
2060	9571	1.012E-314	1.00	1.061E-314	0	490	492	0	490	492	491M
2063	9571	1.012E-314	1.00	1.061E-314	0	490	492	0	490	492	491M
2064	9572	3.675E-194	1.00	3.587E-194	0	293	295	0	293	295	294M
2068	12111	1.363E-23	0.548	1.356E-23	0	92	104	0	92	96	93M
2069	11031	6.714E-79	0.976	6.969E-79	0	124	126	0	124	252	125M
2070	11032	2.806E-167	0.995	2.889E-167	0	243	245	0	243	245	244M
2071	11033	1.976E-323	0.981	1.976E-323	0	530	532	0	530	532	531M
2072	11034	2.217E-308	0.968	0.000E+00	0	535	537	0	535	537	536M
2073	11035	3.110E-25	0.941	3.117E-25	0	50	52	0	50	52	51M
2074	11036	1.616E-263	0.992	1.578E-263	0	382	384	0	382	384	383M
2075	11037	5.482E-194	0.996	5.326E-194	0	288	290	0	288	290	289M
2076	11038	2.217E-308	0.977	0.000E+00	0	541	543	0	541	543	542M
2077	11039	2.217E-308	0.965	0.000E+00	0	979	981	0	979	981	980M
2078	11040	7.192E-299	0.990	7.549E-299	0	435	437	0	435	437	436M
2079	11041	1.960E-299	0.606	1.958E-299	0	765	767	0	750	752	67M1I97M4I269M1I18M3I4M1D8M1D29M2I51M1D7M3I37M5I77M1D83M
2080	11042	5.170E-210	0.990	5.007E-210	0	321	323	0	321	323	322M
2081	11043	2.079E-167	0.984	1.978E-167	0	255	257	0	255	257	256M
2082	11044	1.110E-195	0.987	1.162E-195	0	314	316	0	314	316	315M
2083	11045	8.094E-190	0.993	8.122E-190	0	312	314	0	312	314	313M
2084	11046	6.767E-24	1.00	6.735E-24	0	42	44	0	42	44	43M
2085	10833	5.634E-15	1.00	5.621E-15	0	29	30	0	29	112	30M
2086	10834	1.529E-203	1.00	1.552E-203	0	297	299	0	297	299	298M
2087	10835	1.154E-94	0.986	1.202E-94	0	144	146	0	144	146	145M
2088	10836	2.075E-89	0.992	2.103E-89	0	139	141	0	139	141	140M
2089	10837	3.227E-105	0.987	3.230E-105	0	163	165	0	163	165	164M
2090	10838	3.900E-101	1.00	3.798E-101	0	161	163	0	161	163	162M
2091	10839	6.476E-65	1.00	6.419E-65	0	103	105	0	103	105	104M
2092	10840	2.217E-308	0.993	0.000E+00	0	622	624	0	622	624	623M
2093	10841	1.387E-88	0.993	1.342E-88	0	158	160	0	158	160	159M
2094	10842	1.950E-65	0.990	2.044E-65	0	99	101	0	99	101	100M
2095	10843	1.718E-132	1.00	1.767E-132	0	203	205	0	203	205	204M
2096	10844	1.195E-185	0.978	1.234E-185	0	282	284	0	282	284	283M
2097	10845	2.235E-195	1.00	2.340E-195	0	302	304	0	302	304	303M
2098	10846	4.416E-149	0.982	4.228E-149	0	234	236	0	234	236	235M
2099	10847	3.313E-270	0.997	3.156E-270	0	416	418	0	416	418	417M
2100	10848	8.306E-200	1.00	8.390E-200	0	319	321	0	319	321	320M
2101	10849	2.217E-308	1.00	0.000E+00	0	632	634	0	632	634	633M
2102	10850	1.593E-64	1.00	1.541E-64	0	108	110	0	108	110	109M
2103	10851	9.826E-265	1.00	9.572E-265	0	376	378	0	376	378	377M
2104	10852	9.921E-114	0.984	9.571E-114	0	188	190	0	188	190	189M
2105	10853	1.794E-226	0.979	1.871E-226	0	341	343	0	341	343	342M
2106	10854	1.096E-229	0.997	1.118E-229	0	344	346	0	344	346	345M
2107	10119	6.128E-121	0.979	6.046E-121	0	192	193	0	192	297	193M
2108	10118	2.217E-308	0.992	0.000E+00	0	504	506	0	504	506	505M
2109	10117	1.101E-192	0.996	1.097E-192	0	292	294	0	292	294	293M
2110	10116	5.425E-306	1.00	5.650E-306	0	475	477	0	475	477	476M
2111	10115	2.743E-313	1.00	2.664E-313	0	478	480	0	478	480	479M
2112	10114	5.413E-73	0.991	5.666E-73	0	118	120	0	118	120	119M
2113	10113	9.307E-244	0.991	9.758E-244	0	366	368	0	366	368	367M
2114	10112	9.291E-282	0.995	8.919E-282	0	420	422	0	420	422	421M
2115	10111	9.495E-97	1.00	9.074E-97	0	154	156	0	154	156	155M
2116	10110	5.108E-244	0.994	5.317E-244	0	380	382	0	380	382	381M
2117	10109	2.217E-308	0.985	0.000E+00	0	695	697	0	695	697	696M
2118	10108	2.730E-79	0.976	2.836E-79	0	125	127	0	125	127	126M
2119	10107	2.247E-81	0.991	2.254E-81	0	123	125	0	123	125	124M
2120	10106	9.802E-148	1.00	9.598E-148	0	220	222	0	220	222	221M
2121	10105	1.984E-149	0.991	2.048E-149	0	232	234	0	232	234	233M
2122	10102	4.439E-151	0.987	4.656E-151	0	232	234	0	232	234	233M
2123	10101	1.200E-264	0.990	1.213E-264	0	408	410	0	408	410	409M
2124	11716	4.871E-303	0.997	4.750E-303	0	464	466	0	464	466	465M
2125	11715	1.874E-243	1.00	1.964E-243	0	381	383	0	381	383	382M
2126	11714	3.716E-237	0.997	3.570E-237	0	359	361	0	359	361	360M
2127	11713	2.217E-308	1.00	0.000E+00	0	821	823	0	821	823	822M
2128	11712	7.325E-74	0.992	7.689E-74	0	129	131	0	129	131	130M
2129	11711	4.504E-118	0.994	4.480E-118	0	184	186	0	184	186	185M
2130	11710	2.217E-308	0.998	0.000E+00	0	642	644	0	642	644	643M
2131	11709	1.761E-219	0.994	1.683E-219	0	333	335	0	333	335	334M
2132	11708	6.531E-107	1.00	6.375E-107	0	169	182	0	169	336	170M
2133	11708	2.534E-205	1.00	2.414E-205	2	309	311	27	334	336	308M
2134	11707	3.556E-220	0.997	3.482E-220	0	333	335	0	333	335	334M
2135	11706	3.979E-70	1.00	4.011E-70	0	110	112	0	110	112	111M
2136	11705	1.081E-185	0.960	1.124E-185	0	280	282	0	280	282	281M
2137	11704	3.212E-258	0.997	3.230E-258	0	374	376	0	374	376	375M
2138	11703	3.262E-264	1.00	3.389E-264	0	403	405	0	403	405	404M
2139	11398	2.091E-208	0.996	2.001E-208	0	319	321	0	319	321	320M
2140	11397	1.610E-223	0.997	1.667E-223	0	338	340	0	338	340	339M
2141	11396	3.024E-312	0.958	3.010E-312	0	510	512	0	510	512	511M
2142	11395	1.787E-302	0.989	1.837E-302	0	466	468	0	466	468	467M
2143	11394	5.636E-166	0.988	5.856E-166	0	260	262	0	260	262	261M
2144	11393	9.972E-232	0.994	1.003E-231	0	351	353	0	351	353	352M
2145	11392	4.135E-201	0.996	4.171E-201	0	302	304	0	302	304	303M
2146	11391	5.548E-276	0.985	5.461E-276	0	422	424	0	422	424	423M
2147	11390	1.633E-151	0.974	1.645E-151	0	230	232	0	230	232	231M
2148	11389	2.217E-308	0.974	0.000E+00	0	550	552	0	550	552	551M
2149	11388	1.650E-155	0.980	1.633E-155	0	262	264	0	262	264	263M
2150	11387	3.493E-213	0.955	3.324E-213	0	333	335	0	333	335	334M
2151	11386	9.133E-198	1.00	8.833E-198	0	304	306	0	304	306	305M
2152	11385	9.062E-195	1.00	8.699E-195	0	283	285	0	283	285	284M
2153	11384	1.012E-82	0.984	9.803E-83	0	130	132	0	130	132	131M
2154	11383	1.029E-127	0.990	1.001E-127	0	201	203	0	201	203	202M
2155	11382	7.887E-296	0.993	7.547E-296	0	448	450	0	448	450	449M
2156	11661	2.384E-220	0.990	2.314E-220	0	331	333	37	368	370	332M
2157	11660	4.535E-314	0.997	4.323E-314	0	466	468	0	466	468	467M
2158	11659	6.277E-169	0.992	6.257E-169	0	262	264	0	262	264	263M
2159	11658	2.442E-152	0.995	2.365E-152	0	229	231	0	229	231	230M
2160	11657	4.337E-142	1.00	4.492E-142	0	216	218	0	216	218	217M
2161	11656	1.764E-297	1.00	1.847E-297	0	436	438	0	436	438	437M
2162	11655	2.214E-114	0.994	2.269E-114	0	171	173	0	171	173	172M
2163	11654	2.217E-308	1.00	0.000E+00	0	671	673	0	671	673	672M
2164	11653	2.753E-121	0.989	2.874E-121	0	182	184	0	182	184	183M
2165	11652	7.369E-115	0.968	7.673E-115	0	188	190	0	188	190	189M
2166	11651	1.273E-132	1.00	1.289E-132	0	203	205	0	203	205	204M
2167	11650	1.754E-140	0.990	1.743E-140	0	220	222	0	220	222	221M
2168	11649	1.594E-103	0.993	1.614E-103	0	159	161	0	159	161	160M
2169	11648	2.217E-308	0.996	0.000E+00	0	565	567	0	565	567	566M
2170	11647	1.751E-62	0.980	1.722E-62	0	101	103	0	101	103	102M
2171	11646	1.291E-60	1.00	1.305E-60	0	99	101	0	99	101	100M
2172	11645	1.529E-203	0.989	1.528E-203	0	290	292	0	290	292	291M
2173	11644	1.301E-63	1.00	1.278E-63	0	106	108	0	106	108	107M
2174	11643	8.681E-101	1.00	8.483E-101	0	158	160	0	158	160	159M
2175	11642	2.217E-308	1.00	0.000E+00	0	533	535	0	533	535	534M
2176	11808	2.001E-307	0.993	1.928E-307	0	487	513	0	487	492	488M
2177	11809	9.520E-40	1.00	9.496E-40	0	66	68	0	66	68	67M
2178	11810	1.654E-156	0.995	1.624E-156	0	233	235	0	233	235	234M
2179	11811	1.908E-250	0.997	1.854E-250	0	399	401	0	399	405	400M
2180	11812	2.217E-308	0.998	0.000E+00	11	701	703	1	691	693	691M
2181	11813	1.026E-126	1.00	1.015E-126	0	190	192	0	190	192	191M
2182	11814	2.217E-308	0.989	0.000E+00	0	847	849	0	847	849	848M
2183	11815	8.429E-167	0.980	8.834E-167	0	260	262	0	260	262	261M
2184	11816	1.993E-112	0.994	2.030E-112	0	166	168	0	166	168	167M
2185	11817	4.987E-80	1.00	4.814E-80	0	121	123	0	121	123	122M
2186	11818	2.317E-209	0.986	2.434E-209	0	301	303	0	301	303	302M
2187	11819	3.041E-24	1.00	3.044E-24	0	45	47	0	45	47	46M
2188	11820	7.860E-256	0.992	7.523E-256	0	376	378	0	376	379	377M
2191	11289	3.575E-222	1.00	3.591E-222	0	344	345	0	344	699	345M
2192	11288	7.229E-301	0.989	7.253E-301	0	491	493	0	491	493	492M
2193	11287	2.254E-121	0.994	2.347E-121	0	191	193	0	191	193	192M
2194	11286	1.382E-280	0.971	1.384E-280	0	418	420	0	418	420	419M
2195	11285	2.687E-189	1.00	2.604E-189	0	283	285	0	283	285	284M
2196	11284	1.580E-293	0.997	1.630E-293	0	462	464	0	462	464	463M
2197	11283	2.217E-308	0.996	0.000E+00	0	521	523	0	521	523	522M
2198	11282	1.391E-89	0.993	1.356E-89	0	143	145	26	169	171	144M
2199	11281	2.736E-196	0.989	2.665E-196	0	296	298	0	296	298	297M
2200	11280	7.733E-211	1.00	7.651E-211	0	328	330	0	328	330	329M
2201	11279	5.704E-132	1.00	5.852E-132	0	215	217	0	215	217	216M
2202	11278	1.292E-99	0.993	1.320E-99	0	156	158	0	156	158	157M
2203	11277	2.200E-189	0.973	2.144E-189	0	303	335	0	303	391	304M
2204	11277	1.539E-43	0.986	1.534E-43	0	75	77	314	389	391	76M
2205	11276	5.930E-147	1.00	5.779E-147	0	238	240	0	238	240	239M
2206	11275	2.217E-308	0.983	0.000E+00	0	917	919	0	917	919	918M
2207	11274	3.198E-28	0.981	3.208E-28	0	52	54	0	52	54	53M
2208	11273	3.096E-89	0.992	2.961E-89	0	133	135	13	146	148	134M
2209	10243	2.217E-308	0.814	0.000E+00	0	687	688	20	710	1059	382M3D306M
2210	10243	2.217E-308	0.875	0.000E+00	0	1034	1036	20	1057	1059	382M3D653M
2211	10242	2.217E-308	0.955	0.000E+00	0	1481	1603	0	1480	1636	348M1I1133M
2214	10242	2.217E-308	0.955	0.000E+00	0	1481	1603	0	1480	1636	348M1I1133M
2215	10243	2.217E-308	0.998	0.000E+00	3	600	602	460	1057	1059	598M
2216	10243	9.758E-301	0.997	9.392E-301	0	447	451	13	460	1059	448M
2218	10388	2.699E-268	0.987	2.662E-268	0	403	405	0	403	405	404M
2219	10387	2.345E-175	0.988	2.443E-175	0	270	272	0	270	272	271M
2220	10386	3.043E-121	0.954	3.117E-121	0	197	199	0	197	199	198M
2221	10385	1.626E-188	0.953	1.633E-188	0	300	304	0	300	302	301M
2222	10384	1.230E-80	1.00	1.265E-80	0	126	128	0	126	128	127M
2223	10383	8.449E-322	0.995	8.498E-322	0	484	486	0	484	486	485M
2224	10382	1.447E-259	0.966	1.419E-259	0	388	390	0	388	390	389M
2225	10381	5.965E-304	1.00	6.020E-304	0	467	469	0	467	469	468M
2226	10380	1.532E-322	0.989	1.532E-322	0	488	490	0	488	490	489M
2227	10379	3.389E-240	0.991	3.235E-240	0	344	346	0	344	346	345M
2228	10378	3.791E-206	0.996	3.643E-206	0	309	311	0	309	311	310M
2229	10377	4.735E-176	0.996	4.750E-176	0	262	264	0	262	264	263M
2230	10376	1.270E-131	1.00	1.329E-131	0	199	201	0	199	201	200M
2231	10375	5.256E-139	1.00	5.336E-139	0	219	221	0	219	221	220M
2232	10374	1.742E-60	1.00	1.828E-60	0	93	95	0	93	95	94M
2233	10373	3.407E-126	0.989	3.419E-126	0	189	191	0	189	191	190M
2234	10372	6.771E-237	0.994	6.939E-237	0	353	355	0	353	355	354M
2235	9833	3.093E-282	0.995	3.083E-282	0	431	433	0	431	433	432M
2236	9832	7.668E-53	1.00	7.514E-53	0	83	85	0	83	85	84M
2237	9831	6.543E-69	0.990	6.564E-69	0	109	111	0	109	111	110M
2238	9830	4.083E-80	0.984	4.262E-80	0	125	127	0	125	127	126M
2239	9829	2.086E-91	0.985	2.086E-91	0	135	137	0	135	137	136M
2240	9828	4.415E-265	0.967	4.449E-265	0	400	402	0	400	402	401M
2241	9827	1.170E-138	0.976	1.174E-138	0	209	211	0	209	211	210M
2242	9826	5.591E-43	1.00	5.598E-43	0	63	65	0	63	65	64M
2243	9825	1.086E-148	0.995	1.037E-148	0	213	215	0	213	215	214M
2244	9824	5.970E-227	0.988	6.026E-227	0	337	339	0	337	339	338M
2245	9823	3.910E-218	0.991	3.933E-218	0	333	335	0	333	335	334M
2246	9822	4.909E-190	0.989	4.742E-190	0	287	289	0	287	289	288M
2247	9821	1.161E-135	1.00	1.191E-135	0	202	204	0	202	204	203M
2248	9820	2.217E-308	1.00	0.000E+00	0	569	571	0	569	571	570M
2250	9819	4.663E-54	0.988	4.582E-54	0	84	86	0	84	86	85M
2251	9818	2.639E-182	1.00	2.706E-182	0	278	280	0	278	280	279M
2252	9817	2.217E-308	0.990	0.000E+00	0	518	520	0	518	520	519M
2253	9816	9.837E-72	1.00	9.498E-72	0	111	113	0	111	113	112M
2254	9815	1.441E-64	1.00	1.432E-64	0	113	115	0	113	115	114M
2255	9814	1.367E-121	0.989	1.309E-121	0	192	194	0	192	194	193M
2256	9813	5.469E-77	1.00	5.233E-77	0	135	137	265	400	402	136M
2257	9917	2.055E-35	0.966	2.063E-35	0	59	65	0	59	68	60M
2258	9918	1.361E-158	1.00	1.325E-158	0	238	240	0	238	240	239M
2259	9919	3.451E-131	1.00	3.591E-131	0	200	202	0	200	202	201M
2260	9920	2.012E-193	0.996	1.997E-193	0	296	298	0	296	298	297M
2261	9921	4.393E-147	0.981	4.566E-147	0	213	215	0	213	215	214M
2262	9922	9.861E-189	0.990	9.645E-189	0	310	313	0	310	312	311M
2263	9923	6.116E-275	0.982	5.858E-275	0	446	448	0	446	448	447M
2264	9924	1.060E-100	0.974	1.057E-100	0	155	158	0	155	157	156M
2265	9925	3.397E-241	0.997	3.447E-241	0	350	352	0	350	352	351M
2266	9926	2.315E-170	0.996	2.215E-170	0	258	260	0	258	260	259M
2267	9927	3.745E-124	1.00	3.633E-124	0	181	183	0	181	183	182M
2268	9928	1.179E-141	0.995	1.138E-141	0	209	211	0	209	211	210M
2269	9929	1.910E-289	0.963	1.988E-289	0	434	436	0	434	436	435M
2270	9930	5.965E-304	1.00	6.241E-304	0	461	463	0	461	463	462M
2271	9931	4.427E-150	0.964	4.369E-150	0	226	228	0	226	228	227M
2272	9932	6.777E-276	0.988	6.818E-276	0	420	422	0	420	422	421M
2273	9933	3.764E-242	0.981	3.593E-242	0	369	371	0	369	371	370M
2275	9977	4.947E-309	1.00	5.043E-309	0	446	448	0	446	448	447M
2276	9978	1.683E-124	0.994	1.738E-124	0	192	194	0	192	194	193M
2277	9979	2.217E-308	1.00	0.000E+00	0	626	628	0	626	628	627M
2278	9980	8.451E-168	0.992	8.166E-168	0	263	265	0	263	265	264M
2279	9981	2.208E-113	0.988	2.229E-113	0	166	168	0	166	168	167M
2280	9982	1.350E-232	0.988	1.341E-232	0	335	337	0	335	337	336M
2281	9983	3.229E-260	0.997	3.336E-260	0	384	386	0	384	386	385M
2282	9984	9.244E-164	0.979	9.110E-164	0	240	242	0	240	242	241M
2283	9985	2.512E-279	0.989	2.595E-279	0	454	456	0	454	456	455M
2284	9986	1.314E-67	0.990	1.337E-67	0	106	108	0	106	108	107M
2285	9987	3.557E-104	1.00	3.395E-104	0	166	168	0	166	168	167M
2286	9988	1.972E-224	0.987	2.028E-224	0	320	322	0	320	322	321M
2287	9989	1.096E-74	0.991	1.105E-74	0	115	117	0	115	117	116M
2288	9990	1.488E-115	1.00	1.486E-115	0	180	182	0	180	182	181M
2289	9991	4.614E-166	0.992	4.416E-166	0	254	256	0	254	256	255M
2290	9992	2.217E-308	0.975	0.000E+00	0	603	605	0	603	605	604M
2291	9993	7.828E-61	0.989	8.220E-61	11	109	111	298	396	398	99M
2292	9064	5.284E-25	1.00	5.309E-25	0	41	44	23	64	456	42M
2293	9063	2.229E-310	0.991	2.213E-310	0	460	462	0	460	462	461M
2294	9062	4.999E-197	0.996	5.150E-197	0	308	310	0	308	310	309M
2295	9061	1.390E-282	0.997	1.443E-282	0	435	437	0	435	437	436M
2296	9060	1.390E-166	0.977	1.394E-166	0	263	265	0	263	265	264M
2297	9059	1.820E-193	0.983	1.864E-193	0	308	310	0	308	310	309M
2298	9058	1.136E-322	0.989	1.087E-322	0	467	469	0	467	469	468M
2299	9057	1.283E-251	0.973	1.314E-251	0	376	378	0	376	378	377M
2300	9056	1.112E-273	0.985	1.131E-273	0	408	410	0	408	410	409M
2301	9055	3.826E-287	0.993	3.877E-287	0	439	441	0	439	441	440M
2302	9054	5.033E-277	0.997	5.111E-277	0	405	407	0	405	407	406M
2303	9053	1.409E-210	0.990	1.401E-210	0	314	316	0	314	316	315M
2304	9052	1.206E-266	0.997	1.194E-266	0	390	392	0	390	392	391M
2305	9051	2.168E-222	0.979	2.074E-222	0	338	340	0	338	340	339M
2306	10353	7.773E-213	0.996	7.852E-213	0	311	313	0	311	313	312M
2307	10354	1.437E-63	1.00	1.402E-63	0	95	97	0	95	97	96M
2308	10355	4.186E-167	0.992	4.024E-167	0	250	252	0	250	252	251M
2309	10356	2.690E-112	0.981	2.653E-112	0	165	167	0	165	167	166M
2310	10357	1.005E-234	0.997	1.025E-234	0	352	354	0	352	354	353M
2311	10358	1.528E-164	0.996	1.556E-164	0	256	258	0	256	258	257M
2312	10359	1.153E-171	0.988	1.143E-171	0	262	264	0	262	264	263M
2313	10360	2.217E-308	0.968	0.000E+00	0	511	513	0	511	513	512M
2314	10361	1.320E-262	0.992	1.353E-262	0	401	403	0	401	403	402M
2315	10362	5.708E-287	0.997	5.976E-287	0	428	430	0	428	430	429M
2316	10363	4.714E-213	1.00	4.657E-213	0	320	322	0	320	322	321M
2317	10364	6.896E-128	0.985	6.965E-128	0	200	202	0	200	202	201M
2318	10365	6.680E-77	0.952	6.391E-77	0	126	128	0	126	128	127M
2320	9030	9.746E-22	1.00	9.763E-22	0	40	42	16	56	58	41M
2321	9728	1.402E-92	1.00	1.437E-92	0	145	147	0	145	147	146M
2322	9729	2.019E-117	1.00	2.032E-117	0	176	178	0	176	178	177M
2323	9730	2.070E-88	1.00	2.111E-88	0	141	143	0	141	143	142M
2324	9731	3.904E-140	1.00	3.824E-140	0	230	232	0	230	232	231M
2325	9732	8.658E-100	1.00	8.651E-100	0	167	169	0	167	169	168M
2326	9733	7.194E-67	1.00	7.479E-67	0	122	124	0	122	124	123M
2327	9734	2.217E-308	1.00	0.000E+00	0	1361	1363	0	1361	1363	1362M
2328	9735	2.217E-308	1.00	0.000E+00	0	1396	1398	0	1396	1398	1397M
2329	9736	1.756E-63	1.00	1.830E-63	0	120	122	0	120	122	121M
2330	9737	1.294E-61	1.00	1.322E-61	0	117	119	0	117	119	118M
2331	9738	8.839E-108	0.987	8.431E-108	0	164	166	0	164	166	165M
2332	9739	3.694E-196	0.986	3.601E-196	0	289	291	0	289	291	290M
2333	9740	1.280E-289	0.997	1.336E-289	0	473	475	0	473	475	474M
2334	11832	1.802E-73	1.00	1.722E-73	0	113	115	0	113	115	114M
2335	11831	3.968E-69	1.00	4.037E-69	0	111	114	0	111	114	112M
2336	11830	2.217E-308	0.996	0.000E+00	0	570	572	0	570	572	571M
2337	11829	2.217E-308	0.998	0.000E+00	0	1031	1033	0	1031	1033	1032M
2338	11828	7.273E-226	1.00	7.561E-226	0	371	373	0	371	373	372M
2339	11827	4.204E-130	0.990	4.009E-130	0	211	213	0	211	213	212M
2340	11826	1.660E-80	1.00	1.734E-80	0	126	128	0	126	128	127M
2341	11825	2.994E-76	1.00	3.031E-76	0	119	121	0	119	121	120M
2342	11824	3.697E-119	1.00	3.525E-119	0	177	179	0	177	179	178M
2343	11823	2.217E-308	0.997	0.000E+00	0	691	693	0	691	693	692M
2344	11822	2.217E-308	0.987	0.000E+00	0	1505	1507	0	1505	1507	1506M
2345	11821	4.703E-96	0.986	4.523E-96	0	149	150	0	149	155	150M
2346	11743	2.217E-308	0.998	0.000E+00	0	645	647	0	645	647	646M
2347	11744	3.575E-106	1.00	3.556E-106	0	183	185	0	183	185	184M
2348	11745	5.025E-199	0.996	4.874E-199	0	296	298	0	296	298	297M
2349	11746	4.363E-183	0.989	4.544E-183	0	287	289	0	287	289	288M
2350	11747	8.378E-37	1.00	8.400E-37	0	75	77	0	75	77	76M
2351	11748	4.307E-62	0.990	4.340E-62	0	107	109	0	107	109	108M
2352	11749	1.250E-241	0.991	1.236E-241	0	355	357	0	355	357	356M
2353	11750	4.493E-117	1.00	4.484E-117	0	179	188	0	179	186	180M
2354	11750	4.493E-117	1.00	4.484E-117	0	179	188	0	179	186	180M
2355	11749	1.250E-241	0.991	1.236E-241	0	355	357	0	355	357	356M
2356	11748	4.307E-62	0.990	4.340E-62	0	107	109	0	107	109	108M
2357	11747	8.378E-37	1.00	8.400E-37	0	75	77	0	75	77	76M
2358	11746	4.363E-183	0.989	4.544E-183	0	287	289	0	287	289	288M
2359	11745	5.025E-199	0.996	4.874E-199	0	296	298	0	296	298	297M
2360	11744	3.575E-106	1.00	3.556E-106	0	183	185	0	183	185	184M
2361	11743	2.217E-308	0.998	0.000E+00	0	645	647	0	645	647	646M
2362	11912	4.481E-232	0.994	4.578E-232	0	341	343	0	341	343	342M
2363	11911	4.876E-110	1.00	4.912E-110	0	162	164	0	162	164	163M
2364	11910	2.217E-308	0.995	0.000E+00	0	470	472	0	470	472	471M
2365	11909	6.543E-69	0.956	6.405E-69	0	115	117	0	115	117	116M
2366	11908	1.520E-162	0.954	1.550E-162	0	260	262	0	260	262	261M
2367	11907	2.405E-146	0.995	2.510E-146	0	229	231	0	229	231	230M
2368	11906	2.537E-128	0.966	2.499E-128	0	205	207	0	205	207	206M
2369	11905	2.784E-164	0.996	2.789E-164	0	255	257	0	255	257	256M
2370	11904	4.359E-144	1.00	4.491E-144	0	212	214	0	212	214	213M
2371	11904	4.359E-144	1.00	4.491E-144	0	212	214	0	212	214	213M
2372	11905	2.784E-164	0.996	2.789E-164	0	255	257	0	255	257	256M
2373	11906	2.537E-128	0.966	2.499E-128	0	205	207	0	205	207	206M
2374	11907	2.405E-146	0.995	2.510E-146	0	229	231	0	229	231	230M
2375	11908	1.520E-162	0.954	1.550E-162	0	260	262	0	260	262	261M
2376	11909	6.543E-69	0.956	6.405E-69	0	115	117	0	115	117	116M
2377	11910	2.217E-308	0.995	0.000E+00	0	470	472	0	470	472	471M
2378	11911	4.876E-110	1.00	4.912E-110	0	162	164	0	162	164	163M
2379	11912	4.481E-232	0.994	4.578E-232	0	341	343	0	341	343	342M
2380	11185	8.327E-317	0.997	8.667E-317	0	495	497	0	495	497	496M
2381	11184	2.897E-102	1.00	3.041E-102	0	161	163	0	161	163	162M
2382	11183	2.217E-308	0.997	0.000E+00	0	1249	1251	0	1249	1251	1250M
2383	11182	3.511E-99	0.980	3.403E-99	0	156	158	0	156	158	157M
2384	11181	2.024E-234	0.986	2.041E-234	0	360	362	0	360	362	361M
2385	11180	3.739E-46	1.00	3.747E-46	0	75	77	0	75	77	76M
2386	11179	3.392E-163	0.979	3.267E-163	0	247	249	0	247	249	248M
2387	11178	1.389E-127	1.00	1.415E-127	0	195	197	0	195	197	196M
2388	11177	4.150E-125	1.00	4.138E-125	0	195	197	0	195	197	196M
2389	11176	2.522E-87	1.00	2.584E-87	0	134	136	0	134	136	135M
2390	11175	2.217E-308	0.996	0.000E+00	0	661	663	0	661	663	662M
2391	11174	2.616E-256	1.00	2.604E-256	0	387	389	0	387	389	388M
2392	11173	5.153E-54	1.00	5.414E-54	0	81	83	0	81	83	82M
2393	11212	2.374E-141	0.995	2.459E-141	0	232	234	0	232	234	233M
2394	11211	1.339E-229	0.994	1.287E-229	0	347	349	0	347	349	348M
2395	11210	5.940E-225	1.00	5.717E-225	0	340	342	0	340	342	341M
2396	11209	1.210E-267	0.997	1.172E-267	0	401	403	0	401	403	402M
2397	11208	8.733E-142	0.995	8.850E-142	0	217	219	0	217	219	218M
2398	11207	3.122E-247	0.997	3.144E-247	0	376	378	0	376	378	377M
2399	11206	4.381E-262	1.00	4.196E-262	0	405	407	0	405	407	406M
2400	11205	6.469E-142	1.00	6.254E-142	0	223	225	0	223	225	224M
2401	11204	6.656E-153	0.995	6.902E-153	0	243	245	0	243	245	244M
2402	11203	1.660E-312	1.00	1.700E-312	0	484	486	0	484	486	485M
2403	11202	7.614E-205	1.00	7.496E-205	0	313	315	0	313	315	314M
2404	11201	7.003E-134	1.00	6.731E-134	0	194	196	0	194	196	195M
2405	11200	2.217E-308	1.00	0.000E+00	0	672	674	0	672	674	673M
2406	11199	2.579E-173	0.996	2.685E-173	0	257	258	0	257	264	258M
2407	8710	4.367E-106	0.994	4.580E-106	0	176	177	0	176	184	177M
2408	8711	5.843E-180	0.976	5.955E-180	0	299	301	0	299	301	300M
2409	8712	5.844E-64	0.941	5.586E-64	0	102	104	0	102	104	103M
2410	8713	1.664E-81	1.00	1.603E-81	0	128	131	0	128	130	129M
2411	8714	3.505E-137	0.990	3.595E-137	0	208	210	0	208	210	209M
2412	8715	6.979E-210	0.996	7.098E-210	0	315	317	0	315	317	316M
2413	8716	1.027E-165	1.00	9.872E-166	0	251	253	0	251	253	252M
2414	8717	7.224E-146	0.995	7.095E-146	0	211	213	0	211	213	212M
2415	8718	4.763E-217	0.985	4.894E-217	0	333	335	0	333	335	334M
2416	8719	1.451E-144	1.00	1.444E-144	0	228	230	0	228	230	229M
2418	8720	9.221E-47	0.962	9.399E-47	0	79	81	0	79	81	80M
2419	8721	1.247E-124	0.989	1.229E-124	0	198	200	0	198	200	199M
2420	8722	2.782E-241	1.00	2.835E-241	0	366	368	0	366	368	367M
2421	8723	4.104E-82	0.993	3.966E-82	0	146	148	0	146	148	147M
2422	8724	2.217E-308	0.998	0.000E+00	0	624	626	0	624	626	625M
2424	8725	1.039E-92	0.973	1.019E-92	0	150	153	0	150	153	151M
2426	8727	1.125E-123	0.994	1.080E-123	0	184	186	0	184	186	185M
2427	9631	2.217E-308	0.997	0.000E+00	0	801	803	0	801	803	802M
2428	9632	2.100E-171	1.00	2.147E-171	0	262	264	0	262	264	263M
2429	9633	6.123E-82	1.00	6.213E-82	0	129	131	0	129	131	130M
2430	9634	5.986E-228	0.966	5.713E-228	0	354	356	0	354	356	355M
2431	9635	4.702E-212	0.987	4.867E-212	0	323	325	0	323	325	324M
2432	9636	1.694E-204	1.00	1.718E-204	0	324	326	0	324	326	325M
2433	9637	1.201E-303	1.00	1.172E-303	0	461	463	0	461	463	462M
2434	9638	1.521E-317	1.00	1.491E-317	0	491	493	0	491	493	492M
2435	9639	9.810E-40	1.00	9.832E-40	0	73	75	0	73	75	74M
2436	9640	1.662E-274	0.997	1.728E-274	0	415	417	0	415	417	416M
2437	9641	5.981E-189	0.992	5.820E-189	0	280	282	0	280	282	281M
2438	9642	4.610E-127	0.995	4.477E-127	0	206	208	0	206	208	207M
2439	9643	3.723E-199	0.990	3.605E-199	0	303	305	4	307	309	304M
2441	10171	2.029E-119	1.00	1.973E-119	0	198	200	0	198	200	199M
2442	10172	6.112E-120	0.994	6.127E-120	0	180	182	0	180	182	181M
2443	10173	3.427E-167	1.00	3.382E-167	0	253	255	0	253	255	254M
2444	10174	8.642E-254	1.00	8.477E-254	0	403	405	0	403	405	404M
2445	10175	1.432E-139	1.00	1.488E-139	0	212	214	0	212	214	213M
2446	10176	6.679E-193	0.996	6.497E-193	0	301	303	0	301	303	302M
2447	10177	1.705E-129	1.00	1.678E-129	0	188	190	0	188	190	189M
2448	10178	1.167E-253	0.984	1.125E-253	0	382	384	0	382	384	383M
2449	10179	5.929E-263	0.997	5.834E-263	0	383	385	0	383	385	384M
2450	10180	4.401E-109	1.00	4.428E-109	0	175	177	0	175	177	176M
2451	10181	1.136E-88	0.985	1.123E-88	0	141	143	0	141	143	142M
2452	10182	2.217E-308	0.994	0.000E+00	0	703	705	0	703	705	704M
2453	10183	6.691E-39	0.985	6.680E-39	0	67	69	0	67	69	68M
2454	10184	2.436E-267	0.962	2.415E-267	0	403	405	0	403	405	404M
2455	10185	8.357E-125	0.989	8.550E-125	0	197	199	0	197	199	198M
2457	11695	7.071E-41	1.00	7.062E-41	0	70	73	0	70	85	71M
2458	11694	3.227E-105	1.00	3.322E-105	0	157	159	0	157	159	158M
2459	11693	3.508E-60	0.770	3.528E-60	0	133	135	0	132	134	13M2I13M1D106M
2460	11692	3.142E-56	0.664	3.199E-56	0	132	134	0	129	131	91M7I26M4D9M
2461	11691	1.792E-71	1.00	1.787E-71	0	111	113	0	111	113	112M
2462	11690	2.820E-169	0.969	2.798E-169	0	264	267	0	264	267	265M
2463	11689	5.889E-183	0.959	5.741E-183	0	292	294	0	292	294	293M
2469	11685	7.446E-119	0.742	7.087E-119	9	253	255	5	249	251	245M
2470	11684	8.274E-36	0.984	8.259E-36	0	63	72	0	63	72	64M
2475	11684	8.274E-36	0.984	8.259E-36	0	63	72	0	63	72	64M
2476	11685	7.446E-119	0.742	7.087E-119	9	253	255	5	249	251	245M
2482	11689	5.889E-183	0.959	5.741E-183	0	292	294	0	292	294	293M
2483	11690	2.820E-169	0.969	2.798E-169	0	264	267	0	264	267	265M
2484	11691	1.792E-71	1.00	1.787E-71	0	111	113	0	111	113	112M
2485	11692	3.142E-56	0.664	3.199E-56	0	132	134	0	129	131	91M7I26M4D9M
2486	11693	3.508E-60	0.770	3.528E-60	0	133	135	0	132	134	13M2I13M1D106M
2487	11694	3.227E-105	1.00	3.322E-105	0	157	159	0	157	159	158M
2488	11695	7.071E-41	1.00	7.062E-41	0	70	73	0	70	85	71M
2490	9240	3.326E-78	0.991	3.301E-78	0	117	119	42	159	161	118M
2491	9241	1.118E-314	0.993	1.142E-314	0	478	480	0	478	480	479M
2492	9242	3.907E-179	0.996	4.044E-179	0	286	288	0	286	288	287M
2493	9243	3.948E-67	1.00	3.890E-67	0	102	104	0	102	104	103M
2494	9244	7.788E-59	1.00	8.125E-59	0	93	95	0	93	95	94M
2495	9245	2.925E-67	0.982	2.839E-67	0	115	117	0	115	117	116M
2496	9246	2.012E-77	0.983	1.945E-77	0	121	123	0	121	123	122M
2497	9247	3.556E-220	0.997	3.649E-220	0	334	336	0	334	336	335M
2498	9248	9.860E-305	1.00	1.035E-304	0	463	465	0	463	465	464M
2499	9249	7.101E-62	1.00	6.874E-62	0	97	99	0	97	99	98M
2500	9250	7.520E-30	0.962	7.505E-30	0	53	55	99	152	154	54M
2501	9250	7.520E-30	0.962	7.505E-30	0	53	55	99	152	154	54M
2502	9249	7.101E-62	1.00	6.874E-62	0	97	99	0	97	99	98M
2503	9248	9.860E-305	1.00	1.035E-304	0	463	465	0	463	465	464M
2504	9247	3.556E-220	0.997	3.649E-220	0	334	336	0	334	336	335M
2505	9246	2.012E-77	0.983	1.945E-77	0	121	123	0	121	123	122M
2506	9245	2.925E-67	0.982	2.839E-67	0	115	117	0	115	117	116M
2507	9244	7.788E-59	1.00	8.125E-59	0	93	95	0	93	95	94M
2508	9243	3.948E-67	1.00	3.890E-67	0	102	104	0	102	104	103M
2509	9242	3.907E-179	0.996	4.044E-179	0	286	288	0	286	288	287M
2510	9241	1.118E-314	0.993	1.142E-314	0	478	480	0	478	480	479M
2511	9240	3.326E-78	0.991	3.301E-78	0	117	119	42	159	161	118M
2512	9606	4.626E-167	0.995	4.422E-167	0	239	254	0	239	253	240M
2513	9605	1.878E-205	0.996	1.935E-205	0	311	313	0	311	313	312M
2514	9604	2.217E-308	0.998	0.000E+00	0	609	611	0	609	611	610M
2515	9603	2.217E-308	0.986	0.000E+00	0	504	506	0	504	506	505M
2516	9602	2.217E-308	0.990	0.000E+00	0	501	503	0	501	503	502M
2517	9602	2.217E-308	0.990	0.000E+00	0	501	503	0	501	503	502M
2518	9603	2.217E-308	0.986	0.000E+00	0	504	506	0	504	506	505M
2519	9604	2.217E-308	0.998	0.000E+00	0	609	611	0	609	611	610M
2520	9605	1.878E-205	0.996	1.935E-205	0	311	313	0	311	313	312M
2521	9606	4.626E-167	0.995	4.422E-167	0	239	254	0	239	253	240M
2522	9229	1.271E-54	1.00	1.211E-54	14	102	104	0	88	90	89M
2523	9230	2.217E-308	0.997	0.000E+00	0	847	849	0	847	849	848M
2524	9231	2.217E-308	1.00	0.000E+00	0	539	541	0	539	541	540M
2525	9232	2.217E-308	0.974	0.000E+00	0	925	927	0	925	927	926M
2526	9233	1.425E-137	0.995	1.396E-137	0	208	210	0	208	210	209M
2527	9234	2.217E-308	0.981	0.000E+00	0	756	758	0	756	758	757M
2528	9235	4.065E-233	0.982	4.042E-233	0	343	345	0	343	345	344M
2529	9236	2.792E-49	0.988	2.807E-49	0	83	85	0	83	85	84M
2530	9237	2.897E-102	0.987	3.041E-102	0	161	163	0	160	162	150M1I11M
2531	9238	1.690E-203	1.00	1.729E-203	0	306	308	0	306	308	307M
2532	9239	7.279E-265	0.968	7.090E-265	0	410	412	0	410	412	411M
2533	8870	2.599E-60	0.978	2.508E-60	0	93	95	0	93	95	94M
2541	8877	2.279E-164	1.00	2.236E-164	0	257	259	143	400	402	258M
2543	10696	4.186E-51	1.00	4.190E-51	0	82	96	0	82	218	83M
2544	10698	1.823E-155	0.953	1.870E-155	0	238	240	0	238	240	239M
2545	10699	1.619E-109	1.00	1.688E-109	0	168	170	0	168	170	169M
2546	10700	2.217E-308	0.998	0.000E+00	0	574	576	0	574	576	575M
2547	10701	1.238E-160	0.995	1.226E-160	0	239	241	0	239	241	240M
2548	10702	2.850E-173	0.988	2.764E-173	0	270	272	0	270	272	271M
2549	10703	9.962E-309	0.989	9.699E-309	0	460	462	0	460	462	461M
2550	10704	2.680E-304	0.995	2.715E-304	0	477	479	0	477	479	478M
2551	10705	2.217E-308	0.998	0.000E+00	0	502	504	0	502	504	503M
2552	10706	4.325E-257	0.997	4.168E-257	0	395	397	0	395	397	396M
2553	10707	7.935E-221	0.996	7.700E-221	0	321	323	0	321	323	322M
2554	10708	1.447E-259	0.997	1.487E-259	0	389	391	0	389	391	390M
2555	10960	1.107E-78	0.967	1.133E-78	0	121	123	0	121	123	122M
2556	10961	7.009E-173	0.996	6.959E-173	0	283	285	0	283	285	284M
2557	10962	1.735E-97	0.993	1.701E-97	0	152	154	0	152	154	153M
2558	10963	1.113E-196	0.993	1.099E-196	0	304	306	0	304	306	305M
2559	10964	1.868E-87	0.962	1.884E-87	0	134	136	73	207	209	135M
2560	10964	1.284E-31	1.00	1.280E-31	0	51	56	0	51	209	52M
2561	10965	6.006E-268	0.987	6.090E-268	0	414	416	0	414	416	415M
2562	10966	1.263E-245	0.864	1.238E-245	0	442	444	0	433	435	243M1D5M10I185M
2563	10966	1.263E-245	0.864	1.238E-245	0	442	444	0	433	435	243M1D5M10I185M
2564	10965	6.006E-268	0.987	6.090E-268	0	414	416	0	414	416	415M
2565	10964	1.284E-31	1.00	1.280E-31	0	51	56	0	51	209	52M
2566	10964	1.868E-87	0.962	1.884E-87	0	134	136	73	207	209	135M
2567	10963	1.113E-196	0.993	1.099E-196	0	304	306	0	304	306	305M
2568	10962	1.735E-97	0.993	1.701E-97	0	152	154	0	152	154	153M
2569	10961	7.009E-173	0.996	6.959E-173	0	283	285	0	283	285	284M
2570	10960	1.107E-78	0.967	1.133E-78	0	121	123	0	121	123	122M
2571	9644	1.994E-151	1.00	2.042E-151	0	248	250	0	248	250	249M
2572	9645	4.909E-190	1.00	5.155E-190	0	309	311	0	309	311	310M
2573	9646	2.217E-308	1.00	0.000E+00	0	903	905	0	903	905	904M
2574	9647	2.217E-308	0.985	0.000E+00	0	547	549	0	547	549	548M
2575	9648	2.702E-75	0.984	2.696E-75	0	125	127	0	125	127	126M
2576	9649	2.594E-214	0.993	2.519E-214	0	325	327	0	325	327	326M
2577	9650	1.287E-175	0.977	1.282E-175	0	263	265	0	263	265	264M
2578	9651	1.657E-234	0.988	1.635E-234	0	362	364	0	362	364	363M
2579	9652	6.684E-232	0.994	6.436E-232	0	355	357	0	355	357	356M
2580	9653	4.423E-227	0.997	4.649E-227	0	372	374	0	372	374	373M
2581	9654	4.061E-310	1.00	4.169E-310	0	494	496	0	494	496	495M
2582	10034	2.667E-70	0.965	2.718E-70	0	115	117	48	163	165	116M
2583	10035	6.065E-117	0.994	6.041E-117	0	179	181	0	179	181	180M
2584	10036	1.450E-105	1.00	1.419E-105	0	159	161	0	159	161	160M
2585	10037	2.459E-116	1.00	2.418E-116	0	175	177	0	175	177	176M
2586	10038	2.217E-308	0.993	0.000E+00	0	944	946	0	944	946	945M
2587	10039	3.268E-226	1.00	3.157E-226	0	332	334	0	332	334	333M
2588	10039	3.268E-226	1.00	3.157E-226	0	332	334	0	332	334	333M
2589	10038	2.217E-308	0.993	0.000E+00	0	944	946	0	944	946	945M
2590	10037	2.459E-116	1.00	2.418E-116	0	175	177	0	175	177	176M
2591	10036	1.450E-105	1.00	1.419E-105	0	159	161	0	159	161	160M
2592	10035	6.065E-117	0.994	6.041E-117	0	179	181	0	179	181	180M
2593	10034	2.667E-70	0.965	2.718E-70	0	115	117	48	163	165	116M
2595	8947	1.589E-09	0.295	1.583E-09	21	131	135	27	141	314	87M4D24M
2597	12019	1.598E-104	0.982	1.593E-104	0	170	172	0	170	172	171M
2598	12020	3.360E-198	0.996	3.431E-198	0	304	306	0	304	306	305M
2599	12021	3.346E-119	0.549	3.401E-119	0	322	324	0	391	393	69M37D18M28D5M2D28M5D6M3I194M
2600	12022	2.184E-70	0.974	2.080E-70	0	116	118	0	116	118	117M
2601	12024	1.828E-40	1.00	1.826E-40	0	68	73	0	68	73	69M
2602	12025	4.559E-84	0.863	4.774E-84	0	146	148	0	146	148	147M
2603	11346	2.667E-70	0.909	2.648E-70	0	121	123	0	121	123	122M
2604	11345	1.017E-84	0.985	9.932E-85	0	133	135	0	133	135	134M
2605	11342	1.380E-86	0.963	1.380E-86	0	136	138	0	136	138	137M
2606	11341	3.334E-79	1.00	3.278E-79	0	128	130	0	128	130	129M
2607	11340	1.418E-135	1.00	1.485E-135	0	220	222	0	220	222	221M
2608	11339	5.670E-207	1.00	5.837E-207	0	317	319	0	317	319	318M
2609	11338	7.529E-162	1.00	7.755E-162	0	254	256	0	254	256	255M
2610	11337	1.557E-36	1.00	1.554E-36	0	62	64	0	62	64	63M
2611	11336	3.419E-50	1.00	3.447E-50	0	79	81	0	79	81	80M
2612	11335	8.415E-89	1.00	8.188E-89	0	141	143	0	141	143	142M
2613	11334	7.561E-241	1.00	7.296E-241	0	366	368	0	366	368	367M
2614	11333	2.217E-308	0.997	0.000E+00	0	482	484	0	482	484	483M
2615	11332	1.015E-199	0.989	1.008E-199	1	296	298	179	474	476	296M
2616	11381	5.535E-159	0.991	5.476E-159	0	246	248	0	246	248	247M
2617	11380	2.217E-308	0.987	0.000E+00	0	576	578	0	576	578	577M
2618	11379	1.404E-54	1.00	1.453E-54	0	80	82	0	80	82	81M
2619	11378	1.104E-309	0.983	1.144E-309	0	475	477	0	475	477	476M
2620	11377	5.859E-181	0.985	5.838E-181	0	283	285	0	283	285	284M
2621	11376	2.894E-179	0.989	2.780E-179	0	278	280	0	278	280	279M
2622	11375	5.714E-210	0.993	5.829E-210	0	331	333	0	331	333	332M
2623	11374	5.829E-63	0.989	5.875E-63	0	92	94	0	92	94	93M
2624	11373	2.041E-276	0.997	1.955E-276	0	427	429	0	427	429	428M
2625	11372	3.313E-270	0.980	3.248E-270	9	424	439	0	415	726	416M
2626	11372	4.477E-193	0.945	4.629E-193	5	314	316	416	724	726	101M1I208M
2627	11371	7.342E-307	0.997	7.091E-307	0	471	473	0	471	473	472M
2628	11370	1.883E-32	0.983	1.891E-32	0	60	62	0	60	62	61M
2629	11369	2.777E-47	1.00	2.834E-47	0	74	76	0	74	76	75M
2630	8743	1.471E-304	1.00	1.504E-304	0	444	446	0	444	446	445M
2631	8742	2.955E-187	0.975	2.945E-187	0	283	285	0	283	285	284M
2632	8741	5.184E-95	1.00	5.023E-95	0	139	141	0	139	141	140M
2633	8740	1.979E-28	1.00	1.985E-28	0	55	57	0	55	57	56M
2634	8739	7.075E-254	0.983	7.173E-254	0	413	415	0	413	415	414M
2635	8738	5.468E-193	0.990	5.715E-193	0	304	307	0	304	307	305M
2636	8737	5.783E-176	0.986	6.024E-176	0	294	296	0	294	296	295M
2637	8737	5.783E-176	0.986	6.024E-176	0	294	296	0	294	296	295M
2638	8738	5.468E-193	0.990	5.715E-193	0	304	307	0	304	307	305M
2639	8739	7.075E-254	0.983	7.173E-254	0	413	415	0	413	415	414M
2640	8740	1.979E-28	1.00	1.985E-28	0	55	57	0	55	57	56M
2641	8741	5.184E-95	1.00	5.023E-95	0	139	141	0	139	141	140M
2642	8742	2.955E-187	0.975	2.945E-187	0	283	285	0	283	285	284M
2643	8743	1.471E-304	1.00	1.504E-304	0	444	446	0	444	446	445M
2646	10957	1.967E-223	0.776	1.908E-223	0	429	432	21	450	452	430M
2648	10997	1.937E-101	0.413	1.928E-101	8	430	444	19	451	467	157M4D8M4D82M2D176M
2652	8848	1.036E-91	0.367	1.011E-91	6	471	477	7	479	491	121M1I63M1D17M1D32M1D100M1D16M4D116M
2653	12076	4.475E-11	0.302	4.475E-11	30	171	173	9	154	166	60M4I16M2I12M9D25M1D23M
2654	8608	1.117E-120	0.957	1.136E-120	4	192	193	5	193	405	189M
2655	11456	1.097E-268	0.990	1.096E-268	0	407	413	0	407	415	408M
2656	11457	4.965E-233	0.983	4.937E-233	0	353	356	0	353	356	354M
2657	11453	1.727E-134	0.780	1.794E-134	0	266	269	0	266	269	22M2I11M2D232M
2658	11459	4.051E-77	0.905	4.198E-77	0	137	139	0	137	139	138M
2659	11460	2.975E-151	0.965	2.948E-151	0	229	231	0	229	231	230M
2660	11461	1.066E-257	0.975	1.089E-257	0	400	402	0	400	402	401M
2661	11462	4.086E-119	0.989	4.267E-119	0	181	183	0	181	183	182M
2662	11462	4.086E-119	0.989	4.267E-119	0	181	183	0	181	183	182M
2663	11461	1.066E-257	0.975	1.089E-257	0	400	402	0	400	402	401M
2664	11460	2.975E-151	0.965	2.948E-151	0	229	231	0	229	231	230M
2665	11459	4.051E-77	0.905	4.198E-77	0	137	139	0	137	139	138M
2666	11453	1.727E-134	0.780	1.794E-134	0	266	269	0	266	269	22M2I11M2D232M
2667	11457	4.965E-233	0.983	4.937E-233	0	353	356	0	353	356	354M
2668	11456	1.097E-268	0.990	1.096E-268	0	407	413	0	407	415	408M
2669	8809	1.237E-28	0.303	1.238E-28	5	224	229	85	298	302	95M1I11M4I9M1I65M1I7M1D26M
2670	10473	2.217E-308	0.987	0.000E+00	0	558	560	0	558	560	559M
2671	10474	1.760E-180	0.969	1.750E-180	0	293	295	0	293	295	294M
2672	10475	1.434E-62	0.989	1.486E-62	0	98	100	0	98	100	99M
2673	10476	7.027E-174	0.978	7.313E-174	0	281	284	0	281	284	282M
2674	10477	6.293E-170	0.970	6.434E-170	0	273	276	0	273	276	274M
2675	10478	1.013E-121	0.935	9.701E-122	0	199	201	0	199	201	200M
2676	10479	2.425E-188	0.948	2.482E-188	0	311	313	0	311	313	312M
2677	10480	3.714E-82	1.00	3.714E-82	0	138	140	0	138	140	139M
2678	10481	1.654E-156	1.00	1.618E-156	0	253	255	0	253	255	254M
2679	10482	3.656E-192	0.993	3.614E-192	0	304	306	0	304	306	305M
2680	10483	4.103E-314	0.987	3.983E-314	0	471	473	0	471	473	472M
2681	10484	3.212E-22	1.00	3.213E-22	0	43	45	0	43	45	44M
2682	10485	1.606E-222	1.00	1.641E-222	0	333	335	0	333	335	334M
2683	10486	2.217E-308	0.997	0.000E+00	0	480	482	0	480	482	481M
2684	11873	2.044E-29	0.928	2.047E-29	0	55	56	462	517	530	56M
2685	11874	4.496E-272	0.992	4.569E-272	0	413	415	0	413	415	414M
2686	11875	2.217E-308	0.988	0.000E+00	0	703	705	0	703	705	704M
2687	11876	1.078E-145	1.00	1.038E-145	0	219	221	0	219	221	220M
2688	11877	2.034E-236	1.00	2.098E-236	0	343	345	0	343	345	344M
2689	11878	7.317E-267	0.997	6.970E-267	0	419	421	0	419	421	420M
2690	11879	6.609E-305	1.00	6.418E-305	0	446	448	0	446	448	447M
2691	11880	2.217E-308	0.988	0.000E+00	0	675	677	0	675	677	676M
2692	8890	7.792E-36	0.301	7.810E-36	21	398	403	40	414	428	32M1I73M2I34M4D38M2D13M1I15M6I46M2D34M1D36M1D4M2I8M1I32M
2694	10611	1.488E-115	0.973	1.511E-115	0	187	189	0	187	189	188M
2695	10610	3.726E-238	0.997	3.805E-238	0	399	401	0	399	401	400M
2698	11063	1.626E-72	0.404	1.684E-72	0	289	304	0	286	303	137M1D6M5I65M1D77M
2700	9566	4.382E-146	0.987	4.563E-146	0	235	237	0	235	237	236M
2701	9565	2.217E-308	0.998	0.000E+00	0	565	567	0	565	567	566M
2702	9564	1.393E-167	0.985	1.350E-167	0	267	269	0	267	269	268M
2703	9563	3.765E-126	0.995	3.706E-126	0	204	206	0	204	206	205M
2704	9560	8.785E-183	0.976	9.050E-183	0	294	297	0	294	301	295M
2705	9559	4.952E-116	0.978	4.852E-116	0	183	185	0	183	185	184M
2708	8697	1.801E-189	1.00	1.777E-189	0	295	297	0	295	297	296M
2709	8698	2.217E-308	0.997	0.000E+00	0	728	730	0	728	730	729M
2710	8699	2.217E-308	0.998	0.000E+00	0	781	783	0	781	783	782M
2711	8699	2.217E-308	0.998	0.000E+00	0	781	783	0	781	783	782M
2712	8698	2.217E-308	0.997	0.000E+00	0	728	730	0	728	730	729M
2713	8697	1.801E-189	1.00	1.777E-189	0	295	297	0	295	297	296M
2714	8517	2.217E-308	0.996	0.000E+00	0	809	811	0	809	811	810M
2715	8518	2.217E-308	0.994	0.000E+00	0	683	685	0	683	685	684M
2716	8519	4.194E-44	0.985	4.174E-44	0	68	70	0	68	70	69M
2717	8520	7.991E-69	0.991	8.313E-69	0	119	129	0	119	144	120M
2718	8521	2.217E-308	0.997	0.000E+00	0	730	732	0	730	732	731M
2719	8522	6.223E-127	0.994	6.418E-127	0	187	189	0	187	189	188M
2720	8523	1.661E-235	1.00	1.641E-235	0	360	362	0	360	362	361M
2721	8524	7.020E-15	1.00	7.030E-15	0	32	34	0	32	34	33M
2722	8525	4.219E-54	0.947	4.185E-54	0	95	97	0	95	97	96M
2723	8526	1.147E-53	1.00	1.183E-53	0	84	86	0	84	86	85M
2724	8527	5.351E-262	0.997	5.118E-262	0	389	391	0	389	391	390M
2733	9213	4.987E-80	0.992	4.927E-80	0	128	130	0	128	130	129M
2734	11844	6.002E-113	0.917	5.964E-113	0	180	182	0	180	182	181M
2736	9962	1.102E-231	0.960	1.101E-231	0	353	355	44	397	399	354M
2737	9963	6.626E-306	0.997	6.520E-306	0	451	453	0	451	453	452M
2738	9964	9.055E-156	1.00	8.639E-156	0	235	237	0	235	237	236M
2739	9965	1.567E-135	1.00	1.631E-135	0	222	224	0	222	224	223M
2740	9966	3.572E-183	0.992	3.716E-183	0	276	278	0	276	278	277M
2741	9967	8.385E-281	0.997	8.120E-281	0	454	456	0	454	456	455M
2742	9968	6.469E-258	0.984	6.749E-258	0	383	385	0	383	385	384M
2743	9969	9.363E-285	1.00	9.340E-285	0	435	437	0	435	437	436M
2744	9970	2.045E-122	0.983	2.033E-122	0	186	188	0	186	188	187M
2745	9971	9.094E-119	0.988	9.529E-119	0	178	180	0	178	180	179M
2746	9972	2.217E-308	0.998	0.000E+00	0	524	526	0	524	526	525M
2747	9973	2.197E-111	0.988	2.239E-111	0	170	172	0	170	172	171M
2748	8795	2.217E-308	0.991	0.000E+00	0	571	573	182	753	755	572M
2749	8795	6.931E-130	1.00	7.002E-130	0	210	259	0	210	755	211M
2750	8796	1.447E-143	1.00	1.512E-143	0	211	213	0	211	213	212M
2751	8797	3.147E-134	0.995	3.068E-134	0	204	206	0	204	206	205M
2752	8798	2.217E-308	0.992	0.000E+00	0	557	559	0	557	559	558M
2753	8799	1.111E-234	0.973	1.132E-234	0	334	336	0	334	336	335M
2754	8800	2.706E-33	1.00	2.706E-33	0	53	55	0	53	55	54M
2755	8801	2.217E-308	0.998	0.000E+00	0	514	516	0	514	516	515M
2756	8802	5.219E-291	0.975	5.034E-291	0	443	445	0	443	445	444M
2757	8803	2.217E-308	1.00	0.000E+00	0	542	544	0	542	544	543M
2758	10189	9.495E-97	0.986	9.582E-97	0	142	144	9	151	153	143M
2759	10190	2.374E-257	0.989	2.494E-257	0	384	386	0	384	386	385M
2760	10191	4.236E-249	0.992	4.090E-249	0	391	393	0	391	393	392M
2761	10192	5.279E-102	0.987	5.196E-102	0	159	161	0	159	161	160M
2762	10193	2.623E-141	0.986	2.754E-141	0	221	223	0	221	223	222M
2763	10194	1.769E-182	0.996	1.738E-182	0	282	284	0	282	284	283M
2764	10195	1.882E-206	1.00	1.965E-206	0	316	318	0	316	318	317M
2765	10196	1.653E-117	0.990	1.711E-117	0	199	201	0	199	201	200M
2766	10197	7.786E-175	0.996	7.488E-175	0	267	269	0	267	269	268M
2767	10198	1.945E-296	0.991	1.971E-296	0	453	455	0	453	455	454M
2768	10199	1.137E-243	1.00	1.162E-243	0	363	365	0	363	365	364M
2769	10200	2.217E-308	0.996	0.000E+00	0	891	893	0	891	893	892M
2770	10170	9.110E-81	1.00	8.733E-81	0	138	140	0	138	140	139M
2771	10169	8.875E-303	1.00	8.513E-303	0	463	465	0	463	465	464M
2772	10168	1.186E-182	1.00	1.226E-182	0	288	290	0	288	290	289M
2773	10167	2.217E-308	1.00	0.000E+00	0	513	515	0	513	515	514M
2774	10166	2.174E-107	1.00	2.147E-107	0	177	179	0	177	179	178M
2775	10165	5.583E-85	0.993	5.853E-85	0	155	157	0	155	157	156M
2776	10164	3.046E-44	1.00	2.943E-44	0	80	82	0	80	82	81M
2777	10163	1.475E-189	1.00	1.405E-189	0	290	292	0	290	292	291M
2778	10162	6.697E-78	0.992	6.497E-78	0	131	133	0	131	133	132M
2779	10161	2.947E-186	0.996	2.898E-186	0	278	280	0	278	280	279M
2780	10160	7.274E-110	1.00	7.413E-110	0	164	166	0	164	166	165M
2781	10159	5.179E-172	0.996	5.039E-172	0	258	260	0	258	260	259M
2782	10158	1.024E-164	1.00	1.061E-164	0	268	270	0	268	270	269M
2783	10157	1.543E-129	0.995	1.607E-129	0	207	209	0	207	209	208M
2784	10156	5.064E-202	1.00	5.287E-202	0	305	307	0	305	307	306M
2785	10155	3.326E-78	0.984	3.292E-78	5	130	132	21	146	148	126M
2786	11470	1.424E-98	0.974	1.456E-98	5	160	162	70	225	227	156M
2787	11469	2.217E-308	0.991	0.000E+00	0	611	613	0	611	613	612M
2788	11468	2.217E-308	0.997	0.000E+00	0	479	481	0	479	481	480M
2789	11467	6.250E-206	0.990	6.229E-206	0	307	309	0	307	309	308M
2790	11466	8.643E-138	0.995	8.979E-138	0	212	214	0	212	214	213M
2791	11465	1.174E-62	1.00	1.194E-62	0	97	115	0	97	99	98M
2792	11465	1.174E-62	1.00	1.194E-62	0	97	115	0	97	99	98M
2793	11466	8.643E-138	0.995	8.979E-138	0	212	214	0	212	214	213M
2794	11467	6.250E-206	0.990	6.229E-206	0	307	309	0	307	309	308M
2795	11468	2.217E-308	0.997	0.000E+00	0	479	481	0	479	481	480M
2796	11469	2.217E-308	0.991	0.000E+00	0	611	613	0	611	613	612M
2797	11470	1.424E-98	0.974	1.456E-98	5	160	162	70	225	227	156M
2798	9070	2.732E-234	0.994	2.729E-234	0	346	348	0	346	348	347M
2799	9069	5.848E-219	1.00	6.143E-219	0	327	329	0	327	329	328M
2800	9066	3.397E-241	0.997	3.447E-241	0	350	352	0	350	352	351M
2801	9065	1.917E-213	0.973	1.854E-213	0	334	336	0	334	336	335M
2802	9064	3.627E-305	0.993	3.624E-305	0	454	456	0	454	456	455M
2803	9064	3.627E-305	0.993	3.624E-305	0	454	456	0	454	456	455M
2804	9065	1.917E-213	0.973	1.854E-213	0	334	336	0	334	336	335M
2805	9066	3.397E-241	0.997	3.447E-241	0	350	352	0	350	352	351M
2806	9069	5.848E-219	1.00	6.143E-219	0	327	329	0	327	329	328M
2807	9070	2.732E-234	0.994	2.729E-234	0	346	348	0	346	348	347M
2808	11137	4.370E-261	0.987	4.537E-261	0	402	404	0	402	404	403M
2809	11136	3.596E-263	0.982	3.536E-263	0	406	408	0	406	408	407M
2810	11135	6.423E-323	1.00	6.423E-323	0	469	471	0	469	471	470M
2811	11134	1.456E-184	1.00	1.515E-184	0	275	277	0	275	277	276M
2812	11133	3.249E-185	0.996	3.284E-185	0	276	278	0	276	278	277M
2813	11132	2.942E-224	0.980	2.963E-224	0	355	357	0	355	357	356M
2814	11131	5.162E-132	0.995	4.916E-132	0	218	220	0	218	220	219M
2815	11130	3.371E-238	1.00	3.302E-238	0	362	364	0	362	364	363M
2816	11129	6.498E-105	0.971	6.799E-105	0	172	174	0	172	174	173M
2817	11128	1.323E-147	0.978	1.357E-147	0	234	236	0	234	236	235M
2818	11127	4.329E-64	0.990	4.383E-64	0	110	112	0	110	112	111M
2819	11126	1.292E-99	1.00	1.259E-99	0	155	157	0	155	157	156M
2820	11125	7.356E-153	0.995	7.581E-153	0	244	247	0	244	247	245M
2821	11124	4.797E-65	0.991	4.999E-65	0	111	126	0	111	114	112M
2822	11363	8.207E-118	1.00	8.421E-118	0	184	186	49	233	235	185M
2823	11364	2.349E-137	0.995	2.313E-137	0	212	214	0	212	214	213M
2824	11365	3.562E-298	0.997	3.508E-298	0	468	470	0	468	470	469M
2825	11366	1.396E-245	0.997	1.345E-245	0	389	391	0	389	391	390M
2826	11367	3.386E-201	1.00	3.297E-201	0	297	299	0	297	299	298M
2827	11368	2.444E-191	1.00	2.366E-191	0	296	299	0	296	299	297M
2828	11368	2.444E-191	1.00	2.366E-191	0	296	299	0	296	299	297M
2829	11367	3.386E-201	1.00	3.297E-201	0	297	299	0	297	299	298M
2830	11366	1.396E-245	0.997	1.345E-245	0	389	391	0	389	391	390M
2831	11365	3.562E-298	0.997	3.508E-298	0	468	470	0	468	470	469M
2832	11364	2.349E-137	0.995	2.313E-137	0	212	214	0	212	214	213M
2833	11363	8.207E-118	1.00	8.421E-118	0	184	186	49	233	235	185M
2834	11083	4.536E-82	0.833	4.639E-82	0	149	158	0	149	160	150M
2835	10950	3.762E-87	0.425	3.936E-87	0	330	340	0	330	345	331M
2836	10085	2.233E-09	0.239	2.237E-09	1	330	347	2	336	339	29M4D13M3D20M2D15M2D39M7I7M4D20M2D24M3D7M2D11M6D5M9D32M3I27M20I3M6I10M1D10M1D18M2D4M
2837	8563	2.106E-56	0.372	2.010E-56	0	300	316	11	309	316	87M1D25M1I11M1I36M2D33M4I44M2D5M1I53M
2838	11705	1.169E-18	0.247	1.173E-18	21	294	307	22	273	282	47M1D20M5I2M1I36M3I12M1I25M4I53M7I13M2I43M
2839	10758	3.511E-99	0.360	3.497E-99	11	489	502	9	489	503	335M1I17M3D126M
2841	11467	1.957E-105	0.523	1.915E-105	2	304	307	3	306	309	212M1D91M
2842	8745	1.147E-53	0.471	1.177E-53	13	207	227	7	200	209	169M1I25M
2843	9346	3.749E-47	0.368	3.933E-47	11	274	277	9	271	282	56M1D79M2I9M1I30M12D23M3I9M4I4M2I5M2I35M
2844	10951	1.033E-90	0.458	1.085E-90	5	325	331	3	324	331	177M4D6M3I135M
2845	10951	1.705E-129	0.714	1.658E-129	1	263	278	63	325	331	263M
2846	9134	2.760E-122	0.989	2.658E-122	0	185	187	2	187	189	186M
2847	9133	3.308E-192	0.986	3.361E-192	0	289	291	0	289	291	290M
2849	9132	1.092E-266	0.982	1.075E-266	0	408	410	0	408	410	409M
2850	9131	1.039E-92	0.987	1.053E-92	0	165	167	0	165	167	166M
2851	9130	2.217E-308	0.998	0.000E+00	0	686	688	0	686	688	687M
2852	9129	7.193E-36	1.00	7.202E-36	0	61	63	0	61	63	62M
2853	9129	7.193E-36	1.00	7.202E-36	0	61	63	0	61	63	62M
2854	9130	2.217E-308	0.998	0.000E+00	0	686	688	0	686	688	687M
2855	9131	1.039E-92	0.987	1.053E-92	0	165	167	0	165	167	166M
2856	9132	1.092E-266	0.982	1.075E-266	0	408	410	0	408	410	409M
2858	9133	3.308E-192	0.986	3.361E-192	0	289	291	0	289	291	290M
2859	9134	2.760E-122	0.989	2.658E-122	0	185	187	2	187	189	186M
2860	10250	4.299E-216	0.979	4.094E-216	0	339	340	0	339	343	340M
2861	10249	3.288E-151	0.969	3.240E-151	0	231	233	0	231	233	232M
2862	10248	1.145E-207	0.987	1.099E-207	0	315	317	0	315	317	316M
2863	10247	5.819E-101	1.00	6.063E-101	0	151	153	0	151	153	152M
2864	10246	2.794E-88	0.978	2.895E-88	0	141	143	1	142	144	142M
2865	10244	2.877E-254	0.956	2.920E-254	0	414	416	0	413	415	43M1I371M
2866	10244	2.877E-254	0.956	2.920E-254	0	414	416	0	413	415	43M1I371M
2867	10246	2.794E-88	0.978	2.895E-88	0	141	143	1	142	144	142M
2868	10247	5.819E-101	1.00	6.063E-101	0	151	153	0	151	153	152M
2869	10248	1.145E-207	0.987	1.099E-207	0	315	317	0	315	317	316M
2870	10249	3.288E-151	0.969	3.240E-151	0	231	233	0	231	233	232M
2871	10250	4.299E-216	0.979	4.094E-216	0	339	340	0	339	343	340M
2872	9366	2.217E-308	0.992	0.000E+00	0	794	795	0	794	810	795M
2873	9365	3.927E-297	0.981	3.808E-297	0	438	440	0	438	440	439M
2874	9364	1.252E-319	0.983	1.193E-319	0	482	484	0	482	484	483M
2875	9363	2.806E-167	0.989	2.818E-167	0	276	278	0	276	278	277M
2876	9362	1.440E-141	1.00	1.487E-141	0	208	210	0	208	210	209M
2877	9361	4.208E-169	0.995	4.155E-169	0	240	242	0	240	242	241M
2878	9360	6.234E-89	1.00	6.436E-89	0	136	138	0	136	138	137M
2879	9359	1.746E-293	1.00	1.754E-293	0	450	452	0	450	452	451M
2880	9358	1.532E-165	0.973	1.508E-165	0	260	262	0	260	262	261M
2881	9357	1.270E-286	0.986	1.213E-286	0	450	452	0	450	452	451M
2882	9356	4.284E-176	0.989	4.299E-176	0	280	282	122	402	404	281M
2884	11517	3.867E-175	0.960	3.726E-175	0	279	281	0	279	281	280M
2885	11516	1.593E-180	0.972	1.650E-180	0	285	287	0	285	287	286M
2886	11515	2.246E-197	0.967	2.302E-197	42	345	347	0	303	305	304M
2887	11514	7.292E-227	0.997	6.937E-227	0	340	342	9	349	351	341M
2888	11513	1.771E-221	1.00	1.774E-221	0	330	332	0	330	332	331M
2889	11512	1.088E-226	0.985	1.069E-226	0	356	358	0	356	358	357M
2890	11511	1.238E-160	0.983	1.245E-160	0	246	248	0	246	248	247M
2891	11510	1.550E-247	0.992	1.575E-247	0	395	397	0	395	397	396M
2892	11509	2.217E-308	0.994	0.000E+00	0	1035	1037	0	1035	1037	1036M
2893	10309	2.109E-250	0.994	2.210E-250	0	396	398	0	396	398	397M
2894	10308	4.626E-167	0.996	4.702E-167	0	260	262	0	260	262	261M
2895	10307	1.336E-228	0.982	1.373E-228	0	337	339	0	337	339	338M
2896	10306	7.256E-109	0.987	7.083E-109	0	165	167	0	165	167	166M
2897	10305	2.217E-308	0.995	0.000E+00	31	490	492	0	459	461	460M
2898	10304	2.305E-207	1.00	2.377E-207	0	317	320	0	317	320	318M
2899	10303	1.637E-36	1.00	1.635E-36	0	63	65	0	63	65	64M
2900	10302	2.217E-308	0.980	0.000E+00	0	822	824	0	822	824	823M
2901	10301	1.239E-83	0.992	1.184E-83	0	132	134	0	132	134	133M
2902	10300	9.253E-87	0.970	9.138E-87	0	133	136	0	133	136	134M
2903	10299	2.007E-76	1.00	2.005E-76	0	117	119	0	117	119	118M
2904	10805	2.409E-19	0.973	2.405E-19	0	37	38	96	133	155	38M
2905	10806	2.217E-308	0.996	0.000E+00	0	593	595	0	593	595	594M
2906	10807	1.680E-322	0.981	1.680E-322	0	476	478	0	476	478	477M
2907	10808	1.338E-306	0.983	1.344E-306	0	478	480	0	478	480	479M
2908	10809	2.217E-308	0.995	0.000E+00	0	612	614	0	612	614	613M
2909	10810	2.217E-308	0.984	0.000E+00	0	635	637	0	635	637	636M
2910	10811	6.342E-173	0.980	6.596E-173	0	255	257	0	255	257	256M
2911	10812	8.422E-128	0.970	8.416E-128	0	204	206	0	204	206	205M
2912	10813	2.217E-308	0.990	0.000E+00	0	625	626	0	625	770	626M
2913	11413	2.129E-215	1.00	2.093E-215	0	320	321	0	320	375	321M
2914	11414	7.660E-130	1.00	7.298E-130	0	197	199	0	197	199	198M
2915	11415	3.536E-63	1.00	3.634E-63	0	108	110	0	108	110	109M
2916	11416	2.494E-44	1.00	2.536E-44	0	77	79	0	77	79	78M
2917	11417	2.148E-257	0.989	2.118E-257	0	394	396	0	394	396	395M
2918	11418	1.678E-239	0.986	1.764E-239	0	360	362	0	360	362	361M
2919	11419	3.004E-116	0.988	2.926E-116	0	179	181	75	254	256	180M
2920	11419	3.004E-116	0.988	2.926E-116	0	179	181	75	254	256	180M
2921	11418	1.678E-239	0.986	1.764E-239	0	360	362	0	360	362	361M
2922	11417	2.148E-257	0.989	2.118E-257	0	394	396	0	394	396	395M
2923	11416	2.494E-44	1.00	2.536E-44	0	77	79	0	77	79	78M
2924	11415	3.536E-63	1.00	3.634E-63	0	108	110	0	108	110	109M
2925	11414	7.660E-130	1.00	7.298E-130	0	197	199	0	197	199	198M
2926	11413	2.129E-215	1.00	2.093E-215	0	320	321	0	320	375	321M
2927	12006	2.262E-45	0.351	2.167E-45	29	316	323	60	343	347	73M2D73M1I58M6D26M3I6M3I6M3I20M2I14M
2928	12004	3.428E-51	0.370	3.384E-51	7	257	260	36	286	290	251M
2929	10215	1.079E-68	0.497	1.082E-68	5	231	264	21	247	294	227M
2932	10252	5.435E-268	0.988	5.712E-268	0	433	435	0	433	435	434M
2933	10252	5.435E-268	0.988	5.712E-268	0	433	435	0	433	435	434M
2936	10215	1.079E-68	0.497	1.082E-68	5	231	264	21	247	294	227M
2937	12004	3.428E-51	0.370	3.384E-51	7	257	260	36	286	290	251M
2938	12006	2.262E-45	0.351	2.167E-45	29	316	323	60	343	347	73M2D73M1I58M6D26M3I6M3I6M3I20M2I14M
2950	11928	2.217E-308	0.998	0.000E+00	0	635	637	0	635	637	636M
2951	11929	3.720E-160	0.995	3.582E-160	0	235	237	0	235	237	236M
2952	11930	2.176E-146	1.00	2.179E-146	0	226	228	0	226	228	227M
2953	8749	2.806E-51	0.276	2.815E-51	9	468	478	26	507	515	80M2I18M14D7M5D31M1I97M4I147M1D27M8D6M3I29M4D8M
2954	11933	1.733E-174	1.00	1.649E-174	0	257	259	0	257	259	258M
2955	11934	8.178E-194	1.00	8.406E-194	0	291	293	0	291	293	292M
2956	11935	8.695E-179	1.00	8.807E-179	0	269	271	0	269	271	270M
2957	11936	7.732E-33	1.00	7.767E-33	0	55	57	0	55	57	56M
2958	11481	2.772E-201	0.986	2.730E-201	2	293	295	0	291	293	292M
2959	11480	2.487E-159	0.983	2.414E-159	0	242	244	0	242	244	243M
2960	11479	6.536E-262	0.995	6.488E-262	0	428	430	0	428	430	429M
2961	11478	1.183E-181	0.966	1.174E-181	0	269	271	0	269	271	270M
2962	11477	5.125E-284	0.991	5.239E-284	0	445	447	0	445	447	446M
2963	11477	5.125E-284	0.991	5.239E-284	0	445	447	0	445	447	446M
2964	11478	1.183E-181	0.966	1.174E-181	0	269	271	0	269	271	270M
2965	11479	6.536E-262	0.995	6.488E-262	0	428	430	0	428	430	429M
2966	11480	2.487E-159	0.983	2.414E-159	0	242	244	0	242	244	243M
2967	11481	2.508E-201	0.986	2.484E-201	0	291	293	0	291	293	292M
2968	11481	2.892E-24	0.975	2.882E-24	0	39	40	0	39	293	40M
2969	11722	1.119E-24	1.00	1.114E-24	0	45	46	0	45	88	46M
2970	11723	7.653E-207	0.984	7.728E-207	0	323	325	0	327	329	151M4D173M
2971	11724	2.991E-153	0.991	2.860E-153	0	231	233	0	231	233	232M
2972	11725	2.520E-48	1.00	2.447E-48	0	82	84	0	82	84	83M
2973	11726	3.622E-111	1.00	3.715E-111	0	174	176	0	174	176	175M
2974	11727	1.901E-28	1.00	1.897E-28	0	48	50	0	48	50	49M
2975	11728	2.172E-300	0.988	2.175E-300	0	440	442	0	440	442	441M
2976	11729	7.522E-239	0.974	7.314E-239	0	350	352	0	350	352	351M
2977	11729	7.522E-239	0.974	7.314E-239	0	350	352	0	350	352	351M
2978	11728	2.172E-300	0.988	2.175E-300	0	440	442	0	440	442	441M
2979	11727	1.901E-28	1.00	1.897E-28	0	48	50	0	48	50	49M
2980	11726	3.622E-111	1.00	3.715E-111	0	174	176	0	174	176	175M
2981	11725	2.520E-48	1.00	2.447E-48	0	82	84	0	82	84	83M
2982	11724	2.991E-153	0.991	2.860E-153	0	231	233	0	231	233	232M
2983	11723	7.653E-207	0.984	7.728E-207	0	323	325	0	327	329	151M4D173M
2984	11722	1.119E-24	1.00	1.114E-24	0	45	46	0	45	88	46M
2985	11566	4.082E-196	0.986	3.925E-196	0	300	313	0	300	312	301M
2986	11567	4.358E-260	0.997	4.417E-260	0	390	392	0	390	392	391M
2987	11568	2.217E-308	0.998	0.000E+00	0	594	596	0	594	596	595M
2989	11496	1.523E-240	0.981	1.459E-240	40	415	417	0	375	377	376M
2990	11496	1.523E-240	0.981	1.459E-240	40	415	417	0	375	377	376M
2992	11568	2.217E-308	0.998	0.000E+00	0	594	596	0	594	596	595M
2993	11567	4.358E-260	0.997	4.417E-260	0	390	392	0	390	392	391M
2994	11566	4.082E-196	0.986	3.925E-196	0	300	313	0	300	312	301M
2995	11552	6.525E-184	0.948	6.624E-184	0	293	295	0	293	295	294M
2996	11551	2.217E-308	0.977	0.000E+00	0	496	498	0	496	498	497M
2997	11550	1.368E-160	0.960	1.324E-160	0	254	256	0	254	256	255M
2998	11549	1.294E-293	0.951	1.246E-293	14	463	465	0	449	451	450M
2999	11548	8.536E-21	0.925	8.561E-21	0	39	41	0	39	41	40M
3002	11548	8.536E-21	0.925	8.561E-21	0	39	41	0	39	41	40M
3003	11549	1.294E-293	0.951	1.246E-293	14	463	465	0	449	451	450M
3004	11550	1.368E-160	0.960	1.324E-160	0	254	256	0	254	256	255M
3005	11551	2.217E-308	0.977	0.000E+00	0	496	498	0	496	498	497M
3006	11552	6.525E-184	0.948	6.624E-184	0	293	295	0	293	295	294M
3007	8585	8.180E-78	1.00	8.254E-78	0	128	138	0	128	768	129M
3008	8586	2.217E-308	0.998	0.000E+00	0	606	608	0	606	608	607M
3009	8587	4.842E-146	1.00	5.023E-146	0	217	219	0	217	219	218M
3010	8588	5.087E-49	0.988	5.285E-49	0	83	85	0	83	85	84M
3011	8589	7.581E-242	0.997	7.672E-242	0	365	367	0	365	367	366M
3012	8590	6.991E-172	0.984	6.685E-172	0	264	266	0	264	266	265M
3013	8591	1.382E-280	1.00	1.450E-280	0	419	421	0	419	421	420M
3014	8592	2.264E-84	0.963	2.264E-84	0	137	139	0	137	139	138M
3015	8593	9.888E-74	0.856	9.465E-74	0	138	142	0	138	141	139M
3016	8594	9.642E-219	0.996	1.002E-218	0	324	326	0	324	326	325M
3017	8595	2.217E-308	0.998	0.000E+00	0	688	690	0	688	690	689M
3018	9616	9.835E-188	0.993	9.611E-188	0	286	288	0	286	288	287M
3019	9617	1.686E-202	1.00	1.624E-202	0	300	302	0	300	302	301M
3020	9618	1.217E-76	1.00	1.202E-76	0	126	128	0	126	128	127M
3021	9619	1.700E-244	1.00	1.695E-244	0	369	371	0	369	371	370M
3022	9620	8.794E-106	0.987	9.140E-106	0	163	165	0	163	165	164M
3023	9621	1.670E-121	0.967	1.604E-121	0	183	185	0	183	185	184M
3024	9622	2.217E-308	0.995	0.000E+00	0	1331	1333	0	1331	1333	1332M
3025	12085	5.540E-82	0.750	5.657E-82	0	167	169	0	167	169	168M
3031	9213	1.372E-45	0.688	1.425E-45	3	108	111	21	126	130	106M
3034	9213	1.372E-45	0.688	1.425E-45	3	108	111	21	126	130	106M
3039	10672	7.504E-122	0.994	7.756E-122	0	181	183	0	181	183	182M
3040	10673	1.421E-136	1.00	1.396E-136	0	210	212	0	210	212	211M
3041	10674	6.794E-277	0.990	7.061E-277	0	439	441	0	439	441	440M
3042	10675	2.217E-308	0.997	0.000E+00	0	905	907	0	905	907	906M
3043	10675	2.217E-308	0.997	0.000E+00	0	905	907	0	905	907	906M
3044	10674	6.794E-277	0.990	7.061E-277	0	439	441	0	439	441	440M
3045	10673	1.421E-136	1.00	1.396E-136	0	210	212	0	210	212	211M
3046	10672	7.504E-122	0.994	7.756E-122	0	181	183	0	181	183	182M
3047	12140	1.672E-44	0.680	1.679E-44	2	101	103	302	401	403	100M
3048	9075	4.329E-180	0.968	4.452E-180	0	285	288	0	285	288	286M
3049	9076	4.948E-193	0.966	5.140E-193	0	296	298	0	296	298	297M
3050	9077	2.217E-308	0.989	0.000E+00	6	972	974	7	973	975	967M
3051	9077	2.217E-308	0.991	0.000E+00	0	889	891	84	973	975	890M
3052	9076	4.948E-193	0.966	5.140E-193	0	296	298	0	296	298	297M
3053	9075	4.329E-180	0.968	4.452E-180	0	285	288	0	285	288	286M
3054	12140	1.672E-44	0.680	1.679E-44	2	101	103	302	401	403	100M
3055	10652	1.698E-50	0.988	1.628E-50	0	83	85	195	278	280	84M
3056	10652	1.310E-143	0.953	1.273E-143	0	236	270	0	236	280	237M
3057	10651	7.419E-195	0.990	7.173E-195	0	299	301	0	299	301	300M
3058	10650	2.702E-75	0.985	2.800E-75	0	139	141	0	139	141	140M
3059	10649	7.754E-96	0.994	7.779E-96	0	166	168	0	166	168	167M
3060	10648	6.480E-220	0.991	6.540E-220	0	333	335	0	333	335	334M
3061	10647	1.234E-120	0.983	1.228E-120	0	186	188	0	186	188	187M
3062	10646	1.424E-98	0.987	1.429E-98	0	153	155	0	153	155	154M
3063	10645	1.141E-283	1.00	1.121E-283	0	414	416	0	414	416	415M
3064	10644	2.217E-308	0.981	0.000E+00	0	608	610	0	608	610	609M
3065	10643	2.217E-308	0.983	0.000E+00	0	811	813	0	811	813	812M
3066	9684	1.059E-293	0.995	1.094E-293	24	467	469	0	443	445	444M
3067	9683	9.253E-87	1.00	9.138E-87	0	134	136	0	134	136	135M
3068	9682	5.839E-141	0.995	6.043E-141	0	231	233	0	231	233	232M
3069	9681	6.908E-90	0.993	7.008E-90	0	149	151	0	149	151	150M
3070	9680	1.602E-221	0.955	1.624E-221	0	466	468	0	447	449	268M19I180M
3071	9679	6.900E-283	1.00	6.611E-283	0	425	427	0	425	427	426M
3072	9678	1.102E-115	0.994	1.051E-115	0	186	188	0	186	188	187M
3073	9677	2.561E-35	1.00	2.558E-35	0	61	63	0	61	63	62M
3074	9676	2.581E-212	1.00	2.473E-212	0	322	324	0	322	324	323M
3075	9675	2.828E-170	1.00	2.896E-170	0	257	259	0	257	259	258M
3076	9674	1.037E-130	0.995	1.066E-130	0	203	205	0	203	205	204M
3077	9673	1.601E-66	0.990	1.595E-66	0	105	107	0	105	107	106M
3078	9672	5.483E-78	0.992	5.624E-78	0	128	130	0	128	130	129M
3079	9671	1.026E-126	0.708	9.874E-127	0	271	273	540	810	812	35M1D15M2I175M1D18M1I26M
3080	11565	6.907E-206	0.987	6.696E-206	0	322	324	0	322	324	323M
3081	11564	2.612E-294	0.997	2.676E-294	0	457	459	0	457	459	458M
3082	11563	4.385E-185	0.986	4.413E-185	0	289	291	0	289	291	290M
3083	11562	2.183E-186	0.996	2.276E-186	0	293	295	0	293	295	294M
3084	11559	2.767E-239	1.00	2.711E-239	0	349	351	0	349	351	350M
3085	11558	1.288E-214	0.982	1.311E-214	0	338	340	0	338	340	339M
3086	11557	2.794E-204	0.978	2.677E-204	0	320	322	17	337	339	321M
3087	11556	4.208E-169	0.988	4.095E-169	0	253	255	0	253	255	254M
3088	11555	9.569E-100	0.912	9.352E-100	3	162	164	2	161	163	160M
3089	11554	1.051E-174	0.965	1.060E-174	0	261	263	0	261	263	262M
3090	11553	1.711E-169	0.966	1.636E-169	0	267	269	0	269	271	209M2D59M
3091	11399	2.185E-225	0.993	2.266E-225	0	327	329	0	327	329	328M
3092	11400	3.196E-256	0.992	3.210E-256	0	378	380	0	378	380	379M
3093	11401	2.599E-176	0.996	2.567E-176	0	249	251	0	249	251	250M
3094	11402	6.006E-268	1.00	6.312E-268	0	408	410	0	408	410	409M
3095	11403	1.523E-240	0.994	1.557E-240	0	362	364	0	362	364	363M
3096	11404	2.635E-220	1.00	2.541E-220	0	333	335	0	333	335	334M
3097	11405	2.010E-270	0.990	2.050E-270	0	400	402	0	400	402	401M
3098	11406	4.892E-266	0.992	5.076E-266	0	394	396	0	394	396	395M
3099	11407	3.988E-187	1.00	3.851E-187	0	282	284	0	282	284	283M
3100	11408	1.506E-81	1.00	1.527E-81	0	128	130	0	128	130	129M
3101	11409	1.441E-64	1.00	1.430E-64	0	100	102	0	100	102	101M
3103	11792	5.548E-276	1.00	5.623E-276	0	443	445	0	443	445	444M
3104	11793	6.949E-131	1.00	6.747E-131	0	200	202	0	200	202	201M
3105	11794	2.089E-285	1.00	2.025E-285	0	436	438	0	436	438	437M
3106	11795	6.813E-162	0.991	6.531E-162	0	237	239	0	237	239	238M
3107	11796	4.003E-111	1.00	4.155E-111	0	183	185	0	183	185	184M
3108	11797	2.217E-308	1.00	0.000E+00	0	507	509	0	507	509	508M
3109	11798	2.217E-308	0.994	0.000E+00	0	713	715	0	713	715	714M
3110	11799	1.532E-281	1.00	1.598E-281	0	419	421	0	419	421	420M
3111	8880	5.164E-20	1.00	5.178E-20	0	37	39	0	37	39	38M
3112	8881	2.217E-308	1.00	0.000E+00	0	820	822	0	820	822	821M
3113	8882	3.490E-58	1.00	3.578E-58	0	91	93	0	91	93	92M
3114	8883	4.802E-19	1.00	4.795E-19	0	37	39	0	37	39	38M
3115	8884	7.930E-66	1.00	8.317E-66	0	100	102	0	100	102	101M
3116	8885	8.222E-80	1.00	8.016E-80	4	125	127	0	121	123	122M
3117	8886	6.807E-123	1.00	6.838E-123	0	183	185	0	183	185	184M
3118	8887	1.361E-42	1.00	1.359E-42	0	68	70	0	68	70	69M
3119	8888	1.376E-46	1.00	1.379E-46	0	74	76	0	74	76	75M
3120	8888	1.376E-46	1.00	1.379E-46	0	74	76	0	74	76	75M
3121	8887	1.361E-42	1.00	1.359E-42	0	68	70	0	68	70	69M
3122	8886	6.807E-123	1.00	6.838E-123	0	183	185	0	183	185	184M
3123	8885	8.222E-80	1.00	8.016E-80	4	125	127	0	121	123	122M
3124	8884	7.930E-66	1.00	8.317E-66	0	100	102	0	100	102	101M
3125	8883	4.802E-19	1.00	4.795E-19	0	37	39	0	37	39	38M
3126	8882	3.490E-58	1.00	3.578E-58	0	91	93	0	91	93	92M
3127	8881	2.217E-308	1.00	0.000E+00	0	820	822	0	820	822	821M
3128	8880	5.164E-20	1.00	5.178E-20	0	37	39	0	37	39	38M
3129	10776	6.732E-80	1.00	6.603E-80	0	121	123	0	121	123	122M
3130	10775	2.303E-168	1.00	2.318E-168	0	243	245	0	243	245	244M
3131	10774	2.217E-308	0.998	0.000E+00	0	575	577	0	575	577	576M
3132	10773	3.027E-235	0.997	2.899E-235	0	379	381	0	379	381	380M
3133	10772	8.992E-192	1.00	9.407E-192	0	311	313	0	311	313	312M
3134	10771	2.217E-308	0.991	0.000E+00	0	669	671	0	669	671	670M
3135	10770	2.217E-308	0.996	0.000E+00	0	605	607	0	605	607	606M
3136	10769	2.217E-308	0.952	0.000E+00	0	546	548	47	593	595	547M
3137	10438	1.694E-320	0.993	1.762E-320	0	468	470	0	468	470	469M
3138	10439	2.217E-308	0.997	0.000E+00	0	711	713	0	711	713	712M
3139	10440	4.884E-188	0.993	4.720E-188	0	291	293	0	291	293	292M
3142	10440	4.884E-188	0.993	4.720E-188	0	291	293	0	291	293	292M
3143	10439	2.217E-308	0.997	0.000E+00	0	711	713	0	711	713	712M
3144	10438	1.694E-320	0.993	1.762E-320	0	468	470	0	468	470	469M
3145	9662	2.001E-75	0.953	2.104E-75	0	127	135	0	127	811	128M
3146	9661	1.194E-146	0.991	1.216E-146	0	227	229	0	227	229	228M
3147	9660	1.080E-262	1.00	1.107E-262	0	417	419	8	425	427	418M
3148	9659	2.694E-190	1.00	2.590E-190	0	301	303	0	301	303	302M
3149	9658	8.569E-96	0.993	8.267E-96	0	154	156	0	154	156	155M
3150	9657	6.380E-214	0.996	6.613E-214	0	312	314	0	312	314	313M
3151	9657	6.380E-214	0.996	6.613E-214	0	312	314	0	312	314	313M
3152	9658	8.569E-96	0.993	8.267E-96	0	154	156	0	154	156	155M
3153	9659	2.694E-190	1.00	2.590E-190	0	301	303	0	301	303	302M
3154	9660	1.080E-262	1.00	1.107E-262	0	417	419	8	425	427	418M
3155	9661	1.194E-146	0.991	1.216E-146	0	227	229	0	227	229	228M
3156	9662	2.001E-75	0.953	2.104E-75	0	127	135	0	127	811	128M
3167	8646	2.769E-11	0.247	2.777E-11	0	166	191	3	167	210	29M1D37M1D7M1I9M1D71M4I9M
3170	10732	2.183E-08	0.259	2.183E-08	2	224	226	4	250	261	29M1I16M7D12M1I4M8D8M18D61M6I21M1I3M2I11M2D47M
3171	10240	9.586E-62	0.990	9.681E-62	0	104	106	0	104	106	105M
3172	10239	1.494E-194	0.993	1.551E-194	0	302	304	0	302	304	303M
3173	10238	1.933E-255	0.997	1.864E-255	0	409	411	0	409	411	410M
3174	10237	2.274E-163	1.00	2.307E-163	0	253	255	0	253	255	254M
3175	10236	6.508E-183	0.996	6.257E-183	0	267	269	0	267	269	268M
3176	10235	2.217E-308	0.981	0.000E+00	0	528	530	0	526	528	224M2I303M
3177	10234	2.217E-308	0.982	0.000E+00	0	571	573	1	572	574	572M
3178	10233	3.923E-258	0.997	3.895E-258	0	405	407	0	405	407	406M
3180	9892	4.658E-131	0.990	4.772E-131	0	206	208	0	206	208	207M
3181	9891	2.217E-308	0.997	0.000E+00	0	893	895	0	893	895	894M
3182	9890	6.742E-274	0.993	6.518E-274	0	430	432	0	430	432	431M
3183	9889	1.335E-189	0.983	1.296E-189	0	295	297	0	295	297	296M
3184	9888	2.227E-155	0.995	2.258E-155	0	242	244	0	242	244	243M
3185	9887	8.604E-291	0.997	8.817E-291	0	428	430	0	428	430	429M
3186	9886	2.217E-308	0.998	0.000E+00	0	594	596	0	594	596	595M
3187	8786	2.217E-308	0.998	0.000E+00	0	691	693	0	691	693	692M
3188	8787	3.615E-149	1.00	3.614E-149	0	224	226	0	224	226	225M
3189	8788	4.273E-175	0.988	4.178E-175	0	268	270	0	268	270	269M
3190	8789	2.217E-308	0.990	0.000E+00	0	818	820	0	818	820	819M
3191	8790	3.560E-143	0.965	3.543E-143	0	229	231	0	229	231	230M
3192	8791	4.493E-117	0.983	4.276E-117	0	185	187	0	185	187	186M
3193	8792	1.718E-132	1.00	1.767E-132	0	203	205	0	203	205	204M
3194	8793	3.556E-220	0.997	3.525E-220	0	340	342	0	340	342	341M
3195	8794	4.602E-165	0.996	4.776E-165	0	252	253	0	252	336	253M
3196	11289	1.697E-166	0.981	1.681E-166	2	267	269	432	697	699	266M
3197	11290	1.766E-15	1.00	1.759E-15	0	30	32	0	30	32	31M
3198	11291	2.217E-308	0.995	0.000E+00	0	741	743	0	741	743	742M
3199	11292	5.157E-93	1.00	5.063E-93	0	143	145	0	143	145	144M
3200	11293	1.713E-247	0.992	1.774E-247	0	384	386	0	384	386	385M
3201	11293	1.713E-247	0.992	1.774E-247	0	384	386	0	384	386	385M
3202	11292	5.157E-93	1.00	5.063E-93	0	143	145	0	143	145	144M
3203	11291	2.217E-308	0.995	0.000E+00	0	741	743	0	741	743	742M
3204	11290	1.766E-15	1.00	1.759E-15	0	30	32	0	30	32	31M
3205	11289	1.697E-166	0.981	1.681E-166	2	267	269	432	697	699	266M
3206	9168	7.381E-193	0.996	7.217E-193	0	310	312	17	327	329	311M
3207	9169	2.442E-152	1.00	2.436E-152	0	243	245	0	243	245	244M
3208	9170	2.319E-43	1.00	2.325E-43	0	77	79	0	77	79	78M
3209	9171	2.601E-99	1.00	2.482E-99	0	156	158	0	156	158	157M
3210	9172	8.343E-163	0.996	8.534E-163	0	254	256	0	254	256	255M
3211	9173	3.238E-145	1.00	3.230E-145	0	223	225	0	223	225	224M
3212	9174	9.577E-139	0.995	9.565E-139	0	218	220	0	218	220	219M
3213	9175	2.217E-308	0.993	0.000E+00	0	592	594	0	592	594	593M
3214	9176	1.224E-117	0.978	1.211E-117	0	185	187	0	185	187	186M
3215	9177	5.013E-82	1.00	5.120E-82	0	125	127	0	125	127	126M
3216	9178	8.488E-131	1.00	8.664E-131	0	192	194	0	192	194	193M
3217	9179	4.711E-58	1.00	4.806E-58	0	97	99	0	97	99	98M
3218	9180	1.249E-202	1.00	1.275E-202	0	315	317	0	315	317	316M
3219	10462	2.131E-138	0.973	2.170E-138	0	223	224	0	223	246	224M
3220	10463	1.525E-202	0.980	1.499E-202	0	305	307	0	305	307	306M
3221	10464	1.352E-194	0.989	1.310E-194	0	285	287	0	285	287	286M
3222	10465	2.804E-128	0.971	2.746E-128	0	206	209	0	206	209	207M
3223	10466	4.114E-199	0.996	4.292E-199	0	300	302	0	300	302	301M
3224	10467	2.765E-84	0.993	2.877E-84	0	142	144	0	142	144	143M
3225	10468	1.067E-141	0.991	1.085E-141	0	228	230	0	228	230	229M
3226	10469	2.217E-308	0.989	0.000E+00	0	495	497	0	495	497	496M
3227	10470	3.873E-137	0.957	3.953E-137	0	210	212	0	210	212	211M
3228	10471	1.137E-127	0.979	1.083E-127	0	196	198	0	196	198	197M
3229	10472	3.380E-239	0.974	3.331E-239	0	394	396	0	394	396	395M
3231	10696	2.996E-115	0.994	2.877E-115	0	174	176	42	216	218	175M
3232	10695	1.274E-171	0.978	1.244E-171	0	284	286	0	284	286	285M
3234	10693	1.873E-204	0.996	1.929E-204	0	313	315	0	313	315	314M
3235	10692	2.217E-308	0.995	0.000E+00	0	649	651	0	649	651	650M
3236	10691	8.636E-99	0.993	9.021E-99	0	150	152	0	150	152	151M
3237	10690	5.090E-204	0.990	5.310E-204	0	301	303	0	301	303	302M
3238	10689	4.723E-59	1.00	4.658E-59	0	101	103	0	101	103	102M
3239	10688	1.902E-94	1.00	1.815E-94	0	146	148	0	146	148	147M
3240	10687	6.673E-154	0.982	6.496E-154	0	233	235	0	233	235	234M
3241	10686	3.433E-40	1.00	3.440E-40	0	71	73	0	71	73	72M
3242	10685	3.064E-85	0.993	3.213E-85	0	149	151	0	149	151	150M
3243	10684	1.162E-174	0.996	1.111E-174	0	262	264	43	305	307	263M
3244	12115	1.350E-116	0.617	1.374E-116	0	305	310	0	304	317	84M1I221M
3246	12112	4.901E-112	1.00	4.849E-112	0	171	173	0	171	173	172M
3250	10293	2.481E-15	0.453	2.479E-15	7	70	76	10	73	78	64M
3251	10287	1.094E-27	0.661	1.094E-27	0	70	72	0	67	72	5M3I63M
3252	10287	1.094E-27	0.661	1.094E-27	0	70	72	0	67	72	5M3I63M
3253	10293	2.481E-15	0.453	2.479E-15	7	70	76	10	73	78	64M
3257	12112	4.901E-112	1.00	4.849E-112	0	171	173	0	171	173	172M
3259	12115	1.350E-116	0.617	1.374E-116	0	305	310	0	304	317	84M1I221M
3260	11027	2.089E-169	0.996	2.092E-169	0	263	281	0	263	265	264M
3261	11028	5.042E-239	0.994	5.160E-239	0	356	358	0	356	358	357M
3262	11029	1.489E-270	1.00	1.531E-270	0	414	416	0	414	416	415M
3263	11030	4.718E-252	0.984	4.761E-252	0	388	390	0	388	390	389M
3264	11030	4.718E-252	0.984	4.761E-252	0	388	390	0	388	390	389M
3265	11029	1.489E-270	1.00	1.531E-270	0	414	416	0	414	416	415M
3266	11028	5.042E-239	0.994	5.160E-239	0	356	358	0	356	358	357M
3267	11027	2.089E-169	0.996	2.092E-169	0	263	281	0	263	265	264M
3268	11534	5.848E-219	0.997	5.595E-219	0	352	354	0	352	354	353M
3269	11533	2.217E-308	0.994	0.000E+00	0	514	516	0	514	516	515M
3270	11532	3.240E-184	0.992	3.387E-184	0	272	274	0	272	274	273M
3271	11531	2.217E-308	0.979	0.000E+00	0	527	529	0	527	529	528M
3272	11530	4.566E-278	0.995	4.549E-278	0	441	443	0	441	443	442M
3273	11529	2.596E-253	0.958	2.545E-253	0	386	388	0	386	388	387M
3274	11528	1.716E-209	0.993	1.766E-209	0	321	323	0	321	323	322M
3275	11527	9.552E-138	0.976	9.414E-138	0	213	215	0	213	215	214M
3276	11526	2.528E-88	0.965	2.557E-88	0	144	147	0	144	147	145M
3277	10805	1.576E-60	0.989	1.545E-60	0	97	98	0	97	155	98M
3278	10804	5.261E-62	0.980	5.528E-62	0	99	101	0	99	101	100M
3279	10803	7.948E-299	1.00	7.814E-299	0	456	458	0	456	458	457M
3280	10803	7.948E-299	1.00	7.814E-299	0	456	458	0	456	458	457M
3281	10804	5.261E-62	0.980	5.528E-62	0	99	101	0	99	101	100M
3282	10805	4.748E-61	0.989	4.937E-61	0	98	107	0	98	155	99M
3283	10805	6.365E-97	0.993	6.308E-97	0	153	155	0	153	155	154M
3284	10804	5.261E-62	0.980	5.528E-62	0	99	101	0	99	101	100M
3285	10803	7.948E-299	1.00	7.814E-299	0	456	458	0	456	458	457M
3286	10803	7.948E-299	1.00	7.814E-299	0	456	458	0	456	458	457M
3287	10804	5.261E-62	0.980	5.528E-62	0	99	101	0	99	101	100M
3288	10805	1.576E-60	0.989	1.545E-60	0	97	98	0	97	155	98M
3289	9284	5.073E-164	0.959	4.926E-164	0	247	249	0	247	249	248M
3290	9283	3.886E-293	0.995	3.856E-293	0	467	469	0	467	469	468M
3291	9282	2.321E-287	0.990	2.374E-287	0	415	417	0	415	417	416M
3292	9281	3.120E-92	1.00	3.120E-92	0	148	150	0	148	150	149M
3293	9280	3.688E-118	0.983	3.703E-118	0	177	182	0	177	179	178M
3295	9280	3.688E-118	0.983	3.703E-118	0	177	182	0	177	179	178M
3296	9281	3.120E-92	1.00	3.120E-92	0	148	150	0	148	150	149M
3297	9282	2.321E-287	0.990	2.374E-287	0	415	417	0	415	417	416M
3298	9283	3.886E-293	0.995	3.856E-293	0	467	469	0	467	469	468M
3299	9284	5.073E-164	0.959	4.926E-164	0	247	249	0	247	249	248M
3300	8810	4.104E-82	0.891	4.159E-82	0	147	149	0	147	149	148M
3301	8809	2.470E-195	0.993	2.502E-195	0	290	292	10	300	302	291M
3302	8808	2.983E-152	0.991	3.080E-152	0	248	250	0	248	250	249M
3303	8807	1.940E-295	0.995	1.920E-295	0	441	443	0	441	443	442M
3304	8806	1.626E-188	0.978	1.647E-188	2	282	284	0	280	282	281M
3305	8805	5.788E-215	0.985	5.527E-215	0	333	335	0	333	335	334M
3306	8804	2.217E-308	0.999	0.000E+00	0	1227	1229	0	1227	1229	1228M
3307	10802	4.507E-273	0.983	4.688E-273	0	425	427	4	429	431	426M
3308	10801	2.644E-260	0.992	2.737E-260	0	400	402	0	400	402	401M
3309	10800	6.829E-279	0.997	6.503E-279	0	406	408	0	406	408	407M
3310	10799	2.859E-213	0.996	2.723E-213	0	317	324	0	317	322	318M
3311	10799	2.859E-213	0.996	2.723E-213	0	317	324	0	317	322	318M
3312	10800	6.829E-279	0.997	6.503E-279	0	406	408	0	406	408	407M
3313	10801	2.644E-260	0.992	2.737E-260	0	400	402	0	400	402	401M
3314	10802	4.507E-273	0.983	4.688E-273	0	425	427	4	429	431	426M
3315	9156	1.330E-149	0.922	1.334E-149	0	243	245	0	243	245	244M
3316	9157	1.572E-291	0.992	1.586E-291	0	425	427	0	425	427	426M
3317	9158	1.143E-245	0.976	1.170E-245	2	386	388	0	384	386	385M
3318	9159	1.861E-163	0.963	1.823E-163	0	248	250	0	248	250	249M
3319	9160	2.355E-138	0.995	2.350E-138	0	213	219	0	213	215	214M
3320	9161	2.258E-199	0.996	2.209E-199	0	306	308	0	306	308	307M
3321	9162	1.026E-126	1.00	1.033E-126	0	197	199	0	197	199	198M
3322	9163	9.244E-164	1.00	9.391E-164	0	254	256	0	254	256	255M
3323	9164	2.583E-135	1.00	2.461E-135	0	204	206	0	204	206	205M
3324	9165	2.216E-153	0.995	2.217E-153	0	219	221	0	219	221	220M
3325	9166	1.519E-123	1.00	1.554E-123	0	185	187	0	185	187	186M
3326	9167	2.436E-35	1.00	2.431E-35	0	60	62	0	60	62	61M
3327	9030	9.746E-22	1.00	9.763E-22	0	40	42	16	56	58	41M
3328	9029	5.412E-189	0.982	5.446E-189	0	292	294	0	292	294	293M
3329	9028	1.113E-196	1.00	1.070E-196	0	290	292	0	290	292	291M
3330	9027	1.569E-97	1.00	1.546E-97	0	150	152	0	150	152	151M
3331	9026	8.900E-188	1.00	8.490E-188	0	270	272	0	270	272	271M
3332	9025	1.040E-170	1.00	1.039E-170	0	242	244	0	242	244	243M
3333	9024	1.703E-206	1.00	1.789E-206	0	314	316	0	314	316	315M
3334	9023	2.217E-308	0.996	0.000E+00	0	1009	1011	0	1009	1011	1010M
3335	9022	4.658E-131	0.995	4.551E-131	0	205	207	0	205	207	206M
3336	10541	2.217E-308	0.998	0.000E+00	0	917	919	0	917	919	918M
3337	10542	9.634E-180	0.992	9.693E-180	0	269	271	0	269	271	270M
3338	10543	4.961E-194	0.987	4.867E-194	0	313	315	0	313	315	314M
3339	10544	5.843E-180	0.989	6.025E-180	0	279	281	0	279	281	280M
3340	10545	2.217E-308	1.00	0.000E+00	0	529	531	0	529	531	530M
3341	10546	2.701E-191	0.993	2.651E-191	0	286	288	0	286	288	287M
3342	10547	2.347E-98	0.969	2.373E-98	0	161	179	0	161	196	162M
3343	9936	2.217E-308	1.00	0.000E+00	0	557	559	0	557	559	558M
3345	9937	7.355E-269	1.00	7.718E-269	0	417	419	94	511	513	418M
3346	9938	1.092E-305	1.00	1.100E-305	0	469	471	0	469	471	470M
3347	9939	1.203E-265	0.990	1.262E-265	0	400	402	0	400	402	401M
3348	9940	1.557E-210	0.984	1.539E-210	0	316	318	0	316	318	317M
3349	9941	2.217E-308	0.981	0.000E+00	0	607	609	0	607	609	608M
3351	11903	5.000E-81	1.00	4.776E-81	0	132	134	0	132	134	133M
3352	11902	2.217E-308	0.986	0.000E+00	10	605	607	0	592	594	578M3I15M
3353	11901	2.217E-308	0.998	0.000E+00	0	690	692	0	690	692	691M
3354	11900	1.394E-206	0.980	1.395E-206	0	302	304	0	302	304	303M
3355	11899	5.179E-172	0.996	4.961E-172	0	251	253	0	251	253	252M
3356	11898	1.738E-59	0.978	1.672E-59	0	93	95	0	93	95	94M
3357	11897	8.150E-270	0.994	8.384E-270	0	383	385	0	383	385	384M
3358	11896	1.128E-240	0.985	1.160E-240	0	349	351	0	349	351	350M
3359	10957	1.309E-259	1.00	1.308E-259	0	393	395	57	450	452	394M
3360	10956	1.844E-198	1.00	1.777E-198	0	290	292	0	290	292	291M
3361	10955	7.833E-216	0.990	7.599E-216	0	331	333	0	331	333	332M
3362	10954	5.426E-190	0.993	5.277E-190	0	296	298	0	296	298	297M
3363	10953	1.536E-166	0.996	1.479E-166	0	271	273	0	271	273	272M
3364	10952	1.411E-172	0.996	1.449E-172	0	265	267	0	265	267	266M
3365	10951	5.347E-223	0.990	5.284E-223	0	329	331	0	329	331	330M
3366	10950	1.598E-220	0.973	1.576E-220	0	343	345	0	343	345	344M
3367	10949	1.253E-126	0.989	1.265E-126	0	189	190	0	189	233	190M
3368	10253	7.780E-136	0.985	7.427E-136	0	212	214	0	212	214	213M
3369	10254	5.729E-211	0.993	5.895E-211	0	309	311	0	309	311	310M
3370	10255	3.985E-264	0.995	4.037E-264	0	400	402	0	400	402	401M
3371	10256	6.425E-178	0.989	6.583E-178	0	285	287	0	285	287	286M
3372	10257	5.729E-95	0.993	5.493E-95	0	154	156	0	154	156	155M
3373	10258	2.217E-308	0.997	0.000E+00	0	880	882	0	880	882	881M
3374	10259	1.700E-128	1.00	1.680E-128	0	190	192	0	190	192	191M
3375	9862	2.218E-76	0.983	2.320E-76	0	120	122	14	134	136	121M
3376	9861	1.105E-232	1.00	1.118E-232	0	358	360	0	358	360	359M
3377	9860	6.256E-129	1.00	6.038E-129	0	195	197	0	195	197	196M
3378	9859	5.379E-148	1.00	5.265E-148	0	214	216	0	214	216	215M
3379	9858	3.055E-316	0.995	2.967E-316	37	508	510	0	471	473	472M
3380	9858	3.055E-316	0.995	2.967E-316	37	508	510	0	471	473	472M
3381	9859	5.379E-148	1.00	5.265E-148	0	214	216	0	214	216	215M
3382	9860	6.256E-129	1.00	6.038E-129	0	195	197	0	195	197	196M
3383	9861	1.105E-232	1.00	1.118E-232	0	358	360	0	358	360	359M
3384	9862	2.218E-76	0.983	2.320E-76	0	120	122	14	134	136	121M
3385	12000	1.256E-127	0.953	1.286E-127	0	213	215	31	244	246	214M
3386	11999	9.251E-203	0.996	9.360E-203	0	295	297	0	295	297	296M
3387	11998	3.634E-151	0.982	3.676E-151	0	227	229	0	227	229	228M
3388	11997	2.217E-308	0.979	0.000E+00	0	623	625	0	623	625	624M
3389	11996	2.159E-27	1.00	2.153E-27	0	52	54	0	52	54	53M
3390	11995	3.096E-89	0.957	3.176E-89	0	141	143	0	141	143	142M
3391	11994	1.976E-70	1.00	1.933E-70	0	108	110	0	108	110	109M
3392	11993	3.168E-214	0.994	3.107E-214	0	343	345	0	343	345	344M
3393	11992	5.012E-198	1.00	5.098E-198	0	299	301	0	299	301	300M
3394	11991	6.616E-112	0.989	6.879E-112	0	185	187	0	185	187	186M
3395	11990	9.693E-105	0.994	9.321E-105	0	172	174	0	172	174	173M
3396	11989	1.058E-41	1.00	1.056E-41	0	72	73	0	72	228	73M
3397	9857	1.867E-48	0.988	1.874E-48	0	83	85	0	83	85	84M
3398	9856	1.331E-188	1.00	1.383E-188	0	285	287	0	285	287	286M
3399	9853	7.262E-148	0.995	7.569E-148	0	215	217	0	215	217	216M
3400	9852	3.294E-113	1.00	3.140E-113	0	160	162	0	160	162	161M
3401	9851	2.217E-308	0.998	0.000E+00	0	763	765	0	763	765	764M
3402	9850	2.217E-308	0.998	0.000E+00	0	717	719	0	717	719	718M
3403	9849	3.903E-256	1.00	3.963E-256	0	349	351	0	349	351	350M
3404	11160	8.364E-164	0.991	8.421E-164	0	245	247	0	245	247	246M
3405	11159	2.217E-308	0.989	0.000E+00	0	844	846	0	844	846	845M
3406	11158	1.172E-216	0.997	1.161E-216	0	338	340	0	338	340	339M
3407	11158	1.172E-216	0.997	1.161E-216	0	338	340	0	338	340	339M
3408	11159	2.217E-308	0.989	0.000E+00	0	844	846	0	844	846	845M
3409	11160	8.364E-164	0.991	8.421E-164	0	245	247	0	245	247	246M
3410	12009	8.450E-284	0.982	8.641E-284	0	449	451	38	487	489	450M
3411	9193	8.658E-100	0.424	8.376E-100	7	393	395	0	393	395	16M3D9M2D18M1D2M4D35M1I104M1I28M1I145M1D13M1I13M
3412	12006	2.427E-227	0.997	2.485E-227	0	345	347	0	345	347	346M
3413	12005	2.806E-167	0.988	2.882E-167	0	263	265	0	263	265	264M
3414	12004	2.155E-181	1.00	2.091E-181	0	288	290	0	288	290	289M
3415	12003	2.022E-195	0.986	2.006E-195	0	292	294	0	292	294	293M
3416	12002	7.243E-147	0.954	7.305E-147	0	242	245	0	242	245	243M
3417	12001	2.520E-322	0.985	2.421E-322	3	491	493	0	488	490	489M
3418	9607	2.217E-308	0.919	0.000E+00	0	3000	3006	0	2975	3176	211M95I2645M10D4M10D8M32D3M18D35M
3429	11738	1.371E-238	0.994	1.328E-238	0	357	358	0	357	374	358M
3430	11737	5.879E-105	1.00	5.896E-105	0	169	171	0	169	171	170M
3431	11736	7.401E-78	1.00	7.184E-78	0	120	122	0	120	122	121M
3432	11735	1.092E-305	0.989	1.128E-305	0	456	458	0	456	458	457M
3433	11734	4.381E-262	0.984	4.503E-262	0	393	395	22	415	417	394M
3434	11733	2.789E-126	0.994	2.661E-126	0	197	199	0	197	199	198M
3435	11732	1.015E-199	1.00	1.047E-199	0	317	319	0	317	319	318M
3436	11731	1.996E-74	0.975	1.933E-74	0	120	122	0	120	122	121M
3437	11730	1.114E-274	0.979	1.090E-274	0	385	387	0	385	387	386M
3438	11161	2.100E-24	1.00	2.102E-24	0	41	46	54	95	179	42M
3439	11162	8.924E-73	1.00	9.214E-73	0	115	117	0	115	117	116M
3440	11163	4.646E-41	0.957	4.654E-41	0	69	71	0	69	71	70M
3441	11164	1.431E-216	0.996	1.366E-216	0	328	330	0	328	330	329M
3442	11165	5.188E-250	1.00	5.359E-250	0	361	363	0	361	363	362M
3443	11166	1.700E-321	0.971	1.670E-321	0	485	487	0	485	487	486M
3444	11167	1.082E-108	1.00	1.055E-108	0	180	182	0	180	182	181M
3445	11168	2.278E-125	1.00	2.309E-125	0	196	198	0	196	198	197M
3446	11169	2.739E-119	0.988	2.741E-119	0	180	207	0	180	182	181M
3447	11170	1.294E-177	0.978	1.324E-177	0	273	275	0	273	275	274M
3448	11171	1.636E-113	1.00	1.561E-113	0	185	187	0	185	187	186M
3449	11172	4.127E-30	0.950	4.147E-30	0	60	62	0	60	62	61M
3450	9669	2.968E-150	1.00	2.946E-150	0	231	233	0	231	233	232M
3451	9668	1.700E-244	1.00	1.688E-244	0	396	398	0	396	398	397M
3452	9667	1.511E-237	1.00	1.577E-237	0	355	357	0	355	357	356M
3453	9666	3.884E-138	0.980	3.953E-138	0	208	210	0	208	210	209M
3454	9665	7.211E-184	0.992	7.219E-184	0	268	270	0	268	270	269M
3455	9664	6.789E-238	0.997	6.809E-238	0	364	366	0	364	366	365M
3456	9663	1.438E-218	1.00	1.509E-218	0	326	328	0	326	328	327M
3457	9662	2.217E-308	0.986	0.000E+00	0	687	689	122	809	811	688M
3459	10747	6.304E-132	0.994	6.430E-132	0	197	199	0	197	199	198M
3460	10748	3.720E-160	0.995	3.756E-160	0	236	238	0	236	238	237M
3461	10749	1.299E-256	1.00	1.290E-256	0	372	374	0	372	374	373M
3462	10750	3.511E-99	0.993	3.570E-99	0	157	159	0	157	159	158M
3463	10751	2.794E-88	0.986	2.683E-88	0	146	148	0	146	148	147M
3464	10752	4.817E-144	0.995	4.862E-144	0	227	229	0	227	229	228M
3465	10753	2.217E-308	1.00	0.000E+00	0	556	558	0	556	558	557M
3466	10754	1.059E-61	1.00	1.040E-61	0	99	101	0	99	101	100M
3467	10755	1.079E-68	1.00	1.118E-68	0	120	122	0	120	122	121M
3468	10756	2.417E-148	0.995	2.435E-148	0	231	233	0	231	233	232M
3469	10757	3.637E-190	0.996	3.720E-190	0	302	304	0	302	304	303M
3470	11300	1.728E-289	0.975	1.767E-289	0	445	447	0	444	446	57M1I388M
3471	11299	2.217E-308	0.996	0.000E+00	0	556	558	0	556	558	557M
3472	11298	1.374E-239	1.00	1.358E-239	0	341	343	0	341	343	342M
3473	11297	3.380E-239	0.997	3.552E-239	0	375	377	0	375	377	376M
3474	11296	9.895E-229	0.994	9.686E-229	0	343	345	0	343	345	344M
3475	11295	2.428E-111	1.00	2.535E-111	0	166	168	0	166	168	167M
3476	11294	1.021E-279	0.997	9.943E-280	0	413	415	0	413	415	414M
3477	11664	2.217E-308	1.00	0.000E+00	0	808	810	0	808	810	809M
3478	11663	1.771E-105	1.00	1.854E-105	0	158	160	0	158	160	159M
3479	11662	7.064E-176	1.00	7.046E-176	0	257	259	0	257	259	258M
3480	11662	7.064E-176	1.00	7.046E-176	0	257	259	0	257	259	258M
3481	11663	1.771E-105	1.00	1.854E-105	0	158	160	0	158	160	159M
3482	11664	2.217E-308	1.00	0.000E+00	0	808	810	0	808	810	809M
3483	9288	2.217E-308	0.993	0.000E+00	0	479	481	0	479	481	480M
3484	9289	1.028E-88	1.00	1.041E-88	0	146	148	0	146	148	147M
3485	9290	2.217E-308	0.995	0.000E+00	0	696	698	0	696	698	697M
3486	9290	2.217E-308	0.995	0.000E+00	0	696	698	0	696	698	697M
3487	9289	1.028E-88	1.00	1.041E-88	0	146	148	0	146	148	147M
3488	9288	2.217E-308	0.993	0.000E+00	0	479	481	0	479	481	480M
3489	10676	2.217E-308	0.995	0.000E+00	20	1489	1491	31	1500	1502	1470M
3490	10677	3.647E-75	0.991	3.615E-75	0	118	120	0	118	120	119M
3491	10678	2.217E-308	1.00	0.000E+00	0	488	546	0	488	880	489M
3492	10678	1.497E-272	1.00	1.473E-272	0	409	411	469	878	880	410M
3493	10679	1.154E-94	0.993	1.146E-94	0	143	145	0	143	145	144M
3494	11449	8.025E-148	0.731	7.774E-148	0	297	299	0	296	298	201M1I96M
3495	10349	9.235E-241	0.707	8.888E-241	1	523	525	3	525	527	523M
3496	9406	8.770E-221	0.978	8.988E-221	0	331	333	0	331	333	332M
3497	9405	1.544E-284	0.997	1.598E-284	0	433	435	0	433	435	434M
3498	9404	2.217E-308	0.989	0.000E+00	0	576	578	0	576	578	577M
3499	9403	1.809E-152	1.00	1.837E-152	0	237	239	0	237	239	238M
3500	9402	1.437E-179	0.981	1.372E-179	0	263	265	0	263	265	264M
3501	12119	3.591E-69	0.972	3.489E-69	0	109	111	85	194	196	110M
3502	12120	6.218E-88	0.977	6.320E-88	0	131	133	0	131	133	132M
3503	12121	2.950E-109	0.976	3.024E-109	0	167	169	0	167	169	168M
3504	12122	2.438E-74	0.925	2.525E-74	0	119	121	0	119	121	120M
3506	11843	1.490E-77	0.937	1.451E-77	0	128	130	0	128	130	129M
3512	10709	2.217E-308	0.996	0.000E+00	0	569	571	0	569	571	570M
3513	10710	2.681E-72	0.974	2.750E-72	0	118	120	0	118	120	119M
3514	10711	2.252E-198	0.996	2.216E-198	0	288	290	0	288	290	289M
3515	10712	1.404E-170	0.989	1.394E-170	0	275	277	0	274	276	61M1I214M
3516	10713	1.979E-264	0.984	1.910E-264	0	384	386	0	384	386	385M
3517	10714	4.615E-50	0.976	4.418E-50	0	84	86	0	84	86	85M
3518	10715	2.217E-308	0.996	0.000E+00	0	820	821	0	820	869	821M
3519	11888	2.217E-308	0.988	0.000E+00	0	593	595	29	622	624	594M
3520	11887	3.843E-250	1.00	3.964E-250	0	368	370	0	368	370	369M
3521	11886	4.408E-187	0.936	4.547E-187	0	299	301	17	315	317	48M1I251M
3522	11886	4.408E-187	0.936	4.547E-187	0	299	301	17	315	317	48M1I251M
3523	11887	3.843E-250	1.00	3.964E-250	0	368	370	0	368	370	369M
3524	11888	2.217E-308	0.988	0.000E+00	0	593	595	29	622	624	594M
3525	10767	2.217E-308	0.997	0.000E+00	0	874	876	14	888	890	875M
3526	10766	5.269E-140	0.995	5.306E-140	0	237	239	0	237	239	238M
3527	10765	1.955E-182	0.993	1.933E-182	0	291	293	0	291	293	292M
3528	10764	6.819E-85	0.992	7.048E-85	0	139	141	0	139	141	140M
3529	10763	1.366E-82	0.992	1.309E-82	0	136	138	0	136	138	137M
3530	10762	1.932E-100	1.00	1.855E-100	0	148	150	0	148	150	149M
3531	10761	2.217E-308	1.00	0.000E+00	0	720	722	0	720	722	721M
3532	9584	2.780E-86	1.00	2.778E-86	0	144	146	0	144	146	145M
3533	9583	9.786E-70	1.00	9.387E-70	0	108	110	0	108	110	109M
3534	9582	2.756E-160	0.995	2.873E-160	0	237	239	0	237	239	238M
3535	9581	2.217E-308	0.979	0.000E+00	0	573	575	0	573	575	574M
3536	9580	2.390E-105	0.993	2.309E-105	0	156	158	394	550	552	157M
3537	9580	2.390E-105	0.993	2.309E-105	0	156	158	394	550	552	157M
3538	9581	2.217E-308	0.979	0.000E+00	0	573	575	0	573	575	574M
3539	9582	2.756E-160	0.995	2.873E-160	0	237	239	0	237	239	238M
3540	9583	9.786E-70	1.00	9.387E-70	0	108	110	0	108	110	109M
3541	9584	2.780E-86	1.00	2.778E-86	0	144	146	0	144	146	145M
3543	9554	1.101E-14	0.276	1.099E-14	12	209	235	24	240	278	9M1D100M2D23M3D5M15D13M1D17M4I10M1D17M
3545	9555	3.609E-71	0.309	3.714E-71	6	620	622	221	826	833	6M5I26M1D71M1D53M2I7M1D20M1I42M7D4M1D30M9I18M6I33M3D7M1I11M1I10M6D15M5I7M4I14M1D22M1D30M1D147M2D8M
3547	10716	1.979E-148	0.982	2.016E-148	0	227	229	0	227	229	228M
3548	10102	7.143E-14	0.262	7.134E-14	13	237	254	5	220	234	6M2I72M4D8M4I30M1I8M7D29M1I28M12I24M
3549	12074	5.930E-147	0.986	6.171E-147	0	226	228	0	226	228	227M
3550	12075	2.231E-117	0.983	2.170E-117	0	184	186	0	184	186	185M
3551	12076	1.016E-45	1.00	1.018E-45	0	76	78	88	164	166	77M
3552	10862	5.048E-46	0.334	5.060E-46	0	324	326	0	341	345	8M1D82M3D10M2I29M2I4M1D9M9D12M8D134M1I32M
3553	10860	4.439E-35	0.329	4.451E-35	17	263	270	22	243	252	22M2D6M5I31M2I39M18I59M1I40M1I23M
3554	10858	3.257E-186	0.969	3.269E-186	0	294	296	0	294	297	295M
3555	10857	5.183E-211	1.00	5.365E-211	0	307	309	0	307	309	308M
3556	10856	2.217E-308	0.996	0.000E+00	0	915	917	0	915	917	916M
3557	10855	5.606E-280	0.995	5.614E-280	0	421	423	0	421	423	422M
3558	10310	8.494E-286	0.993	8.412E-286	0	451	453	0	451	453	452M
3559	10311	5.165E-287	0.983	5.377E-287	0	419	421	0	419	421	420M
3560	10312	3.716E-237	1.00	3.785E-237	0	367	369	0	367	369	368M
3561	10313	2.217E-308	0.998	0.000E+00	0	1212	1214	72	1284	1286	1213M
3562	9320	2.217E-308	0.996	0.000E+00	0	527	529	0	527	529	528M
3563	9319	8.687E-256	1.00	9.073E-256	0	380	382	0	380	382	381M
3564	9318	1.305E-18	1.00	1.303E-18	0	32	34	0	32	34	33M
3565	9317	1.168E-60	0.989	1.183E-60	0	97	99	0	97	99	98M
3566	9316	6.599E-111	0.994	6.659E-111	0	173	175	0	173	175	174M
3567	9315	3.884E-138	0.995	4.077E-138	0	222	224	0	222	224	223M
3568	9314	1.260E-128	1.00	1.248E-128	0	197	199	0	197	199	198M
3569	9313	1.002E-233	1.00	9.976E-234	0	367	369	0	367	369	368M
3570	9312	3.917E-64	0.990	3.789E-64	0	107	109	0	107	109	108M
3571	9311	3.647E-75	1.00	3.615E-75	0	118	120	0	118	120	119M
3572	9310	4.133E-46	1.00	3.939E-46	0	76	78	0	76	78	77M
3574	11525	5.193E-57	1.00	5.342E-57	5	101	103	6	102	104	97M
3575	11524	1.329E-110	0.939	1.335E-110	0	180	183	0	180	187	181M
3578	11524	1.329E-110	0.939	1.335E-110	0	180	183	0	180	187	181M
3579	11525	5.193E-57	1.00	5.342E-57	5	101	103	6	102	104	97M
3581	11489	2.165E-144	0.968	2.246E-144	0	224	226	0	224	226	225M
3582	11488	5.758E-213	0.993	5.617E-213	0	324	326	0	324	326	325M
3583	11487	6.292E-286	1.00	6.304E-286	0	438	440	0	438	440	439M
3584	11486	4.006E-150	0.995	4.038E-150	0	231	233	0	231	233	232M
3585	11485	8.394E-88	0.967	8.777E-88	0	151	153	0	151	153	152M
3586	11484	1.012E-82	0.979	9.726E-83	0	143	145	0	143	145	144M
3587	11483	1.897E-209	0.990	1.889E-209	0	309	311	0	309	311	310M
3588	11482	5.873E-298	0.995	6.097E-298	0	446	448	0	446	448	447M
3589	11481	2.100E-24	0.975	2.102E-24	2	41	46	0	39	293	40M
3590	11667	1.458E-26	1.00	1.453E-26	0	41	42	124	165	195	42M
3591	11666	1.386E-165	0.976	1.373E-165	0	258	260	0	258	260	259M
3592	11665	2.217E-308	0.969	0.000E+00	0	1119	1121	1145	2264	2266	1120M
3593	11665	2.217E-308	0.975	0.000E+00	0	997	1018	119	1105	2266	944M11I43M
3595	11677	2.388E-66	0.943	2.298E-66	0	106	108	0	106	108	107M
3596	11312	6.872E-88	0.965	6.594E-88	0	145	147	0	145	147	146M
3604	11687	1.126E-46	0.911	1.121E-46	0	89	91	0	89	91	90M
3605	11318	1.306E-22	0.577	1.306E-22	6	95	98	8	94	97	51M3I36M
3609	11693	2.022E-79	0.953	2.113E-79	0	129	134	0	129	134	130M
3611	11696	1.126E-38	0.833	1.121E-38	0	71	73	0	71	73	72M
3612	11913	1.519E-239	0.991	1.586E-239	0	351	353	0	351	353	352M
3613	11914	3.520E-216	0.977	3.422E-216	0	314	316	0	314	316	315M
3614	11915	5.459E-115	0.988	5.672E-115	0	175	177	0	175	177	176M
3615	11916	7.528E-278	0.980	7.457E-278	0	411	413	0	411	413	412M
3616	11917	7.471E-159	0.957	7.705E-159	0	260	262	0	260	262	261M
3617	11918	8.363E-280	0.975	7.967E-280	0	415	417	0	415	417	416M
3618	9359	5.879E-105	0.433	6.126E-105	1	400	413	10	413	452	208M1D25M2D16M1D151M
3619	11429	3.363E-121	1.00	3.511E-121	0	174	175	0	174	290	175M
3620	11428	1.439E-102	1.00	1.441E-102	0	152	154	0	152	154	153M
3621	11427	2.237E-118	0.994	2.136E-118	0	195	197	0	195	197	196M
3622	11426	1.511E-237	0.997	1.471E-237	0	367	369	0	367	369	368M
3623	11425	6.170E-85	1.00	6.102E-85	0	136	138	0	136	138	137M
3624	11424	2.828E-54	1.00	2.967E-54	0	88	90	0	88	90	89M
3625	11424	2.828E-54	1.00	2.967E-54	0	88	90	0	88	90	89M
3626	11425	6.170E-85	1.00	6.102E-85	0	136	138	0	136	138	137M
3627	11426	1.511E-237	0.997	1.471E-237	0	367	369	0	367	369	368M
3628	11427	2.237E-118	0.994	2.136E-118	0	195	197	0	195	197	196M
3629	11428	1.439E-102	1.00	1.441E-102	0	152	154	0	152	154	153M
3630	11429	3.363E-121	1.00	3.511E-121	0	174	175	0	174	290	175M
3631	10736	1.037E-18	0.246	1.040E-18	28	295	300	273	544	576	56M2D189M2D23M
3632	8709	1.842E-159	1.00	1.761E-159	0	242	244	0	242	244	243M
3633	8708	4.695E-134	0.971	4.481E-134	0	211	214	0	211	214	212M
3634	8707	4.044E-115	0.967	4.016E-115	0	181	183	0	181	183	182M
3635	8706	2.374E-141	0.995	2.310E-141	0	204	206	0	204	206	205M
3636	8705	1.884E-129	1.00	1.793E-129	0	196	198	0	196	198	197M
3637	8704	9.181E-84	1.00	8.855E-84	0	126	128	0	126	128	127M
3638	8703	4.244E-95	0.986	4.234E-95	0	142	144	0	142	144	143M
3639	8702	2.217E-308	1.00	0.000E+00	0	503	505	0	503	505	504M
3640	11112	5.660E-129	0.332	5.388E-129	5	855	889	5	840	1188	96M7I29M4I37M1D12M1I52M10I15M6I35M1I16M1D4M6D171M8D37M1D4M1D42M1D7M1D43M3I18M2I11M1I68M1I56M1D62M
3645	10548	2.633E-65	0.990	2.612E-65	0	104	106	82	186	188	105M
3646	10548	6.610E-42	0.971	6.619E-42	0	68	70	0	68	188	69M
3647	10549	1.008E-274	0.995	1.046E-274	0	411	413	272	683	685	412M
3648	10549	3.532E-140	1.00	3.695E-140	0	236	238	0	236	685	237M
3649	10549	3.532E-140	1.00	3.695E-140	0	236	238	0	236	685	237M
3650	10549	1.008E-274	0.995	1.046E-274	0	411	413	272	683	685	412M
3651	10548	6.610E-42	0.971	6.619E-42	0	68	70	0	68	188	69M
3652	10548	2.633E-65	0.990	2.612E-65	0	104	106	82	186	188	105M
3653	10340	1.380E-202	0.996	1.382E-202	0	310	312	0	310	312	311M
3654	10341	6.576E-187	0.993	6.841E-187	0	301	303	0	301	303	302M
3655	10342	2.411E-147	1.00	2.396E-147	0	226	228	0	226	228	227M
3656	10343	1.041E-209	0.983	1.006E-209	0	309	311	0	309	311	310M
3657	10344	2.803E-244	0.978	2.899E-244	0	366	369	0	366	368	367M
3658	10345	1.372E-45	0.986	1.329E-45	0	75	77	0	75	77	76M
3659	10346	2.474E-273	0.976	2.588E-273	0	419	421	0	419	421	420M
3660	10347	5.607E-164	0.984	5.414E-164	0	249	251	0	249	251	250M
3661	9300	1.132E-48	1.00	1.177E-48	0	80	82	0	80	82	81M
3662	9299	5.131E-91	0.980	4.950E-91	0	153	155	0	153	155	154M
3663	9298	1.093E-189	0.968	1.111E-189	0	285	287	0	285	287	286M
3664	9297	2.217E-308	0.984	0.000E+00	0	951	953	0	951	953	952M
3665	9296	1.868E-203	0.987	1.836E-203	0	314	316	0	314	316	315M
3666	9295	2.217E-308	0.994	0.000E+00	0	555	577	0	555	573	556M
3667	12140	1.663E-11	0.553	1.668E-11	1	47	48	0	46	403	47M
3668	11926	9.965E-77	1.00	9.908E-77	0	122	124	0	122	124	123M
3669	11925	2.606E-61	1.00	2.557E-61	0	98	100	0	98	100	99M
3670	11924	5.342E-184	1.00	5.423E-184	0	282	284	0	282	284	283M
3671	11923	6.491E-298	0.995	6.201E-298	10	494	496	3	487	489	485M
3672	11923	6.491E-298	0.995	6.201E-298	10	494	496	3	487	489	485M
3673	11924	5.342E-184	1.00	5.423E-184	0	282	284	0	282	284	283M
3674	11925	2.606E-61	1.00	2.557E-61	0	98	100	0	98	100	99M
3675	11926	9.965E-77	1.00	9.908E-77	0	122	124	0	122	124	123M
3676	12140	1.663E-11	0.553	1.668E-11	1	47	48	0	46	403	47M
3677	10040	8.421E-244	0.989	8.288E-244	0	376	378	0	376	378	377M
3678	10041	1.527E-125	1.00	1.505E-125	0	187	189	0	187	189	188M
3679	10042	3.824E-132	1.00	3.650E-132	0	205	207	0	205	207	206M
3680	10043	5.694E-170	1.00	5.785E-170	0	265	267	0	265	267	266M
3681	10044	2.799E-166	1.00	2.744E-166	0	264	266	0	264	266	265M
3682	10045	4.392E-263	0.997	4.312E-263	0	390	392	0	390	392	391M
3683	10046	3.160E-213	0.990	3.284E-213	0	326	328	0	326	328	327M
3684	10047	6.298E-209	1.00	6.230E-209	0	321	323	0	321	323	322M
3685	10000	2.256E-44	0.985	2.331E-44	0	69	71	0	69	71	70M
3686	9999	2.217E-308	0.991	0.000E+00	0	728	730	0	728	730	729M
3687	9998	7.820E-138	1.00	7.549E-138	0	215	217	0	215	217	216M
3688	9997	1.820E-193	1.00	1.738E-193	0	273	275	0	273	275	274M
3689	9996	4.420E-72	0.991	4.472E-72	0	115	117	0	115	117	116M
3690	9995	2.323E-94	1.00	2.260E-94	0	144	146	0	144	146	145M
3691	9994	2.048E-200	0.996	2.017E-200	0	302	304	0	302	304	303M
3692	9993	3.360E-198	1.00	3.274E-198	0	298	305	0	298	398	299M
3694	11190	2.217E-308	0.998	0.000E+00	0	614	616	0	614	616	615M
3695	11189	3.850E-96	0.993	3.915E-96	0	145	147	0	145	147	146M
3696	11188	5.361E-224	0.997	5.190E-224	0	340	342	0	340	342	341M
3697	11187	5.497E-79	1.00	5.554E-79	0	121	141	0	121	125	122M
3698	11187	5.497E-79	1.00	5.554E-79	0	121	141	0	121	125	122M
3699	11188	5.361E-224	0.997	5.190E-224	0	340	342	0	340	342	341M
3700	11189	3.850E-96	0.993	3.915E-96	0	145	147	0	145	147	146M
3701	11190	2.217E-308	0.998	0.000E+00	0	614	616	0	614	616	615M
3702	9309	2.335E-96	0.992	2.243E-96	0	140	142	0	140	142	141M
3703	9308	2.270E-85	1.00	2.301E-85	0	142	144	0	142	144	143M
3704	9307	2.398E-261	0.995	2.306E-261	0	401	403	0	401	403	402M
3705	9306	1.208E-73	1.00	1.196E-73	0	112	114	0	112	114	113M
3706	9305	7.991E-69	0.971	7.776E-69	0	106	108	0	106	108	107M
3707	9305	7.991E-69	0.971	7.776E-69	0	106	108	0	106	108	107M
3708	9306	1.208E-73	1.00	1.196E-73	0	112	114	0	112	114	113M
3709	9307	2.398E-261	0.995	2.306E-261	0	401	403	0	401	403	402M
3710	9308	2.270E-85	1.00	2.301E-85	0	142	144	0	142	144	143M
3711	9309	2.335E-96	0.992	2.243E-96	0	140	142	0	140	142	141M
3712	12045	5.453E-308	1.00	5.349E-308	9	490	492	0	481	483	482M
3713	12046	4.835E-68	1.00	4.818E-68	0	111	113	0	111	113	112M
3714	12047	2.792E-49	1.00	2.671E-49	0	82	84	0	82	84	83M
3715	12048	6.690E-271	1.00	6.844E-271	0	417	419	0	417	419	418M
3716	12049	1.455E-145	1.00	1.445E-145	0	226	228	0	226	228	227M
3717	12050	4.164E-281	0.990	4.055E-281	0	439	441	0	439	441	440M
3718	12051	2.996E-231	0.983	2.866E-231	0	360	362	0	360	362	361M
3719	12052	3.768E-165	0.992	3.829E-165	0	253	255	208	461	463	254M
3720	11577	1.474E-150	1.00	1.403E-150	0	222	224	24	246	248	223M
3721	11576	9.609E-179	0.992	9.360E-179	0	277	279	0	277	279	278M
3722	11575	2.217E-308	0.997	0.000E+00	0	757	759	0	757	759	758M
3723	11574	5.646E-128	0.995	5.409E-128	0	208	210	0	208	210	209M
3724	11573	1.310E-143	0.972	1.293E-143	0	221	223	0	221	223	222M
3725	11572	2.217E-308	0.993	0.000E+00	0	496	498	0	496	498	497M
3726	11571	2.772E-85	1.00	2.676E-85	0	127	134	0	127	131	128M
3727	9211	2.813E-21	1.00	2.807E-21	0	37	38	0	37	38	38M
3728	10126	1.915E-58	0.989	1.901E-58	0	91	93	46	137	139	92M
3729	10125	3.346E-119	0.994	3.265E-119	0	182	184	0	182	184	183M
3730	10124	8.739E-297	0.995	8.716E-297	0	449	451	0	449	451	450M
3731	10123	1.972E-224	0.994	2.017E-224	0	340	342	0	340	342	341M
3732	10122	5.607E-164	0.996	5.492E-164	0	256	258	0	256	258	257M
3733	10121	6.877E-243	1.00	6.852E-243	0	374	376	0	374	376	375M
3734	10120	2.217E-308	0.990	0.000E+00	0	548	550	0	548	550	549M
3735	10119	4.233E-94	0.993	4.250E-94	0	144	146	151	295	297	145M
3736	11639	5.679E-285	0.995	5.515E-285	0	444	446	0	444	446	445M
3737	11638	2.390E-105	0.982	2.288E-105	0	169	171	0	169	171	170M
3738	11637	3.294E-113	0.989	3.327E-113	0	181	183	0	181	183	182M
3739	11636	2.217E-308	0.992	0.000E+00	0	536	538	0	536	538	537M
3740	11635	2.521E-203	1.00	2.568E-203	0	301	303	0	301	303	302M
3741	11634	2.956E-17	0.968	2.968E-17	0	31	33	0	31	33	32M
3742	8777	2.217E-308	0.981	0.000E+00	0	479	481	0	479	481	480M
3743	8785	8.243E-81	0.972	8.083E-81	0	143	145	52	195	197	144M
3744	8784	8.136E-192	1.00	8.086E-192	0	301	303	0	301	303	302M
3745	8783	2.317E-209	0.993	2.280E-209	0	313	315	0	313	315	314M
3746	8782	3.893E-255	0.994	4.089E-255	0	392	394	0	392	394	393M
3747	8781	2.005E-37	1.00	2.009E-37	0	53	55	0	53	55	54M
3748	8780	1.721E-94	0.972	1.649E-94	0	144	146	0	144	146	145M
3749	8779	3.269E-110	1.00	3.414E-110	0	161	163	0	161	163	162M
3750	8778	2.217E-308	0.998	0.000E+00	0	508	510	0	508	510	509M
3751	9579	2.217E-308	0.999	0.000E+00	0	1968	1970	368	2336	2338	1969M
3752	9580	3.319E-232	0.985	3.187E-232	0	341	342	0	341	552	342M
3753	9615	8.157E-193	1.00	8.497E-193	0	300	302	0	300	302	301M
3754	9614	1.237E-121	0.994	1.191E-121	0	190	192	0	190	192	191M
3755	9613	2.217E-308	0.996	0.000E+00	0	1030	1032	0	1030	1032	1031M
3756	9612	2.367E-256	0.992	2.455E-256	0	379	381	0	379	381	380M
3757	9611	7.286E-188	0.985	7.247E-188	0	280	282	28	308	310	281M
3758	10831	3.525E-294	0.962	3.500E-294	0	456	458	0	456	458	457M
3759	10832	1.479E-306	1.00	1.488E-306	0	487	489	3	490	492	488M
3760	10832	1.479E-306	1.00	1.488E-306	0	487	489	3	490	492	488M
3761	10831	3.525E-294	0.962	3.500E-294	0	456	458	0	456	458	457M
3763	8652	2.217E-308	0.998	0.000E+00	0	541	543	0	541	543	542M
3764	8651	1.169E-99	1.00	1.143E-99	0	153	155	0	153	155	154M
3765	8650	9.471E-38	1.00	9.443E-38	0	63	65	0	63	65	64M
3766	8650	9.471E-38	1.00	9.443E-38	0	63	65	0	63	65	64M
3767	8651	1.169E-99	1.00	1.143E-99	0	153	155	0	153	155	154M
3768	8652	2.217E-308	0.998	0.000E+00	0	541	543	0	541	543	542M
3770	9226	4.311E-101	0.411	4.463E-101	5	429	433	7	430	443	299M3I15M2D79M1I21M1D7M
3772	8890	2.395E-40	0.304	2.400E-40	1	397	399	28	416	428	44M1D43M2I66M6I8M1I60M2I16M1D76M4D7M2I30M1D2M2I30M
3773	8890	2.395E-40	0.304	2.400E-40	1	397	399	28	416	428	44M1D43M2I66M6I8M1I60M2I16M1D76M4D7M2I30M1D2M2I30M
3775	9226	4.311E-101	0.411	4.463E-101	5	429	433	7	430	443	299M3I15M2D79M1I21M1D7M
3776	11119	2.478E-119	0.966	2.412E-119	0	209	211	0	209	211	210M
3777	11120	1.021E-279	0.995	1.029E-279	0	407	409	0	407	409	408M
3778	11121	2.217E-308	0.998	0.000E+00	0	886	888	0	886	888	887M
3779	11122	2.657E-262	1.00	2.542E-262	0	400	403	0	400	403	401M
3780	11123	7.459E-81	0.984	7.407E-81	0	128	130	0	128	130	129M
3782	11741	5.684E-208	0.988	5.786E-208	0	335	337	0	335	337	336M
3783	11740	8.970E-75	1.00	8.661E-75	0	123	125	0	123	125	124M
3784	11739	3.836E-288	0.997	3.675E-288	0	429	431	0	429	431	430M
3785	11739	3.836E-288	0.997	3.675E-288	0	429	431	0	429	431	430M
3786	11740	8.970E-75	1.00	8.661E-75	0	123	125	0	123	125	124M
3787	11741	5.684E-208	0.988	5.786E-208	0	335	337	0	335	337	336M
3790	9558	1.022E-318	0.997	1.006E-318	0	494	496	0	494	496	495M
3791	9558	1.022E-318	0.997	1.006E-318	0	494	496	0	494	496	495M
3794	9416	2.217E-308	0.980	0.000E+00	7	916	918	0	909	911	910M
3795	9417	2.217E-308	0.987	0.000E+00	0	898	900	0	898	900	899M
3796	9418	3.824E-132	1.00	3.876E-132	0	193	195	0	193	195	194M
3798	11672	8.819E-22	0.868	8.787E-22	6	43	46	201	238	241	38M
3799	9286	5.232E-292	0.981	5.336E-292	0	483	485	0	483	485	484M
3800	9285	4.086E-235	0.983	4.121E-235	0	373	375	18	391	393	374M
3801	9285	4.086E-235	0.983	4.121E-235	0	373	375	18	391	393	374M
3802	9286	5.232E-292	0.981	5.336E-292	0	483	485	0	483	485	484M
3803	9222	9.470E-96	0.986	9.166E-96	0	143	145	23	166	168	144M
3804	9223	5.411E-305	1.00	5.203E-305	0	455	457	0	455	457	456M
3805	9224	6.766E-82	0.992	6.984E-82	0	138	140	0	138	140	139M
3806	9225	3.860E-97	0.993	3.984E-97	0	150	152	0	150	152	151M
3807	9226	1.783E-301	0.988	1.833E-301	0	441	443	0	441	443	442M
3808	9227	1.446E-220	0.988	1.486E-220	0	335	337	0	335	337	336M
3809	9228	1.240E-122	0.994	1.210E-122	0	195	197	0	195	197	196M
3811	10370	1.102E-115	0.941	1.156E-115	0	188	190	0	188	201	189M
3812	9889	8.785E-36	0.284	8.803E-36	8	281	309	1	274	297	274M
3813	10398	1.930E-61	0.348	1.911E-61	3	395	398	2	403	406	44M4D7M2D9M2D93M4D29M1I65M1I128M1I15M
3814	10419	1.032E-51	0.328	9.824E-52	4	294	313	1	292	301	130M1D161M
3815	8807	3.566E-105	0.407	3.462E-105	16	426	439	23	432	443	212M1D141M2I56M
3816	9810	5.426E-190	0.996	5.459E-190	0	290	292	0	290	292	291M
3817	9811	2.217E-308	1.00	0.000E+00	0	612	614	0	612	614	613M
3818	9812	2.217E-308	0.995	0.000E+00	0	741	743	0	741	743	742M
3819	9813	5.468E-193	0.996	5.454E-193	0	305	306	0	305	402	306M
3830	12117	2.001E-75	1.00	2.003E-75	29	152	154	0	123	125	124M
3834	12115	3.615E-149	0.757	3.654E-149	0	303	308	0	304	317	230M1D74M
3838	8596	1.724E-56	0.968	1.756E-56	0	93	95	0	93	95	94M
3839	8597	4.477E-193	0.983	4.317E-193	0	299	301	0	299	301	300M
3840	8598	9.912E-191	0.979	9.805E-191	0	287	289	0	287	289	288M
3841	8599	1.660E-80	0.992	1.642E-80	0	138	140	0	138	140	139M
3842	8600	1.395E-90	1.00	1.418E-90	0	142	144	0	142	144	143M
3843	8601	5.178E-288	0.991	5.200E-288	0	450	452	0	450	452	451M
3844	8602	2.311E-34	0.955	2.320E-34	0	67	69	35	102	104	68M
3845	11198	6.712E-311	0.997	6.890E-311	0	462	464	15	477	479	463M
3846	11197	1.601E-35	1.00	1.599E-35	0	58	60	0	58	60	59M
3847	11196	1.061E-255	1.00	1.078E-255	0	385	447	0	385	412	386M
3848	11197	1.601E-35	1.00	1.599E-35	0	58	60	0	58	60	59M
3849	11198	6.712E-311	0.997	6.890E-311	0	462	464	15	477	479	463M
3851	11151	4.048E-154	0.995	4.096E-154	0	248	252	0	248	300	249M
3852	11152	5.656E-90	1.00	5.517E-90	0	144	146	0	144	146	145M
3853	11153	6.575E-303	0.993	6.275E-303	0	470	472	0	470	472	471M
3854	11154	1.735E-97	1.00	1.785E-97	0	153	155	0	153	155	154M
3855	11155	3.637E-190	0.983	3.590E-190	0	308	310	0	308	310	309M
3856	11156	2.172E-184	0.989	2.106E-184	0	282	284	0	282	284	283M
3857	11157	4.405E-32	0.983	4.421E-32	0	58	60	0	58	60	59M
3858	10048	2.419E-303	1.00	2.475E-303	0	450	452	0	450	452	451M
3859	10049	2.940E-69	0.990	2.869E-69	0	105	107	0	105	107	106M
3860	10050	2.070E-88	0.992	2.169E-88	0	135	137	0	135	137	136M
3861	10051	2.047E-161	0.995	1.969E-161	0	247	249	0	247	249	248M
3862	10052	2.991E-153	0.995	2.860E-153	0	231	233	0	231	233	232M
3863	10053	6.101E-158	0.991	5.833E-158	0	236	238	0	236	238	237M
3864	10054	6.353E-135	1.00	6.338E-135	0	204	206	0	204	206	205M
3865	10253	3.260E-109	0.886	3.162E-109	21	213	217	16	208	214	193M
3866	10617	7.369E-115	0.616	7.357E-115	0	291	293	0	287	289	28M3I6M1I254M
3867	10617	7.369E-115	0.616	7.357E-115	0	291	293	0	287	289	28M3I6M1I254M
3868	10253	3.260E-109	0.886	3.162E-109	21	213	217	16	208	214	193M
3869	9355	2.925E-67	1.00	2.836E-67	0	103	104	0	103	218	104M
3870	9354	1.959E-144	1.00	2.044E-144	0	222	224	0	222	224	223M
3871	9353	4.439E-151	0.983	4.300E-151	0	237	239	0	237	239	238M
3872	9352	4.501E-79	1.00	4.495E-79	0	128	130	0	128	130	129M
3873	9352	4.501E-79	1.00	4.495E-79	0	128	130	0	128	130	129M
3874	9353	4.439E-151	0.983	4.300E-151	0	237	239	0	237	239	238M
3875	9354	1.959E-144	1.00	2.044E-144	0	222	224	0	222	224	223M
3876	9355	2.925E-67	1.00	2.836E-67	0	103	104	0	103	218	104M
3877	9553	4.389E-108	0.982	4.569E-108	0	171	173	0	171	173	172M
3878	9554	8.583E-174	0.989	8.604E-174	0	272	274	4	276	278	273M
3879	9555	2.217E-308	0.993	0.000E+00	0	831	833	0	831	833	832M
3880	9556	3.218E-220	0.991	3.211E-220	0	338	340	0	338	340	339M
3881	9557	3.062E-46	0.987	3.018E-46	0	77	79	0	77	79	78M
3883	9350	2.411E-263	1.00	2.351E-263	0	405	406	0	405	430	406M
3884	9349	5.426E-190	0.996	5.643E-190	0	284	286	0	284	286	285M
3885	9348	2.217E-308	0.998	0.000E+00	0	544	546	0	544	546	545M
3886	9347	2.515E-86	1.00	2.412E-86	0	161	163	0	161	163	162M
3887	9346	1.774E-183	0.978	1.742E-183	0	280	282	0	280	282	281M
3889	10428	3.117E-169	0.952	2.969E-169	0	271	275	0	271	413	272M
3890	10429	2.751E-198	0.986	2.844E-198	0	300	302	0	300	302	301M
3891	10430	1.171E-61	1.00	1.172E-61	0	95	97	0	95	97	96M
3892	10431	4.304E-23	0.958	4.290E-23	0	47	49	0	47	49	48M
3893	10431	4.304E-23	0.958	4.290E-23	0	47	49	0	47	49	48M
3894	10430	1.171E-61	1.00	1.172E-61	0	95	97	0	95	97	96M
3895	10429	2.751E-198	0.986	2.844E-198	0	300	302	0	300	302	301M
3896	10428	3.117E-169	0.952	2.969E-169	0	271	275	0	271	413	272M
3902	8728	6.320E-44	1.00	6.337E-44	0	70	72	40	110	112	71M
3908	8732	1.350E-116	0.972	1.310E-116	0	182	184	0	182	184	183M
3910	8701	7.614E-321	1.00	7.693E-321	0	484	486	0	484	486	485M
3911	8700	1.383E-164	1.00	1.351E-164	0	253	255	0	253	255	254M
3912	8700	1.383E-164	1.00	1.351E-164	0	253	255	0	253	255	254M
3913	8701	7.614E-321	1.00	7.693E-321	0	484	486	0	484	486	485M
3914	11640	9.510E-175	1.00	9.154E-175	0	279	280	0	279	442	280M
3915	11641	3.930E-220	1.00	3.775E-220	0	328	330	0	328	330	329M
3916	11641	3.930E-220	1.00	3.775E-220	0	328	330	0	328	330	329M
3917	11640	1.100E-269	1.00	1.135E-269	0	424	432	0	424	442	425M
3918	11640	1.357E-118	1.00	1.352E-118	0	186	194	238	424	442	187M
3919	11332	2.272E-124	0.994	2.340E-124	0	182	187	0	182	476	183M
3920	11331	2.867E-98	1.00	2.956E-98	0	155	157	0	155	157	156M
3921	11330	1.197E-147	0.985	1.233E-147	0	212	214	0	212	214	213M
3922	11329	4.583E-86	0.950	4.525E-86	0	141	143	0	141	143	142M
3923	12044	5.754E-58	0.957	5.691E-58	0	94	96	56	150	152	95M
3924	12044	5.754E-58	0.957	5.691E-58	0	94	96	56	150	152	95M
3925	11329	4.583E-86	0.950	4.525E-86	0	141	143	0	141	143	142M
3926	11330	1.197E-147	0.985	1.233E-147	0	212	214	0	212	214	213M
3927	11331	2.867E-98	1.00	2.956E-98	0	155	157	0	155	157	156M
3928	11332	2.272E-124	0.994	2.340E-124	0	182	187	0	182	476	183M
3939	9257	1.320E-146	0.990	1.357E-146	0	216	218	0	216	218	217M
3940	9256	8.371E-203	0.993	7.978E-203	0	305	307	0	305	307	306M
3941	9255	5.473E-116	0.994	5.662E-116	0	173	175	0	173	175	174M
3942	9254	6.481E-104	1.00	6.262E-104	0	159	161	0	159	161	160M
3943	9253	2.884E-139	1.00	2.931E-139	0	213	215	0	213	215	214M
3944	9252	1.390E-282	0.995	1.331E-282	0	413	415	0	413	415	414M
3945	11143	1.043E-287	0.975	1.071E-287	12	452	454	2	442	444	441M
3946	11142	4.590E-164	1.00	4.699E-164	0	246	248	0	246	248	247M
3947	11141	2.610E-139	1.00	2.622E-139	0	224	226	0	224	226	225M
3948	11140	4.834E-184	1.00	4.710E-184	0	279	281	0	279	281	280M
3949	11139	2.451E-192	1.00	2.486E-192	0	296	298	0	296	298	297M
3951	8649	2.235E-79	1.00	2.170E-79	0	126	128	0	126	128	127M
3952	8648	2.217E-308	1.00	0.000E+00	0	700	702	0	700	702	701M
3953	8647	2.106E-56	1.00	2.183E-56	0	91	93	0	91	93	92M
3954	8646	2.343E-136	1.00	2.386E-136	0	208	210	0	208	210	209M
3955	8645	2.837E-210	1.00	2.758E-210	0	315	317	0	315	317	316M
3956	10991	6.245E-20	0.307	6.232E-20	2	231	239	42	257	263	16M3I11M4I2M2I42M4I13M1D20M1D52M4I15M1I19M2D22M
3958	9257	2.072E-11	0.239	2.064E-11	0	200	205	10	212	218	61M1I11M2D95M1I13M2D19M
3961	9257	2.072E-11	0.239	2.064E-11	0	200	205	10	212	218	61M1I11M2D95M1I13M2D19M
3963	10991	6.245E-20	0.307	6.232E-20	2	231	239	42	257	263	16M3I11M4I2M2I42M4I13M1D20M1D52M4I15M1I19M2D22M
3964	11302	9.938E-192	0.993	1.030E-191	0	286	288	0	286	288	287M
3965	11303	3.453E-286	0.988	3.561E-286	0	419	421	0	419	421	420M
3966	8905	5.090E-26	0.262	5.100E-26	1	353	361	2	353	360	67M1D9M7I10M5I16M1D14M13D32M2I18M5D10M1I17M2I6M1I16M4I84M1D32M
3968	11304	5.140E-53	0.988	5.112E-53	0	88	90	0	88	90	89M
3969	11672	8.819E-22	0.868	8.787E-22	6	43	46	201	238	241	38M
3970	11022	7.083E-61	0.798	7.274E-61	1	134	135	237	369	739	117M1I16M
3971	11022	3.608E-303	0.927	3.757E-303	0	524	585	85	609	739	525M
3972	11022	1.203E-29	1.00	1.203E-29	0	56	58	0	56	739	57M
3973	11022	1.203E-29	1.00	1.203E-29	0	56	58	0	56	739	57M
3974	11022	3.608E-303	0.927	3.757E-303	0	524	585	85	609	739	525M
3975	11022	7.083E-61	0.798	7.274E-61	1	134	135	237	369	739	117M1I16M
3976	9097	2.217E-308	0.998	0.000E+00	0	943	945	0	943	945	944M
3977	9096	9.797E-24	1.00	9.756E-24	0	43	45	0	43	45	44M
3978	9095	1.048E-289	0.997	9.984E-290	0	426	428	0	426	428	427M
3979	11269	2.217E-308	0.967	0.000E+00	0	516	517	0	516	528	517M
3980	11270	1.387E-88	1.00	1.427E-88	0	146	148	0	146	148	147M
3981	11270	1.387E-88	1.00	1.427E-88	0	146	148	0	146	148	147M
3982	11269	2.217E-308	0.967	0.000E+00	0	526	528	0	526	528	527M
3983	11269	2.664E-27	0.941	2.666E-27	0	50	52	476	526	528	51M
3984	11495	9.744E-107	0.988	9.295E-107	0	169	170	0	169	207	170M
3985	11494	2.217E-308	0.994	0.000E+00	0	524	526	0	524	526	525M
3986	11493	4.838E-223	0.997	4.869E-223	0	361	363	0	361	363	362M
3987	11490	1.800E-266	0.954	1.854E-266	26	447	449	0	421	423	422M
3988	11021	2.292E-321	1.00	2.332E-321	0	499	501	0	499	501	500M
3989	11020	7.439E-196	1.00	7.536E-196	0	298	300	0	298	300	299M
3990	11019	6.475E-181	0.996	6.623E-181	0	306	308	0	306	308	307M
3991	11018	4.961E-194	1.00	4.916E-194	0	292	295	0	292	338	293M
3993	12081	1.126E-46	1.00	1.091E-46	0	82	84	0	82	84	83M
3994	12080	8.800E-261	0.997	9.017E-261	0	410	412	0	410	412	411M
3995	12079	2.217E-308	0.990	0.000E+00	0	755	757	0	755	757	756M
3996	12078	1.342E-17	1.00	1.348E-17	0	34	36	149	183	185	35M
3999	9885	2.779E-202	0.962	2.886E-202	0	319	321	0	319	321	320M
4000	9884	1.244E-278	0.969	1.220E-278	0	432	435	0	432	435	433M
4001	9883	1.702E-24	1.00	1.700E-24	0	46	48	0	46	48	47M
4002	9882	4.941E-324	1.00	4.941E-324	0	491	493	0	491	493	492M
4010	9098	2.005E-153	1.00	2.021E-153	0	237	239	0	237	239	238M
4011	9099	2.217E-308	0.998	0.000E+00	0	548	550	0	548	550	549M
4012	9100	1.211E-74	1.00	1.161E-74	0	116	118	0	116	118	117M
4013	9101	1.626E-304	0.993	1.572E-304	0	472	474	0	472	474	473M
4014	9401	4.427E-150	1.00	4.652E-150	0	235	236	0	235	305	236M
4015	9400	1.674E-238	0.997	1.621E-238	0	367	369	0	367	369	368M
4016	9399	9.611E-63	1.00	9.347E-63	0	95	97	0	95	97	96M
4017	9398	6.217E-204	1.00	6.410E-204	0	305	307	0	305	307	306M
4018	9354	4.805E-143	0.986	4.786E-143	0	222	224	0	222	224	223M
4019	9355	2.925E-67	1.00	2.836E-67	0	103	104	0	103	218	104M
4020	10612	6.022E-269	1.00	5.742E-269	0	431	433	0	431	433	432M
4021	10613	2.674E-40	1.00	2.675E-40	0	66	68	0	66	68	67M
4022	10613	2.674E-40	1.00	2.675E-40	0	66	68	0	66	68	67M
4023	10612	6.022E-269	1.00	5.742E-269	0	431	433	0	431	433	432M
4024	9726	1.868E-87	1.00	1.795E-87	0	133	135	11	144	146	134M
4025	9725	7.734E-95	0.978	7.587E-95	0	141	143	0	141	143	142M
4026	9724	2.799E-166	1.00	2.797E-166	0	251	253	0	251	253	252M
4027	9724	2.799E-166	1.00	2.797E-166	0	251	253	0	251	253	252M
4028	9725	7.734E-95	0.978	7.587E-95	0	141	143	0	141	143	142M
4029	9726	1.868E-87	1.00	1.795E-87	0	133	135	11	144	146	134M
4030	10350	4.103E-314	0.995	4.217E-314	0	479	481	43	522	524	480M
4031	10349	2.217E-308	0.992	0.000E+00	0	525	527	0	525	527	526M
4032	10348	4.412E-226	0.997	4.385E-226	0	340	341	0	340	430	341M
4033	9638	6.605E-150	0.537	6.485E-150	14	471	488	24	491	493	12M1D117M1I3M3D10M3D302M4D13M
4034	9638	6.605E-150	0.537	6.485E-150	14	471	488	24	491	493	12M1D117M1I3M3D10M3D302M4D13M
4035	9372	1.106E-155	0.979	1.094E-155	0	240	242	65	305	307	241M
4036	9371	1.287E-175	1.00	1.241E-175	0	269	271	0	269	271	270M
4037	9370	3.675E-194	0.993	3.707E-194	0	287	289	0	287	289	288M
4038	9369	1.246E-85	0.985	1.258E-85	0	136	138	0	136	138	137M
4039	9368	3.056E-84	0.992	2.959E-84	0	136	138	0	136	138	137M
4040	9367	1.937E-101	1.00	1.981E-101	0	154	156	0	154	156	155M
4041	10760	8.620E-253	1.00	8.871E-253	0	379	381	0	379	381	380M
4042	10759	1.784E-224	0.997	1.836E-224	0	338	340	0	338	340	339M
4043	10758	2.217E-308	0.988	0.000E+00	0	500	515	0	500	503	501M
4044	11049	2.217E-308	0.958	0.000E+00	0	596	598	18	614	616	597M
4045	11048	2.217E-308	0.955	0.000E+00	0	696	698	0	697	699	177M1D520M
4046	9221	2.746E-236	0.994	2.720E-236	0	362	364	24	386	388	363M
4047	9221	2.746E-236	0.994	2.720E-236	0	362	364	24	386	388	363M
4051	9226	2.539E-51	0.554	2.433E-51	4	151	152	8	155	443	148M
4052	9226	2.642E-105	0.429	2.556E-105	4	428	431	8	431	443	298M3I16M2D81M1I18M1D8M
4053	9226	7.868E-63	0.372	7.541E-63	0	318	321	114	431	443	192M3I16M2D81M1I18M1D8M
4054	10242	1.812E-114	0.313	1.847E-114	50	891	921	38	936	1636	7M1D20M1I34M1I18M1D40M3I10M4I7M9D15M21D12M1I15M3I16M7D59M1D36M1D39M13D50M1I4M16D8M5I21M6I8M4I16M3D17M2I11M1D234M10D3M3D107M1D4M
4056	9550	3.870E-98	1.00	3.753E-98	0	160	162	51	211	213	161M
4057	9549	2.342E-39	1.00	2.335E-39	0	65	67	0	65	67	66M
4058	9548	1.316E-145	0.978	1.334E-145	0	231	233	0	231	238	232M
4059	9547	1.630E-189	0.986	1.563E-189	0	299	301	0	299	301	300M
4060	9546	7.167E-259	1.00	7.421E-259	0	410	412	0	410	412	411M
4061	9607	8.621E-137	0.669	9.033E-137	0	339	341	2850	3174	3176	36M3D16M3D14M2D16M16I68M4I6M3I161M
4062	9608	2.111E-57	1.00	2.117E-57	0	95	97	0	95	97	96M
4063	9609	2.217E-308	1.00	0.000E+00	0	543	545	0	543	545	544M
4064	9610	7.306E-73	1.00	7.214E-73	0	123	125	0	123	125	124M
4065	10552	2.217E-308	1.00	0.000E+00	0	573	575	0	573	575	574M
4066	10551	2.124E-98	1.00	2.196E-98	0	162	164	0	162	164	163M
4067	10550	9.717E-222	1.00	9.568E-222	0	337	339	0	337	339	338M
4068	11476	6.200E-25	0.956	6.221E-25	0	45	47	0	45	47	46M
4070	10338	2.462E-12	0.312	2.471E-12	0	118	120	0	143	145	19M1D11M11D11M7D4M2D5M4D69M
4073	10338	2.462E-12	0.312	2.471E-12	0	118	120	0	143	145	19M1D11M11D11M7D4M2D5M4D69M
4075	11476	6.200E-25	0.956	6.221E-25	0	45	47	0	45	47	46M
4076	11983	8.060E-111	0.639	7.983E-111	3	256	261	2	256	296	202M1D52M
4077	10952	4.667E-93	0.578	4.460E-93	0	260	289	0	260	267	261M
4078	10952	4.667E-93	0.578	4.460E-93	0	260	289	0	260	267	261M
4079	11983	5.445E-114	0.604	5.541E-114	3	282	296	2	282	296	202M1D78M
4080	9626	8.083E-27	1.00	8.115E-27	0	47	49	157	204	206	48M
4081	9627	1.403E-131	0.995	1.394E-131	0	200	202	0	200	202	201M
4082	9628	6.196E-164	0.992	6.323E-164	0	259	261	0	259	261	260M
4083	9629	2.981E-113	0.978	3.127E-113	40	227	229	0	187	189	188M
4084	9630	9.477E-251	0.984	9.227E-251	0	384	386	0	384	386	385M
4094	10204	2.217E-308	0.993	0.000E+00	9	504	506	778	1273	1275	496M
4095	10203	7.915E-220	0.996	7.787E-220	0	330	332	0	330	332	331M
4096	10202	1.014E-160	1.00	9.659E-161	0	254	256	0	254	256	255M
4097	10201	1.896E-54	0.988	1.959E-54	0	86	88	0	86	88	87M
4098	10758	1.199E-109	0.378	1.144E-109	24	495	515	15	489	503	118M1D210M1I4M4I9M7D9M1I21M1D95M
4099	9966	2.317E-31	0.339	2.315E-31	11	265	277	4	266	278	56M1D19M2I3M1D101M2D22M3D10M3D42M
4100	8658	4.820E-32	0.313	4.803E-32	29	299	321	20	279	296	7M2I84M1D8M1I10M1I25M1I41M7D4M2I7M18I13M5I4M2D3M9D35M
4101	9671	2.068E-165	0.583	1.982E-165	0	485	489	0	478	812	24M3I69M4I106M2D78M2I134M2I34M2D30M
4102	9670	4.644E-322	0.774	4.743E-322	0	616	618	0	615	617	109M1I507M
4103	11891	3.900E-101	0.974	3.725E-101	0	154	156	0	154	156	155M
4104	11892	2.217E-308	0.992	0.000E+00	11	518	520	0	507	509	508M
4105	11893	2.284E-126	0.989	2.197E-126	20	213	215	1	194	196	194M
4106	10614	2.930E-145	0.990	2.890E-145	0	215	216	0	215	244	216M
4107	10615	3.213E-142	1.00	3.376E-142	0	230	232	0	230	232	231M
4108	10616	2.635E-220	1.00	2.572E-220	0	340	342	0	340	342	341M
4109	10617	2.178E-185	1.00	2.139E-185	0	287	289	0	287	289	288M
4111	11696	5.135E-41	0.875	5.146E-41	0	71	73	0	71	73	72M
4113	11700	1.780E-22	1.00	1.787E-22	0	42	52	0	42	115	43M
4114	11700	1.780E-22	1.00	1.787E-22	0	42	52	0	42	115	43M
4116	11696	5.135E-41	0.875	5.146E-41	0	71	73	0	71	73	72M
4118	8736	1.671E-160	0.959	1.707E-160	0	246	248	0	246	248	247M
4119	8735	3.762E-87	0.984	3.815E-87	0	129	131	0	129	131	130M
4120	8734	2.621E-218	0.993	2.739E-218	0	332	334	0	332	334	333M
4121	8733	4.322E-102	0.993	4.501E-102	0	156	158	143	299	301	157M
4122	8733	2.548E-91	0.992	2.596E-91	0	133	135	0	133	301	134M
4123	10351	1.601E-298	0.984	1.610E-298	0	458	460	0	458	460	459M
4124	10352	2.217E-308	0.992	0.000E+00	0	682	684	17	699	701	683M
4125	10719	5.814E-62	1.00	6.096E-62	0	101	103	0	101	103	102M
4126	11193	1.653E-233	0.992	1.703E-233	0	399	401	0	399	401	400M
4127	11192	2.914E-143	1.00	2.935E-143	0	225	227	0	225	227	226M
4128	11191	9.718E-106	0.994	9.464E-106	0	177	179	0	177	179	178M
4129	11231	1.230E-196	1.00	1.175E-196	0	292	294	0	292	294	293M
4130	11230	1.256E-243	0.966	1.215E-243	0	391	393	0	391	393	392M
4132	11229	4.536E-82	0.985	4.411E-82	0	135	137	0	135	137	136M
4133	11228	3.193E-101	0.993	3.298E-101	0	159	180	0	159	164	160M
4134	11054	3.280E-150	0.986	3.287E-150	0	220	222	7	227	229	221M
4135	11055	2.732E-118	0.967	2.622E-118	0	186	188	0	186	188	187M
4136	11080	6.514E-106	0.946	6.474E-106	0	168	171	0	168	171	169M
4138	11115	1.033E-321	0.997	1.047E-321	0	475	477	0	475	477	476M
4139	11116	7.070E-99	1.00	6.927E-99	0	138	140	0	138	140	139M
4140	11117	1.319E-107	1.00	1.308E-107	0	160	162	0	160	162	161M
4141	11118	4.386E-69	1.00	4.222E-69	0	100	102	0	100	282	101M
4142	11118	6.392E-60	0.990	6.656E-60	0	99	102	135	234	282	100M
4144	11150	2.168E-17	1.00	2.159E-17	0	31	33	0	31	33	32M
4145	11149	5.535E-159	0.970	5.656E-159	0	240	242	169	409	411	241M
4146	11149	5.535E-159	0.970	5.656E-159	0	240	242	169	409	411	241M
4147	11150	2.168E-17	1.00	2.159E-17	0	31	33	0	31	33	32M
4148	8877	1.774E-67	0.928	1.705E-67	0	111	113	60	171	402	112M
4149	8877	9.040E-78	1.00	8.804E-78	0	121	146	0	121	402	122M
4150	8878	2.919E-221	1.00	2.866E-221	0	347	349	0	347	349	348M
4151	8879	3.804E-246	1.00	3.815E-246	0	362	364	117	479	481	363M
4152	9880	5.675E-130	0.974	5.583E-130	0	198	200	0	198	200	199M
4153	9881	1.809E-152	1.00	1.725E-152	0	229	231	0	229	231	230M
4154	9881	1.809E-152	1.00	1.725E-152	0	229	231	0	229	231	230M
4155	9880	5.675E-130	0.974	5.583E-130	0	198	200	0	198	200	199M
4156	9536	9.844E-227	0.993	1.016E-226	0	328	330	0	328	330	329M
4157	9537	1.426E-176	1.00	1.411E-176	0	263	265	0	263	265	264M
4158	9538	1.053E-136	0.989	1.081E-136	0	198	200	0	198	200	199M
4159	9539	3.954E-145	0.995	3.778E-145	0	213	215	0	213	215	214M
4160	9934	7.568E-164	1.00	7.421E-164	0	249	251	0	249	251	250M
4161	9935	5.544E-121	0.963	5.766E-121	0	190	192	0	190	192	191M
4162	9935	5.544E-121	0.963	5.766E-121	0	190	192	0	190	192	191M
4163	9934	7.568E-164	1.00	7.421E-164	0	249	251	0	249	251	250M
4165	9974	2.217E-308	0.953	0.000E+00	0	1007	1025	0	1007	1109	1008M
4166	10682	8.651E-61	1.00	8.800E-61	0	91	93	49	140	143	92M
4167	10683	7.627E-167	0.965	7.420E-167	0	263	265	0	263	265	264M
4168	10683	7.627E-167	0.965	7.420E-167	0	263	265	0	263	265	264M
4169	10682	1.549E-92	1.00	1.549E-92	0	140	142	0	140	143	141M
4170	10682	7.747E-57	1.00	7.658E-57	0	90	91	0	90	143	91M
4171	11885	4.863E-225	1.00	4.968E-225	0	337	339	0	337	339	338M
4172	11884	1.622E-71	0.991	1.661E-71	0	116	118	735	851	853	117M
4177	8653	5.909E-223	0.980	5.690E-223	0	352	380	0	352	437	353M
4178	8653	5.909E-223	0.980	5.690E-223	0	352	380	0	352	437	353M
4180	11667	5.389E-110	0.981	5.407E-110	0	165	166	0	165	195	166M
4181	11668	1.195E-69	0.973	1.141E-69	0	112	114	0	112	114	113M
4182	11668	1.195E-69	0.973	1.141E-69	0	112	114	0	112	114	113M
4183	11667	6.272E-130	0.979	6.032E-130	0	193	195	0	193	195	194M
4184	11667	1.520E-46	0.985	1.472E-46	0	69	71	124	193	195	70M
4187	10297	2.237E-118	0.979	2.239E-118	0	196	198	0	196	198	197M
4188	10296	1.011E-43	1.00	1.011E-43	0	73	75	0	73	75	74M
4189	10295	3.074E-36	1.00	3.081E-36	0	63	65	0	63	65	64M
4190	10294	9.077E-273	0.995	9.126E-273	0	419	421	0	419	421	420M
4191	11050	1.904E-133	0.985	1.852E-133	0	202	204	83	285	287	203M
4192	11051	2.099E-132	0.985	2.036E-132	0	206	208	0	206	208	207M
4193	11051	2.099E-132	0.985	2.036E-132	0	206	208	0	206	208	207M
4194	11050	1.904E-133	0.985	1.852E-133	0	202	204	83	285	287	203M
4195	10813	1.687E-125	1.00	1.704E-125	0	183	185	585	768	770	184M
4196	10814	4.711E-58	1.00	4.576E-58	0	96	98	0	96	98	97M
4197	10815	2.217E-308	0.982	0.000E+00	0	506	508	0	506	508	507M
4198	10816	5.261E-62	0.973	5.267E-62	0	111	113	0	111	113	112M
4199	9540	7.212E-68	0.974	7.093E-68	0	118	121	0	118	121	119M
4200	9541	4.789E-103	0.987	4.709E-103	0	155	157	0	155	157	156M
4201	9541	4.789E-103	0.987	4.709E-103	0	155	157	0	155	157	156M
4202	9540	7.212E-68	0.974	7.093E-68	0	118	121	0	118	121	119M
4203	9545	2.374E-257	0.994	2.271E-257	0	382	384	0	381	383	76M1I306M
4204	9544	3.001E-193	0.992	2.879E-193	0	277	279	0	277	279	278M
4205	9543	4.978E-118	0.989	5.007E-118	0	192	195	0	192	202	193M
4206	10293	5.087E-49	1.00	5.118E-49	0	76	78	0	76	78	77M
4207	10292	7.902E-142	0.982	8.178E-142	0	222	224	0	222	224	223M
4208	10291	1.848E-21	0.975	1.843E-21	0	40	42	0	40	42	41M
4209	10290	4.536E-82	1.00	4.317E-82	0	128	130	0	128	130	129M
4210	10289	5.347E-107	0.987	5.089E-107	0	163	164	0	163	182	164M
4211	12083	1.898E-39	1.00	1.905E-39	0	62	63	0	62	94	63M
4212	12082	2.124E-98	0.987	2.156E-98	0	155	157	0	155	157	156M
4213	12082	2.124E-98	0.987	2.156E-98	0	155	157	0	155	157	156M
4214	12083	2.352E-60	1.00	2.387E-60	0	92	94	0	92	94	93M
4215	12083	2.047E-45	1.00	2.048E-45	0	71	73	21	92	94	72M
4222	8515	2.217E-308	0.970	0.000E+00	0	806	808	0	826	828	448M20D359M
4223	11921	2.425E-188	1.00	2.479E-188	0	285	286	0	285	329	286M
4224	11921	1.435E-217	1.00	1.436E-217	0	327	329	0	327	329	328M
4225	11921	2.298E-51	1.00	2.321E-51	0	82	84	245	327	329	83M
4226	9624	1.346E-115	0.927	1.332E-115	0	191	193	0	191	193	192M
4227	9625	2.917E-182	0.989	2.873E-182	0	286	288	0	286	288	287M
4228	9626	2.144E-63	0.990	2.077E-63	0	104	105	0	104	206	105M
4229	11676	7.120E-63	0.980	7.004E-63	0	102	104	270	372	374	103M
4230	11309	2.545E-168	0.831	2.483E-168	0	319	321	0	318	320	301M1I18M
4231	11674	3.436E-52	1.00	3.477E-52	0	82	84	0	82	84	83M
4234	11672	7.440E-80	0.952	7.441E-80	0	125	132	0	125	241	126M
4235	12011	3.755E-241	0.994	3.708E-241	0	366	367	0	366	432	367M
4236	12012	6.813E-162	0.955	6.670E-162	0	271	273	0	271	273	272M
4237	9655	7.976E-223	0.997	8.337E-223	0	333	334	0	333	360	334M
4238	9655	7.976E-223	0.997	8.337E-223	0	333	334	0	333	360	334M
4239	10680	9.275E-204	0.990	9.113E-204	0	326	328	0	326	328	327M
4240	10681	8.953E-229	1.00	8.721E-229	0	361	363	37	398	400	362M
4241	11054	2.262E-45	0.371	2.179E-45	3	230	241	4	226	229	104M1I38M1I23M2I14M1D31M2I12M
4244	11054	2.262E-45	0.371	2.179E-45	3	230	241	4	226	229	104M1I38M1I23M2I14M1D31M2I12M
4246	10958	1.953E-259	0.994	1.878E-259	0	394	396	0	394	396	395M
4247	10959	1.638E-191	0.993	1.591E-191	0	302	304	0	302	304	303M
4249	11161	1.593E-64	0.990	1.654E-64	0	107	118	68	175	179	108M
4250	11161	2.313E-42	0.974	2.305E-42	0	76	87	99	175	179	77M
4251	11161	1.962E-106	0.982	1.983E-106	0	175	186	0	175	179	176M
4252	11161	1.962E-106	0.982	1.983E-106	0	175	186	0	175	179	176M
4253	11161	2.313E-42	0.974	2.305E-42	0	76	87	99	175	179	77M
4254	11161	1.593E-64	0.990	1.654E-64	0	107	118	68	175	179	108M
4261	11265	2.217E-308	0.981	0.000E+00	0	660	661	0	660	719	661M
4262	12085	7.909E-65	0.981	8.192E-65	0	109	110	0	109	169	110M
4266	10326	3.514E-254	1.00	3.624E-254	0	379	380	0	379	412	380M
4267	10327	2.904E-219	1.00	2.781E-219	0	337	339	0	337	339	338M
4268	10328	2.976E-35	0.984	2.979E-35	0	64	66	49	113	115	65M
4269	11672	6.060E-78	0.936	6.192E-78	0	125	132	0	125	241	126M
4271	11674	2.526E-49	1.00	2.418E-49	0	77	82	0	77	84	78M
4272	11309	5.621E-165	0.762	5.458E-165	0	357	359	0	318	320	151M6I34M17I6M16I128M
4273	11310	5.844E-64	0.990	5.586E-64	0	102	104	270	372	374	103M
4274	9551	3.759E-48	0.987	3.777E-48	0	78	80	99	177	179	79M
4275	9552	2.223E-77	0.954	2.232E-77	0	130	139	0	130	183	131M
4276	9552	2.223E-77	0.954	2.232E-77	0	130	139	0	130	183	131M
4277	9551	7.274E-110	0.988	7.333E-110	0	177	179	0	177	179	178M
4278	9551	2.054E-85	0.992	1.993E-85	0	140	141	0	140	179	141M
4279	11701	2.333E-26	0.980	2.334E-26	0	50	51	0	50	79	51M
4280	11700	4.860E-70	0.982	4.641E-70	0	113	115	0	113	115	114M
4281	11700	4.860E-70	0.982	4.641E-70	0	113	115	0	113	115	114M
4282	11701	1.235E-43	0.961	1.235E-43	0	77	79	0	77	79	78M
4283	9301	5.597E-86	1.00	5.373E-86	0	138	140	0	138	140	139M
4284	9302	4.496E-272	1.00	4.293E-272	0	432	434	0	432	434	433M
4285	11146	9.277E-88	1.00	9.299E-88	0	139	141	41	180	182	140M
4286	11145	9.078E-157	1.00	9.336E-157	0	248	250	0	248	250	249M
4287	11144	1.052E-97	1.00	1.045E-97	0	155	157	0	155	157	156M
4288	10288	2.366E-101	0.988	2.485E-101	0	172	174	0	172	206	173M
4289	10288	2.366E-101	0.988	2.485E-101	0	172	174	0	172	206	173M
4290	11138	3.454E-170	0.992	3.287E-170	0	253	255	0	253	255	254M
4291	11138	3.454E-170	0.992	3.287E-170	0	253	255	0	253	255	254M
4292	11961	1.085E-109	1.00	1.119E-109	0	166	168	0	166	168	167M
4293	11962	3.930E-220	0.994	3.913E-220	0	339	351	0	339	408	340M
4296	11359	3.729E-161	0.980	3.626E-161	0	260	262	0	260	262	261M
4297	11360	1.253E-242	0.994	1.314E-242	0	388	390	84	472	474	389M
4302	11267	1.002E-20	0.976	1.005E-20	0	42	44	0	42	44	43M
4303	11266	1.137E-243	0.991	1.123E-243	0	369	371	0	369	371	370M
4304	9071	6.464E-103	1.00	6.584E-103	0	162	164	0	162	164	163M
4305	9072	1.731E-135	0.958	1.686E-135	0	216	218	0	216	220	217M
4306	9251	3.847E-57	1.00	3.685E-57	0	88	89	0	88	164	89M
4307	9250	1.230E-80	0.977	1.256E-80	0	134	141	0	134	154	135M
4308	9250	1.230E-80	0.977	1.256E-80	0	134	141	0	134	154	135M
4309	9251	3.847E-57	1.00	3.685E-57	0	88	89	0	88	164	89M
4310	10287	3.019E-29	0.757	3.027E-29	0	65	70	0	64	72	4M1I61M
4311	11847	8.305E-22	0.897	8.335E-22	0	38	45	0	38	40	39M
4317	10154	2.217E-308	1.00	0.000E+00	0	564	566	0	564	566	565M
4318	11149	2.875E-99	0.970	2.780E-99	0	166	167	0	166	411	167M
4319	11148	3.317E-193	0.989	3.213E-193	0	286	288	0	286	288	287M
4320	11471	8.052E-304	0.986	7.792E-304	0	459	461	0	459	461	460M
4321	9304	3.615E-149	1.00	3.716E-149	0	232	267	34	266	286	233M
4322	9303	2.382E-181	1.00	2.277E-181	0	263	265	0	263	265	264M
4323	11114	2.204E-267	1.00	2.109E-267	0	434	436	0	434	436	435M
4324	11742	2.191E-110	0.983	2.177E-110	0	178	180	126	304	306	179M
4325	11742	2.532E-166	0.963	2.559E-166	3	276	278	31	304	306	274M
4332	10077	2.368E-140	0.990	2.262E-140	0	213	241	125	338	364	214M
4333	10077	1.411E-172	0.992	1.369E-172	0	258	286	80	338	364	259M
4334	10077	6.294E-54	1.00	6.286E-54	0	85	86	80	165	364	86M
4335	12016	3.303E-114	0.972	3.170E-114	0	178	180	47	225	227	179M
4336	11356	4.143E-47	0.894	4.341E-47	5	89	91	6	90	92	85M
4339	12010	7.248E-302	0.993	7.125E-302	0	441	443	21	462	464	442M
4340	10461	7.070E-99	1.00	6.903E-99	0	151	153	17	168	170	152M
4341	10460	4.559E-200	0.990	4.570E-200	0	305	308	0	305	308	306M
4342	10275	2.775E-124	0.956	2.700E-124	0	208	210	0	208	210	209M
4343	11806	1.689E-48	0.422	1.625E-48	6	206	241	10	210	412	201M
4344	11806	1.689E-48	0.422	1.625E-48	6	206	241	10	210	412	201M
4348	11889	9.551E-254	0.963	9.892E-254	0	386	388	0	386	388	387M
4349	10339	2.956E-17	1.00	2.968E-17	0	31	33	0	31	33	32M
4350	10338	8.459E-91	0.979	8.707E-91	0	145	147	0	143	145	6M2I138M
4351	10337	2.548E-91	0.992	2.656E-91	0	140	142	9	149	151	141M
4355	11464	1.708E-91	0.993	1.712E-91	0	144	146	44	188	190	145M
4356	11463	3.890E-216	0.993	3.824E-216	0	304	305	0	304	340	305M
4358	11196	1.918E-16	0.975	1.927E-16	3	42	44	371	410	412	40M
4359	11195	9.786E-70	0.981	9.387E-70	0	108	110	27	135	137	109M
4360	11195	9.786E-70	0.981	9.387E-70	0	108	110	27	135	137	109M
4361	11196	1.918E-16	0.975	1.927E-16	3	42	44	371	410	412	40M
4364	12077	6.730E-18	0.970	6.752E-18	0	33	35	90	123	125	34M
4365	12077	6.730E-18	0.970	6.752E-18	0	33	35	90	123	125	34M
4366	11420	7.250E-70	0.991	7.014E-70	0	115	117	8	123	125	116M
4367	11420	5.936E-70	0.974	6.037E-70	7	125	127	5	123	125	119M
4368	11362	1.341E-191	0.996	1.365E-191	0	292	294	0	292	294	293M
4371	8762	3.410E-49	0.273	3.519E-49	0	372	393	0	523	944	122M40D4M101D41M1D12M1D38M6D25M3I52M5D76M
4372	12145	4.755E-255	1.00	4.702E-255	0	379	397	0	379	380	380M
4373	9292	7.754E-96	1.00	7.881E-96	0	153	155	0	153	155	154M
4374	9291	1.385E-41	0.971	1.379E-41	0	70	72	0	70	72	71M
4376	11603	1.245E-15	0.327	1.241E-15	13	191	195	124	300	307	11M2D30M1I8M4I6M3I10M1I17M3D36M2D52M
4377	11472	9.301E-89	0.965	9.013E-89	0	144	145	0	144	183	145M
4380	10437	2.520E-48	1.00	2.490E-48	0	76	78	82	158	160	77M
4381	10436	2.878E-26	1.00	2.879E-26	0	72	74	0	72	74	73M
4382	10435	1.589E-63	1.00	1.548E-63	0	98	99	0	98	106	99M
4383	11083	2.269E-23	0.875	2.273E-23	0	47	49	111	158	160	48M
4384	11082	4.269E-16	0.782	4.270E-16	0	45	47	0	45	47	46M
4385	11081	3.548E-103	0.973	3.603E-103	0	152	158	0	152	254	153M
4387	11678	7.065E-60	0.958	7.146E-60	0	95	97	0	95	97	96M
4388	11677	4.307E-62	0.916	4.340E-62	0	107	109	0	106	108	18M1I89M
4390	9579	3.009E-194	0.890	3.127E-194	14	366	367	0	360	2338	221M6D5M2I94M6D9M2I20M
4391	9351	1.130E-86	1.00	1.108E-86	0	139	140	0	139	226	140M
4392	9351	1.130E-86	1.00	1.108E-86	0	139	140	0	139	226	140M
4394	9155	1.255E-88	0.985	1.236E-88	0	140	145	0	140	284	141M
4395	9155	1.255E-88	0.985	1.236E-88	0	140	145	0	140	284	141M
4397	8516	1.057E-60	0.989	1.021E-60	0	95	96	0	95	198	96M
4398	8516	1.057E-60	0.989	1.021E-60	0	95	96	0	95	198	96M
4399	12115	6.676E-42	0.435	6.700E-42	9	186	189	4	180	317	82M1D73M2I21M
4401	11170	8.060E-111	0.717	8.347E-111	27	260	262	40	273	275	234M
4402	11412	1.251E-48	0.954	1.212E-48	0	87	89	0	87	89	88M
4403	11411	1.314E-67	0.973	1.305E-67	0	112	114	0	112	114	113M
4404	11410	3.271E-29	1.00	3.278E-29	4	57	59	0	53	55	54M
4405	12053	1.034E-129	0.807	1.011E-129	0	280	281	0	266	282	50M1I203M13I14M
4406	8762	6.044E-77	0.409	5.823E-77	0	311	330	546	897	944	35M1D12M5D55M1D3M23D42M5D12M1D63M1D45M3D45M
4407	11310	2.815E-207	1.00	2.927E-207	0	310	311	0	310	374	311M
4411	10925	1.724E-56	0.946	1.756E-56	0	93	95	297	390	487	94M
4413	10127	4.079E-157	1.00	4.056E-157	0	237	239	0	237	239	238M
4414	12140	2.763E-45	0.710	2.811E-45	12	111	112	165	264	403	100M
4416	11223	6.796E-45	0.973	6.470E-45	1	75	77	126	200	440	75M
4417	11738	1.282E-15	1.00	1.280E-15	0	30	32	342	372	374	31M
4418	11738	1.282E-15	1.00	1.280E-15	0	30	32	342	372	374	31M
4419	9279	3.791E-32	1.00	3.791E-32	0	49	57	0	49	98	50M
4420	9279	3.791E-32	1.00	3.791E-32	0	49	57	0	49	98	50M
4421	10321	8.770E-16	0.966	8.800E-16	0	29	31	29	58	813	30M
4424	11147	3.199E-63	0.989	3.280E-63	0	94	95	50	144	187	95M
4425	11147	3.199E-63	0.989	3.280E-63	0	94	95	50	144	187	95M
4426	9849	1.672E-44	0.807	1.725E-44	0	82	84	54	136	351	83M
4427	9849	1.544E-52	0.817	1.607E-52	0	92	94	0	92	351	93M
4430	12170	1.610E-41	0.959	1.603E-41	0	73	75	33	106	138	74M
4431	12170	1.901E-55	0.950	1.816E-55	2	103	104	34	135	138	102M
4433	9351	1.677E-84	1.00	1.739E-84	0	125	127	99	224	226	126M
4434	9351	1.677E-84	1.00	1.739E-84	0	125	127	99	224	226	126M
4436	11002	9.905E-36	0.983	9.888E-36	0	61	63	0	61	629	62M
4439	10433	9.965E-19	1.00	1.001E-18	0	34	35	0	34	143	35M
4440	10432	1.849E-25	1.00	1.841E-25	0	46	48	0	46	48	47M
4441	11423	3.870E-98	0.978	3.701E-98	0	140	142	0	140	142	141M
4442	11422	9.637E-37	1.00	9.600E-37	0	65	67	0	65	67	66M
4447	12148	4.731E-137	0.844	4.529E-137	0	231	235	0	231	235	232M
4448	11450	9.478E-135	0.746	9.022E-135	0	251	254	23	274	277	252M
4449	9535	3.401E-48	0.987	3.418E-48	0	76	78	0	76	78	77M
4450	9535	3.401E-48	0.987	3.418E-48	0	76	78	0	76	78	77M
4451	10860	6.312E-28	0.960	6.307E-28	0	50	61	88	138	252	51M
4452	9277	1.314E-32	0.932	1.309E-32	0	58	61	0	58	120	59M
4453	9277	1.950E-65	0.970	1.999E-65	0	102	107	0	102	120	103M
4454	11186	5.839E-141	0.985	5.775E-141	0	210	212	21	231	233	211M
4457	10228	1.792E-71	0.823	1.753E-71	0	141	166	43	182	187	135M2I5M
4458	9487	9.761E-69	0.709	1.009E-68	9	163	167	100	253	300	53M1I101M
4459	12084	8.924E-73	0.983	8.984E-73	0	120	123	0	120	128	121M
4460	12084	8.924E-73	0.983	8.984E-73	0	120	123	0	120	128	121M
4461	10492	5.784E-60	0.990	5.747E-60	12	111	112	167	266	507	100M
4465	11822	4.426E-30	0.964	4.412E-30	0	55	57	1450	1505	1507	56M
4466	11822	2.454E-30	0.947	2.463E-30	0	56	58	1449	1505	1507	57M
4467	11822	1.715E-23	0.754	1.709E-23	3	59	62	1393	1449	1507	57M
4469	10188	4.571E-85	1.00	4.405E-85	29	150	151	11	132	190	122M
4472	10286	1.857E-46	0.986	1.800E-46	0	73	75	0	73	75	74M
4473	11262	5.905E-68	1.00	5.710E-68	0	109	110	0	109	701	110M
4474	9355	1.388E-30	1.00	1.386E-30	0	51	53	165	216	218	52M
4475	9395	5.927E-23	0.976	5.900E-23	0	41	43	0	41	405	42M
4476	11894	1.931E-38	1.00	1.937E-38	0	63	65	14	77	79	64M
4477	11894	1.931E-38	1.00	1.937E-38	0	63	65	14	77	79	64M
4478	11147	1.233E-27	0.800	1.232E-27	0	64	68	103	167	187	65M
4479	11147	4.462E-37	0.890	4.458E-37	0	72	77	108	176	187	64M4I5M
4480	11147	4.462E-37	0.890	4.458E-37	0	72	77	108	176	187	64M4I5M
4481	11147	1.233E-27	0.800	1.232E-27	0	64	68	103	167	187	65M
4484	9579	1.632E-112	0.838	1.636E-112	0	216	217	24	248	2338	88M6D5M2I98M6D5M2I17M
4485	10188	6.359E-58	0.988	6.212E-58	0	83	85	105	188	190	84M
4486	10188	6.359E-58	0.988	6.212E-58	0	83	85	105	188	190	84M
4487	11031	5.074E-48	0.988	5.086E-48	0	84	86	166	250	252	85M
4488	11031	5.074E-48	0.988	5.086E-48	0	84	86	166	250	252	85M
4491	12140	8.737E-30	0.793	8.757E-30	0	57	58	199	256	403	58M
4492	12078	2.090E-53	1.00	2.120E-53	0	84	85	0	84	185	85M
4493	12078	2.090E-53	1.00	2.120E-53	0	84	85	0	84	185	85M
4495	12077	1.568E-58	1.00	1.565E-58	0	92	115	0	92	125	93M
4496	12077	1.568E-58	1.00	1.565E-58	0	92	115	0	92	125	93M
4499	12052	5.982E-73	0.991	5.947E-73	0	115	121	0	115	463	116M
4506	10642	6.002E-113	1.00	6.145E-113	0	175	176	46	221	279	176M
4508	10348	1.871E-49	0.988	1.816E-49	0	87	89	341	428	430	88M
4513	9021	4.591E-48	1.00	4.461E-48	0	76	77	0	76	135	77M
4514	9021	4.591E-48	1.00	4.461E-48	0	76	77	0	76	135	77M
4515	12140	1.437E-32	0.650	1.439E-32	0	79	82	262	341	403	80M
4516	12140	1.437E-32	0.650	1.439E-32	0	79	82	262	341	403	80M
4518	9395	4.776E-102	0.981	4.953E-102	0	159	160	1	160	405	160M
4519	8850	9.976E-31	1.00	1.001E-30	0	58	59	0	58	547	59M
4522	9579	2.515E-86	0.980	2.452E-86	0	149	150	131	280	2338	150M
4526	12170	1.437E-63	1.00	1.408E-63	0	106	110	26	132	138	107M
4528	9355	1.557E-94	1.00	1.497E-94	0	143	144	62	205	218	144M
4529	11672	1.123E-45	0.688	1.179E-45	1	106	107	132	235	241	15M1I54M1I35M
4530	11672	2.642E-16	0.968	2.637E-16	0	31	38	94	125	241	32M
4531	10298	1.284E-58	1.00	1.319E-58	0	91	92	1	92	110	92M
4534	10539	4.330E-37	0.943	4.316E-37	0	69	70	0	70	255	4M1D66M
4536	9278	1.944E-29	0.981	1.944E-29	0	53	55	24	77	79	54M
4537	9278	1.944E-29	0.981	1.944E-29	0	53	55	24	77	79	54M
4539	9031	3.401E-48	0.877	3.540E-48	0	97	98	0	97	441	98M
4540	10441	5.431E-24	0.975	5.440E-24	0	39	40	1	40	75	40M
4541	10441	5.431E-24	0.975	5.440E-24	0	39	40	1	40	75	40M
4542	12140	8.445E-13	0.650	8.475E-13	0	39	40	256	295	403	40M
4543	12140	3.521E-15	0.543	3.525E-15	0	56	70	256	308	403	48M4I5M
4544	11050	4.603E-49	1.00	4.554E-49	0	81	82	0	81	287	82M
4545	10434	1.680E-46	0.986	1.712E-46	0	72	74	0	72	74	73M
4546	11429	1.307E-65	1.00	1.291E-65	0	106	111	175	281	290	107M
4550	9579	4.443E-74	0.968	4.627E-74	0	126	127	174	300	2338	127M
4551	11053	1.245E-46	0.987	1.290E-46	0	79	81	87	166	168	80M
4552	11268	2.908E-30	0.962	2.898E-30	0	53	55	87	140	142	54M
4553	11268	2.908E-30	0.962	2.898E-30	0	53	55	87	140	142	54M
4554	11360	5.593E-47	1.00	5.512E-47	0	82	83	0	82	474	83M
4557	10833	1.254E-49	1.00	1.222E-49	0	79	81	31	110	112	80M
4558	8869	7.950E-67	0.951	8.279E-67	0	102	113	58	160	162	103M
4559	10641	2.462E-39	1.00	2.456E-39	0	67	68	0	67	793	68M
4562	10951	2.996E-26	0.709	2.989E-26	0	61	62	0	61	331	62M
4563	10949	5.581E-23	1.00	5.594E-23	0	40	42	191	231	233	41M
4568	12150	1.925E-60	1.00	1.974E-60	0	101	103	128	229	230	102M
4569	9355	1.388E-30	1.00	1.386E-30	0	51	53	165	216	218	52M
4570	9356	1.998E-24	0.955	1.994E-24	0	44	45	0	44	404	45M
4571	12140	1.627E-18	0.750	1.628E-18	0	43	44	164	207	403	44M
4572	12140	1.627E-18	0.750	1.628E-18	0	43	44	164	207	403	44M
4573	12170	3.490E-58	1.00	3.335E-58	0	97	98	13	110	138	98M
4576	12084	4.545E-17	1.00	4.556E-17	0	34	35	0	34	128	35M
4577	12084	4.545E-17	1.00	4.556E-17	0	34	35	0	34	128	35M
4578	10313	5.891E-40	0.985	5.863E-40	0	70	71	0	70	1286	71M
4579	9579	4.591E-48	0.988	4.513E-48	6	89	90	0	83	2338	84M
4580	9579	1.074E-43	0.863	1.073E-43	0	88	89	207	299	2338	14M6D5M2I68M
4581	11363	8.083E-27	0.979	8.115E-27	0	48	49	0	48	235	49M
4582	12077	1.457E-18	1.00	1.454E-18	0	35	36	0	35	125	36M
4583	12077	1.457E-18	1.00	1.454E-18	0	35	36	0	35	125	36M
4584	8794	2.074E-50	0.987	2.022E-50	0	81	83	253	334	336	82M
4585	12150	1.390E-50	0.965	1.376E-50	0	87	88	128	215	230	88M
4586	10957	5.741E-30	1.00	5.754E-30	0	55	56	0	55	452	56M
4587	9579	3.093E-50	0.976	3.220E-50	0	85	86	150	235	2338	86M
4588	11722	1.458E-22	1.00	1.451E-22	0	40	42	46	86	88	41M
4589	11413	4.232E-32	1.00	4.233E-32	0	51	53	322	373	375	52M
4590	12247	1.060E-42	1.00	1.056E-42	0	72	84	0	72	73	73M
4591	12140	1.664E-19	0.723	1.664E-19	0	46	49	127	173	403	47M
4592	12140	1.664E-19	0.723	1.664E-19	0	46	49	127	173	403	47M
4594	12170	2.344E-20	1.00	2.344E-20	7	47	48	19	59	138	41M
4595	12115	3.978E-08	0.540	3.996E-08	0	36	44	47	83	317	37M
4596	12115	3.978E-08	0.540	3.996E-08	0	36	44	47	83	317	37M
4599	12267	5.026E-25	1.00	5.034E-25	0	41	43	0	41	45	42M
4600	12267	5.026E-25	1.00	5.034E-25	0	41	43	0	41	45	42M
4603	9891	3.567E-20	1.00	3.584E-20	0	40	44	799	839	895	41M
4604	9891	3.567E-20	1.00	3.584E-20	0	40	44	799	839	895	41M
4608	9644	6.231E-23	1.00	6.222E-23	0	41	44	15	56	250	42M
4609	9644	6.231E-23	1.00	6.222E-23	0	41	44	15	56	250	42M
4611	9880	1.812E-21	0.777	1.811E-21	0	53	60	44	97	200	54M
4612	11830	3.285E-23	0.976	3.296E-23	1	43	44	164	206	572	43M
4613	11830	8.770E-16	1.00	8.800E-16	0	30	31	176	206	572	31M
4617	10126	1.144E-25	1.00	1.144E-25	0	44	45	0	44	139	45M
4618	11791	8.705E-17	1.00	8.682E-17	0	40	41	0	40	744	41M
4620	12150	9.197E-46	0.938	9.053E-46	1	81	82	131	211	230	81M
4621	12140	2.541E-28	0.592	2.533E-28	0	80	81	26	106	403	81M
4622	9240	2.521E-25	1.00	2.529E-25	0	41	42	0	41	161	42M
4623	12140	3.153E-38	0.753	3.141E-38	0	80	81	215	295	403	81M
4626	12246	5.035E-45	1.00	5.209E-45	3	77	79	0	74	75	75M
4627	12011	2.189E-40	1.00	2.183E-40	0	62	64	368	430	432	63M
4628	12150	1.372E-45	0.987	1.397E-45	0	77	78	131	208	230	78M
4629	12247	3.785E-43	1.00	3.771E-43	0	72	76	0	72	73	73M
4630	9579	1.783E-38	0.985	1.787E-38	6	75	76	0	69	2338	70M
4631	11873	7.865E-28	0.923	7.892E-28	0	51	53	477	528	530	52M
4632	12242	3.451E-42	0.973	3.459E-42	0	75	76	2	77	86	76M
4633	9251	2.042E-44	1.00	2.077E-44	0	73	75	89	162	164	74M
4634	12140	1.368E-36	0.797	1.364E-36	0	73	74	127	200	403	74M
4635	12170	4.442E-43	1.00	4.454E-43	0	72	73	13	85	138	73M
4636	10642	1.144E-25	1.00	1.144E-25	0	44	45	0	44	279	45M
4639	10350	1.458E-22	1.00	1.451E-22	0	41	42	0	41	524	42M
4640	9579	1.256E-38	0.971	1.259E-38	0	68	69	24	92	2338	69M
4641	8656	3.679E-32	0.985	3.697E-32	0	68	69	273	341	361	69M
4642	10715	5.309E-23	1.00	5.307E-23	0	45	47	822	867	869	46M
4643	12140	1.687E-32	0.833	1.687E-32	0	65	66	103	168	403	66M
4645	9579	9.588E-35	0.968	9.563E-35	0	63	64	20	83	2338	64M
4646	9401	2.924E-36	1.00	2.929E-36	0	60	64	237	297	305	61M
4647	9516	1.450E-20	0.860	1.452E-20	0	49	51	80	129	160	50M
4648	10659	1.208E-15	0.967	1.210E-15	0	30	31	192	222	379	31M
4656	8843	1.373E-22	1.00	1.377E-22	0	41	47	44	85	172	42M
4658	10250	7.347E-21	0.976	7.312E-21	0	42	44	85	127	343	43M
4661	10977	3.041E-24	1.00	3.044E-24	0	41	47	80	121	226	42M
4663	8602	7.454E-15	1.00	7.430E-15	0	34	35	0	34	104	35M
4666	9706	1.944E-25	1.00	1.942E-25	0	41	43	103	144	203	42M
4668	12085	2.145E-36	0.982	2.155E-36	0	56	58	111	167	169	57M
4669	12245	1.674E-33	1.00	1.675E-33	0	57	58	1	58	77	58M
4670	9579	7.905E-30	0.982	7.902E-30	0	55	56	240	295	2338	56M
4671	9764	1.348E-11	0.885	1.343E-11	0	34	38	452	486	700	35M
4672	9764	1.348E-11	0.885	1.343E-11	0	34	38	452	486	700	35M
4673	12170	7.153E-30	1.00	7.127E-30	0	53	54	13	66	138	54M
4674	12170	1.030E-27	1.00	1.029E-27	0	51	52	2	53	138	52M
4675	12170	1.030E-27	1.00	1.029E-27	0	51	52	2	53	138	52M
4676	12140	5.000E-23	0.769	5.016E-23	0	51	52	167	218	403	52M
4677	9579	1.657E-29	1.00	1.664E-29	0	51	52	259	310	2338	52M
4679	12170	1.064E-28	1.00	1.060E-28	0	50	51	26	76	138	51M
4680	12260	3.688E-29	1.00	3.686E-29	0	48	49	3	51	52	49M
4682	12170	6.584E-25	1.00	6.557E-25	0	47	48	19	66	138	48M
4683	12243	1.343E-25	0.979	1.340E-25	0	47	48	18	65	80	48M
4684	12170	6.734E-26	1.00	6.740E-26	0	46	47	13	59	138	47M
4685	12251	2.398E-25	1.00	2.400E-25	0	46	47	14	60	64	47M
4686	12243	5.898E-25	0.978	5.902E-25	0	45	46	1	46	80	46M
4687	12170	3.055E-22	1.00	3.047E-22	0	43	44	91	134	138	44M
4688	12243	1.839E-23	1.00	1.841E-23	0	44	45	24	68	80	45M
4689	12259	7.900E-22	0.977	7.904E-22	0	43	44	0	43	54	44M
4690	12251	1.532E-22	1.00	1.530E-22	0	42	43	19	61	64	43M
 