4693	1770	1.718E-248	0.994	1.692E-248	0	354	356	0	354	356	355M
4694	1771	5.753E-174	1.00	5.525E-174	0	276	278	0	276	278	277M
4695	1772	2.489E-198	1.00	2.514E-198	0	284	286	0	284	286	285M
4696	1773	5.809E-139	0.980	5.578E-139	0	200	202	0	200	202	201M
4697	1774	5.940E-109	0.988	5.789E-109	0	174	176	0	174	176	175M
4698	1775	7.628E-51	1.00	7.447E-51	0	80	82	0	80	82	81M
4699	1776	4.288E-215	1.00	4.175E-215	0	327	329	0	327	329	328M
4700	1777	5.352E-146	1.00	5.523E-146	0	219	221	0	219	221	220M
4701	1778	2.217E-308	0.998	0.000E+00	0	660	662	0	660	662	661M
4702	1779	2.217E-308	0.997	0.000E+00	0	482	484	0	482	484	483M
4703	1780	9.046E-233	1.00	9.382E-233	0	361	363	0	361	363	362M
4704	1781	2.601E-99	0.993	2.604E-99	0	157	159	0	157	159	158M
4705	1782	7.867E-179	0.986	7.682E-179	0	293	295	0	293	295	294M
4706	1783	5.324E-144	1.00	5.264E-144	0	222	224	0	222	224	223M
4707	1784	4.880E-149	0.995	4.646E-149	0	236	238	0	236	238	237M
4708	1785	4.991E-119	1.00	4.774E-119	0	190	192	0	190	192	191M
4709	1786	5.135E-130	0.984	5.076E-130	0	196	198	0	196	198	197M
4710	1787	4.415E-265	1.00	4.547E-265	0	414	416	0	414	416	415M
4711	1788	1.076E-183	0.986	1.055E-183	0	303	305	0	303	305	304M
4712	1789	5.233E-176	0.988	4.980E-176	0	263	265	0	263	265	264M
4713	1790	7.224E-146	0.995	7.441E-146	0	212	214	0	212	214	213M
4714	1791	2.152E-103	1.00	2.050E-103	0	164	166	0	164	166	165M
4715	1792	1.974E-147	0.991	2.014E-147	0	229	231	0	229	231	230M
4716	4222	2.217E-308	0.970	0.000E+00	0	826	828	0	806	808	448M20I359M
4717	2397	2.455E-38	0.389	2.455E-38	1	185	198	12	195	219	83M1I101M
4718	2714	2.217E-308	0.996	0.000E+00	0	809	811	0	809	811	810M
4719	2715	2.217E-308	0.994	0.000E+00	0	683	685	0	683	685	684M
4720	2716	4.194E-44	0.985	4.174E-44	0	68	70	0	68	70	69M
4721	2717	3.241E-68	0.991	3.177E-68	0	119	144	0	119	129	120M
4722	2718	2.217E-308	0.997	0.000E+00	0	730	732	0	730	732	731M
4723	2719	6.223E-127	0.994	6.418E-127	0	187	189	0	187	189	188M
4724	2720	1.661E-235	1.00	1.641E-235	0	360	362	0	360	362	361M
4725	2721	7.020E-15	1.00	7.030E-15	0	32	34	0	32	34	33M
4726	2722	1.552E-54	0.947	1.621E-54	0	95	97	0	95	97	96M
4727	2723	1.147E-53	1.00	1.183E-53	0	84	86	0	84	86	85M
4728	2724	5.351E-262	0.997	5.118E-262	0	389	391	0	389	391	390M
4729	590	2.217E-308	0.991	0.000E+00	0	495	497	0	495	497	496M
4730	589	4.041E-76	1.00	3.861E-76	0	124	126	0	124	126	125M
4731	588	1.424E-214	1.00	1.491E-214	0	334	336	0	334	336	335M
4732	587	3.814E-131	1.00	3.649E-131	0	207	209	0	207	209	208M
4733	586	6.075E-79	1.00	5.874E-79	0	127	129	0	127	129	128M
4734	585	8.901E-72	1.00	9.270E-72	0	117	119	0	117	119	118M
4735	584	5.164E-20	1.00	5.178E-20	0	37	39	0	37	39	38M
4736	583	1.905E-288	1.00	1.930E-288	0	449	451	0	449	451	450M
4737	582	1.858E-85	1.00	1.937E-85	0	145	147	0	145	147	146M
4738	581	1.291E-33	1.00	1.285E-33	0	57	59	0	57	59	58M
4739	580	1.427E-99	1.00	1.410E-99	0	164	166	0	164	166	165M
4740	579	5.329E-67	1.00	5.341E-67	0	115	117	0	115	117	116M
4741	578	1.088E-110	1.00	1.053E-110	0	176	178	0	176	178	177M
4742	577	9.939E-76	0.992	9.692E-76	0	130	132	0	130	132	131M
4743	576	1.430E-61	1.00	1.499E-61	0	100	102	0	100	102	101M
4744	575	1.480E-113	1.00	1.464E-113	0	177	179	0	177	179	178M
4745	574	3.897E-62	1.00	3.751E-62	0	104	106	0	104	106	105M
4746	573	2.212E-75	1.00	2.222E-75	0	121	123	0	121	123	122M
4747	572	8.409E-50	1.00	8.319E-50	0	84	86	0	84	86	85M
4748	571	5.144E-34	1.00	5.161E-34	0	64	66	0	64	66	65M
4749	570	9.229E-86	1.00	9.177E-86	0	136	138	0	136	138	137M
4750	569	6.117E-159	1.00	6.306E-159	0	249	251	0	249	251	250M
4751	568	5.288E-64	1.00	5.456E-64	0	108	110	0	108	110	109M
4752	567	4.711E-58	1.00	4.672E-58	0	90	92	0	90	92	91M
4753	566	2.940E-185	1.00	2.851E-185	0	273	275	0	273	275	274M
4754	565	7.101E-62	1.00	7.410E-62	0	105	107	0	105	107	106M
4755	564	3.059E-123	1.00	3.020E-123	0	199	201	0	199	201	200M
4756	563	2.862E-136	1.00	2.750E-136	0	211	213	0	211	213	212M
4757	562	2.619E-63	1.00	2.713E-63	0	102	104	0	102	104	103M
4758	561	6.848E-164	1.00	6.969E-164	0	241	243	0	241	243	242M
4759	560	1.809E-268	0.984	1.831E-268	0	395	397	0	395	397	396M
4760	559	2.217E-308	0.998	0.000E+00	0	514	516	0	514	516	515M
4761	558	2.291E-166	1.00	2.243E-166	0	253	255	0	253	255	254M
4762	557	4.233E-94	0.986	4.250E-94	0	144	146	0	144	146	145M
4763	556	6.830E-163	0.996	7.169E-163	0	257	259	0	257	259	258M
4764	555	1.435E-217	0.996	1.463E-217	0	314	316	0	314	316	315M
4765	554	6.132E-276	1.00	6.114E-276	0	438	440	0	438	440	439M
4766	553	5.482E-194	1.00	5.582E-194	0	289	291	0	289	291	290M
4767	552	2.217E-308	0.998	0.000E+00	0	855	857	0	856	858	36M1D820M
4768	551	7.180E-221	0.987	7.450E-221	0	327	329	0	327	329	328M
4769	550	5.370E-186	1.00	5.115E-186	0	270	272	0	270	272	271M
4770	549	2.217E-308	0.998	0.000E+00	0	680	682	0	680	682	681M
4771	548	7.740E-134	0.990	7.662E-134	0	210	212	0	210	212	211M
4772	547	3.351E-81	0.977	3.483E-81	0	132	134	0	132	134	133M
4773	546	5.617E-126	1.00	5.407E-126	0	192	194	0	192	194	193M
4774	545	9.742E-223	1.00	1.006E-222	0	336	338	0	336	338	337M
4775	544	6.376E-59	1.00	6.222E-59	0	94	96	0	94	96	95M
4776	543	3.171E-137	1.00	3.170E-137	0	212	214	0	212	214	213M
4777	542	1.167E-137	1.00	1.209E-137	0	225	227	0	225	227	226M
4778	541	9.125E-159	0.996	9.178E-159	0	257	259	0	257	259	258M
4779	540	2.339E-174	1.00	2.327E-174	0	271	273	0	271	273	272M
4780	538	2.217E-308	0.980	0.000E+00	0	605	607	0	614	616	407M9D199M
4781	537	2.463E-194	0.996	2.497E-194	0	292	294	0	292	294	293M
4782	536	2.217E-308	0.998	0.000E+00	0	633	635	0	633	635	634M
4783	535	1.042E-132	1.00	1.066E-132	0	199	201	0	199	201	200M
4784	534	4.400E-225	0.996	4.539E-225	0	315	317	0	315	317	316M
4785	533	1.404E-170	0.988	1.358E-170	0	261	263	0	261	263	262M
4786	532	2.217E-308	0.990	0.000E+00	149	766	768	0	617	619	618M
4787	3008	2.217E-308	0.998	0.000E+00	0	606	608	0	606	608	607M
4788	3009	4.842E-146	1.00	5.023E-146	0	217	219	0	217	219	218M
4789	3010	1.024E-48	0.988	9.950E-49	0	83	85	0	83	85	84M
4790	3011	4.160E-242	0.997	4.085E-242	0	365	367	0	365	367	366M
4791	3012	1.720E-171	0.984	1.721E-171	0	264	266	0	264	266	265M
4792	3013	1.382E-280	1.00	1.450E-280	0	419	421	0	419	421	420M
4793	3014	3.386E-85	0.963	3.405E-85	0	137	139	0	137	139	138M
4794	3015	9.913E-75	0.856	9.900E-75	0	138	141	0	138	142	139M
4795	3016	9.642E-219	0.996	1.002E-218	0	324	326	0	324	326	325M
4796	3017	2.217E-308	0.998	0.000E+00	0	688	690	0	688	690	689M
4797	3838	1.724E-56	0.968	1.756E-56	0	93	95	0	93	95	94M
4798	3839	2.223E-193	0.983	2.298E-193	0	299	301	0	299	301	300M
4799	3840	9.912E-191	0.979	9.805E-191	0	287	289	0	287	289	288M
4800	3841	4.083E-80	0.992	4.235E-80	0	138	140	0	138	140	139M
4801	3842	1.395E-90	1.00	1.418E-90	0	142	144	0	142	144	143M
4802	3843	9.436E-288	0.991	9.763E-288	0	450	452	0	450	452	451M
4804	1757	1.587E-140	0.996	1.608E-140	0	252	254	0	252	254	253M
4805	1756	1.278E-211	0.984	1.253E-211	0	323	325	0	323	325	324M
4806	1755	4.351E-298	0.995	4.449E-298	0	446	448	0	446	448	447M
4807	1754	2.964E-323	0.997	2.964E-323	0	488	490	0	488	490	489M
4808	1753	4.913E-229	0.997	4.921E-229	0	342	344	0	342	344	343M
4809	1763	2.727E-272	1.00	2.865E-272	0	403	405	0	403	405	404M
4810	1764	1.150E-286	1.00	1.162E-286	0	422	424	0	422	424	423M
4811	1045	7.432E-273	1.00	7.420E-273	0	416	478	0	416	417	417M
4812	1044	9.100E-274	0.985	9.263E-274	0	424	426	0	424	426	425M
4813	1043	1.910E-173	0.977	1.989E-173	0	263	265	0	263	265	264M
4814	1042	7.218E-107	0.971	7.233E-107	0	176	178	0	176	178	177M
4815	1041	3.726E-122	1.00	3.821E-122	0	186	188	0	186	188	187M
4816	1040	1.902E-94	1.00	1.942E-94	0	154	156	0	154	156	155M
4817	1039	5.631E-127	1.00	5.497E-127	0	197	199	0	197	199	198M
4818	1038	3.755E-241	1.00	3.580E-241	0	371	373	0	371	373	372M
4819	1037	1.523E-124	1.00	1.580E-124	0	190	192	0	190	192	191M
4820	1036	2.217E-308	0.988	0.000E+00	0	715	717	0	715	717	716M
4821	1035	5.793E-254	0.995	5.692E-254	0	408	410	0	408	410	409M
4822	1034	8.924E-73	0.991	8.560E-73	0	120	122	0	120	122	121M
4823	1033	1.266E-130	0.994	1.307E-130	0	194	196	0	194	196	195M
4824	1032	1.449E-66	1.00	1.446E-66	0	103	105	0	103	105	104M
4825	1031	2.986E-75	1.00	3.048E-75	0	121	123	0	121	123	122M
4826	1030	3.079E-319	1.00	3.002E-319	0	468	470	0	468	470	469M
4827	1029	6.037E-270	1.00	5.862E-270	0	409	411	0	409	411	410M
4828	1028	2.940E-185	0.996	2.833E-185	0	292	295	0	292	295	293M
4829	1027	8.740E-181	0.982	8.787E-181	0	285	287	0	285	287	286M
4830	1026	3.104E-90	1.00	3.229E-90	0	146	148	0	146	148	147M
4831	1025	6.101E-158	0.996	6.084E-158	0	257	259	0	257	259	258M
4832	1024	5.496E-195	0.980	5.485E-195	0	300	302	0	300	302	301M
4833	1023	7.033E-213	0.979	7.256E-213	0	343	345	0	343	345	344M
4834	1022	7.915E-220	0.996	7.683E-220	0	323	325	0	323	325	324M
4835	1021	3.628E-73	1.00	3.482E-73	0	121	123	0	121	123	122M
4836	1020	6.866E-165	0.995	6.759E-165	0	245	247	0	245	247	246M
4837	1019	6.825E-124	0.994	6.828E-124	0	181	183	0	181	183	182M
4838	1018	3.768E-49	1.00	3.665E-49	0	82	84	0	82	84	83M
4839	1017	6.075E-79	0.893	5.825E-79	0	140	142	0	140	142	141M
4840	1016	3.439E-91	0.943	3.501E-91	0	159	161	0	159	161	160M
4841	1015	2.217E-308	0.992	0.000E+00	0	1287	1289	0	1287	1289	1288M
4842	1014	2.526E-165	0.996	2.523E-165	0	271	273	0	271	273	272M
4843	1013	1.708E-207	0.984	1.775E-207	0	332	334	0	332	334	333M
4844	1012	3.640E-113	0.994	3.658E-113	0	183	185	0	183	185	184M
4845	1011	1.695E-88	0.980	1.674E-88	0	156	158	0	156	158	157M
4846	3955	2.837E-210	1.00	2.758E-210	0	315	317	0	315	317	316M
4847	3954	2.343E-136	1.00	2.386E-136	0	208	210	0	208	210	209M
4848	3953	2.106E-56	1.00	2.183E-56	0	91	93	0	91	93	92M
4849	3952	2.217E-308	1.00	0.000E+00	0	700	702	0	700	702	701M
4850	3951	2.235E-79	1.00	2.170E-79	0	126	128	0	126	128	127M
4851	3765	9.471E-38	1.00	9.443E-38	0	63	65	0	63	65	64M
4852	3764	1.169E-99	1.00	1.143E-99	0	153	155	0	153	155	154M
4853	3763	2.217E-308	0.998	0.000E+00	0	541	543	0	541	543	542M
4854	4177	7.180E-221	0.980	6.903E-221	0	352	437	0	352	380	353M
4855	4176	7.043E-24	1.00	7.025E-24	6	55	57	0	49	140	50M
4858	1111	2.040E-121	0.994	2.069E-121	0	195	197	0	195	197	196M
4859	1110	1.239E-199	0.993	1.257E-199	0	294	296	0	294	296	295M
4860	1109	2.217E-308	1.00	0.000E+00	0	472	474	0	472	474	473M
4861	1108	2.217E-308	0.998	0.000E+00	0	1492	1494	0	1492	1494	1493M
4862	1107	1.609E-184	0.996	1.632E-184	0	290	292	0	290	292	291M
4863	1106	1.860E-240	0.997	1.855E-240	0	359	361	0	359	361	360M
4864	1105	5.004E-120	1.00	4.772E-120	0	188	190	0	188	190	189M
4865	1104	2.217E-308	1.00	0.000E+00	0	720	722	0	720	722	721M
4866	1103	7.312E-112	0.994	7.671E-112	0	174	176	0	174	176	175M
4867	1102	2.991E-153	1.00	2.944E-153	0	245	247	0	245	247	246M
4868	1101	3.863E-136	0.995	3.952E-136	0	212	214	0	212	214	213M
4869	1100	9.793E-225	1.00	9.558E-225	0	351	353	0	351	353	352M
4870	1099	2.217E-308	1.00	0.000E+00	0	850	852	0	850	852	851M
4871	1098	7.929E-182	0.996	7.546E-182	0	273	275	0	273	275	274M
4872	1097	3.563E-66	0.954	3.647E-66	0	109	111	0	109	111	110M
4873	1096	1.015E-238	1.00	1.040E-238	0	371	373	0	371	373	372M
4874	1095	4.430E-305	0.995	4.414E-305	0	465	467	0	465	467	466M
4875	1094	2.217E-308	0.997	0.000E+00	0	498	500	0	498	500	499M
4876	1093	2.217E-308	0.996	0.000E+00	0	609	611	0	609	611	610M
4877	1092	8.741E-65	1.00	8.599E-65	0	109	111	0	109	111	110M
4878	1091	2.729E-195	0.996	2.822E-195	0	306	308	0	306	308	307M
4879	1090	4.412E-226	1.00	4.327E-226	0	332	334	0	332	334	333M
4880	1818	8.562E-57	1.00	8.686E-57	0	98	100	0	98	100	99M
4881	1819	2.217E-308	1.00	0.000E+00	0	501	503	0	501	503	502M
4882	1820	9.014E-309	0.997	8.620E-309	0	471	473	0	471	473	472M
4883	1821	2.502E-200	0.993	2.480E-200	0	293	295	0	293	295	294M
4884	1822	3.095E-205	0.996	3.052E-205	0	314	316	0	314	316	315M
4885	1823	5.936E-70	1.00	5.776E-70	0	111	113	0	111	113	112M
4886	1824	5.468E-193	0.990	5.322E-193	0	317	319	0	317	319	318M
4887	1825	2.217E-308	0.985	0.000E+00	0	1051	1053	0	1051	1053	1052M
4888	1826	4.182E-244	0.967	3.993E-244	0	401	403	0	401	403	402M
4889	1827	1.287E-291	0.997	1.291E-291	0	468	470	0	468	470	469M
4890	1828	4.093E-81	1.00	4.038E-81	0	122	124	0	122	124	123M
4891	1829	1.047E-134	1.00	1.083E-134	0	202	204	0	202	204	203M
4892	1830	8.194E-40	1.00	8.156E-40	0	63	65	0	63	65	64M
4893	1831	8.243E-81	0.991	8.083E-81	20	143	145	1	124	126	124M
4894	1832	6.537E-146	0.991	6.464E-146	0	229	231	0	229	231	230M
4895	1833	1.243E-84	1.00	1.268E-84	0	125	127	0	125	127	126M
4896	1834	2.217E-308	1.00	0.000E+00	0	552	554	0	552	554	553M
4897	1835	3.093E-282	1.00	3.049E-282	0	424	426	0	424	426	425M
4898	2708	1.801E-189	1.00	1.777E-189	0	295	297	0	295	297	296M
4899	2709	2.217E-308	0.997	0.000E+00	0	728	730	0	728	730	729M
4900	2710	2.217E-308	0.998	0.000E+00	0	781	783	0	781	783	782M
4901	3911	1.383E-164	1.00	1.351E-164	0	253	255	0	253	255	254M
4902	3910	7.614E-321	1.00	7.693E-321	0	484	486	0	484	486	485M
4903	3639	2.217E-308	1.00	0.000E+00	0	503	505	0	503	505	504M
4904	3638	5.729E-95	0.986	5.806E-95	0	142	144	0	142	144	143M
4905	3637	9.181E-84	1.00	8.855E-84	0	126	128	0	126	128	127M
4906	3636	1.884E-129	1.00	1.793E-129	0	196	198	0	196	198	197M
4907	3635	4.325E-141	0.995	4.340E-141	0	204	206	0	204	206	205M
4908	3634	1.102E-115	0.967	1.137E-115	0	181	183	0	181	183	182M
4909	3633	4.695E-134	0.971	4.481E-134	0	211	214	0	211	214	212M
4910	3632	1.842E-159	1.00	1.761E-159	0	242	244	0	242	244	243M
4911	2407	6.514E-106	0.994	6.376E-106	0	176	184	0	176	177	177M
4912	2408	5.843E-180	0.976	5.955E-180	0	299	301	0	299	301	300M
4913	2409	1.065E-63	0.941	1.051E-63	0	102	104	0	102	104	103M
4914	2410	2.033E-81	1.00	2.094E-81	0	128	130	0	128	131	129M
4915	2411	3.505E-137	0.990	3.595E-137	0	208	210	0	208	210	209M
4916	2412	6.979E-210	0.996	7.098E-210	0	315	317	0	315	317	316M
4917	2413	1.027E-165	1.00	9.872E-166	0	251	253	0	251	253	252M
4918	2414	1.459E-146	0.995	1.466E-146	0	211	213	0	211	213	212M
4919	2415	2.614E-217	0.985	2.606E-217	0	333	335	0	333	335	334M
4920	2416	1.451E-144	1.00	1.444E-144	0	228	230	0	228	230	229M
4921	2418	9.221E-47	0.962	9.399E-47	0	79	81	0	79	81	80M
4922	2419	1.247E-124	0.989	1.229E-124	0	198	200	0	198	200	199M
4923	2420	2.782E-241	1.00	2.835E-241	0	366	368	0	366	368	367M
4924	2421	1.118E-82	0.993	1.122E-82	0	146	148	0	146	148	147M
4925	2422	2.217E-308	0.998	0.000E+00	0	624	626	0	624	626	625M
4926	2424	2.097E-93	0.973	2.102E-93	0	150	153	0	150	153	151M
4927	2425	8.025E-148	0.986	7.699E-148	0	222	224	0	222	319	223M
4928	2426	7.542E-124	0.994	7.881E-124	0	184	186	0	184	186	185M
4929	359	2.778E-20	0.417	2.773E-20	19	109	112	20	110	126	91M
4932	3246	1.419E-58	0.543	1.352E-58	16	185	188	0	170	173	117M1D53M
4933	3908	2.459E-116	0.972	2.462E-116	0	182	184	0	182	184	183M
4935	4120	5.848E-219	0.993	5.666E-219	0	332	334	0	332	334	333M
4936	4119	3.762E-87	0.984	3.815E-87	0	129	131	0	129	131	130M
4937	4118	1.671E-160	0.959	1.707E-160	0	246	248	0	246	248	247M
4938	2636	3.174E-176	0.986	3.207E-176	0	294	296	0	294	296	295M
4939	2635	3.001E-193	0.990	3.043E-193	0	304	307	0	304	307	305M
4940	2634	9.551E-254	0.983	9.829E-254	0	413	415	0	413	415	414M
4941	2633	1.979E-28	1.00	1.985E-28	0	55	57	0	55	57	56M
4942	2632	5.184E-95	1.00	5.023E-95	0	139	141	0	139	141	140M
4943	2631	3.988E-187	0.975	4.036E-187	0	283	285	0	283	285	284M
4944	2630	1.471E-304	1.00	1.504E-304	0	444	446	0	444	446	445M
4945	1671	8.264E-198	0.989	8.197E-198	0	289	291	0	289	291	290M
4946	1670	2.877E-138	0.995	2.750E-138	0	207	209	0	207	209	208M
4947	1669	2.347E-214	0.990	2.293E-214	0	323	325	0	323	325	324M
4948	1668	1.664E-313	0.989	1.631E-313	0	481	483	0	481	483	482M
4949	1667	2.798E-282	0.995	2.809E-282	0	429	431	0	429	431	430M
4950	1666	2.217E-308	0.992	0.000E+00	0	513	515	0	513	515	514M
4951	1665	4.103E-314	0.997	4.217E-314	0	479	481	0	479	481	480M
4952	1664	3.320E-116	1.00	3.218E-116	0	181	183	0	181	183	182M
4953	1663	3.975E-147	1.00	3.967E-147	0	230	232	0	230	232	231M
4954	1662	4.307E-62	1.00	4.134E-62	0	106	108	0	106	108	107M
4955	1661	6.790E-122	0.994	6.967E-122	0	192	194	0	192	194	193M
4956	1660	8.256E-275	1.00	8.089E-275	0	453	455	0	453	455	454M
4957	1659	1.766E-220	0.986	1.766E-220	0	359	361	0	359	361	360M
4958	1658	6.007E-152	1.00	6.283E-152	0	223	225	0	223	225	224M
4959	1657	7.212E-68	0.982	6.937E-68	0	112	114	0	112	114	113M
4960	1656	5.371E-70	1.00	5.368E-70	0	116	118	0	116	118	117M
4961	1655	3.136E-210	0.990	3.068E-210	0	324	326	0	324	326	325M
4962	1654	6.288E-131	0.995	6.434E-131	0	199	201	0	199	201	200M
4963	1653	2.217E-308	0.997	0.000E+00	0	942	944	0	942	945	943M
4965	1652	2.217E-308	0.992	0.000E+00	0	567	569	0	567	569	568M
4966	1610	1.121E-199	1.00	1.107E-199	0	298	300	0	298	300	299M
4967	1611	2.217E-308	0.998	0.000E+00	0	654	656	0	654	656	655M
4968	1612	7.187E-144	1.00	7.323E-144	0	229	231	0	229	231	230M
4969	1613	1.325E-109	1.00	1.274E-109	8	182	184	396	570	572	175M
4970	1242	3.056E-26	0.979	3.044E-26	0	48	50	95	143	145	49M
4972	1942	3.820E-209	0.522	3.733E-209	0	647	650	0	640	642	37M1I14M7I49M1D20M7I123M2D12M3I59M1D196M2I31M11D26M1D7M1D18M1D24M5I7M
4973	1943	6.239E-128	0.994	6.109E-128	0	184	186	0	184	186	185M
4974	1944	5.734E-134	1.00	5.766E-134	0	204	206	0	204	206	205M
4975	1945	8.165E-116	0.982	8.541E-116	0	175	177	0	175	177	176M
4976	1946	3.884E-138	0.981	3.711E-138	0	220	222	0	220	222	221M
4977	1947	1.556E-171	0.988	1.567E-171	0	262	264	0	262	264	263M
4978	1948	2.217E-308	1.00	0.000E+00	0	482	484	0	482	484	483M
4979	1949	5.454E-192	0.989	5.662E-192	0	280	282	0	280	282	281M
4980	1950	2.566E-55	0.988	2.483E-55	0	89	91	0	89	91	90M
4981	1951	1.466E-148	0.995	1.470E-148	0	227	229	0	227	229	228M
4982	1952	8.650E-177	0.989	8.372E-177	0	272	274	0	272	274	273M
4983	1953	4.607E-88	0.992	4.609E-88	0	131	133	0	131	133	132M
4984	1954	2.217E-308	0.976	0.000E+00	0	643	645	0	643	645	644M
4985	1955	5.152E-170	0.972	5.359E-170	0	250	252	0	250	252	251M
4986	1956	2.305E-207	0.993	2.216E-207	0	330	332	0	330	332	331M
4987	1957	8.629E-60	1.00	8.491E-60	0	105	107	0	105	107	106M
4988	1958	1.288E-98	0.974	1.323E-98	0	158	160	0	158	160	159M
4989	1959	2.692E-267	0.997	2.652E-267	0	405	407	0	405	407	406M
4990	1960	1.661E-235	0.997	1.621E-235	0	353	355	0	353	355	354M
4991	2305	5.909E-223	0.979	5.881E-223	0	338	340	0	338	340	339M
4992	2304	8.937E-267	0.997	8.710E-267	0	390	392	0	390	392	391M
4993	2303	1.902E-210	0.990	1.920E-210	0	314	316	0	314	316	315M
4994	2302	5.033E-277	0.997	5.111E-277	0	405	407	0	405	407	406M
4995	2301	3.453E-286	0.993	3.517E-286	0	439	441	0	439	441	440M
4996	2300	2.025E-273	0.985	2.124E-273	0	408	410	0	408	410	409M
4997	2299	5.215E-252	0.973	5.106E-252	0	376	378	0	376	378	377M
4998	2298	2.816E-322	0.989	2.816E-322	0	467	469	0	467	469	468M
4999	2297	1.348E-193	0.983	1.360E-193	0	308	310	0	308	310	309M
5000	2296	3.418E-166	0.977	3.589E-166	0	263	265	0	263	265	264M
5001	2295	1.390E-282	0.997	1.443E-282	0	435	437	0	435	437	436M
5002	2294	4.999E-197	0.996	5.150E-197	0	308	310	0	308	310	309M
5003	2293	4.061E-310	0.991	4.155E-310	0	460	462	0	460	462	461M
5004	2802	2.687E-305	0.993	2.645E-305	0	454	456	0	454	456	455M
5005	2801	1.420E-213	0.973	1.353E-213	0	334	336	0	334	336	335M
5006	2800	3.397E-241	0.997	3.447E-241	0	350	352	0	350	352	351M
5007	1978	1.931E-34	0.356	1.922E-34	2	201	203	7	211	213	91M5D109M
5008	3301	7.799E-17	0.271	7.795E-17	5	281	291	2	288	292	74M1I73M4D8M4D15M2D10M4D8M1D9M6I35M6D6M4I28M
5009	2799	5.848E-219	1.00	6.143E-219	0	327	329	0	327	329	328M
5010	2798	3.687E-234	0.994	3.739E-234	0	346	348	0	346	348	347M
5011	4304	6.464E-103	1.00	6.584E-103	0	162	164	0	162	164	163M
5012	4305	1.914E-135	0.958	1.852E-135	0	216	220	0	216	218	217M
5015	3048	8.717E-180	0.968	8.363E-180	0	285	288	0	285	288	286M
5016	3049	1.815E-192	0.966	1.814E-192	0	296	298	0	296	298	297M
5017	3050	2.217E-308	0.989	0.000E+00	7	973	975	6	972	974	967M
5020	2872	5.670E-207	0.453	5.945E-207	14	786	804	12	794	795	39M1I14M1D21M1I27M2D33M6D9M8I44M4D64M3D11M2D75M1D42M2D118M1I105M2D20M1I8M1I130M
5035	3978	5.205E-290	0.997	5.317E-290	0	426	428	0	426	428	427M
5036	3977	9.797E-24	1.00	9.756E-24	0	43	45	0	43	45	44M
5037	3976	2.217E-308	0.998	0.000E+00	0	943	945	0	943	945	944M
5038	4010	2.005E-153	1.00	2.021E-153	0	237	239	0	237	239	238M
5039	4011	2.217E-308	0.998	0.000E+00	0	548	550	0	548	550	549M
5040	4012	1.211E-74	1.00	1.161E-74	0	116	118	0	116	118	117M
5041	4013	3.282E-305	0.993	3.254E-305	0	472	474	0	472	474	473M
5042	1157	4.435E-112	0.994	4.354E-112	0	182	184	0	182	184	183M
5043	1158	6.588E-149	1.00	6.790E-149	0	224	226	0	224	226	225M
5044	1159	2.217E-308	1.00	0.000E+00	0	594	596	0	594	596	595M
5045	1160	2.440E-113	1.00	2.454E-113	0	168	170	0	168	170	169M
5046	1161	1.647E-309	1.00	1.625E-309	0	442	444	0	442	444	443M
5047	1162	2.217E-308	0.997	0.000E+00	0	893	895	0	893	895	894M
5048	1163	1.598E-220	1.00	1.631E-220	0	337	339	0	337	339	338M
5049	1164	6.175E-124	1.00	6.204E-124	0	179	181	0	179	181	180M
5050	1165	8.681E-101	0.994	8.781E-101	0	172	174	0	172	174	173M
5051	1166	2.592E-59	1.00	2.475E-59	0	101	103	0	101	103	102M
5052	1167	2.217E-308	1.00	0.000E+00	0	628	630	0	628	630	629M
5053	1168	2.217E-308	1.00	0.000E+00	0	531	533	0	531	533	532M
5054	1169	9.834E-304	1.00	9.367E-304	0	497	499	0	497	499	498M
5055	1170	5.175E-133	1.00	5.083E-133	0	210	212	0	210	212	211M
5056	1171	5.799E-61	0.979	5.984E-61	0	96	98	0	96	98	97M
5057	1172	4.072E-195	1.00	4.139E-195	0	294	296	0	294	296	295M
5058	1173	3.807E-169	0.996	3.906E-169	0	252	254	0	252	254	253M
5059	1174	7.754E-96	1.00	7.555E-96	0	139	141	0	139	141	140M
5060	1175	4.555E-45	1.00	4.485E-45	0	74	76	0	74	76	75M
5061	1176	2.217E-308	0.989	0.000E+00	0	557	559	0	557	559	558M
5062	1177	5.167E-28	0.982	5.142E-28	0	55	57	0	55	57	56M
5063	1178	2.176E-262	0.984	2.210E-262	0	398	400	0	398	400	399M
5064	1179	1.101E-192	0.969	1.097E-192	0	292	294	10	302	304	293M
5065	1180	1.339E-229	0.984	1.407E-229	0	376	378	0	382	384	21M6D356M
5066	1181	2.217E-308	0.996	0.000E+00	0	546	548	0	546	548	547M
5067	1182	1.855E-123	1.00	1.792E-123	0	188	190	0	188	190	189M
5068	1183	6.896E-128	0.995	6.747E-128	0	206	208	0	206	208	207M
5069	2852	7.193E-36	1.00	7.202E-36	0	61	63	0	61	63	62M
5070	2851	2.217E-308	0.998	0.000E+00	0	686	688	0	686	688	687M
5071	2850	1.039E-92	0.987	1.053E-92	0	165	167	0	165	167	166M
5072	2849	7.298E-266	0.982	7.120E-266	0	408	410	0	408	410	409M
5073	2847	6.028E-192	0.986	6.313E-192	0	289	291	0	289	291	290M
5074	2846	3.051E-122	0.989	2.923E-122	2	187	189	0	185	187	186M
5075	1377	5.544E-121	0.994	5.588E-121	0	196	198	0	196	198	197M
5076	1376	1.539E-128	1.00	1.527E-128	0	188	190	0	188	190	189M
5077	1375	2.197E-111	0.463	2.279E-111	0	491	493	0	448	450	112M9I74M5I16M15D9M1D54M8I6M28I7M7I35M1D19M2I27M1D22M4I8M2D12M1D23M1I4M
5078	1374	8.108E-268	0.649	8.506E-268	0	676	678	0	696	698	309M1D9M7D19M7D21M3I5M2D9M1I127M3I39M6D6M1I3M8D7M1D33M9D20M9I14M4I35M
5079	1373	8.193E-156	0.979	7.981E-156	0	240	242	0	240	242	241M
5080	1372	2.217E-308	0.965	0.000E+00	0	802	804	0	802	804	803M
5081	1371	1.226E-195	0.981	1.275E-195	0	316	318	0	316	318	317M
5082	1370	1.424E-214	0.996	1.433E-214	0	313	315	0	313	315	314M
5083	1369	2.539E-167	1.00	2.658E-167	0	268	270	0	268	270	269M
5084	1368	1.171E-293	1.00	1.146E-293	0	468	470	0	468	470	469M
5085	1367	5.021E-160	0.975	5.230E-160	0	243	245	0	243	245	244M
5086	1366	6.164E-162	0.984	6.130E-162	0	249	251	0	249	251	250M
5087	1365	9.413E-171	1.00	9.146E-171	0	266	268	0	266	268	267M
5088	1364	9.676E-143	1.00	9.565E-143	0	230	232	0	230	232	231M
5089	1363	2.217E-308	0.995	0.000E+00	0	1148	1150	0	1148	1150	1149M
5090	1362	2.859E-213	0.988	2.954E-213	0	344	346	0	344	346	345M
5091	1361	2.217E-308	0.998	0.000E+00	9	677	679	0	668	670	669M
5092	1360	1.295E-100	1.00	1.255E-100	0	153	155	0	153	155	154M
5093	1359	1.938E-256	0.997	1.891E-256	0	414	416	0	414	416	415M
5094	1358	2.217E-308	1.00	0.000E+00	0	475	477	0	475	477	476M
5096	3315	1.795E-149	0.922	1.829E-149	0	243	245	0	243	245	244M
5097	3316	2.864E-291	0.992	2.978E-291	0	425	427	0	425	427	426M
5098	3317	3.794E-245	0.976	3.759E-245	0	384	386	2	386	388	385M
5099	3318	6.848E-164	0.963	7.079E-164	0	248	250	0	248	250	249M
5100	3319	1.429E-138	0.995	1.419E-138	0	213	215	0	213	219	214M
5101	3320	1.673E-199	0.996	1.612E-199	0	306	308	0	306	308	307M
5102	3321	1.026E-126	1.00	1.033E-126	0	197	199	0	197	199	198M
5103	3322	9.244E-164	1.00	9.391E-164	0	254	256	0	254	256	255M
5104	3323	2.583E-135	1.00	2.461E-135	0	204	206	0	204	206	205M
5105	3324	1.641E-153	0.995	1.618E-153	0	219	221	0	219	221	220M
5106	3325	1.519E-123	1.00	1.554E-123	0	185	187	0	185	187	186M
5107	3326	2.436E-35	1.00	2.431E-35	0	60	62	0	60	62	61M
5108	3206	6.043E-193	0.996	6.173E-193	17	327	329	0	310	312	311M
5109	3207	2.442E-152	1.00	2.436E-152	0	243	245	0	243	245	244M
5110	3208	2.319E-43	1.00	2.325E-43	0	77	79	0	77	79	78M
5111	3209	2.601E-99	1.00	2.482E-99	0	156	158	0	156	158	157M
5112	3210	1.680E-162	0.996	1.603E-162	0	254	256	0	254	256	255M
5113	3211	3.238E-145	1.00	3.230E-145	0	223	225	0	223	225	224M
5114	3212	1.293E-138	0.995	1.311E-138	0	218	220	0	218	220	219M
5115	3213	2.217E-308	0.993	0.000E+00	0	592	594	0	592	594	593M
5116	3214	1.224E-117	0.978	1.211E-117	0	185	187	0	185	187	186M
5117	3215	5.013E-82	1.00	5.120E-82	0	125	127	0	125	127	126M
5118	3216	8.488E-131	1.00	8.664E-131	0	192	194	0	192	194	193M
5119	3217	4.711E-58	1.00	4.806E-58	0	97	99	0	97	99	98M
5120	3218	1.249E-202	1.00	1.275E-202	0	315	317	0	315	317	316M
5121	984	1.801E-189	1.00	1.872E-189	0	276	278	0	276	278	277M
5122	983	1.865E-125	0.989	1.821E-125	0	191	193	0	191	193	192M
5123	982	2.217E-308	0.992	0.000E+00	0	568	570	0	568	570	569M
5124	981	6.672E-270	0.992	6.881E-270	0	426	428	0	426	428	427M
5125	980	2.217E-308	1.00	0.000E+00	0	620	622	0	620	622	621M
5126	979	3.424E-244	0.992	3.411E-244	0	384	386	0	384	386	385M
5127	978	5.444E-230	0.997	5.490E-230	0	349	351	0	349	351	350M
5128	977	8.364E-164	0.983	8.032E-164	0	244	246	0	244	246	245M
5129	976	9.189E-123	1.00	8.938E-123	0	182	184	0	182	184	183M
5130	975	6.447E-102	1.00	6.474E-102	0	157	159	0	157	159	158M
5131	974	2.163E-105	1.00	2.246E-105	0	162	164	0	162	164	163M
5132	973	4.274E-59	1.00	4.188E-59	0	86	88	0	86	88	87M
5133	972	2.025E-273	0.989	1.976E-273	0	393	395	0	393	395	394M
5134	971	7.894E-219	1.00	7.664E-219	0	325	327	0	325	327	326M
5135	970	8.642E-254	0.994	8.384E-254	0	369	371	0	369	371	370M
5136	969	2.217E-308	1.00	0.000E+00	0	547	549	0	547	549	548M
5137	968	1.569E-213	0.966	1.519E-213	0	323	325	0	323	325	324M
5138	967	1.197E-263	1.00	1.230E-263	0	370	372	0	370	372	371M
5139	966	1.513E-315	0.995	1.516E-315	0	482	484	0	482	484	483M
5140	965	1.172E-216	0.996	1.117E-216	0	317	319	0	317	319	318M
5141	964	1.315E-222	0.991	1.271E-222	0	341	343	0	341	343	342M
5142	963	2.217E-308	1.00	0.000E+00	0	540	542	0	540	542	541M
5143	962	5.473E-116	0.994	5.335E-116	8	185	187	0	177	179	178M
5144	961	5.370E-186	0.965	5.520E-186	0	285	287	0	285	287	286M
5145	960	3.202E-102	1.00	3.214E-102	0	149	151	0	149	151	150M
5146	959	2.706E-269	0.997	2.703E-269	0	408	410	0	408	410	409M
5147	958	2.784E-280	0.995	2.812E-280	0	440	442	0	440	442	441M
5148	957	4.974E-79	1.00	4.841E-79	0	123	125	0	123	125	124M
5149	956	2.561E-93	1.00	2.544E-93	0	155	157	0	155	157	156M
5150	955	2.217E-308	0.998	0.000E+00	0	711	713	0	711	713	712M
5151	954	2.813E-21	1.00	2.807E-21	0	37	38	0	37	38	38M
5152	3505	2.217E-308	0.995	0.000E+00	0	817	819	323	1140	1142	818M
5153	2733	1.227E-79	0.992	1.271E-79	0	128	130	0	128	130	129M
5154	2734	3.594E-108	0.889	3.726E-108	0	180	182	0	180	182	181M
5158	3770	4.526E-27	0.875	4.532E-27	0	47	50	382	429	433	48M
5161	4046	1.113E-235	0.994	1.137E-235	24	386	388	0	362	364	363M
5162	3803	2.113E-96	0.986	2.202E-96	23	166	168	0	143	145	144M
5163	3804	5.411E-305	1.00	5.203E-305	0	455	457	0	455	457	456M
5164	3805	1.363E-81	0.992	1.313E-81	0	138	140	0	138	140	139M
5165	3806	1.049E-96	0.993	1.027E-96	0	150	152	0	150	152	151M
5166	3807	6.541E-301	0.988	6.465E-301	0	441	443	0	441	443	442M
5167	3808	1.952E-220	0.988	2.036E-220	0	335	337	0	335	337	336M
5168	3809	1.674E-122	0.994	1.659E-122	0	195	197	0	195	197	196M
5169	2522	2.828E-54	1.00	2.967E-54	0	88	90	14	102	104	89M
5170	2523	2.217E-308	0.997	0.000E+00	0	847	849	0	847	849	848M
5171	2524	2.217E-308	1.00	0.000E+00	0	539	541	0	539	541	540M
5172	2525	2.217E-308	0.974	0.000E+00	0	925	927	0	925	927	926M
5173	2526	1.056E-137	0.995	1.018E-137	0	208	210	0	208	210	209M
5174	2527	2.217E-308	0.981	0.000E+00	0	756	758	0	756	758	757M
5175	2528	2.231E-233	0.982	2.152E-233	0	343	345	0	343	345	344M
5176	2529	3.768E-49	0.988	3.851E-49	0	83	85	0	83	85	84M
5177	2530	1.590E-102	0.987	1.542E-102	0	160	162	0	161	163	150M1D11M
5178	2531	1.690E-203	1.00	1.729E-203	0	306	308	0	306	308	307M
5179	2532	9.826E-265	0.968	9.715E-265	0	410	412	0	410	412	411M
5181	2491	6.137E-315	0.993	6.082E-315	0	478	480	0	478	480	479M
5182	2492	3.907E-179	0.996	4.044E-179	0	286	288	0	286	288	287M
5183	2493	3.948E-67	1.00	3.890E-67	0	102	104	0	102	104	103M
5184	2494	7.788E-59	1.00	8.125E-59	0	93	95	0	93	95	94M
5185	2495	7.194E-67	0.982	7.326E-67	0	115	117	0	115	117	116M
5186	2496	1.490E-77	0.983	1.419E-77	0	121	123	0	121	123	122M
5187	2497	3.556E-220	0.997	3.649E-220	0	334	336	0	334	336	335M
5188	2498	9.860E-305	1.00	1.035E-304	0	463	465	0	463	465	464M
5189	2499	7.101E-62	1.00	6.874E-62	0	97	99	0	97	99	98M
5190	4307	3.351E-81	0.977	3.501E-81	0	134	154	0	134	141	135M
5192	3944	5.112E-283	0.995	5.171E-283	0	413	415	0	413	415	414M
5193	3943	2.884E-139	1.00	2.931E-139	0	213	215	0	213	215	214M
5194	3942	6.481E-104	1.00	6.262E-104	0	159	161	0	159	161	160M
5195	3941	7.388E-116	0.994	7.762E-116	0	173	175	0	173	175	174M
5196	3940	1.525E-202	0.993	1.499E-202	0	305	307	0	305	307	306M
5197	3939	1.069E-142	0.976	1.103E-142	0	213	215	0	216	218	32M3D182M
5198	2009	2.217E-308	1.00	0.000E+00	0	496	498	0	496	498	497M
5199	2010	3.406E-242	1.00	3.430E-242	0	368	370	0	368	370	369M
5200	2011	9.809E-303	1.00	9.920E-303	0	446	448	0	446	448	447M
5201	2012	6.069E-156	1.00	6.104E-156	0	241	243	0	241	243	242M
5202	2013	1.469E-110	1.00	1.468E-110	0	183	185	0	183	185	184M
5203	2014	1.528E-164	0.992	1.534E-164	0	249	251	0	249	251	250M
5204	2015	3.867E-175	1.00	3.855E-175	0	273	275	0	273	275	274M
5205	2016	1.303E-257	0.997	1.297E-257	0	397	399	0	397	399	398M
5206	2017	6.407E-293	0.993	6.182E-293	0	450	452	0	450	452	451M
5207	2018	2.217E-308	0.956	0.000E+00	0	840	842	0	845	847	572M5D269M
5208	2019	1.902E-94	1.00	1.826E-94	0	166	168	0	166	168	167M
5209	2020	2.725E-233	0.997	2.755E-233	0	355	357	0	355	357	356M
5210	2021	4.333E-103	1.00	4.364E-103	0	160	162	0	160	162	161M
5211	2022	1.051E-174	1.00	1.060E-174	0	261	263	0	261	263	262M
5212	2023	3.907E-179	0.996	4.090E-179	0	293	295	0	293	295	294M
5213	2024	7.694E-93	0.993	7.931E-93	0	159	161	0	159	161	160M
5214	2025	1.775E-222	0.997	1.762E-222	0	348	350	0	348	350	349M
5215	2026	1.265E-91	1.00	1.310E-91	0	145	147	0	145	147	146M
5216	2027	2.430E-150	0.982	2.438E-150	0	227	229	0	227	229	228M
5217	4453	3.928E-65	0.970	3.752E-65	0	102	120	0	102	107	103M
5219	3294	5.180E-56	0.896	5.252E-56	0	96	98	11	105	107	11M2I84M
5220	3293	2.237E-118	0.983	2.341E-118	0	177	179	0	177	182	178M
5221	3292	3.120E-92	1.00	3.120E-92	0	148	150	0	148	150	149M
5222	3291	3.471E-288	0.990	3.585E-288	0	415	417	0	415	417	416M
5223	3290	1.059E-293	0.995	1.094E-293	0	467	469	0	467	469	468M
5224	3289	9.244E-164	0.959	9.255E-164	0	247	249	0	247	249	248M
5225	3800	1.357E-234	0.983	1.299E-234	18	391	393	0	373	375	374M
5226	3799	2.872E-292	0.981	2.843E-292	0	483	485	0	483	485	484M
5227	3130	1.258E-50	0.423	1.261E-50	0	207	213	25	234	245	201M2D7M
5228	3483	2.217E-308	0.993	0.000E+00	0	479	481	0	479	481	480M
5229	3484	1.028E-88	1.00	1.041E-88	0	146	148	0	146	148	147M
5230	3485	2.217E-308	0.995	0.000E+00	0	696	698	0	696	698	697M
5231	4374	1.889E-41	0.971	1.893E-41	0	70	72	0	70	72	71M
5232	4373	7.754E-96	1.00	7.881E-96	0	153	155	0	153	155	154M
5235	3666	2.217E-308	0.994	0.000E+00	0	555	573	0	555	577	556M
5236	3665	2.521E-203	0.987	2.516E-203	0	314	316	0	314	316	315M
5237	3664	2.217E-308	0.984	0.000E+00	0	951	953	0	951	953	952M
5238	3663	2.970E-189	0.968	2.861E-189	0	285	287	0	285	287	286M
5239	3662	1.398E-91	0.980	1.400E-91	0	153	155	0	153	155	154M
5240	3661	1.132E-48	1.00	1.177E-48	0	80	82	0	80	82	81M
5241	4283	5.597E-86	1.00	5.373E-86	0	138	140	0	138	140	139M
5242	4284	4.496E-272	1.00	4.293E-272	0	432	434	0	432	434	433M
5243	4322	2.382E-181	1.00	2.277E-181	0	263	265	0	263	265	264M
5244	4321	8.892E-149	1.00	8.903E-149	34	266	286	0	232	267	233M
5245	3706	7.991E-69	0.971	7.776E-69	0	106	108	0	106	108	107M
5246	3705	1.208E-73	1.00	1.196E-73	0	112	114	0	112	114	113M
5247	3704	1.191E-261	0.995	1.228E-261	0	401	403	0	401	403	402M
5248	3703	2.270E-85	1.00	2.301E-85	0	142	144	0	142	144	143M
5249	3702	1.565E-96	0.992	1.636E-96	0	140	142	0	140	142	141M
5250	3572	4.133E-46	1.00	3.939E-46	0	76	78	0	76	78	77M
5251	3571	3.647E-75	1.00	3.615E-75	0	118	120	0	118	120	119M
5252	3570	5.288E-64	0.990	5.197E-64	0	107	109	0	107	109	108M
5253	3569	1.002E-233	1.00	9.976E-234	0	367	369	0	367	369	368M
5254	3568	1.260E-128	1.00	1.248E-128	0	197	199	0	197	199	198M
5255	3567	2.131E-138	0.995	2.170E-138	0	222	224	0	222	224	223M
5256	3566	6.599E-111	0.994	6.659E-111	0	173	175	0	173	175	174M
5257	3565	1.168E-60	0.989	1.183E-60	0	97	99	0	97	99	98M
5258	3564	1.305E-18	1.00	1.303E-18	0	32	34	0	32	34	33M
5259	3563	8.687E-256	1.00	9.073E-256	0	380	382	0	380	382	381M
5260	3562	2.217E-308	0.996	0.000E+00	0	527	529	0	527	529	528M
5262	1184	7.562E-125	1.00	7.536E-125	0	201	203	0	201	203	202M
5263	1185	1.311E-66	1.00	1.311E-66	0	101	103	0	101	103	102M
5264	1186	7.051E-214	0.997	6.877E-214	0	333	335	0	333	335	334M
5265	1187	2.217E-308	0.995	0.000E+00	0	697	699	0	697	699	698M
5266	1189	2.217E-308	0.992	0.000E+00	0	978	980	0	978	980	979M
5267	1190	1.953E-259	0.989	2.012E-259	0	382	384	0	382	384	383M
5268	1191	1.117E-275	0.993	1.106E-275	0	444	446	0	444	446	445M
5269	1192	3.188E-139	1.00	3.223E-139	0	215	217	0	215	217	216M
5270	1193	2.217E-308	1.00	0.000E+00	0	512	514	0	512	514	513M
5271	1194	2.899E-141	1.00	2.887E-141	0	222	224	0	222	224	223M
5272	1195	4.439E-151	0.991	4.583E-151	0	225	227	0	225	227	226M
5273	1196	2.217E-308	0.990	0.000E+00	0	505	507	0	505	507	506M
5274	1197	6.048E-232	0.997	6.357E-232	0	348	350	0	348	350	349M
5275	1198	4.531E-159	0.992	4.601E-159	0	249	251	0	249	251	250M
5276	1199	1.255E-88	0.992	1.210E-88	0	136	138	0	136	138	137M
5277	1200	2.217E-308	1.00	0.000E+00	0	757	759	0	757	759	758M
5278	1201	6.628E-74	1.00	6.515E-74	0	119	121	0	119	121	120M
5279	1202	1.108E-233	0.997	1.161E-233	0	350	352	0	350	352	351M
5280	1203	2.852E-212	0.996	2.730E-212	0	304	306	0	304	306	305M
5281	1204	3.726E-122	1.00	3.643E-122	0	185	187	0	185	187	186M
5282	1205	2.217E-308	0.994	0.000E+00	0	673	675	0	673	675	674M
5283	1206	2.765E-84	0.977	2.688E-84	0	134	136	0	134	136	135M
5284	1207	2.706E-153	0.983	2.770E-153	0	237	239	0	237	239	238M
5285	1208	4.214E-247	0.997	4.404E-247	0	357	365	0	357	361	358M
5286	3887	1.314E-183	0.978	1.271E-183	0	280	282	0	280	282	281M
5287	3886	2.515E-86	1.00	2.412E-86	0	161	163	0	161	163	162M
5288	3885	2.217E-308	0.998	0.000E+00	0	544	546	0	544	546	545M
5289	3884	5.426E-190	0.996	5.643E-190	0	284	286	0	284	286	285M
5290	3883	7.242E-263	1.00	7.155E-263	0	405	430	0	405	406	406M
5292	3872	4.501E-79	1.00	4.495E-79	0	128	130	0	128	130	129M
5293	3871	2.204E-151	0.983	2.289E-151	0	237	239	0	237	239	238M
5294	3870	1.959E-144	1.00	2.044E-144	0	222	224	0	222	224	223M
5295	1308	1.431E-100	0.686	1.397E-100	0	213	218	0	213	218	214M
5296	2314	5.563E-161	0.625	5.464E-161	2	400	404	0	398	403	227M1I11M1D160M
5297	2881	4.674E-287	0.986	4.716E-287	0	450	452	0	450	452	451M
5298	2880	5.086E-165	0.973	5.321E-165	0	260	262	0	260	262	261M
5299	2879	1.746E-293	1.00	1.754E-293	0	450	452	0	450	452	451M
5300	2878	6.234E-89	1.00	6.436E-89	0	136	138	0	136	138	137M
5301	2877	2.309E-169	0.995	2.212E-169	0	240	242	0	240	242	241M
5302	2876	1.440E-141	1.00	1.487E-141	0	208	210	0	208	210	209M
5303	2875	5.113E-167	0.989	5.292E-167	0	276	278	0	276	278	277M
5304	2874	4.605E-320	0.983	4.639E-320	0	482	484	0	482	484	483M
5305	2873	8.716E-296	0.981	8.890E-296	0	438	440	0	438	440	439M
5306	2872	2.217E-308	0.992	0.000E+00	0	794	810	0	794	795	795M
5307	4040	1.937E-101	1.00	1.981E-101	0	154	156	0	154	156	155M
5308	4039	2.264E-84	0.992	2.158E-84	0	136	138	0	136	138	137M
5309	4038	5.065E-86	0.985	4.880E-86	0	136	138	0	136	138	137M
5310	4037	2.017E-194	0.993	1.973E-194	0	287	289	0	287	289	288M
5311	4036	1.287E-175	1.00	1.241E-175	0	269	271	0	269	271	270M
5312	2826	4.391E-23	0.239	4.399E-23	17	305	307	3	295	299	87M1D28M1I55M7D29M2I16M1I70M
5313	1447	9.148E-276	0.987	8.816E-276	0	412	414	0	412	414	413M
5314	1446	4.767E-256	0.981	4.551E-256	0	372	374	0	372	374	373M
5315	1445	2.998E-154	0.982	3.145E-154	0	231	233	0	231	233	232M
5316	1444	1.833E-157	0.991	1.757E-157	0	246	248	0	246	248	247M
5317	1443	1.147E-285	0.976	1.143E-285	0	417	419	0	417	419	418M
5318	1442	1.400E-285	0.995	1.374E-285	0	448	450	0	448	450	449M
5319	1441	1.606E-106	0.988	1.567E-106	6	179	181	0	173	175	174M
5320	1440	2.504E-239	0.986	2.564E-239	0	368	370	0	368	370	369M
5321	1439	2.922E-260	0.997	2.802E-260	0	387	389	0	387	389	388M
5322	1438	1.844E-82	1.00	1.936E-82	0	118	120	0	118	120	119M
5323	1437	6.049E-116	0.982	5.939E-116	0	174	176	0	174	176	175M
5324	1436	4.284E-292	0.992	4.291E-292	0	424	426	0	424	426	425M
5325	1435	7.181E-105	1.00	7.212E-105	0	160	162	0	160	162	161M
5326	1434	2.461E-155	0.991	2.481E-155	0	244	246	0	244	246	245M
5327	1433	7.088E-216	0.996	7.061E-216	0	316	318	0	316	318	317M
5328	1432	7.653E-207	0.984	7.634E-207	0	316	318	0	316	318	317M
5329	1431	1.849E-199	0.983	1.919E-199	0	303	305	0	303	305	304M
5330	1430	2.217E-308	0.988	0.000E+00	0	767	769	0	767	769	768M
5332	1427	3.087E-320	0.975	3.148E-320	0	494	496	0	494	496	495M
5333	1426	2.217E-308	0.986	0.000E+00	0	819	821	4	823	825	820M
5334	1425	2.315E-170	0.961	2.215E-170	0	258	260	0	258	260	259M
5335	2314	2.262E-161	0.622	2.221E-161	0	401	405	0	401	403	227M1I11M1D163M
5336	1308	1.431E-100	0.682	1.397E-100	0	213	218	0	213	218	214M
5337	3870	8.755E-143	0.991	8.993E-143	0	222	224	0	222	224	223M
5338	4017	6.217E-204	1.00	6.410E-204	0	305	307	0	305	307	306M
5339	4016	9.611E-63	1.00	9.347E-63	0	95	97	0	95	97	96M
5340	4015	1.674E-238	0.997	1.621E-238	0	367	369	0	367	369	368M
5341	2898	1.322E-108	0.576	1.271E-108	0	292	305	0	291	320	179M1I113M
5342	3500	1.940E-179	0.981	1.880E-179	0	263	265	0	263	265	264M
5343	3499	1.809E-152	1.00	1.837E-152	0	237	239	0	237	239	238M
5344	3498	2.217E-308	0.989	0.000E+00	0	576	578	0	576	578	577M
5345	3497	2.084E-284	0.997	2.189E-284	0	433	435	0	433	435	434M
5346	3496	3.218E-220	0.978	3.171E-220	0	331	333	0	331	333	332M
5347	3495	4.758E-27	0.921	4.775E-27	0	50	51	0	50	525	51M
5348	1242	9.061E-17	0.971	9.096E-17	0	34	36	109	143	145	35M
5349	1241	2.237E-118	1.00	2.273E-118	0	183	185	0	183	185	184M
5350	1240	6.870E-320	0.963	7.115E-320	0	498	500	0	498	500	499M
5351	1239	2.217E-308	0.979	0.000E+00	0	790	792	0	790	792	791M
5352	1238	1.677E-200	0.914	1.754E-200	0	326	328	0	326	328	327M
5353	1237	5.310E-143	1.00	5.091E-143	0	230	232	0	230	232	231M
5354	1236	1.408E-171	0.992	1.446E-171	0	267	269	0	267	269	268M
5355	1235	3.575E-222	1.00	3.632E-222	0	350	352	0	350	352	351M
5356	3794	2.217E-308	0.980	0.000E+00	0	909	911	7	916	918	910M
5357	3795	2.217E-308	0.987	0.000E+00	0	898	900	0	898	900	899M
5358	3796	3.824E-132	1.00	3.876E-132	0	193	195	0	193	195	194M
5359	985	2.217E-308	0.976	0.000E+00	0	599	601	0	599	601	600M
5360	986	2.217E-308	0.996	0.000E+00	0	512	514	0	512	514	513M
5361	987	2.816E-322	1.00	2.915E-322	0	468	470	0	468	470	469M
5362	988	3.320E-116	0.994	3.249E-116	0	168	170	0	168	170	169M
5363	989	1.355E-195	1.00	1.396E-195	0	291	293	0	291	293	292M
5364	990	3.365E-276	0.881	3.397E-276	0	480	482	0	484	486	228M3I10M3D20M4D220M
5365	991	1.398E-33	0.984	1.405E-33	0	65	67	0	65	67	66M
5366	992	7.674E-92	1.00	7.309E-92	0	146	148	0	146	148	147M
5367	993	2.623E-141	1.00	2.665E-141	0	207	209	0	207	209	208M
5368	994	1.886E-168	0.992	1.802E-168	0	251	253	0	251	253	252M
5369	995	4.280E-253	0.997	4.203E-253	0	390	392	0	390	392	391M
5370	996	3.767E-281	1.00	3.878E-281	0	411	413	0	411	413	412M
5371	997	2.217E-308	1.00	0.000E+00	0	755	757	0	755	757	756M
5372	998	2.217E-308	0.996	0.000E+00	0	948	950	0	948	950	949M
5373	999	2.233E-156	0.987	2.157E-156	0	239	241	0	239	241	240M
5374	1000	2.667E-186	0.992	2.765E-186	0	277	279	0	277	279	278M
5375	1001	2.011E-309	0.995	1.916E-309	0	459	461	0	459	461	460M
5376	1002	4.470E-115	0.983	4.551E-115	0	177	179	0	177	179	178M
5377	1003	6.138E-83	1.00	5.891E-83	0	126	128	0	126	128	127M
5378	1004	2.217E-308	0.997	0.000E+00	0	820	822	0	820	822	821M
5379	1005	6.684E-232	1.00	6.798E-232	0	336	338	0	336	338	337M
5380	1006	6.153E-316	1.00	6.042E-316	0	469	471	0	469	471	470M
5381	1007	1.336E-23	1.00	1.340E-23	0	43	45	0	43	45	44M
5382	1008	1.432E-255	0.990	1.412E-255	0	403	405	0	403	405	404M
5383	1009	6.954E-286	0.997	6.988E-286	0	447	449	0	447	449	448M
5384	1010	4.551E-238	1.00	4.470E-238	0	355	357	0	355	357	356M
5385	147	2.962E-188	1.00	2.907E-188	0	274	276	0	274	276	275M
5386	148	2.041E-160	1.00	1.966E-160	0	249	251	0	249	251	250M
5387	149	7.766E-174	0.996	7.745E-174	0	290	292	0	290	292	291M
5388	150	4.333E-103	0.975	4.364E-103	0	160	162	0	160	162	161M
5389	151	1.081E-185	0.996	1.107E-185	0	273	275	0	273	275	274M
5390	152	9.752E-146	0.983	9.416E-146	0	237	239	0	237	239	238M
5391	153	1.304E-64	1.00	1.268E-64	0	104	106	0	104	106	105M
5392	154	7.714E-94	1.00	7.410E-94	0	149	151	0	149	151	150M
5393	155	8.422E-128	1.00	8.416E-128	0	204	206	0	204	206	205M
5394	156	2.950E-225	1.00	2.867E-225	0	332	334	0	332	334	333M
5395	157	3.450E-247	1.00	3.617E-247	0	379	381	0	379	381	380M
5396	158	1.170E-138	1.00	1.138E-138	0	215	217	0	215	217	216M
5397	159	1.076E-183	1.00	1.037E-183	0	269	271	0	269	271	270M
5398	160	2.285E-165	1.00	2.347E-165	0	256	258	0	256	258	257M
5399	161	2.048E-200	1.00	2.141E-200	0	310	312	0	310	312	311M
5400	162	3.074E-125	0.971	3.111E-125	0	209	211	0	209	211	210M
5401	163	4.427E-150	0.995	4.581E-150	0	227	229	0	227	229	228M
5402	164	2.847E-250	0.951	2.812E-250	0	408	410	0	408	410	409M
5404	165	1.852E-277	1.00	1.769E-277	0	416	418	0	416	418	417M
5405	166	1.783E-301	0.997	1.778E-301	0	481	483	0	481	483	482M
5406	167	2.217E-308	0.993	0.000E+00	0	1058	1060	0	1058	1060	1059M
5407	168	2.583E-251	0.995	2.698E-251	0	405	407	0	405	407	406M
5409	169	1.484E-230	1.00	1.537E-230	0	342	344	0	342	344	343M
5410	170	4.208E-169	1.00	4.155E-169	0	260	262	0	260	262	261M
5411	171	3.188E-139	0.991	3.165E-139	0	228	230	0	228	230	229M
5412	172	2.005E-153	0.991	1.928E-153	0	236	238	0	236	238	237M
5413	173	1.129E-163	0.992	1.081E-163	0	257	259	0	257	259	258M
5414	174	2.364E-62	1.00	2.421E-62	0	108	110	0	108	110	109M
5415	175	5.710E-55	0.942	5.528E-55	0	86	88	0	86	88	87M
5416	176	2.977E-306	0.989	3.054E-306	0	455	457	0	455	457	456M
5417	177	2.217E-308	0.987	0.000E+00	0	486	488	0	485	487	148M1I338M
5418	178	1.248E-163	0.854	1.298E-163	0	288	290	0	288	290	289M
5419	179	7.746E-173	1.00	7.600E-173	0	258	260	0	258	260	259M
5420	180	6.117E-159	0.983	5.929E-159	0	241	243	0	241	243	242M
5421	181	3.504E-253	0.992	3.658E-253	0	421	423	0	421	423	422M
5422	182	2.217E-308	0.991	0.000E+00	0	584	586	0	584	586	585M
5423	183	1.460E-69	1.00	1.525E-69	0	118	120	0	118	120	119M
5424	184	7.150E-142	0.995	7.097E-142	0	219	221	0	219	221	220M
5425	185	2.315E-286	0.995	2.386E-286	0	451	453	0	451	453	452M
5426	186	2.019E-32	1.00	2.011E-32	0	55	57	0	55	57	56M
5427	187	4.606E-204	0.989	4.611E-204	0	298	300	0	298	300	299M
5428	188	8.081E-112	1.00	8.182E-112	0	182	184	0	182	184	183M
5429	189	2.217E-308	0.998	0.000E+00	0	797	799	0	797	799	798M
5430	190	2.275E-202	1.00	2.332E-202	0	301	303	0	301	303	302M
5431	191	2.111E-57	1.00	2.161E-57	0	89	91	0	89	91	90M
5432	192	4.863E-225	0.997	4.740E-225	0	336	338	0	336	338	337M
5433	193	5.635E-282	1.00	5.689E-282	0	451	453	0	451	453	452M
5434	194	2.616E-256	1.00	2.573E-256	0	380	382	0	380	382	381M
5435	195	4.678E-210	0.984	4.715E-210	0	313	315	0	313	315	314M
5436	196	6.806E-239	1.00	6.598E-239	0	368	370	0	368	370	369M
5437	197	2.217E-308	0.997	0.000E+00	0	747	749	8	755	757	748M
5438	198	1.854E-84	1.00	1.825E-84	0	126	128	0	126	128	127M
5439	199	3.771E-320	0.979	3.892E-320	0	485	487	0	485	487	486M
5440	200	1.912E-212	0.990	1.956E-212	0	317	319	0	317	319	318M
5441	201	4.370E-145	0.995	4.280E-145	0	209	211	0	209	211	210M
5442	202	1.379E-163	0.972	1.414E-163	0	256	258	0	256	258	257M
5443	203	8.466E-130	0.980	8.156E-130	0	206	208	0	206	208	207M
5444	204	4.175E-166	1.00	4.273E-166	0	260	262	0	260	262	261M
5445	205	4.834E-37	0.984	4.843E-37	0	64	66	0	64	66	65M
5446	206	1.217E-76	1.00	1.233E-76	0	120	122	0	120	122	121M
5447	207	1.456E-184	1.00	1.418E-184	0	287	289	0	287	289	288M
5448	208	9.293E-50	1.00	9.360E-50	0	80	82	0	80	82	81M
5449	401	4.409E-44	1.00	4.390E-44	0	69	71	0	69	71	70M
5450	400	2.126E-253	1.00	2.112E-253	0	382	384	0	382	384	383M
5451	399	2.702E-75	0.992	2.696E-75	0	125	127	0	125	127	126M
5452	398	9.189E-123	0.994	9.545E-123	0	190	192	0	190	192	191M
5453	397	9.997E-233	1.00	1.018E-232	0	356	358	0	356	358	357M
5454	396	1.288E-98	0.993	1.237E-98	0	150	152	0	150	152	151M
5455	395	1.031E-244	0.984	1.003E-244	0	378	380	0	378	380	379M
5456	394	2.323E-94	0.993	2.349E-94	0	158	160	0	158	160	159M
5457	393	3.210E-219	1.00	3.161E-219	0	333	335	0	333	335	334M
5458	392	9.118E-120	0.989	8.692E-120	0	194	196	0	194	196	195M
5459	391	2.217E-308	0.998	0.000E+00	0	512	514	0	512	514	513M
5460	390	2.217E-308	0.998	0.000E+00	0	628	630	0	628	630	629M
5461	389	5.242E-138	0.967	5.507E-138	0	215	217	0	215	217	216M
5462	388	2.317E-209	0.996	2.310E-209	0	320	322	0	320	322	321M
5463	387	3.290E-306	0.993	3.302E-306	0	477	479	0	477	479	478M
5464	386	3.369E-83	1.00	3.328E-83	0	147	149	0	147	149	148M
5465	385	2.768E-38	1.00	2.758E-38	0	70	72	0	70	72	71M
5466	384	2.628E-219	0.997	2.533E-219	0	335	337	0	335	337	336M
5467	383	5.148E-247	0.983	5.070E-247	0	366	368	0	366	368	367M
5468	382	8.242E-197	1.00	8.577E-197	0	292	294	0	292	294	293M
5469	381	2.217E-308	1.00	0.000E+00	0	501	503	0	501	503	502M
5470	380	2.128E-176	0.943	2.228E-176	0	266	268	0	266	268	267M
5471	379	1.878E-205	1.00	1.908E-205	0	304	306	0	304	306	305M
5472	378	2.457E-309	0.986	2.392E-309	0	457	459	0	457	459	458M
5473	377	2.217E-308	0.986	0.000E+00	0	521	523	0	521	523	522M
5474	376	3.516E-293	0.995	3.357E-293	0	464	466	0	464	466	465M
5475	4449	6.197E-48	0.987	6.436E-48	0	76	78	0	76	78	77M
5476	4156	9.844E-227	0.993	1.016E-226	0	328	330	0	328	330	329M
5477	4157	1.426E-176	1.00	1.411E-176	0	263	265	0	263	265	264M
5478	4158	7.800E-137	0.989	7.889E-137	0	198	200	0	198	200	199M
5479	4159	3.954E-145	0.995	3.778E-145	0	213	215	0	213	215	214M
5480	4199	1.774E-67	0.974	1.830E-67	0	118	121	0	118	121	119M
5481	4200	1.178E-102	0.987	1.214E-102	0	155	157	0	155	157	156M
5483	4205	1.499E-118	0.989	1.438E-118	0	192	202	0	192	195	193M
5484	4204	4.051E-193	0.992	3.946E-193	0	277	279	0	277	279	278M
5485	4203	1.591E-257	0.994	1.582E-257	0	381	383	0	382	384	76M1D306M
5486	4060	7.167E-259	1.00	7.421E-259	0	410	412	0	410	412	411M
5487	4059	4.442E-190	0.986	4.431E-190	0	299	301	0	299	301	300M
5488	4058	6.537E-146	0.978	6.555E-146	0	231	238	0	231	233	232M
5489	4057	2.342E-39	1.00	2.335E-39	0	65	67	0	65	67	66M
5491	4277	3.992E-110	0.988	3.901E-110	0	177	179	0	177	179	178M
5493	3877	2.409E-108	0.982	2.431E-108	0	171	173	0	171	173	172M
5494	3878	1.415E-173	0.989	1.422E-173	4	276	278	0	272	274	273M
5495	3879	2.217E-308	0.993	0.000E+00	0	831	833	0	831	833	832M
5496	3880	1.766E-220	0.991	1.709E-220	0	338	340	0	338	340	339M
5497	3881	2.268E-46	0.987	2.199E-46	0	77	79	0	77	79	78M
5498	3790	1.022E-318	0.997	1.006E-318	0	494	496	0	494	496	495M
5499	2705	1.822E-116	0.978	1.883E-116	0	183	185	0	183	185	184M
5500	2704	1.448E-182	0.979	1.494E-182	0	293	301	0	293	297	294M
5503	2703	1.026E-126	0.995	1.049E-126	0	204	206	0	204	206	205M
5504	2702	3.427E-167	0.985	3.476E-167	0	267	269	0	267	269	268M
5505	2701	2.217E-308	0.998	0.000E+00	0	565	567	0	565	567	566M
5506	2700	4.382E-146	0.987	4.563E-146	0	235	237	0	235	237	236M
5511	2060	1.012E-314	1.00	1.061E-314	0	490	492	0	490	492	491M
5512	2059	3.675E-194	1.00	3.587E-194	0	293	295	0	293	295	294M
5513	2061	7.132E-25	0.609	7.116E-25	7	85	88	92	178	181	33M4D8M3D10M1D28M
5517	3245	5.942E-24	0.549	5.930E-24	0	101	114	0	93	175	54M1I32M7I8M
5518	3834	9.819E-110	0.678	1.026E-109	19	273	276	52	303	308	179M3I73M
5519	1242	3.056E-26	0.979	3.044E-26	0	48	50	95	143	145	49M
5520	360	2.626E-64	0.953	2.566E-64	5	112	114	228	335	337	108M
5521	361	5.607E-48	1.00	5.725E-48	0	80	82	0	80	82	81M
5522	362	2.217E-308	0.993	0.000E+00	0	635	637	0	635	637	636M
5523	363	1.029E-127	0.985	1.065E-127	0	209	211	0	209	211	210M
5524	364	1.060E-216	0.983	1.101E-216	0	310	312	0	310	312	311M
5525	365	1.134E-242	0.991	1.158E-242	0	365	367	0	365	367	366M
5526	366	1.075E-260	0.997	1.055E-260	0	427	429	0	427	429	428M
5527	367	6.271E-246	0.994	6.093E-246	0	372	374	0	372	374	373M
5528	368	2.583E-251	1.00	2.676E-251	0	371	373	0	371	373	372M
5529	369	1.979E-264	0.973	2.006E-264	0	453	455	0	453	455	454M
5530	370	6.127E-237	0.950	6.305E-237	0	419	421	0	418	420	343M1I76M
5531	371	2.567E-210	0.980	2.631E-210	0	314	316	0	314	316	315M
5532	372	2.639E-182	0.992	2.626E-182	0	264	266	0	264	266	265M
5533	373	7.935E-221	1.00	7.910E-221	0	335	337	0	335	337	336M
5534	374	1.512E-44	1.00	1.439E-44	0	72	74	0	72	74	73M
5536	3375	1.214E-75	0.983	1.174E-75	14	134	136	0	120	122	121M
5537	3376	1.105E-232	1.00	1.118E-232	0	358	360	0	358	360	359M
5538	3377	6.256E-129	1.00	6.038E-129	0	195	197	0	195	197	196M
5539	3378	5.379E-148	1.00	5.265E-148	0	214	216	0	214	216	215M
5540	3379	3.071E-318	0.995	3.133E-318	0	471	473	37	508	510	472M
5541	3397	1.867E-48	0.988	1.874E-48	0	83	85	0	83	85	84M
5542	3398	1.331E-188	1.00	1.383E-188	0	285	287	0	285	287	286M
5545	3399	5.379E-148	0.995	5.521E-148	0	215	217	0	215	217	216M
5546	3400	3.294E-113	1.00	3.140E-113	0	160	162	0	160	162	161M
5547	3401	2.217E-308	0.998	0.000E+00	0	763	765	0	763	765	764M
5548	3402	2.217E-308	0.998	0.000E+00	0	717	719	0	717	719	718M
5549	3403	3.903E-256	1.00	3.963E-256	0	349	351	0	349	351	350M
5550	1994	7.362E-192	1.00	7.027E-192	0	298	300	0	298	300	299M
5551	1995	6.520E-145	1.00	6.363E-145	0	224	226	0	224	226	225M
5552	1996	2.325E-133	0.990	2.308E-133	0	200	202	0	200	202	201M
5553	1997	8.088E-151	0.987	7.959E-151	0	230	232	0	230	232	231M
5554	1998	1.316E-145	1.00	1.254E-145	0	223	225	0	223	225	224M
5555	1999	1.015E-199	0.996	9.878E-200	0	309	311	0	309	311	310M
5556	2000	2.217E-308	0.994	0.000E+00	0	1109	1111	0	1109	1111	1110M
5557	2001	2.217E-308	0.996	0.000E+00	0	612	614	0	612	614	613M
5558	2002	1.004E-195	0.989	9.855E-196	0	297	299	0	297	299	298M
5559	2003	3.409E-165	0.996	3.324E-165	0	250	252	0	250	252	251M
5560	2004	1.061E-255	0.979	1.044E-255	0	383	385	0	383	385	384M
5561	2005	7.754E-96	1.00	7.513E-96	0	152	154	0	152	154	153M
5562	2006	4.164E-281	0.997	4.288E-281	0	447	449	0	447	449	448M
5563	2007	5.548E-276	0.997	5.401E-276	0	415	417	0	415	417	416M
5564	2008	7.317E-267	0.983	7.571E-267	0	414	416	0	414	416	415M
5565	2235	1.697E-282	0.995	1.642E-282	0	431	433	0	431	433	432M
5566	2236	7.668E-53	1.00	7.514E-53	0	83	85	0	83	85	84M
5567	2237	6.543E-69	0.990	6.564E-69	0	109	111	0	109	111	110M
5568	2238	1.230E-80	0.984	1.205E-80	0	125	127	0	125	127	126M
5569	2239	2.086E-91	0.985	2.086E-91	0	135	137	0	135	137	136M
5570	2240	1.795E-265	0.967	1.729E-265	0	400	402	0	400	402	401M
5571	2241	1.579E-138	0.976	1.609E-138	0	209	211	0	209	211	210M
5572	2242	5.591E-43	1.00	5.598E-43	0	63	65	0	63	65	64M
5573	2243	1.086E-148	0.995	1.037E-148	0	213	215	0	213	215	214M
5574	2244	8.059E-227	0.988	8.259E-227	0	337	339	0	337	339	338M
5575	2245	5.278E-218	0.991	5.390E-218	0	333	335	0	333	335	334M
5576	2246	6.627E-190	0.989	6.499E-190	0	287	289	0	287	289	288M
5577	2247	1.161E-135	1.00	1.191E-135	0	202	204	0	202	204	203M
5578	2248	2.217E-308	1.00	0.000E+00	0	569	571	0	569	571	570M
5579	2250	6.294E-54	0.988	6.286E-54	0	84	86	0	84	86	85M
5580	2251	2.639E-182	1.00	2.706E-182	0	278	280	0	278	280	279M
5581	2252	2.217E-308	0.990	0.000E+00	0	518	520	0	518	520	519M
5582	2253	9.837E-72	1.00	9.498E-72	0	111	113	0	111	113	112M
5583	2254	1.441E-64	1.00	1.432E-64	0	113	115	0	113	115	114M
5584	2255	2.491E-121	0.989	2.461E-121	0	192	194	0	192	194	193M
5585	112	1.881E-51	0.307	1.792E-51	0	400	402	8	407	409	36M3I83M1D100M1I12M2I12M4D152M
5586	3818	2.217E-308	0.995	0.000E+00	0	741	743	0	741	743	742M
5587	3817	2.217E-308	1.00	0.000E+00	0	612	614	0	612	614	613M
5588	3816	9.886E-190	0.996	1.025E-189	0	290	292	0	290	292	291M
5589	79	5.056E-124	0.990	5.243E-124	0	202	204	0	202	204	203M
5590	80	2.305E-207	0.996	2.268E-207	0	317	319	0	317	319	318M
5591	81	1.622E-71	1.00	1.543E-71	0	108	110	0	108	110	109M
5592	82	5.407E-266	1.00	5.383E-266	0	402	404	0	402	404	403M
5593	83	2.217E-308	0.997	0.000E+00	0	696	698	0	696	698	697M
5594	84	2.095E-54	1.00	2.163E-54	0	88	90	0	88	90	89M
5595	85	1.177E-295	0.993	1.204E-295	0	431	433	0	431	433	432M
5596	86	2.217E-308	0.976	0.000E+00	0	586	588	0	586	588	587M
5597	87	2.217E-308	0.992	0.000E+00	0	1231	1233	0	1231	1233	1232M
5598	88	2.217E-308	0.991	0.000E+00	0	1210	1212	0	1210	1212	1211M
5599	89	5.940E-109	1.00	5.684E-109	0	167	169	0	167	169	168M
5600	90	1.384E-319	0.995	1.342E-319	0	471	473	0	471	473	472M
5601	91	8.130E-153	1.00	8.487E-153	0	234	236	0	234	236	235M
5602	92	6.925E-207	0.996	6.951E-207	0	314	316	0	314	316	315M
5603	93	1.182E-142	1.00	1.176E-142	0	221	223	0	221	223	222M
5604	94	2.217E-308	1.00	0.000E+00	0	538	540	0	538	540	539M
5605	95	1.733E-290	0.970	1.755E-290	0	436	438	0	436	438	437M
5606	96	9.461E-173	1.00	9.478E-173	0	256	258	0	256	258	257M
5607	97	2.217E-308	1.00	0.000E+00	0	499	501	0	499	501	500M
5608	98	3.257E-302	0.991	3.414E-302	0	459	461	0	459	461	460M
5609	99	2.217E-308	0.998	0.000E+00	0	944	946	0	944	946	945M
5610	100	8.832E-69	0.991	8.554E-69	0	121	123	0	121	123	122M
5611	101	2.217E-308	0.998	0.000E+00	0	602	604	0	602	604	603M
5612	102	1.808E-113	0.994	1.739E-113	0	174	176	0	174	176	175M
5613	103	3.428E-51	0.989	3.445E-51	0	90	92	0	90	92	91M
5614	104	8.201E-79	0.992	7.840E-79	0	133	135	0	133	135	134M
5615	105	5.013E-82	0.992	5.236E-82	0	132	134	0	132	134	133M
5616	106	2.217E-308	1.00	0.000E+00	0	898	900	0	898	900	899M
5617	107	1.655E-311	0.997	1.707E-311	0	493	495	0	493	495	494M
5618	108	3.622E-111	1.00	3.543E-111	0	173	175	0	173	175	174M
5619	109	2.850E-57	0.981	2.904E-57	0	108	110	0	108	110	109M
5620	110	6.277E-169	0.996	6.558E-169	0	263	265	0	263	265	264M
5621	111	2.217E-308	0.996	0.000E+00	0	569	571	0	569	571	570M
5622	112	1.425E-253	1.00	1.398E-253	0	407	409	0	407	409	408M
5623	113	1.198E-186	0.979	1.142E-186	0	285	287	0	285	287	286M
5624	114	3.398E-125	1.00	3.319E-125	0	197	199	0	197	199	198M
5625	115	1.490E-193	0.993	1.476E-193	0	303	305	0	303	305	304M
5626	116	2.493E-160	1.00	2.571E-160	0	248	250	0	248	250	249M
5627	117	3.600E-70	1.00	3.464E-70	0	107	109	0	107	109	108M
5628	118	1.307E-297	0.986	1.286E-297	0	435	437	0	435	437	436M
5629	119	2.217E-308	0.998	0.000E+00	0	554	556	0	554	556	555M
5630	120	2.796E-127	1.00	2.820E-127	0	183	185	0	183	185	184M
5631	121	1.151E-93	1.00	1.150E-93	0	145	147	0	145	147	146M
5632	122	2.801E-205	1.00	2.746E-205	0	332	334	0	332	334	333M
5633	123	8.659E-42	1.00	8.637E-42	0	67	69	0	67	69	68M
5634	124	2.217E-308	0.998	0.000E+00	0	698	700	0	698	700	699M
5635	125	1.540E-167	1.00	1.513E-167	0	256	258	0	256	258	257M
5636	126	3.155E-135	0.980	3.067E-135	0	202	204	0	202	204	203M
5637	127	1.204E-188	0.989	1.259E-188	0	283	285	0	283	285	284M
5638	128	2.243E-119	1.00	2.239E-119	0	194	196	0	194	196	195M
5639	129	1.067E-180	0.984	1.101E-180	0	263	265	0	263	265	264M
5640	130	2.217E-308	0.998	0.000E+00	0	601	603	0	601	603	602M
5641	131	1.166E-98	0.880	1.149E-98	0	175	177	0	175	177	176M
5644	132	3.448E-208	1.00	3.330E-208	0	303	305	0	303	305	304M
5645	134	2.217E-308	1.00	0.000E+00	0	716	718	0	716	718	717M
5646	135	3.495E-252	1.00	3.640E-252	0	389	391	0	389	391	390M
5647	136	1.175E-101	0.993	1.127E-101	0	162	164	0	162	164	163M
5648	137	8.235E-158	0.987	8.382E-158	0	237	239	0	237	239	238M
5649	138	1.670E-121	0.978	1.682E-121	0	184	186	0	184	186	185M
5650	139	1.522E-85	1.00	1.567E-85	0	134	136	0	134	136	135M
5651	140	3.681E-156	0.992	3.793E-156	0	251	253	0	251	253	252M
5652	141	4.462E-153	1.00	4.309E-153	0	233	235	0	233	235	234M
5653	142	2.411E-263	1.00	2.457E-263	0	378	380	0	378	380	379M
5654	143	9.133E-198	0.970	9.575E-198	0	299	301	0	299	301	300M
5655	144	2.217E-308	1.00	0.000E+00	0	638	640	0	638	640	639M
5656	145	2.206E-74	1.00	2.292E-74	0	117	119	0	117	119	118M
5657	146	2.981E-113	0.919	2.978E-113	10	192	194	0	185	187	164M3D19M
5658	2333	1.280E-289	0.997	1.336E-289	0	473	475	0	473	475	474M
5659	2332	3.694E-196	0.986	3.601E-196	0	289	291	0	289	291	290M
5660	2331	1.193E-107	0.987	1.156E-107	0	164	166	0	164	166	165M
5661	2330	1.294E-61	1.00	1.322E-61	0	117	119	0	117	119	118M
5662	2329	1.756E-63	1.00	1.830E-63	0	120	122	0	120	122	121M
5663	2328	2.217E-308	1.00	0.000E+00	0	1389	1391	7	1396	1398	1390M
5664	2327	2.217E-308	0.999	0.000E+00	0	1361	1363	0	1361	1363	1362M
5665	2326	7.194E-67	1.00	7.479E-67	0	122	124	0	122	124	123M
5666	2325	8.658E-100	1.00	8.651E-100	0	167	169	0	167	169	168M
5667	2324	3.904E-140	1.00	3.824E-140	0	230	232	0	230	232	231M
5668	2323	2.070E-88	1.00	2.111E-88	0	141	143	0	141	143	142M
5669	2322	2.019E-117	1.00	2.032E-117	0	176	178	0	176	178	177M
5670	2321	1.402E-92	1.00	1.437E-92	0	145	147	0	145	147	146M
5671	4372	5.489E-32	1.00	5.479E-32	0	56	58	339	395	397	57M
5672	4152	5.675E-130	0.974	5.583E-130	0	198	200	0	198	200	199M
5673	4153	1.809E-152	1.00	1.725E-152	0	229	231	0	229	231	230M
5674	4002	4.941E-324	1.00	4.941E-324	0	491	493	0	491	493	492M
5675	4001	1.702E-24	1.00	1.700E-24	0	46	48	0	46	48	47M
5676	4000	2.512E-279	0.969	2.525E-279	0	432	435	0	432	435	433M
5677	3999	2.059E-202	0.962	2.106E-202	0	319	321	0	319	321	320M
5678	3186	2.217E-308	0.998	0.000E+00	0	594	596	0	594	596	595M
5679	3185	8.604E-291	0.997	8.817E-291	0	428	430	0	428	430	429M
5680	3184	8.172E-155	0.995	7.971E-155	0	242	244	0	242	244	243M
5681	3183	1.801E-189	0.983	1.777E-189	0	295	297	0	295	297	296M
5682	3182	9.100E-274	0.993	8.931E-274	0	430	432	0	430	432	431M
5683	3181	2.217E-308	0.997	0.000E+00	0	893	895	0	893	895	894M
5684	3180	4.658E-131	0.990	4.772E-131	0	206	208	0	206	208	207M
5685	616	7.311E-228	0.994	6.955E-228	0	365	367	0	365	367	366M
5686	615	2.217E-308	0.998	0.000E+00	0	1040	1042	0	1040	1042	1041M
5687	614	1.487E-76	0.992	1.497E-76	0	124	126	0	124	126	125M
5688	613	6.913E-245	1.00	6.587E-245	0	369	371	0	369	371	370M
5689	612	3.499E-59	0.905	3.548E-59	0	115	117	0	115	117	116M
5690	611	3.149E-173	1.00	3.036E-173	0	272	274	0	272	274	273M
5691	610	1.763E-142	1.00	1.744E-142	0	216	218	0	216	218	217M
5692	609	4.634E-245	0.994	4.571E-245	0	395	397	0	395	397	396M
5693	608	4.218E-170	0.988	4.423E-170	0	266	268	0	266	268	267M
5694	607	4.477E-193	0.993	4.317E-193	0	299	301	0	299	301	300M
5695	606	8.095E-74	0.935	7.904E-74	0	123	125	0	123	125	124M
5696	605	2.786E-319	0.989	2.767E-319	0	473	475	0	473	475	474M
5697	604	3.294E-229	0.994	3.426E-229	0	341	343	0	341	343	342M
5698	603	1.696E-127	0.989	1.651E-127	0	185	187	0	185	187	186M
5699	602	8.452E-52	0.987	8.131E-52	0	80	82	0	80	82	81M
5700	601	2.237E-118	0.988	2.341E-118	0	177	179	0	177	179	178M
5701	600	1.381E-241	0.994	1.320E-241	0	343	345	0	343	345	344M
5702	599	4.559E-84	1.00	4.592E-84	0	119	121	0	119	121	120M
5703	598	4.555E-161	0.995	4.401E-161	0	244	246	0	244	246	245M
5704	597	6.200E-25	1.00	6.194E-25	0	51	53	0	51	53	52M
5705	596	7.977E-107	0.993	7.726E-107	0	151	153	0	151	153	152M
5706	595	2.181E-263	0.984	2.191E-263	0	389	391	0	389	391	390M
5707	594	2.487E-275	0.997	2.404E-275	0	420	422	0	420	422	421M
5708	593	3.877E-176	0.996	3.914E-176	0	278	280	0	278	280	279M
5709	592	5.507E-41	0.985	5.490E-41	0	66	68	0	66	68	67M
5710	2258	1.361E-158	1.00	1.325E-158	0	238	240	0	238	240	239M
5711	2259	3.451E-131	1.00	3.591E-131	0	200	202	0	200	202	201M
5712	2260	2.012E-193	0.996	1.997E-193	0	296	298	0	296	298	297M
5713	2261	6.554E-147	0.981	6.259E-147	0	213	215	0	213	215	214M
5714	2262	6.610E-189	0.990	6.718E-189	0	310	312	0	310	313	311M
5715	2263	1.006E-273	0.982	9.972E-274	0	446	448	0	446	448	447M
5716	2264	1.932E-100	0.974	1.894E-100	0	155	157	0	155	158	156M
5717	2265	3.397E-241	0.997	3.447E-241	0	350	352	0	350	352	351M
5718	2266	1.150E-170	0.996	1.179E-170	0	258	260	0	258	260	259M
5719	2267	3.745E-124	1.00	3.633E-124	0	181	183	0	181	183	182M
5720	2268	1.179E-141	0.995	1.138E-141	0	209	211	0	209	211	210M
5721	2269	3.846E-289	0.963	3.733E-289	0	434	436	0	434	436	435M
5722	2270	5.965E-304	1.00	6.241E-304	0	461	463	0	461	463	462M
5723	2271	1.629E-150	0.964	1.696E-150	0	226	228	0	226	228	227M
5724	2272	1.235E-275	0.988	1.280E-275	0	420	422	0	420	422	421M
5725	2273	9.259E-242	0.981	9.248E-242	0	369	371	0	369	371	370M
5726	4160	7.568E-164	1.00	7.421E-164	0	249	251	0	249	251	250M
5727	4161	2.746E-120	0.963	2.792E-120	0	190	192	0	190	192	191M
5728	3343	2.217E-308	1.00	0.000E+00	0	557	559	0	557	559	558M
5729	3345	1.633E-267	1.00	1.614E-267	94	511	513	0	417	419	418M
5730	3346	1.092E-305	1.00	1.100E-305	0	469	471	0	469	471	470M
5731	3347	3.624E-266	0.990	3.578E-266	0	400	402	0	400	402	401M
5732	3348	2.102E-210	0.984	2.109E-210	0	316	318	0	316	318	317M
5733	3349	2.217E-308	0.981	0.000E+00	0	607	609	0	607	609	608M
5734	3724	3.654E-10	0.224	3.656E-10	4	207	213	5	219	223	18M10I17M7I18M4D14M20D34M1D23M3D63M
5735	1860	2.073E-166	0.988	2.098E-166	0	265	267	0	265	267	266M
5736	1861	2.217E-308	0.986	0.000E+00	0	611	613	0	611	613	612M
5737	1862	7.136E-296	0.997	6.950E-296	0	453	455	0	453	455	454M
5738	1863	2.988E-114	0.976	2.966E-114	0	170	172	0	170	172	171M
5739	1864	1.391E-205	0.993	1.392E-205	0	304	306	0	304	306	305M
5740	1865	3.831E-94	1.00	3.757E-94	0	148	150	0	148	150	149M
5741	1866	1.420E-97	1.00	1.432E-97	0	155	157	0	155	157	156M
5742	1867	4.193E-245	0.997	4.035E-245	0	372	374	0	372	374	373M
5743	1868	1.340E-268	1.00	1.286E-268	0	428	430	0	428	430	429M
5744	1869	9.625E-257	1.00	9.524E-257	0	406	408	0	406	408	407M
5745	1870	6.476E-65	1.00	6.581E-65	0	110	112	0	110	112	111M
5746	1871	4.752E-100	1.00	4.523E-100	0	160	162	0	160	162	161M
5747	1872	5.091E-88	0.931	5.044E-88	0	146	148	0	146	148	147M
5748	1875	9.100E-274	0.997	8.951E-274	0	403	405	0	403	405	404M
5749	1876	7.381E-193	0.992	7.180E-193	0	283	285	0	283	285	284M
5750	1877	4.351E-182	0.982	4.475E-182	0	282	284	0	282	284	283M
5751	1878	3.606E-264	0.977	3.720E-264	0	405	407	0	405	407	406M
5753	1879	4.154E-164	0.972	4.340E-164	0	251	253	0	251	253	252M
5754	2736	5.444E-230	0.960	5.595E-230	44	397	399	0	353	355	354M
5755	2737	8.944E-306	0.997	8.935E-306	0	451	453	0	451	453	452M
5756	2738	9.055E-156	1.00	8.639E-156	0	235	237	0	235	237	236M
5757	2739	1.567E-135	1.00	1.631E-135	0	222	224	0	222	224	223M
5758	2740	5.329E-183	0.992	5.092E-183	0	276	278	0	276	278	277M
5759	2741	1.132E-280	0.997	1.113E-280	0	454	456	0	454	456	455M
5760	2742	3.550E-258	0.984	3.594E-258	0	383	385	0	383	385	384M
5761	2743	9.363E-285	1.00	9.340E-285	0	435	437	0	435	437	436M
5762	2744	3.726E-122	0.983	3.821E-122	0	186	188	0	186	188	187M
5763	2745	6.737E-119	0.988	6.950E-119	0	178	180	0	178	180	179M
5764	2746	2.217E-308	0.998	0.000E+00	0	524	526	0	524	526	525M
5765	2747	2.965E-111	0.988	3.070E-111	0	170	172	0	170	172	171M
5766	4165	2.217E-308	0.953	0.000E+00	0	1007	1109	0	1007	1025	1008M
5769	2275	4.947E-309	1.00	5.043E-309	0	446	448	0	446	448	447M
5770	2276	1.683E-124	0.994	1.738E-124	0	192	194	0	192	194	193M
5771	2277	2.217E-308	1.00	0.000E+00	0	626	628	0	626	628	627M
5772	2278	4.197E-168	0.992	4.347E-168	0	263	265	0	263	265	264M
5773	2279	2.208E-113	0.988	2.229E-113	0	166	168	0	166	168	167M
5774	2280	1.350E-232	0.988	1.341E-232	0	335	337	0	335	337	336M
5775	2281	3.229E-260	0.997	3.336E-260	0	384	386	0	384	386	385M
5776	2282	9.244E-164	0.979	9.110E-164	0	240	242	0	240	242	241M
5777	2283	5.606E-280	0.989	5.374E-280	0	454	456	0	454	456	455M
5778	2284	1.314E-67	0.990	1.337E-67	0	106	108	0	106	108	107M
5779	2285	3.557E-104	1.00	3.395E-104	0	166	168	0	166	168	167M
5780	2286	3.971E-224	0.987	3.809E-224	0	320	322	0	320	322	321M
5781	2287	4.020E-74	0.991	3.912E-74	0	115	117	0	115	117	116M
5782	2288	1.488E-115	1.00	1.486E-115	0	180	182	0	180	182	181M
5783	2289	3.093E-166	0.992	3.222E-166	0	254	256	0	254	256	255M
5784	2290	2.217E-308	0.975	0.000E+00	0	603	605	0	603	605	604M
5786	3691	1.124E-200	0.996	1.074E-200	0	302	304	0	302	304	303M
5787	3690	2.323E-94	1.00	2.260E-94	0	144	146	0	144	146	145M
5788	3689	2.426E-72	0.991	2.377E-72	0	115	117	0	115	117	116M
5789	3688	1.820E-193	1.00	1.738E-193	0	273	275	0	273	275	274M
5790	3687	7.820E-138	1.00	7.549E-138	0	215	217	0	215	217	216M
5791	3686	2.217E-308	0.991	0.000E+00	0	728	730	0	728	730	729M
5792	3685	1.238E-44	0.985	1.237E-44	0	69	71	0	69	71	70M
5793	1378	1.902E-210	1.00	1.832E-210	0	313	315	0	313	315	314M
5794	1379	5.430E-229	1.00	5.339E-229	12	364	366	0	352	354	353M
5795	1380	6.835E-318	0.995	6.839E-318	0	481	483	0	481	483	482M
5796	1381	6.871E-204	1.00	7.041E-204	0	307	309	0	307	309	308M
5797	1382	1.622E-187	0.996	1.568E-187	0	283	285	0	283	285	284M
5798	1383	1.006E-273	1.00	1.006E-273	0	419	421	0	419	421	420M
5799	1384	3.833E-249	1.00	3.904E-249	0	390	392	0	390	392	391M
5800	1385	1.839E-197	1.00	1.799E-197	0	299	301	0	299	301	300M
5801	1386	1.703E-90	1.00	1.637E-90	0	145	147	0	145	147	146M
5802	1387	2.204E-151	1.00	2.150E-151	0	229	231	0	229	231	230M
5803	1388	2.217E-308	1.00	0.000E+00	0	904	906	0	904	906	905M
5804	1389	2.217E-308	0.989	0.000E+00	0	658	660	0	659	661	108M1D551M
5805	1390	1.397E-52	1.00	1.387E-52	0	89	91	0	89	91	90M
5806	1391	2.718E-116	0.994	2.624E-116	0	190	192	0	190	192	191M
5807	1392	2.217E-308	0.981	0.000E+00	0	717	719	0	720	722	138M3D580M
5808	1393	3.215E-181	0.996	3.272E-181	0	264	266	0	264	266	265M
5810	1395	3.333E-311	1.00	3.326E-311	0	487	489	0	487	489	488M
5811	1396	2.122E-291	0.995	2.050E-291	0	444	446	0	444	446	445M
5812	1397	2.658E-146	0.990	2.673E-146	0	217	219	0	217	219	218M
5813	1398	2.217E-308	1.00	0.000E+00	0	565	567	0	565	567	566M
5814	1399	1.032E-167	0.996	1.005E-167	0	254	256	0	254	256	255M
5815	1630	2.064E-203	1.00	1.991E-203	0	309	311	0	309	311	310M
5816	1629	1.750E-23	0.976	1.746E-23	0	42	44	0	42	44	43M
5817	1628	4.318E-63	1.00	4.408E-63	0	99	101	0	99	101	100M
5818	1627	1.224E-233	0.988	1.217E-233	0	351	353	0	351	353	352M
5819	1626	7.045E-291	0.997	6.742E-291	0	429	431	0	429	431	430M
5820	1625	1.095E-151	0.982	1.058E-151	0	234	236	0	234	236	235M
5821	1624	6.217E-204	1.00	6.348E-204	0	325	327	0	325	327	326M
5822	1623	4.107E-121	1.00	4.206E-121	0	190	192	0	190	192	191M
5823	1622	2.217E-308	0.998	0.000E+00	0	648	650	0	648	650	649M
5824	1621	1.636E-113	0.972	1.610E-113	0	178	181	0	178	181	179M
5825	1620	2.787E-87	1.00	2.846E-87	0	136	138	0	136	138	137M
5826	1242	5.820E-16	0.970	5.814E-16	0	33	35	110	143	145	34M
5829	2758	2.113E-96	0.986	2.026E-96	9	151	153	0	142	144	143M
5830	2759	9.650E-258	0.989	9.692E-258	0	384	386	0	384	386	385M
5831	2760	5.718E-249	0.992	5.604E-249	0	391	393	0	391	393	392M
5832	2761	7.125E-102	0.987	7.124E-102	0	159	161	0	159	161	160M
5833	2762	2.907E-142	0.986	3.029E-142	0	221	223	0	221	223	222M
5834	2763	2.388E-182	0.996	2.382E-182	0	282	284	0	282	284	283M
5835	2764	1.882E-206	1.00	1.965E-206	0	316	318	0	316	318	317M
5836	2765	2.466E-117	0.990	2.346E-117	0	199	201	0	199	201	200M
5837	2766	5.219E-175	0.996	5.463E-175	0	267	269	0	267	269	268M
5838	2767	1.441E-296	0.991	1.439E-296	0	453	455	0	453	455	454M
5839	2768	1.137E-243	1.00	1.162E-243	0	363	365	0	363	365	364M
5840	2769	2.217E-308	0.996	0.000E+00	0	891	893	0	891	893	892M
5841	4097	1.404E-54	0.988	1.428E-54	0	86	88	0	86	88	87M
5842	4096	1.014E-160	1.00	9.659E-161	0	254	256	0	254	256	255M
5843	4095	7.915E-220	0.996	7.787E-220	0	330	332	0	330	332	331M
5855	3413	8.430E-51	0.380	8.430E-51	20	261	294	2	246	265	11M2I210M5D19M
5862	2426	1.608E-29	0.372	1.602E-29	2	171	179	4	180	186	24M1I3M1D81M2I32M1D11M8D16M
5866	2144	1.379E-20	0.256	1.383E-20	0	386	388	0	351	353	22M1I22M1D4M7D7M4D28M1D5M15I8M3I13M4I22M2D3M3I7M2I45M3D21M3I13M1I6M5I5M2I10M13I19M4D13M3I9M3I25M1D22M
5868	3908	1.565E-96	0.781	1.520E-96	0	182	187	0	182	184	183M
5873	3178	7.149E-258	0.997	7.314E-258	0	405	407	0	405	407	406M
5874	3177	2.217E-308	0.982	0.000E+00	1	572	574	0	571	573	572M
5875	3176	2.217E-308	0.981	0.000E+00	0	526	528	0	528	530	224M2D303M
5876	3175	6.508E-183	0.996	6.257E-183	0	267	269	0	267	269	268M
5877	3174	2.274E-163	1.00	2.307E-163	0	253	255	0	253	255	254M
5878	3173	6.419E-255	0.997	6.573E-255	0	409	411	0	409	411	410M
5879	3172	1.494E-194	0.993	1.551E-194	0	302	304	0	302	304	303M
5880	3171	9.586E-62	0.990	9.681E-62	0	104	106	0	104	106	105M
5882	2211	2.217E-308	0.955	0.000E+00	0	1480	1636	0	1481	1603	348M1D1133M
5883	2210	2.217E-308	0.875	0.000E+00	20	1057	1059	0	1034	1036	384M3I651M
5884	2865	7.840E-255	0.956	7.909E-255	0	413	415	0	414	416	43M1D371M
5886	2864	7.595E-88	0.978	7.832E-88	1	142	144	0	141	143	142M
5887	2863	5.819E-101	1.00	6.063E-101	0	151	153	0	151	153	152M
5888	2862	2.086E-207	0.987	2.065E-207	0	315	317	0	315	317	316M
5889	2861	4.439E-151	0.969	4.441E-151	0	231	233	0	231	233	232M
5890	2860	6.413E-216	0.979	6.453E-216	0	339	343	0	339	340	340M
5891	3690	9.245E-48	0.592	9.335E-48	18	142	146	18	142	146	125M
5892	2932	4.026E-268	0.988	4.169E-268	0	433	435	0	433	435	434M
5893	3368	7.780E-136	0.985	7.427E-136	0	212	214	0	212	214	213M
5894	3369	5.729E-211	0.993	5.895E-211	0	309	311	0	309	311	310M
5895	3370	3.985E-264	0.995	4.037E-264	0	400	402	0	400	402	401M
5896	3371	8.672E-178	0.989	9.022E-178	0	285	287	0	285	287	286M
5897	3372	3.840E-95	0.993	4.007E-95	0	154	156	0	154	156	155M
5898	3373	2.217E-308	0.997	0.000E+00	0	880	882	0	880	882	881M
5899	3374	1.700E-128	1.00	1.680E-128	0	190	192	0	190	192	191M
5900	209	3.283E-73	1.00	3.155E-73	0	106	108	0	106	108	107M
5901	210	1.016E-161	0.995	9.678E-162	0	232	234	0	232	234	233M
5902	211	2.664E-147	0.995	2.592E-147	0	221	223	0	221	223	222M
5903	212	5.935E-186	1.00	5.706E-186	0	279	281	0	279	281	280M
5904	213	2.148E-141	0.995	2.099E-141	0	202	204	0	202	204	203M
5905	214	3.794E-129	1.00	3.705E-129	0	198	200	0	198	200	199M
5907	217	2.217E-308	1.00	0.000E+00	0	712	714	0	712	714	713M
5908	218	2.954E-303	1.00	2.853E-303	0	487	489	0	487	489	488M
5909	219	8.257E-159	1.00	7.868E-159	0	247	249	0	247	249	248M
5910	220	5.940E-109	1.00	5.884E-109	0	181	183	0	181	183	182M
5911	221	8.165E-116	0.994	8.293E-116	0	181	183	0	181	183	182M
5912	222	1.215E-114	0.994	1.230E-114	0	178	180	0	178	180	179M
5913	223	3.136E-210	1.00	3.068E-210	0	324	326	0	324	326	325M
5914	224	1.976E-323	0.991	1.976E-323	0	472	474	0	472	474	473M
5915	4342	2.775E-124	0.956	2.700E-124	0	208	210	0	208	210	209M
5917	1118	2.111E-26	1.00	2.103E-26	0	47	49	0	47	54	48M
5918	1117	8.764E-66	0.990	8.966E-66	0	108	110	0	108	110	109M
5919	1116	1.717E-93	0.966	1.736E-93	0	147	149	0	147	149	148M
5920	1115	7.600E-243	0.965	7.458E-243	0	403	405	0	403	405	404M
5921	2613	1.038E-169	0.668	1.022E-169	6	367	369	5	366	368	362M
5922	4280	8.400E-38	0.590	8.397E-38	0	109	115	0	109	115	110M
5923	2863	5.829E-63	0.671	5.699E-63	0	151	153	0	151	153	152M
5924	1125	5.483E-20	1.00	5.465E-20	0	38	40	0	38	40	39M
5925	1126	6.937E-169	0.992	6.643E-169	0	270	272	0	270	272	271M
5926	4472	5.061E-47	0.986	5.075E-47	0	73	75	0	73	75	74M
5927	4310	6.328E-29	0.757	6.302E-29	0	64	72	0	65	70	5M1D60M
5928	4288	5.819E-101	0.988	5.885E-101	0	172	206	0	172	174	173M
5929	4210	8.816E-107	0.987	8.739E-107	0	163	182	0	163	164	164M
5930	4209	4.536E-82	1.00	4.317E-82	0	128	130	0	128	130	129M
5931	4208	1.848E-21	0.975	1.843E-21	0	40	42	0	40	42	41M
5932	4207	7.902E-142	0.982	8.178E-142	0	222	224	0	222	224	223M
5933	4206	5.087E-49	1.00	5.118E-49	0	76	78	0	76	78	77M
5934	4190	1.225E-272	0.995	1.250E-272	0	419	421	0	419	421	420M
5935	4189	3.074E-36	1.00	3.081E-36	0	63	65	0	63	65	64M
5936	4188	1.011E-43	1.00	1.011E-43	0	73	75	0	73	75	74M
5937	4187	1.657E-118	0.979	1.633E-118	0	196	198	0	196	198	197M
5938	4531	8.584E-58	1.00	8.200E-58	1	92	110	0	91	92	92M
5939	2903	2.007E-76	1.00	2.005E-76	0	117	119	0	117	119	118M
5940	2902	3.395E-86	0.970	3.232E-86	0	133	136	0	133	136	134M
5941	2901	1.239E-83	0.992	1.184E-83	0	132	134	0	132	134	133M
5942	2900	2.217E-308	0.980	0.000E+00	0	822	824	0	822	824	823M
5943	2899	1.637E-36	1.00	1.635E-36	0	63	65	0	63	65	64M
5944	2898	3.112E-207	1.00	3.257E-207	0	317	320	0	317	320	318M
5945	2897	2.217E-308	0.995	0.000E+00	0	459	461	31	490	492	460M
5946	2896	7.256E-109	0.987	7.083E-109	0	165	167	0	165	167	166M
5947	2895	2.980E-229	0.982	2.840E-229	0	337	339	0	337	339	338M
5948	2894	4.626E-167	0.996	4.702E-167	0	260	262	0	260	262	261M
5949	2893	2.109E-250	0.994	2.210E-250	0	396	398	0	396	398	397M
5950	3558	3.117E-285	0.993	2.965E-285	0	451	453	0	451	453	452M
5951	3559	2.835E-287	0.983	2.863E-287	0	419	421	0	419	421	420M
5952	3560	3.716E-237	1.00	3.785E-237	0	367	369	0	367	369	368M
5953	3561	2.217E-308	0.998	0.000E+00	72	1284	1286	0	1212	1214	1213M
5954	1458	1.696E-127	1.00	1.732E-127	0	186	188	0	186	188	187M
5955	1457	2.494E-44	1.00	2.451E-44	0	70	72	0	70	72	71M
5956	1456	1.515E-122	0.994	1.582E-122	0	194	196	0	194	196	195M
5957	1455	1.369E-44	1.00	1.369E-44	0	71	73	0	71	73	72M
5958	1463	2.217E-308	0.994	0.000E+00	0	520	522	0	520	522	521M
5959	1464	7.010E-57	0.991	6.945E-57	0	113	115	0	113	115	114M
5960	1465	2.337E-135	0.995	2.237E-135	0	202	204	0	202	204	203M
5961	1466	2.217E-308	0.982	0.000E+00	0	811	813	0	811	813	812M
5962	1467	7.549E-163	0.995	7.184E-163	0	237	239	0	237	239	238M
5963	1468	1.595E-142	0.990	1.559E-142	0	207	209	0	207	209	208M
5964	1469	4.590E-164	0.972	4.402E-164	0	258	260	0	258	260	259M
5965	1470	7.118E-295	0.995	7.382E-295	0	470	472	0	470	472	471M
5966	4266	1.167E-253	1.00	1.172E-253	0	379	412	0	379	380	380M
5967	4267	2.904E-219	1.00	2.781E-219	0	337	339	0	337	339	338M
5969	1472	2.217E-308	0.994	0.000E+00	0	733	735	0	733	735	734M
5970	1473	5.597E-86	1.00	5.373E-86	0	138	140	0	138	140	139M
5971	1474	7.162E-104	1.00	6.891E-104	0	161	163	0	161	163	162M
5972	1475	2.217E-308	1.00	0.000E+00	0	858	860	0	858	860	859M
5973	1476	1.588E-179	1.00	1.657E-179	0	267	269	0	267	269	268M
5974	1477	2.541E-90	0.978	2.421E-90	0	140	142	0	140	142	141M
5975	1478	2.801E-89	1.00	2.884E-89	0	139	141	0	139	141	140M
5976	1479	5.809E-139	0.995	5.594E-139	0	216	222	0	216	236	217M
5977	4351	4.201E-91	0.992	4.090E-91	9	149	151	0	140	142	141M
5978	4350	1.033E-90	0.979	1.085E-90	0	143	145	0	145	147	6M2D138M
5979	4349	2.956E-17	1.00	2.968E-17	0	31	33	0	31	33	32M
5980	3653	1.863E-202	0.996	1.895E-202	0	310	312	0	310	312	311M
5981	3654	1.324E-186	0.993	1.285E-186	0	301	303	0	301	303	302M
5982	3655	2.411E-147	1.00	2.396E-147	0	226	228	0	226	228	227M
5983	3656	1.405E-209	0.983	1.378E-209	0	309	311	0	309	311	310M
5984	3657	7.640E-245	0.978	7.844E-245	0	366	368	0	366	369	367M
5985	3658	1.372E-45	0.986	1.329E-45	0	75	77	0	75	77	76M
5986	3659	1.358E-273	0.976	1.378E-273	0	419	421	0	419	421	420M
5987	3660	5.607E-164	0.984	5.414E-164	0	249	251	0	249	251	250M
5988	3730	4.201E-91	0.407	4.335E-91	10	412	430	21	420	451	32M1I128M2I7M1D35M3I122M1D46M1I11M2D15M
5989	4031	2.217E-308	0.992	0.000E+00	0	525	527	0	525	527	526M
5990	4030	1.502E-312	0.993	1.482E-312	43	522	524	0	479	481	480M
5991	4123	1.601E-298	0.984	1.610E-298	0	458	460	0	458	460	459M
5992	4124	2.217E-308	0.992	0.000E+00	17	699	701	0	682	684	683M
5993	2306	7.773E-213	0.996	7.852E-213	0	311	313	0	311	313	312M
5994	2307	1.437E-63	1.00	1.402E-63	0	95	97	0	95	97	96M
5995	2308	5.650E-167	0.992	5.515E-167	0	250	252	0	250	252	251M
5996	2309	4.901E-112	0.981	4.988E-112	0	165	167	0	165	167	166M
5997	2310	1.005E-234	0.997	1.025E-234	0	352	354	0	352	354	353M
5998	2311	1.528E-164	0.996	1.556E-164	0	256	258	0	256	258	257M
5999	2312	1.153E-171	0.988	1.143E-171	0	262	264	0	262	264	263M
6000	2313	2.217E-308	0.968	0.000E+00	0	511	513	0	511	513	512M
6001	2314	1.781E-262	0.992	1.855E-262	0	401	403	0	401	403	402M
6002	2315	4.229E-287	0.997	4.361E-287	0	428	430	0	428	430	429M
6003	2316	4.714E-213	1.00	4.657E-213	0	320	322	0	320	322	321M
6004	2317	1.256E-127	0.985	1.309E-127	0	200	202	0	200	202	201M
6005	2318	6.680E-77	0.952	6.391E-77	0	126	128	0	126	128	127M
6010	3811	7.388E-116	0.941	7.534E-116	0	188	201	0	188	190	189M
6012	2234	6.771E-237	0.994	6.939E-237	0	353	355	0	353	355	354M
6013	2233	4.598E-126	0.989	4.687E-126	0	189	191	0	189	191	190M
6014	2232	1.742E-60	1.00	1.828E-60	0	93	95	0	93	95	94M
6015	2231	5.256E-139	1.00	5.336E-139	0	219	221	0	219	221	220M
6016	2230	1.270E-131	1.00	1.329E-131	0	199	201	0	199	201	200M
6017	2229	4.735E-176	0.996	4.750E-176	0	262	264	0	262	264	263M
6018	2228	5.117E-206	0.996	4.992E-206	0	309	311	0	309	311	310M
6019	2227	4.574E-240	0.991	4.433E-240	0	344	346	0	344	346	345M
6020	2226	1.136E-322	0.989	1.136E-322	0	488	490	0	488	490	489M
6021	2225	5.965E-304	1.00	6.020E-304	0	467	469	0	467	469	468M
6022	2224	7.942E-260	0.966	7.555E-260	0	388	390	0	388	390	389M
6023	2223	4.180E-321	0.995	4.096E-321	0	484	486	0	484	486	485M
6024	2222	1.230E-80	1.00	1.265E-80	0	126	128	0	126	128	127M
6025	2221	2.680E-188	0.953	2.794E-188	0	300	302	0	300	304	301M
6026	2220	1.670E-121	0.954	1.659E-121	0	197	199	0	197	199	198M
6027	2219	2.345E-175	0.988	2.443E-175	0	270	272	0	270	272	271M
6028	2218	2.699E-268	0.987	2.662E-268	0	403	405	0	403	405	404M
6029	1732	1.016E-161	1.00	9.842E-162	0	239	241	0	239	241	240M
6030	1731	1.205E-227	0.973	1.263E-227	0	344	346	0	344	346	345M
6031	1730	3.541E-257	0.970	3.664E-257	0	399	401	0	399	401	400M
6032	1729	2.217E-308	0.987	0.000E+00	0	568	570	0	568	570	569M
6033	1728	2.862E-252	0.971	2.752E-252	0	383	385	0	383	385	384M
6034	1727	1.953E-259	0.972	1.878E-259	0	394	396	0	394	396	395M
6035	1726	2.345E-175	0.977	2.443E-175	0	270	272	0	270	272	271M
6036	1725	8.087E-267	0.985	7.931E-267	0	415	417	0	415	417	416M
6037	1724	1.149E-247	0.994	1.180E-247	0	382	384	0	382	384	383M
6038	1723	1.206E-266	0.985	1.223E-266	0	404	406	0	404	406	405M
6039	1722	1.996E-190	1.00	1.995E-190	0	282	284	0	282	284	283M
6040	1721	1.393E-167	0.981	1.415E-167	0	268	270	0	268	270	269M
6041	1720	1.268E-208	0.984	1.226E-208	0	322	324	0	322	324	323M
6042	1719	3.138E-249	0.992	3.275E-249	0	393	395	0	393	395	394M
6043	1718	6.593E-188	1.00	6.914E-188	0	279	281	0	279	281	280M
6044	1717	7.840E-255	0.995	8.130E-255	0	400	402	0	400	402	401M
6045	1716	2.217E-308	0.972	0.000E+00	0	506	508	0	506	508	507M
6046	1715	3.069E-163	0.988	3.017E-163	0	252	254	0	252	254	253M
6047	1714	2.539E-167	1.00	2.624E-167	0	261	263	0	261	263	262M
6048	1311	5.778E-253	0.997	5.695E-253	0	383	385	0	383	385	384M
6049	1310	1.138E-282	0.983	1.103E-282	0	436	438	0	436	438	437M
6050	1309	1.959E-144	0.995	1.949E-144	0	221	223	0	221	223	222M
6051	1308	5.366E-147	1.00	5.266E-147	0	216	218	0	216	218	217M
6052	1307	1.900E-287	0.995	1.881E-287	0	437	439	0	437	439	438M
6053	1306	1.963E-261	0.990	1.935E-261	0	404	406	0	404	406	405M
6054	1305	3.448E-92	0.986	3.366E-92	0	143	145	0	143	145	144M
6055	1304	2.217E-308	0.990	0.000E+00	0	599	601	0	599	601	600M
6056	1303	6.576E-187	0.988	6.384E-187	0	266	268	0	266	268	267M
6057	1302	2.217E-308	0.993	0.000E+00	0	1159	1161	0	1159	1161	1160M
6058	1301	1.402E-208	0.993	1.441E-208	0	312	314	0	312	314	313M
6059	1300	6.766E-198	0.993	6.986E-198	0	299	301	0	299	301	300M
6060	1299	2.217E-308	0.989	0.000E+00	0	662	664	0	662	664	663M
6061	1298	3.093E-166	0.988	3.013E-166	0	266	268	0	266	268	267M
6062	1297	2.217E-308	0.994	0.000E+00	0	532	534	0	532	534	533M
6063	1296	8.800E-261	0.997	8.723E-261	0	389	391	0	389	391	390M
6064	1295	1.137E-127	1.00	1.154E-127	0	204	206	0	204	206	205M
6065	1294	2.217E-308	0.998	0.000E+00	0	563	565	0	563	565	564M
6066	1293	9.777E-147	0.986	9.596E-147	0	222	224	0	222	224	223M
6067	1292	6.954E-286	0.988	7.091E-286	0	427	429	0	427	429	428M
6069	3890	3.713E-198	0.986	3.898E-198	0	300	302	0	300	302	301M
6070	3891	1.171E-61	1.00	1.172E-61	0	95	97	0	95	97	96M
6071	3892	2.269E-23	0.958	2.273E-23	0	47	49	0	47	49	48M
6072	4440	1.849E-25	1.00	1.841E-25	0	46	48	0	46	48	47M
6073	4103	7.037E-43	0.534	7.025E-43	0	137	143	0	142	156	105M1I21M6D11M
6074	4545	2.268E-46	0.986	2.349E-46	0	72	74	0	72	74	73M
6075	4382	1.589E-63	1.00	1.590E-63	0	98	106	0	98	99	99M
6076	4381	2.878E-26	1.00	2.879E-26	0	72	74	0	72	74	73M
6077	1474	4.278E-40	0.490	4.277E-40	0	158	160	0	160	163	38M1D48M1D73M
6078	3137	9.298E-321	0.993	9.387E-321	0	468	470	0	468	470	469M
6079	3138	2.217E-308	0.997	0.000E+00	0	711	713	0	711	713	712M
6080	3139	3.618E-188	0.993	3.444E-188	0	291	293	0	291	293	292M
6082	1993	7.733E-211	0.984	7.480E-211	0	389	391	23	411	413	157M1I232M
6083	1992	1.532E-49	1.00	1.517E-49	0	77	79	0	77	79	78M
6084	1991	2.093E-131	0.985	2.101E-131	0	202	204	0	202	204	203M
6085	1990	6.207E-126	1.00	6.336E-126	0	202	204	0	202	204	203M
6086	1989	5.714E-94	0.993	5.669E-94	0	150	152	0	150	152	151M
6087	1988	2.217E-308	0.994	0.000E+00	0	537	539	0	537	539	538M
6088	1987	2.217E-308	0.974	0.000E+00	0	1153	1155	3	1156	1158	1154M
6089	1986	8.524E-210	0.990	8.171E-210	0	318	320	0	318	320	319M
6090	1985	1.165E-59	1.00	1.219E-59	0	93	95	0	93	95	94M
6091	1984	9.332E-129	0.986	9.516E-129	0	218	220	0	218	220	219M
6092	1983	2.137E-139	1.00	2.172E-139	0	220	222	0	220	222	221M
6093	1982	3.297E-152	0.995	3.186E-152	0	242	244	0	242	244	243M
6094	1981	1.778E-184	0.989	1.769E-184	0	285	287	0	285	287	286M
6095	1980	7.286E-188	0.993	7.349E-188	0	287	289	0	287	289	288M
6096	1979	7.574E-203	0.987	7.360E-203	0	310	312	0	310	312	311M
6097	1978	9.405E-132	0.966	9.107E-132	0	210	213	0	210	213	211M
6098	1977	2.217E-308	0.984	0.000E+00	0	652	654	0	652	654	653M
6099	1976	2.815E-207	0.996	2.927E-207	0	309	311	0	309	311	310M
6100	4341	2.502E-200	0.990	2.433E-200	0	305	308	0	305	308	306M
6101	4340	2.124E-98	1.00	2.129E-98	17	168	170	0	151	153	152M
6102	3219	6.419E-139	0.973	6.680E-139	0	223	246	0	223	224	224M
6103	3220	2.059E-202	0.980	2.054E-202	0	305	307	0	305	307	306M
6104	3221	1.002E-194	0.989	9.560E-195	0	285	287	0	285	287	286M
6105	3222	2.804E-128	0.971	2.746E-128	0	206	209	0	206	209	207M
6106	3223	4.114E-199	0.996	4.292E-199	0	300	302	0	300	302	301M
6107	3224	1.518E-84	0.993	1.530E-84	0	142	144	0	142	144	143M
6108	3225	1.067E-141	0.991	1.085E-141	0	228	230	0	228	230	229M
6109	3226	2.217E-308	0.989	0.000E+00	0	495	497	0	495	497	496M
6110	3227	1.167E-137	0.957	1.120E-137	0	210	212	0	210	212	211M
6111	3228	5.095E-127	0.979	5.242E-127	0	196	198	0	196	198	197M
6112	3229	6.159E-239	0.974	6.254E-239	0	394	396	0	394	396	395M
6113	2670	2.217E-308	0.987	0.000E+00	0	558	560	0	558	560	559M
6114	2671	3.207E-180	0.969	3.286E-180	0	293	295	0	293	295	294M
6115	2672	2.139E-62	0.989	2.039E-62	0	98	100	0	98	100	99M
6116	2673	1.048E-173	0.978	1.002E-173	0	281	284	0	281	284	282M
6117	2674	6.293E-170	0.970	6.434E-170	0	273	276	0	273	276	274M
6118	2675	1.846E-121	0.935	1.823E-121	0	199	201	0	199	201	200M
6119	2676	2.425E-188	0.948	2.482E-188	0	311	313	0	311	313	312M
6120	2677	3.714E-82	1.00	3.714E-82	0	138	140	0	138	140	139M
6121	2678	1.654E-156	1.00	1.618E-156	0	253	255	0	253	255	254M
6122	2679	2.708E-192	0.993	2.637E-192	0	304	306	0	304	306	305M
6123	2680	1.362E-313	0.987	1.404E-313	0	471	473	0	471	473	472M
6124	2681	3.212E-22	1.00	3.213E-22	0	43	45	0	43	45	44M
6125	2682	1.606E-222	1.00	1.641E-222	0	333	335	0	333	335	334M
6126	2683	2.217E-308	0.997	0.000E+00	0	480	482	0	480	482	481M
6128	3111	5.164E-20	1.00	5.178E-20	0	37	39	0	37	39	38M
6129	3112	2.217E-308	1.00	0.000E+00	0	820	822	0	820	822	821M
6130	3113	3.490E-58	1.00	3.578E-58	0	91	93	0	91	93	92M
6131	3114	4.802E-19	1.00	4.795E-19	0	37	39	0	37	39	38M
6132	3115	7.930E-66	1.00	8.317E-66	0	100	102	0	100	102	101M
6133	3116	4.987E-80	1.00	4.814E-80	0	121	123	4	125	127	122M
6134	3117	6.807E-123	1.00	6.838E-123	0	183	185	0	183	185	184M
6135	3118	1.361E-42	1.00	1.359E-42	0	68	70	0	68	70	69M
6136	3119	1.376E-46	1.00	1.379E-46	0	74	76	0	74	76	75M
6137	837	1.203E-149	1.00	1.187E-149	0	219	256	0	219	241	220M
6138	836	1.910E-289	0.997	1.875E-289	0	426	428	0	426	428	427M
6141	3770	1.116E-81	0.753	1.088E-81	0	153	156	277	430	433	154M
6153	3966	7.349E-25	0.262	7.349E-25	2	353	360	1	353	361	67M1I9M7D10M5D16M1I14M13I32M2D18M5I10M1D17M2D6M1D16M4D83M1I33M
6202	4212	6.271E-41	0.467	6.286E-41	0	150	152	0	151	157	128M1D23M
6215	255	5.638E-23	0.328	5.665E-23	20	226	230	22	208	222	19M1I23M12I16M4I21M1I63M2I45M
6221	3595	9.962E-15	0.378	9.928E-15	21	122	124	6	106	108	12M1I31M1I11M1D46M
6222	163	9.811E-71	0.477	1.008E-70	0	224	227	0	225	229	103M1D122M
6234	836	1.123E-41	0.285	1.122E-41	1	377	386	28	412	428	42M1D27M15D31M4I14M5D3M2D16M2I64M1I30M2I90M1I17M5I28M
6235	835	2.217E-308	0.992	0.000E+00	0	660	662	0	660	662	661M
6236	834	2.217E-308	0.998	0.000E+00	0	506	508	0	506	508	507M
6237	833	2.202E-228	0.997	2.307E-228	0	382	384	0	382	384	383M
6238	832	4.389E-108	0.993	4.485E-108	0	164	166	0	164	166	165M
6239	831	4.622E-244	0.997	4.731E-244	0	364	366	0	364	366	365M
6240	830	2.349E-253	0.978	2.261E-253	0	370	372	0	370	372	371M
6241	829	3.646E-191	0.950	3.731E-191	0	300	302	0	300	302	301M
6242	828	1.545E-91	0.993	1.586E-91	0	149	151	0	149	151	150M
6243	827	5.554E-83	1.00	5.346E-83	0	123	126	0	123	126	124M
6244	826	5.403E-111	0.987	5.393E-111	0	162	164	0	162	164	163M
6245	825	1.037E-285	0.995	1.006E-285	0	421	423	0	421	423	422M
6246	824	2.217E-308	0.976	0.000E+00	0	1197	1199	0	1197	1199	1198M
6247	823	6.537E-146	0.969	6.464E-146	0	229	231	0	229	231	230M
6248	822	4.965E-233	1.00	4.937E-233	0	354	356	0	354	356	355M
6249	821	1.381E-241	0.994	1.391E-241	0	371	373	0	371	373	372M
6250	820	2.852E-96	1.00	2.721E-96	0	144	146	0	144	146	145M
6251	819	1.243E-84	1.00	1.237E-84	0	131	133	0	131	133	132M
6252	818	1.756E-63	0.971	1.753E-63	0	106	108	0	106	108	107M
6253	817	8.725E-219	0.988	8.413E-219	0	354	356	0	354	356	355M
6254	816	1.163E-97	1.00	1.127E-97	0	150	152	0	150	152	151M
6255	815	8.923E-189	0.996	8.635E-189	0	275	277	0	275	277	276M
6256	814	1.422E-175	0.996	1.455E-175	0	259	261	0	259	261	260M
6257	813	9.109E-197	1.00	9.552E-197	0	301	303	0	301	303	302M
6258	812	1.868E-319	0.997	1.839E-319	0	471	473	0	471	473	472M
6259	811	2.860E-97	0.993	2.770E-97	0	149	151	0	149	151	150M
6260	810	2.217E-308	1.00	0.000E+00	0	678	680	0	678	680	679M
6261	809	1.208E-15	1.00	1.210E-15	0	29	31	0	29	40	30M
6262	808	5.188E-134	1.00	5.412E-134	0	216	218	0	216	218	217M
6263	807	1.716E-209	0.993	1.719E-209	0	307	309	0	307	309	308M
6264	806	6.581E-226	0.991	6.375E-226	0	347	349	0	347	349	348M
6265	805	1.197E-147	0.995	1.252E-147	0	239	241	0	239	241	240M
6266	804	9.609E-179	1.00	9.360E-179	0	277	279	0	277	279	278M
6267	803	1.536E-50	1.00	1.595E-50	0	89	91	0	89	91	90M
6268	802	8.696E-63	1.00	8.897E-63	0	94	96	0	94	96	95M
6270	3335	3.451E-131	0.995	3.320E-131	0	205	207	0	205	207	206M
6271	3334	2.217E-308	0.996	0.000E+00	0	1009	1011	0	1009	1011	1010M
6272	3333	1.703E-206	1.00	1.789E-206	0	314	316	0	314	316	315M
6273	3332	1.040E-170	1.00	1.039E-170	0	242	244	0	242	244	243M
6274	3331	8.900E-188	1.00	8.490E-188	0	270	272	0	270	272	271M
6275	3330	1.569E-97	1.00	1.546E-97	0	150	152	0	150	152	151M
6276	3329	1.113E-196	1.00	1.070E-196	0	290	292	0	290	292	291M
6277	3328	1.986E-188	0.982	1.922E-188	0	292	294	0	292	294	293M
6278	4372	5.489E-32	1.00	5.479E-32	0	56	58	339	395	397	57M
6279	1323	2.217E-308	0.997	0.000E+00	0	922	924	0	922	924	923M
6280	1324	3.612E-110	0.994	3.492E-110	0	188	190	0	188	190	189M
6281	1325	3.758E-164	1.00	3.784E-164	0	275	277	0	275	277	276M
6282	1326	1.393E-283	0.978	1.434E-283	0	426	428	0	426	428	427M
6283	1327	1.746E-177	0.996	1.731E-177	0	272	274	0	272	274	273M
6284	1328	2.217E-308	1.00	0.000E+00	0	505	507	0	505	507	506M
6285	1329	3.958E-68	1.00	3.965E-68	0	107	109	0	107	109	108M
6286	1330	5.505E-273	1.00	5.334E-273	0	421	423	0	421	423	422M
6287	1331	2.064E-25	0.891	2.069E-25	0	80	82	0	82	84	74M2D7M
6288	1332	2.122E-59	1.00	2.035E-59	0	97	99	0	97	99	98M
6289	1333	2.217E-308	0.996	0.000E+00	0	792	794	0	792	794	793M
6290	1334	2.874E-215	0.996	2.774E-215	0	325	327	0	325	327	326M
6292	800	1.623E-110	1.00	1.684E-110	0	166	168	0	166	168	167M
6293	799	1.360E-119	0.956	1.394E-119	0	184	186	0	184	186	185M
6294	798	5.357E-69	1.00	5.398E-69	0	118	120	0	118	120	119M
6295	797	7.949E-36	1.00	7.972E-36	0	63	65	0	63	65	64M
6296	796	5.505E-273	0.995	5.528E-273	0	415	417	0	415	417	416M
6297	795	2.794E-88	0.964	2.895E-88	0	141	143	0	141	143	142M
6298	794	6.453E-141	0.995	6.240E-141	0	205	207	0	205	207	206M
6299	793	1.742E-60	0.990	1.748E-60	0	105	107	6	111	113	106M
6300	792	2.217E-308	1.00	0.000E+00	0	639	641	0	639	641	640M
6301	791	2.217E-308	0.996	0.000E+00	0	541	543	0	541	543	542M
6302	790	2.935E-107	1.00	2.943E-107	0	177	179	0	177	179	178M
6303	789	2.364E-62	1.00	2.480E-62	0	102	104	0	102	104	103M
6304	788	1.815E-192	1.00	1.763E-192	0	282	284	0	282	284	283M
6305	787	1.079E-184	0.996	1.070E-184	0	281	283	0	281	283	282M
6306	786	2.857E-174	1.00	2.770E-174	0	268	270	0	268	270	269M
6307	785	8.681E-101	0.987	8.898E-101	0	159	161	0	159	161	160M
6308	784	2.064E-319	0.993	1.970E-319	0	486	488	0	486	488	487M
6309	783	4.093E-81	0.955	4.022E-81	0	135	137	0	135	137	136M
6310	782	2.291E-166	0.992	2.304E-166	0	267	269	0	267	269	268M
6311	781	3.109E-168	0.992	3.128E-168	0	256	258	0	256	258	257M
6312	780	2.217E-308	1.00	0.000E+00	0	767	769	0	767	769	768M
6313	779	8.177E-310	0.991	8.565E-310	0	462	464	0	462	464	463M
6314	778	7.305E-189	0.988	7.147E-189	0	271	273	0	271	273	272M
6315	777	2.064E-203	1.00	2.058E-203	0	303	305	0	303	305	304M
6316	776	2.217E-308	1.00	0.000E+00	0	934	936	0	934	936	935M
6317	775	1.144E-168	0.992	1.121E-168	0	261	263	0	261	263	262M
6318	774	6.458E-180	0.993	6.394E-180	0	287	289	0	287	289	288M
6319	773	8.672E-178	0.992	8.265E-178	0	263	265	0	263	265	264M
6320	772	7.478E-82	1.00	7.181E-82	0	132	134	0	132	134	133M
6321	771	1.294E-177	0.992	1.263E-177	0	272	274	0	272	274	273M
6322	770	9.131E-314	1.00	9.533E-314	0	483	485	0	483	485	484M
6323	769	3.490E-58	1.00	3.421E-58	0	103	105	0	103	105	104M
6324	768	6.754E-236	1.00	6.519E-236	0	374	376	0	374	376	375M
6325	767	2.744E-197	0.990	2.617E-197	0	307	309	0	307	309	308M
6326	766	5.039E-84	0.992	5.054E-84	0	134	136	0	134	136	135M
6327	765	1.276E-249	0.994	1.273E-249	0	393	395	0	393	395	394M
6328	764	9.844E-227	0.994	9.380E-227	0	333	335	0	333	335	334M
6329	763	6.633E-113	1.00	6.324E-113	0	168	170	0	168	170	169M
6330	762	1.626E-188	0.996	1.691E-188	0	296	298	0	296	298	297M
6333	3336	2.217E-308	0.998	0.000E+00	0	917	919	0	917	919	918M
6334	3337	5.287E-180	0.992	5.160E-180	0	269	271	0	269	271	270M
6335	3338	4.477E-193	0.987	4.419E-193	0	313	315	0	313	315	314M
6336	3339	3.907E-179	0.989	3.993E-179	0	279	281	0	279	281	280M
6337	3340	2.217E-308	1.00	0.000E+00	0	529	531	0	529	531	530M
6338	3341	5.454E-192	0.993	5.482E-192	0	286	288	0	286	288	287M
6339	3342	1.055E-98	0.969	1.083E-98	0	161	196	0	161	179	162M
6340	3908	3.554E-65	0.586	3.650E-65	4	182	188	4	182	184	179M
6342	4067	9.717E-222	1.00	9.568E-222	0	337	339	0	337	339	338M
6343	4066	2.124E-98	1.00	2.196E-98	0	162	164	0	162	164	163M
6344	4065	2.217E-308	1.00	0.000E+00	0	573	575	0	573	575	574M
6345	714	7.828E-61	0.945	7.832E-61	0	108	110	0	110	112	78M2D31M
6346	713	2.217E-308	0.997	0.000E+00	0	873	875	0	873	875	874M
6347	712	5.879E-105	1.00	5.622E-105	0	168	170	0	168	170	169M
6348	711	1.932E-216	1.00	1.872E-216	0	328	330	0	328	330	329M
6349	710	1.932E-216	0.997	1.866E-216	0	367	447	0	367	369	368M
6351	707	5.664E-284	0.993	5.629E-284	0	467	469	0	467	469	468M
6352	706	2.333E-173	1.00	2.291E-173	0	266	268	0	266	268	267M
6353	705	2.664E-147	1.00	2.707E-147	0	242	244	0	242	244	243M
6354	704	3.389E-124	1.00	3.529E-124	0	187	189	0	187	189	188M
6355	703	8.185E-233	0.997	8.059E-233	0	351	353	0	351	353	352M
6356	702	5.670E-91	1.00	5.925E-91	0	137	139	0	137	139	138M
6357	701	2.084E-52	1.00	2.040E-52	0	84	86	0	84	86	85M
6358	700	3.850E-96	1.00	3.809E-96	0	151	153	0	151	153	152M
6359	699	4.107E-121	0.821	4.237E-121	0	217	219	0	217	219	218M
6361	959	5.413E-73	0.373	5.170E-73	0	404	409	0	405	410	41M1I15M2I148M1D84M1D30M3D52M1I31M
6362	3207	7.680E-42	0.373	7.678E-42	5	239	242	8	240	245	30M1I8M3I83M1I59M3D50M
6379	698	8.991E-308	1.00	9.318E-308	0	468	470	0	468	470	469M
6380	697	4.646E-246	1.00	4.712E-246	0	380	382	0	380	382	381M
6381	696	2.142E-140	1.00	2.133E-140	0	231	233	0	231	233	232M
6382	695	3.710E-275	0.974	3.653E-275	0	429	431	0	429	431	430M
6383	694	8.335E-240	1.00	7.981E-240	0	370	372	0	370	372	371M
6384	693	9.316E-167	0.988	9.703E-167	0	262	264	0	262	264	263M
6385	692	4.154E-164	1.00	4.200E-164	0	257	259	8	265	267	258M
6386	691	1.001E-271	1.00	9.756E-272	0	409	411	0	409	411	410M
6387	690	5.117E-90	1.00	5.012E-90	0	142	144	0	142	144	143M
6388	689	1.273E-43	1.00	1.272E-43	0	65	67	0	65	67	66M
6389	688	5.445E-114	0.994	5.255E-114	0	182	184	0	182	184	183M
6390	687	3.471E-288	0.995	3.347E-288	0	427	429	0	427	429	428M
6391	686	2.217E-308	0.998	0.000E+00	0	726	728	0	726	728	727M
6392	685	1.077E-222	1.00	1.104E-222	0	338	340	0	338	340	339M
6393	684	3.978E-186	0.975	4.164E-186	0	279	281	0	279	281	280M
6394	683	8.582E-290	0.988	8.480E-290	0	436	438	0	436	438	437M
6395	682	2.467E-272	0.995	2.460E-272	0	420	422	0	420	422	421M
6396	681	2.217E-308	1.00	0.000E+00	0	541	543	0	541	543	542M
6397	680	2.180E-108	0.994	2.210E-108	0	169	171	0	169	171	170M
6398	679	1.027E-281	1.00	1.068E-281	0	451	453	0	451	453	452M
6399	678	8.554E-134	1.00	8.288E-134	0	205	207	0	205	207	206M
6400	677	2.217E-308	0.996	0.000E+00	0	616	618	0	616	618	617M
6401	1242	9.061E-17	0.971	9.096E-17	0	34	36	109	143	145	35M
6402	3548	1.088E-110	0.988	1.036E-110	0	177	191	0	177	254	178M
6403	3547	3.606E-148	0.982	3.787E-148	0	227	229	0	227	229	228M
6404	3518	2.217E-308	0.996	0.000E+00	0	820	869	0	820	821	821M
6405	3517	4.615E-50	0.976	4.418E-50	0	84	86	0	84	86	85M
6406	3516	2.671E-264	0.984	2.618E-264	0	384	386	0	384	386	385M
6407	3515	1.895E-170	0.989	1.823E-170	0	274	276	0	275	277	61M1D214M
6408	3514	2.252E-198	0.996	2.216E-198	0	288	290	0	288	290	289M
6409	3513	2.681E-72	0.974	2.750E-72	0	118	120	0	118	120	119M
6410	3512	2.217E-308	0.996	0.000E+00	0	569	571	0	569	571	570M
6411	2554	1.953E-259	0.997	2.037E-259	0	389	391	0	389	391	390M
6412	2553	1.071E-220	0.996	1.055E-220	0	321	323	0	321	323	322M
6413	2552	4.325E-257	0.997	4.168E-257	0	395	397	0	395	397	396M
6414	2551	2.217E-308	0.998	0.000E+00	0	502	504	0	502	504	503M
6415	2550	3.618E-304	0.995	3.720E-304	0	477	479	0	477	479	478M
6416	2549	4.947E-309	0.989	5.165E-309	0	460	462	0	460	462	461M
6417	2548	1.415E-173	0.988	1.471E-173	0	270	272	0	270	272	271M
6418	2547	9.172E-161	0.995	8.948E-161	0	239	241	0	239	241	240M
6419	2546	2.217E-308	0.998	0.000E+00	0	574	576	0	574	576	575M
6420	2545	1.619E-109	1.00	1.688E-109	0	168	170	0	168	170	169M
6421	2544	4.956E-155	0.953	4.816E-155	0	238	240	0	238	240	239M
6423	3231	1.484E-114	0.994	1.513E-114	42	216	218	0	174	176	175M
6424	3232	1.411E-172	0.978	1.369E-172	0	284	286	0	284	286	285M
6426	3234	2.528E-204	0.996	2.644E-204	0	313	315	0	313	315	314M
6427	3235	2.217E-308	0.995	0.000E+00	0	649	651	0	649	651	650M
6428	3236	8.636E-99	0.993	9.021E-99	0	150	152	0	150	152	151M
6429	3237	2.070E-204	0.990	2.063E-204	0	301	303	0	301	303	302M
6430	3238	4.723E-59	1.00	4.658E-59	0	101	103	0	101	103	102M
6431	3239	1.902E-94	1.00	1.815E-94	0	146	148	0	146	148	147M
6432	3240	9.008E-154	0.982	8.904E-154	0	233	235	0	233	235	234M
6433	3241	3.433E-40	1.00	3.440E-40	0	71	73	0	71	73	72M
6434	3242	3.064E-85	0.993	3.213E-85	0	149	151	0	149	151	150M
6435	3243	8.583E-174	0.996	8.259E-174	43	305	307	0	262	264	263M
6436	4167	7.627E-167	0.965	7.420E-167	0	263	265	0	263	265	264M
6437	4169	2.311E-92	1.00	2.229E-92	0	140	143	0	140	142	141M
6438	4240	4.901E-228	1.00	4.816E-228	37	398	400	0	361	363	362M
6439	4239	2.528E-204	0.990	2.584E-204	0	326	328	0	326	328	327M
6440	3493	1.154E-94	0.993	1.146E-94	0	143	145	0	143	145	144M
6442	3490	2.702E-75	0.991	2.636E-75	0	118	120	0	118	120	119M
6443	3489	2.217E-308	0.995	0.000E+00	31	1500	1502	20	1489	1491	1470M
6444	3042	2.217E-308	0.997	0.000E+00	0	905	907	0	905	907	906M
6445	3041	6.794E-277	0.990	7.061E-277	0	439	441	0	439	441	440M
6446	3040	1.421E-136	1.00	1.396E-136	0	210	212	0	210	212	211M
6447	3039	5.559E-122	0.994	5.658E-122	0	181	183	0	181	183	182M
6448	1651	3.703E-313	0.970	3.785E-313	0	472	474	0	473	475	301M1D172M
6449	1650	4.048E-154	0.987	4.176E-154	0	237	239	0	237	239	238M
6450	1649	2.217E-308	0.971	0.000E+00	0	883	885	0	883	885	884M
6451	1648	4.118E-122	0.950	3.948E-122	0	200	202	0	200	202	201M
6452	1647	2.217E-308	0.991	0.000E+00	0	676	678	0	676	678	677M
6453	1646	2.217E-308	0.966	0.000E+00	0	568	570	0	568	570	569M
6454	1644	8.547E-95	0.993	8.768E-95	0	144	146	0	144	146	145M
6455	1643	4.961E-78	0.992	4.866E-78	0	125	127	0	125	127	126M
6456	1642	1.035E-284	0.997	1.062E-284	0	431	433	0	431	433	432M
6457	1641	1.891E-169	0.992	1.920E-169	0	257	259	0	257	259	258M
6458	1640	2.543E-129	0.984	2.655E-129	0	191	193	0	191	193	192M
6459	1639	2.217E-308	0.985	0.000E+00	0	546	548	0	546	548	547M
6460	1638	5.674E-246	0.997	5.615E-246	0	377	379	0	377	379	378M
6461	1637	2.493E-160	0.988	2.606E-160	0	255	257	0	255	257	256M
6462	1636	3.940E-221	0.973	4.069E-221	0	341	343	0	341	343	342M
6463	1635	3.395E-202	0.990	3.477E-202	0	323	325	0	323	325	324M
6464	1634	5.233E-176	0.974	5.365E-176	0	278	280	0	278	280	279M
6465	1633	6.491E-182	0.988	6.551E-182	0	270	272	0	270	272	271M
6466	1632	1.661E-235	1.00	1.720E-235	0	361	363	0	361	363	362M
6467	3056	1.072E-143	0.938	1.072E-143	0	241	280	0	241	270	242M
6468	3057	7.419E-195	0.990	7.173E-195	0	299	301	0	299	301	300M
6469	3058	2.702E-75	0.985	2.800E-75	0	139	141	0	139	141	140M
6470	3059	1.047E-95	0.994	1.067E-95	0	166	168	0	166	168	167M
6471	3060	6.480E-220	0.991	6.540E-220	0	333	335	0	333	335	334M
6472	3061	1.666E-120	0.983	1.684E-120	0	186	188	0	186	188	187M
6473	3062	2.594E-98	0.987	2.686E-98	0	153	155	0	153	155	154M
6474	3063	1.141E-283	1.00	1.121E-283	0	414	416	0	414	416	415M
6475	3064	2.217E-308	0.981	0.000E+00	0	608	610	0	608	610	609M
6476	3065	2.217E-308	0.983	0.000E+00	0	811	813	0	811	813	812M
6478	1517	2.217E-308	1.00	0.000E+00	69	791	793	0	722	724	723M
6479	1516	1.646E-154	1.00	1.591E-154	0	250	252	0	250	252	251M
6480	1515	4.504E-234	1.00	4.304E-234	0	349	351	0	349	351	350M
6481	1514	2.217E-308	1.00	0.000E+00	0	662	664	0	662	664	663M
6482	1513	2.120E-136	1.00	2.069E-136	0	205	207	0	205	207	206M
6483	1512	1.180E-64	1.00	1.124E-64	0	108	110	0	108	110	109M
6484	1511	4.408E-187	1.00	4.287E-187	0	291	293	0	291	293	292M
6485	1510	9.016E-77	1.00	8.764E-77	0	126	128	0	126	128	127M
6486	1509	1.242E-45	1.00	1.264E-45	0	74	76	0	74	76	75M
6487	1508	4.583E-86	1.00	4.395E-86	0	147	149	0	147	149	148M
6488	1507	4.499E-311	1.00	4.515E-311	0	480	482	0	480	482	481M
6489	1506	2.517E-241	0.997	2.550E-241	0	357	359	0	357	359	358M
6490	1505	3.077E-164	1.00	2.975E-164	0	243	245	0	243	245	244M
6491	1504	1.054E-175	0.996	1.013E-175	0	258	260	0	258	260	259M
6492	1503	3.433E-129	0.994	3.533E-129	0	197	199	0	197	199	198M
6493	1502	2.217E-308	0.998	0.000E+00	0	515	517	0	515	517	516M
6494	1501	1.775E-222	0.997	1.720E-222	0	334	336	0	334	336	335M
6495	1500	2.217E-308	1.00	0.000E+00	0	625	627	0	625	627	626M
6496	1499	8.365E-48	1.00	8.400E-48	0	75	77	0	75	77	76M
6497	1498	8.371E-203	1.00	8.644E-203	0	300	302	0	300	302	301M
6498	1497	9.835E-188	1.00	9.476E-188	0	279	281	0	279	281	280M
6499	1496	3.808E-53	1.00	3.726E-53	0	88	90	0	88	90	89M
6500	1495	2.217E-308	1.00	0.000E+00	0	523	525	0	523	525	524M
6501	1494	5.152E-286	1.00	5.175E-286	0	427	429	0	427	429	428M
6502	4109	2.178E-185	1.00	2.139E-185	0	287	289	0	287	289	288M
6503	4108	2.635E-220	1.00	2.572E-220	0	340	342	0	340	342	341M
6504	4107	3.213E-142	1.00	3.376E-142	0	230	232	0	230	232	231M
6505	4106	5.899E-145	0.990	5.757E-145	0	215	244	0	215	216	216M
6506	4021	2.674E-40	1.00	2.675E-40	0	66	68	0	66	68	67M
6507	4020	6.022E-269	1.00	5.742E-269	0	431	433	0	431	433	432M
6508	2694	7.369E-115	0.973	7.318E-115	0	187	189	0	187	189	188M
6509	2695	7.503E-238	0.997	7.144E-238	0	399	401	0	399	401	400M
6510	1691	6.587E-265	0.940	6.493E-265	0	449	451	0	449	451	450M
6511	1692	2.996E-115	0.988	3.018E-115	0	175	177	12	187	189	176M
6517	1337	5.301E-181	0.989	5.244E-181	0	274	276	0	274	276	275M
6518	1338	3.487E-135	0.995	3.537E-135	0	205	207	0	205	207	206M
6519	1339	6.542E-185	0.986	6.339E-185	0	290	292	0	290	292	291M
6520	1340	5.112E-283	0.990	4.996E-283	0	419	421	0	419	421	420M
6521	1341	2.217E-308	0.996	0.000E+00	0	555	557	0	555	557	556M
6522	1342	3.603E-225	0.997	3.625E-225	0	336	339	0	336	340	337M
6523	1344	2.687E-305	0.982	2.771E-305	0	455	457	0	455	457	456M
6524	1345	2.217E-308	0.998	0.000E+00	0	552	554	0	552	554	553M
6525	1346	2.487E-159	1.00	2.449E-159	0	249	251	0	249	251	250M
6526	1347	9.600E-256	0.997	9.963E-256	0	382	384	0	382	384	383M
6527	1348	2.217E-308	0.994	0.000E+00	0	567	569	0	567	569	568M
6528	1349	1.100E-269	0.995	1.140E-269	0	403	405	0	403	405	404M
6529	1350	2.227E-155	1.00	2.225E-155	0	235	237	0	235	237	236M
6530	1351	2.183E-186	1.00	2.276E-186	0	293	295	0	293	295	294M
6531	1352	1.948E-258	0.997	2.005E-258	0	384	386	0	384	386	385M
6532	1353	2.217E-308	0.991	0.000E+00	0	867	869	0	867	869	868M
6533	1354	6.213E-49	0.977	6.438E-49	0	87	89	0	87	89	88M
6534	1355	1.817E-115	0.989	1.742E-115	0	190	192	0	190	192	191M
6537	1357	2.327E-56	0.936	2.409E-56	0	93	95	0	93	95	94M
6538	2123	8.891E-265	0.990	8.852E-265	0	408	410	0	408	410	409M
6539	2122	4.439E-151	0.987	4.656E-151	0	232	234	0	232	234	233M
6540	2445	5.805E-15	0.267	5.783E-15	1	190	195	20	206	214	171M1D6M4I9M
6542	2121	1.984E-149	0.991	2.048E-149	0	232	234	0	232	234	233M
6543	2120	9.802E-148	1.00	9.598E-148	0	220	222	0	220	222	221M
6544	2119	2.247E-81	0.991	2.254E-81	0	123	125	0	123	125	124M
6545	2118	2.730E-79	0.976	2.836E-79	0	125	127	0	125	127	126M
6546	2117	2.217E-308	0.985	0.000E+00	0	695	697	0	695	697	696M
6547	2116	4.193E-245	0.994	4.276E-245	0	380	382	0	380	382	381M
6548	2115	9.495E-97	1.00	9.074E-97	0	154	156	0	154	156	155M
6549	2114	6.228E-282	0.995	6.509E-282	0	420	422	0	420	422	421M
6550	2113	6.895E-244	0.991	7.120E-244	0	366	368	0	366	368	367M
6551	2112	5.413E-73	0.991	5.666E-73	0	118	120	0	118	120	119M
6552	2111	2.743E-313	1.00	2.664E-313	0	478	480	0	478	480	479M
6553	2110	5.425E-306	1.00	5.650E-306	0	475	477	0	475	477	476M
6554	2109	1.101E-192	0.996	1.097E-192	0	292	294	0	292	294	293M
6555	2108	2.217E-308	0.992	0.000E+00	0	504	506	0	504	506	505M
6556	3082	1.327E-36	0.326	1.331E-36	2	289	297	3	282	291	156M1I39M4D10M13I8M2D61M
6557	3734	2.217E-308	0.990	0.000E+00	0	548	550	0	548	550	549M
6558	3733	6.877E-243	1.00	6.852E-243	0	374	376	0	374	376	375M
6559	3732	5.607E-164	0.996	5.492E-164	0	256	258	0	256	258	257M
6560	3731	2.662E-224	0.994	2.764E-224	0	340	342	0	340	342	341M
6561	3730	1.592E-296	0.995	1.637E-296	0	449	451	0	449	451	450M
6562	3729	2.478E-119	0.994	2.381E-119	0	182	184	0	182	184	183M
6564	4413	4.079E-157	1.00	4.056E-157	0	237	239	0	237	239	238M
6565	1089	2.217E-308	0.993	0.000E+00	6	628	630	0	622	624	623M
6566	1088	2.217E-308	0.993	0.000E+00	0	596	598	0	596	598	597M
6567	1087	1.144E-52	1.00	1.139E-52	0	85	87	0	85	87	86M
6568	1086	6.615E-228	0.968	6.806E-228	0	351	353	0	351	1320	352M
6569	1086	2.217E-308	0.971	0.000E+00	0	963	965	355	1318	1320	964M
6570	1085	2.217E-308	0.986	0.000E+00	0	1215	1217	0	1215	1217	1216M
6571	1084	3.489E-290	0.976	3.372E-290	0	423	425	0	423	425	424M
6572	1083	2.217E-308	0.982	0.000E+00	0	620	622	0	620	622	621M
6573	1082	6.919E-168	0.968	6.991E-168	0	253	255	0	253	255	254M
6574	1080	2.619E-63	0.980	2.584E-63	0	101	103	0	101	103	102M
6575	1079	1.331E-72	0.992	1.319E-72	0	129	131	0	129	131	130M
6576	1078	4.329E-180	0.996	4.396E-180	0	279	281	0	279	281	280M
6577	1077	7.401E-78	0.992	7.350E-78	0	127	129	0	127	129	128M
6578	1076	2.524E-126	0.989	2.420E-126	0	195	197	0	195	197	196M
6579	1075	9.577E-139	0.990	9.872E-139	0	212	214	0	212	214	213M
6580	1074	1.391E-89	0.993	1.422E-89	0	144	146	0	144	146	145M
6581	1073	4.930E-269	1.00	5.076E-269	0	408	410	0	408	410	409M
6582	1072	2.217E-308	1.00	0.000E+00	0	521	523	0	521	523	522M
6583	1071	2.813E-168	0.984	2.887E-168	0	261	263	0	261	263	262M
6584	1070	2.397E-106	0.982	2.324E-106	0	174	176	0	174	176	175M
6585	1069	1.174E-62	0.980	1.195E-62	0	100	102	0	100	102	101M
6586	1068	1.178E-218	1.00	1.176E-218	0	314	316	0	314	316	315M
6587	1067	6.854E-87	1.00	6.664E-87	0	134	136	0	134	136	135M
6588	1066	5.961E-149	1.00	5.890E-149	0	221	223	0	221	223	222M
6589	1065	9.381E-131	0.995	9.400E-131	0	207	209	0	207	209	208M
6590	1064	2.217E-308	0.998	0.000E+00	0	595	597	0	595	597	596M
6591	4317	2.217E-308	1.00	0.000E+00	0	564	566	0	564	566	565M
6592	2785	7.401E-78	0.984	7.058E-78	21	146	148	5	130	132	126M
6593	2784	5.064E-202	1.00	5.287E-202	0	305	307	0	305	307	306M
6594	2783	2.301E-129	0.995	2.202E-129	0	207	209	0	207	209	208M
6595	2782	1.024E-164	1.00	1.061E-164	0	268	270	0	268	270	269M
6596	2781	5.179E-172	0.996	5.039E-172	0	258	260	0	258	260	259M
6597	2780	7.274E-110	1.00	7.413E-110	0	164	166	0	164	166	165M
6598	2779	2.947E-186	0.996	2.898E-186	0	278	280	0	278	280	279M
6599	2778	9.040E-78	0.992	8.910E-78	0	131	133	0	131	133	132M
6600	2777	1.475E-189	1.00	1.405E-189	0	290	292	0	290	292	291M
6601	2776	3.046E-44	1.00	2.943E-44	0	80	82	0	80	82	81M
6602	2775	1.124E-84	0.993	1.100E-84	0	155	157	0	155	157	156M
6603	2774	2.174E-107	1.00	2.147E-107	0	177	179	0	177	179	178M
6604	2773	2.217E-308	1.00	0.000E+00	0	513	515	0	513	515	514M
6605	2772	1.186E-182	1.00	1.226E-182	0	288	290	0	288	290	289M
6606	2771	8.875E-303	1.00	8.513E-303	0	463	465	0	463	465	464M
6607	2770	9.110E-81	1.00	8.733E-81	0	138	140	0	138	140	139M
6608	2441	2.029E-119	1.00	1.973E-119	0	198	200	0	198	200	199M
6609	2442	6.112E-120	0.994	6.127E-120	0	180	182	0	180	182	181M
6610	2443	3.427E-167	1.00	3.382E-167	0	253	255	0	253	255	254M
6611	2444	8.642E-254	1.00	8.477E-254	0	403	405	0	403	405	404M
6612	2445	1.432E-139	1.00	1.488E-139	0	212	214	0	212	214	213M
6613	2446	9.015E-193	0.996	8.904E-193	0	301	303	0	301	303	302M
6614	2447	1.705E-129	1.00	1.678E-129	0	188	190	0	188	190	189M
6615	2448	7.819E-254	0.984	8.206E-254	0	382	384	0	382	384	383M
6616	2449	5.929E-263	0.997	5.834E-263	0	383	385	0	383	385	384M
6617	2450	4.401E-109	1.00	4.428E-109	0	175	177	0	175	177	176M
6618	2451	1.699E-89	0.985	1.689E-89	0	141	143	0	141	143	142M
6619	2452	2.217E-308	0.994	0.000E+00	0	703	705	0	703	705	704M
6620	2453	3.564E-39	0.985	3.546E-39	0	67	69	0	67	69	68M
6621	2454	3.643E-268	0.962	3.648E-268	0	403	405	0	403	405	404M
6622	2455	4.587E-125	0.989	4.550E-125	0	197	199	0	197	199	198M
6623	1242	5.820E-16	0.970	5.814E-16	0	33	35	110	143	145	34M
6624	3742	4.941E-324	0.981	4.941E-324	0	479	481	0	479	481	480M
6625	3750	2.217E-308	0.998	0.000E+00	0	508	510	0	508	510	509M
6626	3749	3.269E-110	1.00	3.414E-110	0	161	163	0	161	163	162M
6627	3748	5.714E-94	0.972	5.828E-94	0	144	146	0	144	146	145M
6628	3747	2.005E-37	1.00	2.009E-37	0	53	55	0	53	55	54M
6629	3746	3.893E-255	0.994	4.089E-255	0	392	394	0	392	394	393M
6630	3745	1.716E-209	0.993	1.663E-209	0	313	315	0	313	315	314M
6631	3744	8.136E-192	1.00	8.086E-192	0	301	303	0	301	303	302M
6633	3187	2.217E-308	0.998	0.000E+00	0	691	693	0	691	693	692M
6634	3188	3.615E-149	1.00	3.614E-149	0	224	226	0	224	226	225M
6635	3189	5.768E-175	0.988	5.726E-175	0	268	270	0	268	270	269M
6636	3190	2.217E-308	0.990	0.000E+00	0	818	820	0	818	820	819M
6637	3191	7.187E-144	0.965	7.323E-144	0	229	231	0	229	231	230M
6638	3192	2.231E-117	0.983	2.275E-117	0	185	187	0	185	187	186M
6639	3193	1.718E-132	1.00	1.767E-132	0	203	205	0	203	205	204M
6640	3194	3.556E-220	0.997	3.525E-220	0	340	342	0	340	342	341M
6642	1187	1.082E-11	0.224	1.081E-11	44	753	755	30	697	699	12M2D5M1D6M2D7M1D11M6D4M2D22M5I17M7I6M6I46M6I17M1I6M3I13M9I22M6D8M4D63M1D37M1D12M1I8M1I16M12D12M1I28M1D34M7I10M1I28M1D11M18I37M3I20M4D23M4I16M2D3M16I16M1I38M2D6M
6643	2750	1.447E-143	1.00	1.512E-143	0	211	213	0	211	213	212M
6644	2751	2.331E-134	0.995	2.238E-134	0	204	206	0	204	206	205M
6645	2752	2.217E-308	0.992	0.000E+00	0	557	559	0	557	559	558M
6646	2753	2.024E-234	0.973	2.127E-234	0	334	336	0	334	336	335M
6647	2754	2.706E-33	1.00	2.706E-33	0	53	55	0	53	55	54M
6648	2755	2.217E-308	0.998	0.000E+00	0	514	516	0	514	516	515M
6649	2756	5.219E-291	0.975	5.034E-291	0	443	445	0	443	445	444M
6650	2757	2.217E-308	1.00	0.000E+00	0	542	544	0	542	544	543M
6651	3306	2.217E-308	0.999	0.000E+00	0	1227	1229	0	1227	1229	1228M
6652	3305	2.874E-215	0.985	2.943E-215	0	333	335	0	333	335	334M
6653	3304	5.981E-189	0.978	5.820E-189	0	280	282	2	282	284	281M
6654	3303	2.619E-295	0.995	2.631E-295	0	441	443	0	441	443	442M
6655	3302	1.213E-152	0.991	1.196E-152	0	248	250	0	248	250	249M
6656	3301	7.419E-195	0.993	7.517E-195	10	300	302	0	290	292	291M
6657	3300	5.540E-82	0.891	5.702E-82	0	147	149	0	147	149	148M
6658	1938	1.515E-238	0.983	1.580E-238	26	380	382	2	356	358	355M
6659	1937	2.583E-251	0.980	2.698E-251	0	405	407	0	405	407	406M
6660	1936	4.662E-170	0.988	4.793E-170	0	261	263	0	261	263	262M
6661	1935	8.560E-289	1.00	8.847E-289	0	439	441	0	439	441	440M
6662	1934	2.360E-100	0.987	2.294E-100	0	159	161	0	159	161	160M
6663	1933	1.532E-281	0.993	1.489E-281	0	431	433	0	431	433	432M
6664	1932	2.256E-276	0.992	2.326E-276	0	397	399	0	397	399	398M
6665	1931	2.217E-308	0.987	0.000E+00	0	545	547	0	545	547	546M
6666	1930	1.022E-318	0.997	9.966E-319	0	487	489	0	487	489	488M
6667	1929	5.665E-168	1.00	5.685E-168	0	262	264	0	262	264	263M
6668	1928	8.539E-172	0.996	8.742E-172	0	263	265	0	263	265	264M
6669	1927	4.208E-169	0.963	4.069E-169	0	273	275	0	273	275	274M
6670	1926	7.446E-119	1.00	7.149E-119	0	172	174	0	172	174	173M
6671	1925	6.502E-260	1.00	6.794E-260	0	406	408	0	406	408	407M
6672	1924	8.150E-270	0.992	7.939E-270	0	402	404	0	402	404	403M
6673	1923	2.086E-207	0.970	2.037E-207	0	308	310	0	308	310	309M
6674	1922	4.100E-159	0.988	4.051E-159	0	253	255	0	253	255	254M
6675	1921	4.258E-251	0.997	4.246E-251	0	354	356	0	354	356	355M
6676	1920	8.651E-61	0.979	9.055E-61	0	98	100	0	98	100	99M
6677	1919	3.572E-67	1.00	3.526E-67	0	100	102	3	103	105	101M
6678	1898	2.117E-174	1.00	2.118E-174	0	269	271	0	269	271	270M
6679	1897	5.261E-62	0.989	5.263E-62	0	98	100	0	98	100	99M
6680	1896	1.371E-122	0.989	1.439E-122	0	192	194	0	192	194	193M
6681	1895	1.881E-167	0.977	1.914E-167	0	261	263	0	261	263	262M
6682	1894	1.265E-91	1.00	1.282E-91	0	138	140	0	138	140	139M
6683	1893	2.558E-286	1.00	2.479E-286	0	418	420	0	418	420	419M
6684	1892	2.217E-308	0.998	0.000E+00	0	663	665	0	663	665	664M
6685	1891	8.075E-73	1.00	7.962E-73	0	112	114	0	112	114	113M
6686	1890	1.644E-115	1.00	1.605E-115	0	175	177	0	175	177	176M
6687	1889	4.817E-260	1.00	4.824E-260	0	419	421	0	419	421	420M
6688	1888	1.193E-223	0.993	1.201E-223	0	331	333	0	331	333	332M
6689	1887	5.813E-31	1.00	5.799E-31	0	65	67	0	65	67	66M
6690	1886	1.627E-111	1.00	1.633E-111	0	170	172	0	170	172	171M
6691	1885	8.422E-128	1.00	8.027E-128	0	203	205	0	203	205	204M
6692	1884	2.217E-308	1.00	0.000E+00	0	687	689	0	687	689	688M
6693	1883	2.217E-308	0.992	0.000E+00	0	539	541	0	539	541	540M
6694	1882	2.833E-132	1.00	2.792E-132	0	206	208	0	206	208	207M
6695	1881	7.609E-322	0.997	7.806E-322	0	489	491	0	489	491	490M
6696	1880	2.217E-308	1.00	0.000E+00	0	551	553	0	551	553	552M
6697	1751	9.387E-323	0.997	9.387E-323	60	545	547	0	485	487	486M
6698	1750	2.270E-85	0.916	2.270E-85	0	155	157	0	155	157	156M
6699	1749	3.684E-195	0.996	3.594E-195	0	291	293	0	291	293	292M
6700	1748	4.590E-280	0.995	4.428E-280	0	443	445	0	443	445	444M
6701	1747	2.217E-308	0.992	0.000E+00	0	636	638	0	636	638	637M
6702	1746	3.221E-143	0.991	3.269E-143	0	234	236	0	234	236	235M
6703	1745	1.159E-57	1.00	1.206E-57	0	90	92	0	90	92	91M
6704	1744	1.739E-98	1.00	1.828E-98	0	145	147	0	145	147	146M
6705	1743	3.067E-124	0.994	3.020E-124	0	197	199	0	197	199	198M
6706	1742	6.991E-172	0.931	6.802E-172	0	305	307	0	305	307	306M
6707	1741	9.881E-324	0.965	9.881E-324	0	495	497	0	495	497	496M
6708	1740	9.149E-160	0.992	9.313E-160	0	262	264	0	262	264	263M
6709	1739	2.217E-308	0.975	0.000E+00	0	1056	1058	11	1067	1069	1057M
6710	1738	8.480E-208	0.976	8.701E-208	0	337	339	0	337	339	338M
6711	1737	4.013E-112	0.983	4.217E-112	11	188	190	0	177	179	178M
6712	1736	1.655E-195	0.979	1.685E-195	0	295	297	0	295	297	296M
6713	1735	9.348E-207	0.993	9.090E-207	0	313	315	0	313	315	314M
6714	1734	1.300E-295	0.989	1.318E-295	0	460	462	0	460	462	461M
6715	1733	1.123E-161	0.979	1.082E-161	0	241	243	0	241	345	242M
6716	1216	1.828E-09	0.280	1.833E-09	16	160	162	271	394	396	8M4I23M1I33M1I15M3I8M1D19M13I17M
6717	2533	9.561E-61	0.978	9.714E-61	0	93	95	0	93	95	94M
6725	4150	2.919E-221	1.00	2.866E-221	0	347	349	0	347	349	348M
6726	1242	9.061E-17	0.971	9.096E-17	0	34	36	109	143	145	35M
6727	1242	1.432E-15	0.969	1.430E-15	0	32	34	111	143	145	33M
6728	4125	5.814E-62	1.00	6.096E-62	0	101	103	0	101	103	102M
6729	478	1.013E-121	0.994	1.033E-121	0	187	189	0	187	189	188M
6730	479	2.170E-261	0.989	2.150E-261	0	386	388	0	386	388	387M
6731	480	5.588E-124	0.974	5.412E-124	0	195	198	0	195	198	196M
6732	481	7.615E-89	1.00	7.452E-89	0	126	128	0	126	128	127M
6733	482	1.152E-248	0.997	1.210E-248	0	394	396	0	394	396	395M
6734	483	1.146E-41	1.00	1.146E-41	0	79	81	0	79	81	80M
6735	484	1.640E-230	1.00	1.688E-230	0	344	346	0	344	346	345M
6736	485	5.007E-275	0.995	4.826E-275	0	435	437	0	435	437	436M
6737	486	2.217E-308	0.996	0.000E+00	0	812	814	0	812	814	813M
6738	487	9.895E-229	1.00	9.558E-229	0	336	338	0	336	338	337M
6739	488	1.637E-152	0.995	1.646E-152	0	228	230	0	228	230	229M
6740	489	6.985E-133	1.00	6.647E-133	0	209	211	0	209	211	210M
6741	490	2.770E-162	1.00	2.779E-162	0	259	261	0	259	261	260M
6742	491	1.981E-187	0.993	1.917E-187	0	294	296	0	294	296	295M
6743	492	3.775E-127	1.00	3.943E-127	0	210	212	0	210	212	211M
6744	493	2.794E-88	0.992	2.895E-88	0	141	143	0	141	143	142M
6745	494	2.217E-308	0.998	0.000E+00	0	574	576	0	574	576	575M
6746	495	5.305E-220	0.982	5.240E-220	0	335	337	0	335	337	336M
6747	496	6.196E-164	0.984	6.236E-164	0	252	254	0	252	254	253M
6748	497	1.298E-217	0.990	1.307E-217	0	325	327	0	325	327	326M
6749	498	3.999E-72	1.00	3.865E-72	0	112	114	0	112	114	113M
6750	499	4.686E-172	0.996	4.585E-172	0	256	258	0	256	258	257M
6751	500	6.272E-130	1.00	6.437E-130	0	201	203	0	201	203	202M
6752	501	7.407E-117	0.994	7.309E-117	0	183	185	0	183	185	184M
6753	502	8.947E-74	1.00	8.703E-74	0	125	127	0	125	127	126M
6754	503	5.930E-147	0.991	5.975E-147	0	232	234	0	232	234	233M
6755	504	1.690E-203	0.981	1.615E-203	0	318	320	0	318	320	319M
6756	3459	4.670E-132	0.994	4.691E-132	0	197	199	0	197	199	198M
6757	3460	3.720E-160	0.995	3.756E-160	0	236	238	0	236	238	237M
6758	3461	1.299E-256	1.00	1.290E-256	0	372	374	0	372	374	373M
6759	3462	4.739E-99	0.993	4.895E-99	0	157	159	0	157	159	158M
6760	3463	1.873E-88	0.986	1.956E-88	0	146	148	0	146	148	147M
6761	3464	4.817E-144	0.995	4.862E-144	0	227	229	0	227	229	228M
6762	3465	2.217E-308	1.00	0.000E+00	0	556	558	0	556	558	557M
6763	3466	1.059E-61	1.00	1.040E-61	0	99	101	0	99	101	100M
6764	3467	1.079E-68	1.00	1.118E-68	0	120	122	0	120	122	121M
6765	3468	2.417E-148	0.995	2.435E-148	0	231	233	0	231	233	232M
6766	3469	3.637E-190	0.996	3.720E-190	0	302	304	0	302	304	303M
6767	4043	2.217E-308	0.988	0.000E+00	0	500	503	0	500	515	501M
6768	4042	1.784E-224	0.997	1.836E-224	0	338	340	0	338	340	339M
6769	4041	8.620E-253	1.00	8.871E-253	0	379	381	0	379	381	380M
6770	3531	2.217E-308	1.00	0.000E+00	0	720	722	0	720	722	721M
6771	3530	1.932E-100	1.00	1.855E-100	0	148	150	0	148	150	149M
6772	3529	6.784E-83	0.992	6.959E-83	0	136	138	0	136	138	137M
6773	3528	5.052E-85	0.992	5.140E-85	0	139	141	0	139	141	140M
6774	3527	1.073E-182	0.993	1.029E-182	0	291	293	0	291	293	292M
6775	3526	4.756E-139	0.995	4.822E-139	0	237	239	0	237	239	238M
6776	3525	2.217E-308	0.997	0.000E+00	14	888	890	0	874	876	875M
6778	3136	2.217E-308	0.952	0.000E+00	47	593	595	0	546	548	547M
6779	3135	2.217E-308	0.996	0.000E+00	0	605	607	0	605	607	606M
6780	3134	2.217E-308	0.991	0.000E+00	0	669	671	0	669	671	670M
6781	3133	8.992E-192	1.00	9.407E-192	0	311	313	0	311	313	312M
6782	3132	3.027E-235	0.997	2.899E-235	0	379	381	0	379	381	380M
6783	3131	2.217E-308	0.998	0.000E+00	0	575	577	0	575	577	576M
6784	3130	2.303E-168	1.00	2.318E-168	0	243	245	0	243	245	244M
6785	3129	6.732E-80	1.00	6.603E-80	0	121	123	0	121	123	122M
6786	1858	7.305E-189	0.989	7.027E-189	0	284	286	0	284	286	285M
6787	1857	6.212E-165	1.00	6.148E-165	0	243	245	0	243	245	244M
6788	1856	1.689E-48	1.00	1.663E-48	0	87	89	0	87	89	88M
6789	1855	7.076E-138	0.977	6.973E-138	0	220	222	0	220	222	221M
6790	1854	1.329E-110	1.00	1.288E-110	0	167	169	0	167	169	168M
6791	1853	3.158E-174	0.992	3.248E-174	0	258	260	0	258	260	259M
6792	1852	1.275E-210	0.984	1.275E-210	0	312	314	0	312	314	313M
6793	1851	4.885E-72	0.983	4.928E-72	0	117	119	0	117	119	118M
6794	1850	2.217E-308	1.00	0.000E+00	0	1152	1154	0	1152	1154	1153M
6795	1849	1.739E-98	1.00	1.660E-98	0	143	145	0	143	145	144M
6796	1848	1.694E-320	1.00	1.739E-320	0	488	490	0	488	490	489M
6797	1847	8.095E-74	1.00	8.304E-74	0	111	113	0	111	113	112M
6798	1846	2.217E-308	0.996	0.000E+00	0	618	620	0	618	620	619M
6799	1845	8.771E-105	1.00	8.889E-105	0	171	173	0	171	173	172M
6800	1844	1.456E-68	0.990	1.393E-68	0	105	107	0	105	107	106M
6801	1843	1.007E-80	1.00	9.679E-81	0	127	129	0	127	129	128M
6802	1842	7.336E-268	1.00	7.177E-268	0	404	406	0	404	406	405M
6803	1841	4.739E-99	1.00	4.666E-99	0	156	158	0	156	158	157M
6804	1840	7.760E-135	0.995	7.424E-135	0	214	216	0	214	216	215M
6805	1839	2.065E-87	1.00	2.158E-87	0	150	152	0	150	152	151M
6806	1838	1.261E-51	1.00	1.270E-51	0	89	91	0	89	91	90M
6807	1837	2.217E-308	0.993	0.000E+00	0	620	622	0	620	622	621M
6808	3310	7.051E-214	0.996	7.028E-214	0	317	322	0	317	324	318M
6809	3309	9.219E-279	0.997	8.911E-279	0	406	408	0	406	408	407M
6810	3308	2.644E-260	0.992	2.737E-260	0	400	402	0	400	402	401M
6811	3307	1.109E-272	0.983	1.060E-272	4	429	431	0	425	427	426M
6812	3279	7.948E-299	1.00	7.814E-299	0	456	458	0	456	458	457M
6813	3278	1.059E-61	0.980	1.040E-61	0	99	101	0	99	101	100M
6814	3283	6.365E-97	0.993	6.308E-97	0	153	155	0	153	155	154M
6815	2905	2.217E-308	0.996	0.000E+00	0	593	595	0	593	595	594M
6816	2906	3.113E-322	0.981	3.113E-322	0	476	478	0	476	478	477M
6817	2907	6.626E-306	0.983	6.493E-306	0	478	480	0	478	480	479M
6818	2908	2.217E-308	0.995	0.000E+00	0	612	614	0	612	614	613M
6819	2909	2.217E-308	0.984	0.000E+00	0	635	637	0	635	637	636M
6820	2910	2.579E-173	0.980	2.561E-173	0	255	257	0	255	257	256M
6821	2911	1.137E-127	0.970	1.154E-127	0	204	206	0	204	206	205M
6822	2912	2.217E-308	0.990	0.000E+00	0	625	770	0	625	626	626M
6823	4196	4.711E-58	1.00	4.576E-58	0	96	98	0	96	98	97M
6824	4197	2.217E-308	0.982	0.000E+00	0	506	508	0	506	508	507M
6825	4198	8.651E-61	0.973	9.053E-61	0	111	113	0	111	113	112M
6826	1693	8.123E-114	1.00	8.252E-114	38	205	207	0	167	169	168M
6827	1694	2.217E-308	0.993	0.000E+00	0	714	716	0	714	716	715M
6828	1695	2.343E-136	0.966	2.275E-136	0	207	209	0	207	209	208M
6829	1696	6.498E-105	0.959	6.483E-105	0	171	173	0	171	173	172M
6830	1697	1.088E-226	0.980	1.107E-226	0	350	352	0	350	352	351M
6831	1698	1.700E-128	1.00	1.763E-128	0	191	193	0	191	193	192M
6832	1699	2.217E-308	0.977	0.000E+00	0	521	523	0	521	523	522M
6833	1700	8.130E-153	0.967	7.945E-153	0	246	248	0	246	248	247M
6834	1701	4.269E-252	1.00	4.287E-252	0	379	381	0	379	381	380M
6835	1702	5.315E-182	0.989	5.462E-182	0	293	295	0	294	296	279M1D15M
6836	1703	8.474E-53	0.938	8.757E-53	0	97	101	0	97	99	98M
6837	1704	2.217E-308	0.988	0.000E+00	0	517	519	0	517	519	518M
6838	1705	6.245E-51	1.00	6.485E-51	0	90	92	0	90	92	91M
6839	1706	2.217E-308	0.992	0.000E+00	3	509	511	204	710	712	507M
6840	4126	6.719E-234	0.992	6.621E-234	0	399	401	0	399	401	400M
6841	4127	2.914E-143	1.00	2.935E-143	0	225	227	0	225	227	226M
6842	4128	2.390E-105	0.994	2.439E-105	0	177	179	0	177	179	178M
6843	3694	2.217E-308	0.998	0.000E+00	0	614	616	0	614	616	615M
6844	3695	3.850E-96	0.993	3.915E-96	0	145	147	0	145	147	146M
6845	3696	7.236E-224	0.997	7.113E-224	0	340	342	0	340	342	341M
6846	3697	2.470E-79	1.00	2.574E-79	0	121	125	0	121	141	122M
6847	4454	1.176E-140	0.985	1.135E-140	21	231	233	0	210	212	211M
6848	2380	6.169E-317	0.997	6.326E-317	0	495	497	0	495	497	496M
6849	2381	2.897E-102	1.00	3.041E-102	0	161	163	0	161	163	162M
6850	2382	2.217E-308	0.997	0.000E+00	0	1249	1251	0	1249	1251	1250M
6851	2383	7.089E-100	0.980	7.023E-100	0	156	158	0	156	158	157M
6852	2384	1.826E-233	0.986	1.853E-233	0	360	362	0	360	362	361M
6853	2385	3.739E-46	1.00	3.747E-46	0	75	77	0	75	77	76M
6854	2386	2.274E-163	0.979	2.383E-163	0	247	249	0	247	249	248M
6855	2387	1.389E-127	1.00	1.415E-127	0	195	197	0	195	197	196M
6856	2388	4.150E-125	1.00	4.138E-125	0	195	197	0	195	197	196M
6857	2389	2.522E-87	1.00	2.584E-87	0	134	136	0	134	136	135M
6858	2390	2.217E-308	0.996	0.000E+00	0	661	663	0	661	663	662M
6859	2391	2.616E-256	1.00	2.604E-256	0	387	389	0	387	389	388M
6860	2392	5.153E-54	1.00	5.414E-54	0	81	83	0	81	83	82M
6861	3449	1.596E-30	0.950	1.602E-30	0	60	62	0	60	62	61M
6862	3448	1.636E-113	1.00	1.561E-113	0	185	187	0	185	187	186M
6863	3447	2.605E-177	0.978	2.487E-177	0	273	275	0	273	275	274M
6864	3446	1.666E-120	0.988	1.734E-120	0	180	182	0	180	207	181M
6865	3445	2.278E-125	1.00	2.309E-125	0	196	198	0	196	198	197M
6866	3444	1.082E-108	1.00	1.055E-108	0	180	182	0	180	182	181M
6867	3443	9.338E-322	0.971	8.893E-322	0	485	487	0	485	487	486M
6868	3442	5.188E-250	1.00	5.359E-250	0	361	363	0	361	363	362M
6869	3441	1.932E-216	0.996	1.872E-216	0	328	330	0	328	330	329M
6870	3440	4.646E-41	0.957	4.654E-41	0	69	71	0	69	71	70M
6871	3439	8.924E-73	1.00	9.214E-73	0	115	117	0	115	117	116M
6872	4251	3.575E-106	0.982	3.673E-106	0	175	179	0	175	186	176M
6873	3404	8.364E-164	0.991	8.421E-164	0	245	247	0	245	247	246M
6874	3405	2.217E-308	0.989	0.000E+00	0	844	846	0	844	846	845M
6875	3406	1.172E-216	0.997	1.161E-216	0	338	340	0	338	340	339M
6876	3857	1.139E-31	0.983	1.144E-31	0	58	60	0	58	60	59M
6877	3856	1.079E-184	0.989	1.121E-184	0	282	284	0	282	284	283M
6878	3855	2.432E-189	0.983	2.378E-189	0	308	310	0	308	310	309M
6879	3854	1.735E-97	1.00	1.785E-97	0	153	155	0	153	155	154M
6880	3853	1.792E-303	0.993	1.780E-303	0	470	472	0	470	472	471M
6881	3852	5.656E-90	1.00	5.517E-90	0	144	146	0	144	146	145M
6882	3851	3.653E-153	0.995	3.759E-153	0	248	300	0	248	252	249M
6883	4144	2.168E-17	1.00	2.159E-17	0	31	33	0	31	33	32M
6884	3965	1.820E-42	0.274	1.818E-42	5	395	411	0	398	421	14M3D63M3D7M3I10M5I28M1I56M2I42M1D4M4D75M3D56M2D5M1I4M4D15M
6885	4319	1.220E-193	0.989	1.248E-193	0	286	288	0	286	288	287M
6886	478	2.821E-53	0.478	2.801E-53	0	183	187	0	183	189	184M
6888	4286	9.078E-157	1.00	9.336E-157	0	248	250	0	248	250	249M
6889	4287	1.052E-97	1.00	1.045E-97	0	155	157	0	155	157	156M
6890	3945	4.674E-287	0.975	4.458E-287	2	442	444	12	452	454	441M
6891	3946	4.590E-164	1.00	4.699E-164	0	246	248	0	246	248	247M
6892	3947	2.610E-139	1.00	2.622E-139	0	224	226	0	224	226	225M
6893	3948	4.834E-184	1.00	4.710E-184	0	279	281	0	279	281	280M
6894	3949	2.451E-192	1.00	2.486E-192	0	296	298	0	296	298	297M
6895	4290	2.315E-170	0.992	2.398E-170	0	253	255	0	253	255	254M
6896	2808	8.800E-261	0.987	8.519E-261	0	402	404	0	402	404	403M
6897	2809	1.781E-262	0.982	1.708E-262	0	406	408	0	406	408	407M
6898	2810	6.423E-323	1.00	6.423E-323	0	469	471	0	469	471	470M
6899	2811	1.456E-184	1.00	1.515E-184	0	275	277	0	275	277	276M
6900	2812	3.249E-185	0.996	3.284E-185	0	276	278	0	276	278	277M
6901	2813	2.179E-224	0.980	2.162E-224	0	355	357	0	355	357	356M
6902	2814	5.162E-132	0.995	4.916E-132	0	218	220	0	218	220	219M
6903	2815	3.371E-238	1.00	3.302E-238	0	362	364	0	362	364	363M
6904	2816	3.566E-105	0.971	3.617E-105	0	172	174	0	172	174	173M
6905	2817	1.786E-147	0.978	1.860E-147	0	234	236	0	234	236	235M
6906	2818	4.329E-64	0.990	4.383E-64	0	110	112	0	110	112	111M
6907	2819	1.292E-99	1.00	1.259E-99	0	155	157	0	155	157	156M
6908	2820	9.930E-153	0.995	1.039E-152	0	244	247	0	244	247	245M
6909	2821	2.626E-64	0.991	2.566E-64	0	111	114	0	111	126	112M
6910	3780	1.007E-80	0.984	1.016E-80	0	128	130	0	128	130	129M
6911	3779	9.776E-263	1.00	9.877E-263	0	400	403	0	400	403	401M
6912	3778	2.217E-308	0.998	0.000E+00	0	886	888	0	886	888	887M
6913	3777	1.021E-279	0.995	1.029E-279	0	407	409	0	407	409	408M
6914	3776	6.755E-120	0.966	6.831E-120	0	209	211	0	209	211	210M
6915	151	2.299E-28	0.319	2.309E-28	16	274	282	11	267	275	34M3I13M2D47M2I37M2D7M2D10M3I3M1I14M1D85M
6916	4140	1.319E-107	1.00	1.308E-107	0	160	162	0	160	162	161M
6917	4139	7.070E-99	1.00	6.927E-99	0	138	140	0	138	140	139M
6918	4138	2.801E-321	0.997	2.693E-321	0	475	477	0	475	477	476M
6919	4323	2.204E-267	1.00	2.109E-267	0	434	436	0	434	436	435M
6920	1448	2.683E-227	0.997	2.761E-227	0	354	356	0	354	356	355M
6921	1449	2.217E-308	0.999	0.000E+00	0	1186	1188	0	1186	1188	1187M
6922	1450	1.935E-178	0.996	1.843E-178	0	278	280	0	278	280	279M
6923	1451	4.307E-178	1.00	4.465E-178	0	270	272	0	270	272	271M
6924	1452	1.252E-203	0.996	1.220E-203	0	312	314	0	312	314	313M
6925	1453	2.217E-308	0.998	0.000E+00	0	667	669	0	667	669	668M
6926	1463	2.217E-308	0.996	0.000E+00	0	520	522	0	520	522	521M
6927	3395	3.566E-105	0.994	3.617E-105	0	172	174	0	172	174	173M
6928	3394	4.424E-111	0.989	4.566E-111	0	185	187	0	185	187	186M
6929	3393	5.012E-198	1.00	5.098E-198	0	299	301	0	299	301	300M
6930	3392	5.773E-214	0.994	5.834E-214	0	343	345	0	343	345	344M
6931	3391	1.976E-70	1.00	1.933E-70	0	108	110	0	108	110	109M
6932	3390	2.293E-89	0.957	2.316E-89	0	141	143	0	141	143	142M
6933	3389	2.159E-27	1.00	2.153E-27	0	52	54	0	52	54	53M
6934	3388	2.217E-308	0.979	0.000E+00	0	623	625	0	623	625	624M
6935	3387	4.905E-151	0.982	5.038E-151	0	227	229	0	227	229	228M
6936	3386	9.251E-203	0.996	9.360E-203	0	295	297	0	295	297	296M
6937	3385	1.535E-127	0.953	1.538E-127	31	244	246	0	213	215	214M
6938	3417	1.136E-322	0.985	1.136E-322	0	488	490	3	491	493	489M
6939	3416	7.243E-147	0.954	7.305E-147	0	242	245	0	242	245	243M
6940	3415	2.729E-195	0.986	2.749E-195	0	292	294	0	292	294	293M
6941	3414	2.155E-181	1.00	2.091E-181	0	288	290	0	288	290	289M
6942	3413	2.079E-167	0.988	2.103E-167	0	263	265	0	263	265	264M
6943	3412	2.427E-227	0.997	2.485E-227	0	345	347	0	345	347	346M
6944	3411	8.503E-93	0.985	8.238E-93	0	140	142	0	140	395	141M
6945	3411	1.871E-165	0.987	1.826E-165	0	244	246	149	393	395	245M
6946	3410	2.539E-283	0.982	2.646E-283	38	487	489	0	449	451	450M
6947	4339	1.321E-301	0.993	1.384E-301	21	462	464	0	441	443	442M
6948	4235	1.374E-239	0.994	1.399E-239	0	366	432	0	366	367	367M
6949	4236	1.676E-161	0.955	1.717E-161	0	271	273	0	271	273	272M
6950	1242	5.820E-16	0.970	5.814E-16	0	33	35	110	143	145	34M
6951	7	2.658E-146	0.978	2.545E-146	0	231	238	0	231	710	232M
6952	8	2.077E-128	1.00	1.996E-128	0	187	189	0	187	189	188M
6953	9	2.161E-182	0.981	2.138E-182	0	273	275	0	273	275	274M
6954	10	4.263E-58	1.00	4.357E-58	0	95	97	0	95	97	96M
6956	12	4.136E-85	1.00	4.327E-85	0	142	144	0	142	144	143M
6957	13	2.217E-308	1.00	0.000E+00	0	610	612	0	610	612	611M
6958	14	3.093E-282	1.00	3.030E-282	0	451	453	0	451	453	452M
6959	15	1.068E-219	0.964	1.031E-219	0	336	338	0	336	338	337M
6960	16	2.217E-308	0.997	0.000E+00	0	485	487	0	485	487	486M
6961	17	4.892E-266	0.992	4.903E-266	0	400	402	0	400	402	401M
6962	18	6.265E-29	1.00	6.235E-29	0	51	53	0	51	53	52M
6963	19	3.319E-232	0.997	3.427E-232	0	355	357	0	355	357	356M
6964	20	7.998E-108	0.988	8.189E-108	0	170	172	0	170	172	171M
6965	21	1.899E-248	0.997	1.886E-248	0	390	392	0	390	392	391M
6966	22	8.591E-97	0.986	8.475E-97	0	146	148	0	146	148	147M
6967	23	4.409E-71	0.991	4.286E-71	0	116	118	0	116	118	117M
6968	24	8.748E-104	0.993	9.007E-104	0	160	162	0	160	162	161M
6969	25	2.217E-308	0.998	0.000E+00	0	546	548	0	546	548	547M
6970	26	2.217E-308	1.00	0.000E+00	0	800	802	0	800	802	801M
6971	27	2.872E-292	0.997	2.949E-292	0	416	418	0	416	418	417M
6972	28	2.789E-242	1.00	2.879E-242	0	371	373	0	371	373	372M
6973	29	3.612E-226	1.00	3.635E-226	0	335	337	0	335	337	336M
6974	30	8.822E-262	0.995	8.554E-262	0	400	402	0	400	402	401M
6975	31	2.217E-308	0.991	0.000E+00	0	710	712	0	710	712	711M
6976	32	1.867E-48	1.00	1.874E-48	0	83	85	0	83	85	84M
6977	33	4.442E-190	0.975	4.316E-190	0	285	287	0	285	287	286M
6978	34	5.597E-86	0.949	5.373E-86	0	138	140	0	138	140	139M
6979	35	2.722E-194	0.989	2.743E-194	27	321	323	0	294	296	295M
6980	36	5.127E-52	0.966	5.164E-52	0	88	92	0	88	127	89M
6981	37	7.003E-134	1.00	6.970E-134	0	208	210	0	208	210	209M
6982	38	5.007E-275	1.00	4.826E-275	0	435	437	0	435	437	436M
6983	39	2.476E-80	0.986	2.403E-80	0	146	148	0	146	148	147M
6984	40	2.217E-308	0.997	0.000E+00	0	906	908	0	906	908	907M
6985	41	2.914E-143	1.00	2.980E-143	0	212	214	0	212	214	213M
6986	42	4.295E-177	0.996	4.456E-177	42	299	301	0	257	259	258M
6987	43	5.675E-130	0.984	5.483E-130	0	191	193	0	191	193	192M
6988	44	4.961E-194	0.997	5.100E-194	0	355	357	0	355	357	356M
6989	45	2.805E-283	0.988	2.820E-283	0	427	429	0	427	429	428M
6990	46	2.489E-198	1.00	2.470E-198	0	297	299	0	297	299	298M
6991	47	4.175E-166	1.00	4.130E-166	0	266	268	0	266	268	267M
6992	48	1.305E-219	0.988	1.317E-219	0	348	350	0	348	350	349M
6993	49	5.025E-199	0.993	5.035E-199	0	290	292	0	290	292	291M
6994	50	9.972E-232	0.984	9.625E-232	0	330	332	0	330	332	331M
6995	51	6.685E-116	0.994	6.408E-116	0	169	171	0	169	171	170M
6996	52	6.100E-274	1.00	6.022E-274	0	408	410	0	408	410	409M
6997	53	1.587E-140	0.958	1.586E-140	0	218	220	0	218	223	219M
6998	54	4.054E-232	0.575	4.205E-232	0	622	624	0	611	613	233M1D188M4I44M2I4M2I76M1I49M3I17M
6999	55	3.736E-123	0.989	3.885E-123	0	191	193	0	191	193	192M
7000	56	2.998E-154	0.974	2.906E-154	0	236	238	0	236	238	237M
7001	57	4.914E-113	0.988	4.701E-113	0	175	177	0	175	177	176M
7002	58	7.355E-269	1.00	7.361E-269	0	389	391	0	389	391	390M
7003	59	2.217E-308	0.993	0.000E+00	0	479	481	0	479	481	480M
7004	60	1.203E-149	1.00	1.180E-149	0	227	229	0	227	229	228M
7005	61	2.217E-308	0.994	0.000E+00	0	517	519	34	551	553	518M
7006	62	2.730E-79	0.992	2.836E-79	0	125	127	0	125	127	126M
7007	63	2.217E-308	0.995	0.000E+00	0	599	601	0	599	601	600M
7008	64	2.217E-308	0.996	0.000E+00	0	592	594	0	592	594	593M
7009	2789	1.520E-46	0.304	1.553E-46	2	297	299	0	298	309	191M2D12M1D93M
7011	65	5.804E-100	0.993	5.912E-100	0	159	161	0	159	161	160M
7012	66	2.502E-84	0.992	2.503E-84	0	126	128	0	126	128	127M
7013	67	3.529E-101	0.993	3.647E-101	0	146	149	0	146	149	147M
7014	68	2.217E-308	0.989	0.000E+00	0	486	488	0	486	488	487M
7015	69	2.217E-308	0.963	0.000E+00	0	684	686	0	690	692	276M3D17M3D392M
7016	70	1.886E-168	0.984	1.981E-168	0	253	255	0	253	255	254M
7017	71	2.217E-308	0.998	0.000E+00	0	591	593	0	591	593	592M
7019	72	2.295E-39	0.971	2.301E-39	0	70	73	0	70	73	71M
7023	3552	9.197E-46	0.331	9.044E-46	0	341	345	0	324	326	8M1I82M3I10M2D29M2D4M1I9M16I16M1I130M1D32M
7025	3553	1.613E-34	0.334	1.615E-34	10	243	252	3	263	270	16M2D18M2I6M5D31M2D39M18D59M1D40M1D23M
7027	3554	1.788E-186	0.969	1.824E-186	0	294	297	0	294	296	295M
7028	3555	5.183E-211	1.00	5.365E-211	0	307	309	0	307	309	308M
7029	3556	2.217E-308	0.996	0.000E+00	0	915	917	0	915	917	916M
7030	3557	1.021E-279	0.995	1.054E-279	0	421	423	0	421	423	422M
7031	2106	8.122E-230	0.997	8.159E-230	0	344	346	0	344	346	345M
7032	2105	1.329E-226	0.979	1.365E-226	0	341	343	0	341	343	342M
7033	2104	6.651E-114	0.984	6.982E-114	0	188	190	0	188	190	189M
7034	2103	9.826E-265	1.00	9.572E-265	0	376	378	0	376	378	377M
7035	2102	1.593E-64	1.00	1.541E-64	0	108	110	0	108	110	109M
7036	2101	2.217E-308	1.00	0.000E+00	0	632	634	0	632	634	633M
7037	2100	8.306E-200	1.00	8.390E-200	0	319	321	0	319	321	320M
7038	2099	3.313E-270	0.997	3.156E-270	0	416	418	0	416	418	417M
7039	2098	2.960E-149	0.982	3.085E-149	0	234	236	0	234	236	235M
7040	2097	2.235E-195	1.00	2.340E-195	0	302	304	0	302	304	303M
7041	2096	1.195E-185	0.978	1.234E-185	0	282	284	0	282	284	283M
7042	2095	1.718E-132	1.00	1.767E-132	0	203	205	0	203	205	204M
7043	2094	1.070E-65	0.990	1.086E-65	0	99	101	0	99	101	100M
7044	2093	1.873E-88	0.993	1.841E-88	0	158	160	0	158	160	159M
7045	2092	2.217E-308	0.993	0.000E+00	0	622	624	0	622	624	623M
7046	2091	6.476E-65	1.00	6.419E-65	0	103	105	0	103	105	104M
7047	2090	3.900E-101	1.00	3.798E-101	0	161	163	0	161	163	162M
7048	2089	3.227E-105	0.987	3.230E-105	0	163	165	0	163	165	164M
7049	2088	1.537E-89	0.992	1.534E-89	0	139	141	0	139	141	140M
7050	2087	1.721E-94	0.986	1.649E-94	0	144	146	0	144	146	145M
7051	2086	1.529E-203	1.00	1.552E-203	0	297	299	0	297	299	298M
7052	2148	7.801E-21	0.432	7.829E-21	7	103	112	12	107	552	29M1I67M
7053	3759	1.634E-306	1.00	1.709E-306	3	490	492	0	487	489	488M
7054	3758	8.671E-294	0.962	9.006E-294	0	456	458	0	456	458	457M
7056	1906	2.059E-318	0.997	1.960E-318	0	488	490	0	488	490	489M
7057	1907	3.093E-321	0.997	3.019E-321	0	491	493	0	491	493	492M
7058	1908	6.426E-62	1.00	6.722E-62	0	103	105	0	103	105	104M
7059	1909	5.909E-223	1.00	5.952E-223	0	345	347	0	345	347	346M
7060	1910	1.609E-184	1.00	1.688E-184	0	284	286	0	284	286	285M
7061	1911	5.361E-108	0.993	5.587E-108	0	162	164	0	162	164	163M
7062	1912	2.248E-120	0.994	2.201E-120	0	185	187	0	185	187	186M
7063	1913	6.201E-319	1.00	6.039E-319	0	483	485	0	483	485	484M
7064	1914	3.448E-34	1.00	3.434E-34	0	56	58	0	56	58	57M
7065	1915	1.801E-305	0.995	1.863E-305	0	460	462	0	460	462	461M
7066	1916	1.401E-169	1.00	1.357E-169	0	243	245	0	243	245	244M
7067	1917	7.095E-139	1.00	6.751E-139	0	204	206	0	204	206	205M
7068	1918	2.217E-308	0.998	0.000E+00	0	502	504	0	502	504	503M
7069	3367	1.865E-125	0.989	1.794E-125	0	189	233	0	189	190	190M
7070	3366	4.355E-221	0.973	4.467E-221	0	343	345	0	343	345	344M
7071	3365	3.961E-223	0.990	3.856E-223	0	329	331	0	329	331	330M
7072	3364	1.411E-172	0.996	1.449E-172	0	265	267	0	265	267	266M
7073	3363	2.073E-166	0.996	2.027E-166	0	271	273	0	271	273	272M
7074	3362	7.324E-190	0.993	7.233E-190	0	296	298	0	296	298	297M
7075	3361	1.427E-215	0.990	1.427E-215	0	331	333	0	331	333	332M
7076	3360	1.844E-198	1.00	1.777E-198	0	290	292	0	290	292	291M
7077	3359	5.310E-259	1.00	5.166E-259	57	450	452	0	393	395	394M
7078	4246	6.485E-259	0.994	6.621E-259	0	394	396	0	394	396	395M
7079	4247	8.136E-192	0.993	8.473E-192	0	302	304	0	302	304	303M
7080	2555	6.075E-79	0.967	6.025E-79	0	121	123	0	121	123	122M
7081	2556	7.009E-173	0.996	6.959E-173	0	283	285	0	283	285	284M
7082	2557	1.735E-97	0.993	1.701E-97	0	152	154	0	152	154	153M
7083	2558	1.355E-195	0.990	1.368E-195	0	304	306	0	304	306	305M
7085	2561	1.213E-268	0.987	1.261E-268	0	414	416	0	414	416	415M
7086	2562	1.392E-244	0.864	1.398E-244	0	433	435	0	442	444	243M1I5M10D185M
7087	270	4.558E-316	0.868	4.763E-316	0	532	534	0	532	534	533M
7088	271	2.899E-141	0.982	3.026E-141	0	223	225	0	223	225	224M
7089	272	5.086E-281	0.954	4.882E-281	0	442	445	2	444	447	443M
7090	273	3.514E-138	0.944	3.365E-138	0	198	200	0	198	200	199M
7091	274	3.559E-259	0.997	3.526E-259	0	394	396	0	394	396	395M
7092	275	7.230E-185	0.986	7.293E-185	0	293	295	0	293	295	294M
7093	276	1.434E-178	0.976	1.457E-178	0	300	302	0	300	302	301M
7094	277	2.407E-185	0.917	2.390E-185	0	337	339	0	337	339	338M
7095	278	6.896E-128	0.979	6.848E-128	0	193	195	0	193	195	194M
7096	279	2.217E-308	0.996	0.000E+00	0	958	960	0	958	960	959M
7097	280	1.176E-140	0.986	1.120E-140	0	224	226	0	224	226	225M
7098	281	3.768E-165	0.985	3.932E-165	0	267	269	0	267	269	268M
7099	282	7.034E-97	0.979	7.333E-97	0	143	145	0	143	145	144M
7100	283	1.133E-87	0.972	1.127E-87	0	143	145	0	143	145	144M
7101	284	1.961E-67	0.982	1.972E-67	0	114	116	0	115	117	105M1D10M
7102	285	2.463E-310	1.00	2.506E-310	0	483	485	0	483	485	484M
7103	286	2.217E-308	1.00	0.000E+00	0	1057	1059	0	1057	1059	1058M
7104	287	5.228E-253	1.00	5.208E-253	0	415	417	0	415	417	416M
7105	288	4.780E-141	0.990	5.007E-141	0	207	209	0	207	209	208M
7106	289	2.217E-308	0.998	0.000E+00	0	685	687	0	685	687	686M
7107	290	4.233E-210	0.996	4.204E-210	0	324	326	0	324	326	325M
7108	291	1.940E-63	1.00	1.978E-63	0	102	104	0	102	104	103M
7109	292	1.032E-51	1.00	9.920E-52	0	84	86	0	84	86	85M
7110	293	2.658E-146	1.00	2.631E-146	0	230	232	0	230	232	231M
7111	294	6.973E-171	1.00	7.230E-171	0	261	263	0	261	263	262M
7112	295	6.812E-278	0.995	6.635E-278	0	422	424	0	422	424	423M
7113	296	5.369E-302	0.989	5.576E-302	0	456	458	0	456	458	457M
7114	297	8.794E-106	1.00	8.958E-106	0	156	158	0	156	158	157M
7115	298	2.681E-72	0.896	2.810E-72	0	125	127	0	125	127	126M
7116	299	1.371E-122	0.994	1.414E-122	0	185	187	0	185	187	186M
7117	300	5.342E-300	0.997	5.086E-300	5	465	467	0	460	462	461M
7118	301	2.386E-259	1.00	2.456E-259	0	393	395	0	393	395	394M
7119	302	1.615E-108	1.00	1.640E-108	0	176	178	0	176	178	177M
7120	303	5.366E-147	0.990	5.266E-147	0	216	218	0	216	218	217M
7121	304	5.247E-61	1.00	5.422E-61	0	94	96	0	94	96	95M
7122	305	2.217E-308	1.00	0.000E+00	0	627	629	0	627	629	628M
7123	306	7.121E-36	1.00	7.107E-36	0	67	69	0	67	69	68M
7124	307	1.102E-115	1.00	1.064E-115	0	173	175	0	173	175	174M
7126	308	7.713E-210	1.00	7.338E-210	0	309	311	0	309	311	310M
7127	309	2.168E-106	0.993	2.240E-106	0	160	162	0	160	162	161M
7128	310	1.408E-287	1.00	1.342E-287	0	423	425	0	423	425	424M
7129	311	2.206E-74	0.992	2.174E-74	0	129	131	0	129	131	130M
7130	312	5.483E-78	1.00	5.238E-78	0	120	122	0	120	122	121M
7131	313	2.217E-308	1.00	0.000E+00	0	610	612	0	610	612	611M
7132	314	1.528E-164	1.00	1.485E-164	0	235	237	0	235	237	236M
7133	315	2.217E-308	1.00	0.000E+00	0	945	947	0	945	947	946M
7134	316	2.840E-249	1.00	2.878E-249	0	397	399	0	397	399	398M
7135	317	3.377E-316	1.00	3.254E-316	0	476	478	0	476	478	477M
7136	318	1.029E-243	0.997	1.009E-243	0	387	389	0	387	389	388M
7137	319	4.859E-186	1.00	4.695E-186	0	285	297	0	285	286	286M
7138	3991	9.015E-193	1.00	9.350E-193	0	292	338	0	292	295	293M
7139	3990	8.740E-181	0.996	9.076E-181	0	306	308	0	306	308	307M
7140	3989	7.439E-196	1.00	7.536E-196	0	298	300	0	298	300	299M
7141	3988	2.292E-321	1.00	2.332E-321	0	499	501	0	499	501	500M
7143	4526	1.689E-48	1.00	1.663E-48	6	88	89	5	87	110	83M
7144	1244	7.039E-252	0.979	6.759E-252	0	382	384	0	382	384	383M
7145	1245	2.217E-308	0.990	0.000E+00	0	626	628	0	626	628	627M
7146	1246	9.422E-94	0.987	9.869E-94	0	155	157	0	155	157	156M
7147	3260	2.552E-169	0.996	2.547E-169	0	263	265	0	263	281	264M
7148	3261	5.042E-239	0.994	5.160E-239	0	356	358	0	356	358	357M
7149	3262	1.489E-270	1.00	1.531E-270	0	414	416	0	414	416	415M
7150	3263	8.597E-252	0.984	8.941E-252	0	388	390	0	388	390	389M
7152	2070	2.806E-167	0.995	2.889E-167	0	243	245	0	243	245	244M
7153	2071	1.976E-323	0.981	1.976E-323	0	530	532	0	530	532	531M
7154	2072	2.217E-308	0.968	0.000E+00	0	535	537	0	535	537	536M
7155	2073	3.110E-25	0.941	3.117E-25	0	50	52	0	50	52	51M
7156	2074	3.974E-263	0.992	4.062E-263	0	382	384	0	382	384	383M
7157	2075	5.482E-194	0.996	5.326E-194	0	288	290	0	288	290	289M
7158	2076	2.217E-308	0.977	0.000E+00	0	541	543	0	541	543	542M
7159	2077	2.217E-308	0.965	0.000E+00	0	979	981	0	979	981	980M
7160	2078	3.947E-299	0.990	4.020E-299	0	435	437	0	435	437	436M
7161	2079	3.223E-298	0.606	3.279E-298	0	750	752	0	765	767	65M1D99M4D269M1D17M3D5M1I8M1I29M2D51M1I7M3D37M5D77M1I83M
7162	2080	5.170E-210	0.990	5.007E-210	0	321	323	0	321	323	322M
7163	2081	2.806E-167	0.984	2.712E-167	0	255	257	0	255	257	256M
7164	2082	1.110E-195	0.987	1.162E-195	0	314	316	0	314	316	315M
7165	2083	2.970E-189	0.993	2.865E-189	0	312	314	0	312	314	313M
7166	2084	6.767E-24	1.00	6.735E-24	0	42	44	0	42	44	43M
7168	4045	2.217E-308	0.955	0.000E+00	0	697	699	0	696	698	177M1I520M
7169	4044	2.217E-308	0.958	0.000E+00	18	614	616	0	596	598	597M
7171	4192	2.099E-132	0.985	2.036E-132	0	206	208	0	206	208	207M
7172	4343	6.170E-85	0.957	6.224E-85	0	141	145	0	141	241	142M
7173	1900	1.290E-25	0.356	1.296E-25	0	156	168	159	314	412	69M1I87M
7174	4134	4.427E-150	0.986	4.581E-150	7	227	229	0	220	222	221M
7175	4135	1.224E-117	0.967	1.269E-117	0	186	188	0	186	188	187M
7176	3908	1.129E-47	0.448	1.084E-47	0	182	186	0	182	184	183M
7177	478	2.251E-16	0.291	2.245E-16	0	179	189	0	181	189	69M2D111M
7178	3361	1.255E-26	0.253	1.253E-26	0	357	366	0	327	333	24M1I34M27I38M19I45M2D61M4D41M1D19M6D13M4D36M
7179	4015	4.080E-14	0.248	4.064E-14	3	364	375	2	362	369	15M2I35M1D14M1D70M1D4M4I15M4D10M4I29M1D15M1I6M2D90M2I24M2D22M
7180	1417	1.637E-36	0.262	1.631E-36	20	441	445	13	436	440	156M2I64M2D46M2D64M1I78M1D11M
7182	767	1.385E-126	0.671	1.454E-126	5	308	310	0	303	309	304M
7183	2698	8.924E-73	0.404	8.656E-73	0	286	303	0	289	304	137M1I6M5D65M1I77M
7184	1885	7.977E-107	0.833	7.605E-107	0	203	206	0	203	205	204M
7185	2224	1.637E-152	0.579	1.711E-152	0	389	391	0	388	390	213M1I176M
7189	2226	6.802E-84	0.358	6.780E-84	6	470	477	7	475	490	120M2I9M3D175M1D55M2D104M
7190	967	1.259E-35	0.257	1.257E-35	28	367	397	21	340	372	98M3D6M8I49M5I55M5I26M1I4M2I19M2D27M5I9M1D21M
7191	1611	3.603E-109	0.395	3.774E-109	7	519	558	8	494	656	25M4I14M4D321M6I11M16I20M1D2M4I31M1I58M
7192	1611	1.080E-107	0.378	1.040E-107	45	538	555	48	497	656	324M14I10M26I23M3I29M1I64M
7193	2303	1.028E-34	0.296	1.032E-34	3	297	309	2	306	316	90M1D60M4D29M10D18M3I77M2I16M
7194	376	2.146E-102	0.432	2.052E-102	2	428	468	0	434	466	178M2D84M1D129M1D31M4D5M
7195	377	2.877E-254	0.745	2.925E-254	2	497	499	25	520	523	496M
7197	2647	8.861E-20	0.259	8.851E-20	26	414	463	65	447	482	28M2I26M1D20M4D19M1I6M3I26M1I65M4D11M1D13M1D35M2I25M4I10M5I34M1D11M4D5M4I33M
7199	3908	1.490E-77	0.672	1.519E-77	0	179	185	0	179	184	180M
7200	4136	2.397E-106	0.946	2.512E-106	0	168	171	0	168	171	169M
7202	4384	5.879E-16	0.782	5.871E-16	0	45	47	0	45	47	46M
7203	2834	5.013E-82	0.827	5.095E-82	0	150	160	0	150	158	151M
7204	738	5.302E-65	0.990	5.276E-65	0	99	101	0	99	101	100M
7205	737	2.217E-308	0.998	0.000E+00	0	697	699	0	697	699	698M
7206	736	3.745E-124	1.00	3.701E-124	0	188	190	0	188	190	189M
7207	735	1.453E-222	0.997	1.444E-222	0	337	339	0	337	339	338M
7208	734	2.217E-308	1.00	0.000E+00	1	580	582	0	579	581	580M
7209	733	2.217E-308	0.991	0.000E+00	0	701	703	0	701	703	702M
7210	732	3.749E-47	1.00	3.698E-47	0	73	75	0	73	75	74M
7211	731	1.853E-200	0.996	1.818E-200	0	320	322	0	320	322	321M
7212	730	1.252E-87	1.00	1.247E-87	0	132	134	0	132	134	133M
7213	729	2.217E-308	0.994	0.000E+00	0	728	730	0	728	730	729M
7214	728	2.217E-308	0.998	0.000E+00	0	871	873	0	871	873	872M
7215	727	1.668E-198	1.00	1.608E-198	0	308	310	0	308	310	309M
7216	726	7.786E-175	0.996	7.954E-175	0	275	277	0	275	277	276M
7217	725	2.084E-168	1.00	2.077E-168	0	254	256	0	254	256	255M
7218	724	6.013E-75	0.991	6.017E-75	0	122	124	0	122	124	123M
7219	723	2.483E-81	1.00	2.590E-81	0	139	141	0	139	141	140M
7220	722	7.759E-251	0.997	8.022E-251	0	381	383	0	381	383	382M
7221	721	1.114E-119	0.994	1.152E-119	0	180	182	0	180	182	181M
7222	720	4.876E-110	1.00	4.681E-110	0	161	163	0	161	163	162M
7223	719	1.188E-260	0.997	1.221E-260	0	376	378	0	376	378	377M
7224	718	4.520E-158	1.00	4.321E-158	0	243	245	0	243	245	244M
7225	717	4.896E-305	1.00	5.021E-305	0	461	463	0	461	463	462M
7226	716	5.215E-136	0.995	5.418E-136	0	212	214	0	212	214	213M
7227	2574	1.857E-46	1.00	1.893E-46	0	74	76	473	547	549	75M
7228	2573	2.217E-308	1.00	0.000E+00	0	903	905	0	903	905	904M
7229	2572	4.909E-190	1.00	5.155E-190	0	309	311	0	309	311	310M
7230	2571	1.994E-151	1.00	2.042E-151	0	248	250	0	248	250	249M
7231	2439	3.048E-199	0.990	3.173E-199	4	307	309	0	303	305	304M
7232	2438	8.401E-127	0.995	8.413E-127	0	206	208	0	206	208	207M
7233	2437	5.981E-189	0.992	5.820E-189	0	280	282	0	280	282	281M
7234	2436	1.662E-274	0.997	1.728E-274	0	415	417	0	415	417	416M
7235	2435	9.810E-40	1.00	9.832E-40	0	73	75	0	73	75	74M
7236	2434	1.521E-317	1.00	1.491E-317	0	491	493	0	491	493	492M
7237	2433	1.201E-303	1.00	1.172E-303	0	461	463	0	461	463	462M
7238	2432	1.694E-204	1.00	1.718E-204	0	324	326	0	324	326	325M
7239	2431	4.702E-212	0.987	4.867E-212	0	323	325	0	323	325	324M
7240	2430	4.012E-228	0.966	4.169E-228	0	354	356	0	354	356	355M
7241	2429	6.123E-82	1.00	6.213E-82	0	129	131	0	129	131	130M
7242	2428	2.100E-171	1.00	2.147E-171	0	262	264	0	262	264	263M
7243	2427	2.217E-308	0.997	0.000E+00	0	801	803	0	801	803	802M
7244	4084	7.021E-251	0.984	6.734E-251	0	384	386	0	384	386	385M
7245	4083	2.704E-114	0.978	2.585E-114	0	187	189	40	227	229	188M
7246	4082	3.401E-164	0.992	3.366E-164	0	259	261	0	259	261	260M
7247	4081	1.403E-131	0.995	1.394E-131	0	200	202	0	200	202	201M
7248	2455	1.941E-09	0.246	1.945E-09	4	196	206	2	194	199	61M3D10M3D7M2I9M5I17M3I25M4D54M
7249	4227	2.917E-182	0.989	2.873E-182	0	286	288	0	286	288	287M
7250	4226	4.952E-116	0.927	5.170E-116	0	191	193	0	191	193	192M
7252	3024	2.217E-308	0.995	0.000E+00	0	1331	1333	0	1331	1333	1332M
7253	3023	4.107E-121	0.967	4.133E-121	0	183	185	0	183	185	184M
7254	3022	8.794E-106	0.987	9.140E-106	0	163	165	0	163	165	164M
7255	3021	1.700E-244	1.00	1.695E-244	0	369	371	0	369	371	370M
7256	3020	1.217E-76	1.00	1.202E-76	0	126	128	0	126	128	127M
7257	3019	1.686E-202	1.00	1.624E-202	0	300	302	0	300	302	301M
7258	3018	9.835E-188	0.993	9.611E-188	0	286	288	0	286	288	287M
7259	3753	8.157E-193	1.00	8.497E-193	0	300	302	0	300	302	301M
7260	3754	1.670E-121	0.994	1.632E-121	0	190	192	0	190	192	191M
7261	3755	2.217E-308	0.996	0.000E+00	0	1030	1032	0	1030	1032	1031M
7262	3756	8.687E-256	0.992	8.658E-256	0	379	381	0	379	381	380M
7263	3757	4.872E-187	0.985	5.045E-187	28	308	310	0	280	282	281M
7264	4064	7.306E-73	1.00	7.214E-73	0	123	125	0	123	125	124M
7265	4063	2.217E-308	1.00	0.000E+00	0	543	545	0	543	545	544M
7266	4062	2.111E-57	1.00	2.117E-57	0	95	97	0	95	97	96M
7267	3418	2.217E-308	0.919	0.000E+00	0	2975	3176	0	3000	3006	211M95D2645M10I4M10I8M32I3M18I35M
7268	2512	5.650E-167	0.995	5.782E-167	0	239	253	0	239	254	240M
7269	2513	1.878E-205	0.996	1.935E-205	0	311	313	0	311	313	312M
7270	2514	2.217E-308	0.998	0.000E+00	0	609	611	0	609	611	610M
7271	2515	2.217E-308	0.986	0.000E+00	0	504	506	0	504	506	505M
7272	2516	2.217E-308	0.990	0.000E+00	0	501	503	0	501	503	502M
7273	2046	2.333E-289	0.997	2.395E-289	0	438	440	0	438	440	439M
7274	2045	9.277E-88	1.00	9.299E-88	0	139	141	0	139	141	140M
7275	2044	1.800E-150	0.990	1.834E-150	0	221	223	0	221	223	222M
7276	2043	5.874E-182	0.996	5.852E-182	0	281	283	0	281	283	282M
7277	2042	2.217E-308	0.972	0.000E+00	0	586	588	0	586	588	587M
7278	2041	3.600E-70	0.940	3.462E-70	0	116	122	0	116	118	117M
7279	2040	1.589E-63	1.00	1.514E-63	0	103	105	0	103	105	104M
7280	2039	5.287E-180	0.989	5.060E-180	0	281	284	0	281	284	282M
7281	2038	2.217E-308	0.998	0.000E+00	0	630	632	0	630	632	631M
7282	2037	2.596E-137	1.00	2.665E-137	0	215	217	0	215	217	216M
7283	2036	6.442E-63	1.00	6.205E-63	0	106	108	0	106	108	107M
7284	2035	3.067E-124	0.994	2.999E-124	0	177	179	0	177	179	178M
7285	2034	8.816E-107	0.989	8.975E-107	0	194	196	0	194	196	195M
7286	2033	2.153E-258	0.997	2.075E-258	0	378	380	0	378	380	379M
7287	2032	2.217E-308	0.998	0.000E+00	0	1075	1077	0	1075	1077	1076M
7288	2031	2.347E-98	0.993	2.372E-98	0	157	159	0	157	159	158M
7290	3532	2.780E-86	1.00	2.778E-86	0	144	146	0	144	146	145M
7291	3533	9.786E-70	1.00	9.387E-70	0	108	110	0	108	110	109M
7292	3534	2.756E-160	0.995	2.873E-160	0	237	239	0	237	239	238M
7293	3535	2.217E-308	0.979	0.000E+00	0	573	575	0	573	575	574M
7295	3751	2.217E-308	0.999	0.000E+00	342	2310	2312	0	1968	1970	1969M
7296	3047	2.061E-09	0.633	2.069E-09	0	29	31	72	101	103	30M
7297	715	2.217E-308	0.992	0.000E+00	68	697	701	0	629	661	630M
7298	838	4.606E-204	1.00	4.798E-204	0	319	321	0	319	321	320M
7299	839	1.121E-199	1.00	1.161E-199	0	299	301	0	299	301	300M
7300	840	3.906E-295	0.997	4.082E-295	0	464	466	0	464	466	465M
7301	841	1.560E-288	1.00	1.559E-288	0	458	460	0	458	460	459M
7302	842	8.792E-222	1.00	8.820E-222	0	342	344	0	342	344	343M
7303	843	5.300E-297	1.00	5.148E-297	0	458	460	0	458	460	459M
7304	844	2.217E-308	0.998	0.000E+00	0	572	574	0	572	574	573M
7305	845	8.658E-100	1.00	8.502E-100	0	160	162	0	160	162	161M
7306	846	4.488E-310	0.987	4.449E-310	0	475	477	0	475	477	476M
7307	847	2.217E-308	0.996	0.000E+00	0	509	511	0	509	511	510M
7308	848	1.792E-303	1.00	1.743E-303	0	456	458	0	456	458	457M
7309	849	1.759E-141	0.995	1.794E-141	0	232	234	0	232	234	233M
7311	2089	1.071E-11	0.269	1.076E-11	4	153	155	7	162	165	13M2D104M3D13M1D20M
7312	852	9.575E-255	1.00	9.546E-255	0	363	365	0	363	365	364M
7313	853	1.227E-234	0.997	1.179E-234	0	355	357	0	355	357	356M
7314	854	4.325E-141	1.00	4.207E-141	0	230	232	0	230	232	231M
7315	855	1.863E-202	1.00	1.889E-202	0	337	339	0	337	339	338M
7316	856	2.217E-308	0.997	0.000E+00	0	944	946	0	944	946	945M
7317	857	4.793E-142	0.990	4.857E-142	0	211	213	0	211	213	212M
7318	858	4.817E-144	0.969	4.704E-144	0	232	235	0	232	235	233M
7319	859	2.585E-290	0.995	2.610E-290	0	431	433	0	431	433	432M
7320	860	7.562E-125	0.990	7.901E-125	0	202	204	0	202	204	203M
7321	861	1.012E-82	1.00	1.005E-82	0	124	126	0	124	126	125M
7322	862	3.063E-317	0.989	3.041E-317	0	486	488	0	486	488	487M
7323	863	1.938E-140	0.990	1.945E-140	0	209	211	0	209	211	210M
7324	864	1.363E-81	1.00	1.386E-81	0	126	128	0	126	128	127M
7325	865	2.217E-308	0.996	0.000E+00	0	919	921	0	919	921	920M
7326	866	1.568E-174	0.974	1.620E-174	0	270	272	0	270	272	271M
7327	867	5.099E-282	0.997	5.273E-282	0	463	465	0	463	465	464M
7328	4129	1.230E-196	1.00	1.175E-196	0	292	294	0	292	294	293M
7329	4130	3.090E-243	0.966	3.125E-243	0	391	393	0	391	393	392M
7330	4132	1.236E-82	0.985	1.247E-82	0	135	137	0	135	137	136M
7331	4133	7.875E-102	0.993	8.222E-102	0	159	164	0	159	180	160M
7332	1961	1.382E-280	0.995	1.321E-280	0	417	419	0	417	419	418M
7333	1962	1.043E-171	1.00	1.090E-171	0	261	263	0	261	263	262M
7334	1963	2.217E-308	0.998	0.000E+00	0	744	746	0	744	746	745M
7335	1964	2.217E-308	0.994	0.000E+00	0	566	568	0	566	568	567M
7336	1965	3.093E-282	0.997	3.115E-282	0	438	440	0	438	440	439M
7337	1966	3.109E-284	0.995	3.109E-284	0	427	429	0	427	429	428M
7338	1967	1.066E-102	1.00	1.072E-102	0	159	161	0	159	161	160M
7339	1968	2.217E-308	0.987	0.000E+00	0	479	481	0	479	481	480M
7340	1969	1.001E-155	0.995	1.010E-155	0	245	247	0	245	247	246M
7341	1970	2.246E-197	1.00	2.244E-197	0	297	299	0	297	299	298M
7342	1971	1.871E-281	0.997	1.817E-281	0	415	417	0	415	417	416M
7343	1972	2.217E-308	0.995	0.000E+00	0	613	615	0	613	615	614M
7344	1973	2.823E-208	0.990	2.890E-208	0	300	302	0	300	302	301M
7345	1974	2.563E-248	0.989	2.649E-248	0	377	379	0	377	379	378M
7346	1975	1.106E-271	0.990	1.109E-271	0	405	407	0	405	407	406M
7347	2393	2.374E-141	0.995	2.459E-141	0	232	234	0	232	234	233M
7348	2394	6.650E-230	0.994	6.851E-230	0	347	349	0	347	349	348M
7349	2395	5.940E-225	1.00	5.717E-225	0	340	342	0	340	342	341M
7350	2396	6.006E-268	0.997	6.239E-268	0	401	403	0	401	403	402M
7351	2397	6.469E-142	0.995	6.456E-142	0	217	219	0	217	219	218M
7352	2398	3.122E-247	0.997	3.144E-247	0	376	378	0	376	378	377M
7353	2399	4.381E-262	1.00	4.196E-262	0	405	407	0	405	407	406M
7354	2400	6.469E-142	1.00	6.254E-142	0	223	225	0	223	225	224M
7355	2401	3.653E-153	0.995	3.674E-153	0	243	245	0	243	245	244M
7356	2402	1.660E-312	1.00	1.700E-312	0	484	486	0	484	486	485M
7357	2403	7.614E-205	1.00	7.496E-205	0	313	315	0	313	315	314M
7358	2404	7.003E-134	1.00	6.731E-134	0	194	196	0	194	196	195M
7359	2405	2.217E-308	1.00	0.000E+00	0	672	674	0	672	674	673M
7360	2406	4.698E-173	0.996	4.886E-173	0	257	264	0	257	258	258M
7361	3845	7.418E-311	0.997	7.375E-311	15	477	479	0	462	464	463M
7362	3846	1.601E-35	1.00	1.599E-35	0	58	60	0	58	60	59M
7363	3847	2.142E-256	1.00	2.153E-256	0	385	412	0	385	447	386M
7364	4441	3.546E-10	0.313	3.546E-10	2	113	137	4	116	142	45M2D51M1D4M2I10M
7365	1242	9.061E-17	0.971	9.096E-17	0	34	36	109	143	145	35M
7366	2939	3.155E-135	0.945	3.288E-135	0	238	239	0	238	1434	239M
7367	4336	3.392E-47	0.894	3.322E-47	6	90	92	5	89	91	85M
7372	2597	5.306E-104	0.976	5.281E-104	12	182	184	0	170	172	171M
7373	2598	3.001E-193	0.967	2.904E-193	0	304	306	0	304	306	305M
7375	2600	3.241E-68	0.931	3.263E-68	0	116	118	0	116	118	117M
7376	2602	1.110E-79	0.823	1.165E-79	0	146	148	0	146	148	147M
7377	2603	1.467E-71	0.909	1.542E-71	0	121	123	0	121	123	122M
7378	2604	7.536E-85	0.985	7.242E-85	0	133	135	0	133	135	134M
7381	2605	5.612E-87	0.963	5.352E-87	0	136	138	0	136	138	137M
7382	2606	3.334E-79	1.00	3.278E-79	0	128	130	0	128	130	129M
7383	2607	1.418E-135	1.00	1.485E-135	0	220	222	0	220	222	221M
7384	2608	5.670E-207	1.00	5.837E-207	0	317	319	0	317	319	318M
7385	2609	7.529E-162	1.00	7.755E-162	0	254	256	0	254	256	255M
7386	2610	1.557E-36	1.00	1.554E-36	0	62	64	0	62	64	63M
7387	2611	3.419E-50	1.00	3.447E-50	0	79	81	0	79	81	80M
7388	2612	8.415E-89	1.00	8.188E-89	0	141	143	0	141	143	142M
7389	2613	7.561E-241	1.00	7.296E-241	0	366	368	0	366	368	367M
7390	2614	2.217E-308	0.997	0.000E+00	0	482	484	0	482	484	483M
7391	1534	6.849E-48	0.294	7.146E-48	15	458	476	19	497	509	57M1I48M1I16M4D22M1D70M9I13M24D19M9D34M2I12M2D31M1D3M7D12M1I27M3I29M1D17M3D17M
7392	3920	2.867E-98	1.00	2.956E-98	0	155	157	0	155	157	156M
7393	3921	4.393E-147	0.985	4.354E-147	0	212	214	0	212	214	213M
7394	3922	2.522E-87	0.950	2.639E-87	0	141	143	0	141	143	142M
7398	3609	1.647E-77	0.923	1.597E-77	0	129	132	0	129	134	130M
7399	2460	3.022E-41	0.972	3.019E-41	0	73	75	59	132	134	74M
7401	2461	2.939E-38	0.562	2.942E-38	0	134	141	0	109	113	77M8I7M15I7M2I19M
7402	2462	2.059E-86	0.562	2.016E-86	8	248	250	10	265	267	93M13D67M2D81M
7405	3605	2.356E-22	0.577	2.352E-22	8	94	97	6	95	98	51M3D36M
7408	2469	8.839E-108	0.683	8.552E-108	0	253	255	3	253	255	13M3I23M1I29M2D43M1I141M
7409	2470	7.618E-35	0.968	7.589E-35	0	63	72	0	63	72	64M
7411	3596	6.872E-88	0.965	6.594E-88	0	145	147	0	145	147	146M
7412	3595	5.769E-59	0.878	5.938E-59	0	106	108	0	106	108	107M
7413	4407	3.791E-206	1.00	3.960E-206	0	310	374	0	310	311	311M
7414	4230	1.401E-169	0.834	1.393E-169	0	318	320	0	319	321	301M1I5M2D12M
7415	4271	8.509E-43	0.839	8.492E-43	0	80	86	0	80	82	81M
7419	3968	3.808E-53	0.988	3.726E-53	0	88	90	0	88	90	89M
7420	3965	1.404E-286	0.988	1.384E-286	0	419	421	0	419	421	420M
7421	3964	5.454E-192	0.993	5.482E-192	0	286	288	0	286	288	287M
7422	3342	1.597E-65	0.601	1.618E-65	0	167	191	5	169	179	156M3I9M
7423	3470	1.728E-289	0.975	1.686E-289	0	444	446	0	445	447	57M1D388M
7424	3471	2.217E-308	0.996	0.000E+00	0	556	558	0	556	558	557M
7425	3472	1.374E-239	1.00	1.358E-239	0	341	343	0	341	343	342M
7426	3473	5.042E-239	0.997	4.868E-239	0	375	377	0	375	377	376M
7427	3474	1.336E-228	0.994	1.327E-228	0	343	345	0	343	345	344M
7428	3475	2.428E-111	1.00	2.535E-111	0	166	168	0	166	168	167M
7429	3476	1.021E-279	0.997	9.943E-280	0	413	415	0	413	415	414M
7430	3200	2.313E-247	0.992	2.431E-247	0	384	386	0	384	386	385M
7431	3199	5.157E-93	1.00	5.063E-93	0	143	145	0	143	145	144M
7432	3198	2.217E-308	0.995	0.000E+00	0	741	743	0	741	743	742M
7433	3197	1.766E-15	1.00	1.759E-15	0	30	32	0	30	32	31M
7435	2192	9.758E-301	0.989	9.937E-301	0	491	493	0	491	493	492M
7436	2193	3.363E-121	0.994	3.217E-121	0	191	193	0	191	193	192M
7437	2194	2.519E-280	0.971	2.599E-280	0	418	420	0	418	420	419M
7438	2195	2.687E-189	1.00	2.604E-189	0	283	285	0	283	285	284M
7439	2196	1.171E-293	0.997	1.189E-293	0	462	464	0	462	464	463M
7440	2197	2.217E-308	0.996	0.000E+00	0	521	523	0	521	523	522M
7441	2198	2.288E-88	0.993	2.251E-88	26	169	171	0	143	145	144M
7442	2199	3.694E-196	0.989	3.653E-196	0	296	298	0	296	298	297M
7443	2200	7.733E-211	1.00	7.651E-211	0	328	330	0	328	330	329M
7444	2201	5.704E-132	1.00	5.852E-132	0	215	217	0	215	217	216M
7445	2202	1.292E-99	0.993	1.320E-99	0	156	158	0	156	158	157M
7446	2893	1.028E-88	0.401	9.942E-89	5	383	391	9	387	398	379M
7447	2205	5.930E-147	1.00	5.779E-147	0	238	240	0	238	240	239M
7448	2206	2.217E-308	0.983	0.000E+00	0	917	919	0	917	919	918M
7449	2207	3.198E-28	0.981	3.208E-28	0	52	54	0	52	54	53M
7450	2208	5.641E-89	0.992	5.534E-89	13	146	148	0	133	135	134M
7453	3980	1.387E-88	1.00	1.427E-88	0	146	148	0	146	148	147M
7454	3982	2.217E-308	0.967	0.000E+00	0	526	528	0	526	528	527M
7456	4302	7.347E-21	0.976	7.312E-21	0	42	44	0	42	44	43M
7457	4303	8.421E-244	0.991	8.192E-244	0	369	371	0	369	371	370M
7458	4261	2.217E-308	0.981	0.000E+00	0	660	719	0	660	661	661M
7459	1242	5.820E-16	0.970	5.814E-16	0	33	35	110	143	145	34M
7460	4024	4.157E-87	1.00	4.179E-87	11	144	146	0	133	135	134M
7461	4025	7.734E-95	0.978	7.587E-95	0	141	143	0	141	143	142M
7462	4026	2.799E-166	1.00	2.797E-166	0	251	253	0	251	253	252M
7463	868	3.541E-141	1.00	3.544E-141	0	213	215	0	213	215	214M
7464	869	3.634E-151	0.995	3.613E-151	0	240	242	0	240	242	241M
7465	870	8.109E-152	0.991	8.478E-152	0	236	238	0	236	238	237M
7466	871	1.210E-35	1.00	1.211E-35	0	65	67	0	65	67	66M
7467	872	5.894E-222	0.994	6.143E-222	0	341	343	0	341	343	342M
7468	873	6.007E-152	1.00	6.091E-152	0	229	231	0	229	231	230M
7469	874	1.342E-75	1.00	1.302E-75	0	123	125	0	123	125	124M
7470	875	3.317E-193	1.00	3.423E-193	0	274	276	0	274	276	275M
7471	876	2.217E-308	1.00	0.000E+00	0	604	606	0	604	606	605M
7472	877	1.574E-98	1.00	1.616E-98	0	148	151	0	148	150	149M
7473	878	5.219E-291	1.00	5.136E-291	0	457	459	0	457	459	458M
7474	879	2.217E-308	0.994	0.000E+00	0	548	550	0	548	550	549M
7475	880	1.023E-86	0.992	1.056E-86	0	137	139	0	137	139	138M
7476	881	2.537E-128	1.00	2.459E-128	0	198	200	0	198	200	199M
7477	882	8.228E-235	0.994	8.605E-235	0	355	357	0	355	357	356M
7478	883	7.193E-183	0.988	6.877E-183	0	269	271	0	269	271	270M
7479	884	6.581E-226	0.997	6.514E-226	0	334	336	0	334	336	335M
7480	885	9.527E-137	0.995	9.102E-137	0	201	203	0	201	203	202M
7481	886	2.345E-175	1.00	2.362E-175	0	276	278	0	276	278	277M
7482	887	9.760E-185	1.00	9.996E-185	0	293	295	0	293	295	294M
7483	888	2.225E-232	1.00	2.173E-232	0	352	354	0	352	354	353M
7484	889	5.597E-202	1.00	5.541E-202	0	306	308	0	306	308	307M
7485	890	3.067E-124	0.761	3.104E-124	0	245	247	0	246	248	212M1D34M
7486	891	4.329E-180	1.00	4.336E-180	0	272	274	0	272	274	273M
7487	892	2.244E-158	1.00	2.160E-158	0	235	237	0	235	237	236M
7488	893	5.379E-148	1.00	5.616E-148	0	222	224	0	222	224	223M
7489	894	2.464E-78	0.992	2.448E-78	0	137	139	0	137	139	138M
7490	895	2.449E-153	1.00	2.366E-153	0	227	229	0	227	229	228M
7491	896	3.880E-99	0.993	3.852E-99	0	152	154	0	152	154	153M
7492	897	4.965E-117	0.973	4.930E-117	0	188	190	0	188	190	189M
7493	898	1.731E-135	0.995	1.660E-135	0	209	211	0	209	211	210M
7494	899	6.245E-167	0.992	5.946E-167	0	265	267	0	265	267	266M
7495	900	5.315E-66	1.00	5.378E-66	0	104	106	0	104	106	105M
7497	901	1.170E-254	1.00	1.114E-254	0	400	402	0	400	402	401M
7498	902	2.217E-308	0.997	0.000E+00	0	1276	1278	0	1276	1278	1277M
7499	903	1.087E-303	1.00	1.043E-303	0	445	447	0	445	447	446M
7500	904	5.573E-123	0.994	5.413E-123	0	198	200	0	198	200	199M
7501	905	7.125E-218	1.00	7.387E-218	0	333	335	0	333	335	334M
7502	3066	4.759E-294	0.995	4.921E-294	0	443	445	24	467	469	444M
7503	3067	9.253E-87	1.00	9.138E-87	0	134	136	0	134	136	135M
7504	3068	7.881E-141	0.995	8.283E-141	0	231	233	0	231	233	232M
7505	3069	5.117E-90	0.993	5.111E-90	0	149	151	0	149	151	150M
7506	3070	1.771E-221	0.955	1.789E-221	0	447	449	0	466	468	250M19D198M
7507	3071	6.900E-283	1.00	6.611E-283	0	425	427	0	425	427	426M
7508	3072	1.488E-115	0.994	1.441E-115	0	186	188	0	186	188	187M
7509	3073	2.561E-35	1.00	2.558E-35	0	61	63	0	61	63	62M
7510	3074	2.581E-212	1.00	2.473E-212	0	322	324	0	322	324	323M
7511	3075	2.828E-170	1.00	2.896E-170	0	257	259	0	257	259	258M
7512	3076	1.399E-130	0.995	1.462E-130	0	203	205	0	203	205	204M
7513	3077	8.786E-67	0.990	8.478E-67	0	105	107	0	105	107	106M
7514	3078	7.401E-78	0.992	7.713E-78	0	128	130	0	128	130	129M
7516	4102	3.093E-321	0.774	2.994E-321	0	615	617	0	616	618	109M1D507M
7517	3450	2.968E-150	1.00	2.946E-150	0	231	233	0	231	233	232M
7518	3451	1.700E-244	1.00	1.688E-244	0	396	398	0	396	398	397M
7519	3452	1.511E-237	1.00	1.577E-237	0	355	357	0	355	357	356M
7520	3453	2.877E-138	0.980	2.883E-138	0	208	210	0	208	210	209M
7521	3454	9.734E-184	0.992	9.895E-184	0	268	270	0	268	270	269M
7522	3455	5.029E-238	0.997	4.969E-238	0	364	366	0	364	366	365M
7523	3456	5.758E-213	1.00	5.810E-213	0	318	320	8	326	328	319M
7524	3457	2.217E-308	0.986	0.000E+00	122	809	811	0	687	689	688M
7525	3146	3.246E-146	0.991	3.131E-146	0	227	229	0	227	229	228M
7526	3147	1.612E-262	1.00	1.602E-262	8	425	427	0	417	419	418M
7527	3148	2.694E-190	1.00	2.590E-190	0	301	303	0	301	303	302M
7528	3149	5.744E-96	0.993	6.029E-96	0	154	156	0	154	156	155M
7529	3150	4.727E-214	0.996	4.825E-214	0	312	314	0	312	314	313M
7531	4237	3.951E-222	0.997	3.844E-222	0	333	360	0	333	334	334M
7532	2581	4.061E-310	1.00	4.169E-310	0	494	496	0	494	496	495M
7533	2580	6.598E-227	0.997	6.370E-227	0	372	374	0	372	374	373M
7534	2579	6.684E-232	0.994	6.436E-232	0	355	357	0	355	357	356M
7535	2578	2.236E-234	0.988	2.241E-234	0	362	364	0	362	364	363M
7536	2577	1.737E-175	0.977	1.757E-175	0	263	265	0	263	265	264M
7537	2576	4.727E-214	0.993	4.730E-214	0	325	327	0	325	327	326M
7538	2575	9.913E-75	0.984	9.537E-75	0	125	127	0	125	127	126M
7539	2574	2.217E-308	0.984	0.000E+00	0	514	515	0	514	549	515M
7540	1242	5.820E-16	0.970	5.814E-16	0	33	35	110	143	145	34M
7541	4296	1.852E-161	0.980	1.930E-161	0	260	262	0	260	262	261M
7542	4297	8.356E-241	0.994	8.323E-241	84	472	474	0	388	390	389M
7544	4368	5.454E-192	0.996	5.304E-192	0	292	294	0	292	294	293M
7545	4018	4.274E-59	0.488	4.150E-59	7	214	235	4	216	224	10M3D67M2D131M
7546	2823	4.281E-137	0.995	4.346E-137	0	212	214	0	212	214	213M
7547	2824	4.808E-298	0.997	4.807E-298	0	468	470	0	468	470	469M
7548	2825	2.543E-245	0.997	2.525E-245	0	389	391	0	389	391	390M
7549	2826	3.386E-201	1.00	3.297E-201	0	297	299	0	297	299	298M
7550	2827	1.214E-191	1.00	1.259E-191	0	296	299	0	296	299	297M
7551	2629	2.777E-47	1.00	2.834E-47	0	74	76	0	74	76	75M
7552	2628	1.883E-32	0.983	1.891E-32	0	60	62	0	60	62	61M
7553	2627	7.342E-307	0.997	7.091E-307	0	471	473	0	471	473	472M
7554	2079	6.343E-57	0.273	6.259E-57	9	724	726	44	765	767	20M3D19M2I4M4D42M1D5M9D27M5I29M3D16M2D24M2D36M1I20M1D22M1I4M2I3M1D46M4D10M18I26M1I17M4D24M1I12M1D30M2D41M2D52M2D128M1I7M3I17M
7555	2624	1.368E-276	0.997	1.426E-276	0	427	429	0	427	429	428M
7556	2623	5.829E-63	0.989	5.875E-63	0	92	94	0	92	94	93M
7557	2622	3.136E-210	0.993	3.104E-210	0	331	333	0	331	333	332M
7558	2621	7.119E-179	0.989	7.158E-179	0	278	280	0	278	280	279M
7559	2620	7.908E-181	0.985	8.001E-181	0	283	285	0	283	285	284M
7560	2619	4.488E-310	0.983	4.449E-310	0	475	477	0	475	477	476M
7561	2618	1.404E-54	1.00	1.453E-54	0	80	82	0	80	82	81M
7562	2617	2.217E-308	0.987	0.000E+00	0	576	578	0	576	578	577M
7563	2616	3.037E-159	0.991	2.915E-159	0	246	248	0	246	248	247M
7564	2155	2.901E-296	0.993	2.933E-296	0	448	450	0	448	450	449M
7565	2154	7.621E-128	0.990	7.303E-128	0	201	203	0	201	203	202M
7566	2153	7.497E-83	0.984	7.149E-83	0	130	132	0	130	132	131M
7567	2152	9.062E-195	1.00	8.699E-195	0	283	285	0	283	285	284M
7568	2151	9.133E-198	1.00	8.833E-198	0	304	306	0	304	306	305M
7569	2150	4.714E-213	0.955	4.555E-213	0	333	335	0	333	335	334M
7570	2149	3.662E-154	0.980	3.818E-154	0	262	264	0	262	264	263M
7571	2148	2.217E-308	0.974	0.000E+00	0	550	552	0	550	552	551M
7572	2147	6.639E-152	0.974	6.387E-152	0	230	232	0	230	232	231M
7573	2146	5.548E-276	0.985	5.461E-276	0	422	424	0	422	424	423M
7574	2145	4.135E-201	0.996	4.171E-201	0	302	304	0	302	304	303M
7575	2144	7.387E-232	0.994	7.315E-232	0	351	353	0	351	353	352M
7576	2143	1.532E-165	0.988	1.508E-165	0	260	262	0	260	262	261M
7577	2142	2.413E-302	0.989	2.518E-302	0	466	468	0	466	468	467M
7578	2141	1.233E-313	0.958	1.291E-313	0	510	512	0	510	512	511M
7579	2140	1.610E-223	0.997	1.667E-223	0	338	340	0	338	340	339M
7580	2139	2.823E-208	0.996	2.743E-208	0	319	321	0	319	321	320M
7581	3091	1.619E-225	0.993	1.654E-225	0	327	329	0	327	329	328M
7582	3092	1.754E-256	0.992	1.710E-256	0	378	380	0	378	380	379M
7583	3093	2.599E-176	0.996	2.567E-176	0	249	251	0	249	251	250M
7584	3094	6.006E-268	1.00	6.312E-268	0	408	410	0	408	410	409M
7585	3095	1.128E-240	0.994	1.137E-240	0	362	364	0	362	364	363M
7586	3096	2.635E-220	1.00	2.541E-220	0	333	335	0	333	335	334M
7587	3097	2.713E-270	0.990	2.810E-270	0	400	402	0	400	402	401M
7588	3098	2.685E-266	0.992	2.703E-266	0	394	396	0	394	396	395M
7589	3099	3.988E-187	1.00	3.851E-187	0	282	284	0	282	284	283M
7590	3100	1.506E-81	1.00	1.527E-81	0	128	130	0	128	130	129M
7591	3101	1.441E-64	1.00	1.430E-64	0	100	102	0	100	102	101M
7592	4404	2.678E-29	1.00	2.669E-29	0	53	55	4	57	59	54M
7593	4403	6.509E-67	0.973	6.336E-67	0	112	114	0	112	114	113M
7594	4402	3.778E-50	0.954	3.734E-50	0	87	89	0	87	89	88M
7595	2913	3.502E-214	1.00	3.525E-214	0	320	375	0	320	321	321M
7596	2914	7.660E-130	1.00	7.298E-130	0	197	199	0	197	199	198M
7597	2915	3.536E-63	1.00	3.634E-63	0	108	110	0	108	110	109M
7598	2916	2.494E-44	1.00	2.536E-44	0	77	79	0	77	79	78M
7599	2917	1.591E-257	0.989	1.546E-257	0	394	396	0	394	396	395M
7600	2918	1.678E-239	0.986	1.764E-239	0	360	362	0	360	362	361M
7602	4366	7.250E-70	0.991	7.522E-70	8	123	125	0	115	117	116M
7604	4442	9.637E-37	1.00	9.600E-37	0	65	67	0	65	67	66M
7605	4441	5.224E-98	0.978	5.075E-98	0	140	142	0	140	142	141M
7606	3624	2.828E-54	1.00	2.967E-54	0	88	90	0	88	90	89M
7607	3623	6.170E-85	1.00	6.102E-85	0	136	138	0	136	138	137M
7608	3622	2.753E-237	0.997	2.762E-237	0	367	369	0	367	369	368M
7609	3621	2.237E-118	0.994	2.136E-118	0	195	197	0	195	197	196M
7610	3620	1.439E-102	1.00	1.441E-102	0	152	154	0	152	154	153M
7612	1713	1.215E-230	0.975	1.230E-230	0	371	373	0	371	373	372M
7613	1712	1.987E-227	0.983	1.892E-227	0	373	375	0	373	375	374M
7614	1711	2.217E-308	0.991	0.000E+00	0	584	586	0	584	586	585M
7616	1708	1.924E-137	0.990	1.855E-137	0	214	216	0	214	216	215M
7617	1707	7.094E-255	0.997	6.995E-255	0	390	392	0	390	392	391M
7618	1706	6.288E-131	0.990	5.986E-131	0	207	233	0	207	712	208M
7619	2989	4.150E-241	0.981	4.314E-241	0	375	377	40	415	417	376M
7620	3984	2.927E-106	0.988	2.812E-106	0	169	207	0	169	170	170M
7621	3985	2.217E-308	0.994	0.000E+00	0	524	526	0	524	526	525M
7622	3986	2.655E-223	0.997	2.593E-223	0	361	363	0	361	363	362M
7625	3987	7.317E-267	0.954	7.647E-267	0	421	423	26	447	449	422M
7626	3581	5.884E-144	0.968	5.785E-144	0	224	226	0	224	226	225M
7627	3582	1.049E-212	0.993	1.055E-212	0	324	326	0	324	326	325M
7628	3583	6.292E-286	1.00	6.304E-286	0	438	440	0	438	440	439M
7629	3584	4.006E-150	0.995	4.038E-150	0	231	233	0	231	233	232M
7630	3585	1.690E-87	0.967	1.650E-87	0	151	153	0	151	153	152M
7631	3586	5.026E-83	0.979	5.172E-83	0	143	145	0	143	145	144M
7632	3587	1.897E-209	0.990	1.889E-209	0	309	311	0	309	311	310M
7633	3588	1.596E-297	0.995	1.569E-297	0	446	448	0	446	448	447M
7634	2967	2.508E-201	0.986	2.484E-201	0	291	293	0	291	293	292M
7635	2959	6.117E-159	0.983	6.216E-159	0	242	244	0	242	244	243M
7636	2960	6.536E-262	0.995	6.488E-262	0	428	430	0	428	430	429M
7637	2961	6.491E-182	0.966	6.249E-182	0	269	271	0	269	271	270M
7638	2962	3.797E-284	0.991	3.824E-284	0	445	447	0	445	447	446M
7639	4068	8.539E-25	0.956	8.546E-25	0	45	47	0	45	47	46M
7643	3368	1.025E-87	0.795	1.013E-87	0	180	183	27	207	214	181M
7644	4320	1.087E-303	0.986	1.068E-303	0	459	461	0	459	461	460M
7646	2787	2.217E-308	0.991	0.000E+00	0	611	613	0	611	613	612M
7647	2788	2.217E-308	0.997	0.000E+00	0	479	481	0	479	481	480M
7648	2789	1.139E-205	0.990	1.170E-205	0	307	309	0	307	309	308M
7649	2790	1.289E-137	0.995	1.231E-137	0	212	214	0	212	214	213M
7650	2791	2.895E-63	1.00	2.913E-63	0	97	99	0	97	115	98M
7652	4356	1.057E-215	0.993	1.054E-215	0	304	340	0	304	305	305M
7653	2661	1.111E-118	0.989	1.100E-118	0	181	183	0	181	183	182M
7654	2660	3.212E-258	0.975	3.087E-258	0	400	402	0	400	402	401M
7655	2659	5.421E-151	0.965	5.538E-151	0	229	231	0	229	231	230M
7656	2658	4.974E-79	0.905	5.048E-79	0	137	139	0	137	139	138M
7658	2656	4.965E-233	0.983	4.937E-233	0	353	356	0	353	356	354M
7659	2655	4.461E-269	0.990	4.676E-269	0	407	415	0	407	413	408M
7660	1317	3.751E-24	0.407	3.747E-24	2	114	141	5	117	146	113M
7662	2657	2.325E-133	0.780	2.231E-133	0	266	269	0	266	269	22M2D11M2I232M
7663	3494	2.537E-128	0.658	2.626E-128	43	335	348	4	296	299	293M
7664	1873	8.954E-113	0.407	8.990E-113	12	491	507	22	498	508	74M1I288M3D8M4I27M2I43M1D33M
7665	4448	6.337E-134	0.746	6.640E-134	23	274	277	0	251	254	252M
7666	3494	9.802E-148	0.731	1.018E-147	0	296	298	0	297	299	201M1D96M
7667	346	1.234E-120	0.441	1.225E-120	14	473	482	21	479	483	315M1I144M
7668	3361	2.054E-85	0.440	2.054E-85	0	323	329	6	327	333	165M1I18M2I57M1D81M
7669	1613	8.628E-176	0.544	9.062E-176	10	537	551	15	561	572	10M6D211M4D10M4D83M6D5M2I155M1D52M
7670	1614	4.530E-08	0.313	4.508E-08	0	98	104	0	98	111	99M
7671	791	6.459E-64	0.305	6.497E-64	16	528	545	23	535	543	15M5I100M2I20M3D15M1I6M2D28M2I46M2I75M2D20M3D6M1I4M2D5M1D36M2D75M5D10M6I10M1I22M
7673	3207	3.571E-32	0.315	3.585E-32	8	248	256	5	239	245	40M4I83M1I63M1I49M
7674	1447	2.315E-54	0.334	2.432E-54	0	384	387	0	404	414	35M2D3M8D95M1I33M2D17M6D21M1D106M1D7M1D67M
7678	2989	1.374E-239	0.973	1.380E-239	0	375	377	40	415	417	376M
7679	2988	1.799E-26	0.884	1.790E-26	0	51	52	0	51	123	52M
7680	2987	2.217E-308	0.998	0.000E+00	0	594	596	0	594	596	595M
7681	2986	4.358E-260	0.997	4.417E-260	0	390	392	0	390	392	391M
7682	2985	6.731E-196	0.986	7.036E-196	0	300	312	0	300	313	301M
7683	3080	9.323E-206	0.987	9.177E-206	0	322	324	0	322	324	323M
7684	3081	1.062E-294	0.997	1.040E-294	0	457	459	0	457	459	458M
7685	3082	1.192E-184	0.986	1.136E-184	0	289	291	0	289	291	290M
7686	3083	3.257E-186	0.996	3.120E-186	0	293	295	0	293	295	294M
7689	3084	2.767E-239	1.00	2.711E-239	0	349	351	0	349	351	350M
7690	3085	2.347E-214	0.982	2.462E-214	0	338	340	0	338	340	339M
7691	3086	4.168E-204	0.978	4.308E-204	17	337	339	0	320	322	321M
7692	3087	3.117E-169	0.988	2.987E-169	0	253	255	0	253	255	254M
7693	3088	7.814E-99	0.912	8.122E-99	2	161	163	3	162	164	160M
7694	3089	2.864E-175	0.965	3.004E-175	0	261	263	0	261	263	262M
7695	3090	4.650E-169	0.966	4.625E-169	0	269	271	0	267	269	209M2I59M
7696	2995	8.808E-184	0.948	9.077E-184	0	293	295	0	293	295	294M
7697	2996	2.217E-308	0.977	0.000E+00	0	496	498	0	496	498	497M
7698	2997	2.763E-161	0.960	2.737E-161	0	254	256	0	254	256	255M
7699	2998	8.671E-294	0.951	8.915E-294	0	449	451	14	463	465	450M
7700	2999	8.536E-21	0.925	8.561E-21	0	39	41	0	39	41	40M
7701	2458	5.371E-70	0.900	5.227E-70	1	120	124	24	143	159	120M
7713	1907	1.034E-36	0.270	1.030E-36	14	472	487	2	469	493	34M1D30M1I70M5I106M16D11M2D29M1I25M1I10M6I12M4D39M2D30M4D7M5I13M1I23M
7714	3268	1.066E-218	0.997	1.051E-218	0	352	354	0	352	354	353M
7715	3269	2.217E-308	0.994	0.000E+00	0	514	516	0	514	516	515M
7716	3270	3.240E-184	0.992	3.387E-184	0	272	274	0	272	274	273M
7717	3271	2.217E-308	0.979	0.000E+00	0	527	529	0	527	529	528M
7718	3272	1.244E-278	0.995	1.290E-278	0	441	443	0	441	443	442M
7719	3273	4.730E-253	0.958	4.780E-253	0	386	388	0	386	388	387M
7720	3274	1.272E-209	0.993	1.289E-209	0	321	323	0	321	323	322M
7721	3275	2.349E-137	0.976	2.425E-137	0	213	215	0	213	215	214M
7722	3276	6.872E-88	0.965	6.594E-88	0	144	147	0	144	147	145M
7723	3574	7.747E-57	1.00	7.693E-57	6	102	104	5	101	103	97M
7724	3575	4.424E-111	0.939	4.566E-111	0	180	187	0	180	183	181M
7731	2884	5.219E-175	0.960	5.107E-175	0	279	281	0	279	281	280M
7732	2885	7.888E-180	0.972	7.981E-180	0	285	287	0	285	287	286M
7733	2886	5.025E-199	0.967	4.941E-199	0	303	305	42	345	347	304M
7734	2887	1.468E-226	0.997	1.448E-226	9	349	351	0	340	342	341M
7735	2888	1.771E-221	1.00	1.774E-221	0	330	332	0	330	332	331M
7736	2889	1.468E-226	0.985	1.465E-226	0	356	358	0	356	358	357M
7737	2890	2.256E-160	0.983	2.340E-160	0	246	248	0	246	248	247M
7738	2891	5.689E-247	0.992	5.554E-247	0	395	397	0	395	397	396M
7739	2892	2.217E-308	0.994	0.000E+00	0	1035	1037	0	1035	1037	1036M
7740	285	1.922E-214	0.699	1.893E-214	4	461	466	5	463	485	41M1D417M
7741	2886	6.902E-51	0.385	6.610E-51	2	293	305	55	338	347	14M1D5M6I134M4I40M2D54M1D7M2I26M
7742	590	7.902E-142	0.464	7.620E-142	13	488	514	5	480	497	113M1I79M1D82M1I152M1D48M
7746	2647	3.444E-18	0.248	3.456E-18	24	397	458	66	428	482	25M2I29M1D24M1D40M3D4M1D6M5I75M1D19M2I28M2I4M1I19M4I16M3I46M1D20M
7748	1918	1.198E-70	0.331	1.243E-70	13	349	352	14	439	504	7M6I34M5I50M3I6M89D53M1I48M17D13M1D50M5I2M2D54M
7750	4251	1.084E-70	0.734	1.068E-70	0	174	178	0	175	186	40M1I36M1D29M1D69M
7751	1242	5.820E-16	0.970	5.814E-16	0	33	35	110	143	145	34M
7752	2039	3.238E-29	0.297	3.250E-29	23	282	289	24	281	284	101M4I14M4D8M4D26M4I20M2I14M1I16M1D50M
7758	477	2.217E-308	0.865	0.000E+00	0	592	596	0	592	599	593M
7759	476	9.861E-189	0.996	9.630E-189	0	284	286	0	284	286	285M
7760	475	3.381E-38	1.00	3.367E-38	0	74	76	0	74	76	75M
7761	474	8.809E-68	1.00	9.064E-68	0	111	113	0	111	113	112M
7762	473	1.548E-285	0.997	1.534E-285	0	464	466	0	464	466	465M
7763	472	1.907E-95	1.00	1.846E-95	0	151	153	0	151	153	152M
7764	471	3.687E-234	0.991	3.834E-234	0	360	362	0	360	362	361M
7765	470	1.073E-298	1.00	1.070E-298	0	429	431	0	429	431	430M
7766	469	1.599E-143	1.00	1.538E-143	0	218	220	0	218	220	219M
7767	468	1.847E-44	1.00	1.878E-44	0	71	73	0	71	73	72M
7768	467	1.374E-123	0.990	1.435E-123	0	210	212	0	210	212	211M
7769	466	2.293E-89	1.00	2.266E-89	0	134	136	0	134	136	135M
7770	465	6.782E-315	1.00	6.991E-315	0	481	483	0	481	483	482M
7771	464	8.122E-230	1.00	8.447E-230	0	365	367	0	365	367	366M
7772	463	1.484E-230	1.00	1.503E-230	0	355	357	0	355	357	356M
7773	462	2.217E-308	0.990	0.000E+00	0	514	516	0	514	516	515M
7774	461	1.425E-253	0.987	1.371E-253	0	393	395	0	393	395	394M
7775	460	2.694E-306	0.983	2.618E-306	0	472	474	0	472	474	473M
7776	459	2.217E-308	0.992	0.000E+00	0	521	523	0	521	523	522M
7777	458	8.510E-132	1.00	8.688E-132	0	210	212	0	210	212	211M
7778	457	2.823E-208	0.997	2.941E-208	0	334	336	0	334	336	335M
7779	456	5.161E-248	1.00	5.213E-248	0	378	380	0	378	380	379M
7780	455	1.235E-275	1.00	1.191E-275	0	432	434	0	432	434	433M
7781	454	2.150E-180	0.992	2.101E-180	0	270	272	0	270	272	271M
7782	453	2.281E-203	0.993	2.261E-203	0	305	307	0	305	307	306M
7783	452	5.207E-58	1.00	5.047E-58	0	98	100	0	98	100	99M
7784	451	2.217E-308	1.00	0.000E+00	0	616	618	0	616	618	617M
7785	450	9.365E-53	0.975	9.810E-53	0	82	84	0	82	84	83M
7786	449	2.327E-288	0.993	2.410E-288	0	447	449	0	447	449	448M
7787	448	5.351E-262	1.00	5.427E-262	0	397	399	0	397	399	398M
7788	447	1.545E-207	0.987	1.558E-207	0	309	311	0	309	311	310M
7789	446	2.434E-112	1.00	2.505E-112	0	177	179	0	177	179	178M
7790	445	6.559E-186	0.996	6.687E-186	0	269	271	0	269	271	270M
7791	444	7.780E-136	0.990	8.034E-136	0	207	209	0	207	209	208M
7792	443	2.217E-308	1.00	0.000E+00	0	624	626	0	624	626	625M
7793	442	8.018E-225	0.974	7.656E-225	0	353	355	0	353	355	354M
7794	441	4.539E-121	0.989	4.624E-121	0	192	194	0	192	194	193M
7795	440	1.314E-183	0.983	1.258E-183	0	300	302	0	300	302	301M
7796	439	1.244E-278	0.988	1.243E-278	0	447	449	0	447	449	448M
7797	438	2.713E-154	0.995	2.629E-154	15	254	256	0	239	241	240M
7798	437	1.412E-56	1.00	1.372E-56	0	88	90	0	88	90	89M
7799	436	5.355E-301	1.00	5.551E-301	0	458	460	0	458	460	459M
7800	435	2.536E-244	0.997	2.580E-244	0	378	380	0	378	380	379M
7801	434	1.838E-158	1.00	1.844E-158	0	245	247	0	245	247	246M
7802	433	1.017E-200	0.996	1.038E-200	0	308	310	0	308	310	309M
7803	432	3.117E-169	0.992	3.132E-169	0	254	256	0	254	256	255M
7804	431	2.089E-169	0.992	1.996E-169	0	278	280	0	278	280	279M
7805	430	2.630E-258	0.994	2.563E-258	0	396	398	0	396	398	397M
7806	3199	2.001E-13	0.259	2.000E-13	0	127	147	5	135	145	39M3D89M
7808	3720	8.067E-150	1.00	8.172E-150	24	246	248	0	222	224	223M
7809	3721	2.364E-178	0.992	2.410E-178	0	277	279	0	277	279	278M
7810	3722	2.217E-308	0.997	0.000E+00	0	757	759	0	757	759	758M
7811	3723	7.621E-128	0.995	7.415E-128	0	208	210	0	208	210	209M
7812	3724	9.701E-144	0.972	9.434E-144	0	221	223	0	221	223	222M
7813	3725	2.217E-308	0.993	0.000E+00	0	496	498	0	496	498	497M
7814	3726	1.682E-85	1.00	1.688E-85	0	127	131	0	127	134	128M
7815	954	2.813E-21	1.00	2.807E-21	0	37	38	0	37	38	38M
7816	1242	1.432E-15	0.969	1.430E-15	0	32	34	111	143	145	33M
7817	4282	2.319E-43	0.961	2.325E-43	0	77	79	0	77	79	78M
7818	4280	1.195E-69	0.982	1.198E-69	0	113	115	0	113	115	114M
7819	3881	6.460E-37	0.805	6.430E-37	0	76	78	1	77	79	77M
7821	4111	7.071E-41	0.875	7.062E-41	0	71	73	0	71	73	72M
7822	2457	6.794E-41	1.00	6.796E-41	0	70	85	0	70	73	71M
7823	2458	3.227E-105	1.00	3.322E-105	0	157	159	0	157	159	158M
7824	3609	5.497E-79	0.953	5.449E-79	0	129	134	0	129	134	130M
7825	2460	8.584E-58	0.664	8.618E-58	0	129	131	0	132	134	91M7D26M4I9M
7826	2461	1.792E-71	1.00	1.787E-71	0	111	113	0	111	113	112M
7827	2462	6.937E-169	0.969	7.203E-169	0	264	267	0	264	267	265M
7828	2463	1.073E-182	0.959	1.078E-182	0	292	294	0	292	294	293M
7829	2465	1.158E-22	0.614	1.156E-22	1	70	75	26	95	99	70M
7830	2466	1.248E-47	0.954	1.225E-47	3	89	91	37	123	125	87M
7832	2469	2.024E-118	0.742	2.085E-118	5	249	251	9	253	255	245M
7833	2470	8.274E-36	0.984	8.259E-36	0	63	72	0	63	72	64M
7838	3596	8.372E-87	0.958	8.644E-87	0	145	148	0	145	147	146M
7839	4387	9.536E-60	0.958	9.803E-60	0	95	97	0	95	97	96M
7840	3595	4.352E-66	0.943	4.323E-66	0	106	108	0	106	108	107M
7841	4407	3.791E-206	1.00	3.960E-206	0	310	374	0	310	311	311M
7842	4230	2.178E-69	0.527	2.164E-69	40	309	311	40	319	321	4M2D25M1D6M4D10M3I2M3I38M2D37M3D12M4D130M
7843	4231	3.436E-52	1.00	3.477E-52	0	82	84	0	82	84	83M
7847	1117	3.623E-26	0.456	3.629E-26	0	102	106	0	102	110	103M
7849	4181	5.357E-69	0.973	5.538E-69	0	112	114	0	112	114	113M
7850	4183	6.272E-130	0.979	6.032E-130	0	193	195	0	193	195	194M
7851	3591	1.386E-165	0.976	1.373E-165	0	258	260	0	258	260	259M
7853	3477	2.217E-308	1.00	0.000E+00	0	808	810	0	808	810	809M
7854	3478	1.771E-105	1.00	1.854E-105	0	158	160	0	158	160	159M
7855	3479	7.064E-176	1.00	7.046E-176	0	257	259	0	257	259	258M
7856	2156	2.378E-219	0.990	2.429E-219	37	368	370	0	331	333	332M
7857	2157	4.535E-314	0.997	4.323E-314	0	466	468	0	466	468	467M
7858	2158	4.650E-169	0.992	4.565E-169	0	262	264	0	262	264	263M
7859	2159	2.442E-152	0.995	2.365E-152	0	229	231	0	229	231	230M
7860	2160	4.337E-142	1.00	4.492E-142	0	216	218	0	216	218	217M
7861	2161	1.764E-297	1.00	1.847E-297	0	436	438	0	436	438	437M
7862	2162	2.214E-114	0.994	2.269E-114	0	171	173	0	171	173	172M
7863	2163	2.217E-308	1.00	0.000E+00	0	671	673	0	671	673	672M
7864	2164	2.040E-121	0.989	2.096E-121	0	182	184	0	182	184	183M
7865	2165	5.459E-115	0.968	5.597E-115	0	188	190	0	188	190	189M
7866	2166	1.273E-132	1.00	1.289E-132	0	203	205	0	203	205	204M
7867	2167	9.626E-141	0.990	9.274E-141	0	220	222	0	220	222	221M
7868	2168	1.181E-103	0.993	1.177E-103	0	159	161	0	159	161	160M
7869	2169	2.217E-308	0.996	0.000E+00	0	565	567	0	565	567	566M
7870	2170	1.751E-62	0.980	1.722E-62	0	101	103	0	101	103	102M
7871	2171	1.291E-60	1.00	1.305E-60	0	99	101	0	99	101	100M
7872	2172	8.393E-204	0.989	8.136E-204	0	290	292	0	290	292	291M
7873	2173	1.301E-63	1.00	1.278E-63	0	106	108	0	106	108	107M
7874	2174	8.681E-101	1.00	8.483E-101	0	158	160	0	158	160	159M
7875	2175	2.217E-308	1.00	0.000E+00	0	533	535	0	533	535	534M
7876	3915	3.930E-220	1.00	3.775E-220	0	328	330	0	328	330	329M
7877	3917	2.448E-269	1.00	2.469E-269	0	424	442	0	424	432	425M
7878	3736	2.820E-285	0.995	2.937E-285	0	444	446	0	444	446	445M
7879	3737	2.390E-105	0.982	2.288E-105	0	169	171	0	169	171	170M
7880	3738	2.440E-113	0.989	2.427E-113	0	181	183	0	181	183	182M
7881	3739	2.217E-308	0.992	0.000E+00	0	536	538	0	536	538	537M
7882	3740	2.521E-203	1.00	2.568E-203	0	301	303	0	301	303	302M
7883	3741	2.956E-17	0.968	2.968E-17	0	31	33	0	31	33	32M
7884	2138	3.262E-264	1.00	3.389E-264	0	403	405	0	403	405	404M
7885	2137	4.336E-258	0.997	4.427E-258	0	374	376	0	374	376	375M
7886	2136	1.617E-186	0.960	1.695E-186	0	280	282	0	280	282	281M
7887	2135	3.979E-70	1.00	4.011E-70	0	110	112	0	110	112	111M
7888	2134	4.801E-220	0.997	4.772E-220	0	333	335	0	333	335	334M
7889	2133	7.614E-205	1.00	7.755E-205	27	334	336	2	309	311	308M
7890	2131	1.761E-219	0.994	1.683E-219	0	333	335	0	333	335	334M
7891	2130	2.217E-308	0.998	0.000E+00	0	642	644	0	642	644	643M
7892	2129	2.472E-118	0.994	2.384E-118	0	184	186	0	184	186	185M
7893	2128	1.093E-73	0.992	1.055E-73	0	129	131	0	129	131	130M
7894	2127	2.217E-308	1.00	0.000E+00	0	821	823	0	821	823	822M
7895	2126	1.845E-237	0.997	1.901E-237	0	359	361	0	359	361	360M
7896	2125	1.874E-243	1.00	1.964E-243	0	381	383	0	381	383	382M
7897	2124	1.792E-303	0.997	1.846E-303	0	464	466	0	464	466	465M
7898	1259	3.212E-22	1.00	3.213E-22	0	43	45	0	43	45	44M
7899	1260	3.694E-80	0.992	3.770E-80	0	129	131	0	129	131	130M
7900	1261	1.471E-72	1.00	1.459E-72	0	105	107	0	105	107	106M
7901	1262	2.217E-308	0.998	0.000E+00	0	585	587	0	585	587	586M
7902	1263	7.806E-292	0.995	7.684E-292	0	450	452	0	450	452	451M
7904	2970	2.075E-205	0.984	2.176E-205	0	327	329	0	323	325	164M4I160M
7905	2971	4.037E-153	0.991	3.920E-153	0	231	233	0	231	233	232M
7906	2972	2.520E-48	1.00	2.447E-48	0	82	84	0	82	84	83M
7907	2973	3.622E-111	1.00	3.715E-111	0	174	176	0	174	176	175M
7908	2974	1.901E-28	1.00	1.897E-28	0	48	50	0	48	50	49M
7909	2975	2.172E-300	0.988	2.175E-300	0	440	442	0	440	442	441M
7910	2976	5.572E-239	0.974	5.337E-239	0	350	352	0	350	352	351M
7911	3437	2.741E-274	0.979	2.806E-274	0	385	387	0	385	387	386M
7912	3436	4.030E-75	0.975	3.983E-75	0	120	122	0	120	122	121M
7913	3435	1.015E-199	1.00	1.047E-199	0	317	319	0	317	319	318M
7914	3434	3.765E-126	0.994	3.648E-126	0	197	199	0	197	199	198M
7915	3433	3.587E-262	0.984	3.556E-262	22	415	417	0	393	395	394M
7916	3432	8.093E-306	0.989	8.234E-306	0	456	458	0	456	458	457M
7917	3431	7.401E-78	1.00	7.184E-78	0	120	122	0	120	122	121M
7918	3430	5.879E-105	1.00	5.896E-105	0	169	171	0	169	171	170M
7919	3429	7.503E-238	0.994	7.214E-238	0	357	374	0	357	358	358M
7920	3784	5.178E-288	0.997	5.036E-288	0	429	431	0	429	431	430M
7921	3783	8.970E-75	1.00	8.661E-75	0	123	125	0	123	125	124M
7922	3782	3.120E-208	0.988	3.081E-208	0	335	337	0	335	337	336M
7923	4325	5.099E-166	0.963	4.971E-166	31	304	306	3	276	278	274M
7924	2346	2.217E-308	0.998	0.000E+00	0	645	647	0	645	647	646M
7925	2347	3.575E-106	1.00	3.556E-106	0	183	185	0	183	185	184M
7926	2348	5.025E-199	0.996	4.874E-199	0	296	298	0	296	298	297M
7927	2349	2.917E-182	0.989	3.011E-182	0	287	289	0	287	289	288M
7928	2350	8.378E-37	1.00	8.400E-37	0	75	77	0	75	77	76M
7929	2351	4.307E-62	0.990	4.340E-62	0	107	109	0	107	109	108M
7930	2352	1.250E-241	0.991	1.236E-241	0	355	357	0	355	357	356M
7931	2353	7.407E-117	1.00	7.664E-117	0	179	186	0	179	188	180M
7932	360	1.969E-146	0.974	1.922E-146	0	232	259	0	232	337	233M
7933	359	3.714E-82	1.00	3.556E-82	0	124	126	0	124	126	125M
7934	358	1.409E-94	1.00	1.457E-94	0	148	150	0	148	150	149M
7935	357	2.217E-308	0.998	0.000E+00	0	877	879	0	877	879	878M
7936	356	5.694E-170	0.988	5.618E-170	0	251	253	0	251	253	252M
7937	355	1.218E-115	1.00	1.212E-115	0	189	191	0	189	191	190M
7938	354	2.217E-308	0.995	0.000E+00	0	658	660	0	658	660	659M
7939	353	6.831E-47	1.00	6.517E-47	0	78	80	0	78	80	79M
7940	352	6.235E-31	0.963	6.249E-31	0	54	56	0	54	56	55M
7941	351	6.548E-108	1.00	6.766E-108	0	166	168	0	166	168	167M
7942	350	8.474E-53	0.989	8.130E-53	0	91	93	0	91	93	92M
7943	349	2.217E-308	0.996	0.000E+00	0	568	570	0	568	570	569M
7944	348	2.101E-28	1.00	2.106E-28	0	50	52	0	50	52	51M
7945	347	8.344E-47	1.00	8.508E-47	0	77	79	0	77	79	78M
7946	346	2.217E-308	0.997	0.000E+00	0	481	483	0	481	483	482M
7947	345	8.985E-153	1.00	9.183E-153	0	229	231	0	229	231	230M
7948	344	3.646E-191	1.00	3.634E-191	0	286	288	0	286	288	287M
7949	343	5.407E-150	1.00	5.245E-150	0	250	252	0	250	252	251M
7950	342	1.125E-123	1.00	1.135E-123	0	205	207	0	205	207	206M
7951	341	1.107E-78	1.00	1.075E-78	0	133	135	0	133	135	134M
7952	340	4.991E-119	1.00	5.215E-119	0	172	174	0	172	174	173M
7953	339	5.572E-239	0.997	5.337E-239	0	350	352	0	350	352	351M
7954	338	5.987E-112	0.994	5.759E-112	0	168	170	0	168	170	169M
7955	337	1.362E-197	0.996	1.315E-197	0	279	281	0	279	281	280M
7956	336	2.201E-73	0.966	2.305E-73	0	119	121	0	119	122	120M
7957	335	2.702E-75	1.00	2.636E-75	0	118	120	0	118	120	119M
7958	334	4.523E-197	0.996	4.353E-197	0	271	273	0	271	273	272M
7959	333	1.920E-175	0.992	1.902E-175	0	258	260	0	258	260	259M
7960	332	2.217E-308	0.920	0.000E+00	0	776	778	0	729	731	310M47I420M
7961	331	2.217E-308	0.997	0.000E+00	0	725	727	0	725	727	726M
7962	330	2.244E-158	1.00	2.152E-158	0	255	257	0	255	257	256M
7963	329	1.514E-83	0.986	1.534E-83	0	144	146	0	144	146	145M
7964	328	1.535E-38	1.00	1.539E-38	0	71	73	0	71	73	72M
7965	327	4.374E-184	0.986	4.200E-184	0	287	292	0	287	292	288M
7966	326	3.505E-137	0.985	3.429E-137	0	207	209	0	207	209	208M
7967	325	4.023E-113	0.994	4.148E-113	0	179	181	0	179	181	180M
7968	324	3.804E-130	1.00	3.703E-130	0	196	198	0	196	198	197M
7969	323	1.477E-267	1.00	1.425E-267	0	385	387	0	385	387	386M
7970	322	2.217E-308	1.00	0.000E+00	0	564	566	0	564	566	565M
7971	321	1.212E-113	0.722	1.160E-113	0	226	228	0	226	228	227M
7972	320	8.784E-299	0.606	9.097E-299	0	742	744	1	766	768	260M8D142M3D8M3D30M1D35M16D9M2I38M1I16M3D80M13I5M5D104M
7973	3103	5.548E-276	1.00	5.623E-276	0	443	445	0	443	445	444M
7974	3104	6.949E-131	1.00	6.747E-131	0	200	202	0	200	202	201M
7975	3105	2.089E-285	1.00	2.025E-285	0	436	438	0	436	438	437M
7976	3106	4.567E-162	0.991	4.765E-162	0	237	239	0	237	239	238M
7977	3107	4.003E-111	1.00	4.155E-111	0	183	185	0	183	185	184M
7978	3108	2.217E-308	1.00	0.000E+00	0	507	509	0	507	509	508M
7979	3109	2.217E-308	0.994	0.000E+00	0	713	715	0	713	715	714M
7980	3110	1.532E-281	1.00	1.598E-281	0	419	421	0	419	421	420M
7982	1905	1.531E-126	0.989	1.460E-126	0	191	193	0	191	193	192M
7983	1904	7.916E-104	0.988	8.093E-104	0	171	173	0	171	173	172M
7984	1903	9.116E-236	0.980	9.046E-236	0	354	356	0	354	356	355M
7985	1902	1.379E-163	0.955	1.330E-163	0	248	250	0	248	250	249M
7986	1901	2.967E-266	1.00	3.110E-266	0	397	399	0	397	399	398M
7987	1900	1.188E-260	0.997	1.236E-260	0	410	412	0	410	412	411M
7988	1899	3.386E-201	1.00	3.231E-201	0	310	312	0	310	312	311M
7989	2176	1.811E-307	0.993	1.885E-307	0	487	492	0	487	513	488M
7990	2177	9.520E-40	1.00	9.496E-40	0	66	68	0	66	68	67M
7991	2178	1.654E-156	0.995	1.624E-156	0	233	235	0	233	235	234M
7992	2179	1.158E-250	0.997	1.188E-250	0	399	405	0	399	401	400M
7993	2180	2.217E-308	0.997	0.000E+00	0	691	693	10	701	703	692M
7994	2181	1.026E-126	1.00	1.015E-126	0	190	192	0	190	192	191M
7995	2182	2.217E-308	0.989	0.000E+00	0	847	849	0	847	849	848M
7996	2183	1.257E-166	0.980	1.211E-166	0	260	262	0	260	262	261M
7997	2184	1.993E-112	0.994	2.030E-112	0	166	168	0	166	168	167M
7998	2185	4.987E-80	1.00	4.814E-80	0	121	123	0	121	123	122M
7999	2186	9.420E-210	0.986	9.454E-210	0	301	303	0	301	303	302M
8000	2187	3.041E-24	1.00	3.044E-24	0	45	47	0	45	47	46M
8001	2188	1.061E-255	0.992	1.080E-255	0	376	379	0	376	378	377M
8002	2345	2.108E-95	0.986	2.032E-95	0	149	155	0	149	150	150M
8003	2344	2.217E-308	0.987	0.000E+00	0	1505	1507	0	1505	1507	1506M
8004	2343	2.217E-308	0.997	0.000E+00	0	691	693	0	691	693	692M
8005	2342	3.697E-119	1.00	3.525E-119	0	177	179	0	177	179	178M
8006	2341	2.994E-76	1.00	3.031E-76	0	119	121	0	119	121	120M
8007	2340	1.660E-80	1.00	1.734E-80	0	126	128	0	126	128	127M
8008	2339	2.543E-129	0.990	2.660E-129	0	211	213	0	211	213	212M
8009	2338	7.273E-226	1.00	7.561E-226	0	371	373	0	371	373	372M
8010	2337	2.217E-308	0.998	0.000E+00	0	1031	1033	0	1031	1033	1032M
8011	2336	2.217E-308	0.996	0.000E+00	0	570	572	0	570	572	571M
8012	2335	3.968E-69	1.00	4.037E-69	0	111	114	0	111	114	112M
8013	2334	1.802E-73	1.00	1.722E-73	0	113	115	0	113	115	114M
8015	1	2.588E-97	0.986	2.640E-97	0	148	150	0	148	150	149M
8016	2	4.543E-160	0.991	4.329E-160	0	239	241	0	239	241	240M
8017	3	1.650E-155	0.991	1.623E-155	0	235	237	0	235	237	236M
8018	4	2.291E-166	0.985	2.225E-166	0	273	275	0	273	275	274M
8019	5	1.778E-184	0.996	1.832E-184	0	306	308	0	306	308	307M
8020	6	1.903E-249	0.994	1.916E-249	0	368	370	0	368	370	369M
8021	7	1.419E-290	0.992	1.421E-290	0	418	420	290	708	710	419M
8022	1242	5.820E-16	0.970	5.814E-16	0	33	35	110	143	145	34M
8024	1047	1.328E-71	0.991	1.299E-71	2	124	126	240	362	364	123M
8025	2691	2.217E-308	0.988	0.000E+00	0	675	677	0	675	677	676M
8026	2690	6.609E-305	1.00	6.418E-305	0	446	448	0	446	448	447M
8027	2689	4.905E-267	0.997	5.086E-267	0	419	421	0	419	421	420M
8028	2688	2.034E-236	1.00	2.098E-236	0	343	345	0	343	345	344M
8029	2687	1.078E-145	1.00	1.038E-145	0	219	221	0	219	221	220M
8030	2686	2.217E-308	0.988	0.000E+00	0	703	705	0	703	705	704M
8031	2685	4.496E-272	0.992	4.569E-272	0	413	415	0	413	415	414M
8032	1583	2.269E-317	0.959	2.331E-317	0	517	530	0	517	518	518M
8033	1582	3.900E-217	0.985	3.921E-217	0	335	337	0	335	337	336M
8034	1581	2.179E-224	0.980	2.241E-224	0	349	351	0	349	351	350M
8035	1580	2.217E-308	0.983	0.000E+00	0	610	612	0	610	612	611M
8036	1579	2.217E-308	0.995	0.000E+00	0	1070	1072	0	1070	1072	1071M
8037	1578	1.359E-312	1.00	1.304E-312	0	458	460	0	458	460	459M
8038	1577	2.217E-308	0.989	0.000E+00	0	546	548	0	546	548	547M
8039	1576	2.274E-163	1.00	2.273E-163	0	246	248	0	246	248	247M
8040	1575	2.463E-194	0.993	2.580E-194	0	286	288	0	286	288	287M
8041	1574	2.644E-144	1.00	2.624E-144	0	234	236	0	234	236	235M
8042	1573	1.252E-87	1.00	1.247E-87	0	132	134	0	132	134	133M
8043	1572	2.111E-173	0.989	2.043E-173	0	277	279	0	277	279	278M
8044	1571	1.494E-78	0.984	1.515E-78	0	127	129	0	127	129	128M
8045	1570	1.494E-194	0.993	1.531E-194	0	295	297	0	295	297	296M
8046	1569	2.284E-126	1.00	2.346E-126	0	201	203	0	201	203	202M
8047	1568	7.720E-133	0.995	7.658E-133	0	212	214	0	212	214	213M
8048	1567	1.854E-84	1.00	1.780E-84	0	132	134	0	132	134	133M
8049	1566	6.796E-45	1.00	6.675E-45	0	82	84	0	82	84	83M
8050	1565	4.037E-269	0.987	3.881E-269	0	409	411	0	409	411	410M
8051	1564	1.083E-263	0.992	1.089E-263	0	401	403	0	401	403	402M
8052	1563	5.664E-284	0.954	5.434E-284	0	439	441	0	439	441	440M
8053	1562	9.284E-127	0.933	9.244E-127	0	208	210	0	209	211	195M1D14M
8054	1561	3.218E-104	0.994	3.235E-104	0	185	187	0	185	187	186M
8055	1560	4.186E-51	0.978	3.990E-51	0	93	95	0	93	95	94M
8056	3965	1.123E-45	0.333	1.108E-45	4	408	458	0	395	421	33M1D11M1I29M2D13M10I40M1I51M1I5M1I35M2I8M2D66M1I39M4D29M1I28M
8058	4311	3.377E-22	0.897	3.381E-22	0	38	40	0	38	45	39M
8059	270	2.431E-305	0.842	2.323E-305	19	546	549	1	528	534	528M
8060	2049	2.843E-29	0.214	2.852E-29	39	770	773	54	801	804	9M1D102M18I30M3I28M1I20M2I4M5D7M3I10M1I5M12I16M5I14M1I12M6D101M7D15M6D23M4D6M2D13M9D21M11D3M1I71M7D43M4I20M12D19M1D9M2I16M1I46M1I14M
8061	2734	1.212E-113	0.917	1.231E-113	0	180	182	0	180	182	181M
8062	2733	7.401E-78	0.953	7.713E-78	0	128	130	0	128	130	129M
8063	3505	2.217E-308	0.964	0.000E+00	0	817	819	323	1140	1142	818M
8064	4224	1.435E-217	1.00	1.436E-217	0	327	329	0	327	329	328M
8065	2879	9.385E-19	0.446	9.411E-19	0	119	137	324	443	452	17M1I6M1D96M
8066	3618	8.053E-188	0.989	8.460E-188	0	290	292	0	290	413	291M
8067	3617	2.777E-279	0.978	2.809E-279	0	414	417	0	414	417	415M
8068	3616	3.700E-158	0.957	3.727E-158	0	260	262	0	260	262	261M
8069	3615	5.033E-277	0.980	4.938E-277	0	411	413	0	411	413	412M
8070	3614	5.459E-115	0.988	5.672E-115	0	175	177	0	175	177	176M
8071	3613	1.937E-217	0.977	2.006E-217	0	314	316	0	314	316	315M
8072	3612	4.128E-239	0.991	4.082E-239	0	351	353	0	351	353	352M
8073	2362	3.319E-232	0.994	3.341E-232	0	341	343	0	341	343	342M
8074	2363	4.876E-110	1.00	4.912E-110	0	162	164	0	162	164	163M
8075	2364	2.217E-308	0.995	0.000E+00	0	470	472	0	470	472	471M
8076	2365	4.847E-69	0.956	4.670E-69	0	115	117	0	115	117	116M
8077	2366	8.343E-163	0.954	8.252E-163	0	260	262	0	260	262	261M
8078	2367	1.781E-146	0.995	1.831E-146	0	229	231	0	229	231	230M
8079	2368	2.537E-128	0.966	2.499E-128	0	205	207	0	205	207	206M
8080	2369	5.073E-164	0.996	5.240E-164	0	255	257	0	255	257	256M
8081	2370	4.359E-144	1.00	4.491E-144	0	212	214	0	212	214	213M
8082	3351	5.000E-81	1.00	4.776E-81	0	132	134	0	132	134	133M
8083	3352	2.217E-308	0.986	0.000E+00	0	592	594	10	605	607	578M3D15M
8084	3353	2.217E-308	0.998	0.000E+00	0	690	692	0	690	692	691M
8085	3354	1.394E-206	0.980	1.395E-206	0	302	304	0	302	304	303M
8086	3355	5.179E-172	0.996	4.961E-172	0	251	253	0	251	253	252M
8087	3356	1.165E-59	0.978	1.219E-59	0	93	95	0	93	95	94M
8088	3357	6.037E-270	0.994	6.118E-270	0	383	385	0	383	385	384M
8089	3358	3.066E-240	0.985	2.986E-240	0	349	351	0	349	351	350M
8091	4476	5.356E-38	1.00	5.361E-38	14	77	79	0	63	65	64M
8092	4105	6.223E-127	0.989	6.535E-127	1	194	196	20	213	215	194M
8093	4104	2.217E-308	0.992	0.000E+00	0	507	509	11	518	520	508M
8094	4103	1.748E-100	0.974	1.805E-100	0	154	156	0	154	156	155M
8095	4103	3.542E-25	0.495	3.544E-25	0	104	122	0	106	156	19M2D86M
8096	4348	1.923E-253	0.963	1.858E-253	0	386	388	0	386	388	387M
8097	3519	2.217E-308	0.988	0.000E+00	29	622	624	0	593	595	594M
8098	3520	3.843E-250	1.00	3.964E-250	0	368	370	0	368	370	369M
8099	3521	8.053E-188	0.936	7.691E-188	17	315	317	0	299	301	48M1D251M
8100	4171	4.863E-225	1.00	4.968E-225	0	337	339	0	337	339	338M
8101	3405	2.217E-308	0.619	0.000E+00	12	851	853	11	844	846	11M1I20M1D82M3I69M3I651M
8102	3404	3.185E-100	0.635	3.293E-100	2	234	237	10	245	247	117M3D116M
8103	1242	5.820E-16	0.970	5.814E-16	0	33	35	110	143	145	34M
8104	1690	1.247E-240	0.994	1.292E-240	0	358	360	0	358	360	359M
8105	1689	1.260E-128	1.00	1.286E-128	0	191	193	0	191	193	192M
8106	1688	6.347E-212	1.00	6.281E-212	0	315	317	0	315	317	316M
8107	1687	6.918E-284	1.00	6.713E-284	0	430	432	0	430	432	431M
8108	1686	9.235E-241	0.997	9.542E-241	0	365	367	0	365	367	366M
8109	1685	1.282E-96	1.00	1.252E-96	0	141	143	0	141	143	142M
8110	1684	2.217E-308	0.998	0.000E+00	0	727	729	0	727	729	728M
8111	1683	1.097E-152	0.991	1.074E-152	0	239	241	0	239	241	240M
8112	1682	2.165E-144	0.987	2.175E-144	0	230	232	0	230	232	231M
8113	1681	2.217E-308	0.996	0.000E+00	0	512	514	0	512	514	513M
8114	1680	1.539E-128	0.984	1.527E-128	0	188	190	0	188	190	189M
8115	1679	3.517E-177	0.992	3.453E-177	0	280	282	0	280	282	281M
8116	1678	1.367E-28	1.00	1.373E-28	0	54	56	0	54	56	55M
8117	1677	2.217E-308	0.976	0.000E+00	0	721	723	0	721	723	722M
8118	1676	1.210E-151	1.00	1.218E-151	0	237	239	0	237	239	238M
8119	1675	3.587E-262	0.986	3.518E-262	0	381	383	0	381	383	382M
8120	1674	7.180E-221	0.970	7.293E-221	0	340	342	0	340	342	341M
8121	1673	8.576E-135	1.00	8.832E-135	0	211	213	0	211	213	212M
8122	500	9.512E-59	0.530	9.175E-59	2	196	216	0	195	203	28M1D167M
8123	3864	6.353E-135	1.00	6.338E-135	0	204	206	0	204	206	205M
8124	3863	8.235E-158	0.991	7.995E-158	0	236	238	0	236	238	237M
8125	3862	4.037E-153	0.995	3.920E-153	0	231	233	0	231	233	232M
8126	3861	2.047E-161	0.995	1.969E-161	0	247	249	0	247	249	248M
8127	3860	8.415E-89	0.992	8.410E-89	0	135	137	0	135	137	136M
8128	3859	2.940E-69	0.990	2.869E-69	0	105	107	0	105	107	106M
8129	3858	2.419E-303	1.00	2.475E-303	0	450	452	0	450	452	451M
8130	3684	6.298E-209	1.00	6.230E-209	0	321	323	0	321	323	322M
8131	3683	3.160E-213	0.990	3.284E-213	0	326	328	0	326	328	327M
8132	3682	3.254E-263	0.997	3.147E-263	0	390	392	0	390	392	391M
8133	3681	2.799E-166	1.00	2.744E-166	0	264	266	0	264	266	265M
8134	3680	5.694E-170	1.00	5.785E-170	0	265	267	0	265	267	266M
8135	3679	3.824E-132	1.00	3.650E-132	0	205	207	0	205	207	206M
8136	3678	1.527E-125	1.00	1.505E-125	0	187	189	0	187	189	188M
8137	3677	6.239E-244	0.989	6.048E-244	0	376	378	0	376	378	377M
8138	2587	3.268E-226	1.00	3.157E-226	0	332	334	0	332	334	333M
8139	2586	2.217E-308	0.993	0.000E+00	0	944	946	0	944	946	945M
8140	2585	2.459E-116	1.00	2.418E-116	0	175	177	0	175	177	176M
8141	2584	1.450E-105	1.00	1.419E-105	0	159	161	0	159	161	160M
8142	2583	2.225E-116	0.994	2.134E-116	0	179	181	0	179	181	180M
8144	1242	9.061E-17	0.971	9.096E-17	0	34	36	109	143	145	35M
8145	3671	8.761E-298	0.995	8.437E-298	3	487	489	10	494	496	485M
8146	3670	5.342E-184	1.00	5.423E-184	0	282	284	0	282	284	283M
8147	3669	2.606E-61	1.00	2.557E-61	0	98	100	0	98	100	99M
8148	3668	9.965E-77	1.00	9.908E-77	0	122	124	0	122	124	123M
8150	2950	2.217E-308	0.998	0.000E+00	0	635	637	0	635	637	636M
8151	2951	3.720E-160	0.995	3.582E-160	0	235	237	0	235	237	236M
8152	2952	2.176E-146	1.00	2.179E-146	0	226	228	0	226	228	227M
8153	2953	2.958E-110	1.00	2.846E-110	0	177	179	299	476	478	178M
8154	2953	1.955E-182	0.996	1.909E-182	0	280	286	0	280	478	281M
8155	2954	1.733E-174	1.00	1.649E-174	0	257	259	0	257	259	258M
8156	2955	8.178E-194	1.00	8.406E-194	0	291	293	0	291	293	292M
8157	2956	8.695E-179	1.00	8.807E-179	0	269	271	0	269	271	270M
8158	2957	7.732E-33	1.00	7.767E-33	0	55	57	0	55	57	56M
8159	1423	7.099E-294	1.00	6.984E-294	0	437	439	0	437	439	438M
8160	1422	1.102E-115	1.00	1.116E-115	0	174	176	0	174	176	175M
8161	1421	6.107E-81	1.00	6.242E-81	0	131	133	0	131	133	132M
8162	1420	5.497E-79	0.992	5.597E-79	0	126	128	0	126	128	127M
8163	1419	2.217E-308	1.00	0.000E+00	0	558	560	0	558	560	559M
8164	1418	2.217E-308	1.00	0.000E+00	0	738	740	0	738	740	739M
8165	1417	5.219E-291	0.993	5.465E-291	0	438	440	0	438	440	439M
8166	1416	5.242E-138	1.00	5.010E-138	0	213	215	0	213	215	214M
8167	1415	1.305E-103	0.993	1.270E-103	0	154	156	0	154	156	155M
8168	1414	2.217E-308	0.998	0.000E+00	0	529	531	0	529	531	530M
8169	1413	6.337E-134	1.00	6.340E-134	0	206	208	0	206	208	207M
8170	1412	2.639E-298	0.989	2.656E-298	0	462	464	0	462	464	463M
8171	1411	3.499E-175	0.992	3.516E-175	0	251	253	0	251	253	252M
8172	1410	3.311E-231	0.997	3.374E-231	0	350	352	0	350	352	351M
8173	1409	1.331E-72	0.991	1.327E-72	0	116	118	0	116	118	117M
8174	1408	4.764E-101	0.993	4.596E-101	0	165	167	0	165	167	166M
8175	1407	2.217E-308	1.00	0.000E+00	0	791	793	0	791	793	792M
8176	1406	5.620E-281	0.985	5.379E-281	0	418	420	0	418	420	419M
8177	1405	2.033E-81	0.970	1.943E-81	0	133	135	0	133	135	134M
8178	1404	3.529E-101	0.950	3.621E-101	0	160	162	0	160	162	161M
8179	1403	2.782E-125	1.00	2.828E-125	0	187	189	0	187	189	188M
8180	1402	1.187E-105	1.00	1.139E-105	0	161	163	0	161	163	162M
8181	1401	5.714E-210	0.987	5.829E-210	0	331	333	0	331	333	332M
8182	1400	3.363E-121	0.994	3.414E-121	0	179	181	0	179	181	180M
8183	4292	1.085E-109	1.00	1.119E-109	0	166	168	0	166	168	167M
8184	4293	1.942E-218	0.994	1.896E-218	0	339	408	0	339	351	340M
8185	1585	5.292E-103	1.00	5.437E-103	0	158	160	0	158	160	159M
8186	1586	1.644E-231	0.997	1.669E-231	0	335	337	0	335	337	336M
8187	1587	2.217E-308	0.996	0.000E+00	0	540	542	0	540	542	541M
8188	1588	6.441E-179	1.00	6.130E-179	0	267	270	0	267	270	268M
8189	1589	9.436E-288	1.00	9.667E-288	0	443	445	0	443	445	444M
8190	1590	1.104E-77	1.00	1.086E-77	0	122	124	0	122	124	123M
8191	1591	1.579E-138	1.00	1.659E-138	0	223	225	0	223	225	224M
8192	1592	1.055E-98	1.00	1.020E-98	0	146	148	0	146	148	147M
8193	1593	1.093E-189	0.992	1.095E-189	0	278	280	0	278	280	279M
8194	1594	1.925E-176	0.996	1.872E-176	0	269	271	0	269	271	270M
8195	1595	5.670E-207	0.993	5.639E-207	0	323	325	0	323	325	324M
8196	1596	6.980E-94	1.00	6.916E-94	0	141	143	0	141	143	142M
8197	1597	6.028E-76	1.00	6.119E-76	0	127	129	0	127	129	128M
8198	1598	4.370E-145	0.995	4.356E-145	0	216	218	0	216	218	217M
8199	1599	5.685E-92	1.00	5.748E-92	0	141	143	0	141	143	142M
8200	1600	2.892E-140	0.995	2.842E-140	0	217	219	0	217	219	218M
8201	1601	2.217E-308	0.975	0.000E+00	0	645	647	0	645	647	646M
8202	1602	7.766E-174	0.974	7.935E-174	0	277	279	0	277	279	278M
8203	1603	8.709E-257	0.997	8.796E-257	0	384	386	0	384	386	385M
8204	1604	2.217E-308	0.975	0.000E+00	0	536	538	0	536	538	537M
8205	1605	4.872E-187	0.969	4.934E-187	0	294	296	0	295	304	288M1D7M
8206	1606	2.217E-308	0.993	0.000E+00	0	600	602	0	600	602	601M
8207	1607	9.405E-132	0.994	9.245E-132	0	198	200	0	198	200	199M
8208	1608	1.943E-257	0.992	1.998E-257	0	386	388	0	386	388	387M
8209	1609	1.831E-118	0.946	1.912E-118	0	186	188	0	186	188	187M
8211	2455	3.187E-19	0.302	3.173E-19	3	196	208	2	195	199	64M1I5M1D124M
8212	4241	4.143E-163	0.987	4.204E-163	0	239	241	0	239	241	240M
8213	4100	2.359E-216	1.00	2.305E-216	0	319	321	0	319	321	320M
8214	4099	4.307E-178	0.989	4.121E-178	0	275	277	0	275	277	276M
8215	4098	2.217E-308	0.986	0.000E+00	0	514	517	0	514	515	515M
8217	1493	4.994E-274	1.00	5.029E-274	0	438	440	0	438	440	439M
8218	1492	3.566E-221	0.993	3.492E-221	0	331	333	0	331	333	332M
8219	1491	1.125E-123	0.989	1.080E-123	0	184	186	0	184	186	185M
8220	1490	2.189E-71	1.00	2.159E-71	0	128	130	0	128	130	129M
8221	1489	2.024E-118	0.989	2.005E-118	0	187	189	0	187	189	188M
8222	1488	3.401E-48	1.00	3.528E-48	0	83	85	0	83	85	84M
8223	1487	6.069E-272	1.00	5.827E-272	0	425	427	0	425	427	426M
8224	1486	2.217E-308	0.997	0.000E+00	0	877	879	0	877	879	878M
8225	1485	1.780E-223	0.997	1.831E-223	0	340	342	0	340	342	341M
8226	1484	2.148E-257	0.997	2.094E-257	0	387	389	0	387	389	388M
8227	1483	6.457E-296	0.997	6.488E-296	0	438	440	0	438	440	439M
8228	1482	4.329E-64	1.00	4.491E-64	0	104	106	0	104	106	105M
8229	1481	1.135E-165	1.00	1.100E-165	0	260	262	0	260	262	261M
8230	1480	2.504E-239	0.997	2.587E-239	0	348	350	0	348	350	349M
8231	1242	5.820E-16	0.970	5.814E-16	0	33	35	110	143	145	34M
8232	2939	5.734E-134	0.941	5.613E-134	0	238	239	0	238	1434	239M
8233	4336	1.145E-37	0.762	1.143E-37	8	86	88	7	86	91	34M1D45M
8237	2597	1.771E-105	0.982	1.750E-105	0	170	172	0	170	172	171M
8238	2598	4.535E-198	0.996	4.703E-198	0	304	306	0	304	306	305M
8239	2599	8.207E-118	0.551	8.331E-118	0	391	393	0	322	324	49M35I5M14I2M3I5M13I31M2I28M5I6M3D194M
8240	2600	9.786E-70	0.974	1.010E-69	0	116	118	0	116	118	117M
8242	2601	1.828E-40	1.00	1.826E-40	0	68	73	0	68	73	69M
8243	2602	2.502E-84	0.863	2.539E-84	0	146	148	0	146	148	147M
8244	2603	1.311E-66	0.844	1.341E-66	0	121	123	0	121	123	122M
8245	2604	1.955E-66	0.786	1.902E-66	0	135	137	0	133	135	45M1I79M1I10M
8248	2605	1.626E-72	0.901	1.690E-72	0	121	123	15	136	138	122M
8249	2606	2.263E-18	0.452	2.256E-18	0	110	127	0	106	130	9M1I28M7I7M4D59M
8250	2607	2.756E-13	0.357	2.757E-13	2	110	112	119	220	222	66M7I36M
8255	2611	7.880E-21	0.591	7.883E-21	0	68	77	0	70	81	4M2D65M
8256	2613	5.699E-209	0.856	5.787E-209	6	367	369	5	366	368	362M
8257	2614	3.060E-42	0.275	3.056E-42	2	441	447	3	474	484	37M4I54M1I38M13D34M1D36M11D6M1D63M2D12M2D60M2I26M9D67M
8260	3921	2.833E-132	0.863	2.704E-132	0	212	214	0	212	214	213M
8261	3922	8.496E-54	0.645	8.295E-54	0	142	145	0	140	143	87M1D4M3I49M
8262	4103	4.060E-43	0.520	4.044E-43	0	144	152	0	146	156	109M1D3M3I6M4D24M
8267	4405	9.332E-129	0.807	9.586E-129	0	266	282	0	280	281	50M1D203M13D14M
8269	3718	5.458E-231	0.983	5.382E-231	0	360	362	0	360	362	361M
8270	3717	7.587E-281	0.990	7.615E-281	0	439	441	0	439	441	440M
8271	3716	1.455E-145	1.00	1.445E-145	0	226	228	0	226	228	227M
8272	3715	6.690E-271	1.00	6.844E-271	0	417	419	0	417	419	418M
8273	3714	2.792E-49	1.00	2.671E-49	0	82	84	0	82	84	83M
8274	3713	4.835E-68	1.00	4.818E-68	0	111	113	0	111	113	112M
8275	3712	3.655E-308	1.00	3.527E-308	0	481	483	9	490	492	482M
8276	1242	9.061E-17	0.971	9.096E-17	0	34	36	109	143	145	35M
8277	477	2.217E-308	1.00	0.000E+00	0	597	599	0	597	599	598M
8282	2439	3.207E-64	0.384	3.144E-64	6	303	311	6	302	305	36M3D17M1D64M3I74M2I102M
8286	2951	2.734E-157	0.974	2.692E-157	0	235	237	0	235	237	236M
8287	2950	2.217E-308	0.966	0.000E+00	0	635	637	0	635	637	636M
8289	1242	5.820E-16	0.970	5.814E-16	0	33	35	110	143	145	34M
8290	1312	1.220E-193	1.00	1.168E-193	0	298	300	0	298	300	299M
8291	1313	4.788E-219	0.996	4.634E-219	0	321	323	0	321	323	322M
8292	1314	9.794E-109	0.994	9.893E-109	0	172	174	0	172	174	173M
8293	1315	1.186E-182	1.00	1.138E-182	0	273	275	0	273	275	274M
8294	1316	3.723E-83	1.00	3.898E-83	0	124	126	0	124	126	125M
8295	1317	1.858E-85	0.986	1.847E-85	0	144	146	0	144	146	145M
8296	1318	2.816E-91	1.00	2.924E-91	0	142	144	0	142	144	143M
8297	1319	1.482E-323	0.997	1.482E-323	0	495	497	0	495	497	496M
8298	1320	9.938E-192	1.00	9.986E-192	0	272	274	0	272	274	273M
8299	1321	1.211E-190	0.996	1.158E-190	0	304	306	0	304	306	305M
8300	1322	2.217E-308	0.978	0.000E+00	7	872	874	69	934	936	866M
8301	1242	5.820E-16	0.970	5.814E-16	0	33	35	110	143	145	34M
8302	2574	4.208E-22	1.00	4.187E-22	0	41	44	473	514	549	42M
8303	4459	5.695E-54	0.978	5.604E-54	0	93	103	0	93	123	94M
8304	4214	2.352E-60	1.00	2.387E-60	0	92	94	0	92	94	93M
8305	4212	2.867E-98	0.987	2.956E-98	0	155	157	0	155	157	156M
8306	3993	1.126E-46	1.00	1.091E-46	0	82	84	0	82	84	83M
8307	3994	8.800E-261	0.997	9.017E-261	0	410	412	0	410	412	411M
8308	3995	2.217E-308	0.990	0.000E+00	0	755	757	0	755	757	756M
8309	3908	1.545E-91	0.788	1.622E-91	0	179	185	0	179	184	180M
8311	1989	5.768E-28	0.378	5.792E-28	11	150	166	0	139	152	140M
8312	3550	3.012E-117	0.983	2.975E-117	0	184	186	0	184	186	185M
8313	3549	4.393E-147	0.986	4.502E-147	0	226	228	0	226	228	227M
8314	3548	1.532E-49	0.987	1.566E-49	7	84	86	175	252	254	78M
8315	1242	9.061E-17	0.971	9.096E-17	0	34	36	109	143	145	35M
8316	3047	2.061E-09	0.633	2.069E-09	0	29	31	72	101	103	30M
8317	1619	6.931E-246	0.994	7.257E-246	0	369	371	0	369	371	370M
8318	1618	6.691E-155	0.995	6.389E-155	0	244	246	0	244	246	245M
8319	1617	2.877E-138	1.00	2.931E-138	0	215	217	0	215	217	216M
8320	1616	6.973E-171	0.996	7.123E-171	0	254	256	0	254	256	255M
8321	1615	2.217E-308	0.999	0.000E+00	0	1164	1166	0	1164	1166	1165M
8322	1614	3.563E-66	1.00	3.647E-66	0	109	111	0	109	111	110M
8323	1613	1.037E-246	0.982	1.061E-246	0	405	411	0	405	572	406M
8324	2047	1.925E-60	1.00	1.921E-60	0	94	96	0	94	96	95M
8325	2048	1.593E-64	1.00	1.657E-64	0	103	105	0	103	105	104M
8326	2049	2.217E-308	1.00	0.000E+00	0	802	804	0	802	804	803M
8327	3830	3.811E-92	1.00	3.777E-92	0	152	154	0	152	154	153M
8329	3834	5.393E-149	0.757	5.480E-149	0	304	317	0	303	308	227M1I77M
8332	3246	4.901E-112	1.00	4.849E-112	0	171	173	0	171	173	172M
8340	2939	3.340E-41	1.00	3.336E-41	0	75	77	1357	1432	1434	76M
8342	3502	2.282E-87	0.977	2.235E-87	0	131	133	0	131	133	132M
8343	3503	2.950E-109	0.976	3.024E-109	0	167	169	0	167	169	168M
8344	3504	1.806E-74	0.925	1.841E-74	0	119	121	0	119	121	120M
8345	3505	1.670E-237	0.997	1.596E-237	0	363	364	0	363	1142	364M
8347	382	1.125E-123	0.873	1.150E-123	0	212	214	77	289	294	213M
8348	4401	1.305E-103	0.624	1.332E-103	12	272	274	0	260	262	261M
8353	2939	9.988E-310	0.690	9.780E-310	0	814	815	197	1008	1434	186M4I188M4I28M4D20M1D385M
8358	2939	5.838E-257	0.944	5.977E-257	0	431	432	967	1398	1434	432M
8359	2939	7.942E-260	0.962	8.017E-260	0	431	432	967	1398	1434	432M
8360	4372	2.884E-255	1.00	2.914E-255	0	379	380	0	379	397	380M
8361	1242	6.854E-87	0.985	6.664E-87	0	135	136	0	135	145	136M
8362	1243	3.650E-114	1.00	3.591E-114	0	174	176	14	188	190	175M
8363	4370	1.398E-207	0.985	1.357E-207	0	334	335	28	362	431	335M
8364	3025	1.506E-81	0.759	1.458E-81	0	165	169	0	165	169	166M
8365	4459	2.797E-42	0.971	2.785E-42	0	70	78	50	120	123	71M
8366	4447	1.929E-138	0.844	1.935E-138	0	231	235	0	231	235	232M
8372	3971	5.035E-45	0.520	5.093E-45	6	197	198	193	406	585	11M2D63M1I28M8D19M3D11M5D13M1D25M2D12M2D9M
8374	3495	4.851E-108	0.966	4.647E-108	0	179	180	9	188	525	180M
8375	2127	1.255E-88	0.769	1.211E-88	0	177	178	356	533	823	178M
8376	4329	1.572E-59	0.881	1.636E-59	0	100	101	0	100	204	101M
8379	719	1.788E-43	0.503	1.788E-43	0	154	155	182	345	378	69M3D4M1D42M2D4M1D17M1I6M3D12M
8380	1168	7.368E-26	0.377	7.333E-26	0	142	153	314	451	533	24M3I3M2I111M
8381	3188	7.766E-27	0.450	7.801E-27	0	101	107	123	224	226	102M
8388	3418	1.656E-79	0.948	1.616E-79	0	134	135	194	328	3006	135M
8390	3017	8.695E-32	0.492	8.724E-32	0	127	128	185	311	690	25M1I102M
8394	2219	4.212E-34	0.950	4.214E-34	0	60	62	210	270	272	61M
8395	2220	4.208E-22	0.906	4.187E-22	0	42	44	155	197	199	43M
8396	3696	6.950E-15	0.357	6.978E-15	0	122	123	192	312	342	44M1I12M1I65M
8399	3206	9.236E-36	0.626	9.214E-36	0	120	121	93	214	312	46M1D7M1D35M1I32M
8405	2652	3.249E-69	0.991	3.244E-69	0	115	116	206	321	477	116M
8410	4447	9.040E-78	0.991	8.711E-78	0	112	113	64	176	235	113M
8412	2014	1.227E-25	0.433	1.223E-25	6	111	112	33	138	251	106M
8415	1072	1.016E-45	0.645	9.907E-46	0	109	110	172	281	523	110M
8417	1856	1.014E-21	0.635	1.016E-21	0	73	74	0	73	89	74M
8418	2124	3.158E-27	0.416	3.158E-27	0	106	108	134	241	466	14M1D93M
8422	4512	2.917E-66	1.00	2.858E-66	0	105	106	56	161	167	106M
8424	2652	2.144E-63	1.00	2.077E-63	0	104	105	86	190	477	105M
8426	40	5.717E-40	0.650	5.733E-40	3	102	103	538	637	908	100M
8431	3771	7.333E-28	0.783	7.341E-28	0	59	64	103	162	165	60M
8432	3770	9.575E-19	0.825	9.562E-19	0	39	40	0	39	433	40M
8438	2710	1.124E-22	0.613	1.122E-22	6	80	81	7	81	783	75M
8444	16	4.426E-30	1.00	4.441E-30	0	49	51	436	485	487	50M
8448	2327	3.667E-23	0.500	3.679E-23	0	97	98	1000	1096	1363	13M1I84M
8452	3871	1.468E-17	0.473	1.473E-17	4	95	96	102	196	239	50M1D32M2D10M
8454	812	1.562E-14	0.357	1.570E-14	7	90	96	236	319	473	84M
8467	1604	3.788E-51	0.956	3.618E-51	0	92	93	81	173	538	93M
8468	4484	2.090E-53	1.00	2.079E-53	0	90	91	98	188	217	91M
8469	4370	1.372E-45	1.00	1.397E-45	0	77	78	166	243	431	78M
8470	4626	1.847E-44	0.973	1.758E-44	0	75	78	3	78	79	76M
8471	4573	2.500E-45	1.00	2.503E-45	0	76	77	14	90	98	77M
8472	4626	8.301E-45	1.00	8.034E-45	0	74	75	3	77	79	75M
8473	4568	2.756E-44	1.00	2.711E-44	0	73	74	10	83	103	74M
8474	4629	6.118E-43	1.00	6.113E-43	0	72	73	0	72	76	73M
8475	4526	8.444E-40	1.00	8.462E-40	0	70	72	36	106	110	71M
8476	4629	4.419E-41	1.00	4.425E-41	0	69	70	3	72	76	70M
8477	4579	9.637E-37	0.985	9.600E-37	0	66	67	23	89	90	67M
8478	4585	1.358E-37	0.984	1.364E-37	0	65	66	22	87	88	66M
8479	4484	4.212E-34	1.00	4.214E-34	0	61	62	4	65	217	62M
8480	4579	2.665E-31	1.00	2.675E-31	0	57	58	6	63	90	58M
8481	4626	4.807E-31	0.964	4.791E-31	0	56	57	21	77	79	57M
8482	4370	5.741E-30	1.00	5.754E-30	0	55	56	202	257	431	56M
8483	4590	1.944E-29	0.961	1.944E-29	0	51	55	32	83	84	52M
8484	4590	1.944E-29	0.961	1.944E-29	0	51	55	32	83	84	52M
8485	4590	1.114E-30	1.00	1.119E-30	0	51	55	32	83	84	52M
8486	4430	5.194E-30	1.00	5.190E-30	0	53	54	17	70	75	54M
8487	4635	3.669E-27	1.00	3.662E-27	0	51	52	7	58	73	52M
8488	4590	6.960E-31	1.00	6.976E-31	0	51	52	32	83	84	52M
8489	4590	6.960E-31	1.00	6.976E-31	0	51	52	32	83	84	52M
8490	4370	5.583E-27	0.958	5.606E-27	0	47	48	4	51	431	48M
8491	4626	1.711E-26	1.00	1.704E-26	0	44	45	0	44	79	45M
 4693	8492	1.410E-249	1.00	1.360E-249	0	354	356	0	354	356	355M
4694	8493	5.753E-174	1.00	5.525E-174	0	276	278	0	276	278	277M
4695	8494	2.489E-198	1.00	2.514E-198	0	284	286	0	284	286	285M
4696	8495	1.067E-141	1.00	1.015E-141	0	200	202	0	200	202	201M
4697	8496	3.269E-110	1.00	3.383E-110	0	174	176	0	174	176	175M
4698	8497	7.628E-51	1.00	7.447E-51	0	80	82	0	80	82	81M
4699	8498	4.288E-215	1.00	4.175E-215	0	327	329	0	327	329	328M
4700	8499	5.352E-146	1.00	5.523E-146	0	219	221	0	219	221	220M
4701	8500	2.217E-308	1.00	0.000E+00	0	660	662	0	660	662	661M
4702	8501	2.217E-308	1.00	0.000E+00	0	482	484	0	482	484	483M
4703	8502	9.046E-233	1.00	9.382E-233	0	361	363	0	361	363	362M
4704	8503	5.251E-100	1.00	5.373E-100	0	157	159	0	157	159	158M
4705	8504	1.445E-181	1.00	1.406E-181	0	293	295	0	293	295	294M
4706	8505	5.324E-144	1.00	5.264E-144	0	222	224	0	222	224	223M
4707	8506	1.330E-149	1.00	1.316E-149	0	236	238	0	236	238	237M
4708	8507	4.991E-119	1.00	4.774E-119	0	190	192	0	190	192	191M
4709	8508	8.510E-132	1.00	8.405E-132	0	196	198	0	196	198	197M
4710	8509	4.415E-265	1.00	4.547E-265	0	414	416	0	414	416	415M
4711	8510	1.321E-185	1.00	1.281E-185	0	303	305	0	303	305	304M
4712	8511	3.190E-178	1.00	3.210E-178	0	263	265	0	263	265	264M
4713	8512	1.612E-146	1.00	1.537E-146	0	212	214	0	212	214	213M
4714	8513	2.152E-103	1.00	2.050E-103	0	164	166	0	164	166	165M
4715	8514	3.985E-148	1.00	4.162E-148	0	229	231	0	229	231	230M
4716	8515	2.217E-308	1.00	0.000E+00	0	826	828	0	826	828	827M
4717	8516	3.844E-134	1.00	3.940E-134	0	196	198	0	196	198	197M
4718	8517	2.217E-308	1.00	0.000E+00	0	809	811	0	809	811	810M
4719	8518	2.217E-308	1.00	0.000E+00	0	683	685	0	683	685	684M
4720	8519	1.120E-44	1.00	1.177E-44	0	68	70	0	68	70	69M
4721	8520	4.536E-82	1.00	4.496E-82	0	142	144	0	142	144	143M
4722	8521	2.217E-308	1.00	0.000E+00	0	730	732	0	730	732	731M
4723	8522	1.874E-127	1.00	1.817E-127	0	187	189	0	187	189	188M
4724	8523	1.661E-235	1.00	1.641E-235	0	360	362	0	360	362	361M
4725	8524	7.020E-15	1.00	7.030E-15	0	32	34	0	32	34	33M
4726	8525	3.158E-58	1.00	3.176E-58	0	95	97	0	95	97	96M
4727	8526	1.147E-53	1.00	1.183E-53	0	84	86	0	84	86	85M
4728	8527	1.969E-262	1.00	1.989E-262	0	389	391	0	389	391	390M
4729	8528	2.217E-308	1.00	0.000E+00	0	495	497	0	495	497	496M
4730	8529	4.041E-76	1.00	3.861E-76	0	124	126	0	124	126	125M
4731	8530	1.424E-214	1.00	1.491E-214	0	334	336	0	334	336	335M
4732	8531	3.814E-131	1.00	3.649E-131	0	207	209	0	207	209	208M
4733	8532	6.075E-79	1.00	5.874E-79	0	127	129	0	127	129	128M
4734	8533	8.901E-72	1.00	9.270E-72	0	117	119	0	117	119	118M
4735	8534	5.164E-20	1.00	5.178E-20	0	37	39	0	37	39	38M
4736	8535	1.905E-288	1.00	1.930E-288	0	449	451	0	449	451	450M
4737	8536	1.858E-85	1.00	1.937E-85	0	145	147	0	145	147	146M
4738	8537	1.291E-33	1.00	1.285E-33	0	57	59	0	57	59	58M
4739	8538	1.427E-99	1.00	1.410E-99	0	164	166	0	164	166	165M
4740	8539	5.329E-67	1.00	5.341E-67	0	115	117	0	115	117	116M
4741	8540	1.088E-110	1.00	1.053E-110	0	176	178	0	176	178	177M
4742	8541	2.709E-76	1.00	2.740E-76	0	130	132	0	130	132	131M
4743	8542	1.430E-61	1.00	1.499E-61	0	100	102	0	100	102	101M
4744	8543	1.480E-113	1.00	1.464E-113	0	177	179	0	177	179	178M
4745	8544	3.897E-62	1.00	3.751E-62	0	104	106	0	104	106	105M
4746	8545	2.212E-75	1.00	2.222E-75	0	121	123	0	121	123	122M
4747	8546	8.409E-50	1.00	8.319E-50	0	84	86	0	84	86	85M
4748	8547	5.144E-34	1.00	5.161E-34	0	64	66	0	64	66	65M
4749	8548	9.229E-86	1.00	9.177E-86	0	136	138	0	136	138	137M
4750	8549	6.117E-159	1.00	6.306E-159	0	249	251	0	249	251	250M
4751	8550	5.288E-64	1.00	5.456E-64	0	108	110	0	108	110	109M
4752	8551	4.711E-58	1.00	4.672E-58	0	90	92	0	90	92	91M
4753	8552	2.940E-185	1.00	2.851E-185	0	273	275	0	273	275	274M
4754	8553	7.101E-62	1.00	7.410E-62	0	105	107	0	105	107	106M
4755	8554	3.059E-123	1.00	3.020E-123	0	199	201	0	199	201	200M
4756	8555	2.862E-136	1.00	2.750E-136	0	211	213	0	211	213	212M
4757	8556	2.619E-63	1.00	2.713E-63	0	102	104	0	102	104	103M
4758	8557	6.848E-164	1.00	6.969E-164	0	241	243	0	241	243	242M
4759	8558	2.461E-271	1.00	2.450E-271	0	395	397	0	395	397	396M
4760	8559	2.217E-308	1.00	0.000E+00	0	514	516	0	514	516	515M
4761	8560	2.291E-166	1.00	2.243E-166	0	253	255	0	253	255	254M
4762	8561	6.332E-95	1.00	6.394E-95	0	144	146	0	144	146	145M
4763	8562	1.524E-163	1.00	1.482E-163	0	257	259	0	257	259	258M
4764	8563	4.321E-218	1.00	4.148E-218	0	314	316	0	314	316	315M
4765	8564	6.132E-276	1.00	6.114E-276	0	438	440	0	438	440	439M
4766	8565	5.482E-194	1.00	5.582E-194	0	289	291	0	289	291	290M
4767	8566	2.217E-308	1.00	0.000E+00	0	855	857	0	855	857	856M
4768	8567	2.655E-223	1.00	2.561E-223	0	327	329	0	327	329	328M
4769	8568	5.370E-186	1.00	5.115E-186	0	270	272	0	270	272	271M
4770	8569	2.217E-308	1.00	0.000E+00	0	680	682	0	680	682	681M
4771	8570	1.158E-134	1.00	1.155E-134	0	210	212	0	210	212	211M
4772	8571	1.510E-82	1.00	1.481E-82	0	132	134	0	132	134	133M
4773	8572	5.617E-126	1.00	5.407E-126	0	192	194	0	192	194	193M
4774	8573	9.742E-223	1.00	1.006E-222	0	336	338	0	336	338	337M
4775	8574	6.376E-59	1.00	6.222E-59	0	94	96	0	94	96	95M
4776	8575	3.171E-137	1.00	3.170E-137	0	212	214	0	212	214	213M
4777	8576	1.167E-137	1.00	1.209E-137	0	225	227	0	225	227	226M
4778	8577	3.710E-159	1.00	3.565E-159	0	257	259	0	257	259	258M
4779	8578	2.339E-174	1.00	2.327E-174	0	271	273	0	271	273	272M
4780	8579	2.217E-308	1.00	0.000E+00	0	605	607	0	605	607	606M
4781	8580	3.684E-195	1.00	3.768E-195	0	292	294	0	292	294	293M
4782	8581	2.217E-308	1.00	0.000E+00	0	633	635	0	633	635	634M
4783	8582	1.042E-132	1.00	1.066E-132	0	199	201	0	199	201	200M
4784	8583	3.612E-226	1.00	3.646E-226	0	315	317	0	315	317	316M
4785	8584	1.724E-172	1.00	1.645E-172	0	261	263	0	261	263	262M
4786	8585	2.217E-308	1.00	0.000E+00	0	766	768	0	766	768	767M
4787	8586	2.217E-308	1.00	0.000E+00	0	606	608	0	606	608	607M
4788	8587	4.842E-146	1.00	5.023E-146	0	217	219	0	217	219	218M
4789	8588	2.792E-49	1.00	2.807E-49	0	83	85	0	83	85	84M
4790	8589	6.223E-243	1.00	6.167E-243	0	365	367	0	365	367	366M
4791	8590	5.753E-174	1.00	5.908E-174	0	264	266	0	264	266	265M
4792	8591	1.382E-280	1.00	1.450E-280	0	419	421	0	419	421	420M
4793	8592	6.890E-89	1.00	6.754E-89	0	137	139	0	137	139	138M
4794	8593	8.372E-87	1.00	8.478E-87	0	139	141	0	139	141	140M
4795	8594	1.068E-219	1.00	1.104E-219	0	324	326	0	324	326	325M
4796	8595	2.217E-308	1.00	0.000E+00	0	688	690	0	688	690	689M
4797	8596	5.207E-58	1.00	5.417E-58	0	93	95	0	93	95	94M
4798	8597	3.024E-196	1.00	3.068E-196	0	299	301	0	299	301	300M
4799	8598	2.722E-194	1.00	2.705E-194	0	287	289	0	287	289	288M
4800	8599	9.110E-81	1.00	8.733E-81	0	138	140	0	138	140	139M
4801	8600	1.395E-90	1.00	1.418E-90	0	142	144	0	142	144	143M
4802	8601	9.509E-291	1.00	9.550E-291	0	450	452	0	450	452	451M
4803	8602	4.252E-57	1.00	4.088E-57	0	102	104	0	102	104	103M
4804	8603	3.204E-141	1.00	3.325E-141	0	252	254	0	252	254	253M
4805	8604	4.739E-215	1.00	4.744E-215	0	323	325	0	323	325	324M
4806	8605	8.784E-299	1.00	9.209E-299	0	446	448	0	446	448	447M
4807	8606	9.881E-324	1.00	9.881E-324	0	488	490	0	488	490	489M
4808	8607	5.444E-230	1.00	5.420E-230	0	342	344	0	342	344	343M
4809	8608	2.727E-272	1.00	2.865E-272	0	403	405	0	403	405	404M
4810	8609	1.150E-286	1.00	1.162E-286	0	422	424	0	422	424	423M
4811	8610	3.047E-315	1.00	2.951E-315	0	476	478	0	476	478	477M
4812	8611	5.577E-278	1.00	5.315E-278	0	424	426	0	424	426	425M
4813	8612	1.751E-178	1.00	1.709E-178	0	263	265	0	263	265	264M
4814	8613	9.819E-110	1.00	9.587E-110	0	176	178	0	176	178	177M
4815	8614	3.726E-122	1.00	3.821E-122	0	186	188	0	186	188	187M
4816	8615	1.902E-94	1.00	1.942E-94	0	154	156	0	154	156	155M
4817	8616	5.631E-127	1.00	5.497E-127	0	197	199	0	197	199	198M
4818	8617	3.755E-241	1.00	3.580E-241	0	371	373	0	371	373	372M
4819	8618	1.523E-124	1.00	1.580E-124	0	190	192	0	190	192	191M
4820	8619	2.217E-308	1.00	0.000E+00	0	715	717	0	715	717	716M
4821	8620	1.296E-255	1.00	1.299E-255	0	408	410	0	408	410	409M
4822	8621	1.335E-73	1.00	1.286E-73	0	120	122	0	120	122	121M
4823	8622	5.148E-131	1.00	5.072E-131	0	194	196	0	194	196	195M
4824	8623	1.449E-66	1.00	1.446E-66	0	103	105	0	103	105	104M
4825	8624	2.986E-75	1.00	3.048E-75	0	121	123	0	121	123	122M
4826	8625	3.079E-319	1.00	3.002E-319	0	468	470	0	468	470	469M
4827	8626	6.037E-270	1.00	5.862E-270	0	409	411	0	409	411	410M
4828	8627	6.576E-187	1.00	6.452E-187	0	293	295	0	293	295	294M
4829	8628	3.947E-183	1.00	4.137E-183	0	285	287	0	285	287	286M
4830	8629	3.104E-90	1.00	3.229E-90	0	146	148	0	146	148	147M
4831	8630	4.520E-158	1.00	4.439E-158	0	257	259	0	257	259	258M
4832	8631	6.138E-199	1.00	5.882E-199	0	300	302	0	300	302	301M
4833	8632	1.586E-217	1.00	1.615E-217	0	343	345	0	343	345	344M
4834	8633	2.912E-220	1.00	2.985E-220	0	323	325	0	323	325	324M
4835	8634	3.628E-73	1.00	3.482E-73	0	121	123	0	121	123	122M
4836	8635	1.871E-165	1.00	1.915E-165	0	245	247	0	245	247	246M
4837	8636	1.860E-124	1.00	1.933E-124	0	181	183	0	181	183	182M
4838	8637	3.768E-49	1.00	3.665E-49	0	82	84	0	82	84	83M
4839	8638	6.202E-87	1.00	6.487E-87	0	140	142	0	140	142	141M
4840	8639	1.160E-96	1.00	1.152E-96	0	159	161	0	159	161	160M
4841	8640	2.217E-308	1.00	0.000E+00	0	1287	1289	0	1287	1289	1288M
4842	8641	5.099E-166	1.00	5.218E-166	0	271	273	0	271	273	272M
4843	8642	7.753E-212	1.00	7.412E-212	0	332	334	0	332	334	333M
4844	8643	1.480E-113	1.00	1.420E-113	0	183	185	0	183	185	184M
4845	8644	2.809E-90	1.00	2.766E-90	0	156	158	0	156	158	157M
4846	8645	2.837E-210	1.00	2.758E-210	0	315	317	0	315	317	316M
4847	8646	2.343E-136	1.00	2.386E-136	0	208	210	0	208	210	209M
4848	8647	2.106E-56	1.00	2.183E-56	0	91	93	0	91	93	92M
4849	8648	2.217E-308	1.00	0.000E+00	0	700	702	0	700	702	701M
4850	8649	2.235E-79	1.00	2.170E-79	0	126	128	0	126	128	127M
4851	8650	9.471E-38	1.00	9.443E-38	0	63	65	0	63	65	64M
4852	8651	1.169E-99	1.00	1.143E-99	0	153	155	0	153	155	154M
4853	8652	2.217E-308	1.00	0.000E+00	0	541	543	0	541	543	542M
4854	8653	2.827E-286	1.00	2.920E-286	0	435	437	0	435	437	436M
4855	8654	1.451E-28	1.00	1.445E-28	0	55	57	0	55	57	56M
4856	8655	1.666E-120	1.00	1.606E-120	0	185	187	0	185	187	186M
4857	8656	3.475E-211	1.00	3.553E-211	0	359	361	0	359	361	360M
4858	8657	4.118E-122	1.00	4.273E-122	0	195	197	0	195	197	196M
4859	8658	7.535E-201	1.00	7.368E-201	0	294	296	0	294	296	295M
4860	8659	2.217E-308	1.00	0.000E+00	0	472	474	0	472	474	473M
4861	8660	2.217E-308	1.00	0.000E+00	0	1492	1494	0	1492	1494	1493M
4862	8661	1.321E-185	1.00	1.311E-185	0	290	292	0	290	292	291M
4863	8662	5.068E-241	1.00	5.259E-241	0	359	361	0	359	361	360M
4864	8663	5.004E-120	1.00	4.772E-120	0	188	190	0	188	190	189M
4865	8664	2.217E-308	1.00	0.000E+00	0	720	722	0	720	722	721M
4866	8665	5.417E-112	1.00	5.595E-112	0	174	176	0	174	176	175M
4867	8666	2.991E-153	1.00	2.944E-153	0	245	247	0	245	247	246M
4868	8667	7.800E-137	1.00	8.166E-137	0	212	214	0	212	214	213M
4869	8668	9.793E-225	1.00	9.558E-225	0	351	353	0	351	353	352M
4870	8669	2.217E-308	1.00	0.000E+00	0	850	852	0	850	852	851M
4871	8670	2.917E-182	1.00	2.931E-182	0	273	275	0	273	275	274M
4872	8671	3.241E-68	1.00	3.187E-68	0	109	111	0	109	111	110M
4873	8672	1.015E-238	1.00	1.040E-238	0	371	373	0	371	373	372M
4874	8673	4.909E-306	1.00	4.866E-306	0	465	467	0	465	467	466M
4875	8674	2.217E-308	1.00	0.000E+00	0	498	500	0	498	500	499M
4876	8675	2.217E-308	1.00	0.000E+00	0	609	611	0	609	611	610M
4877	8676	8.741E-65	1.00	8.599E-65	0	109	111	0	109	111	110M
4878	8677	4.082E-196	1.00	4.259E-196	0	306	308	0	306	308	307M
4879	8678	4.412E-226	1.00	4.327E-226	0	332	334	0	332	334	333M
4880	8679	8.562E-57	1.00	8.686E-57	0	98	100	0	98	100	99M
4881	8680	2.217E-308	1.00	0.000E+00	0	501	503	0	501	503	502M
4882	8681	2.457E-309	1.00	2.445E-309	0	471	473	0	471	473	472M
4883	8682	7.555E-202	1.00	7.737E-202	0	293	295	0	293	295	294M
4884	8683	8.436E-206	1.00	8.651E-206	0	314	316	0	314	316	315M
4885	8684	5.936E-70	1.00	5.776E-70	0	111	113	0	111	113	112M
4886	8685	1.830E-195	1.00	1.831E-195	0	317	319	0	317	319	318M
4887	8686	2.217E-308	1.00	0.000E+00	0	1051	1053	0	1051	1053	1052M
4888	8687	3.155E-251	1.00	3.072E-251	0	401	403	0	401	403	402M
4889	8688	3.507E-292	1.00	3.662E-292	0	468	470	0	468	470	469M
4890	8689	4.093E-81	1.00	4.038E-81	0	122	124	0	122	124	123M
4891	8690	1.047E-134	1.00	1.083E-134	0	202	204	0	202	204	203M
4892	8691	8.194E-40	1.00	8.156E-40	0	63	65	0	63	65	64M
4893	8692	3.144E-95	1.00	3.241E-95	0	143	145	0	143	145	144M
4894	8693	8.025E-148	1.00	7.821E-148	0	229	231	0	229	231	230M
4895	8694	1.243E-84	1.00	1.268E-84	0	125	127	0	125	127	126M
4896	8695	2.217E-308	1.00	0.000E+00	0	552	554	0	552	554	553M
4897	8696	3.093E-282	1.00	3.049E-282	0	424	426	0	424	426	425M
4898	8697	1.801E-189	1.00	1.777E-189	0	295	297	0	295	297	296M
4899	8698	2.217E-308	1.00	0.000E+00	0	728	730	0	728	730	729M
4900	8699	2.217E-308	1.00	0.000E+00	0	781	783	0	781	783	782M
4901	8700	1.383E-164	1.00	1.351E-164	0	253	255	0	253	255	254M
4902	8701	7.614E-321	1.00	7.693E-321	0	484	486	0	484	486	485M
4903	8702	2.217E-308	1.00	0.000E+00	0	503	505	0	503	505	504M
4904	8703	2.581E-96	1.00	2.470E-96	0	142	144	0	142	144	143M
4905	8704	9.181E-84	1.00	8.855E-84	0	126	128	0	126	128	127M
4906	8705	1.884E-129	1.00	1.793E-129	0	196	198	0	196	198	197M
4907	8706	3.204E-141	1.00	3.166E-141	0	204	206	0	204	206	205M
4908	8707	9.118E-120	1.00	8.811E-120	0	181	183	0	181	183	182M
4909	8708	6.403E-138	1.00	6.550E-138	0	212	214	0	212	214	213M
4910	8709	1.842E-159	1.00	1.761E-159	0	242	244	0	242	244	243M
4911	8710	1.983E-110	1.00	1.919E-110	0	182	184	0	182	184	183M
4912	8711	1.189E-183	1.00	1.201E-183	0	299	301	0	299	301	300M
4913	8712	1.076E-67	1.00	1.099E-67	0	102	104	0	102	104	103M
4914	8713	2.033E-81	1.00	2.094E-81	0	128	130	0	128	130	129M
4915	8714	1.579E-138	1.00	1.534E-138	0	208	210	0	208	210	209M
4916	8715	2.837E-210	1.00	2.758E-210	0	315	317	0	315	317	316M
4917	8716	1.027E-165	1.00	9.872E-166	0	251	253	0	251	253	252M
4918	8717	2.945E-147	1.00	3.028E-147	0	211	213	0	211	213	212M
4919	8718	3.940E-221	1.00	3.835E-221	0	333	335	0	333	335	334M
4920	8719	1.451E-144	1.00	1.444E-144	0	228	230	0	228	230	229M
4921	8720	1.862E-47	1.00	1.932E-47	0	79	81	0	79	81	80M
4922	8721	5.082E-126	1.00	5.244E-126	0	198	200	0	198	200	199M
4923	8722	2.782E-241	1.00	2.835E-241	0	366	368	0	366	368	367M
4924	8723	3.048E-83	1.00	3.173E-83	0	146	148	0	146	148	147M
4925	8724	2.217E-308	1.00	0.000E+00	0	624	626	0	624	626	625M
4926	8725	3.850E-96	1.00	3.809E-96	0	151	153	0	151	153	152M
4927	8726	3.271E-149	1.00	3.287E-149	0	222	224	0	222	224	223M
4928	8727	1.247E-124	1.00	1.187E-124	0	184	186	0	184	186	185M
4929	8728	5.413E-73	1.00	5.265E-73	0	110	112	0	110	112	111M
4930	8729	1.230E-196	1.00	1.175E-196	0	292	294	0	292	294	293M
4931	8730	7.909E-65	1.00	7.602E-65	0	100	102	0	100	102	101M
4932	8731	4.575E-124	1.00	4.613E-124	0	186	188	0	186	188	187M
4933	8732	8.229E-119	1.00	8.412E-119	0	182	184	0	182	184	183M
4934	8733	2.075E-205	1.00	2.067E-205	0	299	301	0	299	301	300M
4935	8734	4.344E-220	1.00	4.554E-220	0	332	334	0	332	334	333M
4936	8735	3.088E-88	1.00	3.050E-88	0	129	131	0	129	131	130M
4937	8736	4.626E-167	1.00	4.565E-167	0	246	248	0	246	248	247M
4938	8737	1.062E-178	1.00	1.103E-178	0	294	296	0	294	296	295M
4939	8738	1.660E-196	1.00	1.579E-196	0	305	307	0	305	307	306M
4940	8739	3.913E-257	1.00	3.737E-257	0	413	415	0	413	415	414M
4941	8740	1.979E-28	1.00	1.985E-28	0	55	57	0	55	57	56M
4942	8741	5.184E-95	1.00	5.023E-95	0	139	141	0	139	141	140M
4943	8742	8.115E-191	1.00	8.122E-191	0	283	285	0	283	285	284M
4944	8743	1.471E-304	1.00	1.504E-304	0	444	446	0	444	446	445M
4945	8744	7.516E-200	1.00	7.246E-200	0	289	291	0	289	291	290M
4946	8745	7.841E-139	1.00	7.787E-139	0	207	209	0	207	209	208M
4947	8746	1.060E-216	1.00	1.081E-216	0	323	325	0	323	325	324M
4948	8747	4.124E-316	1.00	4.106E-316	0	481	483	0	481	483	482M
4949	8748	1.702E-283	1.00	1.649E-283	0	429	431	0	429	431	430M
4950	8749	2.217E-308	1.00	0.000E+00	0	513	515	0	513	515	514M
4951	8750	1.668E-314	1.00	1.639E-314	0	479	481	0	479	481	480M
4952	8751	3.320E-116	1.00	3.218E-116	0	181	183	0	181	183	182M
4953	8752	3.975E-147	1.00	3.967E-147	0	230	232	0	230	232	231M
4954	8753	4.307E-62	1.00	4.134E-62	0	106	108	0	106	108	107M
4955	8754	1.371E-122	1.00	1.439E-122	0	192	194	0	192	194	193M
4956	8755	8.256E-275	1.00	8.089E-275	0	453	455	0	453	455	454M
4957	8756	4.850E-224	1.00	4.891E-224	0	359	361	0	359	361	360M
4958	8757	6.007E-152	1.00	6.283E-152	0	223	225	0	223	225	224M
4959	8758	7.231E-69	1.00	7.595E-69	0	112	114	0	112	114	113M
4960	8759	5.371E-70	1.00	5.368E-70	0	116	118	0	116	118	117M
4961	8760	1.278E-211	1.00	1.313E-211	0	324	326	0	324	326	325M
4962	8761	1.894E-131	1.00	1.822E-131	0	199	201	0	199	201	200M
4963	8762	2.217E-308	1.00	0.000E+00	0	942	944	0	942	944	943M
4964	8763	2.217E-308	1.00	0.000E+00	0	550	552	0	550	552	551M
4965	8764	2.217E-308	1.00	0.000E+00	0	567	569	0	567	569	568M
4966	8765	1.121E-199	1.00	1.107E-199	0	298	300	0	298	300	299M
4967	8766	2.217E-308	1.00	0.000E+00	0	654	656	0	654	656	655M
4968	8767	7.187E-144	1.00	7.323E-144	0	229	231	0	229	231	230M
4969	8768	1.325E-109	1.00	1.274E-109	8	182	184	396	570	572	175M
4970	8776	1.170E-26	1.00	1.174E-26	0	48	50	0	48	50	49M
4971	9031	1.003E-272	0.993	1.030E-272	0	442	444	0	439	441	117M3I323M
4972	9032	2.217E-308	1.00	0.000E+00	0	648	650	0	648	650	649M
4973	9033	3.098E-128	1.00	3.250E-128	0	184	186	0	184	186	185M
4974	9034	5.734E-134	1.00	5.766E-134	0	204	206	0	204	206	205M
4975	9035	1.353E-117	1.00	1.413E-117	0	175	177	0	175	177	176M
4976	9036	1.173E-139	1.00	1.156E-139	0	220	222	0	220	222	221M
4977	9037	1.277E-172	1.00	1.258E-172	0	262	264	0	262	264	263M
4978	9038	2.217E-308	1.00	0.000E+00	0	482	484	0	482	484	483M
4979	9039	1.820E-193	1.00	1.766E-193	0	280	282	0	280	282	281M
4980	9040	5.180E-56	1.00	5.107E-56	0	89	91	0	89	91	90M
4981	9041	1.203E-149	1.00	1.180E-149	0	227	229	0	227	229	228M
4982	9042	1.062E-178	1.00	1.014E-178	0	272	274	0	272	274	273M
4983	9043	1.255E-88	1.00	1.303E-88	0	131	133	0	131	133	132M
4984	9044	2.217E-308	1.00	0.000E+00	0	643	645	0	643	645	644M
4985	9045	2.850E-173	1.00	2.771E-173	0	250	252	0	250	252	251M
4986	9046	1.041E-209	1.00	1.045E-209	0	330	332	0	330	332	331M
4987	9047	8.629E-60	1.00	8.491E-60	0	105	107	0	105	107	106M
4988	9048	6.431E-101	1.00	6.187E-101	0	158	160	0	158	160	159M
4989	9049	7.336E-268	1.00	7.520E-268	0	405	407	0	405	407	406M
4990	9050	3.354E-236	1.00	3.354E-236	0	353	355	0	353	355	354M
4991	9051	2.427E-227	1.00	2.454E-227	0	338	340	0	338	340	339M
4992	9052	1.804E-267	1.00	1.802E-267	0	390	392	0	390	392	391M
4993	9053	3.152E-212	1.00	3.190E-212	0	314	316	0	314	316	315M
4994	9054	1.516E-277	1.00	1.449E-277	0	405	407	0	405	407	406M
4995	9055	5.723E-288	1.00	5.857E-288	0	439	441	0	439	441	440M
4996	9056	4.121E-277	1.00	4.292E-277	0	408	410	0	408	410	409M
4997	9057	1.758E-257	1.00	1.715E-257	0	376	378	0	376	378	377M
4998	9058	2.217E-308	1.00	0.000E+00	0	467	469	0	467	469	468M
4999	9059	4.512E-196	1.00	4.676E-196	0	308	310	0	308	310	309M
5000	9060	3.445E-169	1.00	3.491E-169	0	263	265	0	263	265	264M
5001	9061	3.101E-283	1.00	2.987E-283	0	435	437	0	435	437	436M
5002	9062	3.703E-197	1.00	3.758E-197	0	308	310	0	308	310	309M
5003	9063	1.506E-313	1.00	1.578E-313	0	460	462	0	460	462	461M
5004	9064	1.095E-306	1.00	1.133E-306	0	454	456	0	454	456	455M
5005	9065	2.146E-218	1.00	2.195E-218	0	334	336	0	334	336	335M
5006	9066	6.859E-242	1.00	7.131E-242	0	350	352	0	350	352	351M
5007	9067	6.096E-119	1.00	5.852E-119	0	201	203	0	201	203	202M
5008	9068	2.985E-191	1.00	3.053E-191	0	289	291	0	289	291	290M
5009	9069	5.848E-219	1.00	6.143E-219	0	327	329	0	327	329	328M
5010	9070	3.027E-235	1.00	3.005E-235	0	346	348	0	346	348	347M
5011	9071	6.464E-103	1.00	6.584E-103	0	162	164	0	162	164	163M
5012	9072	5.310E-143	1.00	5.430E-143	0	218	220	0	218	220	219M
5013	9073	2.217E-308	1.00	0.000E+00	0	894	896	0	894	896	895M
5014	9074	3.436E-52	1.00	3.411E-52	0	88	90	0	88	90	89M
5015	9075	2.947E-186	1.00	3.080E-186	0	286	288	0	286	288	287M
5016	9076	1.236E-198	1.00	1.255E-198	0	296	298	0	296	298	297M
5017	9077	2.217E-308	1.00	0.000E+00	0	973	975	0	973	975	974M
5018	9078	3.257E-70	1.00	3.143E-70	0	118	120	0	118	120	119M
5019	9079	1.098E-191	1.00	1.064E-191	0	280	282	0	280	282	281M
5020	9080	2.217E-308	1.00	0.000E+00	0	802	804	0	802	804	803M
5021	9081	9.913E-75	1.00	1.003E-74	0	113	115	0	113	115	114M
5022	9082	1.472E-227	1.00	1.416E-227	0	333	335	0	333	335	334M
5023	9083	2.157E-104	1.00	2.083E-104	0	169	171	0	169	171	170M
5024	9084	1.357E-33	1.00	1.352E-33	0	58	60	0	58	60	59M
5025	9085	2.217E-308	1.00	0.000E+00	0	667	669	0	667	669	668M
5026	9086	2.311E-208	1.00	2.274E-208	0	315	317	0	315	317	316M
5027	9087	2.217E-308	1.00	0.000E+00	0	627	629	0	627	629	628M
5028	9088	4.508E-157	1.00	4.388E-157	0	232	234	0	232	234	233M
5029	9089	2.500E-45	1.00	2.381E-45	0	74	76	0	74	76	75M
5030	9090	1.708E-207	1.00	1.688E-207	0	304	306	0	304	306	305M
5031	9091	2.217E-308	1.00	0.000E+00	0	1101	1103	0	1101	1103	1102M
5032	9092	3.351E-197	1.00	3.387E-197	0	279	281	0	279	281	280M
5033	9093	2.217E-308	1.00	0.000E+00	0	636	638	0	636	638	637M
5034	9094	2.217E-308	1.00	0.000E+00	0	778	780	0	778	780	779M
5035	9095	1.051E-290	1.00	1.100E-290	0	426	428	0	426	428	427M
5036	9096	9.797E-24	1.00	9.756E-24	0	43	45	0	43	45	44M
5037	9097	2.217E-308	1.00	0.000E+00	0	943	945	0	943	945	944M
5038	9098	2.005E-153	1.00	2.021E-153	0	237	239	0	237	239	238M
5039	9099	2.217E-308	1.00	0.000E+00	0	548	550	0	548	550	549M
5040	9100	1.211E-74	1.00	1.161E-74	0	116	118	0	116	118	117M
5041	9101	7.342E-307	1.00	7.428E-307	0	472	474	0	472	474	473M
5042	9102	3.286E-112	1.00	3.176E-112	0	182	184	0	182	184	183M
5043	9103	6.588E-149	1.00	6.790E-149	0	224	226	0	224	226	225M
5044	9104	2.217E-308	1.00	0.000E+00	0	594	596	0	594	596	595M
5045	9105	2.440E-113	1.00	2.454E-113	0	168	170	0	168	170	169M
5046	9106	1.647E-309	1.00	1.625E-309	0	442	444	0	442	444	443M
5047	9107	2.217E-308	1.00	0.000E+00	0	893	895	0	893	895	894M
5048	9108	1.598E-220	1.00	1.631E-220	0	337	339	0	337	339	338M
5049	9109	6.175E-124	1.00	6.204E-124	0	179	181	0	179	181	180M
5050	9110	2.366E-101	1.00	2.485E-101	0	172	174	0	172	174	173M
5051	9111	2.592E-59	1.00	2.475E-59	0	101	103	0	101	103	102M
5052	9112	2.217E-308	1.00	0.000E+00	0	628	630	0	628	630	629M
5053	9113	2.217E-308	1.00	0.000E+00	0	531	533	0	531	533	532M
5054	9114	9.834E-304	1.00	9.367E-304	0	497	499	0	497	499	498M
5055	9115	5.175E-133	1.00	5.083E-133	0	210	212	0	210	212	211M
5056	9116	3.183E-61	1.00	3.179E-61	0	96	98	0	96	98	97M
5057	9117	4.072E-195	1.00	4.139E-195	0	294	296	0	294	296	295M
5058	9118	5.694E-170	1.00	5.890E-170	0	252	254	0	252	254	253M
5059	9119	7.754E-96	1.00	7.555E-96	0	139	141	0	139	141	140M
5060	9120	4.555E-45	1.00	4.485E-45	0	74	76	0	74	76	75M
5061	9121	2.217E-308	1.00	0.000E+00	0	557	559	0	557	559	558M
5062	9122	1.451E-28	1.00	1.445E-28	0	55	57	0	55	57	56M
5063	9123	4.905E-267	1.00	4.921E-267	0	398	400	0	398	400	399M
5064	9124	2.482E-197	1.00	2.431E-197	0	292	294	0	292	294	293M
5065	9125	9.023E-232	1.00	9.103E-232	0	376	378	0	376	378	377M
5066	9126	2.217E-308	1.00	0.000E+00	0	546	548	0	546	548	547M
5067	9127	1.855E-123	1.00	1.792E-123	0	188	190	0	188	190	189M
5068	9128	1.879E-128	1.00	1.911E-128	0	206	208	0	206	208	207M
5069	9129	7.193E-36	1.00	7.202E-36	0	61	63	0	61	63	62M
5070	9130	2.217E-308	1.00	0.000E+00	0	686	688	0	686	688	687M
5071	9131	3.136E-94	1.00	3.273E-94	0	165	167	0	165	167	166M
5072	9132	1.485E-269	1.00	1.440E-269	0	408	410	0	408	410	409M
5073	9133	6.074E-195	1.00	6.145E-195	0	289	291	0	289	291	290M
5074	9134	3.389E-124	1.00	3.529E-124	0	187	189	0	187	189	188M
5075	9135	3.043E-121	1.00	2.973E-121	0	196	198	0	196	198	197M
5076	9136	1.539E-128	1.00	1.527E-128	0	188	190	0	188	190	189M
5077	9137	1.136E-321	1.00	1.176E-321	0	491	493	0	491	493	492M
5078	9138	2.217E-308	1.00	0.000E+00	0	676	678	0	676	678	677M
5079	9139	1.504E-158	1.00	1.456E-158	0	240	242	0	240	242	241M
5080	9140	2.217E-308	1.00	0.000E+00	0	802	804	0	802	804	803M
5081	9141	4.135E-201	1.00	4.278E-201	0	316	318	0	316	318	317M
5082	9142	5.788E-215	1.00	5.569E-215	0	313	315	0	313	315	314M
5083	9143	2.539E-167	1.00	2.658E-167	0	268	270	0	268	270	269M
5084	9144	1.171E-293	1.00	1.146E-293	0	468	470	0	468	470	469M
5085	9145	4.154E-164	1.00	4.077E-164	0	243	245	0	243	245	244M
5086	9146	1.022E-163	1.00	1.017E-163	0	249	251	0	249	251	250M
5087	9147	9.413E-171	1.00	9.146E-171	0	266	268	0	266	268	267M
5088	9148	9.676E-143	1.00	9.565E-143	0	230	232	0	230	232	231M
5089	9149	2.217E-308	1.00	0.000E+00	0	1148	1150	0	1148	1150	1149M
5090	9150	3.511E-215	1.00	3.586E-215	0	344	346	0	344	346	345M
5091	9151	2.217E-308	1.00	0.000E+00	0	677	679	0	677	679	678M
5092	9152	1.295E-100	1.00	1.255E-100	0	153	155	0	153	155	154M
5093	9153	5.282E-257	1.00	5.363E-257	0	414	416	0	414	416	415M
5094	9154	2.217E-308	1.00	0.000E+00	0	475	477	0	475	477	476M
5095	9155	6.610E-189	1.00	6.395E-189	0	282	284	0	282	284	283M
5096	9156	2.057E-163	1.00	1.973E-163	0	243	245	0	243	245	244M
5097	9157	7.081E-293	1.00	6.791E-293	0	425	427	0	425	427	426M
5098	9158	1.050E-251	1.00	1.017E-251	0	384	386	0	384	386	385M
5099	9159	1.895E-170	1.00	1.893E-170	0	248	250	0	248	250	249M
5100	9160	7.841E-139	1.00	7.551E-139	0	213	215	0	213	215	214M
5101	9161	1.121E-199	1.00	1.176E-199	0	306	308	0	306	308	307M
5102	9162	1.026E-126	1.00	1.033E-126	0	197	199	0	197	199	198M
5103	9163	9.244E-164	1.00	9.391E-164	0	254	256	0	254	256	255M
5104	9164	2.583E-135	1.00	2.461E-135	0	204	206	0	204	206	205M
5105	9165	4.473E-154	1.00	4.581E-154	0	219	221	0	219	221	220M
5106	9166	1.519E-123	1.00	1.554E-123	0	185	187	0	185	187	186M
5107	9167	2.436E-35	1.00	2.431E-35	0	60	62	0	60	62	61M
5108	9168	3.771E-204	1.00	3.710E-204	0	327	329	0	327	329	328M
5109	9169	2.442E-152	1.00	2.436E-152	0	243	245	0	243	245	244M
5110	9170	2.319E-43	1.00	2.325E-43	0	77	79	0	77	79	78M
5111	9171	2.601E-99	1.00	2.482E-99	0	156	158	0	156	158	157M
5112	9172	1.684E-163	1.00	1.764E-163	0	254	256	0	254	256	255M
5113	9173	3.238E-145	1.00	3.230E-145	0	223	225	0	223	225	224M
5114	9174	3.894E-139	1.00	3.714E-139	0	218	220	0	218	220	219M
5115	9175	2.217E-308	1.00	0.000E+00	0	592	594	0	592	594	593M
5116	9176	8.271E-121	1.00	8.544E-121	0	185	187	0	185	187	186M
5117	9177	5.013E-82	1.00	5.120E-82	0	125	127	0	125	127	126M
5118	9178	8.488E-131	1.00	8.664E-131	0	192	194	0	192	194	193M
5119	9179	4.711E-58	1.00	4.806E-58	0	97	99	0	97	99	98M
5120	9180	1.249E-202	1.00	1.275E-202	0	315	317	0	315	317	316M
5121	9181	1.801E-189	1.00	1.872E-189	0	276	278	0	276	278	277M
5122	9182	2.789E-126	1.00	2.743E-126	0	191	193	0	191	193	192M
5123	9183	2.217E-308	1.00	0.000E+00	0	568	570	0	568	570	569M
5124	9184	3.006E-271	1.00	2.949E-271	0	426	428	0	426	428	427M
5125	9185	2.217E-308	1.00	0.000E+00	0	620	622	0	620	622	621M
5126	9186	6.287E-247	1.00	6.256E-247	0	384	386	0	384	386	385M
5127	9187	2.213E-230	1.00	2.133E-230	0	349	351	0	349	351	350M
5128	9188	5.650E-167	1.00	5.691E-167	0	244	246	0	244	246	245M
5129	9189	9.189E-123	1.00	8.938E-123	0	182	184	0	182	184	183M
5130	9190	6.447E-102	1.00	6.474E-102	0	157	159	0	157	159	158M
5131	9191	2.163E-105	1.00	2.246E-105	0	162	164	0	162	164	163M
5132	9192	4.274E-59	1.00	4.188E-59	0	86	88	0	86	88	87M
5133	9193	5.020E-276	1.00	4.961E-276	0	393	395	0	393	395	394M
5134	9194	7.894E-219	1.00	7.664E-219	0	325	327	0	325	327	326M
5135	9195	3.523E-255	1.00	3.588E-255	0	369	371	0	369	371	370M
5136	9196	2.217E-308	1.00	0.000E+00	0	547	549	0	547	549	548M
5137	9197	1.312E-221	1.00	1.277E-221	0	323	325	0	323	325	324M
5138	9198	1.197E-263	1.00	1.230E-263	0	370	372	0	370	372	371M
5139	9199	2.263E-316	1.00	2.291E-316	0	482	484	0	482	484	483M
5140	9200	7.854E-217	1.00	8.150E-217	0	317	319	0	317	319	318M
5141	9201	8.018E-225	1.00	8.211E-225	0	341	343	0	341	343	342M
5142	9202	2.217E-308	1.00	0.000E+00	0	540	542	0	540	542	541M
5143	9203	2.491E-121	1.00	2.419E-121	0	185	187	0	185	187	186M
5144	9204	4.051E-193	1.00	4.200E-193	0	285	287	0	285	287	286M
5145	9205	3.202E-102	1.00	3.214E-102	0	149	151	0	149	151	150M
5146	9206	7.374E-270	1.00	7.666E-270	0	408	410	0	408	410	409M
5147	9207	4.614E-282	1.00	4.683E-282	0	440	442	0	440	442	441M
5148	9208	4.974E-79	1.00	4.841E-79	0	123	125	0	123	125	124M
5149	9209	2.561E-93	1.00	2.544E-93	0	155	157	0	155	157	156M
5150	9210	2.217E-308	1.00	0.000E+00	0	711	713	0	711	713	712M
5151	9211	2.813E-21	1.00	2.807E-21	0	37	38	0	37	38	38M
5152	9212	2.217E-308	1.00	0.000E+00	0	817	819	0	817	819	818M
5153	9213	3.694E-80	1.00	3.593E-80	0	128	130	0	128	130	129M
5154	9214	4.528E-120	1.00	4.469E-120	0	180	182	0	180	182	181M
5155	9215	1.069E-142	1.00	1.036E-142	0	225	227	0	225	227	226M
5156	9216	1.754E-140	1.00	1.799E-140	0	214	216	0	214	216	215M
5157	9217	1.855E-123	1.00	1.911E-123	0	196	198	0	196	198	197M
5158	9218	2.435E-31	1.00	2.427E-31	0	48	50	0	48	50	49M
5159	9219	2.229E-194	1.00	2.240E-194	0	283	285	0	283	285	284M
5160	9220	1.556E-55	1.00	1.495E-55	0	98	100	0	98	100	99M
5161	9221	1.923E-253	1.00	1.858E-253	0	386	388	0	386	388	387M
5162	9222	1.993E-112	1.00	2.030E-112	0	166	168	0	166	168	167M
5163	9223	5.411E-305	1.00	5.203E-305	0	455	457	0	455	457	456M
5164	9224	3.714E-82	1.00	3.714E-82	0	138	140	0	138	140	139M
5165	9225	2.860E-97	1.00	2.906E-97	0	150	152	0	150	152	151M
5166	9226	1.621E-303	1.00	1.625E-303	0	441	443	0	441	443	442M
5167	9227	2.396E-222	1.00	2.470E-222	0	335	337	0	335	337	336M
5168	9228	3.380E-123	1.00	3.426E-123	0	195	197	0	195	197	196M
5169	9229	2.828E-54	1.00	2.967E-54	0	88	90	0	88	90	89M
5170	9230	2.217E-308	1.00	0.000E+00	0	847	849	0	847	849	848M
5171	9231	2.217E-308	1.00	0.000E+00	0	539	541	0	539	541	540M
5172	9232	2.217E-308	1.00	0.000E+00	0	925	927	0	925	927	926M
5173	9233	3.884E-138	1.00	3.953E-138	0	208	210	0	208	210	209M
5174	9234	2.217E-308	1.00	0.000E+00	0	756	758	0	756	758	757M
5175	9235	2.254E-237	1.00	2.310E-237	0	343	345	0	343	345	344M
5176	9236	1.135E-49	1.00	1.086E-49	0	83	85	0	83	85	84M
5177	9237	1.308E-104	1.00	1.356E-104	0	160	162	0	160	162	161M
5178	9238	1.690E-203	1.00	1.729E-203	0	306	308	0	306	308	307M
5179	9239	1.008E-274	1.00	9.985E-275	0	410	412	0	410	412	411M
5180	9240	1.465E-109	1.00	1.503E-109	0	159	161	0	159	161	160M
5181	9241	8.348E-318	1.00	8.151E-318	0	478	480	0	478	480	479M
5182	9242	1.177E-179	1.00	1.146E-179	0	286	288	0	286	288	287M
5183	9243	3.948E-67	1.00	3.890E-67	0	102	104	0	102	104	103M
5184	9244	7.788E-59	1.00	8.125E-59	0	93	95	0	93	95	94M
5185	9245	2.172E-68	1.00	2.267E-68	0	115	117	0	115	117	116M
5186	9246	4.062E-78	1.00	4.010E-78	0	121	123	0	121	123	122M
5187	9247	1.071E-220	1.00	1.034E-220	0	334	336	0	334	336	335M
5188	9248	9.860E-305	1.00	1.035E-304	0	463	465	0	463	465	464M
5189	9249	7.101E-62	1.00	6.874E-62	0	97	99	0	97	99	98M
5190	9250	5.184E-95	1.00	4.993E-95	0	152	154	0	152	154	153M
5191	9251	4.826E-106	1.00	4.635E-106	0	162	164	0	162	164	163M
5192	9252	5.664E-284	1.00	5.698E-284	0	413	415	0	413	415	414M
5193	9253	2.884E-139	1.00	2.931E-139	0	213	215	0	213	215	214M
5194	9254	6.481E-104	1.00	6.262E-104	0	159	161	0	159	161	160M
5195	9255	1.221E-116	1.00	1.169E-116	0	173	175	0	173	175	174M
5196	9256	1.690E-203	1.00	1.650E-203	0	305	307	0	305	307	306M
5197	9257	4.817E-144	0.986	4.710E-144	0	213	215	0	216	218	32M3D182M
5198	9258	2.217E-308	1.00	0.000E+00	0	496	498	0	496	498	497M
5199	9259	3.406E-242	1.00	3.430E-242	0	368	370	0	368	370	369M
5200	9260	9.809E-303	1.00	9.920E-303	0	446	448	0	446	448	447M
5201	9261	6.069E-156	1.00	6.104E-156	0	241	243	0	241	243	242M
5202	9262	1.469E-110	1.00	1.468E-110	0	183	185	0	183	185	184M
5203	9263	6.883E-166	1.00	6.554E-166	0	249	251	0	249	251	250M
5204	9264	3.867E-175	1.00	3.855E-175	0	273	275	0	273	275	274M
5205	9265	3.550E-258	1.00	3.679E-258	0	397	399	0	397	399	398M
5206	9266	1.935E-294	1.00	1.933E-294	0	450	452	0	450	452	451M
5207	9267	2.217E-308	1.00	0.000E+00	0	840	842	0	840	842	841M
5208	9268	1.902E-94	1.00	1.826E-94	0	166	168	0	166	168	167M
5209	9269	8.206E-234	1.00	7.811E-234	0	355	357	0	355	357	356M
5210	9270	4.333E-103	1.00	4.364E-103	0	160	162	0	160	162	161M
5211	9271	1.051E-174	1.00	1.060E-174	0	261	263	0	261	263	262M
5212	9272	6.458E-180	1.00	6.173E-180	0	293	295	0	293	295	294M
5213	9273	6.315E-94	1.00	6.350E-94	0	159	161	0	159	161	160M
5214	9274	3.584E-223	1.00	3.645E-223	0	348	350	0	348	350	349M
5215	9275	1.265E-91	1.00	1.310E-91	0	145	147	0	145	147	146M
5216	9276	3.305E-153	1.00	3.243E-153	0	227	229	0	227	229	228M
5217	9277	1.220E-77	1.00	1.226E-77	0	118	120	0	118	120	119M
5218	9278	1.680E-46	1.00	1.602E-46	0	77	79	0	77	79	78M
5219	9279	6.476E-65	1.00	6.243E-65	0	96	98	0	96	98	97M
5220	9280	2.034E-120	1.00	2.060E-120	0	177	179	0	177	179	178M
5221	9281	3.120E-92	1.00	3.120E-92	0	148	150	0	148	150	149M
5222	9282	3.498E-291	1.00	3.500E-291	0	415	417	0	415	417	416M
5223	9283	3.535E-295	1.00	3.423E-295	0	467	469	0	467	469	468M
5224	9284	5.680E-169	1.00	5.792E-169	0	247	249	0	247	249	248M
5225	9285	6.336E-250	1.00	6.177E-250	0	391	393	0	391	393	392M
5226	9286	8.739E-297	1.00	8.716E-297	0	483	485	0	483	485	484M
5227	9287	1.092E-150	1.00	1.139E-150	0	211	213	0	211	213	212M
5228	9288	2.217E-308	1.00	0.000E+00	0	479	481	0	479	481	480M
5229	9289	1.028E-88	1.00	1.041E-88	0	146	148	0	146	148	147M
5230	9290	2.217E-308	1.00	0.000E+00	0	696	698	0	696	698	697M
5231	9291	3.099E-43	1.00	3.086E-43	0	70	72	0	70	72	71M
5232	9292	7.754E-96	1.00	7.881E-96	0	153	155	0	153	155	154M
5233	9293	9.221E-47	1.00	9.681E-47	0	86	88	0	86	88	87M
5234	9294	5.221E-32	1.00	5.205E-32	0	55	57	0	55	57	56M
5235	9295	2.217E-308	1.00	0.000E+00	0	571	573	0	571	573	572M
5236	9296	1.139E-205	1.00	1.186E-205	0	314	316	0	314	316	315M
5237	9297	2.217E-308	1.00	0.000E+00	0	951	953	0	951	953	952M
5238	9298	1.498E-195	1.00	1.442E-195	0	285	287	0	285	287	286M
5239	9299	3.128E-93	1.00	3.171E-93	0	153	155	0	153	155	154M
5240	9300	1.132E-48	1.00	1.177E-48	0	80	82	0	80	82	81M
5241	9301	5.597E-86	1.00	5.373E-86	0	138	140	0	138	140	139M
5242	9302	4.496E-272	1.00	4.293E-272	0	432	434	0	432	434	433M
5243	9303	2.382E-181	1.00	2.277E-181	0	263	265	0	263	265	264M
5244	9304	1.084E-186	1.00	1.089E-186	0	284	286	0	284	286	285M
5245	9305	8.855E-70	1.00	8.512E-70	0	106	108	0	106	108	107M
5246	9306	1.208E-73	1.00	1.196E-73	0	112	114	0	112	114	113M
5247	9307	1.781E-262	1.00	1.855E-262	0	401	403	0	401	403	402M
5248	9308	2.270E-85	1.00	2.301E-85	0	142	144	0	142	144	143M
5249	9309	5.224E-98	1.00	5.075E-98	0	140	142	0	140	142	141M
5250	9310	4.133E-46	1.00	3.939E-46	0	76	78	0	76	78	77M
5251	9311	3.647E-75	1.00	3.615E-75	0	118	120	0	118	120	119M
5252	9312	1.068E-64	1.00	1.070E-64	0	107	109	0	107	109	108M
5253	9313	1.002E-233	1.00	9.976E-234	0	367	369	0	367	369	368M
5254	9314	1.260E-128	1.00	1.248E-128	0	197	199	0	197	199	198M
5255	9315	1.749E-139	1.00	1.741E-139	0	222	224	0	222	224	223M
5256	9316	4.889E-111	1.00	4.857E-111	0	173	175	0	173	175	174M
5257	9317	4.748E-61	1.00	4.581E-61	0	97	99	0	97	99	98M
5258	9318	1.305E-18	1.00	1.303E-18	0	32	34	0	32	34	33M
5259	9319	8.687E-256	1.00	9.073E-256	0	380	382	0	380	382	381M
5260	9320	2.217E-308	1.00	0.000E+00	0	527	529	0	527	529	528M
5261	9321	2.055E-35	1.00	2.063E-35	0	63	65	0	63	65	64M
5262	9322	7.562E-125	1.00	7.536E-125	0	201	203	0	201	203	202M
5263	9323	1.311E-66	1.00	1.311E-66	0	101	103	0	101	103	102M
5264	9324	1.922E-214	1.00	1.950E-214	0	333	335	0	333	335	334M
5265	9325	2.217E-308	1.00	0.000E+00	0	697	699	0	697	699	698M
5266	9326	2.217E-308	1.00	0.000E+00	0	978	980	0	978	980	979M
5267	9327	4.370E-261	1.00	4.587E-261	0	382	384	0	382	384	383M
5268	9328	4.554E-277	1.00	4.740E-277	0	444	446	0	444	446	445M
5269	9329	3.188E-139	1.00	3.223E-139	0	215	217	0	215	217	216M
5270	9330	2.217E-308	1.00	0.000E+00	0	512	514	0	512	514	513M
5271	9331	2.899E-141	1.00	2.887E-141	0	222	224	0	222	224	223M
5272	9332	2.000E-152	1.00	1.957E-152	0	225	227	0	225	227	226M
5273	9333	2.217E-308	1.00	0.000E+00	0	505	507	0	505	507	506M
5274	9334	1.350E-232	1.00	1.315E-232	0	348	350	0	348	350	349M
5275	9335	2.756E-160	1.00	2.695E-160	0	249	251	0	249	251	250M
5276	9336	3.791E-90	1.00	3.754E-90	0	136	138	0	136	138	137M
5277	9337	2.217E-308	1.00	0.000E+00	0	757	759	0	757	759	758M
5278	9338	6.628E-74	1.00	6.515E-74	0	119	121	0	119	121	120M
5279	9339	2.472E-234	1.00	2.402E-234	0	350	352	0	350	352	351M
5280	9340	7.773E-213	1.00	7.736E-213	0	304	306	0	304	306	305M
5281	9341	3.726E-122	1.00	3.643E-122	0	185	187	0	185	187	186M
5282	9342	2.217E-308	1.00	0.000E+00	0	673	675	0	673	675	674M
5283	9343	6.186E-86	1.00	6.077E-86	0	134	136	0	134	136	135M
5284	9344	2.020E-156	1.00	1.962E-156	0	237	239	0	237	239	238M
5285	9345	3.863E-252	1.00	3.804E-252	0	363	365	0	363	365	364M
5286	9346	8.877E-187	1.00	9.024E-187	0	280	282	0	280	282	281M
5287	9347	2.515E-86	1.00	2.412E-86	0	161	163	0	161	163	162M
5288	9348	2.217E-308	1.00	0.000E+00	0	544	546	0	544	546	545M
5289	9349	2.206E-190	1.00	2.192E-190	0	284	286	0	284	286	285M
5290	9350	9.195E-278	1.00	8.773E-278	0	428	430	0	428	430	429M
5291	9351	2.417E-148	1.00	2.397E-148	0	224	226	0	224	226	225M
5292	9352	4.501E-79	1.00	4.495E-79	0	128	130	0	128	130	129M
5293	9353	1.219E-154	1.00	1.183E-154	0	237	239	0	237	239	238M
5294	9354	1.959E-144	1.00	2.044E-144	0	222	224	0	222	224	223M
5295	9355	1.072E-143	1.00	1.021E-143	0	216	218	0	216	218	217M
5296	9356	5.310E-259	1.00	5.118E-259	0	402	404	0	402	404	403M
5297	9357	1.733E-290	1.00	1.793E-290	0	450	452	0	450	452	451M
5298	9358	3.827E-171	1.00	3.671E-171	0	260	262	0	260	262	261M
5299	9359	1.746E-293	1.00	1.754E-293	0	450	452	0	450	452	451M
5300	9360	6.234E-89	1.00	6.436E-89	0	136	138	0	136	138	137M
5301	9361	6.293E-170	1.00	6.265E-170	0	240	242	0	240	242	241M
5302	9362	1.440E-141	1.00	1.487E-141	0	208	210	0	208	210	209M
5303	9363	1.264E-168	1.00	1.205E-168	0	276	278	0	276	278	277M
5304	9364	2.217E-308	1.00	0.000E+00	0	482	484	0	482	484	483M
5305	9365	2.939E-301	1.00	2.992E-301	0	438	440	0	438	440	439M
5306	9366	2.217E-308	1.00	0.000E+00	0	808	810	0	808	810	809M
5307	9367	1.937E-101	1.00	1.981E-101	0	154	156	0	154	156	155M
5308	9368	1.518E-84	1.00	1.574E-84	0	136	138	0	136	138	137M
5309	9369	1.133E-87	1.00	1.104E-87	0	136	138	0	136	138	137M
5310	9370	8.221E-196	1.00	8.437E-196	0	287	289	0	287	289	288M
5311	9371	1.287E-175	1.00	1.241E-175	0	269	271	0	269	271	270M
5312	9372	6.818E-201	1.00	6.580E-201	0	305	307	0	305	307	306M
5313	9373	2.512E-279	1.00	2.442E-279	0	412	414	0	412	414	413M
5314	9374	4.817E-260	1.00	4.890E-260	0	372	374	0	372	374	373M
5315	9375	5.506E-157	1.00	5.736E-157	0	231	233	0	231	233	232M
5316	9376	2.741E-158	1.00	2.649E-158	0	246	248	0	246	248	247M
5317	9377	3.866E-291	1.00	3.844E-291	0	417	419	0	417	419	418M
5318	9378	5.708E-287	1.00	5.890E-287	0	448	450	0	448	450	449M
5319	9379	5.431E-113	1.00	5.687E-113	0	179	181	0	179	181	180M
5320	9380	3.406E-242	1.00	3.430E-242	0	368	370	0	368	370	369M
5321	9381	1.075E-260	1.00	1.089E-260	0	387	389	0	387	389	388M
5322	9382	1.844E-82	1.00	1.936E-82	0	118	120	0	118	120	119M
5323	9383	2.732E-118	1.00	2.780E-118	0	174	176	0	174	176	175M
5324	9384	5.259E-294	1.00	5.211E-294	0	424	426	0	424	426	425M
5325	9385	7.181E-105	1.00	7.212E-105	0	160	162	0	160	162	161M
5326	9386	3.681E-156	1.00	3.742E-156	0	244	246	0	244	246	245M
5327	9387	1.060E-216	1.00	1.066E-216	0	316	318	0	316	318	317M
5328	9388	1.041E-209	1.00	1.020E-209	0	316	318	0	316	318	317M
5329	9389	1.380E-202	1.00	1.364E-202	0	303	305	0	303	305	304M
5330	9390	2.217E-308	1.00	0.000E+00	0	767	769	0	767	769	768M
5331	9391	5.723E-288	1.00	5.463E-288	0	424	426	0	424	426	425M
5332	9392	2.217E-308	1.00	0.000E+00	0	494	496	0	494	496	495M
5333	9393	2.217E-308	1.00	0.000E+00	0	819	821	0	819	821	820M
5334	9394	2.128E-176	1.00	2.093E-176	0	258	260	0	258	260	259M
5335	9395	4.358E-260	1.00	4.312E-260	0	403	405	0	403	405	404M
5336	9396	1.954E-143	1.00	1.918E-143	0	216	218	0	216	218	217M
5337	9397	5.324E-144	1.00	5.264E-144	0	222	224	0	222	224	223M
5338	9398	6.217E-204	1.00	6.410E-204	0	305	307	0	305	307	306M
5339	9399	9.611E-63	1.00	9.347E-63	0	95	97	0	95	97	96M
5340	9400	1.855E-239	1.00	1.786E-239	0	367	369	0	367	369	368M
5341	9401	1.007E-196	1.00	1.049E-196	0	303	305	0	303	305	304M
5342	9402	1.311E-182	1.00	1.333E-182	0	263	265	0	263	265	264M
5343	9403	1.809E-152	1.00	1.837E-152	0	237	239	0	237	239	238M
5344	9404	2.217E-308	1.00	0.000E+00	0	576	578	0	576	578	577M
5345	9405	6.276E-285	1.00	6.210E-285	0	433	435	0	433	435	434M
5346	9406	1.977E-225	1.00	1.996E-225	0	331	333	0	331	333	332M
5347	9407	2.989E-29	1.00	2.979E-29	0	50	51	0	50	51	51M
5348	9408	3.504E-17	1.00	3.501E-17	0	34	36	0	34	36	35M
5349	9409	2.237E-118	1.00	2.273E-118	0	183	185	0	183	185	184M
5350	9410	2.217E-308	1.00	0.000E+00	0	498	500	0	498	500	499M
5351	9411	2.217E-308	1.00	0.000E+00	0	790	792	0	790	792	791M
5352	9412	4.801E-220	1.00	4.710E-220	0	326	328	0	326	328	327M
5353	9413	5.310E-143	1.00	5.091E-143	0	230	232	0	230	232	231M
5354	9414	1.560E-172	1.00	1.592E-172	0	267	269	0	267	269	268M
5355	9415	3.575E-222	1.00	3.632E-222	0	350	352	0	350	352	351M
5356	9416	2.217E-308	1.00	0.000E+00	0	909	911	0	909	911	910M
5357	9417	2.217E-308	1.00	0.000E+00	0	898	900	0	898	900	899M
5358	9418	3.824E-132	1.00	3.876E-132	0	193	195	0	193	195	194M
5359	9419	2.217E-308	1.00	0.000E+00	0	599	601	0	599	601	600M
5360	9420	2.217E-308	1.00	0.000E+00	0	512	514	0	512	514	513M
5361	9421	2.816E-322	1.00	2.915E-322	0	468	470	0	468	470	469M
5362	9422	6.702E-117	1.00	6.707E-117	0	168	170	0	168	170	169M
5363	9423	1.355E-195	1.00	1.396E-195	0	291	293	0	291	293	292M
5364	9424	1.848E-315	1.00	1.893E-315	0	480	482	0	480	482	481M
5365	9425	2.880E-34	1.00	2.880E-34	0	65	67	0	65	67	66M
5366	9426	7.674E-92	1.00	7.309E-92	0	146	148	0	146	148	147M
5367	9427	2.623E-141	1.00	2.665E-141	0	207	209	0	207	209	208M
5368	9428	4.218E-170	1.00	4.099E-170	0	251	253	0	251	253	252M
5369	9429	8.642E-254	1.00	8.698E-254	0	390	392	0	390	392	391M
5370	9430	3.767E-281	1.00	3.878E-281	0	411	413	0	411	413	412M
5371	9431	2.217E-308	1.00	0.000E+00	0	755	757	0	755	757	756M
5372	9432	2.217E-308	1.00	0.000E+00	0	948	950	0	948	950	949M
5373	9433	3.700E-158	1.00	3.578E-158	0	239	241	0	239	241	240M
5374	9434	2.955E-187	1.00	3.043E-187	0	277	279	0	277	279	278M
5375	9435	3.008E-310	1.00	2.894E-310	0	459	461	0	459	461	460M
5376	9436	1.495E-117	1.00	1.554E-117	0	177	179	0	177	179	178M
5377	9437	6.138E-83	1.00	5.891E-83	0	126	128	0	126	128	127M
5378	9438	2.217E-308	1.00	0.000E+00	0	820	822	0	820	822	821M
5379	9439	6.684E-232	1.00	6.798E-232	0	336	338	0	336	338	337M
5380	9440	6.153E-316	1.00	6.042E-316	0	469	471	0	469	471	470M
5381	9441	1.336E-23	1.00	1.340E-23	0	43	45	0	43	45	44M
5382	9442	3.550E-258	1.00	3.550E-258	0	403	405	0	403	405	404M
5383	9443	1.895E-286	1.00	1.982E-286	0	447	449	0	447	449	448M
5384	9444	4.551E-238	1.00	4.470E-238	0	355	357	0	355	357	356M
5385	9445	2.962E-188	1.00	2.907E-188	0	274	276	0	274	276	275M
5386	9446	2.041E-160	1.00	1.966E-160	0	249	251	0	249	251	250M
5387	9447	2.117E-174	1.00	2.196E-174	0	290	292	0	290	292	291M
5388	9448	9.693E-105	1.00	9.888E-105	0	160	162	0	160	162	161M
5389	9449	3.257E-186	1.00	3.138E-186	0	273	275	0	273	275	274M
5390	9450	1.616E-147	1.00	1.562E-147	0	237	239	0	237	239	238M
5391	9451	1.304E-64	1.00	1.268E-64	0	104	106	0	104	106	105M
5392	9452	7.714E-94	1.00	7.410E-94	0	149	151	0	149	151	150M
5393	9453	8.422E-128	1.00	8.416E-128	0	204	206	0	204	206	205M
5394	9454	2.950E-225	1.00	2.867E-225	0	332	334	0	332	334	333M
5395	9455	3.450E-247	1.00	3.617E-247	0	379	381	0	379	381	380M
5396	9456	1.170E-138	1.00	1.138E-138	0	215	217	0	215	217	216M
5397	9457	1.076E-183	1.00	1.037E-183	0	269	271	0	269	271	270M
5398	9458	2.285E-165	1.00	2.347E-165	0	256	258	0	256	258	257M
5399	9459	2.048E-200	1.00	2.141E-200	0	310	312	0	310	312	311M
5400	9460	2.550E-130	1.00	2.661E-130	0	209	211	0	209	211	210M
5401	9461	3.634E-151	1.00	3.676E-151	0	227	229	0	227	229	228M
5402	9462	2.944E-263	1.00	2.832E-263	0	408	410	0	408	410	409M
5403	9463	1.098E-191	1.00	1.098E-191	0	274	276	0	274	276	275M
5404	9464	1.852E-277	1.00	1.769E-277	0	416	418	0	416	418	417M
5405	9465	7.248E-302	1.00	6.911E-302	0	481	483	0	481	483	482M
5406	9466	2.217E-308	1.00	0.000E+00	0	1058	1060	0	1058	1060	1059M
5407	9467	2.862E-252	1.00	2.975E-252	0	405	407	0	405	407	406M
5408	9468	7.032E-35	1.00	7.039E-35	0	56	58	0	56	58	57M
5409	9469	1.484E-230	1.00	1.537E-230	0	342	344	0	342	344	343M
5410	9470	4.208E-169	1.00	4.155E-169	0	260	262	0	260	262	261M
5411	9471	2.617E-140	1.00	2.540E-140	0	228	230	0	228	230	229M
5412	9472	1.103E-154	1.00	1.129E-154	0	236	238	0	236	238	237M
5413	9473	9.292E-166	1.00	9.555E-166	0	257	259	0	257	259	258M
5414	9474	2.364E-62	1.00	2.421E-62	0	108	110	0	108	110	109M
5415	9475	4.274E-59	1.00	4.188E-59	0	86	88	0	86	88	87M
5416	9476	6.058E-310	1.00	6.178E-310	0	455	457	0	455	457	456M
5417	9477	2.217E-308	1.00	0.000E+00	0	486	488	0	486	488	487M
5418	9478	2.694E-190	1.00	2.646E-190	0	288	290	0	288	290	289M
5419	9479	7.746E-173	1.00	7.600E-173	0	258	260	0	258	260	259M
5420	9480	7.529E-162	1.00	7.894E-162	0	241	243	0	241	243	242M
5421	9481	3.187E-255	1.00	3.246E-255	0	421	423	0	421	423	422M
5422	9482	2.217E-308	1.00	0.000E+00	0	584	586	0	584	586	585M
5423	9483	1.460E-69	1.00	1.525E-69	0	118	120	0	118	120	119M
5424	9484	1.444E-142	1.00	1.466E-142	0	219	221	0	219	221	220M
5425	9485	7.725E-288	1.00	7.463E-288	0	451	453	0	451	453	452M
5426	9486	2.019E-32	1.00	2.011E-32	0	55	57	0	55	57	56M
5427	9487	7.633E-206	1.00	7.658E-206	0	298	300	0	298	300	299M
5428	9488	8.081E-112	1.00	8.182E-112	0	182	184	0	182	184	183M
5429	9489	2.217E-308	1.00	0.000E+00	0	797	799	0	797	799	798M
5430	9490	2.275E-202	1.00	2.332E-202	0	301	303	0	301	303	302M
5431	9491	2.111E-57	1.00	2.161E-57	0	89	91	0	89	91	90M
5432	9492	1.789E-225	1.00	1.842E-225	0	336	338	0	336	338	337M
5433	9493	5.635E-282	1.00	5.689E-282	0	451	453	0	451	453	452M
5434	9494	2.616E-256	1.00	2.573E-256	0	380	382	0	380	382	381M
5435	9495	3.493E-213	1.00	3.351E-213	0	313	315	0	313	315	314M
5436	9496	6.806E-239	1.00	6.598E-239	0	368	370	0	368	370	369M
5437	9497	2.217E-308	1.00	0.000E+00	0	747	749	0	747	749	748M
5438	9498	1.854E-84	1.00	1.825E-84	0	126	128	0	126	128	127M
5439	9499	2.217E-308	1.00	0.000E+00	0	485	487	0	485	487	486M
5440	9500	1.739E-214	1.00	1.730E-214	0	317	319	0	317	319	318M
5441	9501	3.238E-145	1.00	3.122E-145	0	209	211	0	209	211	210M
5442	9502	4.197E-168	1.00	4.287E-168	0	256	258	0	256	258	257M
5443	9503	1.042E-132	1.00	1.084E-132	0	206	208	0	206	208	207M
5444	9504	4.175E-166	1.00	4.273E-166	0	260	262	0	260	262	261M
5445	9505	7.230E-38	1.00	7.237E-38	0	64	66	0	64	66	65M
5446	9506	1.217E-76	1.00	1.233E-76	0	120	122	0	120	122	121M
5447	9507	1.456E-184	1.00	1.418E-184	0	287	289	0	287	289	288M
5448	9508	9.293E-50	1.00	9.360E-50	0	80	82	0	80	82	81M
5449	9509	4.409E-44	1.00	4.390E-44	0	69	71	0	69	71	70M
5450	9510	2.126E-253	1.00	2.112E-253	0	382	384	0	382	384	383M
5451	9511	7.363E-76	1.00	7.621E-76	0	125	127	0	125	127	126M
5452	9512	3.736E-123	1.00	3.705E-123	0	190	192	0	190	192	191M
5453	9513	9.997E-233	1.00	1.018E-232	0	356	358	0	356	358	357M
5454	9514	3.511E-99	1.00	3.499E-99	0	150	152	0	150	152	151M
5455	9515	7.719E-249	1.00	7.871E-249	0	378	380	0	378	380	379M
5456	9516	1.721E-94	1.00	1.713E-94	0	158	160	0	158	160	159M
5457	9517	3.210E-219	1.00	3.161E-219	0	333	335	0	333	335	334M
5458	9518	3.717E-121	1.00	3.708E-121	0	194	196	0	194	196	195M
5459	9519	2.217E-308	1.00	0.000E+00	0	512	514	0	512	514	513M
5460	9520	2.217E-308	1.00	0.000E+00	0	628	630	0	628	630	629M
5461	9521	2.380E-142	1.00	2.280E-142	0	215	217	0	215	217	216M
5462	9522	1.409E-210	1.00	1.354E-210	0	320	322	0	320	322	321M
5463	9523	2.217E-308	1.00	2.138E-308	0	477	479	0	477	479	478M
5464	9524	3.369E-83	1.00	3.328E-83	0	147	149	0	147	149	148M
5465	9525	2.768E-38	1.00	2.758E-38	0	70	72	0	70	72	71M
5466	9526	7.162E-220	1.00	7.182E-220	0	335	337	0	335	337	336M
5467	9527	5.201E-251	1.00	5.448E-251	0	366	368	0	366	368	367M
5468	9528	8.242E-197	1.00	8.577E-197	0	292	294	0	292	294	293M
5469	9529	2.217E-308	1.00	0.000E+00	0	501	503	0	501	503	502M
5470	9530	8.011E-186	1.00	7.952E-186	0	266	268	0	266	268	267M
5471	9531	1.878E-205	1.00	1.908E-205	0	304	306	0	304	306	305M
5472	9532	3.342E-312	1.00	3.203E-312	0	457	459	0	457	459	458M
5473	9533	2.217E-308	1.00	0.000E+00	0	521	523	0	521	523	522M
5474	9534	3.525E-294	1.00	3.702E-294	0	464	466	0	464	466	465M
5475	9535	1.867E-48	1.00	1.815E-48	0	76	78	0	76	78	77M
5476	9536	5.986E-228	1.00	5.958E-228	0	328	330	0	328	330	329M
5477	9537	1.426E-176	1.00	1.411E-176	0	263	265	0	263	265	264M
5478	9538	1.575E-137	1.00	1.629E-137	0	198	200	0	198	200	199M
5479	9539	2.937E-146	1.00	3.030E-146	0	213	215	0	213	215	214M
5480	9540	4.397E-70	1.00	4.524E-70	0	119	121	0	119	121	120M
5481	9541	3.931E-104	1.00	3.769E-104	0	155	157	0	155	157	156M
5482	9542	2.599E-60	1.00	2.642E-60	0	107	109	0	107	109	108M
5483	9543	1.874E-127	1.00	1.794E-127	0	200	202	0	200	202	201M
5484	9544	1.223E-194	1.00	1.230E-194	0	277	279	0	277	279	278M
5485	9545	1.953E-259	1.00	1.920E-259	0	381	383	0	381	383	382M
5486	9546	7.167E-259	1.00	7.421E-259	0	410	412	0	410	412	411M
5487	9547	1.101E-192	1.00	1.111E-192	0	299	301	0	299	301	300M
5488	9548	4.931E-153	1.00	4.964E-153	0	236	238	0	236	238	237M
5489	9549	2.342E-39	1.00	2.335E-39	0	65	67	0	65	67	66M
5490	9550	9.405E-132	1.00	9.107E-132	0	211	213	0	211	213	212M
5491	9551	1.088E-110	1.00	1.104E-110	0	177	179	0	177	179	178M
5492	9552	3.650E-114	1.00	3.656E-114	0	181	183	0	181	183	182M
5493	9553	1.977E-109	1.00	1.947E-109	0	171	173	0	171	173	172M
5494	9554	1.059E-177	1.00	1.112E-177	0	276	278	0	276	278	277M
5495	9555	2.217E-308	1.00	0.000E+00	0	831	833	0	831	833	832M
5496	9556	3.951E-222	1.00	3.896E-222	0	338	340	0	338	340	339M
5497	9557	4.579E-47	1.00	4.518E-47	0	77	79	0	77	79	78M
5498	9558	2.064E-319	1.00	2.084E-319	0	494	496	0	494	496	495M
5499	9559	6.737E-119	1.00	6.435E-119	0	183	185	0	183	185	184M
5500	9560	2.200E-189	1.00	2.142E-189	0	299	301	0	299	301	300M
5501	9561	2.217E-308	1.00	0.000E+00	0	531	533	0	531	533	532M
5502	9562	2.217E-308	1.00	0.000E+00	0	560	562	0	560	562	561M
5503	9563	2.295E-128	1.00	2.383E-128	0	204	206	0	204	206	205M
5504	9564	2.559E-170	1.00	2.468E-170	0	267	269	0	267	269	268M
5505	9565	2.217E-308	1.00	0.000E+00	0	565	567	0	565	567	566M
5506	9566	5.379E-148	1.00	5.522E-148	0	235	237	0	235	237	236M
5507	9567	8.748E-104	1.00	9.007E-104	0	160	162	0	160	162	161M
5508	9568	2.552E-169	1.00	2.511E-169	0	256	258	0	256	258	257M
5509	9569	3.322E-35	1.00	3.338E-35	0	60	62	0	60	62	61M
5510	9570	2.159E-259	1.00	2.135E-259	0	390	392	0	390	392	391M
5511	9571	1.012E-314	1.00	1.061E-314	0	490	492	0	490	492	491M
5512	9572	3.675E-194	1.00	3.587E-194	0	293	295	0	293	295	294M
5513	9573	5.153E-54	1.00	5.059E-54	0	86	88	0	86	88	87M
5514	9574	2.217E-308	1.00	0.000E+00	0	518	520	0	518	520	519M
5515	9575	2.028E-80	1.00	2.106E-80	0	117	119	0	117	119	118M
5516	9576	2.117E-58	1.00	2.098E-58	0	93	95	0	93	95	94M
5517	9577	1.601E-66	1.00	1.635E-66	0	112	114	0	112	114	113M
5518	9578	1.755E-179	1.00	1.681E-179	0	274	276	0	274	276	275M
5519	8776	1.170E-26	1.00	1.174E-26	0	48	50	0	48	50	49M
5520	9878	8.878E-71	1.00	9.107E-71	0	112	114	0	112	114	113M
5521	9877	5.607E-48	1.00	5.725E-48	0	80	82	0	80	82	81M
5522	9876	2.217E-308	1.00	0.000E+00	0	635	637	0	635	637	636M
5523	9875	2.543E-129	1.00	2.420E-129	0	209	211	0	209	211	210M
5524	9874	1.302E-218	1.00	1.334E-218	0	310	312	0	310	312	311M
5525	9873	1.392E-244	1.00	1.406E-244	0	365	367	0	365	367	366M
5526	9872	2.929E-261	1.00	2.993E-261	0	427	429	0	427	429	428M
5527	9871	1.894E-247	1.00	1.903E-247	0	372	374	0	372	374	373M
5528	9870	2.583E-251	1.00	2.676E-251	0	371	373	0	371	373	372M
5529	9869	1.225E-272	1.00	1.248E-272	0	453	455	0	453	455	454M
5530	9868	2.349E-253	1.00	2.434E-253	0	419	421	0	419	421	420M
5531	9867	4.288E-215	1.00	4.259E-215	0	314	316	0	314	316	315M
5532	9866	1.076E-183	1.00	1.122E-183	0	264	266	0	264	266	265M
5533	9865	7.935E-221	1.00	7.910E-221	0	335	337	0	335	337	336M
5534	9864	1.512E-44	1.00	1.439E-44	0	72	74	0	72	74	73M
5535	9863	1.494E-78	1.00	1.554E-78	0	121	123	0	121	123	122M
5536	9862	1.017E-84	1.00	1.042E-84	0	134	136	0	134	136	135M
5537	9861	1.105E-232	1.00	1.118E-232	0	358	360	0	358	360	359M
5538	9860	6.256E-129	1.00	6.038E-129	0	195	197	0	195	197	196M
5539	9859	5.379E-148	1.00	5.265E-148	0	214	216	0	214	216	215M
5540	9858	1.384E-319	1.00	1.342E-319	0	471	473	0	471	473	472M
5541	9857	5.087E-49	1.00	5.285E-49	0	83	85	0	83	85	84M
5542	9856	1.331E-188	1.00	1.383E-188	0	285	287	0	285	287	286M
5543	9855	3.366E-44	1.00	3.480E-44	0	77	79	0	77	79	78M
5544	9854	4.707E-135	1.00	4.542E-135	0	197	199	0	197	199	198M
5545	9853	8.046E-149	1.00	8.321E-149	0	215	217	0	215	217	216M
5546	9852	3.294E-113	1.00	3.140E-113	0	160	162	0	160	162	161M
5547	9851	2.217E-308	1.00	0.000E+00	0	763	765	0	763	765	764M
5548	9850	2.217E-308	1.00	0.000E+00	0	717	719	0	717	719	718M
5549	9849	3.903E-256	1.00	3.963E-256	0	349	351	0	349	351	350M
5550	9848	7.362E-192	1.00	7.027E-192	0	298	300	0	298	300	299M
5551	9847	6.520E-145	1.00	6.363E-145	0	224	226	0	224	226	225M
5552	9846	4.695E-134	1.00	4.768E-134	0	200	202	0	200	202	201M
5553	9845	1.809E-152	1.00	1.809E-152	0	230	232	0	230	232	231M
5554	9844	1.316E-145	1.00	1.254E-145	0	223	225	0	223	225	224M
5555	9843	8.328E-201	1.00	7.937E-201	0	309	311	0	309	311	310M
5556	9842	2.217E-308	1.00	0.000E+00	0	1109	1111	0	1109	1111	1110M
5557	9841	2.217E-308	1.00	0.000E+00	0	612	614	0	612	614	613M
5558	9840	2.489E-198	1.00	2.470E-198	0	297	299	0	297	299	298M
5559	9839	1.254E-165	1.00	1.291E-165	0	250	252	0	250	252	251M
5560	9838	1.963E-261	1.00	1.868E-261	0	383	385	0	383	385	384M
5561	9837	7.754E-96	1.00	7.513E-96	0	152	154	0	152	154	153M
5562	9836	1.254E-281	1.00	1.216E-281	0	447	449	0	447	449	448M
5563	9835	2.041E-276	1.00	2.099E-276	0	415	417	0	415	417	416M
5564	9834	3.322E-271	1.00	3.170E-271	0	414	416	0	414	416	415M
5565	9833	2.084E-284	1.00	1.995E-284	0	431	433	0	431	433	432M
5566	9832	7.668E-53	1.00	7.514E-53	0	83	85	0	83	85	84M
5567	9831	1.783E-69	1.00	1.854E-69	0	109	111	0	109	111	110M
5568	9830	1.009E-81	1.00	9.629E-82	0	125	127	0	125	127	126M
5569	9829	2.838E-94	1.00	2.751E-94	0	135	137	0	135	137	136M
5570	9828	2.244E-274	1.00	2.206E-274	0	400	402	0	400	402	401M
5571	9827	1.306E-142	1.00	1.251E-142	0	209	211	0	209	211	210M
5572	9826	5.591E-43	1.00	5.598E-43	0	63	65	0	63	65	64M
5573	9825	2.960E-149	1.00	2.937E-149	0	213	215	0	213	215	214M
5574	9824	5.430E-229	1.00	5.334E-229	0	337	339	0	337	339	338M
5575	9823	1.761E-219	1.00	1.683E-219	0	333	335	0	333	335	334M
5576	9822	2.701E-191	1.00	2.779E-191	0	287	289	0	287	289	288M
5577	9821	1.161E-135	1.00	1.191E-135	0	202	204	0	202	204	203M
5578	9820	2.217E-308	1.00	0.000E+00	0	569	571	0	569	571	570M
5579	9819	2.315E-54	1.00	2.434E-54	0	84	86	0	84	86	85M
5580	9818	2.639E-182	1.00	2.706E-182	0	278	280	0	278	280	279M
5581	9817	2.217E-308	1.00	0.000E+00	0	518	520	0	518	520	519M
5582	9816	9.837E-72	1.00	9.498E-72	0	111	113	0	111	113	112M
5583	9815	1.441E-64	1.00	1.432E-64	0	113	115	0	113	115	114M
5584	9814	1.371E-122	1.00	1.439E-122	0	192	194	0	192	194	193M
5585	9813	6.320E-249	1.00	6.209E-249	0	400	402	0	400	402	401M
5586	9812	2.217E-308	1.00	0.000E+00	0	741	743	0	741	743	742M
5587	9811	2.217E-308	1.00	0.000E+00	0	612	614	0	612	614	613M
5588	9810	1.095E-190	1.00	1.129E-190	0	290	292	0	290	292	291M
5589	9809	1.128E-124	1.00	1.083E-124	0	202	204	0	202	204	203M
5590	9808	6.282E-208	1.00	6.429E-208	0	317	319	0	317	319	318M
5591	9807	1.622E-71	1.00	1.543E-71	0	108	110	0	108	110	109M
5592	9806	5.407E-266	1.00	5.383E-266	0	402	404	0	402	404	403M
5593	9805	2.217E-308	1.00	0.000E+00	0	696	698	0	696	698	697M
5594	9804	2.095E-54	1.00	2.163E-54	0	88	90	0	88	90	89M
5595	9803	9.658E-297	1.00	9.679E-297	0	431	433	0	431	433	432M
5596	9802	2.217E-308	1.00	0.000E+00	0	586	588	0	586	588	587M
5597	9801	2.217E-308	1.00	0.000E+00	0	1231	1233	0	1231	1233	1232M
5598	9800	2.217E-308	1.00	0.000E+00	0	1210	1212	0	1210	1212	1211M
5599	9799	5.940E-109	1.00	5.684E-109	0	167	169	0	167	169	168M
5600	9798	5.637E-321	1.00	5.751E-321	0	471	473	0	471	473	472M
5601	9797	8.130E-153	1.00	8.487E-153	0	234	236	0	234	236	235M
5602	9796	5.130E-207	1.00	5.072E-207	0	314	316	0	314	316	315M
5603	9795	1.182E-142	1.00	1.176E-142	0	221	223	0	221	223	222M
5604	9794	2.217E-308	1.00	0.000E+00	0	538	540	0	538	540	539M
5605	9793	7.229E-301	1.00	7.011E-301	0	436	438	0	436	438	437M
5606	9792	9.461E-173	1.00	9.478E-173	0	256	258	0	256	258	257M
5607	9791	2.217E-308	1.00	0.000E+00	0	499	501	0	499	501	500M
5608	9790	1.626E-304	1.00	1.613E-304	0	459	461	0	459	461	460M
5609	9789	2.217E-308	1.00	0.000E+00	0	944	946	0	944	946	945M
5610	9788	2.407E-69	1.00	2.418E-69	0	121	123	0	121	123	122M
5611	9787	2.217E-308	1.00	0.000E+00	0	602	604	0	602	604	603M
5612	9786	1.212E-113	1.00	1.269E-113	0	174	176	0	174	176	175M
5613	9785	2.539E-51	1.00	2.511E-51	0	90	92	0	90	92	91M
5614	9784	8.222E-80	1.00	8.595E-80	0	133	135	0	133	135	134M
5615	9783	1.510E-82	1.00	1.481E-82	0	132	134	0	132	134	133M
5616	9782	2.217E-308	1.00	0.000E+00	0	898	900	0	898	900	899M
5617	9781	4.986E-312	1.00	4.843E-312	0	493	495	0	493	495	494M
5618	9780	3.622E-111	1.00	3.543E-111	0	173	175	0	173	175	174M
5619	9779	2.339E-58	1.00	2.316E-58	0	108	110	0	108	110	109M
5620	9778	1.401E-169	1.00	1.356E-169	0	263	265	0	263	265	264M
5621	9777	2.217E-308	1.00	0.000E+00	0	569	571	0	569	571	570M
5622	9776	1.425E-253	1.00	1.398E-253	0	407	409	0	407	409	408M
5623	9775	3.291E-190	1.00	3.149E-190	0	285	287	0	285	287	286M
5624	9774	3.398E-125	1.00	3.319E-125	0	197	199	0	197	199	198M
5625	9773	1.223E-194	1.00	1.186E-194	0	303	305	0	303	305	304M
5626	9772	2.493E-160	1.00	2.571E-160	0	248	250	0	248	250	249M
5627	9771	3.600E-70	1.00	3.464E-70	0	107	109	0	107	109	108M
5628	9770	8.830E-301	1.00	9.168E-301	0	435	437	0	435	437	436M
5629	9769	2.217E-308	1.00	0.000E+00	0	554	556	0	554	556	555M
5630	9768	2.796E-127	1.00	2.820E-127	0	183	185	0	183	185	184M
5631	9767	1.151E-93	1.00	1.150E-93	0	145	147	0	145	147	146M
5632	9766	2.801E-205	1.00	2.746E-205	0	332	334	0	332	334	333M
5633	9765	8.659E-42	1.00	8.637E-42	0	67	69	0	67	69	68M
5634	9764	2.217E-308	1.00	0.000E+00	0	698	700	0	698	700	699M
5635	9763	1.540E-167	1.00	1.513E-167	0	256	258	0	256	258	257M
5636	9762	2.877E-138	1.00	2.971E-138	0	202	204	0	202	204	203M
5637	9761	4.020E-190	1.00	3.928E-190	0	283	285	0	283	285	284M
5638	9760	2.243E-119	1.00	2.239E-119	0	194	196	0	194	196	195M
5639	9759	2.388E-182	1.00	2.505E-182	0	263	265	0	263	265	264M
5640	9758	2.217E-308	1.00	0.000E+00	0	601	603	0	601	603	602M
5641	9757	6.633E-113	1.00	6.445E-113	0	175	177	0	175	177	176M
5642	9756	2.716E-77	1.00	2.801E-77	0	122	124	0	122	124	123M
5644	9754	3.448E-208	1.00	3.330E-208	0	303	305	0	303	305	304M
5645	9753	2.217E-308	1.00	0.000E+00	0	716	718	0	716	718	717M
5646	9752	3.495E-252	1.00	3.640E-252	0	389	391	0	389	391	390M
5647	9751	4.322E-102	1.00	4.374E-102	0	162	164	0	162	164	163M
5648	9750	2.487E-159	1.00	2.612E-159	0	237	239	0	237	239	238M
5649	9749	4.139E-124	1.00	4.193E-124	0	184	186	0	184	186	185M
5650	9748	1.522E-85	1.00	1.567E-85	0	134	136	0	134	136	135M
5651	9747	2.239E-157	1.00	2.222E-157	0	251	253	0	251	253	252M
5652	9746	4.462E-153	1.00	4.309E-153	0	233	235	0	233	235	234M
5653	9745	2.411E-263	1.00	2.457E-263	0	378	380	0	378	380	379M
5654	9744	3.781E-205	1.00	3.882E-205	0	299	301	0	299	301	300M
5655	9743	2.217E-308	1.00	0.000E+00	0	638	640	0	638	640	639M
5656	9742	2.206E-74	1.00	2.292E-74	0	117	119	0	117	119	118M
5657	9741	6.914E-129	1.00	7.175E-129	0	192	194	0	192	194	193M
5658	9740	5.205E-290	1.00	5.195E-290	0	473	475	0	473	475	474M
5659	9739	1.369E-199	1.00	1.361E-199	0	289	291	0	289	291	290M
5660	9738	4.864E-109	1.00	4.924E-109	0	164	166	0	164	166	165M
5661	9737	1.294E-61	1.00	1.322E-61	0	117	119	0	117	119	118M
5662	9736	1.756E-63	1.00	1.830E-63	0	120	122	0	120	122	121M
5663	9735	2.217E-308	1.00	0.000E+00	0	1389	1391	7	1396	1398	1390M
5664	9734	2.217E-308	0.999	0.000E+00	0	1361	1363	0	1361	1363	1362M
5665	9733	7.194E-67	1.00	7.479E-67	0	122	124	0	122	124	123M
5666	9732	8.658E-100	1.00	8.651E-100	0	167	169	0	167	169	168M
5667	9731	3.904E-140	1.00	3.824E-140	0	230	232	0	230	232	231M
5668	9730	2.070E-88	1.00	2.111E-88	0	141	143	0	141	143	142M
5669	9729	2.019E-117	1.00	2.032E-117	0	176	178	0	176	178	177M
5670	9728	1.402E-92	1.00	1.437E-92	0	145	147	0	145	147	146M
5671	9030	5.489E-32	1.00	5.479E-32	0	56	58	0	56	58	57M
5672	9880	1.914E-135	1.00	1.849E-135	0	198	200	0	198	200	199M
5673	9881	1.809E-152	1.00	1.725E-152	0	229	231	0	229	231	230M
5674	9882	4.941E-324	1.00	4.941E-324	0	491	493	0	491	493	492M
5675	9883	1.702E-24	1.00	1.700E-24	0	46	48	0	46	48	47M
5676	9884	1.724E-288	1.00	1.721E-288	0	433	435	0	433	435	434M
5677	9885	2.323E-210	1.00	2.427E-210	0	319	321	0	319	321	320M
5678	9886	2.217E-308	1.00	0.000E+00	0	594	596	0	594	596	595M
5679	9887	5.232E-292	1.00	5.175E-292	0	428	430	0	428	430	429M
5680	9888	2.227E-155	1.00	2.258E-155	0	242	244	0	242	244	243M
5681	9889	6.679E-193	1.00	6.722E-193	0	295	297	0	295	297	296M
5682	9890	1.008E-274	1.00	9.846E-275	0	430	432	0	430	432	431M
5683	9891	2.217E-308	1.00	0.000E+00	0	893	895	0	893	895	894M
5684	9892	3.824E-132	1.00	3.827E-132	0	206	208	0	206	208	207M
5685	9893	2.208E-229	1.00	2.174E-229	0	365	367	0	365	367	366M
5686	9894	2.217E-308	1.00	0.000E+00	0	1040	1042	0	1040	1042	1041M
5687	9895	6.044E-77	1.00	5.803E-77	0	124	126	0	124	126	125M
5688	9896	6.913E-245	1.00	6.587E-245	0	369	371	0	369	371	370M
5689	9897	3.917E-64	1.00	4.068E-64	0	115	117	0	115	117	116M
5690	9898	3.149E-173	1.00	3.036E-173	0	272	274	0	272	274	273M
5691	9899	1.763E-142	1.00	1.744E-142	0	216	218	0	216	218	217M
5692	9900	2.093E-247	1.00	2.159E-247	0	395	397	0	395	397	396M
5693	9901	1.043E-171	1.00	1.007E-171	0	266	268	0	266	268	267M
5694	9902	9.039E-194	1.00	8.928E-194	0	299	301	0	299	301	300M
5695	9903	3.326E-78	1.00	3.221E-78	0	123	125	0	123	125	124M
5696	9904	2.964E-323	1.00	2.964E-323	0	473	475	0	473	475	474M
5697	9905	2.704E-230	1.00	2.754E-230	0	341	343	0	341	343	342M
5698	9906	6.914E-129	1.00	7.040E-129	0	185	187	0	185	187	186M
5699	9907	1.264E-52	1.00	1.218E-52	0	80	82	0	80	82	81M
5700	9908	1.360E-119	1.00	1.368E-119	0	177	179	0	177	179	178M
5701	9909	2.789E-242	1.00	2.731E-242	0	343	345	0	343	345	344M
5702	9910	4.559E-84	1.00	4.592E-84	0	119	121	0	119	121	120M
5703	9911	1.241E-161	1.00	1.247E-161	0	244	246	0	244	246	245M
5704	9912	6.200E-25	1.00	6.194E-25	0	51	53	0	51	53	52M
5705	9913	1.611E-107	1.00	1.594E-107	0	151	153	0	151	153	152M
5706	9914	4.438E-267	1.00	4.425E-267	0	389	391	0	389	391	390M
5707	9915	9.148E-276	1.00	9.343E-276	0	420	422	0	420	422	421M
5708	9916	5.798E-177	1.00	5.906E-177	0	278	280	0	278	280	279M
5709	9917	3.999E-41	1.00	4.000E-41	0	66	68	0	66	68	67M
5710	9918	1.361E-158	1.00	1.325E-158	0	238	240	0	238	240	239M
5711	9919	3.451E-131	1.00	3.591E-131	0	200	202	0	200	202	201M
5712	9920	5.482E-194	1.00	5.660E-194	0	296	298	0	296	298	297M
5713	9921	3.606E-148	1.00	3.662E-148	0	213	215	0	213	215	214M
5714	9922	2.978E-190	1.00	2.875E-190	0	310	312	0	310	312	311M
5715	9923	2.062E-280	1.00	1.977E-280	0	446	448	0	446	448	447M
5716	9924	8.726E-103	1.00	8.852E-103	0	155	157	0	155	157	156M
5717	9925	1.381E-241	1.00	1.339E-241	0	350	352	0	350	352	351M
5718	9926	4.674E-171	1.00	4.579E-171	0	258	260	0	258	260	259M
5719	9927	3.745E-124	1.00	3.633E-124	0	181	183	0	181	183	182M
5720	9928	3.213E-142	1.00	3.222E-142	0	209	211	0	209	211	210M
5721	9929	3.916E-296	1.00	3.927E-296	0	434	436	0	434	436	435M
5722	9930	5.965E-304	1.00	6.241E-304	0	461	463	0	461	463	462M
5723	9931	6.691E-155	1.00	7.028E-155	0	226	228	0	226	228	227M
5724	9932	1.861E-279	1.00	1.889E-279	0	420	422	0	420	422	421M
5725	9933	2.295E-244	1.00	2.323E-244	0	369	371	0	369	371	370M
5726	9934	7.568E-164	1.00	7.421E-164	0	249	251	0	249	251	250M
5727	9935	4.587E-125	1.00	4.473E-125	0	190	192	0	190	192	191M
5728	9936	2.217E-308	1.00	0.000E+00	0	557	559	0	557	559	558M
5729	9937	2.217E-308	1.00	0.000E+00	0	511	513	0	511	513	512M
5730	9938	1.092E-305	1.00	1.100E-305	0	469	471	0	469	471	470M
5731	9939	2.448E-269	1.00	2.550E-269	0	400	402	0	400	402	401M
5732	9940	2.859E-213	1.00	2.816E-213	0	316	318	0	316	318	317M
5733	9941	2.217E-308	1.00	0.000E+00	0	607	609	0	607	609	608M
5734	9942	5.269E-140	1.00	5.509E-140	0	211	213	0	211	213	212M
5735	9943	1.035E-168	1.00	9.873E-169	0	265	267	0	265	267	266M
5736	9944	2.217E-308	1.00	0.000E+00	0	611	613	0	611	613	612M
5737	9945	1.945E-296	1.00	1.971E-296	0	453	455	0	453	455	454M
5738	9946	1.218E-115	1.00	1.264E-115	0	170	172	0	170	172	171M
5739	9947	3.112E-207	1.00	3.170E-207	0	304	306	0	304	306	305M
5740	9948	3.831E-94	1.00	3.757E-94	0	148	150	0	148	150	149M
5741	9949	1.420E-97	1.00	1.432E-97	0	155	157	0	155	157	156M
5742	9950	4.646E-246	1.00	4.446E-246	0	372	374	0	372	374	373M
5743	9951	1.340E-268	1.00	1.286E-268	0	428	430	0	428	430	429M
5744	9952	9.625E-257	1.00	9.524E-257	0	406	408	0	406	408	407M
5745	9953	6.476E-65	1.00	6.581E-65	0	110	112	0	110	112	111M
5746	9954	4.752E-100	1.00	4.523E-100	0	160	162	0	160	162	161M
5747	9955	1.902E-94	1.00	1.815E-94	0	146	148	0	146	148	147M
5748	9956	1.008E-274	1.00	9.863E-275	0	403	405	0	403	405	404M
5749	9957	1.651E-194	1.00	1.634E-194	0	283	285	0	283	285	284M
5750	9958	3.958E-184	1.00	3.957E-184	0	282	284	0	282	284	283M
5751	9959	6.022E-269	1.00	6.048E-269	0	405	407	0	405	407	406M
5752	9960	9.277E-88	1.00	8.862E-88	0	138	140	0	138	140	139M
5753	9961	4.638E-168	1.00	4.641E-168	0	251	253	0	251	253	252M
5754	9962	5.393E-265	1.00	5.300E-265	0	397	399	0	397	399	398M
5755	9963	1.338E-306	1.00	1.350E-306	0	451	453	0	451	453	452M
5756	9964	9.055E-156	1.00	8.639E-156	0	235	237	0	235	237	236M
5757	9965	1.567E-135	1.00	1.631E-135	0	222	224	0	222	224	223M
5758	9966	1.452E-183	1.00	1.443E-183	0	276	278	0	276	278	277M
5759	9967	3.085E-281	1.00	3.157E-281	0	454	456	0	454	456	455M
5760	9968	1.969E-262	1.00	2.058E-262	0	383	385	0	383	385	384M
5761	9969	9.363E-285	1.00	9.340E-285	0	435	437	0	435	437	436M
5762	9970	6.175E-124	1.00	6.324E-124	0	186	188	0	186	188	187M
5763	9971	1.507E-120	1.00	1.576E-120	0	178	180	0	178	180	179M
5764	9972	2.217E-308	1.00	0.000E+00	0	524	526	0	524	526	525M
5765	9973	4.435E-112	1.00	4.622E-112	0	170	172	0	170	172	171M
5766	9974	2.217E-308	1.00	0.000E+00	0	1107	1109	0	1107	1109	1108M
5767	9975	2.217E-308	1.00	0.000E+00	0	673	675	0	673	675	674M
5768	9976	5.992E-151	1.00	6.088E-151	0	231	233	0	231	233	232M
5769	9977	4.947E-309	1.00	5.043E-309	0	446	448	0	446	448	447M
5770	9978	3.755E-125	1.00	3.589E-125	0	192	194	0	192	194	193M
5771	9979	2.217E-308	1.00	0.000E+00	0	626	628	0	626	628	627M
5772	9980	1.891E-169	1.00	1.858E-169	0	263	265	0	263	265	264M
5773	9981	6.018E-114	1.00	6.309E-114	0	166	168	0	166	168	167M
5774	9982	1.227E-234	1.00	1.187E-234	0	335	337	0	335	337	336M
5775	9983	7.205E-261	1.00	6.903E-261	0	384	386	0	384	386	385M
5776	9984	1.257E-166	1.00	1.212E-166	0	240	242	0	240	242	241M
5777	9985	2.078E-283	1.00	2.045E-283	0	454	456	0	454	456	455M
5778	9986	1.966E-68	1.00	2.007E-68	0	106	108	0	106	108	107M
5779	9987	3.557E-104	1.00	3.395E-104	0	166	168	0	166	168	167M
5780	9988	1.329E-226	1.00	1.309E-226	0	320	322	0	320	322	321M
5781	9989	1.096E-74	1.00	1.105E-74	0	115	117	0	115	117	116M
5782	9990	1.488E-115	1.00	1.486E-115	0	180	182	0	180	182	181M
5783	9991	1.881E-167	1.00	1.887E-167	0	254	256	0	254	256	255M
5784	9992	2.217E-308	1.00	0.000E+00	0	603	605	0	603	605	604M
5785	9993	1.197E-263	1.00	1.181E-263	0	396	398	0	396	398	397M
5786	9994	2.270E-201	1.00	2.220E-201	0	302	304	0	302	304	303M
5787	9995	2.323E-94	1.00	2.260E-94	0	144	146	0	144	146	145M
5788	9996	6.611E-73	1.00	6.718E-73	0	115	117	0	115	117	116M
5789	9997	1.820E-193	1.00	1.738E-193	0	273	275	0	273	275	274M
5790	9998	7.820E-138	1.00	7.549E-138	0	215	217	0	215	217	216M
5791	9999	2.217E-308	1.00	0.000E+00	0	728	730	0	728	730	729M
5792	10000	3.375E-45	1.00	3.488E-45	0	69	71	0	69	71	70M
5793	10001	1.902E-210	1.00	1.832E-210	0	313	315	0	313	315	314M
5794	10002	1.237E-237	1.00	1.279E-237	0	364	366	0	364	366	365M
5795	10003	1.863E-318	1.00	1.940E-318	0	481	483	0	481	483	482M
5796	10004	6.871E-204	1.00	7.041E-204	0	307	309	0	307	309	308M
5797	10005	2.425E-188	1.00	2.365E-188	0	283	285	0	283	285	284M
5798	10006	1.006E-273	1.00	1.006E-273	0	419	421	0	419	421	420M
5799	10007	3.833E-249	1.00	3.904E-249	0	390	392	0	390	392	391M
5800	10008	1.839E-197	1.00	1.799E-197	0	299	301	0	299	301	300M
5801	10009	1.703E-90	1.00	1.637E-90	0	145	147	0	145	147	146M
5802	10010	2.204E-151	1.00	2.150E-151	0	229	231	0	229	231	230M
5803	10011	2.217E-308	1.00	0.000E+00	0	904	906	0	904	906	905M
5804	10012	2.217E-308	1.00	0.000E+00	0	658	660	0	658	660	659M
5805	10013	1.397E-52	1.00	1.387E-52	0	89	91	0	89	91	90M
5806	10014	5.487E-117	1.00	5.419E-117	0	190	192	0	190	192	191M
5807	10015	2.217E-308	1.00	0.000E+00	0	717	719	0	717	719	718M
5808	10016	3.563E-182	1.00	3.600E-182	0	264	266	0	264	266	265M
5809	10017	2.033E-81	1.00	1.948E-81	0	120	122	0	120	122	121M
5810	10018	3.333E-311	1.00	3.326E-311	0	487	489	0	487	489	488M
5811	10019	4.747E-293	1.00	4.677E-293	0	444	446	0	444	446	445M
5812	10020	5.945E-148	1.00	6.072E-148	0	217	219	0	217	219	218M
5813	10021	2.217E-308	1.00	0.000E+00	0	565	567	0	565	567	566M
5814	10022	2.813E-168	1.00	2.846E-168	0	254	256	0	254	256	255M
5815	10023	2.064E-203	1.00	1.991E-203	0	309	311	0	309	311	310M
5816	10024	4.914E-24	1.00	4.902E-24	0	42	44	0	42	44	43M
5817	10025	4.318E-63	1.00	4.408E-63	0	99	101	0	99	101	100M
5818	10026	2.029E-235	1.00	2.023E-235	0	351	353	0	351	353	352M
5819	10027	4.722E-291	1.00	4.920E-291	0	429	431	0	429	431	430M
5820	10028	7.394E-155	1.00	7.491E-155	0	234	236	0	234	236	235M
5821	10029	6.217E-204	1.00	6.348E-204	0	325	327	0	325	327	326M
5822	10030	4.107E-121	1.00	4.206E-121	0	190	192	0	190	192	191M
5823	10031	2.217E-308	1.00	0.000E+00	0	648	650	0	648	650	649M
5824	10032	4.493E-117	1.00	4.407E-117	0	179	181	0	179	181	180M
5825	10033	2.787E-87	1.00	2.846E-87	0	136	138	0	136	138	137M
5826	10186	2.229E-16	1.00	2.237E-16	0	33	35	0	33	35	34M
5827	10187	5.859E-65	1.00	5.656E-65	0	94	96	0	94	96	95M
5828	10188	5.188E-134	1.00	5.051E-134	0	188	190	0	188	190	189M
5829	10189	1.442E-103	1.00	1.507E-103	0	151	153	0	151	153	152M
5830	10190	7.205E-261	1.00	6.903E-261	0	384	386	0	384	386	385M
5831	10191	1.727E-250	1.00	1.752E-250	0	391	393	0	391	393	392M
5832	10192	3.218E-104	1.00	3.331E-104	0	159	161	0	159	161	160M
5833	10193	9.701E-144	1.00	9.434E-144	0	221	223	0	221	223	222M
5834	10194	1.960E-183	1.00	1.913E-183	0	282	284	0	282	284	283M
5835	10195	1.882E-206	1.00	1.965E-206	0	316	318	0	316	318	317M
5836	10196	2.029E-119	1.00	2.068E-119	0	199	201	0	199	201	200M
5837	10197	1.572E-175	1.00	1.548E-175	0	267	269	0	267	269	268M
5838	10198	1.076E-299	1.00	1.027E-299	0	453	455	0	453	455	454M
5839	10199	1.137E-243	1.00	1.162E-243	0	363	365	0	363	365	364M
5840	10200	2.217E-308	1.00	0.000E+00	0	891	893	0	891	893	892M
5841	10201	5.710E-55	1.00	5.528E-55	0	86	88	0	86	88	87M
5842	10202	1.014E-160	1.00	9.659E-161	0	254	256	0	254	256	255M
5843	10203	1.598E-220	1.00	1.611E-220	0	330	332	0	330	332	331M
5844	10204	2.217E-308	1.00	0.000E+00	0	1273	1275	0	1273	1275	1274M
5845	10205	1.092E-305	1.00	1.100E-305	0	469	471	0	469	471	470M
5846	10206	2.927E-222	1.00	2.806E-222	0	331	333	0	331	333	332M
5847	10207	2.217E-308	1.00	0.000E+00	0	602	604	0	602	604	603M
5848	10208	6.447E-102	1.00	6.474E-102	0	157	159	0	157	159	158M
5849	10209	2.428E-111	1.00	2.535E-111	0	166	168	0	166	168	167M
5850	10210	2.217E-308	1.00	0.000E+00	0	492	494	0	492	494	493M
5851	10211	2.875E-99	1.00	2.915E-99	0	166	168	0	166	168	167M
5852	10212	4.281E-137	1.00	4.474E-137	0	226	228	0	226	228	227M
5853	10213	1.858E-85	1.00	1.951E-85	0	132	134	0	132	134	133M
5854	10214	2.823E-208	1.00	2.837E-208	0	313	315	0	313	315	314M
5855	10215	6.766E-198	1.00	6.889E-198	0	292	294	0	292	294	293M
5856	10216	2.950E-225	1.00	2.905E-225	0	339	341	0	339	341	340M
5857	10217	2.217E-308	1.00	0.000E+00	0	602	604	0	602	604	603M
5858	10218	1.514E-83	1.00	1.463E-83	0	143	145	0	143	145	144M
5859	10219	1.987E-22	1.00	1.993E-22	0	40	42	0	40	42	41M
5860	10220	2.981E-113	1.00	2.885E-113	0	178	180	0	178	180	179M
5861	10221	1.232E-42	1.00	1.228E-42	0	66	68	0	66	68	67M
5862	10222	3.311E-115	1.00	3.320E-115	0	177	179	0	177	179	178M
5863	10223	2.217E-308	1.00	0.000E+00	0	1200	1202	0	1200	1202	1201M
5864	10224	1.474E-150	1.00	1.446E-150	0	216	218	0	216	218	217M
5865	10225	2.297E-167	1.00	2.317E-167	0	245	247	0	245	247	246M
5866	10226	1.451E-260	1.00	1.424E-260	0	386	388	0	386	388	387M
5867	10227	5.670E-91	1.00	5.498E-91	0	142	144	0	142	144	143M
5868	10228	1.371E-122	1.00	1.414E-122	0	185	187	0	185	187	186M
5869	10229	1.730E-96	1.00	1.717E-96	0	141	143	0	141	143	142M
5870	10230	2.579E-57	1.00	2.575E-57	0	99	101	0	99	101	100M
5871	10231	8.054E-72	1.00	8.413E-72	0	115	117	0	115	117	116M
5872	10232	3.732E-200	1.00	3.614E-200	0	301	303	0	301	303	302M
5873	10233	2.153E-258	1.00	2.074E-258	0	405	407	0	405	407	406M
5874	10234	2.217E-308	1.00	0.000E+00	0	572	574	0	572	574	573M
5875	10235	2.217E-308	1.00	0.000E+00	0	526	528	0	526	528	527M
5876	10236	1.774E-183	1.00	1.773E-183	0	267	269	0	267	269	268M
5877	10237	2.274E-163	1.00	2.307E-163	0	253	255	0	253	255	254M
5878	10238	7.112E-256	1.00	7.246E-256	0	409	411	0	409	411	410M
5879	10239	1.226E-195	1.00	1.246E-195	0	302	304	0	302	304	303M
5880	10240	1.935E-62	1.00	1.993E-62	0	104	106	0	104	106	105M
5881	10241	4.965E-117	1.00	4.991E-117	0	175	177	0	175	177	176M
5882	10242	2.217E-308	1.00	0.000E+00	0	1634	1636	0	1634	1636	1635M
5883	10243	2.217E-308	1.00	0.000E+00	0	1057	1059	0	1057	1059	1058M
5884	10244	2.983E-268	1.00	3.096E-268	0	413	415	0	413	415	414M
5885	10245	8.961E-152	1.00	9.031E-152	0	224	226	0	224	226	225M
5886	10246	4.201E-91	1.00	4.009E-91	0	142	144	0	142	144	143M
5887	10247	5.819E-101	1.00	6.063E-101	0	151	153	0	151	153	152M
5888	10248	6.979E-210	1.00	7.098E-210	0	315	317	0	315	317	316M
5889	10249	7.413E-156	1.00	7.149E-156	0	231	233	0	231	233	232M
5890	10250	2.163E-221	1.00	2.167E-221	0	341	343	0	341	343	342M
5891	10251	2.097E-93	1.00	2.060E-93	0	144	146	0	144	146	145M
5892	10252	8.192E-272	1.00	8.443E-272	0	433	435	0	433	435	434M
5893	10253	8.643E-138	1.00	8.979E-138	0	212	214	0	212	214	213M
5894	10254	1.282E-212	1.00	1.342E-212	0	309	311	0	309	311	310M
5895	10255	5.960E-265	1.00	6.097E-265	0	400	402	0	400	402	401M
5896	10256	7.888E-180	1.00	7.981E-180	0	285	287	0	285	287	286M
5897	10257	8.569E-96	1.00	8.267E-96	0	154	156	0	154	156	155M
5898	10258	2.217E-308	1.00	0.000E+00	0	880	882	0	880	882	881M
5899	10259	1.700E-128	1.00	1.680E-128	0	190	192	0	190	192	191M
5900	10260	3.283E-73	1.00	3.155E-73	0	106	108	0	106	108	107M
5901	10261	2.770E-162	1.00	2.741E-162	0	232	234	0	232	234	233M
5902	10262	7.262E-148	1.00	7.342E-148	0	221	223	0	221	223	222M
5903	10263	5.935E-186	1.00	5.706E-186	0	279	281	0	279	281	280M
5904	10264	4.337E-142	1.00	4.336E-142	0	202	204	0	202	204	203M
5905	10265	3.794E-129	1.00	3.705E-129	0	198	200	0	198	200	199M
5906	10266	3.843E-250	1.00	3.961E-250	0	395	397	0	395	397	396M
5907	10267	2.217E-308	1.00	0.000E+00	0	712	714	0	712	714	713M
5908	10268	2.954E-303	1.00	2.853E-303	0	487	489	0	487	489	488M
5909	10269	8.257E-159	1.00	7.868E-159	0	247	249	0	247	249	248M
5910	10270	5.940E-109	1.00	5.884E-109	0	181	183	0	181	183	182M
5911	10271	2.459E-116	1.00	2.347E-116	0	181	183	0	181	183	182M
5912	10272	2.453E-115	1.00	2.540E-115	0	178	180	0	178	180	179M
5913	10273	3.136E-210	1.00	3.068E-210	0	324	326	0	324	326	325M
5914	10274	2.217E-308	1.00	0.000E+00	0	472	474	0	472	474	473M
5915	10275	1.705E-129	1.00	1.684E-129	0	208	210	0	208	210	209M
5916	10276	6.033E-115	1.00	5.953E-115	0	196	198	0	196	198	197M
5917	10277	2.111E-26	1.00	2.103E-26	0	47	49	0	47	49	48M
5918	10278	3.563E-66	1.00	3.474E-66	0	108	110	0	108	110	109M
5919	10279	2.335E-96	1.00	2.293E-96	0	147	149	0	147	149	148M
5920	10280	1.158E-250	1.00	1.188E-250	0	403	405	0	403	405	404M
5921	10281	2.550E-246	1.00	2.568E-246	0	367	369	0	367	369	368M
5922	10282	7.268E-71	1.00	6.971E-71	0	113	115	0	113	115	114M
5923	10283	2.347E-98	1.00	2.440E-98	0	151	153	0	151	153	152M
5924	10284	5.483E-20	1.00	5.465E-20	0	38	40	0	38	40	39M
5925	10285	2.828E-170	1.00	2.841E-170	0	270	272	0	270	272	271M
5926	10286	1.528E-48	1.00	1.561E-48	0	73	75	0	73	75	74M
5927	10287	3.366E-44	1.00	3.364E-44	0	70	72	0	70	72	71M
5928	10288	1.125E-123	1.00	1.083E-123	0	204	206	0	204	206	205M
5929	10289	7.504E-122	1.00	7.394E-122	0	180	182	0	180	182	181M
5930	10290	4.536E-82	1.00	4.317E-82	0	128	130	0	128	130	129M
5931	10291	7.686E-23	1.00	7.685E-23	0	40	42	0	40	42	41M
5932	10292	1.768E-143	1.00	1.858E-143	0	222	224	0	222	224	223M
5933	10293	5.087E-49	1.00	5.118E-49	0	76	78	0	76	78	77M
5934	10294	1.006E-273	1.00	1.006E-273	0	419	421	0	419	421	420M
5935	10295	3.074E-36	1.00	3.081E-36	0	63	65	0	63	65	64M
5936	10296	1.011E-43	1.00	1.011E-43	0	73	75	0	73	75	74M
5937	10297	5.544E-121	1.00	5.588E-121	0	196	198	0	196	198	197M
5938	10298	1.783E-69	1.00	1.766E-69	0	108	110	0	108	110	109M
5939	10299	2.007E-76	1.00	2.005E-76	0	117	119	0	117	119	118M
5940	10300	1.883E-90	1.00	1.812E-90	0	134	136	0	134	136	135M
5941	10301	3.378E-84	1.00	3.347E-84	0	132	134	0	132	134	133M
5942	10302	2.217E-308	1.00	0.000E+00	0	822	824	0	822	824	823M
5943	10303	1.637E-36	1.00	1.635E-36	0	63	65	0	63	65	64M
5944	10304	5.143E-208	1.00	4.916E-208	0	318	320	0	318	320	319M
5945	10305	2.217E-308	1.00	0.000E+00	0	459	461	0	459	461	460M
5946	10306	1.202E-110	1.00	1.171E-110	0	165	167	0	165	167	166M
5947	10307	1.105E-232	1.00	1.075E-232	0	337	339	0	337	339	338M
5948	10308	1.881E-167	1.00	1.826E-167	0	260	262	0	260	262	261M
5949	10309	7.039E-252	1.00	6.908E-252	0	396	398	0	396	398	397M
5950	10310	2.315E-286	1.00	2.386E-286	0	451	453	0	451	453	452M
5951	10311	4.273E-291	1.00	4.222E-291	0	419	421	0	419	421	420M
5952	10312	3.716E-237	1.00	3.785E-237	0	367	369	0	367	369	368M
5953	10313	2.217E-308	1.00	0.000E+00	0	1284	1286	0	1284	1286	1285M
5954	10314	1.696E-127	1.00	1.732E-127	0	186	188	0	186	188	187M
5955	10315	2.494E-44	1.00	2.451E-44	0	70	72	0	70	72	71M
5956	10316	3.380E-123	1.00	3.267E-123	0	194	196	0	194	196	195M
5957	10317	1.369E-44	1.00	1.369E-44	0	71	73	0	71	73	72M
5958	10318	2.217E-308	1.00	0.000E+00	0	520	522	0	520	522	521M
5959	10319	2.579E-57	1.00	2.691E-57	0	113	115	0	113	115	114M
5960	10320	3.496E-136	1.00	3.371E-136	0	202	204	0	202	204	203M
5961	10321	2.217E-308	1.00	0.000E+00	0	811	813	0	811	813	812M
5962	10322	1.524E-163	1.00	1.485E-163	0	237	239	0	237	239	238M
5963	10323	2.386E-143	1.00	2.349E-143	0	207	209	0	207	209	208M
5964	10324	8.451E-168	1.00	8.849E-168	0	258	260	0	258	260	259M
5965	10325	4.328E-296	1.00	4.336E-296	0	470	472	0	470	472	471M
5966	10326	1.837E-274	1.00	1.875E-274	0	410	412	0	410	412	411M
5967	10327	2.904E-219	1.00	2.781E-219	0	337	339	0	337	339	338M
5968	10328	4.386E-69	1.00	4.238E-69	0	113	115	0	113	115	114M
5969	10329	2.217E-308	1.00	0.000E+00	0	733	735	0	733	735	734M
5970	10330	5.597E-86	1.00	5.373E-86	0	138	140	0	138	140	139M
5971	10331	7.162E-104	1.00	6.891E-104	0	161	163	0	161	163	162M
5972	10332	2.217E-308	1.00	0.000E+00	0	858	860	0	858	860	859M
5973	10333	1.588E-179	1.00	1.657E-179	0	267	269	0	267	269	268M
5974	10334	1.887E-91	1.00	1.937E-91	0	140	142	0	140	142	141M
5975	10335	2.801E-89	1.00	2.884E-89	0	139	141	0	139	141	140M
5976	10336	5.869E-143	1.00	5.969E-143	0	220	222	0	220	222	221M
5977	10337	1.420E-97	1.00	1.473E-97	0	149	151	0	149	151	150M
5978	10338	3.821E-93	1.00	3.692E-93	0	143	145	0	143	145	144M
5979	10339	2.956E-17	1.00	2.968E-17	0	31	33	0	31	33	32M
5980	10340	5.611E-203	1.00	5.370E-203	0	310	312	0	310	312	311M
5981	10341	1.981E-187	1.00	1.939E-187	0	301	303	0	301	303	302M
5982	10342	2.411E-147	1.00	2.396E-147	0	226	228	0	226	228	227M
5983	10343	9.494E-213	1.00	9.794E-213	0	309	311	0	309	311	310M
5984	10344	4.682E-249	1.00	4.489E-249	0	366	368	0	366	368	367M
5985	10345	3.739E-46	1.00	3.747E-46	0	75	77	0	75	77	76M
5986	10346	2.784E-280	1.00	2.723E-280	0	419	421	0	419	421	420M
5987	10347	1.693E-165	1.00	1.688E-165	0	249	251	0	249	251	250M
5988	10348	2.798E-282	1.00	2.681E-282	0	428	430	0	428	430	429M
5989	10349	2.217E-308	1.00	0.000E+00	0	525	527	0	525	527	526M
5990	10350	2.217E-308	0.998	0.000E+00	0	522	524	0	522	524	523M
5991	10351	4.871E-303	1.00	4.923E-303	0	458	460	0	458	460	459M
5992	10352	2.217E-308	1.00	0.000E+00	0	699	701	0	699	701	700M
5993	10353	1.569E-213	1.00	1.624E-213	0	311	313	0	311	313	312M
5994	10354	1.437E-63	1.00	1.402E-63	0	95	97	0	95	97	96M
5995	10355	3.109E-168	1.00	3.230E-168	0	250	252	0	250	252	251M
5996	10356	8.123E-114	1.00	8.244E-114	0	165	167	0	165	167	166M
5997	10357	4.086E-235	1.00	3.982E-235	0	352	354	0	352	354	353M
5998	10358	4.602E-165	1.00	4.409E-165	0	256	258	0	256	258	257M
5999	10359	1.048E-173	1.00	1.010E-173	0	262	264	0	262	264	263M
6000	10360	2.217E-308	1.00	0.000E+00	0	511	513	0	511	513	512M
6001	10361	6.587E-265	1.00	6.388E-265	0	401	403	0	401	403	402M
6002	10362	6.325E-288	1.00	6.586E-288	0	428	430	0	428	430	429M
6003	10363	4.714E-213	1.00	4.657E-213	0	320	322	0	320	322	321M
6004	10364	1.143E-129	1.00	1.154E-129	0	200	202	0	200	202	201M
6005	10365	6.749E-81	1.00	6.724E-81	0	126	128	0	126	128	127M
6006	10366	2.366E-101	1.00	2.331E-101	0	164	166	0	164	166	165M
6007	10367	2.217E-192	1.00	2.306E-192	0	281	283	0	281	283	282M
6008	10368	5.351E-262	1.00	5.427E-262	0	397	399	0	397	399	398M
6009	10369	8.901E-72	1.00	9.046E-72	0	110	112	0	110	112	111M
6010	10370	6.967E-132	1.00	7.072E-132	0	199	201	0	199	201	200M
6011	10371	1.909E-134	1.00	1.883E-134	0	207	209	0	207	209	208M
6012	10372	5.558E-238	1.00	5.578E-238	0	353	355	0	353	355	354M
6013	10373	1.029E-127	1.00	1.064E-127	0	189	191	0	189	191	190M
6014	10374	1.742E-60	1.00	1.828E-60	0	93	95	0	93	95	94M
6015	10375	5.256E-139	1.00	5.336E-139	0	219	221	0	219	221	220M
6016	10376	1.270E-131	1.00	1.329E-131	0	199	201	0	199	201	200M
6017	10377	1.290E-176	1.00	1.346E-176	0	262	264	0	262	264	263M
6018	10378	1.033E-206	1.00	1.033E-206	0	309	311	0	309	311	310M
6019	10379	1.381E-241	1.00	1.384E-241	0	344	346	0	344	346	345M
6020	10380	4.941E-324	1.00	4.941E-324	0	488	490	0	488	490	489M
6021	10381	5.965E-304	1.00	6.020E-304	0	467	469	0	467	469	468M
6022	10382	7.355E-269	1.00	7.024E-269	0	388	390	0	388	390	389M
6023	10383	4.644E-322	1.00	4.496E-322	0	484	486	0	484	486	485M
6024	10384	1.230E-80	1.00	1.265E-80	0	126	128	0	126	128	127M
6025	10385	7.477E-198	1.00	7.322E-198	0	300	302	0	300	302	301M
6026	10386	1.687E-125	1.00	1.766E-125	0	197	199	0	197	199	198M
6027	10387	2.133E-177	1.00	2.160E-177	0	270	272	0	270	272	271M
6028	10388	7.412E-272	1.00	7.372E-272	0	403	405	0	403	405	404M
6029	10389	1.016E-161	1.00	9.842E-162	0	239	241	0	239	241	240M
6030	10390	3.668E-232	1.00	3.846E-232	0	344	346	0	344	346	345M
6031	10391	1.466E-264	1.00	1.497E-264	0	399	401	0	399	401	400M
6032	10392	2.217E-308	1.00	0.000E+00	0	568	570	0	568	570	569M
6033	10393	1.599E-259	1.00	1.539E-259	0	383	385	0	383	385	384M
6034	10394	3.624E-266	1.00	3.704E-266	0	394	396	0	394	396	395M
6035	10395	2.619E-179	1.00	2.616E-179	0	270	272	0	270	272	271M
6036	10396	6.053E-271	1.00	6.235E-271	0	415	417	0	415	417	416M
6037	10397	2.569E-249	1.00	2.690E-249	0	382	384	0	382	384	383M
6038	10398	6.690E-271	1.00	7.010E-271	0	404	406	0	404	406	405M
6039	10399	1.996E-190	1.00	1.995E-190	0	282	284	0	282	284	283M
6040	10400	3.827E-171	1.00	3.902E-171	0	268	270	0	268	270	269M
6041	10401	1.157E-211	1.00	1.195E-211	0	322	324	0	322	324	323M
6042	10402	1.047E-250	1.00	1.024E-250	0	393	395	0	393	395	394M
6043	10403	6.593E-188	1.00	6.914E-188	0	279	281	0	279	281	280M
6044	10404	3.532E-256	1.00	3.483E-256	0	400	402	0	400	402	401M
6045	10405	2.217E-308	1.00	0.000E+00	0	506	508	0	506	508	507M
6046	10406	2.791E-165	1.00	2.665E-165	0	252	254	0	252	254	253M
6047	10407	2.539E-167	1.00	2.624E-167	0	261	263	0	261	263	262M
6048	10408	8.642E-254	1.00	8.599E-254	0	383	385	0	383	385	384M
6049	10409	7.686E-286	1.00	7.871E-286	0	436	438	0	436	438	437M
6050	10410	5.338E-145	1.00	5.521E-145	0	221	223	0	221	223	222M
6051	10411	5.366E-147	1.00	5.266E-147	0	216	218	0	216	218	217M
6052	10412	1.155E-288	1.00	1.105E-288	0	437	439	0	437	439	438M
6053	10413	4.867E-264	1.00	4.865E-264	0	404	406	0	404	406	405M
6054	10414	9.397E-93	1.00	9.520E-93	0	143	145	0	143	145	144M
6055	10415	2.217E-308	1.00	0.000E+00	0	599	601	0	599	601	600M
6056	10416	9.835E-188	1.00	9.629E-188	0	266	268	0	266	268	267M
6057	10417	2.217E-308	1.00	0.000E+00	0	1159	1161	0	1159	1161	1160M
6058	10418	3.136E-210	1.00	3.283E-210	0	312	314	0	312	314	313M
6059	10419	5.554E-199	1.00	5.613E-199	0	299	301	0	299	301	300M
6060	10420	2.217E-308	1.00	0.000E+00	0	662	664	0	662	664	663M
6061	10421	2.539E-167	1.00	2.420E-167	0	266	268	0	266	268	267M
6062	10422	2.217E-308	1.00	0.000E+00	0	532	534	0	532	534	533M
6063	10423	3.237E-261	1.00	3.390E-261	0	389	391	0	389	391	390M
6064	10424	1.137E-127	1.00	1.154E-127	0	204	206	0	204	206	205M
6065	10425	2.217E-308	1.00	0.000E+00	0	563	565	0	563	565	564M
6066	10426	8.892E-149	1.00	8.466E-149	0	222	224	0	222	224	223M
6067	10427	3.846E-289	1.00	3.689E-289	0	427	429	0	427	429	428M
6068	10428	1.852E-277	1.00	1.919E-277	0	411	413	0	411	413	412M
6069	10429	1.853E-200	1.00	1.836E-200	0	300	302	0	300	302	301M
6070	10430	1.171E-61	1.00	1.172E-61	0	95	97	0	95	97	96M
6071	10431	1.025E-25	1.00	1.028E-25	0	47	49	0	47	49	48M
6072	10432	1.849E-25	1.00	1.841E-25	0	46	48	0	46	48	47M
6073	10433	9.325E-90	1.00	8.982E-90	0	141	143	0	141	143	142M
6074	10434	5.061E-47	1.00	4.826E-47	0	72	74	0	72	74	73M
6075	10435	1.318E-68	1.00	1.327E-68	0	104	106	0	104	106	105M
6076	10436	2.878E-26	1.00	2.879E-26	0	72	74	0	72	74	73M
6077	10437	1.066E-102	1.00	1.022E-102	0	158	160	0	158	160	159M
6078	10438	4.200E-322	1.00	4.002E-322	0	468	470	0	468	470	469M
6079	10439	2.217E-308	1.00	0.000E+00	0	711	713	0	711	713	712M
6080	10440	1.991E-189	1.00	2.019E-189	0	291	293	0	291	293	292M
6081	10441	3.077E-48	1.00	2.940E-48	0	73	75	0	73	75	74M
6082	10442	2.607E-216	1.00	2.531E-216	0	389	391	0	389	391	390M
6083	10443	1.532E-49	1.00	1.517E-49	0	77	79	0	77	79	78M
6084	10444	7.003E-134	1.00	7.188E-134	0	202	204	0	202	204	203M
6085	10445	6.207E-126	1.00	6.336E-126	0	202	204	0	202	204	203M
6086	10446	2.102E-94	1.00	2.199E-94	0	150	152	0	150	152	151M
6087	10447	2.217E-308	1.00	0.000E+00	0	537	539	0	537	539	538M
6088	10448	2.217E-308	1.00	0.000E+00	0	1153	1155	0	1153	1155	1154M
6089	10449	3.850E-212	1.00	3.850E-212	0	318	320	0	318	320	319M
6090	10450	1.165E-59	1.00	1.219E-59	0	93	95	0	93	95	94M
6091	10451	6.288E-131	1.00	6.127E-131	0	218	220	0	218	220	219M
6092	10452	2.137E-139	1.00	2.172E-139	0	220	222	0	220	222	221M
6093	10453	8.985E-153	1.00	9.026E-153	0	242	244	0	242	244	243M
6094	10454	2.947E-186	1.00	2.939E-186	0	285	287	0	285	287	286M
6095	10455	5.981E-189	1.00	5.903E-189	0	287	289	0	287	289	288M
6096	10456	3.791E-206	1.00	3.818E-206	0	310	312	0	310	312	311M
6097	10457	4.707E-135	1.00	4.700E-135	0	211	213	0	211	213	212M
6098	10458	2.217E-308	1.00	0.000E+00	0	652	654	0	652	654	653M
6099	10459	1.545E-207	1.00	1.558E-207	0	309	311	0	309	311	310M
6100	10460	3.403E-203	1.00	3.248E-203	0	306	308	0	306	308	307M
6101	10461	1.199E-109	1.00	1.231E-109	0	168	170	0	168	170	169M
6102	10462	1.838E-158	1.00	1.759E-158	0	244	246	0	244	246	245M
6103	10463	2.075E-205	1.00	2.000E-205	0	305	307	0	305	307	306M
6104	10464	1.113E-196	1.00	1.158E-196	0	285	287	0	285	287	286M
6105	10465	1.152E-132	1.00	1.136E-132	0	207	209	0	207	209	208M
6106	10466	1.239E-199	1.00	1.217E-199	0	300	302	0	300	302	301M
6107	10467	1.246E-85	1.00	1.224E-85	0	142	144	0	142	144	143M
6108	10468	1.182E-142	1.00	1.193E-142	0	228	230	0	228	230	229M
6109	10469	2.217E-308	1.00	0.000E+00	0	495	497	0	495	497	496M
6110	10470	5.310E-143	1.00	5.092E-143	0	210	212	0	210	212	211M
6111	10471	1.263E-129	1.00	1.308E-129	0	196	198	0	196	198	197M
6112	10472	8.443E-245	1.00	8.193E-245	0	394	396	0	394	396	395M
6113	10473	2.217E-308	1.00	0.000E+00	0	558	560	0	558	560	559M
6114	10474	4.397E-186	1.00	4.276E-186	0	293	295	0	293	295	294M
6115	10475	5.829E-63	1.00	5.757E-63	0	98	100	0	98	100	99M
6116	10476	7.847E-178	1.00	7.842E-178	0	282	284	0	282	284	283M
6117	10477	7.786E-175	1.00	7.590E-175	0	274	276	0	274	276	275M
6118	10478	3.114E-130	1.00	3.115E-130	0	199	201	0	199	201	200M
6119	10479	7.496E-199	1.00	7.186E-199	0	311	313	0	311	313	312M
6120	10480	3.714E-82	1.00	3.714E-82	0	138	140	0	138	140	139M
6121	10481	1.654E-156	1.00	1.618E-156	0	253	255	0	253	255	254M
6122	10482	2.223E-193	1.00	2.119E-193	0	304	306	0	304	306	305M
6123	10483	7.534E-317	1.00	7.312E-317	0	471	473	0	471	473	472M
6124	10484	3.212E-22	1.00	3.213E-22	0	43	45	0	43	45	44M
6125	10485	1.606E-222	1.00	1.641E-222	0	333	335	0	333	335	334M
6126	10486	2.217E-308	1.00	0.000E+00	0	480	482	0	480	482	481M
6127	8879	2.217E-308	1.00	0.000E+00	0	479	481	0	479	481	480M
6128	8880	5.164E-20	1.00	5.178E-20	0	37	39	0	37	39	38M
6129	8881	2.217E-308	1.00	0.000E+00	0	820	822	0	820	822	821M
6130	8882	3.490E-58	1.00	3.578E-58	0	91	93	0	91	93	92M
6131	8883	4.802E-19	1.00	4.795E-19	0	37	39	0	37	39	38M
6132	8884	7.930E-66	1.00	8.317E-66	0	100	102	0	100	102	101M
6133	8885	4.987E-80	1.00	4.814E-80	0	121	123	0	121	123	122M
6134	8886	6.807E-123	1.00	6.838E-123	0	183	185	0	183	185	184M
6135	8887	1.361E-42	1.00	1.359E-42	0	68	70	0	68	70	69M
6136	8888	1.376E-46	1.00	1.379E-46	0	74	76	0	74	76	75M
6137	8889	5.724E-172	1.00	5.718E-172	0	254	256	0	254	256	255M
6138	8890	3.856E-290	1.00	3.880E-290	0	426	428	0	426	428	427M
6139	8891	1.772E-144	1.00	1.859E-144	0	220	222	0	220	222	221M
6140	8892	9.023E-27	1.00	9.030E-27	0	43	45	0	43	45	44M
6141	8893	7.181E-105	1.00	7.412E-105	0	154	156	0	154	156	155M
6142	8894	1.752E-217	1.00	1.673E-217	0	337	339	0	337	339	338M
6143	8895	1.081E-185	1.00	1.072E-185	0	279	281	0	279	281	280M
6144	8896	4.695E-134	1.00	4.481E-134	0	212	214	0	212	214	213M
6145	8897	2.626E-180	1.00	2.661E-180	0	255	257	0	255	257	256M
6146	8898	7.687E-54	1.00	7.502E-54	0	94	96	0	94	96	95M
6147	8899	1.070E-34	1.00	1.071E-34	0	58	60	0	58	60	59M
6148	8900	1.485E-153	1.00	1.522E-153	0	231	233	0	231	233	232M
6149	8901	6.277E-169	1.00	6.558E-169	0	263	265	0	263	265	264M
6150	8902	1.141E-51	1.00	1.173E-51	0	81	83	0	81	83	82M
6151	8903	1.255E-204	1.00	1.307E-204	0	298	300	0	298	300	299M
6152	8904	1.229E-157	1.00	1.185E-157	0	231	233	0	231	233	232M
6153	8905	5.029E-238	1.00	5.144E-238	0	358	360	0	358	360	359M
6154	8906	1.555E-132	1.00	1.633E-132	0	208	210	0	208	210	209M
6155	8907	2.463E-310	1.00	2.393E-310	0	482	484	0	482	484	483M
6156	8908	2.217E-308	1.00	0.000E+00	0	649	651	0	649	651	650M
6157	8909	3.560E-143	1.00	3.603E-143	0	216	218	0	216	218	217M
6158	8910	2.217E-308	1.00	0.000E+00	0	510	512	0	510	512	511M
6159	8911	1.029E-38	1.00	1.028E-38	0	63	65	0	63	65	64M
6160	8912	7.786E-175	1.00	7.985E-175	0	255	257	0	255	257	256M
6161	8913	2.264E-84	1.00	2.326E-84	0	131	133	0	131	133	132M
6162	8914	2.217E-308	1.00	0.000E+00	0	3450	3452	0	3450	3452	3451M
6163	8915	4.465E-192	1.00	4.669E-192	0	296	298	0	296	298	297M
6164	8916	1.561E-95	1.00	1.599E-95	0	148	150	0	148	150	149M
6165	8917	4.314E-140	1.00	4.418E-140	0	213	215	0	213	215	214M
6166	8918	1.390E-50	1.00	1.446E-50	0	87	89	0	87	89	88M
6167	8919	3.847E-57	1.00	3.794E-57	0	94	96	0	94	96	95M
6168	8920	9.365E-53	1.00	9.810E-53	0	82	84	0	82	84	83M
6169	8921	1.541E-206	1.00	1.511E-206	0	297	299	0	297	299	298M
6170	8922	4.285E-60	1.00	4.276E-60	0	91	93	0	91	93	92M
6171	8923	4.058E-155	1.00	3.966E-155	0	254	256	0	254	256	255M
6172	8924	3.093E-282	1.00	2.942E-282	0	430	432	0	430	432	431M
6173	8925	4.723E-59	1.00	4.535E-59	0	94	96	0	94	96	95M
6174	8926	9.141E-121	1.00	9.376E-121	0	207	209	0	207	209	208M
6175	8927	2.217E-308	1.00	0.000E+00	0	591	593	0	591	593	592M
6176	8928	8.786E-67	1.00	8.664E-67	0	99	101	0	99	101	100M
6177	8929	4.965E-117	1.00	4.847E-117	0	181	183	0	181	183	182M
6178	8930	1.534E-243	1.00	1.485E-243	0	375	377	0	375	377	376M
6179	8931	1.729E-57	1.00	1.739E-57	0	91	93	0	91	93	92M
6180	8932	2.217E-308	1.00	0.000E+00	0	511	513	0	511	513	512M
6181	8933	2.217E-308	1.00	0.000E+00	0	662	664	0	662	664	663M
6182	8934	2.655E-107	1.00	2.759E-107	0	169	171	0	169	171	170M
6183	8935	4.397E-39	1.00	4.399E-39	0	65	67	0	65	67	66M
6184	8936	2.612E-178	1.00	2.698E-178	0	266	268	0	266	268	267M
6185	8937	8.221E-196	1.00	8.277E-196	0	300	302	0	300	302	301M
6186	8938	1.857E-46	1.00	1.893E-46	0	74	76	0	74	76	75M
6187	8939	4.266E-97	1.00	4.180E-97	0	151	153	0	151	153	152M
6188	8940	1.904E-133	1.00	1.942E-133	0	203	205	0	203	205	204M
6189	8941	3.761E-319	1.00	3.833E-319	0	480	482	0	480	482	481M
6190	8942	1.792E-71	1.00	1.787E-71	0	111	113	0	111	113	112M
6191	8943	1.010E-120	1.00	1.002E-120	0	195	197	0	195	197	196M
6192	8944	4.523E-197	1.00	4.530E-197	0	312	314	0	312	314	313M
6193	8945	3.413E-88	1.00	3.275E-88	0	137	139	0	137	139	138M
6194	8946	6.217E-204	1.00	6.319E-204	0	298	300	0	298	300	299M
6195	8947	3.810E-208	1.00	3.710E-208	0	312	314	0	312	314	313M
6196	8948	1.184E-220	1.00	1.162E-220	0	350	352	0	350	352	351M
6197	8949	2.217E-308	1.00	0.000E+00	0	761	763	0	761	763	762M
6198	8950	1.528E-48	1.00	1.583E-48	0	86	88	0	86	88	87M
6199	8951	6.261E-168	1.00	6.105E-168	0	277	279	0	277	279	278M
6200	8952	7.841E-139	1.00	7.776E-139	0	227	229	0	227	229	228M
6201	8953	1.213E-152	1.00	1.201E-152	0	228	230	0	228	230	229M
6202	8954	3.860E-97	1.00	3.984E-97	0	150	152	0	150	152	151M
6203	8955	2.019E-117	1.00	2.032E-117	0	176	178	0	176	178	177M
6204	8956	1.397E-168	1.00	1.445E-168	0	253	255	0	253	255	254M
6205	8957	8.101E-229	1.00	8.134E-229	0	346	348	0	346	348	347M
6206	8958	2.217E-308	1.00	0.000E+00	0	491	493	0	491	493	492M
6207	8959	8.350E-86	1.00	8.145E-86	0	127	129	0	127	129	128M
6208	8960	4.863E-225	1.00	4.832E-225	0	323	325	0	323	325	324M
6209	8961	1.624E-149	1.00	1.639E-149	0	214	216	0	214	216	215M
6210	8962	9.643E-103	1.00	9.542E-103	0	150	152	0	150	152	151M
6211	8963	6.561E-43	1.00	6.592E-43	0	60	62	0	60	62	61M
6212	8964	1.068E-41	1.00	1.071E-41	0	65	67	0	65	67	66M
6213	8965	3.656E-76	1.00	3.679E-76	0	123	125	0	123	125	124M
6214	8966	3.511E-41	1.00	3.506E-41	0	76	78	0	76	78	77M
6215	8967	1.814E-153	1.00	1.810E-153	0	228	230	0	228	230	229M
6216	8968	1.147E-53	1.00	1.160E-53	0	90	92	0	90	92	91M
6217	8969	3.989E-71	1.00	4.182E-71	0	109	111	0	109	111	110M
6218	8970	3.149E-173	1.00	3.139E-173	0	266	268	0	266	268	267M
6219	8971	3.117E-53	1.00	3.212E-53	0	85	87	0	85	87	86M
6220	8972	9.811E-71	1.00	1.028E-70	0	108	110	0	108	110	109M
6221	8973	3.009E-78	1.00	3.069E-78	0	122	124	0	122	124	123M
6222	8974	9.930E-153	1.00	1.041E-152	0	225	227	0	225	227	226M
6223	8975	3.584E-223	1.00	3.603E-223	0	341	343	0	341	343	342M
6224	8976	1.301E-63	1.00	1.335E-63	0	94	96	0	94	96	95M
6225	8977	4.495E-36	1.00	4.501E-36	0	58	60	0	58	60	59M
6226	8978	9.094E-119	1.00	9.084E-119	0	177	179	0	177	179	178M
6227	8979	1.111E-118	1.00	1.109E-118	0	168	170	0	168	170	169M
6228	8980	1.479E-43	1.00	1.481E-43	0	68	70	0	68	70	69M
6229	8981	3.366E-44	1.00	3.364E-44	0	70	72	0	70	72	71M
6230	8982	1.156E-33	1.00	1.159E-33	0	55	57	0	55	57	56M
6231	8983	3.019E-234	1.00	3.155E-234	0	329	331	0	329	331	330M
6232	8984	1.041E-93	1.00	1.066E-93	0	150	152	0	150	152	151M
6233	8985	2.528E-204	1.00	2.657E-204	0	293	295	0	293	295	294M
6234	8986	1.185E-259	1.00	1.177E-259	0	384	386	0	384	386	385M
6235	8987	2.217E-308	1.00	0.000E+00	0	660	662	0	660	662	661M
6236	8988	2.217E-308	1.00	0.000E+00	0	506	508	0	506	508	507M
6237	8989	2.440E-229	1.00	2.544E-229	0	382	384	0	382	384	383M
6238	8990	8.862E-109	1.00	9.256E-109	0	164	166	0	164	166	165M
6239	8991	3.424E-244	1.00	3.453E-244	0	364	366	0	364	366	365M
6240	8992	1.758E-257	1.00	1.773E-257	0	370	372	0	370	372	371M
6241	8993	3.377E-200	1.00	3.448E-200	0	300	302	0	300	302	301M
6242	8994	3.120E-92	1.00	3.273E-92	0	149	151	0	149	151	150M
6243	8995	1.121E-83	1.00	1.102E-83	0	124	126	0	124	126	125M
6244	8996	8.081E-112	1.00	8.117E-112	0	162	164	0	162	164	163M
6245	8997	1.552E-286	1.00	1.519E-286	0	421	423	0	421	423	422M
6246	8998	2.217E-308	1.00	0.000E+00	0	1197	1199	0	1197	1199	1198M
6247	8999	4.893E-150	1.00	5.036E-150	0	229	231	0	229	231	230M
6248	9000	4.965E-233	1.00	4.937E-233	0	354	356	0	354	356	355M
6249	9001	4.171E-243	1.00	4.347E-243	0	371	373	0	371	373	372M
6250	9002	2.852E-96	1.00	2.721E-96	0	144	146	0	144	146	145M
6251	9003	1.243E-84	1.00	1.237E-84	0	131	133	0	131	133	132M
6252	9004	5.874E-66	1.00	5.930E-66	0	106	108	0	106	108	107M
6253	9005	5.319E-221	1.00	5.441E-221	0	354	356	0	354	356	355M
6254	9006	1.163E-97	1.00	1.127E-97	0	150	152	0	150	152	151M
6255	9007	2.432E-189	1.00	2.447E-189	0	275	277	0	275	277	276M
6256	9008	2.128E-176	1.00	2.194E-176	0	259	261	0	259	261	260M
6257	9009	9.109E-197	1.00	9.552E-197	0	301	303	0	301	303	302M
6258	9010	5.090E-320	1.00	5.216E-320	0	471	473	0	471	473	472M
6259	9011	7.794E-98	1.00	7.835E-98	0	149	151	0	149	151	150M
6260	9012	2.217E-308	1.00	0.000E+00	0	678	680	0	678	680	679M
6261	9013	1.208E-15	1.00	1.210E-15	0	29	31	0	29	31	30M
6262	9014	5.188E-134	1.00	5.412E-134	0	216	218	0	216	218	217M
6263	9015	5.183E-211	1.00	5.365E-211	0	307	309	0	307	309	308M
6264	9016	1.987E-227	1.00	1.991E-227	0	347	349	0	347	349	348M
6265	9017	4.868E-148	1.00	4.862E-148	0	239	241	0	239	241	240M
6266	9018	9.609E-179	1.00	9.360E-179	0	277	279	0	277	279	278M
6267	9019	1.536E-50	1.00	1.595E-50	0	89	91	0	89	91	90M
6268	9020	8.696E-63	1.00	8.897E-63	0	94	96	0	94	96	95M
6269	9021	1.363E-81	1.00	1.417E-81	0	133	135	0	133	135	134M
6270	9022	5.162E-132	1.00	5.003E-132	0	205	207	0	205	207	206M
6271	9023	2.217E-308	1.00	0.000E+00	0	1009	1011	0	1009	1011	1010M
6272	9024	1.703E-206	1.00	1.789E-206	0	314	316	0	314	316	315M
6273	9025	1.040E-170	1.00	1.039E-170	0	242	244	0	242	244	243M
6274	9026	8.900E-188	1.00	8.490E-188	0	270	272	0	270	272	271M
6275	9027	1.569E-97	1.00	1.546E-97	0	150	152	0	150	152	151M
6276	9028	1.113E-196	1.00	1.070E-196	0	290	292	0	290	292	291M
6277	9029	4.040E-192	1.00	3.870E-192	0	292	294	0	292	294	293M
6278	9030	5.489E-32	1.00	5.479E-32	0	56	58	0	56	58	57M
6279	10487	2.217E-308	1.00	0.000E+00	0	922	924	0	922	924	923M
6280	10488	2.676E-110	1.00	2.547E-110	0	188	190	0	188	190	189M
6281	10489	3.758E-164	1.00	3.784E-164	0	275	277	0	275	277	276M
6282	10490	1.415E-289	1.00	1.368E-289	0	426	428	0	426	428	427M
6283	10491	6.425E-178	1.00	6.724E-178	0	272	274	0	272	274	273M
6284	10492	2.217E-308	1.00	0.000E+00	0	505	507	0	505	507	506M
6285	10493	3.958E-68	1.00	3.965E-68	0	107	109	0	107	109	108M
6286	10494	5.505E-273	1.00	5.334E-273	0	421	423	0	421	423	422M
6287	10495	3.422E-31	1.00	3.421E-31	0	80	82	0	80	82	81M
6288	10496	2.122E-59	1.00	2.035E-59	0	97	99	0	97	99	98M
6289	10497	2.217E-308	1.00	0.000E+00	0	792	794	0	792	794	793M
6290	10498	7.833E-216	1.00	7.863E-216	0	325	327	0	325	327	326M
6291	10499	4.850E-224	1.00	4.889E-224	0	332	334	0	332	334	333M
6292	10500	1.623E-110	1.00	1.684E-110	0	166	168	0	166	168	167M
6293	10501	6.191E-125	1.00	6.315E-125	0	184	186	0	184	186	185M
6294	10502	5.357E-69	1.00	5.398E-69	0	118	120	0	118	120	119M
6295	10503	7.949E-36	1.00	7.972E-36	0	63	65	0	63	65	64M
6296	10504	8.234E-274	1.00	8.349E-274	0	415	417	0	415	417	416M
6297	10505	1.395E-90	1.00	1.351E-90	0	141	143	0	141	143	142M
6298	10506	9.651E-142	1.00	9.403E-142	0	205	207	0	205	207	206M
6299	10507	7.083E-61	1.00	6.772E-61	0	105	107	0	105	107	106M
6300	10508	2.217E-308	1.00	0.000E+00	0	639	641	0	639	641	640M
6301	10509	2.217E-308	1.00	0.000E+00	0	541	543	0	541	543	542M
6302	10510	2.935E-107	1.00	2.943E-107	0	177	179	0	177	179	178M
6303	10511	2.364E-62	1.00	2.480E-62	0	102	104	0	102	104	103M
6304	10512	1.815E-192	1.00	1.763E-192	0	282	284	0	282	284	283M
6305	10513	7.990E-185	1.00	7.806E-185	0	281	283	0	281	283	282M
6306	10514	2.857E-174	1.00	2.770E-174	0	268	270	0	268	270	269M
6307	10515	2.897E-102	1.00	2.764E-102	0	159	161	0	159	161	160M
6308	10516	6.235E-321	1.00	6.161E-321	0	486	488	0	486	488	487M
6309	10517	1.518E-84	1.00	1.500E-84	0	135	137	0	135	137	136M
6310	10518	1.393E-167	1.00	1.350E-167	0	267	269	0	267	269	268M
6311	10519	1.891E-169	1.00	1.832E-169	0	256	258	0	256	258	257M
6312	10520	2.217E-308	1.00	0.000E+00	0	767	769	0	767	769	768M
6313	10521	6.765E-314	1.00	6.735E-314	0	462	464	0	462	464	463M
6314	10522	2.206E-190	1.00	2.229E-190	0	271	273	0	271	273	272M
6315	10523	2.064E-203	1.00	2.058E-203	0	303	305	0	303	305	304M
6316	10524	2.217E-308	1.00	0.000E+00	0	934	936	0	934	936	935M
6317	10525	1.711E-169	1.00	1.692E-169	0	261	263	0	261	263	262M
6318	10526	1.304E-180	1.00	1.322E-180	0	287	289	0	287	289	288M
6319	10527	4.772E-179	1.00	4.841E-179	0	263	265	0	263	265	264M
6320	10528	7.478E-82	1.00	7.181E-82	0	132	134	0	132	134	133M
6321	10529	5.274E-179	1.00	5.400E-179	0	272	274	0	272	274	273M
6322	10530	9.131E-314	1.00	9.533E-314	0	483	485	0	483	485	484M
6323	10531	3.490E-58	1.00	3.421E-58	0	103	105	0	103	105	104M
6324	10532	6.754E-236	1.00	6.519E-236	0	374	376	0	374	376	375M
6325	10533	9.180E-200	1.00	8.995E-200	0	307	309	0	307	309	308M
6326	10534	1.017E-84	1.00	1.042E-84	0	134	136	0	134	136	135M
6327	10535	7.759E-251	1.00	7.471E-251	0	393	395	0	393	395	394M
6328	10536	2.972E-228	1.00	2.928E-228	0	333	335	0	333	335	334M
6329	10537	6.633E-113	1.00	6.324E-113	0	168	170	0	168	170	169M
6330	10538	2.432E-189	1.00	2.552E-189	0	296	298	0	296	298	297M
6331	10539	2.291E-166	1.00	2.243E-166	0	253	255	0	253	255	254M
6332	10540	6.398E-99	1.00	6.398E-99	0	156	158	0	156	158	157M
6333	10541	2.217E-308	1.00	0.000E+00	0	917	919	0	917	919	918M
6334	10542	1.067E-180	1.00	1.067E-180	0	269	271	0	269	271	270M
6335	10543	4.072E-195	1.00	3.912E-195	0	313	315	0	313	315	314M
6336	10544	2.632E-181	1.00	2.576E-181	0	279	281	0	279	281	280M
6337	10545	2.217E-308	1.00	0.000E+00	0	529	531	0	529	531	530M
6338	10546	1.220E-193	1.00	1.248E-193	0	286	288	0	286	288	287M
6339	10547	2.061E-125	1.00	2.100E-125	0	194	196	0	194	196	195M
6340	10548	4.539E-121	1.00	4.768E-121	0	186	188	0	186	188	187M
6341	10549	2.217E-308	1.00	0.000E+00	0	683	685	0	683	685	684M
6342	10550	9.717E-222	1.00	9.568E-222	0	337	339	0	337	339	338M
6343	10551	2.124E-98	1.00	2.196E-98	0	162	164	0	162	164	163M
6344	10552	2.217E-308	1.00	0.000E+00	0	573	575	0	573	575	574M
6345	10553	1.183E-65	1.00	1.230E-65	0	108	110	0	108	110	109M
6346	10554	2.217E-308	1.00	0.000E+00	0	873	875	0	873	875	874M
6347	10555	5.879E-105	1.00	5.622E-105	0	168	170	0	168	170	169M
6348	10556	1.932E-216	1.00	1.872E-216	0	328	330	0	328	330	329M
6349	10557	6.621E-267	1.00	6.574E-267	0	445	447	0	445	447	446M
6350	10558	2.217E-308	1.00	0.000E+00	0	663	665	0	663	665	664M
6351	10559	6.954E-286	1.00	6.848E-286	0	467	469	0	467	469	468M
6352	10560	2.333E-173	1.00	2.291E-173	0	266	268	0	266	268	267M
6353	10561	2.664E-147	1.00	2.707E-147	0	242	244	0	242	244	243M
6354	10562	3.389E-124	1.00	3.529E-124	0	187	189	0	187	189	188M
6355	10563	3.011E-233	1.00	3.131E-233	0	351	353	0	351	353	352M
6356	10564	5.670E-91	1.00	5.925E-91	0	137	139	0	137	139	138M
6357	10565	2.084E-52	1.00	2.040E-52	0	84	86	0	84	86	85M
6358	10566	3.850E-96	1.00	3.809E-96	0	151	153	0	151	153	152M
6359	10567	1.188E-144	1.00	1.177E-144	0	217	219	0	217	219	218M
6360	10568	1.031E-89	1.00	9.887E-90	0	143	145	0	143	145	144M
6361	10569	2.442E-268	1.00	2.341E-268	0	407	409	0	407	409	408M
6362	10570	5.435E-152	1.00	5.448E-152	0	240	242	0	240	242	241M
6363	10571	2.317E-93	1.00	2.330E-93	0	140	142	0	140	142	141M
6364	10572	8.914E-266	1.00	8.788E-266	0	399	401	0	399	401	400M
6365	10573	1.636E-113	1.00	1.688E-113	0	180	182	0	180	182	181M
6366	10574	2.585E-290	1.00	2.491E-290	0	430	432	0	430	432	431M
6367	10575	2.217E-308	1.00	0.000E+00	0	770	772	0	770	772	771M
6368	10576	1.399E-130	1.00	1.351E-130	0	208	210	0	208	210	209M
6369	10577	2.335E-96	1.00	2.354E-96	0	141	143	0	141	143	142M
6370	10578	2.217E-308	1.00	0.000E+00	0	510	512	0	510	512	511M
6371	10579	6.364E-213	1.00	6.503E-213	0	307	309	0	307	309	308M
6372	10580	3.125E-170	1.00	3.085E-170	0	245	247	0	245	247	246M
6373	10581	2.217E-308	1.00	0.000E+00	0	551	553	0	551	553	552M
6374	10582	1.117E-120	1.00	1.065E-120	0	183	185	0	183	185	184M
6375	10583	7.550E-47	1.00	7.564E-47	0	81	83	0	81	83	82M
6376	10584	1.528E-48	1.00	1.507E-48	0	85	87	0	85	87	86M
6377	10585	2.117E-174	1.00	2.189E-174	0	263	265	0	263	265	264M
6378	10586	4.719E-136	1.00	4.847E-136	0	203	205	0	203	205	204M
6379	10587	8.991E-308	1.00	9.318E-308	0	468	470	0	468	470	469M
6380	10588	4.646E-246	1.00	4.712E-246	0	380	382	0	380	382	381M
6381	10589	2.142E-140	1.00	2.133E-140	0	231	233	0	231	233	232M
6382	10590	2.525E-281	1.00	2.548E-281	0	429	431	0	429	431	430M
6383	10591	8.335E-240	1.00	7.981E-240	0	370	372	0	370	372	371M
6384	10592	4.650E-169	1.00	4.565E-169	0	262	264	0	262	264	263M
6385	10593	4.154E-164	1.00	4.200E-164	0	257	259	8	265	267	258M
6386	10594	1.001E-271	1.00	9.756E-272	0	409	411	0	409	411	410M
6387	10595	5.117E-90	1.00	5.012E-90	0	142	144	0	142	144	143M
6388	10596	1.273E-43	1.00	1.272E-43	0	65	67	0	65	67	66M
6389	10597	1.484E-114	1.00	1.488E-114	0	182	184	0	182	184	183M
6390	10598	1.415E-289	1.00	1.434E-289	0	427	429	0	427	429	428M
6391	10599	2.217E-308	1.00	0.000E+00	0	726	728	0	726	728	727M
6392	10600	1.077E-222	1.00	1.104E-222	0	338	340	0	338	340	339M
6393	10601	3.291E-190	1.00	3.253E-190	0	279	281	0	279	281	280M
6394	10602	1.746E-293	1.00	1.715E-293	0	436	438	0	436	438	437M
6395	10603	2.025E-273	1.00	1.979E-273	0	420	422	0	420	422	421M
6396	10604	2.217E-308	1.00	0.000E+00	0	541	543	0	541	543	542M
6397	10605	4.401E-109	1.00	4.562E-109	0	169	171	0	169	171	170M
6398	10606	1.027E-281	1.00	1.068E-281	0	451	453	0	451	453	452M
6399	10607	8.554E-134	1.00	8.288E-134	0	205	207	0	205	207	206M
6400	10608	2.217E-308	1.00	0.000E+00	0	616	618	0	616	618	617M
6401	9408	3.504E-17	1.00	3.501E-17	0	34	36	0	34	36	35M
6402	10717	6.755E-120	1.00	6.859E-120	0	189	191	0	189	191	190M
6403	10716	2.430E-150	1.00	2.438E-150	0	227	229	0	227	229	228M
6404	10715	2.217E-308	1.00	0.000E+00	0	867	869	0	867	869	868M
6405	10714	1.881E-51	1.00	1.868E-51	0	84	86	0	84	86	85M
6406	10713	1.804E-267	1.00	1.864E-267	0	384	386	0	384	386	385M
6407	10712	6.342E-173	1.00	6.263E-173	0	274	276	0	274	276	275M
6408	10711	6.138E-199	1.00	6.280E-199	0	288	290	0	288	290	289M
6409	10710	2.438E-74	1.00	2.406E-74	0	118	120	0	118	120	119M
6410	10709	2.217E-308	1.00	0.000E+00	0	569	571	0	569	571	570M
6411	10708	5.883E-260	1.00	5.777E-260	0	389	391	0	389	391	390M
6412	10707	2.163E-221	1.00	2.183E-221	0	321	323	0	321	323	322M
6413	10706	3.212E-258	1.00	3.352E-258	0	395	397	0	395	397	396M
6414	10705	2.217E-308	1.00	0.000E+00	0	502	504	0	502	504	503M
6415	10704	8.072E-305	1.00	7.703E-305	0	477	479	0	477	479	478M
6416	10703	9.084E-312	1.00	9.481E-312	0	460	462	0	460	462	461M
6417	10702	9.535E-176	1.00	9.490E-176	0	270	272	0	270	272	271M
6418	10701	1.372E-161	1.00	1.349E-161	0	239	241	0	239	241	240M
6419	10700	2.217E-308	1.00	0.000E+00	0	574	576	0	574	576	575M
6420	10699	1.619E-109	1.00	1.688E-109	0	168	170	0	168	170	169M
6421	10698	5.592E-163	1.00	5.496E-163	0	238	240	0	238	240	239M
6422	10697	1.372E-45	1.00	1.329E-45	0	75	77	0	75	77	76M
6423	10696	2.922E-144	1.00	2.890E-144	0	216	218	0	216	218	217M
6424	10695	5.798E-177	1.00	5.706E-177	0	284	286	0	284	286	285M
6425	10694	4.630E-90	1.00	4.649E-90	0	167	169	0	167	169	168M
6426	10693	2.801E-205	1.00	2.912E-205	0	313	315	0	313	315	314M
6427	10692	2.217E-308	1.00	0.000E+00	0	649	651	0	649	651	650M
6428	10691	6.398E-99	1.00	6.579E-99	0	150	152	0	150	152	151M
6429	10690	2.541E-206	1.00	2.500E-206	0	301	303	0	301	303	302M
6430	10689	4.723E-59	1.00	4.658E-59	0	101	103	0	101	103	102M
6431	10688	1.902E-94	1.00	1.815E-94	0	146	148	0	146	148	147M
6432	10687	2.474E-157	1.00	2.449E-157	0	233	235	0	233	235	234M
6433	10686	3.433E-40	1.00	3.440E-40	0	71	73	0	71	73	72M
6434	10685	2.270E-85	1.00	2.343E-85	0	149	151	0	149	151	150M
6435	10684	3.412E-204	1.00	3.412E-204	0	305	307	0	305	307	306M
6436	10683	2.850E-173	1.00	2.726E-173	0	263	265	0	263	265	264M
6437	10682	4.667E-93	1.00	4.598E-93	0	141	143	0	141	143	142M
6438	10681	4.280E-253	1.00	4.450E-253	0	398	400	0	398	400	399M
6439	10680	4.642E-207	1.00	4.733E-207	0	326	328	0	326	328	327M
6440	10679	9.470E-96	1.00	9.166E-96	0	143	145	0	143	145	144M
6441	10678	2.217E-308	1.00	0.000E+00	0	878	880	0	878	880	879M
6442	10677	1.342E-75	1.00	1.401E-75	0	118	120	0	118	120	119M
6443	10676	2.217E-308	1.00	0.000E+00	0	1500	1502	0	1500	1502	1501M
6444	10675	2.217E-308	1.00	0.000E+00	0	905	907	0	905	907	906M
6445	10674	6.180E-279	1.00	6.264E-279	0	439	441	0	439	441	440M
6446	10673	1.421E-136	1.00	1.396E-136	0	210	212	0	210	212	211M
6447	10672	2.260E-122	1.00	2.196E-122	0	181	183	0	181	183	182M
6448	10671	3.953E-323	1.00	3.953E-323	0	472	474	0	472	474	473M
6449	10670	6.054E-155	1.00	6.297E-155	0	237	239	0	237	239	238M
6450	10669	2.217E-308	1.00	0.000E+00	0	883	885	0	883	885	884M
6451	10668	6.896E-128	1.00	6.965E-128	0	200	202	0	200	202	201M
6452	10667	2.217E-308	1.00	0.000E+00	0	676	678	0	676	678	677M
6453	10666	2.217E-308	1.00	0.000E+00	0	568	570	0	568	570	569M
6454	10665	1.726E-95	1.00	1.809E-95	0	144	146	0	144	146	145M
6455	10664	1.352E-78	1.00	1.376E-78	0	125	127	0	125	127	126M
6456	10663	4.207E-285	1.00	4.129E-285	0	431	433	0	431	433	432M
6457	10662	5.709E-171	1.00	5.988E-171	0	257	259	0	257	259	258M
6458	10661	3.123E-131	1.00	3.206E-131	0	191	193	0	191	193	192M
6459	10660	2.217E-308	1.00	0.000E+00	0	546	548	0	546	548	547M
6460	10659	8.487E-247	1.00	8.479E-247	0	377	379	0	377	379	378M
6461	10658	1.516E-161	1.00	1.527E-161	0	255	257	0	255	257	256M
6462	10657	1.329E-226	1.00	1.365E-226	0	341	343	0	341	343	342M
6463	10656	2.064E-203	1.00	2.040E-203	0	323	325	0	323	325	324M
6464	10655	1.437E-179	1.00	1.480E-179	0	278	280	0	278	280	279M
6465	10654	1.076E-183	1.00	1.088E-183	0	270	272	0	270	272	271M
6466	10653	1.661E-235	1.00	1.720E-235	0	361	363	0	361	363	362M
6467	10652	1.437E-179	1.00	1.480E-179	0	278	280	0	278	280	279M
6468	10651	1.839E-197	1.00	1.799E-197	0	299	301	0	299	301	300M
6469	10650	2.218E-76	1.00	2.239E-76	0	139	141	0	139	141	140M
6470	10649	3.152E-96	1.00	3.018E-96	0	166	168	0	166	168	167M
6471	10648	5.894E-222	1.00	5.789E-222	0	333	335	0	333	335	334M
6472	10647	2.045E-122	1.00	2.033E-122	0	186	188	0	186	188	187M
6473	10646	3.880E-99	1.00	4.042E-99	0	153	155	0	153	155	154M
6474	10645	1.141E-283	1.00	1.121E-283	0	414	416	0	414	416	415M
6475	10644	2.217E-308	1.00	0.000E+00	0	608	610	0	608	610	609M
6476	10643	2.217E-308	1.00	0.000E+00	0	811	813	0	811	813	812M
6477	10642	2.150E-180	1.00	2.131E-180	0	277	279	0	277	279	278M
6478	10641	2.217E-308	1.00	0.000E+00	0	791	793	0	791	793	792M
6479	10640	1.646E-154	1.00	1.591E-154	0	250	252	0	250	252	251M
6480	10639	4.504E-234	1.00	4.304E-234	0	349	351	0	349	351	350M
6481	10638	2.217E-308	1.00	0.000E+00	0	662	664	0	662	664	663M
6482	10637	2.120E-136	1.00	2.069E-136	0	205	207	0	205	207	206M
6483	10636	1.180E-64	1.00	1.124E-64	0	108	110	0	108	110	109M
6484	10635	4.408E-187	1.00	4.287E-187	0	291	293	0	291	293	292M
6485	10634	9.016E-77	1.00	8.764E-77	0	126	128	0	126	128	127M
6486	10633	1.242E-45	1.00	1.264E-45	0	74	76	0	74	76	75M
6487	10632	4.583E-86	1.00	4.395E-86	0	147	149	0	147	149	148M
6488	10631	4.499E-311	1.00	4.515E-311	0	480	482	0	480	482	481M
6489	10630	5.081E-242	1.00	5.275E-242	0	357	359	0	357	359	358M
6490	10629	3.077E-164	1.00	2.975E-164	0	243	245	0	243	245	244M
6491	10628	7.064E-176	1.00	7.387E-176	0	258	260	0	258	260	259M
6492	10627	1.034E-129	1.00	1.000E-129	0	197	199	0	197	199	198M
6493	10626	2.217E-308	1.00	0.000E+00	0	515	517	0	515	517	516M
6494	10625	4.838E-223	1.00	4.876E-223	0	334	336	0	334	336	335M
6495	10624	2.217E-308	1.00	0.000E+00	0	625	627	0	625	627	626M
6496	10623	8.365E-48	1.00	8.400E-48	0	75	77	0	75	77	76M
6497	10622	8.371E-203	1.00	8.644E-203	0	300	302	0	300	302	301M
6498	10621	9.835E-188	1.00	9.476E-188	0	279	281	0	279	281	280M
6499	10620	3.808E-53	1.00	3.726E-53	0	88	90	0	88	90	89M
6500	10619	2.217E-308	1.00	0.000E+00	0	523	525	0	523	525	524M
6501	10618	5.152E-286	1.00	5.175E-286	0	427	429	0	427	429	428M
6502	10617	2.178E-185	1.00	2.139E-185	0	287	289	0	287	289	288M
6503	10616	2.635E-220	1.00	2.572E-220	0	340	342	0	340	342	341M
6504	10615	3.213E-142	1.00	3.376E-142	0	230	232	0	230	232	231M
6505	10614	5.621E-165	1.00	5.864E-165	0	242	244	0	242	244	243M
6506	10613	2.674E-40	1.00	2.675E-40	0	66	68	0	66	68	67M
6507	10612	6.022E-269	1.00	5.742E-269	0	431	433	0	431	433	432M
6508	10611	4.978E-118	1.00	5.166E-118	0	187	189	0	187	189	188M
6509	10610	5.029E-238	1.00	5.214E-238	0	399	401	0	399	401	400M
6510	10074	4.602E-281	1.00	4.704E-281	0	449	451	0	449	451	450M
6511	10075	2.996E-115	0.988	3.018E-115	0	175	177	12	187	189	176M
6512	10076	3.860E-97	1.00	3.820E-97	0	148	171	0	148	388	149M
6513	10076	2.233E-156	0.995	2.334E-156	0	234	236	152	386	388	235M
6514	10077	1.884E-245	1.00	1.844E-245	0	362	364	0	362	364	363M
6515	10078	2.808E-206	1.00	2.944E-206	0	345	347	0	345	347	346M
6516	10079	8.770E-221	1.00	8.389E-221	0	343	345	0	343	345	344M
6517	10080	1.186E-182	1.00	1.193E-182	0	274	276	0	274	276	275M
6518	10081	2.583E-135	1.00	2.580E-135	0	205	207	0	205	207	206M
6519	10082	3.988E-187	1.00	4.091E-187	0	290	292	0	290	292	291M
6520	10083	6.276E-285	1.00	6.067E-285	0	419	421	0	419	421	420M
6521	10084	2.217E-308	1.00	0.000E+00	0	555	557	0	555	557	556M
6522	10085	4.423E-227	1.00	4.397E-227	0	337	339	0	337	339	338M
6523	10086	9.061E-311	1.00	9.332E-311	0	455	457	0	455	457	456M
6524	10087	2.217E-308	1.00	0.000E+00	0	552	554	0	552	554	553M
6525	10088	2.487E-159	1.00	2.449E-159	0	249	251	0	249	251	250M
6526	10089	3.903E-256	1.00	3.871E-256	0	382	384	0	382	384	383M
6527	10090	2.217E-308	1.00	0.000E+00	0	567	569	0	567	569	568M
6528	10091	9.030E-271	1.00	9.167E-271	0	403	405	0	403	405	404M
6529	10092	2.227E-155	1.00	2.225E-155	0	235	237	0	235	237	236M
6530	10093	2.183E-186	1.00	2.276E-186	0	293	295	0	293	295	294M
6531	10094	7.921E-259	1.00	7.793E-259	0	384	386	0	384	386	385M
6532	10095	2.217E-308	1.00	0.000E+00	0	867	869	0	867	869	868M
6533	10096	1.386E-49	1.00	1.324E-49	0	87	89	0	87	89	88M
6534	10097	4.952E-116	1.00	4.931E-116	0	190	192	0	190	192	191M
6535	10098	1.209E-112	1.00	1.189E-112	0	168	170	0	168	170	169M
6536	10099	1.721E-94	1.00	1.692E-94	0	138	140	0	138	140	139M
6537	10100	2.599E-60	1.00	2.508E-60	0	93	95	0	93	95	94M
6538	10101	2.204E-267	1.00	2.226E-267	0	408	410	0	408	410	409M
6539	10102	2.699E-152	1.00	2.726E-152	0	232	234	0	232	234	233M
6540	10103	7.504E-122	1.00	7.305E-122	0	193	195	0	193	195	194M
6541	10104	1.200E-148	1.00	1.212E-148	0	243	245	0	243	245	244M
6542	10105	4.439E-151	1.00	4.656E-151	0	232	234	0	232	234	233M
6543	10106	9.802E-148	1.00	9.598E-148	0	220	222	0	220	222	221M
6544	10107	9.134E-82	1.00	8.739E-82	0	123	125	0	123	125	124M
6545	10108	1.363E-81	1.00	1.321E-81	0	125	127	0	125	127	126M
6546	10109	2.217E-308	1.00	0.000E+00	0	695	697	0	695	697	696M
6547	10110	5.148E-247	1.00	5.193E-247	0	380	382	0	380	382	381M
6548	10111	9.495E-97	1.00	9.074E-97	0	154	156	0	154	156	155M
6549	10112	3.787E-283	1.00	3.820E-283	0	420	422	0	420	422	421M
6550	10113	2.301E-245	1.00	2.224E-245	0	366	368	0	366	368	367M
6551	10114	2.201E-73	1.00	2.196E-73	0	118	120	0	118	120	119M
6552	10115	2.743E-313	1.00	2.664E-313	0	478	480	0	478	480	479M
6553	10116	5.425E-306	1.00	5.650E-306	0	475	477	0	475	477	476M
6554	10117	6.043E-193	1.00	5.839E-193	0	292	294	0	292	294	293M
6555	10118	2.217E-308	1.00	0.000E+00	0	504	506	0	504	506	505M
6556	10119	2.017E-194	1.00	2.098E-194	0	295	297	0	295	297	296M
6557	10120	2.217E-308	1.00	0.000E+00	0	548	550	0	548	550	549M
6558	10121	6.877E-243	1.00	6.852E-243	0	374	376	0	374	376	375M
6559	10122	1.254E-165	1.00	1.249E-165	0	256	258	0	256	258	257M
6560	10123	2.185E-225	1.00	2.221E-225	0	340	342	0	340	342	341M
6561	10124	1.764E-297	1.00	1.804E-297	0	449	451	0	449	451	450M
6562	10125	3.707E-120	1.00	3.586E-120	0	182	184	0	182	184	183M
6563	10126	2.081E-90	1.00	2.095E-90	0	137	139	0	137	139	138M
6564	10127	4.079E-157	1.00	4.056E-157	0	237	239	0	237	239	238M
6565	10128	2.217E-308	1.00	0.000E+00	0	628	630	0	628	630	629M
6566	10129	2.217E-308	1.00	0.000E+00	0	596	598	0	596	598	597M
6567	10130	1.144E-52	1.00	1.139E-52	0	85	87	0	85	87	86M
6568	10131	4.504E-234	1.00	4.727E-234	0	351	353	0	351	353	352M
6569	10132	2.217E-308	1.00	0.000E+00	0	963	965	0	963	965	964M
6570	10133	2.217E-308	1.00	0.000E+00	0	1215	1217	0	1215	1217	1216M
6571	10134	1.177E-295	1.00	1.134E-295	0	423	425	0	423	425	424M
6572	10135	2.217E-308	1.00	0.000E+00	0	620	622	0	620	622	621M
6573	10136	4.711E-174	1.00	4.817E-174	0	253	255	0	253	255	254M
6574	10137	2.150E-64	1.00	2.061E-64	0	101	103	0	101	103	102M
6575	10138	9.862E-73	1.00	9.621E-73	0	129	131	0	129	131	130M
6576	10139	8.740E-181	1.00	9.091E-181	0	279	281	0	279	281	280M
6577	10140	2.017E-78	1.00	2.078E-78	0	127	129	0	127	129	128M
6578	10141	7.621E-128	1.00	7.531E-128	0	195	197	0	195	197	196M
6579	10142	1.432E-139	1.00	1.488E-139	0	212	214	0	212	214	213M
6580	10143	1.541E-90	1.00	1.560E-90	0	144	146	0	144	146	145M
6581	10144	4.930E-269	1.00	5.076E-269	0	408	410	0	408	410	409M
6582	10145	2.217E-308	1.00	0.000E+00	0	521	523	0	521	523	522M
6583	10146	1.040E-170	1.00	9.909E-171	0	261	263	0	261	263	262M
6584	10147	3.972E-108	1.00	3.844E-108	0	174	176	0	174	176	175M
6585	10148	1.756E-63	1.00	1.793E-63	0	100	102	0	100	102	101M
6586	10149	1.178E-218	1.00	1.176E-218	0	314	316	0	314	316	315M
6587	10150	6.854E-87	1.00	6.664E-87	0	134	136	0	134	136	135M
6588	10151	5.961E-149	1.00	5.890E-149	0	221	223	0	221	223	222M
6589	10152	9.381E-131	0.995	9.400E-131	0	207	209	0	207	209	208M
6590	10153	2.217E-308	1.00	0.000E+00	0	595	597	0	595	597	596M
6591	10154	2.217E-308	1.00	0.000E+00	0	564	566	0	564	566	565M
6592	10155	2.568E-94	1.00	2.489E-94	0	146	148	0	146	148	147M
6593	10156	5.064E-202	1.00	5.287E-202	0	305	307	0	305	307	306M
6594	10157	6.272E-130	1.00	6.237E-130	0	207	209	0	207	209	208M
6595	10158	1.024E-164	1.00	1.061E-164	0	268	270	0	268	270	269M
6596	10159	1.046E-172	1.00	1.042E-172	0	258	260	0	258	260	259M
6597	10160	7.274E-110	1.00	7.413E-110	0	164	166	0	164	166	165M
6598	10161	1.617E-186	1.00	1.543E-186	0	278	280	0	278	280	279M
6599	10162	2.464E-78	1.00	2.519E-78	0	131	133	0	131	133	132M
6600	10163	1.475E-189	1.00	1.405E-189	0	290	292	0	290	292	291M
6601	10164	3.046E-44	1.00	2.943E-44	0	80	82	0	80	82	81M
6602	10165	3.064E-85	1.00	3.113E-85	0	155	157	0	155	157	156M
6603	10166	2.174E-107	1.00	2.147E-107	0	177	179	0	177	179	178M
6604	10167	2.217E-308	1.00	0.000E+00	0	513	515	0	513	515	514M
6605	10168	1.186E-182	1.00	1.226E-182	0	288	290	0	288	290	289M
6606	10169	8.875E-303	1.00	8.513E-303	0	463	465	0	463	465	464M
6607	10170	9.110E-81	1.00	8.733E-81	0	138	140	0	138	140	139M
6608	10171	2.029E-119	1.00	1.973E-119	0	198	200	0	198	200	199M
6609	10172	1.666E-120	1.00	1.734E-120	0	180	182	0	180	182	181M
6610	10173	3.427E-167	1.00	3.382E-167	0	253	255	0	253	255	254M
6611	10174	8.642E-254	1.00	8.477E-254	0	403	405	0	403	405	404M
6612	10175	1.432E-139	1.00	1.488E-139	0	212	214	0	212	214	213M
6613	10176	1.820E-193	1.00	1.842E-193	0	301	303	0	301	303	302M
6614	10177	1.705E-129	1.00	1.678E-129	0	188	190	0	188	190	189M
6615	10178	1.763E-258	1.00	1.826E-258	0	382	384	0	382	384	383M
6616	10179	4.392E-263	1.00	4.257E-263	0	383	385	0	383	385	384M
6617	10180	4.401E-109	1.00	4.428E-109	0	175	177	0	175	177	176M
6618	10181	2.541E-90	1.00	2.540E-90	0	141	143	0	141	143	142M
6619	10182	2.217E-308	1.00	0.000E+00	0	703	705	0	703	705	704M
6620	10183	5.277E-40	1.00	5.301E-40	0	67	69	0	67	69	68M
6621	10184	3.738E-278	1.00	3.742E-278	0	403	405	0	403	405	404M
6622	10185	9.260E-126	1.00	9.398E-126	0	197	199	0	197	199	198M
6623	10186	2.229E-16	1.00	2.237E-16	0	33	35	0	33	35	34M
6624	8777	2.217E-308	1.00	0.000E+00	0	479	481	0	479	481	480M
6625	8778	2.217E-308	1.00	0.000E+00	0	508	510	0	508	510	509M
6626	8779	3.269E-110	1.00	3.414E-110	0	161	163	0	161	163	162M
6627	8780	5.197E-96	1.00	5.116E-96	0	144	146	0	144	146	145M
6628	8781	2.005E-37	1.00	2.009E-37	0	53	55	0	53	55	54M
6629	8782	3.196E-256	1.00	3.288E-256	0	392	394	0	392	394	393M
6630	8783	5.183E-211	1.00	5.192E-211	0	313	315	0	313	315	314M
6631	8784	8.136E-192	1.00	8.086E-192	0	301	303	0	301	303	302M
6632	8785	3.051E-122	1.00	3.117E-122	0	195	197	0	195	197	196M
6633	8786	2.217E-308	1.00	0.000E+00	0	691	693	0	691	693	692M
6634	8787	3.615E-149	1.00	3.614E-149	0	224	226	0	224	226	225M
6635	8788	2.605E-177	1.00	2.694E-177	0	268	270	0	268	270	269M
6636	8789	2.217E-308	1.00	0.000E+00	0	818	820	0	818	820	819M
6637	8790	4.416E-149	1.00	4.578E-149	0	229	231	0	229	231	230M
6638	8791	1.357E-118	1.00	1.330E-118	0	185	187	0	185	187	186M
6639	8792	1.718E-132	1.00	1.767E-132	0	203	205	0	203	205	204M
6640	8793	7.180E-221	1.00	7.293E-221	0	340	342	0	340	342	341M
6641	8794	7.956E-222	1.00	8.314E-222	0	334	336	0	334	336	335M
6642	8795	2.217E-308	1.00	0.000E+00	0	753	755	0	753	755	754M
6643	8796	1.447E-143	1.00	1.512E-143	0	211	213	0	211	213	212M
6644	8797	8.576E-135	1.00	8.689E-135	0	204	206	0	204	206	205M
6645	8798	2.217E-308	1.00	0.000E+00	0	557	559	0	557	559	558M
6646	8799	4.150E-241	1.00	4.174E-241	0	334	336	0	334	336	335M
6647	8800	2.706E-33	1.00	2.706E-33	0	53	55	0	53	55	54M
6648	8801	2.217E-308	1.00	0.000E+00	0	514	516	0	514	516	515M
6649	8802	5.888E-299	1.00	5.843E-299	0	443	445	0	443	445	444M
6650	8803	2.217E-308	1.00	0.000E+00	0	542	544	0	542	544	543M
6651	8804	2.217E-308	1.00	0.000E+00	0	1227	1229	0	1227	1229	1228M
6652	8805	1.435E-217	1.00	1.387E-217	0	333	335	0	333	335	334M
6653	8806	4.040E-192	1.00	4.131E-192	0	280	282	0	280	282	281M
6654	8807	2.149E-296	1.00	2.117E-296	0	441	443	0	441	443	442M
6655	8808	4.944E-154	1.00	5.112E-154	0	248	250	0	248	250	249M
6656	8809	4.146E-202	1.00	4.180E-202	0	300	302	0	300	302	301M
6657	8810	8.503E-93	1.00	8.413E-93	0	147	149	0	147	149	148M
6658	8811	9.625E-257	1.00	9.997E-257	0	380	382	0	380	382	381M
6659	8812	5.255E-255	1.00	5.461E-255	0	405	407	0	405	407	406M
6660	8813	3.141E-172	1.00	3.090E-172	0	261	263	0	261	263	262M
6661	8814	8.560E-289	1.00	8.847E-289	0	439	441	0	439	441	440M
6662	8815	1.298E-101	1.00	1.339E-101	0	159	161	0	159	161	160M
6663	8816	4.625E-283	1.00	4.656E-283	0	431	433	0	431	433	432M
6664	8817	2.769E-278	1.00	2.823E-278	0	397	399	0	397	399	398M
6665	8818	2.217E-308	1.00	0.000E+00	0	545	547	0	545	547	546M
6666	8819	3.761E-319	1.00	3.874E-319	0	487	489	0	487	489	488M
6667	8820	5.665E-168	1.00	5.685E-168	0	262	264	0	262	264	263M
6668	8821	2.572E-172	1.00	2.477E-172	0	263	265	0	263	265	264M
6669	8822	4.747E-177	1.00	4.671E-177	0	273	275	0	273	275	274M
6670	8823	7.446E-119	1.00	7.149E-119	0	172	174	0	172	174	173M
6671	8824	6.502E-260	1.00	6.794E-260	0	406	408	0	406	408	407M
6672	8825	1.823E-271	1.00	1.810E-271	0	402	404	0	402	404	403M
6673	8826	3.493E-213	1.00	3.629E-213	0	308	310	0	308	310	309M
6674	8827	9.172E-161	1.00	9.216E-161	0	253	255	0	253	255	254M
6675	8828	6.369E-252	1.00	6.409E-252	0	354	356	0	354	356	355M
6676	8829	2.887E-62	1.00	2.797E-62	0	98	100	0	98	100	99M
6677	8830	3.572E-67	1.00	3.526E-67	0	100	102	0	100	102	101M
6678	8831	2.117E-174	1.00	2.118E-174	0	269	271	0	269	271	270M
6679	8832	3.199E-63	1.00	3.059E-63	0	98	100	0	98	100	99M
6680	8833	1.519E-123	1.00	1.581E-123	0	192	194	0	192	194	193M
6681	8834	3.827E-171	1.00	3.848E-171	0	261	263	0	261	263	262M
6682	8835	1.265E-91	1.00	1.282E-91	0	138	140	0	138	140	139M
6683	8836	2.558E-286	1.00	2.479E-286	0	418	420	0	418	420	419M
6684	8837	2.217E-308	1.00	0.000E+00	0	663	665	0	663	665	664M
6685	8838	8.075E-73	1.00	7.962E-73	0	112	114	0	112	114	113M
6686	8839	1.644E-115	1.00	1.605E-115	0	175	177	0	175	177	176M
6687	8840	4.817E-260	1.00	4.824E-260	0	419	421	0	419	421	420M
6688	8841	3.603E-225	1.00	3.749E-225	0	331	333	0	331	333	332M
6689	8842	5.813E-31	1.00	5.799E-31	0	65	67	0	65	67	66M
6690	8843	1.627E-111	1.00	1.633E-111	0	170	172	0	170	172	171M
6691	8844	8.422E-128	1.00	8.027E-128	0	203	205	0	203	205	204M
6692	8845	2.217E-308	1.00	0.000E+00	0	687	689	0	687	689	688M
6693	8846	2.217E-308	1.00	0.000E+00	0	539	541	0	539	541	540M
6694	8847	2.833E-132	1.00	2.792E-132	0	206	208	0	206	208	207M
6695	8848	5.632E-322	1.00	5.682E-322	0	489	491	0	489	491	490M
6696	8849	2.217E-308	1.00	0.000E+00	0	551	553	0	551	553	552M
6697	8850	2.217E-308	1.00	0.000E+00	0	545	547	0	545	547	546M
6698	8851	1.145E-91	1.00	1.123E-91	0	155	157	0	155	157	156M
6699	8852	5.511E-196	1.00	5.423E-196	0	291	293	0	291	293	292M
6700	8853	3.409E-281	1.00	3.563E-281	0	443	445	0	443	445	444M
6701	8854	2.217E-308	1.00	0.000E+00	0	636	638	0	636	638	637M
6702	8855	3.569E-144	1.00	3.597E-144	0	234	236	0	234	236	235M
6703	8856	1.159E-57	1.00	1.206E-57	0	90	92	0	90	92	91M
6704	8857	1.739E-98	1.00	1.828E-98	0	145	147	0	145	147	146M
6705	8858	8.357E-125	1.00	8.550E-125	0	197	199	0	197	199	198M
6706	8859	6.593E-188	1.00	6.624E-188	0	305	307	0	305	307	306M
6707	8860	2.217E-308	1.00	0.000E+00	0	495	497	0	495	497	496M
6708	8861	7.510E-161	1.00	7.479E-161	0	262	264	0	262	264	263M
6709	8862	2.217E-308	1.00	0.000E+00	0	1056	1058	0	1056	1058	1057M
6710	8863	2.581E-212	1.00	2.653E-212	0	337	339	0	337	339	338M
6711	8864	9.118E-120	1.00	8.968E-120	0	188	190	0	188	190	189M
6712	8865	5.539E-198	1.00	5.789E-198	0	295	297	0	295	297	296M
6713	8866	1.036E-207	1.00	1.001E-207	0	313	315	0	313	315	314M
6714	8867	6.491E-298	1.00	6.228E-298	0	460	462	0	460	462	461M
6715	8868	1.024E-164	1.00	1.051E-164	0	241	243	0	241	243	242M
6716	8869	4.889E-111	1.00	4.898E-111	0	160	162	0	160	162	161M
6717	8870	1.059E-61	1.00	1.062E-61	0	93	95	0	93	95	94M
6718	8871	3.490E-58	1.00	3.578E-58	0	91	93	0	91	93	92M
6719	8872	3.768E-165	1.00	3.597E-165	0	245	247	0	245	247	246M
6720	8873	1.609E-300	1.00	1.664E-300	0	441	443	0	441	443	442M
6721	8874	3.768E-165	1.00	3.829E-165	0	253	255	0	253	255	254M
6722	8875	2.217E-308	1.00	0.000E+00	0	596	598	0	596	598	597M
6723	8876	4.061E-310	1.00	3.966E-310	0	459	461	0	459	461	460M
6724	8877	8.822E-262	1.00	8.554E-262	0	400	402	0	400	402	401M
6725	8878	2.919E-221	1.00	2.866E-221	0	347	349	0	347	349	348M
6726	9408	3.504E-17	1.00	3.501E-17	0	34	36	0	34	36	35M
6727	10718	5.481E-16	1.00	5.502E-16	0	32	34	0	32	34	33M
6728	10719	5.814E-62	1.00	6.096E-62	0	101	103	0	101	103	102M
6729	10720	3.051E-122	1.00	2.923E-122	0	187	189	0	187	189	188M
6730	10721	2.664E-263	1.00	2.609E-263	0	386	388	0	386	388	387M
6731	10722	4.182E-128	1.00	4.202E-128	0	196	198	0	196	198	197M
6732	10723	7.615E-89	1.00	7.452E-89	0	126	128	0	126	128	127M
6733	10724	3.468E-249	1.00	3.431E-249	0	394	396	0	394	396	395M
6734	10725	1.146E-41	1.00	1.146E-41	0	79	81	0	79	81	80M
6735	10726	1.640E-230	1.00	1.688E-230	0	344	346	0	344	346	345M
6736	10727	4.121E-277	1.00	4.281E-277	0	435	437	0	435	437	436M
6737	10728	2.217E-308	1.00	0.000E+00	0	812	814	0	812	814	813M
6738	10729	9.895E-229	1.00	9.558E-229	0	336	338	0	336	338	337M
6739	10730	4.462E-153	1.00	4.661E-153	0	228	230	0	228	230	229M
6740	10731	6.985E-133	1.00	6.647E-133	0	209	211	0	209	211	210M
6741	10732	2.770E-162	1.00	2.779E-162	0	259	261	0	259	261	260M
6742	10733	2.195E-188	1.00	2.110E-188	0	294	296	0	294	296	295M
6743	10734	3.775E-127	1.00	3.943E-127	0	210	212	0	210	212	211M
6744	10735	1.136E-88	1.00	1.123E-88	0	141	143	0	141	143	142M
6745	10736	2.217E-308	1.00	0.000E+00	0	574	576	0	574	576	575M
6746	10737	2.179E-224	1.00	2.186E-224	0	335	337	0	335	337	336M
6747	10738	2.799E-166	1.00	2.932E-166	0	252	254	0	252	254	253M
6748	10739	5.863E-220	1.00	6.158E-220	0	325	327	0	325	327	326M
6749	10740	3.999E-72	1.00	3.865E-72	0	112	114	0	112	114	113M
6750	10741	7.009E-173	1.00	6.915E-173	0	256	258	0	256	258	257M
6751	10742	6.272E-130	1.00	6.437E-130	0	201	203	0	201	203	202M
6752	10743	1.108E-117	1.00	1.101E-117	0	183	185	0	183	185	184M
6753	10744	8.947E-74	1.00	8.703E-74	0	125	127	0	125	127	126M
6754	10745	1.327E-148	1.00	1.358E-148	0	232	234	0	232	234	233M
6755	10746	8.458E-207	1.00	8.384E-207	0	318	320	0	318	320	319M
6756	10747	9.429E-133	1.00	9.688E-133	0	197	199	0	197	199	198M
6757	10748	2.756E-160	1.00	2.740E-160	0	236	238	0	236	238	237M
6758	10749	1.299E-256	1.00	1.290E-256	0	372	374	0	372	374	373M
6759	10750	2.882E-100	1.00	2.858E-100	0	157	159	0	157	159	158M
6760	10751	6.250E-90	1.00	6.072E-90	0	146	148	0	146	148	147M
6761	10752	9.726E-145	1.00	1.005E-144	0	227	229	0	227	229	228M
6762	10753	2.217E-308	1.00	0.000E+00	0	556	558	0	556	558	557M
6763	10754	1.059E-61	1.00	1.040E-61	0	99	101	0	99	101	100M
6764	10755	1.079E-68	1.00	1.118E-68	0	120	122	0	120	122	121M
6765	10756	6.588E-149	1.00	6.897E-149	0	231	233	0	231	233	232M
6766	10757	1.095E-190	1.00	1.054E-190	0	302	304	0	302	304	303M
6767	10758	2.217E-308	1.00	0.000E+00	0	501	503	0	501	503	502M
6768	10759	3.981E-225	1.00	3.799E-225	0	338	340	0	338	340	339M
6769	10760	8.620E-253	1.00	8.871E-253	0	379	381	0	379	381	380M
6770	10761	2.217E-308	1.00	0.000E+00	0	720	722	0	720	722	721M
6771	10762	1.932E-100	1.00	1.855E-100	0	148	150	0	148	150	149M
6772	10763	2.043E-83	1.00	1.968E-83	0	136	138	0	136	138	137M
6773	10764	2.054E-85	1.00	1.993E-85	0	139	141	0	139	141	140M
6774	10765	7.970E-184	1.00	8.268E-184	0	291	293	0	291	293	292M
6775	10766	1.432E-139	1.00	1.366E-139	0	237	239	0	237	239	238M
6776	10767	2.217E-308	1.00	0.000E+00	0	888	890	0	888	890	889M
6777	10768	4.344E-15	1.00	4.324E-15	0	29	31	0	29	31	30M
6778	10769	2.217E-308	1.00	0.000E+00	0	593	595	0	593	595	594M
6779	10770	2.217E-308	1.00	0.000E+00	0	605	607	0	605	607	606M
6780	10771	2.217E-308	1.00	0.000E+00	0	669	671	0	669	671	670M
6781	10772	8.992E-192	1.00	9.407E-192	0	311	313	0	311	313	312M
6782	10773	1.113E-235	1.00	1.127E-235	0	379	381	0	379	381	380M
6783	10774	2.217E-308	1.00	0.000E+00	0	575	577	0	575	577	576M
6784	10775	2.303E-168	1.00	2.318E-168	0	243	245	0	243	245	244M
6785	10776	6.732E-80	1.00	6.603E-80	0	121	123	0	121	123	122M
6786	10777	4.454E-191	1.00	4.533E-191	0	284	286	0	284	286	285M
6787	10778	6.212E-165	1.00	6.148E-165	0	243	245	0	243	245	244M
6788	10779	1.689E-48	1.00	1.663E-48	0	87	89	0	87	89	88M
6789	10780	1.067E-141	1.00	1.020E-141	0	220	222	0	220	222	221M
6790	10781	1.329E-110	1.00	1.288E-110	0	167	169	0	167	169	168M
6791	10782	1.422E-175	1.00	1.388E-175	0	258	260	0	258	260	259M
6792	10783	5.758E-213	1.00	6.006E-213	0	312	314	0	312	314	313M
6793	10784	1.093E-73	1.00	1.112E-73	0	117	119	0	117	119	118M
6794	10785	2.217E-308	1.00	0.000E+00	0	1152	1154	0	1152	1154	1153M
6795	10786	1.739E-98	1.00	1.660E-98	0	143	145	0	143	145	144M
6796	10787	1.694E-320	1.00	1.739E-320	0	488	490	0	488	490	489M
6797	10788	8.095E-74	1.00	8.304E-74	0	111	113	0	111	113	112M
6798	10789	2.217E-308	1.00	0.000E+00	0	618	620	0	618	620	619M
6799	10790	8.771E-105	1.00	8.889E-105	0	171	173	0	171	173	172M
6800	10791	5.357E-69	1.00	5.398E-69	0	105	107	0	105	107	106M
6801	10792	1.007E-80	1.00	9.679E-81	0	127	129	0	127	129	128M
6802	10793	7.336E-268	1.00	7.177E-268	0	404	406	0	404	406	405M
6803	10794	4.739E-99	1.00	4.666E-99	0	156	158	0	156	158	157M
6804	10795	1.567E-135	1.00	1.534E-135	0	214	216	0	214	216	215M
6805	10796	2.065E-87	1.00	2.158E-87	0	150	152	0	150	152	151M
6806	10797	1.261E-51	1.00	1.270E-51	0	89	91	0	89	91	90M
6807	10798	2.217E-308	1.00	0.000E+00	0	620	622	0	620	622	621M
6808	10799	1.937E-217	1.00	1.941E-217	0	320	322	0	320	322	321M
6809	10800	1.379E-279	1.00	1.346E-279	0	406	408	0	406	408	407M
6810	10801	3.246E-262	1.00	3.324E-262	0	400	402	0	400	402	401M
6811	10802	1.129E-279	1.00	1.117E-279	0	429	431	0	429	431	430M
6812	10803	7.948E-299	1.00	7.814E-299	0	456	458	0	456	458	457M
6813	10804	8.696E-63	1.00	8.295E-63	0	99	101	0	99	101	100M
6814	10805	2.594E-98	1.00	2.686E-98	0	153	155	0	153	155	154M
6815	10806	2.217E-308	1.00	0.000E+00	0	593	595	0	593	595	594M
6816	10807	2.217E-308	1.00	0.000E+00	0	476	478	0	476	478	477M
6817	10808	4.071E-311	1.00	4.115E-311	0	478	480	0	478	480	479M
6818	10809	2.217E-308	1.00	0.000E+00	0	612	614	0	612	614	613M
6819	10810	2.217E-308	1.00	0.000E+00	0	635	637	0	635	637	636M
6820	10811	1.742E-176	1.00	1.816E-176	0	255	257	0	255	257	256M
6821	10812	1.714E-131	1.00	1.685E-131	0	204	206	0	204	206	205M
6822	10813	2.217E-308	1.00	0.000E+00	0	768	770	0	768	770	769M
6823	10814	4.711E-58	1.00	4.576E-58	0	96	98	0	96	98	97M
6824	10815	2.217E-308	1.00	0.000E+00	0	506	508	0	506	508	507M
6825	10816	7.868E-63	1.00	7.907E-63	0	111	113	0	111	113	112M
6826	10817	4.780E-141	1.00	4.552E-141	0	205	207	0	205	207	206M
6827	10818	2.217E-308	1.00	0.000E+00	0	714	716	0	714	716	715M
6828	10819	4.348E-143	1.00	4.414E-143	0	207	209	0	207	209	208M
6829	10820	8.839E-108	1.00	8.589E-108	0	171	173	0	171	173	172M
6830	10821	6.032E-231	1.00	6.337E-231	0	350	352	0	350	352	351M
6831	10822	1.700E-128	1.00	1.763E-128	0	191	193	0	191	193	192M
6832	10823	2.217E-308	1.00	0.000E+00	0	521	523	0	521	523	522M
6833	10824	2.233E-156	1.00	2.188E-156	0	246	248	0	246	248	247M
6834	10825	5.660E-245	1.00	5.593E-245	11	379	381	0	368	370	369M
6835	10826	9.760E-185	1.00	9.996E-185	0	293	295	0	293	295	294M
6836	10827	7.028E-58	1.00	7.270E-58	0	99	101	0	99	101	100M
6837	10828	2.217E-308	1.00	0.000E+00	0	517	519	0	517	519	518M
6838	10829	6.245E-51	1.00	6.485E-51	0	90	92	0	90	92	91M
6839	10830	2.217E-308	1.00	0.000E+00	0	509	511	0	509	511	510M
6840	11193	1.113E-235	1.00	1.103E-235	0	399	401	0	399	401	400M
6841	11192	2.914E-143	1.00	2.935E-143	0	225	227	0	225	227	226M
6842	11191	4.826E-106	1.00	5.035E-106	0	177	179	0	177	179	178M
6843	11190	2.217E-308	1.00	0.000E+00	0	614	616	0	614	616	615M
6844	11189	2.852E-96	1.00	2.855E-96	0	145	147	0	145	147	146M
6845	11188	2.662E-224	1.00	2.764E-224	0	340	342	0	340	342	341M
6846	11187	1.113E-80	1.00	1.094E-80	0	123	125	0	123	125	124M
6847	11186	4.969E-156	1.00	5.215E-156	0	231	233	0	231	233	232M
6848	11185	1.858E-317	1.00	1.795E-317	0	495	497	0	495	497	496M
6849	11184	2.897E-102	1.00	3.041E-102	0	161	163	0	161	163	162M
6850	11183	2.217E-308	1.00	0.000E+00	0	1249	1251	0	1249	1251	1250M
6851	11182	2.141E-101	1.00	2.181E-101	0	156	158	0	156	158	157M
6852	11181	1.511E-237	1.00	1.454E-237	0	360	362	0	360	362	361M
6853	11180	3.739E-46	1.00	3.747E-46	0	75	77	0	75	77	76M
6854	11179	2.291E-166	1.00	2.315E-166	0	247	249	0	247	249	248M
6855	11178	1.389E-127	1.00	1.415E-127	0	195	197	0	195	197	196M
6856	11177	4.150E-125	1.00	4.138E-125	0	195	197	0	195	197	196M
6857	11176	2.522E-87	1.00	2.584E-87	0	134	136	0	134	136	135M
6858	11175	2.217E-308	1.00	0.000E+00	0	661	663	0	661	663	662M
6859	11174	2.616E-256	1.00	2.604E-256	0	387	389	0	387	389	388M
6860	11173	5.153E-54	1.00	5.414E-54	0	81	83	0	81	83	82M
6861	11172	1.003E-32	1.00	1.003E-32	0	60	62	0	60	62	61M
6862	11171	1.636E-113	1.00	1.561E-113	0	185	187	0	185	187	186M
6863	11170	2.632E-181	1.00	2.663E-181	0	273	275	0	273	275	274M
6864	11169	7.504E-122	1.00	7.394E-122	0	180	182	0	180	182	181M
6865	11168	2.278E-125	1.00	2.309E-125	0	196	198	0	196	198	197M
6866	11167	1.082E-108	1.00	1.055E-108	0	180	182	0	180	182	181M
6867	11166	2.217E-308	1.00	0.000E+00	0	485	487	0	485	487	486M
6868	11165	5.188E-250	1.00	5.359E-250	0	361	363	0	361	363	362M
6869	11164	5.264E-217	1.00	5.307E-217	0	328	330	0	328	330	329M
6870	11163	1.039E-42	1.00	1.041E-42	0	69	71	0	69	71	70M
6871	11162	8.924E-73	1.00	9.214E-73	0	115	117	0	115	117	116M
6872	11161	7.274E-110	1.00	7.333E-110	0	177	179	0	177	179	178M
6873	11160	1.251E-164	1.00	1.270E-164	0	245	247	0	245	247	246M
6874	11159	2.217E-308	1.00	0.000E+00	0	844	846	0	844	846	845M
6875	11158	4.310E-217	1.00	4.511E-217	0	338	340	0	338	340	339M
6876	11157	8.354E-32	1.00	8.335E-32	0	58	60	0	58	60	59M
6877	11156	2.674E-187	1.00	2.810E-187	0	282	284	0	282	284	283M
6878	11155	9.015E-193	1.00	9.010E-193	0	308	310	0	308	310	309M
6879	11154	1.735E-97	1.00	1.785E-97	0	153	155	0	153	155	154M
6880	11153	2.200E-305	1.00	2.164E-305	0	470	472	0	470	472	471M
6881	11152	5.656E-90	1.00	5.517E-90	0	144	146	0	144	146	145M
6882	11151	5.412E-189	1.00	5.263E-189	0	298	300	0	298	300	299M
6883	11150	2.168E-17	1.00	2.159E-17	0	31	33	0	31	33	32M
6884	11149	2.461E-271	1.00	2.511E-271	0	409	411	0	409	411	410M
6885	11148	2.729E-195	1.00	2.840E-195	0	286	288	0	286	288	287M
6886	11147	2.272E-124	1.00	2.340E-124	0	185	187	0	185	187	186M
6887	11146	3.004E-116	1.00	3.069E-116	0	180	182	0	180	182	181M
6888	11145	9.078E-157	1.00	9.336E-157	0	248	250	0	248	250	249M
6889	11144	1.052E-97	1.00	1.045E-97	0	155	157	0	155	157	156M
6890	11143	2.894E-295	1.00	2.757E-295	0	442	444	0	442	444	443M
6891	11142	4.590E-164	1.00	4.699E-164	0	246	248	0	246	248	247M
6892	11141	2.610E-139	1.00	2.622E-139	0	224	226	0	224	226	225M
6893	11140	4.834E-184	1.00	4.710E-184	0	279	281	0	279	281	280M
6894	11139	2.451E-192	1.00	2.486E-192	0	296	298	0	296	298	297M
6895	11138	1.560E-172	1.00	1.545E-172	0	253	255	0	253	255	254M
6896	11137	2.944E-263	1.00	2.935E-263	0	402	404	0	402	404	403M
6897	11136	3.624E-266	1.00	3.454E-266	0	406	408	0	406	408	407M
6898	11135	6.423E-323	1.00	6.423E-323	0	469	471	0	469	471	470M
6899	11134	1.456E-184	1.00	1.515E-184	0	275	277	0	275	277	276M
6900	11133	4.859E-186	1.00	4.954E-186	0	276	278	0	276	278	277M
6901	11132	1.209E-228	1.00	1.238E-228	0	355	357	0	355	357	356M
6902	11131	3.460E-132	1.00	3.586E-132	0	218	220	0	218	220	219M
6903	11130	3.371E-238	1.00	3.302E-238	0	362	364	0	362	364	363M
6904	11129	3.594E-108	1.00	3.495E-108	0	172	174	0	172	174	173M
6905	11128	1.477E-151	1.00	1.450E-151	0	234	236	0	234	236	235M
6906	11127	3.554E-65	1.00	3.498E-65	0	110	112	0	110	112	111M
6907	11126	1.292E-99	1.00	1.259E-99	0	155	157	0	155	157	156M
6908	11125	3.314E-154	1.00	3.240E-154	0	245	247	0	245	247	246M
6909	11124	5.302E-65	1.00	5.286E-65	0	112	114	0	112	114	113M
6910	11123	3.040E-82	1.00	3.148E-82	0	128	130	0	128	130	129M
6911	11122	1.083E-263	1.00	1.089E-263	0	401	403	0	401	403	402M
6912	11121	2.217E-308	1.00	0.000E+00	0	886	888	0	886	888	887M
6913	11120	8.385E-281	1.00	8.274E-281	0	407	409	0	407	409	408M
6914	11119	7.542E-124	1.00	7.288E-124	0	209	211	0	209	211	210M
6915	11118	1.090E-188	1.00	1.093E-188	0	280	282	0	280	282	281M
6916	11117	1.319E-107	1.00	1.308E-107	0	160	162	0	160	162	161M
6917	11116	7.070E-99	1.00	6.927E-99	0	138	140	0	138	140	139M
6918	11115	2.075E-322	1.00	2.174E-322	0	475	477	0	475	477	476M
6919	11114	2.204E-267	1.00	2.109E-267	0	434	436	0	434	436	435M
6920	11113	1.472E-227	1.00	1.470E-227	0	354	356	0	354	356	355M
6921	11112	2.217E-308	1.00	0.000E+00	0	1186	1188	0	1186	1188	1187M
6922	11111	1.437E-179	1.00	1.480E-179	0	278	280	0	278	280	279M
6923	11110	4.307E-178	1.00	4.465E-178	0	270	272	0	270	272	271M
6924	11109	2.528E-204	1.00	2.523E-204	0	312	314	0	312	314	313M
6925	11108	2.217E-308	1.00	0.000E+00	0	667	669	0	667	669	668M
6926	10318	2.217E-308	0.994	0.000E+00	0	520	522	0	520	522	521M
6927	11990	2.642E-105	1.00	2.638E-105	0	172	174	0	172	174	173M
6928	11991	7.331E-113	1.00	7.559E-113	0	185	187	0	185	187	186M
6929	11992	5.012E-198	1.00	5.098E-198	0	299	301	0	299	301	300M
6930	11993	1.743E-215	1.00	1.823E-215	0	343	345	0	343	345	344M
6931	11994	1.976E-70	1.00	1.933E-70	0	108	110	0	108	110	109M
6932	11995	7.674E-92	1.00	7.881E-92	0	141	143	0	141	143	142M
6933	11996	2.159E-27	1.00	2.153E-27	0	52	54	0	52	54	53M
6934	11997	2.217E-308	1.00	0.000E+00	0	623	625	0	623	625	624M
6935	11998	1.637E-152	1.00	1.570E-152	0	227	229	0	227	229	228M
6936	11999	1.384E-203	1.00	1.412E-203	0	295	297	0	295	297	296M
6937	12000	6.691E-155	1.00	6.389E-155	0	244	246	0	244	246	245M
6938	12001	2.217E-308	1.00	0.000E+00	0	488	490	0	488	490	489M
6939	12002	2.998E-154	1.00	2.949E-154	0	243	245	0	243	245	244M
6940	12003	1.839E-197	1.00	1.774E-197	0	292	294	0	292	294	293M
6941	12004	2.155E-181	1.00	2.091E-181	0	288	290	0	288	290	289M
6942	12005	2.552E-169	1.00	2.547E-169	0	263	265	0	263	265	264M
6943	12006	1.798E-227	1.00	1.814E-227	0	345	347	0	345	347	346M
6944	12007	6.315E-94	1.00	6.590E-94	0	140	142	0	140	142	141M
6945	12008	7.627E-167	1.00	7.801E-167	0	244	246	0	244	246	245M
6946	12009	2.495E-315	1.00	2.620E-315	0	487	489	0	487	489	488M
6947	12010	1.525E-318	1.00	1.502E-318	0	462	464	0	462	464	463M
6948	12011	1.408E-287	1.00	1.358E-287	0	430	432	0	430	432	431M
6949	12012	2.095E-170	1.00	2.172E-170	0	271	273	0	271	273	272M
6950	10186	2.229E-16	1.00	2.237E-16	0	33	35	0	33	35	34M
6951	10934	1.340E-152	1.00	1.278E-152	0	236	238	0	236	238	237M
6952	10933	2.077E-128	1.00	1.996E-128	0	187	189	0	187	189	188M
6953	10932	5.935E-186	1.00	5.894E-186	0	273	275	0	273	275	274M
6954	10931	4.263E-58	1.00	4.357E-58	0	95	97	0	95	97	96M
6955	10930	1.594E-103	1.00	1.581E-103	0	152	154	0	152	154	153M
6956	10929	4.136E-85	1.00	4.327E-85	0	142	144	0	142	144	143M
6957	10928	2.217E-308	1.00	0.000E+00	0	610	612	0	610	612	611M
6958	10927	3.093E-282	1.00	3.030E-282	0	451	453	0	451	453	452M
6959	10926	1.336E-228	1.00	1.310E-228	0	336	338	0	336	338	337M
6960	10925	2.217E-308	1.00	0.000E+00	0	485	487	0	485	487	486M
6961	10924	5.421E-267	1.00	5.403E-267	0	400	402	0	400	402	401M
6962	10923	6.265E-29	1.00	6.235E-29	0	51	53	0	51	53	52M
6963	10922	1.350E-232	1.00	1.332E-232	0	355	357	0	355	357	356M
6964	10921	2.669E-109	1.00	2.545E-109	0	170	172	0	170	172	171M
6965	10920	2.104E-249	1.00	2.079E-249	0	390	392	0	390	392	391M
6966	10919	3.502E-98	1.00	3.607E-98	0	146	148	0	146	148	147M
6967	10918	8.901E-72	1.00	8.831E-72	0	116	118	0	116	118	117M
6968	10917	1.308E-104	1.00	1.356E-104	0	160	162	0	160	162	161M
6969	10916	2.217E-308	1.00	0.000E+00	0	546	548	0	546	548	547M
6970	10915	2.217E-308	1.00	0.000E+00	0	800	802	0	800	802	801M
6971	10914	6.407E-293	1.00	6.102E-293	0	416	418	0	416	418	417M
6972	10913	2.789E-242	1.00	2.879E-242	0	371	373	0	371	373	372M
6973	10912	3.612E-226	1.00	3.635E-226	0	335	337	0	335	337	336M
6974	10911	1.781E-262	1.00	1.770E-262	0	400	402	0	400	402	401M
6975	10910	2.217E-308	1.00	0.000E+00	0	710	712	0	710	712	711M
6976	10909	1.867E-48	1.00	1.874E-48	0	83	85	0	83	85	84M
6977	10908	3.684E-195	1.00	3.713E-195	0	285	287	0	285	287	286M
6978	10907	1.541E-90	1.00	1.603E-90	0	138	140	0	138	140	139M
6979	10906	1.052E-213	1.00	1.009E-213	0	321	323	0	321	323	322M
6980	10905	1.901E-55	1.00	1.901E-55	0	90	92	0	90	92	91M
6981	10904	7.003E-134	1.00	6.970E-134	0	208	210	0	208	210	209M
6982	10903	5.007E-275	1.00	4.826E-275	0	435	437	0	435	437	436M
6983	10902	2.744E-81	1.00	2.636E-81	0	146	148	0	146	148	147M
6984	10901	2.217E-308	1.00	0.000E+00	0	906	908	0	906	908	907M
6985	10900	2.914E-143	1.00	2.980E-143	0	212	214	0	212	214	213M
6986	10899	2.299E-206	1.00	2.275E-206	0	299	301	0	299	301	300M
6987	10898	1.270E-131	1.00	1.244E-131	0	191	193	0	191	193	192M
6988	10897	5.496E-195	1.00	5.624E-195	0	355	357	0	355	357	356M
6989	10896	3.817E-286	1.00	3.776E-286	0	427	429	0	427	429	428M
6990	10895	2.489E-198	1.00	2.470E-198	0	297	299	0	297	299	298M
6991	10894	4.175E-166	1.00	4.130E-166	0	266	268	0	266	268	267M
6992	10893	4.366E-222	1.00	4.534E-222	0	348	350	0	348	350	349M
6993	10892	4.125E-200	1.00	4.044E-200	0	290	292	0	290	292	291M
6994	10891	1.116E-236	1.00	1.137E-236	0	330	332	0	330	332	331M
6995	10890	1.350E-116	1.00	1.323E-116	0	169	171	0	169	171	170M
6996	10889	6.100E-274	1.00	6.022E-274	0	408	410	0	408	410	409M
6997	10888	2.392E-144	1.00	2.318E-144	0	218	220	0	218	220	219M
6998	10887	2.217E-308	1.00	0.000E+00	0	622	624	0	622	624	623M
6999	10886	1.247E-124	1.00	1.209E-124	0	191	193	0	191	193	192M
7000	10885	1.112E-157	1.00	1.096E-157	0	236	238	0	236	238	237M
7001	10884	4.927E-114	1.00	5.164E-114	0	175	177	0	175	177	176M
7002	10883	7.355E-269	1.00	7.361E-269	0	389	391	0	389	391	390M
7003	10882	2.217E-308	1.00	0.000E+00	0	479	481	0	479	481	480M
7004	10881	1.203E-149	1.00	1.180E-149	0	227	229	0	227	229	228M
7005	10880	2.217E-308	1.00	0.000E+00	0	517	519	0	517	519	518M
7006	10879	1.110E-79	1.00	1.099E-79	0	125	127	0	125	127	126M
7007	10878	2.217E-308	1.00	0.000E+00	0	599	601	0	599	601	600M
7008	10877	2.217E-308	1.00	0.000E+00	0	592	594	0	592	594	593M
7009	10876	1.104E-193	1.00	1.114E-193	0	297	299	0	297	299	298M
7010	10875	3.357E-159	1.00	3.257E-159	0	235	237	0	235	237	236M
7011	10874	4.764E-101	1.00	4.733E-101	0	159	161	0	159	161	160M
7012	10873	6.819E-85	1.00	7.078E-85	0	126	128	0	126	128	127M
7013	10872	2.146E-102	1.00	2.128E-102	0	147	149	0	147	149	148M
7014	10871	2.217E-308	1.00	0.000E+00	0	486	488	0	486	488	487M
7015	10870	2.217E-308	1.00	0.000E+00	0	684	686	0	684	686	685M
7016	10869	5.166E-171	1.00	4.957E-171	0	253	255	0	253	255	254M
7017	10868	2.217E-308	1.00	0.000E+00	0	591	593	0	591	593	592M
7018	10867	2.774E-240	1.00	2.809E-240	0	341	343	0	341	343	342M
7019	10866	7.071E-41	1.00	7.062E-41	0	71	73	0	71	73	72M
7020	10865	3.800E-207	1.00	3.827E-207	0	308	310	0	308	310	309M
7021	10864	6.883E-166	1.00	6.870E-166	0	250	252	0	250	252	251M
7022	10863	3.144E-211	1.00	3.044E-211	0	295	297	0	295	297	296M
7023	10862	5.924E-224	1.00	5.972E-224	0	343	345	0	343	345	344M
7024	10861	7.667E-169	1.00	7.693E-169	0	253	255	0	253	255	254M
7025	10860	1.689E-164	1.00	1.608E-164	0	250	252	0	250	252	251M
7026	10859	1.111E-234	1.00	1.149E-234	0	341	343	0	341	343	342M
7027	10858	2.017E-194	1.00	2.098E-194	0	295	297	0	295	297	296M
7028	10857	5.183E-211	1.00	5.365E-211	0	307	309	0	307	309	308M
7029	10856	2.217E-308	1.00	0.000E+00	0	915	917	0	915	917	916M
7030	10855	1.528E-280	1.00	1.592E-280	0	421	423	0	421	423	422M
7031	10854	1.215E-230	1.00	1.232E-230	0	344	346	0	344	346	345M
7032	10853	1.350E-232	1.00	1.298E-232	0	341	343	0	341	343	342M
7033	10852	1.221E-116	1.00	1.270E-116	0	188	190	0	188	190	189M
7034	10851	9.826E-265	1.00	9.572E-265	0	376	378	0	376	378	377M
7035	10850	1.593E-64	1.00	1.541E-64	0	108	110	0	108	110	109M
7036	10849	2.217E-308	1.00	0.000E+00	0	632	634	0	632	634	633M
7037	10848	8.306E-200	1.00	8.390E-200	0	319	321	0	319	321	320M
7038	10847	2.221E-270	1.00	2.303E-270	0	416	418	0	416	418	417M
7039	10846	4.027E-152	1.00	4.106E-152	0	234	236	0	234	236	235M
7040	10845	2.235E-195	1.00	2.340E-195	0	302	304	0	302	304	303M
7041	10844	1.335E-189	1.00	1.322E-189	0	282	284	0	282	284	283M
7042	10843	1.718E-132	1.00	1.767E-132	0	203	205	0	203	205	204M
7043	10842	4.352E-66	1.00	4.208E-66	0	99	101	0	99	101	100M
7044	10841	7.634E-90	1.00	7.839E-90	0	158	160	0	158	160	159M
7045	10840	2.217E-308	1.00	0.000E+00	0	622	624	0	622	624	623M
7046	10839	6.476E-65	1.00	6.419E-65	0	103	105	0	103	105	104M
7047	10838	3.900E-101	1.00	3.798E-101	0	161	163	0	161	163	162M
7048	10837	3.575E-106	1.00	3.546E-106	0	163	165	0	163	165	164M
7049	10836	3.104E-90	1.00	3.164E-90	0	139	141	0	139	141	140M
7050	10835	2.852E-96	1.00	2.721E-96	0	144	146	0	144	146	145M
7051	10834	1.529E-203	1.00	1.552E-203	0	297	299	0	297	299	298M
7052	10833	3.266E-71	1.00	3.202E-71	0	110	112	0	110	112	111M
7053	10832	4.040E-308	1.00	3.904E-308	0	490	492	0	490	492	491M
7054	10831	1.471E-304	1.00	1.403E-304	0	456	458	0	456	458	457M
7055	10935	3.560E-143	1.00	3.661E-143	0	223	225	0	223	225	224M
7056	10936	4.156E-319	1.00	4.058E-319	0	488	490	0	488	490	489M
7057	10937	8.449E-322	1.00	8.547E-322	0	491	493	0	491	493	492M
7058	10938	6.426E-62	1.00	6.722E-62	0	103	105	0	103	105	104M
7059	10939	5.909E-223	1.00	5.952E-223	0	345	347	0	345	347	346M
7060	10940	1.609E-184	1.00	1.688E-184	0	284	286	0	284	286	285M
7061	10941	1.196E-108	1.00	1.153E-108	0	162	164	0	162	164	163M
7062	10942	1.846E-121	1.00	1.764E-121	0	185	187	0	185	187	186M
7063	10943	6.201E-319	1.00	6.039E-319	0	483	485	0	483	485	484M
7064	10944	3.448E-34	1.00	3.434E-34	0	56	58	0	56	58	57M
7065	10945	1.996E-306	1.00	2.054E-306	0	460	462	0	460	462	461M
7066	10946	1.401E-169	1.00	1.357E-169	0	243	245	0	243	245	244M
7067	10947	7.095E-139	1.00	6.751E-139	0	204	206	0	204	206	205M
7068	10948	2.217E-308	1.00	0.000E+00	0	502	504	0	502	504	503M
7069	10949	7.413E-156	1.00	7.149E-156	0	231	233	0	231	233	232M
7070	10950	2.957E-226	1.00	2.816E-226	0	343	345	0	343	345	344M
7071	10951	3.260E-225	1.00	3.412E-225	0	329	331	0	329	331	330M
7072	10952	2.111E-173	1.00	2.185E-173	0	265	267	0	265	267	266M
7073	10953	1.536E-166	1.00	1.479E-166	0	271	273	0	271	273	272M
7074	10954	4.454E-191	1.00	4.240E-191	0	296	298	0	296	298	297M
7075	10955	2.365E-217	1.00	2.373E-217	0	331	333	0	331	333	332M
7076	10956	1.844E-198	1.00	1.777E-198	0	290	292	0	290	292	291M
7077	10957	5.843E-296	1.00	6.045E-296	0	450	452	0	450	452	451M
7078	10958	3.944E-260	1.00	3.885E-260	0	394	396	0	394	396	395M
7079	10959	4.948E-193	1.00	4.968E-193	0	302	304	0	302	304	303M
7080	10960	1.506E-81	1.00	1.491E-81	0	121	123	0	121	123	122M
7081	10961	1.910E-173	1.00	1.972E-173	0	283	285	0	283	285	284M
7082	10962	4.727E-98	1.00	4.813E-98	0	152	154	0	152	154	153M
7083	10963	6.106E-197	0.996	5.853E-197	0	304	306	0	304	306	305M
7084	10964	1.595E-142	1.00	1.559E-142	0	207	209	0	207	209	208M
7085	10965	6.053E-271	1.00	5.952E-271	0	414	416	0	414	416	415M
7086	10966	1.693E-281	1.00	1.635E-281	0	433	435	0	433	435	434M
7087	10967	2.217E-308	1.00	0.000E+00	0	532	534	0	532	534	533M
7088	10968	1.447E-143	1.00	1.421E-143	0	223	225	0	223	225	224M
7089	10969	8.649E-293	1.00	8.382E-293	0	443	445	0	443	445	444M
7090	10970	2.630E-142	1.00	2.612E-142	0	198	200	0	198	200	199M
7091	10971	5.323E-260	1.00	5.324E-260	0	394	396	0	394	396	395M
7092	10972	7.286E-188	1.00	7.105E-188	0	293	295	0	293	295	294M
7093	10973	7.929E-182	1.00	7.568E-182	0	300	302	0	300	302	301M
7094	10974	2.270E-201	1.00	2.349E-201	0	337	339	0	337	339	338M
7095	10975	4.204E-130	1.00	4.400E-130	0	193	195	0	193	195	194M
7096	10976	2.217E-308	1.00	0.000E+00	0	958	960	0	958	960	959M
7097	10977	9.676E-143	1.00	9.884E-143	0	224	226	0	224	226	225M
7098	10978	2.539E-167	1.00	2.536E-167	0	267	269	0	267	269	268M
7099	10979	2.601E-99	1.00	2.497E-99	0	143	145	0	143	145	144M
7100	10980	6.908E-90	1.00	7.211E-90	0	143	145	0	143	145	144M
7101	10981	1.783E-69	1.00	1.724E-69	0	114	116	0	114	116	115M
7102	10982	2.463E-310	1.00	2.506E-310	0	483	485	0	483	485	484M
7103	10983	2.217E-308	1.00	0.000E+00	0	1057	1059	0	1057	1059	1058M
7104	10984	5.228E-253	1.00	5.208E-253	0	415	417	0	415	417	416M
7105	10985	7.902E-142	1.00	7.546E-142	0	207	209	0	207	209	208M
7106	10986	2.217E-308	1.00	0.000E+00	0	685	687	0	685	687	686M
7107	10987	4.690E-211	1.00	4.630E-211	0	324	326	0	324	326	325M
7108	10988	1.940E-63	1.00	1.978E-63	0	102	104	0	102	104	103M
7109	10989	1.032E-51	1.00	9.920E-52	0	84	86	0	84	86	85M
7110	10990	2.658E-146	1.00	2.631E-146	0	230	232	0	230	232	231M
7111	10991	6.973E-171	1.00	7.230E-171	0	261	263	0	261	263	262M
7112	10992	1.524E-279	1.00	1.514E-279	0	422	424	0	422	424	423M
7113	10993	3.290E-306	1.00	3.200E-306	0	456	458	0	456	458	457M
7114	10994	8.794E-106	1.00	8.958E-106	0	156	158	0	156	158	157M
7115	10995	1.660E-80	1.00	1.652E-80	0	125	127	0	125	127	126M
7116	10996	1.125E-123	1.00	1.133E-123	0	185	187	0	185	187	186M
7117	10997	9.834E-304	1.00	1.030E-303	0	465	467	0	465	467	466M
7118	10998	2.386E-259	1.00	2.456E-259	0	393	395	0	393	395	394M
7119	10999	1.145E-91	1.00	1.172E-91	28	176	178	0	148	150	149M
7120	11000	1.200E-148	1.00	1.196E-148	0	216	218	0	216	218	217M
7121	11001	5.247E-61	1.00	5.422E-61	0	94	96	0	94	96	95M
7122	11002	2.217E-308	1.00	0.000E+00	0	627	629	0	627	629	628M
7123	11003	7.121E-36	1.00	7.107E-36	0	67	69	0	67	69	68M
7124	11004	1.102E-115	1.00	1.064E-115	0	173	175	0	173	175	174M
7125	11005	1.696E-243	1.00	1.770E-243	0	372	374	0	372	374	373M
7126	11006	7.713E-210	1.00	7.338E-210	0	309	311	0	309	311	310M
7127	11007	3.243E-107	1.00	3.372E-107	0	160	162	0	160	162	161M
7128	11008	1.408E-287	1.00	1.342E-287	0	423	425	0	423	425	424M
7129	11009	8.116E-75	1.00	8.428E-75	0	129	131	0	129	131	130M
7130	11010	5.483E-78	1.00	5.238E-78	0	120	122	0	120	122	121M
7131	11011	2.217E-308	1.00	0.000E+00	0	610	612	0	610	612	611M
7132	11012	1.528E-164	1.00	1.485E-164	0	235	237	0	235	237	236M
7133	11013	2.217E-308	1.00	0.000E+00	0	945	947	0	945	947	946M
7134	11014	2.840E-249	1.00	2.878E-249	0	397	399	0	397	399	398M
7135	11015	3.377E-316	1.00	3.254E-316	0	476	478	0	476	478	477M
7136	11016	2.803E-244	1.00	2.861E-244	0	387	389	0	387	389	388M
7137	11017	2.451E-192	1.00	2.372E-192	0	295	297	0	295	297	296M
7138	11018	3.961E-223	1.00	3.907E-223	0	336	338	0	336	338	337M
7139	11019	3.553E-181	1.00	3.526E-181	0	306	308	0	306	308	307M
7140	11020	7.439E-196	1.00	7.536E-196	0	298	300	0	298	300	299M
7141	11021	2.292E-321	1.00	2.332E-321	0	499	501	0	499	501	500M
7142	11022	2.217E-308	1.00	0.000E+00	0	737	739	0	737	739	738M
7143	12170	1.689E-48	1.00	1.663E-48	6	88	89	31	113	138	83M
7144	11024	1.591E-257	1.00	1.658E-257	0	382	384	0	382	384	383M
7145	11025	2.217E-308	1.00	0.000E+00	0	626	628	0	626	628	627M
7146	11026	7.734E-95	1.00	7.900E-95	0	155	157	0	155	157	156M
7147	11027	1.891E-169	1.00	1.858E-169	0	263	265	0	263	265	264M
7148	11028	5.587E-240	1.00	5.684E-240	0	356	358	0	356	358	357M
7149	11029	1.489E-270	1.00	1.531E-270	0	414	416	0	414	416	415M
7150	11030	1.170E-254	1.00	1.197E-254	0	388	390	0	388	390	389M
7151	11031	3.749E-163	1.00	3.763E-163	0	250	252	0	250	252	251M
7152	11032	8.451E-168	1.00	8.184E-168	0	243	245	0	243	245	244M
7153	11033	2.217E-308	1.00	0.000E+00	0	530	532	0	530	532	531M
7154	11034	2.217E-308	1.00	0.000E+00	0	535	537	0	535	537	536M
7155	11035	2.893E-28	1.00	2.892E-28	0	50	52	0	50	52	51M
7156	11036	8.891E-265	1.00	9.260E-265	0	382	384	0	382	384	383M
7157	11037	1.494E-194	1.00	1.509E-194	0	288	290	0	288	290	289M
7158	11038	2.217E-308	1.00	0.000E+00	0	541	543	0	541	543	542M
7159	11039	2.217E-308	1.00	0.000E+00	0	979	981	0	979	981	980M
7160	11040	2.659E-301	1.00	2.600E-301	0	435	437	0	435	437	436M
7161	11041	2.217E-308	1.00	0.000E+00	0	750	752	0	750	752	751M
7162	11042	1.282E-212	1.00	1.256E-212	0	321	323	0	321	323	322M
7163	11043	4.650E-169	1.00	4.500E-169	0	255	257	0	255	257	256M
7164	11044	3.703E-197	1.00	3.628E-197	0	314	316	0	314	316	315M
7165	11045	2.206E-190	1.00	2.303E-190	0	312	314	0	312	314	313M
7166	11046	6.767E-24	1.00	6.735E-24	0	42	44	0	42	44	43M
7167	11047	2.320E-20	1.00	2.329E-20	0	34	36	0	34	36	35M
7168	11048	2.217E-308	1.00	0.000E+00	0	697	699	0	697	699	698M
7169	11049	2.217E-308	1.00	0.000E+00	0	614	616	0	614	616	615M
7170	11050	1.211E-190	1.00	1.223E-190	0	285	287	0	285	287	286M
7171	11051	4.695E-134	1.00	4.625E-134	0	206	208	0	206	208	207M
7172	11052	1.031E-89	1.00	9.887E-90	0	143	145	0	143	145	144M
7173	11053	1.972E-108	1.00	1.915E-108	0	166	168	0	166	168	167M
7174	11054	2.741E-158	1.00	2.776E-158	0	227	229	0	227	229	228M
7175	11055	5.030E-122	1.00	5.238E-122	0	186	188	0	186	188	187M
7176	11056	9.001E-115	1.00	8.704E-115	0	184	186	0	184	186	185M
7177	11057	4.118E-122	1.00	4.007E-122	0	187	189	0	187	189	188M
7178	11058	6.842E-241	1.00	6.645E-241	0	364	366	0	364	366	365M
7179	11059	1.736E-252	1.00	1.724E-252	0	373	375	0	373	375	374M
7180	11060	9.436E-288	1.00	9.667E-288	0	443	445	0	443	445	444M
7181	11061	3.564E-39	1.00	3.546E-39	0	67	69	0	67	69	68M
7182	11062	4.948E-193	1.00	4.797E-193	0	308	310	0	308	310	309M
7183	11063	2.694E-190	1.00	2.590E-190	0	301	303	0	301	303	302M
7184	11064	9.260E-126	1.00	9.545E-126	0	204	206	0	204	206	205M
7185	11065	1.210E-267	1.00	1.255E-267	0	389	391	0	389	391	390M
7186	11066	4.501E-79	1.00	4.724E-79	0	116	118	0	116	118	117M
7187	11067	3.967E-301	1.00	3.913E-301	0	437	439	0	437	439	438M
7188	11068	7.361E-308	1.00	7.560E-308	0	450	452	0	450	452	451M
7189	11069	5.467E-309	1.00	5.528E-309	0	475	477	0	475	477	476M
7190	11070	1.524E-279	1.00	1.508E-279	0	395	397	0	395	397	396M
7191	11071	2.217E-308	1.00	0.000E+00	0	556	558	0	556	558	557M
7192	11072	2.217E-308	1.00	0.000E+00	0	553	555	0	553	555	554M
7193	11073	9.348E-207	1.00	9.399E-207	0	307	309	0	307	309	308M
7194	11074	7.928E-298	1.00	8.227E-298	0	466	468	0	466	468	467M
7195	11075	2.217E-308	1.00	0.000E+00	0	497	499	0	497	499	498M
7196	11076	5.483E-78	1.00	5.632E-78	0	115	117	0	115	117	116M
7197	11077	3.032E-313	1.00	3.106E-313	0	461	463	0	461	463	462M
7198	11078	4.620E-321	1.00	4.447E-321	0	479	481	0	479	481	480M
7199	11079	4.551E-122	1.00	4.540E-122	0	183	185	0	183	185	184M
7200	11080	9.921E-114	1.00	9.989E-114	0	169	171	0	169	171	170M
7201	11081	7.807E-176	1.00	7.621E-176	0	252	254	0	252	254	253M
7202	11082	6.261E-21	1.00	6.236E-21	0	45	47	0	45	47	46M
7203	11083	2.642E-105	1.00	2.542E-105	0	158	160	0	158	160	159M
7204	11084	7.930E-66	1.00	7.918E-66	0	99	101	0	99	101	100M
7205	11085	2.217E-308	1.00	0.000E+00	0	697	699	0	697	699	698M
7206	11086	3.745E-124	1.00	3.701E-124	0	188	190	0	188	190	189M
7207	11087	3.961E-223	1.00	4.095E-223	0	337	339	0	337	339	338M
7208	11088	2.217E-308	1.00	0.000E+00	0	580	582	0	580	582	581M
7209	11089	2.217E-308	1.00	0.000E+00	0	701	703	0	701	703	702M
7210	11090	3.749E-47	1.00	3.698E-47	0	73	75	0	73	75	74M
7211	11091	5.051E-201	1.00	5.155E-201	0	320	322	0	320	322	321M
7212	11092	1.252E-87	1.00	1.247E-87	0	132	134	0	132	134	133M
7213	11093	2.217E-308	1.00	0.000E+00	0	728	730	0	728	730	729M
7214	11094	2.217E-308	1.00	0.000E+00	0	871	873	0	871	873	872M
7215	11095	1.668E-198	1.00	1.608E-198	0	308	310	0	308	310	309M
7216	11096	3.508E-176	1.00	3.401E-176	0	275	277	0	275	277	276M
7217	11097	2.084E-168	1.00	2.077E-168	0	254	256	0	254	256	255M
7218	11098	1.639E-75	1.00	1.701E-75	0	122	124	0	122	124	123M
7219	11099	2.483E-81	1.00	2.590E-81	0	139	141	0	139	141	140M
7220	11100	3.155E-251	1.00	3.117E-251	0	381	383	0	381	383	382M
7221	11101	2.485E-120	1.00	2.378E-120	0	180	182	0	180	182	181M
7222	11102	4.876E-110	1.00	4.681E-110	0	161	163	0	161	163	162M
7223	11103	2.650E-261	1.00	2.526E-261	0	376	378	0	376	378	377M
7224	11104	4.520E-158	1.00	4.321E-158	0	243	245	0	243	245	244M
7225	11105	4.896E-305	1.00	5.021E-305	0	461	463	0	461	463	462M
7226	11106	2.862E-136	1.00	2.883E-136	0	212	214	0	212	214	213M
7227	9647	1.857E-46	1.00	1.893E-46	0	74	76	473	547	549	75M
7228	9646	2.217E-308	1.00	0.000E+00	0	903	905	0	903	905	904M
7229	9645	4.909E-190	1.00	5.155E-190	0	309	311	0	309	311	310M
7230	9644	1.994E-151	1.00	2.042E-151	0	248	250	0	248	250	249M
7231	9643	1.249E-202	1.00	1.201E-202	0	307	309	0	307	309	308M
7232	9642	1.696E-127	1.00	1.738E-127	0	206	208	0	206	208	207M
7233	9641	6.627E-190	1.00	6.406E-190	0	280	282	0	280	282	281M
7234	9640	3.710E-275	1.00	3.576E-275	0	415	417	0	415	417	416M
7235	9639	9.810E-40	1.00	9.832E-40	0	73	75	0	73	75	74M
7236	9638	1.521E-317	1.00	1.491E-317	0	491	493	0	491	493	492M
7237	9637	1.201E-303	1.00	1.172E-303	0	461	463	0	461	463	462M
7238	9636	1.694E-204	1.00	1.718E-204	0	324	326	0	324	326	325M
7239	9635	4.277E-214	1.00	4.307E-214	0	323	325	0	323	325	324M
7240	9634	4.515E-235	1.00	4.373E-235	0	354	356	0	354	356	355M
7241	9633	6.123E-82	1.00	6.213E-82	0	129	131	0	129	131	130M
7242	9632	2.100E-171	1.00	2.147E-171	0	262	264	0	262	264	263M
7243	9631	2.217E-308	1.00	0.000E+00	0	801	803	0	801	803	802M
7244	9630	8.642E-254	1.00	9.010E-254	0	384	386	0	384	386	385M
7245	9629	1.353E-117	1.00	1.331E-117	0	187	189	0	187	189	188M
7246	9628	1.027E-165	1.00	1.050E-165	0	259	261	0	259	261	260M
7247	9627	3.824E-132	1.00	3.947E-132	0	200	202	0	200	202	201M
7248	9626	5.690E-131	1.00	5.950E-131	0	204	206	0	204	206	205M
7249	9625	6.525E-184	1.00	6.542E-184	0	286	288	0	286	288	287M
7250	9624	1.865E-125	1.00	1.821E-125	0	191	193	0	191	193	192M
7251	9623	1.094E-228	1.00	1.141E-228	0	360	362	0	360	362	361M
7252	9622	2.217E-308	1.00	0.000E+00	0	1331	1333	0	1331	1333	1332M
7253	9621	2.056E-124	1.00	2.127E-124	0	183	185	0	183	185	184M
7254	9620	1.080E-107	1.00	1.102E-107	0	163	165	0	163	165	164M
7255	9619	1.700E-244	1.00	1.695E-244	0	369	371	0	369	371	370M
7256	9618	1.217E-76	1.00	1.202E-76	0	126	128	0	126	128	127M
7257	9617	1.686E-202	1.00	1.624E-202	0	300	302	0	300	302	301M
7258	9616	5.412E-189	1.00	5.632E-189	0	286	288	0	286	288	287M
7259	9615	8.157E-193	1.00	8.497E-193	0	300	302	0	300	302	301M
7260	9614	2.498E-122	1.00	2.459E-122	0	190	192	0	190	192	191M
7261	9613	2.217E-308	1.00	0.000E+00	0	1030	1032	0	1030	1032	1031M
7262	9612	7.901E-258	1.00	7.669E-258	0	379	381	0	379	381	380M
7263	9611	5.729E-211	1.00	5.624E-211	0	308	310	0	308	310	309M
7264	9610	7.306E-73	1.00	7.214E-73	0	123	125	0	123	125	124M
7265	9609	2.217E-308	1.00	0.000E+00	0	543	545	0	543	545	544M
7266	9608	2.111E-57	1.00	2.117E-57	0	95	97	0	95	97	96M
7267	9607	2.217E-308	1.00	0.000E+00	0	3174	3176	0	3174	3176	3175M
7268	9606	2.128E-176	1.00	2.059E-176	0	251	253	0	251	253	252M
7269	9605	5.655E-206	1.00	5.484E-206	0	311	313	0	311	313	312M
7270	9604	2.217E-308	1.00	0.000E+00	0	609	611	0	609	611	610M
7271	9603	2.217E-308	1.00	0.000E+00	0	504	506	0	504	506	505M
7272	9602	2.217E-308	1.00	0.000E+00	0	501	503	0	501	503	502M
7273	9601	1.728E-289	1.00	1.748E-289	0	438	440	0	438	440	439M
7274	9600	9.277E-88	1.00	9.299E-88	0	139	141	0	139	141	140M
7275	9599	1.477E-151	1.00	1.472E-151	0	221	223	0	221	223	222M
7276	9598	4.351E-182	1.00	4.270E-182	0	281	283	0	281	283	282M
7277	9597	2.217E-308	1.00	0.000E+00	0	586	588	0	586	588	587M
7278	9596	1.820E-77	1.00	1.853E-77	0	120	122	0	120	122	121M
7279	9595	1.589E-63	1.00	1.514E-63	0	103	105	0	103	105	104M
7280	9594	6.508E-183	1.00	6.751E-183	0	282	284	0	282	284	283M
7281	9593	2.217E-308	1.00	0.000E+00	0	630	632	0	630	632	631M
7282	9592	2.596E-137	1.00	2.665E-137	0	215	217	0	215	217	216M
7283	9591	6.442E-63	1.00	6.205E-63	0	106	108	0	106	108	107M
7284	9590	1.128E-124	1.00	1.164E-124	0	177	179	0	177	179	178M
7285	9589	7.237E-108	1.00	7.197E-108	0	194	196	0	194	196	195M
7286	9588	5.868E-259	1.00	5.883E-259	0	378	380	0	378	380	379M
7287	9587	2.217E-308	1.00	0.000E+00	0	1075	1077	0	1075	1077	1076M
7288	9586	1.288E-98	1.00	1.262E-98	0	157	159	0	157	159	158M
7289	9585	4.805E-143	1.00	4.855E-143	0	209	211	0	209	211	210M
7290	9584	2.780E-86	1.00	2.778E-86	0	144	146	0	144	146	145M
7291	9583	9.786E-70	1.00	9.387E-70	0	108	110	0	108	110	109M
7292	9582	1.120E-160	1.00	1.116E-160	0	237	239	0	237	239	238M
7293	9581	2.217E-308	1.00	0.000E+00	0	573	575	0	573	575	574M
7294	9580	2.217E-308	1.00	0.000E+00	0	550	552	0	550	552	551M
7295	9579	2.217E-308	0.999	0.000E+00	0	2310	2312	26	2336	2338	2311M
7296	8775	5.401E-18	1.00	5.412E-18	0	29	31	0	29	31	30M
7297	11262	2.217E-308	1.00	0.000E+00	0	699	701	0	699	701	700M
7298	11261	4.606E-204	1.00	4.798E-204	0	319	321	0	319	321	320M
7299	11260	1.121E-199	1.00	1.161E-199	0	299	301	0	299	301	300M
7300	11259	3.207E-296	1.00	3.285E-296	0	464	466	0	464	466	465M
7301	11258	1.560E-288	1.00	1.559E-288	0	458	460	0	458	460	459M
7302	11257	8.792E-222	1.00	8.820E-222	0	342	344	0	342	344	343M
7303	11256	5.300E-297	1.00	5.148E-297	0	458	460	0	458	460	459M
7304	11255	2.217E-308	1.00	0.000E+00	0	572	574	0	572	574	573M
7305	11254	8.658E-100	1.00	8.502E-100	0	160	162	0	160	162	161M
7306	11253	4.523E-313	1.00	4.351E-313	0	475	477	0	475	477	476M
7307	11252	2.217E-308	1.00	0.000E+00	0	509	511	0	509	511	510M
7308	11251	1.792E-303	1.00	1.743E-303	0	456	458	0	456	458	457M
7309	11250	5.297E-142	1.00	5.083E-142	0	232	234	0	232	234	233M
7310	11249	1.563E-134	1.00	1.510E-134	0	209	211	0	209	211	210M
7311	11248	2.384E-104	1.00	2.497E-104	0	153	155	0	153	155	154M
7312	11247	9.575E-255	1.00	9.546E-255	0	363	365	0	363	365	364M
7313	11246	3.345E-235	1.00	3.344E-235	0	355	357	0	355	357	356M
7314	11245	4.325E-141	1.00	4.207E-141	0	230	232	0	230	232	231M
7315	11244	1.863E-202	1.00	1.889E-202	0	337	339	0	337	339	338M
7316	11243	2.217E-308	1.00	0.000E+00	0	944	946	0	944	946	945M
7317	11242	5.310E-143	1.00	5.340E-143	0	211	213	0	211	213	212M
7318	11241	3.254E-147	1.00	3.333E-147	0	233	235	0	233	235	234M
7319	11240	1.572E-291	1.00	1.532E-291	0	431	433	0	431	433	432M
7320	11239	2.278E-125	1.00	2.237E-125	0	202	204	0	202	204	203M
7321	11238	1.012E-82	1.00	1.005E-82	0	124	126	0	124	126	125M
7322	11237	4.167E-320	1.00	4.078E-320	0	486	488	0	486	488	487M
7323	11236	7.902E-142	1.00	8.299E-142	0	209	211	0	209	211	210M
7324	11235	1.363E-81	1.00	1.386E-81	0	126	128	0	126	128	127M
7325	11234	2.217E-308	1.00	0.000E+00	0	919	921	0	919	921	920M
7326	11233	1.593E-180	1.00	1.533E-180	0	270	272	0	270	272	271M
7327	11232	1.536E-282	1.00	1.496E-282	0	463	465	0	463	465	464M
7328	11231	1.230E-196	1.00	1.175E-196	0	292	294	0	292	294	293M
7329	11230	2.862E-252	1.00	2.916E-252	0	391	393	0	391	393	392M
7330	11229	2.765E-84	1.00	2.820E-84	0	135	137	0	135	137	136M
7331	11228	3.931E-104	1.00	3.845E-104	0	162	164	0	162	164	163M
7332	11227	5.635E-282	1.00	5.658E-282	0	417	419	0	417	419	418M
7333	11226	1.043E-171	1.00	1.090E-171	0	261	263	0	261	263	262M
7334	11225	2.217E-308	1.00	0.000E+00	0	744	746	0	744	746	745M
7335	11224	2.217E-308	1.00	0.000E+00	0	566	568	0	566	568	567M
7336	11223	6.244E-283	1.00	6.448E-283	0	438	440	0	438	440	439M
7337	11222	2.552E-285	1.00	2.500E-285	0	427	429	0	427	429	428M
7338	11221	1.066E-102	1.00	1.072E-102	0	159	161	0	159	161	160M
7339	11220	2.217E-308	1.00	0.000E+00	0	479	481	0	479	481	480M
7340	11219	7.413E-156	1.00	7.369E-156	0	245	247	0	245	247	246M
7341	11218	2.246E-197	1.00	2.244E-197	0	297	299	0	297	299	298M
7342	11217	5.099E-282	1.00	5.152E-282	0	415	417	0	415	417	416M
7343	11216	2.217E-308	1.00	0.000E+00	0	613	615	0	613	615	614M
7344	11215	1.409E-210	1.00	1.361E-210	0	300	302	0	300	302	301M
7345	11214	5.215E-252	1.00	5.351E-252	0	377	379	0	377	379	378M
7346	11213	7.451E-274	1.00	7.173E-274	0	405	407	0	405	407	406M
7347	11212	5.297E-142	1.00	5.083E-142	0	232	234	0	232	234	233M
7348	11211	9.946E-231	1.00	1.034E-230	0	347	349	0	347	349	348M
7349	11210	5.940E-225	1.00	5.717E-225	0	340	342	0	340	342	341M
7350	11209	1.340E-268	1.00	1.291E-268	0	401	403	0	401	403	402M
7351	11208	3.550E-142	1.00	3.436E-142	0	217	219	0	217	219	218M
7352	11207	2.313E-247	1.00	2.295E-247	0	376	378	0	376	378	377M
7353	11206	4.381E-262	1.00	4.196E-262	0	405	407	0	405	407	406M
7354	11205	6.469E-142	1.00	6.254E-142	0	223	225	0	223	225	224M
7355	11204	4.048E-154	1.00	4.042E-154	0	243	245	0	243	245	244M
7356	11203	1.660E-312	1.00	1.700E-312	0	484	486	0	484	486	485M
7357	11202	7.614E-205	1.00	7.496E-205	0	313	315	0	313	315	314M
7358	11201	7.003E-134	1.00	6.731E-134	0	194	196	0	194	196	195M
7359	11200	2.217E-308	1.00	0.000E+00	0	672	674	0	672	674	673M
7360	11199	7.847E-178	1.00	7.884E-178	0	262	264	0	262	264	263M
7361	11198	8.449E-322	1.00	8.399E-322	0	477	479	0	477	479	478M
7362	11197	1.601E-35	1.00	1.599E-35	0	58	60	0	58	60	59M
7363	11196	6.037E-270	1.00	6.141E-270	0	410	412	0	410	412	411M
7364	11195	2.311E-92	1.00	2.287E-92	0	135	137	0	135	137	136M
7365	9408	3.504E-17	1.00	3.501E-17	0	34	36	0	34	36	35M
7366	11357	1.179E-141	1.00	1.207E-141	0	238	239	0	238	239	239M
7367	11356	7.747E-57	1.00	8.046E-57	0	90	92	0	90	92	91M
7368	11355	4.458E-114	1.00	4.474E-114	0	172	174	0	172	174	173M
7369	11354	2.792E-49	1.00	2.857E-49	0	77	79	0	77	79	78M
7370	11353	1.699E-205	1.00	1.681E-205	0	308	310	0	308	310	309M
7371	11352	3.030E-158	1.00	2.961E-158	0	235	237	0	235	237	236M
7372	11351	5.445E-114	1.00	5.255E-114	0	182	184	0	182	184	183M
7373	11350	5.025E-199	1.00	5.178E-199	0	304	306	0	304	306	305M
7374	11349	3.866E-291	1.00	3.712E-291	0	450	452	0	450	452	451M
7375	11348	7.306E-73	1.00	7.053E-73	0	116	118	0	116	118	117M
7376	11347	5.184E-95	1.00	5.134E-95	0	146	148	0	146	148	147M
7377	11346	9.087E-80	1.00	9.055E-80	0	121	123	0	121	123	122M
7378	11345	2.276E-86	1.00	2.245E-86	0	133	135	0	133	135	134M
7379	11344	3.020E-33	1.00	3.019E-33	0	49	51	0	49	51	50M
7380	11343	1.310E-143	1.00	1.293E-143	0	221	223	0	221	223	222M
7381	11342	1.395E-90	1.00	1.456E-90	0	136	138	0	136	138	137M
7382	11341	3.334E-79	1.00	3.278E-79	0	128	130	0	128	130	129M
7383	11340	1.418E-135	1.00	1.485E-135	0	220	222	0	220	222	221M
7384	11339	5.670E-207	1.00	5.837E-207	0	317	319	0	317	319	318M
7385	11338	7.529E-162	1.00	7.755E-162	0	254	256	0	254	256	255M
7386	11337	1.557E-36	1.00	1.554E-36	0	62	64	0	62	64	63M
7387	11336	3.419E-50	1.00	3.447E-50	0	79	81	0	79	81	80M
7388	11335	8.415E-89	1.00	8.188E-89	0	141	143	0	141	143	142M
7389	11334	7.561E-241	1.00	7.296E-241	0	366	368	0	366	368	367M
7390	11333	2.217E-308	1.00	0.000E+00	0	482	484	0	482	484	483M
7391	11332	2.217E-308	1.00	0.000E+00	0	474	476	0	474	476	475M
7392	11331	2.867E-98	1.00	2.956E-98	0	155	157	0	155	157	156M
7393	11330	1.791E-148	1.00	1.858E-148	0	212	214	0	212	214	213M
7394	11329	1.148E-92	1.00	1.185E-92	0	141	143	0	141	143	142M
7395	11328	9.009E-38	1.00	8.975E-38	0	62	64	0	62	64	63M
7396	11327	1.904E-133	1.00	1.823E-133	0	215	217	0	215	217	216M
7397	11326	5.389E-110	1.00	5.153E-110	0	163	165	0	163	165	164M
7398	11325	5.026E-83	1.00	5.213E-83	0	130	132	0	130	132	131M
7399	11324	6.761E-43	1.00	6.757E-43	0	73	75	0	73	75	74M
7400	11323	1.172E-100	1.00	1.200E-100	0	139	141	0	139	141	140M
7401	11322	2.548E-91	1.00	2.531E-91	0	139	141	0	139	141	140M
7402	11321	2.268E-162	1.00	2.271E-162	0	248	250	0	248	250	249M
7403	11320	2.048E-200	1.00	1.974E-200	0	315	317	0	315	317	316M
7404	11319	6.754E-236	1.00	6.516E-236	0	347	349	0	347	349	348M
7405	11318	2.850E-57	1.00	2.905E-57	0	95	97	0	95	97	96M
7406	11317	2.139E-62	1.00	2.093E-62	0	105	107	0	105	107	106M
7407	11316	1.138E-50	1.00	1.129E-50	0	82	84	0	82	84	83M
7408	11315	3.454E-170	1.00	3.287E-170	0	253	255	0	253	255	254M
7409	11314	4.884E-41	1.00	4.894E-41	0	70	72	0	70	72	71M
7410	11313	2.217E-308	1.00	0.000E+00	0	754	756	0	754	756	755M
7411	11312	3.439E-91	1.00	3.377E-91	0	145	147	0	145	147	146M
7412	11311	1.079E-68	1.00	1.067E-68	0	106	108	0	106	108	107M
7413	11310	2.832E-248	1.00	2.874E-248	0	372	374	0	372	374	373M
7414	11309	1.255E-204	1.00	1.298E-204	0	318	320	0	318	320	319M
7415	11308	3.454E-54	1.00	3.339E-54	0	84	86	0	84	86	85M
7416	11307	5.265E-43	1.00	5.256E-43	0	68	70	0	68	70	69M
7417	11306	7.010E-57	1.00	6.799E-57	0	93	95	0	93	95	94M
7418	11305	4.285E-60	1.00	4.143E-60	0	84	86	0	84	86	85M
7419	11304	1.401E-53	1.00	1.443E-53	0	88	90	0	88	90	89M
7420	11303	1.415E-289	1.00	1.351E-289	0	419	421	0	419	421	420M
7421	11302	4.961E-194	1.00	4.847E-194	0	286	288	0	286	288	287M
7422	11301	1.855E-123	1.00	1.880E-123	0	189	191	0	189	191	190M
7423	11300	2.632E-297	1.00	2.683E-297	0	444	446	0	444	446	445M
7424	11299	2.217E-308	1.00	0.000E+00	0	556	558	0	556	558	557M
7425	11298	1.374E-239	1.00	1.358E-239	0	341	343	0	341	343	342M
7426	11297	7.542E-240	1.00	7.351E-240	0	375	377	0	375	377	376M
7427	11296	1.096E-229	1.00	1.067E-229	0	343	345	0	343	345	344M
7428	11295	2.428E-111	1.00	2.535E-111	0	166	168	0	166	168	167M
7429	11294	3.758E-280	1.00	3.864E-280	0	413	415	0	413	415	414M
7430	11293	2.104E-249	1.00	2.155E-249	0	384	386	0	384	386	385M
7431	11292	5.157E-93	1.00	5.063E-93	0	143	145	0	143	145	144M
7432	11291	2.217E-308	1.00	0.000E+00	0	741	743	0	741	743	742M
7433	11290	1.766E-15	1.00	1.759E-15	0	30	32	0	30	32	31M
7434	11289	2.217E-308	1.00	0.000E+00	0	697	699	0	697	699	698M
7435	11288	1.792E-303	1.00	1.828E-303	0	491	493	0	491	493	492M
7436	11287	6.790E-122	1.00	6.644E-122	0	191	193	0	191	193	192M
7437	11286	5.723E-288	1.00	5.654E-288	0	418	420	0	418	420	419M
7438	11285	2.687E-189	1.00	2.604E-189	0	283	285	0	283	285	284M
7439	11284	2.363E-294	1.00	2.462E-294	0	462	464	0	462	464	463M
7440	11283	2.217E-308	1.00	0.000E+00	0	521	523	0	521	523	522M
7441	11282	2.180E-108	1.00	2.210E-108	0	169	171	0	169	171	170M
7442	11281	6.122E-198	1.00	6.068E-198	0	296	298	0	296	298	297M
7443	11280	7.733E-211	1.00	7.651E-211	0	328	330	0	328	330	329M
7444	11279	5.704E-132	1.00	5.852E-132	0	215	217	0	215	217	216M
7445	11278	3.890E-100	1.00	3.736E-100	0	156	158	0	156	158	157M
7446	11277	1.903E-249	1.00	1.985E-249	0	389	391	0	389	391	390M
7447	11276	5.930E-147	1.00	5.779E-147	0	238	240	0	238	240	239M
7448	11275	2.217E-308	1.00	0.000E+00	0	917	919	0	917	919	918M
7449	11274	4.783E-29	1.00	4.781E-29	0	52	54	0	52	54	53M
7450	11273	2.130E-99	1.00	2.105E-99	0	146	148	0	146	148	147M
7451	11272	3.111E-29	1.00	3.115E-29	0	56	58	0	56	58	57M
7452	11271	5.161E-43	1.00	5.176E-43	0	74	76	0	74	76	75M
7453	11270	1.387E-88	1.00	1.427E-88	0	146	148	0	146	148	147M
7454	11269	2.217E-308	1.00	0.000E+00	0	526	528	0	526	528	527M
7455	11268	3.072E-86	1.00	3.145E-86	0	140	142	0	140	142	141M
7456	11267	2.043E-21	1.00	2.051E-21	0	42	44	0	42	44	43M
7457	11266	1.396E-245	1.00	1.363E-245	0	369	371	0	369	371	370M
7458	11265	2.217E-308	1.00	0.000E+00	0	717	719	0	717	719	718M
7459	10186	2.229E-16	1.00	2.237E-16	0	33	35	0	33	35	34M
7460	9726	8.547E-95	1.00	8.768E-95	0	144	146	0	144	146	145M
7461	9725	2.335E-96	1.00	2.354E-96	0	141	143	0	141	143	142M
7462	9724	2.799E-166	1.00	2.797E-166	0	251	253	0	251	253	252M
7463	9723	3.541E-141	1.00	3.544E-141	0	213	215	0	213	215	214M
7464	9722	9.904E-152	1.00	1.024E-151	0	240	242	0	240	242	241M
7465	9721	1.340E-152	1.00	1.278E-152	0	236	238	0	236	238	237M
7466	9720	1.210E-35	1.00	1.211E-35	0	65	67	0	65	67	66M
7467	9719	3.584E-223	1.00	3.603E-223	0	341	343	0	341	343	342M
7468	9718	6.007E-152	1.00	6.091E-152	0	229	231	0	229	231	230M
7469	9717	1.342E-75	1.00	1.302E-75	0	123	125	0	123	125	124M
7470	9716	3.317E-193	1.00	3.423E-193	0	274	276	0	274	276	275M
7471	9715	2.217E-308	1.00	0.000E+00	0	604	606	0	604	606	605M
7472	9714	3.177E-99	1.00	3.335E-99	0	149	151	0	149	151	150M
7473	9713	5.219E-291	1.00	5.136E-291	0	457	459	0	457	459	458M
7474	9712	2.217E-308	1.00	0.000E+00	0	548	550	0	548	550	549M
7475	9711	4.157E-87	1.00	4.095E-87	0	137	139	0	137	139	138M
7476	9710	2.537E-128	1.00	2.459E-128	0	198	200	0	198	200	199M
7477	9709	1.360E-235	1.00	1.299E-235	0	355	357	0	355	357	356M
7478	9708	3.958E-184	1.00	4.029E-184	0	269	271	0	269	271	270M
7479	9707	2.421E-226	1.00	2.531E-226	0	334	336	0	334	336	335M
7480	9706	1.924E-137	1.00	1.880E-137	0	201	203	0	201	203	202M
7481	9705	2.345E-175	1.00	2.362E-175	0	276	278	0	276	278	277M
7482	9704	9.760E-185	1.00	9.996E-185	0	293	295	0	293	295	294M
7483	9703	2.225E-232	1.00	2.173E-232	0	352	354	0	352	354	353M
7484	9702	5.597E-202	1.00	5.541E-202	0	306	308	0	306	308	307M
7485	9701	1.524E-163	1.00	1.582E-163	0	245	247	0	245	247	246M
7486	9700	4.329E-180	1.00	4.336E-180	0	272	274	0	272	274	273M
7487	9699	2.244E-158	1.00	2.160E-158	0	235	237	0	235	237	236M
7488	9698	5.379E-148	1.00	5.616E-148	0	222	224	0	222	224	223M
7489	9697	3.685E-79	1.00	3.681E-79	0	137	139	0	137	139	138M
7490	9696	2.449E-153	1.00	2.366E-153	0	227	229	0	227	229	228M
7491	9695	1.058E-99	1.00	1.090E-99	0	152	154	0	152	154	153M
7492	9694	1.841E-120	1.00	1.852E-120	0	188	190	0	188	190	189M
7493	9693	2.590E-136	1.00	2.502E-136	0	209	211	0	209	211	210M
7494	9692	4.638E-168	1.00	4.775E-168	0	265	267	0	265	267	266M
7495	9691	5.315E-66	1.00	5.378E-66	0	104	106	0	104	106	105M
7496	9690	7.686E-23	1.00	7.685E-23	0	40	42	0	40	42	41M
7497	9689	1.170E-254	1.00	1.114E-254	0	400	402	0	400	402	401M
7498	9688	2.217E-308	1.00	0.000E+00	0	1276	1278	0	1276	1278	1277M
7499	9687	1.087E-303	1.00	1.043E-303	0	445	447	0	445	447	446M
7500	9686	1.125E-123	1.00	1.118E-123	0	198	200	0	198	200	199M
7501	9685	7.125E-218	1.00	7.387E-218	0	333	335	0	333	335	334M
7502	9684	2.894E-295	1.00	2.889E-295	0	443	445	0	443	445	444M
7503	9683	9.253E-87	1.00	9.138E-87	0	134	136	0	134	136	135M
7504	9682	3.204E-141	1.00	3.217E-141	0	231	233	0	231	233	232M
7505	9681	1.395E-90	1.00	1.446E-90	0	149	151	0	149	151	150M
7506	9680	2.191E-226	1.00	2.147E-226	0	447	449	0	447	449	448M
7507	9679	6.900E-283	1.00	6.611E-283	0	425	427	0	425	427	426M
7508	9678	4.055E-116	1.00	4.081E-116	0	186	188	0	186	188	187M
7509	9677	2.561E-35	1.00	2.558E-35	0	61	63	0	61	63	62M
7510	9676	2.581E-212	1.00	2.473E-212	0	322	324	0	322	324	323M
7511	9675	2.828E-170	1.00	2.896E-170	0	257	259	0	257	259	258M
7512	9674	4.215E-131	1.00	4.140E-131	0	203	205	0	203	205	204M
7513	9673	5.890E-67	1.00	6.181E-67	0	105	107	0	105	107	106M
7514	9672	2.229E-78	1.00	2.181E-78	0	128	130	0	128	130	129M
7515	9671	2.217E-308	1.00	0.000E+00	0	810	812	0	810	812	811M
7516	9670	2.217E-308	1.00	0.000E+00	0	615	617	0	615	617	616M
7517	9669	2.968E-150	1.00	2.946E-150	0	231	233	0	231	233	232M
7518	9668	1.700E-244	1.00	1.688E-244	0	396	398	0	396	398	397M
7519	9667	1.511E-237	1.00	1.577E-237	0	355	357	0	355	357	356M
7520	9666	3.532E-140	1.00	3.485E-140	0	208	210	0	208	210	209M
7521	9665	4.385E-185	1.00	4.229E-185	0	268	270	0	268	270	269M
7522	9664	1.015E-238	1.00	1.028E-238	0	364	366	0	364	366	365M
7523	9663	5.758E-213	1.00	5.810E-213	0	318	320	8	326	328	319M
7524	9662	2.217E-308	1.00	0.000E+00	0	809	811	0	809	811	810M
7525	9661	9.802E-148	1.00	9.754E-148	0	227	229	0	227	229	228M
7526	9660	7.336E-268	1.00	7.406E-268	0	425	427	0	425	427	426M
7527	9659	2.694E-190	1.00	2.590E-190	0	301	303	0	301	303	302M
7528	9658	4.715E-97	1.00	4.826E-97	0	154	156	0	154	156	155M
7529	9657	3.502E-214	1.00	3.520E-214	0	312	314	0	312	314	313M
7530	9656	3.126E-27	1.00	3.132E-27	0	47	49	0	47	49	48M
7531	9655	2.510E-240	1.00	2.426E-240	0	358	360	0	358	360	359M
7532	9654	4.061E-310	1.00	4.169E-310	0	494	496	0	494	496	495M
7533	9653	1.798E-227	1.00	1.807E-227	0	372	374	0	372	374	373M
7534	9652	7.406E-233	1.00	7.090E-233	0	355	357	0	355	357	356M
7535	9651	2.254E-237	1.00	2.187E-237	0	362	364	0	362	364	363M
7536	9650	2.150E-180	1.00	2.069E-180	0	263	265	0	263	265	264M
7537	9649	3.880E-215	1.00	3.802E-215	0	325	327	0	325	327	326M
7538	9648	5.455E-76	1.00	5.557E-76	0	125	127	0	125	127	126M
7539	9647	2.217E-308	1.00	0.000E+00	0	514	515	0	514	549	515M
7540	10186	2.229E-16	1.00	2.237E-16	0	33	35	0	33	35	34M
7541	11359	1.532E-165	1.00	1.508E-165	0	260	262	0	260	262	261M
7542	11360	9.658E-297	1.00	9.849E-297	0	472	474	0	472	474	473M
7543	11361	5.144E-92	1.00	4.938E-92	0	151	153	0	151	153	152M
7544	11362	3.001E-193	1.00	3.109E-193	0	292	294	0	292	294	293M
7545	11363	1.207E-150	1.00	1.257E-150	0	233	235	0	233	235	234M
7546	11364	8.643E-138	1.00	8.979E-138	0	212	214	0	212	214	213M
7547	11365	3.562E-298	1.00	3.508E-298	0	468	470	0	468	470	469M
7548	11366	1.884E-245	1.00	1.843E-245	0	389	391	0	389	391	390M
7549	11367	3.386E-201	1.00	3.297E-201	0	297	299	0	297	299	298M
7550	11368	2.708E-192	1.00	2.605E-192	0	297	299	0	297	299	298M
7551	11369	2.777E-47	1.00	2.834E-47	0	74	76	0	74	76	75M
7552	11370	2.065E-33	1.00	2.056E-33	0	60	62	0	60	62	61M
7553	11371	2.001E-307	1.00	2.011E-307	0	471	473	0	471	473	472M
7554	11372	2.217E-308	1.00	0.000E+00	0	724	726	0	724	726	725M
7555	11373	1.014E-276	1.00	1.041E-276	0	427	429	0	427	429	428M
7556	11374	4.318E-63	1.00	4.282E-63	0	92	94	0	92	94	93M
7557	11375	1.907E-211	1.00	1.821E-211	0	331	333	0	331	333	332M
7558	11376	1.593E-180	1.00	1.629E-180	0	278	280	0	278	280	279M
7559	11377	1.311E-182	1.00	1.329E-182	0	283	285	0	283	285	284M
7560	11378	1.012E-314	1.00	9.932E-315	0	475	477	0	475	477	476M
7561	11379	1.404E-54	1.00	1.453E-54	0	80	82	0	80	82	81M
7562	11380	2.217E-308	1.00	0.000E+00	0	576	578	0	576	578	577M
7563	11381	9.172E-161	1.00	9.086E-161	0	246	248	0	246	248	247M
7564	11382	3.562E-298	1.00	3.564E-298	0	448	450	0	448	450	449M
7565	11383	4.193E-129	1.00	4.272E-129	0	201	203	0	201	203	202M
7566	11384	1.121E-83	1.00	1.075E-83	0	130	132	0	130	132	131M
7567	11385	9.062E-195	1.00	8.699E-195	0	283	285	0	283	285	284M
7568	11386	9.133E-198	1.00	8.833E-198	0	304	306	0	304	306	305M
7569	11387	1.450E-221	1.00	1.490E-221	0	333	335	0	333	335	334M
7570	11388	2.026E-157	1.00	1.979E-157	0	262	264	0	262	264	263M
7571	11389	2.217E-308	1.00	0.000E+00	0	550	552	0	550	552	551M
7572	11390	4.969E-156	1.00	4.974E-156	0	230	232	0	230	232	231M
7573	11391	1.856E-278	1.00	1.882E-278	0	422	424	0	422	424	423M
7574	11392	8.349E-202	1.00	8.625E-202	0	302	304	0	302	304	303M
7575	11393	3.011E-233	1.00	3.131E-233	0	351	353	0	351	353	352M
7576	11394	3.427E-167	1.00	3.431E-167	0	260	262	0	260	262	261M
7577	11395	1.801E-305	1.00	1.797E-305	0	466	468	0	466	468	467M
7578	11396	2.217E-308	1.00	0.000E+00	0	510	512	0	510	512	511M
7579	11397	1.193E-223	1.00	1.217E-223	0	338	340	0	338	340	339M
7580	11398	5.699E-209	1.00	5.674E-209	0	319	321	0	319	321	320M
7581	11399	9.844E-227	1.00	9.694E-227	0	327	329	0	327	329	328M
7582	11400	1.443E-258	1.00	1.514E-258	0	378	380	0	378	380	379M
7583	11401	9.560E-177	1.00	9.966E-177	0	249	251	0	249	251	250M
7584	11402	6.006E-268	1.00	6.312E-268	0	408	410	0	408	410	409M
7585	11403	1.687E-241	1.00	1.716E-241	0	362	364	0	362	364	363M
7586	11404	2.635E-220	1.00	2.541E-220	0	333	335	0	333	335	334M
7587	11405	4.981E-273	1.00	5.151E-273	0	400	402	0	400	402	401M
7588	11406	6.006E-268	1.00	6.163E-268	0	394	396	0	394	396	395M
7589	11407	3.988E-187	1.00	3.851E-187	0	282	284	0	282	284	283M
7590	11408	1.506E-81	1.00	1.527E-81	0	128	130	0	128	130	129M
7591	11409	1.441E-64	1.00	1.430E-64	0	100	102	0	100	102	101M
7592	11410	2.678E-29	1.00	2.669E-29	0	53	55	0	53	55	54M
7593	11411	1.195E-69	1.00	1.141E-69	0	112	114	0	112	114	113M
7594	11412	1.706E-52	1.00	1.725E-52	0	87	89	0	87	89	88M
7595	11413	2.343E-252	1.00	2.363E-252	0	373	375	0	373	375	374M
7596	11414	7.660E-130	1.00	7.298E-130	0	197	199	0	197	199	198M
7597	11415	3.536E-63	1.00	3.634E-63	0	108	110	0	108	110	109M
7598	11416	2.494E-44	1.00	2.536E-44	0	77	79	0	77	79	78M
7599	11417	1.075E-260	1.00	1.102E-260	0	394	396	0	394	396	395M
7600	11418	2.283E-242	1.00	2.359E-242	0	360	362	0	360	362	361M
7601	11419	4.208E-169	1.00	4.293E-169	0	254	256	0	254	256	255M
7602	11420	2.445E-75	1.00	2.448E-75	0	123	125	0	123	125	124M
7603	11421	8.301E-45	1.00	8.034E-45	0	73	75	0	73	75	74M
7604	11422	9.637E-37	1.00	9.600E-37	0	65	67	0	65	67	66M
7605	11423	4.300E-100	1.00	4.453E-100	0	140	142	0	140	142	141M
7606	11424	2.828E-54	1.00	2.967E-54	0	88	90	0	88	90	89M
7607	11425	6.170E-85	1.00	6.102E-85	0	136	138	0	136	138	137M
7608	11426	1.119E-237	1.00	1.073E-237	0	367	369	0	367	369	368M
7609	11427	4.516E-119	1.00	4.412E-119	0	195	197	0	195	197	196M
7610	11428	1.439E-102	1.00	1.441E-102	0	152	154	0	152	154	153M
7611	11429	3.342E-196	1.00	3.435E-196	0	288	290	0	288	290	289M
7612	11430	1.005E-234	1.00	9.663E-235	0	371	373	0	371	373	372M
7613	11431	6.048E-232	1.00	5.780E-232	0	373	375	0	373	375	374M
7614	11432	2.217E-308	1.00	0.000E+00	0	584	586	0	584	586	585M
7615	11433	3.475E-211	1.00	3.622E-211	0	339	341	0	339	341	340M
7616	11434	3.188E-139	1.00	3.074E-139	0	214	216	0	214	216	215M
7617	11435	5.823E-256	1.00	5.625E-256	0	390	392	0	390	392	391M
7618	11436	1.470E-149	1.00	1.425E-149	0	231	233	0	231	233	232M
7619	11496	4.634E-245	1.00	4.642E-245	0	375	377	0	375	377	376M
7620	11495	1.559E-133	1.00	1.558E-133	0	205	207	0	205	207	206M
7621	11494	2.217E-308	1.00	0.000E+00	0	524	526	0	524	526	525M
7622	11493	1.967E-223	1.00	1.892E-223	0	361	363	0	361	363	362M
7623	11492	2.217E-308	1.00	0.000E+00	0	1620	1622	0	1620	1622	1621M
7624	11491	1.712E-34	1.00	1.713E-34	0	61	63	0	61	63	62M
7625	11490	1.675E-277	1.00	1.630E-277	0	421	423	0	421	423	422M
7626	11489	1.080E-146	1.00	1.055E-146	0	224	226	0	224	226	225M
7627	11488	1.163E-213	1.00	1.162E-213	0	324	326	0	324	326	325M
7628	11487	6.292E-286	1.00	6.304E-286	0	438	440	0	438	440	439M
7629	11486	1.092E-150	1.00	1.144E-150	0	231	233	0	231	233	232M
7630	11485	1.708E-91	1.00	1.745E-91	0	151	153	0	151	153	152M
7631	11484	4.125E-84	1.00	4.138E-84	0	143	145	0	143	145	144M
7632	11483	4.244E-211	1.00	4.301E-211	0	309	311	0	309	311	310M
7633	11482	3.571E-299	1.00	3.579E-299	0	446	448	0	446	448	447M
7634	11481	8.393E-204	1.00	8.530E-204	0	291	293	0	291	293	292M
7635	11480	1.014E-160	1.00	1.031E-160	0	242	244	0	242	244	243M
7636	11479	1.320E-262	1.00	1.343E-262	0	428	430	0	428	430	429M
7637	11478	1.087E-187	1.00	1.110E-187	0	269	271	0	269	271	270M
7638	11477	6.292E-286	1.00	6.369E-286	0	445	447	0	445	447	446M
7639	11476	1.741E-25	1.00	1.747E-25	0	45	47	0	45	47	46M
7640	11475	5.279E-102	1.00	5.092E-102	0	152	154	0	152	154	153M
7641	11474	2.217E-308	1.00	0.000E+00	0	2140	2142	0	2140	2142	2141M
7642	11473	2.217E-308	1.00	0.000E+00	0	580	582	0	580	582	581M
7643	11472	8.977E-114	1.00	9.419E-114	0	181	183	0	181	183	182M
7644	11471	2.985E-307	1.00	2.961E-307	0	459	461	0	459	461	460M
7645	11470	4.393E-147	1.00	4.294E-147	0	225	227	0	225	227	226M
7646	11469	2.217E-308	1.00	0.000E+00	0	611	613	0	611	613	612M
7647	11468	2.217E-308	1.00	0.000E+00	0	479	481	0	479	481	480M
7648	11467	2.823E-208	1.00	2.933E-208	0	307	309	0	307	309	308M
7649	11466	8.643E-138	1.00	8.979E-138	0	212	214	0	212	214	213M
7650	11465	2.895E-63	1.00	2.913E-63	0	97	99	0	97	99	98M
7651	11464	5.502E-118	1.00	5.417E-118	0	188	190	0	188	190	189M
7652	11463	1.023E-241	1.00	1.043E-241	0	338	340	0	338	340	339M
7653	11462	9.118E-120	1.00	8.811E-120	0	181	183	0	181	183	182M
7654	11461	3.624E-266	1.00	3.578E-266	0	400	402	0	400	402	401M
7655	11460	4.485E-155	1.00	4.313E-155	0	229	231	0	229	231	230M
7656	11459	1.377E-85	1.00	1.320E-85	0	137	139	0	137	139	138M
7657	11458	2.796E-127	1.00	2.874E-127	0	190	192	0	190	192	191M
7658	11457	3.716E-237	1.00	3.872E-237	0	354	356	0	354	356	355M
7659	11456	1.667E-275	1.00	1.735E-275	0	413	415	0	413	415	414M
7660	11455	3.378E-84	1.00	3.417E-84	0	139	141	0	139	141	140M
7661	11454	1.602E-221	1.00	1.636E-221	0	335	337	0	335	337	336M
7662	11453	4.318E-179	1.00	4.266E-179	0	267	269	0	267	269	268M
7663	11452	4.446E-229	1.00	4.331E-229	0	346	348	0	346	348	347M
7664	11451	2.217E-308	1.00	0.000E+00	0	505	507	0	505	507	506M
7665	11450	4.061E-194	1.00	3.950E-194	0	275	277	0	275	277	276M
7666	11449	1.236E-198	1.00	1.255E-198	0	296	298	0	296	298	297M
7667	11448	7.593E-320	1.00	7.936E-320	0	480	482	0	480	482	481M
7668	11447	1.577E-215	1.00	1.622E-215	0	327	329	0	327	329	328M
7669	11446	2.217E-308	1.00	0.000E+00	0	549	551	0	549	551	550M
7670	11445	1.423E-59	1.00	1.381E-59	0	102	104	0	102	104	103M
7671	11444	2.217E-308	1.00	0.000E+00	0	543	545	0	543	545	544M
7672	11443	2.217E-308	1.00	0.000E+00	0	626	628	0	626	628	627M
7673	11442	6.228E-166	1.00	6.053E-166	0	254	256	0	254	256	255M
7674	11441	5.296E-258	1.00	5.408E-258	0	385	387	0	385	387	386M
7675	11440	2.250E-159	1.00	2.302E-159	0	241	243	0	241	243	242M
7676	11439	2.932E-68	1.00	2.822E-68	0	113	115	0	113	115	114M
7677	11438	1.602E-221	1.00	1.615E-221	0	328	330	0	328	330	329M
7678	11437	4.634E-245	1.00	4.642E-245	0	375	377	0	375	377	376M
7679	11569	4.700E-30	1.00	4.678E-30	0	51	52	0	51	52	52M
7680	11568	2.217E-308	1.00	0.000E+00	0	594	596	0	594	596	595M
7681	11567	3.229E-260	1.00	3.223E-260	0	390	392	0	390	392	391M
7682	11566	1.878E-205	1.00	1.846E-205	0	310	312	0	310	312	311M
7683	11565	5.684E-208	1.00	5.928E-208	0	322	324	0	322	324	323M
7684	11564	2.894E-295	1.00	2.950E-295	0	457	459	0	457	459	458M
7685	11563	1.981E-187	1.00	2.078E-187	0	289	291	0	289	291	290M
7686	11562	8.877E-187	1.00	8.843E-187	0	293	295	0	293	295	294M
7687	11561	9.819E-110	1.00	9.687E-110	0	163	165	0	163	165	164M
7688	11560	2.104E-133	1.00	2.069E-133	0	211	213	0	211	213	212M
7689	11559	2.767E-239	1.00	2.711E-239	0	349	351	0	349	351	350M
7690	11558	1.942E-218	1.00	1.931E-218	0	338	340	0	338	340	339M
7691	11557	1.184E-220	1.00	1.190E-220	0	337	339	0	337	339	338M
7692	11556	1.900E-171	1.00	1.925E-171	0	253	255	0	253	255	254M
7693	11555	3.269E-110	1.00	3.414E-110	0	161	163	0	161	163	162M
7694	11554	9.659E-181	1.00	1.002E-180	0	261	263	0	261	263	262M
7695	11553	3.166E-175	1.00	3.195E-175	0	269	271	0	269	271	270M
7696	11552	1.101E-192	1.00	1.150E-192	0	293	295	0	293	295	294M
7697	11551	2.217E-308	1.00	0.000E+00	0	496	498	0	496	498	497M
7698	11550	2.813E-168	1.00	2.846E-168	0	254	256	0	254	256	255M
7699	11549	2.006E-308	1.00	2.046E-308	0	449	451	0	449	451	450M
7700	11548	6.732E-22	1.00	6.735E-22	0	39	41	0	39	41	40M
7701	11547	1.502E-80	1.00	1.429E-80	0	122	124	0	122	124	123M
7702	11546	3.410E-49	1.00	3.488E-49	0	81	83	0	81	83	82M
7703	11545	1.210E-151	1.00	1.258E-151	0	231	233	0	231	233	232M
7704	11544	1.115E-158	1.00	1.096E-158	0	234	236	0	234	236	235M
7705	11543	8.409E-50	1.00	8.740E-50	0	85	87	0	85	87	86M
7706	11542	1.002E-78	1.00	1.003E-78	0	125	127	0	125	127	126M
7707	11541	2.865E-32	1.00	2.874E-32	0	62	64	0	62	64	63M
7708	11540	4.785E-64	1.00	4.591E-64	0	98	100	0	98	100	99M
7709	11539	1.523E-124	1.00	1.551E-124	0	183	185	0	183	185	184M
7710	11538	1.241E-161	1.00	1.298E-161	0	265	267	0	265	267	266M
7711	11537	6.938E-53	1.00	7.268E-53	0	76	78	0	76	78	77M
7712	11536	7.490E-160	1.00	7.758E-160	0	238	240	0	238	240	239M
7713	11535	5.637E-321	1.00	5.879E-321	0	485	487	0	485	487	486M
7714	11534	2.904E-219	1.00	2.979E-219	0	352	354	0	352	354	353M
7715	11533	2.217E-308	1.00	0.000E+00	0	514	516	0	514	516	515M
7716	11532	5.356E-185	1.00	5.109E-185	0	272	274	0	272	274	273M
7717	11531	2.217E-308	1.00	0.000E+00	0	527	529	0	527	529	528M
7718	11530	1.021E-279	1.00	1.038E-279	0	441	443	0	441	443	442M
7719	11529	3.596E-263	1.00	3.576E-263	0	386	388	0	386	388	387M
7720	11528	1.044E-210	1.00	1.036E-210	0	321	323	0	321	323	322M
7721	11527	3.196E-140	1.00	3.223E-140	0	213	215	0	213	215	214M
7722	11526	6.944E-92	1.00	6.966E-92	0	145	147	0	145	147	146M
7723	11525	2.128E-60	1.00	2.072E-60	0	102	104	0	102	104	103M
7724	11524	3.035E-120	1.00	3.018E-120	0	185	187	0	185	187	186M
7725	11523	1.894E-247	1.00	1.970E-247	0	366	368	0	366	368	367M
7726	11522	5.347E-107	1.00	5.338E-107	0	163	165	0	163	165	164M
7727	11521	4.652E-26	1.00	4.655E-26	0	44	46	0	44	46	45M
7728	11520	5.869E-143	1.00	5.592E-143	0	232	234	0	232	234	233M
7729	11519	7.249E-186	1.00	7.461E-186	0	278	280	0	278	280	279M
7730	11518	1.156E-56	1.00	1.135E-56	0	97	99	0	97	99	98M
7731	11517	1.307E-181	1.00	1.372E-181	0	279	281	0	279	281	280M
7732	11516	8.808E-184	1.00	8.556E-184	0	285	287	0	285	287	286M
7733	11515	1.391E-205	1.00	1.328E-205	0	303	305	0	303	305	304M
7734	11514	1.108E-233	1.00	1.108E-233	0	349	351	0	349	351	350M
7735	11513	1.771E-221	1.00	1.774E-221	0	330	332	0	330	332	331M
7736	11512	4.033E-230	1.00	4.054E-230	0	356	358	0	356	358	357M
7737	11511	1.852E-161	1.00	1.878E-161	0	246	248	0	246	248	247M
7738	11510	9.428E-249	1.00	9.247E-249	0	395	397	0	395	397	396M
7739	11509	2.217E-308	1.00	0.000E+00	0	1035	1037	0	1035	1037	1036M
7740	11508	5.934E-302	1.00	5.903E-302	0	464	466	0	464	466	465M
7741	11507	3.421E-205	1.00	3.420E-205	0	303	305	0	303	305	304M
7742	11506	2.217E-308	1.00	0.000E+00	0	512	514	0	512	514	513M
7743	11505	1.056E-292	1.00	1.034E-292	0	434	436	0	434	436	435M
7744	11504	1.132E-280	1.00	1.148E-280	0	414	416	0	414	416	415M
7745	11503	1.894E-131	1.00	1.911E-131	0	200	202	0	200	202	201M
7746	11502	5.050E-317	1.00	4.972E-317	0	456	458	0	456	458	457M
7747	11501	1.086E-148	1.00	1.125E-148	0	228	230	0	228	230	229M
7748	11500	1.831E-234	1.00	1.753E-234	0	350	352	0	350	352	351M
7749	11499	8.607E-59	1.00	8.966E-59	0	95	97	0	95	97	96M
7750	11498	8.862E-109	1.00	8.727E-109	0	176	178	0	176	178	177M
7751	10186	2.229E-16	1.00	2.237E-16	0	33	35	0	33	35	34M
7752	11633	7.867E-179	1.00	7.958E-179	0	287	289	0	287	289	288M
7753	11632	2.370E-63	1.00	2.342E-63	0	99	101	0	99	101	100M
7754	11631	2.217E-308	1.00	0.000E+00	0	496	498	0	496	498	497M
7755	11630	3.384E-46	1.00	3.390E-46	0	73	75	0	73	75	74M
7756	11629	5.370E-186	1.00	5.193E-186	0	277	279	0	277	279	278M
7757	11628	6.043E-193	1.00	6.232E-193	0	280	282	0	280	282	281M
7758	11627	2.217E-308	1.00	0.000E+00	0	594	596	0	594	596	595M
7759	11626	8.094E-190	1.00	7.735E-190	0	284	286	0	284	286	285M
7760	11625	3.381E-38	1.00	3.367E-38	0	74	76	0	74	76	75M
7761	11624	8.809E-68	1.00	9.064E-68	0	111	113	0	111	113	112M
7762	11623	4.218E-286	1.00	4.352E-286	0	464	466	0	464	466	465M
7763	11622	1.907E-95	1.00	1.846E-95	0	151	153	0	151	153	152M
7764	11621	1.661E-235	1.00	1.641E-235	0	360	362	0	360	362	361M
7765	11620	1.073E-298	1.00	1.070E-298	0	429	431	0	429	431	430M
7766	11619	1.599E-143	1.00	1.538E-143	0	218	220	0	218	220	219M
7767	11618	1.847E-44	1.00	1.878E-44	0	71	73	0	71	73	72M
7768	11617	8.357E-125	1.00	8.399E-125	0	210	212	0	210	212	211M
7769	11616	2.293E-89	1.00	2.266E-89	0	134	136	0	134	136	135M
7770	11615	6.782E-315	1.00	6.991E-315	0	481	483	0	481	483	482M
7771	11614	8.122E-230	1.00	8.447E-230	0	365	367	0	365	367	366M
7772	11613	1.484E-230	1.00	1.503E-230	0	355	357	0	355	357	356M
7773	11612	2.217E-308	1.00	0.000E+00	0	514	516	0	514	516	515M
7774	11611	2.899E-257	1.00	2.771E-257	0	393	395	0	393	395	394M
7775	11610	2.722E-310	1.00	2.824E-310	0	472	474	0	472	474	473M
7776	11609	2.217E-308	1.00	0.000E+00	0	521	523	0	521	523	522M
7777	11608	8.510E-132	1.00	8.688E-132	0	210	212	0	210	212	211M
7778	11607	6.298E-209	1.00	6.085E-209	0	334	336	0	334	336	335M
7779	11606	5.161E-248	1.00	5.213E-248	0	378	380	0	378	380	379M
7780	11605	1.235E-275	1.00	1.191E-275	0	432	434	0	432	434	433M
7781	11604	8.763E-182	1.00	8.979E-182	0	270	272	0	270	272	271M
7782	11603	1.391E-205	1.00	1.460E-205	0	305	307	0	305	307	306M
7783	11602	5.207E-58	1.00	5.047E-58	0	98	100	0	98	100	99M
7784	11601	2.217E-308	1.00	0.000E+00	0	616	618	0	616	618	617M
7785	11600	5.140E-53	1.00	5.211E-53	0	82	84	0	82	84	83M
7786	11599	3.856E-290	1.00	4.013E-290	0	447	449	0	447	449	448M
7787	11598	5.351E-262	1.00	5.427E-262	0	397	399	0	397	399	398M
7788	11597	3.830E-210	1.00	3.907E-210	0	309	311	0	309	311	310M
7789	11596	2.434E-112	1.00	2.505E-112	0	177	179	0	177	179	178M
7790	11595	4.859E-186	1.00	4.879E-186	0	269	271	0	269	271	270M
7791	11594	6.386E-137	1.00	6.443E-137	0	207	209	0	207	209	208M
7792	11593	2.217E-308	1.00	0.000E+00	0	624	626	0	624	626	625M
7793	11592	1.343E-230	1.00	1.369E-230	0	353	355	0	353	355	354M
7794	11591	1.367E-121	1.00	1.309E-121	0	192	194	0	192	194	193M
7795	11590	1.198E-186	1.00	1.226E-186	0	300	302	0	300	302	301M
7796	11589	1.876E-282	1.00	1.838E-282	0	447	449	0	447	449	448M
7797	11588	2.713E-154	0.995	2.629E-154	15	254	256	0	239	241	240M
7798	11587	1.412E-56	1.00	1.372E-56	0	88	90	0	88	90	89M
7799	11586	5.355E-301	1.00	5.551E-301	0	458	460	0	458	460	459M
7800	11585	1.879E-244	1.00	1.883E-244	0	378	380	0	378	380	379M
7801	11584	1.838E-158	1.00	1.844E-158	0	245	247	0	245	247	246M
7802	11583	2.054E-201	1.00	2.147E-201	0	308	310	0	308	310	309M
7803	11582	3.827E-171	1.00	3.792E-171	0	254	256	0	254	256	255M
7804	11581	8.517E-171	1.00	8.538E-171	0	278	280	0	278	280	279M
7805	11580	2.159E-259	1.00	2.061E-259	0	396	398	0	396	398	397M
7806	11579	9.446E-95	1.00	9.200E-95	0	145	147	0	145	147	146M
7807	11578	2.619E-63	1.00	2.524E-63	0	107	109	0	107	109	108M
7808	11577	1.138E-166	1.00	1.175E-166	0	246	248	0	246	248	247M
7809	11576	1.065E-179	1.00	1.030E-179	0	277	279	0	277	279	278M
7810	11575	2.217E-308	1.00	0.000E+00	0	757	759	0	757	759	758M
7811	11574	8.444E-129	1.00	8.152E-129	0	208	210	0	208	210	209M
7812	11573	8.846E-147	1.00	9.152E-147	0	221	223	0	221	223	222M
7813	11572	2.217E-308	1.00	0.000E+00	0	496	498	0	496	498	497M
7814	11571	5.078E-87	1.00	5.232E-87	0	129	131	0	129	131	130M
7815	9211	2.813E-21	1.00	2.807E-21	0	37	38	0	37	38	38M
7816	10718	5.481E-16	1.00	5.502E-16	0	32	34	0	32	34	33M
7817	11701	1.516E-45	1.00	1.469E-45	0	77	79	0	77	79	78M
7818	11700	7.268E-71	1.00	6.971E-71	0	113	115	0	113	115	114M
7819	11698	1.685E-47	1.00	1.663E-47	0	76	78	0	76	78	77M
7820	11697	4.150E-125	1.00	4.186E-125	0	182	184	0	182	184	183M
7821	11696	8.322E-46	1.00	7.924E-46	0	71	73	0	71	73	72M
7822	11695	3.768E-49	1.00	3.851E-49	0	83	85	0	83	85	84M
7823	11694	3.227E-105	1.00	3.322E-105	0	157	159	0	157	159	158M
7824	11693	8.307E-84	1.00	8.632E-84	0	132	134	0	132	134	133M
7825	11692	3.791E-90	1.00	3.666E-90	0	129	131	0	129	131	130M
7826	11691	1.792E-71	1.00	1.787E-71	0	111	113	0	111	113	112M
7827	11690	3.158E-174	1.00	3.296E-174	0	265	267	0	265	267	266M
7828	11689	5.454E-192	1.00	5.304E-192	0	292	294	0	292	294	293M
7829	11688	4.122E-45	1.00	4.266E-45	0	73	75	0	73	75	74M
7830	11687	2.546E-52	1.00	2.611E-52	0	89	91	0	89	91	90M
7831	11686	7.868E-63	1.00	8.108E-63	0	105	107	0	105	107	106M
7832	11685	1.141E-167	1.00	1.087E-167	0	249	251	0	249	251	250M
7833	11684	3.582E-41	1.00	3.565E-41	0	70	72	0	70	72	71M
7834	11683	3.870E-214	1.00	3.836E-214	0	334	336	0	334	336	335M
7835	11682	8.525E-94	1.00	8.844E-94	0	166	168	0	166	168	167M
7836	11681	2.620E-36	1.00	2.612E-36	0	66	68	0	66	68	67M
7837	11680	7.569E-48	1.00	7.475E-48	0	79	81	0	79	81	80M
7838	11679	4.642E-91	1.00	4.858E-91	0	146	148	0	146	148	147M
7839	11678	6.426E-62	1.00	6.230E-62	0	95	97	0	95	97	96M
7840	11677	2.413E-70	1.00	2.405E-70	0	106	108	0	106	108	107M
7841	11676	3.823E-248	1.00	3.938E-248	0	372	374	0	372	374	373M
7842	11675	1.380E-202	1.00	1.319E-202	0	309	311	0	309	311	310M
7843	11674	3.436E-52	1.00	3.477E-52	0	82	84	0	82	84	83M
7844	11673	1.036E-91	1.00	1.057E-91	0	134	136	0	134	136	135M
7845	11672	1.138E-166	1.00	1.156E-166	0	239	241	0	239	241	240M
7846	11671	2.835E-55	1.00	2.936E-55	0	86	88	0	86	88	87M
7847	11670	7.175E-66	1.00	7.377E-66	0	104	106	0	104	106	105M
7848	11669	3.912E-17	1.00	3.905E-17	0	36	38	0	36	38	37M
7849	11668	1.198E-70	1.00	1.249E-70	0	112	114	0	112	114	113M
7850	11667	1.555E-132	1.00	1.504E-132	0	193	195	0	193	195	194M
7851	11666	3.807E-169	1.00	3.782E-169	0	258	260	0	258	260	259M
7852	11665	2.217E-308	1.00	0.000E+00	0	2264	2266	0	2264	2266	2265M
7853	11664	2.217E-308	1.00	0.000E+00	0	808	810	0	808	810	809M
7854	11663	1.771E-105	1.00	1.854E-105	0	158	160	0	158	160	159M
7855	11662	7.064E-176	1.00	7.046E-176	0	257	259	0	257	259	258M
7856	11661	5.645E-244	1.00	5.705E-244	0	368	370	0	368	370	369M
7857	11660	1.236E-314	1.00	1.226E-314	0	466	468	0	466	468	467M
7858	11659	3.817E-170	1.00	3.665E-170	0	262	264	0	262	264	263M
7859	11658	8.985E-153	1.00	9.183E-153	0	229	231	0	229	231	230M
7860	11657	4.337E-142	1.00	4.492E-142	0	216	218	0	216	218	217M
7861	11656	1.764E-297	1.00	1.847E-297	0	436	438	0	436	438	437M
7862	11655	1.640E-114	1.00	1.655E-114	0	171	173	0	171	173	172M
7863	11654	2.217E-308	1.00	0.000E+00	0	671	673	0	671	673	672M
7864	11653	6.807E-123	1.00	6.519E-123	0	182	184	0	182	184	183M
7865	11652	5.502E-118	1.00	5.417E-118	0	188	190	0	188	190	189M
7866	11651	1.273E-132	1.00	1.289E-132	0	203	205	0	203	205	204M
7867	11650	7.150E-142	1.00	7.441E-142	0	220	222	0	220	222	221M
7868	11649	3.218E-104	1.00	3.331E-104	0	159	161	0	159	161	160M
7869	11648	2.217E-308	1.00	0.000E+00	0	565	567	0	565	567	566M
7870	11647	1.437E-63	1.00	1.373E-63	0	101	103	0	101	103	102M
7871	11646	1.291E-60	1.00	1.305E-60	0	99	101	0	99	101	100M
7872	11645	5.117E-206	1.00	5.247E-206	0	290	292	0	290	292	291M
7873	11644	1.301E-63	1.00	1.278E-63	0	106	108	0	106	108	107M
7874	11643	8.681E-101	1.00	8.483E-101	0	158	160	0	158	160	159M
7875	11642	2.217E-308	1.00	0.000E+00	0	533	535	0	533	535	534M
7876	11641	3.930E-220	1.00	3.775E-220	0	328	330	0	328	330	329M
7877	11640	2.062E-280	1.00	2.052E-280	0	440	442	0	440	442	441M
7878	11639	1.715E-286	1.00	1.725E-286	0	444	446	0	444	446	445M
7879	11638	3.575E-106	1.00	3.444E-106	0	169	171	0	169	171	170M
7880	11637	2.003E-114	1.00	1.945E-114	0	181	183	0	181	183	182M
7881	11636	2.217E-308	1.00	0.000E+00	0	536	538	0	536	538	537M
7882	11635	2.521E-203	1.00	2.568E-203	0	301	303	0	301	303	302M
7883	11634	8.302E-18	1.00	8.312E-18	0	31	33	0	31	33	32M
7884	11703	3.262E-264	1.00	3.389E-264	0	403	405	0	403	405	404M
7885	11704	1.306E-258	1.00	1.255E-258	0	374	376	0	374	376	375M
7886	11705	3.675E-194	1.00	3.651E-194	0	280	282	0	280	282	281M
7887	11706	3.979E-70	1.00	4.011E-70	0	110	112	0	110	112	111M
7888	11707	3.940E-221	1.00	3.835E-221	0	333	335	0	333	335	334M
7889	11708	3.556E-220	1.00	3.649E-220	0	334	336	0	334	336	335M
7890	11709	9.692E-221	1.00	9.871E-221	0	333	335	0	333	335	334M
7891	11710	2.217E-308	1.00	0.000E+00	0	642	644	0	642	644	643M
7892	11711	1.657E-118	1.00	1.739E-118	0	184	186	0	184	186	185M
7893	11712	2.206E-74	1.00	2.174E-74	0	129	131	0	129	131	130M
7894	11713	2.217E-308	1.00	0.000E+00	0	821	823	0	821	823	822M
7895	11714	5.558E-238	1.00	5.390E-238	0	359	361	0	359	361	360M
7896	11715	1.874E-243	1.00	1.964E-243	0	381	383	0	381	383	382M
7897	11716	1.471E-304	1.00	1.485E-304	0	464	466	0	464	466	465M
7898	11717	3.212E-22	1.00	3.213E-22	0	43	45	0	43	45	44M
7899	11718	4.093E-81	1.00	4.133E-81	0	129	131	0	129	131	130M
7900	11719	1.471E-72	1.00	1.459E-72	0	105	107	0	105	107	106M
7901	11720	2.217E-308	1.00	0.000E+00	0	585	587	0	585	587	586M
7902	11721	1.167E-292	1.00	1.161E-292	0	450	452	0	450	452	451M
7903	11722	1.144E-52	1.00	1.196E-52	0	86	88	0	86	88	87M
7904	11723	2.317E-209	1.00	2.338E-209	0	327	329	0	327	329	328M
7905	11724	2.221E-154	1.00	2.295E-154	0	231	233	0	231	233	232M
7906	11725	2.520E-48	1.00	2.447E-48	0	82	84	0	82	84	83M
7907	11726	3.622E-111	1.00	3.715E-111	0	174	176	0	174	176	175M
7908	11727	1.901E-28	1.00	1.897E-28	0	48	50	0	48	50	49M
7909	11728	5.965E-304	1.00	6.027E-304	0	440	442	0	440	442	441M
7910	11729	3.794E-245	1.00	3.702E-245	0	350	352	0	350	352	351M
7911	11730	1.532E-281	1.00	1.565E-281	0	385	387	0	385	387	386M
7912	11731	4.466E-76	1.00	4.364E-76	0	120	122	0	120	122	121M
7913	11732	1.015E-199	1.00	1.047E-199	0	317	319	0	317	319	318M
7914	11733	4.172E-127	1.00	4.010E-127	0	197	199	0	197	199	198M
7915	11734	4.602E-281	1.00	4.676E-281	0	415	417	0	415	417	416M
7916	11735	2.708E-308	1.00	2.838E-308	0	456	458	0	456	458	457M
7917	11736	7.401E-78	1.00	7.184E-78	0	120	122	0	120	122	121M
7918	11737	5.879E-105	1.00	5.896E-105	0	169	171	0	169	171	170M
7919	11738	1.152E-248	1.00	1.117E-248	0	372	374	0	372	374	373M
7920	11739	4.251E-289	1.00	4.050E-289	0	429	431	0	429	431	430M
7921	11740	8.970E-75	1.00	8.661E-75	0	123	125	0	123	125	124M
7922	11741	1.409E-210	1.00	1.453E-210	0	335	337	0	335	337	336M
7923	11742	8.178E-194	1.00	8.232E-194	0	304	306	0	304	306	305M
7924	11743	2.217E-308	1.00	0.000E+00	0	645	647	0	645	647	646M
7925	11744	3.575E-106	1.00	3.556E-106	0	183	185	0	183	185	184M
7926	11745	1.369E-199	1.00	1.381E-199	0	296	298	0	296	298	297M
7927	11746	4.834E-184	1.00	5.003E-184	0	287	289	0	287	289	288M
7928	11747	8.378E-37	1.00	8.400E-37	0	75	77	0	75	77	76M
7929	11748	8.696E-63	1.00	8.936E-63	0	107	109	0	107	109	108M
7930	11749	3.774E-243	1.00	3.860E-243	0	355	357	0	355	357	356M
7931	11750	7.465E-120	1.00	7.415E-120	0	184	186	0	184	186	185M
7932	11751	8.451E-168	1.00	8.442E-168	0	257	259	0	257	259	258M
7933	11752	3.714E-82	1.00	3.556E-82	0	124	126	0	124	126	125M
7934	11753	1.409E-94	1.00	1.457E-94	0	148	150	0	148	150	149M
7935	11754	2.217E-308	1.00	0.000E+00	0	877	879	0	877	879	878M
7936	11755	5.179E-172	1.00	4.961E-172	0	251	253	0	251	253	252M
7937	11756	1.218E-115	1.00	1.212E-115	0	189	191	0	189	191	190M
7938	11757	2.217E-308	1.00	0.000E+00	0	658	660	0	658	660	659M
7939	11758	6.831E-47	1.00	6.517E-47	0	78	80	0	78	80	79M
7940	11759	4.967E-32	1.00	4.944E-32	0	54	56	0	54	56	55M
7941	11760	6.548E-108	1.00	6.766E-108	0	166	168	0	166	168	167M
7942	11761	2.309E-53	1.00	2.294E-53	0	91	93	0	91	93	92M
7943	11762	2.217E-308	1.00	0.000E+00	0	568	570	0	568	570	569M
7944	11763	2.101E-28	1.00	2.106E-28	0	50	52	0	50	52	51M
7945	11764	8.344E-47	1.00	8.508E-47	0	77	79	0	77	79	78M
7946	11765	2.217E-308	1.00	0.000E+00	0	481	483	0	481	483	482M
7947	11766	8.985E-153	1.00	9.183E-153	0	229	231	0	229	231	230M
7948	11767	3.646E-191	1.00	3.634E-191	0	286	288	0	286	288	287M
7949	11768	5.407E-150	1.00	5.245E-150	0	250	252	0	250	252	251M
7950	11769	1.125E-123	1.00	1.135E-123	0	205	207	0	205	207	206M
7951	11770	1.107E-78	1.00	1.075E-78	0	133	135	0	133	135	134M
7952	11771	4.991E-119	1.00	5.215E-119	0	172	174	0	172	174	173M
7953	11772	6.174E-240	1.00	5.879E-240	0	350	352	0	350	352	351M
7954	11773	1.632E-112	1.00	1.630E-112	0	168	170	0	168	170	169M
7955	11774	1.510E-198	1.00	1.448E-198	0	279	281	0	279	281	280M
7956	11775	8.137E-76	1.00	7.819E-76	0	119	121	0	119	121	120M
7957	11776	2.702E-75	1.00	2.636E-75	0	118	120	0	118	120	119M
7958	11777	3.032E-197	1.00	3.176E-197	0	271	273	0	271	273	272M
7959	11778	1.168E-176	1.00	1.114E-176	0	258	260	0	258	260	259M
7960	11779	2.217E-308	1.00	0.000E+00	0	776	778	0	776	778	777M
7961	11780	2.217E-308	1.00	0.000E+00	0	725	727	0	725	727	726M
7962	11781	2.244E-158	1.00	2.152E-158	0	255	257	0	255	257	256M
7963	11782	3.386E-85	1.00	3.472E-85	0	144	146	0	144	146	145M
7964	11783	1.535E-38	1.00	1.539E-38	0	71	73	0	71	73	72M
7965	11784	5.966E-188	1.00	6.173E-188	0	290	292	0	290	292	291M
7966	11785	4.303E-139	1.00	4.144E-139	0	207	209	0	207	209	208M
7967	11786	8.977E-114	1.00	8.565E-114	0	179	181	0	179	181	180M
7968	11787	3.804E-130	1.00	3.703E-130	0	196	198	0	196	198	197M
7969	11788	1.477E-267	1.00	1.425E-267	0	385	387	0	385	387	386M
7970	11789	2.217E-308	1.00	0.000E+00	0	564	566	0	564	566	565M
7971	11790	4.473E-154	1.00	4.662E-154	0	226	228	0	226	228	227M
7972	11791	2.217E-308	1.00	0.000E+00	0	742	744	0	742	744	743M
7973	11792	5.548E-276	1.00	5.623E-276	0	443	445	0	443	445	444M
7974	11793	6.949E-131	1.00	6.747E-131	0	200	202	0	200	202	201M
7975	11794	2.089E-285	1.00	2.025E-285	0	436	438	0	436	438	437M
7976	11795	5.060E-163	1.00	5.241E-163	0	237	239	0	237	239	238M
7977	11796	4.003E-111	1.00	4.155E-111	0	183	185	0	183	185	184M
7978	11797	2.217E-308	1.00	0.000E+00	0	507	509	0	507	509	508M
7979	11798	2.217E-308	1.00	0.000E+00	0	713	715	0	713	715	714M
7980	11799	1.532E-281	1.00	1.598E-281	0	419	421	0	419	421	420M
7981	11800	1.327E-148	1.00	1.296E-148	0	231	233	0	231	233	232M
7982	11801	2.289E-127	1.00	2.199E-127	0	191	193	0	191	193	192M
7983	11802	1.312E-105	1.00	1.338E-105	0	171	173	0	171	173	172M
7984	11803	5.601E-241	1.00	5.701E-241	0	354	356	0	354	356	355M
7985	11804	6.277E-169	1.00	6.073E-169	0	248	250	0	248	250	249M
7986	11805	2.967E-266	1.00	3.110E-266	0	397	399	0	397	399	398M
7987	11806	4.829E-261	1.00	4.802E-261	0	410	412	0	410	412	411M
7988	11807	3.386E-201	1.00	3.231E-201	0	310	312	0	310	312	311M
7989	11808	8.220E-312	1.00	7.914E-312	0	490	492	0	490	492	491M
7990	11809	9.520E-40	1.00	9.496E-40	0	66	68	0	66	68	67M
7991	11810	1.225E-156	1.00	1.185E-156	0	233	235	0	233	235	234M
7992	11811	1.575E-253	1.00	1.592E-253	0	403	405	0	403	405	404M
7993	11812	2.217E-308	1.00	0.000E+00	0	691	693	0	691	693	692M
7994	11813	1.026E-126	1.00	1.015E-126	0	190	192	0	190	192	191M
7995	11814	2.217E-308	1.00	0.000E+00	0	847	849	0	847	849	848M
7996	11815	4.662E-170	1.00	4.573E-170	0	260	262	0	260	262	261M
7997	11816	8.102E-113	1.00	7.878E-113	0	166	168	0	166	168	167M
7998	11817	4.987E-80	1.00	4.814E-80	0	121	123	0	121	123	122M
7999	11818	1.730E-212	1.00	1.729E-212	0	301	303	0	301	303	302M
8000	11819	3.041E-24	1.00	3.044E-24	0	45	47	0	45	47	46M
8001	11820	2.374E-257	1.00	2.463E-257	0	377	379	0	377	379	378M
8002	11821	5.804E-100	1.00	6.082E-100	0	153	155	0	153	155	154M
8003	11822	2.217E-308	1.00	0.000E+00	0	1505	1507	0	1505	1507	1506M
8004	11823	2.217E-308	1.00	0.000E+00	0	691	693	0	691	693	692M
8005	11824	3.697E-119	1.00	3.525E-119	0	177	179	0	177	179	178M
8006	11825	2.994E-76	1.00	3.031E-76	0	119	121	0	119	121	120M
8007	11826	1.660E-80	1.00	1.734E-80	0	126	128	0	126	128	127M
8008	11827	6.288E-131	1.00	6.042E-131	0	211	213	0	211	213	212M
8009	11828	7.273E-226	1.00	7.561E-226	0	371	373	0	371	373	372M
8010	11829	2.217E-308	1.00	0.000E+00	0	1031	1033	0	1031	1033	1032M
8011	11830	2.217E-308	1.00	0.000E+00	0	570	572	0	570	572	571M
8012	11831	1.195E-69	1.00	1.141E-69	0	112	114	0	112	114	113M
8013	11832	1.802E-73	1.00	1.722E-73	0	113	115	0	113	115	114M
8014	11833	1.634E-74	1.00	1.671E-74	0	117	119	0	117	119	118M
8015	11834	3.870E-98	1.00	3.972E-98	0	148	150	0	148	150	149M
8016	11835	6.795E-161	1.00	6.528E-161	0	239	241	0	239	241	240M
8017	11836	3.691E-157	1.00	3.690E-157	0	235	237	0	235	237	236M
8018	11837	1.886E-168	1.00	1.968E-168	0	273	275	0	273	275	274M
8019	11838	5.356E-185	1.00	5.193E-185	0	306	308	0	306	308	307M
8020	11839	1.562E-250	1.00	1.540E-250	0	368	370	0	368	370	369M
8021	11840	1.742E-292	1.00	1.725E-292	0	418	420	0	418	420	419M
8022	10186	2.229E-16	1.00	2.237E-16	0	33	35	0	33	35	34M
8024	11881	4.443E-74	1.00	4.410E-74	0	124	126	0	124	126	125M
8025	11880	2.217E-308	1.00	0.000E+00	0	675	677	0	675	677	676M
8026	11879	6.609E-305	1.00	6.418E-305	0	446	448	0	446	448	447M
8027	11878	4.026E-268	1.00	4.092E-268	0	419	421	0	419	421	420M
8028	11877	2.034E-236	1.00	2.098E-236	0	343	345	0	343	345	344M
8029	11876	1.078E-145	1.00	1.038E-145	0	219	221	0	219	221	220M
8030	11875	2.217E-308	1.00	0.000E+00	0	703	705	0	703	705	704M
8031	11874	1.500E-273	1.00	1.428E-273	0	413	415	0	413	415	414M
8032	11873	2.217E-308	1.00	0.000E+00	0	528	530	0	528	530	529M
8033	11872	2.628E-219	1.00	2.533E-219	0	335	337	0	335	337	336M
8034	11871	4.913E-229	1.00	4.983E-229	0	349	351	0	349	351	350M
8035	11870	2.217E-308	1.00	0.000E+00	0	610	612	0	610	612	611M
8036	11869	2.217E-308	1.00	0.000E+00	0	1070	1072	0	1070	1072	1071M
8037	11868	1.359E-312	1.00	1.304E-312	0	458	460	0	458	460	459M
8038	11867	2.217E-308	1.00	0.000E+00	0	546	548	0	546	548	547M
8039	11866	2.274E-163	1.00	2.273E-163	0	246	248	0	246	248	247M
8040	11865	2.729E-195	1.00	2.840E-195	0	286	288	0	286	288	287M
8041	11864	2.644E-144	1.00	2.624E-144	0	234	236	0	234	236	235M
8042	11863	1.252E-87	1.00	1.247E-87	0	132	134	0	132	134	133M
8043	11862	1.287E-175	1.00	1.318E-175	0	277	279	0	277	279	278M
8044	11861	6.732E-80	1.00	6.439E-80	0	127	129	0	127	129	128M
8045	11860	2.235E-195	1.00	2.310E-195	0	295	297	0	295	297	296M
8046	11859	2.284E-126	1.00	2.346E-126	0	201	203	0	201	203	202M
8047	11858	2.104E-133	1.00	2.169E-133	0	212	214	0	212	214	213M
8048	11857	1.854E-84	1.00	1.780E-84	0	132	134	0	132	134	133M
8049	11856	6.796E-45	1.00	6.675E-45	0	82	84	0	82	84	83M
8050	11855	1.001E-271	1.00	9.756E-272	0	409	411	0	409	411	410M
8051	11854	1.330E-265	1.00	1.322E-265	0	401	403	0	401	403	402M
8052	11853	2.369E-295	1.00	2.397E-295	0	439	441	0	439	441	440M
8053	11852	2.855E-135	1.00	2.975E-135	0	208	210	0	208	210	209M
8054	11851	6.498E-105	1.00	6.682E-105	0	185	187	0	185	187	186M
8055	11850	2.303E-52	1.00	2.316E-52	0	93	95	0	93	95	94M
8056	11849	8.031E-303	1.00	8.423E-303	0	456	458	0	456	458	457M
8057	11848	7.936E-105	1.00	7.565E-105	0	161	163	0	161	163	162M
8058	11847	1.656E-25	1.00	1.654E-25	0	38	40	0	38	40	39M
8059	11846	2.217E-308	1.00	0.000E+00	0	547	549	0	547	549	548M
8060	11845	2.217E-308	1.00	0.000E+00	0	771	773	0	771	773	772M
8061	11844	2.760E-122	1.00	2.870E-122	0	180	182	0	180	182	181M
8062	11843	1.506E-81	1.00	1.527E-81	0	128	130	0	128	130	129M
8063	11842	2.217E-308	1.00	0.000E+00	0	817	819	0	817	819	818M
8064	11921	1.435E-217	1.00	1.436E-217	0	327	329	0	327	329	328M
8065	11920	2.012E-77	1.00	2.029E-77	0	135	137	0	135	137	136M
8066	11919	1.991E-189	1.00	1.926E-189	0	290	292	0	290	292	291M
8067	11918	3.807E-285	1.00	3.672E-285	0	415	417	0	415	417	416M
8068	11917	3.427E-167	1.00	3.431E-167	0	260	262	0	260	262	261M
8069	11916	1.135E-281	1.00	1.100E-281	0	411	413	0	411	413	412M
8070	11915	3.320E-116	1.00	3.314E-116	0	175	177	0	175	177	176M
8071	11914	1.775E-222	1.00	1.727E-222	0	314	316	0	314	316	315M
8072	11913	1.865E-241	1.00	1.924E-241	0	351	353	0	351	353	352M
8073	11912	3.678E-233	1.00	3.679E-233	0	341	343	0	341	343	342M
8074	11911	4.876E-110	1.00	4.912E-110	0	162	164	0	162	164	163M
8075	11910	2.217E-308	1.00	0.000E+00	0	470	472	0	470	472	471M
8076	11909	8.924E-73	1.00	9.214E-73	0	115	117	0	115	117	116M
8077	11908	3.454E-170	1.00	3.336E-170	0	260	262	0	260	262	261M
8078	11907	3.975E-147	1.00	3.784E-147	0	229	231	0	229	231	230M
8079	11906	6.337E-134	1.00	6.046E-134	0	205	207	0	205	207	206M
8080	11905	7.588E-165	1.00	7.903E-165	0	255	257	0	255	257	256M
8081	11904	4.359E-144	1.00	4.491E-144	0	212	214	0	212	214	213M
8082	11903	5.000E-81	1.00	4.776E-81	0	132	134	0	132	134	133M
8083	11902	2.217E-308	1.00	0.000E+00	0	592	594	0	592	594	593M
8084	11901	2.217E-308	1.00	0.000E+00	0	690	692	0	690	692	691M
8085	11900	2.102E-210	1.00	2.049E-210	0	302	304	0	302	304	303M
8086	11899	1.046E-172	1.00	1.025E-172	0	251	253	0	251	253	252M
8087	11898	1.430E-61	1.00	1.457E-61	0	93	95	0	93	95	94M
8088	11897	3.313E-270	1.00	3.258E-270	0	383	385	0	383	385	384M
8089	11896	5.630E-243	1.00	5.468E-243	0	349	351	0	349	351	350M
8090	11895	3.552E-30	1.00	3.559E-30	0	57	59	0	57	59	58M
8091	11894	2.513E-47	1.00	2.399E-47	0	77	79	0	77	79	78M
8092	11893	1.539E-128	1.00	1.483E-128	0	194	196	0	194	196	195M
8093	11892	2.217E-308	1.00	0.000E+00	0	507	509	0	507	509	508M
8094	11891	2.635E-104	1.00	2.620E-104	0	154	156	0	154	156	155M
8095	11890	4.030E-75	1.00	3.983E-75	0	120	122	0	120	122	121M
8096	11889	5.337E-261	1.00	5.532E-261	0	386	388	0	386	388	387M
8097	11888	2.217E-308	1.00	0.000E+00	0	622	624	0	622	624	623M
8098	11887	3.843E-250	1.00	3.964E-250	0	368	370	0	368	370	369M
8099	11886	1.730E-212	1.00	1.780E-212	0	315	317	0	315	317	316M
8100	11885	4.863E-225	1.00	4.968E-225	0	337	339	0	337	339	338M
8101	11884	2.217E-308	1.00	0.000E+00	0	851	853	0	851	853	852M
8102	11883	4.931E-153	1.00	4.735E-153	0	235	237	0	235	237	236M
8103	10186	2.229E-16	1.00	2.237E-16	0	33	35	0	33	35	34M
8104	10073	1.865E-241	1.00	1.950E-241	0	358	360	0	358	360	359M
8105	10072	1.260E-128	1.00	1.286E-128	0	191	193	0	191	193	192M
8106	10071	6.347E-212	1.00	6.281E-212	0	315	317	0	315	317	316M
8107	10070	6.918E-284	1.00	6.713E-284	0	430	432	0	430	432	431M
8108	10069	2.782E-241	1.00	2.706E-241	0	365	367	0	365	367	366M
8109	10068	1.282E-96	1.00	1.252E-96	0	141	143	0	141	143	142M
8110	10067	2.217E-308	1.00	0.000E+00	0	727	729	0	727	729	728M
8111	10066	6.038E-154	1.00	6.291E-154	0	239	241	0	239	241	240M
8112	10065	1.969E-146	1.00	1.920E-146	0	230	232	0	230	232	231M
8113	10064	2.217E-308	1.00	0.000E+00	0	512	514	0	512	514	513M
8114	10063	6.272E-130	1.00	6.514E-130	0	188	190	0	188	190	189M
8115	10062	1.935E-178	1.00	2.024E-178	0	280	282	0	280	282	281M
8116	10061	1.367E-28	1.00	1.373E-28	0	54	56	0	54	56	55M
8117	10060	2.217E-308	1.00	0.000E+00	0	721	723	0	721	723	722M
8118	10059	1.210E-151	1.00	1.218E-151	0	237	239	0	237	239	238M
8119	10058	5.407E-266	1.00	5.182E-266	0	381	383	0	381	383	382M
8120	10057	1.794E-226	1.00	1.785E-226	0	340	342	0	340	342	341M
8121	10056	8.576E-135	1.00	8.832E-135	0	211	213	0	211	213	212M
8122	10055	1.161E-135	1.00	1.119E-135	0	214	216	0	214	216	215M
8123	10054	6.353E-135	1.00	6.338E-135	0	204	206	0	204	206	205M
8124	10053	1.365E-159	1.00	1.326E-159	0	236	238	0	236	238	237M
8125	10052	8.151E-154	1.00	8.100E-154	0	231	233	0	231	233	232M
8126	10051	1.520E-162	1.00	1.580E-162	0	247	249	0	247	249	248M
8127	10050	1.699E-89	1.00	1.734E-89	0	135	137	0	135	137	136M
8128	10049	2.178E-69	1.00	2.092E-69	0	105	107	0	105	107	106M
8129	10048	2.419E-303	1.00	2.475E-303	0	450	452	0	450	452	451M
8130	10047	6.298E-209	1.00	6.230E-209	0	321	323	0	321	323	322M
8131	10046	1.055E-214	1.00	1.025E-214	0	326	328	0	326	328	327M
8132	10045	6.570E-264	1.00	6.511E-264	0	390	392	0	390	392	391M
8133	10044	2.799E-166	1.00	2.744E-166	0	264	266	0	264	266	265M
8134	10043	5.694E-170	1.00	5.785E-170	0	265	267	0	265	267	266M
8135	10042	3.824E-132	1.00	3.650E-132	0	205	207	0	205	207	206M
8136	10041	1.527E-125	1.00	1.505E-125	0	187	189	0	187	189	188M
8137	10040	8.487E-247	1.00	8.092E-247	0	376	378	0	376	378	377M
8138	10039	3.268E-226	1.00	3.157E-226	0	332	334	0	332	334	333M
8139	10038	2.217E-308	1.00	0.000E+00	0	944	946	0	944	946	945M
8140	10037	2.459E-116	1.00	2.418E-116	0	175	177	0	175	177	176M
8141	10036	1.450E-105	1.00	1.419E-105	0	159	161	0	159	161	160M
8142	10035	1.105E-116	1.00	1.136E-116	0	179	181	0	179	181	180M
8143	10034	2.390E-105	1.00	2.356E-105	0	163	165	0	163	165	164M
8144	9408	3.504E-17	1.00	3.501E-17	0	34	36	0	34	36	35M
8145	11923	1.783E-301	1.00	1.711E-301	0	487	489	0	487	489	488M
8146	11924	5.342E-184	1.00	5.423E-184	0	282	284	0	282	284	283M
8147	11925	2.606E-61	1.00	2.557E-61	0	98	100	0	98	100	99M
8148	11926	9.965E-77	1.00	9.908E-77	0	122	124	0	122	124	123M
8149	11927	6.469E-142	1.00	6.658E-142	0	211	213	0	211	213	212M
8150	11928	2.217E-308	1.00	0.000E+00	0	635	637	0	635	637	636M
8151	11929	1.014E-160	1.00	1.015E-160	0	235	237	0	235	237	236M
8152	11930	2.176E-146	1.00	2.179E-146	0	226	228	0	226	228	227M
8153	11931	2.958E-110	1.00	2.846E-110	0	177	179	0	177	179	178M
8154	11932	2.947E-186	1.00	2.804E-186	0	284	286	0	284	286	285M
8155	11933	1.733E-174	1.00	1.649E-174	0	257	259	0	257	259	258M
8156	11934	8.178E-194	1.00	8.406E-194	0	291	293	0	291	293	292M
8157	11935	8.695E-179	1.00	8.807E-179	0	269	271	0	269	271	270M
8158	11936	7.732E-33	1.00	7.767E-33	0	55	57	0	55	57	56M
8159	11937	7.099E-294	1.00	6.984E-294	0	437	439	0	437	439	438M
8160	11938	1.102E-115	1.00	1.116E-115	0	174	176	0	174	176	175M
8161	11939	6.107E-81	1.00	6.242E-81	0	131	133	0	131	133	132M
8162	11940	8.222E-80	1.00	8.414E-80	0	126	128	0	126	128	127M
8163	11941	2.217E-308	1.00	0.000E+00	0	558	560	0	558	560	559M
8164	11942	2.217E-308	1.00	0.000E+00	0	738	740	0	738	740	739M
8165	11943	3.174E-292	1.00	3.208E-292	0	438	440	0	438	440	439M
8166	11944	5.242E-138	1.00	5.010E-138	0	213	215	0	213	215	214M
8167	11945	4.801E-104	1.00	4.925E-104	0	154	156	0	154	156	155M
8168	11946	2.217E-308	1.00	0.000E+00	0	529	531	0	529	531	530M
8169	11947	6.337E-134	1.00	6.340E-134	0	206	208	0	206	208	207M
8170	11948	3.240E-300	1.00	3.229E-300	0	462	464	0	462	464	463M
8171	11949	2.128E-176	1.00	2.059E-176	0	251	253	0	251	253	252M
8172	11950	1.346E-231	1.00	1.311E-231	0	350	352	0	350	352	351M
8173	11951	2.688E-73	1.00	2.734E-73	0	116	118	0	116	118	117M
8174	11952	1.298E-101	1.00	1.301E-101	0	165	167	0	165	167	166M
8175	11953	2.217E-308	1.00	0.000E+00	0	791	793	0	791	793	792M
8176	11954	4.625E-283	1.00	4.768E-283	0	418	420	0	418	420	419M
8177	11955	2.258E-83	1.00	2.336E-83	0	133	135	0	133	135	134M
8178	11956	7.957E-106	1.00	7.917E-106	0	160	162	0	160	162	161M
8179	11957	2.782E-125	1.00	2.828E-125	0	187	189	0	187	189	188M
8180	11958	1.187E-105	1.00	1.139E-105	0	161	163	0	161	163	162M
8181	11959	4.266E-213	1.00	4.149E-213	0	331	333	0	331	333	332M
8182	11960	1.013E-121	1.00	9.664E-122	0	179	181	0	179	181	180M
8183	11961	1.085E-109	1.00	1.119E-109	0	166	168	0	166	168	167M
8184	11962	1.477E-267	1.00	1.480E-267	0	406	408	0	406	408	407M
8185	11963	5.292E-103	1.00	5.437E-103	0	158	160	0	158	160	159M
8186	11964	1.218E-231	1.00	1.218E-231	0	335	337	0	335	337	336M
8187	11965	2.217E-308	1.00	0.000E+00	0	540	542	0	540	542	541M
8188	11966	1.755E-179	1.00	1.737E-179	0	268	270	0	268	270	269M
8189	11967	9.436E-288	1.00	9.667E-288	0	443	445	0	443	445	444M
8190	11968	1.104E-77	1.00	1.086E-77	0	122	124	0	122	124	123M
8191	11969	1.579E-138	1.00	1.659E-138	0	223	225	0	223	225	224M
8192	11970	1.055E-98	1.00	1.020E-98	0	146	148	0	146	148	147M
8193	11971	8.969E-191	1.00	8.793E-191	0	278	280	0	278	280	279M
8194	11972	5.247E-177	1.00	5.305E-177	0	269	271	0	269	271	270M
8195	11973	8.480E-208	1.00	8.512E-208	0	323	325	0	323	325	324M
8196	11974	6.980E-94	1.00	6.916E-94	0	141	143	0	141	143	142M
8197	11975	6.028E-76	1.00	6.119E-76	0	127	129	0	127	129	128M
8198	11976	8.824E-146	1.00	9.000E-146	0	216	218	0	216	218	217M
8199	11977	5.685E-92	1.00	5.748E-92	0	141	143	0	141	143	142M
8200	11978	7.881E-141	1.00	8.048E-141	0	217	219	0	217	219	218M
8201	11979	2.217E-308	1.00	0.000E+00	0	645	647	0	645	647	646M
8202	11980	6.425E-178	1.00	6.204E-178	0	277	279	0	277	279	278M
8203	11981	7.149E-258	1.00	7.072E-258	0	384	386	0	384	386	385M
8204	11982	2.217E-308	1.00	0.000E+00	0	536	538	0	536	538	537M
8205	11983	1.348E-193	1.00	1.326E-193	0	294	296	0	294	296	295M
8206	11984	2.217E-308	1.00	0.000E+00	0	600	602	0	600	602	601M
8207	11985	6.967E-132	1.00	6.744E-132	0	198	200	0	198	200	199M
8208	11986	2.386E-259	1.00	2.426E-259	0	386	388	0	386	388	387M
8209	11987	4.575E-124	1.00	4.613E-124	0	186	188	0	186	188	187M
8210	11988	9.301E-89	1.00	9.053E-89	0	130	132	0	130	132	131M
8211	9626	2.065E-33	0.371	2.062E-33	0	198	208	1	199	206	199M
8212	11054	2.507E-46	0.371	2.437E-46	3	230	241	4	226	229	104M1I42M1I19M2I14M1D31M2I12M
8213	8658	4.820E-32	0.313	4.803E-32	29	299	321	20	279	296	7M2I84M1D8M1I10M1I25M1I41M7D4M2I7M18I13M5I4M2D3M9D35M
8214	9966	1.246E-31	0.343	1.249E-31	11	265	277	4	266	278	56M1D19M2I3M1D101M2D22M3D7M3D45M
8215	10758	1.199E-109	0.378	1.228E-109	24	495	517	15	489	503	118M1D210M1I4M4I9M7D9M1I21M1D95M
8218	9051	6.672E-34	0.275	6.655E-34	5	321	333	9	330	340	40M4D56M4D3M2D8M1I6M4I199M
8219	10373	3.010E-24	0.292	3.014E-24	6	183	186	10	181	191	25M6I147M
8222	12095	1.474E-38	1.00	1.478E-38	0	69	85	0	69	112	70M
8223	12094	6.069E-272	1.00	5.827E-272	0	425	427	0	425	427	426M
8224	12093	2.217E-308	1.00	0.000E+00	0	877	879	0	877	879	878M
8225	12092	3.971E-224	1.00	3.787E-224	0	340	342	0	340	342	341M
8226	12091	5.853E-258	1.00	5.938E-258	0	387	389	0	387	389	388M
8227	12090	1.760E-296	1.00	1.840E-296	0	438	440	0	438	440	439M
8228	12089	4.329E-64	1.00	4.491E-64	0	104	106	0	104	106	105M
8229	12088	1.135E-165	1.00	1.100E-165	0	260	262	0	260	262	261M
8230	12087	5.587E-240	1.00	5.351E-240	0	348	350	0	348	350	349M
8231	10186	2.229E-16	1.00	2.237E-16	0	33	35	0	33	35	34M
8232	12014	2.374E-141	1.00	2.268E-141	0	238	239	0	238	239	239M
8233	12015	5.710E-55	1.00	5.528E-55	0	86	88	0	86	88	87M
8234	12016	2.678E-149	1.00	2.764E-149	0	225	227	0	225	227	226M
8235	12017	4.776E-102	1.00	4.853E-102	0	151	153	0	151	153	152M
8236	12018	3.897E-62	1.00	3.837E-62	0	98	100	0	98	100	99M
8237	12019	2.409E-108	1.00	2.318E-108	0	170	172	0	170	172	171M
8238	12020	1.844E-198	1.00	1.827E-198	0	304	306	0	304	306	305M
8239	12021	2.159E-259	1.00	2.237E-259	0	391	393	0	391	393	392M
8240	12022	1.622E-71	1.00	1.661E-71	0	116	118	0	116	118	117M
8241	12023	1.653E-117	1.00	1.678E-117	0	172	174	0	172	174	173M
8242	12024	1.582E-42	1.00	1.580E-42	0	71	73	0	71	73	72M
8243	12025	2.852E-96	1.00	2.996E-96	0	146	148	0	146	148	147M
8244	12026	6.075E-79	1.00	6.025E-79	0	121	123	0	121	123	122M
8245	12027	1.384E-87	1.00	1.442E-87	0	135	137	0	135	137	136M
8246	12028	2.358E-61	1.00	2.318E-61	0	96	98	0	96	98	97M
8247	12029	1.489E-38	1.00	1.485E-38	0	64	66	0	64	66	65M
8248	12030	1.656E-79	1.00	1.703E-79	0	121	123	0	121	123	122M
8249	12031	2.702E-75	1.00	2.696E-75	0	125	127	0	125	127	126M
8250	12032	2.633E-65	1.00	2.550E-65	0	110	112	0	110	112	111M
8251	12033	1.272E-209	1.00	1.333E-209	0	315	317	0	315	317	316M
8252	12034	4.567E-162	1.00	4.383E-162	0	262	264	0	262	264	263M
8253	12035	3.207E-64	1.00	3.118E-64	0	103	105	0	103	105	104M
8254	12036	5.610E-25	1.00	5.583E-25	0	49	51	0	49	51	50M
8255	12037	6.197E-48	1.00	6.121E-48	0	75	77	0	75	77	76M
8256	12038	1.131E-241	1.00	1.154E-241	0	367	369	0	367	369	368M
8257	12039	1.304E-296	1.00	1.358E-296	0	445	447	0	445	447	446M
8258	12040	1.437E-295	1.00	1.502E-295	0	429	431	0	429	431	430M
8259	12041	6.514E-106	1.00	6.790E-106	0	170	172	0	170	172	171M
8260	12042	9.827E-149	1.00	9.887E-149	0	212	214	0	212	214	213M
8261	12043	9.470E-96	1.00	9.166E-96	0	143	145	0	143	145	144M
8262	12044	7.855E-101	1.00	7.923E-101	0	150	152	0	150	152	151M
8263	12057	2.217E-308	1.00	0.000E+00	0	564	566	0	564	566	565M
8264	12056	3.794E-245	1.00	3.977E-245	0	392	394	0	392	394	393M
8265	12055	2.270E-85	1.00	2.315E-85	0	129	131	0	129	131	130M
8266	12054	7.556E-86	1.00	7.567E-86	0	132	134	0	132	134	133M
8267	12053	1.881E-167	1.00	1.807E-167	0	280	282	0	280	282	281M
8268	12052	3.001E-309	1.00	2.882E-309	0	461	463	0	461	463	462M
8269	12051	4.086E-235	1.00	4.224E-235	0	360	362	0	360	362	361M
8270	12050	1.881E-283	1.00	1.916E-283	0	439	441	0	439	441	440M
8271	12049	1.455E-145	1.00	1.445E-145	0	226	228	0	226	228	227M
8272	12048	6.690E-271	1.00	6.844E-271	0	417	419	0	417	419	418M
8273	12047	2.792E-49	1.00	2.671E-49	0	82	84	0	82	84	83M
8274	12046	4.835E-68	1.00	4.818E-68	0	111	113	0	111	113	112M
8275	12045	3.655E-308	1.00	3.527E-308	0	481	483	0	481	483	482M
8276	9408	3.504E-17	1.00	3.501E-17	0	34	36	0	34	36	35M
8277	12070	2.217E-308	1.00	0.000E+00	0	597	599	0	597	599	598M
8278	12069	1.492E-116	1.00	1.535E-116	0	192	194	0	192	194	193M
8279	12068	8.754E-259	1.00	8.557E-259	0	386	388	0	386	388	387M
8280	12067	2.217E-308	1.00	0.000E+00	0	499	501	0	499	501	500M
8281	12066	3.785E-43	1.00	3.771E-43	0	74	76	0	74	76	75M
8282	12065	4.582E-202	1.00	4.654E-202	0	309	311	0	309	311	310M
8283	12064	1.760E-64	1.00	1.740E-64	0	104	106	0	104	106	105M
8284	12063	1.342E-75	1.00	1.335E-75	0	117	119	0	117	119	118M
8285	12062	8.430E-51	1.00	8.066E-51	0	88	90	0	88	90	89M
8286	12061	1.368E-160	1.00	1.391E-160	0	235	237	0	235	237	236M
8287	12060	2.217E-308	1.00	0.000E+00	0	635	637	0	635	637	636M
8288	12059	5.671E-33	1.00	5.656E-33	0	55	57	0	55	57	56M
8289	10186	2.229E-16	1.00	2.237E-16	0	33	35	0	33	35	34M
8290	12107	1.220E-193	1.00	1.168E-193	0	298	300	0	298	300	299M
8291	12106	7.162E-220	1.00	6.993E-220	0	321	323	0	321	323	322M
8292	12105	1.465E-109	1.00	1.490E-109	0	172	174	0	172	174	173M
8293	12104	1.186E-182	1.00	1.138E-182	0	273	275	0	273	275	274M
8294	12103	3.723E-83	1.00	3.898E-83	0	124	126	0	124	126	125M
8295	12102	7.575E-87	1.00	7.857E-87	0	144	146	0	144	146	145M
8296	12101	2.816E-91	1.00	2.924E-91	0	142	144	0	142	144	143M
8297	12100	2.217E-308	1.00	0.000E+00	0	495	497	0	495	497	496M
8298	12099	9.938E-192	1.00	9.986E-192	0	272	274	0	272	274	273M
8299	12098	4.454E-191	1.00	4.497E-191	0	304	306	0	304	306	305M
8300	12097	2.217E-308	1.00	0.000E+00	0	872	874	0	872	874	873M
8301	10186	2.229E-16	1.00	2.237E-16	0	33	35	0	33	35	34M
8302	9647	4.208E-22	1.00	4.187E-22	0	41	44	473	514	549	42M
8303	12084	4.219E-54	0.989	4.085E-54	0	93	103	0	93	128	94M
8304	12083	2.352E-60	1.00	2.387E-60	0	92	94	0	92	94	93M
8305	12082	8.636E-99	1.00	8.363E-99	0	155	157	0	155	157	156M
8306	12081	1.126E-46	1.00	1.091E-46	0	82	84	0	82	84	83M
8307	12080	2.650E-261	1.00	2.558E-261	0	410	412	0	410	412	411M
8308	12079	2.217E-308	1.00	0.000E+00	0	755	757	0	755	757	756M
8309	12078	2.725E-117	1.00	2.836E-117	0	183	185	0	183	185	184M
8310	12077	1.502E-80	1.00	1.500E-80	0	123	125	0	123	125	124M
8311	12076	1.069E-103	1.00	1.090E-103	0	164	166	0	164	166	165M
8312	12075	1.228E-118	1.00	1.268E-118	0	184	186	0	184	186	185M
8313	12074	2.193E-149	1.00	2.114E-149	0	226	228	0	226	228	227M
8314	12073	6.974E-55	1.00	6.867E-55	0	84	86	0	84	86	85M
8315	9408	3.504E-17	1.00	3.501E-17	0	34	36	0	34	36	35M
8316	8775	5.401E-18	1.00	5.412E-18	0	29	31	0	29	31	30M
8317	8774	7.679E-247	1.00	7.995E-247	0	369	371	0	369	371	370M
8318	8773	1.351E-155	1.00	1.321E-155	0	244	246	0	244	246	245M
8319	8772	2.877E-138	1.00	2.931E-138	0	215	217	0	215	217	216M
8320	8771	1.560E-172	1.00	1.620E-172	0	254	256	0	254	256	255M
8321	8770	2.217E-308	1.00	0.000E+00	0	1164	1166	0	1164	1166	1165M
8322	8769	3.563E-66	1.00	3.647E-66	0	109	111	0	109	111	110M
8323	8768	1.550E-247	0.985	1.603E-247	0	405	411	0	405	572	406M
8324	12111	1.925E-60	1.00	1.921E-60	0	94	96	0	94	96	95M
8325	12110	1.593E-64	1.00	1.657E-64	0	103	105	0	103	105	104M
8326	12109	2.217E-308	1.00	0.000E+00	0	802	804	0	802	804	803M
8327	12117	2.001E-75	1.00	2.003E-75	29	152	154	0	123	125	124M
8328	12116	1.104E-77	1.00	1.086E-77	0	122	124	0	122	124	123M
8329	12115	1.394E-206	1.00	1.368E-206	0	315	317	0	315	317	316M
8330	12114	7.407E-117	1.00	7.429E-117	0	190	192	0	190	192	191M
8331	12113	2.159E-23	1.00	2.157E-23	0	46	48	0	46	48	47M
8332	12112	4.901E-112	1.00	4.849E-112	0	171	173	0	171	173	172M
8334	12124	3.392E-47	1.00	3.232E-47	0	83	85	13	96	98	84M
8335	12125	1.419E-58	0.989	1.386E-58	0	91	93	0	91	93	92M
8336	12126	2.289E-38	1.00	2.283E-38	0	60	62	0	60	62	61M
8337	12127	3.077E-48	1.00	3.040E-48	0	80	82	0	80	82	81M
8338	12128	5.113E-51	1.00	5.163E-51	0	79	81	0	79	81	80M
8339	12129	3.368E-199	1.00	3.343E-199	0	288	290	0	288	290	289M
8340	12118	3.340E-41	1.00	3.336E-41	0	75	77	0	75	77	76M
8341	12119	8.379E-126	1.00	8.151E-126	0	194	196	0	194	196	195M
8342	12120	2.801E-89	1.00	2.687E-89	0	131	133	0	131	133	132M
8343	12121	9.845E-111	1.00	9.398E-111	0	167	169	0	167	169	168M
8344	12122	3.343E-80	1.00	3.185E-80	0	119	121	0	119	121	120M
8345	12123	4.551E-238	1.00	4.526E-238	0	363	364	0	363	364	364M
8346	12132	1.664E-81	1.00	1.603E-81	0	129	131	0	129	131	130M
8347	12131	4.780E-141	1.00	4.633E-141	0	212	214	0	212	214	213M
8348	12130	2.632E-181	1.00	2.540E-181	0	272	274	0	272	274	273M
8350	12135	5.113E-51	1.00	4.964E-51	0	91	93	0	91	93	92M
8351	12134	6.854E-87	1.00	6.664E-87	0	134	136	0	134	136	135M
8352	12133	1.518E-84	1.00	1.574E-84	0	136	138	148	284	286	137M
8353	12137	2.217E-308	1.00	0.000E+00	0	814	815	0	814	815	815M
8354	12138	4.551E-122	0.994	4.672E-122	0	178	179	0	178	335	179M
8355	12139	1.267E-53	0.989	1.219E-53	0	91	93	0	91	93	92M
8356	12138	3.012E-117	0.994	2.922E-117	0	177	179	156	333	335	178M
8357	12140	8.171E-271	1.00	8.349E-271	0	401	403	0	401	403	402M
8358	12141	1.351E-271	1.00	1.380E-271	0	431	432	0	431	432	432M
8359	12142	1.485E-269	1.00	1.555E-269	0	431	432	0	431	432	432M
8360	12145	2.884E-255	1.00	2.914E-255	0	379	380	0	379	380	380M
8361	12147	5.091E-88	1.00	5.329E-88	0	135	136	0	135	136	136M
8362	12146	3.650E-114	1.00	3.591E-114	0	174	176	0	174	176	175M
8363	9579	5.925E-108	0.602	6.186E-108	9	334	335	6	362	2338	21M2D12M9D3M7D39M4D9M1I24M2D83M6D5M2I94M6D9M2I22M
8364	12085	5.940E-109	1.00	5.684E-109	0	167	169	0	167	169	168M
8365	12084	4.591E-48	1.00	4.690E-48	0	76	78	50	126	128	77M
8366	12148	4.132E-162	0.995	3.941E-162	0	233	235	0	233	235	234M
8372	11022	5.578E-46	0.527	5.642E-46	6	197	198	278	491	739	11M2D63M1I28M8D13M1I6M4D5M4D6M1D12M1D25M2D12M2D9M
8374	12156	2.428E-111	1.00	2.391E-111	0	179	180	0	179	180	180M
8375	11713	1.255E-88	0.769	1.211E-88	0	177	178	356	533	823	178M
8376	12158	3.232E-67	1.00	3.357E-67	0	100	101	0	100	118	101M
8379	11103	1.788E-43	0.503	1.788E-43	0	154	155	182	345	378	69M3D4M1D42M2D4M1D17M1I6M3D12M
8380	9113	7.368E-26	0.377	7.333E-26	0	142	153	314	451	533	24M3I3M2I111M
8381	8787	7.766E-27	0.450	7.801E-27	0	101	107	123	224	226	102M
8382	12152	5.704E-43	0.961	5.719E-43	0	77	78	85	162	210	78M
8388	12175	2.258E-83	1.00	2.336E-83	0	134	135	0	134	135	135M
8390	8595	8.695E-32	0.492	8.724E-32	0	127	128	185	311	690	25M1I102M
8394	10387	4.212E-34	0.950	4.214E-34	0	60	62	210	270	272	61M
8395	10386	2.219E-22	0.953	2.218E-22	0	42	44	155	197	199	43M
8396	11188	6.950E-15	0.357	6.978E-15	0	122	123	192	312	342	44M1I12M1I65M
8399	9168	1.734E-35	0.626	1.734E-35	0	120	121	110	231	329	46M1D7M1D35M1I32M
8405	8848	4.489E-20	0.373	4.497E-20	2	115	116	210	324	491	32M1D82M
8410	12148	1.062E-62	0.787	1.085E-62	0	112	113	64	176	235	113M
8412	9263	1.227E-25	0.433	1.223E-25	6	111	112	33	138	251	106M
8415	10145	1.016E-45	0.645	9.907E-46	0	109	110	172	281	523	110M
8417	10779	1.014E-21	0.635	1.016E-21	0	73	74	0	73	89	74M
8418	11716	3.158E-27	0.416	3.158E-27	0	106	108	134	241	466	14M1D93M
8424	8848	1.876E-19	0.420	1.883E-19	5	104	105	92	190	491	36M1I63M
8426	10901	5.717E-40	0.650	5.733E-40	3	102	103	538	637	908	100M
8431	10444	3.559E-23	0.671	3.566E-23	0	59	64	139	202	204	24M4D36M
8432	9226	1.163E-12	0.657	1.166E-12	5	39	40	7	41	443	35M
8438	8699	1.124E-22	0.613	1.122E-22	6	80	81	7	81	783	75M
8444	10925	4.426E-30	1.00	4.441E-30	0	49	51	436	485	487	50M
8448	9734	3.667E-23	0.500	3.679E-23	0	97	98	1000	1096	1363	13M1I84M
8452	9353	1.468E-17	0.473	1.473E-17	4	95	96	102	196	239	50M1D32M2D10M
8454	9010	1.562E-14	0.357	1.570E-14	7	90	96	236	319	473	84M
8467	11982	1.394E-51	0.967	1.401E-51	0	92	93	81	173	538	93M
8468	9579	6.920E-52	0.967	6.745E-52	0	90	91	17	107	2338	91M
8469	12150	6.796E-45	0.987	6.802E-45	0	77	78	138	215	230	78M
8470	12244	8.344E-47	1.00	8.094E-47	0	77	78	0	77	78	78M
8471	12245	2.500E-45	1.00	2.503E-45	0	76	77	0	76	77	77M
8472	12246	8.301E-45	1.00	8.034E-45	0	74	75	0	74	75	75M
8473	12150	2.756E-44	1.00	2.711E-44	0	73	74	138	211	230	74M
8474	12247	6.118E-43	1.00	6.113E-43	0	72	73	0	72	73	73M
8475	12170	2.395E-40	1.00	2.384E-40	0	71	72	62	133	138	72M
8476	12248	4.419E-41	1.00	4.425E-41	0	69	70	0	69	70	70M
8477	9579	3.727E-37	1.00	3.711E-37	0	66	67	17	83	2338	67M
8478	12243	9.957E-38	1.00	9.935E-38	0	65	66	0	65	80	66M
8479	12242	4.212E-34	1.00	4.214E-34	0	61	62	2	63	86	62M
8480	12250	2.665E-31	1.00	2.675E-31	0	57	58	0	57	67	58M
8481	12255	2.753E-32	1.00	2.761E-32	0	56	57	0	56	57	57M
8482	12243	5.741E-30	1.00	5.754E-30	0	55	56	24	79	80	56M
8483	12256	2.491E-32	1.00	2.490E-32	0	54	55	0	54	55	55M
8484	12256	2.491E-32	1.00	2.490E-32	0	54	55	0	54	55	55M
8485	12258	2.491E-32	1.00	2.490E-32	0	54	55	0	54	55	55M
8486	12251	5.194E-30	1.00	5.190E-30	0	53	54	0	53	64	54M
8487	12170	3.669E-27	1.00	3.662E-27	0	51	52	20	71	138	52M
8488	12260	6.960E-31	1.00	6.976E-31	0	51	52	0	51	52	52M
8489	12260	6.960E-31	1.00	6.976E-31	0	51	52	0	51	52	52M
8490	12264	3.230E-28	1.00	3.223E-28	0	47	48	0	47	48	48M
8491	12267	1.711E-26	1.00	1.704E-26	0	44	45	0	44	45	45M
 